4001,@PHEBIE-f7h,2 days ago,Happy viewing po mga kapatid / ENJOY WATCHING! / Journey to 48k views / LET'S GO BENGUET! /  / ❤❤BUKLOD OF ATOKGOLD❤❤,https://www.youtube.com/watch?v=ROa3kbG5M0U&lc=UgyIwZvBVu3n6KDGfsZ4AaABAg,UgyIwZvBVu3n6KDGfsZ4AaABAg,UCNkJMMXP19AJSsNov8Fp3Ag,"Fetched 05/24/2026, 8:08:10 PM GMT+8"
4002,@joymaylee-e9o,2 days ago,happy / watching po / God's  / Love / Go Benguet!!! / #lokal ng atok gold#,https://www.youtube.com/watch?v=ROa3kbG5M0U&lc=UgybwRS3gLs9dYYi28l4AaABAg,UgybwRS3gLs9dYYi28l4AaABAg,UCVNaOxPbc9ZEHqlMp6TAgMA,"Fetched 05/24/2026, 8:08:10 PM GMT+8"
4003,@PHEBIE-f7h,2 days ago,"The message of the song God's Love resonates with my whole family. Together, we watch and listen to show our support here in AtokGold Locale, kapisanan ng Buklod.",https://www.youtube.com/watch?v=ROa3kbG5M0U&lc=Ugw0eb138kuV9xuxf294AaABAg,Ugw0eb138kuV9xuxf294AaABAg,UCNkJMMXP19AJSsNov8Fp3Ag,"Fetched 05/24/2026, 8:08:10 PM GMT+8"
4004,@joymaylee-e9o,2 days ago,happy / watching po / God's  / Love / Go Benguet!!! / #lokal ng atok gold#,https://www.youtube.com/watch?v=ROa3kbG5M0U&lc=UgwSLTnYad1Bs1MNuf94AaABAg,UgwSLTnYad1Bs1MNuf94AaABAg,UCVNaOxPbc9ZEHqlMp6TAgMA,"Fetched 05/24/2026, 8:08:10 PM GMT+8"
4005,@PHEBIE-f7h,2 days ago,On track for 48k views. / Let's go Benguet! /  /  /  / ❤ATOKGOLD BUKLOD❤,https://www.youtube.com/watch?v=ROa3kbG5M0U&lc=UgxjBrcWanx_JEvyyf54AaABAg,UgxjBrcWanx_JEvyyf54AaABAg,UCNkJMMXP19AJSsNov8Fp3Ag,"Fetched 05/24/2026, 8:08:10 PM GMT+8"
4006,@joymaylee-e9o,2 days ago,hello everyone po / ☺😊😇 / shout out po sambahayan  / ni Tita Jeanie Tugad / Lokal ng Atok Gold,https://www.youtube.com/watch?v=ROa3kbG5M0U&lc=Ugwr7Wx_DzfrGSRrVvB4AaABAg,Ugwr7Wx_DzfrGSRrVvB4AaABAg,UCVNaOxPbc9ZEHqlMp6TAgMA,"Fetched 05/24/2026, 8:08:10 PM GMT+8"
4007,@PHEBIE-f7h,2 days ago,Magandang gabi po sa lahat ng nanonood. / Listening to this envigorating song from Benguet District / ❤❤❤Buklod of AtokGold❤❤❤,https://www.youtube.com/watch?v=ROa3kbG5M0U&lc=UgyZL088hp0dooW2Iy14AaABAg,UgyZL088hp0dooW2Iy14AaABAg,UCNkJMMXP19AJSsNov8Fp3Ag,"Fetched 05/24/2026, 8:08:10 PM GMT+8"
4008,@joymaylee-e9o,2 days ago,hello everyone / always online / supporting our / God's Love / 💚🤍❤ / Lokal ng atok gold,https://www.youtube.com/watch?v=ROa3kbG5M0U&lc=UgxwFMI-mwBPjSvWy1p4AaABAg,UgxwFMI-mwBPjSvWy1p4AaABAg,UCVNaOxPbc9ZEHqlMp6TAgMA,"Fetched 05/24/2026, 8:08:10 PM GMT+8"
4009,@PHEBIE-f7h,2 days ago,"In our Lord God's great POWER, you must BELIEVE!! /  /  /  / BUKLOD OF ATOKGOLD",https://www.youtube.com/watch?v=ROa3kbG5M0U&lc=UgwTORX8pYw_uRovhjp4AaABAg,UgwTORX8pYw_uRovhjp4AaABAg,UCNkJMMXP19AJSsNov8Fp3Ag,"Fetched 05/24/2026, 8:08:10 PM GMT+8"
4010,@PHEBIE-f7h,2 days ago,Magandang gabi po / Sa ating lahat / Shout out po sa lahat / Ng mga kapatid at maytungkulin / Mula po sa Lokal ng Atok Gold,https://www.youtube.com/watch?v=ROa3kbG5M0U&lc=UgyGGdUq6ZpUc98Q-gl4AaABAg,UgyGGdUq6ZpUc98Q-gl4AaABAg,UCNkJMMXP19AJSsNov8Fp3Ag,"Fetched 05/24/2026, 8:08:10 PM GMT+8"
4011,@joymaylee-e9o,2 days ago,❤God’s Love / It’s His / Precious Gift / To Us❤ / Lokal ng Atok Gold,https://www.youtube.com/watch?v=ROa3kbG5M0U&lc=Ugw2_58TlTBM_GaMxwt4AaABAg,Ugw2_58TlTBM_GaMxwt4AaABAg,UCVNaOxPbc9ZEHqlMp6TAgMA,"Fetched 05/24/2026, 8:08:10 PM GMT+8"
4012,@PHEBIE-f7h,2 days ago,Happy watching to all / GOD'S LOVE  / Let's watch together / 😊Locale of Atok Gold,https://www.youtube.com/watch?v=ROa3kbG5M0U&lc=UgzlXzNVOJ9_bHR-d3x4AaABAg,UgzlXzNVOJ9_bHR-d3x4AaABAg,UCNkJMMXP19AJSsNov8Fp3Ag,"Fetched 05/24/2026, 8:08:10 PM GMT+8"
4013,@joymaylee-e9o,2 days ago,Masayang gabi po / 🎉INCMV😊 / Distrito.ng Benguet / TOP1 / ❤❤❤❤ / Lokal ng Atok Gold,https://www.youtube.com/watch?v=ROa3kbG5M0U&lc=UgwOVvR2vAuk_3Qx20F4AaABAg,UgwOVvR2vAuk_3Qx20F4AaABAg,UCVNaOxPbc9ZEHqlMp6TAgMA,"Fetched 05/24/2026, 8:08:10 PM GMT+8"
4014,@PHEBIE-f7h,2 days ago,Ating pong panoorin / INCMV entry natin / Pakikiisa.makita sa atin / Atin itong tangkilikin / ❤Lokal ng Atok Gold❤,https://www.youtube.com/watch?v=ROa3kbG5M0U&lc=UgwXAK01aX6QcoyKc5J4AaABAg,UgwXAK01aX6QcoyKc5J4AaABAg,UCNkJMMXP19AJSsNov8Fp3Ag,"Fetched 05/24/2026, 8:08:10 PM GMT+8"
4015,@PHEBIE-f7h,2 days ago,Good evening po / Happy viewing to all po / Lokal ng Atok Gold,https://www.youtube.com/watch?v=ROa3kbG5M0U&lc=UgwWIAW26XWFsJ5K92Z4AaABAg,UgwWIAW26XWFsJ5K92Z4AaABAg,UCNkJMMXP19AJSsNov8Fp3Ag,"Fetched 05/24/2026, 8:08:10 PM GMT+8"
4016,@joymaylee-e9o,2 days ago,😊It’s through His / L❤VE / That you are Now  / Who You Are😊 / Lokal ng Atok Gold,https://www.youtube.com/watch?v=ROa3kbG5M0U&lc=UgwQtmkmJbHnfbVXdAN4AaABAg,UgwQtmkmJbHnfbVXdAN4AaABAg,UCVNaOxPbc9ZEHqlMp6TAgMA,"Fetched 05/24/2026, 8:08:10 PM GMT+8"
4017,@PHEBIE-f7h,2 days ago,INCMV / Ating panoorin / Pakikiisa makita po sa atin / lokal ng Atok Gold,https://www.youtube.com/watch?v=ROa3kbG5M0U&lc=UgzIZghSaC7YbltxaA94AaABAg,UgzIZghSaC7YbltxaA94AaABAg,UCNkJMMXP19AJSsNov8Fp3Ag,"Fetched 05/24/2026, 8:08:10 PM GMT+8"
4018,@joymaylee-e9o,2 days ago,God's  LOVE / His /        wondrous. /                 L❤VE / 😊😊🎉🎉🎉😊😊 / Lokal ng Atok Gold,https://www.youtube.com/watch?v=ROa3kbG5M0U&lc=UgzsWDyHwGStvoHBWzZ4AaABAg,UgzsWDyHwGStvoHBWzZ4AaABAg,UCVNaOxPbc9ZEHqlMp6TAgMA,"Fetched 05/24/2026, 8:08:10 PM GMT+8"
4019,@joymaylee-e9o,2 days ago,It’s through / His L❤VE / That your days / Are Bright as / The Sun☀ / Lokal ng Atok Gold,https://www.youtube.com/watch?v=ROa3kbG5M0U&lc=Ugy-02Mosqj4XhmzQvR4AaABAg,Ugy-02Mosqj4XhmzQvR4AaABAg,UCVNaOxPbc9ZEHqlMp6TAgMA,"Fetched 05/24/2026, 8:08:10 PM GMT+8"
4020,@PHEBIE-f7h,2 days ago,Happy viewing to all / ❤Lokal ng Atok Gold❤,https://www.youtube.com/watch?v=ROa3kbG5M0U&lc=UgyP-oMCFPNFReWwZeR4AaABAg,UgyP-oMCFPNFReWwZeR4AaABAg,UCNkJMMXP19AJSsNov8Fp3Ag,"Fetched 05/24/2026, 8:08:10 PM GMT+8"
4021,@joymaylee-e9o,2 days ago,It’s through / His L❤VE / That your days / Are Bright as / The Sun☀ / Lokal ng Atok Gold,https://www.youtube.com/watch?v=ROa3kbG5M0U&lc=UgwYriEKs3T1DwwdWz94AaABAg,UgwYriEKs3T1DwwdWz94AaABAg,UCVNaOxPbc9ZEHqlMp6TAgMA,"Fetched 05/24/2026, 8:08:10 PM GMT+8"
4022,@PHEBIE-f7h,2 days ago,Good evening po / Masayang panonood po mga kapatid / ❤❤❤ / LOKAL NG ATOK GOLD,https://www.youtube.com/watch?v=ROa3kbG5M0U&lc=UgzVaVZUq3b-V2Q2yQx4AaABAg,UgzVaVZUq3b-V2Q2yQx4AaABAg,UCNkJMMXP19AJSsNov8Fp3Ag,"Fetched 05/24/2026, 8:08:10 PM GMT+8"
4023,@joymaylee-e9o,2 days ago,"Let God / set you Free / and you'll find out / exactly where / you're meant to be"" / ❤lokal ng atok gold❤",https://www.youtube.com/watch?v=ROa3kbG5M0U&lc=UgyLXXTnQK-KInlBXPZ4AaABAg,UgyLXXTnQK-KInlBXPZ4AaABAg,UCVNaOxPbc9ZEHqlMp6TAgMA,"Fetched 05/24/2026, 8:08:10 PM GMT+8"
4024,@PHEBIE-f7h,2 days ago,Happy viewing po mga kapatid / ❤❤❤ / Lokal ng Atok Gold,https://www.youtube.com/watch?v=ROa3kbG5M0U&lc=UgwC_OaaYlBk9AQaM-R4AaABAg,UgwC_OaaYlBk9AQaM-R4AaABAg,UCNkJMMXP19AJSsNov8Fp3Ag,"Fetched 05/24/2026, 8:08:10 PM GMT+8"
4025,@joymaylee-e9o,2 days ago,☀☀a new  / Day.brings / HOPE / For a change / In the weather🌦☀ / Lokal ng atok gold,https://www.youtube.com/watch?v=ROa3kbG5M0U&lc=UgxD204H1WSkgjlID1t4AaABAg,UgxD204H1WSkgjlID1t4AaABAg,UCVNaOxPbc9ZEHqlMp6TAgMA,"Fetched 05/24/2026, 8:08:10 PM GMT+8"
4026,@joymaylee-e9o,2 days ago,😊 I / know / But I swear / It gets better…. / 😊lokal ng atok gold😊,https://www.youtube.com/watch?v=ROa3kbG5M0U&lc=UgxtQE-0Wm_M-2rbum94AaABAg,UgxtQE-0Wm_M-2rbum94AaABAg,UCVNaOxPbc9ZEHqlMp6TAgMA,"Fetched 05/24/2026, 8:08:10 PM GMT+8"
4027,@joymaylee-e9o,2 days ago,..and when / LIFE / Brings you / To you knees… / 😢😢😢 / Lokal ng atok gold,https://www.youtube.com/watch?v=ROa3kbG5M0U&lc=UgyFLCgsgcCaQfGDBF54AaABAg,UgyFLCgsgcCaQfGDBF54AaABAg,UCVNaOxPbc9ZEHqlMp6TAgMA,"Fetched 05/24/2026, 8:08:10 PM GMT+8"
4028,@joymaylee-e9o,2 days ago,❤Hold on / to your / Faith❤ / 😇😇😇 / 🇮🇹🇮🇹🇮🇹 / lokal ng atok gold,https://www.youtube.com/watch?v=ROa3kbG5M0U&lc=Ugw_VDWYUafiMQKynA94AaABAg,Ugw_VDWYUafiMQKynA94AaABAg,UCVNaOxPbc9ZEHqlMp6TAgMA,"Fetched 05/24/2026, 8:08:10 PM GMT+8"
4029,@joymaylee-e9o,2 days ago,hello everyone / always online / supporting our / God's Love / 💚🤍❤ / Lokal ng atok gold,https://www.youtube.com/watch?v=ROa3kbG5M0U&lc=Ugy-kokf7-MNyLd1fzl4AaABAg,Ugy-kokf7-MNyLd1fzl4AaABAg,UCVNaOxPbc9ZEHqlMp6TAgMA,"Fetched 05/24/2026, 8:08:10 PM GMT+8"
4030,@gwynethcayabyab5981,2 days ago,Happy viewing po sa lahat❤ /  / Lets go benguet / Lets go kadiwa,https://www.youtube.com/watch?v=ROa3kbG5M0U&lc=UgwOSt6v_CUL1wsCexd4AaABAg,UgwOSt6v_CUL1wsCexd4AaABAg,UCouodNvhL1bfJC2Fz0B_Rcw,"Fetched 05/24/2026, 8:08:10 PM GMT+8"
4031,@lydiabua-eg1233,2 days ago,Video on loop para tuloy tuloy din po ang kasiyahan😊 / Hello po mga kabagis👋😀 / From Lokal ng Philex Mines,https://www.youtube.com/watch?v=ROa3kbG5M0U&lc=UgxDcrgbz9RymGw_GWd4AaABAg,UgxDcrgbz9RymGw_GWd4AaABAg,UCB1afZf40uVMhqvAiuBqvJQ,"Fetched 05/24/2026, 8:08:10 PM GMT+8"
4032,@Ailynnailz,2 days ago,Happy viewing po mula sa lokal ng SAYATAN ❤❤❤,https://www.youtube.com/watch?v=ROa3kbG5M0U&lc=UgyDvJz13gFO-e0VhTF4AaABAg,UgyDvJz13gFO-e0VhTF4AaABAg,UCX2343qCA4VPPxfBPWSCxtw,"Fetched 05/24/2026, 8:08:10 PM GMT+8"
4033,@GrazelleAnneMagno,2 days ago,Go mga kapatid  / Go Benguet / #Sayatan,https://www.youtube.com/watch?v=ROa3kbG5M0U&lc=UgxCUuKOH2akAA5SKoB4AaABAg,UgxCUuKOH2akAA5SKoB4AaABAg,UCunYGlUE4hQyPFaxtdKYIbw,"Fetched 05/24/2026, 8:08:10 PM GMT+8"
4034,@janemendoza1372,2 days ago,Happy viewing po fr. Lokal ng Baguio City,https://www.youtube.com/watch?v=ROa3kbG5M0U&lc=UgzGEWn8_yxG_14VcJx4AaABAg,UgzGEWn8_yxG_14VcJx4AaABAg,UC9s8J8XMcHsDsVMR4as530g,"Fetched 05/24/2026, 8:08:10 PM GMT+8"
4035,@luibustamante9493,2 days ago,"God’s Love’ hits differently, especially after a long day. Not just music, but a reminder of faith, hope, and comfort. Benguet really delivered something heartfelt here. 🙌 /  / -Lokal ng Tuba, Kadiwa MT",https://www.youtube.com/watch?v=ROa3kbG5M0U&lc=UgxmsVuyX4jHjKiCCmt4AaABAg,UgxmsVuyX4jHjKiCCmt4AaABAg,UCFAmrhDmv6rvZrQoYp-IS9w,"Fetched 05/24/2026, 8:08:10 PM GMT+8"
4036,@royfritz2614,2 days ago,push pa po mga kakabsat! 😀😘 #BENGUET #GIBRALTAR,https://www.youtube.com/watch?v=ROa3kbG5M0U&lc=UgyK1PD9UR1MWJpWtmd4AaABAg,UgyK1PD9UR1MWJpWtmd4AaABAg,UCKx5s7zLGT6I3I3BYBTIQSg,"Fetched 05/24/2026, 8:08:10 PM GMT+8"
4037,@royfritz2614,2 days ago,push pa po mga kakabsat! 😀😘 #BENGUET #GIBRALTAR,https://www.youtube.com/watch?v=ROa3kbG5M0U&lc=UgzUpq_I-NNhTdZUW1B4AaABAg,UgzUpq_I-NNhTdZUW1B4AaABAg,UCKx5s7zLGT6I3I3BYBTIQSg,"Fetched 05/24/2026, 8:08:10 PM GMT+8"
4038,@royfritz2614,2 days ago,push pa po mga kakabsat! 😀😘 #BENGUET #GIBRALTAR,https://www.youtube.com/watch?v=ROa3kbG5M0U&lc=UgxyiZbuFYs3TjFNZD54AaABAg,UgxyiZbuFYs3TjFNZD54AaABAg,UCKx5s7zLGT6I3I3BYBTIQSg,"Fetched 05/24/2026, 8:08:10 PM GMT+8"
4039,@royfritz2614,2 days ago,push pa po mga kakabsat! 😀😘 #BENGUET #GIBRALTAR,https://www.youtube.com/watch?v=ROa3kbG5M0U&lc=UgwpRLuduvZtvpvwdTV4AaABAg,UgwpRLuduvZtvpvwdTV4AaABAg,UCKx5s7zLGT6I3I3BYBTIQSg,"Fetched 05/24/2026, 8:08:10 PM GMT+8"
4040,@royfritz2614,2 days ago,push pa po mga kakabsat! 😀😘 #BENGUET #GIBRALTAR,https://www.youtube.com/watch?v=ROa3kbG5M0U&lc=UgyHc0QpYfAAKa5q3Cp4AaABAg,UgyHc0QpYfAAKa5q3Cp4AaABAg,UCKx5s7zLGT6I3I3BYBTIQSg,"Fetched 05/24/2026, 8:08:10 PM GMT+8"
4041,@royfritz2614,2 days ago,push pa po mga kakabsat! 😀😘 #BENGUET #GIBRALTAR,https://www.youtube.com/watch?v=ROa3kbG5M0U&lc=UgxiIOr43SLxZdMBesZ4AaABAg,UgxiIOr43SLxZdMBesZ4AaABAg,UCKx5s7zLGT6I3I3BYBTIQSg,"Fetched 05/24/2026, 8:08:10 PM GMT+8"
4042,@royfritz2614,2 days ago,push pa po mga kakabsat! 😀😘 #BENGUET #GIBRALTAR,https://www.youtube.com/watch?v=ROa3kbG5M0U&lc=Ugx8KM-z8xYpPdAmH7Z4AaABAg,Ugx8KM-z8xYpPdAmH7Z4AaABAg,UCKx5s7zLGT6I3I3BYBTIQSg,"Fetched 05/24/2026, 8:08:10 PM GMT+8"
4043,@royfritz2614,2 days ago,push pa po mga kakabsat! 😀😘 #BENGUET #GIBRALTAR,https://www.youtube.com/watch?v=ROa3kbG5M0U&lc=UgybDV-CU6GawfS18394AaABAg,UgybDV-CU6GawfS18394AaABAg,UCKx5s7zLGT6I3I3BYBTIQSg,"Fetched 05/24/2026, 8:08:10 PM GMT+8"
4044,@royfritz2614,2 days ago,push pa po mga kakabsat! 😀😘 #BENGUET #GIBRALTAR,https://www.youtube.com/watch?v=ROa3kbG5M0U&lc=Ugx4camG6Bq3vbkyxld4AaABAg,Ugx4camG6Bq3vbkyxld4AaABAg,UCKx5s7zLGT6I3I3BYBTIQSg,"Fetched 05/24/2026, 8:08:10 PM GMT+8"
4045,@Julskie28,2 days ago,Full support parin ang kapisanang kadiwa sa pakikipag ka-isa! /  / Happy viewing po muli sa ating lahat! /  / Let's Go Benguet ❤ / Lokal ng Guisad❤,https://www.youtube.com/watch?v=ROa3kbG5M0U&lc=Ugz2U4u5pzu39bjP3Ap4AaABAg,Ugz2U4u5pzu39bjP3Ap4AaABAg,UC1nz0UiWHV8lyoQdZtJejeg,"Fetched 05/24/2026, 8:08:10 PM GMT+8"
4046,@EleanorMislang,2 days ago,Happy viewing po.from locale of Baguio city,https://www.youtube.com/watch?v=ROa3kbG5M0U&lc=UgwjkGjOr-Re2me4-jZ4AaABAg,UgwjkGjOr-Re2me4-jZ4AaABAg,UC-SX89r34HKuT1KlN8J7WTA,"Fetched 05/24/2026, 8:08:10 PM GMT+8"
4047,@almazanrhyndylyn,2 days ago,Hello po uli. Happy rewatching po mula sa Lokal ng Norcar. /  / Shout out po sa mga may tungkulin sa Kapisanang Kadiwa ng Distrito ❤❤❤❤❤,https://www.youtube.com/watch?v=ROa3kbG5M0U&lc=UgzmhtSdAQJJ98ofjBZ4AaABAg,UgzmhtSdAQJJ98ofjBZ4AaABAg,UCEoQCNgytnJxjJnAQLSzFeA,"Fetched 05/24/2026, 8:08:10 PM GMT+8"
4048,@alferezmarjorie,2 days ago,Pagbati po sa lahat ng mga kapatid! Mula po sa Lokal Ng BALATOC! ❤️,https://www.youtube.com/watch?v=ROa3kbG5M0U&lc=Ugx9vxRUn3m7374VzT54AaABAg,Ugx9vxRUn3m7374VzT54AaABAg,UC5fNNvYCMCDsteUajIom10g,"Fetched 05/24/2026, 8:08:10 PM GMT+8"
4049,@alferezmarjorie,2 days ago,Fight BENGUET! Keep watching po! ❤️ Full support here from Lokal ng BALATOC!,https://www.youtube.com/watch?v=ROa3kbG5M0U&lc=UgwV7Tjkh1EPQ_82Aqt4AaABAg,UgwV7Tjkh1EPQ_82Aqt4AaABAg,UC5fNNvYCMCDsteUajIom10g,"Fetched 05/24/2026, 8:08:10 PM GMT+8"
4050,@Lxzaaaaa,2 days ago,Good afternoon po! happy viewing po mula sa Lokal ng Atok Gold💖,https://www.youtube.com/watch?v=ROa3kbG5M0U&lc=Ugw18SiuQBlmLHu1BOx4AaABAg,Ugw18SiuQBlmLHu1BOx4AaABAg,UC-MTBqslPrXeabiRe4UpQxw,"Fetched 05/24/2026, 8:08:10 PM GMT+8"
4051,@Lxzaaaaa,2 days ago,Road 48k viewss🎉 go Benguet!!  /  / full support po from Lokal ng Atok Gold✨🌷,https://www.youtube.com/watch?v=ROa3kbG5M0U&lc=Ugyscguhwo3KffLg6YV4AaABAg,Ugyscguhwo3KffLg6YV4AaABAg,UC-MTBqslPrXeabiRe4UpQxw,"Fetched 05/24/2026, 8:08:10 PM GMT+8"
4052,@Lxzaaaaa,2 days ago,Road 48k viewss🎉 go Benguet!!  /  / full support po from Lokal ng Atok Gold✨🌷,https://www.youtube.com/watch?v=ROa3kbG5M0U&lc=Ugz2N8PixR-WUbBsMhh4AaABAg,Ugz2N8PixR-WUbBsMhh4AaABAg,UC-MTBqslPrXeabiRe4UpQxw,"Fetched 05/24/2026, 8:08:10 PM GMT+8"
4053,@Lxzaaaaa,2 days ago,Good afternoon po! happy viewing po mula sa Lokal ng Atok Gold💖,https://www.youtube.com/watch?v=ROa3kbG5M0U&lc=UgzasbuoiYuHRys2r2R4AaABAg,UgzasbuoiYuHRys2r2R4AaABAg,UC-MTBqslPrXeabiRe4UpQxw,"Fetched 05/24/2026, 8:08:10 PM GMT+8"
4054,@almazanrhyndylyn,2 days ago,❤❤❤❤❤❤ leZz Go Benguet /  / Lokal ng Norcar / Kadiwa Benguet,https://www.youtube.com/watch?v=ROa3kbG5M0U&lc=UgzLBGor-2yvgJOJIdF4AaABAg,UgzLBGor-2yvgJOJIdF4AaABAg,UCEoQCNgytnJxjJnAQLSzFeA,"Fetched 05/24/2026, 8:08:10 PM GMT+8"
4055,@almazanrhyndylyn,2 days ago,❤❤❤❤❤❤ leZz Go Benguet /  / Lokal ng Norcar / Kadiwa Benguet,https://www.youtube.com/watch?v=ROa3kbG5M0U&lc=UgwSvHwngKYs6Dq2_1p4AaABAg,UgwSvHwngKYs6Dq2_1p4AaABAg,UCEoQCNgytnJxjJnAQLSzFeA,"Fetched 05/24/2026, 8:08:10 PM GMT+8"
4056,@almazanrhyndylyn,2 days ago,Go Go Go Benguet / FIGHT! FIGHT! FIGHT! /  / Laging sumusuporta at nakikipagkaisa.  /  / Mula po sa Lokal ng Norcar at Kapisanang Kadiwa /  / ❤❤❤❤❤❤,https://www.youtube.com/watch?v=ROa3kbG5M0U&lc=UgwUzQBfQ-aZcdofY0F4AaABAg,UgwUzQBfQ-aZcdofY0F4AaABAg,UCEoQCNgytnJxjJnAQLSzFeA,"Fetched 05/24/2026, 8:08:10 PM GMT+8"
4057,@clarkpiloneo6778,2 days ago,Mula po sa lokal ng La trinidad!! Happy viewing po!!!,https://www.youtube.com/watch?v=ROa3kbG5M0U&lc=Ugz4xS0HIt7Nqy8FOUx4AaABAg,Ugz4xS0HIt7Nqy8FOUx4AaABAg,UC-rMw-abFKutSmzfhWFDgJw,"Fetched 05/24/2026, 8:08:10 PM GMT+8"
4058,@gelo4828,2 days ago,Hapoy Viewing po mga kapatid / From Lokal ng San Luis /  / -Kadiwa,https://www.youtube.com/watch?v=ROa3kbG5M0U&lc=Ugyh64Zre4M7OpQcCGB4AaABAg,Ugyh64Zre4M7OpQcCGB4AaABAg,UCydnW0LoOckk7rQFQbEbI_g,"Fetched 05/24/2026, 8:08:10 PM GMT+8"
4059,@clarkpiloneo6778,2 days ago,Lets gooo Benguet!! Happy Viewing po!!! mula po sa lokal ng La Trinidad!!!,https://www.youtube.com/watch?v=ROa3kbG5M0U&lc=UgxSFXFauzOfBdLkLPp4AaABAg,UgxSFXFauzOfBdLkLPp4AaABAg,UC-rMw-abFKutSmzfhWFDgJw,"Fetched 05/24/2026, 8:08:10 PM GMT+8"
4060,@luibustamante9493,2 days ago,"Happy viewing po mga kapatid🤗🤗 /  / -Lokal ng Tuba, Kadiwa",https://www.youtube.com/watch?v=ROa3kbG5M0U&lc=Ugx8WYdaz4WRaTgDQCt4AaABAg,Ugx8WYdaz4WRaTgDQCt4AaABAg,UCFAmrhDmv6rvZrQoYp-IS9w,"Fetched 05/24/2026, 8:08:10 PM GMT+8"
4061,@almazanrhyndylyn,2 days ago,Lets Go Benguet / Lets Go Kadiwa /  / ❤❤❤❤ /  / Lokal ng Norcar,https://www.youtube.com/watch?v=ROa3kbG5M0U&lc=UgxtEfXJrR-cbJW_g6x4AaABAg,UgxtEfXJrR-cbJW_g6x4AaABAg,UCEoQCNgytnJxjJnAQLSzFeA,"Fetched 05/24/2026, 8:08:10 PM GMT+8"
4062,@almazanrhyndylyn,2 days ago,Malapit na pong mag 48k views konting views pa po. ❤❤❤❤ /  / Narito po muli nanonood habang naghihintay ng Pamamahayag ❤❤❤ /  / Mula po sa Lokal ng Norcar at Kapisanang Kadiwa,https://www.youtube.com/watch?v=ROa3kbG5M0U&lc=UgxakMvb0DPEDOFivHR4AaABAg,UgxakMvb0DPEDOFivHR4AaABAg,UCEoQCNgytnJxjJnAQLSzFeA,"Fetched 05/24/2026, 8:08:10 PM GMT+8"
4063,@leoniebestre7792,2 days ago,Go Benguet 💪💪💪,https://www.youtube.com/watch?v=ROa3kbG5M0U&lc=UgzZlOcgPVsfO6-XPf14AaABAg,UgzZlOcgPVsfO6-XPf14AaABAg,UCahx9VYtNOFAZChKXo8v4pQ,"Fetched 05/24/2026, 8:08:10 PM GMT+8"
4064,@BnHydn_4,2 days ago,Let's go Benguet ♥️  / Lokal ng La Trinidad ♥️ / Kapisanang Binhi ♥️,https://www.youtube.com/watch?v=ROa3kbG5M0U&lc=UgyVk88-ns6QNaHxkOF4AaABAg,UgyVk88-ns6QNaHxkOF4AaABAg,UCBGtwATEAOhJaVSd9_AsgFw,"Fetched 05/24/2026, 8:08:10 PM GMT+8"
4065,@EleanorMislang,2 days ago,Good evening po mga kapatid.watch muna po tayo bgo dumalo pammahayag.from Baguio city,https://www.youtube.com/watch?v=ROa3kbG5M0U&lc=UgyncGxhUtw1LiEAq654AaABAg,UgyncGxhUtw1LiEAq654AaABAg,UC-SX89r34HKuT1KlN8J7WTA,"Fetched 05/24/2026, 8:08:10 PM GMT+8"
4066,@HermeniaBurgos,2 days ago,Happy watching Po from Local ng Norcar,https://www.youtube.com/watch?v=ROa3kbG5M0U&lc=Ugw8zI5LQo03LYtn9Rl4AaABAg,Ugw8zI5LQo03LYtn9Rl4AaABAg,UC0pdkEU5A7kafS24ezIewAA,"Fetched 05/24/2026, 8:08:10 PM GMT+8"
4067,@HermeniaBurgos,2 days ago,Happy watching Po from Local ng Norcar,https://www.youtube.com/watch?v=ROa3kbG5M0U&lc=UgyXPHarltM5CapTzd54AaABAg,UgyXPHarltM5CapTzd54AaABAg,UC0pdkEU5A7kafS24ezIewAA,"Fetched 05/24/2026, 8:08:10 PM GMT+8"
4068,@elaizaveniceantonio8756,2 days ago,blessed viewing po mula sa lokal ng Baguio City ! 🎉,https://www.youtube.com/watch?v=ROa3kbG5M0U&lc=UgyKzEooYdG51JoKMj14AaABAg,UgyKzEooYdG51JoKMj14AaABAg,UCWG0uMJfrHKBymnZPaLYV8w,"Fetched 05/24/2026, 8:08:10 PM GMT+8"
4069,@JonnerGuilod-ye5rs,2 days ago,God's Love  / Lokal ng Baguio City,https://www.youtube.com/watch?v=ROa3kbG5M0U&lc=UgzsxTi2WIbJROwIte14AaABAg,UgzsxTi2WIbJROwIte14AaABAg,UCqAZvKcFKWAYBEWjNAhZEZw,"Fetched 05/24/2026, 8:08:10 PM GMT+8"
4070,@JonnerGuilod-ye5rs,2 days ago,Let's Go Benguet  / Let's Go Binhi District Officer's  / Let's Go Binhi ng Distrito ng Benguet! /  / Lokal ng BAGUIO CITY,https://www.youtube.com/watch?v=ROa3kbG5M0U&lc=UgwAN6ZDQ-YSbBx0-sR4AaABAg,UgwAN6ZDQ-YSbBx0-sR4AaABAg,UCqAZvKcFKWAYBEWjNAhZEZw,"Fetched 05/24/2026, 8:08:10 PM GMT+8"
4071,@JonnerGuilod-ye5rs,2 days ago,Happy Watching po mula sa Lokal ng Baguio City  /  / Let's Go Benguet  /  / Arangkada Distrito ng Benguet  /  / Lokal ng Baguio City,https://www.youtube.com/watch?v=ROa3kbG5M0U&lc=UgxDtjZLf7SlmzjQuW54AaABAg,UgxDtjZLf7SlmzjQuW54AaABAg,UCqAZvKcFKWAYBEWjNAhZEZw,"Fetched 05/24/2026, 8:08:10 PM GMT+8"
4072,@JonnerGuilod-ye5rs,2 days ago,Let's Go Baguio  /  / Benguet🔛🔝 /  / Let's Go Benguet  /  / Lokal ng Baguio City,https://www.youtube.com/watch?v=ROa3kbG5M0U&lc=Ugxrp0Zz758-PRvHxRB4AaABAg,Ugxrp0Zz758-PRvHxRB4AaABAg,UCqAZvKcFKWAYBEWjNAhZEZw,"Fetched 05/24/2026, 8:08:10 PM GMT+8"
4073,@strawberrytaho16,2 days ago,Lokal ng Aurora Hill letz G!! 🎉,https://www.youtube.com/watch?v=ROa3kbG5M0U&lc=UgxThu9gwAIQ5Rxcs0N4AaABAg,UgxThu9gwAIQ5Rxcs0N4AaABAg,UCKrJxTQVZLmSHU1AmjE2khw,"Fetched 05/24/2026, 8:08:10 PM GMT+8"
4074,@strawberrytaho16,2 days ago,Lokal ng Aurora Hill letz G!! 🎉,https://www.youtube.com/watch?v=ROa3kbG5M0U&lc=UgxH3VoNFqEUUPCP_IN4AaABAg,UgxH3VoNFqEUUPCP_IN4AaABAg,UCKrJxTQVZLmSHU1AmjE2khw,"Fetched 05/24/2026, 8:08:10 PM GMT+8"
4075,@JonnerGuilod-ye5rs,2 days ago,Let's Go Benguet  /  / Lokal ng BAGUIO CITY,https://www.youtube.com/watch?v=ROa3kbG5M0U&lc=Ugznw8u856EzcTkaNT94AaABAg,Ugznw8u856EzcTkaNT94AaABAg,UCqAZvKcFKWAYBEWjNAhZEZw,"Fetched 05/24/2026, 8:08:10 PM GMT+8"
4076,@strawberrytaho16,2 days ago,Lokal ng Aurora Hill letz G!! 🎉,https://www.youtube.com/watch?v=ROa3kbG5M0U&lc=UgyES9OM-TshGbcITgl4AaABAg,UgyES9OM-TshGbcITgl4AaABAg,UCKrJxTQVZLmSHU1AmjE2khw,"Fetched 05/24/2026, 8:08:10 PM GMT+8"
4077,@AlvieMangsat-c4m,2 days ago,Magandang Hapon po!! Happy Viewing po mula sa lokal ng Megaroyale Village kapisanang binhi at patuloy po na bumabati sa aming kasamahang binhi at kadiwa district officers!!,https://www.youtube.com/watch?v=ROa3kbG5M0U&lc=Ugy4vY0dVHz8R-5rEOl4AaABAg,Ugy4vY0dVHz8R-5rEOl4AaABAg,UCe2qidW_pQ1iCUkpjLZCXUA,"Fetched 05/24/2026, 8:08:10 PM GMT+8"
4078,@strawberrytaho16,2 days ago,Lokal ng Aurora Hill letz G!! 🎉,https://www.youtube.com/watch?v=ROa3kbG5M0U&lc=UgzLNoYbbQ4s7yMdbBV4AaABAg,UgzLNoYbbQ4s7yMdbBV4AaABAg,UCKrJxTQVZLmSHU1AmjE2khw,"Fetched 05/24/2026, 8:08:10 PM GMT+8"
4079,@JonnerGuilod-ye5rs,2 days ago,Lokal ng Baguio City  /  / Shout out Binhi District Officer's,https://www.youtube.com/watch?v=ROa3kbG5M0U&lc=UgyzKkNjcAFEuFJ5Sr54AaABAg,UgyzKkNjcAFEuFJ5Sr54AaABAg,UCqAZvKcFKWAYBEWjNAhZEZw,"Fetched 05/24/2026, 8:08:10 PM GMT+8"
4080,@JonnerGuilod-ye5rs,2 days ago,Magandang Hapon po watching from Lokal ng Baguio City,https://www.youtube.com/watch?v=ROa3kbG5M0U&lc=UgxZVBOPI3ApDVyrG7Z4AaABAg,UgxZVBOPI3ApDVyrG7Z4AaABAg,UCqAZvKcFKWAYBEWjNAhZEZw,"Fetched 05/24/2026, 8:08:10 PM GMT+8"
4081,@redtiamson4129,2 days ago,Happy viewing po!! Pagbati po Mula po sa lokal ng Aurora Hill,https://www.youtube.com/watch?v=ROa3kbG5M0U&lc=Ugz8a459okREDJGkD254AaABAg,Ugz8a459okREDJGkD254AaABAg,UCRYX3xWspYYmd66NPiJvU5Q,"Fetched 05/24/2026, 8:08:10 PM GMT+8"
4082,@redtiamson4129,2 days ago,Happy viewing po!! Pagbati po Mula po sa lokal ng Aurora Hill,https://www.youtube.com/watch?v=ROa3kbG5M0U&lc=Ugz3f6CKdb5n4JLRc7V4AaABAg,Ugz3f6CKdb5n4JLRc7V4AaABAg,UCRYX3xWspYYmd66NPiJvU5Q,"Fetched 05/24/2026, 8:08:10 PM GMT+8"
4083,@redtiamson4129,2 days ago,Happy viewing po!! Pagbati po Mula po sa lokal ng Aurora Hill,https://www.youtube.com/watch?v=ROa3kbG5M0U&lc=UgybwJU_XgMDld68xTh4AaABAg,UgybwJU_XgMDld68xTh4AaABAg,UCRYX3xWspYYmd66NPiJvU5Q,"Fetched 05/24/2026, 8:08:10 PM GMT+8"
4084,@redtiamson4129,2 days ago,Happy viewing po!! Pagbati po Mula po sa lokal ng Aurora Hill,https://www.youtube.com/watch?v=ROa3kbG5M0U&lc=UgwgnrYbwuEUu_0ht6V4AaABAg,UgwgnrYbwuEUu_0ht6V4AaABAg,UCRYX3xWspYYmd66NPiJvU5Q,"Fetched 05/24/2026, 8:08:10 PM GMT+8"
4085,@Julskie28,2 days ago,Happy rewatching po ulit sa ating lahat! /  / From KADIWAs of benguet ❤ / Lokal ng Guisad❤,https://www.youtube.com/watch?v=ROa3kbG5M0U&lc=Ugx3A_gpEtYp5Moh3Hx4AaABAg,Ugx3A_gpEtYp5Moh3Hx4AaABAg,UC1nz0UiWHV8lyoQdZtJejeg,"Fetched 05/24/2026, 8:08:10 PM GMT+8"
4086,@NylraMango,2 days ago,"Masayang panonood po..from La Trinidad, Benguet",https://www.youtube.com/watch?v=ROa3kbG5M0U&lc=UgwoB7_C1mqwELkjP094AaABAg,UgwoB7_C1mqwELkjP094AaABAg,UCMwaLhn2A3Q-Mb81T8gd54Q,"Fetched 05/24/2026, 8:08:10 PM GMT+8"
4087,@armicassandragarcia8955,2 days ago,God bless po mula sa Aurora Hill!,https://www.youtube.com/watch?v=ROa3kbG5M0U&lc=UgwVWz4pomeRl7oOrz54AaABAg,UgwVWz4pomeRl7oOrz54AaABAg,UCZ3mXwiXib5dyLSRSaSt9sA,"Fetched 05/24/2026, 8:08:10 PM GMT+8"
4088,@armicassandragarcia8955,2 days ago,God bless po mula sa Aurora Hill!,https://www.youtube.com/watch?v=ROa3kbG5M0U&lc=UgyUTErIjLCsSzRj_ZN4AaABAg,UgyUTErIjLCsSzRj_ZN4AaABAg,UCZ3mXwiXib5dyLSRSaSt9sA,"Fetched 05/24/2026, 8:08:10 PM GMT+8"
4089,@armicassandragarcia8955,2 days ago,God bless po mula sa Aurora Hill! ❤,https://www.youtube.com/watch?v=ROa3kbG5M0U&lc=UgzMvnM_aV9DIiVOj2V4AaABAg,UgzMvnM_aV9DIiVOj2V4AaABAg,UCZ3mXwiXib5dyLSRSaSt9sA,"Fetched 05/24/2026, 8:08:10 PM GMT+8"
4090,@armicassandragarcia8955,2 days ago,Happy viewing po sa lahat mula sa Aurora Hill! 💪,https://www.youtube.com/watch?v=ROa3kbG5M0U&lc=UgxsNFwFIeocke-cxRd4AaABAg,UgxsNFwFIeocke-cxRd4AaABAg,UCZ3mXwiXib5dyLSRSaSt9sA,"Fetched 05/24/2026, 8:08:10 PM GMT+8"
4091,@jellyannperez22,2 days ago,Super worth to watch.. nakaka uplift ng Mood.. watch po muna bago dumalo sa Pamamahayag.. naka support po kami d2 sa Lokal ng Camp8 🥰,https://www.youtube.com/watch?v=ROa3kbG5M0U&lc=UgwLuUj4jFmm_BosTWB4AaABAg,UgwLuUj4jFmm_BosTWB4AaABAg,UCTSBNE6g9859jcHD_BhlU-g,"Fetched 05/24/2026, 8:08:10 PM GMT+8"
4092,@armicassandragarcia8955,2 days ago,Happy viewing po sa lahat mula sa Aurora Hill! 💪,https://www.youtube.com/watch?v=ROa3kbG5M0U&lc=UgxYojAydmOJWS0jXfh4AaABAg,UgxYojAydmOJWS0jXfh4AaABAg,UCZ3mXwiXib5dyLSRSaSt9sA,"Fetched 05/24/2026, 8:08:10 PM GMT+8"
4093,@armicassandragarcia8955,2 days ago,Happy viewing po sa lahat mula sa Aurora Hill! 💪,https://www.youtube.com/watch?v=ROa3kbG5M0U&lc=UgyLDILubs9gvufpym54AaABAg,UgyLDILubs9gvufpym54AaABAg,UCZ3mXwiXib5dyLSRSaSt9sA,"Fetched 05/24/2026, 8:08:10 PM GMT+8"
4094,@armicassandragarcia8955,2 days ago,Happy viewing po sa lahat mula sa Aurora Hill! 💪,https://www.youtube.com/watch?v=ROa3kbG5M0U&lc=Ugyno6vzMm7jUALfQA94AaABAg,Ugyno6vzMm7jUALfQA94AaABAg,UCZ3mXwiXib5dyLSRSaSt9sA,"Fetched 05/24/2026, 8:08:10 PM GMT+8"
4095,@armicassandragarcia8955,2 days ago,Happy viewing po sa lahat mula sa Aurora Hill! 💪,https://www.youtube.com/watch?v=ROa3kbG5M0U&lc=UgyuPYWn5ejaSbdGXVB4AaABAg,UgyuPYWn5ejaSbdGXVB4AaABAg,UCZ3mXwiXib5dyLSRSaSt9sA,"Fetched 05/24/2026, 8:08:10 PM GMT+8"
4096,@armicassandragarcia8955,2 days ago,Happy viewing po sa lahat mula sa Aurora Hill! 💪,https://www.youtube.com/watch?v=ROa3kbG5M0U&lc=UgwtCfSbw72qHHB1HQp4AaABAg,UgwtCfSbw72qHHB1HQp4AaABAg,UCZ3mXwiXib5dyLSRSaSt9sA,"Fetched 05/24/2026, 8:08:10 PM GMT+8"
4097,@armicassandragarcia8955,2 days ago,Happy viewing po sa lahat mula sa Aurora Hill! 💪,https://www.youtube.com/watch?v=ROa3kbG5M0U&lc=UgwOxQGKttpRp_7fiHJ4AaABAg,UgwOxQGKttpRp_7fiHJ4AaABAg,UCZ3mXwiXib5dyLSRSaSt9sA,"Fetched 05/24/2026, 8:08:10 PM GMT+8"
4098,@armicassandragarcia8955,2 days ago,Happy viewing po sa lahat mula sa Aurora Hill! 💪,https://www.youtube.com/watch?v=ROa3kbG5M0U&lc=Ugx69jhUOEKT38o2irp4AaABAg,Ugx69jhUOEKT38o2irp4AaABAg,UCZ3mXwiXib5dyLSRSaSt9sA,"Fetched 05/24/2026, 8:08:10 PM GMT+8"
4099,@armicassandragarcia8955,2 days ago,Happy viewing po! Tuloy lang 💪 — Aurora Hill,https://www.youtube.com/watch?v=ROa3kbG5M0U&lc=Ugw1E2qpp6oRQ4kNCUx4AaABAg,Ugw1E2qpp6oRQ4kNCUx4AaABAg,UCZ3mXwiXib5dyLSRSaSt9sA,"Fetched 05/24/2026, 8:08:10 PM GMT+8"
4100,@armicassandragarcia8955,2 days ago,Happy viewing po! Tuloy lang 💪 — Aurora Hill,https://www.youtube.com/watch?v=ROa3kbG5M0U&lc=Ugzg5cqTy2VeFX9QZFh4AaABAg,Ugzg5cqTy2VeFX9QZFh4AaABAg,UCZ3mXwiXib5dyLSRSaSt9sA,"Fetched 05/24/2026, 8:08:10 PM GMT+8"
4101,@armicassandragarcia8955,2 days ago,Happy viewing po! Tuloy lang 💪 — Aurora Hill,https://www.youtube.com/watch?v=ROa3kbG5M0U&lc=UgyK6nYJmfVTBJpPkwt4AaABAg,UgyK6nYJmfVTBJpPkwt4AaABAg,UCZ3mXwiXib5dyLSRSaSt9sA,"Fetched 05/24/2026, 8:08:10 PM GMT+8"
4102,@armicassandragarcia8955,2 days ago,Happy viewing po! Tuloy lang 💪 — Aurora Hill,https://www.youtube.com/watch?v=ROa3kbG5M0U&lc=UgwVopp37gXTBbFTMEF4AaABAg,UgwVopp37gXTBbFTMEF4AaABAg,UCZ3mXwiXib5dyLSRSaSt9sA,"Fetched 05/24/2026, 8:08:10 PM GMT+8"
4103,@armicassandragarcia8955,2 days ago,Happy viewing po! Tuloy lang 💪 — Aurora Hill,https://www.youtube.com/watch?v=ROa3kbG5M0U&lc=UgxpWv9Q96ri1HQoUwF4AaABAg,UgxpWv9Q96ri1HQoUwF4AaABAg,UCZ3mXwiXib5dyLSRSaSt9sA,"Fetched 05/24/2026, 8:08:10 PM GMT+8"
4104,@armicassandragarcia8955,2 days ago,Happy viewing po! Tuloy lang 💪 — Aurora Hill,https://www.youtube.com/watch?v=ROa3kbG5M0U&lc=Ugwak3V18iBUKIhX6px4AaABAg,Ugwak3V18iBUKIhX6px4AaABAg,UCZ3mXwiXib5dyLSRSaSt9sA,"Fetched 05/24/2026, 8:08:10 PM GMT+8"
4105,@armicassandragarcia8955,2 days ago,Happy viewing po! Tuloy lang 💪 — Aurora Hill,https://www.youtube.com/watch?v=ROa3kbG5M0U&lc=UgwieW14BVlSImbPAUR4AaABAg,UgwieW14BVlSImbPAUR4AaABAg,UCZ3mXwiXib5dyLSRSaSt9sA,"Fetched 05/24/2026, 8:08:10 PM GMT+8"
4106,@armicassandragarcia8955,2 days ago,Happy viewing po! Tuloy lang 💪 — Aurora Hill,https://www.youtube.com/watch?v=ROa3kbG5M0U&lc=Ugw77z4Q6cX_f-qlRX94AaABAg,Ugw77z4Q6cX_f-qlRX94AaABAg,UCZ3mXwiXib5dyLSRSaSt9sA,"Fetched 05/24/2026, 8:08:10 PM GMT+8"
4107,@armicassandragarcia8955,2 days ago,Happy viewing po! Tuloy lang 💪 — Aurora Hill,https://www.youtube.com/watch?v=ROa3kbG5M0U&lc=UgybnlSbGaQV2qXDkeh4AaABAg,UgybnlSbGaQV2qXDkeh4AaABAg,UCZ3mXwiXib5dyLSRSaSt9sA,"Fetched 05/24/2026, 8:08:10 PM GMT+8"
4108,@jjncdgzmn,2 days ago,Lokal ng Aurora Hill greets everyone a blessed and happy viewing 🫰🏻,https://www.youtube.com/watch?v=ROa3kbG5M0U&lc=Ugysn_ED9OMhDkYgXlx4AaABAg,Ugysn_ED9OMhDkYgXlx4AaABAg,UCk_QgSs588mpDLXUa3Qq9yg,"Fetched 05/24/2026, 8:08:10 PM GMT+8"
4109,@jjncdgzmn,2 days ago,Lokal ng Aurora Hill greets everyone a blessed and happy viewing 🫰🏻,https://www.youtube.com/watch?v=ROa3kbG5M0U&lc=UgxwCM1c8bDR89jjqMJ4AaABAg,UgxwCM1c8bDR89jjqMJ4AaABAg,UCk_QgSs588mpDLXUa3Qq9yg,"Fetched 05/24/2026, 8:08:10 PM GMT+8"
4110,@jjncdgzmn,2 days ago,Lokal ng Aurora Hill greets everyone a blessed and happy viewing 🫰🏻,https://www.youtube.com/watch?v=ROa3kbG5M0U&lc=UgyKVmWRyCQFkiP2Yat4AaABAg,UgyKVmWRyCQFkiP2Yat4AaABAg,UCk_QgSs588mpDLXUa3Qq9yg,"Fetched 05/24/2026, 8:08:10 PM GMT+8"
4111,@jjncdgzmn,2 days ago,Lokal ng Aurora Hill greets everyone a blessed and happy viewing 🫰🏻,https://www.youtube.com/watch?v=ROa3kbG5M0U&lc=UgzsMswdP_Z6NpVaha14AaABAg,UgzsMswdP_Z6NpVaha14AaABAg,UCk_QgSs588mpDLXUa3Qq9yg,"Fetched 05/24/2026, 8:08:10 PM GMT+8"
4112,@jjncdgzmn,2 days ago,Lokal ng Aurora Hill greets everyone a blessed and happy viewing 🫰🏻,https://www.youtube.com/watch?v=ROa3kbG5M0U&lc=UgwxLibcLslsgnG9k4l4AaABAg,UgwxLibcLslsgnG9k4l4AaABAg,UCk_QgSs588mpDLXUa3Qq9yg,"Fetched 05/24/2026, 8:08:10 PM GMT+8"
4113,@jjncdgzmn,2 days ago,Lokal ng Aurora Hill greets everyone a blessed and happy viewing 🫰🏻,https://www.youtube.com/watch?v=ROa3kbG5M0U&lc=Ugz2RNCs2PltskI-PQt4AaABAg,Ugz2RNCs2PltskI-PQt4AaABAg,UCk_QgSs588mpDLXUa3Qq9yg,"Fetched 05/24/2026, 8:08:10 PM GMT+8"
4114,@jjncdgzmn,2 days ago,Lokal ng Aurora Hill greets everyone a blessed and happy viewing 🫰🏻,https://www.youtube.com/watch?v=ROa3kbG5M0U&lc=UgwajeiP8U_FKsH3PE14AaABAg,UgwajeiP8U_FKsH3PE14AaABAg,UCk_QgSs588mpDLXUa3Qq9yg,"Fetched 05/24/2026, 8:08:10 PM GMT+8"
4115,@armicassandragarcia8955,2 days ago,Warm greetings from Aurora Hill 💛,https://www.youtube.com/watch?v=ROa3kbG5M0U&lc=Ugztmf3TenIkIo21nNx4AaABAg,Ugztmf3TenIkIo21nNx4AaABAg,UCZ3mXwiXib5dyLSRSaSt9sA,"Fetched 05/24/2026, 8:08:10 PM GMT+8"
4116,@armicassandragarcia8955,2 days ago,Warm greetings from Aurora Hill 💛,https://www.youtube.com/watch?v=ROa3kbG5M0U&lc=Ugy4l7lPzGSCHEdvukV4AaABAg,Ugy4l7lPzGSCHEdvukV4AaABAg,UCZ3mXwiXib5dyLSRSaSt9sA,"Fetched 05/24/2026, 8:08:10 PM GMT+8"
4117,@armicassandragarcia8955,2 days ago,Warm greetings from Aurora Hill 💛,https://www.youtube.com/watch?v=ROa3kbG5M0U&lc=UgzUAjFROsmwjZjZczN4AaABAg,UgzUAjFROsmwjZjZczN4AaABAg,UCZ3mXwiXib5dyLSRSaSt9sA,"Fetched 05/24/2026, 8:08:10 PM GMT+8"
4118,@armicassandragarcia8955,2 days ago,Warm greetings from Aurora Hill 💛,https://www.youtube.com/watch?v=ROa3kbG5M0U&lc=UgwJ5NZeX25l_vbanox4AaABAg,UgwJ5NZeX25l_vbanox4AaABAg,UCZ3mXwiXib5dyLSRSaSt9sA,"Fetched 05/24/2026, 8:08:10 PM GMT+8"
4119,@armicassandragarcia8955,2 days ago,Warm greetings from Aurora Hill 💛,https://www.youtube.com/watch?v=ROa3kbG5M0U&lc=UgzgdNzu5O3mHw59-OR4AaABAg,UgzgdNzu5O3mHw59-OR4AaABAg,UCZ3mXwiXib5dyLSRSaSt9sA,"Fetched 05/24/2026, 8:08:10 PM GMT+8"
4120,@armicassandragarcia8955,2 days ago,Warm greetings from Aurora Hill 💛,https://www.youtube.com/watch?v=ROa3kbG5M0U&lc=UgxiKfPo6SwiRWVkyx54AaABAg,UgxiKfPo6SwiRWVkyx54AaABAg,UCZ3mXwiXib5dyLSRSaSt9sA,"Fetched 05/24/2026, 8:08:10 PM GMT+8"
4121,@riajannah3304,2 days ago,Maligayang Panonood po! Pagbati mula sa lokal ng Aurora Hill!❤,https://www.youtube.com/watch?v=ROa3kbG5M0U&lc=UgzwVXLHXO2tw49lL_t4AaABAg,UgzwVXLHXO2tw49lL_t4AaABAg,UCg6vNkDKjJmbm-o5VgxURGQ,"Fetched 05/24/2026, 8:08:10 PM GMT+8"
4122,@riajannah3304,2 days ago,Maligayang Panonood po! Pagbati mula sa lokal ng Aurora Hill!❤,https://www.youtube.com/watch?v=ROa3kbG5M0U&lc=UgzCf-7QQRIyYqPoPWB4AaABAg,UgzCf-7QQRIyYqPoPWB4AaABAg,UCg6vNkDKjJmbm-o5VgxURGQ,"Fetched 05/24/2026, 8:08:10 PM GMT+8"
4123,@armicassandragarcia8955,2 days ago,Warm greetings from Aurora Hill 💛,https://www.youtube.com/watch?v=ROa3kbG5M0U&lc=UgzrK-DlfPf8kkyRomV4AaABAg,UgzrK-DlfPf8kkyRomV4AaABAg,UCZ3mXwiXib5dyLSRSaSt9sA,"Fetched 05/24/2026, 8:08:10 PM GMT+8"
4124,@strawberrytaho16,2 days ago,Lokal ng Aurora Hill greets everyone a blessed and happy viewing 🫰🏻,https://www.youtube.com/watch?v=ROa3kbG5M0U&lc=Ugysebz9dRHlYbtYReR4AaABAg,Ugysebz9dRHlYbtYReR4AaABAg,UCKrJxTQVZLmSHU1AmjE2khw,"Fetched 05/24/2026, 8:08:10 PM GMT+8"
4125,@armicassandragarcia8955,2 days ago,Warm greetings from Aurora Hill 💛,https://www.youtube.com/watch?v=ROa3kbG5M0U&lc=UgwQEBfHByTcfxITdJR4AaABAg,UgwQEBfHByTcfxITdJR4AaABAg,UCZ3mXwiXib5dyLSRSaSt9sA,"Fetched 05/24/2026, 8:08:10 PM GMT+8"
4126,@reymrkjames87,2 days ago,Tublay benguet,https://www.youtube.com/watch?v=ROa3kbG5M0U&lc=Ugwpc28aCaBpJFLHdUB4AaABAg,Ugwpc28aCaBpJFLHdUB4AaABAg,UCej8UbMpBLtysBIPxdAzmtA,"Fetched 05/24/2026, 8:08:10 PM GMT+8"
4127,@strawberrytaho16,2 days ago,Happy viewing po mula sa lokal ng Aurora Hill. Magandang hapon po ❤❤,https://www.youtube.com/watch?v=ROa3kbG5M0U&lc=UgxoNeI8QPJy3Ro3Zid4AaABAg,UgxoNeI8QPJy3Ro3Zid4AaABAg,UCKrJxTQVZLmSHU1AmjE2khw,"Fetched 05/24/2026, 8:08:10 PM GMT+8"
4128,@strawberrytaho16,2 days ago,Happy viewing po mula sa lokal ng Aurora Hill. Magandang hapon po ❤❤,https://www.youtube.com/watch?v=ROa3kbG5M0U&lc=Ugyit9SLpY2AkdlJ8BJ4AaABAg,Ugyit9SLpY2AkdlJ8BJ4AaABAg,UCKrJxTQVZLmSHU1AmjE2khw,"Fetched 05/24/2026, 8:08:10 PM GMT+8"
4129,@strawberrytaho16,2 days ago,Happy viewing po mula sa lokal ng Aurora Hill. Magandang hapon po ❤❤,https://www.youtube.com/watch?v=ROa3kbG5M0U&lc=UgxKsCTWMWRAWL__Uop4AaABAg,UgxKsCTWMWRAWL__Uop4AaABAg,UCKrJxTQVZLmSHU1AmjE2khw,"Fetched 05/24/2026, 8:08:10 PM GMT+8"
4130,@strawberrytaho16,2 days ago,Happy viewing po mula sa lokal ng Aurora Hill. Magandang hapon po ❤❤,https://www.youtube.com/watch?v=ROa3kbG5M0U&lc=Ugxilxho0z2hMA-NLht4AaABAg,Ugxilxho0z2hMA-NLht4AaABAg,UCKrJxTQVZLmSHU1AmjE2khw,"Fetched 05/24/2026, 8:08:10 PM GMT+8"
4131,@strawberrytaho16,2 days ago,Happy viewing po mula sa lokal ng Aurora Hill. Magandang hapon po ❤❤,https://www.youtube.com/watch?v=ROa3kbG5M0U&lc=Ugy2Bcuhsnl9C6NmP1R4AaABAg,Ugy2Bcuhsnl9C6NmP1R4AaABAg,UCKrJxTQVZLmSHU1AmjE2khw,"Fetched 05/24/2026, 8:08:10 PM GMT+8"
4132,@strawberrytaho16,2 days ago,Happy viewing po mula sa lokal ng Aurora Hill. Magandang hapon po ❤❤,https://www.youtube.com/watch?v=ROa3kbG5M0U&lc=UgxHeHUb17HQVJSaTW94AaABAg,UgxHeHUb17HQVJSaTW94AaABAg,UCKrJxTQVZLmSHU1AmjE2khw,"Fetched 05/24/2026, 8:08:10 PM GMT+8"
4133,@strawberrytaho16,2 days ago,Happy viewing po mula sa lokal ng Aurora Hill. Magandang hapon po ❤❤,https://www.youtube.com/watch?v=ROa3kbG5M0U&lc=UgyFKFap571POCPM2wV4AaABAg,UgyFKFap571POCPM2wV4AaABAg,UCKrJxTQVZLmSHU1AmjE2khw,"Fetched 05/24/2026, 8:08:10 PM GMT+8"
4134,@strawberrytaho16,2 days ago,Happy viewing po mula sa lokal ng Aurora Hill. Magandang hapon po ❤❤,https://www.youtube.com/watch?v=ROa3kbG5M0U&lc=UgxhhiuzozUjlaDxc4d4AaABAg,UgxhhiuzozUjlaDxc4d4AaABAg,UCKrJxTQVZLmSHU1AmjE2khw,"Fetched 05/24/2026, 8:08:10 PM GMT+8"
4135,@strawberrytaho16,2 days ago,Happy viewing po mula sa lokal ng Aurora Hill. Magandang hapon po ❤❤,https://www.youtube.com/watch?v=ROa3kbG5M0U&lc=UgwKAHp_dS2CIDgdHT54AaABAg,UgwKAHp_dS2CIDgdHT54AaABAg,UCKrJxTQVZLmSHU1AmjE2khw,"Fetched 05/24/2026, 8:08:10 PM GMT+8"
4136,@strawberrytaho16,2 days ago,Happy viewing po mula sa lokal ng Aurora Hill. Magandang hapon po ❤❤,https://www.youtube.com/watch?v=ROa3kbG5M0U&lc=Ugx4GRCpsjuWTzUu_yZ4AaABAg,Ugx4GRCpsjuWTzUu_yZ4AaABAg,UCKrJxTQVZLmSHU1AmjE2khw,"Fetched 05/24/2026, 8:08:10 PM GMT+8"
4137,@gemaila_unay,2 days ago,"Greetings and support from Lokal ng Loacan, Distrito ng Benguet!",https://www.youtube.com/watch?v=ROa3kbG5M0U&lc=UgytJBCGWGCshxsOBrx4AaABAg,UgytJBCGWGCshxsOBrx4AaABAg,UCcBJ4Uu39m7yYYSP80sXO5g,"Fetched 05/24/2026, 8:08:10 PM GMT+8"
4138,@strawberrytaho16,2 days ago,Happy viewing po mula sa lokal ng Aurora Hill. Magandang hapon po ❤❤,https://www.youtube.com/watch?v=ROa3kbG5M0U&lc=UgyaJF1BIdRW_rqSCFN4AaABAg,UgyaJF1BIdRW_rqSCFN4AaABAg,UCKrJxTQVZLmSHU1AmjE2khw,"Fetched 05/24/2026, 8:08:10 PM GMT+8"
4139,@zyragalacgac3250,2 days ago,"Pagbati po mula sa Lokal ng Guisad, Distrito ng Benguet! Happy viewing po mga kabagis!",https://www.youtube.com/watch?v=ROa3kbG5M0U&lc=UgyjkzgauQximOFlxSl4AaABAg,UgyjkzgauQximOFlxSl4AaABAg,UCFn1MfEFkAsLk6eJWgE1now,"Fetched 05/24/2026, 8:08:10 PM GMT+8"
4140,@danielsangalang4416,2 days ago,Binabati ko po lahat ng mga kapatid na nasa kapisanang KADIWA sa buong mundo maging sa aming Distrito at Lokal.,https://www.youtube.com/watch?v=ROa3kbG5M0U&lc=UgyRyL_72waAJ7khp4B4AaABAg,UgyRyL_72waAJ7khp4B4AaABAg,UCd83g5cGg_Es6Qyl02u7jdw,"Fetched 05/24/2026, 8:08:10 PM GMT+8"
4141,@danielsangalang4416,2 days ago,Full support po. / Kalihiman/Registry. / Baguio City,https://www.youtube.com/watch?v=ROa3kbG5M0U&lc=Ugzs9VcIpU499U6_dQp4AaABAg,Ugzs9VcIpU499U6_dQp4AaABAg,UCd83g5cGg_Es6Qyl02u7jdw,"Fetched 05/24/2026, 8:08:10 PM GMT+8"
4142,@danielsangalang4416,2 days ago,Happy watching po. / Baguio City,https://www.youtube.com/watch?v=ROa3kbG5M0U&lc=Ugy6J5ajICgIg-6Tkep4AaABAg,Ugy6J5ajICgIg-6Tkep4AaABAg,UCd83g5cGg_Es6Qyl02u7jdw,"Fetched 05/24/2026, 8:08:10 PM GMT+8"
4143,@danielsangalang4416,2 days ago,Baguio City FIGHT!!!,https://www.youtube.com/watch?v=ROa3kbG5M0U&lc=UgxRPWs4AsXkznMPlAF4AaABAg,UgxRPWs4AsXkznMPlAF4AaABAg,UCd83g5cGg_Es6Qyl02u7jdw,"Fetched 05/24/2026, 8:08:10 PM GMT+8"
4144,@RolandoUnay-k5h,2 days ago,Happy viewing mga kapatid!mula sa lokal ng loacan.,https://www.youtube.com/watch?v=ROa3kbG5M0U&lc=UgwMop1ggyADpjoZvcV4AaABAg,UgwMop1ggyADpjoZvcV4AaABAg,UCqcdA_rbvmk5x9Fcl0_xQxg,"Fetched 05/24/2026, 8:08:10 PM GMT+8"
4145,@danielsangalang4416,2 days ago,Benguet FIGTH!!!,https://www.youtube.com/watch?v=ROa3kbG5M0U&lc=Ugz7DO1ZNy_bD9r3Jjx4AaABAg,Ugz7DO1ZNy_bD9r3Jjx4AaABAg,UCd83g5cGg_Es6Qyl02u7jdw,"Fetched 05/24/2026, 8:08:10 PM GMT+8"
4146,@danielsangalang4416,2 days ago,Goo Benguet,https://www.youtube.com/watch?v=ROa3kbG5M0U&lc=UgxzT_8Vvw2ljOHCfph4AaABAg,UgxzT_8Vvw2ljOHCfph4AaABAg,UCd83g5cGg_Es6Qyl02u7jdw,"Fetched 05/24/2026, 8:08:10 PM GMT+8"
4147,@danielsangalang4416,2 days ago,Patuloy po ang aming pag suporta sa entry po ng Benguet sa INCMV mula po sa kapisanang KADIWA sa Lokal Ng Baguio City.,https://www.youtube.com/watch?v=ROa3kbG5M0U&lc=UgxLP0M124QYLPEH8RN4AaABAg,UgxLP0M124QYLPEH8RN4AaABAg,UCd83g5cGg_Es6Qyl02u7jdw,"Fetched 05/24/2026, 8:08:10 PM GMT+8"
4148,@jeanietugad4595,2 days ago,Enjoy po sa masayang panonood.. Atok Gold.,https://www.youtube.com/watch?v=ROa3kbG5M0U&lc=UgxtdntuTSyPbL_xXSx4AaABAg,UgxtdntuTSyPbL_xXSx4AaABAg,UC4-hT99A9u-aH7hnm5JCSfg,"Fetched 05/24/2026, 8:08:10 PM GMT+8"
4149,@almazanrhyndylyn,2 days ago,Muling sumusuporta. Muling nakikipagkaisa. Muling nakikinig. / Lets Go Benguet 🍓🍓 / Lets Go Kadiwa 💙💙 /  / Lokal ng Norcar,https://www.youtube.com/watch?v=ROa3kbG5M0U&lc=UgymB5W8pdK8ENR-upZ4AaABAg,UgymB5W8pdK8ENR-upZ4AaABAg,UCEoQCNgytnJxjJnAQLSzFeA,"Fetched 05/24/2026, 8:08:10 PM GMT+8"
4150,@jeanietugad4595,2 days ago,"Pagbati po sa lahat,, Rewatching po tayo.... Atok Gold.",https://www.youtube.com/watch?v=ROa3kbG5M0U&lc=UgwAYVpBbRGpSOmKlqR4AaABAg,UgwAYVpBbRGpSOmKlqR4AaABAg,UC4-hT99A9u-aH7hnm5JCSfg,"Fetched 05/24/2026, 8:08:10 PM GMT+8"
4151,@MeekDexterity,2 days ago,greetings po and happy viewing! from Podsos🎉❤,https://www.youtube.com/watch?v=ROa3kbG5M0U&lc=UgyOIEzQk2ODQP9KGdF4AaABAg,UgyOIEzQk2ODQP9KGdF4AaABAg,UCsjeR5lT3v2ma2_gi3SBn3Q,"Fetched 05/24/2026, 8:08:10 PM GMT+8"
4152,@aizelfuchigami842,2 days ago,Go Benguet! / Lokal ng Quezon Hill,https://www.youtube.com/watch?v=ROa3kbG5M0U&lc=UgykIZH4IUl8YUtDGbp4AaABAg,UgykIZH4IUl8YUtDGbp4AaABAg,UCAxDQnCZxAvsB6YgYjSR1nQ,"Fetched 05/24/2026, 8:08:10 PM GMT+8"
4153,@jeanietugad4595,2 days ago,"Hello po sa lahat, Happy watching po, mula sa Atok Gold,, Kalihiman/Registry.",https://www.youtube.com/watch?v=ROa3kbG5M0U&lc=UgxpHhqgBZm96H-gdyp4AaABAg,UgxpHhqgBZm96H-gdyp4AaABAg,UC4-hT99A9u-aH7hnm5JCSfg,"Fetched 05/24/2026, 8:08:10 PM GMT+8"
4154,@EvalynMarquez-wf4ux,2 days ago,🎉🎉🎉🎉,https://www.youtube.com/watch?v=ROa3kbG5M0U&lc=UgzVHILhZg9N7RaAZSt4AaABAg,UgzVHILhZg9N7RaAZSt4AaABAg,UCSvBSfWo4RGm9c7jqH10GhA,"Fetched 05/24/2026, 8:08:10 PM GMT+8"
4155,@dindofavila7833,2 days ago,Hello po sa lahat ng kapatid sa lokal ng Posos. let's fight,https://www.youtube.com/watch?v=ROa3kbG5M0U&lc=UgzwMNGuU-mNS5a10z14AaABAg,UgzwMNGuU-mNS5a10z14AaABAg,UCGLQ_x6NrwmKL5xcB9ABYjQ,"Fetched 05/24/2026, 8:08:10 PM GMT+8"
4156,@MagieFavila,2 days ago,Gandang hapon mga kapatid . Happy viewing po. 😅😅😅,https://www.youtube.com/watch?v=ROa3kbG5M0U&lc=UgyngTZB4GLsYtzxHgR4AaABAg,UgyngTZB4GLsYtzxHgR4AaABAg,UCPxgWF_X8vdxjB9cYpQ6Lew,"Fetched 05/24/2026, 8:08:10 PM GMT+8"
4157,@luningningpescoso4921,2 days ago,"Happy viewing po to all congratulations po Kay Ka Edralix Pescoso at Ka Emmanuel Eque pati Kay Rhyza Gamotlong,mula po sa Lokal ng Lourdes Distrito Ng Benguet",https://www.youtube.com/watch?v=ROa3kbG5M0U&lc=Ugz9v_SaYuWOyyaMxuh4AaABAg,Ugz9v_SaYuWOyyaMxuh4AaABAg,UCNEFZJBC-8ZcT-q6hyiB7Dg,"Fetched 05/24/2026, 8:08:10 PM GMT+8"
4158,@josephlambino4452,2 days ago,God's love  / Happy viewing po mga kapatid from Philex mines  / District of Benguet,https://www.youtube.com/watch?v=ROa3kbG5M0U&lc=Ugw2T20dmEZ8Fdj-r3F4AaABAg,Ugw2T20dmEZ8Fdj-r3F4AaABAg,UCSEeDPjm0M94BsJzVTNTWQQ,"Fetched 05/24/2026, 8:08:10 PM GMT+8"
4159,@mariacristinajimenez8705,2 days ago,Go Benguet.. Happy viewing po mula s Lokal ng mega royale village go!go!go!,https://www.youtube.com/watch?v=ROa3kbG5M0U&lc=UgxkqjwutOWPdNaBzK54AaABAg,UgxkqjwutOWPdNaBzK54AaABAg,UCVbarTHUnbNGC654gSVH8Zg,"Fetched 05/24/2026, 8:08:10 PM GMT+8"
4160,@jonathancatiggay-j6y,2 days ago,"Good afternoon po mga kapatid, patuloy po sa pagsuporta sa INCMV Dito sa lokal Ng pinsao, Go benguet",https://www.youtube.com/watch?v=ROa3kbG5M0U&lc=UgzV5DfT98lhWrmXZi14AaABAg,UgzV5DfT98lhWrmXZi14AaABAg,UCNLAwztd3VgOpHznyW7NcMw,"Fetched 05/24/2026, 8:08:10 PM GMT+8"
4161,@BnHydn_4,2 days ago,🎉❤ La Trinidad ❤🎉,https://www.youtube.com/watch?v=ROa3kbG5M0U&lc=UgydaTWmbvOe6czfNsR4AaABAg,UgydaTWmbvOe6czfNsR4AaABAg,UCBGtwATEAOhJaVSd9_AsgFw,"Fetched 05/24/2026, 8:08:10 PM GMT+8"
4162,@D3sert_R0M,2 days ago,❤❤❤ lokal ng Baguio ❤❤❤,https://www.youtube.com/watch?v=ROa3kbG5M0U&lc=Ugxhxi3XPRVBCv-wcvx4AaABAg,Ugxhxi3XPRVBCv-wcvx4AaABAg,UC1k0KSnUx9XJRL33TGwj4FQ,"Fetched 05/24/2026, 8:08:10 PM GMT+8"
4163,@luibustamante9493,2 days ago,"One of those songs you’ll never get tired of replaying. 🔥 The Lyrics, vocals and the vibes of the production, indeed a great masterpiece✨️✨️ /  /  / Let's Go Benguet🎉🎉🎉 /  / -Kadiwat MT, lokal ng Tuba",https://www.youtube.com/watch?v=ROa3kbG5M0U&lc=UgyJkTu0lnH_H5PHEsd4AaABAg,UgyJkTu0lnH_H5PHEsd4AaABAg,UCFAmrhDmv6rvZrQoYp-IS9w,"Fetched 05/24/2026, 8:08:10 PM GMT+8"
4164,@henrycaranto2644,2 days ago,Shoutout po sa lahat ng KADIWA at BINHI 🎉❤😊 /  / From Lokal ng Baguio City❤,https://www.youtube.com/watch?v=ROa3kbG5M0U&lc=UgyIP__nBvYH_-jbnvF4AaABAg,UgyIP__nBvYH_-jbnvF4AaABAg,UCFilTOy22FklSkBIgwVPVaQ,"Fetched 05/24/2026, 8:08:10 PM GMT+8"
4165,@gwynethcayabyab5981,2 days ago,Patuloy parin po ang panonood🎉 / Lets go benguet / Lets go kadiwa,https://www.youtube.com/watch?v=ROa3kbG5M0U&lc=UgxY1-Huhsrt3iHseat4AaABAg,UgxY1-Huhsrt3iHseat4AaABAg,UCouodNvhL1bfJC2Fz0B_Rcw,"Fetched 05/24/2026, 8:08:10 PM GMT+8"
4166,@yzabelgayadan6013,2 days ago,"happy watching po to all and all KDO , greetings from marcos highway",https://www.youtube.com/watch?v=ROa3kbG5M0U&lc=UgyYGOKKzYEXPdMhbOB4AaABAg,UgyYGOKKzYEXPdMhbOB4AaABAg,UCdZGb4w25RyQ_9_blAErBaQ,"Fetched 05/24/2026, 8:08:10 PM GMT+8"
4167,@BnHydn_4,2 days ago,Lez gow Benguet 🔝 / Lokal ng La Trinidad ❤,https://www.youtube.com/watch?v=ROa3kbG5M0U&lc=UgxSJbL7_sZiMu-O2OZ4AaABAg,UgxSJbL7_sZiMu-O2OZ4AaABAg,UCBGtwATEAOhJaVSd9_AsgFw,"Fetched 05/24/2026, 8:08:10 PM GMT+8"
4168,@jonieyonga-an5239,2 days ago,Manood Po Muna Ng MV na ito Bago ikasal!!🥹,https://www.youtube.com/watch?v=ROa3kbG5M0U&lc=UgwiSzJM9AZlu6M50xB4AaABAg,UgwiSzJM9AZlu6M50xB4AaABAg,UCgUo3JP_Fffuctza4bUumJg,"Fetched 05/24/2026, 8:08:10 PM GMT+8"
4169,@jonieyonga-an5239,2 days ago,Pagbati Po sa lahat Ng mga nanonood ngayon!! / Patuloy Po tayong sumuporta mga Kapatid! /  / Mula Po sa lokal Ng NORCAR!!❤,https://www.youtube.com/watch?v=ROa3kbG5M0U&lc=Ugw8zpW3clN-sJYhaAN4AaABAg,Ugw8zpW3clN-sJYhaAN4AaABAg,UCgUo3JP_Fffuctza4bUumJg,"Fetched 05/24/2026, 8:08:10 PM GMT+8"
4170,@MarlinsVlog,2 days ago (edited),Shout out sister  Jerusa Tubayan local of kias Benguet,https://www.youtube.com/watch?v=ROa3kbG5M0U&lc=UgzC7rn74VghGl-7-0J4AaABAg,UgzC7rn74VghGl-7-0J4AaABAg,UCCkPL-ZIS_KCFwukSagV_2A,"Fetched 05/24/2026, 8:08:10 PM GMT+8"
4171,@alfredoguiang5819,2 days ago,"Gud pm po mga kapatid,happy viewing po mula sa Marcos Hiway,Benguet",https://www.youtube.com/watch?v=ROa3kbG5M0U&lc=UgwDclH6udYbyrQqtux4AaABAg,UgwDclH6udYbyrQqtux4AaABAg,UCXcicHIgZXlT4gvXtL9-mqg,"Fetched 05/24/2026, 8:08:10 PM GMT+8"
4172,@imeldaaustria4444,2 days ago,"Go for God's ❤, Baguio City Locale, Benguet District!",https://www.youtube.com/watch?v=ROa3kbG5M0U&lc=UgzvluxmPirlqju8qmt4AaABAg,UgzvluxmPirlqju8qmt4AaABAg,UCLLWsg_hvNpBXnxsI2TjusQ,"Fetched 05/24/2026, 8:08:10 PM GMT+8"
4173,@almazanrhyndylyn,2 days ago,Lets Go Benguet / Lets Go Kadiwa /  / Labaaaaaaan Benguet  /  / Lokal ng Norcar ❤❤❤❤,https://www.youtube.com/watch?v=ROa3kbG5M0U&lc=UgzeuoLEuiuUgjx7jAB4AaABAg,UgzeuoLEuiuUgjx7jAB4AaABAg,UCEoQCNgytnJxjJnAQLSzFeA,"Fetched 05/24/2026, 8:08:10 PM GMT+8"
4174,@MarlinsVlog,2 days ago,Galing  Benguet  congratulations 🎊 👏 💐 🥳,https://www.youtube.com/watch?v=ROa3kbG5M0U&lc=UgzDORpCqPe6o8LgJ-J4AaABAg,UgzDORpCqPe6o8LgJ-J4AaABAg,UCCkPL-ZIS_KCFwukSagV_2A,"Fetched 05/24/2026, 8:08:10 PM GMT+8"
4175,@jerusatibayan6306,2 days ago,Thank you for the support auntie .. / Regards to all officers  of Wanchai,https://www.youtube.com/watch?v=ROa3kbG5M0U&lc=UgzC7rn74VghGl-7-0J4AaABAg.AX6653UIrubAX66YaVnqi6,UgzC7rn74VghGl-7-0J4AaABAg.AX6653UIrubAX66YaVnqi6,UCSV3g2SAWUOoE_LckoezTBw,"Fetched 05/24/2026, 8:08:10 PM GMT+8"
4176,@akongapopalasipips,2 days ago,"Binabati ko po ang destinado ng aming lokal marcos highway, kapatid na Bryan Panis na patuloy kaming hinuhubog sa ganitong gawain ng Iglesia.",https://www.youtube.com/watch?v=ROa3kbG5M0U&lc=Ugwh5iG4YDh2q0WLoXJ4AaABAg,Ugwh5iG4YDh2q0WLoXJ4AaABAg,UCQG0kuFYYfY_o7VPo6YOlgQ,"Fetched 05/24/2026, 8:08:10 PM GMT+8"
4177,@akongapopalasipips,2 days ago,Maulang araw ngunit patuloy pa din pong nanonood mula dito sa lokal ng Marcos Highway...,https://www.youtube.com/watch?v=ROa3kbG5M0U&lc=UgyV6amgP6sYXLl5wWp4AaABAg,UgyV6amgP6sYXLl5wWp4AaABAg,UCQG0kuFYYfY_o7VPo6YOlgQ,"Fetched 05/24/2026, 8:08:10 PM GMT+8"
4178,@Julskie28,2 days ago,Happy re watching po sa ating lahat! /  / From KADIWAs of Benguet ❤ / Lokal ng Guisad ❤,https://www.youtube.com/watch?v=ROa3kbG5M0U&lc=UgxUj6FOv1rlAgEIE1x4AaABAg,UgxUj6FOv1rlAgEIE1x4AaABAg,UC1nz0UiWHV8lyoQdZtJejeg,"Fetched 05/24/2026, 8:08:10 PM GMT+8"
4179,@gracemartinez3364,2 days ago,"Watching po from Hongkong west, District of Hongkong,shout out po Kay ka Jerusa Tibayan,",https://www.youtube.com/watch?v=ROa3kbG5M0U&lc=Ugz3ef_Ch7rqo7Uo_U94AaABAg,Ugz3ef_Ch7rqo7Uo_U94AaABAg,UCQjZgdWUWq6FN46KVBne17A,"Fetched 05/24/2026, 8:08:10 PM GMT+8"
4180,@julieingosan9881,2 days ago,"Greetings to all brethren!happy viewing po frm.KOWLOON,HONG KONG💚🤍❤",https://www.youtube.com/watch?v=ROa3kbG5M0U&lc=UgxejM4hmHamKfpAlRl4AaABAg,UgxejM4hmHamKfpAlRl4AaABAg,UCsLgi_LzFsE6YOw2VHBGBMA,"Fetched 05/24/2026, 8:08:10 PM GMT+8"
4181,@BnHydn_4,2 days ago,Happy meryeda and happy viewing po mga kapatid 💚  / Lokal ng La Trinidad,https://www.youtube.com/watch?v=ROa3kbG5M0U&lc=UgykxpeG78822VIxc-R4AaABAg,UgykxpeG78822VIxc-R4AaABAg,UCBGtwATEAOhJaVSd9_AsgFw,"Fetched 05/24/2026, 8:08:10 PM GMT+8"
4182,@frederickcauso,2 days ago,Gi Benguet❤,https://www.youtube.com/watch?v=ROa3kbG5M0U&lc=UgyH556T6T5EPLMpP114AaABAg,UgyH556T6T5EPLMpP114AaABAg,UC9UKrTFjf2vc1tt5ZiTpOFw,"Fetched 05/24/2026, 8:08:10 PM GMT+8"
4183,@MylynAllvior,2 days ago (edited),"Happy viewing po mula sa Lokal ng Hongkong West, distrito ng hongkong.. binabati ko  po ang Kapatid na Jerusa Tibayan❤",https://www.youtube.com/watch?v=ROa3kbG5M0U&lc=UgwL3Afz7xeWl-ir5fR4AaABAg,UgwL3Afz7xeWl-ir5fR4AaABAg,UChTGxwtEw2WtHg5ZRO6_6zA,"Fetched 05/24/2026, 8:08:10 PM GMT+8"
4184,@leachristinecruz,2 days ago,"HAPPY VIEWING PO MGA KAPATID, MULA PO SA LOKAL NG AURORA HILL!💗🫶🏻",https://www.youtube.com/watch?v=ROa3kbG5M0U&lc=Ugxuup1mG5pnXYDxdhB4AaABAg,Ugxuup1mG5pnXYDxdhB4AaABAg,UCYmobfAMGlFSNKD_aqgP_SA,"Fetched 05/24/2026, 8:08:10 PM GMT+8"
4185,@luibustamante9493,2 days ago,Happy viewing po sa Lahat ng Maytungkulin sa Lokal ng Tuba esp sa kagawaran ng Mang-aawit at kapisanang Kadiwa /  / Let's Go Benguet🎉🎉🎉,https://www.youtube.com/watch?v=ROa3kbG5M0U&lc=UgxMpU3MbD6GD6u8wtB4AaABAg,UgxMpU3MbD6GD6u8wtB4AaABAg,UCFAmrhDmv6rvZrQoYp-IS9w,"Fetched 05/24/2026, 8:08:10 PM GMT+8"
4186,@jasminedaludado7262,2 days ago,LET'S GO BENGUET🍓 /  / Happy happy viewing po sa lahat!! /  / Pagbati po mula sa mga Maytungkulin sa KADIWA at mga kapatid mula po sa Lokal ng Guisad❤,https://www.youtube.com/watch?v=ROa3kbG5M0U&lc=UgzivfUsyOIFwrkmvwt4AaABAg,UgzivfUsyOIFwrkmvwt4AaABAg,UCA4HVmdH2Xj67gK8nZmpiZg,"Fetched 05/24/2026, 8:08:10 PM GMT+8"
4187,@BnHydn_4,2 days ago,Mamamia!!!!!!💗 Let's go Benguet ♥️  / La Trinidad,https://www.youtube.com/watch?v=ROa3kbG5M0U&lc=UgyXEn4FnUa2dSHB5FN4AaABAg,UgyXEn4FnUa2dSHB5FN4AaABAg,UCBGtwATEAOhJaVSd9_AsgFw,"Fetched 05/24/2026, 8:08:10 PM GMT+8"
4188,@christinemacario-m3e,2 days ago,"Keep watching and supporting po our entry mga kapatid ,Go,go,go / Mula sa lokal po ng norcar",https://www.youtube.com/watch?v=ROa3kbG5M0U&lc=Ugx_pWr45NM9DxBfCIl4AaABAg,Ugx_pWr45NM9DxBfCIl4AaABAg,UC3UsA2GPznUUbrxdR8By_Kg,"Fetched 05/24/2026, 8:08:10 PM GMT+8"
4189,@BnHydn_4,2 days ago,Shoutout po kay  @icecreamnamainit   / Lokal ng La Trinidad ‼️,https://www.youtube.com/watch?v=ROa3kbG5M0U&lc=Ugxo8oMzr2ctwJF5DyB4AaABAg,Ugxo8oMzr2ctwJF5DyB4AaABAg,UCBGtwATEAOhJaVSd9_AsgFw,"Fetched 05/24/2026, 8:08:10 PM GMT+8"
4190,@icecreamnamainit,2 days ago,Akin nlg po ung tsv mug and notebook :)) / - La Trinidad,https://www.youtube.com/watch?v=ROa3kbG5M0U&lc=UgxBye2Z2FhQHamOtSx4AaABAg,UgxBye2Z2FhQHamOtSx4AaABAg,UCEww66QqjZ0WMGEbN0z08eA,"Fetched 05/24/2026, 8:08:10 PM GMT+8"
4191,@BnHydn_4,2 days ago,Wonderful 💯  / Lokal ng La Trinidad,https://www.youtube.com/watch?v=ROa3kbG5M0U&lc=UgznVUN7NncTu7h-blB4AaABAg,UgznVUN7NncTu7h-blB4AaABAg,UCBGtwATEAOhJaVSd9_AsgFw,"Fetched 05/24/2026, 8:08:10 PM GMT+8"
4192,@icecreamnamainit,2 days ago,Good pm po mga kapatid. Happy happy happy happy happy viewing! / - La Trinidad,https://www.youtube.com/watch?v=ROa3kbG5M0U&lc=UgxqoOzmUiBH6npQlKh4AaABAg,UgxqoOzmUiBH6npQlKh4AaABAg,UCEww66QqjZ0WMGEbN0z08eA,"Fetched 05/24/2026, 8:08:10 PM GMT+8"
4193,@CasseySGonzales,2 days ago,Amin pong binabati ang amin pong mga kapatid mula sa iba't ibang lokal na nanonood ngayon. /  / From lokal ng La Trinidad,https://www.youtube.com/watch?v=ROa3kbG5M0U&lc=Ugy2QoL8Rw6wmAAyBT94AaABAg,Ugy2QoL8Rw6wmAAyBT94AaABAg,UCZ_1zJtZfWs6L_NdfNJCvtQ,"Fetched 05/24/2026, 8:08:10 PM GMT+8"
4194,@klienmartingonzales9861,2 days ago,Amin pong binabati ang amin pong sarili dahil kami po ay masigla. Happy watching po from lokal ng La Trinidad,https://www.youtube.com/watch?v=ROa3kbG5M0U&lc=UgyruaBHBd9SPcA4sUJ4AaABAg,UgyruaBHBd9SPcA4sUJ4AaABAg,UCIJSXffobfJsAIrn8hdp5ig,"Fetched 05/24/2026, 8:08:10 PM GMT+8"
4195,@BnHydn_4,2 days ago,G sa Panonood ‼️  / Lokal ng La Trinidad ❤,https://www.youtube.com/watch?v=ROa3kbG5M0U&lc=Ugw3bbMZ_19ZGysbJCx4AaABAg,Ugw3bbMZ_19ZGysbJCx4AaABAg,UCBGtwATEAOhJaVSd9_AsgFw,"Fetched 05/24/2026, 8:08:10 PM GMT+8"
4196,@jerusatibayan6306,2 days ago,Thank you po ka grace..,https://www.youtube.com/watch?v=ROa3kbG5M0U&lc=Ugz3ef_Ch7rqo7Uo_U94AaABAg.AX64AW0yA1xAX64mOFiUBA,Ugz3ef_Ch7rqo7Uo_U94AaABAg.AX64AW0yA1xAX64mOFiUBA,UCSV3g2SAWUOoE_LckoezTBw,"Fetched 05/24/2026, 8:08:10 PM GMT+8"
4197,@jerusatibayan6306,2 days ago,Thank you po ka Julie of kowloon..😊,https://www.youtube.com/watch?v=ROa3kbG5M0U&lc=UgxejM4hmHamKfpAlRl4AaABAg.AX63mkyEn64AX642V9lJ-N,UgxejM4hmHamKfpAlRl4AaABAg.AX63mkyEn64AX642V9lJ-N,UCSV3g2SAWUOoE_LckoezTBw,"Fetched 05/24/2026, 8:08:10 PM GMT+8"
4198,@jerusatibayan6306,2 days ago,Thank you po ka Mylyn❤❤❤ / Miss ko na ang hongkong,https://www.youtube.com/watch?v=ROa3kbG5M0U&lc=UgwL3Afz7xeWl-ir5fR4AaABAg.AX62u2dCrNEAX639GvWQr1,UgwL3Afz7xeWl-ir5fR4AaABAg.AX62u2dCrNEAX639GvWQr1,UCSV3g2SAWUOoE_LckoezTBw,"Fetched 05/24/2026, 8:08:10 PM GMT+8"
4199,@MylynAllvior,2 days ago,​ @jerusatibayan6306 miss ka na dn po ng HONGKONG ka Jeru❤,https://www.youtube.com/watch?v=ROa3kbG5M0U&lc=UgwL3Afz7xeWl-ir5fR4AaABAg.AX62u2dCrNEAX63SDLpi2p,UgwL3Afz7xeWl-ir5fR4AaABAg.AX62u2dCrNEAX63SDLpi2p,UChTGxwtEw2WtHg5ZRO6_6zA,"Fetched 05/24/2026, 8:08:10 PM GMT+8"
4200,@icecreamnamainit,2 days ago,salamat po / - La Trinidad,https://www.youtube.com/watch?v=ROa3kbG5M0U&lc=UgxBye2Z2FhQHamOtSx4AaABAg.AX61PyPv_-_AX61Rkq2udA,UgxBye2Z2FhQHamOtSx4AaABAg.AX61PyPv_-_AX61Rkq2udA,UCEww66QqjZ0WMGEbN0z08eA,"Fetched 05/24/2026, 8:08:10 PM GMT+8"
4201,@icecreamnamainit,2 days ago,owkey / - La Trinidad,https://www.youtube.com/watch?v=ROa3kbG5M0U&lc=UgxBye2Z2FhQHamOtSx4AaABAg.AX61PyPv_-_AX61UWDj_Bk,UgxBye2Z2FhQHamOtSx4AaABAg.AX61PyPv_-_AX61UWDj_Bk,UCEww66QqjZ0WMGEbN0z08eA,"Fetched 05/24/2026, 8:08:10 PM GMT+8"
4202,@icecreamnamainit,2 days ago,"Tara, Benguet (Go, Benguet) / - La Trinidad",https://www.youtube.com/watch?v=ROa3kbG5M0U&lc=UgwfKlaYLtEBGT6SeOB4AaABAg,UgwfKlaYLtEBGT6SeOB4AaABAg,UCEww66QqjZ0WMGEbN0z08eA,"Fetched 05/24/2026, 8:08:10 PM GMT+8"
4203,@BnHydn_4,2 days ago,Incredible ‼️ / La Trinidad,https://www.youtube.com/watch?v=ROa3kbG5M0U&lc=UgzfE2KFBIc8GSkZCot4AaABAg,UgzfE2KFBIc8GSkZCot4AaABAg,UCBGtwATEAOhJaVSd9_AsgFw,"Fetched 05/24/2026, 8:08:10 PM GMT+8"
4204,@klienmartingonzales9861,2 days ago,Shoutout po sa akin😊. Greetings from Lokal ng La Trinidad,https://www.youtube.com/watch?v=ROa3kbG5M0U&lc=Ugz-M-n2bhEeTrSRKeV4AaABAg,Ugz-M-n2bhEeTrSRKeV4AaABAg,UCIJSXffobfJsAIrn8hdp5ig,"Fetched 05/24/2026, 8:08:10 PM GMT+8"
4205,@BnHydn_4,2 days ago,❤  La Trinidad  ❤,https://www.youtube.com/watch?v=ROa3kbG5M0U&lc=UgyzY8CkKZcrnEq6i9R4AaABAg,UgyzY8CkKZcrnEq6i9R4AaABAg,UCBGtwATEAOhJaVSd9_AsgFw,"Fetched 05/24/2026, 8:08:10 PM GMT+8"
4206,@klienmartingonzales9861,2 days ago,"Tell me when it hurts, now tell me. Never give up in times of trial. Greetings from Lokal ng La Trinidad",https://www.youtube.com/watch?v=ROa3kbG5M0U&lc=UgxQqW6YFBzXub8-NfF4AaABAg,UgxQqW6YFBzXub8-NfF4AaABAg,UCIJSXffobfJsAIrn8hdp5ig,"Fetched 05/24/2026, 8:08:10 PM GMT+8"
4207,@BnHydn,2 days ago,Hi /  /  /  /  /  /  /  /  /  /  /  /  /  /  /  /  /  /  /  /  /  /  /  /  /  /  /  /  /  /  /  /  /  /  /  /  /  /  /  /  /  /  /  /  /  /  /  /  /  /  /  /  /  /  /  /  /  /  /  /  /  /  /  /  /  /  /  /  /  /  /  /  /  /  /  /  /  /  /  /  /  /  /  /  /  /  /  /  /  /  /  /  /  /  /  /  /  /  /  /  /  /  /  /  /  /  /  /  /  /  /  /  /  /  /  / La Trinidad,https://www.youtube.com/watch?v=ROa3kbG5M0U&lc=UgyF1yaQr5LwBp4djCV4AaABAg,UgyF1yaQr5LwBp4djCV4AaABAg,UCbVqbfs9vjTS-hPNArDNcFQ,"Fetched 05/24/2026, 8:08:10 PM GMT+8"
4208,@icecreamnamainit,2 days ago,Continuous watching for an MV that's marvelous! / - La Trinidad,https://www.youtube.com/watch?v=ROa3kbG5M0U&lc=Ugxo973lhEPLkCflidV4AaABAg,Ugxo973lhEPLkCflidV4AaABAg,UCEww66QqjZ0WMGEbN0z08eA,"Fetched 05/24/2026, 8:08:10 PM GMT+8"
4209,@klienmartingonzales9861,2 days ago,Masmasarap maghapunan kasama ang panonood ng INCMV. Greetings from Lokal ng La Trinidad,https://www.youtube.com/watch?v=ROa3kbG5M0U&lc=UgzUvPCNITl59vt9WKZ4AaABAg,UgzUvPCNITl59vt9WKZ4AaABAg,UCIJSXffobfJsAIrn8hdp5ig,"Fetched 05/24/2026, 8:08:10 PM GMT+8"
4210,@CasseySGonzales,2 days ago,Hawak na tlaga ng BENGUET ang beat! / From lokal ng La Trinidad,https://www.youtube.com/watch?v=ROa3kbG5M0U&lc=UgzYTB5QsG_FeHukVJt4AaABAg,UgzYTB5QsG_FeHukVJt4AaABAg,UCZ_1zJtZfWs6L_NdfNJCvtQ,"Fetched 05/24/2026, 8:08:10 PM GMT+8"
4211,@BnHydn,2 days ago,La Trinidad,https://www.youtube.com/watch?v=ROa3kbG5M0U&lc=Ugw0p9DUm8by5X8b2SN4AaABAg,Ugw0p9DUm8by5X8b2SN4AaABAg,UCbVqbfs9vjTS-hPNArDNcFQ,"Fetched 05/24/2026, 8:08:10 PM GMT+8"
4212,@Kris-t2c3w,2 days ago,Keep watching and stay safe to all brethren🫶💖🫶! / -Lokal ng La Trinidad,https://www.youtube.com/watch?v=ROa3kbG5M0U&lc=Ugx7-AFoX2XGaAjKe6B4AaABAg,Ugx7-AFoX2XGaAjKe6B4AaABAg,UC2lYdlqDj3_tl0-uR11174A,"Fetched 05/24/2026, 8:08:10 PM GMT+8"
4213,@johnreylucio8970,2 days ago,"Bago sunduin ang mga akay, let's watch this MV mga kapatid, / Mula po sa kadiwa sa lokal ng La Trinidad ❤",https://www.youtube.com/watch?v=ROa3kbG5M0U&lc=UgxyYZ-hNLPqN6B4o-R4AaABAg,UgxyYZ-hNLPqN6B4o-R4AaABAg,UCNMupRD4ySrN336KZpy29OA,"Fetched 05/24/2026, 8:08:10 PM GMT+8"
4214,@klienmartingonzales9861,2 days ago,Shoutout po sa akin😊. Greetings from Lokal ng La Trinidad,https://www.youtube.com/watch?v=ROa3kbG5M0U&lc=UgzRExxBqsZQ3Dc3mhp4AaABAg,UgzRExxBqsZQ3Dc3mhp4AaABAg,UCIJSXffobfJsAIrn8hdp5ig,"Fetched 05/24/2026, 8:08:10 PM GMT+8"
4215,@icecreamnamainit,2 days ago,Mt. Everest can't top our locale's support! / - Locale congregation of La Trinidad,https://www.youtube.com/watch?v=ROa3kbG5M0U&lc=UgwhpUa18_uu1DllyNp4AaABAg,UgwhpUa18_uu1DllyNp4AaABAg,UCEww66QqjZ0WMGEbN0z08eA,"Fetched 05/24/2026, 8:08:10 PM GMT+8"
4216,@drewbatinay1449,2 days ago,Lets go Benguet! Fight Fight Fight! Utmost support from La Trinidad❤,https://www.youtube.com/watch?v=ROa3kbG5M0U&lc=Ugw_mCCcBUh9Kf9g9Gx4AaABAg,Ugw_mCCcBUh9Kf9g9Gx4AaABAg,UCQgz35ptm_7_RPT-Pc80itg,"Fetched 05/24/2026, 8:08:10 PM GMT+8"
4217,@BnHydn,2 days ago,All the way to the Top 🔝  / Lokal ng La Trinidad,https://www.youtube.com/watch?v=ROa3kbG5M0U&lc=UgwxQRAdwQs7fhGOt394AaABAg,UgwxQRAdwQs7fhGOt394AaABAg,UCbVqbfs9vjTS-hPNArDNcFQ,"Fetched 05/24/2026, 8:08:10 PM GMT+8"
4218,@zionangelotorres3905,2 days ago,🇮🇹👍,https://www.youtube.com/watch?v=ROa3kbG5M0U&lc=Ugwy0L1qCt4Xsel-USN4AaABAg,Ugwy0L1qCt4Xsel-USN4AaABAg,UCDa5BQmgiRyCwP06Oah7rrQ,"Fetched 05/24/2026, 8:08:10 PM GMT+8"
4219,@jazz-m7b,2 days ago,Shout out po sa mga buhay na patay ☠️💀🖤  /  / La Trinidad 🌱🐑🍓,https://www.youtube.com/watch?v=ROa3kbG5M0U&lc=UgzUWzx_gf8hZqz2fu54AaABAg,UgzUWzx_gf8hZqz2fu54AaABAg,UCNB-zyitm7U6Yt835DEKclA,"Fetched 05/24/2026, 8:08:10 PM GMT+8"
4220,@icecreamnamainit,2 days ago,Dba broouuwwe / - La Trinidad,https://www.youtube.com/watch?v=ROa3kbG5M0U&lc=UgyUpLguGgAMTYjyUKt4AaABAg,UgyUpLguGgAMTYjyUKt4AaABAg,UCEww66QqjZ0WMGEbN0z08eA,"Fetched 05/24/2026, 8:08:10 PM GMT+8"
4221,@BnHydn,2 days ago,Loaf bread or cheese bread? Malunggay pandesal / -lokal ng La Trinidad ❤,https://www.youtube.com/watch?v=ROa3kbG5M0U&lc=UgwTOmWuFl5TYFLfBqp4AaABAg,UgwTOmWuFl5TYFLfBqp4AaABAg,UCbVqbfs9vjTS-hPNArDNcFQ,"Fetched 05/24/2026, 8:08:10 PM GMT+8"
4222,@CasseySGonzales,2 days ago,Asan na raw po yung sticker paper,https://www.youtube.com/watch?v=ROa3kbG5M0U&lc=UgxyYZ-hNLPqN6B4o-R4AaABAg.AX60Q-f2pB4AX60_VfEqa9,UgxyYZ-hNLPqN6B4o-R4AaABAg.AX60Q-f2pB4AX60_VfEqa9,UCZ_1zJtZfWs6L_NdfNJCvtQ,"Fetched 05/24/2026, 8:08:10 PM GMT+8"
4223,@drewbatinay1449,2 days ago,asan na po ang sticker paperrr,https://www.youtube.com/watch?v=ROa3kbG5M0U&lc=UgxyYZ-hNLPqN6B4o-R4AaABAg.AX60Q-f2pB4AX60bCCT27l,UgxyYZ-hNLPqN6B4o-R4AaABAg.AX60Q-f2pB4AX60bCCT27l,UCQgz35ptm_7_RPT-Pc80itg,"Fetched 05/24/2026, 8:08:10 PM GMT+8"
4224,@BnHydn,2 days ago,Asan po yung sticker paper?,https://www.youtube.com/watch?v=ROa3kbG5M0U&lc=UgxyYZ-hNLPqN6B4o-R4AaABAg.AX60Q-f2pB4AX60ebsbKus,UgxyYZ-hNLPqN6B4o-R4AaABAg.AX60Q-f2pB4AX60ebsbKus,UCbVqbfs9vjTS-hPNArDNcFQ,"Fetched 05/24/2026, 8:08:10 PM GMT+8"
4225,@axeliee-m5u,2 days ago,"san na po kau, yung sticker paper",https://www.youtube.com/watch?v=ROa3kbG5M0U&lc=UgxyYZ-hNLPqN6B4o-R4AaABAg.AX60Q-f2pB4AX60iMwOryX,UgxyYZ-hNLPqN6B4o-R4AaABAg.AX60Q-f2pB4AX60iMwOryX,UCxjmGS0yLlCMs4Fe-AqbHFw,"Fetched 05/24/2026, 8:08:10 PM GMT+8"
4226,@icecreamnamainit,2 days ago,atecco ang sticker paper / - La Trinidad,https://www.youtube.com/watch?v=ROa3kbG5M0U&lc=UgxyYZ-hNLPqN6B4o-R4AaABAg.AX60Q-f2pB4AX60nj7ZodU,UgxyYZ-hNLPqN6B4o-R4AaABAg.AX60Q-f2pB4AX60nj7ZodU,UCEww66QqjZ0WMGEbN0z08eA,"Fetched 05/24/2026, 8:08:10 PM GMT+8"
4227,@klienmartingonzales9861,2 days ago,Masmasarap maghapunan kasama ang panonood ng INCMV. Greetings from Lokal ng La Trinidad,https://www.youtube.com/watch?v=ROa3kbG5M0U&lc=Ugyn0mCXub16zLcAuyR4AaABAg,Ugyn0mCXub16zLcAuyR4AaABAg,UCIJSXffobfJsAIrn8hdp5ig,"Fetched 05/24/2026, 8:08:10 PM GMT+8"
4228,@Kris-t2c3w,2 days ago,Patuloy po ang aming pagsuporta at pagmamahal sa Benguet 🫶💖🫶!!! / -Lokal ng La Trinidad 🤍🌿,https://www.youtube.com/watch?v=ROa3kbG5M0U&lc=UgwRvCI0q0J2MfNOgm94AaABAg,UgwRvCI0q0J2MfNOgm94AaABAg,UC2lYdlqDj3_tl0-uR11174A,"Fetched 05/24/2026, 8:08:10 PM GMT+8"
4229,@klienmartingonzales9861,2 days ago,Binabati ko po ang aking sarili dahil mahalaga ang mahalin ang sarili para may lakas sa paglilingkod😊. Greetings from Lokal ng La Trinidad,https://www.youtube.com/watch?v=ROa3kbG5M0U&lc=UgxnJ1LkuUAUyaVQr194AaABAg,UgxnJ1LkuUAUyaVQr194AaABAg,UCIJSXffobfJsAIrn8hdp5ig,"Fetched 05/24/2026, 8:08:10 PM GMT+8"
4230,@kristine4717,2 days ago,"Tuloy tuloy lang po ang panunuod. Let's get it to :finger-red-number-one::medal-yellow-first-red::trophy-yellow-smiling: Viewership support period still ongoing until May 28!! Pagbati po mula po sa lokal ng Megaroyale, Distrito ng Benguet",https://www.youtube.com/watch?v=ROa3kbG5M0U&lc=UgyJVYF3F3WPhh_Vwrp4AaABAg,UgyJVYF3F3WPhh_Vwrp4AaABAg,UC3iiMgyZRl-v41Mzegf98yw,"Fetched 05/24/2026, 8:08:10 PM GMT+8"
4231,@jazz-m7b,2 days ago,Shout out po sa mga buhay na patay ☠️💀 /  / La Trinidad 🌱🐑🍓,https://www.youtube.com/watch?v=ROa3kbG5M0U&lc=UgybWhbE_S0X-OpfUaB4AaABAg,UgybWhbE_S0X-OpfUaB4AaABAg,UCNB-zyitm7U6Yt835DEKclA,"Fetched 05/24/2026, 8:08:10 PM GMT+8"
4232,@icecreamnamainit,2 days ago,"Masarap ang aking feeling, when this MV is playing  / - La Trinidad",https://www.youtube.com/watch?v=ROa3kbG5M0U&lc=UgwcQsxpgVwhnu3EsOJ4AaABAg,UgwcQsxpgVwhnu3EsOJ4AaABAg,UCEww66QqjZ0WMGEbN0z08eA,"Fetched 05/24/2026, 8:08:10 PM GMT+8"
4233,@BnHydn,2 days ago,📺 ☀️🕜Gud PM mga Kabagis / Sumusuporta mula sa lokal ng La Trinidad ❤,https://www.youtube.com/watch?v=ROa3kbG5M0U&lc=UgzxsWXuPUk7uPcF_gh4AaABAg,UgzxsWXuPUk7uPcF_gh4AaABAg,UCbVqbfs9vjTS-hPNArDNcFQ,"Fetched 05/24/2026, 8:08:10 PM GMT+8"
4234,@jazz-m7b,2 days ago,Shout out po sa mga buhay na patay 💀☠️ /  / La Trinidad 🌱🐑🍓,https://www.youtube.com/watch?v=ROa3kbG5M0U&lc=UgyQS83AgDIUUtZAxY94AaABAg,UgyQS83AgDIUUtZAxY94AaABAg,UCNB-zyitm7U6Yt835DEKclA,"Fetched 05/24/2026, 8:08:10 PM GMT+8"
4235,@icecreamnamainit,2 days ago,Advance dinner mga kapatid! / - La Trinidad,https://www.youtube.com/watch?v=ROa3kbG5M0U&lc=UgztdekdUetsk-uvEXV4AaABAg,UgztdekdUetsk-uvEXV4AaABAg,UCEww66QqjZ0WMGEbN0z08eA,"Fetched 05/24/2026, 8:08:10 PM GMT+8"
4236,@runasrochelle6192,2 days ago,🎉🎉🎉🎉🎉🎉🎉🎉🎉🎉kahit na sa work di nakakaswa makinig,https://www.youtube.com/watch?v=ROa3kbG5M0U&lc=UgyAp3GyLsJWCim7ZyV4AaABAg,UgyAp3GyLsJWCim7ZyV4AaABAg,UC9MsSmLTRBKS6L9lCFoG_RQ,"Fetched 05/24/2026, 8:08:10 PM GMT+8"
4237,@CasseySGonzales,2 days ago,Happy Birthday Bunso more years to come po❤❤❤❤ / From lokal ng La Trinidad,https://www.youtube.com/watch?v=ROa3kbG5M0U&lc=UgxsHas9OvpaUmgUJIF4AaABAg,UgxsHas9OvpaUmgUJIF4AaABAg,UCZ_1zJtZfWs6L_NdfNJCvtQ,"Fetched 05/24/2026, 8:08:10 PM GMT+8"
4238,@BnHydn,2 days ago,Shawtawt sa mga tulog / -Lokal ng La Trinidad ❤,https://www.youtube.com/watch?v=ROa3kbG5M0U&lc=UgwdhOXx8lOFgvh42594AaABAg,UgwdhOXx8lOFgvh42594AaABAg,UCbVqbfs9vjTS-hPNArDNcFQ,"Fetched 05/24/2026, 8:08:10 PM GMT+8"
4239,@klienmartingonzales9861,2 days ago,Masmasarap maghapunan kasama ang panonood ng INCMV. Greetings from Lokal ng La Trinidad,https://www.youtube.com/watch?v=ROa3kbG5M0U&lc=Ugylh8MuoklPDpenS7d4AaABAg,Ugylh8MuoklPDpenS7d4AaABAg,UCIJSXffobfJsAIrn8hdp5ig,"Fetched 05/24/2026, 8:08:10 PM GMT+8"
4240,@icecreamnamainit,2 days ago,Greetings po sa lahat ng mga mabuting tao diyan.  / - La Trinidad,https://www.youtube.com/watch?v=ROa3kbG5M0U&lc=Ugxmhn6lew3-ZYaLJel4AaABAg,Ugxmhn6lew3-ZYaLJel4AaABAg,UCEww66QqjZ0WMGEbN0z08eA,"Fetched 05/24/2026, 8:08:10 PM GMT+8"
4241,@Kris-t2c3w,2 days ago,Magandang araw sa ating lahat😊 ! Happy viewing to all brethren mula sa Lokal ng La Trinidad 🫶💖🫶,https://www.youtube.com/watch?v=ROa3kbG5M0U&lc=UgwwfHVgj-7jpTjs3M54AaABAg,UgwwfHVgj-7jpTjs3M54AaABAg,UC2lYdlqDj3_tl0-uR11174A,"Fetched 05/24/2026, 8:08:10 PM GMT+8"
4242,@BnHydn,2 days ago,Shoutout sa mga gising / La Trinidad ❤,https://www.youtube.com/watch?v=ROa3kbG5M0U&lc=Ugzq_IxCvW0UFxPb1x94AaABAg,Ugzq_IxCvW0UFxPb1x94AaABAg,UCbVqbfs9vjTS-hPNArDNcFQ,"Fetched 05/24/2026, 8:08:10 PM GMT+8"
4243,@drewbatinay1449,2 days ago,Let’s Go Benguet! Laban lokal ng La Trinidad❤❤,https://www.youtube.com/watch?v=ROa3kbG5M0U&lc=Ugxntfske7V1QLxMSTZ4AaABAg,Ugxntfske7V1QLxMSTZ4AaABAg,UCQgz35ptm_7_RPT-Pc80itg,"Fetched 05/24/2026, 8:08:10 PM GMT+8"
4244,@CasseySGonzales,2 days ago,Happy Viewing po from lokal ng La Trinidad / Shout out po sa isa jan /  / From lokal ng La Trinidad,https://www.youtube.com/watch?v=ROa3kbG5M0U&lc=Ugy-dZY2znHTehjOrGV4AaABAg,Ugy-dZY2znHTehjOrGV4AaABAg,UCZ_1zJtZfWs6L_NdfNJCvtQ,"Fetched 05/24/2026, 8:08:10 PM GMT+8"
4245,@klienmartingonzales9861,2 days ago,Shoutout po sa akin😊. Greetings from Lokal ng La Trinidad,https://www.youtube.com/watch?v=ROa3kbG5M0U&lc=UgyvrHac2cGLmzPNCuV4AaABAg,UgyvrHac2cGLmzPNCuV4AaABAg,UCIJSXffobfJsAIrn8hdp5ig,"Fetched 05/24/2026, 8:08:10 PM GMT+8"
4246,@BnHydn,2 days ago,"Ako po si Ben Hayden Gao-an, Mula sa Lokal ng La Trinidad , Kapisanang BINHI ‼️",https://www.youtube.com/watch?v=ROa3kbG5M0U&lc=UgyQHVuQKDWKQcafD1p4AaABAg,UgyQHVuQKDWKQcafD1p4AaABAg,UCbVqbfs9vjTS-hPNArDNcFQ,"Fetched 05/24/2026, 8:08:10 PM GMT+8"
4247,@klienmartingonzales9861,2 days ago,Shoutout po sa akin😊. Greetings from Lokal ng La Trinidad,https://www.youtube.com/watch?v=ROa3kbG5M0U&lc=Ugw3WLREtMKWlxmCF654AaABAg,Ugw3WLREtMKWlxmCF654AaABAg,UCIJSXffobfJsAIrn8hdp5ig,"Fetched 05/24/2026, 8:08:10 PM GMT+8"
4248,@runasrochelle6192,2 days ago,🎉🎉🎉🎉🎉🎉🎉tublay benguet,https://www.youtube.com/watch?v=ROa3kbG5M0U&lc=UgxoVnPsEjk1aan8-mB4AaABAg,UgxoVnPsEjk1aan8-mB4AaABAg,UC9MsSmLTRBKS6L9lCFoG_RQ,"Fetched 05/24/2026, 8:08:10 PM GMT+8"
4249,@ShanelleJoyce,2 days ago,"Hello po, from Lokal ng La Trinidad!! ☺️",https://www.youtube.com/watch?v=ROa3kbG5M0U&lc=UgzoV8FddoC41AF_Cix4AaABAg,UgzoV8FddoC41AF_Cix4AaABAg,UCPFzftcMZUvY4QAz4iKdy9Q,"Fetched 05/24/2026, 8:08:10 PM GMT+8"
4250,@PELITANJennyClaireT,2 days ago,Pagbati po mula sa akin.  / - La Trinidad,https://www.youtube.com/watch?v=ROa3kbG5M0U&lc=UgxwrqDHwjFh11E-HdB4AaABAg,UgxwrqDHwjFh11E-HdB4AaABAg,UCsVZgGkRnNqeIIOLxHiFR7A,"Fetched 05/24/2026, 8:08:10 PM GMT+8"
4251,@icecreamnamainit,2 days ago,Kaya natin to talaga Benguet  / - La Trinidad,https://www.youtube.com/watch?v=ROa3kbG5M0U&lc=UgxHpO8CBYKtVXPrapd4AaABAg,UgxHpO8CBYKtVXPrapd4AaABAg,UCEww66QqjZ0WMGEbN0z08eA,"Fetched 05/24/2026, 8:08:10 PM GMT+8"
4252,@BnHydn,2 days ago (edited),180° flat straight to top 1 Benguet  / Lokal ng La Trinidad,https://www.youtube.com/watch?v=ROa3kbG5M0U&lc=Ugx-zAy7XuhEStKDD4t4AaABAg,Ugx-zAy7XuhEStKDD4t4AaABAg,UCbVqbfs9vjTS-hPNArDNcFQ,"Fetched 05/24/2026, 8:08:10 PM GMT+8"
4253,@elle.1914,2 days ago,Greetings po from all Kadiwa Officers! /  / From Lokal ng Gibraltar,https://www.youtube.com/watch?v=ROa3kbG5M0U&lc=UgwN40AC8zG_vEs3vIl4AaABAg,UgwN40AC8zG_vEs3vIl4AaABAg,UCTpq1TVl2hklh10PE8QqVhw,"Fetched 05/24/2026, 8:08:10 PM GMT+8"
4254,@Julskie28,2 days ago,Benguet fight fight fight! /  / Let's Go Benguet ❤ /  / Happy viewing po sa ating lahat! /  / From KADIWAs of benguet ❤ / Lokal ng Guisad,https://www.youtube.com/watch?v=ROa3kbG5M0U&lc=Ugzh362U90qoGUKEHgp4AaABAg,Ugzh362U90qoGUKEHgp4AaABAg,UC1nz0UiWHV8lyoQdZtJejeg,"Fetched 05/24/2026, 8:08:10 PM GMT+8"
4255,@klienmartingonzales9861,2 days ago,Masmasarap maghapunan kasama ang panonood ng INCMV. Greetings from Lokal ng La Trinidad,https://www.youtube.com/watch?v=ROa3kbG5M0U&lc=UgzC7id-OtqEfTXZpDp4AaABAg,UgzC7id-OtqEfTXZpDp4AaABAg,UCIJSXffobfJsAIrn8hdp5ig,"Fetched 05/24/2026, 8:08:10 PM GMT+8"
4256,@PELITANJennyClaireT,2 days ago,God always has our back! -- including the pain in our back 🫶 / - La Trinidad,https://www.youtube.com/watch?v=ROa3kbG5M0U&lc=UgwiBUyUvpSrJDJeqpN4AaABAg,UgwiBUyUvpSrJDJeqpN4AaABAg,UCsVZgGkRnNqeIIOLxHiFR7A,"Fetched 05/24/2026, 8:08:10 PM GMT+8"
4257,@ehdwow318,2 days ago,"Go Benguet! Let’s make it to the number one spot! Amazing production, talent, and creativity all around. Happy viewing from lokal ng Megaroyale, Distrito ng Benguet ❤❤❤❤",https://www.youtube.com/watch?v=ROa3kbG5M0U&lc=UgxitW7i8_UEnzrdtzh4AaABAg,UgxitW7i8_UEnzrdtzh4AaABAg,UCiwATwwRZ8TCez4FYmw9s0Q,"Fetched 05/24/2026, 8:08:10 PM GMT+8"
4258,@jazz-m7b,2 days ago (edited),Shout out din po sakin na mabait 😊😊😊 /  / La Trinidad,https://www.youtube.com/watch?v=ROa3kbG5M0U&lc=Ugwgy4Isci4iIsmgwQd4AaABAg,Ugwgy4Isci4iIsmgwQd4AaABAg,UCNB-zyitm7U6Yt835DEKclA,"Fetched 05/24/2026, 8:08:10 PM GMT+8"
4259,@axeliee-m5u,2 days ago,Greetings 🤗  / Binhi 🌱  / La Trinidad 🥀,https://www.youtube.com/watch?v=ROa3kbG5M0U&lc=UgxU26onqiQDXzk-0mh4AaABAg,UgxU26onqiQDXzk-0mh4AaABAg,UCxjmGS0yLlCMs4Fe-AqbHFw,"Fetched 05/24/2026, 8:08:10 PM GMT+8"
4260,@Kris-t2c3w,2 days ago,"Fight, fight, fight🫶🫶🫶!!! Let's go Benguet 🤍🌿 / -Lokal ng La Trinidad",https://www.youtube.com/watch?v=ROa3kbG5M0U&lc=UgyWaEKizEPO-ox2fed4AaABAg,UgyWaEKizEPO-ox2fed4AaABAg,UC2lYdlqDj3_tl0-uR11174A,"Fetched 05/24/2026, 8:08:10 PM GMT+8"
4261,@BnHydn,2 days ago,🔺1 Benguet  / La Trinidad,https://www.youtube.com/watch?v=ROa3kbG5M0U&lc=UgxWcJ-ZtnQUoJw26tZ4AaABAg,UgxWcJ-ZtnQUoJw26tZ4AaABAg,UCbVqbfs9vjTS-hPNArDNcFQ,"Fetched 05/24/2026, 8:08:10 PM GMT+8"
4262,@jazz-m7b,2 days ago,Slamat po sa nag shout out sakin  /  / Thank you po ☺️☺️☺️  / Binhi  / La Trinidad,https://www.youtube.com/watch?v=ROa3kbG5M0U&lc=Ugy1jirxq8T1ss7iYYZ4AaABAg,Ugy1jirxq8T1ss7iYYZ4AaABAg,UCNB-zyitm7U6Yt835DEKclA,"Fetched 05/24/2026, 8:08:10 PM GMT+8"
4263,@icecreamnamainit,2 days ago,Horizontal 8 over ten talaga / - La Trinidad,https://www.youtube.com/watch?v=ROa3kbG5M0U&lc=UgxRMmBVNJ6v0JflwZB4AaABAg,UgxRMmBVNJ6v0JflwZB4AaABAg,UCEww66QqjZ0WMGEbN0z08eA,"Fetched 05/24/2026, 8:08:10 PM GMT+8"
4264,@klienmartingonzales9861,2 days ago,"Shoutout po sa akin, Greetings from Lokal ng La Trinidad",https://www.youtube.com/watch?v=ROa3kbG5M0U&lc=UgwFPrXSDJVtkowGzdV4AaABAg,UgwFPrXSDJVtkowGzdV4AaABAg,UCIJSXffobfJsAIrn8hdp5ig,"Fetched 05/24/2026, 8:08:10 PM GMT+8"
4265,@drewbatinay1449,2 days ago,Happy Viewing from the beautiful locale of La Trinidad!❤,https://www.youtube.com/watch?v=ROa3kbG5M0U&lc=UgwilOwd4RmQgF6wkAd4AaABAg,UgwilOwd4RmQgF6wkAd4AaABAg,UCQgz35ptm_7_RPT-Pc80itg,"Fetched 05/24/2026, 8:08:10 PM GMT+8"
4266,@BnHydn,2 days ago,Sobrang pogi ni Jazznel / La Trinidad ❤,https://www.youtube.com/watch?v=ROa3kbG5M0U&lc=UgzDtqCzkzqEGLM5JE94AaABAg,UgzDtqCzkzqEGLM5JE94AaABAg,UCbVqbfs9vjTS-hPNArDNcFQ,"Fetched 05/24/2026, 8:08:10 PM GMT+8"
4267,@CasseySGonzales,2 days ago,top tier production as always 🫶✨ love from Lokal ng La Trinidad,https://www.youtube.com/watch?v=ROa3kbG5M0U&lc=UgzJoddootUh6U5TwTV4AaABAg,UgzJoddootUh6U5TwTV4AaABAg,UCZ_1zJtZfWs6L_NdfNJCvtQ,"Fetched 05/24/2026, 8:08:10 PM GMT+8"
4268,@henrycaranto2644,2 days ago,Let’s Go Benguet🎉😊 /  / Tuloy tuloy lang po tayo😊 /  / From lokal ng Baguio and Kadiwa Officers❤,https://www.youtube.com/watch?v=ROa3kbG5M0U&lc=Ugyo3f_rF44SbyvryjZ4AaABAg,Ugyo3f_rF44SbyvryjZ4AaABAg,UCFilTOy22FklSkBIgwVPVaQ,"Fetched 05/24/2026, 8:08:10 PM GMT+8"
4269,@Rochellebalingao,2 days ago,Let's gow Benguet!! Watching from Loakan Airport🎉🎉🎉,https://www.youtube.com/watch?v=ROa3kbG5M0U&lc=Ugx4lQgc80dSXy9vdtx4AaABAg,Ugx4lQgc80dSXy9vdtx4AaABAg,UCn2RLDeoruL1TzAnGu5V1og,"Fetched 05/24/2026, 8:08:10 PM GMT+8"
4270,@ehdwow318,2 days ago,"Go Benguet! Let’s make it to the number one spot! Amazing production, talent, and creativity all around. Happy viewing from lokal ng Megaroyale, Distrito ng Benguet ❤❤❤❤",https://www.youtube.com/watch?v=ROa3kbG5M0U&lc=Ugy7fPcdXHvKyvW-91t4AaABAg,Ugy7fPcdXHvKyvW-91t4AaABAg,UCiwATwwRZ8TCez4FYmw9s0Q,"Fetched 05/24/2026, 8:08:10 PM GMT+8"
4271,@Kris-t2c3w,2 days ago,Sigaw palabas kay Kapatid na Jazznel na hindi umaya kumain!  / -Lokal ng La Trinidad 🫶🫶🫶,https://www.youtube.com/watch?v=ROa3kbG5M0U&lc=UgznZczR8zUZ1QvXKDF4AaABAg,UgznZczR8zUZ1QvXKDF4AaABAg,UC2lYdlqDj3_tl0-uR11174A,"Fetched 05/24/2026, 8:08:10 PM GMT+8"
4272,@icecreamnamainit,2 days ago (edited),Sigaw palabas kay Ka. Jazznel Orden ng La Trinidad! / - La Trinidad🎉,https://www.youtube.com/watch?v=ROa3kbG5M0U&lc=UgwdnOXLp5usuoDHqHp4AaABAg,UgwdnOXLp5usuoDHqHp4AaABAg,UCEww66QqjZ0WMGEbN0z08eA,"Fetched 05/24/2026, 8:08:10 PM GMT+8"
4273,@axeliee-m5u,2 days ago,Shout out po kay Jazznel Orden na ndi nag-aya kumain 🤗 /  / La Trinidad,https://www.youtube.com/watch?v=ROa3kbG5M0U&lc=UgyqgTbiM3LSPy75ydR4AaABAg,UgyqgTbiM3LSPy75ydR4AaABAg,UCxjmGS0yLlCMs4Fe-AqbHFw,"Fetched 05/24/2026, 8:08:10 PM GMT+8"
4274,@CasseySGonzales,2 days ago,Happy Birthday bunso / Shout out po kay ka Jazznel Orden na future pangulong Binhi /  / From lokal ng La Trinidad,https://www.youtube.com/watch?v=ROa3kbG5M0U&lc=UgyA3CHAr3Hrhbfq_DV4AaABAg,UgyA3CHAr3Hrhbfq_DV4AaABAg,UCZ_1zJtZfWs6L_NdfNJCvtQ,"Fetched 05/24/2026, 8:08:10 PM GMT+8"
4275,@BnHydn,2 days ago,Shoutout po kay ka Jazznel Orden na hindi nag aya ng pagkain🎉🎉🎉🎉🎉🎉🎉🎉🎉🎉🎉🎉🎉🎉🎉🎉 / -Lokal ng La Trinidad,https://www.youtube.com/watch?v=ROa3kbG5M0U&lc=Ugy6vrn4GHAaYsWVIrV4AaABAg,Ugy6vrn4GHAaYsWVIrV4AaABAg,UCbVqbfs9vjTS-hPNArDNcFQ,"Fetched 05/24/2026, 8:08:10 PM GMT+8"
4276,@ehdwow318,2 days ago,Let’s get it to number one!!!!!,https://www.youtube.com/watch?v=ROa3kbG5M0U&lc=UgxzymVa3ibvXLBJZOl4AaABAg,UgxzymVa3ibvXLBJZOl4AaABAg,UCiwATwwRZ8TCez4FYmw9s0Q,"Fetched 05/24/2026, 8:08:10 PM GMT+8"
4277,@icecreamnamainit,2 days ago,Happy birthday bunso!! / - La Trinidad,https://www.youtube.com/watch?v=ROa3kbG5M0U&lc=UgweMuM_TZ35DE8POsJ4AaABAg,UgweMuM_TZ35DE8POsJ4AaABAg,UCEww66QqjZ0WMGEbN0z08eA,"Fetched 05/24/2026, 8:08:10 PM GMT+8"
4278,@BnHydn,2 days ago,"Api bortdey La Trinidad,🎉",https://www.youtube.com/watch?v=ROa3kbG5M0U&lc=UgxPO6mV1vgAioKC8M54AaABAg,UgxPO6mV1vgAioKC8M54AaABAg,UCbVqbfs9vjTS-hPNArDNcFQ,"Fetched 05/24/2026, 8:08:10 PM GMT+8"
4279,@CasseySGonzales,2 days ago,Happy Birthday Bunso!!! / -La Trinidad,https://www.youtube.com/watch?v=ROa3kbG5M0U&lc=UgwXBe8-DQhDHau0sMp4AaABAg,UgwXBe8-DQhDHau0sMp4AaABAg,UCZ_1zJtZfWs6L_NdfNJCvtQ,"Fetched 05/24/2026, 8:08:10 PM GMT+8"
4280,@axeliee-m5u,2 days ago,Happy birthday bunso!! / - La Trinidad,https://www.youtube.com/watch?v=ROa3kbG5M0U&lc=UgyiSwui5kBpc0ybOHd4AaABAg,UgyiSwui5kBpc0ybOHd4AaABAg,UCxjmGS0yLlCMs4Fe-AqbHFw,"Fetched 05/24/2026, 8:08:10 PM GMT+8"
4281,@Kris-t2c3w,2 days ago,Happy Birthday Bunso🫶🫶🫶! / -Lokal ng La Trinidad 💖💖💖,https://www.youtube.com/watch?v=ROa3kbG5M0U&lc=UgzVOCL_gVWyApHQgaB4AaABAg,UgzVOCL_gVWyApHQgaB4AaABAg,UC2lYdlqDj3_tl0-uR11174A,"Fetched 05/24/2026, 8:08:10 PM GMT+8"
4282,@BnHydn,2 days ago,Happy birthday sakin 🎉  / Lokal ng La Trinidad 🎉,https://www.youtube.com/watch?v=ROa3kbG5M0U&lc=Ugw6BC4wUwYzSt743jB4AaABAg,Ugw6BC4wUwYzSt743jB4AaABAg,UCbVqbfs9vjTS-hPNArDNcFQ,"Fetched 05/24/2026, 8:08:10 PM GMT+8"
4283,@axeliee-m5u,2 days ago,Happy birthday 🎂  / - La Trinidad 🥀,https://www.youtube.com/watch?v=ROa3kbG5M0U&lc=UgwCOqfTV9Y6_bws54x4AaABAg,UgwCOqfTV9Y6_bws54x4AaABAg,UCxjmGS0yLlCMs4Fe-AqbHFw,"Fetched 05/24/2026, 8:08:10 PM GMT+8"
4284,@BnHydn,2 days ago,I love this MV  / La Trinidad,https://www.youtube.com/watch?v=ROa3kbG5M0U&lc=UgzsqgvDyFFEBP4cVtx4AaABAg,UgzsqgvDyFFEBP4cVtx4AaABAg,UCbVqbfs9vjTS-hPNArDNcFQ,"Fetched 05/24/2026, 8:08:10 PM GMT+8"
4285,@BnHydn,2 days ago,The Light ⚡  / Lokal ng La Trinidad,https://www.youtube.com/watch?v=ROa3kbG5M0U&lc=UgyQx1OsxsX7xgRV3f54AaABAg,UgyQx1OsxsX7xgRV3f54AaABAg,UCbVqbfs9vjTS-hPNArDNcFQ,"Fetched 05/24/2026, 8:08:10 PM GMT+8"
4286,@icecreamnamainit,2 days ago,Fight or fight? Kahit ano basta wag flight. / - La Trinidad,https://www.youtube.com/watch?v=ROa3kbG5M0U&lc=UgymQE-nr0OECIfcBUF4AaABAg,UgymQE-nr0OECIfcBUF4AaABAg,UCEww66QqjZ0WMGEbN0z08eA,"Fetched 05/24/2026, 8:08:10 PM GMT+8"
4287,@icecreamnamainit,2 days ago,Fight or fight? Kahit ano basta wag flight. / - La Trinidad,https://www.youtube.com/watch?v=ROa3kbG5M0U&lc=UgyAvcwG1M1GU3rZ7p14AaABAg,UgyAvcwG1M1GU3rZ7p14AaABAg,UCEww66QqjZ0WMGEbN0z08eA,"Fetched 05/24/2026, 8:08:10 PM GMT+8"
4288,@PELITANJennyClaireT,2 days ago,Flight or flight? Fight po. / - La Trinidad 🤞,https://www.youtube.com/watch?v=ROa3kbG5M0U&lc=UgzTiKrnwvtG0G43Rld4AaABAg,UgzTiKrnwvtG0G43Rld4AaABAg,UCsVZgGkRnNqeIIOLxHiFR7A,"Fetched 05/24/2026, 8:08:10 PM GMT+8"
4289,@BnHydn,2 days ago,A ma zing   ! / La Trinidad,https://www.youtube.com/watch?v=ROa3kbG5M0U&lc=UgyTynJQ-1AogzM2aqp4AaABAg,UgyTynJQ-1AogzM2aqp4AaABAg,UCbVqbfs9vjTS-hPNArDNcFQ,"Fetched 05/24/2026, 8:08:10 PM GMT+8"
4290,@PELITANJennyClaireT,2 days ago,Flight or flight? Fight po. / - La Trinidad 🤞,https://www.youtube.com/watch?v=ROa3kbG5M0U&lc=Ugy-xgwfgWw6btvSH2h4AaABAg,Ugy-xgwfgWw6btvSH2h4AaABAg,UCsVZgGkRnNqeIIOLxHiFR7A,"Fetched 05/24/2026, 8:08:10 PM GMT+8"
4291,@icecreamnamainit,2 days ago,"Our support may be faint, but it will never fade :)) / - La Trinidad",https://www.youtube.com/watch?v=ROa3kbG5M0U&lc=Ugx_ZYiBzcVMFghrkHt4AaABAg,Ugx_ZYiBzcVMFghrkHt4AaABAg,UCEww66QqjZ0WMGEbN0z08eA,"Fetched 05/24/2026, 8:08:10 PM GMT+8"
4292,@markdionnebautista6070,2 days ago,"Almost every household can relate to it, families struggling to make ends meet, people carrying heavy burdens, and individuals going through difficult seasons in life. The music video beautifully reminds us that in the midst of hardship and uncertainty, what we truly need most is the Lord God and His unfailing love for us. Its message feels deeply genuine and heartfelt, touching the reality of everyday people while inspiring hope, faith, and comfort through God’s presence. /  / Congrats in Advance! Galing!",https://www.youtube.com/watch?v=ROa3kbG5M0U&lc=UgzS7FLTkClTrLsY5kh4AaABAg,UgzS7FLTkClTrLsY5kh4AaABAg,UC-6XahPWPtWsPeSHmDkPMtQ,"Fetched 05/24/2026, 8:08:10 PM GMT+8"
4293,@BnHydn,2 days ago,Greetings mula sa lokal ng La Trinidad 🌟,https://www.youtube.com/watch?v=ROa3kbG5M0U&lc=Ugyq4DYzamaPGVWi-hp4AaABAg,Ugyq4DYzamaPGVWi-hp4AaABAg,UCbVqbfs9vjTS-hPNArDNcFQ,"Fetched 05/24/2026, 8:08:10 PM GMT+8"
4294,@icecreamnamainit,2 days ago,Go Benguet 🎉. Ano tara? / - La Trinidad,https://www.youtube.com/watch?v=ROa3kbG5M0U&lc=UgyP8tapLXHRibT89BZ4AaABAg,UgyP8tapLXHRibT89BZ4AaABAg,UCEww66QqjZ0WMGEbN0z08eA,"Fetched 05/24/2026, 8:08:10 PM GMT+8"
4295,@bernadetteligew9074,2 days ago,Shout out po sa kapisanang Buklod  / #kias,https://www.youtube.com/watch?v=ROa3kbG5M0U&lc=UgwQNYTa84nqk1JqWTR4AaABAg,UgwQNYTa84nqk1JqWTR4AaABAg,UC6vn09nux_X-v6--dq0mSGQ,"Fetched 05/24/2026, 8:08:10 PM GMT+8"
4296,@PELITANJennyClaireT,2 days ago,37k comments milestone! / - La Trinidad,https://www.youtube.com/watch?v=ROa3kbG5M0U&lc=Ugy9aiqZoislMNFSbFJ4AaABAg,Ugy9aiqZoislMNFSbFJ4AaABAg,UCsVZgGkRnNqeIIOLxHiFR7A,"Fetched 05/24/2026, 8:08:10 PM GMT+8"
4297,@BnHydn,2 days ago,🔹 Support  / 🔹 Love / 🔹 Lokal ng La Trinidad,https://www.youtube.com/watch?v=ROa3kbG5M0U&lc=UgzOC3jsXeg-AaMznYV4AaABAg,UgzOC3jsXeg-AaMznYV4AaABAg,UCbVqbfs9vjTS-hPNArDNcFQ,"Fetched 05/24/2026, 8:08:10 PM GMT+8"
4298,@bernadetteligew9074,2 days ago,Happy watching brethren #kias,https://www.youtube.com/watch?v=ROa3kbG5M0U&lc=UgwGhzvKzVzVLSiQ24F4AaABAg,UgwGhzvKzVzVLSiQ24F4AaABAg,UC6vn09nux_X-v6--dq0mSGQ,"Fetched 05/24/2026, 8:08:10 PM GMT+8"
4299,@icecreamnamainit,2 days ago,"Hot or cold, we're always on hold! Greetings from the locale of La Trinidad",https://www.youtube.com/watch?v=ROa3kbG5M0U&lc=UgyzIDDwrtAZ6Gbeihp4AaABAg,UgyzIDDwrtAZ6Gbeihp4AaABAg,UCEww66QqjZ0WMGEbN0z08eA,"Fetched 05/24/2026, 8:08:10 PM GMT+8"
4300,@bernadetteligew9074,2 days ago,Full support from Kias❤,https://www.youtube.com/watch?v=ROa3kbG5M0U&lc=Ugyvz68LR-d4iOqfpxl4AaABAg,Ugyvz68LR-d4iOqfpxl4AaABAg,UC6vn09nux_X-v6--dq0mSGQ,"Fetched 05/24/2026, 8:08:10 PM GMT+8"
4301,@icecreamnamainit,2 days ago,"Gloomy cloud, nevertheless, we're always proud 🎉 / - La Trinidad, Benguet",https://www.youtube.com/watch?v=ROa3kbG5M0U&lc=UgyP42aaQS8Lzer16-d4AaABAg,UgyP42aaQS8Lzer16-d4AaABAg,UCEww66QqjZ0WMGEbN0z08eA,"Fetched 05/24/2026, 8:08:10 PM GMT+8"
4302,@BnHydn,2 days ago,Closer to 50k comments 🎉 / Go Benguet ♥️  / Lokal ng La Trinidad 🌺,https://www.youtube.com/watch?v=ROa3kbG5M0U&lc=Ugz9ZplwgF5S8kZo7Yl4AaABAg,Ugz9ZplwgF5S8kZo7Yl4AaABAg,UCbVqbfs9vjTS-hPNArDNcFQ,"Fetched 05/24/2026, 8:08:10 PM GMT+8"
4303,@bernadetteligew9074,2 days ago,Go Benguet / #kias,https://www.youtube.com/watch?v=ROa3kbG5M0U&lc=UgznMUlJcf_vgS3FUbx4AaABAg,UgznMUlJcf_vgS3FUbx4AaABAg,UC6vn09nux_X-v6--dq0mSGQ,"Fetched 05/24/2026, 8:08:10 PM GMT+8"
4304,@almazanrhyndylyn,2 days ago,Malapit na po uling makalahati ang road to 48k views natin.  /  / Tuloy tuloy po ang pakikipagkaisa 😊😊😊 /  / Lokal ng Norcar at Kapisanang Kadiwa. / Present po 🖐️🖐️,https://www.youtube.com/watch?v=ROa3kbG5M0U&lc=UgyCBMmn3XYzHSTvZWJ4AaABAg,UgyCBMmn3XYzHSTvZWJ4AaABAg,UCEoQCNgytnJxjJnAQLSzFeA,"Fetched 05/24/2026, 8:08:10 PM GMT+8"
4305,@BnHydn,2 days ago,💐 Sending Love 💕 / La Trinidad,https://www.youtube.com/watch?v=ROa3kbG5M0U&lc=Ugxo1AGuwDJ8Mz1ArEN4AaABAg,Ugxo1AGuwDJ8Mz1ArEN4AaABAg,UCbVqbfs9vjTS-hPNArDNcFQ,"Fetched 05/24/2026, 8:08:10 PM GMT+8"
4306,@almazanrhyndylyn,2 days ago,Lets Go Benguet 🍓🍓 / Lets Go Kadiwa 💙💙 /  / Again sending love and support ♥️♥️♥️♥️ /  / Lokal ng Norcar po uli ❤❤❤,https://www.youtube.com/watch?v=ROa3kbG5M0U&lc=Ugwb8lNyKIU0PLH4IYF4AaABAg,Ugwb8lNyKIU0PLH4IYF4AaABAg,UCEoQCNgytnJxjJnAQLSzFeA,"Fetched 05/24/2026, 8:08:10 PM GMT+8"
4307,@BnHydn,2 days ago,L G B ( Let's go Benguet ♥️) / Lokal ng La Trinidad,https://www.youtube.com/watch?v=ROa3kbG5M0U&lc=UgyPWPauXbZaXVWAd7V4AaABAg,UgyPWPauXbZaXVWAd7V4AaABAg,UCbVqbfs9vjTS-hPNArDNcFQ,"Fetched 05/24/2026, 8:08:10 PM GMT+8"
4308,@icecreamnamainit,2 days ago,"Let's get it, Benguet -- u keri da beat 🎉 / - La Trinidad",https://www.youtube.com/watch?v=ROa3kbG5M0U&lc=Ugw1lmrPHW5XKo1Huvd4AaABAg,Ugw1lmrPHW5XKo1Huvd4AaABAg,UCEww66QqjZ0WMGEbN0z08eA,"Fetched 05/24/2026, 8:08:10 PM GMT+8"
4309,@icecreamnamainit,2 days ago,Kaya natin to Benguet. / Pagbati mula sa mga La Trinidad. / - La Trinidad,https://www.youtube.com/watch?v=ROa3kbG5M0U&lc=Ugx5ZtrQPn8cROIroW94AaABAg,Ugx5ZtrQPn8cROIroW94AaABAg,UCEww66QqjZ0WMGEbN0z08eA,"Fetched 05/24/2026, 8:08:10 PM GMT+8"
4310,@BnHydn,2 days ago,#Letsgobenguet / #INCMV / #INCPC /  /  /  /  /  /  /  /  /  /  /  /  /  /  / #Pogiako / - Lokal ng La Trinidad ❤,https://www.youtube.com/watch?v=ROa3kbG5M0U&lc=UgxHHYGArdDQX97FpG54AaABAg,UgxHHYGArdDQX97FpG54AaABAg,UCbVqbfs9vjTS-hPNArDNcFQ,"Fetched 05/24/2026, 8:08:10 PM GMT+8"
4311,@icecreamnamainit,2 days ago,Pagbati po mula sa hearts ng La Trinidad / - La Trinidad,https://www.youtube.com/watch?v=ROa3kbG5M0U&lc=UgybjvVoynDhxXy5C8h4AaABAg,UgybjvVoynDhxXy5C8h4AaABAg,UCEww66QqjZ0WMGEbN0z08eA,"Fetched 05/24/2026, 8:08:10 PM GMT+8"
4312,@runettemacalintal4718,2 days ago,Congratulations District of Benguet! From Lokal ng Yuen Long District of HongKong ❤❤❤,https://www.youtube.com/watch?v=ROa3kbG5M0U&lc=Ugy-lPk7l4GdSswrE8B4AaABAg,Ugy-lPk7l4GdSswrE8B4AaABAg,UC1j7yhPEZliuhUbSHxPf5zA,"Fetched 05/24/2026, 8:08:10 PM GMT+8"
4313,@icecreamnamainit,2 days ago,Go Benguet talaga / - La Trinidad,https://www.youtube.com/watch?v=ROa3kbG5M0U&lc=Ugy_VShj-Z9LGdJ1vO94AaABAg,Ugy_VShj-Z9LGdJ1vO94AaABAg,UCEww66QqjZ0WMGEbN0z08eA,"Fetched 05/24/2026, 8:08:10 PM GMT+8"
4314,@BnHydn,2 days ago,Go Benguet ♥️  / From Locale Congregation of La Trinidad ❤,https://www.youtube.com/watch?v=ROa3kbG5M0U&lc=UgxqGWMrqedyP2x9hZV4AaABAg,UgxqGWMrqedyP2x9hZV4AaABAg,UCbVqbfs9vjTS-hPNArDNcFQ,"Fetched 05/24/2026, 8:08:10 PM GMT+8"
4315,@BnHydn,2 days ago,Watching again🎉 / Lokal ng La Trinidad ❤,https://www.youtube.com/watch?v=ROa3kbG5M0U&lc=UgwWElx44GhvHLiir7V4AaABAg,UgwWElx44GhvHLiir7V4AaABAg,UCbVqbfs9vjTS-hPNArDNcFQ,"Fetched 05/24/2026, 8:08:10 PM GMT+8"
4316,@BnHydn,2 days ago,🆙 Fight Benguet ▪️ / Lokal ng La Trinidad,https://www.youtube.com/watch?v=ROa3kbG5M0U&lc=Ugx8xuwkZ46MtiumdZF4AaABAg,Ugx8xuwkZ46MtiumdZF4AaABAg,UCbVqbfs9vjTS-hPNArDNcFQ,"Fetched 05/24/2026, 8:08:10 PM GMT+8"
4317,@BnHydn,2 days ago,Happy afternoon and happy viewing to everyone ☀️📺  / From Locale of La Trinidad ❤,https://www.youtube.com/watch?v=ROa3kbG5M0U&lc=UgwmYDRuZQxXNGE2MsR4AaABAg,UgwmYDRuZQxXNGE2MsR4AaABAg,UCbVqbfs9vjTS-hPNArDNcFQ,"Fetched 05/24/2026, 8:08:10 PM GMT+8"
4318,@BnHydn,2 days ago,Let's GOOO BENGUET 🍓  / Lokal ng La Trinidad,https://www.youtube.com/watch?v=ROa3kbG5M0U&lc=Ugxx1sSVB5MKdG8QD-94AaABAg,Ugxx1sSVB5MKdG8QD-94AaABAg,UCbVqbfs9vjTS-hPNArDNcFQ,"Fetched 05/24/2026, 8:08:10 PM GMT+8"
4319,@BnHydn,2 days ago,37k comments achieved ‼️💯  / Benguet 🔛🔝🧡  / Lokal ng La Trinidad 💕,https://www.youtube.com/watch?v=ROa3kbG5M0U&lc=UgyX4OK_gdxaRDIQk3t4AaABAg,UgyX4OK_gdxaRDIQk3t4AaABAg,UCbVqbfs9vjTS-hPNArDNcFQ,"Fetched 05/24/2026, 8:08:10 PM GMT+8"
4320,@MitzieyaahBarrato,2 days ago,GO GO GO / Kadiwa BENGUET / Greetings po mula sa Lokal ng Baguio City! 🤍💙,https://www.youtube.com/watch?v=ROa3kbG5M0U&lc=Ugy60iJ5zr17LH2xmfl4AaABAg,Ugy60iJ5zr17LH2xmfl4AaABAg,UCh70oh5BbvseOBOn9SbJ2HA,"Fetched 05/24/2026, 8:08:10 PM GMT+8"
4321,@BnHydn,2 days ago,2.9k lokes achieved ‼️💯  / Let's go Benguet ♥️  / Lokal ng La Trinidad,https://www.youtube.com/watch?v=ROa3kbG5M0U&lc=UgzSbvSRepA2Iw3AvS14AaABAg,UgzSbvSRepA2Iw3AvS14AaABAg,UCbVqbfs9vjTS-hPNArDNcFQ,"Fetched 05/24/2026, 8:08:10 PM GMT+8"
4322,@henrycaranto2644,2 days ago,Shoutout po sa lahat ng Kadiwa at Binhi sa Distriro ng Benguet❤🎉 /  / Tuloy tuloy po tayo. /  / From Kadiwa Officers and Lokal ng Baguio City,https://www.youtube.com/watch?v=ROa3kbG5M0U&lc=UgzacVQOmlYDliBqFzB4AaABAg,UgzacVQOmlYDliBqFzB4AaABAg,UCFilTOy22FklSkBIgwVPVaQ,"Fetched 05/24/2026, 8:08:10 PM GMT+8"
4323,@NancyMoyano-r7u,2 days ago,Let's go Benguet ❤❤❤ / ...more views 🙏🙏🙏  / Baguio City 💖,https://www.youtube.com/watch?v=ROa3kbG5M0U&lc=Ugyy6AymxmW7YmCyvFN4AaABAg,Ugyy6AymxmW7YmCyvFN4AaABAg,UCIZH5g0o-lHJidrq7pdjV5w,"Fetched 05/24/2026, 8:08:10 PM GMT+8"
4324,@NancyMoyano-r7u,2 days ago,Let's go Benguet ❤❤❤ / ... more views 🙏🙏🙏  / # Baguio City 💖,https://www.youtube.com/watch?v=ROa3kbG5M0U&lc=Ugwfh_zn7rkim4gEDth4AaABAg,Ugwfh_zn7rkim4gEDth4AaABAg,UCIZH5g0o-lHJidrq7pdjV5w,"Fetched 05/24/2026, 8:08:10 PM GMT+8"
4325,@Dondon-n6n,2 days ago,Go Loacan / Go Benguet / Fight Figt Fight❤❤❤,https://www.youtube.com/watch?v=ROa3kbG5M0U&lc=UgwWky-HzEKXjlTcEyV4AaABAg,UgwWky-HzEKXjlTcEyV4AaABAg,UC-KpXZLj98-A9XNg091kY1Q,"Fetched 05/24/2026, 8:08:10 PM GMT+8"
4326,@BnHydn,2 days ago,"Let's go Benguet ♥️  / La Trinidad , Full support 🟢⚪🔴",https://www.youtube.com/watch?v=ROa3kbG5M0U&lc=Ugw2frHFo6aOE6TOE0Z4AaABAg,Ugw2frHFo6aOE6TOE0Z4AaABAg,UCbVqbfs9vjTS-hPNArDNcFQ,"Fetched 05/24/2026, 8:08:10 PM GMT+8"
4327,@jerusatibayan6306,2 days ago,Thank you po ka Runette sa panonood at pag like❤,https://www.youtube.com/watch?v=ROa3kbG5M0U&lc=Ugy-lPk7l4GdSswrE8B4AaABAg.AX5xZQo-EcRAX6-KUqVUBK,Ugy-lPk7l4GdSswrE8B4AaABAg.AX5xZQo-EcRAX6-KUqVUBK,UCSV3g2SAWUOoE_LckoezTBw,"Fetched 05/24/2026, 8:08:10 PM GMT+8"
4328,@ehdwow318,2 days ago,"Let’s keep the momentum going! 🔥Viewership support is ongoing until May 28!! 🎥 /  / Keep watching and supporting!! Definitely worth the watch!! /  / Always watching from Lokal ng Megaroyale, Distrito ng Benguet ❤",https://www.youtube.com/watch?v=ROa3kbG5M0U&lc=UgzsJ2Epfc8vqUUpVvp4AaABAg,UgzsJ2Epfc8vqUUpVvp4AaABAg,UCiwATwwRZ8TCez4FYmw9s0Q,"Fetched 05/24/2026, 8:08:10 PM GMT+8"
4329,@VemDeGuzman,2 days ago,Happy viewing po mga kapatid mula po sa Lokal ng Irisan🥰,https://www.youtube.com/watch?v=ROa3kbG5M0U&lc=Ugzw3HU5DOP-SqjOkyd4AaABAg,Ugzw3HU5DOP-SqjOkyd4AaABAg,UC5v7Vmg4QveGOvqjlBdP_dg,"Fetched 05/24/2026, 8:08:10 PM GMT+8"
4330,@VemDeGuzman,2 days ago,Go Benguet !💪 Hello po mga kapatid pagbati mula po sa Lokal ng Irisan🥰,https://www.youtube.com/watch?v=ROa3kbG5M0U&lc=Ugz7LRIe0hZBwLdYjwV4AaABAg,Ugz7LRIe0hZBwLdYjwV4AaABAg,UC5v7Vmg4QveGOvqjlBdP_dg,"Fetched 05/24/2026, 8:08:10 PM GMT+8"
4331,@VemDeGuzman,2 days ago,Let's Go! Hello po mga kapatid pagbati mula po sa Lokal ng Irisan🥰,https://www.youtube.com/watch?v=ROa3kbG5M0U&lc=Ugz9k-j71g3QH12AJ0Z4AaABAg,Ugz9k-j71g3QH12AJ0Z4AaABAg,UC5v7Vmg4QveGOvqjlBdP_dg,"Fetched 05/24/2026, 8:08:10 PM GMT+8"
4332,@VemDeGuzman,2 days ago,Let's Go! Magandang Hapon po mga kapatid mula po sa Lokal ng Irisan🥰,https://www.youtube.com/watch?v=ROa3kbG5M0U&lc=Ugy7Bbwl6oH7N8d4G0d4AaABAg,Ugy7Bbwl6oH7N8d4G0d4AaABAg,UC5v7Vmg4QveGOvqjlBdP_dg,"Fetched 05/24/2026, 8:08:10 PM GMT+8"
4333,@jasminedaludado7262,2 days ago,Happy watching po mga kapatid!! /  / LETS GO BENGUET❤ /  / -mga maytungkulin sa KADIWA ng Lokal ng Guisad,https://www.youtube.com/watch?v=ROa3kbG5M0U&lc=UgwBI27kRwYtKl8kCXB4AaABAg,UgwBI27kRwYtKl8kCXB4AaABAg,UCA4HVmdH2Xj67gK8nZmpiZg,"Fetched 05/24/2026, 8:08:10 PM GMT+8"
4334,@luibustamante9493,2 days ago,Let's Go Benguet🎉🎉 /  / Let's Go Kadiwa💪💪💪 /  /  / -Lokal ng Tuba,https://www.youtube.com/watch?v=ROa3kbG5M0U&lc=Ugzns1xRj6pq5-SeTHl4AaABAg,Ugzns1xRj6pq5-SeTHl4AaABAg,UCFAmrhDmv6rvZrQoYp-IS9w,"Fetched 05/24/2026, 8:08:10 PM GMT+8"
4335,@JohnAndreiBautista-x7k,2 days ago,Happy watching po sa lahat.  /  / Binabati ko po si Kapatid na Jenci Rey Ganuelas na naging katuwang po sa production na ito.  /  / Mula po sa Lokal ng Quezon Hill,https://www.youtube.com/watch?v=ROa3kbG5M0U&lc=UgxMQijNOC5BT86RtSh4AaABAg,UgxMQijNOC5BT86RtSh4AaABAg,UC588CU0WPb3Pn6bQRyPIIiw,"Fetched 05/24/2026, 8:08:10 PM GMT+8"
4336,@ambrosioanofojr4444,2 days ago,Let's Go Benguet! / frm Lokal ng Norcar,https://www.youtube.com/watch?v=ROa3kbG5M0U&lc=UgxR2p6egBtnMqY6lFN4AaABAg,UgxR2p6egBtnMqY6lFN4AaABAg,UCQACOM5LJpxnKpV1DM1bwew,"Fetched 05/24/2026, 8:08:10 PM GMT+8"
4337,@CorneliaRivera-m3h,2 days ago,"Watching from Megaroyale Village,Benguet / Kalihim/Registry💚🤍❤️",https://www.youtube.com/watch?v=ROa3kbG5M0U&lc=UgxkGmvoFgyqSvGlhPt4AaABAg,UgxkGmvoFgyqSvGlhPt4AaABAg,UCsyF3TrQ-UOo5FBiDnQguLQ,"Fetched 05/24/2026, 8:08:10 PM GMT+8"
4338,@NancyMoyano-r7u,2 days ago,"God's Love 💖  / ...more views 🙏🙏🙏  / Baguio City, Benguet ❤❤❤",https://www.youtube.com/watch?v=ROa3kbG5M0U&lc=UgwhsZW_m4T7euA9N_x4AaABAg,UgwhsZW_m4T7euA9N_x4AaABAg,UCIZH5g0o-lHJidrq7pdjV5w,"Fetched 05/24/2026, 8:08:10 PM GMT+8"
4339,@CorneliaRivera-m3h,2 days ago,"Good afternoon po mga kapatid / Megaroyale Village,Benguet / Kalihim/Registry💚🤍❤️",https://www.youtube.com/watch?v=ROa3kbG5M0U&lc=UgyVQ36nP5bIOZBdyJ14AaABAg,UgyVQ36nP5bIOZBdyJ14AaABAg,UCsyF3TrQ-UOo5FBiDnQguLQ,"Fetched 05/24/2026, 8:08:10 PM GMT+8"
4340,@NancyMoyano-r7u,2 days ago,"God's Love 💖  / ...more views 🙏🙏🙏  / Baguio City, Benguet ❤❤❤",https://www.youtube.com/watch?v=ROa3kbG5M0U&lc=UgyaecVR-FdpVBuWN994AaABAg,UgyaecVR-FdpVBuWN994AaABAg,UCIZH5g0o-lHJidrq7pdjV5w,"Fetched 05/24/2026, 8:08:10 PM GMT+8"
4341,@gwynethcayabyab5981,2 days ago,Tuloy po ang pag supporta🎉 / Let’s Go Benguet! 🍓🍓 / Let’s Go KADIWA! 💙,https://www.youtube.com/watch?v=ROa3kbG5M0U&lc=UgyyLuoWud79WPU8GwJ4AaABAg,UgyyLuoWud79WPU8GwJ4AaABAg,UCouodNvhL1bfJC2Fz0B_Rcw,"Fetched 05/24/2026, 8:08:10 PM GMT+8"
4342,@NancyMoyano-r7u,2 days ago,"... Baguio City, Benguet ❤❤❤",https://www.youtube.com/watch?v=ROa3kbG5M0U&lc=UgwtkxLbAmojcPeYSYB4AaABAg,UgwtkxLbAmojcPeYSYB4AaABAg,UCIZH5g0o-lHJidrq7pdjV5w,"Fetched 05/24/2026, 8:08:10 PM GMT+8"
4343,@NancyMoyano-r7u,2 days ago,"... Baguio City, Benguet ❤❤❤",https://www.youtube.com/watch?v=ROa3kbG5M0U&lc=UgxuPi2QOF8_5ntUWvR4AaABAg,UgxuPi2QOF8_5ntUWvR4AaABAg,UCIZH5g0o-lHJidrq7pdjV5w,"Fetched 05/24/2026, 8:08:10 PM GMT+8"
4344,@ZanderMarilao,2 days ago,₉₈₀. TUBLAY 💚🤍❤️,https://www.youtube.com/watch?v=ROa3kbG5M0U&lc=UgzZHA9uQIeOzjj1k8Z4AaABAg,UgzZHA9uQIeOzjj1k8Z4AaABAg,UCv7EFTamFGdRVGJs7wRwFXQ,"Fetched 05/24/2026, 8:08:10 PM GMT+8"
4345,@ZanderMarilao,2 days ago,₉₇₉. TUBLAY 💚🤍❤️,https://www.youtube.com/watch?v=ROa3kbG5M0U&lc=UgydWbrnuEyyVgF6TnB4AaABAg,UgydWbrnuEyyVgF6TnB4AaABAg,UCv7EFTamFGdRVGJs7wRwFXQ,"Fetched 05/24/2026, 8:08:10 PM GMT+8"
4346,@ZanderMarilao,2 days ago,₉₇₈. TUBLAY 💚🤍❤️,https://www.youtube.com/watch?v=ROa3kbG5M0U&lc=UgzJ3K0XMvenRwpXeLB4AaABAg,UgzJ3K0XMvenRwpXeLB4AaABAg,UCv7EFTamFGdRVGJs7wRwFXQ,"Fetched 05/24/2026, 8:08:10 PM GMT+8"
4347,@ZanderMarilao,2 days ago,₉₇₇. TUBLAY 💚🤍❤️,https://www.youtube.com/watch?v=ROa3kbG5M0U&lc=Ugx1VVF_1EB9FoX506B4AaABAg,Ugx1VVF_1EB9FoX506B4AaABAg,UCv7EFTamFGdRVGJs7wRwFXQ,"Fetched 05/24/2026, 8:08:10 PM GMT+8"
4348,@ZanderMarilao,2 days ago,₉₇₆. TUBLAY 💚🤍❤️,https://www.youtube.com/watch?v=ROa3kbG5M0U&lc=Ugw2plGvIzvwnQjn3K14AaABAg,Ugw2plGvIzvwnQjn3K14AaABAg,UCv7EFTamFGdRVGJs7wRwFXQ,"Fetched 05/24/2026, 8:08:10 PM GMT+8"
4349,@gelo4828,2 days ago,Benguet Benguet Benguettt / Full Support From our Lokal of San Luis and All Kadiwa❤,https://www.youtube.com/watch?v=ROa3kbG5M0U&lc=Ugw3zg-oNMYDeFnC7Wt4AaABAg,Ugw3zg-oNMYDeFnC7Wt4AaABAg,UCydnW0LoOckk7rQFQbEbI_g,"Fetched 05/24/2026, 8:08:10 PM GMT+8"
4350,@ZanderMarilao,2 days ago,₉₇₅. TUBLAY 💚🤍❤️,https://www.youtube.com/watch?v=ROa3kbG5M0U&lc=UgzXao1NIaCfYWf90gV4AaABAg,UgzXao1NIaCfYWf90gV4AaABAg,UCv7EFTamFGdRVGJs7wRwFXQ,"Fetched 05/24/2026, 8:08:10 PM GMT+8"
4351,@ZanderMarilao,2 days ago,₉₇₄. TUBLAY 💚🤍❤️,https://www.youtube.com/watch?v=ROa3kbG5M0U&lc=Ugw1fJbT7MYTVI71YAV4AaABAg,Ugw1fJbT7MYTVI71YAV4AaABAg,UCv7EFTamFGdRVGJs7wRwFXQ,"Fetched 05/24/2026, 8:08:10 PM GMT+8"
4352,@ZanderMarilao,2 days ago,₉₇₃. TUBLAY 💚🤍❤️,https://www.youtube.com/watch?v=ROa3kbG5M0U&lc=Ugz_Nemjp6sg4TWhVVd4AaABAg,Ugz_Nemjp6sg4TWhVVd4AaABAg,UCv7EFTamFGdRVGJs7wRwFXQ,"Fetched 05/24/2026, 8:08:10 PM GMT+8"
4353,@ZanderMarilao,2 days ago,₉₇₂. TUBLAY 💚🤍❤️,https://www.youtube.com/watch?v=ROa3kbG5M0U&lc=UgzQdp2Rn3fQOFgCMUN4AaABAg,UgzQdp2Rn3fQOFgCMUN4AaABAg,UCv7EFTamFGdRVGJs7wRwFXQ,"Fetched 05/24/2026, 8:08:10 PM GMT+8"
4354,@ZanderMarilao,2 days ago (edited),₉₇₁. TUBLAY 💚🤍❤️,https://www.youtube.com/watch?v=ROa3kbG5M0U&lc=UgyIUt7g89OSNExDYKp4AaABAg,UgyIUt7g89OSNExDYKp4AaABAg,UCv7EFTamFGdRVGJs7wRwFXQ,"Fetched 05/24/2026, 8:08:10 PM GMT+8"
4355,@ZanderMarilao,2 days ago,₉₇₀. TUBLAY 💚🤍❤️,https://www.youtube.com/watch?v=ROa3kbG5M0U&lc=Ugz8EwCAdJBo1Cn8RsZ4AaABAg,Ugz8EwCAdJBo1Cn8RsZ4AaABAg,UCv7EFTamFGdRVGJs7wRwFXQ,"Fetched 05/24/2026, 8:08:10 PM GMT+8"
4356,@ZanderMarilao,2 days ago,₉₆₉. TUBLAY 💚🤍❤️,https://www.youtube.com/watch?v=ROa3kbG5M0U&lc=Ugzme5sk6TMdG8H5_xl4AaABAg,Ugzme5sk6TMdG8H5_xl4AaABAg,UCv7EFTamFGdRVGJs7wRwFXQ,"Fetched 05/24/2026, 8:08:10 PM GMT+8"
4357,@ZanderMarilao,2 days ago,₉₆₈. TUBLAY 💚🤍❤️,https://www.youtube.com/watch?v=ROa3kbG5M0U&lc=UgyeYQwqGQd0sg57Emh4AaABAg,UgyeYQwqGQd0sg57Emh4AaABAg,UCv7EFTamFGdRVGJs7wRwFXQ,"Fetched 05/24/2026, 8:08:10 PM GMT+8"
4358,@ZanderMarilao,2 days ago,₉₆₇. TUBLAY 💚🤍❤️,https://www.youtube.com/watch?v=ROa3kbG5M0U&lc=Ugyrnjb4Z8qMTeNC5D14AaABAg,Ugyrnjb4Z8qMTeNC5D14AaABAg,UCv7EFTamFGdRVGJs7wRwFXQ,"Fetched 05/24/2026, 8:08:10 PM GMT+8"
4359,@ZanderMarilao,2 days ago,₉₆₆. TUBLAY 💚🤍❤️,https://www.youtube.com/watch?v=ROa3kbG5M0U&lc=UgxtyoOWB8YNV22FV794AaABAg,UgxtyoOWB8YNV22FV794AaABAg,UCv7EFTamFGdRVGJs7wRwFXQ,"Fetched 05/24/2026, 8:08:10 PM GMT+8"
4360,@ZanderMarilao,2 days ago,₉₆₅. TUBLAY 💚🤍❤️,https://www.youtube.com/watch?v=ROa3kbG5M0U&lc=UgxX4DnMYk35g4wR1wx4AaABAg,UgxX4DnMYk35g4wR1wx4AaABAg,UCv7EFTamFGdRVGJs7wRwFXQ,"Fetched 05/24/2026, 8:08:10 PM GMT+8"
4361,@ZanderMarilao,2 days ago,₉₆₄. TUBLAY 💚🤍❤️,https://www.youtube.com/watch?v=ROa3kbG5M0U&lc=UgzcdVg9eNDp3oK9PJl4AaABAg,UgzcdVg9eNDp3oK9PJl4AaABAg,UCv7EFTamFGdRVGJs7wRwFXQ,"Fetched 05/24/2026, 8:08:10 PM GMT+8"
4362,@ZanderMarilao,2 days ago,₉₆₃. TUBLAY 💚🤍❤️,https://www.youtube.com/watch?v=ROa3kbG5M0U&lc=Ugz44CFE6O8XMpGKzDd4AaABAg,Ugz44CFE6O8XMpGKzDd4AaABAg,UCv7EFTamFGdRVGJs7wRwFXQ,"Fetched 05/24/2026, 8:08:10 PM GMT+8"
4363,@ZanderMarilao,2 days ago,₉₆₂. TUBLAY 💚🤍❤️,https://www.youtube.com/watch?v=ROa3kbG5M0U&lc=UgyGYfHYkKk3mQ3KkqB4AaABAg,UgyGYfHYkKk3mQ3KkqB4AaABAg,UCv7EFTamFGdRVGJs7wRwFXQ,"Fetched 05/24/2026, 8:08:10 PM GMT+8"
4364,@ZanderMarilao,2 days ago,₉₆₁. TUBLAY 💚🤍❤️,https://www.youtube.com/watch?v=ROa3kbG5M0U&lc=UgyryiAjYS0E4NbKGIR4AaABAg,UgyryiAjYS0E4NbKGIR4AaABAg,UCv7EFTamFGdRVGJs7wRwFXQ,"Fetched 05/24/2026, 8:08:10 PM GMT+8"
4365,@ZanderMarilao,2 days ago,₉₆₀. TUBLAY 💚🤍❤️,https://www.youtube.com/watch?v=ROa3kbG5M0U&lc=UgzDedLdKXeXBaWhcNF4AaABAg,UgzDedLdKXeXBaWhcNF4AaABAg,UCv7EFTamFGdRVGJs7wRwFXQ,"Fetched 05/24/2026, 8:08:10 PM GMT+8"
4366,@ZanderMarilao,2 days ago,₉₅₉. TUBLAY 💚🤍❤️,https://www.youtube.com/watch?v=ROa3kbG5M0U&lc=Ugz03hvi-EbF1MzlzOB4AaABAg,Ugz03hvi-EbF1MzlzOB4AaABAg,UCv7EFTamFGdRVGJs7wRwFXQ,"Fetched 05/24/2026, 8:08:10 PM GMT+8"
4367,@ZanderMarilao,2 days ago,₉₅₈. TUBLAY 💚🤍❤️,https://www.youtube.com/watch?v=ROa3kbG5M0U&lc=UgykBS4jiaK_qx_uTb54AaABAg,UgykBS4jiaK_qx_uTb54AaABAg,UCv7EFTamFGdRVGJs7wRwFXQ,"Fetched 05/24/2026, 8:08:10 PM GMT+8"
4368,@ZanderMarilao,2 days ago,₉₅₇. TUBLAY 💚🤍❤️,https://www.youtube.com/watch?v=ROa3kbG5M0U&lc=Ugx85izLvVvlnuRyAkt4AaABAg,Ugx85izLvVvlnuRyAkt4AaABAg,UCv7EFTamFGdRVGJs7wRwFXQ,"Fetched 05/24/2026, 8:08:10 PM GMT+8"
4369,@ZanderMarilao,2 days ago,₉₅₆. TUBLAY 💚🤍❤️,https://www.youtube.com/watch?v=ROa3kbG5M0U&lc=UgzI6v-UXDi_Yo6KB494AaABAg,UgzI6v-UXDi_Yo6KB494AaABAg,UCv7EFTamFGdRVGJs7wRwFXQ,"Fetched 05/24/2026, 8:08:10 PM GMT+8"
4370,@NancyMoyano-r7u,2 days ago,Watching from Baguio City 💖  / Go Benguet ❤❤❤,https://www.youtube.com/watch?v=ROa3kbG5M0U&lc=UgzHlM8mHF-eaErl0xB4AaABAg,UgzHlM8mHF-eaErl0xB4AaABAg,UCIZH5g0o-lHJidrq7pdjV5w,"Fetched 05/24/2026, 8:08:10 PM GMT+8"
4371,@MaryRoseSismundoPerez,2 days ago,Hello po..watching from Lokal Ng Irisan Distrito Ng Benguet,https://www.youtube.com/watch?v=ROa3kbG5M0U&lc=UgzfN_NRTySOFjvBDh14AaABAg,UgzfN_NRTySOFjvBDh14AaABAg,UC059Z7nvMdVFCi5sg-aB4zw,"Fetched 05/24/2026, 8:08:10 PM GMT+8"
4372,@jazzherflawless6982,2 days ago,"Distrito ng Benguet, tuloy ang lavaaaarn! 🤗 Full support po ang mga taga Lokal ng Guisad 🌲",https://www.youtube.com/watch?v=ROa3kbG5M0U&lc=Ugx-GYWUUQVdnxTC85Z4AaABAg,Ugx-GYWUUQVdnxTC85Z4AaABAg,UCa-rZI9R7bRXxaVdHV3qBxQ,"Fetched 05/24/2026, 8:08:10 PM GMT+8"
4373,@NancyMoyano-r7u,2 days ago,God's Love 💖  / Go Benguet ❤❤❤ / Go Baguio City...,https://www.youtube.com/watch?v=ROa3kbG5M0U&lc=UgzFRPG4urhTETnNAZV4AaABAg,UgzFRPG4urhTETnNAZV4AaABAg,UCIZH5g0o-lHJidrq7pdjV5w,"Fetched 05/24/2026, 8:08:10 PM GMT+8"
4374,@janemendoza1372,2 days ago,God's Love - Go Benguet.,https://www.youtube.com/watch?v=ROa3kbG5M0U&lc=Ugweb-fnfGBp0ney1r54AaABAg,Ugweb-fnfGBp0ney1r54AaABAg,UC9s8J8XMcHsDsVMR4as530g,"Fetched 05/24/2026, 8:08:10 PM GMT+8"
4375,@eshwercastaneda8429,2 days ago,With full support and cheer viewing from locale of aurora hill go BENGUET  DISTRICT_eshwer and family,https://www.youtube.com/watch?v=ROa3kbG5M0U&lc=UgxV4b-ZzgMpqw80ks54AaABAg,UgxV4b-ZzgMpqw80ks54AaABAg,UCBILgDToF9W1T10RiufhTsg,"Fetched 05/24/2026, 8:08:10 PM GMT+8"
4376,@almazanrhyndylyn,2 days ago,Patuloy pong pakikinig 🔂 / Patuloy din pong pagsuporta 🫶🫶 /  / Lets Go Benguet 🍓🍓 / Lets Go Kadiwa 💙💙💙 /  / Lokal ng Norcar,https://www.youtube.com/watch?v=ROa3kbG5M0U&lc=UgxqQbbaYqDwOn4aM2p4AaABAg,UgxqQbbaYqDwOn4aM2p4AaABAg,UCEoQCNgytnJxjJnAQLSzFeA,"Fetched 05/24/2026, 8:08:10 PM GMT+8"
4377,@NancyMoyano-r7u,2 days ago,Watching from Baguio City 💖  / # Benguet ❤❤❤,https://www.youtube.com/watch?v=ROa3kbG5M0U&lc=UgyNMkOTyh95n8K8KKp4AaABAg,UgyNMkOTyh95n8K8KKp4AaABAg,UCIZH5g0o-lHJidrq7pdjV5w,"Fetched 05/24/2026, 8:08:10 PM GMT+8"
4378,@Julskie28,2 days ago,Let's Go Benguet ❤ /  / Happy viewing po muli sa ating lahat! /  / From KADIWAs of Benguet❤ / Lokal ng Guisad❤,https://www.youtube.com/watch?v=ROa3kbG5M0U&lc=Ugx2dA2oTYBoVz-HJIJ4AaABAg,Ugx2dA2oTYBoVz-HJIJ4AaABAg,UC1nz0UiWHV8lyoQdZtJejeg,"Fetched 05/24/2026, 8:08:10 PM GMT+8"
4379,@almazanrhyndylyn,2 days ago,"Ilang araw na lang po ang nalalabi kaya patuloy po kaming susuporta at makikipagkaisa. /  / Go Benguet 🍓🍓🍓🍓 / Go Kadiwa 💙💙💙💙 /  / ""FIGHT! FIGHT! FIGHT!"" /  / Mula po sa Lokal ng Norcar 😊😊😊",https://www.youtube.com/watch?v=ROa3kbG5M0U&lc=UgyP2UvxcEl4HOwvW9R4AaABAg,UgyP2UvxcEl4HOwvW9R4AaABAg,UCEoQCNgytnJxjJnAQLSzFeA,"Fetched 05/24/2026, 8:08:10 PM GMT+8"
4380,@NancyMoyano-r7u,2 days ago,Watching from Baguio City 💖  / # Benguet ❤❤❤,https://www.youtube.com/watch?v=ROa3kbG5M0U&lc=UgwBof_uOPG4JfakGMR4AaABAg,UgwBof_uOPG4JfakGMR4AaABAg,UCIZH5g0o-lHJidrq7pdjV5w,"Fetched 05/24/2026, 8:08:10 PM GMT+8"
4381,@jhonalvincapulong3700,2 days ago,BINABATI PO NAMIN ANG AMING TAGAPANGASIWA-KA ARDY MENDOZA AT ANG IKALAWANG TAGAPANGASIWA-KA IAN MANALATA.  / MAGING ANG AMING KSKP NG DISTRITO- KA JOHN FELIX DUNGAN. Happy Viewing po! / -Greetings from Lokal ng HILLSIDE.,https://www.youtube.com/watch?v=ROa3kbG5M0U&lc=Ugxe6xzYdb9d8K6aBCN4AaABAg,Ugxe6xzYdb9d8K6aBCN4AaABAg,UCUHhlIqTA8U_eWC_d86Hv9Q,"Fetched 05/24/2026, 8:08:10 PM GMT+8"
4382,@jhonalvincapulong3700,2 days ago,Binabati po namin lahat ng mga Kapatid sa LOKAL NG HILLSIDE.,https://www.youtube.com/watch?v=ROa3kbG5M0U&lc=UgxEtzS6i0whr4KJTbh4AaABAg,UgxEtzS6i0whr4KJTbh4AaABAg,UCUHhlIqTA8U_eWC_d86Hv9Q,"Fetched 05/24/2026, 8:08:10 PM GMT+8"
4383,@jhonalvincapulong3700,2 days ago,Binabati po namin lahat ng mga Maytungkulin sa Lokal ng HILLSIDE.,https://www.youtube.com/watch?v=ROa3kbG5M0U&lc=Ugx6uKXS-8pXNOVRXF54AaABAg,Ugx6uKXS-8pXNOVRXF54AaABAg,UCUHhlIqTA8U_eWC_d86Hv9Q,"Fetched 05/24/2026, 8:08:10 PM GMT+8"
4384,@ehdwow318,2 days ago,Let’s get it to number one!!!!!,https://www.youtube.com/watch?v=ROa3kbG5M0U&lc=UgxAxIzUe72LjVi7pdt4AaABAg,UgxAxIzUe72LjVi7pdt4AaABAg,UCiwATwwRZ8TCez4FYmw9s0Q,"Fetched 05/24/2026, 8:08:10 PM GMT+8"
4385,@jhonalvincapulong3700,2 days ago,GO! GO! BENGUET!  / -HILLSIDE,https://www.youtube.com/watch?v=ROa3kbG5M0U&lc=UgwRnshadNBNG0jsMfV4AaABAg,UgwRnshadNBNG0jsMfV4AaABAg,UCUHhlIqTA8U_eWC_d86Hv9Q,"Fetched 05/24/2026, 8:08:10 PM GMT+8"
4386,@jhonalvincapulong3700,2 days ago,Maligayang Panunuod po mga Kabagis! / -HILLSIDE,https://www.youtube.com/watch?v=ROa3kbG5M0U&lc=UgxOyKKL3excPvKlKdx4AaABAg,UgxOyKKL3excPvKlKdx4AaABAg,UCUHhlIqTA8U_eWC_d86Hv9Q,"Fetched 05/24/2026, 8:08:10 PM GMT+8"
4387,@ehdwow318,2 days ago,"Let’s keep the momentum going! 🔥Viewership support is ongoing until May 28!! 🎥 /  / Keep watching and supporting!! Definitely worth the watch!! /  / Always watching from Lokal ng Megaroyale, Distrito ng Benguet ❤",https://www.youtube.com/watch?v=ROa3kbG5M0U&lc=UgwBFDx5CDuPKjTIoHR4AaABAg,UgwBFDx5CDuPKjTIoHR4AaABAg,UCiwATwwRZ8TCez4FYmw9s0Q,"Fetched 05/24/2026, 8:08:10 PM GMT+8"
4388,@jhonalvincapulong3700,2 days ago,Patuloy po kami makikiisa sa panunuod ng INCMV- God's Love .  / -HILLSIDE,https://www.youtube.com/watch?v=ROa3kbG5M0U&lc=UgyKClTjUx_YQfJwHk14AaABAg,UgyKClTjUx_YQfJwHk14AaABAg,UCUHhlIqTA8U_eWC_d86Hv9Q,"Fetched 05/24/2026, 8:08:10 PM GMT+8"
4389,@NancyMoyano-r7u,2 days ago,"God's Love 💖  / ... more views 🙏🙏🙏  / #Baguio City, Benguet ❤❤❤",https://www.youtube.com/watch?v=ROa3kbG5M0U&lc=Ugyn24IpDsbF3ihsUV94AaABAg,Ugyn24IpDsbF3ihsUV94AaABAg,UCIZH5g0o-lHJidrq7pdjV5w,"Fetched 05/24/2026, 8:08:10 PM GMT+8"
4390,@jhonalvincapulong3700,2 days ago,Happy Viewing po mga Kapatid! Greetings from Lokal ng HILLSIDE.,https://www.youtube.com/watch?v=ROa3kbG5M0U&lc=Ugzu7w-NUXg9wok0JTp4AaABAg,Ugzu7w-NUXg9wok0JTp4AaABAg,UCUHhlIqTA8U_eWC_d86Hv9Q,"Fetched 05/24/2026, 8:08:10 PM GMT+8"
4391,@almazanrhyndylyn,2 days ago,Lezzz Go Benguet,https://www.youtube.com/watch?v=ROa3kbG5M0U&lc=UgwG0Wqo60eITgDQKo54AaABAg,UgwG0Wqo60eITgDQKo54AaABAg,UCEoQCNgytnJxjJnAQLSzFeA,"Fetched 05/24/2026, 8:08:10 PM GMT+8"
4392,@almazanrhyndylyn,2 days ago,Tuloy tuloy pong pakikinig 🎧🎧🎧🎧,https://www.youtube.com/watch?v=ROa3kbG5M0U&lc=Ugx-b13vYm0sfSTo6nF4AaABAg,Ugx-b13vYm0sfSTo6nF4AaABAg,UCEoQCNgytnJxjJnAQLSzFeA,"Fetched 05/24/2026, 8:08:10 PM GMT+8"
4393,@almazanrhyndylyn,2 days ago,Labaaaaaaan Benguet /  / Laging nakaalalay ang KADIWA Benguet sa panonood ganoon din po ang Lokal ng Norcar,https://www.youtube.com/watch?v=ROa3kbG5M0U&lc=Ugzik7H1qMqNaDApc7p4AaABAg,Ugzik7H1qMqNaDApc7p4AaABAg,UCEoQCNgytnJxjJnAQLSzFeA,"Fetched 05/24/2026, 8:08:10 PM GMT+8"
4394,@almazanrhyndylyn,2 days ago,After By Request balik po sa pagsuporta sa ating distrito.  /  / Lokal ng Norcar  / KADIWA BENGUET /  / Lezzz go mga kadiwa!!! Tuloy po sa views. Abutin ang tuktok ❤❤❤❤❤,https://www.youtube.com/watch?v=ROa3kbG5M0U&lc=UgypYQrExt3c0s1PmRp4AaABAg,UgypYQrExt3c0s1PmRp4AaABAg,UCEoQCNgytnJxjJnAQLSzFeA,"Fetched 05/24/2026, 8:08:10 PM GMT+8"
4395,@BnHydn,2 days ago,More!!! / La Trinidad,https://www.youtube.com/watch?v=ROa3kbG5M0U&lc=UgyqqyNYfe9W3pfMy7p4AaABAg,UgyqqyNYfe9W3pfMy7p4AaABAg,UCbVqbfs9vjTS-hPNArDNcFQ,"Fetched 05/24/2026, 8:08:10 PM GMT+8"
4396,@almazanrhyndylyn,2 days ago,Patuloy pong pagsuporta mula sa Lokal ng Norcar at Kadiwa Benguet. /  / Lezzz Go,https://www.youtube.com/watch?v=ROa3kbG5M0U&lc=UgxdPHIo_RIUdBq4tfN4AaABAg,UgxdPHIo_RIUdBq4tfN4AaABAg,UCEoQCNgytnJxjJnAQLSzFeA,"Fetched 05/24/2026, 8:08:10 PM GMT+8"
4397,@BnHydn,2 days ago,Rock it! / Lokal ng La Trinidad 🎉,https://www.youtube.com/watch?v=ROa3kbG5M0U&lc=UgzEw2vJqgYXtr-8m1x4AaABAg,UgzEw2vJqgYXtr-8m1x4AaABAg,UCbVqbfs9vjTS-hPNArDNcFQ,"Fetched 05/24/2026, 8:08:10 PM GMT+8"
4398,@NancyMoyano-r7u,2 days ago,"God's Love 💖  / ... more views 🙏🙏🙏 / # Baguio City, Benguet",https://www.youtube.com/watch?v=ROa3kbG5M0U&lc=Ugw1gXMecNTaI0Y9DaR4AaABAg,Ugw1gXMecNTaI0Y9DaR4AaABAg,UCIZH5g0o-lHJidrq7pdjV5w,"Fetched 05/24/2026, 8:08:10 PM GMT+8"
4399,@icecreamnamainit,2 days ago,Mesmerizing music bidyow talaga 🫶 / - La Trinidad,https://www.youtube.com/watch?v=ROa3kbG5M0U&lc=UgxvrXDn66D8paMrHpd4AaABAg,UgxvrXDn66D8paMrHpd4AaABAg,UCEww66QqjZ0WMGEbN0z08eA,"Fetched 05/24/2026, 8:08:10 PM GMT+8"
4400,@icecreamnamainit,2 days ago,Listening to this for a brightening afternoon! / - La Trinidad,https://www.youtube.com/watch?v=ROa3kbG5M0U&lc=UgyIfK3o5xMAs0GMyNF4AaABAg,UgyIfK3o5xMAs0GMyNF4AaABAg,UCEww66QqjZ0WMGEbN0z08eA,"Fetched 05/24/2026, 8:08:10 PM GMT+8"
4401,@NancyMoyano-r7u,2 days ago,Happy viewing po mga kabagis  / Go Benguet  / Go Baguio City...,https://www.youtube.com/watch?v=ROa3kbG5M0U&lc=UgyUgu0t2wapIDm47wV4AaABAg,UgyUgu0t2wapIDm47wV4AaABAg,UCIZH5g0o-lHJidrq7pdjV5w,"Fetched 05/24/2026, 8:08:10 PM GMT+8"
4402,@icecreamnamainit,2 days ago,Go Benguettttt!  / - La Trinidad,https://www.youtube.com/watch?v=ROa3kbG5M0U&lc=UgwMnrm_2Ovqs_SaKl54AaABAg,UgwMnrm_2Ovqs_SaKl54AaABAg,UCEww66QqjZ0WMGEbN0z08eA,"Fetched 05/24/2026, 8:08:10 PM GMT+8"
4403,@juzzkktine,2 days ago,go Benguet,https://www.youtube.com/watch?v=ROa3kbG5M0U&lc=UgyNJjlytm-s1vTktXF4AaABAg,UgyNJjlytm-s1vTktXF4AaABAg,UCS4Dx721ST2Akj0zkMh9ddw,"Fetched 05/24/2026, 8:08:10 PM GMT+8"
4404,@kylieramos7366,2 days ago,"Napakagandang awitin ❤ /  / hello po sa lahat, listening po from Hillside, Benguet",https://www.youtube.com/watch?v=ROa3kbG5M0U&lc=Ugy_AV3f_mtqQAfSbKd4AaABAg,Ugy_AV3f_mtqQAfSbKd4AaABAg,UCqtXKG9VHeuNL2-vV3E6x7g,"Fetched 05/24/2026, 8:08:10 PM GMT+8"
4405,@joymaylee-e9o,2 days ago,😊😊 / happy watching po / 🎉🎉🎉 / sumusuporta sa ating distrito / ❤❤❤ / lokal ng atok gold,https://www.youtube.com/watch?v=ROa3kbG5M0U&lc=UgzGKiNqliXwfA3eyAp4AaABAg,UgzGKiNqliXwfA3eyAp4AaABAg,UCVNaOxPbc9ZEHqlMp6TAgMA,"Fetched 05/24/2026, 8:08:10 PM GMT+8"
4406,@joymaylee-e9o,2 days ago,Good afternoon po / masayang panonood po / shout out po sa mga masisipag na /  mga maytungkulin❤❤❤ / lokal ng atok gold,https://www.youtube.com/watch?v=ROa3kbG5M0U&lc=UgwOSGWpTFOfgTIiMXB4AaABAg,UgwOSGWpTFOfgTIiMXB4AaABAg,UCVNaOxPbc9ZEHqlMp6TAgMA,"Fetched 05/24/2026, 8:08:10 PM GMT+8"
4407,@joymaylee-e9o,2 days ago,❤God’s Love / It’s His / Precious Gift / To Us❤ / Lokal ng Atok Gold,https://www.youtube.com/watch?v=ROa3kbG5M0U&lc=UgxYRCofxbA1F4E2JTh4AaABAg,UgxYRCofxbA1F4E2JTh4AaABAg,UCVNaOxPbc9ZEHqlMp6TAgMA,"Fetched 05/24/2026, 8:08:10 PM GMT+8"
4408,@joymaylee-e9o,2 days ago,Masayang hapon po / 🎉INCMV😊 / Distrito.ng Benguet / TOP1 / ❤❤❤❤ / Lokal ng Atok Gold,https://www.youtube.com/watch?v=ROa3kbG5M0U&lc=Ugz9rfUM2OeInaILgo94AaABAg,Ugz9rfUM2OeInaILgo94AaABAg,UCVNaOxPbc9ZEHqlMp6TAgMA,"Fetched 05/24/2026, 8:08:10 PM GMT+8"
4409,@NancyMoyano-r7u,2 days ago,"Watching God's Love💖  / Baguio City, Benguet ❤❤❤",https://www.youtube.com/watch?v=ROa3kbG5M0U&lc=UgzvcQ7YF2jQDRriW-F4AaABAg,UgzvcQ7YF2jQDRriW-F4AaABAg,UCIZH5g0o-lHJidrq7pdjV5w,"Fetched 05/24/2026, 8:08:10 PM GMT+8"
4410,@IeshaObana,2 days ago,"goodaftie po sa mga kasama kong binhi at kadiwa district officer na nanonood, happy viewing po mula sa lokal ng mirador hills, go benguet!",https://www.youtube.com/watch?v=ROa3kbG5M0U&lc=UgyDvDc1FdMXTVA08194AaABAg,UgyDvDc1FdMXTVA08194AaABAg,UCipT-3PF6TAIBDln8IkDgkA,"Fetched 05/24/2026, 8:08:10 PM GMT+8"
4411,@BnHydn,2 days ago,Greetings from Locale of La Trinidad ❤,https://www.youtube.com/watch?v=ROa3kbG5M0U&lc=UgyfwmJlMv3sVR16Mct4AaABAg,UgyfwmJlMv3sVR16Mct4AaABAg,UCbVqbfs9vjTS-hPNArDNcFQ,"Fetched 05/24/2026, 8:08:10 PM GMT+8"
4412,@niks-noks,2 days ago,Happy lunch po sa ating lahat!  / Watching fr Lokal Ng Hillside 💝,https://www.youtube.com/watch?v=ROa3kbG5M0U&lc=UgxkYpWGaWDRuLAczMx4AaABAg,UgxkYpWGaWDRuLAczMx4AaABAg,UCxfenboZB80Qef34I29ElXw,"Fetched 05/24/2026, 8:08:10 PM GMT+8"
4413,@niks-noks,2 days ago,Happy lunch po sa ating lahat!  / Watching po fr Lokal Ng Hillside 💝,https://www.youtube.com/watch?v=ROa3kbG5M0U&lc=Ugy_0Dhejo5yGUlqm0B4AaABAg,Ugy_0Dhejo5yGUlqm0B4AaABAg,UCxfenboZB80Qef34I29ElXw,"Fetched 05/24/2026, 8:08:10 PM GMT+8"
4414,@niks-noks,2 days ago,Happy viewing and greetings po mga Kapatid! Mula po sa Lokal Ng Hillside 💝,https://www.youtube.com/watch?v=ROa3kbG5M0U&lc=UgyRHR6tDXit9xO_alR4AaABAg,UgyRHR6tDXit9xO_alR4AaABAg,UCxfenboZB80Qef34I29ElXw,"Fetched 05/24/2026, 8:08:10 PM GMT+8"
4415,@boholhazeline05,2 days ago,Lokal ng Baguio City FIGHT FIGHT FIGHT ❤❤❤,https://www.youtube.com/watch?v=ROa3kbG5M0U&lc=Ugz3RarE2zUQY7zflCh4AaABAg,Ugz3RarE2zUQY7zflCh4AaABAg,UCNxuEnfuDgIEBwBrpx_Pl3w,"Fetched 05/24/2026, 8:08:10 PM GMT+8"
4416,@BnHydn,2 days ago,Rewatching 🔁  / Lokal ng La Trinidad ❤ / Kapisanang Binhi 🌱,https://www.youtube.com/watch?v=ROa3kbG5M0U&lc=UgxqWCNsftps49dAj6t4AaABAg,UgxqWCNsftps49dAj6t4AaABAg,UCbVqbfs9vjTS-hPNArDNcFQ,"Fetched 05/24/2026, 8:08:10 PM GMT+8"
4417,@niks-noks,2 days ago,Happy viewing and greetings po mga Kapatid! Mula po sa Lokal Ng Hillside 💝,https://www.youtube.com/watch?v=ROa3kbG5M0U&lc=Ugw4cpbOUt-rGyXHSdV4AaABAg,Ugw4cpbOUt-rGyXHSdV4AaABAg,UCxfenboZB80Qef34I29ElXw,"Fetched 05/24/2026, 8:08:10 PM GMT+8"
4418,@ZanderMarilao,2 days ago,₉₅₅. TUBLAY 💚🤍❤️,https://www.youtube.com/watch?v=ROa3kbG5M0U&lc=UgxZLiXsPXFG7oeUAcB4AaABAg,UgxZLiXsPXFG7oeUAcB4AaABAg,UCv7EFTamFGdRVGJs7wRwFXQ,"Fetched 05/24/2026, 8:08:10 PM GMT+8"
4419,@boholhazeline05,2 days ago,Benguet on the top  / Lokal ng Baguio City,https://www.youtube.com/watch?v=ROa3kbG5M0U&lc=UgzWfVm2FWiX8HJPpsl4AaABAg,UgzWfVm2FWiX8HJPpsl4AaABAg,UCNxuEnfuDgIEBwBrpx_Pl3w,"Fetched 05/24/2026, 8:08:10 PM GMT+8"
4420,@ZanderMarilao,2 days ago,₉₅₄. TUBLAY 💚🤍❤️,https://www.youtube.com/watch?v=ROa3kbG5M0U&lc=Ugw1BieA66Y0XtHbWvZ4AaABAg,Ugw1BieA66Y0XtHbWvZ4AaABAg,UCv7EFTamFGdRVGJs7wRwFXQ,"Fetched 05/24/2026, 8:08:10 PM GMT+8"
4421,@boholhazeline05,2 days ago,Benguet on the top / Lokal ng Baguio City,https://www.youtube.com/watch?v=ROa3kbG5M0U&lc=UgxOgI-nFxWavvwfYv94AaABAg,UgxOgI-nFxWavvwfYv94AaABAg,UCNxuEnfuDgIEBwBrpx_Pl3w,"Fetched 05/24/2026, 8:08:10 PM GMT+8"
4422,@ZanderMarilao,2 days ago,₉₅₃. TUBLAY 💚🤍❤️,https://www.youtube.com/watch?v=ROa3kbG5M0U&lc=UgxCokUVMbp3QFjJTNV4AaABAg,UgxCokUVMbp3QFjJTNV4AaABAg,UCv7EFTamFGdRVGJs7wRwFXQ,"Fetched 05/24/2026, 8:08:10 PM GMT+8"
4423,@boholhazeline05,2 days ago,Lokal ng Baguio City gogogo,https://www.youtube.com/watch?v=ROa3kbG5M0U&lc=Ugwn6CtA5ZVQXBmamN94AaABAg,Ugwn6CtA5ZVQXBmamN94AaABAg,UCNxuEnfuDgIEBwBrpx_Pl3w,"Fetched 05/24/2026, 8:08:10 PM GMT+8"
4424,@ZanderMarilao,2 days ago,₉₅₂. TUBLAY 💚🤍❤️,https://www.youtube.com/watch?v=ROa3kbG5M0U&lc=UgwyFjZT9xI8lauf4Dp4AaABAg,UgwyFjZT9xI8lauf4Dp4AaABAg,UCv7EFTamFGdRVGJs7wRwFXQ,"Fetched 05/24/2026, 8:08:10 PM GMT+8"
4425,@boholhazeline05,2 days ago,Happy viewing po from Lokal ng Baguio City,https://www.youtube.com/watch?v=ROa3kbG5M0U&lc=UgyXeu-1AFPHAO6YZ0l4AaABAg,UgyXeu-1AFPHAO6YZ0l4AaABAg,UCNxuEnfuDgIEBwBrpx_Pl3w,"Fetched 05/24/2026, 8:08:10 PM GMT+8"
4426,@boholhazeline05,2 days ago,Happy watching Lokal ng Baguio City,https://www.youtube.com/watch?v=ROa3kbG5M0U&lc=UgwloNQ0zoJR7nKQogx4AaABAg,UgwloNQ0zoJR7nKQogx4AaABAg,UCNxuEnfuDgIEBwBrpx_Pl3w,"Fetched 05/24/2026, 8:08:10 PM GMT+8"
4427,@ZanderMarilao,2 days ago,₉₅₁. TUBLAY 💚🤍❤️,https://www.youtube.com/watch?v=ROa3kbG5M0U&lc=UgzoXQDYacXzTu13c2J4AaABAg,UgzoXQDYacXzTu13c2J4AaABAg,UCv7EFTamFGdRVGJs7wRwFXQ,"Fetched 05/24/2026, 8:08:10 PM GMT+8"
4428,@boholhazeline05,2 days ago,Happy watching po mula sa Lokal ng Baguio City,https://www.youtube.com/watch?v=ROa3kbG5M0U&lc=UgwHyT0wAP9nLJViOyt4AaABAg,UgwHyT0wAP9nLJViOyt4AaABAg,UCNxuEnfuDgIEBwBrpx_Pl3w,"Fetched 05/24/2026, 8:08:10 PM GMT+8"
4429,@boholhazeline05,2 days ago,Lokal ng Baguio City Fighting  / Benguet on the top,https://www.youtube.com/watch?v=ROa3kbG5M0U&lc=UgxbUph1SRVaSgFg8nB4AaABAg,UgxbUph1SRVaSgFg8nB4AaABAg,UCNxuEnfuDgIEBwBrpx_Pl3w,"Fetched 05/24/2026, 8:08:10 PM GMT+8"
4430,@boholhazeline05,2 days ago,Lokal ng Baguio City,https://www.youtube.com/watch?v=ROa3kbG5M0U&lc=UgxOFop0OBfQVl0JaQ14AaABAg,UgxOFop0OBfQVl0JaQ14AaABAg,UCNxuEnfuDgIEBwBrpx_Pl3w,"Fetched 05/24/2026, 8:08:10 PM GMT+8"
4431,@luibustamante9493,2 days ago (edited),Let's Go Benguet🎉🎉🎉 /  / Let's Go Kadiwa 💪💪💪 /  / Tuloy-tuloy lang po tayo sa pagsuporta sa INCMV Benguet's Entry na God's Love🔥🔥 /  /  / #KadiwaUnity /  / -Lokal ng Tuba,https://www.youtube.com/watch?v=ROa3kbG5M0U&lc=UgwUgUjbTyGX0brt0ut4AaABAg,UgwUgUjbTyGX0brt0ut4AaABAg,UCFAmrhDmv6rvZrQoYp-IS9w,"Fetched 05/24/2026, 8:08:10 PM GMT+8"
4432,@boholhazeline05,2 days ago,Fight Fight Fight Lokal ng Baguio City ❤❤❤,https://www.youtube.com/watch?v=ROa3kbG5M0U&lc=UgxFqWaHvdKmnrhFBdh4AaABAg,UgxFqWaHvdKmnrhFBdh4AaABAg,UCNxuEnfuDgIEBwBrpx_Pl3w,"Fetched 05/24/2026, 8:08:10 PM GMT+8"
4433,@boholhazeline05,2 days ago,Magandang tanghali po Lokal ng Baguio City,https://www.youtube.com/watch?v=ROa3kbG5M0U&lc=UgzFUUgMhSPpaH5Nyj94AaABAg,UgzFUUgMhSPpaH5Nyj94AaABAg,UCNxuEnfuDgIEBwBrpx_Pl3w,"Fetched 05/24/2026, 8:08:10 PM GMT+8"
4434,@boholhazeline05,2 days ago,Go Fight Fight Fight Lokal ng Baguio City,https://www.youtube.com/watch?v=ROa3kbG5M0U&lc=UgybwGbR7gX-lfNeCXl4AaABAg,UgybwGbR7gX-lfNeCXl4AaABAg,UCNxuEnfuDgIEBwBrpx_Pl3w,"Fetched 05/24/2026, 8:08:10 PM GMT+8"
4435,@boholhazeline05,2 days ago,Benguet on the top  / Lokal ng Baguio City,https://www.youtube.com/watch?v=ROa3kbG5M0U&lc=Ugxp3hxRvuwsLztJmyh4AaABAg,Ugxp3hxRvuwsLztJmyh4AaABAg,UCNxuEnfuDgIEBwBrpx_Pl3w,"Fetched 05/24/2026, 8:08:10 PM GMT+8"
4436,@boholhazeline05,2 days ago,Go Baguio City ❤❤❤,https://www.youtube.com/watch?v=ROa3kbG5M0U&lc=UgzKksZ3UjHMuLQJe7h4AaABAg,UgzKksZ3UjHMuLQJe7h4AaABAg,UCNxuEnfuDgIEBwBrpx_Pl3w,"Fetched 05/24/2026, 8:08:10 PM GMT+8"
4437,@PHEBIE-f7h,2 days ago,Happy viewing po mga kapatid. /  /  / ❤❤Lokal ng AtokGold❤❤,https://www.youtube.com/watch?v=ROa3kbG5M0U&lc=Ugwl45Szb_cRMDUf-Wx4AaABAg,Ugwl45Szb_cRMDUf-Wx4AaABAg,UCNkJMMXP19AJSsNov8Fp3Ag,"Fetched 05/24/2026, 8:08:10 PM GMT+8"
4438,@boholhazeline05,2 days ago,Benguet on the top  / Lokal ng Baguio City,https://www.youtube.com/watch?v=ROa3kbG5M0U&lc=Ugz0H0wvi_EEadEZNLR4AaABAg,Ugz0H0wvi_EEadEZNLR4AaABAg,UCNxuEnfuDgIEBwBrpx_Pl3w,"Fetched 05/24/2026, 8:08:10 PM GMT+8"
4439,@boholhazeline05,2 days ago,Pagbati po mula sa Lokal ng Baguio City,https://www.youtube.com/watch?v=ROa3kbG5M0U&lc=UgwSfBcQ413df7vC-FB4AaABAg,UgwSfBcQ413df7vC-FB4AaABAg,UCNxuEnfuDgIEBwBrpx_Pl3w,"Fetched 05/24/2026, 8:08:10 PM GMT+8"
4440,@PHEBIE-f7h,2 days ago,Go Benguet!!! /  /  /  /  / Supporting all the way from AtokGold ❤,https://www.youtube.com/watch?v=ROa3kbG5M0U&lc=UgyLpMn15gJ3s_t7Jwx4AaABAg,UgyLpMn15gJ3s_t7Jwx4AaABAg,UCNkJMMXP19AJSsNov8Fp3Ag,"Fetched 05/24/2026, 8:08:10 PM GMT+8"
4441,@boholhazeline05,2 days ago,Magandang tanghali po mga kapatid pagbati po mula sa Lokal ng Baguio City Distrito ng Benguet 💚🤍❤,https://www.youtube.com/watch?v=ROa3kbG5M0U&lc=Ugwi9mY3ZdFJ3ipTRcN4AaABAg,Ugwi9mY3ZdFJ3ipTRcN4AaABAg,UCNxuEnfuDgIEBwBrpx_Pl3w,"Fetched 05/24/2026, 8:08:10 PM GMT+8"
4442,@boholhazeline05,2 days ago,Happy watching po mula sa Lokal ng Baguio City,https://www.youtube.com/watch?v=ROa3kbG5M0U&lc=Ugz9HI0OgRq0jTWYfOh4AaABAg,Ugz9HI0OgRq0jTWYfOh4AaABAg,UCNxuEnfuDgIEBwBrpx_Pl3w,"Fetched 05/24/2026, 8:08:10 PM GMT+8"
4443,@boholhazeline05,2 days ago,Happy watching po mula sa Lokal ng Baguio City,https://www.youtube.com/watch?v=ROa3kbG5M0U&lc=Ugw8lH62tlAdh_nXzax4AaABAg,Ugw8lH62tlAdh_nXzax4AaABAg,UCNxuEnfuDgIEBwBrpx_Pl3w,"Fetched 05/24/2026, 8:08:10 PM GMT+8"
4444,@boholhazeline05,2 days ago,Magandang tanghali po mga kapatid pagbati po mula sa Lokal ng Baguio City,https://www.youtube.com/watch?v=ROa3kbG5M0U&lc=UgyBnl8kWLXYLWQYqMx4AaABAg,UgyBnl8kWLXYLWQYqMx4AaABAg,UCNxuEnfuDgIEBwBrpx_Pl3w,"Fetched 05/24/2026, 8:08:10 PM GMT+8"
4445,@josiethesuperyaya6935,2 days ago,God is Love❤❤❤❤ / Watching from Lokal ng HONGKONG WEST  / Distrito ng HONGKONG,https://www.youtube.com/watch?v=ROa3kbG5M0U&lc=UgwWIhFL8hdltjrzjrF4AaABAg,UgwWIhFL8hdltjrzjrF4AaABAg,UCUx48FvngT4I83zHoCPTh7w,"Fetched 05/24/2026, 8:08:10 PM GMT+8"
4446,@boholhazeline05,2 days ago,Benguet Fight Fight Fight  / Gods love Benguet on the top  / Lokal ng Baguio City,https://www.youtube.com/watch?v=ROa3kbG5M0U&lc=UgyBOrVwmTqMZYEGRsR4AaABAg,UgyBOrVwmTqMZYEGRsR4AaABAg,UCNxuEnfuDgIEBwBrpx_Pl3w,"Fetched 05/24/2026, 8:08:10 PM GMT+8"
4447,@boholhazeline05,2 days ago,"Let us continue supporting the District of Benguet’s INCMV2026 entry, “God’s Love /  / Benguet on the top  / Pagbati po mula sa Lokal ng Baguio City",https://www.youtube.com/watch?v=ROa3kbG5M0U&lc=UgywPTXX0FAUFBwX_Fl4AaABAg,UgywPTXX0FAUFBwX_Fl4AaABAg,UCNxuEnfuDgIEBwBrpx_Pl3w,"Fetched 05/24/2026, 8:08:10 PM GMT+8"
4448,@kristine4717,2 days ago,Enjoy watching po kapatid :face-red-heart-shape:,https://www.youtube.com/watch?v=ROa3kbG5M0U&lc=UgwWIhFL8hdltjrzjrF4AaABAg.AX5mhtXP_YWAX5mzAbHZ3C,UgwWIhFL8hdltjrzjrF4AaABAg.AX5mhtXP_YWAX5mzAbHZ3C,UC3iiMgyZRl-v41Mzegf98yw,"Fetched 05/24/2026, 8:08:10 PM GMT+8"
4449,@jerusatibayan6306,2 days ago,Thank you ateng josie,https://www.youtube.com/watch?v=ROa3kbG5M0U&lc=UgwWIhFL8hdltjrzjrF4AaABAg.AX5mhtXP_YWAX5zsGIwChY,UgwWIhFL8hdltjrzjrF4AaABAg.AX5mhtXP_YWAX5zsGIwChY,UCSV3g2SAWUOoE_LckoezTBw,"Fetched 05/24/2026, 8:08:10 PM GMT+8"
4450,@boholhazeline05,2 days ago,Benguet Fight Fight Fight!! / Benguet on the top  / Pagbati po mula sa Lokal ng Baguio City,https://www.youtube.com/watch?v=ROa3kbG5M0U&lc=UgxStx7ehjk5RQzJjch4AaABAg,UgxStx7ehjk5RQzJjch4AaABAg,UCNxuEnfuDgIEBwBrpx_Pl3w,"Fetched 05/24/2026, 8:08:10 PM GMT+8"
4451,@kristine4717,2 days ago,Watch lang ng watch mga kapatid. Go go go!!,https://www.youtube.com/watch?v=ROa3kbG5M0U&lc=Ugw6K1hwFpaC2kfpG394AaABAg,Ugw6K1hwFpaC2kfpG394AaABAg,UC3iiMgyZRl-v41Mzegf98yw,"Fetched 05/24/2026, 8:08:10 PM GMT+8"
4452,@joymaylee-e9o,2 days ago,Blessed Friday po / mga kapatid / happy / viewing po / ☺😇Lokal ng atok gold,https://www.youtube.com/watch?v=ROa3kbG5M0U&lc=UgznnIbwIRs9N4rywpZ4AaABAg,UgznnIbwIRs9N4rywpZ4AaABAg,UCVNaOxPbc9ZEHqlMp6TAgMA,"Fetched 05/24/2026, 8:08:10 PM GMT+8"
4453,@joymaylee-e9o,2 days ago,happy / watching po / God's  / Love / Go Benguet!!! / #lokal ng atok gold#,https://www.youtube.com/watch?v=ROa3kbG5M0U&lc=Ugyaz9CNVZZJr23ewbp4AaABAg,Ugyaz9CNVZZJr23ewbp4AaABAg,UCVNaOxPbc9ZEHqlMp6TAgMA,"Fetched 05/24/2026, 8:08:10 PM GMT+8"
4454,@boholhazeline05,2 days ago,Maligayang panunuod mga kapatid  / mula po sa Lokal ng Baguio City,https://www.youtube.com/watch?v=ROa3kbG5M0U&lc=Ugy0gpSHyuY-uiKLikZ4AaABAg,Ugy0gpSHyuY-uiKLikZ4AaABAg,UCNxuEnfuDgIEBwBrpx_Pl3w,"Fetched 05/24/2026, 8:08:10 PM GMT+8"
4455,@joymaylee-e9o,2 days ago,hello everyone po / ☺😊😇 / shout out po sambahayan  / ni Tita Jeanie Tugad / Lokal ng Atok Gold,https://www.youtube.com/watch?v=ROa3kbG5M0U&lc=Ugx0pPGfQJTANHls77h4AaABAg,Ugx0pPGfQJTANHls77h4AaABAg,UCVNaOxPbc9ZEHqlMp6TAgMA,"Fetched 05/24/2026, 8:08:10 PM GMT+8"
4456,@joymaylee-e9o,2 days ago,always supporting po / from our hearts / we say thank you for / all of you / lokal ng atok gold / ❤🇮🇹🌻,https://www.youtube.com/watch?v=ROa3kbG5M0U&lc=Ugwn8KWwNDIvmHkSNwd4AaABAg,Ugwn8KWwNDIvmHkSNwd4AaABAg,UCVNaOxPbc9ZEHqlMp6TAgMA,"Fetched 05/24/2026, 8:08:10 PM GMT+8"
4457,@joymaylee-e9o,2 days ago,hello everyone / always online / supporting our / God's Love / 💚🤍❤ / Lokal ng atok gold,https://www.youtube.com/watch?v=ROa3kbG5M0U&lc=UgzqKMek9M6De1LFIJl4AaABAg,UgzqKMek9M6De1LFIJl4AaABAg,UCVNaOxPbc9ZEHqlMp6TAgMA,"Fetched 05/24/2026, 8:08:10 PM GMT+8"
4458,@boholhazeline05,2 days ago,Happy viewing po from Lokal ng Baguio City,https://www.youtube.com/watch?v=ROa3kbG5M0U&lc=UgyIeknj6DntjzX6jcp4AaABAg,UgyIeknj6DntjzX6jcp4AaABAg,UCNxuEnfuDgIEBwBrpx_Pl3w,"Fetched 05/24/2026, 8:08:10 PM GMT+8"
4459,@boholhazeline05,2 days ago,Happy watching po mula sa Lokal ng Baguio City,https://www.youtube.com/watch?v=ROa3kbG5M0U&lc=UgzisCLzkfXv2vxGd1t4AaABAg,UgzisCLzkfXv2vxGd1t4AaABAg,UCNxuEnfuDgIEBwBrpx_Pl3w,"Fetched 05/24/2026, 8:08:10 PM GMT+8"
4460,@boholhazeline05,2 days ago,Pagbati po mula sa Lokal ng Baguio City,https://www.youtube.com/watch?v=ROa3kbG5M0U&lc=UgwcfXibks0mhZIQd0p4AaABAg,UgwcfXibks0mhZIQd0p4AaABAg,UCNxuEnfuDgIEBwBrpx_Pl3w,"Fetched 05/24/2026, 8:08:10 PM GMT+8"
4461,@boholhazeline05,2 days ago,Gods love Benguet on the top  / Lokal ng Baguio City,https://www.youtube.com/watch?v=ROa3kbG5M0U&lc=Ugxq7CDIMe-Mgxbn7kd4AaABAg,Ugxq7CDIMe-Mgxbn7kd4AaABAg,UCNxuEnfuDgIEBwBrpx_Pl3w,"Fetched 05/24/2026, 8:08:10 PM GMT+8"
4462,@boholhazeline05,2 days ago,Full support po from Lokal ng Baguio City,https://www.youtube.com/watch?v=ROa3kbG5M0U&lc=Ugw5e9knk7imhvuv63J4AaABAg,Ugw5e9knk7imhvuv63J4AaABAg,UCNxuEnfuDgIEBwBrpx_Pl3w,"Fetched 05/24/2026, 8:08:10 PM GMT+8"
4463,@boholhazeline05,2 days ago,Magandang tanghali po mga kapatid pagbati po mula sa Lokal ng Baguio City,https://www.youtube.com/watch?v=ROa3kbG5M0U&lc=Ugy2KKVBWtYZGcwAr394AaABAg,Ugy2KKVBWtYZGcwAr394AaABAg,UCNxuEnfuDgIEBwBrpx_Pl3w,"Fetched 05/24/2026, 8:08:10 PM GMT+8"
4464,@danielsangalang4416,2 days ago,Maligayang panonood po. / Kalihiman/Registry. / Baguio City.,https://www.youtube.com/watch?v=ROa3kbG5M0U&lc=UgzFb6rddt5DdPkoyL94AaABAg,UgzFb6rddt5DdPkoyL94AaABAg,UCd83g5cGg_Es6Qyl02u7jdw,"Fetched 05/24/2026, 8:08:10 PM GMT+8"
4465,@boholhazeline05,2 days ago,"Let us continue supporting the District of Benguet’s INCMV2026 entry, “God’s Love / Pagbati po mula sa Lokal ng Baguio City Distrito ng Benguet 💚🤍❤",https://www.youtube.com/watch?v=ROa3kbG5M0U&lc=Ugza-GtqR_WVCDfnUcV4AaABAg,Ugza-GtqR_WVCDfnUcV4AaABAg,UCNxuEnfuDgIEBwBrpx_Pl3w,"Fetched 05/24/2026, 8:08:10 PM GMT+8"
4466,@beverlynbackian3904,2 days ago,Let's go Benguet! / Tomay,https://www.youtube.com/watch?v=ROa3kbG5M0U&lc=UgzeOs2-zEYXuOofMuB4AaABAg,UgzeOs2-zEYXuOofMuB4AaABAg,UCTXTtrs7jg9nPci0Q4h5q0g,"Fetched 05/24/2026, 8:08:10 PM GMT+8"
4467,@danielsangalang4416,2 days ago,BENGUET FIGHT FIGHT FIGHT!!!!,https://www.youtube.com/watch?v=ROa3kbG5M0U&lc=Ugx2OWAfjWs7Skq6ikZ4AaABAg,Ugx2OWAfjWs7Skq6ikZ4AaABAg,UCd83g5cGg_Es6Qyl02u7jdw,"Fetched 05/24/2026, 8:08:10 PM GMT+8"
4468,@danielsangalang4416,2 days ago,Goo Baguio City.,https://www.youtube.com/watch?v=ROa3kbG5M0U&lc=UgxQxSLxqiDVNSffr-N4AaABAg,UgxQxSLxqiDVNSffr-N4AaABAg,UCd83g5cGg_Es6Qyl02u7jdw,"Fetched 05/24/2026, 8:08:10 PM GMT+8"
4469,@danielsangalang4416,2 days ago,Full support mula po sa kapisanang KADIWA. /  / Baguio City,https://www.youtube.com/watch?v=ROa3kbG5M0U&lc=Ugy8KAluRuvOE-Gt68N4AaABAg,Ugy8KAluRuvOE-Gt68N4AaABAg,UCd83g5cGg_Es6Qyl02u7jdw,"Fetched 05/24/2026, 8:08:10 PM GMT+8"
4470,@danielsangalang4416,2 days ago,"Patuloy po ang aming pag suporta mula po sa kapisanang KADIWA sa Lokal Ng Baguio City, binabati ko rin po mga KADIWA DISTRICT OFFICERS po.",https://www.youtube.com/watch?v=ROa3kbG5M0U&lc=Ugwttnog7FcMxbjYgb14AaABAg,Ugwttnog7FcMxbjYgb14AaABAg,UCd83g5cGg_Es6Qyl02u7jdw,"Fetched 05/24/2026, 8:08:10 PM GMT+8"
4471,@NorbertoMislang-k1f,2 days ago,Go Baguio city❤❤❤❤❤❤,https://www.youtube.com/watch?v=ROa3kbG5M0U&lc=Ugz2o54ty14D_O6Lu314AaABAg,Ugz2o54ty14D_O6Lu314AaABAg,UCHrMwbP6cIZPIlWf5nvI8dA,"Fetched 05/24/2026, 8:08:10 PM GMT+8"
4472,@danielsangalang4416,2 days ago,Happy watching po. /  / Baguio City.,https://www.youtube.com/watch?v=ROa3kbG5M0U&lc=UgwcN5qODUbgndHAlpt4AaABAg,UgwcN5qODUbgndHAlpt4AaABAg,UCd83g5cGg_Es6Qyl02u7jdw,"Fetched 05/24/2026, 8:08:10 PM GMT+8"
4473,@NorbertoMislang-k1f,2 days ago,Go Baguio city❤❤❤❤❤❤,https://www.youtube.com/watch?v=ROa3kbG5M0U&lc=Ugw7_D7YkmjRUiNURQx4AaABAg,Ugw7_D7YkmjRUiNURQx4AaABAg,UCHrMwbP6cIZPIlWf5nvI8dA,"Fetched 05/24/2026, 8:08:10 PM GMT+8"
4474,@NorbertoMislang-k1f,2 days ago,Go Baguio city❤❤❤❤❤❤,https://www.youtube.com/watch?v=ROa3kbG5M0U&lc=UgzfEJ0EjhrNAeodGlp4AaABAg,UgzfEJ0EjhrNAeodGlp4AaABAg,UCHrMwbP6cIZPIlWf5nvI8dA,"Fetched 05/24/2026, 8:08:10 PM GMT+8"
4475,@gelo4828,2 days ago,Tuloy tuloy po ang pakikipagkaisa ng mga nasa Kapisanang Kadiwa sa Distrito ng Benguet! ❤,https://www.youtube.com/watch?v=ROa3kbG5M0U&lc=UgxWhzn2xW8k146Bvmx4AaABAg,UgxWhzn2xW8k146Bvmx4AaABAg,UCydnW0LoOckk7rQFQbEbI_g,"Fetched 05/24/2026, 8:08:10 PM GMT+8"
4476,@NorbertoMislang-k1f,2 days ago (edited),Go Baguio city❤❤❤❤❤❤,https://www.youtube.com/watch?v=ROa3kbG5M0U&lc=UgyFQlZAW9nZjdLBy494AaABAg,UgyFQlZAW9nZjdLBy494AaABAg,UCHrMwbP6cIZPIlWf5nvI8dA,"Fetched 05/24/2026, 8:08:10 PM GMT+8"
4477,@almazanrhyndylyn,2 days ago,Balik po after By Request. / Support from Lokal ng Norcar and Kadiwa Benguet.,https://www.youtube.com/watch?v=ROa3kbG5M0U&lc=UgxHMBZk9fayYn6EV2l4AaABAg,UgxHMBZk9fayYn6EV2l4AaABAg,UCEoQCNgytnJxjJnAQLSzFeA,"Fetched 05/24/2026, 8:08:10 PM GMT+8"
4478,@grayvalentine770,2 days ago,Go benguet MV / BAGUIO CITY,https://www.youtube.com/watch?v=ROa3kbG5M0U&lc=Ugxi34z0KQ26vLOGVYF4AaABAg,Ugxi34z0KQ26vLOGVYF4AaABAg,UCA8J9BuI7nPbZ3E1OSaMTeg,"Fetched 05/24/2026, 8:08:10 PM GMT+8"
4479,@almazanrhyndylyn,2 days ago,Letsssss Go Go Go. Laban ❤❤❤ /  / ❤ Lokal ng Norcar  / ❤ Kadiwa Benguet,https://www.youtube.com/watch?v=ROa3kbG5M0U&lc=UgxzsgQ6wD8SlyMBlKR4AaABAg,UgxzsgQ6wD8SlyMBlKR4AaABAg,UCEoQCNgytnJxjJnAQLSzFeA,"Fetched 05/24/2026, 8:08:10 PM GMT+8"
4480,@almazanrhyndylyn,2 days ago,Fighting Benguet!!!!!!!  /  / ❤ Lokal ng Norcar / ❤ KADIWA BENGUET,https://www.youtube.com/watch?v=ROa3kbG5M0U&lc=UgwS-YR2AsMewajHHpB4AaABAg,UgwS-YR2AsMewajHHpB4AaABAg,UCEoQCNgytnJxjJnAQLSzFeA,"Fetched 05/24/2026, 8:08:10 PM GMT+8"
4481,@almazanrhyndylyn,2 days ago,"Lets Go Benguet 🍓🍓🍓 / Lets Go Kadiwa 💙💙💙 /  / Pagbati po sa ating Tagapangasiwa Ka Ardy Mendoza, II Tagapangasiwa Ka Ian Manalata, KSKP Ka John Dungan kasama po ng kanilang sambahayan. Binabati ko din po ang aming Destinado Ka Benidict John Godoy. /  / Shoutout po sa mga may tungkulin ng Lokal ng Norcar. ❤❤❤❤",https://www.youtube.com/watch?v=ROa3kbG5M0U&lc=UgzRP8yBviKm1ggid3R4AaABAg,UgzRP8yBviKm1ggid3R4AaABAg,UCEoQCNgytnJxjJnAQLSzFeA,"Fetched 05/24/2026, 8:08:10 PM GMT+8"
4482,@jonieyonga-an5239,2 days ago,Let's gooo Benguettt!!!❤ / Good afternoon sa lahat Ng nanonood!! /  / Patuloy parin Ang ating pagsuporta! /  / Mula Po sa lokal Ng NORCAR!!,https://www.youtube.com/watch?v=ROa3kbG5M0U&lc=Ugz-EScHo_ulMKK1UKh4AaABAg,Ugz-EScHo_ulMKK1UKh4AaABAg,UCgUo3JP_Fffuctza4bUumJg,"Fetched 05/24/2026, 8:08:10 PM GMT+8"
4483,@henrycaranto2644,2 days ago,Tuloy tuloy lang po tayo  / Team Benguet❤🎉😊 /  / Shout out po sa lahat ng KADIWA at BINHI  / Share na po natin .🎉 /  / From Lokal ng Baguio City❤,https://www.youtube.com/watch?v=ROa3kbG5M0U&lc=UgwLGh452118JcX-x5l4AaABAg,UgwLGh452118JcX-x5l4AaABAg,UCFilTOy22FklSkBIgwVPVaQ,"Fetched 05/24/2026, 8:08:10 PM GMT+8"
4484,@grayvalentine770,2 days ago,Watching po lokal ng baguio city,https://www.youtube.com/watch?v=ROa3kbG5M0U&lc=Ugz2CEdwacvBr1TUjmB4AaABAg,Ugz2CEdwacvBr1TUjmB4AaABAg,UCA8J9BuI7nPbZ3E1OSaMTeg,"Fetched 05/24/2026, 8:08:10 PM GMT+8"
4485,@gwynethcayabyab5981,2 days ago,Good afternoon  po sa lahat ng nanonood keep on watching po 🎶 /  / Let’s Go Benguet! 🍓🍓 / Let’s Go KADIWA! 💙,https://www.youtube.com/watch?v=ROa3kbG5M0U&lc=UgxwX_AmBnobWx9ReKV4AaABAg,UgxwX_AmBnobWx9ReKV4AaABAg,UCouodNvhL1bfJC2Fz0B_Rcw,"Fetched 05/24/2026, 8:08:10 PM GMT+8"
4486,@ehdwow318,2 days ago,"Let’s keep the momentum going! 🔥Viewership support is ongoing until May 28!! 🎥 /  / Keep watching and supporting!! Definitely worth the watch!! /  / Always watching from Lokal ng Megaroyale, Distrito ng Benguet ❤",https://www.youtube.com/watch?v=ROa3kbG5M0U&lc=UgzuejPalwnp5ZS63pp4AaABAg,UgzuejPalwnp5ZS63pp4AaABAg,UCiwATwwRZ8TCez4FYmw9s0Q,"Fetched 05/24/2026, 8:08:10 PM GMT+8"
4487,@BnHydn,2 days ago,Feel the beat 🪘  / Lokal ng La Trinidad,https://www.youtube.com/watch?v=ROa3kbG5M0U&lc=UgyOkV9ReX1fugVe6tt4AaABAg,UgyOkV9ReX1fugVe6tt4AaABAg,UCbVqbfs9vjTS-hPNArDNcFQ,"Fetched 05/24/2026, 8:08:10 PM GMT+8"
4488,@ZanderMarilao,2 days ago,₉₅₀. TUBLAY 💚🤍❤️,https://www.youtube.com/watch?v=ROa3kbG5M0U&lc=UgxzOncj_PnvCgattit4AaABAg,UgxzOncj_PnvCgattit4AaABAg,UCv7EFTamFGdRVGJs7wRwFXQ,"Fetched 05/24/2026, 8:08:10 PM GMT+8"
4489,@ZanderMarilao,2 days ago,₉₄₉. TUBLAY 💚🤍❤️,https://www.youtube.com/watch?v=ROa3kbG5M0U&lc=Ugz1lcm6DHqWKgHjdP94AaABAg,Ugz1lcm6DHqWKgHjdP94AaABAg,UCv7EFTamFGdRVGJs7wRwFXQ,"Fetched 05/24/2026, 8:08:10 PM GMT+8"
4490,@ZanderMarilao,2 days ago,₉₄₈. TUBLAY 💚🤍❤️,https://www.youtube.com/watch?v=ROa3kbG5M0U&lc=UgxzESvBwVtfUXC5ffR4AaABAg,UgxzESvBwVtfUXC5ffR4AaABAg,UCv7EFTamFGdRVGJs7wRwFXQ,"Fetched 05/24/2026, 8:08:10 PM GMT+8"
4491,@ZanderMarilao,2 days ago,₉₄₇. TUBLAY 💚🤍❤️,https://www.youtube.com/watch?v=ROa3kbG5M0U&lc=UgxifYn_ypBmtHcUX2N4AaABAg,UgxifYn_ypBmtHcUX2N4AaABAg,UCv7EFTamFGdRVGJs7wRwFXQ,"Fetched 05/24/2026, 8:08:10 PM GMT+8"
4492,@ZanderMarilao,2 days ago,₉₄₆. TUBLAY 💚🤍❤️,https://www.youtube.com/watch?v=ROa3kbG5M0U&lc=UgyEIvA9M9HfjiP4ZFp4AaABAg,UgyEIvA9M9HfjiP4ZFp4AaABAg,UCv7EFTamFGdRVGJs7wRwFXQ,"Fetched 05/24/2026, 8:08:10 PM GMT+8"
4493,@ZanderMarilao,2 days ago,₉₄₅. TUBLAY 💚🤍❤️,https://www.youtube.com/watch?v=ROa3kbG5M0U&lc=UgwnJQSoMUB5H9jRuXl4AaABAg,UgwnJQSoMUB5H9jRuXl4AaABAg,UCv7EFTamFGdRVGJs7wRwFXQ,"Fetched 05/24/2026, 8:08:10 PM GMT+8"
4494,@chanelalejandro_pnk,2 days ago,"Nakapananghalian na ba ang lahat? Magandang tanghali mga kabagis 🫶 /  / PNK Kias, Lokal ng BENGUET 🇮🇹",https://www.youtube.com/watch?v=ROa3kbG5M0U&lc=UgzWP7Idha9-RQNog0l4AaABAg,UgzWP7Idha9-RQNog0l4AaABAg,UCTWPGTQOGr1EpY3c3e2tsVw,"Fetched 05/24/2026, 8:08:10 PM GMT+8"
4495,@ZanderMarilao,2 days ago,₉₄₄. TUBLAY 💚🤍❤️,https://www.youtube.com/watch?v=ROa3kbG5M0U&lc=UgzC5YK_E8cdYYlT7R94AaABAg,UgzC5YK_E8cdYYlT7R94AaABAg,UCv7EFTamFGdRVGJs7wRwFXQ,"Fetched 05/24/2026, 8:08:10 PM GMT+8"
4496,@BnHydn,2 days ago,Happy viewing and good afternoon brethren 🌻  / Lokal ng La Trinidad,https://www.youtube.com/watch?v=ROa3kbG5M0U&lc=UgwGbyghDyYi_GcPoPB4AaABAg,UgwGbyghDyYi_GcPoPB4AaABAg,UCbVqbfs9vjTS-hPNArDNcFQ,"Fetched 05/24/2026, 8:08:10 PM GMT+8"
4497,@ZanderMarilao,2 days ago,₉₄₃. TUBLAY 💚🤍❤️,https://www.youtube.com/watch?v=ROa3kbG5M0U&lc=UgzQiRbjywMW3s1myMh4AaABAg,UgzQiRbjywMW3s1myMh4AaABAg,UCv7EFTamFGdRVGJs7wRwFXQ,"Fetched 05/24/2026, 8:08:10 PM GMT+8"
4498,@bamsxcvz,2 days ago,"Happy viewing po, greetings from Baguio City!! FIGHTTTTT",https://www.youtube.com/watch?v=ROa3kbG5M0U&lc=UgypaNREOcHHghQVsS14AaABAg,UgypaNREOcHHghQVsS14AaABAg,UC0LroTxfh1GOFuWWguHx_rw,"Fetched 05/24/2026, 8:08:10 PM GMT+8"
4499,@ZanderMarilao,2 days ago,₉₄₂. TUBLAY 💚🤍❤️,https://www.youtube.com/watch?v=ROa3kbG5M0U&lc=UgzYvzlMbHTPn3RFK314AaABAg,UgzYvzlMbHTPn3RFK314AaABAg,UCv7EFTamFGdRVGJs7wRwFXQ,"Fetched 05/24/2026, 8:08:10 PM GMT+8"
4500,@bamsxcvz,2 days ago,"Happy viewing po, greetings from Baguio City!!",https://www.youtube.com/watch?v=ROa3kbG5M0U&lc=Ugy1J1We6M_8600qRpt4AaABAg,Ugy1J1We6M_8600qRpt4AaABAg,UC0LroTxfh1GOFuWWguHx_rw,"Fetched 05/24/2026, 8:08:10 PM GMT+8"
4501,@ZanderMarilao,2 days ago,₉₄₁. TUBLAY 💚🤍❤️,https://www.youtube.com/watch?v=ROa3kbG5M0U&lc=UgwYoHLT8Lj1yPjGiq54AaABAg,UgwYoHLT8Lj1yPjGiq54AaABAg,UCv7EFTamFGdRVGJs7wRwFXQ,"Fetched 05/24/2026, 8:08:10 PM GMT+8"
4502,@gam3rg1rl,2 days ago,"Grabe ang ganda talaga ng INCMV ng Benguet. So proud of our INCMV production and our pagkakaisa, mga kabagis!  / Pagbati po mula sa Lokal ng Megaroyale.",https://www.youtube.com/watch?v=ROa3kbG5M0U&lc=Ugyo6KVEmNsyeM9godZ4AaABAg,Ugyo6KVEmNsyeM9godZ4AaABAg,UC5IQqBTUAu9qmpEtOMJeRrQ,"Fetched 05/24/2026, 8:08:10 PM GMT+8"
4503,@ZanderMarilao,2 days ago,₉₄₀. TUBLAY 💚🤍❤️,https://www.youtube.com/watch?v=ROa3kbG5M0U&lc=Ugx79nUPh7gR1rhiJjt4AaABAg,Ugx79nUPh7gR1rhiJjt4AaABAg,UCv7EFTamFGdRVGJs7wRwFXQ,"Fetched 05/24/2026, 8:08:10 PM GMT+8"
4504,@bamsxcvz,2 days ago,Happy viewing po from lokal ng Baguio City!! 🫶🏻,https://www.youtube.com/watch?v=ROa3kbG5M0U&lc=Ugzsuobm0-Mi_8Td6zl4AaABAg,Ugzsuobm0-Mi_8Td6zl4AaABAg,UC0LroTxfh1GOFuWWguHx_rw,"Fetched 05/24/2026, 8:08:10 PM GMT+8"
4505,@ZanderMarilao,2 days ago,₉₃₉. TUBLAY 💚🤍❤️,https://www.youtube.com/watch?v=ROa3kbG5M0U&lc=UgyU-iYUNwy1cAD4wjF4AaABAg,UgyU-iYUNwy1cAD4wjF4AaABAg,UCv7EFTamFGdRVGJs7wRwFXQ,"Fetched 05/24/2026, 8:08:10 PM GMT+8"
4506,@ZanderMarilao,2 days ago,₉₃₈. TUBLAY 💚🤍❤️,https://www.youtube.com/watch?v=ROa3kbG5M0U&lc=UgxqAVztP-Oa6KgdQgJ4AaABAg,UgxqAVztP-Oa6KgdQgJ4AaABAg,UCv7EFTamFGdRVGJs7wRwFXQ,"Fetched 05/24/2026, 8:08:10 PM GMT+8"
4507,@ZanderMarilao,2 days ago,₉₃₇. TUBLAY 💚🤍❤️,https://www.youtube.com/watch?v=ROa3kbG5M0U&lc=Ugx-WRcZo7cg1ApO3P94AaABAg,Ugx-WRcZo7cg1ApO3P94AaABAg,UCv7EFTamFGdRVGJs7wRwFXQ,"Fetched 05/24/2026, 8:08:10 PM GMT+8"
4508,@ZanderMarilao,2 days ago,₉₃₆. TUBLAY 💚🤍❤️,https://www.youtube.com/watch?v=ROa3kbG5M0U&lc=UgxYmXN3NXMv5CPKRZN4AaABAg,UgxYmXN3NXMv5CPKRZN4AaABAg,UCv7EFTamFGdRVGJs7wRwFXQ,"Fetched 05/24/2026, 8:08:10 PM GMT+8"
4509,@ZanderMarilao,2 days ago,₉₃₅. TUBLAY 💚🤍❤️,https://www.youtube.com/watch?v=ROa3kbG5M0U&lc=Ugy6g14hUXwZZs4P2A94AaABAg,Ugy6g14hUXwZZs4P2A94AaABAg,UCv7EFTamFGdRVGJs7wRwFXQ,"Fetched 05/24/2026, 8:08:10 PM GMT+8"
4510,@ZanderMarilao,2 days ago,₉₃₄. TUBLAY 💚🤍❤️,https://www.youtube.com/watch?v=ROa3kbG5M0U&lc=UgyLI_mCQPpLoycbu8d4AaABAg,UgyLI_mCQPpLoycbu8d4AaABAg,UCv7EFTamFGdRVGJs7wRwFXQ,"Fetched 05/24/2026, 8:08:10 PM GMT+8"
4511,@ZanderMarilao,2 days ago,₉₃₃. TUBLAY 💚🤍❤️,https://www.youtube.com/watch?v=ROa3kbG5M0U&lc=Ugz4zzNLqktWoFhqBLl4AaABAg,Ugz4zzNLqktWoFhqBLl4AaABAg,UCv7EFTamFGdRVGJs7wRwFXQ,"Fetched 05/24/2026, 8:08:10 PM GMT+8"
4512,@ZanderMarilao,2 days ago,₉₃₂. TUBLAY 💚🤍❤️,https://www.youtube.com/watch?v=ROa3kbG5M0U&lc=UgwuIZc-lbsx-czz3Ph4AaABAg,UgwuIZc-lbsx-czz3Ph4AaABAg,UCv7EFTamFGdRVGJs7wRwFXQ,"Fetched 05/24/2026, 8:08:10 PM GMT+8"
4513,@ZanderMarilao,2 days ago,₉₃₁. TUBLAY 💚🤍❤️,https://www.youtube.com/watch?v=ROa3kbG5M0U&lc=UgyQ-hX7hk_Kz4KXDAt4AaABAg,UgyQ-hX7hk_Kz4KXDAt4AaABAg,UCv7EFTamFGdRVGJs7wRwFXQ,"Fetched 05/24/2026, 8:08:10 PM GMT+8"
4514,@ZanderMarilao,2 days ago,₉₃₀. TUBLAY 💚🤍❤️,https://www.youtube.com/watch?v=ROa3kbG5M0U&lc=UgyVlQ7fVYiijcFtCCt4AaABAg,UgyVlQ7fVYiijcFtCCt4AaABAg,UCv7EFTamFGdRVGJs7wRwFXQ,"Fetched 05/24/2026, 8:08:10 PM GMT+8"
4515,@ZanderMarilao,2 days ago,₉₂₉. TUBLAY 💚🤍❤️,https://www.youtube.com/watch?v=ROa3kbG5M0U&lc=Ugxrt_FJ4t96PTu5Bq54AaABAg,Ugxrt_FJ4t96PTu5Bq54AaABAg,UCv7EFTamFGdRVGJs7wRwFXQ,"Fetched 05/24/2026, 8:08:10 PM GMT+8"
4516,@ZanderMarilao,2 days ago,₉₂₈. TUBLAY 💚🤍❤️,https://www.youtube.com/watch?v=ROa3kbG5M0U&lc=Ugxn7AqXJmzdsZAp_SF4AaABAg,Ugxn7AqXJmzdsZAp_SF4AaABAg,UCv7EFTamFGdRVGJs7wRwFXQ,"Fetched 05/24/2026, 8:08:10 PM GMT+8"
4517,@ZanderMarilao,2 days ago,₉₂₇. TUBLAY 💚🤍❤️,https://www.youtube.com/watch?v=ROa3kbG5M0U&lc=Ugy1bKyWqb95-eIaeXB4AaABAg,Ugy1bKyWqb95-eIaeXB4AaABAg,UCv7EFTamFGdRVGJs7wRwFXQ,"Fetched 05/24/2026, 8:08:10 PM GMT+8"
4518,@sharondemesa8315,2 days ago,Happy viewing and greetings po to all brethren❤ / Watching from locale of Hongkong west district of Hongkong❣️,https://www.youtube.com/watch?v=ROa3kbG5M0U&lc=Ugw8rMwQmvf3NKptx214AaABAg,Ugw8rMwQmvf3NKptx214AaABAg,UC6HVzfZgAr7Z2YsCiAbtY2A,"Fetched 05/24/2026, 8:08:10 PM GMT+8"
4519,@PaulLhenie,2 days ago (edited),"husay naman po ng music video nyo ang saya panoorin hindi  ""hmm boring pala"" congrats po 🎉😊 /  / kwun tong, hong kong",https://www.youtube.com/watch?v=ROa3kbG5M0U&lc=UgyLH0OtdIIcNB0OYjJ4AaABAg,UgyLH0OtdIIcNB0OYjJ4AaABAg,UCFt5lp2X2xmxBVGtPaKUREQ,"Fetched 05/24/2026, 8:08:10 PM GMT+8"
4520,@mernelantonio776,2 days ago,"Happy viewing,maligayang pagbati sa lahat ng mga kapatid ng Benguet,. 😍",https://www.youtube.com/watch?v=ROa3kbG5M0U&lc=UgwDjyMCOAKL18HVQAh4AaABAg,UgwDjyMCOAKL18HVQAh4AaABAg,UCuvU9-9a12fDWd5vOsCsjQA,"Fetched 05/24/2026, 8:08:10 PM GMT+8"
4521,@romulodeverajr.9937,2 days ago,Happy lunch po. Lokal ng Baguio City.,https://www.youtube.com/watch?v=ROa3kbG5M0U&lc=Ugwl4i-3J-clW8mBTiZ4AaABAg,Ugwl4i-3J-clW8mBTiZ4AaABAg,UCp-gBjV5Wh420GHK3cminkw,"Fetched 05/24/2026, 8:08:10 PM GMT+8"
4522,@ZanderMarilao,2 days ago,₉₂₆. TUBLAY 💚🤍❤️,https://www.youtube.com/watch?v=ROa3kbG5M0U&lc=Ugy1ydn4b_183WF-49J4AaABAg,Ugy1ydn4b_183WF-49J4AaABAg,UCv7EFTamFGdRVGJs7wRwFXQ,"Fetched 05/24/2026, 8:08:10 PM GMT+8"
4523,@DinetteMacalintal,2 days ago,Congratulations ❤,https://www.youtube.com/watch?v=ROa3kbG5M0U&lc=UgxfnOr0uMDf5iDlKyp4AaABAg,UgxfnOr0uMDf5iDlKyp4AaABAg,UC3mMQGmlrC-9PFPksSYuuhQ,"Fetched 05/24/2026, 8:08:10 PM GMT+8"
4524,@josephdulay9738,2 days ago,God's love is inspiring..hello from the Lokal of Marcos Highway Benguet,https://www.youtube.com/watch?v=ROa3kbG5M0U&lc=UgyV79Ygob3GHOyd9P94AaABAg,UgyV79Ygob3GHOyd9P94AaABAg,UCwvvvRliliMsTWa0NSEeWPg,"Fetched 05/24/2026, 8:08:10 PM GMT+8"
4525,@yzabelgayadan6013,2 days ago,"Happy lunch po, habang nakikinig ng God’s Love! greeting from marcos highway/Kadiwa",https://www.youtube.com/watch?v=ROa3kbG5M0U&lc=UgxoOkItApETXxmGkr14AaABAg,UgxoOkItApETXxmGkr14AaABAg,UCdZGb4w25RyQ_9_blAErBaQ,"Fetched 05/24/2026, 8:08:10 PM GMT+8"
4526,@RoelJoshArabejo,2 days ago,"Happy Lunch Brethren! Watching from Aurora Hill, Benguet 🎉",https://www.youtube.com/watch?v=ROa3kbG5M0U&lc=UgzpSPVAd6wescs8YCJ4AaABAg,UgzpSPVAd6wescs8YCJ4AaABAg,UC_5rEJfoFzwKQH9Tvh4VPmw,"Fetched 05/24/2026, 8:08:10 PM GMT+8"
4527,@arlynsadsaddarnayla,2 days ago,"When life brings you to your knees  / In our Lord God's great power,you must believe🎤🎶 / Baguio city💚🤍❤️",https://www.youtube.com/watch?v=ROa3kbG5M0U&lc=UgxoZ0ZY7BfPzjIr8fJ4AaABAg,UgxoZ0ZY7BfPzjIr8fJ4AaABAg,UCEpebcWdMuh8WoE06IwNIKA,"Fetched 05/24/2026, 8:08:10 PM GMT+8"
4528,@NOLIPineda-r9k,2 days ago,Benguet! Vamos a verlo  juntos!,https://www.youtube.com/watch?v=ROa3kbG5M0U&lc=UgzsnS57tmCC19TAiyV4AaABAg,UgzsnS57tmCC19TAiyV4AaABAg,UCiJJ9RG6YH6JlZD1CUZVt_g,"Fetched 05/24/2026, 8:08:10 PM GMT+8"
4529,@JhaicyCabigat,2 days ago,Happy watching from Tublay🤍!,https://www.youtube.com/watch?v=ROa3kbG5M0U&lc=Ugw0DjP7w8jCr6sZnVJ4AaABAg,Ugw0DjP7w8jCr6sZnVJ4AaABAg,UCuRRpyEobdiXhsfwBYuL3Mg,"Fetched 05/24/2026, 8:08:10 PM GMT+8"
4530,@ehdwow318,2 days ago,"Yes po, hindi po boring panuorin. Happy watching po 🥰",https://www.youtube.com/watch?v=ROa3kbG5M0U&lc=UgyLH0OtdIIcNB0OYjJ4AaABAg.AX5iuYRLXplAX5kgPX8dVt,UgyLH0OtdIIcNB0OYjJ4AaABAg.AX5iuYRLXplAX5kgPX8dVt,UCiwATwwRZ8TCez4FYmw9s0Q,"Fetched 05/24/2026, 8:08:10 PM GMT+8"
4531,@LibrejabocoRobertBoks,2 days ago,"Greetings po to all brethren ❤  / Watching po from locale of Hongkong west, Hongkong District ❣️🥰",https://www.youtube.com/watch?v=ROa3kbG5M0U&lc=UgxX1lnfO4xcYhw_oiJ4AaABAg,UgxX1lnfO4xcYhw_oiJ4AaABAg,UCd0z31CHn1FW1bhix8DvYbA,"Fetched 05/24/2026, 8:08:10 PM GMT+8"
4532,@NOLIPineda-r9k,2 days ago,Benguet! Intayon agbuya agkakadwa!,https://www.youtube.com/watch?v=ROa3kbG5M0U&lc=UgxeTpzgxV7S_GZDplx4AaABAg,UgxeTpzgxV7S_GZDplx4AaABAg,UCiJJ9RG6YH6JlZD1CUZVt_g,"Fetched 05/24/2026, 8:08:10 PM GMT+8"
4533,@renatoaustria8843,2 days ago,"Go for God's ❤, Baguio City Locale!",https://www.youtube.com/watch?v=ROa3kbG5M0U&lc=UgyskZ5dsnogxLHEklR4AaABAg,UgyskZ5dsnogxLHEklR4AaABAg,UCvOSVWbT2WlhpFMQbj44Fvg,"Fetched 05/24/2026, 8:08:10 PM GMT+8"
4534,@NOLIPineda-r9k,2 days ago,Benguet fight! fight! Fight!!,https://www.youtube.com/watch?v=ROa3kbG5M0U&lc=UgwY-IAa0zGSDxoco254AaABAg,UgwY-IAa0zGSDxoco254AaABAg,UCiJJ9RG6YH6JlZD1CUZVt_g,"Fetched 05/24/2026, 8:08:10 PM GMT+8"
4535,@arlynsadsaddarnayla,2 days ago,"Go Bengyet🎉🎉🎉 / 💚🤍❤️ / Mula po sa lokal ng Baguio City, full support!",https://www.youtube.com/watch?v=ROa3kbG5M0U&lc=UgxB3gS4HW3aW6acMqJ4AaABAg,UgxB3gS4HW3aW6acMqJ4AaABAg,UCEpebcWdMuh8WoE06IwNIKA,"Fetched 05/24/2026, 8:08:10 PM GMT+8"
4536,@klienmartingonzales9861,2 days ago,Masmasarap mananghalian kasama ang panonood ng INCMV. Greetings from Lokal ng La Trinidad,https://www.youtube.com/watch?v=ROa3kbG5M0U&lc=UgwcgmYLQRkNecStnAZ4AaABAg,UgwcgmYLQRkNecStnAZ4AaABAg,UCIJSXffobfJsAIrn8hdp5ig,"Fetched 05/24/2026, 8:08:10 PM GMT+8"
4537,@JocelynAngsofan,2 days ago,"happy lunch😁 pagbati mula po sa lokal ng Pinsao, distrito ng Benguet🥰",https://www.youtube.com/watch?v=ROa3kbG5M0U&lc=UgxEcNW0UkGLKumUN4R4AaABAg,UgxEcNW0UkGLKumUN4R4AaABAg,UCQuHB6XVkmo3wL7uCy2bF5w,"Fetched 05/24/2026, 8:08:10 PM GMT+8"
4538,@JocelynAngsofan,2 days ago,"happy lunch po☺️ happy viewing ulit sa ating lahat, / sumusuporta lokal ng Pinsao, distrito ng Benguet",https://www.youtube.com/watch?v=ROa3kbG5M0U&lc=Ugwb-pZ8dMVGEfbsR0V4AaABAg,Ugwb-pZ8dMVGEfbsR0V4AaABAg,UCQuHB6XVkmo3wL7uCy2bF5w,"Fetched 05/24/2026, 8:08:10 PM GMT+8"
4539,@jerusatibayan6306,2 days ago (edited),Fighting mga taga Distrito ng BENGUET❤❤❤.. / TO GOD BE ALL THE GLORY😊,https://www.youtube.com/watch?v=ROa3kbG5M0U&lc=UgwNpjFUjY_zQm2pwaN4AaABAg,UgwNpjFUjY_zQm2pwaN4AaABAg,UCSV3g2SAWUOoE_LckoezTBw,"Fetched 05/24/2026, 8:08:10 PM GMT+8"
4540,@joelaganon6952,2 days ago,👏👏👏👏👏,https://www.youtube.com/watch?v=ROa3kbG5M0U&lc=UgzIFQZeuluHhBdFKjV4AaABAg,UgzIFQZeuluHhBdFKjV4AaABAg,UChevvJfd5L6E5s2G__kuKtA,"Fetched 05/24/2026, 8:08:10 PM GMT+8"
4541,@madamcher1914,2 days ago,Go go go benguet watching here in hongkongwest,https://www.youtube.com/watch?v=ROa3kbG5M0U&lc=Ugy9xguIG4TCc-NrvyR4AaABAg,Ugy9xguIG4TCc-NrvyR4AaABAg,UCMr2Ii8gRXfnppkBH3ZYi_A,"Fetched 05/24/2026, 8:08:10 PM GMT+8"
4542,@eliassobrepenagarcia2075,2 days ago (edited),Belated Happy birthday po bro. John Felix Dungan Molintas🎉🎉🎉❤❤❤ / Mula po sa lokal ng Camp7 distrito ng Benguet,https://www.youtube.com/watch?v=ROa3kbG5M0U&lc=UgyRkhjgwqOI9qmloH54AaABAg,UgyRkhjgwqOI9qmloH54AaABAg,UCJeJeDb3_CmpyFU_WjPVdCA,"Fetched 05/24/2026, 8:08:10 PM GMT+8"
4543,@geneprado-ro1lf,2 days ago,Go fight Baguio City,https://www.youtube.com/watch?v=ROa3kbG5M0U&lc=UgxZ9bGG7rWZiUZkgbV4AaABAg,UgxZ9bGG7rWZiUZkgbV4AaABAg,UC2Z9rmo043mQs6MJc9yF7XA,"Fetched 05/24/2026, 8:08:10 PM GMT+8"
4544,@geneprado-ro1lf,2 days ago,Happy viewing purpk 6 Baguio City,https://www.youtube.com/watch?v=ROa3kbG5M0U&lc=Ugy9ZExVKHid9-MFoXV4AaABAg,Ugy9ZExVKHid9-MFoXV4AaABAg,UC2Z9rmo043mQs6MJc9yF7XA,"Fetched 05/24/2026, 8:08:10 PM GMT+8"
4545,@geneprado-ro1lf,2 days ago,Group 3 Baguio City Choir!,https://www.youtube.com/watch?v=ROa3kbG5M0U&lc=Ugw0SwZag_0dxZZS-M14AaABAg,Ugw0SwZag_0dxZZS-M14AaABAg,UC2Z9rmo043mQs6MJc9yF7XA,"Fetched 05/24/2026, 8:08:10 PM GMT+8"
4546,@geneprado-ro1lf,2 days ago,Baguio city choir go Fight!,https://www.youtube.com/watch?v=ROa3kbG5M0U&lc=Ugz-WqnFT8Un3T2Lclt4AaABAg,Ugz-WqnFT8Un3T2Lclt4AaABAg,UC2Z9rmo043mQs6MJc9yF7XA,"Fetched 05/24/2026, 8:08:10 PM GMT+8"
4547,@arlynsadsaddarnayla,2 days ago,"Go Bengyet🎉🎉🎉 /  / 💚🤍❤️ /  / Mula po sa lokal ng Baguio City, full support!",https://www.youtube.com/watch?v=ROa3kbG5M0U&lc=UgzXFRxuFLyVU04sEmB4AaABAg,UgzXFRxuFLyVU04sEmB4AaABAg,UCEpebcWdMuh8WoE06IwNIKA,"Fetched 05/24/2026, 8:08:10 PM GMT+8"
4548,@geneprado-ro1lf,2 days ago,Fight Baguio City,https://www.youtube.com/watch?v=ROa3kbG5M0U&lc=UgxB2zxIB5xCV8VupU54AaABAg,UgxB2zxIB5xCV8VupU54AaABAg,UC2Z9rmo043mQs6MJc9yF7XA,"Fetched 05/24/2026, 8:08:10 PM GMT+8"
4549,@geneprado-ro1lf,2 days ago,Go Benguet fight!,https://www.youtube.com/watch?v=ROa3kbG5M0U&lc=UgznULZPvF_lRSgMmqV4AaABAg,UgznULZPvF_lRSgMmqV4AaABAg,UC2Z9rmo043mQs6MJc9yF7XA,"Fetched 05/24/2026, 8:08:10 PM GMT+8"
4550,@gwynethcayabyab5981,2 days ago,Fight fight fight benguet / Nood lang po ng nood  / Mula sa loka ng Megaroyale🎉 /  / Let’s Go Benguet! 🍓🍓 / Let’s Go KADIWA! 💙,https://www.youtube.com/watch?v=ROa3kbG5M0U&lc=UgwXLxJUVDawasfn86J4AaABAg,UgwXLxJUVDawasfn86J4AaABAg,UCouodNvhL1bfJC2Fz0B_Rcw,"Fetched 05/24/2026, 8:08:10 PM GMT+8"
4551,@jerusatibayan6306,2 days ago,Thank you po ka Shapot,https://www.youtube.com/watch?v=ROa3kbG5M0U&lc=UgxX1lnfO4xcYhw_oiJ4AaABAg.AX5hvesMC_BAX6-CIRXBCV,UgxX1lnfO4xcYhw_oiJ4AaABAg.AX5hvesMC_BAX6-CIRXBCV,UCSV3g2SAWUOoE_LckoezTBw,"Fetched 05/24/2026, 8:08:10 PM GMT+8"
4552,@jerusatibayan6306,2 days ago,Thank you po ka ateng cherrypie..  / Regards po sa mga kapatid natin dyan sa lokal ng Hongkong West,https://www.youtube.com/watch?v=ROa3kbG5M0U&lc=Ugy9xguIG4TCc-NrvyR4AaABAg.AX5glBysXZXAX5h-lPGgNE,Ugy9xguIG4TCc-NrvyR4AaABAg.AX5glBysXZXAX5h-lPGgNE,UCSV3g2SAWUOoE_LckoezTBw,"Fetched 05/24/2026, 8:08:10 PM GMT+8"
4553,@dayobohol5487,2 days ago,Happy viewing sa lahat ng tagalokal ng baguio city,https://www.youtube.com/watch?v=ROa3kbG5M0U&lc=UgxB7ORVKMmXYeO8jSl4AaABAg,UgxB7ORVKMmXYeO8jSl4AaABAg,UCnRGnqKPM39foMzRCWJzKzw,"Fetched 05/24/2026, 8:08:10 PM GMT+8"
4554,@ehdwow318,2 days ago,"Let’s keep the momentum going! 🔥Viewership support is ongoing until May 28!! 🎥 /  / Keep watching and supporting!! Definitely worth the watch!! /  / Always watching from Lokal ng Megaroyale, Distrito ng Benguet ❤",https://www.youtube.com/watch?v=ROa3kbG5M0U&lc=Ugxbx4Eno73tbg0uLl54AaABAg,Ugxbx4Eno73tbg0uLl54AaABAg,UCiwATwwRZ8TCez4FYmw9s0Q,"Fetched 05/24/2026, 8:08:10 PM GMT+8"
4555,@DJDaniwis,2 days ago,Good Afternoon mga kapatid happy viewing po muli sa atin at sa mga Binhi District Officer po Lokal po ng Ambiong 🇮🇹🎉🎉,https://www.youtube.com/watch?v=ROa3kbG5M0U&lc=UgzaYMoBp31eGiYMyvd4AaABAg,UgzaYMoBp31eGiYMyvd4AaABAg,UCciByNaKApcsQBcHkjrrwcA,"Fetched 05/24/2026, 8:08:10 PM GMT+8"
4556,@erdsalibno6674,2 days ago,Go INCMV Benguet... supporting from lokal ng KIAS,https://www.youtube.com/watch?v=ROa3kbG5M0U&lc=UgynePP2P6_0taWlBxF4AaABAg,UgynePP2P6_0taWlBxF4AaABAg,UCMLzSDZ7SfaJQDopS7nKULw,"Fetched 05/24/2026, 8:08:10 PM GMT+8"
4557,@maryheartabiado2865,2 days ago,happy viewing pooo from lokal ng greenwaterr!!!!❤❤❤,https://www.youtube.com/watch?v=ROa3kbG5M0U&lc=UgxB2a5a7-nH00uvqll4AaABAg,UgxB2a5a7-nH00uvqll4AaABAg,UCSKIC2tr4RHok9QPJWo4XJg,"Fetched 05/24/2026, 8:08:10 PM GMT+8"
4558,@AlvieMangsat-c4m,2 days ago,Goodmorning po mga kapatid! Happy Viewing po! Pagbati din po sa mga kasama po naming district officers! from lokal po ng Megaroyale Village kapisanang binhi!❤,https://www.youtube.com/watch?v=ROa3kbG5M0U&lc=UgxnpWVuwDZb7SjQm1N4AaABAg,UgxnpWVuwDZb7SjQm1N4AaABAg,UCe2qidW_pQ1iCUkpjLZCXUA,"Fetched 05/24/2026, 8:08:10 PM GMT+8"
4559,@riajannah3304,2 days ago,Enjoy Watching po! Mainit na pagbati mula sa lokal ng Aurora Hill❤,https://www.youtube.com/watch?v=ROa3kbG5M0U&lc=UgwJQKJkGlj_sCbOMyF4AaABAg,UgwJQKJkGlj_sCbOMyF4AaABAg,UCg6vNkDKjJmbm-o5VgxURGQ,"Fetched 05/24/2026, 8:08:10 PM GMT+8"
4560,@riajannah3304,2 days ago,Enjoy Watching po! Mainit na pagbati mula sa lokal ng Aurora Hill❤,https://www.youtube.com/watch?v=ROa3kbG5M0U&lc=Ugz2o3-lzag1jkz8dJV4AaABAg,Ugz2o3-lzag1jkz8dJV4AaABAg,UCg6vNkDKjJmbm-o5VgxURGQ,"Fetched 05/24/2026, 8:08:10 PM GMT+8"
4561,@riajannah3304,2 days ago,Enjoy Watching po! Mainit na pagbati mula sa lokal ng Aurora Hill❤,https://www.youtube.com/watch?v=ROa3kbG5M0U&lc=UgzD_-KpabaMYLutqqh4AaABAg,UgzD_-KpabaMYLutqqh4AaABAg,UCg6vNkDKjJmbm-o5VgxURGQ,"Fetched 05/24/2026, 8:08:10 PM GMT+8"
4562,@chichialvarezn,2 days ago,Maligayangg pag bati po mga kabagis! greetings from Aurora Hill District of Benguet!💗,https://www.youtube.com/watch?v=ROa3kbG5M0U&lc=Ugxlt3x30KElOOETuyd4AaABAg,Ugxlt3x30KElOOETuyd4AaABAg,UCCqRQErQw1h8719fX878FDA,"Fetched 05/24/2026, 8:08:10 PM GMT+8"
4563,@riajannah3304,2 days ago,Enjoy Watching po! Mainit na pagbati mula sa lokal ng Aurora Hill❤,https://www.youtube.com/watch?v=ROa3kbG5M0U&lc=Ugzcq3jwo2ohII6WPPl4AaABAg,Ugzcq3jwo2ohII6WPPl4AaABAg,UCg6vNkDKjJmbm-o5VgxURGQ,"Fetched 05/24/2026, 8:08:10 PM GMT+8"
4564,@riajannah3304,2 days ago,Enjoy Watching po! Mainit na pagbati mula sa lokal ng Aurora Hill❤,https://www.youtube.com/watch?v=ROa3kbG5M0U&lc=UgxVWcfx919kfR-kwPR4AaABAg,UgxVWcfx919kfR-kwPR4AaABAg,UCg6vNkDKjJmbm-o5VgxURGQ,"Fetched 05/24/2026, 8:08:10 PM GMT+8"
4565,@riajannah3304,2 days ago,Enjoy Watching po! Mainit na pagbati mula sa lokal ng Aurora Hill❤,https://www.youtube.com/watch?v=ROa3kbG5M0U&lc=UgycrzBfYPe3uYBR_lN4AaABAg,UgycrzBfYPe3uYBR_lN4AaABAg,UCg6vNkDKjJmbm-o5VgxURGQ,"Fetched 05/24/2026, 8:08:10 PM GMT+8"
4566,@chichialvarezn,2 days ago,Mainit na pagbati po mula sa Lokal ng Aurora Hill. Enjoy watching!,https://www.youtube.com/watch?v=ROa3kbG5M0U&lc=Ugwif2YXPZgYYjbzE2R4AaABAg,Ugwif2YXPZgYYjbzE2R4AaABAg,UCCqRQErQw1h8719fX878FDA,"Fetched 05/24/2026, 8:08:10 PM GMT+8"
4567,@chichialvarezn,2 days ago,"Good aft mga kabagis, hope u eat ur lunch! warm greetings from Aurora Hill, District of benguet💗",https://www.youtube.com/watch?v=ROa3kbG5M0U&lc=UgzLHwD_po5yBkUBegx4AaABAg,UgzLHwD_po5yBkUBegx4AaABAg,UCCqRQErQw1h8719fX878FDA,"Fetched 05/24/2026, 8:08:10 PM GMT+8"
4568,@chichialvarezn,2 days ago,Go Benguet!! GO AURORA HILL!!! 🎉🎉🎉,https://www.youtube.com/watch?v=ROa3kbG5M0U&lc=Ugye7QFQrmw3ivWqYmZ4AaABAg,Ugye7QFQrmw3ivWqYmZ4AaABAg,UCCqRQErQw1h8719fX878FDA,"Fetched 05/24/2026, 8:08:10 PM GMT+8"
4569,@chichialvarezn,2 days ago,Go Benguet!! GO AURORA HILL!!! 🎉🎉🎉,https://www.youtube.com/watch?v=ROa3kbG5M0U&lc=UgwOt7h4pH-d43x3SnV4AaABAg,UgwOt7h4pH-d43x3SnV4AaABAg,UCCqRQErQw1h8719fX878FDA,"Fetched 05/24/2026, 8:08:10 PM GMT+8"
4570,@chichialvarezn,2 days ago,Go Benguet!! GO AURORA HILL!!! 🎉🎉🎉,https://www.youtube.com/watch?v=ROa3kbG5M0U&lc=UgzASve065BrYF-VRhN4AaABAg,UgzASve065BrYF-VRhN4AaABAg,UCCqRQErQw1h8719fX878FDA,"Fetched 05/24/2026, 8:08:10 PM GMT+8"
4571,@chichialvarezn,2 days ago,Mainit na pagbati po mula sa Lokal ng Aurora Hill. Enjoy watching!,https://www.youtube.com/watch?v=ROa3kbG5M0U&lc=UgzzTftT8Vln80NMzkF4AaABAg,UgzzTftT8Vln80NMzkF4AaABAg,UCCqRQErQw1h8719fX878FDA,"Fetched 05/24/2026, 8:08:10 PM GMT+8"
4572,@chichialvarezn,2 days ago,"Happy watching po sa ating lahat! warm greetings from locale of Aurora Hill, District of Benguet :)))",https://www.youtube.com/watch?v=ROa3kbG5M0U&lc=Ugyhhwu_92OMcFnIzOZ4AaABAg,Ugyhhwu_92OMcFnIzOZ4AaABAg,UCCqRQErQw1h8719fX878FDA,"Fetched 05/24/2026, 8:08:10 PM GMT+8"
4573,@dayobohol5487,2 days ago,Gandang tanghali mga kapatid lokal ng baguio city,https://www.youtube.com/watch?v=ROa3kbG5M0U&lc=UgxB7ORVKMmXYeO8jSl4AaABAg.AX5fjTE23qiAX5g8z5nrrm,UgxB7ORVKMmXYeO8jSl4AaABAg.AX5fjTE23qiAX5g8z5nrrm,UCnRGnqKPM39foMzRCWJzKzw,"Fetched 05/24/2026, 8:08:10 PM GMT+8"
4574,@VemDeGuzman,2 days ago,Let's Go! Magandang tanghali po mga kapatid mula po sa Lokal ng Irisan🥰,https://www.youtube.com/watch?v=ROa3kbG5M0U&lc=UgzTPI5CGjSYI1kXaLx4AaABAg,UgzTPI5CGjSYI1kXaLx4AaABAg,UC5v7Vmg4QveGOvqjlBdP_dg,"Fetched 05/24/2026, 8:08:10 PM GMT+8"
4575,@chichialvarezn,2 days ago,"Happy viewing po mga kabagis, GREAT-tings po from Aurora Hill District of Benguet",https://www.youtube.com/watch?v=ROa3kbG5M0U&lc=Ugx5GX13jyrKnwbS2gV4AaABAg,Ugx5GX13jyrKnwbS2gV4AaABAg,UCCqRQErQw1h8719fX878FDA,"Fetched 05/24/2026, 8:08:10 PM GMT+8"
4576,@riajannah3304,2 days ago,Go Benguet! Go Aurora Hill!❤,https://www.youtube.com/watch?v=ROa3kbG5M0U&lc=Ugye9E-ELJQTBhf3KSR4AaABAg,Ugye9E-ELJQTBhf3KSR4AaABAg,UCg6vNkDKjJmbm-o5VgxURGQ,"Fetched 05/24/2026, 8:08:10 PM GMT+8"
4577,@riajannah3304,2 days ago,Go Benguet! Go Aurora Hill!❤,https://www.youtube.com/watch?v=ROa3kbG5M0U&lc=UgyQm7wArczrBsAla5x4AaABAg,UgyQm7wArczrBsAla5x4AaABAg,UCg6vNkDKjJmbm-o5VgxURGQ,"Fetched 05/24/2026, 8:08:10 PM GMT+8"
4578,@chichialvarezn,2 days ago,Gandang tanghali po!  Maligayang pagbati mula sa lokal ng Aurora Hill,https://www.youtube.com/watch?v=ROa3kbG5M0U&lc=UgwFATTj73ETcRhLV6V4AaABAg,UgwFATTj73ETcRhLV6V4AaABAg,UCCqRQErQw1h8719fX878FDA,"Fetched 05/24/2026, 8:08:10 PM GMT+8"
4579,@riajannah3304,2 days ago,Go Benguet! Go Aurora Hill!❤,https://www.youtube.com/watch?v=ROa3kbG5M0U&lc=UgxFTAlElhRIaV-rXiR4AaABAg,UgxFTAlElhRIaV-rXiR4AaABAg,UCg6vNkDKjJmbm-o5VgxURGQ,"Fetched 05/24/2026, 8:08:10 PM GMT+8"
4580,@riajannah3304,2 days ago,Go Benguet! Go Aurora Hill!❤,https://www.youtube.com/watch?v=ROa3kbG5M0U&lc=Ugy1UTvFZlrPAms5bep4AaABAg,Ugy1UTvFZlrPAms5bep4AaABAg,UCg6vNkDKjJmbm-o5VgxURGQ,"Fetched 05/24/2026, 8:08:10 PM GMT+8"
4581,@chichialvarezn,2 days ago,"Good aft mga kabagis, hope u eat ur lunch! warm greetings from Aurora Hill, District of benguet !",https://www.youtube.com/watch?v=ROa3kbG5M0U&lc=UgxG3-TqNlXRLqkURx54AaABAg,UgxG3-TqNlXRLqkURx54AaABAg,UCCqRQErQw1h8719fX878FDA,"Fetched 05/24/2026, 8:08:10 PM GMT+8"
4582,@riajannah3304,2 days ago,Go Benguet! Go Aurora Hill!❤,https://www.youtube.com/watch?v=ROa3kbG5M0U&lc=UgygufoOu7c5tHZDKgB4AaABAg,UgygufoOu7c5tHZDKgB4AaABAg,UCg6vNkDKjJmbm-o5VgxURGQ,"Fetched 05/24/2026, 8:08:10 PM GMT+8"
4583,@chichialvarezn,2 days ago,Maligayangg pag bati po mga kabagis! greetings from Aurora Hill District of Benguet!,https://www.youtube.com/watch?v=ROa3kbG5M0U&lc=UgyRjHfcmgKThTa3WSd4AaABAg,UgyRjHfcmgKThTa3WSd4AaABAg,UCCqRQErQw1h8719fX878FDA,"Fetched 05/24/2026, 8:08:10 PM GMT+8"
4584,@VemDeGuzman,2 days ago,Happy watching po mula sa Lokal ng Irisan 😁,https://www.youtube.com/watch?v=ROa3kbG5M0U&lc=UgwxZ5Gdu1A-UfhHqgJ4AaABAg,UgwxZ5Gdu1A-UfhHqgJ4AaABAg,UC5v7Vmg4QveGOvqjlBdP_dg,"Fetched 05/24/2026, 8:08:10 PM GMT+8"
4585,@riajannah3304,2 days ago,Go Benguet! Go Aurora Hill!❤,https://www.youtube.com/watch?v=ROa3kbG5M0U&lc=Ugwx6lRaBnoRt0Tk21N4AaABAg,Ugwx6lRaBnoRt0Tk21N4AaABAg,UCg6vNkDKjJmbm-o5VgxURGQ,"Fetched 05/24/2026, 8:08:10 PM GMT+8"
4586,@carmichaeldaligan4338,2 days ago,greetings po sa lahat ng mga Kapatid sa Loakan airport tara po mga kapatid,https://www.youtube.com/watch?v=ROa3kbG5M0U&lc=UgwMMXOlKsCHKp4xoIp4AaABAg,UgwMMXOlKsCHKp4xoIp4AaABAg,UC3beFEbw3Ob7lxJMsEas9yw,"Fetched 05/24/2026, 8:08:10 PM GMT+8"
4587,@chichialvarezn,2 days ago,"Happy watching po sa ating lahat! warm greetings from locale of Aurora Hill, District of Benguet💋",https://www.youtube.com/watch?v=ROa3kbG5M0U&lc=UgzXupK-hBKA6wP-xpZ4AaABAg,UgzXupK-hBKA6wP-xpZ4AaABAg,UCCqRQErQw1h8719fX878FDA,"Fetched 05/24/2026, 8:08:10 PM GMT+8"
4588,@chichialvarezn,2 days ago,"Happy viewing po mga kabagis, GREAT-tings po from Aurora Hill District of Benguet 💘",https://www.youtube.com/watch?v=ROa3kbG5M0U&lc=Ugzm2KOlUO6l5PmR4A94AaABAg,Ugzm2KOlUO6l5PmR4A94AaABAg,UCCqRQErQw1h8719fX878FDA,"Fetched 05/24/2026, 8:08:10 PM GMT+8"
4589,@chichialvarezn,2 days ago,Gandang tanghali po!  Maligayang pagbati mula sa lokal ng Aurora Hill 😽,https://www.youtube.com/watch?v=ROa3kbG5M0U&lc=Ugxvczr6wYL8l1C9uAh4AaABAg,Ugxvczr6wYL8l1C9uAh4AaABAg,UCCqRQErQw1h8719fX878FDA,"Fetched 05/24/2026, 8:08:10 PM GMT+8"
4590,@kristonleefuchigami3643,2 days ago,GO BENGUET mUla sa Lokal ng Quezon Hill,https://www.youtube.com/watch?v=ROa3kbG5M0U&lc=UgzWXAjcMegQ_WkP75p4AaABAg,UgzWXAjcMegQ_WkP75p4AaABAg,UCOZ4eM5oab1qQPoV6luV52w,"Fetched 05/24/2026, 8:08:10 PM GMT+8"
4591,@chichialvarezn,2 days ago,"Good aft mga kabagis, hope u eat ur lunch! warm greetings from Aurora Hill, District of benguet  / 💚🤍❤",https://www.youtube.com/watch?v=ROa3kbG5M0U&lc=UgxWJz8eIANFgMtKMO94AaABAg,UgxWJz8eIANFgMtKMO94AaABAg,UCCqRQErQw1h8719fX878FDA,"Fetched 05/24/2026, 8:08:10 PM GMT+8"
4592,@chichialvarezn,2 days ago,Maligayangg pag bati po mga kabagis! greetings from Aurora Hill District of Benguet! 💋💋,https://www.youtube.com/watch?v=ROa3kbG5M0U&lc=UgwN7OCv9bz4rT5IBVF4AaABAg,UgwN7OCv9bz4rT5IBVF4AaABAg,UCCqRQErQw1h8719fX878FDA,"Fetched 05/24/2026, 8:08:10 PM GMT+8"
4593,@chichialvarezn,2 days ago,"Happy watching po sa ating lahat! warm greetings from locale of Aurora Hill, District of Benguet",https://www.youtube.com/watch?v=ROa3kbG5M0U&lc=UgyOvWqdVPvrz02Y-jd4AaABAg,UgyOvWqdVPvrz02Y-jd4AaABAg,UCCqRQErQw1h8719fX878FDA,"Fetched 05/24/2026, 8:08:10 PM GMT+8"
4594,@Gwynythkimpaoy,2 days ago,Tublay 🥰,https://www.youtube.com/watch?v=ROa3kbG5M0U&lc=Ugw7zVo8wNrL5roCoFF4AaABAg,Ugw7zVo8wNrL5roCoFF4AaABAg,UCwZ8ZlBiuUNCLSJuZ8tH6eg,"Fetched 05/24/2026, 8:08:10 PM GMT+8"
4595,@gilbees2014,2 days ago,"Hello gudhi noon sa inyong lhat,,,lunch po tayo habang nanunuod,,,bumabati po mula sa lokal ng hillside,distrito ng benguet🙋🙋❤️❤️❤️",https://www.youtube.com/watch?v=ROa3kbG5M0U&lc=UgwXZ0XY-6vbt54R4Yt4AaABAg,UgwXZ0XY-6vbt54R4Yt4AaABAg,UCjo4AwZrofVI5k4jwfMfcdA,"Fetched 05/24/2026, 8:08:10 PM GMT+8"
4596,@Pogi-s7v,2 days ago,Oohh oohh🎶🎶 / Lets go benguet /  / From taloy sur,https://www.youtube.com/watch?v=ROa3kbG5M0U&lc=UgxljZAyUtx_Wt0QG4J4AaABAg,UgxljZAyUtx_Wt0QG4J4AaABAg,UCUoKQr0Va6g_r-CxNXipYEg,"Fetched 05/24/2026, 8:08:10 PM GMT+8"
4597,@chichialvarezn,2 days ago,"Happy viewing po mga kabagis, GREAT-tings po from Aurora Hill District of Benguet",https://www.youtube.com/watch?v=ROa3kbG5M0U&lc=UgxErT2s_9iKa9UhD054AaABAg,UgxErT2s_9iKa9UhD054AaABAg,UCCqRQErQw1h8719fX878FDA,"Fetched 05/24/2026, 8:08:10 PM GMT+8"
4598,@carmichaeldaligan4338,2 days ago,lunch time with God's Love. go Benguet. Frm Loakan Airport,https://www.youtube.com/watch?v=ROa3kbG5M0U&lc=UgytVvKfta5W3cRB2l54AaABAg,UgytVvKfta5W3cRB2l54AaABAg,UC3beFEbw3Ob7lxJMsEas9yw,"Fetched 05/24/2026, 8:08:10 PM GMT+8"
4599,@aizelfuchigami842,2 days ago,Fighting Benguet! / Lokal ng Quezon Hill,https://www.youtube.com/watch?v=ROa3kbG5M0U&lc=UgyJ5VySe7bDjb_nYTF4AaABAg,UgyJ5VySe7bDjb_nYTF4AaABAg,UCAxDQnCZxAvsB6YgYjSR1nQ,"Fetched 05/24/2026, 8:08:10 PM GMT+8"
4600,@chichialvarezn,2 days ago,Gandang tanghali po!  Maligayang pagbati mula sa lokal ng Aurora Hill,https://www.youtube.com/watch?v=ROa3kbG5M0U&lc=UgxCod93Tbi0EHvMmfx4AaABAg,UgxCod93Tbi0EHvMmfx4AaABAg,UCCqRQErQw1h8719fX878FDA,"Fetched 05/24/2026, 8:08:10 PM GMT+8"
4601,@chichialvarezn,2 days ago,"Good aft mga kabagis, hope u eat ur lunch! warm greetings from Aurora Hill, District of benguet",https://www.youtube.com/watch?v=ROa3kbG5M0U&lc=UgzmbrHekPNNj5NMSwp4AaABAg,UgzmbrHekPNNj5NMSwp4AaABAg,UCCqRQErQw1h8719fX878FDA,"Fetched 05/24/2026, 8:08:10 PM GMT+8"
4602,@aizelfuchigami842,2 days ago,Fight Fight Fight Benguet! / Lokal ng Quezon Hill,https://www.youtube.com/watch?v=ROa3kbG5M0U&lc=UgzBSkgvsVtJMTrcdg14AaABAg,UgzBSkgvsVtJMTrcdg14AaABAg,UCAxDQnCZxAvsB6YgYjSR1nQ,"Fetched 05/24/2026, 8:08:10 PM GMT+8"
4603,@chichialvarezn,2 days ago,Maligayangg pag bati po mga kabagis! greetings from Aurora Hill District of Benguet!,https://www.youtube.com/watch?v=ROa3kbG5M0U&lc=UgwgnQ4NKhpSfUgEHQd4AaABAg,UgwgnQ4NKhpSfUgEHQd4AaABAg,UCCqRQErQw1h8719fX878FDA,"Fetched 05/24/2026, 8:08:10 PM GMT+8"
4604,@chichialvarezn,2 days ago,"Happy viewing po sa ating lahat! warm greetings from locale of Aurora Hill, District of Benguet💫",https://www.youtube.com/watch?v=ROa3kbG5M0U&lc=UgyQE06LaLiU1j41VPJ4AaABAg,UgyQE06LaLiU1j41VPJ4AaABAg,UCCqRQErQw1h8719fX878FDA,"Fetched 05/24/2026, 8:08:10 PM GMT+8"
4605,@aizelfuchigami842,2 days ago,Go Benguet! / Lokal ng Quezon Hill,https://www.youtube.com/watch?v=ROa3kbG5M0U&lc=UgzVCMwiV4EhzJ5Qyxl4AaABAg,UgzVCMwiV4EhzJ5Qyxl4AaABAg,UCAxDQnCZxAvsB6YgYjSR1nQ,"Fetched 05/24/2026, 8:08:10 PM GMT+8"
4606,@aizelfuchigami842,2 days ago,Happy lunch Happy viewing! / Mula po sa Lokal ng Quezon Hill Distrito ng Benguet. 🇮🇹🎼🎵🎶,https://www.youtube.com/watch?v=ROa3kbG5M0U&lc=UgzNXqH98gkXrDh4MQp4AaABAg,UgzNXqH98gkXrDh4MQp4AaABAg,UCAxDQnCZxAvsB6YgYjSR1nQ,"Fetched 05/24/2026, 8:08:10 PM GMT+8"
4607,@carmichaeldaligan4338,2 days ago,todo na to mga Kapatid. Go Benguet. mula po sa loakan Airport,https://www.youtube.com/watch?v=ROa3kbG5M0U&lc=UgwmDZNCvWW8-DtdftR4AaABAg,UgwmDZNCvWW8-DtdftR4AaABAg,UC3beFEbw3Ob7lxJMsEas9yw,"Fetched 05/24/2026, 8:08:10 PM GMT+8"
4608,@lyn-xy4jy,2 days ago,Best!! From Quezon hill,https://www.youtube.com/watch?v=ROa3kbG5M0U&lc=UgzN3HahQlMYGztPpbF4AaABAg,UgzN3HahQlMYGztPpbF4AaABAg,UCzIb1U01uR8PeCo3MxISrDg,"Fetched 05/24/2026, 8:08:10 PM GMT+8"
4609,@jencirey,2 days ago,"Sobrang saya po naming binuo ang incmv entry po natin, sana maenjoy niyo po!!! Thank you po!! Mula lokal ng Quezon Hill",https://www.youtube.com/watch?v=ROa3kbG5M0U&lc=Ugz7eqZNd4iY7uY4-it4AaABAg,Ugz7eqZNd4iY7uY4-it4AaABAg,UCvElCgW8k03hNWpFOLmo8PA,"Fetched 05/24/2026, 8:08:10 PM GMT+8"
4610,@hazelhalican2149,2 days ago,Go Baguio City 💚  / #Kalihiman / #Registry,https://www.youtube.com/watch?v=ROa3kbG5M0U&lc=Ugw125kN8KpQMYf_idh4AaABAg,Ugw125kN8KpQMYf_idh4AaABAg,UC5JK1YaWy38yVHiRtJW47sw,"Fetched 05/24/2026, 8:08:10 PM GMT+8"
4611,@lyn-xy4jy,2 days ago,Happy viewing Po / Local Ng Quezon hill,https://www.youtube.com/watch?v=ROa3kbG5M0U&lc=UgzhDkegoiyryV9zoGp4AaABAg,UgzhDkegoiyryV9zoGp4AaABAg,UCzIb1U01uR8PeCo3MxISrDg,"Fetched 05/24/2026, 8:08:10 PM GMT+8"
4612,@arlynsadsaddarnayla,2 days ago,"Go Bengyet🎉🎉🎉 / 💚🤍❤️ / Mula po sa lokal ng Baguio City, full support!",https://www.youtube.com/watch?v=ROa3kbG5M0U&lc=UgzEwZbpMASDMsnOkGJ4AaABAg,UgzEwZbpMASDMsnOkGJ4AaABAg,UCEpebcWdMuh8WoE06IwNIKA,"Fetched 05/24/2026, 8:08:10 PM GMT+8"
4613,@chichialvarezn,2 days ago,"Happy viewing po mga kabagis, GREAT-tings po from Aurora Hill District of Benguet  / 😝💗💗",https://www.youtube.com/watch?v=ROa3kbG5M0U&lc=Ugy2hhpYu8oo0HyTdjd4AaABAg,Ugy2hhpYu8oo0HyTdjd4AaABAg,UCCqRQErQw1h8719fX878FDA,"Fetched 05/24/2026, 8:08:10 PM GMT+8"
4614,@arlynsadsaddarnayla,2 days ago,"Go Bengyet🎉🎉🎉 /  / 💚🤍❤️ /  / Mula po sa lokal ng Baguio City, full support!",https://www.youtube.com/watch?v=ROa3kbG5M0U&lc=UgwBvQSsPb13UJRqWeJ4AaABAg,UgwBvQSsPb13UJRqWeJ4AaABAg,UCEpebcWdMuh8WoE06IwNIKA,"Fetched 05/24/2026, 8:08:10 PM GMT+8"
4615,@arthurpassian36,2 days ago,goodnoon mga kptd. happy vieweng mga kptd mula po dto sa lokal ng Queson hill dstrito ng Benguet.,https://www.youtube.com/watch?v=ROa3kbG5M0U&lc=Ugxw3QIcxar5P7BXoeN4AaABAg,Ugxw3QIcxar5P7BXoeN4AaABAg,UCcnaUWfdvobP-90ZBk8Zy7g,"Fetched 05/24/2026, 8:08:10 PM GMT+8"
4616,@jencirey,2 days ago,Congratulations po Distrito ng Benguet!! Pagbati po mula lokal ng Quezon hill!!,https://www.youtube.com/watch?v=ROa3kbG5M0U&lc=Ugz74YBAZG1WfJl0B3V4AaABAg,Ugz74YBAZG1WfJl0B3V4AaABAg,UCvElCgW8k03hNWpFOLmo8PA,"Fetched 05/24/2026, 8:08:10 PM GMT+8"
4617,@chichialvarezn,2 days ago,gandang tanghali po!  Maligayang pagbati mula sa lokal ng Aurora Hill  / :goodvibes::finger-red-number-one:,https://www.youtube.com/watch?v=ROa3kbG5M0U&lc=UgymuAzSgqw5AZsvapB4AaABAg,UgymuAzSgqw5AZsvapB4AaABAg,UCCqRQErQw1h8719fX878FDA,"Fetched 05/24/2026, 8:08:10 PM GMT+8"
4618,@hazelhalican2149,2 days ago,Go Go Go Baguio City 💚  / #Kalihiman / #Registry,https://www.youtube.com/watch?v=ROa3kbG5M0U&lc=UgwS8vtUV0il7wVoIv14AaABAg,UgwS8vtUV0il7wVoIv14AaABAg,UC5JK1YaWy38yVHiRtJW47sw,"Fetched 05/24/2026, 8:08:10 PM GMT+8"
4619,@chichialvarezn,2 days ago,"Good aft mga kabagis, hope u eat ur lunch! warm greetings from Aurora Hill, District of benguet:yougotthis::yougotthis:",https://www.youtube.com/watch?v=ROa3kbG5M0U&lc=Ugw_38tdq6TG0fejfa94AaABAg,Ugw_38tdq6TG0fejfa94AaABAg,UCCqRQErQw1h8719fX878FDA,"Fetched 05/24/2026, 8:08:10 PM GMT+8"
4620,@chichialvarezn,2 days ago,Maligayangg pag bati po mga kabagis! greetings from Aurora Hill District of Benguet! :virtualhug:,https://www.youtube.com/watch?v=ROa3kbG5M0U&lc=UgwQrcKQU-1owrkSqV14AaABAg,UgwQrcKQU-1owrkSqV14AaABAg,UCCqRQErQw1h8719fX878FDA,"Fetched 05/24/2026, 8:08:10 PM GMT+8"
4621,@chichialvarezn,2 days ago,"happy viewing po mga kabagis, GREAT-tings po from Aurora Hill District of Benguet  / :virtualhug:",https://www.youtube.com/watch?v=ROa3kbG5M0U&lc=Ugyuy2AK7l7beFb5PSB4AaABAg,Ugyuy2AK7l7beFb5PSB4AaABAg,UCCqRQErQw1h8719fX878FDA,"Fetched 05/24/2026, 8:08:10 PM GMT+8"
4622,@henrycaranto2644,2 days ago,Happy Lunch po sa lahat🎉😊 /  / Pagbati po sa lahat ng KADIWA at BINHI🎉 /  / From Lokal ng BAGUIO CITY❤,https://www.youtube.com/watch?v=ROa3kbG5M0U&lc=Ugx7DuEvSHx6JUMGjRt4AaABAg,Ugx7DuEvSHx6JUMGjRt4AaABAg,UCFilTOy22FklSkBIgwVPVaQ,"Fetched 05/24/2026, 8:08:10 PM GMT+8"
4623,@hazelhalican2149,2 days ago,Watching while working 😊 / Go Baguio City!!! / #Kalihiman / #Registry,https://www.youtube.com/watch?v=ROa3kbG5M0U&lc=UgyKI5wCsEnN5alAB354AaABAg,UgyKI5wCsEnN5alAB354AaABAg,UC5JK1YaWy38yVHiRtJW47sw,"Fetched 05/24/2026, 8:08:10 PM GMT+8"
4624,@AlvenRafaelPermales,2 days ago,Happyviewing po🎉🎉,https://www.youtube.com/watch?v=ROa3kbG5M0U&lc=UgyN7y1DmIqCzCkSf5J4AaABAg,UgyN7y1DmIqCzCkSf5J4AaABAg,UCHgC5ITUveFID6IXhC3uIVQ,"Fetched 05/24/2026, 8:08:10 PM GMT+8"
4625,@chichialvarezn,2 days ago,gandang tanghali po!  Maligayang pagbati mula sa lokal ng Aurora Hill,https://www.youtube.com/watch?v=ROa3kbG5M0U&lc=UgyuiIiBgQL2pWPyCNB4AaABAg,UgyuiIiBgQL2pWPyCNB4AaABAg,UCCqRQErQw1h8719fX878FDA,"Fetched 05/24/2026, 8:08:10 PM GMT+8"
4626,@nazramragde,2 days ago,Gandang hapon😉😉 viewing from quezon hill😉😉,https://www.youtube.com/watch?v=ROa3kbG5M0U&lc=UgzcRH1buinEK0qDvnB4AaABAg,UgzcRH1buinEK0qDvnB4AaABAg,UC7RidxCmzD3p630bxEMOCQQ,"Fetched 05/24/2026, 8:08:10 PM GMT+8"
4627,@jencirey,2 days ago,Enjoy watching po mga kapatid!! Greetings from the locale congregation of Quezon Hill!! ❤,https://www.youtube.com/watch?v=ROa3kbG5M0U&lc=UgwVquu4tGE5XhgibdF4AaABAg,UgwVquu4tGE5XhgibdF4AaABAg,UCvElCgW8k03hNWpFOLmo8PA,"Fetched 05/24/2026, 8:08:10 PM GMT+8"
4628,@chichialvarezn,2 days ago,"Good aft mga kabagis, hope u eat ur lunch! warm greetings from Aurora Hill, District of benguet",https://www.youtube.com/watch?v=ROa3kbG5M0U&lc=UgxUVaYtrsmzDGlgx6x4AaABAg,UgxUVaYtrsmzDGlgx6x4AaABAg,UCCqRQErQw1h8719fX878FDA,"Fetched 05/24/2026, 8:08:10 PM GMT+8"
4629,@LeonorSido-d5t,2 days ago,Happy viewing po mula po sa lokal ng hillside distrito ng benguet,https://www.youtube.com/watch?v=ROa3kbG5M0U&lc=Ugy2mAF-vVPllV0NNiF4AaABAg,Ugy2mAF-vVPllV0NNiF4AaABAg,UCHNUo88kS5ByRTECZSjDvRg,"Fetched 05/24/2026, 8:08:10 PM GMT+8"
4630,@LeonidesSido,2 days ago,"Happy viewing po sa lahat mula po sa Lokal ng Hillside Distrito ng Benguet. Benguet fight, fight, fight",https://www.youtube.com/watch?v=ROa3kbG5M0U&lc=UgzYxfn_oqnGSSUbVfx4AaABAg,UgzYxfn_oqnGSSUbVfx4AaABAg,UCboTr9D0eo38S7pgk-D1D4Q,"Fetched 05/24/2026, 8:08:10 PM GMT+8"
4631,@chichialvarezn,2 days ago,Maligayangg pag bati po mga kabagis! greetings from Aurora Hill District of Benguet!,https://www.youtube.com/watch?v=ROa3kbG5M0U&lc=UgxcZE8mxTZ3LfXiq0B4AaABAg,UgxcZE8mxTZ3LfXiq0B4AaABAg,UCCqRQErQw1h8719fX878FDA,"Fetched 05/24/2026, 8:08:10 PM GMT+8"
4632,@jeffymateus1010,2 days ago,Happy lunch poo. Go Benguet !  / #Guisad #Chronicler,https://www.youtube.com/watch?v=ROa3kbG5M0U&lc=UgxZnluSVJGeNDmvJv14AaABAg,UgxZnluSVJGeNDmvJv14AaABAg,UCHtVwXfuaXFwMM2E8FuKkjg,"Fetched 05/24/2026, 8:08:10 PM GMT+8"
4633,@FranceHayes-l9u,2 days ago,Happy viewing po mga kapatid💚🤍❤️😇😇😇😇,https://www.youtube.com/watch?v=ROa3kbG5M0U&lc=UgwlwfhWCQJapmyCkZh4AaABAg,UgwlwfhWCQJapmyCkZh4AaABAg,UCcRr3qmmoSYQOO5FKDlXRRQ,"Fetched 05/24/2026, 8:08:10 PM GMT+8"
4634,@Rein_Cloud21,2 days ago,Happy Viewing po mula po sa lokal ng Hillside! Fight Fight Fight,https://www.youtube.com/watch?v=ROa3kbG5M0U&lc=UgyOkb5o-39hBKJ87SF4AaABAg,UgyOkb5o-39hBKJ87SF4AaABAg,UC5rg4j7hTkuXyqZkZdntTXQ,"Fetched 05/24/2026, 8:08:10 PM GMT+8"
4635,@jencirey,2 days ago,Happy lunch po mga kapatid!!! Watching from lokal ng Quezon Hill!!,https://www.youtube.com/watch?v=ROa3kbG5M0U&lc=UgxN1RhyLmTKdG3dsYZ4AaABAg,UgxN1RhyLmTKdG3dsYZ4AaABAg,UCvElCgW8k03hNWpFOLmo8PA,"Fetched 05/24/2026, 8:08:10 PM GMT+8"
4636,@arthurpassian36,2 days ago,happy vieweng mga kptd. mula sa lokal ng Queson hill dstrito ng Benguet.,https://www.youtube.com/watch?v=ROa3kbG5M0U&lc=Ugz79NmFvgkeQkmWMR14AaABAg,Ugz79NmFvgkeQkmWMR14AaABAg,UCcnaUWfdvobP-90ZBk8Zy7g,"Fetched 05/24/2026, 8:08:10 PM GMT+8"
4637,@arlynsadsaddarnayla,2 days ago,"Go Bengyet🎉🎉🎉 /  / 💚🤍❤️ /  / Mula po sa lokal ng Baguio City, full support!",https://www.youtube.com/watch?v=ROa3kbG5M0U&lc=UgzTnRZBfi0RRq1E0UB4AaABAg,UgzTnRZBfi0RRq1E0UB4AaABAg,UCEpebcWdMuh8WoE06IwNIKA,"Fetched 05/24/2026, 8:08:10 PM GMT+8"
4638,@alta8675,2 days ago,Masarap na pananghalian mga kapatid! Enjoy po sa panunuod🫶 pagbati po mula sa lokal ng Baguio City!🇮🇹 Go Benguet!❤,https://www.youtube.com/watch?v=ROa3kbG5M0U&lc=Ugw_chMuukhLkktAZRx4AaABAg,Ugw_chMuukhLkktAZRx4AaABAg,UCZ2d5yXRLvgIMr7i_9xFlSw,"Fetched 05/24/2026, 8:08:10 PM GMT+8"
4639,@hazelhalican2149,2 days ago,Fight!!! Baguio City 💚 / #Kalihiman / #Registry,https://www.youtube.com/watch?v=ROa3kbG5M0U&lc=UgwDtziYmFZrUx9sI2t4AaABAg,UgwDtziYmFZrUx9sI2t4AaABAg,UC5JK1YaWy38yVHiRtJW47sw,"Fetched 05/24/2026, 8:08:10 PM GMT+8"
4640,@hazelhalican2149,2 days ago,Go Baguio City!!!  / #Kalihiman / #Registry,https://www.youtube.com/watch?v=ROa3kbG5M0U&lc=UgyJ9cz0dhwCSZhJXWp4AaABAg,UgyJ9cz0dhwCSZhJXWp4AaABAg,UC5JK1YaWy38yVHiRtJW47sw,"Fetched 05/24/2026, 8:08:10 PM GMT+8"
4641,@nazramragde,2 days ago,Viewing from local ng quezon hill po😀😀,https://www.youtube.com/watch?v=ROa3kbG5M0U&lc=Ugx-cSx0DAbnDX2Ga8l4AaABAg,Ugx-cSx0DAbnDX2Ga8l4AaABAg,UC7RidxCmzD3p630bxEMOCQQ,"Fetched 05/24/2026, 8:08:10 PM GMT+8"
4642,@strawberrytaho16,2 days ago,Go Benguet!! GO AURORA HILL!!! 🎉🎉🎉,https://www.youtube.com/watch?v=ROa3kbG5M0U&lc=UgyhP4eIoY6tWhAHmN54AaABAg,UgyhP4eIoY6tWhAHmN54AaABAg,UCKrJxTQVZLmSHU1AmjE2khw,"Fetched 05/24/2026, 8:08:10 PM GMT+8"
4643,@strawberrytaho16,2 days ago,Go Benguet!! GO AURORA HILL!!! 🎉🎉🎉,https://www.youtube.com/watch?v=ROa3kbG5M0U&lc=Ugzay3pq09w-pGC-Flh4AaABAg,Ugzay3pq09w-pGC-Flh4AaABAg,UCKrJxTQVZLmSHU1AmjE2khw,"Fetched 05/24/2026, 8:08:10 PM GMT+8"
4644,@strawberrytaho16,2 days ago,Go Benguet!! GO AURORA HILL!!! 🎉🎉🎉,https://www.youtube.com/watch?v=ROa3kbG5M0U&lc=UgwBZkKC-FESnuzP6gN4AaABAg,UgwBZkKC-FESnuzP6gN4AaABAg,UCKrJxTQVZLmSHU1AmjE2khw,"Fetched 05/24/2026, 8:08:10 PM GMT+8"
4645,@strawberrytaho16,2 days ago,Go Benguet!! GO AURORA HILL!!! 🎉🎉🎉,https://www.youtube.com/watch?v=ROa3kbG5M0U&lc=UgymUpxUpaWuesAYCOl4AaABAg,UgymUpxUpaWuesAYCOl4AaABAg,UCKrJxTQVZLmSHU1AmjE2khw,"Fetched 05/24/2026, 8:08:10 PM GMT+8"
4646,@nazramragde,2 days ago,Go benguet…😃😃,https://www.youtube.com/watch?v=ROa3kbG5M0U&lc=UgybmHQQKuzaEapxGOx4AaABAg,UgybmHQQKuzaEapxGOx4AaABAg,UC7RidxCmzD3p630bxEMOCQQ,"Fetched 05/24/2026, 8:08:10 PM GMT+8"
4647,@strawberrytaho16,2 days ago,Go Benguet!! GO AURORA HILL!!! 🎉🎉🎉,https://www.youtube.com/watch?v=ROa3kbG5M0U&lc=UgyTuLPONosoYAnUaHZ4AaABAg,UgyTuLPONosoYAnUaHZ4AaABAg,UCKrJxTQVZLmSHU1AmjE2khw,"Fetched 05/24/2026, 8:08:10 PM GMT+8"
4648,@strawberrytaho16,2 days ago,Go Benguet!! GO AURORA HILL!!! 🎉🎉🎉,https://www.youtube.com/watch?v=ROa3kbG5M0U&lc=Ugw3jHpVhCg8AOQlnZ54AaABAg,Ugw3jHpVhCg8AOQlnZ54AaABAg,UCKrJxTQVZLmSHU1AmjE2khw,"Fetched 05/24/2026, 8:08:10 PM GMT+8"
4649,@strawberrytaho16,2 days ago,Go Benguet!! GO AURORA HILL!!! 🎉🎉🎉,https://www.youtube.com/watch?v=ROa3kbG5M0U&lc=UgxHisSfB5C0KH8Qn6Z4AaABAg,UgxHisSfB5C0KH8Qn6Z4AaABAg,UCKrJxTQVZLmSHU1AmjE2khw,"Fetched 05/24/2026, 8:08:10 PM GMT+8"
4650,@strawberrytaho16,2 days ago,Go Benguet!! GO AURORA HILL!!! 🎉🎉🎉,https://www.youtube.com/watch?v=ROa3kbG5M0U&lc=UgxyoMqcjZ-Sd0bD4iJ4AaABAg,UgxyoMqcjZ-Sd0bD4iJ4AaABAg,UCKrJxTQVZLmSHU1AmjE2khw,"Fetched 05/24/2026, 8:08:10 PM GMT+8"
4651,@arlynsadsaddarnayla,2 days ago,I know it's had now but i swear it gets better❤ / Go Benguet🎉 Baguio city🇮🇹,https://www.youtube.com/watch?v=ROa3kbG5M0U&lc=Ugxrpev5huO8ssV9PBp4AaABAg,Ugxrpev5huO8ssV9PBp4AaABAg,UCEpebcWdMuh8WoE06IwNIKA,"Fetched 05/24/2026, 8:08:10 PM GMT+8"
4652,@strawberrytaho16,2 days ago,Go Benguet!! GO AURORA HILL!!! 🎉🎉🎉,https://www.youtube.com/watch?v=ROa3kbG5M0U&lc=Ugy4ccI95ohu4Fn8egN4AaABAg,Ugy4ccI95ohu4Fn8egN4AaABAg,UCKrJxTQVZLmSHU1AmjE2khw,"Fetched 05/24/2026, 8:08:10 PM GMT+8"
4653,@chichialvarezn,2 days ago,"Good aft mga kabagis, hope u eat ur lunch! warm greetings from Aurora Hill, District of benguet:virtualhug:",https://www.youtube.com/watch?v=ROa3kbG5M0U&lc=UgwdDv-U-cpbwBoq95R4AaABAg,UgwdDv-U-cpbwBoq95R4AaABAg,UCCqRQErQw1h8719fX878FDA,"Fetched 05/24/2026, 8:08:10 PM GMT+8"
4654,@strawberrytaho16,2 days ago,Mainit na pagbati po mula sa Lokal ng Aurora Hill. Enjoy watching!,https://www.youtube.com/watch?v=ROa3kbG5M0U&lc=UgzSJCO_n2qkwKcgsmh4AaABAg,UgzSJCO_n2qkwKcgsmh4AaABAg,UCKrJxTQVZLmSHU1AmjE2khw,"Fetched 05/24/2026, 8:08:10 PM GMT+8"
4655,@strawberrytaho16,2 days ago,Mainit na pagbati po mula sa Lokal ng Aurora Hill. Enjoy watching!,https://www.youtube.com/watch?v=ROa3kbG5M0U&lc=UgwX7HOFdk7wApbhv3x4AaABAg,UgwX7HOFdk7wApbhv3x4AaABAg,UCKrJxTQVZLmSHU1AmjE2khw,"Fetched 05/24/2026, 8:08:10 PM GMT+8"
4656,@chichialvarezn,2 days ago,"Good aft mga kabagis, hope u eat ur lunch! warm greetings from Aurora Hill, District of benguet:yougotthis:",https://www.youtube.com/watch?v=ROa3kbG5M0U&lc=Ugwme_ajZonvUrMYF8t4AaABAg,Ugwme_ajZonvUrMYF8t4AaABAg,UCCqRQErQw1h8719fX878FDA,"Fetched 05/24/2026, 8:08:10 PM GMT+8"
4657,@BnHydn,2 days ago,Magandang tanghali po mga kapatid 👋 sana masarap ulam nyo 🥣 / Mula po sa lokal ng La Trinidad ❤,https://www.youtube.com/watch?v=ROa3kbG5M0U&lc=UgzCNi8XbGpmQRQeMSV4AaABAg,UgzCNi8XbGpmQRQeMSV4AaABAg,UCbVqbfs9vjTS-hPNArDNcFQ,"Fetched 05/24/2026, 8:08:10 PM GMT+8"
4658,@strawberrytaho16,2 days ago,Mainit na pagbati po mula sa Lokal ng Aurora Hill. Enjoy watching!,https://www.youtube.com/watch?v=ROa3kbG5M0U&lc=Ugz1QlX51pqjc4b3Tdt4AaABAg,Ugz1QlX51pqjc4b3Tdt4AaABAg,UCKrJxTQVZLmSHU1AmjE2khw,"Fetched 05/24/2026, 8:08:10 PM GMT+8"
4659,@strawberrytaho16,2 days ago,Mainit na pagbati po mula sa Lokal ng Aurora Hill. Enjoy watching!,https://www.youtube.com/watch?v=ROa3kbG5M0U&lc=UgwtPyFB7Iy53F6n-5t4AaABAg,UgwtPyFB7Iy53F6n-5t4AaABAg,UCKrJxTQVZLmSHU1AmjE2khw,"Fetched 05/24/2026, 8:08:10 PM GMT+8"
4660,@chichialvarezn,2 days ago,"Good aft mga kabagis, hope u eat ur lunch! warm greetings from Aurora Hill, District of benguet💗",https://www.youtube.com/watch?v=ROa3kbG5M0U&lc=Ugw57DjPaLZk0IQiTp14AaABAg,Ugw57DjPaLZk0IQiTp14AaABAg,UCCqRQErQw1h8719fX878FDA,"Fetched 05/24/2026, 8:08:10 PM GMT+8"
4661,@strawberrytaho16,2 days ago,Mainit na pagbati po mula sa Lokal ng Aurora Hill. Enjoy watching!,https://www.youtube.com/watch?v=ROa3kbG5M0U&lc=Ugw0nb9JFCK1OxGOerh4AaABAg,Ugw0nb9JFCK1OxGOerh4AaABAg,UCKrJxTQVZLmSHU1AmjE2khw,"Fetched 05/24/2026, 8:08:10 PM GMT+8"
4662,@chichialvarezn,2 days ago,"Good aft mga kabagis, hope u eat ur lunch! warm greetings from Aurora Hill, District of benguet💗",https://www.youtube.com/watch?v=ROa3kbG5M0U&lc=UgzjEQdHKGGX2TEieLh4AaABAg,UgzjEQdHKGGX2TEieLh4AaABAg,UCCqRQErQw1h8719fX878FDA,"Fetched 05/24/2026, 8:08:10 PM GMT+8"
4663,@strawberrytaho16,2 days ago,Mainit na pagbati po mula sa Lokal ng Aurora Hill. Enjoy watching!,https://www.youtube.com/watch?v=ROa3kbG5M0U&lc=Ugy__EskiImUgFAacTd4AaABAg,Ugy__EskiImUgFAacTd4AaABAg,UCKrJxTQVZLmSHU1AmjE2khw,"Fetched 05/24/2026, 8:08:10 PM GMT+8"
4664,@chichialvarezn,2 days ago,"Good aft mga kabagis, hope u eat ur lunch! warm greetings from Aurora Hill, District of benguet💗",https://www.youtube.com/watch?v=ROa3kbG5M0U&lc=Ugyi75Ufd9SiF7xchAp4AaABAg,Ugyi75Ufd9SiF7xchAp4AaABAg,UCCqRQErQw1h8719fX878FDA,"Fetched 05/24/2026, 8:08:10 PM GMT+8"
4665,@strawberrytaho16,2 days ago,Mainit na pagbati po mula sa Lokal ng Aurora Hill. Enjoy watching!,https://www.youtube.com/watch?v=ROa3kbG5M0U&lc=UgxCOtPXmB3s3lmvGcd4AaABAg,UgxCOtPXmB3s3lmvGcd4AaABAg,UCKrJxTQVZLmSHU1AmjE2khw,"Fetched 05/24/2026, 8:08:10 PM GMT+8"
4666,@nazramragde,2 days ago,Good day po! Local ng quezon hill,https://www.youtube.com/watch?v=ROa3kbG5M0U&lc=UgzRADgwfDkGlQXLfGh4AaABAg,UgzRADgwfDkGlQXLfGh4AaABAg,UC7RidxCmzD3p630bxEMOCQQ,"Fetched 05/24/2026, 8:08:10 PM GMT+8"
4667,@strawberrytaho16,2 days ago,Mainit na pagbati po mula sa Lokal ng Aurora Hill. Enjoy watching!,https://www.youtube.com/watch?v=ROa3kbG5M0U&lc=UgycPWYluh0Fkr0i_YB4AaABAg,UgycPWYluh0Fkr0i_YB4AaABAg,UCKrJxTQVZLmSHU1AmjE2khw,"Fetched 05/24/2026, 8:08:10 PM GMT+8"
4668,@strawberrytaho16,2 days ago,Mainit na pagbati po mula sa Lokal ng Aurora Hill. Enjoy watching!,https://www.youtube.com/watch?v=ROa3kbG5M0U&lc=UgymFIXrOleJk-tp7O54AaABAg,UgymFIXrOleJk-tp7O54AaABAg,UCKrJxTQVZLmSHU1AmjE2khw,"Fetched 05/24/2026, 8:08:10 PM GMT+8"
4669,@strawberrytaho16,2 days ago,Mainit na pagbati po mula sa Lokal ng Aurora Hill. Enjoy watching!,https://www.youtube.com/watch?v=ROa3kbG5M0U&lc=UgwgMM3MEHpYU4_o2Ol4AaABAg,UgwgMM3MEHpYU4_o2Ol4AaABAg,UCKrJxTQVZLmSHU1AmjE2khw,"Fetched 05/24/2026, 8:08:10 PM GMT+8"
4670,@chichialvarezn,2 days ago,gandang tanghali po!  Maligayang pagbati mula sa lokal ng Aurora Hill💗,https://www.youtube.com/watch?v=ROa3kbG5M0U&lc=UgyaBO2-yEdepePJt5d4AaABAg,UgyaBO2-yEdepePJt5d4AaABAg,UCCqRQErQw1h8719fX878FDA,"Fetched 05/24/2026, 8:08:10 PM GMT+8"
4671,@chichialvarezn,2 days ago,gandang tanghali po!  Maligayang pagbati mula sa lokal ng Aurora Hill💗,https://www.youtube.com/watch?v=ROa3kbG5M0U&lc=UgyWmO7kgbnGiPqX_S54AaABAg,UgyWmO7kgbnGiPqX_S54AaABAg,UCCqRQErQw1h8719fX878FDA,"Fetched 05/24/2026, 8:08:10 PM GMT+8"
4672,@chichialvarezn,2 days ago,gandang tanghali po!  Maligayang pagbati mula sa lokal ng Aurora Hill💗,https://www.youtube.com/watch?v=ROa3kbG5M0U&lc=Ugz23PJ_9BShRhp2xhp4AaABAg,Ugz23PJ_9BShRhp2xhp4AaABAg,UCCqRQErQw1h8719fX878FDA,"Fetched 05/24/2026, 8:08:10 PM GMT+8"
4673,@Michael-w8j8v,2 days ago,Hold on to your faith..go go go Benguet..from City Camp Lokal..,https://www.youtube.com/watch?v=ROa3kbG5M0U&lc=UgxkuKWCZS8TiZ3gb7B4AaABAg,UgxkuKWCZS8TiZ3gb7B4AaABAg,UCfhuQZhT9DsqVKNCoKhqvPg,"Fetched 05/24/2026, 8:08:10 PM GMT+8"
4674,@nazramragde,2 days ago,Happy viewing mga kapatid. From quezon hill po,https://www.youtube.com/watch?v=ROa3kbG5M0U&lc=UgyU5rBxlBDQutDJI4x4AaABAg,UgyU5rBxlBDQutDJI4x4AaABAg,UC7RidxCmzD3p630bxEMOCQQ,"Fetched 05/24/2026, 8:08:10 PM GMT+8"
4675,@nazramragde,2 days ago,Happy lunch…viewing from local ng quezon hill🍏🍏,https://www.youtube.com/watch?v=ROa3kbG5M0U&lc=Ugy4H2Mp4XoXVIeENnp4AaABAg,Ugy4H2Mp4XoXVIeENnp4AaABAg,UC7RidxCmzD3p630bxEMOCQQ,"Fetched 05/24/2026, 8:08:10 PM GMT+8"
4676,@chichialvarezn,2 days ago,"Maligyang pag bati mga kapatid, mula po sa lokal ng Aurora Hill:goodvibes:",https://www.youtube.com/watch?v=ROa3kbG5M0U&lc=Ugwfwm1MH9AfYbd0IlN4AaABAg,Ugwfwm1MH9AfYbd0IlN4AaABAg,UCCqRQErQw1h8719fX878FDA,"Fetched 05/24/2026, 8:08:10 PM GMT+8"
4677,@chichialvarezn,2 days ago,Happy viewing from Aurora Hill:virtualhug:,https://www.youtube.com/watch?v=ROa3kbG5M0U&lc=Ugz6i2HJq0noQCyQCkN4AaABAg,Ugz6i2HJq0noQCyQCkN4AaABAg,UCCqRQErQw1h8719fX878FDA,"Fetched 05/24/2026, 8:08:10 PM GMT+8"
4678,@arlynsadsaddarnayla,2 days ago,Proud na maging taga-suporta dito sa Baguio. Full support po!,https://www.youtube.com/watch?v=ROa3kbG5M0U&lc=UgxuXL625R69pg122Tp4AaABAg,UgxuXL625R69pg122Tp4AaABAg,UCEpebcWdMuh8WoE06IwNIKA,"Fetched 05/24/2026, 8:08:10 PM GMT+8"
4679,@riajannah3304,2 days ago,Happy viewing po mga kapatid! mula po sa lokal ng Aurora Hill!❤,https://www.youtube.com/watch?v=ROa3kbG5M0U&lc=UgzOQ4VsN_0KCIrZ_1Z4AaABAg,UgzOQ4VsN_0KCIrZ_1Z4AaABAg,UCg6vNkDKjJmbm-o5VgxURGQ,"Fetched 05/24/2026, 8:08:10 PM GMT+8"
4680,@chichialvarezn,2 days ago,gandang tanghali po!  Maligayang pagbati mula sa lokal ng Aurora Hill💗,https://www.youtube.com/watch?v=ROa3kbG5M0U&lc=UgzNJrVFZo2ynfv3gxZ4AaABAg,UgzNJrVFZo2ynfv3gxZ4AaABAg,UCCqRQErQw1h8719fX878FDA,"Fetched 05/24/2026, 8:08:10 PM GMT+8"
4681,@riajannah3304,2 days ago,"Magandang Tanghali po mga kapatid! Happy viewing po, mula sa lokal ng Aurora Hill❤",https://www.youtube.com/watch?v=ROa3kbG5M0U&lc=UgxCQEcNSQf3Ow6WpOx4AaABAg,UgxCQEcNSQf3Ow6WpOx4AaABAg,UCg6vNkDKjJmbm-o5VgxURGQ,"Fetched 05/24/2026, 8:08:10 PM GMT+8"
4682,@almazanrhyndylyn,2 days ago,Lets Go Benguet 🍓🍓🍓 / Lets Go Kadiwa 💙💙💙💙 /  / Full support po mula sa Lokal ng Norcar. /  / Go go go 📣📣📣,https://www.youtube.com/watch?v=ROa3kbG5M0U&lc=UgwX5XFRsDjiPXDVqVh4AaABAg,UgwX5XFRsDjiPXDVqVh4AaABAg,UCEoQCNgytnJxjJnAQLSzFeA,"Fetched 05/24/2026, 8:08:10 PM GMT+8"
4683,@riajannah3304,2 days ago,Happy viewing po mga kapatid! mula po sa lokal ng Aurora Hill!❤,https://www.youtube.com/watch?v=ROa3kbG5M0U&lc=Ugwil4bS5NwO8MIjbQZ4AaABAg,Ugwil4bS5NwO8MIjbQZ4AaABAg,UCg6vNkDKjJmbm-o5VgxURGQ,"Fetched 05/24/2026, 8:08:10 PM GMT+8"
4684,@riajannah3304,2 days ago,Go Benguet! go Aurora Hill ❤❤,https://www.youtube.com/watch?v=ROa3kbG5M0U&lc=UgyWptdQQz6xVbE4woh4AaABAg,UgyWptdQQz6xVbE4woh4AaABAg,UCg6vNkDKjJmbm-o5VgxURGQ,"Fetched 05/24/2026, 8:08:10 PM GMT+8"
4685,@RodrigoMamburam,2 days ago,Happy viewing po mga kapatid🇮🇷from local ng tublay po,https://www.youtube.com/watch?v=ROa3kbG5M0U&lc=Ugypw0xb_FOcIlnOyp94AaABAg,Ugypw0xb_FOcIlnOyp94AaABAg,UCBWiJAFV4wH-F3AfVcelMBw,"Fetched 05/24/2026, 8:08:10 PM GMT+8"
4686,@riajannah3304,2 days ago,Go Benguet! go Aurora Hill ❤❤,https://www.youtube.com/watch?v=ROa3kbG5M0U&lc=UgyHgQ3rxrnQEQYY_eZ4AaABAg,UgyHgQ3rxrnQEQYY_eZ4AaABAg,UCg6vNkDKjJmbm-o5VgxURGQ,"Fetched 05/24/2026, 8:08:10 PM GMT+8"
4687,@riajannah3304,2 days ago,"Magandang Tanghali po mga kapatid! Happy viewing po, mula sa lokal ng Aurora Hill❤",https://www.youtube.com/watch?v=ROa3kbG5M0U&lc=UgyaSj21GOK3cD9dUZ54AaABAg,UgyaSj21GOK3cD9dUZ54AaABAg,UCg6vNkDKjJmbm-o5VgxURGQ,"Fetched 05/24/2026, 8:08:10 PM GMT+8"
4688,@riajannah3304,2 days ago,"Magandang Tanghali po mga kapatid! Happy viewing po, mula sa lokal ng Aurora Hill❤",https://www.youtube.com/watch?v=ROa3kbG5M0U&lc=Ugw0LQ3l4EXcR-j-eEl4AaABAg,Ugw0LQ3l4EXcR-j-eEl4AaABAg,UCg6vNkDKjJmbm-o5VgxURGQ,"Fetched 05/24/2026, 8:08:10 PM GMT+8"
4689,@riajannah3304,2 days ago,"Magandang Tanghali po mga kapatid! Happy viewing po, mula sa lokal ng Aurora Hill❤",https://www.youtube.com/watch?v=ROa3kbG5M0U&lc=UgyRSfW43CjnBik_1sV4AaABAg,UgyRSfW43CjnBik_1sV4AaABAg,UCg6vNkDKjJmbm-o5VgxURGQ,"Fetched 05/24/2026, 8:08:10 PM GMT+8"
4690,@riajannah3304,2 days ago,"Magandang Tanghali po mga kapatid! Happy viewing po, mula sa lokal ng Aurora Hill❤",https://www.youtube.com/watch?v=ROa3kbG5M0U&lc=UgxBalhE67rfrZCSBSR4AaABAg,UgxBalhE67rfrZCSBSR4AaABAg,UCg6vNkDKjJmbm-o5VgxURGQ,"Fetched 05/24/2026, 8:08:10 PM GMT+8"
4691,@chichialvarezn,2 days ago,"Good aft mga kabagis, hope u eat ur lunch! warm greetings from Aurora Hill, District of benguet💗",https://www.youtube.com/watch?v=ROa3kbG5M0U&lc=Ugwfs6_g2MkOlaHH-Zl4AaABAg,Ugwfs6_g2MkOlaHH-Zl4AaABAg,UCCqRQErQw1h8719fX878FDA,"Fetched 05/24/2026, 8:08:10 PM GMT+8"
4692,@riajannah3304,2 days ago,Happy viewing po mga kapatid! mula po sa lokal ng Aurora Hill!❤,https://www.youtube.com/watch?v=ROa3kbG5M0U&lc=UgyNkZ9KbQDwPFKAFpd4AaABAg,UgyNkZ9KbQDwPFKAFpd4AaABAg,UCg6vNkDKjJmbm-o5VgxURGQ,"Fetched 05/24/2026, 8:08:10 PM GMT+8"
4693,@riajannah3304,2 days ago,Happy viewing po mga kapatid! mula po sa lokal ng Aurora Hill!❤,https://www.youtube.com/watch?v=ROa3kbG5M0U&lc=Ugyn75pV0WNYFsXKFc94AaABAg,Ugyn75pV0WNYFsXKFc94AaABAg,UCg6vNkDKjJmbm-o5VgxURGQ,"Fetched 05/24/2026, 8:08:10 PM GMT+8"
4694,@riajannah3304,2 days ago,Happy viewing po mga kapatid! mula po sa lokal ng Aurora Hill!❤,https://www.youtube.com/watch?v=ROa3kbG5M0U&lc=Ugw4tRPdEa1aWUq5kxx4AaABAg,Ugw4tRPdEa1aWUq5kxx4AaABAg,UCg6vNkDKjJmbm-o5VgxURGQ,"Fetched 05/24/2026, 8:08:10 PM GMT+8"
4695,@riajannah3304,2 days ago,Happy viewing po mga kapatid! mula po sa lokal ng Aurora Hill!❤,https://www.youtube.com/watch?v=ROa3kbG5M0U&lc=Ugy49GsvweN4RyTvqZl4AaABAg,Ugy49GsvweN4RyTvqZl4AaABAg,UCg6vNkDKjJmbm-o5VgxURGQ,"Fetched 05/24/2026, 8:08:10 PM GMT+8"
4696,@riajannah3304,2 days ago,Happy viewing po mga kapatid! mula po sa lokal ng Aurora Hill!❤,https://www.youtube.com/watch?v=ROa3kbG5M0U&lc=UgzDiaqKxyoVeaYcaUp4AaABAg,UgzDiaqKxyoVeaYcaUp4AaABAg,UCg6vNkDKjJmbm-o5VgxURGQ,"Fetched 05/24/2026, 8:08:10 PM GMT+8"
4697,@riajannah3304,2 days ago,Go Benguet! go Aurora Hill ❤❤,https://www.youtube.com/watch?v=ROa3kbG5M0U&lc=UgxDQWtTvmf9VC3kzwt4AaABAg,UgxDQWtTvmf9VC3kzwt4AaABAg,UCg6vNkDKjJmbm-o5VgxURGQ,"Fetched 05/24/2026, 8:08:10 PM GMT+8"
4698,@riajannah3304,2 days ago,Go Benguet! go Aurora Hill ❤❤,https://www.youtube.com/watch?v=ROa3kbG5M0U&lc=UgyFUdlSjJSZGiIk7AF4AaABAg,UgyFUdlSjJSZGiIk7AF4AaABAg,UCg6vNkDKjJmbm-o5VgxURGQ,"Fetched 05/24/2026, 8:08:10 PM GMT+8"
4699,@riajannah3304,2 days ago,Go Benguet! go Aurora Hill ❤❤,https://www.youtube.com/watch?v=ROa3kbG5M0U&lc=Ugz6nnPe8xDW5Tc4DhR4AaABAg,Ugz6nnPe8xDW5Tc4DhR4AaABAg,UCg6vNkDKjJmbm-o5VgxURGQ,"Fetched 05/24/2026, 8:08:10 PM GMT+8"
4700,@riajannah3304,2 days ago,Go Benguet! go Aurora Hill ❤❤,https://www.youtube.com/watch?v=ROa3kbG5M0U&lc=Ugz1n7YKoZSg7SoY_oF4AaABAg,Ugz1n7YKoZSg7SoY_oF4AaABAg,UCg6vNkDKjJmbm-o5VgxURGQ,"Fetched 05/24/2026, 8:08:10 PM GMT+8"
4701,@Michael-w8j8v,2 days ago,Happy Viewing po from lokal ng City camp..,https://www.youtube.com/watch?v=ROa3kbG5M0U&lc=UgxWBSERYW27vsj9J7N4AaABAg,UgxWBSERYW27vsj9J7N4AaABAg,UCfhuQZhT9DsqVKNCoKhqvPg,"Fetched 05/24/2026, 8:08:10 PM GMT+8"
4702,@pengbelen1703,2 days ago,"Go, go, go Benguet!",https://www.youtube.com/watch?v=ROa3kbG5M0U&lc=Ugx_gpG8rYysywoHgtl4AaABAg,Ugx_gpG8rYysywoHgtl4AaABAg,UCzpokmRrKDOCk5_1d1_bmmA,"Fetched 05/24/2026, 8:08:10 PM GMT+8"
4703,@pengbelen1703,2 days ago,"Happy viewing po mga kapatid, mula po sa Lokal ng Quezon Hill, Distrito ng Benguet.",https://www.youtube.com/watch?v=ROa3kbG5M0U&lc=UgwvR237US6HRK7-2xF4AaABAg,UgwvR237US6HRK7-2xF4AaABAg,UCzpokmRrKDOCk5_1d1_bmmA,"Fetched 05/24/2026, 8:08:10 PM GMT+8"
4704,@luibustamante9493,2 days ago,Magandang Tanghali po. Happy lunch po sa lahat /  / Happy viewing po sa Lahat ng Maytungkulin sa Lokal ng Tuba esp sa kagawaran ng Mang-aawit at kapisanang Kadiwa /  / Let's Go Benguet🎉🎉🎉,https://www.youtube.com/watch?v=ROa3kbG5M0U&lc=UgyNfP977jOHyVsBBAV4AaABAg,UgyNfP977jOHyVsBBAV4AaABAg,UCFAmrhDmv6rvZrQoYp-IS9w,"Fetched 05/24/2026, 8:08:10 PM GMT+8"
4705,@jenniferbautista2545,2 days ago,"City camp,benguet Gods Love❤️",https://www.youtube.com/watch?v=ROa3kbG5M0U&lc=UgxlURfbI71yBibJSXp4AaABAg,UgxlURfbI71yBibJSXp4AaABAg,UCxCpFTwnkoV14QuZlAzs23Q,"Fetched 05/24/2026, 8:08:10 PM GMT+8"
4706,@jenniferbautista2545,2 days ago,Hi po sa lahat ng viewwr ng benguet❤️,https://www.youtube.com/watch?v=ROa3kbG5M0U&lc=UgyIDZwxlQklls4Q5ox4AaABAg,UgyIDZwxlQklls4Q5ox4AaABAg,UCxCpFTwnkoV14QuZlAzs23Q,"Fetched 05/24/2026, 8:08:10 PM GMT+8"
4707,@jefllienb,2 days ago,"Go, Benguet! Happy Viewing po! From Lokal ng Tublay 🎉",https://www.youtube.com/watch?v=ROa3kbG5M0U&lc=UgwhoFElWXSBjjeXJfB4AaABAg,UgwhoFElWXSBjjeXJfB4AaABAg,UCEdehtqDJCa-ZPhrpA8Wz8Q,"Fetched 05/24/2026, 8:08:10 PM GMT+8"
4708,@jefllienb,2 days ago,"Go, Benguet! Happy Viewing po! From Lokal ng Tublay 🎉",https://www.youtube.com/watch?v=ROa3kbG5M0U&lc=UgweaT-26VMtHJ0DLZB4AaABAg,UgweaT-26VMtHJ0DLZB4AaABAg,UCEdehtqDJCa-ZPhrpA8Wz8Q,"Fetched 05/24/2026, 8:08:10 PM GMT+8"
4709,@jefllienb,2 days ago,"Go, Benguet! Happy Viewing po! From Lokal ng Tublay 🎉",https://www.youtube.com/watch?v=ROa3kbG5M0U&lc=UgzGl0kgSS6koDnh6BR4AaABAg,UgzGl0kgSS6koDnh6BR4AaABAg,UCEdehtqDJCa-ZPhrpA8Wz8Q,"Fetched 05/24/2026, 8:08:10 PM GMT+8"
4710,@jefllienb,2 days ago,"Go, Benguet! Happy Viewing po! From Lokal ng Tublay 🎉",https://www.youtube.com/watch?v=ROa3kbG5M0U&lc=UgzFksGmTO55dW3xdTV4AaABAg,UgzFksGmTO55dW3xdTV4AaABAg,UCEdehtqDJCa-ZPhrpA8Wz8Q,"Fetched 05/24/2026, 8:08:10 PM GMT+8"
4711,@Michael-w8j8v,2 days ago,Go go go Benguet..mula po sa lokal ng City Camp..,https://www.youtube.com/watch?v=ROa3kbG5M0U&lc=UgxxJqOghsra-zDfWjp4AaABAg,UgxxJqOghsra-zDfWjp4AaABAg,UCfhuQZhT9DsqVKNCoKhqvPg,"Fetched 05/24/2026, 8:08:10 PM GMT+8"
4712,@jefllienb,2 days ago,"Go, Benguet! Happy Viewing po! From Lokal ng Tublay 🎉",https://www.youtube.com/watch?v=ROa3kbG5M0U&lc=UgzEAaGIrmT3FF3awot4AaABAg,UgzEAaGIrmT3FF3awot4AaABAg,UCEdehtqDJCa-ZPhrpA8Wz8Q,"Fetched 05/24/2026, 8:08:10 PM GMT+8"
4713,@jenniferbautista2545,2 days ago,Gods love go benguet❤️,https://www.youtube.com/watch?v=ROa3kbG5M0U&lc=UgzCxStLH81ar214lMF4AaABAg,UgzCxStLH81ar214lMF4AaABAg,UCxCpFTwnkoV14QuZlAzs23Q,"Fetched 05/24/2026, 8:08:10 PM GMT+8"
4714,@jefllienb,2 days ago,"Go, Benguet! Happy Viewing po! From Lokal ng Tublay 🎉",https://www.youtube.com/watch?v=ROa3kbG5M0U&lc=Ugwk5lMnuMt-dYzngUp4AaABAg,Ugwk5lMnuMt-dYzngUp4AaABAg,UCEdehtqDJCa-ZPhrpA8Wz8Q,"Fetched 05/24/2026, 8:08:10 PM GMT+8"
4715,@Yana_Cax_3yyy,2 days ago,"Happy lunch everyone! Happy Watching po from lokal po ng megaroyale village kapisanang binhi, pagbati rin po sa mga kasama po naming binhi at kadiwa district officers🩵",https://www.youtube.com/watch?v=ROa3kbG5M0U&lc=Ugx0teIg-5j_muuQUWd4AaABAg,Ugx0teIg-5j_muuQUWd4AaABAg,UCdy8uW-rntsBTXOfRU0mC6A,"Fetched 05/24/2026, 8:08:10 PM GMT+8"
4716,@jefllienb,2 days ago,"Go, Benguet! Happy Viewing po! From Lokal ng Tublay 🎉",https://www.youtube.com/watch?v=ROa3kbG5M0U&lc=Ugw6nmN3yPIqr3WN0jl4AaABAg,Ugw6nmN3yPIqr3WN0jl4AaABAg,UCEdehtqDJCa-ZPhrpA8Wz8Q,"Fetched 05/24/2026, 8:08:10 PM GMT+8"
4717,@mariloujucar3208,2 days ago,Mula po s Lokal NG Taloy SUR Distrito ng Benguet happy watching po...,https://www.youtube.com/watch?v=ROa3kbG5M0U&lc=UgxFAe-5g9Pf2-y46oZ4AaABAg,UgxFAe-5g9Pf2-y46oZ4AaABAg,UCMbn31xrNEnulUG5fdpH82w,"Fetched 05/24/2026, 8:08:10 PM GMT+8"
4718,@Kashumi_和美,2 days ago,Mul po sa Lokal Ng Quezon Hill Distrito ng Benguet happy viewing po😊,https://www.youtube.com/watch?v=ROa3kbG5M0U&lc=UgziO2VVuOHov9wF5lt4AaABAg,UgziO2VVuOHov9wF5lt4AaABAg,UCRfR-dERK8rC-UT9E3zTR_w,"Fetched 05/24/2026, 8:08:10 PM GMT+8"
4719,@jefllienb,2 days ago,"Go, Benguet! Happy Viewing po! From Lokal ng Tublay 🎉",https://www.youtube.com/watch?v=ROa3kbG5M0U&lc=UgzVyd8Luq38VCpIUyx4AaABAg,UgzVyd8Luq38VCpIUyx4AaABAg,UCEdehtqDJCa-ZPhrpA8Wz8Q,"Fetched 05/24/2026, 8:08:10 PM GMT+8"
4720,@jenniferbautista2545,2 days ago,Benguet fight fight fight from city camp benguet,https://www.youtube.com/watch?v=ROa3kbG5M0U&lc=UgxNqC8SdHEahnwQ6ld4AaABAg,UgxNqC8SdHEahnwQ6ld4AaABAg,UCxCpFTwnkoV14QuZlAzs23Q,"Fetched 05/24/2026, 8:08:10 PM GMT+8"
4721,@jefllienb,2 days ago,"Go, Benguet! Happy Viewing po! From Lokal ng Tublay 🎉",https://www.youtube.com/watch?v=ROa3kbG5M0U&lc=Ugw-70mjO8trUfC5A7N4AaABAg,Ugw-70mjO8trUfC5A7N4AaABAg,UCEdehtqDJCa-ZPhrpA8Wz8Q,"Fetched 05/24/2026, 8:08:10 PM GMT+8"
4722,@jefllienb,2 days ago,"Go, Benguet! Happy Viewing po! From Lokal ng Tublay 🎉",https://www.youtube.com/watch?v=ROa3kbG5M0U&lc=Ugxh1h-T94ct_5KPHBd4AaABAg,Ugxh1h-T94ct_5KPHBd4AaABAg,UCEdehtqDJCa-ZPhrpA8Wz8Q,"Fetched 05/24/2026, 8:08:10 PM GMT+8"
4723,@jefllienb,2 days ago,"Go, Benguet! Happy Viewing po! From Lokal ng Tublay 🎉",https://www.youtube.com/watch?v=ROa3kbG5M0U&lc=UgyOuT_rmgjB_y-x9Dh4AaABAg,UgyOuT_rmgjB_y-x9Dh4AaABAg,UCEdehtqDJCa-ZPhrpA8Wz8Q,"Fetched 05/24/2026, 8:08:10 PM GMT+8"
4724,@jefllienb,2 days ago,"Go, Benguet! Happy Viewing po! From Lokal ng Tublay 🎉",https://www.youtube.com/watch?v=ROa3kbG5M0U&lc=UgyY8Y5QBsaSWjh2M9V4AaABAg,UgyY8Y5QBsaSWjh2M9V4AaABAg,UCEdehtqDJCa-ZPhrpA8Wz8Q,"Fetched 05/24/2026, 8:08:10 PM GMT+8"
4725,@jefllienb,2 days ago,"Go, Benguet! Happy Viewing po! From Lokal ng Tublay 🎉",https://www.youtube.com/watch?v=ROa3kbG5M0U&lc=UgxPEMiL0gnzPP5nU-h4AaABAg,UgxPEMiL0gnzPP5nU-h4AaABAg,UCEdehtqDJCa-ZPhrpA8Wz8Q,"Fetched 05/24/2026, 8:08:10 PM GMT+8"
4726,@joyjasminpalangdao4169,2 days ago,Hello po mga kapatid! Full support pa rin po tayo mula po sa Lokal ng Irisan Distrito ng Benguet🥰,https://www.youtube.com/watch?v=ROa3kbG5M0U&lc=UgyKpky1qLoRZFInRX94AaABAg,UgyKpky1qLoRZFInRX94AaABAg,UCt8fAwy2t__tiNcSHV0sL8Q,"Fetched 05/24/2026, 8:08:10 PM GMT+8"
4727,@jefllienb,2 days ago,"Go, Benguet! Happy Viewing po! From Lokal ng Tublay 🎉",https://www.youtube.com/watch?v=ROa3kbG5M0U&lc=UgxJiPmAt8zTexg85PF4AaABAg,UgxJiPmAt8zTexg85PF4AaABAg,UCEdehtqDJCa-ZPhrpA8Wz8Q,"Fetched 05/24/2026, 8:08:10 PM GMT+8"
4728,@jellyannperez22,2 days ago,Happy Lunch Everyone 🤗 / Watching po fr Lokal ng Camp8 🥰,https://www.youtube.com/watch?v=ROa3kbG5M0U&lc=UgzB7yqGPyAzGNVrzxN4AaABAg,UgzB7yqGPyAzGNVrzxN4AaABAg,UCTSBNE6g9859jcHD_BhlU-g,"Fetched 05/24/2026, 8:08:10 PM GMT+8"
4729,@jefllienb,2 days ago,"Go, Benguet! Happy Viewing po! From Lokal ng Tublay 🎉",https://www.youtube.com/watch?v=ROa3kbG5M0U&lc=UgzQ2LV17lAl7FRdmcx4AaABAg,UgzQ2LV17lAl7FRdmcx4AaABAg,UCEdehtqDJCa-ZPhrpA8Wz8Q,"Fetched 05/24/2026, 8:08:10 PM GMT+8"
4730,@ronniejucar-p8v,2 days ago,happy watching po Mula s Lokal ng Taloy Sur Distrito ng Benguet...,https://www.youtube.com/watch?v=ROa3kbG5M0U&lc=Ugy2O2AEz8_fNGmxuBt4AaABAg,Ugy2O2AEz8_fNGmxuBt4AaABAg,UCjo50U83BHzY7ln8p0-3LuQ,"Fetched 05/24/2026, 8:08:10 PM GMT+8"
4731,@jefllienb,2 days ago,"Go, Benguet! Happy Viewing po! From Lokal ng Tublay 🎉",https://www.youtube.com/watch?v=ROa3kbG5M0U&lc=UgyCXcPj3yMFqW8vauJ4AaABAg,UgyCXcPj3yMFqW8vauJ4AaABAg,UCEdehtqDJCa-ZPhrpA8Wz8Q,"Fetched 05/24/2026, 8:08:10 PM GMT+8"
4732,@joymaylee-e9o,2 days ago,always supporting po / from our hearts / we say thank you for / all of you / lokal ng atok gold / ❤🇮🇹🌻,https://www.youtube.com/watch?v=ROa3kbG5M0U&lc=UgyDmgauYPpTWRCMJBx4AaABAg,UgyDmgauYPpTWRCMJBx4AaABAg,UCVNaOxPbc9ZEHqlMp6TAgMA,"Fetched 05/24/2026, 8:08:10 PM GMT+8"
4733,@orlandobanaga4425,2 days ago,"Go, go, go Benguet",https://www.youtube.com/watch?v=ROa3kbG5M0U&lc=UgyZktTaPOjKuE0Krih4AaABAg,UgyZktTaPOjKuE0Krih4AaABAg,UCjUaYfJZBUS1BcQ9TakUusg,"Fetched 05/24/2026, 8:08:10 PM GMT+8"
4734,@joymaylee-e9o,2 days ago,hello everyday / INCMV gives energy / it makes us always happy /  / 🤣😁😂 / Lokal ng Atok Gold,https://www.youtube.com/watch?v=ROa3kbG5M0U&lc=Ugytme5uhR5AON_8RWl4AaABAg,Ugytme5uhR5AON_8RWl4AaABAg,UCVNaOxPbc9ZEHqlMp6TAgMA,"Fetched 05/24/2026, 8:08:10 PM GMT+8"
4735,@cordingbautista7999,2 days ago,Benguet let's go.gods love,https://www.youtube.com/watch?v=ROa3kbG5M0U&lc=UgzecDhJPtS8DQbA1QB4AaABAg,UgzecDhJPtS8DQbA1QB4AaABAg,UCKeEuCQViW7uMT6WZq3i35Q,"Fetched 05/24/2026, 8:08:10 PM GMT+8"
4736,@jefllienb,2 days ago,"Go, Benguet! Happy Viewing po! From Lokal ng Tublay. 🎉",https://www.youtube.com/watch?v=ROa3kbG5M0U&lc=UgzPFkyDy5ab4wUsu094AaABAg,UgzPFkyDy5ab4wUsu094AaABAg,UCEdehtqDJCa-ZPhrpA8Wz8Q,"Fetched 05/24/2026, 8:08:10 PM GMT+8"
4737,@joymaylee-e9o,2 days ago,hello everyone / always online / supporting our / God's Love / 💚🤍❤ / Lokal ng atok gold,https://www.youtube.com/watch?v=ROa3kbG5M0U&lc=UgyUr5-TtOcW9k8gNjh4AaABAg,UgyUr5-TtOcW9k8gNjh4AaABAg,UCVNaOxPbc9ZEHqlMp6TAgMA,"Fetched 05/24/2026, 8:08:10 PM GMT+8"
4738,@mariloujucar3208,2 days ago,Fight fight fight Benguet...,https://www.youtube.com/watch?v=ROa3kbG5M0U&lc=Ugw9sJRUx-Nc02DSU3V4AaABAg,Ugw9sJRUx-Nc02DSU3V4AaABAg,UCMbn31xrNEnulUG5fdpH82w,"Fetched 05/24/2026, 8:08:10 PM GMT+8"
4739,@cordingbautista7999,2 days ago,"Happy Viewing Po from city camp, benguet",https://www.youtube.com/watch?v=ROa3kbG5M0U&lc=Ugx_52IM2Vm5DV8uDp54AaABAg,Ugx_52IM2Vm5DV8uDp54AaABAg,UCKeEuCQViW7uMT6WZq3i35Q,"Fetched 05/24/2026, 8:08:10 PM GMT+8"
4740,@cordingbautista7999,2 days ago,Go go benguet,https://www.youtube.com/watch?v=ROa3kbG5M0U&lc=Ugz1qM_TpfAX94DW-VR4AaABAg,Ugz1qM_TpfAX94DW-VR4AaABAg,UCKeEuCQViW7uMT6WZq3i35Q,"Fetched 05/24/2026, 8:08:10 PM GMT+8"
4741,@jefllienb,2 days ago,"Go, Benguet! From Local of Tublay, gives their unwavering support! Mabuhay! 💚🤍❤️",https://www.youtube.com/watch?v=ROa3kbG5M0U&lc=Ugw1Q8BJCTuiPoxrn8l4AaABAg,Ugw1Q8BJCTuiPoxrn8l4AaABAg,UCEdehtqDJCa-ZPhrpA8Wz8Q,"Fetched 05/24/2026, 8:08:10 PM GMT+8"
4742,@jefllienb,2 days ago,"Go, Benguet! From Local of Tublay, gives their unwavering support! Mabuhay! 💚🤍❤️",https://www.youtube.com/watch?v=ROa3kbG5M0U&lc=UgwhEyWoUsXOZbGxeE94AaABAg,UgwhEyWoUsXOZbGxeE94AaABAg,UCEdehtqDJCa-ZPhrpA8Wz8Q,"Fetched 05/24/2026, 8:08:10 PM GMT+8"
4743,@IeshaObana,2 days ago,"happy lunch po sa mga kasama kong binhi at kadiwa district officer na nanonood, mula po sa lokal ng mirador hills happy viewing po❤",https://www.youtube.com/watch?v=ROa3kbG5M0U&lc=UgwmHMuswKN-sl2PLst4AaABAg,UgwmHMuswKN-sl2PLst4AaABAg,UCipT-3PF6TAIBDln8IkDgkA,"Fetched 05/24/2026, 8:08:10 PM GMT+8"
4744,@jefllienb,2 days ago,"Go, Benguet! From Local of Tublay, gives their unwavering support! Mabuhay! 💚🤍❤️",https://www.youtube.com/watch?v=ROa3kbG5M0U&lc=UgwkyHqewhhpSJ_x0rN4AaABAg,UgwkyHqewhhpSJ_x0rN4AaABAg,UCEdehtqDJCa-ZPhrpA8Wz8Q,"Fetched 05/24/2026, 8:08:10 PM GMT+8"
4745,@cordingbautista7999,2 days ago,God's love go benguet,https://www.youtube.com/watch?v=ROa3kbG5M0U&lc=Ugw-re9QS-FbNwJ6a-x4AaABAg,Ugw-re9QS-FbNwJ6a-x4AaABAg,UCKeEuCQViW7uMT6WZq3i35Q,"Fetched 05/24/2026, 8:08:10 PM GMT+8"
4746,@jefllienb,2 days ago,"Go, Benguet! From Local of Tublay, gives their unwavering support! Mabuhay! 💚🤍❤️",https://www.youtube.com/watch?v=ROa3kbG5M0U&lc=UgyQteJ9oFxKNQmcbUx4AaABAg,UgyQteJ9oFxKNQmcbUx4AaABAg,UCEdehtqDJCa-ZPhrpA8Wz8Q,"Fetched 05/24/2026, 8:08:10 PM GMT+8"
4747,@jefllienb,2 days ago,"Go, Benguet! From Local of Tublay, gives their unwavering support! Mabuhay! 💚🤍❤️",https://www.youtube.com/watch?v=ROa3kbG5M0U&lc=UgwdcEhFIO-oCkkiNMV4AaABAg,UgwdcEhFIO-oCkkiNMV4AaABAg,UCEdehtqDJCa-ZPhrpA8Wz8Q,"Fetched 05/24/2026, 8:08:10 PM GMT+8"
4748,@jefllienb,2 days ago,"Go, Benguet! From Local of Tublay, gives their unwavering support! Mabuhay! 💚🤍❤️",https://www.youtube.com/watch?v=ROa3kbG5M0U&lc=UgxuDfiCUPj1wqWP8214AaABAg,UgxuDfiCUPj1wqWP8214AaABAg,UCEdehtqDJCa-ZPhrpA8Wz8Q,"Fetched 05/24/2026, 8:08:10 PM GMT+8"
4749,@user-xr1lw4hk9k,2 days ago,fight fight fight! distrito ng Benguet 😊,https://www.youtube.com/watch?v=ROa3kbG5M0U&lc=UgwxapZV_LIsTXKK78F4AaABAg,UgwxapZV_LIsTXKK78F4AaABAg,UCH_rRGg8-ftfF4TQ1qpyd4g,"Fetched 05/24/2026, 8:08:10 PM GMT+8"
4750,@jefllienb,2 days ago,"Go, Benguet! From Local of Tublay, gives their unwavering support! Mabuhay! 💚🤍❤️",https://www.youtube.com/watch?v=ROa3kbG5M0U&lc=UgzKHdE7vkV66_ZRPkV4AaABAg,UgzKHdE7vkV66_ZRPkV4AaABAg,UCEdehtqDJCa-ZPhrpA8Wz8Q,"Fetched 05/24/2026, 8:08:10 PM GMT+8"
4751,@jefllienb,2 days ago,"Go, Benguet! From Local of Tublay, gives their unwavering support! Mabuhay! 💚🤍❤️",https://www.youtube.com/watch?v=ROa3kbG5M0U&lc=UgwiFN20XWIBgzZWXGR4AaABAg,UgwiFN20XWIBgzZWXGR4AaABAg,UCEdehtqDJCa-ZPhrpA8Wz8Q,"Fetched 05/24/2026, 8:08:10 PM GMT+8"
4752,@jefllienb,2 days ago,"Go, Benguet! From Local of Tublay, gives their unwavering support! Mabuhay! 💚🤍❤️",https://www.youtube.com/watch?v=ROa3kbG5M0U&lc=UgzmNGUnU6y-2TjTWDV4AaABAg,UgzmNGUnU6y-2TjTWDV4AaABAg,UCEdehtqDJCa-ZPhrpA8Wz8Q,"Fetched 05/24/2026, 8:08:10 PM GMT+8"
4753,@jefllienb,2 days ago,"Go, Benguet! From Local of Tublay, gives their unwavering support! Mabuhay! 💚🤍❤️",https://www.youtube.com/watch?v=ROa3kbG5M0U&lc=UgzT2_KAIPXhoJXRiJ54AaABAg,UgzT2_KAIPXhoJXRiJ54AaABAg,UCEdehtqDJCa-ZPhrpA8Wz8Q,"Fetched 05/24/2026, 8:08:10 PM GMT+8"
4754,@jefllienb,2 days ago,"Go, Benguet! From Local of Tublay, gives their unwavering support! Mabuhay! 💚🤍❤️",https://www.youtube.com/watch?v=ROa3kbG5M0U&lc=UgytImOPgKEcK7Rp0qJ4AaABAg,UgytImOPgKEcK7Rp0qJ4AaABAg,UCEdehtqDJCa-ZPhrpA8Wz8Q,"Fetched 05/24/2026, 8:08:10 PM GMT+8"
4755,@jefllienb,2 days ago,"Go, Benguet! From Local of Tublay, gives their unwavering support! Mabuhay! 💚🤍❤️",https://www.youtube.com/watch?v=ROa3kbG5M0U&lc=UgywmVzYF-kjCTvIrE14AaABAg,UgywmVzYF-kjCTvIrE14AaABAg,UCEdehtqDJCa-ZPhrpA8Wz8Q,"Fetched 05/24/2026, 8:08:10 PM GMT+8"
4756,@elleinehz,2 days ago (edited),"Let's go Benguet! / Mula po sa lokal ng kapangan, kapisanang KADIWA,...Happy viewing po mga kapatid!😊",https://www.youtube.com/watch?v=ROa3kbG5M0U&lc=Ugzzwgw4Knvps0dKkD94AaABAg,Ugzzwgw4Knvps0dKkD94AaABAg,UCYswZPer6VDlrQHiWHmMpnw,"Fetched 05/24/2026, 8:08:10 PM GMT+8"
4757,@jefllienb,2 days ago,"Go, Benguet! From Local of Tublay, gives their unwavering support! Mabuhay! 💚🤍❤️",https://www.youtube.com/watch?v=ROa3kbG5M0U&lc=Ugx0Rtv31ysbYjFwx2h4AaABAg,Ugx0Rtv31ysbYjFwx2h4AaABAg,UCEdehtqDJCa-ZPhrpA8Wz8Q,"Fetched 05/24/2026, 8:08:10 PM GMT+8"
4758,@jefllienb,2 days ago,"Go, Benguet! From Local of Tublay, gives their unwavering support! Mabuhay! 💚🤍❤️",https://www.youtube.com/watch?v=ROa3kbG5M0U&lc=Ugx8hA247DlIRQgmE_p4AaABAg,Ugx8hA247DlIRQgmE_p4AaABAg,UCEdehtqDJCa-ZPhrpA8Wz8Q,"Fetched 05/24/2026, 8:08:10 PM GMT+8"
4759,@gwynethcayabyab5981,2 days ago,Keep on watching po sa lahat❤ / Muka sa lokal ng Megaroyale /  /  / Let’s Go Benguet! 🍓🍓 / Let’s Go KADIWA! 💙,https://www.youtube.com/watch?v=ROa3kbG5M0U&lc=UgxvAumYmwIEoGrzKKx4AaABAg,UgxvAumYmwIEoGrzKKx4AaABAg,UCouodNvhL1bfJC2Fz0B_Rcw,"Fetched 05/24/2026, 8:08:10 PM GMT+8"
4760,@JovitoM-r3x9g,2 days ago,Happy viewing po👋🎉 from lokal ng Sayatan Go Benguet ✨,https://www.youtube.com/watch?v=ROa3kbG5M0U&lc=UgyUwu_TdDZDEJmqyGl4AaABAg,UgyUwu_TdDZDEJmqyGl4AaABAg,UCLEtHWaeUbwEGM-1PXmdh2A,"Fetched 05/24/2026, 8:08:10 PM GMT+8"
4761,@Julskie28,2 days ago,Let's Go Benguet 🎉 /  / From KADIWAs of benguet ❤ / Lokal ng Guisad🎉,https://www.youtube.com/watch?v=ROa3kbG5M0U&lc=UgzrJC-8SAKefxwpR614AaABAg,UgzrJC-8SAKefxwpR614AaABAg,UC1nz0UiWHV8lyoQdZtJejeg,"Fetched 05/24/2026, 8:08:10 PM GMT+8"
4762,@Iancyr-s3s,2 days ago,happy viewing po mula sa lokal ng camp 7 distrito ng Benguet,https://www.youtube.com/watch?v=ROa3kbG5M0U&lc=Ugzpw-rqgRg-0auM2zN4AaABAg,Ugzpw-rqgRg-0auM2zN4AaABAg,UClHAQveX30VQjQl4O_j1S0w,"Fetched 05/24/2026, 8:08:10 PM GMT+8"
4763,@mercolabulangen8812,2 days ago,Greetings po from Locale of Camp 7! / Let’s go Benguet!🥰✨,https://www.youtube.com/watch?v=ROa3kbG5M0U&lc=UgxFpwcoXFrofjBTvH14AaABAg,UgxFpwcoXFrofjBTvH14AaABAg,UCL7NqfDxCONa9r9QFwVIijg,"Fetched 05/24/2026, 8:08:10 PM GMT+8"
4764,@Lxzaaaaa,2 days ago,"Let's go, Benguet!!❤ /  / pagbati po mula sa Lokal ng Atok Gold✨🌷",https://www.youtube.com/watch?v=ROa3kbG5M0U&lc=UgyoWVw4xqnHoyAIW9N4AaABAg,UgyoWVw4xqnHoyAIW9N4AaABAg,UC-MTBqslPrXeabiRe4UpQxw,"Fetched 05/24/2026, 8:08:10 PM GMT+8"
4765,@gladysannponseca7828,2 days ago,Happy Viewing po mga Kapatid 👋👋 / Pagbati po mula sa Lokal ng Lourdes  / Distrito ng Benguet / Go Benguet !!,https://www.youtube.com/watch?v=ROa3kbG5M0U&lc=Ugy946OIK2ONv6BRtxB4AaABAg,Ugy946OIK2ONv6BRtxB4AaABAg,UClgvbvdc0yYQEQGfa8KWZVg,"Fetched 05/24/2026, 8:08:10 PM GMT+8"
4766,@Lxzaaaaa,2 days ago,"Let's go, Benguet!!❤ /  / pagbati po mula sa Lokal ng Atok Gold✨🌷",https://www.youtube.com/watch?v=ROa3kbG5M0U&lc=UgyCLnWxh3siAHDNO394AaABAg,UgyCLnWxh3siAHDNO394AaABAg,UC-MTBqslPrXeabiRe4UpQxw,"Fetched 05/24/2026, 8:08:10 PM GMT+8"
4767,@janemendoza1372,2 days ago,Let's keep watching po mga kapatid. Go Benguet.,https://www.youtube.com/watch?v=ROa3kbG5M0U&lc=UgzbYbbHnZnl6w0ClVZ4AaABAg,UgzbYbbHnZnl6w0ClVZ4AaABAg,UC9s8J8XMcHsDsVMR4as530g,"Fetched 05/24/2026, 8:08:10 PM GMT+8"
4768,@axeliee-m5u,2 days ago,Happy viewing 💐  / - Binhi 🌱  / - La Trinidad 🙌,https://www.youtube.com/watch?v=ROa3kbG5M0U&lc=UgzPVvvyp4JYcQ3Tnn54AaABAg,UgzPVvvyp4JYcQ3Tnn54AaABAg,UCxjmGS0yLlCMs4Fe-AqbHFw,"Fetched 05/24/2026, 8:08:10 PM GMT+8"
4769,@BnHydn,2 days ago,Let's go Benguet 🍓  / Lokal ng La Trinidad ❤,https://www.youtube.com/watch?v=ROa3kbG5M0U&lc=Ugwi0VbCr9B3nKFI5fB4AaABAg,Ugwi0VbCr9B3nKFI5fB4AaABAg,UCbVqbfs9vjTS-hPNArDNcFQ,"Fetched 05/24/2026, 8:08:10 PM GMT+8"
4770,@johnreylucio8970,2 days ago,Happy Viewing po mga kapatid! / Kadiwa / La Trinidad 🎉,https://www.youtube.com/watch?v=ROa3kbG5M0U&lc=Ugxu52hjr7pLcMxuI0l4AaABAg,Ugxu52hjr7pLcMxuI0l4AaABAg,UCNMupRD4ySrN336KZpy29OA,"Fetched 05/24/2026, 8:08:10 PM GMT+8"
4771,@jilliansamchao,2 days ago,Let’s Go Benguet! 🍓🍓 / Let’s Go KADIWA! 💙 /  / Lokal ng HILLSIDE,https://www.youtube.com/watch?v=ROa3kbG5M0U&lc=UgzdWva4_EXzSSBOvKF4AaABAg,UgzdWva4_EXzSSBOvKF4AaABAg,UCRnvVcjVsXveWDHJS-10OWg,"Fetched 05/24/2026, 8:08:10 PM GMT+8"
4772,@Wilbertpaulino-nb8fm,2 days ago (edited),LETS GOOO BENGUET 🍓🍓 / LETS GOO KADIWA❤❤ / Hillside,https://www.youtube.com/watch?v=ROa3kbG5M0U&lc=UgwwI4mT1y5Z5iboWKF4AaABAg,UgwwI4mT1y5Z5iboWKF4AaABAg,UCWBtQHrKMlD_eK3wi-wWTlQ,"Fetched 05/24/2026, 8:08:10 PM GMT+8"
4773,@gwynmargrithsantos8924,2 days ago,"Greetings from Lokal ng Gibraltar! Let's go, BENGUET! 🍓",https://www.youtube.com/watch?v=ROa3kbG5M0U&lc=UgzAnURcjeRrlaeMnN94AaABAg,UgzAnURcjeRrlaeMnN94AaABAg,UCqy31_j1IWyWG4FLQL_hAnQ,"Fetched 05/24/2026, 8:08:10 PM GMT+8"
4774,@coto-onglheanaajc.3303,2 days ago,Let’s Go Benguet! 🍓🍓 / Let’s Go KADIWA! 💙 /  / Lokal ng HILLSIDE,https://www.youtube.com/watch?v=ROa3kbG5M0U&lc=UgzsSf1KNxw9Xd12Ut94AaABAg,UgzsSf1KNxw9Xd12Ut94AaABAg,UCepvdbDlLD3XhIPriTXriCw,"Fetched 05/24/2026, 8:08:10 PM GMT+8"
4775,@AnnicaRivera-m4c,2 days ago,Happy Viewing po mga Kapatid / From lokal ng lourdes ❤,https://www.youtube.com/watch?v=ROa3kbG5M0U&lc=UgzwC2ECkLzdbnLdy3p4AaABAg,UgzwC2ECkLzdbnLdy3p4AaABAg,UChY4pycINWUFWWldGCi7HOw,"Fetched 05/24/2026, 8:08:10 PM GMT+8"
4776,@henrycaranto2644,2 days ago,Mga Kasamang KADIWA sa Distrito ng Benguet!!🎉 /  / “Tayo naman po ang magpakita ng ating Solid Suporta ngayong Araw”👏 /  / ✅Manood / ✅Magcomment / ✅Ishare ang Youtube Link /  / Let’s Go Benguet! 🍓🍓 / Let’s Go KADIWA! 💙 /  / From Lokal ng Baguio City,https://www.youtube.com/watch?v=ROa3kbG5M0U&lc=UgxiomBBEky_5DCZRlh4AaABAg,UgxiomBBEky_5DCZRlh4AaABAg,UCFilTOy22FklSkBIgwVPVaQ,"Fetched 05/24/2026, 8:08:10 PM GMT+8"
4777,@henrycaranto2644,2 days ago,Mga Kasamang KADIWA sa Distrito ng Benguet!!🎉 /  / “Tayo naman po ang magpakita ng ating Solid Suporta ngayong Araw”👏 /  / ✅Manood / ✅Magcomment / ✅Ishare ang Youtube Link /  / Let’s Go Benguet! 🍓🍓 / Let’s Go KADIWA! 💙 /  / From Lokal ng Baguio City,https://www.youtube.com/watch?v=ROa3kbG5M0U&lc=Ugyr5ipI0fyXuZuv3L14AaABAg,Ugyr5ipI0fyXuZuv3L14AaABAg,UCFilTOy22FklSkBIgwVPVaQ,"Fetched 05/24/2026, 8:08:10 PM GMT+8"
4778,@jonieyonga-an5239,2 days ago,Let's make it to the top Benguetttt!!!❤ / Pagbati Po sa lahat Ng mga nakasubaybay Jan! / Lalo na sa mga kasamang Kadiwa at binhi!  / Tuloy tuloy lng Po sa suporta❤ /  / Mula Po sa lokal Ng NORCAR!!❤,https://www.youtube.com/watch?v=ROa3kbG5M0U&lc=Ugxz_i1S1suKFJ592914AaABAg,Ugxz_i1S1suKFJ592914AaABAg,UCgUo3JP_Fffuctza4bUumJg,"Fetched 05/24/2026, 8:08:10 PM GMT+8"
4779,@henrycaranto2644,2 days ago,Mga Kasamang KADIWA sa Distrito ng Benguet!!🎉 /  / “Tayo naman po ang magpakita ng ating Solid Suporta ngayong Araw”👏 /  / ✅Manood / ✅Magcomment / ✅Ishare ang Youtube Link /  / Let’s Go Benguet! 🍓🍓 / Let’s Go KADIWA! 💙 /  / From Lokal ng Baguio City,https://www.youtube.com/watch?v=ROa3kbG5M0U&lc=Ugxc9etbYBPw1w2WbLp4AaABAg,Ugxc9etbYBPw1w2WbLp4AaABAg,UCFilTOy22FklSkBIgwVPVaQ,"Fetched 05/24/2026, 8:08:10 PM GMT+8"
4780,@jaimegabriel2115,2 days ago,God's Love Benguet  / Lokal ng Quezon Hill,https://www.youtube.com/watch?v=ROa3kbG5M0U&lc=Ugy_iByb9WJOPQXkOzh4AaABAg,Ugy_iByb9WJOPQXkOzh4AaABAg,UCoaJINYQMe9Q8GAjCPoVMXQ,"Fetched 05/24/2026, 8:08:10 PM GMT+8"
4781,@SalveJhonDenver,2 days ago,"LET'S GO BENGUET!! / LET'S GO KADIWA!! /  / Norcar, Benguet",https://www.youtube.com/watch?v=ROa3kbG5M0U&lc=Ugzfc89eTPz7nOitVB14AaABAg,Ugzfc89eTPz7nOitVB14AaABAg,UCCz-0V8tYUzIGT60zuscrQA,"Fetched 05/24/2026, 8:08:10 PM GMT+8"
4782,@jaimegabriel2115,2 days ago,God's Love Benguet  / Lokal ng Quezon Hill,https://www.youtube.com/watch?v=ROa3kbG5M0U&lc=Ugza11XI008DUgl83hN4AaABAg,Ugza11XI008DUgl83hN4AaABAg,UCoaJINYQMe9Q8GAjCPoVMXQ,"Fetched 05/24/2026, 8:08:10 PM GMT+8"
4783,@Wilbertpaulino-nb8fm,2 days ago,LETS GOOO BENGUET!!! / LETS GO KADIWA!!!❤,https://www.youtube.com/watch?v=ROa3kbG5M0U&lc=UgzP1ArwH7r3lMeqy9J4AaABAg,UgzP1ArwH7r3lMeqy9J4AaABAg,UCWBtQHrKMlD_eK3wi-wWTlQ,"Fetched 05/24/2026, 8:08:10 PM GMT+8"
4784,@jaimegabriel2115,2 days ago,God's Love Benguet  / Lokal ng Quezon Hill,https://www.youtube.com/watch?v=ROa3kbG5M0U&lc=UgyG5HbMdlAAoUW6ljx4AaABAg,UgyG5HbMdlAAoUW6ljx4AaABAg,UCoaJINYQMe9Q8GAjCPoVMXQ,"Fetched 05/24/2026, 8:08:10 PM GMT+8"
4785,@jaimegabriel2115,2 days ago,God's Love Benguet  / Lokal ng Quezon Hill,https://www.youtube.com/watch?v=ROa3kbG5M0U&lc=Ugy6lw9ZaZwqW_YEGj94AaABAg,Ugy6lw9ZaZwqW_YEGj94AaABAg,UCoaJINYQMe9Q8GAjCPoVMXQ,"Fetched 05/24/2026, 8:08:10 PM GMT+8"
4786,@almazanrhyndylyn,2 days ago,Lets Go Benguet / Lets Go Kadiwa  /  / FIGHT! FIGHT! FIGHT! /  / Lokal ng Norcar,https://www.youtube.com/watch?v=ROa3kbG5M0U&lc=UgzjjvAVaW5GaMWLC4B4AaABAg,UgzjjvAVaW5GaMWLC4B4AaABAg,UCEoQCNgytnJxjJnAQLSzFeA,"Fetched 05/24/2026, 8:08:10 PM GMT+8"
4787,@miasy-RL,2 days ago,"Let’s go Benguet !! /  / Happy Viewing po mula sa Lokal ng Hillside, Distrito ng Benguet ✨❤️",https://www.youtube.com/watch?v=ROa3kbG5M0U&lc=Ugw3kK1Yknj4SIBzkX14AaABAg,Ugw3kK1Yknj4SIBzkX14AaABAg,UCE4qpM5SGKSbx589elFLOkw,"Fetched 05/24/2026, 8:08:10 PM GMT+8"
4788,@cjolivergamba1470,2 days ago,Let’s Go Benguet! 🍓🍓 / Let’s Go KADIWA! 💙 /  / Lokal ng HILLSIDE,https://www.youtube.com/watch?v=ROa3kbG5M0U&lc=Ugw14z4V0vPzYZYpyq94AaABAg,Ugw14z4V0vPzYZYpyq94AaABAg,UCogRsE-mVxzSFcZpxU9QKeA,"Fetched 05/24/2026, 8:08:10 PM GMT+8"
4789,@jaimegabriel2115,2 days ago,God's Love Benguet  / Lokal ng Quezon Hill,https://www.youtube.com/watch?v=ROa3kbG5M0U&lc=UgzvT5jC4w8wjMShNvF4AaABAg,UgzvT5jC4w8wjMShNvF4AaABAg,UCoaJINYQMe9Q8GAjCPoVMXQ,"Fetched 05/24/2026, 8:08:10 PM GMT+8"
4790,@cjolivergamba1470,2 days ago,Let’s Go Benguet! 🍓🍓 / Let’s Go KADIWA! 💙 /  / Lokal ng HILLSIDE,https://www.youtube.com/watch?v=ROa3kbG5M0U&lc=UgylXPurLxv1GDUsgxV4AaABAg,UgylXPurLxv1GDUsgxV4AaABAg,UCogRsE-mVxzSFcZpxU9QKeA,"Fetched 05/24/2026, 8:08:10 PM GMT+8"
4791,@cjolivergamba1470,2 days ago,Let’s Go Benguet! 🍓🍓 / Let’s Go KADIWA! 💙 /  / Lokal ng HILLSIDE,https://www.youtube.com/watch?v=ROa3kbG5M0U&lc=UgwQUDsVwN9biEU5OfN4AaABAg,UgwQUDsVwN9biEU5OfN4AaABAg,UCogRsE-mVxzSFcZpxU9QKeA,"Fetched 05/24/2026, 8:08:10 PM GMT+8"
4792,@Wilbertpaulino-nb8fm,2 days ago,Pinabati kopo ang poging Destinado namin ang Ka Alvin Capulong!!! / mula po sa Hillside Go KADIWA!!!,https://www.youtube.com/watch?v=ROa3kbG5M0U&lc=UgyKV5PADvUNu09q2394AaABAg,UgyKV5PADvUNu09q2394AaABAg,UCWBtQHrKMlD_eK3wi-wWTlQ,"Fetched 05/24/2026, 8:08:10 PM GMT+8"
4793,@cjolivergamba1470,2 days ago,Let’s Go Benguet! 🍓🍓 / Let’s Go KADIWA! 💙 /  / Lokal ng HILLSIDE,https://www.youtube.com/watch?v=ROa3kbG5M0U&lc=UgzGkxpvm1NT9orGgiZ4AaABAg,UgzGkxpvm1NT9orGgiZ4AaABAg,UCogRsE-mVxzSFcZpxU9QKeA,"Fetched 05/24/2026, 8:08:10 PM GMT+8"
4794,@cjolivergamba1470,2 days ago,Let’s Go Benguet! 🍓🍓 / Let’s Go KADIWA! 💙 /  / Lokal ng HILLSIDE,https://www.youtube.com/watch?v=ROa3kbG5M0U&lc=Ugxa0H9y6wIiMf2BCGx4AaABAg,Ugxa0H9y6wIiMf2BCGx4AaABAg,UCogRsE-mVxzSFcZpxU9QKeA,"Fetched 05/24/2026, 8:08:10 PM GMT+8"
4795,@cjolivergamba1470,2 days ago,Let’s Go Benguet! 🍓🍓 / Let’s Go KADIWA! 💙 /  / Lokal ng HILLSIDE,https://www.youtube.com/watch?v=ROa3kbG5M0U&lc=UgwsAvd1bnjpo17xrVx4AaABAg,UgwsAvd1bnjpo17xrVx4AaABAg,UCogRsE-mVxzSFcZpxU9QKeA,"Fetched 05/24/2026, 8:08:10 PM GMT+8"
4796,@cjolivergamba1470,2 days ago,Let’s Go Benguet! 🍓🍓 / Let’s Go KADIWA! 💙 /  / Lokal ng HILLSIDE,https://www.youtube.com/watch?v=ROa3kbG5M0U&lc=Ugx9iXYFgOlirfKj39l4AaABAg,Ugx9iXYFgOlirfKj39l4AaABAg,UCogRsE-mVxzSFcZpxU9QKeA,"Fetched 05/24/2026, 8:08:10 PM GMT+8"
4797,@cjolivergamba1470,2 days ago,Let’s Go Benguet! 🍓🍓 / Let’s Go KADIWA! 💙 /  / Lokal ng HILLSIDE,https://www.youtube.com/watch?v=ROa3kbG5M0U&lc=Ugzc9RquZkquRlfuS214AaABAg,Ugzc9RquZkquRlfuS214AaABAg,UCogRsE-mVxzSFcZpxU9QKeA,"Fetched 05/24/2026, 8:08:10 PM GMT+8"
4798,@almazanrhyndylyn,2 days ago,Go go go Benguet 🍓🍓🍓🍓 / Go go go rin mga nasa Kadiwa 💙💙💙💙💙 /  / Lokal ng Norcar,https://www.youtube.com/watch?v=ROa3kbG5M0U&lc=UgyScCLxu4cm02Eesa14AaABAg,UgyScCLxu4cm02Eesa14AaABAg,UCEoQCNgytnJxjJnAQLSzFeA,"Fetched 05/24/2026, 8:08:10 PM GMT+8"
4799,@shafftdeguzman962,2 days ago,Let’s Go Benguet🥔🥬🥦 / Power☝️ /  / Mula sa Lokal ng Hillside🏔️,https://www.youtube.com/watch?v=ROa3kbG5M0U&lc=Ugw4uqU55W-k8SVe5uF4AaABAg,Ugw4uqU55W-k8SVe5uF4AaABAg,UCCloNO6Hsgkd-e_gsv8oBcg,"Fetched 05/24/2026, 8:08:10 PM GMT+8"
4800,@coto-ongnesrionardc.9972,2 days ago,Let’s Go Benguet! 🍓🍓 / Let’s Go KADIWA! 💙 /  / Lokal ng HILLSIDE,https://www.youtube.com/watch?v=ROa3kbG5M0U&lc=Ugx8Ev-APpes_Br72HV4AaABAg,Ugx8Ev-APpes_Br72HV4AaABAg,UC3mnqkvRsOe5VmjM8q7mu3A,"Fetched 05/24/2026, 8:08:10 PM GMT+8"
4801,@cjolivergamba1470,2 days ago,Let’s Go Benguet! 🍓🍓 / Let’s Go KADIWA! 💙 /  / Lokal ng HILLSIDE,https://www.youtube.com/watch?v=ROa3kbG5M0U&lc=UgxvLYZdalWarGFFmHV4AaABAg,UgxvLYZdalWarGFFmHV4AaABAg,UCogRsE-mVxzSFcZpxU9QKeA,"Fetched 05/24/2026, 8:08:10 PM GMT+8"
4802,@BnHydn,2 days ago (edited),🟢⚪🔴 Still on support🎉 / Lokal ng La Trinidad,https://www.youtube.com/watch?v=ROa3kbG5M0U&lc=Ugwrq5_2kfbSYef77_B4AaABAg,Ugwrq5_2kfbSYef77_B4AaABAg,UCbVqbfs9vjTS-hPNArDNcFQ,"Fetched 05/24/2026, 8:08:10 PM GMT+8"
4803,@RoelJoshArabejo,2 days ago,Watching from Aurora Hill ❤,https://www.youtube.com/watch?v=ROa3kbG5M0U&lc=UgyaYV2TgTHOiooghdt4AaABAg,UgyaYV2TgTHOiooghdt4AaABAg,UC_5rEJfoFzwKQH9Tvh4VPmw,"Fetched 05/24/2026, 8:08:10 PM GMT+8"
4804,@shafftdeguzman962,2 days ago,Let’s Go Benguet! 🍓🍓 / Let’s Go KADIWA! 💙 /  / Lokal ng HILLSIDE,https://www.youtube.com/watch?v=ROa3kbG5M0U&lc=UgyZDH7KnzTaPB3lfHJ4AaABAg,UgyZDH7KnzTaPB3lfHJ4AaABAg,UCCloNO6Hsgkd-e_gsv8oBcg,"Fetched 05/24/2026, 8:08:10 PM GMT+8"
4805,@Wilbertpaulino-nb8fm,2 days ago,Let GOOOO!!!! BENGUET  / Let’s Go KadBin!!!!❤ / Go Hillside,https://www.youtube.com/watch?v=ROa3kbG5M0U&lc=UgylkjNSOMByJStCnyB4AaABAg,UgylkjNSOMByJStCnyB4AaABAg,UCWBtQHrKMlD_eK3wi-wWTlQ,"Fetched 05/24/2026, 8:08:10 PM GMT+8"
4806,@ehdwow318,2 days ago,"Let’s keep the momentum going! 🔥Viewership support is ongoing until May 28!! 🎥 /  / Keep watching and supporting!! Definitely worth the watch!! /  / Always watching from Lokal ng Megaroyale, Distrito ng Benguet ❤",https://www.youtube.com/watch?v=ROa3kbG5M0U&lc=UgyBVViOGwLdwDWpb1l4AaABAg,UgyBVViOGwLdwDWpb1l4AaABAg,UCiwATwwRZ8TCez4FYmw9s0Q,"Fetched 05/24/2026, 8:08:10 PM GMT+8"
4807,@almazanrhyndylyn,2 days ago,Lets Go Benguet ❤❤❤ / Lets Go Kadiwa ❤❤❤❤ /  / Lokal ng Norcar,https://www.youtube.com/watch?v=ROa3kbG5M0U&lc=Ugw8xaD_yYlxkE-ULzp4AaABAg,Ugw8xaD_yYlxkE-ULzp4AaABAg,UCEoQCNgytnJxjJnAQLSzFeA,"Fetched 05/24/2026, 8:08:10 PM GMT+8"
4808,@almazanrhyndylyn,2 days ago,FIGHT! FIGHT! FIGHT! / GOOOOOOOOO!!!! BENGUEEEEEEET!!!!! 🍓🍓🍓🍓🍓 /  / Supporting from Local of Norcar. Hello to all Kadiwa 👋👋👋.,https://www.youtube.com/watch?v=ROa3kbG5M0U&lc=Ugz3_yPMwNn4iYNuy6V4AaABAg,Ugz3_yPMwNn4iYNuy6V4AaABAg,UCEoQCNgytnJxjJnAQLSzFeA,"Fetched 05/24/2026, 8:08:10 PM GMT+8"
4809,@jilliansamchao,2 days ago,Let’s Go Benguet! 🍓🍓 / Let’s Go KADIWA! 💙 /  / Lokal ng HILLSIDE,https://www.youtube.com/watch?v=ROa3kbG5M0U&lc=UgyoUVBgWLZGTnVzl2Z4AaABAg,UgyoUVBgWLZGTnVzl2Z4AaABAg,UCRnvVcjVsXveWDHJS-10OWg,"Fetched 05/24/2026, 8:08:10 PM GMT+8"
4810,@JosephLambino-l9d,2 days ago,Happy viewing po from lokal NG philex mines district of benguet po,https://www.youtube.com/watch?v=ROa3kbG5M0U&lc=UgwRIlUjxCWLoNvYhZ14AaABAg,UgwRIlUjxCWLoNvYhZ14AaABAg,UCi4OFAO8CWqxrvlfLCLAgKw,"Fetched 05/24/2026, 8:08:10 PM GMT+8"
4811,@henrycaranto2644,2 days ago,Benguet,https://www.youtube.com/watch?v=ROa3kbG5M0U&lc=UgyeM0uh-VORzc9ILH94AaABAg,UgyeM0uh-VORzc9ILH94AaABAg,UCFilTOy22FklSkBIgwVPVaQ,"Fetched 05/24/2026, 8:08:10 PM GMT+8"
4812,@jilliansamchao,2 days ago,Let's Go Benguet🎉🎉 / Shoutout po sa mga KADIWA sa Lokal ng HILLSIDE,https://www.youtube.com/watch?v=ROa3kbG5M0U&lc=UgwTqYwmvpCBn7zbcW54AaABAg,UgwTqYwmvpCBn7zbcW54AaABAg,UCRnvVcjVsXveWDHJS-10OWg,"Fetched 05/24/2026, 8:08:10 PM GMT+8"
4813,@BnHydn,2 days ago,"All eyes 👀  / Lokal ng La Trinidad , watching and supporting",https://www.youtube.com/watch?v=ROa3kbG5M0U&lc=Ugz3MnF0t9ZUELSTJYJ4AaABAg,Ugz3MnF0t9ZUELSTJYJ4AaABAg,UCbVqbfs9vjTS-hPNArDNcFQ,"Fetched 05/24/2026, 8:08:10 PM GMT+8"
4814,@kristine4717,2 days ago,Happy watching po from lokal ng Megaroyale :face-red-heart-shape:,https://www.youtube.com/watch?v=ROa3kbG5M0U&lc=UgyBVViOGwLdwDWpb1l4AaABAg.AX5X1gMFjZ5AX5Ym7n9_ng,UgyBVViOGwLdwDWpb1l4AaABAg.AX5X1gMFjZ5AX5Ym7n9_ng,UC3iiMgyZRl-v41Mzegf98yw,"Fetched 05/24/2026, 8:08:10 PM GMT+8"
4815,@karenkiethponseca3744,2 days ago,Let’s go Benguet ❤,https://www.youtube.com/watch?v=ROa3kbG5M0U&lc=Ugzm1MeCAO1uvndqrOF4AaABAg,Ugzm1MeCAO1uvndqrOF4AaABAg,UC93HFkKGahSp6tm3Rt2XGTA,"Fetched 05/24/2026, 8:08:10 PM GMT+8"
4816,@BnHydn,2 days ago,Still watching and rewatching 📺🔁 Mula po sa lokal ng La Trinidad ❤,https://www.youtube.com/watch?v=ROa3kbG5M0U&lc=UgxhwsY-1pLznNW8OlZ4AaABAg,UgxhwsY-1pLznNW8OlZ4AaABAg,UCbVqbfs9vjTS-hPNArDNcFQ,"Fetched 05/24/2026, 8:08:10 PM GMT+8"
4817,@jilliansamchao,2 days ago,Happy Viewing po mga Kapatid /  / Mula po sa Kapisang KADIWA / Lokal ng HILLSIDE,https://www.youtube.com/watch?v=ROa3kbG5M0U&lc=UgxLGMXMayEWPoIQfJd4AaABAg,UgxLGMXMayEWPoIQfJd4AaABAg,UCRnvVcjVsXveWDHJS-10OWg,"Fetched 05/24/2026, 8:08:10 PM GMT+8"
4818,@Wilbertpaulino-nb8fm,2 days ago,Keep watching po mga kapatid❤ Go Benguet!!! / mula po sa lokal ng Hillside!!!,https://www.youtube.com/watch?v=ROa3kbG5M0U&lc=UgzptxU4Y7z32EpJJI54AaABAg,UgzptxU4Y7z32EpJJI54AaABAg,UCWBtQHrKMlD_eK3wi-wWTlQ,"Fetched 05/24/2026, 8:08:10 PM GMT+8"
4819,@Julskie28,2 days ago,Happy rewatching po ulit sa ating lahat! /  / Let's Go Benguet 🎉 /  / From KADIWAs of Benguet ❤ / Lokal ng Guisad,https://www.youtube.com/watch?v=ROa3kbG5M0U&lc=UgwELlo87I5Xk3eiaxp4AaABAg,UgwELlo87I5Xk3eiaxp4AaABAg,UC1nz0UiWHV8lyoQdZtJejeg,"Fetched 05/24/2026, 8:08:10 PM GMT+8"
4820,@JoeAnn-i9k,2 days ago,Happy viewing po mula po sa Lokal ng Lourdes 🤗❤️,https://www.youtube.com/watch?v=ROa3kbG5M0U&lc=UgxG3Qwntr4U0zx2cM94AaABAg,UgxG3Qwntr4U0zx2cM94AaABAg,UCmq8P7xd4KDFhVjABkcxljQ,"Fetched 05/24/2026, 8:08:10 PM GMT+8"
4821,@Wilbertpaulino-nb8fm,2 days ago,GO GO GO!!! Benguet / From Hillside po!!!!❤,https://www.youtube.com/watch?v=ROa3kbG5M0U&lc=Ugw6CBfdpONFl_qQXTp4AaABAg,Ugw6CBfdpONFl_qQXTp4AaABAg,UCWBtQHrKMlD_eK3wi-wWTlQ,"Fetched 05/24/2026, 8:08:10 PM GMT+8"
4822,@luibustamante9493,2 days ago,Magandang umaga at masayang panonood po mga kapatid. Pagbati mula sa Kadiwa at Mang-aawit ng Lokal ng Tuba🤗🤗 /  / -Let's Go Benguet🎉,https://www.youtube.com/watch?v=ROa3kbG5M0U&lc=Ugyj0tRXehGfk1ZOGtV4AaABAg,Ugyj0tRXehGfk1ZOGtV4AaABAg,UCFAmrhDmv6rvZrQoYp-IS9w,"Fetched 05/24/2026, 8:08:10 PM GMT+8"
4823,@gwynethcayabyab5981,2 days ago,"Keep on watching po🎉 / Ilang days nalang po, tuloy tuloy lang po sa panonood❤",https://www.youtube.com/watch?v=ROa3kbG5M0U&lc=UgwcVJtACaHF6XBej_t4AaABAg,UgwcVJtACaHF6XBej_t4AaABAg,UCouodNvhL1bfJC2Fz0B_Rcw,"Fetched 05/24/2026, 8:08:10 PM GMT+8"
4824,@Wilbertpaulino-nb8fm,2 days ago,Happy viewing po mula po sa Lokal ng Hillside❤,https://www.youtube.com/watch?v=ROa3kbG5M0U&lc=Ugy4k3BOCc4AfgKZR8N4AaABAg,Ugy4k3BOCc4AfgKZR8N4AaABAg,UCWBtQHrKMlD_eK3wi-wWTlQ,"Fetched 05/24/2026, 8:08:10 PM GMT+8"
4825,@gelo4828,2 days ago,Happy Viewing po From Lokal Of san luis and Kapisanang Kadiwa❤,https://www.youtube.com/watch?v=ROa3kbG5M0U&lc=Ugwyz3XuozLP3mj8bHZ4AaABAg,Ugwyz3XuozLP3mj8bHZ4AaABAg,UCydnW0LoOckk7rQFQbEbI_g,"Fetched 05/24/2026, 8:08:10 PM GMT+8"
4826,@Ann-g7y4i,2 days ago,happy viewing from lokal ng lourdes ❤,https://www.youtube.com/watch?v=ROa3kbG5M0U&lc=Ugwv4OCl7D5Y1i17bO94AaABAg,Ugwv4OCl7D5Y1i17bO94AaABAg,UCFvBIzMEKjb_W5vqLGA87gQ,"Fetched 05/24/2026, 8:08:10 PM GMT+8"
4827,@jilliansamchao,2 days ago,Let's Go BENGUET mula po sa Lokal ng Hillside,https://www.youtube.com/watch?v=ROa3kbG5M0U&lc=UgzVqU2xpbMf6lQ60Xp4AaABAg,UgzVqU2xpbMf6lQ60Xp4AaABAg,UCRnvVcjVsXveWDHJS-10OWg,"Fetched 05/24/2026, 8:08:10 PM GMT+8"
4828,@mariacorazongarces7560,2 days ago,Happy viewing po from lokal ng Lourdes distrito ng benguet.,https://www.youtube.com/watch?v=ROa3kbG5M0U&lc=Ugz02_KQMuwxk_rkV1x4AaABAg,Ugz02_KQMuwxk_rkV1x4AaABAg,UCKqLe-tLRRlp_EY39S6tmww,"Fetched 05/24/2026, 8:08:10 PM GMT+8"
4829,@Rein_Cloud21,2 days ago,"Mula po sa lokal ng Hillside, Happy Viewing po! Binabati po namin ang amin pong pinakapoging destinado Ka Alvin Capulong",https://www.youtube.com/watch?v=ROa3kbG5M0U&lc=Ugw7s5bBW8QWsudKNv54AaABAg,Ugw7s5bBW8QWsudKNv54AaABAg,UC5rg4j7hTkuXyqZkZdntTXQ,"Fetched 05/24/2026, 8:08:10 PM GMT+8"
4830,@Rein_Cloud21,2 days ago,Happy Viewing po mula po sa lokal ng Hillside! Fight Fight Fight!,https://www.youtube.com/watch?v=ROa3kbG5M0U&lc=Ugz3Ec-AC-40sFK3DrR4AaABAg,Ugz3Ec-AC-40sFK3DrR4AaABAg,UC5rg4j7hTkuXyqZkZdntTXQ,"Fetched 05/24/2026, 8:08:10 PM GMT+8"
4831,@dencii02,2 days ago,"Happy Viewing Po mula po sa Lokal ng Lourdes, Distrito ng Benguet 🥳🥳",https://www.youtube.com/watch?v=ROa3kbG5M0U&lc=UgzP60Ot0lWM1ddsmY54AaABAg,UgzP60Ot0lWM1ddsmY54AaABAg,UCMBjUq_J1CZx0VeVAzl7Quw,"Fetched 05/24/2026, 8:08:10 PM GMT+8"
4832,@HrmyndCoto-ong,2 days ago,Happy viewing po mula sa LOKAL NG HILLSIDE,https://www.youtube.com/watch?v=ROa3kbG5M0U&lc=UgwC0_yXRu-KM9AGTdp4AaABAg,UgwC0_yXRu-KM9AGTdp4AaABAg,UCbCAqWMOZcLATjTPEQjzgLg,"Fetched 05/24/2026, 8:08:10 PM GMT+8"
4833,@lalafrancisco4259,2 days ago,Happy friday viewing po sa ating lahat🤗 God's Love🙏🏻 #Benguet 💚🤍❤️,https://www.youtube.com/watch?v=ROa3kbG5M0U&lc=Ugx1p_1Yn9IaVNFeWD14AaABAg,Ugx1p_1Yn9IaVNFeWD14AaABAg,UCQAOP05TDQt6DFFd2fZlzug,"Fetched 05/24/2026, 8:08:10 PM GMT+8"
4834,@luningningpescoso4921,2 days ago,"Happy viewing po congrats po SA anak kung si Edralix Pescoso,mula po sa Lokal Ng Lourdes Distrito Ng Benguet",https://www.youtube.com/watch?v=ROa3kbG5M0U&lc=Ugyzf7iQjBB6bZ_tDgJ4AaABAg,Ugyzf7iQjBB6bZ_tDgJ4AaABAg,UCNEFZJBC-8ZcT-q6hyiB7Dg,"Fetched 05/24/2026, 8:08:10 PM GMT+8"
4835,@NancyMoyano-r7u,2 days ago,"Happy viewing God's Love 💖  / Baguio City, Benguet...",https://www.youtube.com/watch?v=ROa3kbG5M0U&lc=UgxoSM3jq8IU-qxEUw54AaABAg,UgxoSM3jq8IU-qxEUw54AaABAg,UCIZH5g0o-lHJidrq7pdjV5w,"Fetched 05/24/2026, 8:08:10 PM GMT+8"
4836,@yzabelgayadan6013,2 days ago,"Greetings from Marcos Highway, happy watching to all po and all Kadiwa Officers🎉",https://www.youtube.com/watch?v=ROa3kbG5M0U&lc=UgyyAUr-61kib13mZ1V4AaABAg,UgyyAUr-61kib13mZ1V4AaABAg,UCdZGb4w25RyQ_9_blAErBaQ,"Fetched 05/24/2026, 8:08:10 PM GMT+8"
4837,@MarcoEranoNavalta,2 days ago,Greetings from Ecclesiastical District of Batangas!,https://www.youtube.com/watch?v=ROa3kbG5M0U&lc=Ugx-g5YVrLpiGeQa-PN4AaABAg,Ugx-g5YVrLpiGeQa-PN4AaABAg,UC3kRNHWvpCre4AZjpl277WQ,"Fetched 05/24/2026, 8:08:10 PM GMT+8"
4838,@RosalieTomita,2 days ago,"Happy viewing po go go go benguet,",https://www.youtube.com/watch?v=ROa3kbG5M0U&lc=UgyI7FHIxRhCWZ8M3Yh4AaABAg,UgyI7FHIxRhCWZ8M3Yh4AaABAg,UCH-Y-TmjSLa8eecoq7zhOhw,"Fetched 05/24/2026, 8:08:10 PM GMT+8"
4839,@PHEBIE-f7h,2 days ago,"In our Lord God's great POWER, you must BELIEVE!! /  /  /  / BUKLOD OF ATOKGOLD",https://www.youtube.com/watch?v=ROa3kbG5M0U&lc=Ugx9Rhv8buAqJYXDwYt4AaABAg,Ugx9Rhv8buAqJYXDwYt4AaABAg,UCNkJMMXP19AJSsNov8Fp3Ag,"Fetched 05/24/2026, 8:08:10 PM GMT+8"
4840,@GloriaPrado-j5y,2 days ago,Enjoy watching wknderful music fom GREENWATER LOCALE,https://www.youtube.com/watch?v=ROa3kbG5M0U&lc=UgxGnuXY6GMHNtKF6y14AaABAg,UgxGnuXY6GMHNtKF6y14AaABAg,UC64pT5gl9WPFawhOWHlXKzA,"Fetched 05/24/2026, 8:08:10 PM GMT+8"
4841,@GloriaPrado-j5y,2 days ago,Happy viewing from Lokal ng Greenwater,https://www.youtube.com/watch?v=ROa3kbG5M0U&lc=Ugxf3hBNlX546KZxtDR4AaABAg,Ugxf3hBNlX546KZxtDR4AaABAg,UC64pT5gl9WPFawhOWHlXKzA,"Fetched 05/24/2026, 8:08:10 PM GMT+8"
4842,@PHEBIE-f7h,2 days ago,On track for 47k views. / Let's go Benguet! /  /  /  / ❤ATOKGOLD BUKLOD❤,https://www.youtube.com/watch?v=ROa3kbG5M0U&lc=Ugz3Rhvc89Qg1quBVtx4AaABAg,Ugz3Rhvc89Qg1quBVtx4AaABAg,UCNkJMMXP19AJSsNov8Fp3Ag,"Fetched 05/24/2026, 8:08:10 PM GMT+8"
4843,@PHEBIE-f7h,2 days ago,"Shou out to my loving Hubby, JS /  /  /  / ❤❤AtokGold Buklod❤❤",https://www.youtube.com/watch?v=ROa3kbG5M0U&lc=UgxER2AKvIZ5uUiiNJB4AaABAg,UgxER2AKvIZ5uUiiNJB4AaABAg,UCNkJMMXP19AJSsNov8Fp3Ag,"Fetched 05/24/2026, 8:08:10 PM GMT+8"
4844,@axeliee-m5u,2 days ago,walang sawang nanonood 🩷 mula sa Lokal ng La Trinidad 🙌,https://www.youtube.com/watch?v=ROa3kbG5M0U&lc=Ugzd6Y0QMKWy-b3nsoR4AaABAg,Ugzd6Y0QMKWy-b3nsoR4AaABAg,UCxjmGS0yLlCMs4Fe-AqbHFw,"Fetched 05/24/2026, 8:08:10 PM GMT+8"
4845,@GloriaPrado-j5y,2 days ago,Nice music viewing Lokal ng Greenwater,https://www.youtube.com/watch?v=ROa3kbG5M0U&lc=Ugydc4f5PMx3iyE-auF4AaABAg,Ugydc4f5PMx3iyE-auF4AaABAg,UC64pT5gl9WPFawhOWHlXKzA,"Fetched 05/24/2026, 8:08:10 PM GMT+8"
4846,@GloriaPrado-j5y,2 days ago,Biewing from Greenwater locale,https://www.youtube.com/watch?v=ROa3kbG5M0U&lc=Ugwgq8V6klTEIDw8Jet4AaABAg,Ugwgq8V6klTEIDw8Jet4AaABAg,UC64pT5gl9WPFawhOWHlXKzA,"Fetched 05/24/2026, 8:08:10 PM GMT+8"
4847,@KhloeVeniz,2 days ago,Shout out po sa aking mga magulang local ng Baguio City,https://www.youtube.com/watch?v=ROa3kbG5M0U&lc=UgyyqHfoNxJ-NpwU8kx4AaABAg,UgyyqHfoNxJ-NpwU8kx4AaABAg,UCvbTRyIYlYF3dM-8cxWECOg,"Fetched 05/24/2026, 8:08:10 PM GMT+8"
4848,@almazanrhyndylyn,2 days ago,Muli't muling pagsuporta mula po sa Lokal ng Norcar.  /  / Happy Viewing po. ❤❤❤ / Lets Go Benguet!!!! /  / Pagbati din po mula sa Kapisanang Kadiwa.,https://www.youtube.com/watch?v=ROa3kbG5M0U&lc=UgwTVI0rm6C25CiJioR4AaABAg,UgwTVI0rm6C25CiJioR4AaABAg,UCEoQCNgytnJxjJnAQLSzFeA,"Fetched 05/24/2026, 8:08:10 PM GMT+8"
4849,@icecreamnamainit,2 days ago,Perfection! / - La Trinidad,https://www.youtube.com/watch?v=ROa3kbG5M0U&lc=Ugx4rxDzeP5Qr2nEJuV4AaABAg,Ugx4rxDzeP5Qr2nEJuV4AaABAg,UCEww66QqjZ0WMGEbN0z08eA,"Fetched 05/24/2026, 8:08:10 PM GMT+8"
4850,@hi-deedee2801,2 days ago,Chill lang ... Bahala ang Ama / Happy Viewing fr Norcar,https://www.youtube.com/watch?v=ROa3kbG5M0U&lc=UgyGQwO88oOwBWFd4qF4AaABAg,UgyGQwO88oOwBWFd4qF4AaABAg,UCkPpNhx96SJwAIIez0aukxA,"Fetched 05/24/2026, 8:08:10 PM GMT+8"
4851,@sofiafateagapito8921,2 days ago (edited),"Happy Viewing po.. / From Lokal ng Friendship, Distrito ng Pampanga North",https://www.youtube.com/watch?v=ROa3kbG5M0U&lc=Ugyzi7M_pdC-rgE2mMl4AaABAg,Ugyzi7M_pdC-rgE2mMl4AaABAg,UCcQ71FW6SFBVLUnJ2MCxnaQ,"Fetched 05/24/2026, 8:08:10 PM GMT+8"
4852,@LorenasolimanpaguioLorena,2 days ago,❤,https://www.youtube.com/watch?v=ROa3kbG5M0U&lc=UgwcERM3faekZ7UkZRR4AaABAg,UgwcERM3faekZ7UkZRR4AaABAg,UCJScmxiB0T40l9jEptQYT4w,"Fetched 05/24/2026, 8:08:10 PM GMT+8"
4853,@jonieyonga-an5239,2 days ago,Let's gooo Benguettt!! / Continuous support Po Mula Sa Lokal Ng NORCAR!!!❤,https://www.youtube.com/watch?v=ROa3kbG5M0U&lc=Ugy-3yjXMotHtYqxOAJ4AaABAg,Ugy-3yjXMotHtYqxOAJ4AaABAg,UCgUo3JP_Fffuctza4bUumJg,"Fetched 05/24/2026, 8:08:10 PM GMT+8"
4854,@almazanrhyndylyn,2 days ago,Isang oras nanaman po ang lumipas pero patuloy pa din ang panonood at pagsuporta.  /  / ❤Lokal ng Norcar / ❤Kapisanang Kadiwa,https://www.youtube.com/watch?v=ROa3kbG5M0U&lc=Ugxc6P0Wn0Pv7GCiTYV4AaABAg,Ugxc6P0Wn0Pv7GCiTYV4AaABAg,UCEoQCNgytnJxjJnAQLSzFeA,"Fetched 05/24/2026, 8:08:10 PM GMT+8"
4855,@joymaylee-e9o,2 days ago,hello everyday / INCMV gives energy / it makes us always happy / 🤣😁😂 / Lokal ng Atok Gold,https://www.youtube.com/watch?v=ROa3kbG5M0U&lc=Ugw6vMZqvWHJbjATPmp4AaABAg,Ugw6vMZqvWHJbjATPmp4AaABAg,UCVNaOxPbc9ZEHqlMp6TAgMA,"Fetched 05/24/2026, 8:08:10 PM GMT+8"
4856,@sherwintadifa,2 days ago,Good morning po. Happy viewing po mula sa Lokal ng Marcos Highway Distrito ng Benguet. / Shout out po sa aming energetic na tagapangasiwa Kapatid na Ardy Mendoza... / Benguet #1🎉🎉🎉🎉,https://www.youtube.com/watch?v=ROa3kbG5M0U&lc=UgxIL75JPgWyDuppdgt4AaABAg,UgxIL75JPgWyDuppdgt4AaABAg,UCj_NZlM_66erdOWcPIZtdcw,"Fetched 05/24/2026, 8:08:10 PM GMT+8"
4857,@icecreamnamainit,2 days ago,Viewing from afar! / - La Trinidad,https://www.youtube.com/watch?v=ROa3kbG5M0U&lc=Ugxztgu3x15oLjA8mBh4AaABAg,Ugxztgu3x15oLjA8mBh4AaABAg,UCEww66QqjZ0WMGEbN0z08eA,"Fetched 05/24/2026, 8:08:10 PM GMT+8"
4858,@joymaylee-e9o,2 days ago,“You  / Go / On / With Courage” / 🏅lokal ng Atok Gold,https://www.youtube.com/watch?v=ROa3kbG5M0U&lc=UgzHDXocdY0QTFKQLnt4AaABAg,UgzHDXocdY0QTFKQLnt4AaABAg,UCVNaOxPbc9ZEHqlMp6TAgMA,"Fetched 05/24/2026, 8:08:10 PM GMT+8"
4859,@joymaylee-e9o,2 days ago,Happy viewing po / Masayang panonood po / Shout out po sa masisigla / at masisipag na mga maytungkulin❤❤❤ / Mula po sa Kapisanang Buklod / Lokal ng atok gold,https://www.youtube.com/watch?v=ROa3kbG5M0U&lc=Ugy0i4033Ct1Fj3IBVR4AaABAg,Ugy0i4033Ct1Fj3IBVR4AaABAg,UCVNaOxPbc9ZEHqlMp6TAgMA,"Fetched 05/24/2026, 8:08:10 PM GMT+8"
4860,@joymaylee-e9o,2 days ago,God's  LOVE / His /        wondrous. /                 L❤VE / 😊😊🎉🎉🎉😊😊 / Lokal ng Atok Gold,https://www.youtube.com/watch?v=ROa3kbG5M0U&lc=Ugz3YrRpm8a2dTpncbp4AaABAg,Ugz3YrRpm8a2dTpncbp4AaABAg,UCVNaOxPbc9ZEHqlMp6TAgMA,"Fetched 05/24/2026, 8:08:10 PM GMT+8"
4861,@joymaylee-e9o,2 days ago,happy viewing to all po / all day happy po / watching is easy po / so support our District po😊 / 😍Lokal ng Atok Gold🇮🇹🇮🇹🇮🇹🇮🇹,https://www.youtube.com/watch?v=ROa3kbG5M0U&lc=Ugz5YhMFSMj_Lq0SOwZ4AaABAg,Ugz5YhMFSMj_Lq0SOwZ4AaABAg,UCVNaOxPbc9ZEHqlMp6TAgMA,"Fetched 05/24/2026, 8:08:10 PM GMT+8"
4862,@joymaylee-e9o,2 days ago,Magandang umaga po / Masayang pakikiisa po / ❤❤❤ / Mula po sa kapisanang buklod / ❤❤❤❤ / Lokal ng atok gold❤,https://www.youtube.com/watch?v=ROa3kbG5M0U&lc=UgxlbQsJ6fLycA3j7VB4AaABAg,UgxlbQsJ6fLycA3j7VB4AaABAg,UCVNaOxPbc9ZEHqlMp6TAgMA,"Fetched 05/24/2026, 8:08:10 PM GMT+8"
4863,@nonagabriel8139,2 days ago,Blessed morning to all kapatid! /  / Lokal ng Quezon Hill,https://www.youtube.com/watch?v=ROa3kbG5M0U&lc=UgzP4aLBNLcw01XpF8t4AaABAg,UgzP4aLBNLcw01XpF8t4AaABAg,UC_dkXH53dziGaXnvaMHUMcA,"Fetched 05/24/2026, 8:08:10 PM GMT+8"
4864,@daisycastaneda7972,2 days ago,Good morning Benguet  / Happy viewing  / Greetings ! From Baguio  city / Kalihiman/ Registry clerks,https://www.youtube.com/watch?v=ROa3kbG5M0U&lc=UgwyQPAbgzeTsR_QmJh4AaABAg,UgwyQPAbgzeTsR_QmJh4AaABAg,UCD3NlGp4eLYcR2RGC7FwnKQ,"Fetched 05/24/2026, 8:08:10 PM GMT+8"
4865,@iya-k7j,2 days ago,napakasayang /  umaga po.. / nakakagising  / na panoorin😁 / -lokal ng atok gold,https://www.youtube.com/watch?v=ROa3kbG5M0U&lc=UgynIuERNswLPuEamdp4AaABAg,UgynIuERNswLPuEamdp4AaABAg,UC_R2GfmFAjE8k8DgEjmtv7g,"Fetched 05/24/2026, 8:08:10 PM GMT+8"
4866,@iya-k7j,2 days ago,😂happy friday po😊 / Maligayang nakikiisa / INCMV -Benguet / 😊😊😊😊 / Mula po sa Kapisanang Buklod / ❤lokal ng Atok Gold🇮🇹,https://www.youtube.com/watch?v=ROa3kbG5M0U&lc=UgwL5zgPIh_sxbUmlwJ4AaABAg,UgwL5zgPIh_sxbUmlwJ4AaABAg,UC_R2GfmFAjE8k8DgEjmtv7g,"Fetched 05/24/2026, 8:08:10 PM GMT+8"
4867,@iya-k7j,2 days ago,😊and / brighter / than the / stars⭐🌟✨ / 😄lokal ng atok gold😊,https://www.youtube.com/watch?v=ROa3kbG5M0U&lc=UgzgVoaVa5qBhXd5OuN4AaABAg,UgzgVoaVa5qBhXd5OuN4AaABAg,UC_R2GfmFAjE8k8DgEjmtv7g,"Fetched 05/24/2026, 8:08:10 PM GMT+8"
4868,@iya-k7j,2 days ago,happy viewing po😊 / INCMV Benguet / ating suportahan po / going to #1 po / 🥇🥇Lokal ng Atok Gold,https://www.youtube.com/watch?v=ROa3kbG5M0U&lc=UgwNrgh4HtpAROo_54Z4AaABAg,UgwNrgh4HtpAROo_54Z4AaABAg,UC_R2GfmFAjE8k8DgEjmtv7g,"Fetched 05/24/2026, 8:08:10 PM GMT+8"
4869,@iya-k7j,2 days ago,Happy viewing po / 💚🤍❤ / INCMV / Go BENGUET / Lokal ng Atok Gold,https://www.youtube.com/watch?v=ROa3kbG5M0U&lc=UgyDr8_dYOKsmQnqK7N4AaABAg,UgyDr8_dYOKsmQnqK7N4AaABAg,UC_R2GfmFAjE8k8DgEjmtv7g,"Fetched 05/24/2026, 8:08:10 PM GMT+8"
4870,@iya-k7j,2 days ago,"""I know it's hard now, / but it's where it gets better.  / A new day brings HOPE  / for a change in the weather."" / 😍INCMV😇 / Lokal ng Atok Gold",https://www.youtube.com/watch?v=ROa3kbG5M0U&lc=Ugw9wPUutgjrCxM4EY94AaABAg,Ugw9wPUutgjrCxM4EY94AaABAg,UC_R2GfmFAjE8k8DgEjmtv7g,"Fetched 05/24/2026, 8:08:10 PM GMT+8"
4871,@iya-k7j,2 days ago,happy morning po😁 / lokal ng atok gold,https://www.youtube.com/watch?v=ROa3kbG5M0U&lc=UgzkdxZTDX89dBSUzBB4AaABAg,UgzkdxZTDX89dBSUzBB4AaABAg,UC_R2GfmFAjE8k8DgEjmtv7g,"Fetched 05/24/2026, 8:08:10 PM GMT+8"
4872,@iya-k7j,2 days ago,💚🤍❤ / God's LOVE is greater than the ocean / and brighter than the stars. / It's true as LOVE  / that you want who you are / 🇮🇹🇮🇹🇮🇹 / lokal ng atok gold,https://www.youtube.com/watch?v=ROa3kbG5M0U&lc=Ugwxsj06ROzasXWi0gp4AaABAg,Ugwxsj06ROzasXWi0gp4AaABAg,UC_R2GfmFAjE8k8DgEjmtv7g,"Fetched 05/24/2026, 8:08:10 PM GMT+8"
4873,@iya-k7j,2 days ago,🫶🫶🫶 / It's true LOVE / the light of the sun. / His Wondrous LoVE / 🌸🌼🌻🌷 / Lokal ng Atok Gold,https://www.youtube.com/watch?v=ROa3kbG5M0U&lc=UgzRsQEz8-rmPygWa0J4AaABAg,UgzRsQEz8-rmPygWa0J4AaABAg,UC_R2GfmFAjE8k8DgEjmtv7g,"Fetched 05/24/2026, 8:08:10 PM GMT+8"
4874,@gwynethcayabyab5981,2 days ago,Go benguet ❤ keep on watching po sa lahat🎉,https://www.youtube.com/watch?v=ROa3kbG5M0U&lc=Ugzb7h3huEYoreB9lL14AaABAg,Ugzb7h3huEYoreB9lL14AaABAg,UCouodNvhL1bfJC2Fz0B_Rcw,"Fetched 05/24/2026, 8:08:10 PM GMT+8"
4875,@iya-k7j,2 days ago,"💚🤍❤Hold on to your FAITH. / Let God set you FREE, / and you'll find out exactly /  where you're your meant to Be / @Lokal ng Atol Gold@",https://www.youtube.com/watch?v=ROa3kbG5M0U&lc=UgyUeDBfQRg0Ioqzc3J4AaABAg,UgyUeDBfQRg0Ioqzc3J4AaABAg,UC_R2GfmFAjE8k8DgEjmtv7g,"Fetched 05/24/2026, 8:08:10 PM GMT+8"
4876,@joylee1468,2 days ago,😂happy friday po😊 / Maligayang nakikiisa / INCMV -Benguet / 😊😊😊😊 / Mula po sa Kapisanang Buklod / ❤lokal ng Atok Gold🇮🇹,https://www.youtube.com/watch?v=ROa3kbG5M0U&lc=UgweCho7tgaA7W6lW7J4AaABAg,UgweCho7tgaA7W6lW7J4AaABAg,UC7UWPgNV4p4GGKzoeFbHS8g,"Fetched 05/24/2026, 8:08:10 PM GMT+8"
4877,@joylee1468,2 days ago,Happy viewing po / Masayang panonood po / Shout out po sa masisigla / at masisipag na mga maytungkulin❤❤❤ / Mula po sa Kapisanang Buklod / Lokal ng atok gold,https://www.youtube.com/watch?v=ROa3kbG5M0U&lc=UgzVmQ3N-NNcIHwYNt54AaABAg,UgzVmQ3N-NNcIHwYNt54AaABAg,UC7UWPgNV4p4GGKzoeFbHS8g,"Fetched 05/24/2026, 8:08:10 PM GMT+8"
4878,@joylee1468,2 days ago,Blessed morning po / 😂shout out po sa /  Pangulong Buklod ng lokal / Ka Jonathan Lazaro / 😊😊😊 / Mula po sa Kapisanang Buklod / 😊Lokal ng Atok Gold,https://www.youtube.com/watch?v=ROa3kbG5M0U&lc=Ugyw3CzTZGuQTusZqH54AaABAg,Ugyw3CzTZGuQTusZqH54AaABAg,UC7UWPgNV4p4GGKzoeFbHS8g,"Fetched 05/24/2026, 8:08:10 PM GMT+8"
4879,@joylee1468,2 days ago,Masayang umaga po😊 / 😂shout out po sa /  Pangulong Kadiwa ng lokal / Ate Joely Bulah / 😊😊😊 / Mula po sa Kapisanang Buklod / 😊Lokal ng Atok Gold,https://www.youtube.com/watch?v=ROa3kbG5M0U&lc=UgzP6COQdwyLC2bhWKx4AaABAg,UgzP6COQdwyLC2bhWKx4AaABAg,UC7UWPgNV4p4GGKzoeFbHS8g,"Fetched 05/24/2026, 8:08:10 PM GMT+8"
4880,@joylee1468,2 days ago,masayang nakikiisa po / 😂shout out po sa /  Pangulong Binhi ng aming lokal / Ka Alexia Ydio / Mula po sa Kapisanang Buklod / 😊Lokal ng Atok Gold,https://www.youtube.com/watch?v=ROa3kbG5M0U&lc=Ugz1KO20pfb_vAKqCit4AaABAg,Ugz1KO20pfb_vAKqCit4AaABAg,UC7UWPgNV4p4GGKzoeFbHS8g,"Fetched 05/24/2026, 8:08:10 PM GMT+8"
4881,@joylee1468,2 days ago,Magandang umaga po / Masayang pakikiisa po / ❤❤❤ / Mula po sa kapisanang buklod / ❤❤❤❤ / Lokal ng atok gold❤,https://www.youtube.com/watch?v=ROa3kbG5M0U&lc=UgwMMbeFhhGb35N2EUR4AaABAg,UgwMMbeFhhGb35N2EUR4AaABAg,UC7UWPgNV4p4GGKzoeFbHS8g,"Fetched 05/24/2026, 8:08:10 PM GMT+8"
4882,@joylee1468,2 days ago,❤Good morning po / masayang panonood po / shout out po sa mga masisipag na /  mga maytungkulin❤❤❤ / lokal ng atok gold,https://www.youtube.com/watch?v=ROa3kbG5M0U&lc=Ugz897fV7HItrRFp6PF4AaABAg,Ugz897fV7HItrRFp6PF4AaABAg,UC7UWPgNV4p4GGKzoeFbHS8g,"Fetched 05/24/2026, 8:08:10 PM GMT+8"
4883,@BnHydn,2 days ago,Kakabangon❤ / Happy viewing 💐  / Lokal ng La Trinidad,https://www.youtube.com/watch?v=ROa3kbG5M0U&lc=Ugx3q9ONSIx1JBpan0d4AaABAg,Ugx3q9ONSIx1JBpan0d4AaABAg,UCbVqbfs9vjTS-hPNArDNcFQ,"Fetched 05/24/2026, 8:08:10 PM GMT+8"
4884,@henrycaranto2644,2 days ago,Hello po sa lahat ng Nakatutok❤😊 /  / Ishare na po natin ang God’s Love❤😊 /  / From lokal ng Baguio City  / And Kadiwa Officers❤😊,https://www.youtube.com/watch?v=ROa3kbG5M0U&lc=UgxAdG5JICYgp66nR1J4AaABAg,UgxAdG5JICYgp66nR1J4AaABAg,UCFilTOy22FklSkBIgwVPVaQ,"Fetched 05/24/2026, 8:08:10 PM GMT+8"
4885,@Evym-u3k,2 days ago,magandang araw po / tuloy ang panonood po / lagi nating suportado / ang ating Distrito / 😁😀☺😊 / Lokal ng atok gold,https://www.youtube.com/watch?v=ROa3kbG5M0U&lc=Ugz4dHTihutIQJqk0XJ4AaABAg,Ugz4dHTihutIQJqk0XJ4AaABAg,UCNNZdfWg4Hutqdsq_H5oCHQ,"Fetched 05/24/2026, 8:08:10 PM GMT+8"
4886,@DaniloPalomeno-d1n,2 days ago,Happy viewing from lokal ng Pinsao distrito ng benguet,https://www.youtube.com/watch?v=ROa3kbG5M0U&lc=UgzIh48zn-zQK-snosF4AaABAg,UgzIh48zn-zQK-snosF4AaABAg,UCZwlshbByaSblKnhTIh8rmA,"Fetched 05/24/2026, 8:08:10 PM GMT+8"
4887,@DaniloPalomeno-d1n,2 days ago,Go to benguet fight fight fight,https://www.youtube.com/watch?v=ROa3kbG5M0U&lc=UgzIPuN4iJe4159h7MR4AaABAg,UgzIPuN4iJe4159h7MR4AaABAg,UCZwlshbByaSblKnhTIh8rmA,"Fetched 05/24/2026, 8:08:10 PM GMT+8"
4888,@jas_flores,2 days ago,Happy Viewing po mula sa Lokal ng Baguio City.,https://www.youtube.com/watch?v=ROa3kbG5M0U&lc=UgxwxPFLjDZag_HNyqR4AaABAg,UgxwxPFLjDZag_HNyqR4AaABAg,UChmSbZ6VFxv_m5eSI1oxUcQ,"Fetched 05/24/2026, 8:08:10 PM GMT+8"
4889,@Evym-u3k,2 days ago,Blessed Friday po / mga kapatid / happy / viewing po / ☺😇Lokal ng atok gold,https://www.youtube.com/watch?v=ROa3kbG5M0U&lc=Ugynyybs4yydDWrU99t4AaABAg,Ugynyybs4yydDWrU99t4AaABAg,UCNNZdfWg4Hutqdsq_H5oCHQ,"Fetched 05/24/2026, 8:08:10 PM GMT+8"
4890,@Evym-u3k,2 days ago,happy / watching po / God's  / Love / Go Benguet!!! / #lokal ng atok gold#,https://www.youtube.com/watch?v=ROa3kbG5M0U&lc=UgyvhOpVlGO_iIFT1Q94AaABAg,UgyvhOpVlGO_iIFT1Q94AaABAg,UCNNZdfWg4Hutqdsq_H5oCHQ,"Fetched 05/24/2026, 8:08:10 PM GMT+8"
4891,@Evym-u3k,2 days ago,hello everyday / INCMV gives energy / it makes us always happy /  / and no one will look like grumpy / 🤣😁😂 / Lokal ng Atok Gold,https://www.youtube.com/watch?v=ROa3kbG5M0U&lc=Ugwptgh59AASaYAQl1F4AaABAg,Ugwptgh59AASaYAQl1F4AaABAg,UCNNZdfWg4Hutqdsq_H5oCHQ,"Fetched 05/24/2026, 8:08:10 PM GMT+8"
4892,@Evym-u3k,2 days ago,hello everyone / always online / supporting our / God's Love / 💚🤍❤ / Lokal ng atok gold,https://www.youtube.com/watch?v=ROa3kbG5M0U&lc=UgyR970R9oIBiP4teyB4AaABAg,UgyR970R9oIBiP4teyB4AaABAg,UCNNZdfWg4Hutqdsq_H5oCHQ,"Fetched 05/24/2026, 8:08:10 PM GMT+8"
4893,@axeliee-m5u,2 days ago,greetings from Locale congregation of La Trinidad 👋,https://www.youtube.com/watch?v=ROa3kbG5M0U&lc=UgyRWfgnHrtpTso7tBZ4AaABAg,UgyRWfgnHrtpTso7tBZ4AaABAg,UCxjmGS0yLlCMs4Fe-AqbHFw,"Fetched 05/24/2026, 8:08:10 PM GMT+8"
4894,@nelmacaganda7734,2 days ago,Magandang araw po mga kapatid! Tuloy tuloy po ang ating pagsuporta Maraming salamat po! /  / From Megaroyale Village,https://www.youtube.com/watch?v=ROa3kbG5M0U&lc=UgyDUipxuMAn1WD9VfZ4AaABAg,UgyDUipxuMAn1WD9VfZ4AaABAg,UCXf4yWkyTkEZESbzF52KJuQ,"Fetched 05/24/2026, 8:08:10 PM GMT+8"
4895,@DionisioDaniwis,2 days ago,Ambiong  / Very nice po mga kbgs,https://www.youtube.com/watch?v=ROa3kbG5M0U&lc=Ugw-0LzVctkfboZ6QNR4AaABAg,Ugw-0LzVctkfboZ6QNR4AaABAg,UC81uwKgxJfh2fp26YMvmruA,"Fetched 05/24/2026, 8:08:10 PM GMT+8"
4896,@mayvehn,2 days ago,God's  LOVE / His /        wondrous. /                 L❤VE / 😊😊🎉🎉🎉😊😊 / Lokal ng Atok Gold,https://www.youtube.com/watch?v=ROa3kbG5M0U&lc=UgzIMdEZU1Uky9WFVWp4AaABAg,UgzIMdEZU1Uky9WFVWp4AaABAg,UCivhdJ2CQeLK8tlG7Wh2BSQ,"Fetched 05/24/2026, 8:08:10 PM GMT+8"
4897,@mayvehn,2 days ago,It’s through / His L❤VE / That your days / Are Bright as / The Sun☀ / Lokal ng Atok Gold,https://www.youtube.com/watch?v=ROa3kbG5M0U&lc=UgzqV68JmOmzjCHDZ8x4AaABAg,UgzqV68JmOmzjCHDZ8x4AaABAg,UCivhdJ2CQeLK8tlG7Wh2BSQ,"Fetched 05/24/2026, 8:08:10 PM GMT+8"
4898,@mayvehn,2 days ago,"Let God / set you Free / and you'll find out / exactly where / you're meant to be"" / ❤lokal ng atok gold❤",https://www.youtube.com/watch?v=ROa3kbG5M0U&lc=UgxfwXwXZzZItFjXlSh4AaABAg,UgxfwXwXZzZItFjXlSh4AaABAg,UCivhdJ2CQeLK8tlG7Wh2BSQ,"Fetched 05/24/2026, 8:08:10 PM GMT+8"
4899,@mayvehn,2 days ago,😊 I / know / But I swear / It gets better…. / 😊lokal ng atok gold😊,https://www.youtube.com/watch?v=ROa3kbG5M0U&lc=Ugxt-q9TYZucyf4u0xB4AaABAg,Ugxt-q9TYZucyf4u0xB4AaABAg,UCivhdJ2CQeLK8tlG7Wh2BSQ,"Fetched 05/24/2026, 8:08:10 PM GMT+8"
4900,@mayvehn,2 days ago,and when / LIFE / Brings you / To you knees… / 😢😢😢 / Lokal ng atok gold,https://www.youtube.com/watch?v=ROa3kbG5M0U&lc=UgzE7Cu4QHOdNfYFfpN4AaABAg,UgzE7Cu4QHOdNfYFfpN4AaABAg,UCivhdJ2CQeLK8tlG7Wh2BSQ,"Fetched 05/24/2026, 8:08:10 PM GMT+8"
4901,@mayvehn,2 days ago,❤Hold on / to your / Faith❤ / 😇😇😇 / 🇮🇹🇮🇹🇮🇹 / lokal ng atok gold,https://www.youtube.com/watch?v=ROa3kbG5M0U&lc=Ugx9q82bV9J2KkSQXFN4AaABAg,Ugx9q82bV9J2KkSQXFN4AaABAg,UCivhdJ2CQeLK8tlG7Wh2BSQ,"Fetched 05/24/2026, 8:08:10 PM GMT+8"
4902,@ElsieManaood,2 days ago,"Good morning po, happy viewing /  / Lokal ng Pinsao, distrito ng Benguet",https://www.youtube.com/watch?v=ROa3kbG5M0U&lc=Ugz9JYz7clyLTGHj1Yx4AaABAg,Ugz9JYz7clyLTGHj1Yx4AaABAg,UCU7xXGgvKWKnZRd79M5cIwg,"Fetched 05/24/2026, 8:08:10 PM GMT+8"
4903,@jonathancatiggay-j6y,2 days ago,"patuloy po Ang panonood at suporta sa INCMV from lokal Ng pinsao, go go go benguet",https://www.youtube.com/watch?v=ROa3kbG5M0U&lc=UgyeU2PeQOFaiqRKaRJ4AaABAg,UgyeU2PeQOFaiqRKaRJ4AaABAg,UCNLAwztd3VgOpHznyW7NcMw,"Fetched 05/24/2026, 8:08:10 PM GMT+8"
4904,@JocelynAngsofan,2 days ago,"INCMV BENGUET GOD'S LOVE♥️ /  / happy viewing / lokal ng Pinsao, benguet",https://www.youtube.com/watch?v=ROa3kbG5M0U&lc=UgwFnRuLGXHJ9PLl3Hp4AaABAg,UgwFnRuLGXHJ9PLl3Hp4AaABAg,UCQuHB6XVkmo3wL7uCy2bF5w,"Fetched 05/24/2026, 8:08:10 PM GMT+8"
4905,@jonathancatiggay-j6y,2 days ago,"good morning po sa lahat, happy watching po,  pagbati Mula sa lokal Ng pinsao, Go fight Benguet 🎉🎉🎉",https://www.youtube.com/watch?v=ROa3kbG5M0U&lc=Ugy2wRCVoMleOXHH9BJ4AaABAg,Ugy2wRCVoMleOXHH9BJ4AaABAg,UCNLAwztd3VgOpHznyW7NcMw,"Fetched 05/24/2026, 8:08:10 PM GMT+8"
4906,@XydrielleshyneGalleta,2 days ago,Happy viewing po from lokal ng camp 7,https://www.youtube.com/watch?v=ROa3kbG5M0U&lc=UgwlUM4iy45qCJUmeDV4AaABAg,UgwlUM4iy45qCJUmeDV4AaABAg,UC0K1GnbIUKFzpsY9Aia2ViA,"Fetched 05/24/2026, 8:08:10 PM GMT+8"
4907,@joy-d3n4u,2 days ago,😇😇😇😇 / I know / But I swear / It gets better…. / 🇮🇹🇮🇹🇮🇹🇮🇹🇮🇹🇮🇹🇮🇹🇮🇹 / 😊lokal ng atok gold😊,https://www.youtube.com/watch?v=ROa3kbG5M0U&lc=UgwXotm0wnT_fz9Mf-l4AaABAg,UgwXotm0wnT_fz9Mf-l4AaABAg,UCdSHn503pqXwdsqmLKce88g,"Fetched 05/24/2026, 8:08:10 PM GMT+8"
4908,@joy-d3n4u,2 days ago,😊Like a 🌼💐flower. / 🌸🌺🌹🌻 / that grows.under  / The Shdadow / Of a tree🌳🌲 / Lokal ng Atok Gold,https://www.youtube.com/watch?v=ROa3kbG5M0U&lc=Ugx2G3QT6k6DmfwWbRF4AaABAg,Ugx2G3QT6k6DmfwWbRF4AaABAg,UCdSHn503pqXwdsqmLKce88g,"Fetched 05/24/2026, 8:08:10 PM GMT+8"
4909,@jaysonchagwaten2284,2 days ago,Greeting po sa mga kalihim ng local po ng guisad sa pangunguna po ng amin mahal na distinado  ka pawlo soriano. Go benguet po,https://www.youtube.com/watch?v=ROa3kbG5M0U&lc=UgwVpCAflCgkQdlR8Ol4AaABAg,UgwVpCAflCgkQdlR8Ol4AaABAg,UCGh5R3Wd_0TxbsDcinjC8lw,"Fetched 05/24/2026, 8:08:10 PM GMT+8"
4910,@schoolrequirements1914,2 days ago,"Hi po to all and Happy viewing 😊 Greetings from Locale of LOURDES, District of BENGUET❤",https://www.youtube.com/watch?v=ROa3kbG5M0U&lc=Ugxne2S8GGjNpFL_R4d4AaABAg,Ugxne2S8GGjNpFL_R4d4AaABAg,UCKoT5mbSbsIAkAWmdDPFvXg,"Fetched 05/24/2026, 8:08:10 PM GMT+8"
4911,@joy-d3n4u,2 days ago,saan man mapunta  / laging inaalala / INCMV panoorin pa / lahing binibigyang halaga❤❤❤ / mula po sa Kapisanang Buklod / Lokal ng Atok Gold,https://www.youtube.com/watch?v=ROa3kbG5M0U&lc=UgwDnn1IYK4T5leX-MV4AaABAg,UgwDnn1IYK4T5leX-MV4AaABAg,UCdSHn503pqXwdsqmLKce88g,"Fetched 05/24/2026, 8:08:10 PM GMT+8"
4912,@JocelynAngsofan,2 days ago,"masayang panonood po sa ating lahat☺️ /  / lokal ng Pinsao, distrito ng Benguet",https://www.youtube.com/watch?v=ROa3kbG5M0U&lc=Ugyrbyn0ImAlMk11M_h4AaABAg,Ugyrbyn0ImAlMk11M_h4AaABAg,UCQuHB6XVkmo3wL7uCy2bF5w,"Fetched 05/24/2026, 8:08:10 PM GMT+8"
4913,@joy-d3n4u,2 days ago,Tayong nasa Kapisanang Buklod / Inaasahang mapakagbigay lugod / Makipagkaisa sa Panonood / Sa INCMV tayo’y  manood❤❤ / Mula po sa Kapisanang Buklod / Lokal ng Atok Gold,https://www.youtube.com/watch?v=ROa3kbG5M0U&lc=Ugwj61ToLA5KXQbBIYR4AaABAg,Ugwj61ToLA5KXQbBIYR4AaABAg,UCdSHn503pqXwdsqmLKce88g,"Fetched 05/24/2026, 8:08:10 PM GMT+8"
4914,@joy-d3n4u,2 days ago,❤❤❤❤ / Tayong mga ina / laging nagkakaisa / pangunahan mga anak na / panoorin INCMV na / ❤Kapisanang Buklod❤ / Lokal ng Atok Gold,https://www.youtube.com/watch?v=ROa3kbG5M0U&lc=UgyaztvoK-R6iTkjdg94AaABAg,UgyaztvoK-R6iTkjdg94AaABAg,UCdSHn503pqXwdsqmLKce88g,"Fetched 05/24/2026, 8:08:10 PM GMT+8"
4915,@joy-d3n4u,2 days ago,Kami po ay bumabati / Huwag nating isantabi / INCMV panoorin palagi / Atin din din itong ibahagi…. / Mula po sa Kapisanang Buklod / Lokal ng Atok Gold❤,https://www.youtube.com/watch?v=ROa3kbG5M0U&lc=UgyM9DHKZImmQNc-PJd4AaABAg,UgyM9DHKZImmQNc-PJd4AaABAg,UCdSHn503pqXwdsqmLKce88g,"Fetched 05/24/2026, 8:08:10 PM GMT+8"
4916,@JocelynAngsofan,2 days ago,"watching po☺️ / lokal ng Pinsao, distrito ng Benguet🥰",https://www.youtube.com/watch?v=ROa3kbG5M0U&lc=UgyhpWYffpQCh2YLEex4AaABAg,UgyhpWYffpQCh2YLEex4AaABAg,UCQuHB6XVkmo3wL7uCy2bF5w,"Fetched 05/24/2026, 8:08:10 PM GMT+8"
4917,@joy-d3n4u,2 days ago,Amin po kayong binabati / Kami’y laging nakangiti / INCMV panoorin palagi / Ating Distrito ating ipagmalaki / Mula po sa Kapisanang Buklod / Lokal ng Atok Gold❤,https://www.youtube.com/watch?v=ROa3kbG5M0U&lc=Ugydzzf5W77PbdSin6x4AaABAg,Ugydzzf5W77PbdSin6x4AaABAg,UCdSHn503pqXwdsqmLKce88g,"Fetched 05/24/2026, 8:08:10 PM GMT+8"
4918,@joy-d3n4u,2 days ago,Tayo po ang inaasahan / Distrito'y ating suportahan / panonood ating pangunahan / Kahit saan man ang puntahan / ❤ / Lokal ng Atok Gold❤,https://www.youtube.com/watch?v=ROa3kbG5M0U&lc=Ugz8oEp_JwwMvuhs7-F4AaABAg,Ugz8oEp_JwwMvuhs7-F4AaABAg,UCdSHn503pqXwdsqmLKce88g,"Fetched 05/24/2026, 8:08:10 PM GMT+8"
4919,@s1m0neee,2 days ago,"Good morning po mga kapatid! Happy viewing po from Lokal Ng Gibraltar, Shout out po sa kasama kong mga Binhi at Kadiwa District Officers!",https://www.youtube.com/watch?v=ROa3kbG5M0U&lc=UgxvUVz0k8B4uQ1VjH94AaABAg,UgxvUVz0k8B4uQ1VjH94AaABAg,UC6yWWr2SCPFpy_veylgw9nQ,"Fetched 05/24/2026, 8:08:10 PM GMT+8"
4920,@joy-d3n4u,2 days ago,"""Ang pagmamahal ng Panginoong Diyos ay mas malaki kaysa sa karagatan at mas maliwanag kaysa sa kalangitan"" / Happy viewing and listening po! / Lokal ng Atok Gold",https://www.youtube.com/watch?v=ROa3kbG5M0U&lc=Ugx2idP2Ca-_seY3Igt4AaABAg,Ugx2idP2Ca-_seY3Igt4AaABAg,UCdSHn503pqXwdsqmLKce88g,"Fetched 05/24/2026, 8:08:10 PM GMT+8"
4921,@joy-d3n4u,2 days ago,magandang umaga po / masaya  / pong nakikiisa / patuloy / na nanonood / ❤lokal ng atok gold❤,https://www.youtube.com/watch?v=ROa3kbG5M0U&lc=UgyCUF-QuIRcW_FzGkJ4AaABAg,UgyCUF-QuIRcW_FzGkJ4AaABAg,UCdSHn503pqXwdsqmLKce88g,"Fetched 05/24/2026, 8:08:10 PM GMT+8"
4922,@BnHydn,2 days ago,Let's go Benguet ♥️  / Lokal ng La Trinidad 🎉,https://www.youtube.com/watch?v=ROa3kbG5M0U&lc=Ugx-m4jxWbtyS-5H-Yh4AaABAg,Ugx-m4jxWbtyS-5H-Yh4AaABAg,UCbVqbfs9vjTS-hPNArDNcFQ,"Fetched 05/24/2026, 8:08:10 PM GMT+8"
4923,@lovinglyyourscamille,2 days ago,"Ang galing po👏👏👏 Hello everyone! Binabati po namin ang aming mahal na destinado, ang Kapatid na Agoncillo Pescoso. Pagbati po mula sa Lokal ng LOURDES, Distrito ng Benguet! Go Benguet! Go, go, go!!!🎉❤",https://www.youtube.com/watch?v=ROa3kbG5M0U&lc=UgzGXahigxE9M56tIKd4AaABAg,UgzGXahigxE9M56tIKd4AaABAg,UCepEEJtSg3VGburd35iQgTA,"Fetched 05/24/2026, 8:08:10 PM GMT+8"
4924,@egymlee,2 days ago,happy viewing po.. / mga kapatid / ❤❤❤ / mula po sa kapisanang binhi / lokal ng atok gold,https://www.youtube.com/watch?v=ROa3kbG5M0U&lc=UgzKpaUgUGc5KAJB5tB4AaABAg,UgzKpaUgUGc5KAJB5tB4AaABAg,UCQuTByWcigHh1sDG2ivw25A,"Fetched 05/24/2026, 8:08:10 PM GMT+8"
4925,@Adliselb,2 days ago,His wondrous love.... good morning po sa lahat ng mga kapatid mula sa lokal ng Baguio city,https://www.youtube.com/watch?v=ROa3kbG5M0U&lc=UgxffGNuHLbe8UjDZR54AaABAg,UgxffGNuHLbe8UjDZR54AaABAg,UCqdcIovy1nUIY294NOXH8LQ,"Fetched 05/24/2026, 8:08:10 PM GMT+8"
4926,@egymlee,2 days ago,watching po / 🎉🎉🎉 / INCMV / Kapisanang binhi / Lokal ng Atok Gold,https://www.youtube.com/watch?v=ROa3kbG5M0U&lc=UgwcH_3_4F2dWSjsbsd4AaABAg,UgwcH_3_4F2dWSjsbsd4AaABAg,UCQuTByWcigHh1sDG2ivw25A,"Fetched 05/24/2026, 8:08:10 PM GMT+8"
4927,@egymlee,2 days ago,Patuloy pong nanonood / INCMV / God’s Love / Binhi po sa / Lokal ng atok gold,https://www.youtube.com/watch?v=ROa3kbG5M0U&lc=UgxtvVCarf6lcFX3E994AaABAg,UgxtvVCarf6lcFX3E994AaABAg,UCQuTByWcigHh1sDG2ivw25A,"Fetched 05/24/2026, 8:08:10 PM GMT+8"
4928,@egymlee,2 days ago,😊😊 / Masayang  / Nanonood / Mula po  / Sa kapisanang binhi / ❤lokal ng atok gold,https://www.youtube.com/watch?v=ROa3kbG5M0U&lc=UgyC_nPimk4qKkJ_7pN4AaABAg,UgyC_nPimk4qKkJ_7pN4AaABAg,UCQuTByWcigHh1sDG2ivw25A,"Fetched 05/24/2026, 8:08:10 PM GMT+8"
4929,@kristine4717,2 days ago,"Tuloy tuloy lang po ang panunuod. Let's get it to :finger-red-number-one::medal-yellow-first-red::trophy-yellow-smiling: Viewership support period still ongoing until May 28!!  /  / Napakahusay po ng buong District Music Team ng Benguet!  /  / Pagbati po mula po sa lokal ng Megaroyale, Distrito ng Benguet :face-red-heart-shape:",https://www.youtube.com/watch?v=ROa3kbG5M0U&lc=UgyL4vx3814wx_U8Pzh4AaABAg,UgyL4vx3814wx_U8Pzh4AaABAg,UC3iiMgyZRl-v41Mzegf98yw,"Fetched 05/24/2026, 8:08:10 PM GMT+8"
4930,@egymlee,2 days ago,😊happy watching po / Laging nanonood / Mula po sa / Kapisanang Binhi / Lokal ng Atok Gold,https://www.youtube.com/watch?v=ROa3kbG5M0U&lc=Ugwy4H3P5oqPAPu1B8h4AaABAg,Ugwy4H3P5oqPAPu1B8h4AaABAg,UCQuTByWcigHh1sDG2ivw25A,"Fetched 05/24/2026, 8:08:10 PM GMT+8"
4931,@lanlani.eaaaahn,2 days ago,watching mula sa lokal ng la trinidad!!,https://www.youtube.com/watch?v=ROa3kbG5M0U&lc=Ugyd5q9eShrQ14nrPjh4AaABAg,Ugyd5q9eShrQ14nrPjh4AaABAg,UCxRF5ldmYBJWNlgtayRoTHg,"Fetched 05/24/2026, 8:08:10 PM GMT+8"
4932,@godoybenidictjohn7654,2 days ago,Happy Viewing po from Norcar😊,https://www.youtube.com/watch?v=ROa3kbG5M0U&lc=Ugy5pQJAkYZMT8F-0ft4AaABAg,Ugy5pQJAkYZMT8F-0ft4AaABAg,UCB42ziNyHQV4YV2qJwFrUiQ,"Fetched 05/24/2026, 8:08:10 PM GMT+8"
4933,@markanthonyalvior5805,2 days ago,Happy watching po mga kabagis ❤Mula po sa Lokal ng Greenwater,https://www.youtube.com/watch?v=ROa3kbG5M0U&lc=Ugx36LKCej_UIj_r0Yx4AaABAg,Ugx36LKCej_UIj_r0Yx4AaABAg,UCtNP1Spf9OrQzCEkm9ZamYw,"Fetched 05/24/2026, 8:08:10 PM GMT+8"
4934,@dindofavila7833,2 days ago,Hello sa mga kaptid dyan sa lokal ng Tomay. Maligayang panonood s pamilya Yayaen,https://www.youtube.com/watch?v=ROa3kbG5M0U&lc=Ugz_sBuN0VZhPrILC-d4AaABAg,Ugz_sBuN0VZhPrILC-d4AaABAg,UCGLQ_x6NrwmKL5xcB9ABYjQ,"Fetched 05/24/2026, 8:08:10 PM GMT+8"
4935,@MagieFavila,2 days ago,Patuloy po nating suportahan ang ating entry. Go go go. Benguet. Fight fight fight. Mula po sa lokal ng posos😅😅😅,https://www.youtube.com/watch?v=ROa3kbG5M0U&lc=Ugzr3NEzU_h9CltCC7p4AaABAg,Ugzr3NEzU_h9CltCC7p4AaABAg,UCPxgWF_X8vdxjB9cYpQ6Lew,"Fetched 05/24/2026, 8:08:10 PM GMT+8"
4936,@icecreamnamainit,2 days ago,Pagbati po mula sa aming pusong punong-puno ng pag-ibig!! / - La Trinidad,https://www.youtube.com/watch?v=ROa3kbG5M0U&lc=UgzYMCaYmdUEIp9Lx6R4AaABAg,UgzYMCaYmdUEIp9Lx6R4AaABAg,UCEww66QqjZ0WMGEbN0z08eA,"Fetched 05/24/2026, 8:08:10 PM GMT+8"
4937,@MeekDexterity,2 days ago,go go po Benguet!🎉🎉,https://www.youtube.com/watch?v=ROa3kbG5M0U&lc=Ugz9_h76kC_qzWuG71B4AaABAg,Ugz9_h76kC_qzWuG71B4AaABAg,UCsjeR5lT3v2ma2_gi3SBn3Q,"Fetched 05/24/2026, 8:08:10 PM GMT+8"
4938,@kristine7303,2 days ago,"Sobrang tindi ng Benguet sa pagsuporta 💪🏻 views and comments damang-dama!  /  / More powers Benguet! fight fight fight! /  / - Kadiwa, Marcos Highway",https://www.youtube.com/watch?v=ROa3kbG5M0U&lc=UgygN4eK9u5eVd9BrQN4AaABAg,UgygN4eK9u5eVd9BrQN4AaABAg,UCJnlqat5vcPuV6GiDugaBnA,"Fetched 05/24/2026, 8:08:10 PM GMT+8"
4939,@johnreylucio8970,2 days ago,"Anywhere, Anytime  / Panuorin natin itong MV! / Suporta po mula sa kadiwa ng Lokal ng La Trinidad",https://www.youtube.com/watch?v=ROa3kbG5M0U&lc=UgxGufvpsY2qj7j-aCl4AaABAg,UgxGufvpsY2qj7j-aCl4AaABAg,UCNMupRD4ySrN336KZpy29OA,"Fetched 05/24/2026, 8:08:10 PM GMT+8"
4940,@axeliee-m5u,2 days ago,Nakiki-isa po mula sa Lokal ng La Trinidad 💐,https://www.youtube.com/watch?v=ROa3kbG5M0U&lc=UgzwTZJZ-Qu123ruIwN4AaABAg,UgzwTZJZ-Qu123ruIwN4AaABAg,UCxjmGS0yLlCMs4Fe-AqbHFw,"Fetched 05/24/2026, 8:08:10 PM GMT+8"
4941,@romercosme7671,2 days ago,happy /  viewing po mga kapatid from lokal ng San Luis - Maulberry gws,https://www.youtube.com/watch?v=ROa3kbG5M0U&lc=UgwlnF31nN0hw2MSrKd4AaABAg,UgwlnF31nN0hw2MSrKd4AaABAg,UChymLB7jUEV9FhEjSz-El9g,"Fetched 05/24/2026, 8:08:10 PM GMT+8"
4942,@lanlani.eaaaahn,2 days ago,always supporting po mula sa lokal ng la trinidad!!!,https://www.youtube.com/watch?v=ROa3kbG5M0U&lc=UgxXMrsydzIe3B_fjWF4AaABAg,UgxXMrsydzIe3B_fjWF4AaABAg,UCxRF5ldmYBJWNlgtayRoTHg,"Fetched 05/24/2026, 8:08:10 PM GMT+8"
4943,@NOLIPineda-r9k,2 days ago,Good Morning po Benguet!,https://www.youtube.com/watch?v=ROa3kbG5M0U&lc=Ugyn1Rj5aaLSCiHdyI54AaABAg,Ugyn1Rj5aaLSCiHdyI54AaABAg,UCiJJ9RG6YH6JlZD1CUZVt_g,"Fetched 05/24/2026, 8:08:10 PM GMT+8"
4944,@jrcanja-p2j,2 days ago,Good morning po sa Lahat!! / Fight!! Fight!! Fight!!,https://www.youtube.com/watch?v=ROa3kbG5M0U&lc=Ugzc2Few9W4Wj_ZnFst4AaABAg,Ugzc2Few9W4Wj_ZnFst4AaABAg,UCykn86Ha46HDPYtEK2KPtkQ,"Fetched 05/24/2026, 8:08:10 PM GMT+8"
4945,@maritesstalledo8924,2 days ago,Happy morning po mula sa lokal ng megaroyale diatrito ng  benguet,https://www.youtube.com/watch?v=ROa3kbG5M0U&lc=UgwEJ1dz1Z_Bb4IEh6p4AaABAg,UgwEJ1dz1Z_Bb4IEh6p4AaABAg,UCXrFwU9B905gqc5sVTbxukg,"Fetched 05/24/2026, 8:08:10 PM GMT+8"
4946,@egymlee,2 days ago,Happy viewing po / Mga kapatid / Mula po sa kapisanang  / binhi ng / Lokal ng atok gold,https://www.youtube.com/watch?v=ROa3kbG5M0U&lc=UgzIWU6OZ_EWwFyk7kB4AaABAg,UgzIWU6OZ_EWwFyk7kB4AaABAg,UCQuTByWcigHh1sDG2ivw25A,"Fetched 05/24/2026, 8:08:10 PM GMT+8"
4947,@JurgensonTelio,2 days ago,Happy viewing po mga Mahal na Kapatid. / Mula po sa Lokal ng Balakbak Kibungan extension..,https://www.youtube.com/watch?v=ROa3kbG5M0U&lc=Ugxe3cEQpZlgVlbSXGt4AaABAg,Ugxe3cEQpZlgVlbSXGt4AaABAg,UC4aasZFLmnSLMt1nGQXel3w,"Fetched 05/24/2026, 8:08:10 PM GMT+8"
4948,@egymlee,2 days ago,Masayang /  Panonood po / Tangkilikin po / INCMV / Lokal ng atok gold,https://www.youtube.com/watch?v=ROa3kbG5M0U&lc=Ugz12eAqAtAMXzAVc7V4AaABAg,Ugz12eAqAtAMXzAVc7V4AaABAg,UCQuTByWcigHh1sDG2ivw25A,"Fetched 05/24/2026, 8:08:10 PM GMT+8"
4949,@egymlee,2 days ago,😊happy watching po / Laging nanonood /  / 🇮🇹🇮🇹🇮🇹🇮🇹🇮🇹🇮🇹 / Lokal ng Atok Gold,https://www.youtube.com/watch?v=ROa3kbG5M0U&lc=UgxXKeklxEOwipGSfoN4AaABAg,UgxXKeklxEOwipGSfoN4AaABAg,UCQuTByWcigHh1sDG2ivw25A,"Fetched 05/24/2026, 8:08:10 PM GMT+8"
4950,@alfredoballesteros745,2 days ago,Inspiring music video of Benguet District. Let us continue watching. From Camp 7 locale.,https://www.youtube.com/watch?v=ROa3kbG5M0U&lc=UgyWyRm_E_jmCsvSJFN4AaABAg,UgyWyRm_E_jmCsvSJFN4AaABAg,UC8Clwiwgns8a5zgfmRsHDnw,"Fetched 05/24/2026, 8:08:10 PM GMT+8"
4951,@j-elfym,2 days ago,new  / Day.brings / HOPE / For a change / In the weather🌦☀ / Lokal ng atok gold,https://www.youtube.com/watch?v=ROa3kbG5M0U&lc=UgxKHc9guAp_8zfxlyF4AaABAg,UgxKHc9guAp_8zfxlyF4AaABAg,UCQSZMpTel4mf79JxQGEU3rg,"Fetched 05/24/2026, 8:08:10 PM GMT+8"
4952,@j-elfym,2 days ago,I / know / But I swear / It gets better…. / 😊lokal ng atok gold😊,https://www.youtube.com/watch?v=ROa3kbG5M0U&lc=Ugz7uZOabI8NXJLN2bZ4AaABAg,Ugz7uZOabI8NXJLN2bZ4AaABAg,UCQSZMpTel4mf79JxQGEU3rg,"Fetched 05/24/2026, 8:08:10 PM GMT+8"
4953,@j-elfym,2 days ago,😊😊😊 / and when / LIFE / Brings you / To you knees… / 😢😢😢 / Lokal ng atok gold,https://www.youtube.com/watch?v=ROa3kbG5M0U&lc=UgwbJZVwbrVMPu5G_-B4AaABAg,UgwbJZVwbrVMPu5G_-B4AaABAg,UCQSZMpTel4mf79JxQGEU3rg,"Fetched 05/24/2026, 8:08:10 PM GMT+8"
4954,@j-elfym,2 days ago,❤Hold on / to your / Faith❤ / 😇😇😇 / 🇮🇹🇮🇹🇮🇹 / lokal ng atok gold,https://www.youtube.com/watch?v=ROa3kbG5M0U&lc=UgyuoicvksJUxmRb9oB4AaABAg,UgyuoicvksJUxmRb9oB4AaABAg,UCQSZMpTel4mf79JxQGEU3rg,"Fetched 05/24/2026, 8:08:10 PM GMT+8"
4955,@joymaylee-e9o,2 days ago,"Energetic Friday po😊 / Shout out po sa masipag,mabait,masigla at maganda naming tita Jade / Salamat po sa inyo tita / ❤❤❤❤ / Mula po sa Kapisanang Buklod / Lokal ng atok gold",https://www.youtube.com/watch?v=ROa3kbG5M0U&lc=UgznCp6fGedSBTD1Ox14AaABAg,UgznCp6fGedSBTD1Ox14AaABAg,UCVNaOxPbc9ZEHqlMp6TAgMA,"Fetched 05/24/2026, 8:08:10 PM GMT+8"
4956,@joymaylee-e9o,2 days ago,Happy viewing po / 😁shout out po sa  / Masigasig naming PD2 / Ka Danilo Bautista / 🌟🌟🌟🌟 / Mula po sa Kapisanang Buklod / #Lokal ng Atok Gold,https://www.youtube.com/watch?v=ROa3kbG5M0U&lc=Ugx5_qcfHCkW5KnsHDx4AaABAg,Ugx5_qcfHCkW5KnsHDx4AaABAg,UCVNaOxPbc9ZEHqlMp6TAgMA,"Fetched 05/24/2026, 8:08:10 PM GMT+8"
4957,@joymaylee-e9o,2 days ago,Magandang umaga po / Masayang pakikiisa po / ❤❤❤ / Mula po sa kapisanang buklod / ❤❤❤❤ / Lokal ng atok gold❤,https://www.youtube.com/watch?v=ROa3kbG5M0U&lc=UgzRWGTxzbGreli5_FB4AaABAg,UgzRWGTxzbGreli5_FB4AaABAg,UCVNaOxPbc9ZEHqlMp6TAgMA,"Fetched 05/24/2026, 8:08:10 PM GMT+8"
4958,@joymaylee-e9o,2 days ago,Happy watching po / 😁shout out po sa  / Masigasig naming PD3 / Ka Joel Bulah / 🎉🎉🎉 / Kapisanang Buklod / #Lokal ng Atok Gold,https://www.youtube.com/watch?v=ROa3kbG5M0U&lc=UgwG_YmRuZSi_VRejAl4AaABAg,UgwG_YmRuZSi_VRejAl4AaABAg,UCVNaOxPbc9ZEHqlMp6TAgMA,"Fetched 05/24/2026, 8:08:10 PM GMT+8"
4959,@joymaylee-e9o,2 days ago,Happy viewing po / 😁shout out po sa  / masigasig naming PD4 / Lolo Elberto Cosil Sr. / Kapisanang Buklod / #Lokal ng Atok Gold,https://www.youtube.com/watch?v=ROa3kbG5M0U&lc=UgzJxxH_OzbNVGo-GBx4AaABAg,UgzJxxH_OzbNVGo-GBx4AaABAg,UCVNaOxPbc9ZEHqlMp6TAgMA,"Fetched 05/24/2026, 8:08:10 PM GMT+8"
4960,@joymaylee-e9o,2 days ago,Watching po😊 / Shout out po sa  / magiting naming PD1  / 😊Tatay Miguel Bautista Sr. /  Masigasig pong nangunguna sa aming lokal / 😊Lokal ng Atok Gold😊,https://www.youtube.com/watch?v=ROa3kbG5M0U&lc=UgwBm9JAj1sLY898S114AaABAg,UgwBm9JAj1sLY898S114AaABAg,UCVNaOxPbc9ZEHqlMp6TAgMA,"Fetched 05/24/2026, 8:08:10 PM GMT+8"
4961,@joymaylee-e9o,2 days ago,Happy viewing po😊 / Shout out po sa sambahayan ng napakasipag naming Pangulong Kalihim  / 😊Tita Jeanie Tugad / Kapisanang Buklod / ❤Lokal ng Atok Gold❤,https://www.youtube.com/watch?v=ROa3kbG5M0U&lc=UgwX8PFHGM8HOYa8SYJ4AaABAg,UgwX8PFHGM8HOYa8SYJ4AaABAg,UCVNaOxPbc9ZEHqlMp6TAgMA,"Fetched 05/24/2026, 8:08:10 PM GMT+8"
4962,@joymaylee-e9o,2 days ago,Happy Friday po😂 / ❤shout out po sa mga masisipag pong mga mang-aawit.Buong-puso pong umaawit sa pangunguna sa mga pagpupuri sa Ama.Salamat po sa inyo❤ / Kapisanang Buklod / 😊Lokal ng Atok Gold😊,https://www.youtube.com/watch?v=ROa3kbG5M0U&lc=UgzQPg3jpbn56oE7hc54AaABAg,UgzQPg3jpbn56oE7hc54AaABAg,UCVNaOxPbc9ZEHqlMp6TAgMA,"Fetched 05/24/2026, 8:08:10 PM GMT+8"
4963,@rositabusto,2 days ago,Happy friday morning mga kapatid sa Lokal ng Guisad.,https://www.youtube.com/watch?v=ROa3kbG5M0U&lc=UgxrrHvt5bZ4E26nM0F4AaABAg,UgxrrHvt5bZ4E26nM0F4AaABAg,UCz0vdkylCFLWrvVnBkEAz1Q,"Fetched 05/24/2026, 8:08:10 PM GMT+8"
4964,@henrycaranto2644,2 days ago,Let’s Go Benguet❤😊 /  / Tuloy tuloy po tayo🎉 /  / From Kadiwa Officers,https://www.youtube.com/watch?v=ROa3kbG5M0U&lc=Ugwm7AHKGdzMtS6uAbB4AaABAg,Ugwm7AHKGdzMtS6uAbB4AaABAg,UCFilTOy22FklSkBIgwVPVaQ,"Fetched 05/24/2026, 8:08:10 PM GMT+8"
4965,@joymaylee-e9o,2 days ago,Always happy watching po😂 / ❤shout out po sa mga masisipag pong mga mang-aawit.Buong-puso pong umaawit sa pangunguna sa mga pagpupuri sa Ama.Salamat po sa inyo❤ / Kapisanang Buklod / 😊Lokal ng Atok Gold😊,https://www.youtube.com/watch?v=ROa3kbG5M0U&lc=UgwLmdJavLnHeIHJtZ14AaABAg,UgwLmdJavLnHeIHJtZ14AaABAg,UCVNaOxPbc9ZEHqlMp6TAgMA,"Fetched 05/24/2026, 8:08:10 PM GMT+8"
4966,@joymaylee-e9o,2 days ago,Masayang panonood po mga kapatid😂shout out po sa mga magigiting po na  / Pamunuan sa aming lokal...laging nakangiti po sa mga pagtupad.sa kabila po ng.maghapong paggawa.kahit pagod na pagod.Nakangiti pa rin  / ❤lokal ng Atok Gold❤,https://www.youtube.com/watch?v=ROa3kbG5M0U&lc=UgxvNNU22L5TBqQA4ah4AaABAg,UgxvNNU22L5TBqQA4ah4AaABAg,UCVNaOxPbc9ZEHqlMp6TAgMA,"Fetched 05/24/2026, 8:08:10 PM GMT+8"
4967,@MylaGarcia-y3p,2 days ago,"Gooo Benguet! / Happy watching po mula sa lokal ng la Trinidad, pagbati din po sa lahat ng Kadiwa/Binhi District Officers.",https://www.youtube.com/watch?v=ROa3kbG5M0U&lc=UgxuHwTviBkJCYHwSlt4AaABAg,UgxuHwTviBkJCYHwSlt4AaABAg,UC986iCV8EIPka_wTNMTpeBw,"Fetched 05/24/2026, 8:08:10 PM GMT+8"
4968,@iya-k7j,2 days ago,😊Like a flower. / that grows.under  / the Shdadow / of a tree🌳🌲 / lokal ng Atok Gold,https://www.youtube.com/watch?v=ROa3kbG5M0U&lc=Ugx57pKKAkLePq9iGAB4AaABAg,Ugx57pKKAkLePq9iGAB4AaABAg,UC_R2GfmFAjE8k8DgEjmtv7g,"Fetched 05/24/2026, 8:08:10 PM GMT+8"
4969,@iya-k7j,2 days ago,❤“You  / Go / On / With Courage” / 🏅lokal ng Atok Gold,https://www.youtube.com/watch?v=ROa3kbG5M0U&lc=UgxXFzcBzegd_DIkUE14AaABAg,UgxXFzcBzegd_DIkUE14AaABAg,UC_R2GfmFAjE8k8DgEjmtv7g,"Fetched 05/24/2026, 8:08:10 PM GMT+8"
4970,@iya-k7j,2 days ago,"“The world thinks your Lost, / But in His Love so Divine, / Our God Has  / Always your Back..” / ❤❤ / Lokal ng Atok Gold",https://www.youtube.com/watch?v=ROa3kbG5M0U&lc=UgzIUePc32W-v7fKB6l4AaABAg,UgzIUePc32W-v7fKB6l4AaABAg,UC_R2GfmFAjE8k8DgEjmtv7g,"Fetched 05/24/2026, 8:08:10 PM GMT+8"
4971,@iya-k7j,2 days ago,😊😊But in His / Love / So Divine / INCMV / 😍 / Lokal ng Atok Gold,https://www.youtube.com/watch?v=ROa3kbG5M0U&lc=UgyhnL6bWdUTcRqZ80N4AaABAg,UgyhnL6bWdUTcRqZ80N4AaABAg,UC_R2GfmFAjE8k8DgEjmtv7g,"Fetched 05/24/2026, 8:08:10 PM GMT+8"
4972,@iya-k7j,2 days ago,🎉🎉 /  Benguet on the Top!!! / ❤❤❤. / INCMV / Lokal ng Atok Gold,https://www.youtube.com/watch?v=ROa3kbG5M0U&lc=UgyjdlwysfuQPqREMYN4AaABAg,UgyjdlwysfuQPqREMYN4AaABAg,UC_R2GfmFAjE8k8DgEjmtv7g,"Fetched 05/24/2026, 8:08:10 PM GMT+8"
4973,@IeshaObana,2 days ago,"goodmorning po sa mga kasama kong binhi at kadiwa district officer, happy viewing po mula sa lokal ng mirador hills💗💗",https://www.youtube.com/watch?v=ROa3kbG5M0U&lc=Ugyj7H0RLrUSNet3-AZ4AaABAg,Ugyj7H0RLrUSNet3-AZ4AaABAg,UCipT-3PF6TAIBDln8IkDgkA,"Fetched 05/24/2026, 8:08:10 PM GMT+8"
4974,@demetrioiiitorres2259,2 days ago,#Benguet,https://www.youtube.com/watch?v=ROa3kbG5M0U&lc=Ugz7BpDqN6OJb_xzboB4AaABAg,Ugz7BpDqN6OJb_xzboB4AaABAg,UCX5TQu936ZOjCT-ekemw4XA,"Fetched 05/24/2026, 8:08:10 PM GMT+8"
4975,@RICHARDPALOMARES-m9h,2 days ago,🎉❤😊 go benguet!!! From megaroyale village!!!!,https://www.youtube.com/watch?v=ROa3kbG5M0U&lc=UgxY1t22P7s8p0C5_iN4AaABAg,UgxY1t22P7s8p0C5_iN4AaABAg,UCkdkQy0THkETGLUYDKlfj5A,"Fetched 05/24/2026, 8:08:10 PM GMT+8"
4976,@Lxzaaaaa,2 days ago,Still watching po from lokal ng Atok Gold💖,https://www.youtube.com/watch?v=ROa3kbG5M0U&lc=UgxvQBSsJxwh9BS8tvN4AaABAg,UgxvQBSsJxwh9BS8tvN4AaABAg,UC-MTBqslPrXeabiRe4UpQxw,"Fetched 05/24/2026, 8:08:10 PM GMT+8"
4977,@2052-w9f,2 days ago,Good Morning po mga kabagis / -Lokal ng Gibraltar,https://www.youtube.com/watch?v=ROa3kbG5M0U&lc=UgycCKdNFXJs_-13isR4AaABAg,UgycCKdNFXJs_-13isR4AaABAg,UC7jfgS5wA6fsgmvd23K6SQg,"Fetched 05/24/2026, 8:08:10 PM GMT+8"
4978,@mariacristinajimenez8705,2 days ago,Happy viewing po mula s Lokal ng MegaRoyale village,https://www.youtube.com/watch?v=ROa3kbG5M0U&lc=Ugxlv3oLfxeBQb0j6kZ4AaABAg,Ugxlv3oLfxeBQb0j6kZ4AaABAg,UCVbarTHUnbNGC654gSVH8Zg,"Fetched 05/24/2026, 8:08:10 PM GMT+8"
4979,@DwyaneQuieta,2 days ago,Bumabati Po  ako sa pogi naming desninado 😊,https://www.youtube.com/watch?v=ROa3kbG5M0U&lc=UgyMJBuoQRfGn2gj8DR4AaABAg,UgyMJBuoQRfGn2gj8DR4AaABAg,UCOxwi22ars60JoUoEr7f6uA,"Fetched 05/24/2026, 8:08:10 PM GMT+8"
4980,@Lxzaaaaa,2 days ago,full support po from lokal ng Atok Gold✨🌷,https://www.youtube.com/watch?v=ROa3kbG5M0U&lc=UgzTBsdCriBwyNG8k7V4AaABAg,UgzTBsdCriBwyNG8k7V4AaABAg,UC-MTBqslPrXeabiRe4UpQxw,"Fetched 05/24/2026, 8:08:10 PM GMT+8"
4981,@Julskie28,2 days ago,Full force ang kapisanang Kadiwa sa pag suporta! /  / Let's Go Benguet ❤ /  / From lokal ng Guisad❤,https://www.youtube.com/watch?v=ROa3kbG5M0U&lc=UgzKrUCiEUOQxoU5E_d4AaABAg,UgzKrUCiEUOQxoU5E_d4AaABAg,UC1nz0UiWHV8lyoQdZtJejeg,"Fetched 05/24/2026, 8:08:10 PM GMT+8"
4982,@icecreamnamainit,2 days ago,Good morning mga kapatid. Happy viewing po. / - Lokal ng La Trinidad,https://www.youtube.com/watch?v=ROa3kbG5M0U&lc=Ugwrb9HCs0z6goaQXbV4AaABAg,Ugwrb9HCs0z6goaQXbV4AaABAg,UCEww66QqjZ0WMGEbN0z08eA,"Fetched 05/24/2026, 8:08:10 PM GMT+8"
4983,@icecreamnamainit,2 days ago,Nearing 47k viewss / - La Trinidad,https://www.youtube.com/watch?v=ROa3kbG5M0U&lc=UgyUvKwbo-UlVxEmSUd4AaABAg,UgyUvKwbo-UlVxEmSUd4AaABAg,UCEww66QqjZ0WMGEbN0z08eA,"Fetched 05/24/2026, 8:08:10 PM GMT+8"
4984,@almazanrhyndylyn,2 days ago,Patuloy na panonood at pagsuporta. /  / ❤Lokal ng Norcar / ❤Benguet Kadiwa,https://www.youtube.com/watch?v=ROa3kbG5M0U&lc=UgzJ9ElRzvKuzZni8FF4AaABAg,UgzJ9ElRzvKuzZni8FF4AaABAg,UCEoQCNgytnJxjJnAQLSzFeA,"Fetched 05/24/2026, 8:08:10 PM GMT+8"
4985,@keilynverairang3188,2 days ago,"Good morning po mga Kapatid! Happy viewing po from Lokal ng Hillside, BENGUET!!!",https://www.youtube.com/watch?v=ROa3kbG5M0U&lc=UgyQyemfL-1wn32QATN4AaABAg,UgyQyemfL-1wn32QATN4AaABAg,UCaKcINZU7uj6tMXX92L9dLg,"Fetched 05/24/2026, 8:08:10 PM GMT+8"
4986,@DwyaneQuieta,2 days ago,Happy viewing Po from lokal Ng hillside po distrito Ng benget Po,https://www.youtube.com/watch?v=ROa3kbG5M0U&lc=Ugz90jKtRH8a7E2nKu54AaABAg,Ugz90jKtRH8a7E2nKu54AaABAg,UCOxwi22ars60JoUoEr7f6uA,"Fetched 05/24/2026, 8:08:10 PM GMT+8"
4987,@kristine4717,2 days ago,"Tuloy tuloy lang po ang panunuod. Let's get it to :finger-red-number-one::medal-yellow-first-red::trophy-yellow-smiling: Viewership support period still ongoing until May 28!! Pagbati po mula po sa lokal ng Megaroyale, Distrito ng Benguet :face-red-heart-shape::face-red-heart-shape::face-red-heart-shape::face-red-heart-shape:",https://www.youtube.com/watch?v=ROa3kbG5M0U&lc=UgxrHFBIEuxo_7_X43B4AaABAg,UgxrHFBIEuxo_7_X43B4AaABAg,UC3iiMgyZRl-v41Mzegf98yw,"Fetched 05/24/2026, 8:08:10 PM GMT+8"
4988,@almazanrhyndylyn,2 days ago,Go Benguet!!!!!!!!!! 🔊🔊🔊🔊🔊 /  / Fighting ⚔️⚔️⚔️ /  / ❤Lokal ng Norcar / ❤Benguet Kadiwa,https://www.youtube.com/watch?v=ROa3kbG5M0U&lc=Ugyjaa-FQX612vmf7Nx4AaABAg,Ugyjaa-FQX612vmf7Nx4AaABAg,UCEoQCNgytnJxjJnAQLSzFeA,"Fetched 05/24/2026, 8:08:10 PM GMT+8"
4989,@johnreylucio8970,2 days ago,"Bago Tumungo sa Bahay ng aakayin mamaya sa Malaking Pamamahayag, Ay Panuorin natin ito, Go BENGUET🎉 / Fight Fight Fight! / Mula po sa Kapisanang Kadiwa / Lokal ng La Trinidad ❤",https://www.youtube.com/watch?v=ROa3kbG5M0U&lc=Ugy27X4G60T_YkTiaTd4AaABAg,Ugy27X4G60T_YkTiaTd4AaABAg,UCNMupRD4ySrN336KZpy29OA,"Fetched 05/24/2026, 8:08:10 PM GMT+8"
4990,@almazanrhyndylyn,2 days ago,Still listening 🎧🎧🎧. /  / Mula po sa Lokal ng Norcar. / ❤ Benguet Kadiwa,https://www.youtube.com/watch?v=ROa3kbG5M0U&lc=Ugw0Phe7Ei3a4RD3lEp4AaABAg,Ugw0Phe7Ei3a4RD3lEp4AaABAg,UCEoQCNgytnJxjJnAQLSzFeA,"Fetched 05/24/2026, 8:08:10 PM GMT+8"
4991,@allanalmonte4492,2 days ago,Magandang umaga po sa Ating lahat mga Kabagis! Happy Viewing po! /  / From Lokal ng CAMP7 ❤,https://www.youtube.com/watch?v=ROa3kbG5M0U&lc=UgyDPUnjFMsNeH6wmxp4AaABAg,UgyDPUnjFMsNeH6wmxp4AaABAg,UCUNdOf6Gc2w4g7v-fS3bHEA,"Fetched 05/24/2026, 8:08:10 PM GMT+8"
4992,@althealouisedaludado,2 days ago,"Kahit na ilang beses pong panuorin, hindi po nakakasawa 🥰❤️ Patunay po kasi na hindi nagmamaliw ang pagmamahal ng Ama saatin na mga anak niya 😊❤️ Pagbati po mula sa Lokal ng Guisad distrito- PNK ❤",https://www.youtube.com/watch?v=ROa3kbG5M0U&lc=Ugyj94jyovUZiP3Gua14AaABAg,Ugyj94jyovUZiP3Gua14AaABAg,UCfOutVv48SrjmibGPJhDjTQ,"Fetched 05/24/2026, 8:08:10 PM GMT+8"
4993,@RizaCampanado,2 days ago,Good morning po mga kapatid / Happy viewing po from lokal ng loacan,https://www.youtube.com/watch?v=ROa3kbG5M0U&lc=UgyEeKzfxD_I4t_PHJh4AaABAg,UgyEeKzfxD_I4t_PHJh4AaABAg,UCWU0g0O2NS2eoRIe7fLHgEw,"Fetched 05/24/2026, 8:08:10 PM GMT+8"
4994,@almazanrhyndylyn,2 days ago,Go Go Go Benguet!!!!! /  / ❤ Lokal ng Norcar / ❤ Benguet Kadiwa,https://www.youtube.com/watch?v=ROa3kbG5M0U&lc=UgzIm8SP8dfYo211Fo94AaABAg,UgzIm8SP8dfYo211Fo94AaABAg,UCEoQCNgytnJxjJnAQLSzFeA,"Fetched 05/24/2026, 8:08:10 PM GMT+8"
4995,@ehdwow318,2 days ago,"Let’s keep the momentum going! 🔥Viewership support is ongoing until May 28!! 🎥 /  / Keep watching and supporting!! Definitely worth the watch!! /  / Always watching from Lokal ng Megaroyale, Distrito ng Benguet ❤",https://www.youtube.com/watch?v=ROa3kbG5M0U&lc=UgxrHFBIEuxo_7_X43B4AaABAg.AX5E-120OzKAX5fhwpoBlX,UgxrHFBIEuxo_7_X43B4AaABAg.AX5E-120OzKAX5fhwpoBlX,UCiwATwwRZ8TCez4FYmw9s0Q,"Fetched 05/24/2026, 8:08:10 PM GMT+8"
4996,@jonieyonga-an5239,2 days ago,Good morning Po mga kapatiddd!!!❤ / Nood ulit tayo habang nagkakape!! / Simulan Ang araw sa panonood Ng MV na ito❤ /  / Mula Po sa lokal Ng NORCAR!!,https://www.youtube.com/watch?v=ROa3kbG5M0U&lc=UgyzzY7S4a5laKpleeJ4AaABAg,UgyzzY7S4a5laKpleeJ4AaABAg,UCgUo3JP_Fffuctza4bUumJg,"Fetched 05/24/2026, 8:08:10 PM GMT+8"
4997,@almazanrhyndylyn,2 days ago,Letsss Go Benguet!!!! / FIGHT! FIGHT! FIGHT! /  / Sending Love ❤ and support 🫶 from Local of Norcar.  /  / Hello to all Kadiwa who are currently watching. / 👋👋👋,https://www.youtube.com/watch?v=ROa3kbG5M0U&lc=UgzndPj8UxaNyaitISR4AaABAg,UgzndPj8UxaNyaitISR4AaABAg,UCEoQCNgytnJxjJnAQLSzFeA,"Fetched 05/24/2026, 8:08:10 PM GMT+8"
4998,@CorneliaRivera-m3h,2 days ago,"Hindi po kami magsasawa sa panonood! / Go Benguet!!!!🤍❤️💚 /  / Ooh,ooh,ooh,ooh / -mula sa mga Kalihim sa Megaroyale Village, Benguet",https://www.youtube.com/watch?v=ROa3kbG5M0U&lc=UgxS13PR_uhiUyFj8rt4AaABAg,UgxS13PR_uhiUyFj8rt4AaABAg,UCsyF3TrQ-UOo5FBiDnQguLQ,"Fetched 05/24/2026, 8:08:10 PM GMT+8"
4999,@CorneliaRivera-m3h,2 days ago,"Good day to all!!! / Megaroyale Village,Benguet / Kalihim/Registry💚🤍❤️",https://www.youtube.com/watch?v=ROa3kbG5M0U&lc=Ugwi73rzwiF1ZpN1sSB4AaABAg,Ugwi73rzwiF1ZpN1sSB4AaABAg,UCsyF3TrQ-UOo5FBiDnQguLQ,"Fetched 05/24/2026, 8:08:10 PM GMT+8"
5000,@gwynethcayabyab5981,2 days ago,"Tuloy tuloy po ang supporta hangang 28 po mga kapatid, lets go benguet🎉",https://www.youtube.com/watch?v=ROa3kbG5M0U&lc=UgwhAgpBtRsuwpSxJXp4AaABAg,UgwhAgpBtRsuwpSxJXp4AaABAg,UCouodNvhL1bfJC2Fz0B_Rcw,"Fetched 05/24/2026, 8:08:10 PM GMT+8"
5001,@Kristine-b4u,2 days ago (edited),Viewership support period still ongoing until May 28!! Let’s goooo BENGUET 🔥🔥,https://www.youtube.com/watch?v=ROa3kbG5M0U&lc=UgzMYc1LuDB6T_r99y94AaABAg,UgzMYc1LuDB6T_r99y94AaABAg,UCujTXsOFflNfbqWflOgMnjA,"Fetched 05/24/2026, 8:08:10 PM GMT+8"
5002,@JackieLegaspi-y9u,2 days ago,Watch lng ng watch mga kaatid❤❤❤ / Go Benguet ❤❤ / Quezon hill!!!,https://www.youtube.com/watch?v=ROa3kbG5M0U&lc=UgwnWx2LmSvXN-qY1k94AaABAg,UgwnWx2LmSvXN-qY1k94AaABAg,UC9JeH1Y1DgOPr9l_3fFFAXw,"Fetched 05/24/2026, 8:08:10 PM GMT+8"
5003,@joylee1468,2 days ago,Masayang panonood po mga kapatid😂shout out po sa mga magigiting po na  / Pamunuan sa aming lokal...laging nakangiti po sa mga pagtupad.sa kabila po ng.maghapong paggawa.kahit pagod na pagod.Nakangiti pa rin  / ❤lokal ng Atok Gold❤,https://www.youtube.com/watch?v=ROa3kbG5M0U&lc=UgxSvf3XY41NFi4Awil4AaABAg,UgxSvf3XY41NFi4Awil4AaABAg,UC7UWPgNV4p4GGKzoeFbHS8g,"Fetched 05/24/2026, 8:08:10 PM GMT+8"
5004,@joylee1468,2 days ago,Happy Friday po😂 / ❤shout out po sa mga masisipag pong mga mang-aawit.Buong-puso pong umaawit sa pangunguna sa mga pagpupuri sa Ama.Salamat po sa inyo❤ / Kapisanang Buklod / 😊Lokal ng Atok Gold😊,https://www.youtube.com/watch?v=ROa3kbG5M0U&lc=UgxmI4uCQ3iZwgWDnRN4AaABAg,UgxmI4uCQ3iZwgWDnRN4AaABAg,UC7UWPgNV4p4GGKzoeFbHS8g,"Fetched 05/24/2026, 8:08:10 PM GMT+8"
5005,@luibustamante9493,2 days ago,Mapagpalang umaga po sa lahat ng kapatid at maytungkulin sa kagawaran ng Mang-aawit at Kapisanang Kadiwa.  /  / Patuloy lamang po tayo sa panonood at pagsuporta sa God's Love. /  /  / -Lokal ng Tuba,https://www.youtube.com/watch?v=ROa3kbG5M0U&lc=Ugz6jjiaeiPvcfb0zUJ4AaABAg,Ugz6jjiaeiPvcfb0zUJ4AaABAg,UCFAmrhDmv6rvZrQoYp-IS9w,"Fetched 05/24/2026, 8:08:10 PM GMT+8"
5006,@joylee1468,2 days ago,Happy viewing po😊 / Shout out po sa sambahayan ng napakasipag naming Pangulong Kalihim  / 😊Tita Jeanie Tugad / Kapisanang Buklod / ❤Lokal ng Atok Gold❤,https://www.youtube.com/watch?v=ROa3kbG5M0U&lc=UgytkyGA-g8EWAtXEyp4AaABAg,UgytkyGA-g8EWAtXEyp4AaABAg,UC7UWPgNV4p4GGKzoeFbHS8g,"Fetched 05/24/2026, 8:08:10 PM GMT+8"
5007,@gam3rg1rl,2 days ago,Good morning mga kabagis! Pagbati po mula sa Lokal ng Megaroyale :face-fuchsia-wide-eyes:,https://www.youtube.com/watch?v=ROa3kbG5M0U&lc=UgzgcS_ppv4sRnfwN3N4AaABAg,UgzgcS_ppv4sRnfwN3N4AaABAg,UC5IQqBTUAu9qmpEtOMJeRrQ,"Fetched 05/24/2026, 8:08:10 PM GMT+8"
5008,@joylee1468,2 days ago,Happy Friday po😂 / ❤shout out po sa mga masisipag pong mga mang-aawit.Buong-puso pong umaawit sa pangunguna sa mga pagpupuri sa Ama.Salamat po sa inyo❤ / Kapisanang Buklod / 😊Lokal ng Atok Gold😊,https://www.youtube.com/watch?v=ROa3kbG5M0U&lc=UgwkOzpNASpXqrl5vGp4AaABAg,UgwkOzpNASpXqrl5vGp4AaABAg,UC7UWPgNV4p4GGKzoeFbHS8g,"Fetched 05/24/2026, 8:08:10 PM GMT+8"
5009,@joylee1468,2 days ago,Watching po😊 / Shout out po sa  / magiting naming PD1  / 😊Tatay Miguel Bautista Sr. /  Masigasig pong nangunguna sa aming lokal / 😊Lokal ng Atok Gold😊,https://www.youtube.com/watch?v=ROa3kbG5M0U&lc=Ugw8zKeXcNL-iDz-d4p4AaABAg,Ugw8zKeXcNL-iDz-d4p4AaABAg,UC7UWPgNV4p4GGKzoeFbHS8g,"Fetched 05/24/2026, 8:08:10 PM GMT+8"
5010,@kristine7303,2 days ago,Magandang umaga po at Happy Viewing po sa lahat! Pagbati po mula sa mga KADIWA ng Lokal ng Marcos Highway🎉,https://www.youtube.com/watch?v=ROa3kbG5M0U&lc=UgwYbRsQlT9x0UZKT0F4AaABAg,UgwYbRsQlT9x0UZKT0F4AaABAg,UCJnlqat5vcPuV6GiDugaBnA,"Fetched 05/24/2026, 8:08:10 PM GMT+8"
5011,@joylee1468,2 days ago,Happy viewing po / 😁shout out po sa  / Masigasig naming PD2 / Ka Danilo Bautista / 🌟🌟🌟🌟 / Mula po sa Kapisanang Buklod / #Lokal ng Atok Gold,https://www.youtube.com/watch?v=ROa3kbG5M0U&lc=UgxPX3YG6ksfYxB-zRx4AaABAg,UgxPX3YG6ksfYxB-zRx4AaABAg,UC7UWPgNV4p4GGKzoeFbHS8g,"Fetched 05/24/2026, 8:08:10 PM GMT+8"
5012,@joylee1468,2 days ago,Happy viewing po / 😁shout out po sa  / masigasig naming PD4 / Lolo Elberto Cosil Sr. / Kapisanang Buklod / #Lokal ng Atok Gold,https://www.youtube.com/watch?v=ROa3kbG5M0U&lc=UgxVy-yY5avjgZgD68F4AaABAg,UgxVy-yY5avjgZgD68F4AaABAg,UC7UWPgNV4p4GGKzoeFbHS8g,"Fetched 05/24/2026, 8:08:10 PM GMT+8"
5013,@joylee1468,2 days ago,Happy watching po / 😁shout out po sa  / Masigasig naming PD3 / Ka Joel Bulah / 🎉🎉🎉 / Kapisanang Buklod / #Lokal ng Atok Gold,https://www.youtube.com/watch?v=ROa3kbG5M0U&lc=UgwD2iGuExrcqZxpW0l4AaABAg,UgwD2iGuExrcqZxpW0l4AaABAg,UC7UWPgNV4p4GGKzoeFbHS8g,"Fetched 05/24/2026, 8:08:10 PM GMT+8"
5014,@joylee1468,2 days ago,magandang araw po / tuloy ang panonood po / lagi nating suportado / ang ating Distrito / 😁😀☺😊 / Lokal ng atok gold,https://www.youtube.com/watch?v=ROa3kbG5M0U&lc=UgxEhk92DNv0lBNKPpd4AaABAg,UgxEhk92DNv0lBNKPpd4AaABAg,UC7UWPgNV4p4GGKzoeFbHS8g,"Fetched 05/24/2026, 8:08:10 PM GMT+8"
5015,@CorneliaRivera-m3h,2 days ago,"Warm greetings and happy viewing from the Local Congregation of Megaroyale Village, Ecclesiastical District of Benguet 💚🤍❤️ --Kalihiman/Registry",https://www.youtube.com/watch?v=ROa3kbG5M0U&lc=UgzoK-94HwE-voWLqGt4AaABAg,UgzoK-94HwE-voWLqGt4AaABAg,UCsyF3TrQ-UOo5FBiDnQguLQ,"Fetched 05/24/2026, 8:08:10 PM GMT+8"
5016,@johnreylucio8970,2 days ago,"Happy happy Viewing po Mga kpatid!! / Greetings to all of you po, Mula po sa Mga Kadiwa, sa Lokal ng La Trinidad ❤",https://www.youtube.com/watch?v=ROa3kbG5M0U&lc=UgxffACoqGatHHTRoqx4AaABAg,UgxffACoqGatHHTRoqx4AaABAg,UCNMupRD4ySrN336KZpy29OA,"Fetched 05/24/2026, 8:08:10 PM GMT+8"
5017,@MaribelFlores-m9s,2 days ago,Lets go happy viewing po,https://www.youtube.com/watch?v=ROa3kbG5M0U&lc=UgyN47EuZlJcZlHm8LF4AaABAg,UgyN47EuZlJcZlHm8LF4AaABAg,UCK5ahLnUaBGWYZXl26Mn2Sg,"Fetched 05/24/2026, 8:08:10 PM GMT+8"
5018,@EleanorMislang,2 days ago,Magandang Umaga po s ating lahat.from Baguio city,https://www.youtube.com/watch?v=ROa3kbG5M0U&lc=UgwRnMjsuv--IHKGdV94AaABAg,UgwRnMjsuv--IHKGdV94AaABAg,UC-SX89r34HKuT1KlN8J7WTA,"Fetched 05/24/2026, 8:08:10 PM GMT+8"
5019,@JackieLegaspi-y9u,2 days ago,Gods Love of Benguet ❤❤❤ / Happy watching po sa lahat❤ / Good morning! / Quezon hill❤❤❤❤,https://www.youtube.com/watch?v=ROa3kbG5M0U&lc=UgwGc5YgOSpq8cXY4dl4AaABAg,UgwGc5YgOSpq8cXY4dl4AaABAg,UC9JeH1Y1DgOPr9l_3fFFAXw,"Fetched 05/24/2026, 8:08:10 PM GMT+8"
5020,@joylee1468,2 days ago,❤❤❤❤🎼🎹🎼🎹 / Masiglang  panonood po / ❤shout out po sa masipag at  / Masayahin po naming organista / 🎹🎼 😊Ka Jennilyn Lazaro😊 / Mula po sa Kapisanang Buklod / 🎉Lokal ng Atok Gold🎉,https://www.youtube.com/watch?v=ROa3kbG5M0U&lc=UgzGkzK-mPHyw6ptU-p4AaABAg,UgzGkzK-mPHyw6ptU-p4AaABAg,UC7UWPgNV4p4GGKzoeFbHS8g,"Fetched 05/24/2026, 8:08:10 PM GMT+8"
5021,@joylee1468,2 days ago,masayang nanonood  po  / Habang nagkakape☕☕☕ / Shout out po sa Sicmaten Family / INCMV / Mula po sa Kapisanang Buklod / 😊😊😊Lokal ng Atok Gold😊,https://www.youtube.com/watch?v=ROa3kbG5M0U&lc=UgxTiHZ9OraNn3bbF_Z4AaABAg,UgxTiHZ9OraNn3bbF_Z4AaABAg,UC7UWPgNV4p4GGKzoeFbHS8g,"Fetched 05/24/2026, 8:08:10 PM GMT+8"
5022,@JackieLegaspi-y9u,2 days ago,Gandang happy Umga sa lahat! / Quezon hill❤❤❤,https://www.youtube.com/watch?v=ROa3kbG5M0U&lc=UgyJJUyyYrHaz_oRiuJ4AaABAg,UgyJJUyyYrHaz_oRiuJ4AaABAg,UC9JeH1Y1DgOPr9l_3fFFAXw,"Fetched 05/24/2026, 8:08:10 PM GMT+8"
5023,@Evym-u3k,2 days ago,Patuloy pong nanonood / INCMV / God’s Love / Binhi po sa / Lokal ng atok gold,https://www.youtube.com/watch?v=ROa3kbG5M0U&lc=UgxZ0nnXDddVlH-gyyB4AaABAg,UgxZ0nnXDddVlH-gyyB4AaABAg,UCNNZdfWg4Hutqdsq_H5oCHQ,"Fetched 05/24/2026, 8:08:10 PM GMT+8"
5024,@Evym-u3k,2 days ago,😊😊 / Masayang  / Nanonood / Mula po  / Sa kapisanang binhi / ❤lokal ng atok gold,https://www.youtube.com/watch?v=ROa3kbG5M0U&lc=Ugzza7NHN2xTM-AFBol4AaABAg,Ugzza7NHN2xTM-AFBol4AaABAg,UCNNZdfWg4Hutqdsq_H5oCHQ,"Fetched 05/24/2026, 8:08:10 PM GMT+8"
5025,@Evym-u3k,2 days ago,😊happy watching po / Laging nanonood / Mula po sa / Kapisanang Binhi / Lokal ng Atok Gold,https://www.youtube.com/watch?v=ROa3kbG5M0U&lc=Ugy7Cv-MrdFk9BUR6Zd4AaABAg,Ugy7Cv-MrdFk9BUR6Zd4AaABAg,UCNNZdfWg4Hutqdsq_H5oCHQ,"Fetched 05/24/2026, 8:08:10 PM GMT+8"
5026,@Evym-u3k,2 days ago,Happy viewing po / Mga kapatid / Mula po sa kapisanang  / binhi ng / Lokal ng atok gold,https://www.youtube.com/watch?v=ROa3kbG5M0U&lc=UgxqH426TyxJhrhg0Jl4AaABAg,UgxqH426TyxJhrhg0Jl4AaABAg,UCNNZdfWg4Hutqdsq_H5oCHQ,"Fetched 05/24/2026, 8:08:10 PM GMT+8"
5027,@Evym-u3k,2 days ago,Masayang /  Panonood po / Tangkilikin po / INCMV / Lokal ng atok gold,https://www.youtube.com/watch?v=ROa3kbG5M0U&lc=UgzW0dJkY1YV59iTCeN4AaABAg,UgzW0dJkY1YV59iTCeN4AaABAg,UCNNZdfWg4Hutqdsq_H5oCHQ,"Fetched 05/24/2026, 8:08:10 PM GMT+8"
5028,@Evym-u3k,2 days ago,😊happy watching po / Laging nanonood /  / 🇮🇹🇮🇹🇮🇹🇮🇹🇮🇹🇮🇹 / Lokal ng Atok Gold,https://www.youtube.com/watch?v=ROa3kbG5M0U&lc=Ugzy4Pxqrrnxvphp0Hh4AaABAg,Ugzy4Pxqrrnxvphp0Hh4AaABAg,UCNNZdfWg4Hutqdsq_H5oCHQ,"Fetched 05/24/2026, 8:08:10 PM GMT+8"
5029,@DinaShuntogan,2 days ago,Go Benguet,https://www.youtube.com/watch?v=ROa3kbG5M0U&lc=Ugx-25HR0F65Wm-cpwV4AaABAg,Ugx-25HR0F65Wm-cpwV4AaABAg,UCzK1-nP8TJTvlx35vN6RJ1A,"Fetched 05/24/2026, 8:08:10 PM GMT+8"
5030,@CorneliaRivera-m3h,2 days ago (edited),"Good morning po. Happy viewing po from the Local Congregation of Megaroyale Village, District of Benguet 💚🤍❤️  / -KALIHIM/REGISTRY",https://www.youtube.com/watch?v=ROa3kbG5M0U&lc=UgwPFMi1lwTVhl2tKcF4AaABAg,UgwPFMi1lwTVhl2tKcF4AaABAg,UCsyF3TrQ-UOo5FBiDnQguLQ,"Fetched 05/24/2026, 8:08:10 PM GMT+8"
5031,@romulodeverajr.9937,2 days ago,Gud morning po and happy Viewing po mula sa lokal ng Baguio City.,https://www.youtube.com/watch?v=ROa3kbG5M0U&lc=UgxAxQUWC5AktLjqSux4AaABAg,UgxAxQUWC5AktLjqSux4AaABAg,UCp-gBjV5Wh420GHK3cminkw,"Fetched 05/24/2026, 8:08:10 PM GMT+8"
5032,@tonisoriano1106,2 days ago,Goodmorning po sa lahat mula dito sa Lokal ng Guisad!  / Go  BENGUET😊,https://www.youtube.com/watch?v=ROa3kbG5M0U&lc=UgwSQXHZsjH4e4LhI7Z4AaABAg,UgwSQXHZsjH4e4LhI7Z4AaABAg,UC6C4Xu7Sjj2HQmQlBDK0Eyg,"Fetched 05/24/2026, 8:08:10 PM GMT+8"
5033,@yzabelgayadan6013,2 days ago,Naimbag nga aldaw kada tayo amin! / Patuloy na nakikinig sa God’ Love para may inspirasyong magsimula ng araw. /  / Let’s go Benguet!🎉 / from Marcos Highway/KDO,https://www.youtube.com/watch?v=ROa3kbG5M0U&lc=UgwdFL4BNtnRPuKiZoB4AaABAg,UgwdFL4BNtnRPuKiZoB4AaABAg,UCdZGb4w25RyQ_9_blAErBaQ,"Fetched 05/24/2026, 8:08:10 PM GMT+8"
5034,@gwynethcayabyab5981,2 days ago,Good morning po sa lahat ng nanonood keep on watching po 🎉 /  / Mula sa lokal ng megaroyale,https://www.youtube.com/watch?v=ROa3kbG5M0U&lc=UgxZWd3N2WHblP1Wq1h4AaABAg,UgxZWd3N2WHblP1Wq1h4AaABAg,UCouodNvhL1bfJC2Fz0B_Rcw,"Fetched 05/24/2026, 8:08:10 PM GMT+8"
5035,@jasminedaludado7262,2 days ago,Good morning po mga kapatid!!! /  / Happy viewing po mula sa Lokal ng Guisad❤ /  / Gising gising mga KADIWA!!,https://www.youtube.com/watch?v=ROa3kbG5M0U&lc=UgwGpw4TjZwa9Z69j3l4AaABAg,UgwGpw4TjZwa9Z69j3l4AaABAg,UCA4HVmdH2Xj67gK8nZmpiZg,"Fetched 05/24/2026, 8:08:10 PM GMT+8"
5036,@chichialvarezn,2 days ago,"Happy viewing po, mula po sa lokal ng Aurora Hill 🎉",https://www.youtube.com/watch?v=ROa3kbG5M0U&lc=UgyeowvoO3xUZ07H4eJ4AaABAg,UgyeowvoO3xUZ07H4eJ4AaABAg,UCCqRQErQw1h8719fX878FDA,"Fetched 05/24/2026, 8:08:10 PM GMT+8"
5037,@armicassandragarcia8955,2 days ago,Happy viewing! Mula sa Aurora Hill 💛,https://www.youtube.com/watch?v=ROa3kbG5M0U&lc=UgzdMi3hgT9UB5pdjLd4AaABAg,UgzdMi3hgT9UB5pdjLd4AaABAg,UCZ3mXwiXib5dyLSRSaSt9sA,"Fetched 05/24/2026, 8:08:10 PM GMT+8"
5038,@Julskie28,2 days ago,Good morning po sa ating lahat! /  / Another day of viewing! /  / Let's Go Benguet 🎉 / From KADIWAs of benguet / Lokal ng Guisad❤,https://www.youtube.com/watch?v=ROa3kbG5M0U&lc=UgwMsXu_Qb6F2XBsFq94AaABAg,UgwMsXu_Qb6F2XBsFq94AaABAg,UC1nz0UiWHV8lyoQdZtJejeg,"Fetched 05/24/2026, 8:08:10 PM GMT+8"
5039,@armicassandragarcia8955,2 days ago,Happy viewing! Mula sa Aurora Hill 💛,https://www.youtube.com/watch?v=ROa3kbG5M0U&lc=Ugy_dPJYTP90QLt68AB4AaABAg,Ugy_dPJYTP90QLt68AB4AaABAg,UCZ3mXwiXib5dyLSRSaSt9sA,"Fetched 05/24/2026, 8:08:10 PM GMT+8"
5040,@armicassandragarcia8955,2 days ago,Happy viewing! Mula sa Aurora Hill 💛,https://www.youtube.com/watch?v=ROa3kbG5M0U&lc=UgywoAuBxqz7wXxsgDV4AaABAg,UgywoAuBxqz7wXxsgDV4AaABAg,UCZ3mXwiXib5dyLSRSaSt9sA,"Fetched 05/24/2026, 8:08:10 PM GMT+8"
5041,@armicassandragarcia8955,2 days ago,Happy viewing! Mula sa Aurora Hill 💛,https://www.youtube.com/watch?v=ROa3kbG5M0U&lc=UgyJv6n-gZ3wIzsjItd4AaABAg,UgyJv6n-gZ3wIzsjItd4AaABAg,UCZ3mXwiXib5dyLSRSaSt9sA,"Fetched 05/24/2026, 8:08:10 PM GMT+8"
5042,@armicassandragarcia8955,2 days ago,Happy viewing! Mula sa Aurora Hill 💛,https://www.youtube.com/watch?v=ROa3kbG5M0U&lc=UgxlWosFjG_Hj_LymoJ4AaABAg,UgxlWosFjG_Hj_LymoJ4AaABAg,UCZ3mXwiXib5dyLSRSaSt9sA,"Fetched 05/24/2026, 8:08:10 PM GMT+8"
5043,@chichialvarezn,2 days ago,"gm po! great-thanks from Aurora Hill, District of Benguet💞",https://www.youtube.com/watch?v=ROa3kbG5M0U&lc=UgztAxn_JspNs-_n7Xd4AaABAg,UgztAxn_JspNs-_n7Xd4AaABAg,UCCqRQErQw1h8719fX878FDA,"Fetched 05/24/2026, 8:08:10 PM GMT+8"
5044,@armicassandragarcia8955,2 days ago,Happy viewing! Mula sa Aurora Hill 💛,https://www.youtube.com/watch?v=ROa3kbG5M0U&lc=UgwULlKg2L1MUaw8P_94AaABAg,UgwULlKg2L1MUaw8P_94AaABAg,UCZ3mXwiXib5dyLSRSaSt9sA,"Fetched 05/24/2026, 8:08:10 PM GMT+8"
5045,@armicassandragarcia8955,2 days ago,Happy viewing! Mula sa Aurora Hill 💛,https://www.youtube.com/watch?v=ROa3kbG5M0U&lc=Ugx5g3H5L00lP_P2MAp4AaABAg,Ugx5g3H5L00lP_P2MAp4AaABAg,UCZ3mXwiXib5dyLSRSaSt9sA,"Fetched 05/24/2026, 8:08:10 PM GMT+8"
5046,@armicassandragarcia8955,2 days ago,Happy viewing! Mula sa Aurora Hill 💛,https://www.youtube.com/watch?v=ROa3kbG5M0U&lc=Ugzs54mcSGkUeWNFf9R4AaABAg,Ugzs54mcSGkUeWNFf9R4AaABAg,UCZ3mXwiXib5dyLSRSaSt9sA,"Fetched 05/24/2026, 8:08:10 PM GMT+8"
5047,@armicassandragarcia8955,2 days ago,Happy viewing! Mula sa Aurora Hill 💛,https://www.youtube.com/watch?v=ROa3kbG5M0U&lc=UgxKtRIhREbDzSWNXv94AaABAg,UgxKtRIhREbDzSWNXv94AaABAg,UCZ3mXwiXib5dyLSRSaSt9sA,"Fetched 05/24/2026, 8:08:10 PM GMT+8"
5048,@armicassandragarcia8955,2 days ago,Happy viewing! Mula sa Aurora Hill 💛,https://www.youtube.com/watch?v=ROa3kbG5M0U&lc=UgxT1k1XEaqqSWJp_sZ4AaABAg,UgxT1k1XEaqqSWJp_sZ4AaABAg,UCZ3mXwiXib5dyLSRSaSt9sA,"Fetched 05/24/2026, 8:08:10 PM GMT+8"
5049,@henrycaranto2644,2 days ago,Breakfast na po tayo Habang nakikinig ng  /  / INCMV Benguet Entry GOD’S LOVE❤️ /  / From Lokal ng Baguio City  / And Kadiwa Distritct Officers ❤,https://www.youtube.com/watch?v=ROa3kbG5M0U&lc=Ugym9II4ve-rgtIIdCV4AaABAg,Ugym9II4ve-rgtIIdCV4AaABAg,UCFilTOy22FklSkBIgwVPVaQ,"Fetched 05/24/2026, 8:08:10 PM GMT+8"
5050,@armicassandragarcia8955,2 days ago,Happy viewing! Mula sa Aurora Hill 💛,https://www.youtube.com/watch?v=ROa3kbG5M0U&lc=Ugyx4xjYZ2KKR5nfYqx4AaABAg,Ugyx4xjYZ2KKR5nfYqx4AaABAg,UCZ3mXwiXib5dyLSRSaSt9sA,"Fetched 05/24/2026, 8:08:10 PM GMT+8"
5051,@armicassandragarcia8955,2 days ago,Happy viewing! Mula sa Aurora Hill 💛,https://www.youtube.com/watch?v=ROa3kbG5M0U&lc=Ugw-NN2iw9g8QUu-sEB4AaABAg,Ugw-NN2iw9g8QUu-sEB4AaABAg,UCZ3mXwiXib5dyLSRSaSt9sA,"Fetched 05/24/2026, 8:08:10 PM GMT+8"
5052,@armicassandragarcia8955,2 days ago,Naimbag a bigat! God bless po 🌤️ (Aurora Hill❤),https://www.youtube.com/watch?v=ROa3kbG5M0U&lc=UgxsRxX0ziUCOhOpKTZ4AaABAg,UgxsRxX0ziUCOhOpKTZ4AaABAg,UCZ3mXwiXib5dyLSRSaSt9sA,"Fetched 05/24/2026, 8:08:10 PM GMT+8"
5053,@armicassandragarcia8955,2 days ago,Naimbag a bigat! God bless po 🌤️ (Aurora Hill❤),https://www.youtube.com/watch?v=ROa3kbG5M0U&lc=Ugzy_uFLgeomIbYhKBp4AaABAg,Ugzy_uFLgeomIbYhKBp4AaABAg,UCZ3mXwiXib5dyLSRSaSt9sA,"Fetched 05/24/2026, 8:08:10 PM GMT+8"
5054,@armicassandragarcia8955,2 days ago,Naimbag a bigat! God bless po 🌤️ (Aurora Hill❤),https://www.youtube.com/watch?v=ROa3kbG5M0U&lc=UgyrgAAMhjCWVx4Lw394AaABAg,UgyrgAAMhjCWVx4Lw394AaABAg,UCZ3mXwiXib5dyLSRSaSt9sA,"Fetched 05/24/2026, 8:08:10 PM GMT+8"
5055,@armicassandragarcia8955,2 days ago,Naimbag a bigat! God bless po 🌤️ (Aurora Hill❤),https://www.youtube.com/watch?v=ROa3kbG5M0U&lc=UgwVb4w9Fiwj5IiqKjJ4AaABAg,UgwVb4w9Fiwj5IiqKjJ4AaABAg,UCZ3mXwiXib5dyLSRSaSt9sA,"Fetched 05/24/2026, 8:08:10 PM GMT+8"
5056,@armicassandragarcia8955,2 days ago,Naimbag a bigat! God bless po 🌤️ (Aurora Hill❤),https://www.youtube.com/watch?v=ROa3kbG5M0U&lc=UgywE618jRRnAWoO40t4AaABAg,UgywE618jRRnAWoO40t4AaABAg,UCZ3mXwiXib5dyLSRSaSt9sA,"Fetched 05/24/2026, 8:08:10 PM GMT+8"
5057,@RuelAdais,2 days ago,God's love💕💚🤍❤️ / Lokal ng Loacan,https://www.youtube.com/watch?v=ROa3kbG5M0U&lc=UgyLMZFIBT1H3HeHoxR4AaABAg,UgyLMZFIBT1H3HeHoxR4AaABAg,UC0NAywLzbFy7I9Yi4RE0ElA,"Fetched 05/24/2026, 8:08:10 PM GMT+8"
5058,@chichialvarezn,2 days ago,"Maligayangg pag bati po, mula po sa pinaka mamahal naming lokal, Aurora Hill, District of Benguet 😘",https://www.youtube.com/watch?v=ROa3kbG5M0U&lc=Ugw_Zyw3vEdiTBmw4El4AaABAg,Ugw_Zyw3vEdiTBmw4El4AaABAg,UCCqRQErQw1h8719fX878FDA,"Fetched 05/24/2026, 8:08:10 PM GMT+8"
5059,@CorneliaRivera-m3h,2 days ago,Congratulations District of Benguet....,https://www.youtube.com/watch?v=ROa3kbG5M0U&lc=Ugx_muxRbdTAF362_VB4AaABAg,Ugx_muxRbdTAF362_VB4AaABAg,UCsyF3TrQ-UOo5FBiDnQguLQ,"Fetched 05/24/2026, 8:08:10 PM GMT+8"
5060,@chichialvarezn,2 days ago,"happy viewing po mga kabagis, GREAT-tings po from Aurora Hill District of Benguet 😝💗",https://www.youtube.com/watch?v=ROa3kbG5M0U&lc=Ugyg_5Hm8HbIQQyN1bZ4AaABAg,Ugyg_5Hm8HbIQQyN1bZ4AaABAg,UCCqRQErQw1h8719fX878FDA,"Fetched 05/24/2026, 8:08:10 PM GMT+8"
5061,@riajannah3304,2 days ago,Go Benguet! go Aurora Hill ❤️❤️,https://www.youtube.com/watch?v=ROa3kbG5M0U&lc=Ugxl04LZM1LO7IDgFdN4AaABAg,Ugxl04LZM1LO7IDgFdN4AaABAg,UCg6vNkDKjJmbm-o5VgxURGQ,"Fetched 05/24/2026, 8:08:10 PM GMT+8"
5062,@riajannah3304,2 days ago,Go Benguet! go Aurora Hill ❤️❤️,https://www.youtube.com/watch?v=ROa3kbG5M0U&lc=UgyNc9rn65LWzsTX2-R4AaABAg,UgyNc9rn65LWzsTX2-R4AaABAg,UCg6vNkDKjJmbm-o5VgxURGQ,"Fetched 05/24/2026, 8:08:10 PM GMT+8"
5063,@riajannah3304,2 days ago,Go Benguet! go Aurora Hill ❤️❤️,https://www.youtube.com/watch?v=ROa3kbG5M0U&lc=UgxtNX5utzOpN1tKKpt4AaABAg,UgxtNX5utzOpN1tKKpt4AaABAg,UCg6vNkDKjJmbm-o5VgxURGQ,"Fetched 05/24/2026, 8:08:10 PM GMT+8"
5064,@riajannah3304,2 days ago,Go Benguet! go Aurora Hill ❤️❤️,https://www.youtube.com/watch?v=ROa3kbG5M0U&lc=UgyIMKAvKE-C69399Pp4AaABAg,UgyIMKAvKE-C69399Pp4AaABAg,UCg6vNkDKjJmbm-o5VgxURGQ,"Fetched 05/24/2026, 8:08:10 PM GMT+8"
5065,@riajannah3304,2 days ago,Go Benguet! go Aurora Hill ❤️❤️,https://www.youtube.com/watch?v=ROa3kbG5M0U&lc=UgxRV9mA0o6TA3ZpExh4AaABAg,UgxRV9mA0o6TA3ZpExh4AaABAg,UCg6vNkDKjJmbm-o5VgxURGQ,"Fetched 05/24/2026, 8:08:10 PM GMT+8"
5066,@riajannah3304,2 days ago,Go Benguet! go Aurora Hill ❤️❤️,https://www.youtube.com/watch?v=ROa3kbG5M0U&lc=Ugwe8wn9Cb07PFIZxbB4AaABAg,Ugwe8wn9Cb07PFIZxbB4AaABAg,UCg6vNkDKjJmbm-o5VgxURGQ,"Fetched 05/24/2026, 8:08:10 PM GMT+8"
5067,@riajannah3304,2 days ago,Go Benguet! go Aurora Hill ❤️❤️,https://www.youtube.com/watch?v=ROa3kbG5M0U&lc=Ugy1zS5yZghYA3148Nh4AaABAg,Ugy1zS5yZghYA3148Nh4AaABAg,UCg6vNkDKjJmbm-o5VgxURGQ,"Fetched 05/24/2026, 8:08:10 PM GMT+8"
5068,@riajannah3304,2 days ago,Go Benguet! go Aurora Hill ❤️❤️,https://www.youtube.com/watch?v=ROa3kbG5M0U&lc=UgwwjPWgHDuhYO8Z2Ql4AaABAg,UgwwjPWgHDuhYO8Z2Ql4AaABAg,UCg6vNkDKjJmbm-o5VgxURGQ,"Fetched 05/24/2026, 8:08:10 PM GMT+8"
5069,@riajannah3304,2 days ago,Go Benguet! go Aurora Hill ❤️❤️,https://www.youtube.com/watch?v=ROa3kbG5M0U&lc=Ugy3KDsJKKimY0VuFit4AaABAg,Ugy3KDsJKKimY0VuFit4AaABAg,UCg6vNkDKjJmbm-o5VgxURGQ,"Fetched 05/24/2026, 8:08:10 PM GMT+8"
5070,@riajannah3304,2 days ago,Happy viewing po mula po sa Lokal ng Aurora Hill. Goodmorning po ❤,https://www.youtube.com/watch?v=ROa3kbG5M0U&lc=Ugz0Hvd4-SLaYQd2hSh4AaABAg,Ugz0Hvd4-SLaYQd2hSh4AaABAg,UCg6vNkDKjJmbm-o5VgxURGQ,"Fetched 05/24/2026, 8:08:10 PM GMT+8"
5071,@chichialvarezn,2 days ago,"Good morning po, from Aurora Hill Benguet:>>",https://www.youtube.com/watch?v=ROa3kbG5M0U&lc=UgzNWmYjyqpLbO--VeJ4AaABAg,UgzNWmYjyqpLbO--VeJ4AaABAg,UCCqRQErQw1h8719fX878FDA,"Fetched 05/24/2026, 8:08:10 PM GMT+8"
5072,@nicholsoncaezarrivera991,2 days ago,"Magandang umaga po mga kapatid! / Happy Viewing po mula sa LOKAL NG MEGAROYALE VILLAGE, Distrito ng BENGUET / -Registry/Kalihim",https://www.youtube.com/watch?v=ROa3kbG5M0U&lc=Ugw7Marq46Fi4BtLJk14AaABAg,Ugw7Marq46Fi4BtLJk14AaABAg,UCj1hmCKHJZQb6ZuqCt2iHCw,"Fetched 05/24/2026, 8:08:10 PM GMT+8"
5073,@riajannah3304,2 days ago,Happy viewing po mula po sa Lokal ng Aurora Hill. Goodmorning po ❤,https://www.youtube.com/watch?v=ROa3kbG5M0U&lc=UgzZj-NY33qBZA9VSFN4AaABAg,UgzZj-NY33qBZA9VSFN4AaABAg,UCg6vNkDKjJmbm-o5VgxURGQ,"Fetched 05/24/2026, 8:08:10 PM GMT+8"
5074,@riajannah3304,2 days ago,Happy viewing po mula po sa Lokal ng Aurora Hill. Goodmorning po ❤,https://www.youtube.com/watch?v=ROa3kbG5M0U&lc=Ugw5IvdOTBTrG5KGrJ54AaABAg,Ugw5IvdOTBTrG5KGrJ54AaABAg,UCg6vNkDKjJmbm-o5VgxURGQ,"Fetched 05/24/2026, 8:08:10 PM GMT+8"
5075,@riajannah3304,2 days ago,Happy viewing po mula po sa Lokal ng Aurora Hill. Goodmorning po ❤,https://www.youtube.com/watch?v=ROa3kbG5M0U&lc=UgwT-5N9jMSe4gN8g-p4AaABAg,UgwT-5N9jMSe4gN8g-p4AaABAg,UCg6vNkDKjJmbm-o5VgxURGQ,"Fetched 05/24/2026, 8:08:10 PM GMT+8"
5076,@riajannah3304,2 days ago,Happy viewing po mula po sa Lokal ng Aurora Hill. Goodmorning po ❤,https://www.youtube.com/watch?v=ROa3kbG5M0U&lc=Ugyoi1CqKOtfyhbVMTZ4AaABAg,Ugyoi1CqKOtfyhbVMTZ4AaABAg,UCg6vNkDKjJmbm-o5VgxURGQ,"Fetched 05/24/2026, 8:08:10 PM GMT+8"
5077,@riajannah3304,2 days ago,Happy viewing po mula po sa Lokal ng Aurora Hill. Goodmorning po ❤,https://www.youtube.com/watch?v=ROa3kbG5M0U&lc=UgziYcr_H4oSEo_2Iv14AaABAg,UgziYcr_H4oSEo_2Iv14AaABAg,UCg6vNkDKjJmbm-o5VgxURGQ,"Fetched 05/24/2026, 8:08:10 PM GMT+8"
5078,@riajannah3304,2 days ago,Happy viewing po mula po sa Lokal ng Aurora Hill. Goodmorning po ❤,https://www.youtube.com/watch?v=ROa3kbG5M0U&lc=Ugy3qUnv6pOFrnwO_Zl4AaABAg,Ugy3qUnv6pOFrnwO_Zl4AaABAg,UCg6vNkDKjJmbm-o5VgxURGQ,"Fetched 05/24/2026, 8:08:10 PM GMT+8"
5079,@armicassandragarcia8955,2 days ago (edited),Naimbag a bigat! God bless po -Aurora Hill 🌤️,https://www.youtube.com/watch?v=ROa3kbG5M0U&lc=UgymSx-HGCW3e-XDAPh4AaABAg,UgymSx-HGCW3e-XDAPh4AaABAg,UCZ3mXwiXib5dyLSRSaSt9sA,"Fetched 05/24/2026, 8:08:10 PM GMT+8"
5080,@riajannah3304,2 days ago,Happy viewing po mula po sa Lokal ng Aurora Hill. Goodmorning po ❤,https://www.youtube.com/watch?v=ROa3kbG5M0U&lc=UgyWXPQENXuANR_xrlB4AaABAg,UgyWXPQENXuANR_xrlB4AaABAg,UCg6vNkDKjJmbm-o5VgxURGQ,"Fetched 05/24/2026, 8:08:10 PM GMT+8"
5081,@armicassandragarcia8955,2 days ago (edited),Naimbag a bigat! God bless po-Aurora Hill❤,https://www.youtube.com/watch?v=ROa3kbG5M0U&lc=Ugx-9sV6YwCxs-eg_mV4AaABAg,Ugx-9sV6YwCxs-eg_mV4AaABAg,UCZ3mXwiXib5dyLSRSaSt9sA,"Fetched 05/24/2026, 8:08:10 PM GMT+8"
5082,@Evym-u3k,2 days ago,Happy  / morning po / watching / pa rin po / 😁lokal ng atok gold,https://www.youtube.com/watch?v=ROa3kbG5M0U&lc=UgzJvb70bGx5cfovLth4AaABAg,UgzJvb70bGx5cfovLth4AaABAg,UCNNZdfWg4Hutqdsq_H5oCHQ,"Fetched 05/24/2026, 8:08:10 PM GMT+8"
5083,@riajannah3304,2 days ago,Happy viewing po mula po sa Lokal ng Aurora Hill. Goodmorning po ❤,https://www.youtube.com/watch?v=ROa3kbG5M0U&lc=UgyLj6QFqhiVnCuiBHB4AaABAg,UgyLj6QFqhiVnCuiBHB4AaABAg,UCg6vNkDKjJmbm-o5VgxURGQ,"Fetched 05/24/2026, 8:08:10 PM GMT+8"
5084,@armicassandragarcia8955,2 days ago (edited),Naimbag a bigat! God bless po-Aurora Hill🌤️,https://www.youtube.com/watch?v=ROa3kbG5M0U&lc=Ugyf8JwyBusdIHYpOAR4AaABAg,Ugyf8JwyBusdIHYpOAR4AaABAg,UCZ3mXwiXib5dyLSRSaSt9sA,"Fetched 05/24/2026, 8:08:10 PM GMT+8"
5085,@riajannah3304,2 days ago,Happy viewing po mula po sa Lokal ng Aurora Hill. Goodmorning po ❤,https://www.youtube.com/watch?v=ROa3kbG5M0U&lc=UgxdY91Gv9V2PI2gGYR4AaABAg,UgxdY91Gv9V2PI2gGYR4AaABAg,UCg6vNkDKjJmbm-o5VgxURGQ,"Fetched 05/24/2026, 8:08:10 PM GMT+8"
5086,@armicassandragarcia8955,2 days ago (edited),Naimbag a bigat! God bless po -Aurora Hill❤,https://www.youtube.com/watch?v=ROa3kbG5M0U&lc=UgwWFWT2ttRd7VnWAVx4AaABAg,UgwWFWT2ttRd7VnWAVx4AaABAg,UCZ3mXwiXib5dyLSRSaSt9sA,"Fetched 05/24/2026, 8:08:10 PM GMT+8"
5087,@armicassandragarcia8955,2 days ago (edited),Naimbag a bigat! God bless po -Aurora Hill🌤️,https://www.youtube.com/watch?v=ROa3kbG5M0U&lc=UgzXKTgZICh6tdV6j694AaABAg,UgzXKTgZICh6tdV6j694AaABAg,UCZ3mXwiXib5dyLSRSaSt9sA,"Fetched 05/24/2026, 8:08:10 PM GMT+8"
5088,@riajannah3304,2 days ago,Happy viewing po mula po sa Lokal ng Aurora Hill. Goodmorning po ❤,https://www.youtube.com/watch?v=ROa3kbG5M0U&lc=UgxhYSihCjb_te7fg694AaABAg,UgxhYSihCjb_te7fg694AaABAg,UCg6vNkDKjJmbm-o5VgxURGQ,"Fetched 05/24/2026, 8:08:10 PM GMT+8"
5089,@Evym-u3k,2 days ago,happy / watching po / God's  / Love / Go Benguet!!! / #lokal ng atok gold#,https://www.youtube.com/watch?v=ROa3kbG5M0U&lc=UgwzrDDVusEvvm0UWKl4AaABAg,UgwzrDDVusEvvm0UWKl4AaABAg,UCNNZdfWg4Hutqdsq_H5oCHQ,"Fetched 05/24/2026, 8:08:10 PM GMT+8"
5090,@riajannah3304,2 days ago,Happy viewing po mula po sa Lokal ng Aurora Hill. Goodmorning po ❤,https://www.youtube.com/watch?v=ROa3kbG5M0U&lc=UgwwPzwcdqkjdJ_I9m14AaABAg,UgwwPzwcdqkjdJ_I9m14AaABAg,UCg6vNkDKjJmbm-o5VgxURGQ,"Fetched 05/24/2026, 8:08:10 PM GMT+8"
5091,@riajannah3304,2 days ago,Happy viewing po mula po sa Lokal ng Aurora Hill. Goodmorning po ❤,https://www.youtube.com/watch?v=ROa3kbG5M0U&lc=Ugy6ut2RyQ7W9c3Mo-R4AaABAg,Ugy6ut2RyQ7W9c3Mo-R4AaABAg,UCg6vNkDKjJmbm-o5VgxURGQ,"Fetched 05/24/2026, 8:08:10 PM GMT+8"
5092,@Evym-u3k,2 days ago,always supporting po / from our hearts / we say thank you for / all of you / lokal ng atok gold / ❤🇮🇹🌻,https://www.youtube.com/watch?v=ROa3kbG5M0U&lc=UgydmCgkd6E9MpFpe894AaABAg,UgydmCgkd6E9MpFpe894AaABAg,UCNNZdfWg4Hutqdsq_H5oCHQ,"Fetched 05/24/2026, 8:08:10 PM GMT+8"
5093,@chichialvarezn,2 days ago,Maligayangg pag bati po mga kabagis! greetings from Aurora Hill District of Benguet!💕,https://www.youtube.com/watch?v=ROa3kbG5M0U&lc=UgyzQTb5au8wkG-Ia0F4AaABAg,UgyzQTb5au8wkG-Ia0F4AaABAg,UCCqRQErQw1h8719fX878FDA,"Fetched 05/24/2026, 8:08:10 PM GMT+8"
5094,@Evym-u3k,2 days ago,hello everyday / INCMV gives energy / it makes us always happy / and no one will look like grumpy / 🤣😁😂 / Lokal ng Atok Gold,https://www.youtube.com/watch?v=ROa3kbG5M0U&lc=UgzVCYl7K6deYCH7MRB4AaABAg,UgzVCYl7K6deYCH7MRB4AaABAg,UCNNZdfWg4Hutqdsq_H5oCHQ,"Fetched 05/24/2026, 8:08:10 PM GMT+8"
5095,@armicassandragarcia8955,2 days ago,Happy viewing kadakayo! Mula sa Aurora Hill 😊,https://www.youtube.com/watch?v=ROa3kbG5M0U&lc=UgzTHXwXn2iFiuY5mix4AaABAg,UgzTHXwXn2iFiuY5mix4AaABAg,UCZ3mXwiXib5dyLSRSaSt9sA,"Fetched 05/24/2026, 8:08:10 PM GMT+8"
5096,@riajannah3304,2 days ago,Happy viewing po mula po sa Lokal ng Aurora Hill. Goodmorning po ❤,https://www.youtube.com/watch?v=ROa3kbG5M0U&lc=UgzbMoMObC3srkv7Zut4AaABAg,UgzbMoMObC3srkv7Zut4AaABAg,UCg6vNkDKjJmbm-o5VgxURGQ,"Fetched 05/24/2026, 8:08:10 PM GMT+8"
5097,@riajannah3304,2 days ago,Happy viewing po mula po sa Lokal ng Aurora Hill. Goodmorning po ❤,https://www.youtube.com/watch?v=ROa3kbG5M0U&lc=UgwzAhFyfFCY3hPD6uR4AaABAg,UgwzAhFyfFCY3hPD6uR4AaABAg,UCg6vNkDKjJmbm-o5VgxURGQ,"Fetched 05/24/2026, 8:08:10 PM GMT+8"
5098,@armicassandragarcia8955,2 days ago,Happy viewing kadakayo! Mula sa Aurora Hill 😊,https://www.youtube.com/watch?v=ROa3kbG5M0U&lc=UgwHfCL27fg3XAIhvht4AaABAg,UgwHfCL27fg3XAIhvht4AaABAg,UCZ3mXwiXib5dyLSRSaSt9sA,"Fetched 05/24/2026, 8:08:10 PM GMT+8"
5099,@mariloujucar3208,2 days ago,"Good morning po... Watching po mula s Lokal NG Taloy SUR, Distrito ng Benguet...",https://www.youtube.com/watch?v=ROa3kbG5M0U&lc=UgwiQE3wVgfYUsjbyDp4AaABAg,UgwiQE3wVgfYUsjbyDp4AaABAg,UCMbn31xrNEnulUG5fdpH82w,"Fetched 05/24/2026, 8:08:10 PM GMT+8"
5100,@Evym-u3k,2 days ago,hello everyone / always online / supporting our / God's Love / 💚🤍❤ / Lokal ng atok gold,https://www.youtube.com/watch?v=ROa3kbG5M0U&lc=UgyPoQoIMAcKddul9114AaABAg,UgyPoQoIMAcKddul9114AaABAg,UCNNZdfWg4Hutqdsq_H5oCHQ,"Fetched 05/24/2026, 8:08:10 PM GMT+8"
5101,@armicassandragarcia8955,2 days ago,Happy viewing kadakayo! Mula sa Aurora Hill 😊,https://www.youtube.com/watch?v=ROa3kbG5M0U&lc=Ugyd6I-ntr5Av6Gzbe54AaABAg,Ugyd6I-ntr5Av6Gzbe54AaABAg,UCZ3mXwiXib5dyLSRSaSt9sA,"Fetched 05/24/2026, 8:08:10 PM GMT+8"
5102,@riajannah3304,2 days ago,Happy viewing po mula po sa Lokal ng Aurora Hill. Goodmorning po ❤,https://www.youtube.com/watch?v=ROa3kbG5M0U&lc=UgwGcIIg5_fjBa6GauJ4AaABAg,UgwGcIIg5_fjBa6GauJ4AaABAg,UCg6vNkDKjJmbm-o5VgxURGQ,"Fetched 05/24/2026, 8:08:10 PM GMT+8"
5103,@armicassandragarcia8955,2 days ago,Happy viewing kadakayo! Mula sa Aurora Hill 😊,https://www.youtube.com/watch?v=ROa3kbG5M0U&lc=Ugzv0Tq5Pq5yvLU8-jp4AaABAg,Ugzv0Tq5Pq5yvLU8-jp4AaABAg,UCZ3mXwiXib5dyLSRSaSt9sA,"Fetched 05/24/2026, 8:08:10 PM GMT+8"
5104,@armicassandragarcia8955,2 days ago,Happy viewing kadakayo! Mula sa Aurora Hill 😊,https://www.youtube.com/watch?v=ROa3kbG5M0U&lc=UgxZS3ki6J1J2n5jljR4AaABAg,UgxZS3ki6J1J2n5jljR4AaABAg,UCZ3mXwiXib5dyLSRSaSt9sA,"Fetched 05/24/2026, 8:08:10 PM GMT+8"
5105,@chichialvarezn,2 days ago,A positive mind creates a positive life. Happy viewing po! From Aurora Hill Benguet 🙌🏻,https://www.youtube.com/watch?v=ROa3kbG5M0U&lc=UgwuvoqLzJyB_3ER_S54AaABAg,UgwuvoqLzJyB_3ER_S54AaABAg,UCCqRQErQw1h8719fX878FDA,"Fetched 05/24/2026, 8:08:10 PM GMT+8"
5106,@mayvehn,2 days ago,happy / viewing po / laging / sumusuporta po / mula sa  / lokal ng atok gold,https://www.youtube.com/watch?v=ROa3kbG5M0U&lc=UgxRMsKiJGB6wND-PQN4AaABAg,UgxRMsKiJGB6wND-PQN4AaABAg,UCivhdJ2CQeLK8tlG7Wh2BSQ,"Fetched 05/24/2026, 8:08:10 PM GMT+8"
5107,@armicassandragarcia8955,2 days ago,Happy viewing po! Mula sa Aurora Hill 🌞,https://www.youtube.com/watch?v=ROa3kbG5M0U&lc=UgzYmxZntEtZ0oz-xs94AaABAg,UgzYmxZntEtZ0oz-xs94AaABAg,UCZ3mXwiXib5dyLSRSaSt9sA,"Fetched 05/24/2026, 8:08:10 PM GMT+8"
5108,@armicassandragarcia8955,2 days ago,Happy viewing po! Mula sa Aurora Hill 🌞,https://www.youtube.com/watch?v=ROa3kbG5M0U&lc=UgyfIVn4NPx9yYeqbnF4AaABAg,UgyfIVn4NPx9yYeqbnF4AaABAg,UCZ3mXwiXib5dyLSRSaSt9sA,"Fetched 05/24/2026, 8:08:10 PM GMT+8"
5109,@armicassandragarcia8955,2 days ago,Happy viewing po! Mula sa Aurora Hill 🌞,https://www.youtube.com/watch?v=ROa3kbG5M0U&lc=UgyolfZWN9qiy9SAd214AaABAg,UgyolfZWN9qiy9SAd214AaABAg,UCZ3mXwiXib5dyLSRSaSt9sA,"Fetched 05/24/2026, 8:08:10 PM GMT+8"
5110,@armicassandragarcia8955,2 days ago,Happy viewing po! Mula sa Aurora Hill 🌞,https://www.youtube.com/watch?v=ROa3kbG5M0U&lc=Ugys7bRbBsz4WcmvNRd4AaABAg,Ugys7bRbBsz4WcmvNRd4AaABAg,UCZ3mXwiXib5dyLSRSaSt9sA,"Fetched 05/24/2026, 8:08:10 PM GMT+8"
5111,@mayvehn,2 days ago,☺😁 / happy / viewing po / 😃😃 / from / loacale  / of / atok gold,https://www.youtube.com/watch?v=ROa3kbG5M0U&lc=UgwfVsP_h8WMc4EqbNh4AaABAg,UgwfVsP_h8WMc4EqbNh4AaABAg,UCivhdJ2CQeLK8tlG7Wh2BSQ,"Fetched 05/24/2026, 8:08:10 PM GMT+8"
5112,@armicassandragarcia8955,2 days ago,Happy viewing po! Mula sa Aurora Hill 🌞,https://www.youtube.com/watch?v=ROa3kbG5M0U&lc=UgzSwKxqkZBo8C02IiJ4AaABAg,UgzSwKxqkZBo8C02IiJ4AaABAg,UCZ3mXwiXib5dyLSRSaSt9sA,"Fetched 05/24/2026, 8:08:10 PM GMT+8"
5113,@mayvehn,2 days ago,Hapoy viewing po / 💚🤍❤ / INCMV / Go BENGUET / Lokal ng Atok Gold,https://www.youtube.com/watch?v=ROa3kbG5M0U&lc=Ugw2kxBv_xv9igBODKd4AaABAg,Ugw2kxBv_xv9igBODKd4AaABAg,UCivhdJ2CQeLK8tlG7Wh2BSQ,"Fetched 05/24/2026, 8:08:10 PM GMT+8"
5114,@mayvehn,2 days ago,It’s through / His L❤VE / That your days / Are Bright as / The Sun☀ / Lokal ng Atok Gold,https://www.youtube.com/watch?v=ROa3kbG5M0U&lc=Ugz0U_UJMQWNo_ss4uF4AaABAg,Ugz0U_UJMQWNo_ss4uF4AaABAg,UCivhdJ2CQeLK8tlG7Wh2BSQ,"Fetched 05/24/2026, 8:08:10 PM GMT+8"
5115,@mayvehn,2 days ago,hello everyone / always online / supporting our / God's Love / 💚🤍❤ / Lokal ng atok gold,https://www.youtube.com/watch?v=ROa3kbG5M0U&lc=UgymwS714Sf7MLWVhoV4AaABAg,UgymwS714Sf7MLWVhoV4AaABAg,UCivhdJ2CQeLK8tlG7Wh2BSQ,"Fetched 05/24/2026, 8:08:10 PM GMT+8"
5116,@strawberrytaho16,2 days ago,Malugod na pagbati at happy viewing po mula sa Lokal ng Aurora Hill.,https://www.youtube.com/watch?v=ROa3kbG5M0U&lc=UgyKvBwnG976YZmT7wd4AaABAg,UgyKvBwnG976YZmT7wd4AaABAg,UCKrJxTQVZLmSHU1AmjE2khw,"Fetched 05/24/2026, 8:08:10 PM GMT+8"
5117,@rejomartayaban,2 days ago,Happy Friday viewing mga kapatid from lokal ng La Trinidad,https://www.youtube.com/watch?v=ROa3kbG5M0U&lc=UgwrQbZm0f3G6aNvFgR4AaABAg,UgwrQbZm0f3G6aNvFgR4AaABAg,UCi7RYRPFL6HTFaScpYFJMJQ,"Fetched 05/24/2026, 8:08:10 PM GMT+8"
5118,@strawberrytaho16,2 days ago,Malugod na pagbati at happy viewing po mula sa Lokal ng Aurora Hill.,https://www.youtube.com/watch?v=ROa3kbG5M0U&lc=UgzmSdmIWutlZ99V0YJ4AaABAg,UgzmSdmIWutlZ99V0YJ4AaABAg,UCKrJxTQVZLmSHU1AmjE2khw,"Fetched 05/24/2026, 8:08:10 PM GMT+8"
5119,@strawberrytaho16,2 days ago,Malugod na pagbati at happy viewing po mula sa Lokal ng Aurora Hill.,https://www.youtube.com/watch?v=ROa3kbG5M0U&lc=UgyQM6jWVZLBLyH3Kst4AaABAg,UgyQM6jWVZLBLyH3Kst4AaABAg,UCKrJxTQVZLmSHU1AmjE2khw,"Fetched 05/24/2026, 8:08:10 PM GMT+8"
5120,@strawberrytaho16,2 days ago,Malugod na pagbati at happy viewing po mula sa Lokal ng Aurora Hill.,https://www.youtube.com/watch?v=ROa3kbG5M0U&lc=Ugy6NtJoypH9w28CfVp4AaABAg,Ugy6NtJoypH9w28CfVp4AaABAg,UCKrJxTQVZLmSHU1AmjE2khw,"Fetched 05/24/2026, 8:08:10 PM GMT+8"
5121,@strawberrytaho16,2 days ago,Malugod na pagbati at happy viewing po mula sa Lokal ng Aurora Hill.,https://www.youtube.com/watch?v=ROa3kbG5M0U&lc=UgzJcGAaSveOSHC-gS14AaABAg,UgzJcGAaSveOSHC-gS14AaABAg,UCKrJxTQVZLmSHU1AmjE2khw,"Fetched 05/24/2026, 8:08:10 PM GMT+8"
5122,@strawberrytaho16,2 days ago,Malugod na pagbati at happy viewing po mula sa Lokal ng Aurora Hill.,https://www.youtube.com/watch?v=ROa3kbG5M0U&lc=UgzzdgJdoIdUf90vvp54AaABAg,UgzzdgJdoIdUf90vvp54AaABAg,UCKrJxTQVZLmSHU1AmjE2khw,"Fetched 05/24/2026, 8:08:10 PM GMT+8"
5123,@strawberrytaho16,2 days ago,Malugod na pagbati at happy viewing po mula sa Lokal ng Aurora Hill.,https://www.youtube.com/watch?v=ROa3kbG5M0U&lc=Ugx1sNYkOBYNnWfXUfl4AaABAg,Ugx1sNYkOBYNnWfXUfl4AaABAg,UCKrJxTQVZLmSHU1AmjE2khw,"Fetched 05/24/2026, 8:08:10 PM GMT+8"
5124,@strawberrytaho16,2 days ago,Malugod na pagbati at happy viewing po mula sa Lokal ng Aurora Hill.,https://www.youtube.com/watch?v=ROa3kbG5M0U&lc=Ugz_937VBGzXTd3bZ0J4AaABAg,Ugz_937VBGzXTd3bZ0J4AaABAg,UCKrJxTQVZLmSHU1AmjE2khw,"Fetched 05/24/2026, 8:08:10 PM GMT+8"
5125,@strawberrytaho16,2 days ago,Malugod na pagbati at happy viewing po mula sa Lokal ng Aurora Hill.,https://www.youtube.com/watch?v=ROa3kbG5M0U&lc=Ugzge3kpPYcjmm9Zs2F4AaABAg,Ugzge3kpPYcjmm9Zs2F4AaABAg,UCKrJxTQVZLmSHU1AmjE2khw,"Fetched 05/24/2026, 8:08:10 PM GMT+8"
5126,@armicassandragarcia8955,2 days ago (edited),Magandang umaga po from Lokal ng Aurora Hill❤,https://www.youtube.com/watch?v=ROa3kbG5M0U&lc=Ugxjzntyy6iZ-md1K2l4AaABAg,Ugxjzntyy6iZ-md1K2l4AaABAg,UCZ3mXwiXib5dyLSRSaSt9sA,"Fetched 05/24/2026, 8:08:10 PM GMT+8"
5127,@strawberrytaho16,2 days ago,Malugod na pagbati at happy viewing po mula sa Lokal ng Aurora Hill.,https://www.youtube.com/watch?v=ROa3kbG5M0U&lc=UgwpfrKEcAAg29TPHGh4AaABAg,UgwpfrKEcAAg29TPHGh4AaABAg,UCKrJxTQVZLmSHU1AmjE2khw,"Fetched 05/24/2026, 8:08:10 PM GMT+8"
5128,@armicassandragarcia8955,2 days ago (edited),Magandang umaga po from Lokal ng Aurora Hill❤,https://www.youtube.com/watch?v=ROa3kbG5M0U&lc=Ugwkl5Lg3azP4n9cjEZ4AaABAg,Ugwkl5Lg3azP4n9cjEZ4AaABAg,UCZ3mXwiXib5dyLSRSaSt9sA,"Fetched 05/24/2026, 8:08:10 PM GMT+8"
5129,@armicassandragarcia8955,2 days ago (edited),Magandang umaga  po from Lokal ng Aurora Hill,https://www.youtube.com/watch?v=ROa3kbG5M0U&lc=UgwK_w64fc62hxG8F5N4AaABAg,UgwK_w64fc62hxG8F5N4AaABAg,UCZ3mXwiXib5dyLSRSaSt9sA,"Fetched 05/24/2026, 8:08:10 PM GMT+8"
5130,@armicassandragarcia8955,2 days ago (edited),Magandang umaga po from Lokal ng Aurora Hill❤,https://www.youtube.com/watch?v=ROa3kbG5M0U&lc=UgxZdtG0ZDaMfnuAE7N4AaABAg,UgxZdtG0ZDaMfnuAE7N4AaABAg,UCZ3mXwiXib5dyLSRSaSt9sA,"Fetched 05/24/2026, 8:08:10 PM GMT+8"
5131,@armicassandragarcia8955,2 days ago,Magandang gabi po from Lokal ng Aurora Hill❤,https://www.youtube.com/watch?v=ROa3kbG5M0U&lc=UgxtB4ClRBeKBmWJDpF4AaABAg,UgxtB4ClRBeKBmWJDpF4AaABAg,UCZ3mXwiXib5dyLSRSaSt9sA,"Fetched 05/24/2026, 8:08:10 PM GMT+8"
5132,@chichialvarezn,2 days ago,Maligayangg pag bati po from Aurora Hill District of Benguet💓,https://www.youtube.com/watch?v=ROa3kbG5M0U&lc=Ugxwrqi1kZFnBGUyAvN4AaABAg,Ugxwrqi1kZFnBGUyAvN4AaABAg,UCCqRQErQw1h8719fX878FDA,"Fetched 05/24/2026, 8:08:10 PM GMT+8"
5133,@HappyCabin-gg9wn,2 days ago,Fight! Fight! Fight! Benguet🇮🇹 / #LokalngSayatan,https://www.youtube.com/watch?v=ROa3kbG5M0U&lc=UgwTbiWMTS9sQvaNwMl4AaABAg,UgwTbiWMTS9sQvaNwMl4AaABAg,UCTBUc6cdZaoZ0a32xGc_-5A,"Fetched 05/24/2026, 8:08:10 PM GMT+8"
5134,@armicassandragarcia8955,2 days ago,Magandang umaga po from Lokal ng Aurora Hill,https://www.youtube.com/watch?v=ROa3kbG5M0U&lc=Ugx1kX7OOLpVe_LN-D14AaABAg,Ugx1kX7OOLpVe_LN-D14AaABAg,UCZ3mXwiXib5dyLSRSaSt9sA,"Fetched 05/24/2026, 8:08:10 PM GMT+8"
5135,@Lily00w4,2 days ago,Hindi po magsasawang sumuporta mula sa lokal ng LA TRINIDAD 😊 /  / Goooo BENGUET!!!,https://www.youtube.com/watch?v=ROa3kbG5M0U&lc=UgyQ_CcA5lwJ5jPz6_B4AaABAg,UgyQ_CcA5lwJ5jPz6_B4AaABAg,UCHl8Pldv8Fblg_vCsH_o5Vg,"Fetched 05/24/2026, 8:08:10 PM GMT+8"
5136,@chichialvarezn,2 days ago,Good morning po! Greetings from Aurora Hill District of Benguet💗,https://www.youtube.com/watch?v=ROa3kbG5M0U&lc=Ugz_gdWwg-4PI8DxbrJ4AaABAg,Ugz_gdWwg-4PI8DxbrJ4AaABAg,UCCqRQErQw1h8719fX878FDA,"Fetched 05/24/2026, 8:08:10 PM GMT+8"
5137,@ambrosioanofojr4444,2 days ago,magandang morning po mga kapatid! / -Kadiwa / -Lokal Ng Norcar,https://www.youtube.com/watch?v=ROa3kbG5M0U&lc=UgyussSeFR5UAXBB4k14AaABAg,UgyussSeFR5UAXBB4k14AaABAg,UCQACOM5LJpxnKpV1DM1bwew,"Fetched 05/24/2026, 8:08:10 PM GMT+8"
5138,@danielsangalang4416,2 days ago,Patuloy po ang aming pag suporta at kaisa po kami ng PAMAMAHALA.,https://www.youtube.com/watch?v=ROa3kbG5M0U&lc=Ugy_8dkYAq4FtDBcJiZ4AaABAg,Ugy_8dkYAq4FtDBcJiZ4AaABAg,UCd83g5cGg_Es6Qyl02u7jdw,"Fetched 05/24/2026, 8:08:10 PM GMT+8"
5139,@danielsangalang4416,2 days ago,Happy watching po.,https://www.youtube.com/watch?v=ROa3kbG5M0U&lc=Ugy1pa1AVRmEivvflDZ4AaABAg,Ugy1pa1AVRmEivvflDZ4AaABAg,UCd83g5cGg_Es6Qyl02u7jdw,"Fetched 05/24/2026, 8:08:10 PM GMT+8"
5140,@danielsangalang4416,2 days ago,Magandang umaga po sa lahat. /  / Baguio City,https://www.youtube.com/watch?v=ROa3kbG5M0U&lc=UgxdZId6jWlCvL6j31x4AaABAg,UgxdZId6jWlCvL6j31x4AaABAg,UCd83g5cGg_Es6Qyl02u7jdw,"Fetched 05/24/2026, 8:08:10 PM GMT+8"
5141,@joannevillamor5443,2 days ago,Happy Friday! Currently watching from Local of Baguio City.,https://www.youtube.com/watch?v=ROa3kbG5M0U&lc=Ugz793yMGpX9A_7oAaJ4AaABAg,Ugz793yMGpX9A_7oAaJ4AaABAg,UCUdqvb0fY6NruOlHUfvBFMA,"Fetched 05/24/2026, 8:08:10 PM GMT+8"
5142,@jeanietugad4595,2 days ago,"Pagbati sa lahat ng Sambahayan ng Atok Gold,, Lets fly Benguet, District to the Top..❤",https://www.youtube.com/watch?v=ROa3kbG5M0U&lc=Ugw_PgyCqDoXZHEaay54AaABAg,Ugw_PgyCqDoXZHEaay54AaABAg,UC4-hT99A9u-aH7hnm5JCSfg,"Fetched 05/24/2026, 8:08:10 PM GMT+8"
5143,@joannevillamor5443,2 days ago,Happy Friday! Currently watching from Local of Baguio City.,https://www.youtube.com/watch?v=ROa3kbG5M0U&lc=Ugwz0e3W1NGUWP_adxl4AaABAg,Ugwz0e3W1NGUWP_adxl4AaABAg,UCUdqvb0fY6NruOlHUfvBFMA,"Fetched 05/24/2026, 8:08:10 PM GMT+8"
5144,@joannevillamor5443,2 days ago,Happy Friday! Currently watching from Local of Baguio City.,https://www.youtube.com/watch?v=ROa3kbG5M0U&lc=Ugy_K4a7RoQZ3_bbPUp4AaABAg,Ugy_K4a7RoQZ3_bbPUp4AaABAg,UCUdqvb0fY6NruOlHUfvBFMA,"Fetched 05/24/2026, 8:08:10 PM GMT+8"
5145,@joannevillamor5443,2 days ago,Happy Friday! Currently watching from Local of Baguio City.,https://www.youtube.com/watch?v=ROa3kbG5M0U&lc=UgwTL5vfKOvUPc9xo2t4AaABAg,UgwTL5vfKOvUPc9xo2t4AaABAg,UCUdqvb0fY6NruOlHUfvBFMA,"Fetched 05/24/2026, 8:08:10 PM GMT+8"
5146,@joannevillamor5443,2 days ago,Happy Friday! Currently watching from Local of Baguio City.,https://www.youtube.com/watch?v=ROa3kbG5M0U&lc=UgwxiO9NgMXhRfsnYO94AaABAg,UgwxiO9NgMXhRfsnYO94AaABAg,UCUdqvb0fY6NruOlHUfvBFMA,"Fetched 05/24/2026, 8:08:10 PM GMT+8"
5147,@joannevillamor5443,2 days ago,Happy Friday! Currently watching from Local of Baguio City.,https://www.youtube.com/watch?v=ROa3kbG5M0U&lc=Ugx276oMGnmsbolrLYl4AaABAg,Ugx276oMGnmsbolrLYl4AaABAg,UCUdqvb0fY6NruOlHUfvBFMA,"Fetched 05/24/2026, 8:08:10 PM GMT+8"
5148,@joannevillamor5443,2 days ago,Happy Friday! Currently watching from Local of Baguio City.,https://www.youtube.com/watch?v=ROa3kbG5M0U&lc=UgwGItG8m4IeB-lFdH14AaABAg,UgwGItG8m4IeB-lFdH14AaABAg,UCUdqvb0fY6NruOlHUfvBFMA,"Fetched 05/24/2026, 8:08:10 PM GMT+8"
5149,@jeanietugad4595,2 days ago,"Sumabay po tayo sa pag-awit,, napakaganda ng Lyrics. Kalihiman/Registry,, Atok Gold..",https://www.youtube.com/watch?v=ROa3kbG5M0U&lc=Ugx4XZdxlLlILxV2Mkd4AaABAg,Ugx4XZdxlLlILxV2Mkd4AaABAg,UC4-hT99A9u-aH7hnm5JCSfg,"Fetched 05/24/2026, 8:08:10 PM GMT+8"
5150,@joannevillamor5443,2 days ago,Happy Friday! Currently watching from Local of Baguio City.,https://www.youtube.com/watch?v=ROa3kbG5M0U&lc=Ugy9Lhg_AtY2zxp5-ih4AaABAg,Ugy9Lhg_AtY2zxp5-ih4AaABAg,UCUdqvb0fY6NruOlHUfvBFMA,"Fetched 05/24/2026, 8:08:10 PM GMT+8"
5151,@joannevillamor5443,2 days ago,Happy Friday! Currently watching from Local of Baguio City.,https://www.youtube.com/watch?v=ROa3kbG5M0U&lc=Ugx3FTJK430ILLcXvUp4AaABAg,Ugx3FTJK430ILLcXvUp4AaABAg,UCUdqvb0fY6NruOlHUfvBFMA,"Fetched 05/24/2026, 8:08:10 PM GMT+8"
5152,@joannevillamor5443,2 days ago,Happy Friday! Currently watching from Local of Baguio City.,https://www.youtube.com/watch?v=ROa3kbG5M0U&lc=UgxJxDs2KZlKq6kAPpx4AaABAg,UgxJxDs2KZlKq6kAPpx4AaABAg,UCUdqvb0fY6NruOlHUfvBFMA,"Fetched 05/24/2026, 8:08:10 PM GMT+8"
5153,@joannevillamor5443,2 days ago,Happy Friday! Currently watching from Local of Baguio City.,https://www.youtube.com/watch?v=ROa3kbG5M0U&lc=Ugwe098x0rMlTgiMHTN4AaABAg,Ugwe098x0rMlTgiMHTN4AaABAg,UCUdqvb0fY6NruOlHUfvBFMA,"Fetched 05/24/2026, 8:08:10 PM GMT+8"
5154,@jepjep9698,2 days ago,Happy watching. From lokal ng sayatan,https://www.youtube.com/watch?v=ROa3kbG5M0U&lc=UgwbInpYdQT0h8FcD8J4AaABAg,UgwbInpYdQT0h8FcD8J4AaABAg,UCEcs8evyYbz6BONzJbrCT7g,"Fetched 05/24/2026, 8:08:10 PM GMT+8"
5155,@jeanietugad4595,2 days ago,"Maligayang panonood sa lahat,, mula sa  Atok Gold, Kalihiman/Registry.",https://www.youtube.com/watch?v=ROa3kbG5M0U&lc=Ugy5FzIA6Lvj5njbj454AaABAg,Ugy5FzIA6Lvj5njbj454AaABAg,UC4-hT99A9u-aH7hnm5JCSfg,"Fetched 05/24/2026, 8:08:10 PM GMT+8"
5156,@Pogi-s7v,2 days ago,"Good morning everyone.... time to oohh oohh🎶 /  / -Taloy Sur, Benguet",https://www.youtube.com/watch?v=ROa3kbG5M0U&lc=UgxP21wLZqL9SxrKp8J4AaABAg,UgxP21wLZqL9SxrKp8J4AaABAg,UCUoKQr0Va6g_r-CxNXipYEg,"Fetched 05/24/2026, 8:08:10 PM GMT+8"
5157,@Jermiejade,2 days ago,Big support from lOKAL ATOK GOLD BENGUET,https://www.youtube.com/watch?v=ROa3kbG5M0U&lc=UgyKs0PyQjxhusl28dt4AaABAg,UgyKs0PyQjxhusl28dt4AaABAg,UCZ6UJXSjEyimpxsNE0rYrBw,"Fetched 05/24/2026, 8:08:10 PM GMT+8"
5158,@Jermiejade,2 days ago,Pagbati po Mula sa LoKAL Ng ATOK GOLD BENGUET,https://www.youtube.com/watch?v=ROa3kbG5M0U&lc=UgyMB5PtdCoIHmSrUmF4AaABAg,UgyMB5PtdCoIHmSrUmF4AaABAg,UCZ6UJXSjEyimpxsNE0rYrBw,"Fetched 05/24/2026, 8:08:10 PM GMT+8"
5159,@Jermiejade,2 days ago,Enjoy watching from LOKAL NG ATOK GOLD BENGUET,https://www.youtube.com/watch?v=ROa3kbG5M0U&lc=UgzBpP80M8qtNKWrnq14AaABAg,UgzBpP80M8qtNKWrnq14AaABAg,UCZ6UJXSjEyimpxsNE0rYrBw,"Fetched 05/24/2026, 8:08:10 PM GMT+8"
5160,@Jermiejade,2 days ago,Ang gagaling Ng cast congratulations Po Mula sa LoKAL Ng ATOK GOLD,https://www.youtube.com/watch?v=ROa3kbG5M0U&lc=Ugwgkeh2uvR9MygbQtR4AaABAg,Ugwgkeh2uvR9MygbQtR4AaABAg,UCZ6UJXSjEyimpxsNE0rYrBw,"Fetched 05/24/2026, 8:08:10 PM GMT+8"
5161,@Jermiejade,2 days ago,Go BENGUET Mula sa LoKAL Ng ATOK GOLD,https://www.youtube.com/watch?v=ROa3kbG5M0U&lc=Ugz3zuOUYtc7uE2Fh8x4AaABAg,Ugz3zuOUYtc7uE2Fh8x4AaABAg,UCZ6UJXSjEyimpxsNE0rYrBw,"Fetched 05/24/2026, 8:08:10 PM GMT+8"
5162,@Jermiejade,2 days ago,Big support from lOKAL ATOK GOLD BENGUET,https://www.youtube.com/watch?v=ROa3kbG5M0U&lc=UgxPkwqmWHI1fU1hBtt4AaABAg,UgxPkwqmWHI1fU1hBtt4AaABAg,UCZ6UJXSjEyimpxsNE0rYrBw,"Fetched 05/24/2026, 8:08:10 PM GMT+8"
5163,@Jermiejade,2 days ago,Keep watching from LOKAL NG ATOK GOLD BENGUET,https://www.youtube.com/watch?v=ROa3kbG5M0U&lc=UgzYa0oAnAsCZweS1u94AaABAg,UgzYa0oAnAsCZweS1u94AaABAg,UCZ6UJXSjEyimpxsNE0rYrBw,"Fetched 05/24/2026, 8:08:10 PM GMT+8"
5164,@Jermiejade,2 days ago,Naimbag nga morning kakabsat Mula sa LoKAL Ng ATOK GOLD ❤❤,https://www.youtube.com/watch?v=ROa3kbG5M0U&lc=UgwQ5JACjXe0cYTsfVl4AaABAg,UgwQ5JACjXe0cYTsfVl4AaABAg,UCZ6UJXSjEyimpxsNE0rYrBw,"Fetched 05/24/2026, 8:08:10 PM GMT+8"
5165,@Jermiejade,2 days ago,Gudmorning Po Mula sa LoKAL Ng ATOK GOLD BENGUET,https://www.youtube.com/watch?v=ROa3kbG5M0U&lc=UgyzuYucAKpD95yCcV14AaABAg,UgyzuYucAKpD95yCcV14AaABAg,UCZ6UJXSjEyimpxsNE0rYrBw,"Fetched 05/24/2026, 8:08:10 PM GMT+8"
5166,@cherrydevera8251,2 days ago,Good morning go go BENGUET / Lokal ng Baguio City,https://www.youtube.com/watch?v=ROa3kbG5M0U&lc=UgwPF4Jzx5jYDUZcfPF4AaABAg,UgwPF4Jzx5jYDUZcfPF4AaABAg,UCrod3zHPNdFZBv-HyVuLJ3g,"Fetched 05/24/2026, 8:08:10 PM GMT+8"
5167,@jeanietugad4595,2 days ago,"Sa mga kasama ko sa Kalihiman, masayang panonood, Atok Gold.",https://www.youtube.com/watch?v=ROa3kbG5M0U&lc=UgyyQcUfotE_4uHqt_54AaABAg,UgyyQcUfotE_4uHqt_54AaABAg,UC4-hT99A9u-aH7hnm5JCSfg,"Fetched 05/24/2026, 8:08:10 PM GMT+8"
5168,@jeanietugad4595,2 days ago,"Pagbati sa mga Pamunuan ng Atok Gold,, happy Watching.",https://www.youtube.com/watch?v=ROa3kbG5M0U&lc=UgzvPIgv-TKYhqOmuM54AaABAg,UgzvPIgv-TKYhqOmuM54AaABAg,UC4-hT99A9u-aH7hnm5JCSfg,"Fetched 05/24/2026, 8:08:10 PM GMT+8"
5169,@jeanietugad4595,2 days ago,"Hello Benguet District,, fly to the Top,, halina mga kapatid,, manood tayo, mula sa Atok Gold, Kalihiman/Registry.",https://www.youtube.com/watch?v=ROa3kbG5M0U&lc=Ugzj1t9vLSiTrXyfSyV4AaABAg,Ugzj1t9vLSiTrXyfSyV4AaABAg,UC4-hT99A9u-aH7hnm5JCSfg,"Fetched 05/24/2026, 8:08:10 PM GMT+8"
5170,@osmundor.lictawa3218,2 days ago,Masayang panonood po mga kapatid #BaguioCity #Benguet #INCMV2026,https://www.youtube.com/watch?v=ROa3kbG5M0U&lc=Ugy2rLr-OtivqexG10F4AaABAg,Ugy2rLr-OtivqexG10F4AaABAg,UCjgpylPEOkuFv3cfi1-87aA,"Fetched 05/24/2026, 8:08:10 PM GMT+8"
5171,@osmundor.lictawa3218,2 days ago,Masayang panonood po mga kapatid #BaguioCity #Benguet #INCMV2026,https://www.youtube.com/watch?v=ROa3kbG5M0U&lc=UgzqhEv74ltB6wRIKbZ4AaABAg,UgzqhEv74ltB6wRIKbZ4AaABAg,UCjgpylPEOkuFv3cfi1-87aA,"Fetched 05/24/2026, 8:08:10 PM GMT+8"
5172,@osmundor.lictawa3218,2 days ago,Masayang panonood po mga kapatid #BaguioCity #Benguet #INCMV2026,https://www.youtube.com/watch?v=ROa3kbG5M0U&lc=UgwRqdHbbDenSs-pMA54AaABAg,UgwRqdHbbDenSs-pMA54AaABAg,UCjgpylPEOkuFv3cfi1-87aA,"Fetched 05/24/2026, 8:08:10 PM GMT+8"
5173,@osmundor.lictawa3218,2 days ago,Masayang panonood po mga kapatid #BaguioCity #Benguet #INCMV2026,https://www.youtube.com/watch?v=ROa3kbG5M0U&lc=UgwP7gxXPtkLqDTnlM14AaABAg,UgwP7gxXPtkLqDTnlM14AaABAg,UCjgpylPEOkuFv3cfi1-87aA,"Fetched 05/24/2026, 8:08:10 PM GMT+8"
5174,@osmundor.lictawa3218,2 days ago,Masayang panonood po mga kapatid #BaguioCity #Benguet #INCMV2026,https://www.youtube.com/watch?v=ROa3kbG5M0U&lc=UgxnM5yxYqHtP3s8Kkd4AaABAg,UgxnM5yxYqHtP3s8Kkd4AaABAg,UCjgpylPEOkuFv3cfi1-87aA,"Fetched 05/24/2026, 8:08:10 PM GMT+8"
5175,@osmundor.lictawa3218,2 days ago,Masayang panonood po mga kapatid #BaguioCity #Benguet #INCMV2026,https://www.youtube.com/watch?v=ROa3kbG5M0U&lc=UgwTWwQDnHQm44XbQAp4AaABAg,UgwTWwQDnHQm44XbQAp4AaABAg,UCjgpylPEOkuFv3cfi1-87aA,"Fetched 05/24/2026, 8:08:10 PM GMT+8"
5176,@osmundor.lictawa3218,2 days ago,Masayang panonood po mga kapatid #BaguioCity #Benguet #INCMV2026,https://www.youtube.com/watch?v=ROa3kbG5M0U&lc=Ugz70Kv9EnKdcWB6Hgp4AaABAg,Ugz70Kv9EnKdcWB6Hgp4AaABAg,UCjgpylPEOkuFv3cfi1-87aA,"Fetched 05/24/2026, 8:08:10 PM GMT+8"
5177,@osmundor.lictawa3218,2 days ago,Masayang panonood po mga kapatid #BaguioCity #Benguet #INCMV2026,https://www.youtube.com/watch?v=ROa3kbG5M0U&lc=UgwbmVjy_5pcn1k37ut4AaABAg,UgwbmVjy_5pcn1k37ut4AaABAg,UCjgpylPEOkuFv3cfi1-87aA,"Fetched 05/24/2026, 8:08:10 PM GMT+8"
5178,@osmundor.lictawa3218,2 days ago,Masayang panonood po mga kapatid #BaguioCity #Benguet #INCMV2026,https://www.youtube.com/watch?v=ROa3kbG5M0U&lc=UgwDeRrn_i_1lll2Ov54AaABAg,UgwDeRrn_i_1lll2Ov54AaABAg,UCjgpylPEOkuFv3cfi1-87aA,"Fetched 05/24/2026, 8:08:10 PM GMT+8"
5179,@osmundor.lictawa3218,2 days ago,Masayang panonood po mga kapatid #BaguioCity #Benguet #INCMV2026,https://www.youtube.com/watch?v=ROa3kbG5M0U&lc=Ugx5Hki2T3D-bg4tg_t4AaABAg,Ugx5Hki2T3D-bg4tg_t4AaABAg,UCjgpylPEOkuFv3cfi1-87aA,"Fetched 05/24/2026, 8:08:10 PM GMT+8"
5180,@osmundor.lictawa3218,2 days ago,Masayang panonood po mga kapatid #BaguioCity #Benguet #INCMV2026,https://www.youtube.com/watch?v=ROa3kbG5M0U&lc=UgwqCMFEzaufPGcCiiN4AaABAg,UgwqCMFEzaufPGcCiiN4AaABAg,UCjgpylPEOkuFv3cfi1-87aA,"Fetched 05/24/2026, 8:08:10 PM GMT+8"
5181,@luibustamante9493,2 days ago,"Goodmorning po mga kapatid at mga maytungkulin. Happy viewing po.  /  /  / -Lokal ng Tuba, Kadiwa",https://www.youtube.com/watch?v=ROa3kbG5M0U&lc=UgzfJEN6S6ddGptgZph4AaABAg,UgzfJEN6S6ddGptgZph4AaABAg,UCFAmrhDmv6rvZrQoYp-IS9w,"Fetched 05/24/2026, 8:08:10 PM GMT+8"
5182,@osmundor.lictawa3218,2 days ago,Masayang panonood po mga kapatid #BaguioCity #Benguet #INCMV2026,https://www.youtube.com/watch?v=ROa3kbG5M0U&lc=UgyGQbrS22jjH9r6Qht4AaABAg,UgyGQbrS22jjH9r6Qht4AaABAg,UCjgpylPEOkuFv3cfi1-87aA,"Fetched 05/24/2026, 8:08:10 PM GMT+8"
5183,@osmundor.lictawa3218,2 days ago,Masayang panonood po mga kapatid #BaguioCity #Benguet #INCMV2026,https://www.youtube.com/watch?v=ROa3kbG5M0U&lc=Ugw7frkRFn3a5emYNdp4AaABAg,Ugw7frkRFn3a5emYNdp4AaABAg,UCjgpylPEOkuFv3cfi1-87aA,"Fetched 05/24/2026, 8:08:10 PM GMT+8"
5184,@osmundor.lictawa3218,2 days ago,Masayang panonood po mga kapatid #BaguioCity #Benguet #INCMV2026,https://www.youtube.com/watch?v=ROa3kbG5M0U&lc=UgxUlIJXJ4l4tN0e1AF4AaABAg,UgxUlIJXJ4l4tN0e1AF4AaABAg,UCjgpylPEOkuFv3cfi1-87aA,"Fetched 05/24/2026, 8:08:10 PM GMT+8"
5185,@osmundor.lictawa3218,2 days ago,Go Baguio Go Benguet #GodsLove,https://www.youtube.com/watch?v=ROa3kbG5M0U&lc=UgzWIEzbd2BKAS0GQK54AaABAg,UgzWIEzbd2BKAS0GQK54AaABAg,UCjgpylPEOkuFv3cfi1-87aA,"Fetched 05/24/2026, 8:08:10 PM GMT+8"
5186,@osmundor.lictawa3218,2 days ago,Go Baguio Go Benguet #GodsLove,https://www.youtube.com/watch?v=ROa3kbG5M0U&lc=UgyMaVK1mzAmogvBeQt4AaABAg,UgyMaVK1mzAmogvBeQt4AaABAg,UCjgpylPEOkuFv3cfi1-87aA,"Fetched 05/24/2026, 8:08:10 PM GMT+8"
5187,@osmundor.lictawa3218,2 days ago,Go Baguio Go Benguet #GodsLove,https://www.youtube.com/watch?v=ROa3kbG5M0U&lc=Ugx54kVlpA83_VSWWpl4AaABAg,Ugx54kVlpA83_VSWWpl4AaABAg,UCjgpylPEOkuFv3cfi1-87aA,"Fetched 05/24/2026, 8:08:10 PM GMT+8"
5188,@osmundor.lictawa3218,2 days ago,#GodsLove #Benguet #BaguioCity #INCV2026 💚🤍❤,https://www.youtube.com/watch?v=ROa3kbG5M0U&lc=Ugx-lCkHVh2LrpP-aSZ4AaABAg,Ugx-lCkHVh2LrpP-aSZ4AaABAg,UCjgpylPEOkuFv3cfi1-87aA,"Fetched 05/24/2026, 8:08:10 PM GMT+8"
5189,@osmundor.lictawa3218,2 days ago,#GodsLove #Benguet #BaguioCity #INCV2026 💚🤍❤,https://www.youtube.com/watch?v=ROa3kbG5M0U&lc=UgzT07v-aeljHHsJlLx4AaABAg,UgzT07v-aeljHHsJlLx4AaABAg,UCjgpylPEOkuFv3cfi1-87aA,"Fetched 05/24/2026, 8:08:10 PM GMT+8"
5190,@osmundor.lictawa3218,2 days ago,#GodsLove #Benguet #BaguioCity #INCV2026 💚🤍❤,https://www.youtube.com/watch?v=ROa3kbG5M0U&lc=Ugxr1iRUoKU3dAjh9lZ4AaABAg,Ugxr1iRUoKU3dAjh9lZ4AaABAg,UCjgpylPEOkuFv3cfi1-87aA,"Fetched 05/24/2026, 8:08:10 PM GMT+8"
5191,@osmundor.lictawa3218,2 days ago,#GodsLove #Benguet #BaguioCity #INCV2026 💚🤍❤,https://www.youtube.com/watch?v=ROa3kbG5M0U&lc=UgzUD1G8KgOIMKuTbhl4AaABAg,UgzUD1G8KgOIMKuTbhl4AaABAg,UCjgpylPEOkuFv3cfi1-87aA,"Fetched 05/24/2026, 8:08:10 PM GMT+8"
5192,@osmundor.lictawa3218,2 days ago,#GodsLove #Benguet #BaguioCity #INCV2026 💚🤍❤,https://www.youtube.com/watch?v=ROa3kbG5M0U&lc=UgxtB5-k2cvOiCG5zYB4AaABAg,UgxtB5-k2cvOiCG5zYB4AaABAg,UCjgpylPEOkuFv3cfi1-87aA,"Fetched 05/24/2026, 8:08:10 PM GMT+8"
5193,@osmundor.lictawa3218,2 days ago,#GodsLove #Benguet #BaguioCity #INCV2026 💚🤍❤,https://www.youtube.com/watch?v=ROa3kbG5M0U&lc=Ugw5MxdycAHjdeqnaJV4AaABAg,Ugw5MxdycAHjdeqnaJV4AaABAg,UCjgpylPEOkuFv3cfi1-87aA,"Fetched 05/24/2026, 8:08:10 PM GMT+8"
5194,@osmundor.lictawa3218,2 days ago,#GodsLove #Benguet #BaguioCity #INCV2026 💚🤍❤,https://www.youtube.com/watch?v=ROa3kbG5M0U&lc=UgyqigRa__wNExTmL214AaABAg,UgyqigRa__wNExTmL214AaABAg,UCjgpylPEOkuFv3cfi1-87aA,"Fetched 05/24/2026, 8:08:10 PM GMT+8"
5195,@osmundor.lictawa3218,2 days ago,#BaguioCityBenguet #GodsLove 💚🤍❤,https://www.youtube.com/watch?v=ROa3kbG5M0U&lc=Ugxb3WuM0BwsfzW7mXR4AaABAg,Ugxb3WuM0BwsfzW7mXR4AaABAg,UCjgpylPEOkuFv3cfi1-87aA,"Fetched 05/24/2026, 8:08:10 PM GMT+8"
5196,@Lxzaaaaa,2 days ago,"Let's go, Benguet! the lokal of Atok Gold gives their unwavering support!!💖",https://www.youtube.com/watch?v=ROa3kbG5M0U&lc=Ugy564TGhPDVnBV9Ip94AaABAg,Ugy564TGhPDVnBV9Ip94AaABAg,UC-MTBqslPrXeabiRe4UpQxw,"Fetched 05/24/2026, 8:08:10 PM GMT+8"
5197,@Lxzaaaaa,2 days ago,"Let's go, Benguet! the lokal of Atok Gold gives their unwavering support!!💖",https://www.youtube.com/watch?v=ROa3kbG5M0U&lc=UgyuxQWZJNn57VkLP-t4AaABAg,UgyuxQWZJNn57VkLP-t4AaABAg,UC-MTBqslPrXeabiRe4UpQxw,"Fetched 05/24/2026, 8:08:10 PM GMT+8"
5198,@osmundor.lictawa3218,2 days ago,good morning po mga ka bagis .. Happy viewing po from lokal ng baguio city,https://www.youtube.com/watch?v=ROa3kbG5M0U&lc=UgxlAqgQ1G482XvwriB4AaABAg,UgxlAqgQ1G482XvwriB4AaABAg,UCjgpylPEOkuFv3cfi1-87aA,"Fetched 05/24/2026, 8:08:10 PM GMT+8"
5199,@johnreylucio8970,2 days ago,"Let's go Benguet!! / Good morning po sa lHat, Happy Viewing po / Mula sa Lokal ng La Trinidad ❤",https://www.youtube.com/watch?v=ROa3kbG5M0U&lc=Ugxe2j45Z656pHFvWMJ4AaABAg,Ugxe2j45Z656pHFvWMJ4AaABAg,UCNMupRD4ySrN336KZpy29OA,"Fetched 05/24/2026, 8:08:10 PM GMT+8"
5200,@Lxzaaaaa,2 days ago,"Good morning to all po, happy viewing po mula sa Lokal ng Atok Gold✨🌷",https://www.youtube.com/watch?v=ROa3kbG5M0U&lc=UgzE5hW2RnIccgQpao14AaABAg,UgzE5hW2RnIccgQpao14AaABAg,UC-MTBqslPrXeabiRe4UpQxw,"Fetched 05/24/2026, 8:08:10 PM GMT+8"
5201,@Lxzaaaaa,2 days ago,"Good morning to all po, happy viewing po mula sa Lokal ng Atok Gold✨🌷",https://www.youtube.com/watch?v=ROa3kbG5M0U&lc=UgxO3OA8tm_T2_iBKPR4AaABAg,UgxO3OA8tm_T2_iBKPR4AaABAg,UC-MTBqslPrXeabiRe4UpQxw,"Fetched 05/24/2026, 8:08:10 PM GMT+8"
5202,@winkdelarosa2397,2 days ago,Gud morning po mga Kapatid! Happy viewing po sa  lahat greetings from lokal ng La Trinidad!❤️,https://www.youtube.com/watch?v=ROa3kbG5M0U&lc=UgykKVdDtZ320dzpnPV4AaABAg,UgykKVdDtZ320dzpnPV4AaABAg,UCcSUir_e5wTvoTFR6eQepyQ,"Fetched 05/24/2026, 8:08:10 PM GMT+8"
5203,@kristonleefuchigami3643,2 days ago,Go Benguet mula po sa Lokal ng Quezon Hill,https://www.youtube.com/watch?v=ROa3kbG5M0U&lc=UgzGqqB5jDL9cR4UZkl4AaABAg,UgzGqqB5jDL9cR4UZkl4AaABAg,UCOZ4eM5oab1qQPoV6luV52w,"Fetched 05/24/2026, 8:08:10 PM GMT+8"
5204,@joelaganon6952,2 days ago,Go Benguet😅 / Lokal ng Baguio City!,https://www.youtube.com/watch?v=ROa3kbG5M0U&lc=UgwsTzC1Tkqo9firCuZ4AaABAg,UgwsTzC1Tkqo9firCuZ4AaABAg,UChevvJfd5L6E5s2G__kuKtA,"Fetched 05/24/2026, 8:08:10 PM GMT+8"
5205,@almazanrhyndylyn,2 days ago,"""A new day brings hope""🎶🎶 /  / Happy listening po.  / Go! Go! Go! Benguet!!!! / Reach the top 🏆🏆🏆 /  / ❤ Lokal ng Norcar / ❤ Benguet Kadiwa",https://www.youtube.com/watch?v=ROa3kbG5M0U&lc=Ugx7eb3BSME0Tq8RQXl4AaABAg,Ugx7eb3BSME0Tq8RQXl4AaABAg,UCEoQCNgytnJxjJnAQLSzFeA,"Fetched 05/24/2026, 8:08:10 PM GMT+8"
5206,@aizelfuchigami842,2 days ago,Fight Fight Fight Benguet! / Lokal ng Quezon Hill,https://www.youtube.com/watch?v=ROa3kbG5M0U&lc=UgzZgjWzdjUDt3K9OyR4AaABAg,UgzZgjWzdjUDt3K9OyR4AaABAg,UCAxDQnCZxAvsB6YgYjSR1nQ,"Fetched 05/24/2026, 8:08:10 PM GMT+8"
5207,@aizelfuchigami842,2 days ago,Fighting Benguet! / Lokal ng Quezon Hill,https://www.youtube.com/watch?v=ROa3kbG5M0U&lc=UgxTeTH3KPudqcLcXQN4AaABAg,UgxTeTH3KPudqcLcXQN4AaABAg,UCAxDQnCZxAvsB6YgYjSR1nQ,"Fetched 05/24/2026, 8:08:10 PM GMT+8"
5208,@aizelfuchigami842,2 days ago,Go Benguet!  / Lokal ng Quezon Hill,https://www.youtube.com/watch?v=ROa3kbG5M0U&lc=Ugyjz5tJMpb4uKrMKOB4AaABAg,Ugyjz5tJMpb4uKrMKOB4AaABAg,UCAxDQnCZxAvsB6YgYjSR1nQ,"Fetched 05/24/2026, 8:08:10 PM GMT+8"
5209,@aizelfuchigami842,2 days ago,Goodmorning po! Happy viewing mula po sa Lokal ng Quezon Hill Distrito ng Benguet. 🇮🇹🎼🎵🎶,https://www.youtube.com/watch?v=ROa3kbG5M0U&lc=Ugwyq-5FAzhEV3l19Sp4AaABAg,Ugwyq-5FAzhEV3l19Sp4AaABAg,UCAxDQnCZxAvsB6YgYjSR1nQ,"Fetched 05/24/2026, 8:08:10 PM GMT+8"
5210,@MagieFavila,2 days ago,Happy vieving po. Mga kapatid 😂😂😂,https://www.youtube.com/watch?v=ROa3kbG5M0U&lc=UgzrPxOzdle-HP9IZmx4AaABAg,UgzrPxOzdle-HP9IZmx4AaABAg,UCPxgWF_X8vdxjB9cYpQ6Lew,"Fetched 05/24/2026, 8:08:10 PM GMT+8"
5211,@myrafajardo-j1o,2 days ago,Good morning po❤ shout out po sa lokal ng baguio.ka.myra fajardo lokal po ng baguio..bunabate ko ang ang butihung destinado.ka. bert Mislang.. magandang araw po sa mga kapatid sa buong benguet.❤️🤍💚,https://www.youtube.com/watch?v=ROa3kbG5M0U&lc=UgxSt4mdNfJvDBZAyBZ4AaABAg,UgxSt4mdNfJvDBZAyBZ4AaABAg,UCfG8uc-5ULPfeYhOGG5bYEA,"Fetched 05/24/2026, 8:08:10 PM GMT+8"
5212,@MaryRoseSismundoPerez,2 days ago,Good Morning po mga kabagis❤❤❤❤ Watching From Kalihim/Mang Aawit ng Lokal ng Irisan distrito ng Benguet❤❤❤,https://www.youtube.com/watch?v=ROa3kbG5M0U&lc=Ugzn762D9JBXcn6uqKl4AaABAg,Ugzn762D9JBXcn6uqKl4AaABAg,UC059Z7nvMdVFCi5sg-aB4zw,"Fetched 05/24/2026, 8:08:10 PM GMT+8"
5213,@gwynethcayabyab5981,2 days ago,Good morning po sa lahat ng nanonood / Another day po ulit ng pag support🎉 / Mula sa kadiwa❤,https://www.youtube.com/watch?v=ROa3kbG5M0U&lc=Ugx4kA35NGBCng1PSx94AaABAg,Ugx4kA35NGBCng1PSx94AaABAg,UCouodNvhL1bfJC2Fz0B_Rcw,"Fetched 05/24/2026, 8:08:10 PM GMT+8"
5214,@JonnerGuilod-ye5rs,2 days ago,Let's Go Binhi District Officer's! / Manood and magcomment na! /  / Lokal ng Baguio City,https://www.youtube.com/watch?v=ROa3kbG5M0U&lc=UgwD4-qN4kkGRSt7vY94AaABAg,UgwD4-qN4kkGRSt7vY94AaABAg,UCqAZvKcFKWAYBEWjNAhZEZw,"Fetched 05/24/2026, 8:08:10 PM GMT+8"
5215,@almazanrhyndylyn,2 days ago,Good morning po. Happy aother of viewing po.  /  / Mula sa Lokal ng Norcar at Kapisanang Kadiwa,https://www.youtube.com/watch?v=ROa3kbG5M0U&lc=Ugw-O4DtRE8toTS0sDx4AaABAg,Ugw-O4DtRE8toTS0sDx4AaABAg,UCEoQCNgytnJxjJnAQLSzFeA,"Fetched 05/24/2026, 8:08:10 PM GMT+8"
5216,@JonnerGuilod-ye5rs,2 days ago,Let's Go Benguet 🎉 / Benguet 🔛🔝 / Road to 47K Views! /  / Lokal ng Baguio City,https://www.youtube.com/watch?v=ROa3kbG5M0U&lc=Ugxq_XJUbJpeQlBJwsB4AaABAg,Ugxq_XJUbJpeQlBJwsB4AaABAg,UCqAZvKcFKWAYBEWjNAhZEZw,"Fetched 05/24/2026, 8:08:10 PM GMT+8"
5217,@JonnerGuilod-ye5rs,2 days ago (edited),Good Morning po! /  / Let's Go Benguet 🎉 /  / Pagbati po sa mga BINHI District Officer's! /  / Lokal ng Baguio City,https://www.youtube.com/watch?v=ROa3kbG5M0U&lc=Ugy3lFuWs-BIByuyqD14AaABAg,Ugy3lFuWs-BIByuyqD14AaABAg,UCqAZvKcFKWAYBEWjNAhZEZw,"Fetched 05/24/2026, 8:08:10 PM GMT+8"
5218,@maureenpassian6684,2 days ago,Naimbag nga agsapa kakabsat!😊 /  / Watching God's Love while having breakfast.  /  / Pagbati po mula sa Lokal ng Bangho.😊✨,https://www.youtube.com/watch?v=ROa3kbG5M0U&lc=Ugz7HSRmYn9Bhsiy0QJ4AaABAg,Ugz7HSRmYn9Bhsiy0QJ4AaABAg,UCMwsSjHqXUZ2h2FzdiS-TUA,"Fetched 05/24/2026, 8:08:10 PM GMT+8"
5219,@maureenpassian6684,2 days ago,Naimbag nga agsapa kakabsat!😊 /  / Watching God's Love while having breakfast.  /  / Pagbati po mula sa Lokal ng Bangho.😊✨,https://www.youtube.com/watch?v=ROa3kbG5M0U&lc=UgzA_OwTzOUPNQ40I3N4AaABAg,UgzA_OwTzOUPNQ40I3N4AaABAg,UCMwsSjHqXUZ2h2FzdiS-TUA,"Fetched 05/24/2026, 8:08:10 PM GMT+8"
5220,@maureenpassian6684,2 days ago,Naimbag nga agsapa kakabsat!😊 /  / Watching God's Love while having breakfast.  /  / Pagbati po mula sa Lokal ng Bangho.😊✨,https://www.youtube.com/watch?v=ROa3kbG5M0U&lc=UgxzUrFode1P3kgn0NB4AaABAg,UgxzUrFode1P3kgn0NB4AaABAg,UCMwsSjHqXUZ2h2FzdiS-TUA,"Fetched 05/24/2026, 8:08:10 PM GMT+8"
5221,@camelitapasag6018,2 days ago,"Naimbag nga morning po mga kapatid, watching from UCAB GWS LOCALE OF GIBRALTAR..."" ALONE WE CAN DO SO LITTLE: TOGETHER WE CAN DO SO MUCH"". FiGHT BENGUET!",https://www.youtube.com/watch?v=ROa3kbG5M0U&lc=UgwLMja69RtEbphyTON4AaABAg,UgwLMja69RtEbphyTON4AaABAg,UCIqVoAJs6UNYwI635HYBiEQ,"Fetched 05/24/2026, 8:08:10 PM GMT+8"
5222,@janemendoza1372,2 days ago,Good morning po mga kapatid.,https://www.youtube.com/watch?v=ROa3kbG5M0U&lc=UgzXeRgI_k9d7l6oHdx4AaABAg,UgzXeRgI_k9d7l6oHdx4AaABAg,UC9s8J8XMcHsDsVMR4as530g,"Fetched 05/24/2026, 8:08:10 PM GMT+8"
5223,@ehdwow318,2 days ago,Let’s keep watching po 😊,https://www.youtube.com/watch?v=ROa3kbG5M0U&lc=Ugx5KHZFfxjOk0V_Njd4AaABAg,Ugx5KHZFfxjOk0V_Njd4AaABAg,UCiwATwwRZ8TCez4FYmw9s0Q,"Fetched 05/24/2026, 8:08:10 PM GMT+8"
5224,@AlexandriabenKalvin,2 days ago,happy viewing po / mula sa Lokal ng Lourdes / Distrito ng Benguet,https://www.youtube.com/watch?v=ROa3kbG5M0U&lc=Ugx_OBARUptA5LI1C-B4AaABAg,Ugx_OBARUptA5LI1C-B4AaABAg,UCSoB22EarBl-ur8eMGIXNsQ,"Fetched 05/24/2026, 8:08:10 PM GMT+8"
5225,@m-g4marquezkield.475,2 days ago,"happy viewing po mga kapatid , mula po sa marcos highway",https://www.youtube.com/watch?v=ROa3kbG5M0U&lc=UgwV3PCJLg1WpGnhXvp4AaABAg,UgwV3PCJLg1WpGnhXvp4AaABAg,UCbFQ0ju-gwRJ-dX__BlbN7Q,"Fetched 05/24/2026, 8:08:10 PM GMT+8"
5226,@luningningpescoso4921,2 days ago,Magandang umaga po mga kapatid lalo na po SA aming Tagapangasiwa na Si Kapatid na Ardy Mendoza at SA kanyang maybahay na si Kapatid na Jane Mendoza mula po SA Lokal Ng Lourdes Distrito Ng Benguet,https://www.youtube.com/watch?v=ROa3kbG5M0U&lc=UgylZrBFrVrXRTMAtvN4AaABAg,UgylZrBFrVrXRTMAtvN4AaABAg,UCNEFZJBC-8ZcT-q6hyiB7Dg,"Fetched 05/24/2026, 8:08:10 PM GMT+8"
5227,@henrycaranto2644,2 days ago,Good morning po sa lahat❤🎉 /  / Let’s Go Benguet❤🎉 /  / Pagbati po sa Lahat Mula sa Lokal ng Baguio City and Kadiwa District Officers❤😊,https://www.youtube.com/watch?v=ROa3kbG5M0U&lc=Ugx8ToLTlLp11wZwbk54AaABAg,Ugx8ToLTlLp11wZwbk54AaABAg,UCFilTOy22FklSkBIgwVPVaQ,"Fetched 05/24/2026, 8:08:10 PM GMT+8"
5228,@boholhazeline05,2 days ago,Lets Support INCMV  / Full support po mula sa Lokal ng Baguio City,https://www.youtube.com/watch?v=ROa3kbG5M0U&lc=Ugy63Ag6Z58wZCgVKfh4AaABAg,Ugy63Ag6Z58wZCgVKfh4AaABAg,UCNxuEnfuDgIEBwBrpx_Pl3w,"Fetched 05/24/2026, 8:08:10 PM GMT+8"
5229,@boholhazeline05,2 days ago,Magandang umaga po mga kapatid pagbati po mula sa Lokal ng Baguio City,https://www.youtube.com/watch?v=ROa3kbG5M0U&lc=UgyH1aRC0ZMfRvoFpg94AaABAg,UgyH1aRC0ZMfRvoFpg94AaABAg,UCNxuEnfuDgIEBwBrpx_Pl3w,"Fetched 05/24/2026, 8:08:10 PM GMT+8"
5230,@boholhazeline05,2 days ago,Sama sama po tayong manuod habang nagkakape ☕  / Pagbati po mula sa Lokal ng Baguio City,https://www.youtube.com/watch?v=ROa3kbG5M0U&lc=UgwbZ63924HWwMGuJmJ4AaABAg,UgwbZ63924HWwMGuJmJ4AaABAg,UCNxuEnfuDgIEBwBrpx_Pl3w,"Fetched 05/24/2026, 8:08:10 PM GMT+8"
5231,@boholhazeline05,2 days ago,Benguet on the top  / Fight Fight Fight  / Pagbati po mula sa Lokal ng Baguio City,https://www.youtube.com/watch?v=ROa3kbG5M0U&lc=UgwJClhO3_CIREnfKtN4AaABAg,UgwJClhO3_CIREnfKtN4AaABAg,UCNxuEnfuDgIEBwBrpx_Pl3w,"Fetched 05/24/2026, 8:08:10 PM GMT+8"
5232,@boholhazeline05,2 days ago,Gods love Benguet on the top  / Magandang umaga po mga kapatid  / Pagbati po mula sa Lokal ng Baguio City,https://www.youtube.com/watch?v=ROa3kbG5M0U&lc=UgwKLp12Zcx-x8h-u6l4AaABAg,UgwKLp12Zcx-x8h-u6l4AaABAg,UCNxuEnfuDgIEBwBrpx_Pl3w,"Fetched 05/24/2026, 8:08:10 PM GMT+8"
5233,@boholhazeline05,2 days ago,Magandang umaga po Benguet on the top  / Pagbati po mula sa Lokal ng Baguio City,https://www.youtube.com/watch?v=ROa3kbG5M0U&lc=Ugz8eK1-z9W_gpbM5pV4AaABAg,Ugz8eK1-z9W_gpbM5pV4AaABAg,UCNxuEnfuDgIEBwBrpx_Pl3w,"Fetched 05/24/2026, 8:08:10 PM GMT+8"
5234,@boholhazeline05,2 days ago,Happy watching po mula sa Lokal ng Baguio City,https://www.youtube.com/watch?v=ROa3kbG5M0U&lc=UgxLIzcv2x0C9A74sRR4AaABAg,UgxLIzcv2x0C9A74sRR4AaABAg,UCNxuEnfuDgIEBwBrpx_Pl3w,"Fetched 05/24/2026, 8:08:10 PM GMT+8"
5235,@boholhazeline05,2 days ago,Pagbati po mula sa Lokal ng Baguio,https://www.youtube.com/watch?v=ROa3kbG5M0U&lc=UgznyaZZXjrENlPczRt4AaABAg,UgznyaZZXjrENlPczRt4AaABAg,UCNxuEnfuDgIEBwBrpx_Pl3w,"Fetched 05/24/2026, 8:08:10 PM GMT+8"
5236,@boholhazeline05,2 days ago,Benguet on the top  / Full support po mula sa Lokal ng Baguio City,https://www.youtube.com/watch?v=ROa3kbG5M0U&lc=UgxHmvAFZsYEhSlz9uZ4AaABAg,UgxHmvAFZsYEhSlz9uZ4AaABAg,UCNxuEnfuDgIEBwBrpx_Pl3w,"Fetched 05/24/2026, 8:08:10 PM GMT+8"
5237,@boholhazeline05,2 days ago,Full support po mula sa Lokal ng Baguio City,https://www.youtube.com/watch?v=ROa3kbG5M0U&lc=Ugw1h4Hjkf0J2i_PzzZ4AaABAg,Ugw1h4Hjkf0J2i_PzzZ4AaABAg,UCNxuEnfuDgIEBwBrpx_Pl3w,"Fetched 05/24/2026, 8:08:10 PM GMT+8"
5238,@boholhazeline05,2 days ago,Masarap po magkape☕ Habang nanunuod ng Gods love  / Benguet on the top  / Baguio City 💚🤍❤,https://www.youtube.com/watch?v=ROa3kbG5M0U&lc=UgxuAWH1O9pt265QqRJ4AaABAg,UgxuAWH1O9pt265QqRJ4AaABAg,UCNxuEnfuDgIEBwBrpx_Pl3w,"Fetched 05/24/2026, 8:08:10 PM GMT+8"
5239,@boholhazeline05,2 days ago,Manuod po tayo mga kapatid habang nagkakape ☕ mula po sa Lokal ng Baguio City,https://www.youtube.com/watch?v=ROa3kbG5M0U&lc=Ugw8SE1VVPCSXfKRRdl4AaABAg,Ugw8SE1VVPCSXfKRRdl4AaABAg,UCNxuEnfuDgIEBwBrpx_Pl3w,"Fetched 05/24/2026, 8:08:10 PM GMT+8"
5240,@boholhazeline05,2 days ago,Gods love Benguet on the top  / Happy watching po mula sa Lokal ng Baguio City,https://www.youtube.com/watch?v=ROa3kbG5M0U&lc=UgydMijTCPFf75lfsaZ4AaABAg,UgydMijTCPFf75lfsaZ4AaABAg,UCNxuEnfuDgIEBwBrpx_Pl3w,"Fetched 05/24/2026, 8:08:10 PM GMT+8"
5241,@boholhazeline05,2 days ago,Magandang umaga po mga kapatid  / Happy watching po mula sa Lokal ng Baguio City,https://www.youtube.com/watch?v=ROa3kbG5M0U&lc=Ugz3OoEVb2NBzP8Qll14AaABAg,Ugz3OoEVb2NBzP8Qll14AaABAg,UCNxuEnfuDgIEBwBrpx_Pl3w,"Fetched 05/24/2026, 8:08:10 PM GMT+8"
5242,@DinaShuntogan,2 days ago,"Gogogo Benguet,mabuhay from Lokal ng Tublay 🥰♥️",https://www.youtube.com/watch?v=ROa3kbG5M0U&lc=UgxWiQv_TqZOpX7g9WB4AaABAg,UgxWiQv_TqZOpX7g9WB4AaABAg,UCzK1-nP8TJTvlx35vN6RJ1A,"Fetched 05/24/2026, 8:08:10 PM GMT+8"
5243,@alexissumilep-akitan,2 days ago,"good morning mga kapatid lalo na po sa mga nasa registry section at kalihiman ng Quezon Hill, Benguet",https://www.youtube.com/watch?v=ROa3kbG5M0U&lc=UgyK0QJMxB0BCNYruGp4AaABAg,UgyK0QJMxB0BCNYruGp4AaABAg,UCjLw8KfZA1ZX3DYq3aCogsQ,"Fetched 05/24/2026, 8:08:10 PM GMT+8"
5244,@johnreysabado3966,2 days ago,good morning happy viewing po lokal ng sayatan,https://www.youtube.com/watch?v=ROa3kbG5M0U&lc=UgwCOUiFukEyXHj5RZ94AaABAg,UgwCOUiFukEyXHj5RZ94AaABAg,UCa3Lttaz6VOaIOf13Fp-Y6A,"Fetched 05/24/2026, 8:08:10 PM GMT+8"
5245,@alexissumilep-akitan,2 days ago,Naimbag nga agsapa Benguet /  / road to 47k views /  / -registry section / -kalihiman / -Quezon Hill,https://www.youtube.com/watch?v=ROa3kbG5M0U&lc=Ugzuyk_OLf2ZOidJExJ4AaABAg,Ugzuyk_OLf2ZOidJExJ4AaABAg,UCjLw8KfZA1ZX3DYq3aCogsQ,"Fetched 05/24/2026, 8:08:10 PM GMT+8"
5246,@RoelJoshArabejo,2 days ago,Good morning po 🎉❤ Watching from Aurora Hill Benguet 😊,https://www.youtube.com/watch?v=ROa3kbG5M0U&lc=UgwHQ7PEHjfHTeHcy5F4AaABAg,UgwHQ7PEHjfHTeHcy5F4AaABAg,UC_5rEJfoFzwKQH9Tvh4VPmw,"Fetched 05/24/2026, 8:08:10 PM GMT+8"
5247,@nonagabriel8139,2 days ago,His wondrous love... /  / Lokal ng Quezon Hill,https://www.youtube.com/watch?v=ROa3kbG5M0U&lc=UgweG73uuRYsvncKOdl4AaABAg,UgweG73uuRYsvncKOdl4AaABAg,UC_dkXH53dziGaXnvaMHUMcA,"Fetched 05/24/2026, 8:08:10 PM GMT+8"
5248,@nonagabriel8139,2 days ago,Happy Viewing /  / Lokal ng Quezon Hill,https://www.youtube.com/watch?v=ROa3kbG5M0U&lc=UgxADhBzJgMkJoHIwch4AaABAg,UgxADhBzJgMkJoHIwch4AaABAg,UC_dkXH53dziGaXnvaMHUMcA,"Fetched 05/24/2026, 8:08:10 PM GMT+8"
5249,@ehdwow318,2 days ago,Let’s make it to the 🔝,https://www.youtube.com/watch?v=ROa3kbG5M0U&lc=Ugzvv1AJAJnpmrgXU_l4AaABAg,Ugzvv1AJAJnpmrgXU_l4AaABAg,UCiwATwwRZ8TCez4FYmw9s0Q,"Fetched 05/24/2026, 8:08:10 PM GMT+8"
5250,@JonnerGuilod-ye5rs,2 days ago,Let's Support our INCMV! / Ilang araw nalang Awarding na po! /  / Let's Go Benguet🎉 /  / Lokal ng Baguio City,https://www.youtube.com/watch?v=ROa3kbG5M0U&lc=Ugz0Dkcs3JPRTY1auaJ4AaABAg,Ugz0Dkcs3JPRTY1auaJ4AaABAg,UCqAZvKcFKWAYBEWjNAhZEZw,"Fetched 05/24/2026, 8:08:10 PM GMT+8"
5251,@JonnerGuilod-ye5rs,2 days ago,"Benguet Arangkada  / Benguet 🔛🔝 / Binhi District Officer's🌱 manood na po at mag Comment,ilang araw nalang po Ang natitira! /  / Lokal ng BAGUIO CITY",https://www.youtube.com/watch?v=ROa3kbG5M0U&lc=Ugwbbxe0WqFu4TaEP8F4AaABAg,Ugwbbxe0WqFu4TaEP8F4AaABAg,UCqAZvKcFKWAYBEWjNAhZEZw,"Fetched 05/24/2026, 8:08:10 PM GMT+8"
5252,@JonnerGuilod-ye5rs,2 days ago,"Good Morning Lokal ng BAGUIO CITY, tuloy tuloy lang sa panonood! /  / Lokal ng Baguio City!",https://www.youtube.com/watch?v=ROa3kbG5M0U&lc=UgxskrQqwZVqba0-qqp4AaABAg,UgxskrQqwZVqba0-qqp4AaABAg,UCqAZvKcFKWAYBEWjNAhZEZw,"Fetched 05/24/2026, 8:08:10 PM GMT+8"
5253,@JonnerGuilod-ye5rs,2 days ago,Shout out po sa aming Destinado Ka Bert! /  / Lokal ng Baguio City,https://www.youtube.com/watch?v=ROa3kbG5M0U&lc=UgwaY1VSGPIZy85mGuJ4AaABAg,UgwaY1VSGPIZy85mGuJ4AaABAg,UCqAZvKcFKWAYBEWjNAhZEZw,"Fetched 05/24/2026, 8:08:10 PM GMT+8"
5254,@JonnerGuilod-ye5rs,2 days ago,Shout out po sa mga Mang-aawit sa Lokal ng Baguio City!🎉 /  / Benguet Arangkada! /  / Lokal ng Baguio City,https://www.youtube.com/watch?v=ROa3kbG5M0U&lc=UgyPNANn7OyXPAkkzEd4AaABAg,UgyPNANn7OyXPAkkzEd4AaABAg,UCqAZvKcFKWAYBEWjNAhZEZw,"Fetched 05/24/2026, 8:08:10 PM GMT+8"
5255,@JonnerGuilod-ye5rs,2 days ago,Shout out po sa mga BINHI sa Distrito ng Benguet! /  / Lokal ng Baguio City 🎉🎉,https://www.youtube.com/watch?v=ROa3kbG5M0U&lc=Ugz2IuUUT41ijkKoicN4AaABAg,Ugz2IuUUT41ijkKoicN4AaABAg,UCqAZvKcFKWAYBEWjNAhZEZw,"Fetched 05/24/2026, 8:08:10 PM GMT+8"
5256,@JonnerGuilod-ye5rs,2 days ago,Shout out po BINHI DISTRICT OFFICER'S! /  / LOKAL NG BAGUIO,https://www.youtube.com/watch?v=ROa3kbG5M0U&lc=UgyAgPCq-XT2GK-iCiZ4AaABAg,UgyAgPCq-XT2GK-iCiZ4AaABAg,UCqAZvKcFKWAYBEWjNAhZEZw,"Fetched 05/24/2026, 8:08:10 PM GMT+8"
5257,@JonnerGuilod-ye5rs,2 days ago,Good Morning po! / Watching po mula sa Lokal ng Baguio City! /  / Nakikinig habang nagreready for ensayo!,https://www.youtube.com/watch?v=ROa3kbG5M0U&lc=UgyYCz2_VxbGaNweFWt4AaABAg,UgyYCz2_VxbGaNweFWt4AaABAg,UCqAZvKcFKWAYBEWjNAhZEZw,"Fetched 05/24/2026, 8:08:10 PM GMT+8"
5258,@ehdwow318,2 days ago,"Napaka HD ng INCMV ng Benguet. Ang ganda 😮 Pagbati po mula sa lokal ng Megaroyale, Distrito ng Benguet",https://www.youtube.com/watch?v=ROa3kbG5M0U&lc=UgwVsJUektbogaBpqMV4AaABAg,UgwVsJUektbogaBpqMV4AaABAg,UCiwATwwRZ8TCez4FYmw9s0Q,"Fetched 05/24/2026, 8:08:10 PM GMT+8"
5259,@jeanietugad4595,2 days ago,"Halina mga kapatid na nasa Buklod,, patuloy po tayong manood ng masaya,, Kalihiman/Registry ng Atok  Gold.",https://www.youtube.com/watch?v=ROa3kbG5M0U&lc=UgwjYi7vXvXuPtrI6U54AaABAg,UgwjYi7vXvXuPtrI6U54AaABAg,UC4-hT99A9u-aH7hnm5JCSfg,"Fetched 05/24/2026, 8:08:10 PM GMT+8"
5260,@jeanietugad4595,2 days ago,"Mga kapatid sa Distrrito ng Benguet,, maligayang panonood,, mula sa Atok Gold..",https://www.youtube.com/watch?v=ROa3kbG5M0U&lc=UgxqlL3QLAxROtdRICx4AaABAg,UgxqlL3QLAxROtdRICx4AaABAg,UC4-hT99A9u-aH7hnm5JCSfg,"Fetched 05/24/2026, 8:08:10 PM GMT+8"
5261,@jeanietugad4595,2 days ago,"Happy Viewing po sa lahat,, mula sa Atok Gold,, Kalihiman/Registry..",https://www.youtube.com/watch?v=ROa3kbG5M0U&lc=UgwPKPNUhrIyjagHbp14AaABAg,UgwPKPNUhrIyjagHbp14AaABAg,UC4-hT99A9u-aH7hnm5JCSfg,"Fetched 05/24/2026, 8:08:10 PM GMT+8"
5262,@jeanietugad4595,2 days ago,"Halina mga kapatid at muling manood ng masaya,, Atok Gold,, Kalihiman/Registry..❤",https://www.youtube.com/watch?v=ROa3kbG5M0U&lc=UgxgK9v62HPzG3_0HBJ4AaABAg,UgxgK9v62HPzG3_0HBJ4AaABAg,UC4-hT99A9u-aH7hnm5JCSfg,"Fetched 05/24/2026, 8:08:10 PM GMT+8"
5263,@jeanietugad4595,2 days ago,"Pagbati sa lahat ng Kadiwa,, masayang panonood,, mula sa lokal ng Atok Gold.",https://www.youtube.com/watch?v=ROa3kbG5M0U&lc=UgyR73SfpWp3Oc06DTF4AaABAg,UgyR73SfpWp3Oc06DTF4AaABAg,UC4-hT99A9u-aH7hnm5JCSfg,"Fetched 05/24/2026, 8:08:10 PM GMT+8"
5264,@jeanietugad4595,2 days ago,"Good morning sa lahat,, happy watching po tayo,, Atok Gold,, Kalihiman//Registry..",https://www.youtube.com/watch?v=ROa3kbG5M0U&lc=UgwC8nIOjKKybfQui7N4AaABAg,UgwC8nIOjKKybfQui7N4AaABAg,UC4-hT99A9u-aH7hnm5JCSfg,"Fetched 05/24/2026, 8:08:10 PM GMT+8"
5265,@RikimehZera,2 days ago,Fight Benguet mula po sa Lokal Ng Loakan Airport,https://www.youtube.com/watch?v=ROa3kbG5M0U&lc=UgyxsiaNBaBzJwNh0uR4AaABAg,UgyxsiaNBaBzJwNh0uR4AaABAg,UCQbIixTqknKFVkjyx815k6w,"Fetched 05/24/2026, 8:08:10 PM GMT+8"
5266,@RikimehZera,2 days ago,Fight fight fight Benguet!! Mula po sa Lokal Ng Loakan Airport,https://www.youtube.com/watch?v=ROa3kbG5M0U&lc=UgwqfUOadIihzIha9_R4AaABAg,UgwqfUOadIihzIha9_R4AaABAg,UCQbIixTqknKFVkjyx815k6w,"Fetched 05/24/2026, 8:08:10 PM GMT+8"
5267,@RikimehZera,2 days ago,Maligayang panonood po sa lahat mula po sa Lokal Ng Loakan Airport,https://www.youtube.com/watch?v=ROa3kbG5M0U&lc=UgyubQqrXGEd9Lu0Bv14AaABAg,UgyubQqrXGEd9Lu0Bv14AaABAg,UCQbIixTqknKFVkjyx815k6w,"Fetched 05/24/2026, 8:08:10 PM GMT+8"
5268,@RikimehZera,2 days ago,Maligayang panonood po sa lahat mula po sa Lokal Ng Loakan Airport,https://www.youtube.com/watch?v=ROa3kbG5M0U&lc=UgyGvd0oO3_Q_XNHXPt4AaABAg,UgyGvd0oO3_Q_XNHXPt4AaABAg,UCQbIixTqknKFVkjyx815k6w,"Fetched 05/24/2026, 8:08:10 PM GMT+8"
5269,@RikimehZera,2 days ago,Maligayang panonood po sa lahat mula po sa Lokal Ng Loakan Airport,https://www.youtube.com/watch?v=ROa3kbG5M0U&lc=Ugzksn7yxxHPmQ_XOZx4AaABAg,Ugzksn7yxxHPmQ_XOZx4AaABAg,UCQbIixTqknKFVkjyx815k6w,"Fetched 05/24/2026, 8:08:10 PM GMT+8"
5270,@RikimehZera,2 days ago,Maligayang panonood po sa lahat mula po sa Lokal Ng Loakan Airport,https://www.youtube.com/watch?v=ROa3kbG5M0U&lc=UgxuTWXRNOaNZKlb24B4AaABAg,UgxuTWXRNOaNZKlb24B4AaABAg,UCQbIixTqknKFVkjyx815k6w,"Fetched 05/24/2026, 8:08:10 PM GMT+8"
5271,@RikimehZera,2 days ago,Maligayang panonood po sa lahat mula po sa Lokal Ng Loakan Airport,https://www.youtube.com/watch?v=ROa3kbG5M0U&lc=UgwUo7BqHxd1RGFNoQh4AaABAg,UgwUo7BqHxd1RGFNoQh4AaABAg,UCQbIixTqknKFVkjyx815k6w,"Fetched 05/24/2026, 8:08:10 PM GMT+8"
5272,@RikimehZera,2 days ago,Go fight Benguet? Mula po sa Lokal Ng Loakan. Airport,https://www.youtube.com/watch?v=ROa3kbG5M0U&lc=UgzKemnnP9bX0kED_r54AaABAg,UgzKemnnP9bX0kED_r54AaABAg,UCQbIixTqknKFVkjyx815k6w,"Fetched 05/24/2026, 8:08:10 PM GMT+8"
5273,@RikimehZera,2 days ago,Go fight Benguet? Mula po sa Lokal Ng Loakan. Airport,https://www.youtube.com/watch?v=ROa3kbG5M0U&lc=Ugy6m1IXRktwqarrWjl4AaABAg,Ugy6m1IXRktwqarrWjl4AaABAg,UCQbIixTqknKFVkjyx815k6w,"Fetched 05/24/2026, 8:08:10 PM GMT+8"
5274,@RikimehZera,2 days ago,Go fight Benguet? Mula po sa Lokal Ng Loakan. Airport,https://www.youtube.com/watch?v=ROa3kbG5M0U&lc=UgyMydmMtc64OYXB3RN4AaABAg,UgyMydmMtc64OYXB3RN4AaABAg,UCQbIixTqknKFVkjyx815k6w,"Fetched 05/24/2026, 8:08:10 PM GMT+8"
5275,@RikimehZera,2 days ago,Go fight Benguet? Mula po sa Lokal Ng Loakan. Airport,https://www.youtube.com/watch?v=ROa3kbG5M0U&lc=UgycGekOAamFyHLDhs54AaABAg,UgycGekOAamFyHLDhs54AaABAg,UCQbIixTqknKFVkjyx815k6w,"Fetched 05/24/2026, 8:08:10 PM GMT+8"
5276,@RikimehZera,2 days ago,Go fight Benguet? Mula po sa Lokal Ng Loakan. Airport,https://www.youtube.com/watch?v=ROa3kbG5M0U&lc=UgySUErOkkrcTZirpgJ4AaABAg,UgySUErOkkrcTZirpgJ4AaABAg,UCQbIixTqknKFVkjyx815k6w,"Fetched 05/24/2026, 8:08:10 PM GMT+8"
5277,@RikimehZera,2 days ago,Fight Benguet drom Loakan airport,https://www.youtube.com/watch?v=ROa3kbG5M0U&lc=Ugy0wS7gMO28x89Ucst4AaABAg,Ugy0wS7gMO28x89Ucst4AaABAg,UCQbIixTqknKFVkjyx815k6w,"Fetched 05/24/2026, 8:08:10 PM GMT+8"
5278,@RikimehZera,2 days ago,Magandang Umaga po sa lahat mula po sa Lokal Ng Loakan airport,https://www.youtube.com/watch?v=ROa3kbG5M0U&lc=UgzNDCz-SMJrLDiY66N4AaABAg,UgzNDCz-SMJrLDiY66N4AaABAg,UCQbIixTqknKFVkjyx815k6w,"Fetched 05/24/2026, 8:08:10 PM GMT+8"
5279,@RikimehZera,2 days ago,Go Benguet! Mula po sa Lokal Ng Loakan airport,https://www.youtube.com/watch?v=ROa3kbG5M0U&lc=Ugxd0XvC5ZESIvFTyy14AaABAg,Ugxd0XvC5ZESIvFTyy14AaABAg,UCQbIixTqknKFVkjyx815k6w,"Fetched 05/24/2026, 8:08:10 PM GMT+8"
5280,@PHEBIE-f7h,2 days ago,Gandang morning po. / Enjoy watching po /  /  / ❤❤ATOKGOLD BUKLOD❤❤,https://www.youtube.com/watch?v=ROa3kbG5M0U&lc=UgxIzoOZR9e2pG40B954AaABAg,UgxIzoOZR9e2pG40B954AaABAg,UCNkJMMXP19AJSsNov8Fp3Ag,"Fetched 05/24/2026, 8:08:10 PM GMT+8"
5281,@FELIXCASTILLO-d6k,2 days ago,Good morning.... Baguio City,https://www.youtube.com/watch?v=ROa3kbG5M0U&lc=UgxWRWfuSE0gGEZreDF4AaABAg,UgxWRWfuSE0gGEZreDF4AaABAg,UCzYZJSgSHmHSChay7k3DlyA,"Fetched 05/24/2026, 8:08:10 PM GMT+8"
5282,@FELIXCASTILLO-d6k,2 days ago,Hello Baguio City,https://www.youtube.com/watch?v=ROa3kbG5M0U&lc=UgyncZUr7FQaolO1Nvt4AaABAg,UgyncZUr7FQaolO1Nvt4AaABAg,UCzYZJSgSHmHSChay7k3DlyA,"Fetched 05/24/2026, 8:08:10 PM GMT+8"
5283,@Evym-u3k,2 days ago,happy  / watching  / po.... / INCMV / Lokal ng Atok Gold,https://www.youtube.com/watch?v=ROa3kbG5M0U&lc=UgyDEdYZKTxgrA4U87h4AaABAg,UgyDEdYZKTxgrA4U87h4AaABAg,UCNNZdfWg4Hutqdsq_H5oCHQ,"Fetched 05/24/2026, 8:08:10 PM GMT+8"
5284,@Evym-u3k,2 days ago,It’s through / His L❤VE / That your days / Are Bright as / The Sun☀ / Lokal ng Atok Gold,https://www.youtube.com/watch?v=ROa3kbG5M0U&lc=UgxE8G0Mw91Yl2CVHHl4AaABAg,UgxE8G0Mw91Yl2CVHHl4AaABAg,UCNNZdfWg4Hutqdsq_H5oCHQ,"Fetched 05/24/2026, 8:08:10 PM GMT+8"
5285,@Evym-u3k,2 days ago,Go /  to  / 47k / 😊😊😊❤❤❤❤ / lokAL NG ATOK GOLD,https://www.youtube.com/watch?v=ROa3kbG5M0U&lc=UgwqgD4a-o4ldna0C_x4AaABAg,UgwqgD4a-o4ldna0C_x4AaABAg,UCNNZdfWg4Hutqdsq_H5oCHQ,"Fetched 05/24/2026, 8:08:10 PM GMT+8"
5286,@joylee1468,2 days ago,😇😇😇😇 / I know / But I swear / It gets better…. / Mula po sa Kapisanang Buklod / 😊lokal ng atok gold😊,https://www.youtube.com/watch?v=ROa3kbG5M0U&lc=UgwqQP9QxoFJhrsZKop4AaABAg,UgwqQP9QxoFJhrsZKop4AaABAg,UC7UWPgNV4p4GGKzoeFbHS8g,"Fetched 05/24/2026, 8:08:10 PM GMT+8"
5287,@joylee1468,2 days ago,Amin po kayong binabati / Kami’y laging nakangiti / INCMV panoorin palagi / Ating Distrito ating ipagmalaki / Mula po sa Kapisanang Buklod / Lokal ng Atok Gold❤,https://www.youtube.com/watch?v=ROa3kbG5M0U&lc=Ugzs7E9-Ij3rRzQxdrJ4AaABAg,Ugzs7E9-Ij3rRzQxdrJ4AaABAg,UC7UWPgNV4p4GGKzoeFbHS8g,"Fetched 05/24/2026, 8:08:10 PM GMT+8"
5288,@joylee1468,2 days ago,Happy watching po / our support is needed po / so everybody watch po / energency is on the way po / 🫰🫶Lokal ng Atok Gold,https://www.youtube.com/watch?v=ROa3kbG5M0U&lc=UgxVvb3sUttxdIfsydR4AaABAg,UgxVvb3sUttxdIfsydR4AaABAg,UC7UWPgNV4p4GGKzoeFbHS8g,"Fetched 05/24/2026, 8:08:10 PM GMT+8"
5289,@joylee1468,2 days ago,💚🤍❤ / God's LOVE is greater than the ocean / and brighter than the stars. / It's true as LOVE  / that you want who you are / 🇮🇹🇮🇹🇮🇹 / lokal ng atok gold,https://www.youtube.com/watch?v=ROa3kbG5M0U&lc=UgxgeVMFgI4GrP4NLIV4AaABAg,UgxgeVMFgI4GrP4NLIV4AaABAg,UC7UWPgNV4p4GGKzoeFbHS8g,"Fetched 05/24/2026, 8:08:10 PM GMT+8"
5290,@iya-k7j,2 days ago,🎉🎉 / happy / watching po / 😊😊😊 / lokal ng atok gold,https://www.youtube.com/watch?v=ROa3kbG5M0U&lc=Ugw-OpsD9EUghJ_wee54AaABAg,Ugw-OpsD9EUghJ_wee54AaABAg,UC_R2GfmFAjE8k8DgEjmtv7g,"Fetched 05/24/2026, 8:08:10 PM GMT+8"
5291,@iya-k7j,2 days ago,☺😁 / happy / viewing po / 😃😃 / from / loacale  / of / atok gold,https://www.youtube.com/watch?v=ROa3kbG5M0U&lc=UgylfJDDrgj-Mr5sDhV4AaABAg,UgylfJDDrgj-Mr5sDhV4AaABAg,UC_R2GfmFAjE8k8DgEjmtv7g,"Fetched 05/24/2026, 8:08:10 PM GMT+8"
5292,@iya-k7j,2 days ago,"""I know it's hard now, / but it's where it gets better.  / A new day brings HOPE  / for a change in the weather."" / 😍INCMV😇 / Lokal ng Atok Gold",https://www.youtube.com/watch?v=ROa3kbG5M0U&lc=Ugxu_jdPjkTKc7FI3Zl4AaABAg,Ugxu_jdPjkTKc7FI3Zl4AaABAg,UC_R2GfmFAjE8k8DgEjmtv7g,"Fetched 05/24/2026, 8:08:10 PM GMT+8"
5293,@iya-k7j,2 days ago,happy viewing po😁 / lokal ng atok gold,https://www.youtube.com/watch?v=ROa3kbG5M0U&lc=UgzlLHfi2h1x0gJS_FJ4AaABAg,UgzlLHfi2h1x0gJS_FJ4AaABAg,UC_R2GfmFAjE8k8DgEjmtv7g,"Fetched 05/24/2026, 8:08:10 PM GMT+8"
5294,@PHEBIE-f7h,2 days ago,Go Benguet!!! /  /  /  / Supporting all the way from AtokGold ❤,https://www.youtube.com/watch?v=ROa3kbG5M0U&lc=UgwKHKGTSD8_CxckD5l4AaABAg,UgwKHKGTSD8_CxckD5l4AaABAg,UCNkJMMXP19AJSsNov8Fp3Ag,"Fetched 05/24/2026, 8:08:10 PM GMT+8"
5295,@egymlee,2 days ago,Happy viewing po / Mga kapatid / Mula po sa kapisanang  / binhi ng / Lokal ng atok gold,https://www.youtube.com/watch?v=ROa3kbG5M0U&lc=UgzlKck22iOwtjXsRvR4AaABAg,UgzlKck22iOwtjXsRvR4AaABAg,UCQuTByWcigHh1sDG2ivw25A,"Fetched 05/24/2026, 8:08:10 PM GMT+8"
5296,@PHEBIE-f7h,2 days ago (edited),"""Hold on to your faith; Let God set you free.""  / God's Love for His children is eternal. /  /  / ❤❤AtokGold Buklod❤❤",https://www.youtube.com/watch?v=ROa3kbG5M0U&lc=Ugx3X-fWL0g_OqrOYcF4AaABAg,Ugx3X-fWL0g_OqrOYcF4AaABAg,UCNkJMMXP19AJSsNov8Fp3Ag,"Fetched 05/24/2026, 8:08:10 PM GMT+8"
5297,@egymlee,2 days ago,Masayang /  Panonood po / Tangkilikin po / INCMV / Lokal ng atok gold,https://www.youtube.com/watch?v=ROa3kbG5M0U&lc=Ugxv1KlKt7HT8w_i0ql4AaABAg,Ugxv1KlKt7HT8w_i0ql4AaABAg,UCQuTByWcigHh1sDG2ivw25A,"Fetched 05/24/2026, 8:08:10 PM GMT+8"
5298,@egymlee,2 days ago,😊happy watching po / Laging nanonood /  / 🇮🇹🇮🇹🇮🇹🇮🇹🇮🇹🇮🇹 / Lokal ng Atok Gold,https://www.youtube.com/watch?v=ROa3kbG5M0U&lc=UgzAaT_GHwuObTrjvKJ4AaABAg,UgzAaT_GHwuObTrjvKJ4AaABAg,UCQuTByWcigHh1sDG2ivw25A,"Fetched 05/24/2026, 8:08:10 PM GMT+8"
5299,@PHEBIE-f7h,2 days ago,Let's Go Benguet! /  /  /  / ❤AtokGold Buklod❤,https://www.youtube.com/watch?v=ROa3kbG5M0U&lc=UgzHkeNNhDg50RFqUJB4AaABAg,UgzHkeNNhDg50RFqUJB4AaABAg,UCNkJMMXP19AJSsNov8Fp3Ag,"Fetched 05/24/2026, 8:08:10 PM GMT+8"
5300,@j-elfym,2 days ago,But in His / Love / So Divine / INCMV / 😍 / Lokal ng Atok Gold,https://www.youtube.com/watch?v=ROa3kbG5M0U&lc=UgxRALJOWnIqJKE0bPB4AaABAg,UgxRALJOWnIqJKE0bPB4AaABAg,UCQSZMpTel4mf79JxQGEU3rg,"Fetched 05/24/2026, 8:08:10 PM GMT+8"
5301,@j-elfym,2 days ago,"The world thinks your Lost, / But in His Love so Divine, / Our God Has  / Always your Back..” / ❤❤ / Lokal ng Atok Gold",https://www.youtube.com/watch?v=ROa3kbG5M0U&lc=UgwGiwPCyz4cutO63DF4AaABAg,UgwGiwPCyz4cutO63DF4AaABAg,UCQSZMpTel4mf79JxQGEU3rg,"Fetched 05/24/2026, 8:08:10 PM GMT+8"
5302,@j-elfym,2 days ago,“You  / Go / On / With Courage” / 🏅lokal ng Atok Gold,https://www.youtube.com/watch?v=ROa3kbG5M0U&lc=UgzjumS8dJrBCzDOgDl4AaABAg,UgzjumS8dJrBCzDOgDl4AaABAg,UCQSZMpTel4mf79JxQGEU3rg,"Fetched 05/24/2026, 8:08:10 PM GMT+8"
5303,@j-elfym,2 days ago,😊Like a flower. / that grows.under  / the Shdadow / of a tree😊😊🎉🎉🎉 / lokal ng Atok Gold,https://www.youtube.com/watch?v=ROa3kbG5M0U&lc=Ugy7Z5tn929kZG_qnrh4AaABAg,Ugy7Z5tn929kZG_qnrh4AaABAg,UCQSZMpTel4mf79JxQGEU3rg,"Fetched 05/24/2026, 8:08:10 PM GMT+8"
5304,@joylee1468,2 days ago,❤God’s Love / It’s His / Precious Gift / To Us❤ / Lokal ng Atok Gold,https://www.youtube.com/watch?v=ROa3kbG5M0U&lc=UgxcFzYWiXGJ-xwPDCZ4AaABAg,UgxcFzYWiXGJ-xwPDCZ4AaABAg,UC7UWPgNV4p4GGKzoeFbHS8g,"Fetched 05/24/2026, 8:08:10 PM GMT+8"
5305,@joylee1468,2 days ago,happy / viewing po / laging / sumusuporta po / 😊😊😊 / lokal ng atok gold,https://www.youtube.com/watch?v=ROa3kbG5M0U&lc=UgwLvAkUin0rRS66nUV4AaABAg,UgwLvAkUin0rRS66nUV4AaABAg,UC7UWPgNV4p4GGKzoeFbHS8g,"Fetched 05/24/2026, 8:08:10 PM GMT+8"
5306,@joylee1468,2 days ago,magandang araw po / tuloy ang panonood po / lagi nating suportado / ang ating Distrito / 😁😀☺😊 / Lokal ng atok gold,https://www.youtube.com/watch?v=ROa3kbG5M0U&lc=UgxU-RSPAm-h4ap8qIt4AaABAg,UgxU-RSPAm-h4ap8qIt4AaABAg,UC7UWPgNV4p4GGKzoeFbHS8g,"Fetched 05/24/2026, 8:08:10 PM GMT+8"
5307,@j-elfym,2 days ago,Masayang gabi po / 🎉INCMV😊 / Distrito.ng Benguet / TOP1 / ❤❤❤❤ / Lokal ng Atok Gold,https://www.youtube.com/watch?v=ROa3kbG5M0U&lc=UgyNh9drfcjUuowL9-Z4AaABAg,UgyNh9drfcjUuowL9-Z4AaABAg,UCQSZMpTel4mf79JxQGEU3rg,"Fetched 05/24/2026, 8:08:10 PM GMT+8"
5308,@j-elfym,2 days ago,😊It’s through His / L❤VE / That you are Now  / Who You Are😊 / Lokal ng Atok Gold,https://www.youtube.com/watch?v=ROa3kbG5M0U&lc=Ugw0KMo3ZuvWrspbAoJ4AaABAg,Ugw0KMo3ZuvWrspbAoJ4AaABAg,UCQSZMpTel4mf79JxQGEU3rg,"Fetched 05/24/2026, 8:08:10 PM GMT+8"
5309,@egymlee,2 days ago,God's  LOVE / His /        wondrous. /                 L❤VE / 😊😊🎉🎉🎉😊😊 / Lokal ng Atok Gold,https://www.youtube.com/watch?v=ROa3kbG5M0U&lc=UgwGiedATY22Xv2GfZ14AaABAg,UgwGiedATY22Xv2GfZ14AaABAg,UCQuTByWcigHh1sDG2ivw25A,"Fetched 05/24/2026, 8:08:10 PM GMT+8"
5310,@egymlee,2 days ago,It’s through / His L❤VE / That your days / Are Bright as / The Sun☀ / Lokal ng Atok Gold,https://www.youtube.com/watch?v=ROa3kbG5M0U&lc=Ugy63x9gDRVuA_Zz-MR4AaABAg,Ugy63x9gDRVuA_Zz-MR4AaABAg,UCQuTByWcigHh1sDG2ivw25A,"Fetched 05/24/2026, 8:08:10 PM GMT+8"
5311,@jaimegabriel2115,2 days ago,From Quezon Hill Benguet,https://www.youtube.com/watch?v=ROa3kbG5M0U&lc=UgzpXyvxdNbkQxt_UPJ4AaABAg,UgzpXyvxdNbkQxt_UPJ4AaABAg,UCoaJINYQMe9Q8GAjCPoVMXQ,"Fetched 05/24/2026, 8:08:10 PM GMT+8"
5312,@jaimegabriel2115,2 days ago,Quezon Hill Benguet,https://www.youtube.com/watch?v=ROa3kbG5M0U&lc=UgwmWf9AFoRYz4XOUtd4AaABAg,UgwmWf9AFoRYz4XOUtd4AaABAg,UCoaJINYQMe9Q8GAjCPoVMXQ,"Fetched 05/24/2026, 8:08:10 PM GMT+8"
5313,@iya-k7j,2 days ago,😊 I / know / But I swear / It gets better…. / 😊lokal ng atok gold😊,https://www.youtube.com/watch?v=ROa3kbG5M0U&lc=Ugxnthhh-imxRTSz5TZ4AaABAg,Ugxnthhh-imxRTSz5TZ4AaABAg,UC_R2GfmFAjE8k8DgEjmtv7g,"Fetched 05/24/2026, 8:08:10 PM GMT+8"
5314,@TinyEnchanters,2 days ago,":hand-pink-waving: KALIHIMAN/REGISTRY ng IRISAN, BENGUET!",https://www.youtube.com/watch?v=ROa3kbG5M0U&lc=UgxthN0bAoFruZGkUX54AaABAg,UgxthN0bAoFruZGkUX54AaABAg,UCIYazOuVxb5StkuFYFMoMsg,"Fetched 05/24/2026, 8:08:10 PM GMT+8"
5315,@RoelJoshArabejo,2 days ago,Go go Fight Benguet  / #AuroraHill🎉,https://www.youtube.com/watch?v=ROa3kbG5M0U&lc=UgzW6mUrAS6gxKDixhh4AaABAg,UgzW6mUrAS6gxKDixhh4AaABAg,UC_5rEJfoFzwKQH9Tvh4VPmw,"Fetched 05/24/2026, 8:08:10 PM GMT+8"
5316,@RoelJoshArabejo,2 days ago,Good evening 🎉 Happy viewing from Aurora Hill Benguet ❤,https://www.youtube.com/watch?v=ROa3kbG5M0U&lc=Ugy72Q4FjD9KPzmf9ep4AaABAg,Ugy72Q4FjD9KPzmf9ep4AaABAg,UC_5rEJfoFzwKQH9Tvh4VPmw,"Fetched 05/24/2026, 8:08:10 PM GMT+8"
5317,@Evym-u3k,2 days ago,happy viewing po.. / mga kapatid / ❤❤❤ / mula po sa kapisanang binhi / lokal ng atok gold,https://www.youtube.com/watch?v=ROa3kbG5M0U&lc=Ugz38IQsYIi0nBKduRp4AaABAg,Ugz38IQsYIi0nBKduRp4AaABAg,UCNNZdfWg4Hutqdsq_H5oCHQ,"Fetched 05/24/2026, 8:08:10 PM GMT+8"
5318,@Evym-u3k,2 days ago,watching po / 🎉🎉🎉 / INCMV / Kapisanang binhi / Lokal ng Atok Gold,https://www.youtube.com/watch?v=ROa3kbG5M0U&lc=Ugz4aKOwPgVJeDLwlPF4AaABAg,Ugz4aKOwPgVJeDLwlPF4AaABAg,UCNNZdfWg4Hutqdsq_H5oCHQ,"Fetched 05/24/2026, 8:08:10 PM GMT+8"
5319,@Evym-u3k,2 days ago,Hello sa ating lahat / Patuloy pong nanonood / INCMV / God’s Love / Binhi po sa / Lokal ng atok gold,https://www.youtube.com/watch?v=ROa3kbG5M0U&lc=Ugz85iWf0dl9pj5u_J14AaABAg,Ugz85iWf0dl9pj5u_J14AaABAg,UCNNZdfWg4Hutqdsq_H5oCHQ,"Fetched 05/24/2026, 8:08:10 PM GMT+8"
5320,@Evym-u3k,2 days ago,😊😊 / Masayang  / Nanonood / Mula po  / Sa kapisanang binhi / ❤lokal ng atok gold,https://www.youtube.com/watch?v=ROa3kbG5M0U&lc=UgwVGIr85utQfmpFIdt4AaABAg,UgwVGIr85utQfmpFIdt4AaABAg,UCNNZdfWg4Hutqdsq_H5oCHQ,"Fetched 05/24/2026, 8:08:10 PM GMT+8"
5321,@Evym-u3k,2 days ago,😊happy watching po / Laging nanonood / Mula po sa / Kapisanang Binhi / Lokal ng Atok Gold,https://www.youtube.com/watch?v=ROa3kbG5M0U&lc=UgxiZn5IZ_2DV4M1uax4AaABAg,UgxiZn5IZ_2DV4M1uax4AaABAg,UCNNZdfWg4Hutqdsq_H5oCHQ,"Fetched 05/24/2026, 8:08:10 PM GMT+8"
5322,@Evym-u3k,2 days ago,Happy viewing po / Mga kapatid / Mula po sa kapisanang  / binhi ng / Lokal ng atok gold,https://www.youtube.com/watch?v=ROa3kbG5M0U&lc=UgwHTYzxuTpK-dy6RjZ4AaABAg,UgwHTYzxuTpK-dy6RjZ4AaABAg,UCNNZdfWg4Hutqdsq_H5oCHQ,"Fetched 05/24/2026, 8:08:10 PM GMT+8"
5323,@Evym-u3k,2 days ago,Masayang /  Panonood po / Tangkilikin po / INCMV / Lokal ng atok gold,https://www.youtube.com/watch?v=ROa3kbG5M0U&lc=UgxaA-4HFbf-TuTpxcp4AaABAg,UgxaA-4HFbf-TuTpxcp4AaABAg,UCNNZdfWg4Hutqdsq_H5oCHQ,"Fetched 05/24/2026, 8:08:10 PM GMT+8"
5324,@Evym-u3k,2 days ago,😊happy watching po / Laging nanonood / Mula po sa / Kapisanang Binhi / Lokal ng Atok Gold,https://www.youtube.com/watch?v=ROa3kbG5M0U&lc=UgzfrKPNPWxenW0D7t94AaABAg,UgzfrKPNPWxenW0D7t94AaABAg,UCNNZdfWg4Hutqdsq_H5oCHQ,"Fetched 05/24/2026, 8:08:10 PM GMT+8"
5325,@almazanrhyndylyn,2 days ago,Patuloy ang Laban ⚔️⚔️⚔️ / Laban Benguet 💪💪 /  / 📍Lokal ng Norcar  / 📣 Benguet Kadiwa,https://www.youtube.com/watch?v=ROa3kbG5M0U&lc=UgxmsbXgJHnHr3NosTB4AaABAg,UgxmsbXgJHnHr3NosTB4AaABAg,UCEoQCNgytnJxjJnAQLSzFeA,"Fetched 05/24/2026, 8:08:10 PM GMT+8"
5326,@BnHydn,2 days ago,Arise Benguet ⬆️ / Lokal ng La Trinidad,https://www.youtube.com/watch?v=ROa3kbG5M0U&lc=Ugw_aOa2Ct6eO8v9jTN4AaABAg,Ugw_aOa2Ct6eO8v9jTN4AaABAg,UCbVqbfs9vjTS-hPNArDNcFQ,"Fetched 05/24/2026, 8:08:10 PM GMT+8"
5327,@almazanrhyndylyn,2 days ago,Huling view ngayong gabi bago matulog. Bawi po uli bukas mula sa Lokal ng Norcar at Kapisanang Kadiwa.,https://www.youtube.com/watch?v=ROa3kbG5M0U&lc=UgzbpJ0duVdlCnD2K_J4AaABAg,UgzbpJ0duVdlCnD2K_J4AaABAg,UCEoQCNgytnJxjJnAQLSzFeA,"Fetched 05/24/2026, 8:08:10 PM GMT+8"
5328,@BnHydn,2 days ago,Hit the note 🎵 🎼 🎶  / La Trinidad,https://www.youtube.com/watch?v=ROa3kbG5M0U&lc=UgyXmoXdwpsDpAGRfrN4AaABAg,UgyXmoXdwpsDpAGRfrN4AaABAg,UCbVqbfs9vjTS-hPNArDNcFQ,"Fetched 05/24/2026, 8:08:10 PM GMT+8"
5329,@almazanrhyndylyn,2 days ago,Still listening and supporting /  / ❤ Lokal ng Norcar  / ❤ Benguet Kadiwa,https://www.youtube.com/watch?v=ROa3kbG5M0U&lc=UgyxUXSZUwDR7KVU8uh4AaABAg,UgyxUXSZUwDR7KVU8uh4AaABAg,UCEoQCNgytnJxjJnAQLSzFeA,"Fetched 05/24/2026, 8:08:10 PM GMT+8"
5330,@almazanrhyndylyn,2 days ago,Go Benguet❤❤❤❤,https://www.youtube.com/watch?v=ROa3kbG5M0U&lc=UgyamHMvd7v5-ZacbOx4AaABAg,UgyamHMvd7v5-ZacbOx4AaABAg,UCEoQCNgytnJxjJnAQLSzFeA,"Fetched 05/24/2026, 8:08:10 PM GMT+8"
5331,@almazanrhyndylyn,2 days ago,1:43  / 🎶🎶Its through His love that your days are bright as the sun🎶🎶 /  /  / Lokal ng Norcar / Kapisanang Kadiwa,https://www.youtube.com/watch?v=ROa3kbG5M0U&lc=Ugx-GAI1FNukW_n2sgZ4AaABAg,Ugx-GAI1FNukW_n2sgZ4AaABAg,UCEoQCNgytnJxjJnAQLSzFeA,"Fetched 05/24/2026, 8:08:10 PM GMT+8"
5332,@BnHydn,2 days ago,Continue viewing po 🟢⚪🔴 / Lokal ng La Trinidad,https://www.youtube.com/watch?v=ROa3kbG5M0U&lc=UgwbbnJ3EADBMJ7YKcZ4AaABAg,UgwbbnJ3EADBMJ7YKcZ4AaABAg,UCbVqbfs9vjTS-hPNArDNcFQ,"Fetched 05/24/2026, 8:08:10 PM GMT+8"
5333,@almazanrhyndylyn,2 days ago,Malapit na po makalahati ang road to 47k views. Tuloy tuloy po❤❤❤,https://www.youtube.com/watch?v=ROa3kbG5M0U&lc=UgwHV3ApQSO40H9lvDF4AaABAg,UgwHV3ApQSO40H9lvDF4AaABAg,UCEoQCNgytnJxjJnAQLSzFeA,"Fetched 05/24/2026, 8:08:10 PM GMT+8"
5334,@almazanrhyndylyn,2 days ago,Another round of listening ❤❤❤ /  / Supporting from Local of Norcar and Benguet Kadiwa,https://www.youtube.com/watch?v=ROa3kbG5M0U&lc=UgxHOo6JJ8NE-jBOznN4AaABAg,UgxHOo6JJ8NE-jBOznN4AaABAg,UCEoQCNgytnJxjJnAQLSzFeA,"Fetched 05/24/2026, 8:08:10 PM GMT+8"
5335,@BnHydn,2 days ago,Keep on watching mga kapatid 🌸👋 / La Trinidad,https://www.youtube.com/watch?v=ROa3kbG5M0U&lc=Ugwocx5U7CpMBJ9gNSV4AaABAg,Ugwocx5U7CpMBJ9gNSV4AaABAg,UCbVqbfs9vjTS-hPNArDNcFQ,"Fetched 05/24/2026, 8:08:10 PM GMT+8"
5336,@almazanrhyndylyn,2 days ago,Inspiring lyrics and MV. /  / - Lokal ng Norcar / - Kadiwa,https://www.youtube.com/watch?v=ROa3kbG5M0U&lc=Ugxh9n8u8fAQQDq0-vl4AaABAg,Ugxh9n8u8fAQQDq0-vl4AaABAg,UCEoQCNgytnJxjJnAQLSzFeA,"Fetched 05/24/2026, 8:08:10 PM GMT+8"
5337,@BnHydn,2 days ago,🔺 Rewatching  / 🔺 Supporting  / 🔺 Enjoying  / 🔺 Lokal ng La Trinidad,https://www.youtube.com/watch?v=ROa3kbG5M0U&lc=Ugy9dHYw5tjG0WyyOt14AaABAg,Ugy9dHYw5tjG0WyyOt14AaABAg,UCbVqbfs9vjTS-hPNArDNcFQ,"Fetched 05/24/2026, 8:08:10 PM GMT+8"
5338,@almazanrhyndylyn,2 days ago,Sending love ❤❤❤❤ and Support 🫶🫶🫶🫶 /  / 📍Lokal ng Norcar / 🫰 kadiwa,https://www.youtube.com/watch?v=ROa3kbG5M0U&lc=Ugw_xjh4zo2OVZWhOnZ4AaABAg,Ugw_xjh4zo2OVZWhOnZ4AaABAg,UCEoQCNgytnJxjJnAQLSzFeA,"Fetched 05/24/2026, 8:08:10 PM GMT+8"
5339,@almazanrhyndylyn,2 days ago,Sending love ❤❤❤❤ and Support 🫶🫶🫶🫶 /  / 📍Lokal ng Norcar / 🫰 kadiwa,https://www.youtube.com/watch?v=ROa3kbG5M0U&lc=UgzvZKJnRbf_W3_-zr94AaABAg,UgzvZKJnRbf_W3_-zr94AaABAg,UCEoQCNgytnJxjJnAQLSzFeA,"Fetched 05/24/2026, 8:08:10 PM GMT+8"
5340,@almazanrhyndylyn,2 days ago,Babalik balikan para mapakinggan 🎧🎧 /  / Lezzzz Go Benguet /  / ❤ Lokal ng Norcar / ❤ Kadiwa,https://www.youtube.com/watch?v=ROa3kbG5M0U&lc=UgzEum4bMSR73P0d4X54AaABAg,UgzEum4bMSR73P0d4X54AaABAg,UCEoQCNgytnJxjJnAQLSzFeA,"Fetched 05/24/2026, 8:08:10 PM GMT+8"
5341,@almazanrhyndylyn,2 days ago,Road to 47k ❤❤❤❤ /  / Laban Benguet 💪💪💪,https://www.youtube.com/watch?v=ROa3kbG5M0U&lc=Ugx0u6pbli9OOjR6PLp4AaABAg,Ugx0u6pbli9OOjR6PLp4AaABAg,UCEoQCNgytnJxjJnAQLSzFeA,"Fetched 05/24/2026, 8:08:10 PM GMT+8"
5342,@BnHydn,2 days ago,Road to 47k views!! / Go Benguet ♥️  / Lokal ng La Trinidad,https://www.youtube.com/watch?v=ROa3kbG5M0U&lc=UgxhZ9Au2cgX-ZSNENZ4AaABAg,UgxhZ9Au2cgX-ZSNENZ4AaABAg,UCbVqbfs9vjTS-hPNArDNcFQ,"Fetched 05/24/2026, 8:08:10 PM GMT+8"
5343,@almazanrhyndylyn,2 days ago,Patuloy pong sumusuporta❤❤❤,https://www.youtube.com/watch?v=ROa3kbG5M0U&lc=UgxjDAgJk1LZQFojyP94AaABAg,UgxjDAgJk1LZQFojyP94AaABAg,UCEoQCNgytnJxjJnAQLSzFeA,"Fetched 05/24/2026, 8:08:10 PM GMT+8"
5344,@almazanrhyndylyn,2 days ago,Happy listening po uli mula sa Lokal ng Norcar at Kapisanang Kadiwa po,https://www.youtube.com/watch?v=ROa3kbG5M0U&lc=UgwXvoTZRcVx87dOcMh4AaABAg,UgwXvoTZRcVx87dOcMh4AaABAg,UCEoQCNgytnJxjJnAQLSzFeA,"Fetched 05/24/2026, 8:08:10 PM GMT+8"
5345,@luningningpescoso4921,2 days ago,Magandang gabi po mga kapatid mula po SA Lokal Ng Lourdes Distrito Ng Benguet Go Go Go Benguet,https://www.youtube.com/watch?v=ROa3kbG5M0U&lc=UgwYbgf5G5ukvJHzKV54AaABAg,UgwYbgf5G5ukvJHzKV54AaABAg,UCNEFZJBC-8ZcT-q6hyiB7Dg,"Fetched 05/24/2026, 8:08:10 PM GMT+8"
5346,@BnHydn,2 days ago,Rise high Benguet 🆙 / Lokal ng La Trinidad,https://www.youtube.com/watch?v=ROa3kbG5M0U&lc=Ugx7if-Mor4nxnXDFNt4AaABAg,Ugx7if-Mor4nxnXDFNt4AaABAg,UCbVqbfs9vjTS-hPNArDNcFQ,"Fetched 05/24/2026, 8:08:10 PM GMT+8"
5347,@BnHydn,2 days ago,Give claps 👏✋ / La Trinidad,https://www.youtube.com/watch?v=ROa3kbG5M0U&lc=UgyQEf3XEjsvAW_S-oN4AaABAg,UgyQEf3XEjsvAW_S-oN4AaABAg,UCbVqbfs9vjTS-hPNArDNcFQ,"Fetched 05/24/2026, 8:08:10 PM GMT+8"
5348,@BnHydn,2 days ago,Sending Love 💕  / Lokal ng La Trinidad ❤,https://www.youtube.com/watch?v=ROa3kbG5M0U&lc=Ugw2xNYrgjYY17tAbSx4AaABAg,Ugw2xNYrgjYY17tAbSx4AaABAg,UCbVqbfs9vjTS-hPNArDNcFQ,"Fetched 05/24/2026, 8:08:10 PM GMT+8"
5349,@BnHydn,2 days ago,Rewatching over and over 🔂 / Lokal ng La Trinidad,https://www.youtube.com/watch?v=ROa3kbG5M0U&lc=UgxwFUPsKxicGRnGLYx4AaABAg,UgxwFUPsKxicGRnGLYx4AaABAg,UCbVqbfs9vjTS-hPNArDNcFQ,"Fetched 05/24/2026, 8:08:10 PM GMT+8"
5350,@fernandezjim,2 days ago,"Magandang Gabi po Mga kapatid. Mula po sa lokal ng Aurora Hill, distrito po ng benguet. ❤️🇮🇹",https://www.youtube.com/watch?v=ROa3kbG5M0U&lc=UgzNgbhwdjYVJOuGKEd4AaABAg,UgzNgbhwdjYVJOuGKEd4AaABAg,UCOvRXk98NNW7cIG1E7-RSVQ,"Fetched 05/24/2026, 8:08:10 PM GMT+8"
5351,@BnHydn,2 days ago,Binabati ko ang mga masisiglang tagasubaybay na maytungkulin sa Lokal ng La Trinidad ❤ Go Benguet ♥️,https://www.youtube.com/watch?v=ROa3kbG5M0U&lc=Ugymm40YVNeX5MpQm2F4AaABAg,Ugymm40YVNeX5MpQm2F4AaABAg,UCbVqbfs9vjTS-hPNArDNcFQ,"Fetched 05/24/2026, 8:08:10 PM GMT+8"
5352,@BnHydn,2 days ago (edited),"Doesn't care about competition, Just Pure support from the bottom of our hearts ❤️  / Lokal ng La Trinidad , Best supporters EVER!!",https://www.youtube.com/watch?v=ROa3kbG5M0U&lc=UgyivXrP5aVX_aL0nrx4AaABAg,UgyivXrP5aVX_aL0nrx4AaABAg,UCbVqbfs9vjTS-hPNArDNcFQ,"Fetched 05/24/2026, 8:08:10 PM GMT+8"
5353,@joymaylee-e9o,2 days ago,🫶🫶🫶 / It's true LOVE / the light of the sun. / His Wondrous LoVE / 🌸🌼🌻🌷 / Lokal ng Atok Gold,https://www.youtube.com/watch?v=ROa3kbG5M0U&lc=UgyZixIBzh1eN5i-0DF4AaABAg,UgyZixIBzh1eN5i-0DF4AaABAg,UCVNaOxPbc9ZEHqlMp6TAgMA,"Fetched 05/24/2026, 8:08:10 PM GMT+8"
5354,@joymaylee-e9o,2 days ago,LOVE is like a flower🌼🌸 / that grows in / the Shadow / of a tree / 😇😇😇 / Lokal ng Atok Gold,https://www.youtube.com/watch?v=ROa3kbG5M0U&lc=UgzVTpmIq2Z6lkCVxqJ4AaABAg,UgzVTpmIq2Z6lkCVxqJ4AaABAg,UCVNaOxPbc9ZEHqlMp6TAgMA,"Fetched 05/24/2026, 8:08:10 PM GMT+8"
5355,@joymaylee-e9o,2 days ago,☺😁 / happy / viewing po / 😃😃 / from / loacale  / of / atok gold,https://www.youtube.com/watch?v=ROa3kbG5M0U&lc=UgwtTtIot5yPOZRVkQh4AaABAg,UgwtTtIot5yPOZRVkQh4AaABAg,UCVNaOxPbc9ZEHqlMp6TAgMA,"Fetched 05/24/2026, 8:08:10 PM GMT+8"
5356,@joymaylee-e9o,2 days ago,always supporting po / from our hearts / we say thank you for / all of you / lokal ng atok gold / ❤🇮🇹🌻,https://www.youtube.com/watch?v=ROa3kbG5M0U&lc=Ugz9xxrtMpLZNf44ZIt4AaABAg,Ugz9xxrtMpLZNf44ZIt4AaABAg,UCVNaOxPbc9ZEHqlMp6TAgMA,"Fetched 05/24/2026, 8:08:10 PM GMT+8"
5357,@BnHydn,2 days ago,Waves of support 🌊 / La Trinidad,https://www.youtube.com/watch?v=ROa3kbG5M0U&lc=Ugw3PkV2k47snCAPKxB4AaABAg,Ugw3PkV2k47snCAPKxB4AaABAg,UCbVqbfs9vjTS-hPNArDNcFQ,"Fetched 05/24/2026, 8:08:10 PM GMT+8"
5358,@joymaylee-e9o,2 days ago,hello everyday / INCMV gives energy / it makes us always happy / and no one will look like grumpy / 🤣😁😂 / Lokal ng Atok Gold,https://www.youtube.com/watch?v=ROa3kbG5M0U&lc=UgwHr5Hx41jzh9sxesV4AaABAg,UgwHr5Hx41jzh9sxesV4AaABAg,UCVNaOxPbc9ZEHqlMp6TAgMA,"Fetched 05/24/2026, 8:08:10 PM GMT+8"
5359,@BnHydn,2 days ago (edited),Pagod ✅ / Patuloy na nanonood ✅ / Lokal ng La Trinidad ✅,https://www.youtube.com/watch?v=ROa3kbG5M0U&lc=UgybqTOzrlEjzUJni9x4AaABAg,UgybqTOzrlEjzUJni9x4AaABAg,UCbVqbfs9vjTS-hPNArDNcFQ,"Fetched 05/24/2026, 8:08:10 PM GMT+8"
5360,@BnHydn,2 days ago,"Very very busy day, but I still have time to watch this MV🟢⚪🔴 / Lokal ng La Trinidad",https://www.youtube.com/watch?v=ROa3kbG5M0U&lc=UgxewlSmoITTWDEJY8B4AaABAg,UgxewlSmoITTWDEJY8B4AaABAg,UCbVqbfs9vjTS-hPNArDNcFQ,"Fetched 05/24/2026, 8:08:10 PM GMT+8"
5361,@spiffyrs,2 days ago,"Hello po from Lokal Of Lourdes District of BENGUET, Happy Birthday po Kapatid na Angelo Erano Manalo.",https://www.youtube.com/watch?v=ROa3kbG5M0U&lc=Ugzr0gyxvHPGT1UZPJ14AaABAg,Ugzr0gyxvHPGT1UZPJ14AaABAg,UC2TVbJvUvwWRabm_TdAHzvA,"Fetched 05/24/2026, 8:08:10 PM GMT+8"
5362,@hairyan_j,2 days ago,"Hello po, pagbati po mula sa Lokal ng Lourdes, Distrito ng Benguet! ❤",https://www.youtube.com/watch?v=ROa3kbG5M0U&lc=Ugz7Oz2hZ6hzv38maOx4AaABAg,Ugz7Oz2hZ6hzv38maOx4AaABAg,UCbqsYKX2YW3TRrfnyMTQpyA,"Fetched 05/24/2026, 8:08:10 PM GMT+8"
5363,@maureenpassian6684,2 days ago,Good eve po 😊 / Unwavering support po from Lokal Ng Bangho.,https://www.youtube.com/watch?v=ROa3kbG5M0U&lc=UgzF3j4earVYtTj3ghR4AaABAg,UgzF3j4earVYtTj3ghR4AaABAg,UCMwsSjHqXUZ2h2FzdiS-TUA,"Fetched 05/24/2026, 8:08:10 PM GMT+8"
5364,@maureenpassian6684,2 days ago,Good eve po 😊 / Unwavering support po from Lokal Ng Bangho.,https://www.youtube.com/watch?v=ROa3kbG5M0U&lc=Ugy0e8oH_PWmF7oIRcZ4AaABAg,Ugy0e8oH_PWmF7oIRcZ4AaABAg,UCMwsSjHqXUZ2h2FzdiS-TUA,"Fetched 05/24/2026, 8:08:10 PM GMT+8"
5365,@Yohanneeeee,2 days ago,"Hello po mga kapatid❤ Greetings from Lokal ng Lourdes, Distrito po ng Benguet😊",https://www.youtube.com/watch?v=ROa3kbG5M0U&lc=UgyJ_qCptxSz4TYykA94AaABAg,UgyJ_qCptxSz4TYykA94AaABAg,UCAGRYHfMfDpnwlBDejbzzZQ,"Fetched 05/24/2026, 8:08:10 PM GMT+8"
5366,@IeshaObana,2 days ago,"goodevening po sa mga kasama kong binhi at kadiwa district officer, mula po sa lokal ng mirador hills, go benguet!!!❤❤",https://www.youtube.com/watch?v=ROa3kbG5M0U&lc=UgwunnNdR9FGQKaeTtF4AaABAg,UgwunnNdR9FGQKaeTtF4AaABAg,UCipT-3PF6TAIBDln8IkDgkA,"Fetched 05/24/2026, 8:08:10 PM GMT+8"
5367,@joymaylee-e9o,2 days ago,happy viewing po  / shout out sa napakasipag / na mga kalihim sa Lokal ng Gibraltar❤❤❤❤,https://www.youtube.com/watch?v=ROa3kbG5M0U&lc=Ugwaq3-M1bu-FumQa9R4AaABAg,Ugwaq3-M1bu-FumQa9R4AaABAg,UCVNaOxPbc9ZEHqlMp6TAgMA,"Fetched 05/24/2026, 8:08:10 PM GMT+8"
5368,@joymaylee-e9o,2 days ago,❤happy hearts po😊 / 😂shout out po sa  / Sanil Family / Sa aming lokal / Mula po sa Kapisanang Buklod / 😊😊lokal ng atok gold😊,https://www.youtube.com/watch?v=ROa3kbG5M0U&lc=UgwdETRDihR8UyjPjo94AaABAg,UgwdETRDihR8UyjPjo94AaABAg,UCVNaOxPbc9ZEHqlMp6TAgMA,"Fetched 05/24/2026, 8:08:10 PM GMT+8"
5369,@joymaylee-e9o,2 days ago,😊😊🎉🎉evening po / ❤INCMV❤ / 😂shout out po sa  / Capones Family.. / Mula po sa Kapisanang Buklod / 😊😊Lokal ng Atok Gold❤,https://www.youtube.com/watch?v=ROa3kbG5M0U&lc=UgyBlIqWhACDvwJTzeN4AaABAg,UgyBlIqWhACDvwJTzeN4AaABAg,UCVNaOxPbc9ZEHqlMp6TAgMA,"Fetched 05/24/2026, 8:08:10 PM GMT+8"
5370,@levimabutas6628,2 days ago,After tupad nood  nood din mga kapatid..lokal ng baguio city,https://www.youtube.com/watch?v=ROa3kbG5M0U&lc=UgyKjJKtFrYBhVO7dH14AaABAg,UgyKjJKtFrYBhVO7dH14AaABAg,UC5QGmbYttC7jRxZsWK-3kew,"Fetched 05/24/2026, 8:08:10 PM GMT+8"
5371,@joymaylee-e9o,2 days ago,Masayang panonood po📺📱 / Shout out po sa /  Cornel Family / Sa aming lokal😊😊😊 / Mula po sa Kapisanang Buklod / ❤lokal ng atok gold❤,https://www.youtube.com/watch?v=ROa3kbG5M0U&lc=UgzHwLYNq9r6yoy4b6Z4AaABAg,UgzHwLYNq9r6yoy4b6Z4AaABAg,UCVNaOxPbc9ZEHqlMp6TAgMA,"Fetched 05/24/2026, 8:08:10 PM GMT+8"
5372,@rosendabauzon2025,2 days ago,❤❤LOKAL NG IRISAN❤❤🎉🎉,https://www.youtube.com/watch?v=ROa3kbG5M0U&lc=UgxfNSfcvK2iI-z96Ud4AaABAg,UgxfNSfcvK2iI-z96Ud4AaABAg,UCIxunIag4Pkjs9AwwMi_KOw,"Fetched 05/24/2026, 8:08:10 PM GMT+8"
5373,@joymaylee-e9o,2 days ago,😂❤😂😊shout out po sa Sambahayan  / ng aming gwapong Tito Rowney  / at magandang Tita Jade Miguel / Mula po sa Kapisanang Buklod / ❤❤Lokal ng Atok Gold❤,https://www.youtube.com/watch?v=ROa3kbG5M0U&lc=UgxVtwXm6xS8jsL-xPF4AaABAg,UgxVtwXm6xS8jsL-xPF4AaABAg,UCVNaOxPbc9ZEHqlMp6TAgMA,"Fetched 05/24/2026, 8:08:10 PM GMT+8"
5374,@joymaylee-e9o,2 days ago,😂❤😊Shout out po sa Sambahayan  / ng aming LSO at LSO sec. / Ka Julius at Ka Sarah  Ydio / Mula po sa Kapisanang Buklod / 😊Lokal ng Atok Gold,https://www.youtube.com/watch?v=ROa3kbG5M0U&lc=UgzB3HTP1wt39O4W5I14AaABAg,UgzB3HTP1wt39O4W5I14AaABAg,UCVNaOxPbc9ZEHqlMp6TAgMA,"Fetched 05/24/2026, 8:08:10 PM GMT+8"
5375,@rosendabauzon2025,2 days ago,GODS LOVE is bigger than the ocean.. / LOKAL NG IRISAN❤❤❤,https://www.youtube.com/watch?v=ROa3kbG5M0U&lc=Ugy-czAfOyrb-EUPklR4AaABAg,Ugy-czAfOyrb-EUPklR4AaABAg,UCIxunIag4Pkjs9AwwMi_KOw,"Fetched 05/24/2026, 8:08:10 PM GMT+8"
5376,@joymaylee-e9o,2 days ago,Habang nagkakape☕☕☕ / ❤INCMV❤ / Shout out po sa Sicmaten Family / Mula po sa Kapisanang Buklod / 😊😊😊Lokal ng Atok Gold😊,https://www.youtube.com/watch?v=ROa3kbG5M0U&lc=UgzKfc06NYJgLCdffkZ4AaABAg,UgzKfc06NYJgLCdffkZ4AaABAg,UCVNaOxPbc9ZEHqlMp6TAgMA,"Fetched 05/24/2026, 8:08:10 PM GMT+8"
5377,@joymaylee-e9o,2 days ago,😊watching po😊 / Shout out sa Sambahayan po ng  / Masigla naming PD4 / Ka Elberto Cosil Sr. / Mula po sa Kapisanang Buklod / 😊Lokal ng Atok Gold😊,https://www.youtube.com/watch?v=ROa3kbG5M0U&lc=UgzLlVHOXK9cuEZJEVZ4AaABAg,UgzLlVHOXK9cuEZJEVZ4AaABAg,UCVNaOxPbc9ZEHqlMp6TAgMA,"Fetched 05/24/2026, 8:08:10 PM GMT+8"
5378,@joymaylee-e9o,2 days ago,Magandang gabi po🌕🌝 / Shout out po sa Sambahayan / ng aming mabait na PD3 / Ka Joel Bulah / Mula po sa Kapisanang Buklod / 😊Lokal ng Atok Gold😊,https://www.youtube.com/watch?v=ROa3kbG5M0U&lc=Ugz9DhUl1toYkwAOmip4AaABAg,Ugz9DhUl1toYkwAOmip4AaABAg,UCVNaOxPbc9ZEHqlMp6TAgMA,"Fetched 05/24/2026, 8:08:10 PM GMT+8"
5379,@PHEBIE-f7h,2 days ago,Ending the day with this exhilarating song 🎶from Benguet District. / Let's Go Benguet!💚🤍❤️ /  /  / Supporting from Lokal ng AtokGold.,https://www.youtube.com/watch?v=ROa3kbG5M0U&lc=Ugz-xrbiN0BbwmdIAsN4AaABAg,Ugz-xrbiN0BbwmdIAsN4AaABAg,UCNkJMMXP19AJSsNov8Fp3Ag,"Fetched 05/24/2026, 8:08:10 PM GMT+8"
5380,@joymaylee-e9o,2 days ago,Happy watching po / shout out po sa Sambahayan ng aming /  masipag na PD2  / Ka Danilo Bautista😊 / Mula po sa Kapisanang Buklod / ❤Lokal ng Atok Gold,https://www.youtube.com/watch?v=ROa3kbG5M0U&lc=Ugysj8MOLiDxyJ_VRfx4AaABAg,Ugysj8MOLiDxyJ_VRfx4AaABAg,UCVNaOxPbc9ZEHqlMp6TAgMA,"Fetched 05/24/2026, 8:08:10 PM GMT+8"
5381,@joymaylee-e9o,2 days ago,🎉Go Benguet!!! / shout out po sa sambahayan ng  / masigasig naming PD1 / Tatay Miguel Bautista Sr. / Mula po sa Kapisanang Buklod / ❤❤❤Lokal ng Atok Gold❤,https://www.youtube.com/watch?v=ROa3kbG5M0U&lc=Ugx8e8pvTnkB_eMoOgd4AaABAg,Ugx8e8pvTnkB_eMoOgd4AaABAg,UCVNaOxPbc9ZEHqlMp6TAgMA,"Fetched 05/24/2026, 8:08:10 PM GMT+8"
5382,@joymaylee-e9o,2 days ago,happy watching  po  / Family bonding 📺📱👨‍👩‍👧 / shout out po sa Marinias Family / sa aming  lokal / Mula po sa Kapisanang Buklod / 😊😊😊Lokal ng Atok Gold😊,https://www.youtube.com/watch?v=ROa3kbG5M0U&lc=UgzEuLS5wf6i547l3WF4AaABAg,UgzEuLS5wf6i547l3WF4AaABAg,UCVNaOxPbc9ZEHqlMp6TAgMA,"Fetched 05/24/2026, 8:08:10 PM GMT+8"
5383,@joymaylee-e9o,2 days ago,masayang panonood  po  / Habang nagkakape😂 / ❤INCMV❤ / Shout out po sa Lazaro Family / Mula po sa Kapisanang Buklod / 😊😊😊Lokal ng Atok Gold😊,https://www.youtube.com/watch?v=ROa3kbG5M0U&lc=UgxhO07enPxbcbpZbax4AaABAg,UgxhO07enPxbcbpZbax4AaABAg,UCVNaOxPbc9ZEHqlMp6TAgMA,"Fetched 05/24/2026, 8:08:10 PM GMT+8"
5384,@PHEBIE-f7h,2 days ago,"In our Lord God's great POWER, you must BELIEVE!! /  /  /  / BUKLOD OF ATOKGOLD",https://www.youtube.com/watch?v=ROa3kbG5M0U&lc=Ugznhyrxa1IyUXIiQMl4AaABAg,Ugznhyrxa1IyUXIiQMl4AaABAg,UCNkJMMXP19AJSsNov8Fp3Ag,"Fetched 05/24/2026, 8:08:10 PM GMT+8"
5385,@joymaylee-e9o,2 days ago,❤❤❤Maligayang panonood po mga kapatid / shout out po sa mga makikisig at masayahing  / Pamunuan sa aming lokal… / Salamat po sa inyo / Mula po sa Kapisanang Buklod / ❤lokal ng Atok Gold❤,https://www.youtube.com/watch?v=ROa3kbG5M0U&lc=UgxT0ZcBGtXPF6udbEh4AaABAg,UgxT0ZcBGtXPF6udbEh4AaABAg,UCVNaOxPbc9ZEHqlMp6TAgMA,"Fetched 05/24/2026, 8:08:10 PM GMT+8"
5386,@joymaylee-e9o,2 days ago,😂happy Thursday po😊 / Maligayang nakikiisa / INCMV -Benguet / 😊😊😊😊 / Mula po sa Kapisanang Buklod / ❤lokal ng Atok Gold🇮🇹,https://www.youtube.com/watch?v=ROa3kbG5M0U&lc=Ugy4ptEOSSrdkj2cD454AaABAg,Ugy4ptEOSSrdkj2cD454AaABAg,UCVNaOxPbc9ZEHqlMp6TAgMA,"Fetched 05/24/2026, 8:08:10 PM GMT+8"
5387,@joymaylee-e9o,2 days ago,Happy watching po😊😊 / Laging masaya / Nakakabata😂 / INCMV na🎉🎉🎉 / Mula po sa Kapisanang Buklod / Lokal ng atok gold,https://www.youtube.com/watch?v=ROa3kbG5M0U&lc=UgzzV8UNF1eULaXphq54AaABAg,UgzzV8UNF1eULaXphq54AaABAg,UCVNaOxPbc9ZEHqlMp6TAgMA,"Fetched 05/24/2026, 8:08:10 PM GMT+8"
5388,@PELITANJennyClaireT,2 days ago,Happi viewing po. Watching this as a flavoring for my lousy cooking 🍳. / - La Trinidad,https://www.youtube.com/watch?v=ROa3kbG5M0U&lc=UgzKB58h6Xw4vmzf0rx4AaABAg,UgzKB58h6Xw4vmzf0rx4AaABAg,UCsVZgGkRnNqeIIOLxHiFR7A,"Fetched 05/24/2026, 8:08:10 PM GMT+8"
5389,@joymaylee-e9o,2 days ago,Happy viewing po / Masayang panonood po / Shout out po sa masisigla / at masisipag na mga maytungkulin❤❤❤ / Mula po sa Kapisanang Buklod / Lokal ng atok gold,https://www.youtube.com/watch?v=ROa3kbG5M0U&lc=UgyOeT_yY57OCSwzufR4AaABAg,UgyOeT_yY57OCSwzufR4AaABAg,UCVNaOxPbc9ZEHqlMp6TAgMA,"Fetched 05/24/2026, 8:08:10 PM GMT+8"
5390,@joymaylee-e9o,2 days ago,Blessed evening po / 😂shout out po sa /  Pangulong Buklod ng lokal / Ka Jonathan Lazaro / 😊😊😊 / Mula po sa Kapisanang Buklod / 😊Lokal ng Atok Gold,https://www.youtube.com/watch?v=ROa3kbG5M0U&lc=Ugx5srY4rEB_CZHfWhN4AaABAg,Ugx5srY4rEB_CZHfWhN4AaABAg,UCVNaOxPbc9ZEHqlMp6TAgMA,"Fetched 05/24/2026, 8:08:10 PM GMT+8"
5391,@joymaylee-e9o,2 days ago,Masayang gabi po😊 / 😂shout out po sa /  Pangulong Kadiwa ng lokal / Ate Joely Bulah / 😊😊😊 / Mula po sa Kapisanang Buklod / 😊Lokal ng Atok Gold,https://www.youtube.com/watch?v=ROa3kbG5M0U&lc=UgzU4WYkBCzr61za1vl4AaABAg,UgzU4WYkBCzr61za1vl4AaABAg,UCVNaOxPbc9ZEHqlMp6TAgMA,"Fetched 05/24/2026, 8:08:10 PM GMT+8"
5392,@camshinn137,2 days ago,"Happy viewing po to all brethren!  / Greetings from KALIHIMAN/REGISTRY of Local of Marcos Highway, District Congregation of Benguet💚🤍❤️",https://www.youtube.com/watch?v=ROa3kbG5M0U&lc=UgwVxvrqCLzR6wZkfkl4AaABAg,UgwVxvrqCLzR6wZkfkl4AaABAg,UCdoWnC3qAw2LGoS58oioDYw,"Fetched 05/24/2026, 8:08:10 PM GMT+8"
5393,@joymaylee-e9o,2 days ago,"Energetic Thursday po😊 / Shout out po sa masipag,mabait,masigla at maganda naming tita Jade / Salamat po sa inyo tita / ❤❤❤❤ / Mula po sa Kapisanang Buklod / Lokal ng atok gold",https://www.youtube.com/watch?v=ROa3kbG5M0U&lc=Ugy45vj3ZbuOrvK9RvF4AaABAg,Ugy45vj3ZbuOrvK9RvF4AaABAg,UCVNaOxPbc9ZEHqlMp6TAgMA,"Fetched 05/24/2026, 8:08:10 PM GMT+8"
5394,@camshinn137,2 days ago,"Happy viewing po to all brethren!  / Greetings from KALIHIMAN/REGISTRY of Local of Marcos Highway, District Congregation of Benguet💚🤍❤️",https://www.youtube.com/watch?v=ROa3kbG5M0U&lc=UgxwpL10TBDnPLqb5Kx4AaABAg,UgxwpL10TBDnPLqb5Kx4AaABAg,UCdoWnC3qAw2LGoS58oioDYw,"Fetched 05/24/2026, 8:08:10 PM GMT+8"
5395,@camshinn137,2 days ago,"Happy viewing po to all brethren!  / Greetings from KALIHIMAN/REGISTRY of Local of Marcos Highway, District Congregation of Benguet💚🤍❤️",https://www.youtube.com/watch?v=ROa3kbG5M0U&lc=UgzuORyUYVJEb1H9Yi54AaABAg,UgzuORyUYVJEb1H9Yi54AaABAg,UCdoWnC3qAw2LGoS58oioDYw,"Fetched 05/24/2026, 8:08:10 PM GMT+8"
5396,@rosendabauzon2025,2 days ago,Happy viewing po mga kapatid❤ / Lokal ng IRISAN🎉🎉,https://www.youtube.com/watch?v=ROa3kbG5M0U&lc=UgyCTAt0lzmjKQTO57l4AaABAg,UgyCTAt0lzmjKQTO57l4AaABAg,UCIxunIag4Pkjs9AwwMi_KOw,"Fetched 05/24/2026, 8:08:10 PM GMT+8"
5397,@camshinn137,2 days ago,"Happy viewing po to all brethren!  / Greetings from KALIHIMAN/REGISTRY of Local of Marcos Highway, District Congregation of Benguet💚🤍❤️",https://www.youtube.com/watch?v=ROa3kbG5M0U&lc=Ugw201S7dKbAu_l0gLt4AaABAg,Ugw201S7dKbAu_l0gLt4AaABAg,UCdoWnC3qAw2LGoS58oioDYw,"Fetched 05/24/2026, 8:08:10 PM GMT+8"
5398,@camshinn137,2 days ago,"Happy viewing po to all brethren!  / Greetings from KALIHIMAN/REGISTRY of Local of Marcos Highway, District Congregation of Benguet💚🤍❤️",https://www.youtube.com/watch?v=ROa3kbG5M0U&lc=UgxXAy7h25WrX0jtskx4AaABAg,UgxXAy7h25WrX0jtskx4AaABAg,UCdoWnC3qAw2LGoS58oioDYw,"Fetched 05/24/2026, 8:08:10 PM GMT+8"
5399,@camshinn137,2 days ago,"Happy viewing po to all brethren!  / Greetings from KALIHIMAN/REGISTRY of Local of Marcos Highway, District Congregation of Benguet💚🤍❤️",https://www.youtube.com/watch?v=ROa3kbG5M0U&lc=UgyjX8YScdQ4O1u18Up4AaABAg,UgyjX8YScdQ4O1u18Up4AaABAg,UCdoWnC3qAw2LGoS58oioDYw,"Fetched 05/24/2026, 8:08:10 PM GMT+8"
5400,@PHEBIE-f7h,2 days ago,"The message of the song, God's Love is truly inspiring. /  /  / ❤❤AtokGold Buklod❤❤",https://www.youtube.com/watch?v=ROa3kbG5M0U&lc=UgykZXSRVABtAPo7iZ54AaABAg,UgykZXSRVABtAPo7iZ54AaABAg,UCNkJMMXP19AJSsNov8Fp3Ag,"Fetched 05/24/2026, 8:08:10 PM GMT+8"
5401,@camshinn137,2 days ago,"Happy viewing po to all brethren!  / Greetings from KALIHIMAN/REGISTRY of Local of Marcos Highway, District Congregation of Benguet💚🤍❤️",https://www.youtube.com/watch?v=ROa3kbG5M0U&lc=UgzvBr9FHa3XbFWaO6F4AaABAg,UgzvBr9FHa3XbFWaO6F4AaABAg,UCdoWnC3qAw2LGoS58oioDYw,"Fetched 05/24/2026, 8:08:10 PM GMT+8"
5402,@camshinn137,2 days ago,"Happy viewing po to all brethren!  / Greetings from KALIHIMAN/REGISTRY of Local of Marcos Highway, District Congregation of Benguet💚🤍❤️",https://www.youtube.com/watch?v=ROa3kbG5M0U&lc=Ugx1vxAuS45jIRRQhQJ4AaABAg,Ugx1vxAuS45jIRRQhQJ4AaABAg,UCdoWnC3qAw2LGoS58oioDYw,"Fetched 05/24/2026, 8:08:10 PM GMT+8"
5403,@icecreamnamainit,2 days ago,"10/10 ain't enough as a rating for this -- 100/10 would do! / - La Trinidad, Benguet",https://www.youtube.com/watch?v=ROa3kbG5M0U&lc=Ugyc0oOIsq749GTURQ94AaABAg,Ugyc0oOIsq749GTURQ94AaABAg,UCEww66QqjZ0WMGEbN0z08eA,"Fetched 05/24/2026, 8:08:10 PM GMT+8"
5404,@camshinn137,2 days ago,"Happy viewing po to all brethren!  / Greetings from KALIHIMAN/REGISTRY of Local of Marcos Highway, District Congregation of Benguet💚🤍❤️",https://www.youtube.com/watch?v=ROa3kbG5M0U&lc=UgzcaFn6JQRVBn6L-_h4AaABAg,UgzcaFn6JQRVBn6L-_h4AaABAg,UCdoWnC3qAw2LGoS58oioDYw,"Fetched 05/24/2026, 8:08:10 PM GMT+8"
5405,@camshinn137,2 days ago,"Happy viewing po to all brethren!  / Greetings from KALIHIMAN/REGISTRY of Local of Marcos Highway, District Congregation of Benguet💚🤍❤️",https://www.youtube.com/watch?v=ROa3kbG5M0U&lc=UgyV7jMrsSDOugXXXp14AaABAg,UgyV7jMrsSDOugXXXp14AaABAg,UCdoWnC3qAw2LGoS58oioDYw,"Fetched 05/24/2026, 8:08:10 PM GMT+8"
5406,@rosendabauzon2025,2 days ago,Pagbati mula sa may tungkulin ng PAMANALAPI LOKAL NG IRISAN❤❤🎉🎉,https://www.youtube.com/watch?v=ROa3kbG5M0U&lc=UgzRQhlaImyWM9EGfJh4AaABAg,UgzRQhlaImyWM9EGfJh4AaABAg,UCIxunIag4Pkjs9AwwMi_KOw,"Fetched 05/24/2026, 8:08:10 PM GMT+8"
5407,@PHEBIE-f7h,2 days ago,Greeting to all the handsome and beautiful Kadiwa and Binhi of our Lokal AtokGold.,https://www.youtube.com/watch?v=ROa3kbG5M0U&lc=UgzXs-GsMQqHt37oRYJ4AaABAg,UgzXs-GsMQqHt37oRYJ4AaABAg,UCNkJMMXP19AJSsNov8Fp3Ag,"Fetched 05/24/2026, 8:08:10 PM GMT+8"
5408,@PELITANJennyClaireT,2 days ago,"God, as always, has your back. And yes, also the pain of your back. / - La Trinidad",https://www.youtube.com/watch?v=ROa3kbG5M0U&lc=Ugyh48okgokUfwRIast4AaABAg,Ugyh48okgokUfwRIast4AaABAg,UCsVZgGkRnNqeIIOLxHiFR7A,"Fetched 05/24/2026, 8:08:10 PM GMT+8"
5409,@PHEBIE-f7h,2 days ago,Go Benguet!!! / Supporting all the way from AtokGold ❤,https://www.youtube.com/watch?v=ROa3kbG5M0U&lc=Ugxt91u6RS032B4vGgV4AaABAg,Ugxt91u6RS032B4vGgV4AaABAg,UCNkJMMXP19AJSsNov8Fp3Ag,"Fetched 05/24/2026, 8:08:10 PM GMT+8"
5410,@PHEBIE-f7h,2 days ago,Happy viewing po mga kapatid / ENJOY WATCHING! / Journey to 47k views / LET'S GO BENGUET! /  / ❤❤BUKLOD OF ATOKGOLD❤❤,https://www.youtube.com/watch?v=ROa3kbG5M0U&lc=UgzDQ2M804OXWyLZ0TJ4AaABAg,UgzDQ2M804OXWyLZ0TJ4AaABAg,UCNkJMMXP19AJSsNov8Fp3Ag,"Fetched 05/24/2026, 8:08:10 PM GMT+8"
5411,@icecreamnamainit,2 days ago,"Ang MV na ito ay nagbibigay ligaya, hndi maikaka-ila 🫶 / - La Trinidad",https://www.youtube.com/watch?v=ROa3kbG5M0U&lc=UgziWH5Qlfyk7NtjOrR4AaABAg,UgziWH5Qlfyk7NtjOrR4AaABAg,UCEww66QqjZ0WMGEbN0z08eA,"Fetched 05/24/2026, 8:08:10 PM GMT+8"
5412,@rosendabauzon2025,2 days ago,# INCMV AWARDS 2026 / # GODS LOVE / # LOKAL NG IRISAN❤❤,https://www.youtube.com/watch?v=ROa3kbG5M0U&lc=UgwtPOzxGEsrrVnhQIZ4AaABAg,UgwtPOzxGEsrrVnhQIZ4AaABAg,UCIxunIag4Pkjs9AwwMi_KOw,"Fetched 05/24/2026, 8:08:10 PM GMT+8"
5413,@PHEBIE-f7h,2 days ago,"In our Lord God's great POWER, you must BELIEVE!! /  /  /  / ❤BUKLOD OF ATOKGOLD❤",https://www.youtube.com/watch?v=ROa3kbG5M0U&lc=UgwVhRjykCdWDRC37zh4AaABAg,UgwVhRjykCdWDRC37zh4AaABAg,UCNkJMMXP19AJSsNov8Fp3Ag,"Fetched 05/24/2026, 8:08:10 PM GMT+8"
5414,@joymaylee-e9o,2 days ago,masayang nakikiisa po / 😂shout out po sa /  Pangulong Binhi ng aming lokal / Ka Alexia Ydio / Mula po sa Kapisanang Buklod / 😊Lokal ng Atok Gold,https://www.youtube.com/watch?v=ROa3kbG5M0U&lc=Ugx5Cb9OHneLDaTD14Z4AaABAg,Ugx5Cb9OHneLDaTD14Z4AaABAg,UCVNaOxPbc9ZEHqlMp6TAgMA,"Fetched 05/24/2026, 8:08:10 PM GMT+8"
5415,@PHEBIE-f7h,2 days ago,On track for 47k views. / Let's go Benguet! /  /  /  / ❤ATOKGOLD BUKLOD❤,https://www.youtube.com/watch?v=ROa3kbG5M0U&lc=UgyoQUkfE--JV-v_3sN4AaABAg,UgyoQUkfE--JV-v_3sN4AaABAg,UCNkJMMXP19AJSsNov8Fp3Ag,"Fetched 05/24/2026, 8:08:10 PM GMT+8"
5416,@PELITANJennyClaireT,2 days ago,MV so good; it could reach the intangibles! / - La Trinidad,https://www.youtube.com/watch?v=ROa3kbG5M0U&lc=UgwycTaPszpF0gf_Eel4AaABAg,UgwycTaPszpF0gf_Eel4AaABAg,UCsVZgGkRnNqeIIOLxHiFR7A,"Fetched 05/24/2026, 8:08:10 PM GMT+8"
5417,@joymaylee-e9o,2 days ago,hello everyone / always online / supporting our / God's Love / 💚🤍❤ / Lokal ng atok gold,https://www.youtube.com/watch?v=ROa3kbG5M0U&lc=Ugw-6pyVhnXGuc6WLip4AaABAg,Ugw-6pyVhnXGuc6WLip4AaABAg,UCVNaOxPbc9ZEHqlMp6TAgMA,"Fetched 05/24/2026, 8:08:10 PM GMT+8"
5418,@rosendabauzon2025,2 days ago,Gandang gabi mga kapatid / LOKAL NG IRISAN❤❤,https://www.youtube.com/watch?v=ROa3kbG5M0U&lc=UgzOvsqZUfpJmA7pzJx4AaABAg,UgzOvsqZUfpJmA7pzJx4AaABAg,UCIxunIag4Pkjs9AwwMi_KOw,"Fetched 05/24/2026, 8:08:10 PM GMT+8"
5419,@almazanrhyndylyn,2 days ago,Congratulations po for reaching 46k views.  /  / Go Benguet❤❤❤,https://www.youtube.com/watch?v=ROa3kbG5M0U&lc=UgwtY3graUYDDr4fP8x4AaABAg,UgwtY3graUYDDr4fP8x4AaABAg,UCEoQCNgytnJxjJnAQLSzFeA,"Fetched 05/24/2026, 8:08:10 PM GMT+8"
5420,@icecreamnamainit,2 days ago (edited),Blasting this MV on my one-side-only working earphone :)) / - La Trinidad,https://www.youtube.com/watch?v=ROa3kbG5M0U&lc=UgyogS6cPKbFGEBUDsB4AaABAg,UgyogS6cPKbFGEBUDsB4AaABAg,UCEww66QqjZ0WMGEbN0z08eA,"Fetched 05/24/2026, 8:08:10 PM GMT+8"
5421,@almazanrhyndylyn,2 days ago,Magandang gabi po patuloy pong pagsuporta mula po sa Loka ng Norcar at Kapisanang Kadiwa.❤,https://www.youtube.com/watch?v=ROa3kbG5M0U&lc=UgwECvsiDV3KZ8a0l0x4AaABAg,UgwECvsiDV3KZ8a0l0x4AaABAg,UCEoQCNgytnJxjJnAQLSzFeA,"Fetched 05/24/2026, 8:08:10 PM GMT+8"
5422,@PELITANJennyClaireT,2 days ago,35k comments and counting 🔢. Let's keep the records moving :)) / - La Trinidad,https://www.youtube.com/watch?v=ROa3kbG5M0U&lc=UgwGjMwOkHzqUk2hfhF4AaABAg,UgwGjMwOkHzqUk2hfhF4AaABAg,UCsVZgGkRnNqeIIOLxHiFR7A,"Fetched 05/24/2026, 8:08:10 PM GMT+8"
5423,@PHEBIE-f7h,2 days ago,Watching while catching some zs. / ❤❤Lokal ng AtokGold continually supports this jubilant upbeat music of Benguet District❤❤,https://www.youtube.com/watch?v=ROa3kbG5M0U&lc=UgxtqTY3pis-E42D3sJ4AaABAg,UgxtqTY3pis-E42D3sJ4AaABAg,UCNkJMMXP19AJSsNov8Fp3Ag,"Fetched 05/24/2026, 8:08:10 PM GMT+8"
5424,@jonieyonga-an5239,2 days ago,Rewatching parin!! /  / Solid Benguettt!! / Bago matulog ay manood Muna tayo sa MV na ito!! / Goodnight po /  / Mula Po sa lokal Ng NORCAR!!!,https://www.youtube.com/watch?v=ROa3kbG5M0U&lc=Ugw350nSueD0cf8wh714AaABAg,Ugw350nSueD0cf8wh714AaABAg,UCgUo3JP_Fffuctza4bUumJg,"Fetched 05/24/2026, 8:08:10 PM GMT+8"
5425,@icecreamnamainit,2 days ago,Tuloy-tuloy na suporta para sa MV na maganda🎉 / - La Trinidad,https://www.youtube.com/watch?v=ROa3kbG5M0U&lc=Ugx3kSZY0bamHISKXQF4AaABAg,Ugx3kSZY0bamHISKXQF4AaABAg,UCEww66QqjZ0WMGEbN0z08eA,"Fetched 05/24/2026, 8:08:10 PM GMT+8"
5426,@PELITANJennyClaireT,2 days ago,Nananatiling watching while sleeping💤. / - La Trinidad🍓,https://www.youtube.com/watch?v=ROa3kbG5M0U&lc=UgzntvWu3GE8xtnN1gJ4AaABAg,UgzntvWu3GE8xtnN1gJ4AaABAg,UCsVZgGkRnNqeIIOLxHiFR7A,"Fetched 05/24/2026, 8:08:10 PM GMT+8"
5427,@Mercy-j8h,2 days ago,Hello po mga kapatid ♥️ happy viewing po from lokal ng Philex ❤,https://www.youtube.com/watch?v=ROa3kbG5M0U&lc=UgxQf_o3ruWg-aEdTXF4AaABAg,UgxQf_o3ruWg-aEdTXF4AaABAg,UCm0A1pwIf_cf4oGRNojldXA,"Fetched 05/24/2026, 8:08:10 PM GMT+8"
5428,@icecreamnamainit,2 days ago (edited),Watching while nilalamok; nilalamok pero 'di papasok! / 🦟 / - La Trinidad,https://www.youtube.com/watch?v=ROa3kbG5M0U&lc=UgzA9k-UhJvUjJj9QQB4AaABAg,UgzA9k-UhJvUjJj9QQB4AaABAg,UCEww66QqjZ0WMGEbN0z08eA,"Fetched 05/24/2026, 8:08:10 PM GMT+8"
5429,@icecreamnamainit,2 days ago,Sleeping while watching!!  / - Lokal ng La Trinidad,https://www.youtube.com/watch?v=ROa3kbG5M0U&lc=UgyWkZls7aEg4ld9Hmd4AaABAg,UgyWkZls7aEg4ld9Hmd4AaABAg,UCEww66QqjZ0WMGEbN0z08eA,"Fetched 05/24/2026, 8:08:10 PM GMT+8"
5430,@icecreamnamainit,2 days ago,Nearing half a hundred thousand views🎉 / - La Trinidad,https://www.youtube.com/watch?v=ROa3kbG5M0U&lc=UgzsSny_KeJMMZh9SiR4AaABAg,UgzsSny_KeJMMZh9SiR4AaABAg,UCEww66QqjZ0WMGEbN0z08eA,"Fetched 05/24/2026, 8:08:10 PM GMT+8"
5431,@PELITANJennyClaireT,2 days ago,Nearing 47k viewsss. / - La Trinidad,https://www.youtube.com/watch?v=ROa3kbG5M0U&lc=UgypyKyPOfi-eYML56x4AaABAg,UgypyKyPOfi-eYML56x4AaABAg,UCsVZgGkRnNqeIIOLxHiFR7A,"Fetched 05/24/2026, 8:08:10 PM GMT+8"
5432,@Kate-l7p3n,2 days ago,Happy 46k mga kapatid!! mula po sa Lokal ng Guisad ❤❤,https://www.youtube.com/watch?v=ROa3kbG5M0U&lc=Ugzz4qzbjeQOk-oy3Dt4AaABAg,Ugzz4qzbjeQOk-oy3Dt4AaABAg,UCGxGooHWGHIT8dm8aRYPXdw,"Fetched 05/24/2026, 8:08:10 PM GMT+8"
5433,@icecreamnamainit,2 days ago,"Watching while sleeping! / - Kadiwa, La Trinidad, Benguet",https://www.youtube.com/watch?v=ROa3kbG5M0U&lc=UgzAogg-NM_Yvyf8POZ4AaABAg,UgzAogg-NM_Yvyf8POZ4AaABAg,UCEww66QqjZ0WMGEbN0z08eA,"Fetched 05/24/2026, 8:08:10 PM GMT+8"
5434,@PELITANJennyClaireT,2 days ago,"Masaya ang kainang pang-umaga, kapag ito'y pinanood nang maligaya!  (Advanced happy breakfast po). / - La Trinidad",https://www.youtube.com/watch?v=ROa3kbG5M0U&lc=UgwAlONCaECYPlLDWjR4AaABAg,UgwAlONCaECYPlLDWjR4AaABAg,UCsVZgGkRnNqeIIOLxHiFR7A,"Fetched 05/24/2026, 8:08:10 PM GMT+8"
5435,@tayabanrt,2 days ago,"Go Go Go BENGUETTTT🎉, let's reach 47k views. Cheering from lokal ng La Trinidad",https://www.youtube.com/watch?v=ROa3kbG5M0U&lc=Ugy-XSGJMsgNM3bBOU94AaABAg,Ugy-XSGJMsgNM3bBOU94AaABAg,UCCpOKu7HxJqnWctZ5fG9DZg,"Fetched 05/24/2026, 8:08:10 PM GMT+8"
5436,@icecreamnamainit,2 days ago,"Kaya natin this, Benguet! / Let's go, Benguet! / - La Trinidad",https://www.youtube.com/watch?v=ROa3kbG5M0U&lc=UgwUBsKTrOey-rWfWkh4AaABAg,UgwUBsKTrOey-rWfWkh4AaABAg,UCEww66QqjZ0WMGEbN0z08eA,"Fetched 05/24/2026, 8:08:10 PM GMT+8"
5437,@jazzherflawless6982,2 days ago,Happy 46k views po! 👏🏻  / ~Lokal ng Guisad,https://www.youtube.com/watch?v=ROa3kbG5M0U&lc=Ugyc6jbr-O6CWvjzBel4AaABAg,Ugyc6jbr-O6CWvjzBel4AaABAg,UCa-rZI9R7bRXxaVdHV3qBxQ,"Fetched 05/24/2026, 8:08:10 PM GMT+8"
5438,@PELITANJennyClaireT,2 days ago,Glimpse before we sleep. / Happy viewing po! / - La Trinidad,https://www.youtube.com/watch?v=ROa3kbG5M0U&lc=UgwmykKkRnWx1BvHLhd4AaABAg,UgwmykKkRnWx1BvHLhd4AaABAg,UCsVZgGkRnNqeIIOLxHiFR7A,"Fetched 05/24/2026, 8:08:10 PM GMT+8"
5439,@icecreamnamainit,2 days ago,Late evening greetings to everyone 😴. / - La Trinidad,https://www.youtube.com/watch?v=ROa3kbG5M0U&lc=UgyDfeT8YEJItN5TILh4AaABAg,UgyDfeT8YEJItN5TILh4AaABAg,UCEww66QqjZ0WMGEbN0z08eA,"Fetched 05/24/2026, 8:08:10 PM GMT+8"
5440,@JuniceAnntonetteRedoble,2 days ago,"Happy viewing po mga kapatid!! Pagbati mula sa Lokal ng Baguio City, Distrito ng Benguet!!!!!❤",https://www.youtube.com/watch?v=ROa3kbG5M0U&lc=UgwIF_ZiI7zks-JvPZl4AaABAg,UgwIF_ZiI7zks-JvPZl4AaABAg,UCP_AFj1bmiJwq7OlyfLlncw,"Fetched 05/24/2026, 8:08:10 PM GMT+8"
5441,@PELITANJennyClaireT,2 days ago,Kape po kapatids! / - La Trinidad,https://www.youtube.com/watch?v=ROa3kbG5M0U&lc=Ugx7u__0WXHLjzNAYPt4AaABAg,Ugx7u__0WXHLjzNAYPt4AaABAg,UCsVZgGkRnNqeIIOLxHiFR7A,"Fetched 05/24/2026, 8:08:10 PM GMT+8"
5442,@PELITANJennyClaireT,2 days ago,This MV's presence is such a present.🫶 / - La Trinidad,https://www.youtube.com/watch?v=ROa3kbG5M0U&lc=Ugyirr2BXPpkfMulGil4AaABAg,Ugyirr2BXPpkfMulGil4AaABAg,UCsVZgGkRnNqeIIOLxHiFR7A,"Fetched 05/24/2026, 8:08:10 PM GMT+8"
5443,@icecreamnamainit,2 days ago,Go Benguet! Your La Trinidad fam is always present! / - La Trinidad,https://www.youtube.com/watch?v=ROa3kbG5M0U&lc=Ugw7nvzwem9r1Uytg6J4AaABAg,Ugw7nvzwem9r1Uytg6J4AaABAg,UCEww66QqjZ0WMGEbN0z08eA,"Fetched 05/24/2026, 8:08:10 PM GMT+8"
5444,@LeonidesSido,2 days ago,"Happy viewing po sa lahat mula po sa Lokal ng Hillside Distrito ng Benguet. Benguet fight, fight, fight",https://www.youtube.com/watch?v=ROa3kbG5M0U&lc=Ugxm03vrGEt0sdW8tCR4AaABAg,Ugxm03vrGEt0sdW8tCR4AaABAg,UCboTr9D0eo38S7pgk-D1D4Q,"Fetched 05/24/2026, 8:08:10 PM GMT+8"
5445,@dindofavila7833,2 days ago,Happy viewing po sa mga kapatid sa lokal ng posos,https://www.youtube.com/watch?v=ROa3kbG5M0U&lc=Ugz9rWc7DdNEpzRRyDt4AaABAg,Ugz9rWc7DdNEpzRRyDt4AaABAg,UCGLQ_x6NrwmKL5xcB9ABYjQ,"Fetched 05/24/2026, 8:08:10 PM GMT+8"
5446,@PELITANJennyClaireT,2 days ago,"Always the bestest, alwaysest!💕 / - La Trinidad",https://www.youtube.com/watch?v=ROa3kbG5M0U&lc=UgyKLIJmjeKOOeNettl4AaABAg,UgyKLIJmjeKOOeNettl4AaABAg,UCsVZgGkRnNqeIIOLxHiFR7A,"Fetched 05/24/2026, 8:08:10 PM GMT+8"
5447,@LeonidesSido,2 days ago,Happy viewing po sa lahat mula po sa Lokal ng Hillside Distrito ng Benguet. Binabati ko po ang aming destinado kapatid na Jhon Alvin Capulong at ang amin pong mahal na Tagapangasiwa kapatid na Ardy Mendoza.,https://www.youtube.com/watch?v=ROa3kbG5M0U&lc=UgwUugFQO1Ppb9JqY7B4AaABAg,UgwUugFQO1Ppb9JqY7B4AaABAg,UCboTr9D0eo38S7pgk-D1D4Q,"Fetched 05/24/2026, 8:08:10 PM GMT+8"
5448,@LeonidesSido,2 days ago,Happy viewing po sa lahat mula po sa Lokal ng Hillside Distrito ng Benguet. Binabati ko po ang aming mahal na Tagapangasiwa kapatid na Ardy Mendoza.,https://www.youtube.com/watch?v=ROa3kbG5M0U&lc=UgzW4iB9BvXD0EmzhTB4AaABAg,UgzW4iB9BvXD0EmzhTB4AaABAg,UCboTr9D0eo38S7pgk-D1D4Q,"Fetched 05/24/2026, 8:08:10 PM GMT+8"
5449,@PELITANJennyClaireT,2 days ago,Let's go Benguet! / - La Trinidad,https://www.youtube.com/watch?v=ROa3kbG5M0U&lc=UgyA9hVZcqKsgmsrFzd4AaABAg,UgyA9hVZcqKsgmsrFzd4AaABAg,UCsVZgGkRnNqeIIOLxHiFR7A,"Fetched 05/24/2026, 8:08:10 PM GMT+8"
5450,@LeonidesSido,2 days ago,Happy viewing po sa lahat mula po sa Lokal ng Hillside Distrito ng Benguet. Binabati ko po ang aming destinado kapatid na Jhon Alvin Capulong.,https://www.youtube.com/watch?v=ROa3kbG5M0U&lc=Ugx0nhTxBfog3d7QAaR4AaABAg,Ugx0nhTxBfog3d7QAaR4AaABAg,UCboTr9D0eo38S7pgk-D1D4Q,"Fetched 05/24/2026, 8:08:10 PM GMT+8"
5451,@LeonidesSido,2 days ago,Happy viewing po sa lahat mula po sa Lokal ng Hillside Distrito ng Benguet.,https://www.youtube.com/watch?v=ROa3kbG5M0U&lc=UgxeT4DDQ9Oq-KvRrqR4AaABAg,UgxeT4DDQ9Oq-KvRrqR4AaABAg,UCboTr9D0eo38S7pgk-D1D4Q,"Fetched 05/24/2026, 8:08:10 PM GMT+8"
5452,@Lxzaaaaa,2 days ago (edited),Road 47k viewss🎉🎉 go Benguet!❤ /  / Support po from Atok Gold✨🌷,https://www.youtube.com/watch?v=ROa3kbG5M0U&lc=UgznZZ7vszBm22xcL7Z4AaABAg,UgznZZ7vszBm22xcL7Z4AaABAg,UC-MTBqslPrXeabiRe4UpQxw,"Fetched 05/24/2026, 8:08:10 PM GMT+8"
5453,@LeonidesSido,2 days ago,Happy viewing po sa lahat mula po sa Lokal ng Hillside Distrito ng Benguet. Binabati ko po ang aming destinado kapatid na Jhon Alvin Capulong at ang amin pong mahal na Tagapangasiwa kapatid na Ardy Mendoza.,https://www.youtube.com/watch?v=ROa3kbG5M0U&lc=UgwNZnN9CDqfimWeDnp4AaABAg,UgwNZnN9CDqfimWeDnp4AaABAg,UCboTr9D0eo38S7pgk-D1D4Q,"Fetched 05/24/2026, 8:08:10 PM GMT+8"
5454,@jeanietugad4595,2 days ago,"Huwag po tayong magsawa na manood mga kapatid,, enjoy po tayo,, mula sa lokal ng Atok Gold.",https://www.youtube.com/watch?v=ROa3kbG5M0U&lc=UgzTSLXsoVouYMl7sZ54AaABAg,UgzTSLXsoVouYMl7sZ54AaABAg,UC4-hT99A9u-aH7hnm5JCSfg,"Fetched 05/24/2026, 8:08:10 PM GMT+8"
5455,@LeonidesSido,2 days ago,Happy viewing po sa lahat mula po sa Lokal ng Hillside Distrito ng Benguet. Binabati ko po ang aming mahal na Tagapangasiwa kapatid na Ardy Mendoza.,https://www.youtube.com/watch?v=ROa3kbG5M0U&lc=UgzT1sjWZnXC58SPB6R4AaABAg,UgzT1sjWZnXC58SPB6R4AaABAg,UCboTr9D0eo38S7pgk-D1D4Q,"Fetched 05/24/2026, 8:08:10 PM GMT+8"
5456,@LeonidesSido,2 days ago,Happy viewing po sa lahat mula po sa Lokal ng Hillside Distrito ng Benguet. Binabati ko po ang aming destinado kapatid na Jhon Alvin Capulong.,https://www.youtube.com/watch?v=ROa3kbG5M0U&lc=UgwbTrEFjPhD47GfGfN4AaABAg,UgwbTrEFjPhD47GfGfN4AaABAg,UCboTr9D0eo38S7pgk-D1D4Q,"Fetched 05/24/2026, 8:08:10 PM GMT+8"
5457,@LeonidesSido,2 days ago,Happy viewing po sa lahat mula po sa Lokal ng Hillside Distrito ng Benguet.,https://www.youtube.com/watch?v=ROa3kbG5M0U&lc=Ugy38tCGvv6Bwrs_0_R4AaABAg,Ugy38tCGvv6Bwrs_0_R4AaABAg,UCboTr9D0eo38S7pgk-D1D4Q,"Fetched 05/24/2026, 8:08:10 PM GMT+8"
5458,@icecreamnamainit,2 days ago,Unwavering support from your La Trinidad brethrens! / - La Trinidad,https://www.youtube.com/watch?v=ROa3kbG5M0U&lc=Ugz71faBz6mXKO5mI294AaABAg,Ugz71faBz6mXKO5mI294AaABAg,UCEww66QqjZ0WMGEbN0z08eA,"Fetched 05/24/2026, 8:08:10 PM GMT+8"
5459,@johnreylucio8970,2 days ago,"Pagbati po sa mga Kadiwa jannn!! / Happy Viewing po sa lahat, Mula sa lokal ng La  Trinidad ❤",https://www.youtube.com/watch?v=ROa3kbG5M0U&lc=Ugzg-zV8XlP3LAq0JR54AaABAg,Ugzg-zV8XlP3LAq0JR54AaABAg,UCNMupRD4ySrN336KZpy29OA,"Fetched 05/24/2026, 8:08:10 PM GMT+8"
5460,@icecreamnamainit,2 days ago,Go go go Benguet! / - La Trinidad,https://www.youtube.com/watch?v=ROa3kbG5M0U&lc=UgyI6S0uGT3dZz8Fvkl4AaABAg,UgyI6S0uGT3dZz8Fvkl4AaABAg,UCEww66QqjZ0WMGEbN0z08eA,"Fetched 05/24/2026, 8:08:10 PM GMT+8"
5461,@jeanietugad4595,2 days ago,"Pagbati po sa mga Maytungkulin sa lokal ng Atok Gold, masayang panonood,, Kalihiman/Registry.",https://www.youtube.com/watch?v=ROa3kbG5M0U&lc=UgwRXTNesBTYH77HM0Z4AaABAg,UgwRXTNesBTYH77HM0Z4AaABAg,UC4-hT99A9u-aH7hnm5JCSfg,"Fetched 05/24/2026, 8:08:10 PM GMT+8"
5462,@LeonidesSido,2 days ago,Happy viewing po sa lahat mula po sa Lokal ng Hillside Distrito ng Benguet. Binabati ko po ang amin pong mahal na Tagapangasiwa kapatid na Ardy Mendoza.,https://www.youtube.com/watch?v=ROa3kbG5M0U&lc=UgymKKcyFet3Txd3NNt4AaABAg,UgymKKcyFet3Txd3NNt4AaABAg,UCboTr9D0eo38S7pgk-D1D4Q,"Fetched 05/24/2026, 8:08:10 PM GMT+8"
5463,@EleanorMislang,2 days ago,Binabati ko po lahat ng mga kapatid at maytungkulin s lokal ng Baguio city ❤️,https://www.youtube.com/watch?v=ROa3kbG5M0U&lc=UgwB4hg9Asx3vOnBSSp4AaABAg,UgwB4hg9Asx3vOnBSSp4AaABAg,UC-SX89r34HKuT1KlN8J7WTA,"Fetched 05/24/2026, 8:08:10 PM GMT+8"
5464,@LeonidesSido,2 days ago,Happy viewing po sa lahat mula po sa Lokal ng Hillside Distrito ng Benguet. Binabati ko po ang aming destinado kapatid na Jhon Alvin Capulong,https://www.youtube.com/watch?v=ROa3kbG5M0U&lc=UgwPfuTEPqjYwgdc2m54AaABAg,UgwPfuTEPqjYwgdc2m54AaABAg,UCboTr9D0eo38S7pgk-D1D4Q,"Fetched 05/24/2026, 8:08:10 PM GMT+8"
5465,@LeonidesSido,2 days ago,Happy viewing po sa lahat mula po sa Lokal ng Hillside Distrito ng Benguet.,https://www.youtube.com/watch?v=ROa3kbG5M0U&lc=Ugy3lxjiSGsxl3mN2gB4AaABAg,Ugy3lxjiSGsxl3mN2gB4AaABAg,UCboTr9D0eo38S7pgk-D1D4Q,"Fetched 05/24/2026, 8:08:10 PM GMT+8"
5466,@jeanietugad4595,2 days ago,"Patuloy po nating suportahan ang Distrito ng Benguet, happy watching, Atok Gold, Kalihiman/Registry.",https://www.youtube.com/watch?v=ROa3kbG5M0U&lc=UgwZlimkwid7XvbWKLB4AaABAg,UgwZlimkwid7XvbWKLB4AaABAg,UC4-hT99A9u-aH7hnm5JCSfg,"Fetched 05/24/2026, 8:08:10 PM GMT+8"
5467,@LeonidesSido,2 days ago,Happy viewing po sa lahat mula po sa Lokal ng Hillside Distrito ng Benguet. Binabati ko po ang aming destinado kapatid na Jhon Alvin Capulong at ang amin pong mahal na Tagapangasiwa kapatid na Ardy Mendoza.,https://www.youtube.com/watch?v=ROa3kbG5M0U&lc=UgxSkJ_nlanlP59I0HR4AaABAg,UgxSkJ_nlanlP59I0HR4AaABAg,UCboTr9D0eo38S7pgk-D1D4Q,"Fetched 05/24/2026, 8:08:10 PM GMT+8"
5468,@liezelbangsiel1099,2 days ago,"Happy viewing and good vibes po mga kapatid, mula po sa Lokal ng Kapangan💚🤍♥️",https://www.youtube.com/watch?v=ROa3kbG5M0U&lc=UgyxsltnBMxoOT1QGqt4AaABAg,UgyxsltnBMxoOT1QGqt4AaABAg,UCIY-LGp-hkQPT2puc_eYUwg,"Fetched 05/24/2026, 8:08:10 PM GMT+8"
5469,@armandojimenezjr1372,2 days ago,Happy viewing  po sa Lokal po Ng Megaroyale Mula po..sa kagawaran Ng Mang aawit❤❤❤,https://www.youtube.com/watch?v=ROa3kbG5M0U&lc=UgwNiQSQn0Xc90_rfPl4AaABAg,UgwNiQSQn0Xc90_rfPl4AaABAg,UClTeD9DteWk4XHKGXVhZ2BQ,"Fetched 05/24/2026, 8:08:10 PM GMT+8"
5470,@Julskie28,2 days ago,Last hour of viewing! Happy viewing po sa lahat! /  / Let's Go Benguet 🎉 / From KADIWAs of benguet ❤ / Lokal ng Guisad❤,https://www.youtube.com/watch?v=ROa3kbG5M0U&lc=UgzD27CjJa4W9Bh94VJ4AaABAg,UgzD27CjJa4W9Bh94VJ4AaABAg,UC1nz0UiWHV8lyoQdZtJejeg,"Fetched 05/24/2026, 8:08:10 PM GMT+8"
5471,@IcezieryleRhaineSumilep,2 days ago,Good Evening po / From Quezon hill,https://www.youtube.com/watch?v=ROa3kbG5M0U&lc=Ugwh_EQLrnyhFn7JFVx4AaABAg,Ugwh_EQLrnyhFn7JFVx4AaABAg,UCYU-bd0Tqry-iD1MHWF2S_A,"Fetched 05/24/2026, 8:08:10 PM GMT+8"
5472,@alexissumilep-akitan,2 days ago,"good evening mga kapatid lalo na po sa mga nasa registry section at kalihiman ng Quezon Hill, Benguet",https://www.youtube.com/watch?v=ROa3kbG5M0U&lc=Ugy8SUg-JcOqsyoMcMJ4AaABAg,Ugy8SUg-JcOqsyoMcMJ4AaABAg,UCjLw8KfZA1ZX3DYq3aCogsQ,"Fetched 05/24/2026, 8:08:10 PM GMT+8"
5473,@AiraDiaz-z3v,2 days ago,Fight fight fight gooooo Baguio city ❤,https://www.youtube.com/watch?v=ROa3kbG5M0U&lc=Ugw4_xstcLUvDqsWLZB4AaABAg,Ugw4_xstcLUvDqsWLZB4AaABAg,UCXgCPa_6Zx6RJqptv3EmRww,"Fetched 05/24/2026, 8:08:10 PM GMT+8"
5474,@AiraDiaz-z3v,2 days ago,Baguio city 🇮🇹,https://www.youtube.com/watch?v=ROa3kbG5M0U&lc=UgyEdXA2g-4WC3KxAep4AaABAg,UgyEdXA2g-4WC3KxAep4AaABAg,UCXgCPa_6Zx6RJqptv3EmRww,"Fetched 05/24/2026, 8:08:10 PM GMT+8"
5475,@NancyMoyano-r7u,2 days ago,Watching God's Love 💖  / Go Benguet ❤❤❤ / Go Baguio City...,https://www.youtube.com/watch?v=ROa3kbG5M0U&lc=UgzudcphooIK1TkjlOh4AaABAg,UgzudcphooIK1TkjlOh4AaABAg,UCIZH5g0o-lHJidrq7pdjV5w,"Fetched 05/24/2026, 8:08:10 PM GMT+8"
5476,@darwinbolangen-h9z,2 days ago,Full support po from Loakan Airport,https://www.youtube.com/watch?v=ROa3kbG5M0U&lc=Ugy7maHluL3u9gMYzxx4AaABAg,Ugy7maHluL3u9gMYzxx4AaABAg,UCPTscuNX2yb1MuqG9vn3BSQ,"Fetched 05/24/2026, 8:08:10 PM GMT+8"
5477,@geneprado-ro1lf,2 days ago,Fight fight fight!,https://www.youtube.com/watch?v=ROa3kbG5M0U&lc=UgzTyyd7yL5l3LIi-gV4AaABAg,UgzTyyd7yL5l3LIi-gV4AaABAg,UC2Z9rmo043mQs6MJc9yF7XA,"Fetched 05/24/2026, 8:08:10 PM GMT+8"
5478,@geneprado-ro1lf,2 days ago,"Happy viewing Purpk 6 , Baguio City",https://www.youtube.com/watch?v=ROa3kbG5M0U&lc=UgyuNBuqc91vsZ-qXsZ4AaABAg,UgyuNBuqc91vsZ-qXsZ4AaABAg,UC2Z9rmo043mQs6MJc9yF7XA,"Fetched 05/24/2026, 8:08:10 PM GMT+8"
5479,@geneprado-ro1lf,2 days ago,Happy viewing Brethren,https://www.youtube.com/watch?v=ROa3kbG5M0U&lc=Ugx25BlRYLAuf4sBFJR4AaABAg,Ugx25BlRYLAuf4sBFJR4AaABAg,UC2Z9rmo043mQs6MJc9yF7XA,"Fetched 05/24/2026, 8:08:10 PM GMT+8"
5480,@arlynsadsaddarnayla,2 days ago,Go Benguet🎉🎉🎉 /  / Baguio City🇮🇹 / 💚🤍❤️,https://www.youtube.com/watch?v=ROa3kbG5M0U&lc=Ugy1T4zaZsPIOjy8Q_F4AaABAg,Ugy1T4zaZsPIOjy8Q_F4AaABAg,UCEpebcWdMuh8WoE06IwNIKA,"Fetched 05/24/2026, 8:08:10 PM GMT+8"
5481,@MasterHamster-d3e,2 days ago,Go Benguet 🎉,https://www.youtube.com/watch?v=ROa3kbG5M0U&lc=UgyBOpgBPv2TCfisD3Z4AaABAg,UgyBOpgBPv2TCfisD3Z4AaABAg,UCIDfa0n2e5vNjYw1RR716Ow,"Fetched 05/24/2026, 8:08:10 PM GMT+8"
5482,@henrycaranto2644,2 days ago,Isang Araw nanaman po ang napagsamahan natin sa Pag suporta. /  / Let’s Go Team Benguet ❤🎉😊 /  / From Lokal ng Baguio City at Kadiwa District Officers❤,https://www.youtube.com/watch?v=ROa3kbG5M0U&lc=UgyPCcPR_25jpFujNBV4AaABAg,UgyPCcPR_25jpFujNBV4AaABAg,UCFilTOy22FklSkBIgwVPVaQ,"Fetched 05/24/2026, 8:08:10 PM GMT+8"
5483,@luibustamante9493,2 days ago,God's love is bigger than the ocean and brighter the stars🎶🎶🎵 /  / Good evening po mga kapatid. Happy viewing po at masayang pakikipagkaisa po sa ating lahat.  /  / Pagbati po mula sa maytungkulin sa Mang-aawit at Kadiwa sa Lokal ng Tuba.,https://www.youtube.com/watch?v=ROa3kbG5M0U&lc=UgwRlts-WD8-tvR_dPJ4AaABAg,UgwRlts-WD8-tvR_dPJ4AaABAg,UCFAmrhDmv6rvZrQoYp-IS9w,"Fetched 05/24/2026, 8:08:10 PM GMT+8"
5484,@geneprado-ro1lf,2 days ago,Baguio city fight,https://www.youtube.com/watch?v=ROa3kbG5M0U&lc=UgyNDSGeQdkxNQOvP6x4AaABAg,UgyNDSGeQdkxNQOvP6x4AaABAg,UC2Z9rmo043mQs6MJc9yF7XA,"Fetched 05/24/2026, 8:08:10 PM GMT+8"
5485,@AlvieMangsat-c4m,2 days ago,magandang Gabi po! Pagbati po sa aming kasamahang binhi at kadiwa district officers! Lokal po ng Megaroyale Village kapisanang binhi po and Happy Viewing po!!❤❤,https://www.youtube.com/watch?v=ROa3kbG5M0U&lc=Ugxl-wzuZDScRSn1PZd4AaABAg,Ugxl-wzuZDScRSn1PZd4AaABAg,UCe2qidW_pQ1iCUkpjLZCXUA,"Fetched 05/24/2026, 8:08:10 PM GMT+8"
5486,@EdralixPescoso09,2 days ago,Ganda po ng entry ng Benguet!  / Greetings from Lokal ng Baguio City. Shoutout po kay ka drea,https://www.youtube.com/watch?v=ROa3kbG5M0U&lc=UgwRsd0ZO23kPH8DjL54AaABAg,UgwRsd0ZO23kPH8DjL54AaABAg,UCZkdHzsrBxdfwRgWYx2x7RQ,"Fetched 05/24/2026, 8:08:10 PM GMT+8"
5487,@geneprado-ro1lf,2 days ago,Fight Benguet!,https://www.youtube.com/watch?v=ROa3kbG5M0U&lc=UgwzrdepmgtOMYXLgT94AaABAg,UgwzrdepmgtOMYXLgT94AaABAg,UC2Z9rmo043mQs6MJc9yF7XA,"Fetched 05/24/2026, 8:08:10 PM GMT+8"
5488,@darwinbolangen-h9z,2 days ago,Good evening po happy viewing po From Loakan Airport po,https://www.youtube.com/watch?v=ROa3kbG5M0U&lc=Ugw3Q7Okfj_eF6afv514AaABAg,Ugw3Q7Okfj_eF6afv514AaABAg,UCPTscuNX2yb1MuqG9vn3BSQ,"Fetched 05/24/2026, 8:08:10 PM GMT+8"
5489,@darwinbolangen-h9z,2 days ago,Full support From Loakan Airport po,https://www.youtube.com/watch?v=ROa3kbG5M0U&lc=UgyRqh5uNJ-X72UYTDN4AaABAg,UgyRqh5uNJ-X72UYTDN4AaABAg,UCPTscuNX2yb1MuqG9vn3BSQ,"Fetched 05/24/2026, 8:08:10 PM GMT+8"
5490,@darwinbolangen-h9z,2 days ago,Full support po from Loakan Airport,https://www.youtube.com/watch?v=ROa3kbG5M0U&lc=Ugxi6XimOnb0ErBQh2x4AaABAg,Ugxi6XimOnb0ErBQh2x4AaABAg,UCPTscuNX2yb1MuqG9vn3BSQ,"Fetched 05/24/2026, 8:08:10 PM GMT+8"
5491,@darwinbolangen-h9z,2 days ago,Fight Fight Fight Full support po from Loakan Airport,https://www.youtube.com/watch?v=ROa3kbG5M0U&lc=UgzERALT5mr36KLJP-x4AaABAg,UgzERALT5mr36KLJP-x4AaABAg,UCPTscuNX2yb1MuqG9vn3BSQ,"Fetched 05/24/2026, 8:08:10 PM GMT+8"
5492,@darwinbolangen-h9z,2 days ago,Happy watching po from Loakan Airport,https://www.youtube.com/watch?v=ROa3kbG5M0U&lc=UgypZpBC1K3hbNp5qXJ4AaABAg,UgypZpBC1K3hbNp5qXJ4AaABAg,UCPTscuNX2yb1MuqG9vn3BSQ,"Fetched 05/24/2026, 8:08:10 PM GMT+8"
5493,@darwinbolangen-h9z,2 days ago,Happy watching po from Loakan Airport,https://www.youtube.com/watch?v=ROa3kbG5M0U&lc=UgwYN3_ZENy6tGubxXB4AaABAg,UgwYN3_ZENy6tGubxXB4AaABAg,UCPTscuNX2yb1MuqG9vn3BSQ,"Fetched 05/24/2026, 8:08:10 PM GMT+8"
5494,@AiraDiaz-z3v,2 days ago,God's love 💕 gooo Baguio ❤,https://www.youtube.com/watch?v=ROa3kbG5M0U&lc=UgzD_lb5rT9Zt_5N-UN4AaABAg,UgzD_lb5rT9Zt_5N-UN4AaABAg,UCXgCPa_6Zx6RJqptv3EmRww,"Fetched 05/24/2026, 8:08:10 PM GMT+8"
5495,@kristonleefuchigami3643,2 days ago,Happy viewing mula po sa Lokal ng Quezon Hill Distrito ng Benguet.,https://www.youtube.com/watch?v=ROa3kbG5M0U&lc=UgxcXPn0WbUE-ZlFab94AaABAg,UgxcXPn0WbUE-ZlFab94AaABAg,UCOZ4eM5oab1qQPoV6luV52w,"Fetched 05/24/2026, 8:08:10 PM GMT+8"
5496,@darwinbolangen-h9z,2 days ago,Good evening po happy watching po from Loakan Airport,https://www.youtube.com/watch?v=ROa3kbG5M0U&lc=UgzpZmbwzDoWL7fYsQZ4AaABAg,UgzpZmbwzDoWL7fYsQZ4AaABAg,UCPTscuNX2yb1MuqG9vn3BSQ,"Fetched 05/24/2026, 8:08:10 PM GMT+8"
5497,@EdralixPescoso09,2 days ago,"Greetings from Lokal ng Baguio City, Distrito ng Benguet.  / Shoutout po kay Lhexie Tindo na sobrang bait (mas mabait pa sa mabait)",https://www.youtube.com/watch?v=ROa3kbG5M0U&lc=Ugwses1ruKfFtyyf5El4AaABAg,Ugwses1ruKfFtyyf5El4AaABAg,UCZkdHzsrBxdfwRgWYx2x7RQ,"Fetched 05/24/2026, 8:08:10 PM GMT+8"
5498,@arlynsadsaddarnayla,2 days ago,"Mula po sa lokal ng Baguio City, full support!💚🤍❤️",https://www.youtube.com/watch?v=ROa3kbG5M0U&lc=UgwRFkZ920w_Upnq28Z4AaABAg,UgwRFkZ920w_Upnq28Z4AaABAg,UCEpebcWdMuh8WoE06IwNIKA,"Fetched 05/24/2026, 8:08:10 PM GMT+8"
5499,@gwynethcayabyab5981,2 days ago,Goodnight po sa lahat ng kapatid / Keep on viewing po🎉,https://www.youtube.com/watch?v=ROa3kbG5M0U&lc=UgwyqmqjSP9kOBhobPp4AaABAg,UgwyqmqjSP9kOBhobPp4AaABAg,UCouodNvhL1bfJC2Fz0B_Rcw,"Fetched 05/24/2026, 8:08:10 PM GMT+8"
5500,@TheEmzthine,2 days ago,Let's Go BEGUET!  /  / Shout-out sa mga Kalihim na ginabi ulit  /  / Lokal ng Irisan ❤❤❤,https://www.youtube.com/watch?v=ROa3kbG5M0U&lc=Ugye4v3TYd9WF7aIsjh4AaABAg,Ugye4v3TYd9WF7aIsjh4AaABAg,UCxLUxuNrB5SEVcJFtEZauDw,"Fetched 05/24/2026, 8:08:10 PM GMT+8"
5501,@DJDaniwis,2 days ago,"Greetings to all viewers and to all Binhi District Officers happy viewing po, lokal po ng Ambiong!!",https://www.youtube.com/watch?v=ROa3kbG5M0U&lc=UgyOOCRxxrrQ4x-r5kx4AaABAg,UgyOOCRxxrrQ4x-r5kx4AaABAg,UCciByNaKApcsQBcHkjrrwcA,"Fetched 05/24/2026, 8:08:10 PM GMT+8"
5502,@NorilynBayawoc-c7q,2 days ago,Happy viewing po ....,https://www.youtube.com/watch?v=ROa3kbG5M0U&lc=UgyjMr9GNxFgPQBew394AaABAg,UgyjMr9GNxFgPQBew394AaABAg,UCXkASA6a4yyCYLFoeCbdz9A,"Fetched 05/24/2026, 8:08:10 PM GMT+8"
5503,@NancyMoyano-r7u,2 days ago,Magandang gabi po mga kabagis  / Happy viewing po  / Greetings from Baguio City  / # Benguet ❤❤❤,https://www.youtube.com/watch?v=ROa3kbG5M0U&lc=UgxxlMcGx7frXCYOs6l4AaABAg,UgxxlMcGx7frXCYOs6l4AaABAg,UCIZH5g0o-lHJidrq7pdjV5w,"Fetched 05/24/2026, 8:08:10 PM GMT+8"
5504,@LhexieTindo,2 days ago,Let's Go Benguet!! shout out po kay Edralix Pescoso na napakasipag /  / from lokal po ng Baguio City,https://www.youtube.com/watch?v=ROa3kbG5M0U&lc=UgzT8SKSP_XFQa2oqvl4AaABAg,UgzT8SKSP_XFQa2oqvl4AaABAg,UCJ8gw3BSS_9BNm6KDY9I-ng,"Fetched 05/24/2026, 8:08:10 PM GMT+8"
5505,@Kate-l7p3n,2 days ago (edited),Lets go Benguet ! mula po sa Lokal ng Guisad ❤❤,https://www.youtube.com/watch?v=ROa3kbG5M0U&lc=UgxL8fqfGo-Ccmp-A9l4AaABAg,UgxL8fqfGo-Ccmp-A9l4AaABAg,UCGxGooHWGHIT8dm8aRYPXdw,"Fetched 05/24/2026, 8:08:10 PM GMT+8"
5506,@Kate-l7p3n,2 days ago,lets continue to stream po mga kapatid!! mula po sa Lokal ng Guisad ❤❤,https://www.youtube.com/watch?v=ROa3kbG5M0U&lc=UgzyylCb6UxmT2L7iaF4AaABAg,UgzyylCb6UxmT2L7iaF4AaABAg,UCGxGooHWGHIT8dm8aRYPXdw,"Fetched 05/24/2026, 8:08:10 PM GMT+8"
5507,@Kate-l7p3n,2 days ago,Lets go Benguet!! road to 46k !! mula po sa Lokal ng Guisad ❤❤,https://www.youtube.com/watch?v=ROa3kbG5M0U&lc=UgzVdaP8njVBeLQ3j5d4AaABAg,UgzVdaP8njVBeLQ3j5d4AaABAg,UCGxGooHWGHIT8dm8aRYPXdw,"Fetched 05/24/2026, 8:08:10 PM GMT+8"
5508,@D3sert_R0M,2 days ago,God's love  / ❤❤❤Baguio❤❤❤,https://www.youtube.com/watch?v=ROa3kbG5M0U&lc=UgwOS9Yy6g6XsN6T1c14AaABAg,UgwOS9Yy6g6XsN6T1c14AaABAg,UC1k0KSnUx9XJRL33TGwj4FQ,"Fetched 05/24/2026, 8:08:10 PM GMT+8"
5509,@cresenciasubli9375,2 days ago,Patuloy Po Ang pagsuporta at pakikipagkaisa!!Happy viewing Po sa lahat!!💚🤍❤️ / From Baguio city!,https://www.youtube.com/watch?v=ROa3kbG5M0U&lc=UgxqkUcnOvXKoOZApRN4AaABAg,UgxqkUcnOvXKoOZApRN4AaABAg,UCUkLEjLy-mTV-lKfyceXQVw,"Fetched 05/24/2026, 8:08:10 PM GMT+8"
5510,@aizelfuchigami842,2 days ago,Fight Fight Fight Benguet! / Lokal ng Quezon Hill,https://www.youtube.com/watch?v=ROa3kbG5M0U&lc=Ugx2an63Ek3lze8wOgl4AaABAg,Ugx2an63Ek3lze8wOgl4AaABAg,UCAxDQnCZxAvsB6YgYjSR1nQ,"Fetched 05/24/2026, 8:08:10 PM GMT+8"
5511,@aizelfuchigami842,2 days ago,Fighting Benguet! / Lokal ng Quezon Hill,https://www.youtube.com/watch?v=ROa3kbG5M0U&lc=Ugw46fcU7ItyQZxflUt4AaABAg,Ugw46fcU7ItyQZxflUt4AaABAg,UCAxDQnCZxAvsB6YgYjSR1nQ,"Fetched 05/24/2026, 8:08:10 PM GMT+8"
5512,@coto-ongnesrionardc.9972,2 days ago,Happy viewing po mga kapatid 🎉 pagbati po mula sa lokal ng Hillside❤,https://www.youtube.com/watch?v=ROa3kbG5M0U&lc=UgxSgfnUUqiNGPtZ5Gd4AaABAg,UgxSgfnUUqiNGPtZ5Gd4AaABAg,UC3mnqkvRsOe5VmjM8q7mu3A,"Fetched 05/24/2026, 8:08:10 PM GMT+8"
5513,@EleanorMislang,2 days ago,Good evening po mga kpatid and happy viewing po.from locale of Baguio city,https://www.youtube.com/watch?v=ROa3kbG5M0U&lc=UgwRnguhWecNazxDIsx4AaABAg,UgwRnguhWecNazxDIsx4AaABAg,UC-SX89r34HKuT1KlN8J7WTA,"Fetched 05/24/2026, 8:08:10 PM GMT+8"
5514,@danielsangalang4416,2 days ago,Binabati ko po ang kasama namin sa kalihiman si ka Noe Dulay happy birthday po.,https://www.youtube.com/watch?v=ROa3kbG5M0U&lc=UgzMaFCLqLinzBa-ENh4AaABAg,UgzMaFCLqLinzBa-ENh4AaABAg,UCd83g5cGg_Es6Qyl02u7jdw,"Fetched 05/24/2026, 8:08:10 PM GMT+8"
5515,@aizelfuchigami842,2 days ago,Go Benguet! / Lokal ng Quezon Hill,https://www.youtube.com/watch?v=ROa3kbG5M0U&lc=UgyWcY21f_t5fSvbwI94AaABAg,UgyWcY21f_t5fSvbwI94AaABAg,UCAxDQnCZxAvsB6YgYjSR1nQ,"Fetched 05/24/2026, 8:08:10 PM GMT+8"
5516,@aizelfuchigami842,2 days ago,Good evening po! Happy viewing mula po sa Lokal ng Quezon Hill Distrito ng Benguet. 🇮🇹🎼🎵🎶,https://www.youtube.com/watch?v=ROa3kbG5M0U&lc=Ugz0X9m1dPYwpCLwnFh4AaABAg,Ugz0X9m1dPYwpCLwnFh4AaABAg,UCAxDQnCZxAvsB6YgYjSR1nQ,"Fetched 05/24/2026, 8:08:10 PM GMT+8"
5517,@MaryRoseSismundoPerez,2 days ago,Go! Go! Go! #Benguet❤❤❤ / Pagbati mula sa Kalihim/Mang Aawit Ng Lokal Ng Irisan Distrito Ng Benguet❤❤❤,https://www.youtube.com/watch?v=ROa3kbG5M0U&lc=UgwM27GxgJg6dLmshn54AaABAg,UgwM27GxgJg6dLmshn54AaABAg,UC059Z7nvMdVFCi5sg-aB4zw,"Fetched 05/24/2026, 8:08:10 PM GMT+8"
5518,@alexissumilep-akitan,2 days ago,good evening mga kapatid lalo na po sa mga nasa registry section/kalihiman ng Quezon Hill,https://www.youtube.com/watch?v=ROa3kbG5M0U&lc=UgxksXwukbwLKrerjyR4AaABAg,UgxksXwukbwLKrerjyR4AaABAg,UCjLw8KfZA1ZX3DYq3aCogsQ,"Fetched 05/24/2026, 8:08:10 PM GMT+8"
5519,@cresenciasubli9375,2 days ago,Go go Benguet!!! / -Baguio City,https://www.youtube.com/watch?v=ROa3kbG5M0U&lc=Ugz1NNtkYZrsk1lCbzt4AaABAg,Ugz1NNtkYZrsk1lCbzt4AaABAg,UCUkLEjLy-mTV-lKfyceXQVw,"Fetched 05/24/2026, 8:08:10 PM GMT+8"
5520,@aireencosme,2 days ago,Happy viewing po😊,https://www.youtube.com/watch?v=ROa3kbG5M0U&lc=Ugyc4aBKIZ7xsSvtESp4AaABAg,Ugyc4aBKIZ7xsSvtESp4AaABAg,UCFUdib0cwYATwdimy3LceeQ,"Fetched 05/24/2026, 8:08:10 PM GMT+8"
5521,@danielsangalang4416,2 days ago,Patuloy po ang aming pakikipag kaisa kaming nasa kapisanang KADIWA sa Lokal Ng Baguio City.,https://www.youtube.com/watch?v=ROa3kbG5M0U&lc=UgzRzCD9fgnfrnMVuIN4AaABAg,UgzRzCD9fgnfrnMVuIN4AaABAg,UCd83g5cGg_Es6Qyl02u7jdw,"Fetched 05/24/2026, 8:08:10 PM GMT+8"
5522,@loretatindo-w6r,2 days ago,"Happy watching po sa lahat ng kapatid, from lokal ng Baguio City  ❤",https://www.youtube.com/watch?v=ROa3kbG5M0U&lc=UgzDH6jIZBYk6sPhN_d4AaABAg,UgzDH6jIZBYk6sPhN_d4AaABAg,UCPCOfc4r3WObHRZCFAGwqdg,"Fetched 05/24/2026, 8:08:10 PM GMT+8"
5523,@joselitotomita1029,2 days ago,Happy viewing po mula sa Lokal ng Bangho district of Benguet kalihim department,https://www.youtube.com/watch?v=ROa3kbG5M0U&lc=UgwCre5PBFhRYtm4Sfp4AaABAg,UgwCre5PBFhRYtm4Sfp4AaABAg,UCyzbu0RN6bsQ88Mspf9VvQQ,"Fetched 05/24/2026, 8:08:10 PM GMT+8"
5524,@danielsangalang4416,2 days ago,Gooo Baguio City!!! / Kalihiman/Registry,https://www.youtube.com/watch?v=ROa3kbG5M0U&lc=Ugy2j4lDOuBy-wtqygd4AaABAg,Ugy2j4lDOuBy-wtqygd4AaABAg,UCd83g5cGg_Es6Qyl02u7jdw,"Fetched 05/24/2026, 8:08:10 PM GMT+8"
5525,@cresenciasubli9375,2 days ago,Go go Benguet!! FIGHT FIGHT FIGHT 💪💪💚🤍❤️ / -Baguio City,https://www.youtube.com/watch?v=ROa3kbG5M0U&lc=UgzSqQvcoF-wiN7CyFl4AaABAg,UgzSqQvcoF-wiN7CyFl4AaABAg,UCUkLEjLy-mTV-lKfyceXQVw,"Fetched 05/24/2026, 8:08:10 PM GMT+8"
5526,@danielsangalang4416,2 days ago,Binabati ko po lahat ng may tungkulin sa Lokal Ng Baguio City.,https://www.youtube.com/watch?v=ROa3kbG5M0U&lc=UgyRTJIuzg1imxAbRot4AaABAg,UgyRTJIuzg1imxAbRot4AaABAg,UCd83g5cGg_Es6Qyl02u7jdw,"Fetched 05/24/2026, 8:08:10 PM GMT+8"
5527,@EdralixPescoso09,2 days ago,"Happy viewing po. Shoutout kay Ka Lhexie Lynn Tindo ng Lokal ng Baguio City, Distrito ng Benguet",https://www.youtube.com/watch?v=ROa3kbG5M0U&lc=UgzulU3gJa5_AgAVhp94AaABAg,UgzulU3gJa5_AgAVhp94AaABAg,UCZkdHzsrBxdfwRgWYx2x7RQ,"Fetched 05/24/2026, 8:08:10 PM GMT+8"
5528,@danielsangalang4416,2 days ago,BENGUET FIGHTTT!!!!,https://www.youtube.com/watch?v=ROa3kbG5M0U&lc=Ugy-N9hjop6FJNBg1td4AaABAg,Ugy-N9hjop6FJNBg1td4AaABAg,UCd83g5cGg_Es6Qyl02u7jdw,"Fetched 05/24/2026, 8:08:10 PM GMT+8"
5529,@danielsangalang4416,2 days ago,Happy watching everyone.,https://www.youtube.com/watch?v=ROa3kbG5M0U&lc=UgwaU5Z1bE376Q78f8d4AaABAg,UgwaU5Z1bE376Q78f8d4AaABAg,UCd83g5cGg_Es6Qyl02u7jdw,"Fetched 05/24/2026, 8:08:10 PM GMT+8"
5530,@cresenciasubli9375,2 days ago,Shout out Po sa mga nasa kalihimn Ng Baguio City Ngayon!! / Good evening po mga kapatid!!!Happy happy viewing Po sa lahat!!❤️💚🤍,https://www.youtube.com/watch?v=ROa3kbG5M0U&lc=UgwuP6c1flrlYzQAUhZ4AaABAg,UgwuP6c1flrlYzQAUhZ4AaABAg,UCUkLEjLy-mTV-lKfyceXQVw,"Fetched 05/24/2026, 8:08:10 PM GMT+8"
5531,@danielsangalang4416,2 days ago,Gooo BENGUET!!! /  / Baguio City,https://www.youtube.com/watch?v=ROa3kbG5M0U&lc=Ugz3dhPiwbk-JC_qxLt4AaABAg,Ugz3dhPiwbk-JC_qxLt4AaABAg,UCd83g5cGg_Es6Qyl02u7jdw,"Fetched 05/24/2026, 8:08:10 PM GMT+8"
5532,@Yana_Cax_3yyy,2 days ago,Good evening po! Happy viewing po from lokal ng megaroyale village kapisanang binhi! Pagbati rin po sa mga kasama po naming binhi at kadiwa district officers!,https://www.youtube.com/watch?v=ROa3kbG5M0U&lc=UgzVsi2c9Rl6our6jiN4AaABAg,UgzVsi2c9Rl6our6jiN4AaABAg,UCdy8uW-rntsBTXOfRU0mC6A,"Fetched 05/24/2026, 8:08:10 PM GMT+8"
5533,@HrmyndCoto-ong,2 days ago,Happy viewing po mula sa LOKAL NG HILLSIDE,https://www.youtube.com/watch?v=ROa3kbG5M0U&lc=UgyALkBCT-hWbdSqPXF4AaABAg,UgyALkBCT-hWbdSqPXF4AaABAg,UCbCAqWMOZcLATjTPEQjzgLg,"Fetched 05/24/2026, 8:08:10 PM GMT+8"
5534,@cresenciasubli9375,2 days ago,Good evening po mga kapatid!!!Happy happy viewing Po sa lahat!!Mula po sa lokal Ng Baguio City ❤️💚🤍,https://www.youtube.com/watch?v=ROa3kbG5M0U&lc=UgzwJxYvXZQM6uHFK-d4AaABAg,UgzwJxYvXZQM6uHFK-d4AaABAg,UCUkLEjLy-mTV-lKfyceXQVw,"Fetched 05/24/2026, 8:08:10 PM GMT+8"
5535,@alexissumilep-akitan,2 days ago,road to 46k views /  / Countdown to awarding /  / Benguet no. 1 /  / supporting from: / -Registry Section / -Kalihiman / -Quezon Hill,https://www.youtube.com/watch?v=ROa3kbG5M0U&lc=Ugz-frI4bRcgHplmE3F4AaABAg,Ugz-frI4bRcgHplmE3F4AaABAg,UCjLw8KfZA1ZX3DYq3aCogsQ,"Fetched 05/24/2026, 8:08:10 PM GMT+8"
5536,@MarkAnthonyAlvior-dm8pq,2 days ago,"Good evening po mga kabagis 😍 binabati ko po mga ka MT  at mga kapatid po namin dito sa aming ng lokal Greenwater, rewatching po ulit... Go go go district of Benguet 💪♥️🙏",https://www.youtube.com/watch?v=ROa3kbG5M0U&lc=Ugxc2MmLpCv-udwIscJ4AaABAg,Ugxc2MmLpCv-udwIscJ4AaABAg,UC0cg01D5crTJKa0gjb0tVzg,"Fetched 05/24/2026, 8:08:10 PM GMT+8"
5537,@coto-onglheanaajc.3303,2 days ago,Happy Viewing po from Lokal ng Hillside,https://www.youtube.com/watch?v=ROa3kbG5M0U&lc=Ugyeiciqxa2OzEGoJtx4AaABAg,Ugyeiciqxa2OzEGoJtx4AaABAg,UCepvdbDlLD3XhIPriTXriCw,"Fetched 05/24/2026, 8:08:10 PM GMT+8"
5538,@arthurpassian36,2 days ago,magandang gabi po masayang panonooxd  mga kptd dto sa lokal ng Queson hill dstrito ng Benguet.,https://www.youtube.com/watch?v=ROa3kbG5M0U&lc=Ugy62uLvpYnIvknidkF4AaABAg,Ugy62uLvpYnIvknidkF4AaABAg,UCcnaUWfdvobP-90ZBk8Zy7g,"Fetched 05/24/2026, 8:08:10 PM GMT+8"
5539,@LhexieTindo,2 days ago (edited),Let's Go Benguet !!! 🎉🍓 /  / FIGHT! FIGHT! FIGHT! /  / from lokal po ng Baguio City ♥️,https://www.youtube.com/watch?v=ROa3kbG5M0U&lc=UgypX3ljvEQRcoMWUhd4AaABAg,UgypX3ljvEQRcoMWUhd4AaABAg,UCJ8gw3BSS_9BNm6KDY9I-ng,"Fetched 05/24/2026, 8:08:10 PM GMT+8"
5540,@agudongdencebaylorb.6757,2 days ago,"Sending support and love 🤗 from Baguio City, Benguet!",https://www.youtube.com/watch?v=ROa3kbG5M0U&lc=Ugzf4NV5QqxQKLmJ3mx4AaABAg,Ugzf4NV5QqxQKLmJ3mx4AaABAg,UCk7OB5KugstrmQSDU7Q4lDQ,"Fetched 05/24/2026, 8:08:10 PM GMT+8"
5541,@LhexieTindo,2 days ago,"happy viewing po, hello po sa lahat ng mga kadiwa/binhi district officers 🥰  /  / from lokal po ng Baguio City!",https://www.youtube.com/watch?v=ROa3kbG5M0U&lc=UgzeuCWu75HtgIT-ZXt4AaABAg,UgzeuCWu75HtgIT-ZXt4AaABAg,UCJ8gw3BSS_9BNm6KDY9I-ng,"Fetched 05/24/2026, 8:08:10 PM GMT+8"
5542,@agudongdencebaylorb.6757,2 days ago,"Stay cool and positive 😎 from Baguio City, Benguet!",https://www.youtube.com/watch?v=ROa3kbG5M0U&lc=UgzOoF0XKtkuwjjbuxp4AaABAg,UgzOoF0XKtkuwjjbuxp4AaABAg,UCk7OB5KugstrmQSDU7Q4lDQ,"Fetched 05/24/2026, 8:08:10 PM GMT+8"
5543,@agudongdencebaylorb.6757,2 days ago,"Happy weekend everyone 🎊 from Baguio City, Benguet!",https://www.youtube.com/watch?v=ROa3kbG5M0U&lc=UgwTCprh5tOcfv9rq8l4AaABAg,UgwTCprh5tOcfv9rq8l4AaABAg,UCk7OB5KugstrmQSDU7Q4lDQ,"Fetched 05/24/2026, 8:08:10 PM GMT+8"
5544,@agudongdencebaylorb.6757,2 days ago,"Keep shining bright ✨ from Baguio City, Benguet!",https://www.youtube.com/watch?v=ROa3kbG5M0U&lc=Ugw42oiLOZHgqG--7Ul4AaABAg,Ugw42oiLOZHgqG--7Ul4AaABAg,UCk7OB5KugstrmQSDU7Q4lDQ,"Fetched 05/24/2026, 8:08:10 PM GMT+8"
5545,@agudongdencebaylorb.6757,2 days ago,"Sending love to everyone 💌 from Baguio City, Benguet!",https://www.youtube.com/watch?v=ROa3kbG5M0U&lc=UgyqTfFyAGc9RECAInp4AaABAg,UgyqTfFyAGc9RECAInp4AaABAg,UCk7OB5KugstrmQSDU7Q4lDQ,"Fetched 05/24/2026, 8:08:10 PM GMT+8"
5546,@agudongdencebaylorb.6757,2 days ago,"Sending love to everyone 💌 from Baguio City, Benguet!",https://www.youtube.com/watch?v=ROa3kbG5M0U&lc=UgxGLV2YHbMB-v7V7E54AaABAg,UgxGLV2YHbMB-v7V7E54AaABAg,UCk7OB5KugstrmQSDU7Q4lDQ,"Fetched 05/24/2026, 8:08:10 PM GMT+8"
5547,@NorbertoMislang-k1f,2 days ago,Baguio City ❤❤❤❤❤,https://www.youtube.com/watch?v=ROa3kbG5M0U&lc=Ugy96_wJwYcHtSZDb6R4AaABAg,Ugy96_wJwYcHtSZDb6R4AaABAg,UCHrMwbP6cIZPIlWf5nvI8dA,"Fetched 05/24/2026, 8:08:10 PM GMT+8"
5548,@agudongdencebaylorb.6757,2 days ago,"Keep believing in yourself 🌈 from Baguio City, Benguet!",https://www.youtube.com/watch?v=ROa3kbG5M0U&lc=Ugw5VWw4oB6ZGGaCbD54AaABAg,Ugw5VWw4oB6ZGGaCbD54AaABAg,UCk7OB5KugstrmQSDU7Q4lDQ,"Fetched 05/24/2026, 8:08:10 PM GMT+8"
5549,@agudongdencebaylorb.6757,2 days ago,"Have a successful day 💼 from Baguio City, Benguet!",https://www.youtube.com/watch?v=ROa3kbG5M0U&lc=UgyRHh0c7xV04v6N0Sh4AaABAg,UgyRHh0c7xV04v6N0Sh4AaABAg,UCk7OB5KugstrmQSDU7Q4lDQ,"Fetched 05/24/2026, 8:08:10 PM GMT+8"
5550,@arthurpassian36,2 days ago,happy vieweng po mga kptd mula sa lokal ng Queson hill dstrito ng Benguet.,https://www.youtube.com/watch?v=ROa3kbG5M0U&lc=UgxzrJp8SKRINseMRQl4AaABAg,UgxzrJp8SKRINseMRQl4AaABAg,UCcnaUWfdvobP-90ZBk8Zy7g,"Fetched 05/24/2026, 8:08:10 PM GMT+8"
5551,@KASHUMIII和美,2 days ago,Happy viewing po mula po sa Lokal Ng Quezon Hill Distrito Ng Benguet,https://www.youtube.com/watch?v=ROa3kbG5M0U&lc=UgyunsF-f2mwkXl9Jxp4AaABAg,UgyunsF-f2mwkXl9Jxp4AaABAg,UCbYjai8x68L62h_z_EBSXqw,"Fetched 05/24/2026, 8:08:10 PM GMT+8"
5552,@NorbertoMislang-k1f,2 days ago,Go benguet / Go Baguio city❤❤,https://www.youtube.com/watch?v=ROa3kbG5M0U&lc=UgzEE-sG60oUGo-m3e94AaABAg,UgzEE-sG60oUGo-m3e94AaABAg,UCHrMwbP6cIZPIlWf5nvI8dA,"Fetched 05/24/2026, 8:08:10 PM GMT+8"
5553,@agudongdencebaylorb.6757,2 days ago,"Sending endless smiles 😄 from Baguio City, Benguet!",https://www.youtube.com/watch?v=ROa3kbG5M0U&lc=UgxZMCi5M5WeAjf251F4AaABAg,UgxZMCi5M5WeAjf251F4AaABAg,UCk7OB5KugstrmQSDU7Q4lDQ,"Fetched 05/24/2026, 8:08:10 PM GMT+8"
5554,@agudongdencebaylorb.6757,2 days ago,"Stay blessed always 🙏 from Baguio City, Benguet!",https://www.youtube.com/watch?v=ROa3kbG5M0U&lc=UgzQptV42e0UmMO-IL54AaABAg,UgzQptV42e0UmMO-IL54AaABAg,UCk7OB5KugstrmQSDU7Q4lDQ,"Fetched 05/24/2026, 8:08:10 PM GMT+8"
5555,@alexissumilep-akitan,2 days ago,"Road to 46k views  / INCMV Benguet on Top /  / - from the registry clerks/kalihiman of Quezon Hill, Benguet",https://www.youtube.com/watch?v=ROa3kbG5M0U&lc=Ugw9q3bFZ6igzp-_qZR4AaABAg,Ugw9q3bFZ6igzp-_qZR4AaABAg,UCjLw8KfZA1ZX3DYq3aCogsQ,"Fetched 05/24/2026, 8:08:10 PM GMT+8"
5556,@alexissumilep-akitan,2 days ago,"HOld on to your faith /  /  / - from the registry clerks/kalihiman of Quezon Hill, Benguet",https://www.youtube.com/watch?v=ROa3kbG5M0U&lc=UgyFXSZ4xyqO2gABNGF4AaABAg,UgyFXSZ4xyqO2gABNGF4AaABAg,UCjLw8KfZA1ZX3DYq3aCogsQ,"Fetched 05/24/2026, 8:08:10 PM GMT+8"
5557,@alexissumilep-akitan,2 days ago,"INCMV Benguet on Top /  / - from the registry clerks/kalihiman of Quezon Hill, Benguet",https://www.youtube.com/watch?v=ROa3kbG5M0U&lc=Ugz9TewXygKEZeU3JS14AaABAg,Ugz9TewXygKEZeU3JS14AaABAg,UCjLw8KfZA1ZX3DYq3aCogsQ,"Fetched 05/24/2026, 8:08:10 PM GMT+8"
5558,@RonnieAkitan,2 days ago,"way to go Benguet /  / full support from Upper Loacan GWS - Loacan, Benguet",https://www.youtube.com/watch?v=ROa3kbG5M0U&lc=UgzJsel3z813YjaCct14AaABAg,UgzJsel3z813YjaCct14AaABAg,UCOTONXsu5r1XjxBvZ7DjbxA,"Fetched 05/24/2026, 8:08:10 PM GMT+8"
5559,@RomerCosme-c7l,2 days ago,Happy viewing po from maulberry gws,https://www.youtube.com/watch?v=ROa3kbG5M0U&lc=Ugxl59VZfeCs9BrKkmp4AaABAg,Ugxl59VZfeCs9BrKkmp4AaABAg,UCd7v5vzgdQ6x-rb5AhEgsYA,"Fetched 05/24/2026, 8:08:10 PM GMT+8"
5560,@luibustamante9493,2 days ago,Happy viewing po sa Lahat ng Maytungkulin sa Lokal ng Tuba esp sa kagawaran ng Mang-aawit at kapisanang Kadiwa /  / Let's Go Benguet🎉🎉🎉,https://www.youtube.com/watch?v=ROa3kbG5M0U&lc=Ugwog3jvUnQ5w1Qc5Td4AaABAg,Ugwog3jvUnQ5w1Qc5Td4AaABAg,UCFAmrhDmv6rvZrQoYp-IS9w,"Fetched 05/24/2026, 8:08:10 PM GMT+8"
5561,@RonnieAkitan,2 days ago,"watching from Upper Loacan Gws - Loacan, Benguet",https://www.youtube.com/watch?v=ROa3kbG5M0U&lc=UgzpOAdc57YBLdVg9qt4AaABAg,UgzpOAdc57YBLdVg9qt4AaABAg,UCOTONXsu5r1XjxBvZ7DjbxA,"Fetched 05/24/2026, 8:08:10 PM GMT+8"
5562,@jenelynlegaspi5472,2 days ago,Go Benguet🍓🍓  / Fight! Fight! Fight!!!! / #QUEZONHILL,https://www.youtube.com/watch?v=ROa3kbG5M0U&lc=Ugx_Ic8Jl1Xkk7WqwfZ4AaABAg,Ugx_Ic8Jl1Xkk7WqwfZ4AaABAg,UCLjU_xM1oUxJ0N9ClfCcPjQ,"Fetched 05/24/2026, 8:08:10 PM GMT+8"
5563,@JuniceAnntonetteRedoble,2 days ago,"Happy watching po mga kapatid!! from Locale of Baguio City, District of Benguet!!!",https://www.youtube.com/watch?v=ROa3kbG5M0U&lc=Ugz0mP0XttvEb7R1Cfx4AaABAg,Ugz0mP0XttvEb7R1Cfx4AaABAg,UCP_AFj1bmiJwq7OlyfLlncw,"Fetched 05/24/2026, 8:08:10 PM GMT+8"
5564,@johnreylucio8970,2 days ago,After tupad nood Ulit! / La Trinidad 🎉,https://www.youtube.com/watch?v=ROa3kbG5M0U&lc=UgymNtkxRwY_dkDehu54AaABAg,UgymNtkxRwY_dkDehu54AaABAg,UCNMupRD4ySrN336KZpy29OA,"Fetched 05/24/2026, 8:08:10 PM GMT+8"
5565,@WillyCalijisan,2 days ago,God's love go benguet,https://www.youtube.com/watch?v=ROa3kbG5M0U&lc=UgwUrSo2glzBLOT-EgR4AaABAg,UgwUrSo2glzBLOT-EgR4AaABAg,UC278vJJD1mNvlffKUClT9Kw,"Fetched 05/24/2026, 8:08:10 PM GMT+8"
5566,@MyrisRicardo,2 days ago,We love baguio and the mountain province!!!,https://www.youtube.com/watch?v=ROa3kbG5M0U&lc=UgzTpG3Jj7EuTt7Mf1l4AaABAg,UgzTpG3Jj7EuTt7Mf1l4AaABAg,UCkjm3teWE6FoK6cFinADqRw,"Fetched 05/24/2026, 8:08:10 PM GMT+8"
5567,@MyrisRicardo,2 days ago,"Keep it up po, watching here from Lokal ng Zabarte District of QC. Number 1 po kayo sa luzon :)",https://www.youtube.com/watch?v=ROa3kbG5M0U&lc=UgzV5hw7rCGr_D-69Cl4AaABAg,UgzV5hw7rCGr_D-69Cl4AaABAg,UCkjm3teWE6FoK6cFinADqRw,"Fetched 05/24/2026, 8:08:10 PM GMT+8"
5568,@henrycaranto2644,2 days ago,Magandang Gabe po sa lahat ng Taga Distrito ng Benguet at sa lahat po ng sumusuporta. /  / Salamat po lagi sainyo❤😊 /  / Shoutout po sa mga kasama namin sa Benguet KADIWA District Officers❤😊 /  / From lokal ng Baguio City❤,https://www.youtube.com/watch?v=ROa3kbG5M0U&lc=UgwwA3O6KuZCV6An4694AaABAg,UgwwA3O6KuZCV6An4694AaABAg,UCFilTOy22FklSkBIgwVPVaQ,"Fetched 05/24/2026, 8:08:10 PM GMT+8"
5569,@JonnerGuilod-ye5rs,2 days ago,Happy Watching po mula sa Lokal ng Baguio 🎉🎉,https://www.youtube.com/watch?v=ROa3kbG5M0U&lc=Ugx7Dj8ElQ9PCnQ6Led4AaABAg,Ugx7Dj8ElQ9PCnQ6Led4AaABAg,UCqAZvKcFKWAYBEWjNAhZEZw,"Fetched 05/24/2026, 8:08:10 PM GMT+8"
5570,@JonnerGuilod-ye5rs,2 days ago,Let's Go Baguio City  / Let's Go Benguet  / Push pa! /  / Let's Go Benguet  /  / Lokal ng Baguio City 🎉🎉,https://www.youtube.com/watch?v=ROa3kbG5M0U&lc=Ugzhva8UHvU5MuoGVoV4AaABAg,Ugzhva8UHvU5MuoGVoV4AaABAg,UCqAZvKcFKWAYBEWjNAhZEZw,"Fetched 05/24/2026, 8:08:10 PM GMT+8"
5571,@JonnerGuilod-ye5rs,2 days ago,Benguet  / Let's Go  / Ilang araw nalang Awarding na! /  / Let's Go po /  / Lokal ng Baguio City,https://www.youtube.com/watch?v=ROa3kbG5M0U&lc=Ugzb_7irI_TUF797wYN4AaABAg,Ugzb_7irI_TUF797wYN4AaABAg,UCqAZvKcFKWAYBEWjNAhZEZw,"Fetched 05/24/2026, 8:08:10 PM GMT+8"
5572,@JonnerGuilod-ye5rs,2 days ago,Shout out po sa mga BINHI sa Distrito ng Benguet! /  / Lokal ng Baguio City,https://www.youtube.com/watch?v=ROa3kbG5M0U&lc=UgxxKGNY9R3E657tZUF4AaABAg,UgxxKGNY9R3E657tZUF4AaABAg,UCqAZvKcFKWAYBEWjNAhZEZw,"Fetched 05/24/2026, 8:08:10 PM GMT+8"
5573,@Kate-l7p3n,2 days ago,Happy viewing po mula sa Lokal ng Guisad ❤,https://www.youtube.com/watch?v=ROa3kbG5M0U&lc=UgzmO1OcXdn6iNDAEml4AaABAg,UgzmO1OcXdn6iNDAEml4AaABAg,UCGxGooHWGHIT8dm8aRYPXdw,"Fetched 05/24/2026, 8:08:10 PM GMT+8"
5574,@JonnerGuilod-ye5rs,2 days ago,Binhi Local Officer's shout out po sa Inyo! /  / Lokal ng Baguio City,https://www.youtube.com/watch?v=ROa3kbG5M0U&lc=Ugz3r3X1Gn9naypmVPZ4AaABAg,Ugz3r3X1Gn9naypmVPZ4AaABAg,UCqAZvKcFKWAYBEWjNAhZEZw,"Fetched 05/24/2026, 8:08:10 PM GMT+8"
5575,@Kate-l7p3n,2 days ago,road to 46k po mga kapatid!! let's keep streaming ❤ mula po sa lokal ng Guisad ❤,https://www.youtube.com/watch?v=ROa3kbG5M0U&lc=UgxF9GPhzHkJ6cEywDd4AaABAg,UgxF9GPhzHkJ6cEywDd4AaABAg,UCGxGooHWGHIT8dm8aRYPXdw,"Fetched 05/24/2026, 8:08:10 PM GMT+8"
5576,@JonnerGuilod-ye5rs,2 days ago,Happy Watching po mula sa Lokal ng Baguio City  /  / Binhi District Officer's shout out po sa Inyo!,https://www.youtube.com/watch?v=ROa3kbG5M0U&lc=UgwYqyZ0i3SX0cMyRHl4AaABAg,UgwYqyZ0i3SX0cMyRHl4AaABAg,UCqAZvKcFKWAYBEWjNAhZEZw,"Fetched 05/24/2026, 8:08:10 PM GMT+8"
5577,@Kate-l7p3n,2 days ago,Good eve po mga kapatid!! road to 46k po!! mula sa Lokal ng Guisad ❤❤,https://www.youtube.com/watch?v=ROa3kbG5M0U&lc=UgwHzRLTmeE7NZlGFU94AaABAg,UgwHzRLTmeE7NZlGFU94AaABAg,UCGxGooHWGHIT8dm8aRYPXdw,"Fetched 05/24/2026, 8:08:10 PM GMT+8"
5578,@JonnerGuilod-ye5rs,2 days ago,Let's Go Benguet  /  / Lokal ng Baguio City,https://www.youtube.com/watch?v=ROa3kbG5M0U&lc=UgxfpRY3duOFlhg_97h4AaABAg,UgxfpRY3duOFlhg_97h4AaABAg,UCqAZvKcFKWAYBEWjNAhZEZw,"Fetched 05/24/2026, 8:08:10 PM GMT+8"
5579,@Kate-l7p3n,2 days ago,Happy streaming po mga kapatid mula po sa Lokal ng Guisad ❤❤,https://www.youtube.com/watch?v=ROa3kbG5M0U&lc=UgzqhyCn8iqjnTpr2b94AaABAg,UgzqhyCn8iqjnTpr2b94AaABAg,UCGxGooHWGHIT8dm8aRYPXdw,"Fetched 05/24/2026, 8:08:10 PM GMT+8"
5580,@MyrisRicardo,2 days ago,"Ang galing naman po, watching here from Lokal Ng Zabarte, District of QC. :)",https://www.youtube.com/watch?v=ROa3kbG5M0U&lc=UgxZ912CXZyXuyRv-T14AaABAg,UgxZ912CXZyXuyRv-T14AaABAg,UCkjm3teWE6FoK6cFinADqRw,"Fetched 05/24/2026, 8:08:10 PM GMT+8"
5581,@Kate-l7p3n,2 days ago,Let's go Benguet!! mula po sa Lokal ng Guisad ❤❤,https://www.youtube.com/watch?v=ROa3kbG5M0U&lc=UgzA1QtQDgSWoyWkSu14AaABAg,UgzA1QtQDgSWoyWkSu14AaABAg,UCGxGooHWGHIT8dm8aRYPXdw,"Fetched 05/24/2026, 8:08:10 PM GMT+8"
5582,@Kate-l7p3n,2 days ago,Let's keep streaming po nga kapatid!! mula po sa Lokal ng Guisad ❤❤,https://www.youtube.com/watch?v=ROa3kbG5M0U&lc=Ugzsw8pSkUSRZanXXMl4AaABAg,Ugzsw8pSkUSRZanXXMl4AaABAg,UCGxGooHWGHIT8dm8aRYPXdw,"Fetched 05/24/2026, 8:08:10 PM GMT+8"
5583,@MarcianaPasion,2 days ago,Watching from local Hillside Distrito ng Benguet❤❤❤,https://www.youtube.com/watch?v=ROa3kbG5M0U&lc=Ugz2dhjLHL3SZNRRA_x4AaABAg,Ugz2dhjLHL3SZNRRA_x4AaABAg,UCjdIPJ5zBY_X-B6fqE-f_yA,"Fetched 05/24/2026, 8:08:10 PM GMT+8"
5584,@Kate-l7p3n,2 days ago,let's keep viewing po mga kapatid!! mula po sa Lokal ng Guisad ❤❤,https://www.youtube.com/watch?v=ROa3kbG5M0U&lc=UgyEEfM_JA0CqM7Ff-d4AaABAg,UgyEEfM_JA0CqM7Ff-d4AaABAg,UCGxGooHWGHIT8dm8aRYPXdw,"Fetched 05/24/2026, 8:08:10 PM GMT+8"
5585,@Kate-l7p3n,2 days ago,God's love is truly amazing!! mula po sa Lakal ng Guisad ❤❤,https://www.youtube.com/watch?v=ROa3kbG5M0U&lc=UgyWRPlwUrWQwrk8yNl4AaABAg,UgyWRPlwUrWQwrk8yNl4AaABAg,UCGxGooHWGHIT8dm8aRYPXdw,"Fetched 05/24/2026, 8:08:10 PM GMT+8"
5586,@Kate-l7p3n,2 days ago,Lets go Benguet!! mula po sa Lokal ng Guisad ❤,https://www.youtube.com/watch?v=ROa3kbG5M0U&lc=UgwOIi5T2RbeX3LP9G54AaABAg,UgwOIi5T2RbeX3LP9G54AaABAg,UCGxGooHWGHIT8dm8aRYPXdw,"Fetched 05/24/2026, 8:08:10 PM GMT+8"
5587,@Kate-l7p3n,2 days ago,Let's keep streaming po mga kapatid!! mula po sa Lokal ng Guisad ❤❤,https://www.youtube.com/watch?v=ROa3kbG5M0U&lc=Ugyv483nO9gkCX2ofe54AaABAg,Ugyv483nO9gkCX2ofe54AaABAg,UCGxGooHWGHIT8dm8aRYPXdw,"Fetched 05/24/2026, 8:08:10 PM GMT+8"
5588,@janemendoza1372,2 days ago,Enjoy the night watching po .  Go Benguet,https://www.youtube.com/watch?v=ROa3kbG5M0U&lc=Ugy-mvR7gHuJy0huOK54AaABAg,Ugy-mvR7gHuJy0huOK54AaABAg,UC9s8J8XMcHsDsVMR4as530g,"Fetched 05/24/2026, 8:08:10 PM GMT+8"
5589,@Kate-l7p3n,2 days ago,Road to 46k!!! let's keep viewing po mga kapatid!! mula po sa Lokal ng Guisad ❤,https://www.youtube.com/watch?v=ROa3kbG5M0U&lc=Ugwpv2oRNP41jLhHyFV4AaABAg,Ugwpv2oRNP41jLhHyFV4AaABAg,UCGxGooHWGHIT8dm8aRYPXdw,"Fetched 05/24/2026, 8:08:10 PM GMT+8"
5590,@D3sert_R0M,2 days ago,Baguio fight fight fight,https://www.youtube.com/watch?v=ROa3kbG5M0U&lc=UgznqHhQ0JtLBbUIgqF4AaABAg,UgznqHhQ0JtLBbUIgqF4AaABAg,UC1k0KSnUx9XJRL33TGwj4FQ,"Fetched 05/24/2026, 8:08:10 PM GMT+8"
5591,@Kate-l7p3n,2 days ago,Happy watching po mga kapatid!! mula po sa Lokal ng Guisad!!❤❤,https://www.youtube.com/watch?v=ROa3kbG5M0U&lc=UgxpF_ZEanCwKzdZsZB4AaABAg,UgxpF_ZEanCwKzdZsZB4AaABAg,UCGxGooHWGHIT8dm8aRYPXdw,"Fetched 05/24/2026, 8:08:10 PM GMT+8"
5592,@gwynethcayabyab5981,2 days ago,Good evening po sa lahat / Keep on watching /  / -kadiwa,https://www.youtube.com/watch?v=ROa3kbG5M0U&lc=Ugzf4AigONyFZ79s5TR4AaABAg,Ugzf4AigONyFZ79s5TR4AaABAg,UCouodNvhL1bfJC2Fz0B_Rcw,"Fetched 05/24/2026, 8:08:10 PM GMT+8"
5593,@Kate-l7p3n,2 days ago,Lets keep streaming and showing love to this MV!! mula po sa lokal ng Guisad❤❤,https://www.youtube.com/watch?v=ROa3kbG5M0U&lc=UgyaQPdkC-gaGALsaL94AaABAg,UgyaQPdkC-gaGALsaL94AaABAg,UCGxGooHWGHIT8dm8aRYPXdw,"Fetched 05/24/2026, 8:08:10 PM GMT+8"
5594,@D3sert_R0M,2 days ago,Happy viewing po mga kapatid from lokal ng Baguio,https://www.youtube.com/watch?v=ROa3kbG5M0U&lc=Ugy3fb2IAl52OV4sDkt4AaABAg,Ugy3fb2IAl52OV4sDkt4AaABAg,UC1k0KSnUx9XJRL33TGwj4FQ,"Fetched 05/24/2026, 8:08:10 PM GMT+8"
5595,@Kate-l7p3n,2 days ago,Good eve and Happy viewing po mga kapatid!! mula po sa Lokal ng Guisad!! ❤❤,https://www.youtube.com/watch?v=ROa3kbG5M0U&lc=UgzW2lQp4B9kjaWI2cR4AaABAg,UgzW2lQp4B9kjaWI2cR4AaABAg,UCGxGooHWGHIT8dm8aRYPXdw,"Fetched 05/24/2026, 8:08:10 PM GMT+8"
5596,@Kate-l7p3n,2 days ago,Lets go Benguet!! mula po sa Lokal ng Guisad!,https://www.youtube.com/watch?v=ROa3kbG5M0U&lc=UgzgSV39651g7oXjnyt4AaABAg,UgzgSV39651g7oXjnyt4AaABAg,UCGxGooHWGHIT8dm8aRYPXdw,"Fetched 05/24/2026, 8:08:10 PM GMT+8"
5597,@Kate-l7p3n,2 days ago,Lets keep viewing po mga kapatid!! mula po sa lokal ng Guisad!!!,https://www.youtube.com/watch?v=ROa3kbG5M0U&lc=Ugy9LumxyLKoKlLO8jl4AaABAg,Ugy9LumxyLKoKlLO8jl4AaABAg,UCGxGooHWGHIT8dm8aRYPXdw,"Fetched 05/24/2026, 8:08:10 PM GMT+8"
5598,@Kate-l7p3n,2 days ago,Road to 46k lets go Benguet!! mula po sa lokal ng Guisad!!,https://www.youtube.com/watch?v=ROa3kbG5M0U&lc=UgwmxuqQH-5XMw5Sbbx4AaABAg,UgwmxuqQH-5XMw5Sbbx4AaABAg,UCGxGooHWGHIT8dm8aRYPXdw,"Fetched 05/24/2026, 8:08:10 PM GMT+8"
5599,@Kate-l7p3n,2 days ago,Happy watching po mga kapatid mula po sa lokal ng Guisad!!,https://www.youtube.com/watch?v=ROa3kbG5M0U&lc=UgzA4GzTUKW5gcuDQ7h4AaABAg,UgzA4GzTUKW5gcuDQ7h4AaABAg,UCGxGooHWGHIT8dm8aRYPXdw,"Fetched 05/24/2026, 8:08:10 PM GMT+8"
5600,@Kate-l7p3n,2 days ago,let's keep streaming po mga kapatid!!! mula po sa Lokal ng Guisad,https://www.youtube.com/watch?v=ROa3kbG5M0U&lc=Ugy4vYl65BCcKvzYBPp4AaABAg,Ugy4vYl65BCcKvzYBPp4AaABAg,UCGxGooHWGHIT8dm8aRYPXdw,"Fetched 05/24/2026, 8:08:10 PM GMT+8"
5601,@jonieyonga-an5239,2 days ago,Let's gooo Benguettt!! /  / Pagbati Mula Sa Lokal Ng NORCAR!!!❤,https://www.youtube.com/watch?v=ROa3kbG5M0U&lc=UgxUXTVeTU4EOcNamOd4AaABAg,UgxUXTVeTU4EOcNamOd4AaABAg,UCgUo3JP_Fffuctza4bUumJg,"Fetched 05/24/2026, 8:08:10 PM GMT+8"
5602,@Kate-l7p3n,2 days ago,Happy viewing mga kapatid mula po sa PNK officers ng lokal ng Guisad!!,https://www.youtube.com/watch?v=ROa3kbG5M0U&lc=UgwnJPb4D2Xa58RX1Ux4AaABAg,UgwnJPb4D2Xa58RX1Ux4AaABAg,UCGxGooHWGHIT8dm8aRYPXdw,"Fetched 05/24/2026, 8:08:10 PM GMT+8"
5603,@almazanrhyndylyn,2 days ago,Happy Dinner po.  / Kain po habang nakikinig. /  / - Lokal ng Norcar at Kapisanang Kadiwa / #GodsLove / #INCMV2026,https://www.youtube.com/watch?v=ROa3kbG5M0U&lc=UgwW7ofGdZqSdMStZXl4AaABAg,UgwW7ofGdZqSdMStZXl4AaABAg,UCEoQCNgytnJxjJnAQLSzFeA,"Fetched 05/24/2026, 8:08:10 PM GMT+8"
5604,@Kate-l7p3n,2 days ago,Lets go Benguet!! happy viewing po form pnk officers mula sa lokal ng Guisad!!,https://www.youtube.com/watch?v=ROa3kbG5M0U&lc=Ugxdl68dmvjtUVbbtvp4AaABAg,Ugxdl68dmvjtUVbbtvp4AaABAg,UCGxGooHWGHIT8dm8aRYPXdw,"Fetched 05/24/2026, 8:08:10 PM GMT+8"
5605,@Kate-l7p3n,2 days ago (edited),Happy viewing po mga kapatid mula po sa Lakal ng Guisad!!,https://www.youtube.com/watch?v=ROa3kbG5M0U&lc=UgwGazc5v6R9wK-7g0l4AaABAg,UgwGazc5v6R9wK-7g0l4AaABAg,UCGxGooHWGHIT8dm8aRYPXdw,"Fetched 05/24/2026, 8:08:10 PM GMT+8"
5606,@RizaCampanado,2 days ago,Good evening po happy viewing po  / From lokal ng loacan,https://www.youtube.com/watch?v=ROa3kbG5M0U&lc=Ugxrri6CeBC78G5KEv94AaABAg,Ugxrri6CeBC78G5KEv94AaABAg,UCWU0g0O2NS2eoRIe7fLHgEw,"Fetched 05/24/2026, 8:08:10 PM GMT+8"
5607,@Kate-l7p3n,2 days ago,Happy viewing po mga kapatid!! mula po sa lokal ng Guisad!!❤,https://www.youtube.com/watch?v=ROa3kbG5M0U&lc=UgxCgHbE9G1QzpPPeXJ4AaABAg,UgxCgHbE9G1QzpPPeXJ4AaABAg,UCGxGooHWGHIT8dm8aRYPXdw,"Fetched 05/24/2026, 8:08:10 PM GMT+8"
5608,@RogeliaGomez-x5m,2 days ago,Happy viewing po lonal ng Guisad Destrito ng Benguet❤️,https://www.youtube.com/watch?v=ROa3kbG5M0U&lc=UgwDeUgBF2TybiRiGi54AaABAg,UgwDeUgBF2TybiRiGi54AaABAg,UCe-SNY2L0a7e6XFFu3-XmaA,"Fetched 05/24/2026, 8:08:10 PM GMT+8"
5609,@RizaCampanado,2 days ago,Happy viewing po from lokal ng loacan ❤,https://www.youtube.com/watch?v=ROa3kbG5M0U&lc=Ugx8L92cMeFDb-uhaLh4AaABAg,Ugx8L92cMeFDb-uhaLh4AaABAg,UCWU0g0O2NS2eoRIe7fLHgEw,"Fetched 05/24/2026, 8:08:10 PM GMT+8"
5610,@racqueldaludado1779,2 days ago,"Happy viewing po sa lahat ng mga Buklod, Distrito ng Benguet",https://www.youtube.com/watch?v=ROa3kbG5M0U&lc=UgzI-JbMdvKCQ_OyZyV4AaABAg,UgzI-JbMdvKCQ_OyZyV4AaABAg,UCgZwecFPuKOLF2FdCfR99dw,"Fetched 05/24/2026, 8:08:10 PM GMT+8"
5611,@jasminedaludado7262,2 days ago,LET'S GO BENGUET🍓 /  / Happy viewing po sa ating lahat!! /  / Pagbati po mula sa mga maytungkulin sa KADIWA at PNK ng Lokal ng Guisad❤,https://www.youtube.com/watch?v=ROa3kbG5M0U&lc=UgxWWbV1ZKk9d--PLLd4AaABAg,UgxWWbV1ZKk9d--PLLd4AaABAg,UCA4HVmdH2Xj67gK8nZmpiZg,"Fetched 05/24/2026, 8:08:10 PM GMT+8"
5612,@Kate-l7p3n,2 days ago,Let's go Benguet!! road to 46k!! mula po sa Lokal ng Guisad,https://www.youtube.com/watch?v=ROa3kbG5M0U&lc=Ugzfu3SWwvwxskQC5NB4AaABAg,Ugzfu3SWwvwxskQC5NB4AaABAg,UCGxGooHWGHIT8dm8aRYPXdw,"Fetched 05/24/2026, 8:08:10 PM GMT+8"
5613,@janemendoza1372,2 days ago,Enjoy watching po.,https://www.youtube.com/watch?v=ROa3kbG5M0U&lc=UgwYm5xCvc9Q8q9VeCN4AaABAg,UgwYm5xCvc9Q8q9VeCN4AaABAg,UC9s8J8XMcHsDsVMR4as530g,"Fetched 05/24/2026, 8:08:10 PM GMT+8"
5614,@TruusoMuwan,2 days ago,Watching from lokal ng bangho,https://www.youtube.com/watch?v=ROa3kbG5M0U&lc=UgwDodb43PSDZrEaYM54AaABAg,UgwDodb43PSDZrEaYM54AaABAg,UCibgnV5DS2a1EuRldgtcX3A,"Fetched 05/24/2026, 8:08:10 PM GMT+8"
5615,@Kate-l7p3n,2 days ago,Lets go Benguet!! mula po sa Lokal ng Guisad,https://www.youtube.com/watch?v=ROa3kbG5M0U&lc=Ugws_TWxOLSfjcDYnh14AaABAg,Ugws_TWxOLSfjcDYnh14AaABAg,UCGxGooHWGHIT8dm8aRYPXdw,"Fetched 05/24/2026, 8:08:10 PM GMT+8"
5616,@Julskie28,2 days ago,Let's Go Benguet 🎉 /  / Tuloy tuloy po tayo sa pagsuporta! /  / Benguet fight fight fight❤ /  / From KADIWAs of benguet ❤ / Lokal ng Guisad❤,https://www.youtube.com/watch?v=ROa3kbG5M0U&lc=UgyAVIMIk_XYiVHDurh4AaABAg,UgyAVIMIk_XYiVHDurh4AaABAg,UC1nz0UiWHV8lyoQdZtJejeg,"Fetched 05/24/2026, 8:08:10 PM GMT+8"
5617,@racqueldaludado1779,2 days ago,"Happy viewing po. From Lokal ng Guisad, Distrito ng Benguet",https://www.youtube.com/watch?v=ROa3kbG5M0U&lc=UgxaMcK01uE_oGQU-q14AaABAg,UgxaMcK01uE_oGQU-q14AaABAg,UCgZwecFPuKOLF2FdCfR99dw,"Fetched 05/24/2026, 8:08:10 PM GMT+8"
5618,@janengo1283,2 days ago,Masayang panonood po sa lahat mula sa lokal ng Baguio City😊,https://www.youtube.com/watch?v=ROa3kbG5M0U&lc=Ugxl16MJyik0rnlEtrJ4AaABAg.AX3b7E426UpAX40X5AZSoK,Ugxl16MJyik0rnlEtrJ4AaABAg.AX3b7E426UpAX40X5AZSoK,UCQzK0PCPt6Nt4Wh9WQ68a0g,"Fetched 05/24/2026, 8:08:10 PM GMT+8"
5619,@ehdwow318,2 days ago,"Let’s keep the momentum going! 🔥Viewership support is ongoing until May 28!! 🎥 /  / Keep watching and supporting!! Definitely worth the watch!! /  / Always watching from Lokal ng Megaroyale, Distrito ng Benguet ❤",https://www.youtube.com/watch?v=ROa3kbG5M0U&lc=UgwnLa93hmVEkf-V7GJ4AaABAg.AWzC7kqlBiBAX5v31jFSvf,UgwnLa93hmVEkf-V7GJ4AaABAg.AWzC7kqlBiBAX5v31jFSvf,UCiwATwwRZ8TCez4FYmw9s0Q,"Fetched 05/24/2026, 8:08:10 PM GMT+8"
5620,@ehdwow318,2 days ago,"Let’s keep the momentum going! 🔥Viewership support is ongoing until May 28!! 🎥 /  / Keep watching and supporting!! Definitely worth the watch!! /  / Always watching from Lokal ng Megaroyale, Distrito ng Benguet ❤",https://www.youtube.com/watch?v=ROa3kbG5M0U&lc=UgwyPKczJPmYtq3UqwB4AaABAg.AWxFjl0R_T4AX5uoOpfxW5,UgwyPKczJPmYtq3UqwB4AaABAg.AWxFjl0R_T4AX5uoOpfxW5,UCiwATwwRZ8TCez4FYmw9s0Q,"Fetched 05/24/2026, 8:08:10 PM GMT+8"
5621,@jmfellon,2 days ago,Warmest greetings from Localé of  Megaroyale Village District of Benguet🤍💚❤️,https://www.youtube.com/watch?v=ROa3kbG5M0U&lc=UgyCZh_6iYrMsBKECwh4AaABAg.AWx9cFKGn3oAX48Bfu_XQq,UgyCZh_6iYrMsBKECwh4AaABAg.AWx9cFKGn3oAX48Bfu_XQq,UCZ8idIpZ3xFeZGtMIjgqtEQ,"Fetched 05/24/2026, 8:08:10 PM GMT+8"
5622,@edwinsicam7001,2 days ago,"Binabati po namin ang aming Il-Tagapangasiwa, Kapatid na Ian R. Manalata. From Tuba, Benguet",https://www.youtube.com/watch?v=ROa3kbG5M0U&lc=Ugw7Q15d-liZRMdYxNh4AaABAg.AWwMLGomg9zAX5dhWXSYpK,Ugw7Q15d-liZRMdYxNh4AaABAg.AWwMLGomg9zAX5dhWXSYpK,UCE95Z1V2Id_h-kqLddag9bA,"Fetched 05/24/2026, 8:08:10 PM GMT+8"
5623,@CasseySGonzales,2 days ago,So refreshing,https://www.youtube.com/watch?v=ROa3kbG5M0U&lc=UgzHFm49RP1ulXbsd4R4AaABAg.AWtxUpXP2rKAX613wJwV-N,UgzHFm49RP1ulXbsd4R4AaABAg.AWtxUpXP2rKAX613wJwV-N,UCZ_1zJtZfWs6L_NdfNJCvtQ,"Fetched 05/24/2026, 8:08:10 PM GMT+8"
5624,@estercastaneda7056,3 days ago,Go Benguet from Aurora Hill,https://www.youtube.com/watch?v=ROa3kbG5M0U&lc=UgxfOfQmQYP5JBoe0KB4AaABAg.AWyFNbkOkfCAX1RZAZDfFD,UgxfOfQmQYP5JBoe0KB4AaABAg.AWyFNbkOkfCAX1RZAZDfFD,UCN2mT3mgnnkvGNOtc1XHLkg,"Fetched 05/24/2026, 8:08:10 PM GMT+8"
5625,@jmfellon,3 days ago,"Good evening everyone, watching from Locale of Megaroyale District of Benguet♥️💚🤍",https://www.youtube.com/watch?v=ROa3kbG5M0U&lc=UgwBn5E10qSqiHmP1NR4AaABAg.AWgiWQmsYO-AX1SXoxoHTB,UgwBn5E10qSqiHmP1NR4AaABAg.AWgiWQmsYO-AX1SXoxoHTB,UCZ8idIpZ3xFeZGtMIjgqtEQ,"Fetched 05/24/2026, 8:08:10 PM GMT+8"
5626,@Kate-l7p3n,3 days ago (edited),Go Benguet!!! let's keep streaming and showing this MV love!! mula po sa lokal ng Guisad!,https://www.youtube.com/watch?v=ROa3kbG5M0U&lc=Ugw1_ndxqIu50ukl8uh4AaABAg,Ugw1_ndxqIu50ukl8uh4AaABAg,UCGxGooHWGHIT8dm8aRYPXdw,"Fetched 05/24/2026, 8:08:10 PM GMT+8"
5627,@Kate-l7p3n,3 days ago,Lets go Benguet!!! Road to 46k!! mula po sa lokla ng Guisad ❤❤,https://www.youtube.com/watch?v=ROa3kbG5M0U&lc=UgzG4QsIMCGggubnqcR4AaABAg,UgzG4QsIMCGggubnqcR4AaABAg,UCGxGooHWGHIT8dm8aRYPXdw,"Fetched 05/24/2026, 8:08:10 PM GMT+8"
5628,@Kate-l7p3n,3 days ago,Lets go Benguet!! Road to 46k!! mula po sa Lokal ng Guisad!!❤❤,https://www.youtube.com/watch?v=ROa3kbG5M0U&lc=Ugzs-o79dqzUaxxBk8N4AaABAg,Ugzs-o79dqzUaxxBk8N4AaABAg,UCGxGooHWGHIT8dm8aRYPXdw,"Fetched 05/24/2026, 8:08:10 PM GMT+8"
5629,@Kate-l7p3n,3 days ago,Good eve and happy viewing po mg kapatid!! mula po sa mga PNK officers ng lokal ng Guisad!!❤❤,https://www.youtube.com/watch?v=ROa3kbG5M0U&lc=UgxmbGbjS0Lbcjyj1Ep4AaABAg,UgxmbGbjS0Lbcjyj1Ep4AaABAg,UCGxGooHWGHIT8dm8aRYPXdw,"Fetched 05/24/2026, 8:08:10 PM GMT+8"
5630,@yanaur1819,3 days ago,"God’s love truly is wonderful🤍 Happy watching po mga kapatid! Watching from the Locale of Guisad, District of Benguet🤍",https://www.youtube.com/watch?v=ROa3kbG5M0U&lc=UgxLdLOhVOuMogldfZl4AaABAg,UgxLdLOhVOuMogldfZl4AaABAg,UC_R6veoOSVFlGo6mHkmhiPQ,"Fetched 05/24/2026, 8:08:10 PM GMT+8"
5631,@Kate-l7p3n,3 days ago,Happy watching po mga kapatid!! lets continue streaming po!! mula sa lokal ng Guisad!!,https://www.youtube.com/watch?v=ROa3kbG5M0U&lc=UgxTtFgbP3ZVcxg-lOt4AaABAg,UgxTtFgbP3ZVcxg-lOt4AaABAg,UCGxGooHWGHIT8dm8aRYPXdw,"Fetched 05/24/2026, 8:08:10 PM GMT+8"
5632,@yanaur1819,3 days ago,"Good evening po, dear brethren! Happy viewing po mula sa mga Maytungkulin sa PNK at mga Mang-aawit sa Lokal ng Guisad, Distrito ng Benguet🤍",https://www.youtube.com/watch?v=ROa3kbG5M0U&lc=UgzA19vhrHQZ1zypspV4AaABAg,UgzA19vhrHQZ1zypspV4AaABAg,UC_R6veoOSVFlGo6mHkmhiPQ,"Fetched 05/24/2026, 8:08:10 PM GMT+8"
5633,@Kate-l7p3n,3 days ago,Lets go Benguet!!! Mula po sa lokal ng Guisad,https://www.youtube.com/watch?v=ROa3kbG5M0U&lc=Ugx9_5yiWpgYLaWycp54AaABAg,Ugx9_5yiWpgYLaWycp54AaABAg,UCGxGooHWGHIT8dm8aRYPXdw,"Fetched 05/24/2026, 8:08:10 PM GMT+8"
5634,@luibustamante9493,3 days ago,"Lets Go benguet🎉🎉🎉 /  / -lokal ng Tuba, Kadiwa",https://www.youtube.com/watch?v=ROa3kbG5M0U&lc=UgwfmV8X8LlG1dwarjF4AaABAg,UgwfmV8X8LlG1dwarjF4AaABAg,UCFAmrhDmv6rvZrQoYp-IS9w,"Fetched 05/24/2026, 8:08:10 PM GMT+8"
5635,@Kate-l7p3n,3 days ago,"Happy 45k mga kapatid, lets continue streaming mula po sa lokal ng Guisad!!❤❤",https://www.youtube.com/watch?v=ROa3kbG5M0U&lc=UgzsI-Ec1vzsy4atjiN4AaABAg,UgzsI-Ec1vzsy4atjiN4AaABAg,UCGxGooHWGHIT8dm8aRYPXdw,"Fetched 05/24/2026, 8:08:10 PM GMT+8"
5636,@Kate-l7p3n,3 days ago,Happy viewing po mga kapatid mula po sa lokal ng Guisad,https://www.youtube.com/watch?v=ROa3kbG5M0U&lc=UgwMBw6EvlOGWGHwKel4AaABAg,UgwMBw6EvlOGWGHwKel4AaABAg,UCGxGooHWGHIT8dm8aRYPXdw,"Fetched 05/24/2026, 8:08:10 PM GMT+8"
5637,@nonagabriel8139,3 days ago,Happy watching po! /  / Lokal ng Quezon Hill,https://www.youtube.com/watch?v=ROa3kbG5M0U&lc=UgyGSYGJMBngnbzIgGZ4AaABAg,UgyGSYGJMBngnbzIgGZ4AaABAg,UC_dkXH53dziGaXnvaMHUMcA,"Fetched 05/24/2026, 8:08:10 PM GMT+8"
5638,@khristinerosec.tabelin3847,3 days ago,Happy viewing po everyone❤,https://www.youtube.com/watch?v=ROa3kbG5M0U&lc=Ugy2Ki0fY4vvtwqA8uh4AaABAg,Ugy2Ki0fY4vvtwqA8uh4AaABAg,UC0l9sh-LyNj5UdDziMecmPA,"Fetched 05/24/2026, 8:08:10 PM GMT+8"
5639,@RosalieTomita,3 days ago,"😅happy viewing po go go benguet ,",https://www.youtube.com/watch?v=ROa3kbG5M0U&lc=UgyUynPoj5T3OXRFpjZ4AaABAg,UgyUynPoj5T3OXRFpjZ4AaABAg,UCH-Y-TmjSLa8eecoq7zhOhw,"Fetched 05/24/2026, 8:08:10 PM GMT+8"
5640,@Julskie28,3 days ago,Happy viewing po sa ating lahat! /  / From KADIWAs of benguet 🎉 / Lokal ng Guisad❤,https://www.youtube.com/watch?v=ROa3kbG5M0U&lc=UgzlYplnmV9VdR-W0wV4AaABAg,UgzlYplnmV9VdR-W0wV4AaABAg,UC1nz0UiWHV8lyoQdZtJejeg,"Fetched 05/24/2026, 8:08:10 PM GMT+8"
5641,@elaizaveniceantonio8756,3 days ago,"Happy viewing mula sa Lokal ng Baguio City! 🌟 Binabati ko po ang mga sumusunod na mga kapatid: Ka Julianne Chloe De Guzman, Ka Annedrea Louize Diaz Cacanindin, Ka Alexa Garcia Canta, Ka Bea Cassandra Alcantara Sanglay, Ka Alena Carisse Abaja Austria, Ka Allen Andrie Belen Angeles, Ka Crystal Baltazar Guinto, Ka Divine Grace Lim Viernes, Ka Jonner Jazz Sagantiyoc Guilod, Ka Karla Jerah Opulento, Ka Jake Bad-ey, at Ka Methoselah Sotto Barrato ! 🎉",https://www.youtube.com/watch?v=ROa3kbG5M0U&lc=Ugwg13VoQelktFnnXS54AaABAg,Ugwg13VoQelktFnnXS54AaABAg,UCWG0uMJfrHKBymnZPaLYV8w,"Fetched 05/24/2026, 8:08:10 PM GMT+8"
5642,@iya-k7j,3 days ago,hello po / 🤣😁😂 / happy  / watching po / Lokal ng Atok Gold,https://www.youtube.com/watch?v=ROa3kbG5M0U&lc=UgyAdK68rlmwAErTB8V4AaABAg,UgyAdK68rlmwAErTB8V4AaABAg,UC_R2GfmFAjE8k8DgEjmtv7g,"Fetched 05/24/2026, 8:08:10 PM GMT+8"
5643,@Mariah-k9e2m,3 days ago,Everyday we feel our God’s love /  / - BAGUIO CITY,https://www.youtube.com/watch?v=ROa3kbG5M0U&lc=Ugwc7_TaHRJOoaHmgmJ4AaABAg,Ugwc7_TaHRJOoaHmgmJ4AaABAg,UCg9bJz9qA8jpD6hdDhwbjaA,"Fetched 05/24/2026, 8:08:10 PM GMT+8"
5644,@noedulay,3 days ago,Please support this video😊,https://www.youtube.com/watch?v=ROa3kbG5M0U&lc=UgxkAYxn0OM_SYHqjHl4AaABAg,UgxkAYxn0OM_SYHqjHl4AaABAg,UCXhwmp6dOr8fjMmxQrm84Jg,"Fetched 05/24/2026, 8:08:10 PM GMT+8"
5645,@noedulay,3 days ago,Sabay sabay Po Tayong manood,https://www.youtube.com/watch?v=ROa3kbG5M0U&lc=UgznCBO3BCbF6fMslCF4AaABAg,UgznCBO3BCbF6fMslCF4AaABAg,UCXhwmp6dOr8fjMmxQrm84Jg,"Fetched 05/24/2026, 8:08:10 PM GMT+8"
5646,@Mariah-k9e2m,3 days ago,Greetings po mula sa mga kalihim ng Ilaw sa lokal ng BAGUIO CITU ❤❤❤ happy viewing po sa ating lahat,https://www.youtube.com/watch?v=ROa3kbG5M0U&lc=UgwvifnpaWBSOLRgIN54AaABAg,UgwvifnpaWBSOLRgIN54AaABAg,UCg9bJz9qA8jpD6hdDhwbjaA,"Fetched 05/24/2026, 8:08:10 PM GMT+8"
5647,@Michael-w8j8v,3 days ago,It's God's Love from lokal ng City Camp po..,https://www.youtube.com/watch?v=ROa3kbG5M0U&lc=Ugy7_X4yDAvqI3_4Hy54AaABAg,Ugy7_X4yDAvqI3_4Hy54AaABAg,UCfhuQZhT9DsqVKNCoKhqvPg,"Fetched 05/24/2026, 8:08:10 PM GMT+8"
5648,@noedulay,3 days ago,Araw araw sipagan Po nating manood Lalo na Yung mga walang ginagawa😁😁😁,https://www.youtube.com/watch?v=ROa3kbG5M0U&lc=UgyDYmUbNQozxcVrQLN4AaABAg,UgyDYmUbNQozxcVrQLN4AaABAg,UCXhwmp6dOr8fjMmxQrm84Jg,"Fetched 05/24/2026, 8:08:10 PM GMT+8"
5649,@FELIXCASTILLO-d6k,3 days ago,1:35  woahhh ohhhh woahhh ohhhh.... Lokal Ng Baguio City,https://www.youtube.com/watch?v=ROa3kbG5M0U&lc=Ugxw4W2ltQXu5ptnrFJ4AaABAg,Ugxw4W2ltQXu5ptnrFJ4AaABAg,UCzYZJSgSHmHSChay7k3DlyA,"Fetched 05/24/2026, 8:08:10 PM GMT+8"
5650,@noedulay,3 days ago,Good evening Po SA mga ibang lokal jan,https://www.youtube.com/watch?v=ROa3kbG5M0U&lc=UgxqrtWQMNnXq0k3_El4AaABAg,UgxqrtWQMNnXq0k3_El4AaABAg,UCXhwmp6dOr8fjMmxQrm84Jg,"Fetched 05/24/2026, 8:08:10 PM GMT+8"
5651,@Mariah-k9e2m,3 days ago,Happy viewing to everyone 😊😊 /  / - from BAGUIO CITY,https://www.youtube.com/watch?v=ROa3kbG5M0U&lc=UgyT-CSEim70SdQXAd94AaABAg,UgyT-CSEim70SdQXAd94AaABAg,UCg9bJz9qA8jpD6hdDhwbjaA,"Fetched 05/24/2026, 8:08:10 PM GMT+8"
5652,@FELIXCASTILLO-d6k,3 days ago,0:12  Baguio City,https://www.youtube.com/watch?v=ROa3kbG5M0U&lc=UgyabSOYx3Dj6xkhBhZ4AaABAg,UgyabSOYx3Dj6xkhBhZ4AaABAg,UCzYZJSgSHmHSChay7k3DlyA,"Fetched 05/24/2026, 8:08:10 PM GMT+8"
5653,@noedulay,3 days ago,Let god set you free,https://www.youtube.com/watch?v=ROa3kbG5M0U&lc=UgyHjkunLliymPvQy7J4AaABAg,UgyHjkunLliymPvQy7J4AaABAg,UCXhwmp6dOr8fjMmxQrm84Jg,"Fetched 05/24/2026, 8:08:10 PM GMT+8"
5654,@Mariah-k9e2m,3 days ago,Fight! Fight! Fight!  / BAGUIO CITY 😊🎉❤,https://www.youtube.com/watch?v=ROa3kbG5M0U&lc=UgyAwyhdLHb0hGVd0l54AaABAg,UgyAwyhdLHb0hGVd0l54AaABAg,UCg9bJz9qA8jpD6hdDhwbjaA,"Fetched 05/24/2026, 8:08:10 PM GMT+8"
5655,@noedulay,3 days ago,But I swear it gets better,https://www.youtube.com/watch?v=ROa3kbG5M0U&lc=UgxMIvJqi5AXSks-byV4AaABAg,UgxMIvJqi5AXSks-byV4AaABAg,UCXhwmp6dOr8fjMmxQrm84Jg,"Fetched 05/24/2026, 8:08:10 PM GMT+8"
5656,@noedulay,3 days ago,Ohh ohh ohhh,https://www.youtube.com/watch?v=ROa3kbG5M0U&lc=UgwQtdxX1vHuzgOSW7h4AaABAg,UgwQtdxX1vHuzgOSW7h4AaABAg,UCXhwmp6dOr8fjMmxQrm84Jg,"Fetched 05/24/2026, 8:08:10 PM GMT+8"
5657,@noedulay,3 days ago,And the brighten in the stars 😅,https://www.youtube.com/watch?v=ROa3kbG5M0U&lc=UgyJ0q_8sSY_xW9o1kF4AaABAg,UgyJ0q_8sSY_xW9o1kF4AaABAg,UCXhwmp6dOr8fjMmxQrm84Jg,"Fetched 05/24/2026, 8:08:10 PM GMT+8"
5658,@noedulay,3 days ago,In our lord god greats power😅,https://www.youtube.com/watch?v=ROa3kbG5M0U&lc=UgyafNBCU1T6eQGhFTZ4AaABAg,UgyafNBCU1T6eQGhFTZ4AaABAg,UCXhwmp6dOr8fjMmxQrm84Jg,"Fetched 05/24/2026, 8:08:10 PM GMT+8"
5659,@iya-k7j,3 days ago,❤😊😂🎉🎉😂😊❤ / Happy /  Viewing po / 😊😊 / Masayang  / Nanonood / Mula po  / Sa kapisanang binhi / ❤lokal ng atok gold,https://www.youtube.com/watch?v=ROa3kbG5M0U&lc=UgzRo6lksYXDlMn4n7B4AaABAg,UgzRo6lksYXDlMn4n7B4AaABAg,UC_R2GfmFAjE8k8DgEjmtv7g,"Fetched 05/24/2026, 8:08:10 PM GMT+8"
5660,@noedulay,3 days ago,Hold on your faith,https://www.youtube.com/watch?v=ROa3kbG5M0U&lc=Ugxwf_9F5VEJqZwycyl4AaABAg,Ugxwf_9F5VEJqZwycyl4AaABAg,UCXhwmp6dOr8fjMmxQrm84Jg,"Fetched 05/24/2026, 8:08:10 PM GMT+8"
5661,@iya-k7j,3 days ago,😊😊 / happy watching po / 🎉🎉🎉 / sumusuporta sa ating distrito / ❤❤❤ / Kapisanang binhi / lokal ng atok gold,https://www.youtube.com/watch?v=ROa3kbG5M0U&lc=UgxUKEKwhcfj-ZexPhh4AaABAg,UgxUKEKwhcfj-ZexPhh4AaABAg,UC_R2GfmFAjE8k8DgEjmtv7g,"Fetched 05/24/2026, 8:08:10 PM GMT+8"
5662,@iya-k7j,3 days ago,🎉🎉🎉🎉 / Benguet on the Top!!! / ❤❤❤. / INCMV / Kapisanang binhi / Lokal ng Atok Gold,https://www.youtube.com/watch?v=ROa3kbG5M0U&lc=UgzlxtDKGEzOnAtdpex4AaABAg,UgzlxtDKGEzOnAtdpex4AaABAg,UC_R2GfmFAjE8k8DgEjmtv7g,"Fetched 05/24/2026, 8:08:10 PM GMT+8"
5663,@noedulay,3 days ago (edited),"Magandang Gabi Po Mula sa lokal ng baguio distrito ng benguet kalihim SA lokal, Kagawad NG pnk",https://www.youtube.com/watch?v=ROa3kbG5M0U&lc=UgyHYNTL_gKFZAaWynB4AaABAg,UgyHYNTL_gKFZAaWynB4AaABAg,UCXhwmp6dOr8fjMmxQrm84Jg,"Fetched 05/24/2026, 8:08:10 PM GMT+8"
5664,@iya-k7j,3 days ago,"The world thinks your Lost, / But in His Love so Divine, / Our God Has  / Always your Back..” / ❤❤ / Kapisanang binhi / Lokal ng Atok Gold",https://www.youtube.com/watch?v=ROa3kbG5M0U&lc=UgzD8PlWO4s8Bmx51Tx4AaABAg,UgzD8PlWO4s8Bmx51Tx4AaABAg,UC_R2GfmFAjE8k8DgEjmtv7g,"Fetched 05/24/2026, 8:08:10 PM GMT+8"
5665,@iya-k7j,3 days ago (edited),“You  / Go / On / With Courage” / Kapisanang binhi / 🏅lokal ng Atok Gold,https://www.youtube.com/watch?v=ROa3kbG5M0U&lc=UgzGv3t0mliyvhHWj6Z4AaABAg,UgzGv3t0mliyvhHWj6Z4AaABAg,UC_R2GfmFAjE8k8DgEjmtv7g,"Fetched 05/24/2026, 8:08:10 PM GMT+8"
5666,@iya-k7j,3 days ago,❤❤❤😊Like a flower. / that grows.under  / the Shdadow / of a tree🌳🌲 / Kapisanang binhi / lokal ng Atok Gold,https://www.youtube.com/watch?v=ROa3kbG5M0U&lc=UgzwioV9E_DZA7SXHkd4AaABAg,UgzwioV9E_DZA7SXHkd4AaABAg,UC_R2GfmFAjE8k8DgEjmtv7g,"Fetched 05/24/2026, 8:08:10 PM GMT+8"
5667,@iya-k7j,3 days ago,❤God’s Love / It’s His / Precious Gift / To Us❤ / Kapisanang binhi / Lokal ng Atok Gold,https://www.youtube.com/watch?v=ROa3kbG5M0U&lc=Ugwi80kR5z2J4GidzZx4AaABAg,Ugwi80kR5z2J4GidzZx4AaABAg,UC_R2GfmFAjE8k8DgEjmtv7g,"Fetched 05/24/2026, 8:08:10 PM GMT+8"
5668,@iya-k7j,3 days ago,Masayang gabi po / 🎉INCMV😊 / Distrito.ng Benguet / TOP1 / ❤❤❤❤ / Kapisanang binhi / Lokal ng Atok Gold,https://www.youtube.com/watch?v=ROa3kbG5M0U&lc=Ugyz8RQ_sjNH6vSyLzx4AaABAg,Ugyz8RQ_sjNH6vSyLzx4AaABAg,UC_R2GfmFAjE8k8DgEjmtv7g,"Fetched 05/24/2026, 8:08:10 PM GMT+8"
5669,@iya-k7j,3 days ago,😊It’s through His / L❤VE / That you are Now  / Who You Are😊 / Kapisanang binhi / Lokal ng Atok Gold,https://www.youtube.com/watch?v=ROa3kbG5M0U&lc=Ugyzz5lrpdMI-4e2leV4AaABAg,Ugyzz5lrpdMI-4e2leV4AaABAg,UC_R2GfmFAjE8k8DgEjmtv7g,"Fetched 05/24/2026, 8:08:10 PM GMT+8"
5670,@iya-k7j,3 days ago,❤God's  LOVE / His /        wondrous. /                 L❤VE / 😊😊🎉🎉🎉😊😊 / Kapisanang binhi / Lokal ng Atok Gold,https://www.youtube.com/watch?v=ROa3kbG5M0U&lc=Ugzj9JMnDLH41CgakER4AaABAg,Ugzj9JMnDLH41CgakER4AaABAg,UC_R2GfmFAjE8k8DgEjmtv7g,"Fetched 05/24/2026, 8:08:10 PM GMT+8"
5671,@iya-k7j,3 days ago,It’s through / His L❤VE / That your days / Are Bright as / The Sun☀ / Kapisanang binhi / Lokal ng Atok Gold,https://www.youtube.com/watch?v=ROa3kbG5M0U&lc=UgyhSyWDRIpanqhYxp14AaABAg,UgyhSyWDRIpanqhYxp14AaABAg,UC_R2GfmFAjE8k8DgEjmtv7g,"Fetched 05/24/2026, 8:08:10 PM GMT+8"
5672,@iya-k7j,3 days ago,"""Let God / set you Free / and you'll find out / exactly where / you're meant to be"" / Kapisanang binhi / ❤lokal ng atok gold❤",https://www.youtube.com/watch?v=ROa3kbG5M0U&lc=UgzrpRrxih2KSGspOrJ4AaABAg,UgzrpRrxih2KSGspOrJ4AaABAg,UC_R2GfmFAjE8k8DgEjmtv7g,"Fetched 05/24/2026, 8:08:10 PM GMT+8"
5673,@iya-k7j,3 days ago,new  / Day.brings / HOPE / For a change / In the weather🌦☀ / Kapisanang binhi / Lokal ng atok gold,https://www.youtube.com/watch?v=ROa3kbG5M0U&lc=UgyvPF6JMjlTWDUUtOR4AaABAg,UgyvPF6JMjlTWDUUtOR4AaABAg,UC_R2GfmFAjE8k8DgEjmtv7g,"Fetched 05/24/2026, 8:08:10 PM GMT+8"
5674,@iya-k7j,3 days ago,I know / But I swear / It gets better…. / Kapisanang binhi / 😊lokal ng atok gold😊,https://www.youtube.com/watch?v=ROa3kbG5M0U&lc=Ugy0xaAmgtLTGdmTQD14AaABAg,Ugy0xaAmgtLTGdmTQD14AaABAg,UC_R2GfmFAjE8k8DgEjmtv7g,"Fetched 05/24/2026, 8:08:10 PM GMT+8"
5675,@Mariah-k9e2m,3 days ago,Happy viewing po sa ating lahat pagbati po mula sa mang-aawit ng lokal ng BAGUIO CITY😊❤,https://www.youtube.com/watch?v=ROa3kbG5M0U&lc=UgzTYX_2pZeoSc4QQax4AaABAg,UgzTYX_2pZeoSc4QQax4AaABAg,UCg9bJz9qA8jpD6hdDhwbjaA,"Fetched 05/24/2026, 8:08:10 PM GMT+8"
5676,@iya-k7j,3 days ago,and when / LIFE / Brings you / To you knees… / 😢😢😢 / Kapisanang binhi / Lokal ng atok gold,https://www.youtube.com/watch?v=ROa3kbG5M0U&lc=UgyDr0UmVDgXx8EURgl4AaABAg,UgyDr0UmVDgXx8EURgl4AaABAg,UC_R2GfmFAjE8k8DgEjmtv7g,"Fetched 05/24/2026, 8:08:10 PM GMT+8"
5677,@iya-k7j,3 days ago,Hold on / to your / Faith❤ / 😇😇😇 / Kapisanang binhi / lokal ng atok gold,https://www.youtube.com/watch?v=ROa3kbG5M0U&lc=Ugz53eIzAKSAS-5KkTl4AaABAg,Ugz53eIzAKSAS-5KkTl4AaABAg,UC_R2GfmFAjE8k8DgEjmtv7g,"Fetched 05/24/2026, 8:08:10 PM GMT+8"
5678,@iya-k7j,3 days ago,❤God’s Love / It’s His / Precious Gift / To Us❤ / Kapisanang Buklod / Lokal ng Atok Gold / ❤God’s Love / It’s His / Precious Gift / To Us❤ / Kapisanang binhi / Lokal ng Atok Gold,https://www.youtube.com/watch?v=ROa3kbG5M0U&lc=UgzkhsXtSpZW86KVIfh4AaABAg,UgzkhsXtSpZW86KVIfh4AaABAg,UC_R2GfmFAjE8k8DgEjmtv7g,"Fetched 05/24/2026, 8:08:10 PM GMT+8"
5679,@Mariah-k9e2m,3 days ago,Happy viewing to everyone po pagbati po mula sa lokal ng BAGUIO CITY😊😊😊,https://www.youtube.com/watch?v=ROa3kbG5M0U&lc=UgyZf06un3j9n2yp2vZ4AaABAg,UgyZf06un3j9n2yp2vZ4AaABAg,UCg9bJz9qA8jpD6hdDhwbjaA,"Fetched 05/24/2026, 8:08:10 PM GMT+8"
5680,@noedulay,3 days ago,Ayos na ayos,https://www.youtube.com/watch?v=ROa3kbG5M0U&lc=Ugyk1ToDb2N5kIVs8fd4AaABAg,Ugyk1ToDb2N5kIVs8fd4AaABAg,UCXhwmp6dOr8fjMmxQrm84Jg,"Fetched 05/24/2026, 8:08:10 PM GMT+8"
5681,@Mariah-k9e2m,3 days ago,Happy Thursday po mga kapatid happy viewing po sa ating lahat mula po dito sa lokal ng BAGUIO CITY😊❤,https://www.youtube.com/watch?v=ROa3kbG5M0U&lc=Ugw0d6QLXotbPp5Y9Qt4AaABAg,Ugw0d6QLXotbPp5Y9Qt4AaABAg,UCg9bJz9qA8jpD6hdDhwbjaA,"Fetched 05/24/2026, 8:08:10 PM GMT+8"
5682,@noedulay,3 days ago,Gandang manood 😊,https://www.youtube.com/watch?v=ROa3kbG5M0U&lc=UgwH2Nne1MvvBvVNI8l4AaABAg,UgwH2Nne1MvvBvVNI8l4AaABAg,UCXhwmp6dOr8fjMmxQrm84Jg,"Fetched 05/24/2026, 8:08:10 PM GMT+8"
5683,@Mariah-k9e2m,3 days ago,Go Benguet!  / Go BAGUIO CITY😊🎉❤,https://www.youtube.com/watch?v=ROa3kbG5M0U&lc=UgyvZN2ZdNvs2Jsl89F4AaABAg,UgyvZN2ZdNvs2Jsl89F4AaABAg,UCg9bJz9qA8jpD6hdDhwbjaA,"Fetched 05/24/2026, 8:08:10 PM GMT+8"
5684,@noedulay,3 days ago,Nood Muna Tayo mga kapatid,https://www.youtube.com/watch?v=ROa3kbG5M0U&lc=UgzN0mORUz9e9rdfQRx4AaABAg,UgzN0mORUz9e9rdfQRx4AaABAg,UCXhwmp6dOr8fjMmxQrm84Jg,"Fetched 05/24/2026, 8:08:10 PM GMT+8"
5685,@Mariah-k9e2m,3 days ago,Happy viewing po mula sa kalihiman ng BAGUIO CITY😊❤,https://www.youtube.com/watch?v=ROa3kbG5M0U&lc=Ugy5_4_CafTE0sOUuzR4AaABAg,Ugy5_4_CafTE0sOUuzR4AaABAg,UCg9bJz9qA8jpD6hdDhwbjaA,"Fetched 05/24/2026, 8:08:10 PM GMT+8"
5686,@noedulay,3 days ago,Good evening po,https://www.youtube.com/watch?v=ROa3kbG5M0U&lc=UgxqCHxjBkN8W4jg5i94AaABAg,UgxqCHxjBkN8W4jg5i94AaABAg,UCXhwmp6dOr8fjMmxQrm84Jg,"Fetched 05/24/2026, 8:08:10 PM GMT+8"
5687,@egymlee,3 days ago,❤Hold on / to your / Faith❤ / 😇😇😇 / Kapisanang binhi / lokal ng atok gold,https://www.youtube.com/watch?v=ROa3kbG5M0U&lc=UgxjBkK8V4EWM3OIHtt4AaABAg,UgxjBkK8V4EWM3OIHtt4AaABAg,UCQuTByWcigHh1sDG2ivw25A,"Fetched 05/24/2026, 8:08:10 PM GMT+8"
5688,@egymlee,3 days ago,God's LOVE / ❤It's His / PRECIOUS GIFT / to Us❤ / 🎁🎁🎁🎁 / Mula po sa Kapisanang binhi / 😊Lokal ng Atok Gold❤,https://www.youtube.com/watch?v=ROa3kbG5M0U&lc=Ugyf9zMyO21KtHfnPEB4AaABAg,Ugyf9zMyO21KtHfnPEB4AaABAg,UCQuTByWcigHh1sDG2ivw25A,"Fetched 05/24/2026, 8:08:10 PM GMT+8"
5689,@jellyannperez22,3 days ago,His Precious gift to us His Wondrous love🫶,https://www.youtube.com/watch?v=ROa3kbG5M0U&lc=UgwufWZCQKGdBIxadph4AaABAg,UgwufWZCQKGdBIxadph4AaABAg,UCTSBNE6g9859jcHD_BhlU-g,"Fetched 05/24/2026, 8:08:10 PM GMT+8"
5690,@egymlee,3 days ago,💚🤍❤INCMV🟩⬜🟥 / His / Wondrous / LOVE / 🟢⚪🔴 / Mula po sa Kapisanang binhi / LOKAL NG ATOK GOLD,https://www.youtube.com/watch?v=ROa3kbG5M0U&lc=UgxdS35-OM44yd3p5EB4AaABAg,UgxdS35-OM44yd3p5EB4AaABAg,UCQuTByWcigHh1sDG2ivw25A,"Fetched 05/24/2026, 8:08:10 PM GMT+8"
5691,@Mariah-k9e2m,3 days ago,Magandaang gabi po mga kapatid mula po sa lokal ng BAGUIO CITY ❤😊,https://www.youtube.com/watch?v=ROa3kbG5M0U&lc=UgyS_pSNiK4424PPa8Z4AaABAg,UgyS_pSNiK4424PPa8Z4AaABAg,UCg9bJz9qA8jpD6hdDhwbjaA,"Fetched 05/24/2026, 8:08:10 PM GMT+8"
5692,@egymlee,3 days ago,Go Benguet go! / watching po / 🎉🎉🎉 / INCMV / Kapisanang binhi / Lokal ng Atok Gold,https://www.youtube.com/watch?v=ROa3kbG5M0U&lc=UgyIn_VEFSyyOq6dvLZ4AaABAg,UgyIn_VEFSyyOq6dvLZ4AaABAg,UCQuTByWcigHh1sDG2ivw25A,"Fetched 05/24/2026, 8:08:10 PM GMT+8"
5693,@jellyannperez22,3 days ago,Hello po mga Kapatid🤗 Watching po with the kiddos.. Greetings po fr Lokal ng Camp8 🥰,https://www.youtube.com/watch?v=ROa3kbG5M0U&lc=UgyGDGnJ0dgzQbeG-6d4AaABAg,UgyGDGnJ0dgzQbeG-6d4AaABAg,UCTSBNE6g9859jcHD_BhlU-g,"Fetched 05/24/2026, 8:08:10 PM GMT+8"
5694,@henrycaranto2644,3 days ago,Shoutout po sa lahat ng Kadiwa at Binhi🎉❤,https://www.youtube.com/watch?v=ROa3kbG5M0U&lc=UgyA8fXaL4EzXTYmTx54AaABAg,UgyA8fXaL4EzXTYmTx54AaABAg,UCFilTOy22FklSkBIgwVPVaQ,"Fetched 05/24/2026, 8:08:10 PM GMT+8"
5695,@Mariah-k9e2m,3 days ago,Happy viewing po kay kuya Mulong na nag oopisina sa lokal ng BAGUIO CITY😊😅,https://www.youtube.com/watch?v=ROa3kbG5M0U&lc=UgxgavoW5S_dvqWtU9B4AaABAg,UgxgavoW5S_dvqWtU9B4AaABAg,UCg9bJz9qA8jpD6hdDhwbjaA,"Fetched 05/24/2026, 8:08:10 PM GMT+8"
5696,@almazanrhyndylyn,3 days ago,Magandang magandang gabi. Oras-oras po ang pagnonood bilang patuloy na pagsuporta at pakikipagkaisa. /  / Go! Go! Go! Benguet.  /  / Mula po sa Lokal ng Norcar at Kapisanang Kadiwa. /  / #GodsLove / #INCMV2026 / ❤❤❤❤❤❤❤❤❤❤❤❤❤❤,https://www.youtube.com/watch?v=ROa3kbG5M0U&lc=Ugzj6XSNwgUTIiS7YAN4AaABAg,Ugzj6XSNwgUTIiS7YAN4AaABAg,UCEoQCNgytnJxjJnAQLSzFeA,"Fetched 05/24/2026, 8:08:10 PM GMT+8"
5697,@Lxzaaaaa,3 days ago,Road 46k viewss🎉🎉 go Benguet!❤ /  / Support po from Atok Gold✨🌷,https://www.youtube.com/watch?v=ROa3kbG5M0U&lc=Ugx3mBmrap0xSmqQnot4AaABAg,Ugx3mBmrap0xSmqQnot4AaABAg,UC-MTBqslPrXeabiRe4UpQxw,"Fetched 05/24/2026, 8:08:10 PM GMT+8"
5698,@HylenVillanueva,3 days ago,Go Benguet District - greetings from Locale of Loakan Airport..,https://www.youtube.com/watch?v=ROa3kbG5M0U&lc=Ugz-WVqWYNC17o_Loo54AaABAg,Ugz-WVqWYNC17o_Loo54AaABAg,UCcbJzLxKGYrp7w4Jlei72dQ,"Fetched 05/24/2026, 8:08:10 PM GMT+8"
5699,@romulodeverajr.9937,3 days ago,Happy Viewing sa mga taga atok gold from lokal ng Baguio City. ❤❤❤,https://www.youtube.com/watch?v=ROa3kbG5M0U&lc=Ugy9jPM-cCiwL5peMeR4AaABAg,Ugy9jPM-cCiwL5peMeR4AaABAg,UCp-gBjV5Wh420GHK3cminkw,"Fetched 05/24/2026, 8:08:10 PM GMT+8"
5700,@egymlee,3 days ago,happy viewing po.. / mga kapatid / ❤❤❤ / mula po sa kapisanang binhi / lokal ng atok gold,https://www.youtube.com/watch?v=ROa3kbG5M0U&lc=UgyiFvrAN9lPre6r4x94AaABAg,UgyiFvrAN9lPre6r4x94AaABAg,UCQuTByWcigHh1sDG2ivw25A,"Fetched 05/24/2026, 8:08:10 PM GMT+8"
5701,@egymlee,3 days ago,Go Benguet go! / watching po / 🎉🎉🎉 / INCMV / Kapisanang binhi / Lokal ng Atok Gold,https://www.youtube.com/watch?v=ROa3kbG5M0U&lc=Ugww_QL7JPzj3Ob3h9N4AaABAg,Ugww_QL7JPzj3Ob3h9N4AaABAg,UCQuTByWcigHh1sDG2ivw25A,"Fetched 05/24/2026, 8:08:10 PM GMT+8"
5702,@renalyndulay4915,3 days ago,"Enjoy watching po, La Trinidad Benguet.",https://www.youtube.com/watch?v=ROa3kbG5M0U&lc=Ugx2XAtxqs0rU2RhYQx4AaABAg,Ugx2XAtxqs0rU2RhYQx4AaABAg,UC5O2YOQZe1QqhG2YhGYyedQ,"Fetched 05/24/2026, 8:08:10 PM GMT+8"
5703,@egymlee,3 days ago,Hello sa ating lahat / Patuloy pong nanonood / INCMV / God’s Love / Binhi po sa / Lokal ng atok gold,https://www.youtube.com/watch?v=ROa3kbG5M0U&lc=UgzJzYeuBCmmowwUUA14AaABAg,UgzJzYeuBCmmowwUUA14AaABAg,UCQuTByWcigHh1sDG2ivw25A,"Fetched 05/24/2026, 8:08:10 PM GMT+8"
5704,@egymlee,3 days ago,hello po tita..kumusta po...from lokal ng atok gold po,https://www.youtube.com/watch?v=ROa3kbG5M0U&lc=Ugz-WVqWYNC17o_Loo54AaABAg.AX3ogOMmY7_AX3p0L3KEuK,Ugz-WVqWYNC17o_Loo54AaABAg.AX3ogOMmY7_AX3p0L3KEuK,UCQuTByWcigHh1sDG2ivw25A,"Fetched 05/24/2026, 8:08:10 PM GMT+8"
5705,@egymlee,3 days ago,Happy /  Viewing po / 😊😊 / Masayang  / Nanonood / Mula po  / Sa kapisanang binhi / ❤lokal ng atok gold,https://www.youtube.com/watch?v=ROa3kbG5M0U&lc=UgwYS5raIvwkSESnSbl4AaABAg,UgwYS5raIvwkSESnSbl4AaABAg,UCQuTByWcigHh1sDG2ivw25A,"Fetched 05/24/2026, 8:08:10 PM GMT+8"
5706,@egymlee,3 days ago,😊happy watching po / Laging nanonood / Mula po sa / Kapisanang Binhi / Lokal ng Atok Gold,https://www.youtube.com/watch?v=ROa3kbG5M0U&lc=Ugzi82LDRiAmDD5p-PF4AaABAg,Ugzi82LDRiAmDD5p-PF4AaABAg,UCQuTByWcigHh1sDG2ivw25A,"Fetched 05/24/2026, 8:08:10 PM GMT+8"
5707,@egymlee,3 days ago,Happy viewing po / Mga kapatid / Mula po sa kapisanang  / binhi ng / Lokal ng atok gold,https://www.youtube.com/watch?v=ROa3kbG5M0U&lc=Ugwk9yhEq-xbnqAzQ8x4AaABAg,Ugwk9yhEq-xbnqAzQ8x4AaABAg,UCQuTByWcigHh1sDG2ivw25A,"Fetched 05/24/2026, 8:08:10 PM GMT+8"
5708,@egymlee,3 days ago,Masayang /  Panonood po / Tangkilikin po / INCMV / Lokal ng atok gold,https://www.youtube.com/watch?v=ROa3kbG5M0U&lc=UgwDV-nZIO3yi1hVx4B4AaABAg,UgwDV-nZIO3yi1hVx4B4AaABAg,UCQuTByWcigHh1sDG2ivw25A,"Fetched 05/24/2026, 8:08:10 PM GMT+8"
5709,@egymlee,3 days ago,😊happy watching po / Laging nanonood / Mula po sa / Kapisanang Binhi / Lokal ng Atok Gold,https://www.youtube.com/watch?v=ROa3kbG5M0U&lc=Ugz-prxBwmCK4BnRGRB4AaABAg,Ugz-prxBwmCK4BnRGRB4AaABAg,UCQuTByWcigHh1sDG2ivw25A,"Fetched 05/24/2026, 8:08:10 PM GMT+8"
5710,@renalyndulay4915,3 days ago,"Magandang gabi po mga kapatid.  Happy viewing po, Mula po sa La Trinidad, Distrito Ng Benguet.",https://www.youtube.com/watch?v=ROa3kbG5M0U&lc=UgxOw4BTTbZeKfIq7Z94AaABAg,UgxOw4BTTbZeKfIq7Z94AaABAg,UC5O2YOQZe1QqhG2YhGYyedQ,"Fetched 05/24/2026, 8:08:10 PM GMT+8"
5711,@renalyndulay4915,3 days ago,"Magandang gabi po mga kapatid.  Happy viewing po, Mula po sa La Trinidad, Distrito Ng Benguet.",https://www.youtube.com/watch?v=ROa3kbG5M0U&lc=UgxVxGmheMESf5Gmdk54AaABAg,UgxVxGmheMESf5Gmdk54AaABAg,UC5O2YOQZe1QqhG2YhGYyedQ,"Fetched 05/24/2026, 8:08:10 PM GMT+8"
5712,@janemendoza1372,3 days ago,Keep watching po mga kapatid. Go Benguet,https://www.youtube.com/watch?v=ROa3kbG5M0U&lc=Ugy12mH4N_Kao2ni9054AaABAg,Ugy12mH4N_Kao2ni9054AaABAg,UC9s8J8XMcHsDsVMR4as530g,"Fetched 05/24/2026, 8:08:10 PM GMT+8"
5713,@Lxzaaaaa,3 days ago,"Good evening to all po, happy viewing po!!❤ /  / Pagbati po mula sa Binhi ng Lokal ng Atok Gold✨",https://www.youtube.com/watch?v=ROa3kbG5M0U&lc=Ugyxg_tV2VfEMZZKbWp4AaABAg,Ugyxg_tV2VfEMZZKbWp4AaABAg,UC-MTBqslPrXeabiRe4UpQxw,"Fetched 05/24/2026, 8:08:10 PM GMT+8"
5714,@joymaylee-e9o,3 days ago,Masayang panonood po mga kapatid / 😂shout out po sa mga  / magigiting po na  / Pamunuan sa aming lokal. / Mula po sa Kapisanang Buklod / 🎉lokal ng atok gold😊,https://www.youtube.com/watch?v=ROa3kbG5M0U&lc=Ugzjl6Zx3f4USquLPFp4AaABAg,Ugzjl6Zx3f4USquLPFp4AaABAg,UCVNaOxPbc9ZEHqlMp6TAgMA,"Fetched 05/24/2026, 8:08:10 PM GMT+8"
5715,@joymaylee-e9o,3 days ago,💚🤍❤INCMV🟩⬜🟥 / His / Wondrous / LOVE / 🟢⚪🔴 / Mula po sa Kapisanang Buklod / LOKAL NG ATOK GOLD,https://www.youtube.com/watch?v=ROa3kbG5M0U&lc=UgzC-T64zEaddDPbRkJ4AaABAg,UgzC-T64zEaddDPbRkJ4AaABAg,UCVNaOxPbc9ZEHqlMp6TAgMA,"Fetched 05/24/2026, 8:08:10 PM GMT+8"
5716,@joymaylee-e9o,3 days ago,❤God’s L❤VE is bigger /  Than the ocean / And / Brighter than the stars / ⭐🌟⭐🌟 / Mula po sa Kapisanang Buklod / 😊😊Lokal ng Atok Gold😊,https://www.youtube.com/watch?v=ROa3kbG5M0U&lc=UgzifOERZ6xlPg8Lbg14AaABAg,UgzifOERZ6xlPg8Lbg14AaABAg,UCVNaOxPbc9ZEHqlMp6TAgMA,"Fetched 05/24/2026, 8:08:10 PM GMT+8"
5717,@GrazelleAnneMagno,3 days ago,"Happy watching po ulit 🤩  / Go Benguet  / From lokal ng Sayatan, kalihiman and Registry",https://www.youtube.com/watch?v=ROa3kbG5M0U&lc=UgybZue5VRljwDKqIyN4AaABAg,UgybZue5VRljwDKqIyN4AaABAg,UCunYGlUE4hQyPFaxtdKYIbw,"Fetched 05/24/2026, 8:08:10 PM GMT+8"
5718,@jaysonchagwaten2284,3 days ago,Happy viewing po,https://www.youtube.com/watch?v=ROa3kbG5M0U&lc=Ugz5RaMz93_1BiMYjdJ4AaABAg,Ugz5RaMz93_1BiMYjdJ4AaABAg,UCGh5R3Wd_0TxbsDcinjC8lw,"Fetched 05/24/2026, 8:08:10 PM GMT+8"
5719,@almazanrhyndylyn,3 days ago,Magandang gabi po. Naririto po uli para manood at sumuporta mula sa Lokal ng Norcar at Kapisanang Kadiwa. /  / Labaaaaaaaaan Bengueeeeeeeet!!!!!,https://www.youtube.com/watch?v=ROa3kbG5M0U&lc=UgxtUxjMMD61ZNnsS6N4AaABAg,UgxtUxjMMD61ZNnsS6N4AaABAg,UCEoQCNgytnJxjJnAQLSzFeA,"Fetched 05/24/2026, 8:08:10 PM GMT+8"
5720,@joymaylee-e9o,3 days ago,happy watching po / tita jade / 😊😊😂😂😂 / comment pa more po / 😂😂😂 / lokal ng atok gold,https://www.youtube.com/watch?v=ROa3kbG5M0U&lc=UgwYqq_6-Pt6l2KQhkt4AaABAg,UgwYqq_6-Pt6l2KQhkt4AaABAg,UCVNaOxPbc9ZEHqlMp6TAgMA,"Fetched 05/24/2026, 8:08:10 PM GMT+8"
5721,@joymaylee-e9o,3 days ago,hello po😊 /  tita jeanie tugad / comment pa more po  / 😂😂😂😂 / lokal ng atok gold,https://www.youtube.com/watch?v=ROa3kbG5M0U&lc=UgwMYNluOJRPobdL6GV4AaABAg,UgwMYNluOJRPobdL6GV4AaABAg,UCVNaOxPbc9ZEHqlMp6TAgMA,"Fetched 05/24/2026, 8:08:10 PM GMT+8"
5722,@jeanietugad4595,3 days ago,"Lets all watch,, fight,, fight, fight,, Benguet,, Atok Gold.",https://www.youtube.com/watch?v=ROa3kbG5M0U&lc=UgxPIas0M9B86_Rc5FN4AaABAg,UgxPIas0M9B86_Rc5FN4AaABAg,UC4-hT99A9u-aH7hnm5JCSfg,"Fetched 05/24/2026, 8:08:10 PM GMT+8"
5723,@jeanietugad4595,3 days ago,"Maganda ang awitin,, sabayan po natin,, Kalihiman/Registry,, Atok Gold.",https://www.youtube.com/watch?v=ROa3kbG5M0U&lc=UgzjA_WiLl79WYf4HIx4AaABAg,UgzjA_WiLl79WYf4HIx4AaABAg,UC4-hT99A9u-aH7hnm5JCSfg,"Fetched 05/24/2026, 8:08:10 PM GMT+8"
5724,@joymaylee-e9o,3 days ago,😍we L❤VE INCMV😊 /  / Shout out po sa mga  /  / Masigasig na Kadiwa /  / Sa aming lokal🏆🥇🏅🎖 /  / Mula po sa Kapisanang Buklod /  / 😊Lokal ng Atok Gold😊,https://www.youtube.com/watch?v=ROa3kbG5M0U&lc=UgwQFq1-TFttGFeOjrl4AaABAg,UgwQFq1-TFttGFeOjrl4AaABAg,UCVNaOxPbc9ZEHqlMp6TAgMA,"Fetched 05/24/2026, 8:08:10 PM GMT+8"
5725,@joymaylee-e9o,3 days ago (edited),gud eve po ninong.happy viewing po..lokal ng atok gold po,https://www.youtube.com/watch?v=ROa3kbG5M0U&lc=Ugz5RaMz93_1BiMYjdJ4AaABAg.AX3ml2v9MuRAX3nQUhKGwD,Ugz5RaMz93_1BiMYjdJ4AaABAg.AX3ml2v9MuRAX3nQUhKGwD,UCVNaOxPbc9ZEHqlMp6TAgMA,"Fetched 05/24/2026, 8:08:10 PM GMT+8"
5726,@jeanietugad4595,3 days ago,"Fly Benguet District,, fight,, lets all watch,, Atok Gold,, Kalihiman/Registry.",https://www.youtube.com/watch?v=ROa3kbG5M0U&lc=Ugx_5nk4Uxu2vS-0-2B4AaABAg,Ugx_5nk4Uxu2vS-0-2B4AaABAg,UC4-hT99A9u-aH7hnm5JCSfg,"Fetched 05/24/2026, 8:08:10 PM GMT+8"
5727,@joymaylee-e9o,3 days ago,❤😊😇Blessed evening po / Shout out po sa mga / Maliliksing Binhi  / Sa aming lokal😊😊 / Mula po sa Kapisanang Buklod / ❤lokal ng atok gold😊,https://www.youtube.com/watch?v=ROa3kbG5M0U&lc=UgxlIO5fadKT65AVcSB4AaABAg,UgxlIO5fadKT65AVcSB4AaABAg,UCVNaOxPbc9ZEHqlMp6TAgMA,"Fetched 05/24/2026, 8:08:10 PM GMT+8"
5728,@joymaylee-e9o,3 days ago,❤😊Lovely viewing po / Always Happy😊 / Shout out po sa  / Mones Family❤ / Mula po sa Kapisanang Buklod / ❤❤Lokal ng Atok Gold❤,https://www.youtube.com/watch?v=ROa3kbG5M0U&lc=UgyfZShlUg0jgg6a8wB4AaABAg,UgyfZShlUg0jgg6a8wB4AaABAg,UCVNaOxPbc9ZEHqlMp6TAgMA,"Fetched 05/24/2026, 8:08:10 PM GMT+8"
5729,@joymaylee-e9o,3 days ago,❤happy hearts po😊 / 😂shout out po sa  / Sanil Family / Sa aming lokal / Mula po sa Kapisanang Buklod / 😊😊lokal ng atok gold😊,https://www.youtube.com/watch?v=ROa3kbG5M0U&lc=Ugx4mMqjFFujzS5zAzV4AaABAg,Ugx4mMqjFFujzS5zAzV4AaABAg,UCVNaOxPbc9ZEHqlMp6TAgMA,"Fetched 05/24/2026, 8:08:10 PM GMT+8"
5730,@Jermiejade,3 days ago,Enjoy watching from LOKAL NG ATOK GOLD,https://www.youtube.com/watch?v=ROa3kbG5M0U&lc=UgyIg2QT9qt09hEhuIV4AaABAg,UgyIg2QT9qt09hEhuIV4AaABAg,UCZ6UJXSjEyimpxsNE0rYrBw,"Fetched 05/24/2026, 8:08:10 PM GMT+8"
5731,@joymaylee-e9o,3 days ago,❤Refreshing evening po / ❤INCMV❤ / 😂shout out po sa  / Capones Family.. / Mula po sa Kapisanang Buklod / 😊😊Lokal ng Atok Gold❤,https://www.youtube.com/watch?v=ROa3kbG5M0U&lc=UgztqWCBUgkXMXn40Bd4AaABAg,UgztqWCBUgkXMXn40Bd4AaABAg,UCVNaOxPbc9ZEHqlMp6TAgMA,"Fetched 05/24/2026, 8:08:10 PM GMT+8"
5732,@Jermiejade,3 days ago,Ang gagaling Ng cast congratulations Po Mula sa LoKAL Ng ATOK GOLD,https://www.youtube.com/watch?v=ROa3kbG5M0U&lc=UgzNg1G4tWbcW02RJQt4AaABAg,UgzNg1G4tWbcW02RJQt4AaABAg,UCZ6UJXSjEyimpxsNE0rYrBw,"Fetched 05/24/2026, 8:08:10 PM GMT+8"
5733,@Jermiejade,3 days ago,With big support to all cast from LOKAL NG ATOK GOLD BENGUET,https://www.youtube.com/watch?v=ROa3kbG5M0U&lc=UgwNL1U8RXwh3v8opyF4AaABAg,UgwNL1U8RXwh3v8opyF4AaABAg,UCZ6UJXSjEyimpxsNE0rYrBw,"Fetched 05/24/2026, 8:08:10 PM GMT+8"
5734,@joymaylee-e9o,3 days ago,Masayang panonood po📺📱 / Shout out po sa /  Cornel Family / Sa aming lokal😊😊😊 / Mula po sa Kapisanang Buklod / ❤lokal ng atok gold❤,https://www.youtube.com/watch?v=ROa3kbG5M0U&lc=UgyKiKbza9W---Tk4iB4AaABAg,UgyKiKbza9W---Tk4iB4AaABAg,UCVNaOxPbc9ZEHqlMp6TAgMA,"Fetched 05/24/2026, 8:08:10 PM GMT+8"
5735,@Jermiejade,3 days ago,Bigger support from lOKAL ATOK GOLD BENGUET,https://www.youtube.com/watch?v=ROa3kbG5M0U&lc=UgwaRCV0lT8GQO6Zghl4AaABAg,UgwaRCV0lT8GQO6Zghl4AaABAg,UCZ6UJXSjEyimpxsNE0rYrBw,"Fetched 05/24/2026, 8:08:10 PM GMT+8"
5736,@joymaylee-e9o,3 days ago,Patuloy pong nakikiisa😊 / shout out po sa Sambahayan  / ng aming gwapong Tito Rowney  / at magandang Tita Jade Miguel / Mula po sa Kapisanang Buklod / ❤❤Lokal ng Atok Gold❤,https://www.youtube.com/watch?v=ROa3kbG5M0U&lc=UgzH82PTrEVnmeL-J2Z4AaABAg,UgzH82PTrEVnmeL-J2Z4AaABAg,UCVNaOxPbc9ZEHqlMp6TAgMA,"Fetched 05/24/2026, 8:08:10 PM GMT+8"
5737,@Jermiejade,3 days ago,Fighting BENGUET Mula sa LoKAL Ng ATOK GOLD,https://www.youtube.com/watch?v=ROa3kbG5M0U&lc=UgwbR6fJK4KMqcjMmHV4AaABAg,UgwbR6fJK4KMqcjMmHV4AaABAg,UCZ6UJXSjEyimpxsNE0rYrBw,"Fetched 05/24/2026, 8:08:10 PM GMT+8"
5738,@joymaylee-e9o,3 days ago,👨‍👩‍👧Happy Family Bonding po / Shout out po sa Sambahayan  / ng aming LSO at LSO sec. / Ka Julius at Ka Sarah  Ydio / Mula po sa Kapisanang Buklod / 😊Lokal ng Atok Gold,https://www.youtube.com/watch?v=ROa3kbG5M0U&lc=Ugy8tVgmRQDCGjETYsV4AaABAg,Ugy8tVgmRQDCGjETYsV4AaABAg,UCVNaOxPbc9ZEHqlMp6TAgMA,"Fetched 05/24/2026, 8:08:10 PM GMT+8"
5739,@Jermiejade,3 days ago,Go beautiful BENGUET top 1 spot Mula sa LoKAL Ng ATOK GOLD,https://www.youtube.com/watch?v=ROa3kbG5M0U&lc=UgyNuZR6O4g0Y6UknOx4AaABAg,UgyNuZR6O4g0Y6UknOx4AaABAg,UCZ6UJXSjEyimpxsNE0rYrBw,"Fetched 05/24/2026, 8:08:10 PM GMT+8"
5740,@jeanietugad4595,3 days ago,"Go go go,, Kapisanang Buklod, enjoy po tayo sa panonood,, Atok Gold,,",https://www.youtube.com/watch?v=ROa3kbG5M0U&lc=Ugydf1tVkR7S3qIm_5R4AaABAg,Ugydf1tVkR7S3qIm_5R4AaABAg,UC4-hT99A9u-aH7hnm5JCSfg,"Fetched 05/24/2026, 8:08:10 PM GMT+8"
5741,@joymaylee-e9o,3 days ago,😂masayang nanonood  po  / Habang nagkakape☕☕☕ / ❤INCMV❤ / Shout out po sa Sicmaten Family / Mula po sa Kapisanang Buklod / 😊😊😊Lokal ng Atok Gold😊,https://www.youtube.com/watch?v=ROa3kbG5M0U&lc=UgyIRcXYLS920ri8hYN4AaABAg,UgyIRcXYLS920ri8hYN4AaABAg,UCVNaOxPbc9ZEHqlMp6TAgMA,"Fetched 05/24/2026, 8:08:10 PM GMT+8"
5742,@Jermiejade,3 days ago,Enjoy watching from LOKAL NG ATOK GOLD BENGUET,https://www.youtube.com/watch?v=ROa3kbG5M0U&lc=Ugw28bIXQLfSXRgbqhx4AaABAg,Ugw28bIXQLfSXRgbqhx4AaABAg,UCZ6UJXSjEyimpxsNE0rYrBw,"Fetched 05/24/2026, 8:08:10 PM GMT+8"
5743,@Jermiejade,3 days ago,Go BENGUET top 1 spot Mula sa LoKAL Ng ATOK GOLD,https://www.youtube.com/watch?v=ROa3kbG5M0U&lc=UgxfJ1OWhn4xZtqFcIl4AaABAg,UgxfJ1OWhn4xZtqFcIl4AaABAg,UCZ6UJXSjEyimpxsNE0rYrBw,"Fetched 05/24/2026, 8:08:10 PM GMT+8"
5744,@joymaylee-e9o,3 days ago,😊watching po😊 / Shout out sa Sambahayan po ng  / Masigla naming PD4 / Ka Elberto Cosil Sr. / Mula po sa Kapisanang Buklod / 😊Lokal ng Atok Gold😊,https://www.youtube.com/watch?v=ROa3kbG5M0U&lc=UgxRdWmDR_XGda_wGXF4AaABAg,UgxRdWmDR_XGda_wGXF4AaABAg,UCVNaOxPbc9ZEHqlMp6TAgMA,"Fetched 05/24/2026, 8:08:10 PM GMT+8"
5745,@Jermiejade,3 days ago,Happy viewing Po Mula sa LoKAL Ng ATOK GOLD BENGUET,https://www.youtube.com/watch?v=ROa3kbG5M0U&lc=UgyXuQmpX3I0gwZ_Cr54AaABAg,UgyXuQmpX3I0gwZ_Cr54AaABAg,UCZ6UJXSjEyimpxsNE0rYrBw,"Fetched 05/24/2026, 8:08:10 PM GMT+8"
5746,@Jermiejade,3 days ago,Keep watching and supporting po❤,https://www.youtube.com/watch?v=ROa3kbG5M0U&lc=UgzH82PTrEVnmeL-J2Z4AaABAg.AX3lvs_aqDAAX3m3SKLc7y,UgzH82PTrEVnmeL-J2Z4AaABAg.AX3lvs_aqDAAX3m3SKLc7y,UCZ6UJXSjEyimpxsNE0rYrBw,"Fetched 05/24/2026, 8:08:10 PM GMT+8"
5747,@Jermiejade,3 days ago,Naimbag nga rabii kakabsat Mula sa LoKAL Ng ATOK GOLD,https://www.youtube.com/watch?v=ROa3kbG5M0U&lc=Ugwi4ugBetqYudRp28l4AaABAg,Ugwi4ugBetqYudRp28l4AaABAg,UCZ6UJXSjEyimpxsNE0rYrBw,"Fetched 05/24/2026, 8:08:10 PM GMT+8"
5748,@Glysaanongos,3 days ago,Happy viewing Lokal ng sayatan distrito ng benguet,https://www.youtube.com/watch?v=ROa3kbG5M0U&lc=UgxgQ_0P0d0fvP3GoiZ4AaABAg,UgxgQ_0P0d0fvP3GoiZ4AaABAg,UC-UY6PxCwbcv5GCmWET07sA,"Fetched 05/24/2026, 8:08:10 PM GMT+8"
5749,@joymaylee-e9o,3 days ago,Magandang hapon po🌕🌝 / Shout out po sa Sambahayan / ng aming mabait na PD3 / Ka Joel Bulah / Mula po sa Kapisanang Buklod / 😊Lokal ng Atok Gold😊,https://www.youtube.com/watch?v=ROa3kbG5M0U&lc=Ugx4C9A264gqAqqrKQR4AaABAg,Ugx4C9A264gqAqqrKQR4AaABAg,UCVNaOxPbc9ZEHqlMp6TAgMA,"Fetched 05/24/2026, 8:08:10 PM GMT+8"
5750,@Jermiejade,3 days ago,Happy viewing Po Mula sa LoKAL Ng ATOK GOLD,https://www.youtube.com/watch?v=ROa3kbG5M0U&lc=Ugxqh_9kRVYN4f3JK694AaABAg,Ugxqh_9kRVYN4f3JK694AaABAg,UCZ6UJXSjEyimpxsNE0rYrBw,"Fetched 05/24/2026, 8:08:10 PM GMT+8"
5751,@Jermiejade,3 days ago,Keep going keep watching from LOKAL NG ATOK GOLD,https://www.youtube.com/watch?v=ROa3kbG5M0U&lc=Ugz3U4rUKBPeYI2CI3R4AaABAg,Ugz3U4rUKBPeYI2CI3R4AaABAg,UCZ6UJXSjEyimpxsNE0rYrBw,"Fetched 05/24/2026, 8:08:10 PM GMT+8"
5752,@Jermiejade,3 days ago,Big support from lOKAL ATOK GOLD BENGUET,https://www.youtube.com/watch?v=ROa3kbG5M0U&lc=Ugx9suTSTZiUK0o8xbJ4AaABAg,Ugx9suTSTZiUK0o8xbJ4AaABAg,UCZ6UJXSjEyimpxsNE0rYrBw,"Fetched 05/24/2026, 8:08:10 PM GMT+8"
5753,@Jermiejade,3 days ago,Greetings from lOKAL ATOK GOLD BENGUET,https://www.youtube.com/watch?v=ROa3kbG5M0U&lc=UgzJ1rfy-YlBabzRYbN4AaABAg,UgzJ1rfy-YlBabzRYbN4AaABAg,UCZ6UJXSjEyimpxsNE0rYrBw,"Fetched 05/24/2026, 8:08:10 PM GMT+8"
5754,@Jermiejade,3 days ago,Enjoy watching from LOKAL NG ATOK GOLD BENGUET,https://www.youtube.com/watch?v=ROa3kbG5M0U&lc=Ugx_K2x3OZ_LWZM7ibZ4AaABAg,Ugx_K2x3OZ_LWZM7ibZ4AaABAg,UCZ6UJXSjEyimpxsNE0rYrBw,"Fetched 05/24/2026, 8:08:10 PM GMT+8"
5755,@jeanietugad4595,3 days ago,"Lets continue watching,, happy viewing,, Atok Gold..",https://www.youtube.com/watch?v=ROa3kbG5M0U&lc=UgxaPe81fgHMCfdP4uJ4AaABAg,UgxaPe81fgHMCfdP4uJ4AaABAg,UC4-hT99A9u-aH7hnm5JCSfg,"Fetched 05/24/2026, 8:08:10 PM GMT+8"
5756,@Jermiejade,3 days ago,Go beautiful BENGUET top 1. Mula sa LoKAL Ng ATOK GOLD,https://www.youtube.com/watch?v=ROa3kbG5M0U&lc=UgzwGQW2QZiwCSyKJ0R4AaABAg,UgzwGQW2QZiwCSyKJ0R4AaABAg,UCZ6UJXSjEyimpxsNE0rYrBw,"Fetched 05/24/2026, 8:08:10 PM GMT+8"
5757,@Jermiejade,3 days ago,Enjoy watching from LOKAL NG ATOK GOLD,https://www.youtube.com/watch?v=ROa3kbG5M0U&lc=UgyrlLi9FHKxxFvTC9V4AaABAg,UgyrlLi9FHKxxFvTC9V4AaABAg,UCZ6UJXSjEyimpxsNE0rYrBw,"Fetched 05/24/2026, 8:08:10 PM GMT+8"
5758,@Jermiejade,3 days ago,Keep watching and supporting BENGUET Mula sa LoKAL Ng ATOK GOLD,https://www.youtube.com/watch?v=ROa3kbG5M0U&lc=Ugx2k82RQC_ao7Swzsl4AaABAg,Ugx2k82RQC_ao7Swzsl4AaABAg,UCZ6UJXSjEyimpxsNE0rYrBw,"Fetched 05/24/2026, 8:08:10 PM GMT+8"
5759,@Jermiejade,3 days ago,Gud eve Po Mula sa LoKAL Ng ATOK GOLD,https://www.youtube.com/watch?v=ROa3kbG5M0U&lc=UgxiRhQjCcUwXwXawex4AaABAg,UgxiRhQjCcUwXwXawex4AaABAg,UCZ6UJXSjEyimpxsNE0rYrBw,"Fetched 05/24/2026, 8:08:10 PM GMT+8"
5760,@jeanietugad4595,3 days ago,"Hi,, Benguet District,, fight to Top,, Atok Gold,, Kalihiman/Registry.",https://www.youtube.com/watch?v=ROa3kbG5M0U&lc=UgxNzETTWghxl2D1_mR4AaABAg,UgxNzETTWghxl2D1_mR4AaABAg,UC4-hT99A9u-aH7hnm5JCSfg,"Fetched 05/24/2026, 8:08:10 PM GMT+8"
5761,@Jermiejade,3 days ago,Soar high BENGUET Mula sa LoKAL Ng ATOK GOLD BENGUET,https://www.youtube.com/watch?v=ROa3kbG5M0U&lc=UgyST0MzA9WyE3I5jrh4AaABAg,UgyST0MzA9WyE3I5jrh4AaABAg,UCZ6UJXSjEyimpxsNE0rYrBw,"Fetched 05/24/2026, 8:08:10 PM GMT+8"
5762,@joymaylee-e9o,3 days ago,Happy watching po / shout out po sa Sambahayan ng aming /  masipag na PD2  / Ka Danilo Bautista😊 / Mula po sa Kapisanang Buklod / ❤Lokal ng Atok Gold,https://www.youtube.com/watch?v=ROa3kbG5M0U&lc=UgxuESYBwdPjYm2rTdd4AaABAg,UgxuESYBwdPjYm2rTdd4AaABAg,UCVNaOxPbc9ZEHqlMp6TAgMA,"Fetched 05/24/2026, 8:08:10 PM GMT+8"
5763,@Jermiejade,3 days ago,Still watching Mula sa LoKAL Ng ATOK GOLD BENGUET,https://www.youtube.com/watch?v=ROa3kbG5M0U&lc=UgzlDk1zVuCCcFFJ3sF4AaABAg,UgzlDk1zVuCCcFFJ3sF4AaABAg,UCZ6UJXSjEyimpxsNE0rYrBw,"Fetched 05/24/2026, 8:08:10 PM GMT+8"
5764,@joymaylee-e9o,3 days ago,❤🎉Go Benguet!!! / shout out po sa sambahayan ng  / masigasig naming PD1 / Tatay Miguel Bautista Sr. / Mula po sa Kapisanang Buklod / ❤❤❤Lokal ng Atok Gold❤,https://www.youtube.com/watch?v=ROa3kbG5M0U&lc=Ugx57t77ly4Sbh38g8t4AaABAg,Ugx57t77ly4Sbh38g8t4AaABAg,UCVNaOxPbc9ZEHqlMp6TAgMA,"Fetched 05/24/2026, 8:08:10 PM GMT+8"
5765,@joymaylee-e9o,3 days ago,❤happy watching  po  / Family bonding 📺📱👨‍👩‍👧 / shout out po sa Marinias Family / sa aming  lokal / Mula po sa Kapisanang Buklod / 😊😊😊Lokal ng Atok Gold😊,https://www.youtube.com/watch?v=ROa3kbG5M0U&lc=UgyyjgiUpGsJCgMZJyx4AaABAg,UgyyjgiUpGsJCgMZJyx4AaABAg,UCVNaOxPbc9ZEHqlMp6TAgMA,"Fetched 05/24/2026, 8:08:10 PM GMT+8"
5766,@Jermiejade,3 days ago,Soar high BENGUET Mula sa LoKAL Ng ATOK GOLD.. shout out sa lahat Ng MT,https://www.youtube.com/watch?v=ROa3kbG5M0U&lc=UgwIzY_R4nC34VOYXg94AaABAg,UgwIzY_R4nC34VOYXg94AaABAg,UCZ6UJXSjEyimpxsNE0rYrBw,"Fetched 05/24/2026, 8:08:10 PM GMT+8"
5767,@joymaylee-e9o,3 days ago,☕☕masayang panonood  po  / Habang nagkakape😂 / ❤INCMV❤ / Shout out po sa Lazaro Family / Mula po sa Kapisanang Buklod / 😊😊😊Lokal ng Atok Gold😊,https://www.youtube.com/watch?v=ROa3kbG5M0U&lc=Ugzc1i-Dj-zTraL0VqV4AaABAg,Ugzc1i-Dj-zTraL0VqV4AaABAg,UCVNaOxPbc9ZEHqlMp6TAgMA,"Fetched 05/24/2026, 8:08:10 PM GMT+8"
5768,@joymaylee-e9o,3 days ago,Good evening po..😊 / Happy ang Thursday / Lalo at nanonood ng / INCMV / Mula po sa Kapisanang Buklod / ❤lokal ng atok gold😊,https://www.youtube.com/watch?v=ROa3kbG5M0U&lc=UgwE41QUjPBpn-uVh-d4AaABAg,UgwE41QUjPBpn-uVh-d4AaABAg,UCVNaOxPbc9ZEHqlMp6TAgMA,"Fetched 05/24/2026, 8:08:10 PM GMT+8"
5769,@Jermiejade,3 days ago,Keep on watching from LOKAL NG ATOK GOLD,https://www.youtube.com/watch?v=ROa3kbG5M0U&lc=UgxnBYaLhgGczq1nygN4AaABAg,UgxnBYaLhgGczq1nygN4AaABAg,UCZ6UJXSjEyimpxsNE0rYrBw,"Fetched 05/24/2026, 8:08:10 PM GMT+8"
5770,@Jermiejade,3 days ago,Nice composition ❤❤❤ great Mula sa LoKAL Ng ATOK GOLD BENGUET,https://www.youtube.com/watch?v=ROa3kbG5M0U&lc=Ugw18rOkWH2BtdOUDLx4AaABAg,Ugw18rOkWH2BtdOUDLx4AaABAg,UCZ6UJXSjEyimpxsNE0rYrBw,"Fetched 05/24/2026, 8:08:10 PM GMT+8"
5771,@joymaylee-e9o,3 days ago,Hello po😊 / Shout out po sa sambahayan ng napakasipag naming Pangulong Kalihim 😊Tita Jeanie Tugad. / Buong tiyaga na sinisinop po ang mga ulatan.🖥🖨⏰☎🗂📋 / Mula po sa Kapisanang Buklod / ❤Lokal ng Atok Gold,https://www.youtube.com/watch?v=ROa3kbG5M0U&lc=UgyVhEe-HNDqsqNbpW94AaABAg,UgyVhEe-HNDqsqNbpW94AaABAg,UCVNaOxPbc9ZEHqlMp6TAgMA,"Fetched 05/24/2026, 8:08:10 PM GMT+8"
5772,@Jermiejade,3 days ago,Happy viewing Po Mula sa LoKAL Ng ATOK GOLD,https://www.youtube.com/watch?v=ROa3kbG5M0U&lc=Ugzm-g83goGr2Qb5W_F4AaABAg,Ugzm-g83goGr2Qb5W_F4AaABAg,UCZ6UJXSjEyimpxsNE0rYrBw,"Fetched 05/24/2026, 8:08:10 PM GMT+8"
5773,@Jermiejade,3 days ago,Pagbati po Mula sa LoKAL Ng ATOK,https://www.youtube.com/watch?v=ROa3kbG5M0U&lc=Ugx33awoPVmcrX7YkI14AaABAg,Ugx33awoPVmcrX7YkI14AaABAg,UCZ6UJXSjEyimpxsNE0rYrBw,"Fetched 05/24/2026, 8:08:10 PM GMT+8"
5774,@DionisioDaniwis,3 days ago,Ambiong  / Nice viewing po mga kbgs,https://www.youtube.com/watch?v=ROa3kbG5M0U&lc=Ugxl_tjEVDK019DE6G94AaABAg,Ugxl_tjEVDK019DE6G94AaABAg,UC81uwKgxJfh2fp26YMvmruA,"Fetched 05/24/2026, 8:08:10 PM GMT+8"
5775,@Jermiejade,3 days ago,Enjoy watching from LOKAL NG ATOK GOLD,https://www.youtube.com/watch?v=ROa3kbG5M0U&lc=UgxrEVM6GMtlYV8MbkZ4AaABAg,UgxrEVM6GMtlYV8MbkZ4AaABAg,UCZ6UJXSjEyimpxsNE0rYrBw,"Fetched 05/24/2026, 8:08:10 PM GMT+8"
5776,@Jermiejade,3 days ago,Greetings from lOKAL ATOK GOLD BENGUET,https://www.youtube.com/watch?v=ROa3kbG5M0U&lc=Ugzu_RFVo24xDr5x4ZB4AaABAg,Ugzu_RFVo24xDr5x4ZB4AaABAg,UCZ6UJXSjEyimpxsNE0rYrBw,"Fetched 05/24/2026, 8:08:10 PM GMT+8"
5777,@Jermiejade,3 days ago,Go BENGUET top 1 spot Mula sa LoKAL Ng ATOK GOLD,https://www.youtube.com/watch?v=ROa3kbG5M0U&lc=Ugw3vRs7kPYw68Vy1yx4AaABAg,Ugw3vRs7kPYw68Vy1yx4AaABAg,UCZ6UJXSjEyimpxsNE0rYrBw,"Fetched 05/24/2026, 8:08:10 PM GMT+8"
5778,@Jermiejade,3 days ago,Kaya pa Yan. Go BENGUET Mula sa LoKAL Ng ATOK GOLD,https://www.youtube.com/watch?v=ROa3kbG5M0U&lc=UgyaegeaLYRwDY6ceC54AaABAg,UgyaegeaLYRwDY6ceC54AaABAg,UCZ6UJXSjEyimpxsNE0rYrBw,"Fetched 05/24/2026, 8:08:10 PM GMT+8"
5779,@Jermiejade,3 days ago,Big support from lOKAL ATOK GOLD BENGUET,https://www.youtube.com/watch?v=ROa3kbG5M0U&lc=UgzHf7x-un__THNj_Et4AaABAg,UgzHf7x-un__THNj_Et4AaABAg,UCZ6UJXSjEyimpxsNE0rYrBw,"Fetched 05/24/2026, 8:08:10 PM GMT+8"
5780,@Jermiejade,3 days ago,Enjoy watching from LOKAL NG ATOK GOLD,https://www.youtube.com/watch?v=ROa3kbG5M0U&lc=Ugzxrv2l1o9YR7hNb9x4AaABAg,Ugzxrv2l1o9YR7hNb9x4AaABAg,UCZ6UJXSjEyimpxsNE0rYrBw,"Fetched 05/24/2026, 8:08:10 PM GMT+8"
5781,@Jermiejade,3 days ago,Keep watching from LOKAL NG ATOK GOLD BENGUET,https://www.youtube.com/watch?v=ROa3kbG5M0U&lc=UgwQGZSdQkvDulkUoTl4AaABAg,UgwQGZSdQkvDulkUoTl4AaABAg,UCZ6UJXSjEyimpxsNE0rYrBw,"Fetched 05/24/2026, 8:08:10 PM GMT+8"
5782,@Jermiejade,3 days ago,Gud evening kakabsat Mula sa LoKAL Ng ATOK GOLD,https://www.youtube.com/watch?v=ROa3kbG5M0U&lc=UgxLk_6yxZG6LsM7g3J4AaABAg,UgxLk_6yxZG6LsM7g3J4AaABAg,UCZ6UJXSjEyimpxsNE0rYrBw,"Fetched 05/24/2026, 8:08:10 PM GMT+8"
5783,@joymaylee-e9o,3 days ago,Happy viewing po / Masayang panonood po / Shout out po sa masisigla / at masisipag na mga maytungkulin❤❤❤ / Mula po sa Kapisanang Buklod / Lokal ng atok gold,https://www.youtube.com/watch?v=ROa3kbG5M0U&lc=UgzuMnacs9Qph3Qp8fp4AaABAg,UgzuMnacs9Qph3Qp8fp4AaABAg,UCVNaOxPbc9ZEHqlMp6TAgMA,"Fetched 05/24/2026, 8:08:10 PM GMT+8"
5784,@Jermiejade,3 days ago,Happy viewing Po Mula sa LoKAL Ng ATOK GOLD,https://www.youtube.com/watch?v=ROa3kbG5M0U&lc=UgxEni35_-w0yuszW294AaABAg,UgxEni35_-w0yuszW294AaABAg,UCZ6UJXSjEyimpxsNE0rYrBw,"Fetched 05/24/2026, 8:08:10 PM GMT+8"
5785,@Jermiejade,3 days ago,Yehey go BENGUET Mula sa LoKAL Ng ATOK GOLD,https://www.youtube.com/watch?v=ROa3kbG5M0U&lc=Ugyw48MxjT-5CTkCktl4AaABAg,Ugyw48MxjT-5CTkCktl4AaABAg,UCZ6UJXSjEyimpxsNE0rYrBw,"Fetched 05/24/2026, 8:08:10 PM GMT+8"
5786,@Jermiejade,3 days ago,Ang gagaling Ng cast congratulations Po Mula sa LoKAL Ng ATOK GOLD,https://www.youtube.com/watch?v=ROa3kbG5M0U&lc=UgyXuK0e8a9-CVQH6Rt4AaABAg,UgyXuK0e8a9-CVQH6Rt4AaABAg,UCZ6UJXSjEyimpxsNE0rYrBw,"Fetched 05/24/2026, 8:08:10 PM GMT+8"
5787,@Jermiejade,3 days ago,Go BENGUET Mula sa LOKAL NG ATOK GOLD BENGUET,https://www.youtube.com/watch?v=ROa3kbG5M0U&lc=UgzBECWXkylCdEpas294AaABAg,UgzBECWXkylCdEpas294AaABAg,UCZ6UJXSjEyimpxsNE0rYrBw,"Fetched 05/24/2026, 8:08:10 PM GMT+8"
5788,@jeanietugad4595,3 days ago,"Enjoy watching po,, fly to the Top,, Atok Gold.  ❤❤",https://www.youtube.com/watch?v=ROa3kbG5M0U&lc=UgzSNhLC_6UlJkrTAzV4AaABAg,UgzSNhLC_6UlJkrTAzV4AaABAg,UC4-hT99A9u-aH7hnm5JCSfg,"Fetched 05/24/2026, 8:08:10 PM GMT+8"
5789,@Jermiejade,3 days ago,Keep watching from LOKAL NG ATOK GOLD BENGUET,https://www.youtube.com/watch?v=ROa3kbG5M0U&lc=UgwHnh1MEA5tfqul7QZ4AaABAg,UgwHnh1MEA5tfqul7QZ4AaABAg,UCZ6UJXSjEyimpxsNE0rYrBw,"Fetched 05/24/2026, 8:08:10 PM GMT+8"
5790,@Jermiejade,3 days ago,Buong❤ Po kami sumusupporta Mula sa LoKAL NG ATOK GOLD BENGUET,https://www.youtube.com/watch?v=ROa3kbG5M0U&lc=UgyGN_N88dRkayn2bpp4AaABAg,UgyGN_N88dRkayn2bpp4AaABAg,UCZ6UJXSjEyimpxsNE0rYrBw,"Fetched 05/24/2026, 8:08:10 PM GMT+8"
5791,@joymaylee-e9o,3 days ago,😊😊Blessed evening po / 😂shout out po sa /  Pangulong Buklod namin / Ka Jonathan Lazaro / 😊😊😊 / Mula po sa Kapisanang Buklod / 😊Lokal ng Atok Gold,https://www.youtube.com/watch?v=ROa3kbG5M0U&lc=UgytCmMx-ACUNZEq-WR4AaABAg,UgytCmMx-ACUNZEq-WR4AaABAg,UCVNaOxPbc9ZEHqlMp6TAgMA,"Fetched 05/24/2026, 8:08:10 PM GMT+8"
5792,@jeanietugad4595,3 days ago,"Hello Brethren,, happy viewing po,, Kalihiman/Registry,, Atok Gold.",https://www.youtube.com/watch?v=ROa3kbG5M0U&lc=UgzsINpruTy-o38Nh614AaABAg,UgzsINpruTy-o38Nh614AaABAg,UC4-hT99A9u-aH7hnm5JCSfg,"Fetched 05/24/2026, 8:08:10 PM GMT+8"
5793,@Jermiejade,3 days ago,Big support from lOKAL ATOK GOLD BENGUET,https://www.youtube.com/watch?v=ROa3kbG5M0U&lc=Ugz-VofLJeD76eYenO54AaABAg,Ugz-VofLJeD76eYenO54AaABAg,UCZ6UJXSjEyimpxsNE0rYrBw,"Fetched 05/24/2026, 8:08:10 PM GMT+8"
5794,@Jermiejade,3 days ago,Greetings from lOKAL ATOK GOLD BENGUET,https://www.youtube.com/watch?v=ROa3kbG5M0U&lc=Ugxbov2wjueSc51cJbZ4AaABAg,Ugxbov2wjueSc51cJbZ4AaABAg,UCZ6UJXSjEyimpxsNE0rYrBw,"Fetched 05/24/2026, 8:08:10 PM GMT+8"
5795,@Jermiejade,3 days ago,Happy viewing Po Mula sa LoKAL NG ATOK GOLD,https://www.youtube.com/watch?v=ROa3kbG5M0U&lc=UgyGVj_SWTO0hwVyjVx4AaABAg,UgyGVj_SWTO0hwVyjVx4AaABAg,UCZ6UJXSjEyimpxsNE0rYrBw,"Fetched 05/24/2026, 8:08:10 PM GMT+8"
5796,@Jermiejade,3 days ago,Big support from lOKAL ATOK GOLD BENGUET,https://www.youtube.com/watch?v=ROa3kbG5M0U&lc=Ugz0vG-sV99BgJMzVnp4AaABAg,Ugz0vG-sV99BgJMzVnp4AaABAg,UCZ6UJXSjEyimpxsNE0rYrBw,"Fetched 05/24/2026, 8:08:10 PM GMT+8"
5797,@joymaylee-e9o,3 days ago,Masayang gabi po😊 / 😂shout out po sa /  Pangulong Kadiwa namin / Ate Joely Bulah / 😊😊😊 / Mula po sa Kapisanang Buklod / 😊Lokal ng Atok Gold,https://www.youtube.com/watch?v=ROa3kbG5M0U&lc=UgyDPBDTOjidztQpo1J4AaABAg,UgyDPBDTOjidztQpo1J4AaABAg,UCVNaOxPbc9ZEHqlMp6TAgMA,"Fetched 05/24/2026, 8:08:10 PM GMT+8"
5798,@jeanietugad4595,3 days ago,"Happy watching po sa ating lahat,, Atok Gold,, Kalihiman/Registry.",https://www.youtube.com/watch?v=ROa3kbG5M0U&lc=UgzR62q8Wfosl1UFW4x4AaABAg,UgzR62q8Wfosl1UFW4x4AaABAg,UC4-hT99A9u-aH7hnm5JCSfg,"Fetched 05/24/2026, 8:08:10 PM GMT+8"
5799,@Jermiejade,3 days ago,Keep up watching from LOKAL NG ATOK GOLD BENGUET,https://www.youtube.com/watch?v=ROa3kbG5M0U&lc=UgyjDaR72scYkyPzwuZ4AaABAg,UgyjDaR72scYkyPzwuZ4AaABAg,UCZ6UJXSjEyimpxsNE0rYrBw,"Fetched 05/24/2026, 8:08:10 PM GMT+8"
5800,@Jermiejade,3 days ago,Support group Mula sa LoKAL NG ATOK GOLD,https://www.youtube.com/watch?v=ROa3kbG5M0U&lc=UgyQESNlT5xfV1eSRtt4AaABAg,UgyQESNlT5xfV1eSRtt4AaABAg,UCZ6UJXSjEyimpxsNE0rYrBw,"Fetched 05/24/2026, 8:08:10 PM GMT+8"
5801,@Jermiejade,3 days ago,Malamig nga malem kakabsat Mula sa LoKAL NG ATOK GOLD,https://www.youtube.com/watch?v=ROa3kbG5M0U&lc=UgxVjTQuH3rEO3MgTKl4AaABAg,UgxVjTQuH3rEO3MgTKl4AaABAg,UCZ6UJXSjEyimpxsNE0rYrBw,"Fetched 05/24/2026, 8:08:10 PM GMT+8"
5802,@joymaylee-e9o,3 days ago,hello po / masayang / panonood po / INCMV Benguet / mula po sa  / ❤❤❤ / lokal ng atok gold,https://www.youtube.com/watch?v=ROa3kbG5M0U&lc=UgyJGpe5SU9GhcSYhOh4AaABAg,UgyJGpe5SU9GhcSYhOh4AaABAg,UCVNaOxPbc9ZEHqlMp6TAgMA,"Fetched 05/24/2026, 8:08:10 PM GMT+8"
5803,@Jermiejade,3 days ago,Happy viewing Po Mula sa LoKAL NG ATOK GOLD,https://www.youtube.com/watch?v=ROa3kbG5M0U&lc=UgygGtCko1yX4GOmE214AaABAg,UgygGtCko1yX4GOmE214AaABAg,UCZ6UJXSjEyimpxsNE0rYrBw,"Fetched 05/24/2026, 8:08:10 PM GMT+8"
5804,@Jermiejade,3 days ago,Enjoy watching from LOKAL NG ATOK GOLD,https://www.youtube.com/watch?v=ROa3kbG5M0U&lc=UgyyTLrny4nd9tsfis14AaABAg,UgyyTLrny4nd9tsfis14AaABAg,UCZ6UJXSjEyimpxsNE0rYrBw,"Fetched 05/24/2026, 8:08:10 PM GMT+8"
5805,@Jermiejade,3 days ago,Greetings to all brethren from LOKAL NG ATOK GOLD BENGUET,https://www.youtube.com/watch?v=ROa3kbG5M0U&lc=UgwqeJVU9tO3E3bXqmV4AaABAg,UgwqeJVU9tO3E3bXqmV4AaABAg,UCZ6UJXSjEyimpxsNE0rYrBw,"Fetched 05/24/2026, 8:08:10 PM GMT+8"
5806,@Jermiejade,3 days ago,Happy viewing Po Mula sa LoKAL NG ATOK ❤❤❤❤,https://www.youtube.com/watch?v=ROa3kbG5M0U&lc=UgyeNifmdsnrmLugUa54AaABAg,UgyeNifmdsnrmLugUa54AaABAg,UCZ6UJXSjEyimpxsNE0rYrBw,"Fetched 05/24/2026, 8:08:10 PM GMT+8"
5807,@Jermiejade,3 days ago,Gogogo.. BENGUET Mula sa LoKAL NG ATOK GOLD,https://www.youtube.com/watch?v=ROa3kbG5M0U&lc=UgwTQO3wB-1QpcdlJ7R4AaABAg,UgwTQO3wB-1QpcdlJ7R4AaABAg,UCZ6UJXSjEyimpxsNE0rYrBw,"Fetched 05/24/2026, 8:08:10 PM GMT+8"
5808,@Jermiejade,3 days ago,Go BENGUET top 1 spot Mula sa LoKAL NG ATOK GOLD ❤❤❤❤,https://www.youtube.com/watch?v=ROa3kbG5M0U&lc=UgxMLUj9tHpIJK604pF4AaABAg,UgxMLUj9tHpIJK604pF4AaABAg,UCZ6UJXSjEyimpxsNE0rYrBw,"Fetched 05/24/2026, 8:08:10 PM GMT+8"
5809,@Jermiejade,3 days ago,Pagbati po Mula sa LoKAL NG ATOK GOLD,https://www.youtube.com/watch?v=ROa3kbG5M0U&lc=UgzgNLmnkCT3jFXj5aV4AaABAg,UgzgNLmnkCT3jFXj5aV4AaABAg,UCZ6UJXSjEyimpxsNE0rYrBw,"Fetched 05/24/2026, 8:08:10 PM GMT+8"
5810,@Jermiejade,3 days ago,Fighting BENGUET Mula sa LoKAL NG ATOK GOLD,https://www.youtube.com/watch?v=ROa3kbG5M0U&lc=UgxJR5b1NzQD1Rrk1EB4AaABAg,UgxJR5b1NzQD1Rrk1EB4AaABAg,UCZ6UJXSjEyimpxsNE0rYrBw,"Fetched 05/24/2026, 8:08:10 PM GMT+8"
5811,@Jermiejade,3 days ago,Happy viewing Po Mula sa LoKAL NG ATOK GOLD BENGUET,https://www.youtube.com/watch?v=ROa3kbG5M0U&lc=UgwobsEAavAcasB21aN4AaABAg,UgwobsEAavAcasB21aN4AaABAg,UCZ6UJXSjEyimpxsNE0rYrBw,"Fetched 05/24/2026, 8:08:10 PM GMT+8"
5812,@Jermiejade,3 days ago,Naimbag nga malem ti kakabsat Mula sa LoKAL NG ATOK GOLD,https://www.youtube.com/watch?v=ROa3kbG5M0U&lc=UgyKh7H1WQnhite99AR4AaABAg,UgyKh7H1WQnhite99AR4AaABAg,UCZ6UJXSjEyimpxsNE0rYrBw,"Fetched 05/24/2026, 8:08:10 PM GMT+8"
5813,@Jermiejade,3 days ago,Happy viewing Po Mula sa LoKAL NG ATOK GOLD BENGUET,https://www.youtube.com/watch?v=ROa3kbG5M0U&lc=UgyQmg4_ld1gL0Zwivh4AaABAg,UgyQmg4_ld1gL0Zwivh4AaABAg,UCZ6UJXSjEyimpxsNE0rYrBw,"Fetched 05/24/2026, 8:08:10 PM GMT+8"
5814,@Jermiejade,3 days ago,Go BENGUET Mula sa LoKAL NG ATOK GOLD,https://www.youtube.com/watch?v=ROa3kbG5M0U&lc=UgzuzEoyut9eUgpWG3l4AaABAg,UgzuzEoyut9eUgpWG3l4AaABAg,UCZ6UJXSjEyimpxsNE0rYrBw,"Fetched 05/24/2026, 8:08:10 PM GMT+8"
5815,@gwynethcayabyab5981,3 days ago,Good evening po sa lahat keep on watching po 🎉,https://www.youtube.com/watch?v=ROa3kbG5M0U&lc=Ugyb-7KWE0vvWDqFz1Z4AaABAg,Ugyb-7KWE0vvWDqFz1Z4AaABAg,UCouodNvhL1bfJC2Fz0B_Rcw,"Fetched 05/24/2026, 8:08:10 PM GMT+8"
5816,@Evym-u3k,3 days ago,"The world thinks your Lost, / But in His Love so Divine, / Our God Has  / Always your Back..” / ❤❤ / Kapisanang binhi / Lokal ng Atok Gold",https://www.youtube.com/watch?v=ROa3kbG5M0U&lc=UgyuS_x_-4YPyc60Ht54AaABAg,UgyuS_x_-4YPyc60Ht54AaABAg,UCNNZdfWg4Hutqdsq_H5oCHQ,"Fetched 05/24/2026, 8:08:10 PM GMT+8"
5817,@yzabelgayadan6013,3 days ago,Pagbati po mula sa Marcos Highway sa lahat at Kadiwa District Officers. Let’s go Benguet!,https://www.youtube.com/watch?v=ROa3kbG5M0U&lc=UgwoSVdeHKQoIOmpCR14AaABAg,UgwoSVdeHKQoIOmpCR14AaABAg,UCdZGb4w25RyQ_9_blAErBaQ,"Fetched 05/24/2026, 8:08:10 PM GMT+8"
5818,@Evym-u3k,3 days ago,🎉🎉 /  Benguet on the Top!!! / ❤❤❤. / INCMV / Kapisanang binhi / Lokal ng Atok Gold,https://www.youtube.com/watch?v=ROa3kbG5M0U&lc=UgwdOFE9we_s3fkJoXl4AaABAg,UgwdOFE9we_s3fkJoXl4AaABAg,UCNNZdfWg4Hutqdsq_H5oCHQ,"Fetched 05/24/2026, 8:08:10 PM GMT+8"
5819,@Evym-u3k,3 days ago,But in His / Love / So Divine / INCMV / 😍 / Kapisanang binhi / Lokal ng Atok Gold,https://www.youtube.com/watch?v=ROa3kbG5M0U&lc=UgykCrGcfd2u1qrbPO14AaABAg,UgykCrGcfd2u1qrbPO14AaABAg,UCNNZdfWg4Hutqdsq_H5oCHQ,"Fetched 05/24/2026, 8:08:10 PM GMT+8"
5820,@Evym-u3k,3 days ago,🎉🎉 /  Benguet on the Top!!! / ❤❤❤. / INCMV / Kapisanang binhi / Lokal ng Atok Gold,https://www.youtube.com/watch?v=ROa3kbG5M0U&lc=UgxtisojhuHB-_gxfGp4AaABAg,UgxtisojhuHB-_gxfGp4AaABAg,UCNNZdfWg4Hutqdsq_H5oCHQ,"Fetched 05/24/2026, 8:08:10 PM GMT+8"
5821,@Evym-u3k,3 days ago,❤God’s Love / It’s His / Precious Gift / To Us❤ / Kapisanang binhi / Lokal ng Atok Gold,https://www.youtube.com/watch?v=ROa3kbG5M0U&lc=UgyKbu-uXOcgYzkj1kJ4AaABAg,UgyKbu-uXOcgYzkj1kJ4AaABAg,UCNNZdfWg4Hutqdsq_H5oCHQ,"Fetched 05/24/2026, 8:08:10 PM GMT+8"
5822,@Evym-u3k,3 days ago,Masayang gabi po / 🎉INCMV😊 / Distrito.ng Benguet / TOP1 / ❤❤❤❤ / Kapisanang binhi / Lokal ng Atok Gold,https://www.youtube.com/watch?v=ROa3kbG5M0U&lc=Ugx2OHk2Y7UwgH6f1TR4AaABAg,Ugx2OHk2Y7UwgH6f1TR4AaABAg,UCNNZdfWg4Hutqdsq_H5oCHQ,"Fetched 05/24/2026, 8:08:10 PM GMT+8"
5823,@Evym-u3k,3 days ago,"""Let God / set you Free / and you'll find out / exactly where / you're meant to be"" / Kapisanang binhi / ❤lokal ng atok gold❤",https://www.youtube.com/watch?v=ROa3kbG5M0U&lc=UgxbmkN7qBP2GXzZR594AaABAg,UgxbmkN7qBP2GXzZR594AaABAg,UCNNZdfWg4Hutqdsq_H5oCHQ,"Fetched 05/24/2026, 8:08:10 PM GMT+8"
5824,@Evym-u3k,3 days ago (edited),and when / LIFE / Brings you / To you knees… / 😢😢😢 / Kapisanang binhi / Lokal ng atok gold,https://www.youtube.com/watch?v=ROa3kbG5M0U&lc=Ugyr6Wqi8t3wH5b37354AaABAg,Ugyr6Wqi8t3wH5b37354AaABAg,UCNNZdfWg4Hutqdsq_H5oCHQ,"Fetched 05/24/2026, 8:08:10 PM GMT+8"
5825,@Evym-u3k,3 days ago,hello 😊😊everyday😊😊😊 / INCMV gives energy / it makes us always happy / 😂🎉😊🎉😂 / and no one will look like grumpy / 🤣😁😂 / Lokal ng Atok Gold,https://www.youtube.com/watch?v=ROa3kbG5M0U&lc=Ugx5UwudnsOd9SJSJBV4AaABAg,Ugx5UwudnsOd9SJSJBV4AaABAg,UCNNZdfWg4Hutqdsq_H5oCHQ,"Fetched 05/24/2026, 8:08:10 PM GMT+8"
5826,@JurgensonTelio,3 days ago,Happy viewing po mga kapatid,https://www.youtube.com/watch?v=ROa3kbG5M0U&lc=UgxPkYIHdB3dKPSraWV4AaABAg,UgxPkYIHdB3dKPSraWV4AaABAg,UC4aasZFLmnSLMt1nGQXel3w,"Fetched 05/24/2026, 8:08:10 PM GMT+8"
5827,@joy-d3n4u,3 days ago,Happy watching po / 😁shout out po sa  / Masigasig naming PD3 / Ka Joel Bulah / 🎉🎉🎉 / Kapisanang Buklod / #Lokal ng Atok Gold,https://www.youtube.com/watch?v=ROa3kbG5M0U&lc=UgxZ4MnDuvX5B3kzfmt4AaABAg,UgxZ4MnDuvX5B3kzfmt4AaABAg,UCdSHn503pqXwdsqmLKce88g,"Fetched 05/24/2026, 8:08:10 PM GMT+8"
5828,@joy-d3n4u,3 days ago,Happy viewing po / 😁shout out po sa  / Masigasig naming PD2 / Ka Danilo Bautista / 🌟🌟🌟🌟 / Mula po sa Kapisanang Buklod / #Lokal ng Atok Gold,https://www.youtube.com/watch?v=ROa3kbG5M0U&lc=Ugxrv_agzRZdRwHthLV4AaABAg,Ugxrv_agzRZdRwHthLV4AaABAg,UCdSHn503pqXwdsqmLKce88g,"Fetched 05/24/2026, 8:08:10 PM GMT+8"
5829,@joy-d3n4u,3 days ago,😊🎉❤🎉😊 / Happy watching po / 😁shout out po sa  / Masigasig naming PD3 / Ka Joel Bulah / 🎉🎉🎉 / Kapisanang Buklod / #Lokal ng Atok Gold,https://www.youtube.com/watch?v=ROa3kbG5M0U&lc=Ugzw4eZ4GegKjy0oWhV4AaABAg,Ugzw4eZ4GegKjy0oWhV4AaABAg,UCdSHn503pqXwdsqmLKce88g,"Fetched 05/24/2026, 8:08:10 PM GMT+8"
5830,@joy-d3n4u,3 days ago,Happy viewing po / 😁shout out po sa  / masigasig naming PD4 / Lolo Elberto Cosil Sr. / Kapisanang Buklod / #Lokal ng Atok Gold,https://www.youtube.com/watch?v=ROa3kbG5M0U&lc=UgyFPG-KM99fdBKtg1F4AaABAg,UgyFPG-KM99fdBKtg1F4AaABAg,UCdSHn503pqXwdsqmLKce88g,"Fetched 05/24/2026, 8:08:10 PM GMT+8"
5831,@joy-d3n4u,3 days ago,Watching po😊 / Shout out po sa  / magiting naming PD1  / 😊Tatay Miguel Bautista Sr. / Sa kabila po ng kanilang katandaan pinapangunahan pa rin po ang aming lokal / Kapisanang Buklod / 😊Lokal ng Atok Gold😊,https://www.youtube.com/watch?v=ROa3kbG5M0U&lc=UgzVvXCJSCjfWSt2LTt4AaABAg,UgzVvXCJSCjfWSt2LTt4AaABAg,UCdSHn503pqXwdsqmLKce88g,"Fetched 05/24/2026, 8:08:10 PM GMT+8"
5832,@joy-d3n4u,3 days ago,sweet evening po😊 / Shout out po sa mga / Masisipag naming / Diakonesa❤ / Ka emily at ka ella / Kapisanang Buklod / ❤lokal ng Atok Gold❤,https://www.youtube.com/watch?v=ROa3kbG5M0U&lc=Ugwlu2ZV1DL2Vrfwnq14AaABAg,Ugwlu2ZV1DL2Vrfwnq14AaABAg,UCdSHn503pqXwdsqmLKce88g,"Fetched 05/24/2026, 8:08:10 PM GMT+8"
5833,@joy-d3n4u,3 days ago,hello everyone po / ☺😊😇 / shout out po sambahayan  / ni Tita Jeanie Tugad / Lokal ng Atok Gold,https://www.youtube.com/watch?v=ROa3kbG5M0U&lc=Ugyzj4iZwfGzFKd_mW14AaABAg,Ugyzj4iZwfGzFKd_mW14AaABAg,UCdSHn503pqXwdsqmLKce88g,"Fetched 05/24/2026, 8:08:10 PM GMT+8"
5834,@joy-d3n4u,3 days ago,always supporting po / from our hearts / we say thank you for / all of you / lokal ng atok gold / ❤🇮🇹🌻,https://www.youtube.com/watch?v=ROa3kbG5M0U&lc=UgzNCSM6gcXlvuvjDaN4AaABAg,UgzNCSM6gcXlvuvjDaN4AaABAg,UCdSHn503pqXwdsqmLKce88g,"Fetched 05/24/2026, 8:08:10 PM GMT+8"
5835,@joy-d3n4u,3 days ago,😊😊😊❤❤❤ / hello everyday / INCMV gives energy / it makes us always happy / and no one will look like grumpy / 🤣😁😂 / Lokal ng Atok Gold,https://www.youtube.com/watch?v=ROa3kbG5M0U&lc=Ugzgp1DhlBJYMVT6scJ4AaABAg,Ugzgp1DhlBJYMVT6scJ4AaABAg,UCdSHn503pqXwdsqmLKce88g,"Fetched 05/24/2026, 8:08:10 PM GMT+8"
5836,@henrycaranto2644,3 days ago,Good eve po sa lahat ng nakasubaybay.❤😊 /  / Shoutout po sa lahat ng KADIWA at BINHI🎉😊,https://www.youtube.com/watch?v=ROa3kbG5M0U&lc=Ugw-9Z5NA2LX3lm1UIJ4AaABAg,Ugw-9Z5NA2LX3lm1UIJ4AaABAg,UCFilTOy22FklSkBIgwVPVaQ,"Fetched 05/24/2026, 8:08:10 PM GMT+8"
5837,@luibustamante9493,3 days ago,"Keep on streaming God's Love po /  / #KADIWAUNITY / -Lokal ng Tuba, Kadiwa MT",https://www.youtube.com/watch?v=ROa3kbG5M0U&lc=UgxG34oxa6f5d_7R4L94AaABAg,UgxG34oxa6f5d_7R4L94AaABAg,UCFAmrhDmv6rvZrQoYp-IS9w,"Fetched 05/24/2026, 8:08:10 PM GMT+8"
5838,@edreannesuarez3075,3 days ago,Watching from QUEZON HILL,https://www.youtube.com/watch?v=ROa3kbG5M0U&lc=Ugy2gHKYo9TrCVhB8sZ4AaABAg,Ugy2gHKYo9TrCVhB8sZ4AaABAg,UCsj8E7YZ9Hq-_Fo9OZ2hzNQ,"Fetched 05/24/2026, 8:08:10 PM GMT+8"
5839,@luningningpescoso4921,3 days ago,Masayang panonood po mga kapatid mula po sa Lokal Ng Lourdes Distrito Ng Benguet,https://www.youtube.com/watch?v=ROa3kbG5M0U&lc=UgyPHdPl1Pobx4fh4IJ4AaABAg,UgyPHdPl1Pobx4fh4IJ4AaABAg,UCNEFZJBC-8ZcT-q6hyiB7Dg,"Fetched 05/24/2026, 8:08:10 PM GMT+8"
5840,@Lxzaaaaa,3 days ago,Tuloy tuloy po ang ating pagsuporta mula po sa Binhi ng Lokal ng Atok Gold😊,https://www.youtube.com/watch?v=ROa3kbG5M0U&lc=UgwQbBR1Yc0IBUuRI1J4AaABAg,UgwQbBR1Yc0IBUuRI1J4AaABAg,UC-MTBqslPrXeabiRe4UpQxw,"Fetched 05/24/2026, 8:08:10 PM GMT+8"
5841,@Lxzaaaaa,3 days ago,"Let's go, Benguet!! the local of Atok Gold gives their unwavering support!!🌷💖",https://www.youtube.com/watch?v=ROa3kbG5M0U&lc=UgwiZaMNonhdOXuntRt4AaABAg,UgwiZaMNonhdOXuntRt4AaABAg,UC-MTBqslPrXeabiRe4UpQxw,"Fetched 05/24/2026, 8:08:10 PM GMT+8"
5842,@daisycastaneda7972,3 days ago,MASAYANG PANONOOD PO SA.LAHAT NG MGA KALIHIM AT REGISTRY CLERKS. / WATCHING  ALL THE WAY FROM BAGUIO  CITY. / KALIHIMAN/REGISTRY CLERKS.,https://www.youtube.com/watch?v=ROa3kbG5M0U&lc=Ugx-BDba77VvxdgVvol4AaABAg,Ugx-BDba77VvxdgVvol4AaABAg,UCD3NlGp4eLYcR2RGC7FwnKQ,"Fetched 05/24/2026, 8:08:10 PM GMT+8"
5843,@Lxzaaaaa,3 days ago,Road 46k viewss🎉🎉 Go Benguet❤❤ /  /  / -ATOK GOLD🙌💖,https://www.youtube.com/watch?v=ROa3kbG5M0U&lc=Ugx4auZJFeQ8Ayb5NGV4AaABAg,Ugx4auZJFeQ8Ayb5NGV4AaABAg,UC-MTBqslPrXeabiRe4UpQxw,"Fetched 05/24/2026, 8:08:10 PM GMT+8"
5844,@VielMagno,3 days ago,Go Benguet From lokal ng sayatan❤,https://www.youtube.com/watch?v=ROa3kbG5M0U&lc=UgxNJKyz2CmIYFDx7lV4AaABAg,UgxNJKyz2CmIYFDx7lV4AaABAg,UCa6jZlvkf2NpeHCnSX_N-qQ,"Fetched 05/24/2026, 8:08:10 PM GMT+8"
5845,@Lxzaaaaa,3 days ago,Road 46k viewss🎉🎉 Go Benguet❤❤ /  /  / -ATOK GOLD🙌💖,https://www.youtube.com/watch?v=ROa3kbG5M0U&lc=UgzlFVyzMHVax0Nw-EZ4AaABAg,UgzlFVyzMHVax0Nw-EZ4AaABAg,UC-MTBqslPrXeabiRe4UpQxw,"Fetched 05/24/2026, 8:08:10 PM GMT+8"
5846,@Lxzaaaaa,3 days ago,full support po from Lokal ng Atok Gold❤,https://www.youtube.com/watch?v=ROa3kbG5M0U&lc=UgxmMad4oNBzNHIsKLN4AaABAg,UgxmMad4oNBzNHIsKLN4AaABAg,UC-MTBqslPrXeabiRe4UpQxw,"Fetched 05/24/2026, 8:08:10 PM GMT+8"
5847,@Lxzaaaaa,3 days ago,full support po from Lokal ng Atok Gold❤,https://www.youtube.com/watch?v=ROa3kbG5M0U&lc=UgyDncSCi5gfBQDjLDp4AaABAg,UgyDncSCi5gfBQDjLDp4AaABAg,UC-MTBqslPrXeabiRe4UpQxw,"Fetched 05/24/2026, 8:08:10 PM GMT+8"
5848,@luibustamante9493,3 days ago,"From the mountains of Benguet comes a song that touches the heart deeply. God’s Love  / Truly an entry worth watching and sharing! 👏❤️ #INCMVBenguet /  / -From Locale Congregation of Tuba District of Benguet, Kadiwa District Officer",https://www.youtube.com/watch?v=ROa3kbG5M0U&lc=Ugx3az6HyqoSAZsSZBR4AaABAg,Ugx3az6HyqoSAZsSZBR4AaABAg,UCFAmrhDmv6rvZrQoYp-IS9w,"Fetched 05/24/2026, 8:08:10 PM GMT+8"
5849,@D3sert_R0M,3 days ago,Happy viewing po  /  / ❤Baguio,https://www.youtube.com/watch?v=ROa3kbG5M0U&lc=UgxYcKhIAXrqhzILiqp4AaABAg,UgxYcKhIAXrqhzILiqp4AaABAg,UC1k0KSnUx9XJRL33TGwj4FQ,"Fetched 05/24/2026, 8:08:10 PM GMT+8"
5850,@PHEBIE-f7h,3 days ago,"Habang nagkakape☕️, nakikinig pa rin sa ating entry. / FIGHTING BENGUET! /  /  / ❤Buklod AtokGold❤",https://www.youtube.com/watch?v=ROa3kbG5M0U&lc=UgzFx59t3cGfeKNXubV4AaABAg,UgzFx59t3cGfeKNXubV4AaABAg,UCNkJMMXP19AJSsNov8Fp3Ag,"Fetched 05/24/2026, 8:08:10 PM GMT+8"
5851,@gwynethcayabyab5981,3 days ago,Good afternoon po sa lahat ng nanonood / Keep on watching po /  / Mula sa lokal ng megaroyale at kapisanan ng kadiwa ❤,https://www.youtube.com/watch?v=ROa3kbG5M0U&lc=Ugwr02G5t9Hs-gm0wax4AaABAg,Ugwr02G5t9Hs-gm0wax4AaABAg,UCouodNvhL1bfJC2Fz0B_Rcw,"Fetched 05/24/2026, 8:08:10 PM GMT+8"
5852,@PHEBIE-f7h,3 days ago,Enjoy watching po. /  /  /  / ❤AtokGold❤,https://www.youtube.com/watch?v=ROa3kbG5M0U&lc=UgzYlejVtSMlSWq-l7x4AaABAg,UgzYlejVtSMlSWq-l7x4AaABAg,UCNkJMMXP19AJSsNov8Fp3Ag,"Fetched 05/24/2026, 8:08:10 PM GMT+8"
5853,@daisycastaneda7972,3 days ago,MASAYANG PANONOOD SA.LAHAT NG MGA MAYTNGKLIN SA KAGAWARAN NG TSV SA LOKAL NG BAGUIO  CITY. / GREETINGS ! FROM LOKAL NG BAGUIO  CITY.,https://www.youtube.com/watch?v=ROa3kbG5M0U&lc=UgyXXJ1dLeHZVJpdMft4AaABAg,UgyXXJ1dLeHZVJpdMft4AaABAg,UCD3NlGp4eLYcR2RGC7FwnKQ,"Fetched 05/24/2026, 8:08:10 PM GMT+8"
5854,@JakeSim-d7s,3 days ago,"Magandang Hapon po, mga Kapatid! Pagbati po mula sa Lokal ng Aurora Hill! ❤",https://www.youtube.com/watch?v=ROa3kbG5M0U&lc=UgzECBp0hd2n0MA2t0h4AaABAg,UgzECBp0hd2n0MA2t0h4AaABAg,UC36NlwVSdgdZX0Ob-aVGTlw,"Fetched 05/24/2026, 8:08:10 PM GMT+8"
5855,@JakeSim-d7s,3 days ago,"Magandang Hapon po, mga Kapatid! Pagbati po mula sa Lokal ng Aurora Hill! ❤",https://www.youtube.com/watch?v=ROa3kbG5M0U&lc=Ugy2sYmZAhFeZMuEyul4AaABAg,Ugy2sYmZAhFeZMuEyul4AaABAg,UC36NlwVSdgdZX0Ob-aVGTlw,"Fetched 05/24/2026, 8:08:10 PM GMT+8"
5856,@JakeSim-d7s,3 days ago,"Magandang Hapon po, mga Kapatid! Pagbati po mula sa Lokal ng Aurora Hill! ❤",https://www.youtube.com/watch?v=ROa3kbG5M0U&lc=Ugwm63vxhA66osWcWGJ4AaABAg,Ugwm63vxhA66osWcWGJ4AaABAg,UC36NlwVSdgdZX0Ob-aVGTlw,"Fetched 05/24/2026, 8:08:10 PM GMT+8"
5857,@JakeSim-d7s,3 days ago,"Magandang Hapon po, mga Kapatid! Pagbati po mula sa Lokal ng Aurora Hill! ❤",https://www.youtube.com/watch?v=ROa3kbG5M0U&lc=Ugyo-Yot1IQPm1noP0x4AaABAg,Ugyo-Yot1IQPm1noP0x4AaABAg,UC36NlwVSdgdZX0Ob-aVGTlw,"Fetched 05/24/2026, 8:08:10 PM GMT+8"
5858,@JakeSim-d7s,3 days ago,"Magandang Hapon po, mga Kapatid! Pagbati po mula sa Lokal ng Aurora Hill! ❤",https://www.youtube.com/watch?v=ROa3kbG5M0U&lc=UgzJzqmVNTtemT6GLP54AaABAg,UgzJzqmVNTtemT6GLP54AaABAg,UC36NlwVSdgdZX0Ob-aVGTlw,"Fetched 05/24/2026, 8:08:10 PM GMT+8"
5859,@JakeSim-d7s,3 days ago,"Magandang Hapon po, mga Kapatid! Pagbati po mula sa Lokal ng Aurora Hill! ❤",https://www.youtube.com/watch?v=ROa3kbG5M0U&lc=UgyUKzKV82MsKPtO6bx4AaABAg,UgyUKzKV82MsKPtO6bx4AaABAg,UC36NlwVSdgdZX0Ob-aVGTlw,"Fetched 05/24/2026, 8:08:10 PM GMT+8"
5860,@JakeSim-d7s,3 days ago,"Magandang Hapon po, mga Kapatid! Pagbati po mula sa Lokal ng Aurora Hill! ❤",https://www.youtube.com/watch?v=ROa3kbG5M0U&lc=UgxB9enDudmKzCdnPHJ4AaABAg,UgxB9enDudmKzCdnPHJ4AaABAg,UC36NlwVSdgdZX0Ob-aVGTlw,"Fetched 05/24/2026, 8:08:10 PM GMT+8"
5861,@PHEBIE-f7h,3 days ago,"From LOKAL NG ATOKGOLD, supporting Benguet District's entry for INCMV AWARDS. / GO GO GO BENGUET ❤",https://www.youtube.com/watch?v=ROa3kbG5M0U&lc=Ugxrs3mH5MozI8LCyBR4AaABAg,Ugxrs3mH5MozI8LCyBR4AaABAg,UCNkJMMXP19AJSsNov8Fp3Ag,"Fetched 05/24/2026, 8:08:10 PM GMT+8"
5862,@JakeSim-d7s,3 days ago,"Magandang Hapon po, mga Kapatid! Pagbati po mula sa Lokal ng Aurora Hill! ❤",https://www.youtube.com/watch?v=ROa3kbG5M0U&lc=UgyxWUxcLpDKEhHszrB4AaABAg,UgyxWUxcLpDKEhHszrB4AaABAg,UC36NlwVSdgdZX0Ob-aVGTlw,"Fetched 05/24/2026, 8:08:10 PM GMT+8"
5863,@JakeSim-d7s,3 days ago,"Magandang Hapon po, mga Kapatid! Pagbati po mula sa Lokal ng Aurora Hill! ❤",https://www.youtube.com/watch?v=ROa3kbG5M0U&lc=UgzktbM7K3aR0tg-yEp4AaABAg,UgzktbM7K3aR0tg-yEp4AaABAg,UC36NlwVSdgdZX0Ob-aVGTlw,"Fetched 05/24/2026, 8:08:10 PM GMT+8"
5864,@JakeSim-d7s,3 days ago,"Magandang Hapon po, mga Kapatid! Pagbati po mula sa Lokal ng Aurora Hill! ❤",https://www.youtube.com/watch?v=ROa3kbG5M0U&lc=UgwP5NTiMZJuHBpn8oN4AaABAg,UgwP5NTiMZJuHBpn8oN4AaABAg,UC36NlwVSdgdZX0Ob-aVGTlw,"Fetched 05/24/2026, 8:08:10 PM GMT+8"
5865,@JakeSim-d7s,3 days ago,"Magandang Hapon po, mga Kapatid! Pagbati po mula sa Lokal ng Aurora Hill! ❤",https://www.youtube.com/watch?v=ROa3kbG5M0U&lc=UgyaWkCMagWBCNhUXFZ4AaABAg,UgyaWkCMagWBCNhUXFZ4AaABAg,UC36NlwVSdgdZX0Ob-aVGTlw,"Fetched 05/24/2026, 8:08:10 PM GMT+8"
5866,@PHEBIE-f7h,3 days ago,"""Hold on to your faith; Let God set you free.""  / God's Love for His children is eternal. / Streaming here from the Locale Congregation of AtokGold.",https://www.youtube.com/watch?v=ROa3kbG5M0U&lc=UgyHmIpoGkpU-cYNWnJ4AaABAg,UgyHmIpoGkpU-cYNWnJ4AaABAg,UCNkJMMXP19AJSsNov8Fp3Ag,"Fetched 05/24/2026, 8:08:10 PM GMT+8"
5867,@JakeSim-d7s,3 days ago,"Magandang Hapon po, mga Kapatid! Pagbati po mula sa Lokal ng Aurora Hill! ❤",https://www.youtube.com/watch?v=ROa3kbG5M0U&lc=Ugwf3bahYNJoBMasAI54AaABAg,Ugwf3bahYNJoBMasAI54AaABAg,UC36NlwVSdgdZX0Ob-aVGTlw,"Fetched 05/24/2026, 8:08:10 PM GMT+8"
5868,@JakeSim-d7s,3 days ago,"Magandang Hapon po, mga Kapatid! Pagbati po mula sa Lokal ng Aurora Hill! ❤",https://www.youtube.com/watch?v=ROa3kbG5M0U&lc=Ugx6tXzLCNtO-PSXT3x4AaABAg,Ugx6tXzLCNtO-PSXT3x4AaABAg,UC36NlwVSdgdZX0Ob-aVGTlw,"Fetched 05/24/2026, 8:08:10 PM GMT+8"
5869,@daisycastaneda7972,3 days ago,GOD'S LOVE  / GO! BENGUET  / BAGUIO CITY FULL  SUPPORT  / KALIHIMAN/ REGISTRY,https://www.youtube.com/watch?v=ROa3kbG5M0U&lc=UgzA_p_ocLISvQ-HqtR4AaABAg,UgzA_p_ocLISvQ-HqtR4AaABAg,UCD3NlGp4eLYcR2RGC7FwnKQ,"Fetched 05/24/2026, 8:08:10 PM GMT+8"
5870,@PHEBIE-f7h,3 days ago,Magandang gabi po. Patuloy na sumusuporta sa ating entry.  / ❤❤❤Lokal ng AtokGold❤❤,https://www.youtube.com/watch?v=ROa3kbG5M0U&lc=UgybnwP8buK19bPa5k14AaABAg,UgybnwP8buK19bPa5k14AaABAg,UCNkJMMXP19AJSsNov8Fp3Ag,"Fetched 05/24/2026, 8:08:10 PM GMT+8"
5871,@PHEBIE-f7h,3 days ago (edited),Happy viewing po mga kapatid / ENJOY WATCHING! / Journey to 46k views / LET'S GO BENGUET! /  / ❤❤BUKLOD OF ATOKGOLD❤❤,https://www.youtube.com/watch?v=ROa3kbG5M0U&lc=Ugw2Xi5p7PyY5cZwFq54AaABAg,Ugw2Xi5p7PyY5cZwFq54AaABAg,UCNkJMMXP19AJSsNov8Fp3Ag,"Fetched 05/24/2026, 8:08:10 PM GMT+8"
5872,@JakeSim-d7s,3 days ago,Go Benguet! Let's go Aurora Hill! / 💚🤍❤,https://www.youtube.com/watch?v=ROa3kbG5M0U&lc=UgyMRZY2eVpGZpn-t2h4AaABAg,UgyMRZY2eVpGZpn-t2h4AaABAg,UC36NlwVSdgdZX0Ob-aVGTlw,"Fetched 05/24/2026, 8:08:10 PM GMT+8"
5873,@JakeSim-d7s,3 days ago,Go Benguet! Let's go Aurora Hill! / 💚🤍❤,https://www.youtube.com/watch?v=ROa3kbG5M0U&lc=UgyjTpBMKsyburZv9jV4AaABAg,UgyjTpBMKsyburZv9jV4AaABAg,UC36NlwVSdgdZX0Ob-aVGTlw,"Fetched 05/24/2026, 8:08:10 PM GMT+8"
5874,@JakeSim-d7s,3 days ago,Go Benguet! Let's go Aurora Hill! / 💚🤍❤,https://www.youtube.com/watch?v=ROa3kbG5M0U&lc=UgwK39piqhHd_rlG9SJ4AaABAg,UgwK39piqhHd_rlG9SJ4AaABAg,UC36NlwVSdgdZX0Ob-aVGTlw,"Fetched 05/24/2026, 8:08:10 PM GMT+8"
5875,@JakeSim-d7s,3 days ago,Go Benguet! Let's go Aurora Hill! / 💚🤍❤,https://www.youtube.com/watch?v=ROa3kbG5M0U&lc=UgymMTKNY9oZB7yNlT14AaABAg,UgymMTKNY9oZB7yNlT14AaABAg,UC36NlwVSdgdZX0Ob-aVGTlw,"Fetched 05/24/2026, 8:08:10 PM GMT+8"
5876,@JakeSim-d7s,3 days ago,Go Benguet! Let's go Aurora Hill! / 💚🤍❤,https://www.youtube.com/watch?v=ROa3kbG5M0U&lc=Ugz9QOfQXcBAOgEs0Dh4AaABAg,Ugz9QOfQXcBAOgEs0Dh4AaABAg,UC36NlwVSdgdZX0Ob-aVGTlw,"Fetched 05/24/2026, 8:08:10 PM GMT+8"
5877,@JakeSim-d7s,3 days ago,Go Benguet! Let's go Aurora Hill! / 💚🤍❤,https://www.youtube.com/watch?v=ROa3kbG5M0U&lc=UgyYzQkHgGRpz1vt0i94AaABAg,UgyYzQkHgGRpz1vt0i94AaABAg,UC36NlwVSdgdZX0Ob-aVGTlw,"Fetched 05/24/2026, 8:08:10 PM GMT+8"
5878,@PHEBIE-f7h,3 days ago,Magandang  hapon po. Patuloy na sumusuporta sa ating entry.  / ❤❤❤Lokal ng AtokGold❤❤,https://www.youtube.com/watch?v=ROa3kbG5M0U&lc=UgyiTsnK-IYFJ66gbVl4AaABAg,UgyiTsnK-IYFJ66gbVl4AaABAg,UCNkJMMXP19AJSsNov8Fp3Ag,"Fetched 05/24/2026, 8:08:10 PM GMT+8"
5879,@JakeSim-d7s,3 days ago,Go Benguet! Let's go Aurora Hill! / 💚🤍❤,https://www.youtube.com/watch?v=ROa3kbG5M0U&lc=UgzHqOTu2y7onoZ7odt4AaABAg,UgzHqOTu2y7onoZ7odt4AaABAg,UC36NlwVSdgdZX0Ob-aVGTlw,"Fetched 05/24/2026, 8:08:10 PM GMT+8"
5880,@JakeSim-d7s,3 days ago,Go Benguet! Let's go Aurora Hill! / 💚🤍❤,https://www.youtube.com/watch?v=ROa3kbG5M0U&lc=UgyayHjGcXdszdXsLEF4AaABAg,UgyayHjGcXdszdXsLEF4AaABAg,UC36NlwVSdgdZX0Ob-aVGTlw,"Fetched 05/24/2026, 8:08:10 PM GMT+8"
5881,@JakeSim-d7s,3 days ago,Go Benguet! Let's go Aurora Hill! / 💚🤍❤,https://www.youtube.com/watch?v=ROa3kbG5M0U&lc=Ugwg2zAWgzCkcy6htYd4AaABAg,Ugwg2zAWgzCkcy6htYd4AaABAg,UC36NlwVSdgdZX0Ob-aVGTlw,"Fetched 05/24/2026, 8:08:10 PM GMT+8"
5882,@JakeSim-d7s,3 days ago,Go Benguet! Let's go Aurora Hill! / 💚🤍❤,https://www.youtube.com/watch?v=ROa3kbG5M0U&lc=UgxWG-qmYNRMRzVTUOV4AaABAg,UgxWG-qmYNRMRzVTUOV4AaABAg,UC36NlwVSdgdZX0Ob-aVGTlw,"Fetched 05/24/2026, 8:08:10 PM GMT+8"
5883,@JakeSim-d7s,3 days ago,Go Benguet! Let's go Aurora Hill! / 💚🤍❤,https://www.youtube.com/watch?v=ROa3kbG5M0U&lc=UgwGfkm-2tNUhhroVJV4AaABAg,UgwGfkm-2tNUhhroVJV4AaABAg,UC36NlwVSdgdZX0Ob-aVGTlw,"Fetched 05/24/2026, 8:08:10 PM GMT+8"
5884,@JakeSim-d7s,3 days ago,Go Benguet! Let's go Aurora Hill! / 💚🤍❤,https://www.youtube.com/watch?v=ROa3kbG5M0U&lc=UgyBsV6X-Y_Wqqtfnal4AaABAg,UgyBsV6X-Y_Wqqtfnal4AaABAg,UC36NlwVSdgdZX0Ob-aVGTlw,"Fetched 05/24/2026, 8:08:10 PM GMT+8"
5885,@PHEBIE-f7h,3 days ago,Happy viewing po mga kapatid. / ❤❤Lokal ng AtokGold❤❤,https://www.youtube.com/watch?v=ROa3kbG5M0U&lc=UgwKUBRu332BEZ3996l4AaABAg,UgwKUBRu332BEZ3996l4AaABAg,UCNkJMMXP19AJSsNov8Fp3Ag,"Fetched 05/24/2026, 8:08:10 PM GMT+8"
5886,@JakeSim-d7s,3 days ago,Go Benguet! Let's go Aurora Hill! / 💚🤍❤,https://www.youtube.com/watch?v=ROa3kbG5M0U&lc=UgzbZdkSGL8_JB7oGHR4AaABAg,UgzbZdkSGL8_JB7oGHR4AaABAg,UC36NlwVSdgdZX0Ob-aVGTlw,"Fetched 05/24/2026, 8:08:10 PM GMT+8"
5887,@JakeSim-d7s,3 days ago,Go Benguet! Let's go Aurora Hill! / 💚🤍❤,https://www.youtube.com/watch?v=ROa3kbG5M0U&lc=UgxAKFbcSQct_8Y4rQV4AaABAg,UgxAKFbcSQct_8Y4rQV4AaABAg,UC36NlwVSdgdZX0Ob-aVGTlw,"Fetched 05/24/2026, 8:08:10 PM GMT+8"
5888,@JakeSim-d7s,3 days ago,Go Benguet! Let's go Aurora Hill! / 💚🤍❤,https://www.youtube.com/watch?v=ROa3kbG5M0U&lc=UgwotGbaXu9HcAG837J4AaABAg,UgwotGbaXu9HcAG837J4AaABAg,UC36NlwVSdgdZX0Ob-aVGTlw,"Fetched 05/24/2026, 8:08:10 PM GMT+8"
5889,@JakeSim-d7s,3 days ago,Go Benguet! Let's go Aurora Hill! / 💚🤍❤,https://www.youtube.com/watch?v=ROa3kbG5M0U&lc=Ugwv2zobQf_R8How7Hh4AaABAg,Ugwv2zobQf_R8How7Hh4AaABAg,UC36NlwVSdgdZX0Ob-aVGTlw,"Fetched 05/24/2026, 8:08:10 PM GMT+8"
5890,@JakeSim-d7s,3 days ago,Go Benguet! Let's go Aurora Hill! / 💚🤍❤,https://www.youtube.com/watch?v=ROa3kbG5M0U&lc=UgzOXqMgBpBJbLbxx7d4AaABAg,UgzOXqMgBpBJbLbxx7d4AaABAg,UC36NlwVSdgdZX0Ob-aVGTlw,"Fetched 05/24/2026, 8:08:10 PM GMT+8"
5891,@JakeSim-d7s,3 days ago,Go Benguet! Let's go Aurora Hill! / 💚🤍❤,https://www.youtube.com/watch?v=ROa3kbG5M0U&lc=UgwIsLBZnnO-tqyH2e94AaABAg,UgwIsLBZnnO-tqyH2e94AaABAg,UC36NlwVSdgdZX0Ob-aVGTlw,"Fetched 05/24/2026, 8:08:10 PM GMT+8"
5892,@PHEBIE-f7h,3 days ago,Fighting Benguet! / Supporting from Lokal ng AtokGold,https://www.youtube.com/watch?v=ROa3kbG5M0U&lc=UgwY2_2keduPgsJiur54AaABAg,UgwY2_2keduPgsJiur54AaABAg,UCNkJMMXP19AJSsNov8Fp3Ag,"Fetched 05/24/2026, 8:08:10 PM GMT+8"
5893,@daisycastaneda7972,3 days ago,PAGBATI  SA LAHAT NG MGA KALIHIM SA LOKAL NG BAGUIO  CITY.LETS GO !  / KALIHIMAN/ REGISTRY / BAGUIO  CITY.,https://www.youtube.com/watch?v=ROa3kbG5M0U&lc=UgyXPy_OEJiaxy2Rnqp4AaABAg,UgyXPy_OEJiaxy2Rnqp4AaABAg,UCD3NlGp4eLYcR2RGC7FwnKQ,"Fetched 05/24/2026, 8:08:10 PM GMT+8"
5894,@PHEBIE-f7h,3 days ago,"In our Lord God's great POWER, you must BELIEVE!! /  /  /  / BUKLOD OF ATOKGOLD",https://www.youtube.com/watch?v=ROa3kbG5M0U&lc=UgzlkITNh0IFD6-Yylx4AaABAg,UgzlkITNh0IFD6-Yylx4AaABAg,UCNkJMMXP19AJSsNov8Fp3Ag,"Fetched 05/24/2026, 8:08:10 PM GMT+8"
5895,@PHEBIE-f7h,3 days ago,Watching while having coffee. / ❤❤Lokal ng AtokGold continually supports this jubilant upbeat music of Benguet District❤❤,https://www.youtube.com/watch?v=ROa3kbG5M0U&lc=Ugys2mGqVqpzRuon-dV4AaABAg,Ugys2mGqVqpzRuon-dV4AaABAg,UCNkJMMXP19AJSsNov8Fp3Ag,"Fetched 05/24/2026, 8:08:10 PM GMT+8"
5896,@JakeSim-d7s,3 days ago,Happy viewing po! Pagbati po mula sa Lokal ng Aurora Hill!  / ♥,https://www.youtube.com/watch?v=ROa3kbG5M0U&lc=UgxDriafBHupjl-Sg554AaABAg,UgxDriafBHupjl-Sg554AaABAg,UC36NlwVSdgdZX0Ob-aVGTlw,"Fetched 05/24/2026, 8:08:10 PM GMT+8"
5897,@JakeSim-d7s,3 days ago,Happy viewing po! Pagbati po mula sa Lokal ng Aurora Hill!  / ♥,https://www.youtube.com/watch?v=ROa3kbG5M0U&lc=Ugzgy6KCahggb_xOcyx4AaABAg,Ugzgy6KCahggb_xOcyx4AaABAg,UC36NlwVSdgdZX0Ob-aVGTlw,"Fetched 05/24/2026, 8:08:10 PM GMT+8"
5898,@JakeSim-d7s,3 days ago,Happy viewing po! Pagbati po mula sa Lokal ng Aurora Hill!  / ♥,https://www.youtube.com/watch?v=ROa3kbG5M0U&lc=Ugwa7q_3-TOxE_lUnpF4AaABAg,Ugwa7q_3-TOxE_lUnpF4AaABAg,UC36NlwVSdgdZX0Ob-aVGTlw,"Fetched 05/24/2026, 8:08:10 PM GMT+8"
5899,@JakeSim-d7s,3 days ago,Happy viewing po! Pagbati po mula sa Lokal ng Aurora Hill!  / ♥,https://www.youtube.com/watch?v=ROa3kbG5M0U&lc=UgzPudR5kn3x7fxP_eh4AaABAg,UgzPudR5kn3x7fxP_eh4AaABAg,UC36NlwVSdgdZX0Ob-aVGTlw,"Fetched 05/24/2026, 8:08:10 PM GMT+8"
5900,@JakeSim-d7s,3 days ago,Happy viewing po! Pagbati po mula sa Lokal ng Aurora Hill!  / ♥,https://www.youtube.com/watch?v=ROa3kbG5M0U&lc=UgxM3CsBkopJzjjoFk94AaABAg,UgxM3CsBkopJzjjoFk94AaABAg,UC36NlwVSdgdZX0Ob-aVGTlw,"Fetched 05/24/2026, 8:08:10 PM GMT+8"
5901,@JakeSim-d7s,3 days ago,Happy viewing po! Pagbati po mula sa Lokal ng Aurora Hill!  / ♥,https://www.youtube.com/watch?v=ROa3kbG5M0U&lc=Ugz-kE7qYFwoopxfCsp4AaABAg,Ugz-kE7qYFwoopxfCsp4AaABAg,UC36NlwVSdgdZX0Ob-aVGTlw,"Fetched 05/24/2026, 8:08:10 PM GMT+8"
5902,@JakeSim-d7s,3 days ago,Happy viewing po! Pagbati po mula sa Lokal ng Aurora Hill!  / ♥,https://www.youtube.com/watch?v=ROa3kbG5M0U&lc=Ugy3lgrrk0FKzsLQh8h4AaABAg,Ugy3lgrrk0FKzsLQh8h4AaABAg,UC36NlwVSdgdZX0Ob-aVGTlw,"Fetched 05/24/2026, 8:08:10 PM GMT+8"
5903,@JakeSim-d7s,3 days ago,Happy viewing po! Pagbati po mula sa Lokal ng Aurora Hill!  / ♥,https://www.youtube.com/watch?v=ROa3kbG5M0U&lc=UgyRRCQDIY7lWyQpk-h4AaABAg,UgyRRCQDIY7lWyQpk-h4AaABAg,UC36NlwVSdgdZX0Ob-aVGTlw,"Fetched 05/24/2026, 8:08:10 PM GMT+8"
5904,@JakeSim-d7s,3 days ago,Happy viewing po! Pagbati po mula sa Lokal ng Aurora Hill!  / ♥,https://www.youtube.com/watch?v=ROa3kbG5M0U&lc=UgwzTVT3-91aV0lf2wZ4AaABAg,UgwzTVT3-91aV0lf2wZ4AaABAg,UC36NlwVSdgdZX0Ob-aVGTlw,"Fetched 05/24/2026, 8:08:10 PM GMT+8"
5905,@JakeSim-d7s,3 days ago,Happy viewing po! Pagbati po mula sa Lokal ng Aurora Hill!  / ♥,https://www.youtube.com/watch?v=ROa3kbG5M0U&lc=UgyspgWlyrTQwpvUuZx4AaABAg,UgyspgWlyrTQwpvUuZx4AaABAg,UC36NlwVSdgdZX0Ob-aVGTlw,"Fetched 05/24/2026, 8:08:10 PM GMT+8"
5906,@JakeSim-d7s,3 days ago,Happy viewing po! Pagbati po mula sa Lokal ng Aurora Hill!  / ♥,https://www.youtube.com/watch?v=ROa3kbG5M0U&lc=Ugw00fjr2q3t6SLz4J14AaABAg,Ugw00fjr2q3t6SLz4J14AaABAg,UC36NlwVSdgdZX0Ob-aVGTlw,"Fetched 05/24/2026, 8:08:10 PM GMT+8"
5907,@JakeSim-d7s,3 days ago,Happy viewing po! Pagbati po mula sa Lokal ng Aurora Hill!  / ♥,https://www.youtube.com/watch?v=ROa3kbG5M0U&lc=Ugxt9s24IvZIIv5TE4p4AaABAg,Ugxt9s24IvZIIv5TE4p4AaABAg,UC36NlwVSdgdZX0Ob-aVGTlw,"Fetched 05/24/2026, 8:08:10 PM GMT+8"
5908,@JakeSim-d7s,3 days ago,Happy viewing po! Pagbati po mula sa Lokal ng Aurora Hill!  / ♥,https://www.youtube.com/watch?v=ROa3kbG5M0U&lc=UgwvgBl3LXEXMz--kT94AaABAg,UgwvgBl3LXEXMz--kT94AaABAg,UC36NlwVSdgdZX0Ob-aVGTlw,"Fetched 05/24/2026, 8:08:10 PM GMT+8"
5909,@JakeSim-d7s,3 days ago,Happy viewing po! Pagbati po mula sa Lokal ng Aurora Hill!  / ♥,https://www.youtube.com/watch?v=ROa3kbG5M0U&lc=Ugxe82t-51SbCFzLgNJ4AaABAg,Ugxe82t-51SbCFzLgNJ4AaABAg,UC36NlwVSdgdZX0Ob-aVGTlw,"Fetched 05/24/2026, 8:08:10 PM GMT+8"
5910,@JakeSim-d7s,3 days ago,Happy viewing po! Pagbati po mula sa Lokal ng Aurora Hill!  / ♥,https://www.youtube.com/watch?v=ROa3kbG5M0U&lc=UgyyQrRGqJ_MLct2_pZ4AaABAg,UgyyQrRGqJ_MLct2_pZ4AaABAg,UC36NlwVSdgdZX0Ob-aVGTlw,"Fetched 05/24/2026, 8:08:10 PM GMT+8"
5911,@JakeSim-d7s,3 days ago,Happy viewing po! Pagbati po mula sa Lokal ng Aurora Hill!,https://www.youtube.com/watch?v=ROa3kbG5M0U&lc=UgxeSB7PQt8pM4gMuvB4AaABAg,UgxeSB7PQt8pM4gMuvB4AaABAg,UC36NlwVSdgdZX0Ob-aVGTlw,"Fetched 05/24/2026, 8:08:10 PM GMT+8"
5912,@JakeSim-d7s,3 days ago,Happy viewing po! Pagbati po mula sa Lokal ng Aurora Hill!,https://www.youtube.com/watch?v=ROa3kbG5M0U&lc=UgyB-Ie0kOrRlfmgA1l4AaABAg,UgyB-Ie0kOrRlfmgA1l4AaABAg,UC36NlwVSdgdZX0Ob-aVGTlw,"Fetched 05/24/2026, 8:08:10 PM GMT+8"
5913,@JakeSim-d7s,3 days ago,Happy viewing po! Pagbati po mula sa Lokal ng Aurora Hill!,https://www.youtube.com/watch?v=ROa3kbG5M0U&lc=UgwFcLE5MByt8BEr2-h4AaABAg,UgwFcLE5MByt8BEr2-h4AaABAg,UC36NlwVSdgdZX0Ob-aVGTlw,"Fetched 05/24/2026, 8:08:10 PM GMT+8"
5914,@joanamariedelacruz8055,3 days ago,"Happy viewing po, Greetings from Lokal ng Aurora Hill po!❤🥰",https://www.youtube.com/watch?v=ROa3kbG5M0U&lc=Ugw2olfFu5PNavri0TV4AaABAg,Ugw2olfFu5PNavri0TV4AaABAg,UCmuLBkSZtqqyk4WYBZZuPVw,"Fetched 05/24/2026, 8:08:10 PM GMT+8"
5915,@JakeSim-d7s,3 days ago,"Pagbati po mula sa Lokal ng Aurora Hill, happy viewing po",https://www.youtube.com/watch?v=ROa3kbG5M0U&lc=UgzqRCGLfIoVI88ms-l4AaABAg,UgzqRCGLfIoVI88ms-l4AaABAg,UC36NlwVSdgdZX0Ob-aVGTlw,"Fetched 05/24/2026, 8:08:10 PM GMT+8"
5916,@joanamariedelacruz8055,3 days ago,"Happy viewing po, Greetings from Lokal ng Aurora Hill po!❤🥰",https://www.youtube.com/watch?v=ROa3kbG5M0U&lc=UgzlhC4vpo7lgG1JH214AaABAg,UgzlhC4vpo7lgG1JH214AaABAg,UCmuLBkSZtqqyk4WYBZZuPVw,"Fetched 05/24/2026, 8:08:10 PM GMT+8"
5917,@joanamariedelacruz8055,3 days ago,"Happy viewing po, Greetings from Lokal ng Aurora Hill po!❤🥰",https://www.youtube.com/watch?v=ROa3kbG5M0U&lc=UgxrfRrlhCFSrsG6d7V4AaABAg,UgxrfRrlhCFSrsG6d7V4AaABAg,UCmuLBkSZtqqyk4WYBZZuPVw,"Fetched 05/24/2026, 8:08:10 PM GMT+8"
5918,@gladanongos,3 days ago,happy watching po from lokal ng sayatan distrito ng benguet  kalihim and registry 💚⚪❤️,https://www.youtube.com/watch?v=ROa3kbG5M0U&lc=UgwEPm6TYnSE9nmVp7Z4AaABAg,UgwEPm6TYnSE9nmVp7Z4AaABAg,UCMjgDyBJsvdwmL1netPYaPQ,"Fetched 05/24/2026, 8:08:10 PM GMT+8"
5919,@JakeSim-d7s,3 days ago,"Pagbati po mula sa Lokal ng Aurora Hill, happy viewing po",https://www.youtube.com/watch?v=ROa3kbG5M0U&lc=Ugyk_328mBhfo2R-oD14AaABAg,Ugyk_328mBhfo2R-oD14AaABAg,UC36NlwVSdgdZX0Ob-aVGTlw,"Fetched 05/24/2026, 8:08:10 PM GMT+8"
5920,@joanamariedelacruz8055,3 days ago,"Happy viewing po, Greetings from Lokal ng Aurora Hill po!❤🥰",https://www.youtube.com/watch?v=ROa3kbG5M0U&lc=UgzFOD1OagOJsFGt6Lh4AaABAg,UgzFOD1OagOJsFGt6Lh4AaABAg,UCmuLBkSZtqqyk4WYBZZuPVw,"Fetched 05/24/2026, 8:08:10 PM GMT+8"
5921,@JakeSim-d7s,3 days ago,"Pagbati po mula sa Lokal ng Aurora Hill, happy viewing po",https://www.youtube.com/watch?v=ROa3kbG5M0U&lc=UgzApOphylSypLklGkl4AaABAg,UgzApOphylSypLklGkl4AaABAg,UC36NlwVSdgdZX0Ob-aVGTlw,"Fetched 05/24/2026, 8:08:10 PM GMT+8"
5922,@JakeSim-d7s,3 days ago,"Pagbati po mula sa Lokal ng Aurora Hill, happy viewing po",https://www.youtube.com/watch?v=ROa3kbG5M0U&lc=UgxziM65q4YEBAzLK5B4AaABAg,UgxziM65q4YEBAzLK5B4AaABAg,UC36NlwVSdgdZX0Ob-aVGTlw,"Fetched 05/24/2026, 8:08:10 PM GMT+8"
5923,@joanamariedelacruz8055,3 days ago,"Happy viewing po, Greetings from Lokal ng Aurora Hill po!❤🥰",https://www.youtube.com/watch?v=ROa3kbG5M0U&lc=UgwmIV-i_1qxp3ug3NJ4AaABAg,UgwmIV-i_1qxp3ug3NJ4AaABAg,UCmuLBkSZtqqyk4WYBZZuPVw,"Fetched 05/24/2026, 8:08:10 PM GMT+8"
5924,@JakeSim-d7s,3 days ago,"Pagbati po mula sa Lokal ng Aurora Hill, happy viewing po",https://www.youtube.com/watch?v=ROa3kbG5M0U&lc=UgzKUCrHCi48mx6-tJJ4AaABAg,UgzKUCrHCi48mx6-tJJ4AaABAg,UC36NlwVSdgdZX0Ob-aVGTlw,"Fetched 05/24/2026, 8:08:10 PM GMT+8"
5925,@joanamariedelacruz8055,3 days ago,"Happy viewing po, Greetings from Lokal ng Aurora Hill po!❤🥰",https://www.youtube.com/watch?v=ROa3kbG5M0U&lc=UgwNhb2OhGpuNpg05DB4AaABAg,UgwNhb2OhGpuNpg05DB4AaABAg,UCmuLBkSZtqqyk4WYBZZuPVw,"Fetched 05/24/2026, 8:08:10 PM GMT+8"
5926,@JakeSim-d7s,3 days ago,"Pagbati po mula sa Lokal ng Aurora Hill, happy viewing po",https://www.youtube.com/watch?v=ROa3kbG5M0U&lc=UgwEKJMkc6MDzp3zHLh4AaABAg,UgwEKJMkc6MDzp3zHLh4AaABAg,UC36NlwVSdgdZX0Ob-aVGTlw,"Fetched 05/24/2026, 8:08:10 PM GMT+8"
5927,@joanamariedelacruz8055,3 days ago,"Happy viewing po, Greetings from Lokal ng Aurora Hill po!❤🥰",https://www.youtube.com/watch?v=ROa3kbG5M0U&lc=UgyAunYKM9LhZEX3Qex4AaABAg,UgyAunYKM9LhZEX3Qex4AaABAg,UCmuLBkSZtqqyk4WYBZZuPVw,"Fetched 05/24/2026, 8:08:10 PM GMT+8"
5928,@JakeSim-d7s,3 days ago,"Pagbati po mula sa Lokal ng Aurora Hill, happy viewing po",https://www.youtube.com/watch?v=ROa3kbG5M0U&lc=Ugzp66niBVSQJsVD0np4AaABAg,Ugzp66niBVSQJsVD0np4AaABAg,UC36NlwVSdgdZX0Ob-aVGTlw,"Fetched 05/24/2026, 8:08:10 PM GMT+8"
5929,@JakeSim-d7s,3 days ago,"Pagbati po mula sa Lokal ng Aurora Hill, happy viewing po",https://www.youtube.com/watch?v=ROa3kbG5M0U&lc=Ugw71DeZKt8fCdSxk4B4AaABAg,Ugw71DeZKt8fCdSxk4B4AaABAg,UC36NlwVSdgdZX0Ob-aVGTlw,"Fetched 05/24/2026, 8:08:10 PM GMT+8"
5930,@joanamariedelacruz8055,3 days ago,"Happy viewing po, Greetings from Lokal ng Aurora Hill po!❤🥰",https://www.youtube.com/watch?v=ROa3kbG5M0U&lc=UgynWNW6oZdMAw9P2_94AaABAg,UgynWNW6oZdMAw9P2_94AaABAg,UCmuLBkSZtqqyk4WYBZZuPVw,"Fetched 05/24/2026, 8:08:10 PM GMT+8"
5931,@JakeSim-d7s,3 days ago,"Pagbati po mula sa Lokal ng Aurora Hill, happy viewing po",https://www.youtube.com/watch?v=ROa3kbG5M0U&lc=UgwVdntmtWmlrXG4L_p4AaABAg,UgwVdntmtWmlrXG4L_p4AaABAg,UC36NlwVSdgdZX0Ob-aVGTlw,"Fetched 05/24/2026, 8:08:10 PM GMT+8"
5932,@joanamariedelacruz8055,3 days ago,"Happy viewing po, Greetings from Lokal ng Aurora Hill po!❤🥰",https://www.youtube.com/watch?v=ROa3kbG5M0U&lc=UgwSwCMQTyyPkQXlOpZ4AaABAg,UgwSwCMQTyyPkQXlOpZ4AaABAg,UCmuLBkSZtqqyk4WYBZZuPVw,"Fetched 05/24/2026, 8:08:10 PM GMT+8"
5933,@JakeSim-d7s,3 days ago,"Pagbati po mula sa Lokal ng Aurora Hill, happy viewing po",https://www.youtube.com/watch?v=ROa3kbG5M0U&lc=UgwHffhOE_KxfNO5cYV4AaABAg,UgwHffhOE_KxfNO5cYV4AaABAg,UC36NlwVSdgdZX0Ob-aVGTlw,"Fetched 05/24/2026, 8:08:10 PM GMT+8"
5934,@JakeSim-d7s,3 days ago,"Pagbati po mula sa Lokal ng Aurora Hill, happy viewing po",https://www.youtube.com/watch?v=ROa3kbG5M0U&lc=Ugwi1znH5Qedpj4gBEJ4AaABAg,Ugwi1znH5Qedpj4gBEJ4AaABAg,UC36NlwVSdgdZX0Ob-aVGTlw,"Fetched 05/24/2026, 8:08:10 PM GMT+8"
5935,@joanamariedelacruz8055,3 days ago,"Happy viewing po, Greetings from Lokal ng Aurora Hill po!❤🥰",https://www.youtube.com/watch?v=ROa3kbG5M0U&lc=Ugz72_K2uCrgpWMGCZF4AaABAg,Ugz72_K2uCrgpWMGCZF4AaABAg,UCmuLBkSZtqqyk4WYBZZuPVw,"Fetched 05/24/2026, 8:08:10 PM GMT+8"
5936,@JakeSim-d7s,3 days ago,"Pagbati po mula sa Lokal ng Aurora Hill, happy viewing po",https://www.youtube.com/watch?v=ROa3kbG5M0U&lc=Ugy3uiBADmsibt-ke_14AaABAg,Ugy3uiBADmsibt-ke_14AaABAg,UC36NlwVSdgdZX0Ob-aVGTlw,"Fetched 05/24/2026, 8:08:10 PM GMT+8"
5937,@JakeSim-d7s,3 days ago,"Pagbati po mula sa Lokal ng Aurora Hill, happy viewing po",https://www.youtube.com/watch?v=ROa3kbG5M0U&lc=UgyMF4JExEoz34nLVK14AaABAg,UgyMF4JExEoz34nLVK14AaABAg,UC36NlwVSdgdZX0Ob-aVGTlw,"Fetched 05/24/2026, 8:08:10 PM GMT+8"
5938,@JakeSim-d7s,3 days ago,"Pagbati po mula sa Lokal ng Aurora Hill, happy viewing po",https://www.youtube.com/watch?v=ROa3kbG5M0U&lc=Ugxh2KWQ6bpsAgvC32h4AaABAg,Ugxh2KWQ6bpsAgvC32h4AaABAg,UC36NlwVSdgdZX0Ob-aVGTlw,"Fetched 05/24/2026, 8:08:10 PM GMT+8"
5939,@strawberrytaho16,3 days ago,Enjoy watching po! Taos-pusong pagbati mula sa Lokal ng Aurora Hill.,https://www.youtube.com/watch?v=ROa3kbG5M0U&lc=UgzOdranbwYrhUq9KGF4AaABAg,UgzOdranbwYrhUq9KGF4AaABAg,UCKrJxTQVZLmSHU1AmjE2khw,"Fetched 05/24/2026, 8:08:10 PM GMT+8"
5940,@strawberrytaho16,3 days ago,Enjoy watching po! Taos-pusong pagbati mula sa Lokal ng Aurora Hill.,https://www.youtube.com/watch?v=ROa3kbG5M0U&lc=Ugw3tAFZN4GhscufKvN4AaABAg,Ugw3tAFZN4GhscufKvN4AaABAg,UCKrJxTQVZLmSHU1AmjE2khw,"Fetched 05/24/2026, 8:08:10 PM GMT+8"
5941,@strawberrytaho16,3 days ago,Enjoy watching po! Taos-pusong pagbati mula sa Lokal ng Aurora Hill.,https://www.youtube.com/watch?v=ROa3kbG5M0U&lc=UgyLETSbKu1JETpJF654AaABAg,UgyLETSbKu1JETpJF654AaABAg,UCKrJxTQVZLmSHU1AmjE2khw,"Fetched 05/24/2026, 8:08:10 PM GMT+8"
5942,@strawberrytaho16,3 days ago,Enjoy watching po! Taos-pusong pagbati mula sa Lokal ng Aurora Hill.,https://www.youtube.com/watch?v=ROa3kbG5M0U&lc=Ugw4mBjtTXYzpM23cUZ4AaABAg,Ugw4mBjtTXYzpM23cUZ4AaABAg,UCKrJxTQVZLmSHU1AmjE2khw,"Fetched 05/24/2026, 8:08:10 PM GMT+8"
5943,@strawberrytaho16,3 days ago,Enjoy watching po! Taos-pusong pagbati mula sa Lokal ng Aurora Hill.,https://www.youtube.com/watch?v=ROa3kbG5M0U&lc=Ugw3POtoVHMvy5RhDkp4AaABAg,Ugw3POtoVHMvy5RhDkp4AaABAg,UCKrJxTQVZLmSHU1AmjE2khw,"Fetched 05/24/2026, 8:08:10 PM GMT+8"
5944,@johnreylucio8970,3 days ago,"Kasabay ng Pag gayak para sa pag tupad ay, sarap pakinggan at panuorin nito! / Go Benguet! / -Kadiwa / -La Trinidad 🎉",https://www.youtube.com/watch?v=ROa3kbG5M0U&lc=UgwJSWe2Oqbv7ft57jR4AaABAg,UgwJSWe2Oqbv7ft57jR4AaABAg,UCNMupRD4ySrN336KZpy29OA,"Fetched 05/24/2026, 8:08:10 PM GMT+8"
5945,@TheEmzthine,3 days ago,#1 Benguet🎉🎉🎉🎉 /  / Irisan,https://www.youtube.com/watch?v=ROa3kbG5M0U&lc=UgzeXGAXK7TYpkFVy9l4AaABAg,UgzeXGAXK7TYpkFVy9l4AaABAg,UCxLUxuNrB5SEVcJFtEZauDw,"Fetched 05/24/2026, 8:08:10 PM GMT+8"
5946,@althealouisedaludado,3 days ago,"God's love for us, his children, is sufficient for us to be strong in our faith, and to always have that confidence to overcome whatever challenges we face in this world 😊 Greetings po from the Local of Guisad ecclesiastical district of Benguet 💚🤍❤️",https://www.youtube.com/watch?v=ROa3kbG5M0U&lc=UgwLKqb-8Tfs6pvF5_x4AaABAg,UgwLKqb-8Tfs6pvF5_x4AaABAg,UCfOutVv48SrjmibGPJhDjTQ,"Fetched 05/24/2026, 8:08:10 PM GMT+8"
5947,@GrazelleAnneMagno,3 days ago,Go Benguet  / Support lng ang Sayatan 💜💜,https://www.youtube.com/watch?v=ROa3kbG5M0U&lc=Ugw4Dpe7Rgcy_PyVYDt4AaABAg,Ugw4Dpe7Rgcy_PyVYDt4AaABAg,UCunYGlUE4hQyPFaxtdKYIbw,"Fetched 05/24/2026, 8:08:10 PM GMT+8"
5948,@Glysaanongos,3 days ago,Happy watching lokal ng sayatan  / Distrito ng benguet,https://www.youtube.com/watch?v=ROa3kbG5M0U&lc=Ugy7XqQcX_kWsJKURix4AaABAg,Ugy7XqQcX_kWsJKURix4AaABAg,UC-UY6PxCwbcv5GCmWET07sA,"Fetched 05/24/2026, 8:08:10 PM GMT+8"
5949,@yzabelgayadan6013,3 days ago,Happy watching to all po and all Kadiwa Officers! /  / Let’s Go Benguet! / -marcos highway,https://www.youtube.com/watch?v=ROa3kbG5M0U&lc=UgxW2DQ3fTb9CaKIS1F4AaABAg,UgxW2DQ3fTb9CaKIS1F4AaABAg,UCdZGb4w25RyQ_9_blAErBaQ,"Fetched 05/24/2026, 8:08:10 PM GMT+8"
5950,@Pogi-s7v,3 days ago,Tuloy-tuloy Sure na Sure ang Suporta ng mga Taga Lokal ng Taloy Sur /  / GO GO BENGUET! NUMBER ☝️,https://www.youtube.com/watch?v=ROa3kbG5M0U&lc=UgxcptaRndSuxMX_vV94AaABAg,UgxcptaRndSuxMX_vV94AaABAg,UCUoKQr0Va6g_r-CxNXipYEg,"Fetched 05/24/2026, 8:08:10 PM GMT+8"
5951,@KarenMaliwat-d6e,3 days ago,Go Benguet 🥰🥰 god bless aurora hill🥳🥳,https://www.youtube.com/watch?v=ROa3kbG5M0U&lc=UgwP9eOtxv5mkXWUQTR4AaABAg,UgwP9eOtxv5mkXWUQTR4AaABAg,UCfVbKf43f2Pt1KjlPjUIWjw,"Fetched 05/24/2026, 8:08:10 PM GMT+8"
5952,@KarenMaliwat-d6e,3 days ago,Go Benguet🥰🥰 Go Aurora Hill 🎉🎉,https://www.youtube.com/watch?v=ROa3kbG5M0U&lc=UgwuqiKUgKYp9VUUgWx4AaABAg,UgwuqiKUgKYp9VUUgWx4AaABAg,UCfVbKf43f2Pt1KjlPjUIWjw,"Fetched 05/24/2026, 8:08:10 PM GMT+8"
5953,@KarenMaliwat-d6e,3 days ago,Go Benguet🥰🥰 Go Aurora Hill 🎉🎉,https://www.youtube.com/watch?v=ROa3kbG5M0U&lc=Ugx47EdkDyvgCOtRuAJ4AaABAg,Ugx47EdkDyvgCOtRuAJ4AaABAg,UCfVbKf43f2Pt1KjlPjUIWjw,"Fetched 05/24/2026, 8:08:10 PM GMT+8"
5954,@KarenMaliwat-d6e,3 days ago,Go Benguet🥰🥰 Go Aurora Hill 🎉🎉,https://www.youtube.com/watch?v=ROa3kbG5M0U&lc=UgwzY_6xnkRky9791k94AaABAg,UgwzY_6xnkRky9791k94AaABAg,UCfVbKf43f2Pt1KjlPjUIWjw,"Fetched 05/24/2026, 8:08:10 PM GMT+8"
5955,@KarenMaliwat-d6e,3 days ago,Go Benguet🥰🥰 Go Aurora Hill 🎉🎉,https://www.youtube.com/watch?v=ROa3kbG5M0U&lc=UgwZDVlvvGg3DrnM9UV4AaABAg,UgwZDVlvvGg3DrnM9UV4AaABAg,UCfVbKf43f2Pt1KjlPjUIWjw,"Fetched 05/24/2026, 8:08:10 PM GMT+8"
5956,@KarenMaliwat-d6e,3 days ago,Go Benguet🥰🥰 Go Aurora Hill 🎉🎉,https://www.youtube.com/watch?v=ROa3kbG5M0U&lc=UgxJoLAsLw-eQF8vXn54AaABAg,UgxJoLAsLw-eQF8vXn54AaABAg,UCfVbKf43f2Pt1KjlPjUIWjw,"Fetched 05/24/2026, 8:08:10 PM GMT+8"
5957,@KarenMaliwat-d6e,3 days ago,Go Benguet🥰🥰 Go Aurora Hill 🎉🎉,https://www.youtube.com/watch?v=ROa3kbG5M0U&lc=UgyzVro2GDq8wZ6XtV94AaABAg,UgyzVro2GDq8wZ6XtV94AaABAg,UCfVbKf43f2Pt1KjlPjUIWjw,"Fetched 05/24/2026, 8:08:10 PM GMT+8"
5958,@KarenMaliwat-d6e,3 days ago,Go Benguet🥰🥰 Go Aurora Hill 🎉🎉,https://www.youtube.com/watch?v=ROa3kbG5M0U&lc=Ugz8vZKh0SxHm5N3soh4AaABAg,Ugz8vZKh0SxHm5N3soh4AaABAg,UCfVbKf43f2Pt1KjlPjUIWjw,"Fetched 05/24/2026, 8:08:10 PM GMT+8"
5959,@KarenMaliwat-d6e,3 days ago,Go Benguet🥰🥰 Go Aurora Hill 🎉🎉,https://www.youtube.com/watch?v=ROa3kbG5M0U&lc=Ugz-VWIAmDRK8AFnXMZ4AaABAg,Ugz-VWIAmDRK8AFnXMZ4AaABAg,UCfVbKf43f2Pt1KjlPjUIWjw,"Fetched 05/24/2026, 8:08:10 PM GMT+8"
5960,@henrycaranto2644,3 days ago,Tuloy tayo sa Suporta / Let’s Go Benguet🎉 / Let’s Go KADIWA  /  / From lokal ng Baguio City,https://www.youtube.com/watch?v=ROa3kbG5M0U&lc=UgwjQCZDYRaLPLs0tgN4AaABAg,UgwjQCZDYRaLPLs0tgN4AaABAg,UCFilTOy22FklSkBIgwVPVaQ,"Fetched 05/24/2026, 8:08:10 PM GMT+8"
5961,@jonieyonga-an5239,3 days ago,Masayang bumabati sa lahat Ng mga kapatid na nakasubaybay Ngayon!!❤ / Mula Po sa lokal Ng NORCAR ❤🎉,https://www.youtube.com/watch?v=ROa3kbG5M0U&lc=UgwB6VxUeo_Gx08zrDJ4AaABAg,UgwB6VxUeo_Gx08zrDJ4AaABAg,UCgUo3JP_Fffuctza4bUumJg,"Fetched 05/24/2026, 8:08:10 PM GMT+8"
5962,@KarenMaliwat-d6e,3 days ago,Go Benguet🥰🥰 Go Aurora Hill 🎉🎉,https://www.youtube.com/watch?v=ROa3kbG5M0U&lc=Ugxq0blaKX4a488k-eZ4AaABAg,Ugxq0blaKX4a488k-eZ4AaABAg,UCfVbKf43f2Pt1KjlPjUIWjw,"Fetched 05/24/2026, 8:08:10 PM GMT+8"
5963,@danielsangalang4416,3 days ago,Full support poo.,https://www.youtube.com/watch?v=ROa3kbG5M0U&lc=UgxVnKSKNvmtGyWoU4R4AaABAg,UgxVnKSKNvmtGyWoU4R4AaABAg,UCd83g5cGg_Es6Qyl02u7jdw,"Fetched 05/24/2026, 8:08:10 PM GMT+8"
5964,@danielsangalang4416,3 days ago,Patuloy pong kaisa ang kapisanang KADIWA sa aming Lokal ng Baguio City.,https://www.youtube.com/watch?v=ROa3kbG5M0U&lc=UgzalvCeor3n9O_YOxh4AaABAg,UgzalvCeor3n9O_YOxh4AaABAg,UCd83g5cGg_Es6Qyl02u7jdw,"Fetched 05/24/2026, 8:08:10 PM GMT+8"
5965,@strawberrytaho16,3 days ago,"Pagbati po mula sa Lokal ng Aurora Hill, happy viewing po ❤️❤️",https://www.youtube.com/watch?v=ROa3kbG5M0U&lc=UgwUjG-XAM0HAa-_xs14AaABAg,UgwUjG-XAM0HAa-_xs14AaABAg,UCKrJxTQVZLmSHU1AmjE2khw,"Fetched 05/24/2026, 8:08:10 PM GMT+8"
5966,@strawberrytaho16,3 days ago,"Pagbati po mula sa Lokal ng Aurora Hill, happy viewing po ❤️❤️",https://www.youtube.com/watch?v=ROa3kbG5M0U&lc=Ugya1mntMLM1rxTwMM94AaABAg,Ugya1mntMLM1rxTwMM94AaABAg,UCKrJxTQVZLmSHU1AmjE2khw,"Fetched 05/24/2026, 8:08:10 PM GMT+8"
5967,@strawberrytaho16,3 days ago,"Pagbati po mula sa Lokal ng Aurora Hill, happy viewing po ❤️❤️",https://www.youtube.com/watch?v=ROa3kbG5M0U&lc=UgwJJtK2GzAJnvd1nyx4AaABAg,UgwJJtK2GzAJnvd1nyx4AaABAg,UCKrJxTQVZLmSHU1AmjE2khw,"Fetched 05/24/2026, 8:08:10 PM GMT+8"
5968,@strawberrytaho16,3 days ago,"Pagbati po mula sa Lokal ng Aurora Hill, happy viewing po ❤️❤️",https://www.youtube.com/watch?v=ROa3kbG5M0U&lc=UgypkGVgsuRn-ZU5Zd94AaABAg,UgypkGVgsuRn-ZU5Zd94AaABAg,UCKrJxTQVZLmSHU1AmjE2khw,"Fetched 05/24/2026, 8:08:10 PM GMT+8"
5969,@danielsangalang4416,3 days ago,Patuloy po kaming kaisa ng namamahala.,https://www.youtube.com/watch?v=ROa3kbG5M0U&lc=Ugyt1wFq8i8EqNpQ4I94AaABAg,Ugyt1wFq8i8EqNpQ4I94AaABAg,UCd83g5cGg_Es6Qyl02u7jdw,"Fetched 05/24/2026, 8:08:10 PM GMT+8"
5970,@danielsangalang4416,3 days ago,BENGUET FIGHT FIGHT FIGHT!!!!,https://www.youtube.com/watch?v=ROa3kbG5M0U&lc=Ugxn1gWIGsW8dnPunkh4AaABAg,Ugxn1gWIGsW8dnPunkh4AaABAg,UCd83g5cGg_Es6Qyl02u7jdw,"Fetched 05/24/2026, 8:08:10 PM GMT+8"
5971,@danielsangalang4416,3 days ago,Gooo BENGUET!!!!,https://www.youtube.com/watch?v=ROa3kbG5M0U&lc=Ugyw55aKVOr-Utm8yBJ4AaABAg,Ugyw55aKVOr-Utm8yBJ4AaABAg,UCd83g5cGg_Es6Qyl02u7jdw,"Fetched 05/24/2026, 8:08:10 PM GMT+8"
5972,@daisycastaneda7972,3 days ago,"LETS ALL WATCH AGAIN ,GO  ! GO! GO! BENGUET  TO THE TOP! / FIGHT! FIGHT! FIGHT! / BAGUIO  CITY,  / KALIHIMAN/ REGISTRY.",https://www.youtube.com/watch?v=ROa3kbG5M0U&lc=UgyYvbikW4JO7V_P-MB4AaABAg,UgyYvbikW4JO7V_P-MB4AaABAg,UCD3NlGp4eLYcR2RGC7FwnKQ,"Fetched 05/24/2026, 8:08:10 PM GMT+8"
5973,@strawberrytaho16,3 days ago,"Pagbati po mula sa Lokal ng Aurora Hill, happy viewing po ❤️❤️",https://www.youtube.com/watch?v=ROa3kbG5M0U&lc=UgxJ8eW318Y90Rga2Sl4AaABAg,UgxJ8eW318Y90Rga2Sl4AaABAg,UCKrJxTQVZLmSHU1AmjE2khw,"Fetched 05/24/2026, 8:08:10 PM GMT+8"
5974,@danielsangalang4416,3 days ago,Happy watching po. / Baguio city,https://www.youtube.com/watch?v=ROa3kbG5M0U&lc=UgxP09KiitjU-jkv7YB4AaABAg,UgxP09KiitjU-jkv7YB4AaABAg,UCd83g5cGg_Es6Qyl02u7jdw,"Fetched 05/24/2026, 8:08:10 PM GMT+8"
5975,@strawberrytaho16,3 days ago,"Pagbati po mula sa Lokal ng Aurora Hill, happy viewing po ❤️❤️",https://www.youtube.com/watch?v=ROa3kbG5M0U&lc=UgxscwyViTBtJ4ICG3h4AaABAg,UgxscwyViTBtJ4ICG3h4AaABAg,UCKrJxTQVZLmSHU1AmjE2khw,"Fetched 05/24/2026, 8:08:10 PM GMT+8"
5976,@strawberrytaho16,3 days ago,"Pagbati po mula sa Lokal ng Aurora Hill, happy viewing po ❤️❤️",https://www.youtube.com/watch?v=ROa3kbG5M0U&lc=UgwgMAMFdYqY1IqTUXx4AaABAg,UgwgMAMFdYqY1IqTUXx4AaABAg,UCKrJxTQVZLmSHU1AmjE2khw,"Fetched 05/24/2026, 8:08:10 PM GMT+8"
5977,@strawberrytaho16,3 days ago,"Pagbati po mula sa Lokal ng Aurora Hill, happy viewing po ❤️❤️",https://www.youtube.com/watch?v=ROa3kbG5M0U&lc=UgyiRBoenVeygPNU3JB4AaABAg,UgyiRBoenVeygPNU3JB4AaABAg,UCKrJxTQVZLmSHU1AmjE2khw,"Fetched 05/24/2026, 8:08:10 PM GMT+8"
5978,@jasminedaludado7262,3 days ago,Happy rewatching po sa ating lahat!! /  / Pagbati po mula sa Lokal ng Guisad at mga maytungkulin sa KADIWA❤,https://www.youtube.com/watch?v=ROa3kbG5M0U&lc=UgzuW4qgmS833maZS-R4AaABAg,UgzuW4qgmS833maZS-R4AaABAg,UCA4HVmdH2Xj67gK8nZmpiZg,"Fetched 05/24/2026, 8:08:10 PM GMT+8"
5979,@dindofavila7833,3 days ago,Hi sa lahat ng kapatid na nanonood ng God's Love. God bless us all,https://www.youtube.com/watch?v=ROa3kbG5M0U&lc=Ugxl16MJyik0rnlEtrJ4AaABAg,Ugxl16MJyik0rnlEtrJ4AaABAg,UCGLQ_x6NrwmKL5xcB9ABYjQ,"Fetched 05/24/2026, 8:08:10 PM GMT+8"
5980,@joreencaye5267,3 days ago,Pagbati po sa mga CFO Benguet District Officers at sa lahat po ng mga nakipagkaisa sa pagbuo ng INCMV Benguet! Congrats po sa napakagandang entry! 🤍,https://www.youtube.com/watch?v=ROa3kbG5M0U&lc=UgwtPAq1jqftVcbhxBd4AaABAg,UgwtPAq1jqftVcbhxBd4AaABAg,UCH1dVued2_5kb3fpPIXr22g,"Fetched 05/24/2026, 8:08:10 PM GMT+8"
5981,@aizelfuchigami842,3 days ago,Mula po sa Lokal ng Quezon Hill Distrito ng Benguet. 🇮🇹🎼🎵🎶,https://www.youtube.com/watch?v=ROa3kbG5M0U&lc=Ugx5JgX2KhJ21-sed1R4AaABAg,Ugx5JgX2KhJ21-sed1R4AaABAg,UCAxDQnCZxAvsB6YgYjSR1nQ,"Fetched 05/24/2026, 8:08:10 PM GMT+8"
5982,@aizelfuchigami842,3 days ago,Fight Fight Fight Benguet! / Lokal ng Quezon Hill,https://www.youtube.com/watch?v=ROa3kbG5M0U&lc=UgxJaAFtmS-OPV2CyXR4AaABAg,UgxJaAFtmS-OPV2CyXR4AaABAg,UCAxDQnCZxAvsB6YgYjSR1nQ,"Fetched 05/24/2026, 8:08:10 PM GMT+8"
5983,@aizelfuchigami842,3 days ago,Fighting Benguet!  / Lokal ng Quezon Hill,https://www.youtube.com/watch?v=ROa3kbG5M0U&lc=UgyMB_MrlZTsXB5BDM94AaABAg,UgyMB_MrlZTsXB5BDM94AaABAg,UCAxDQnCZxAvsB6YgYjSR1nQ,"Fetched 05/24/2026, 8:08:10 PM GMT+8"
5984,@aizelfuchigami842,3 days ago,Go Benguet! / Lokal ng Quezon Hill,https://www.youtube.com/watch?v=ROa3kbG5M0U&lc=Ugzai_h7yQhxJt7_v4p4AaABAg,Ugzai_h7yQhxJt7_v4p4AaABAg,UCAxDQnCZxAvsB6YgYjSR1nQ,"Fetched 05/24/2026, 8:08:10 PM GMT+8"
5985,@Julskie28,3 days ago,Happy re watching po sa ating lahat! /  / Let's Go Benguet ❤ / From KADIWAs of Benguet🎉 /  / Lokal ng Guisad❤,https://www.youtube.com/watch?v=ROa3kbG5M0U&lc=UgwNgPCRbIReTA0gm4h4AaABAg,UgwNgPCRbIReTA0gm4h4AaABAg,UC1nz0UiWHV8lyoQdZtJejeg,"Fetched 05/24/2026, 8:08:10 PM GMT+8"
5986,@kristonleefuchigami3643,3 days ago,go benguet lokal ng quezon hill,https://www.youtube.com/watch?v=ROa3kbG5M0U&lc=Ugxw5ByT6yVFxf9zJgV4AaABAg,Ugxw5ByT6yVFxf9zJgV4AaABAg,UCOZ4eM5oab1qQPoV6luV52w,"Fetched 05/24/2026, 8:08:10 PM GMT+8"
5987,@daisycastaneda7972,3 days ago,HAPPY VIEWING PO DISTRITO NG BENGUET  / LOVE WATCHING ALL THE WAY FROM BAGUIO  CITY. / KALIHIMAN/ REGISTRY.,https://www.youtube.com/watch?v=ROa3kbG5M0U&lc=UgyNYmKClJ0unP6WiiF4AaABAg,UgyNYmKClJ0unP6WiiF4AaABAg,UCD3NlGp4eLYcR2RGC7FwnKQ,"Fetched 05/24/2026, 8:08:10 PM GMT+8"
5988,@RoelJoshArabejo,3 days ago,"Benguet Fight! 🎉 Watching from Aurora Hill, Benguet ❤",https://www.youtube.com/watch?v=ROa3kbG5M0U&lc=UgwGRLkvvngEUsmlmCV4AaABAg,UgwGRLkvvngEUsmlmCV4AaABAg,UC_5rEJfoFzwKQH9Tvh4VPmw,"Fetched 05/24/2026, 8:08:10 PM GMT+8"
5989,@almazanrhyndylyn,3 days ago,Good afternoon po.  / Happy relistening.  / Sending support ❤❤❤ /  / ❤ Lokal ng Norcar / ❤ Kadiwa,https://www.youtube.com/watch?v=ROa3kbG5M0U&lc=UgyYl_C4cKaeulp2buB4AaABAg,UgyYl_C4cKaeulp2buB4AaABAg,UCEoQCNgytnJxjJnAQLSzFeA,"Fetched 05/24/2026, 8:08:10 PM GMT+8"
5990,@PHEBIE-f7h,3 days ago,Happy viewing po mga kapatid / ENJOY WATCHING! / Journey to 36k views / LET'S GO BENGUET! /  / ❤❤BUKLOD OF ATOKGOLD❤❤,https://www.youtube.com/watch?v=ROa3kbG5M0U&lc=UgxE3ggH9qkEPZAdBxR4AaABAg,UgxE3ggH9qkEPZAdBxR4AaABAg,UCNkJMMXP19AJSsNov8Fp3Ag,"Fetched 05/24/2026, 8:08:10 PM GMT+8"
5991,@MagieFavila,3 days ago,Kumusta po kayong lahat mga kapatid . Masayang panonod  po. 🎉🎉🎉,https://www.youtube.com/watch?v=ROa3kbG5M0U&lc=UgywDTvvtc5OmynrDVZ4AaABAg,UgywDTvvtc5OmynrDVZ4AaABAg,UCPxgWF_X8vdxjB9cYpQ6Lew,"Fetched 05/24/2026, 8:08:10 PM GMT+8"
5992,@JohnRayMatabang,3 days ago,Happy Viewing po from Loacan,https://www.youtube.com/watch?v=ROa3kbG5M0U&lc=Ugzl7SqWLhScVzW5gIp4AaABAg,Ugzl7SqWLhScVzW5gIp4AaABAg,UC4Wg_mO5HJeJN5OgcLxMgPA,"Fetched 05/24/2026, 8:08:10 PM GMT+8"
5993,@daisycastaneda7972,3 days ago,"SHOUT OUT  KAY KAPATID NA ASHLY VEDAÑA, ANG GALING!! / WATCHING FROM BAGUIO  CITY. / KALIHIMAN/ REGISTRY.",https://www.youtube.com/watch?v=ROa3kbG5M0U&lc=Ugzgs9b49hEdUO8gL-x4AaABAg,Ugzgs9b49hEdUO8gL-x4AaABAg,UCD3NlGp4eLYcR2RGC7FwnKQ,"Fetched 05/24/2026, 8:08:10 PM GMT+8"
5994,@daisycastaneda7972,3 days ago,"LETS MAKE THE ENRTY OF BENGUET  TO THE TOP! / GO ! BENGUET, FIGHT! FIGHT! FIGHT!  / FROM LOKAL NG BAGUIO  CITY / KALIHIMAN/ REGISTRY",https://www.youtube.com/watch?v=ROa3kbG5M0U&lc=UgwWOvJI1o7cnga-U8l4AaABAg,UgwWOvJI1o7cnga-U8l4AaABAg,UCD3NlGp4eLYcR2RGC7FwnKQ,"Fetched 05/24/2026, 8:08:10 PM GMT+8"
5995,@RonnieAkitan,3 days ago,"watching from Upper Loacan Gws - Loacan, Benguet",https://www.youtube.com/watch?v=ROa3kbG5M0U&lc=UgyvB6ifC6tveXHSyQd4AaABAg,UgyvB6ifC6tveXHSyQd4AaABAg,UCOTONXsu5r1XjxBvZ7DjbxA,"Fetched 05/24/2026, 8:08:10 PM GMT+8"
5996,@daisycastaneda7972,3 days ago,"MAINIT NA KAPE SA HAPON  WHILE HAPPILY WATCHING. / GREETINGS FROM BAGUIO  CITY,  / KALIHIMAN / REGISTRY.",https://www.youtube.com/watch?v=ROa3kbG5M0U&lc=UgylxEFZiPmeM9BDimN4AaABAg,UgylxEFZiPmeM9BDimN4AaABAg,UCD3NlGp4eLYcR2RGC7FwnKQ,"Fetched 05/24/2026, 8:08:10 PM GMT+8"
5997,@RonnieAkitan,3 days ago,"watching from Upper Loacan Gws - Loacan, Benguet",https://www.youtube.com/watch?v=ROa3kbG5M0U&lc=UgwhQ30m--OPYF8ML3d4AaABAg,UgwhQ30m--OPYF8ML3d4AaABAg,UCOTONXsu5r1XjxBvZ7DjbxA,"Fetched 05/24/2026, 8:08:10 PM GMT+8"
5998,@carmencitacariazo1074,3 days ago,"Shoutout po from lokal ng irisan , benguet",https://www.youtube.com/watch?v=ROa3kbG5M0U&lc=Ugxqbpd1DvQ-33E3ocR4AaABAg,Ugxqbpd1DvQ-33E3ocR4AaABAg,UCbnUDokwq5YmijSnowovKUg,"Fetched 05/24/2026, 8:08:10 PM GMT+8"
5999,@daisycastaneda7972,3 days ago,"GOOD AFTERNOON PO SA LAHAT  NG MGA KAPATID  MASAYANG PANONOOD PO ,GOD'S LOVE. / PAGBATI FROM BAGUIO  CITY,  / KALIHIMAN/ REGISTRY.",https://www.youtube.com/watch?v=ROa3kbG5M0U&lc=UgwhadIs4wREVqXHi0Z4AaABAg,UgwhadIs4wREVqXHi0Z4AaABAg,UCD3NlGp4eLYcR2RGC7FwnKQ,"Fetched 05/24/2026, 8:08:10 PM GMT+8"
6000,@runasrochelle6192,3 days ago,Tublay mabuhay District ofbenguet,https://www.youtube.com/watch?v=ROa3kbG5M0U&lc=UgwSnq1P40m47Fn7sf54AaABAg,UgwSnq1P40m47Fn7sf54AaABAg,UC9MsSmLTRBKS6L9lCFoG_RQ,"Fetched 05/24/2026, 8:08:10 PM GMT+8"
