32001,@jaspermendoza8063,9 days ago,"Masayang nanonood po mula sa lokal ng baguio city, distrito ng benguet. At shout out po sa aming lupong ng pananalapi ka jane ngo",https://www.youtube.com/watch?v=ROa3kbG5M0U&lc=UgwTQDFeMEgDQwIsDOR4AaABAg,UgwTQDFeMEgDQwIsDOR4AaABAg,UCDgKwVMjurk7DTLE0Q4-_6A,"Fetched 05/24/2026, 8:08:10 PM GMT+8"
32002,@arlynsadsaddarnayla,9 days ago,Bukas ulit! Goodnight mga Kapatid. /  Baguio city🇮🇹,https://www.youtube.com/watch?v=ROa3kbG5M0U&lc=UgzpLlSC9xEz6oxr8Hx4AaABAg,UgzpLlSC9xEz6oxr8Hx4AaABAg,UCEpebcWdMuh8WoE06IwNIKA,"Fetched 05/24/2026, 8:08:10 PM GMT+8"
32003,@coto-onglheanaajc.3303,9 days ago,LET'S GO BENGUET ❤❤,https://www.youtube.com/watch?v=ROa3kbG5M0U&lc=Ugw3I2Z1hHVNzVjxTP14AaABAg,Ugw3I2Z1hHVNzVjxTP14AaABAg,UCepvdbDlLD3XhIPriTXriCw,"Fetched 05/24/2026, 8:08:10 PM GMT+8"
32004,@NancyMoyano-r7u,9 days ago,Still viewing... /  / Go Baguio! Go Benguet!!!,https://www.youtube.com/watch?v=ROa3kbG5M0U&lc=UgzVJ4WKJMymVmK0Pud4AaABAg,UgzVJ4WKJMymVmK0Pud4AaABAg,UCIZH5g0o-lHJidrq7pdjV5w,"Fetched 05/24/2026, 8:08:10 PM GMT+8"
32005,@PHEBIE-f7h,9 days ago,Watching while catching some zs. / ❤❤Lokal ng AtokGold continually supports this jubilant upbeat music of Benguet District❤❤,https://www.youtube.com/watch?v=ROa3kbG5M0U&lc=Ugx-8HsyHAQHIPdu7at4AaABAg,Ugx-8HsyHAQHIPdu7at4AaABAg,UCNkJMMXP19AJSsNov8Fp3Ag,"Fetched 05/24/2026, 8:08:10 PM GMT+8"
32006,@PHEBIE-f7h,9 days ago,Watching while catching some zs. / ❤❤Lokal ng AtokGold continually supports this jubilant upbeat music of Benguet District❤❤,https://www.youtube.com/watch?v=ROa3kbG5M0U&lc=Ugw4ErMHFPBKuYN8xWJ4AaABAg,Ugw4ErMHFPBKuYN8xWJ4AaABAg,UCNkJMMXP19AJSsNov8Fp3Ag,"Fetched 05/24/2026, 8:08:10 PM GMT+8"
32007,@haielei2869,9 days ago,Road to 22k na po tayo mga Kapatid! Lets Go BENGUET ☺️☺️  /  / - Lokal ng Norcar,https://www.youtube.com/watch?v=ROa3kbG5M0U&lc=UgwclT9wpTrBIiD1dXN4AaABAg,UgwclT9wpTrBIiD1dXN4AaABAg,UCf3PWHW8mj2mncX07kw9ZQw,"Fetched 05/24/2026, 8:08:10 PM GMT+8"
32008,@PHEBIE-f7h,9 days ago,Watching while catching some zs. / ❤❤Lokal nh AtokGold continually supports this jubilant upbeat music of Benguet District❤❤,https://www.youtube.com/watch?v=ROa3kbG5M0U&lc=UgwtlnW33if3v4dpUFZ4AaABAg,UgwtlnW33if3v4dpUFZ4AaABAg,UCNkJMMXP19AJSsNov8Fp3Ag,"Fetched 05/24/2026, 8:08:10 PM GMT+8"
32009,@haielei2869,9 days ago,Top 3 na po tayo Lets Go Benguet! Patuloy po sa pagsuporta at pakikinig ang Lokal Ng Norcar,https://www.youtube.com/watch?v=ROa3kbG5M0U&lc=UgyXv9eyIsqHPFYIKj54AaABAg,UgyXv9eyIsqHPFYIKj54AaABAg,UCf3PWHW8mj2mncX07kw9ZQw,"Fetched 05/24/2026, 8:08:10 PM GMT+8"
32010,@joelaganon6952,9 days ago,"Good night, Baguio City!🎉",https://www.youtube.com/watch?v=ROa3kbG5M0U&lc=Ugyp-n6MT2w3GXFx1QV4AaABAg,Ugyp-n6MT2w3GXFx1QV4AaABAg,UChevvJfd5L6E5s2G__kuKtA,"Fetched 05/24/2026, 8:08:10 PM GMT+8"
32011,@joelaganon6952,9 days ago,Pagbati po sa lahat ng mga Kapatid sa Distrito ng Benguet.❤❤❤,https://www.youtube.com/watch?v=ROa3kbG5M0U&lc=UgwY95COSIS6aKhYYc94AaABAg,UgwY95COSIS6aKhYYc94AaABAg,UChevvJfd5L6E5s2G__kuKtA,"Fetched 05/24/2026, 8:08:10 PM GMT+8"
32012,@joylee1468,9 days ago,"❤ / ""His wondrous L❤ve / Like a flower / that Grows in the / Shadow of a Tree❤ / Lokal ng Atok Gold",https://www.youtube.com/watch?v=ROa3kbG5M0U&lc=UgyzIwiiRl8ECY-1ddl4AaABAg,UgyzIwiiRl8ECY-1ddl4AaABAg,UC7UWPgNV4p4GGKzoeFbHS8g,"Fetched 05/24/2026, 8:08:10 PM GMT+8"
32013,@AbegailBalolong,9 days ago,LOCAL 💚 / NG🤍 / BAGUIO CITY ❤️ / DISTRICT OF BENGUET 🇮🇹,https://www.youtube.com/watch?v=ROa3kbG5M0U&lc=UgzjOxU0jetiabTk_NF4AaABAg,UgzjOxU0jetiabTk_NF4AaABAg,UChiZf3rJgQqRwuAE-ZCS6UQ,"Fetched 05/24/2026, 8:08:10 PM GMT+8"
32014,@iya-k7j,9 days ago,😊😊😊 / His / wondrous / L❤ve / 😊😊😊 / Lokal ng Atok Gold,https://www.youtube.com/watch?v=ROa3kbG5M0U&lc=UgwVxLsipboXmlAFmOV4AaABAg,UgwVxLsipboXmlAFmOV4AaABAg,UC_R2GfmFAjE8k8DgEjmtv7g,"Fetched 05/24/2026, 8:08:10 PM GMT+8"
32015,@iya-k7j,9 days ago,🎉🎉🎉🎉 / INCMV / ❤❤❤ / Benguet / 😊😊😊😊. / Lokal ng Atok Gold,https://www.youtube.com/watch?v=ROa3kbG5M0U&lc=Ugx6Il8oOIjfzfSNt014AaABAg,Ugx6Il8oOIjfzfSNt014AaABAg,UC_R2GfmFAjE8k8DgEjmtv7g,"Fetched 05/24/2026, 8:08:10 PM GMT+8"
32016,@iya-k7j,9 days ago,Puno ng  / saya / kapag / nanonood / ng INCMV / ❤❤❤❤ / Lokal ng Atok Gold,https://www.youtube.com/watch?v=ROa3kbG5M0U&lc=Ugy0hOCFtBfpjTKluYd4AaABAg,Ugy0hOCFtBfpjTKluYd4AaABAg,UC_R2GfmFAjE8k8DgEjmtv7g,"Fetched 05/24/2026, 8:08:10 PM GMT+8"
32017,@iya-k7j,9 days ago,Go Benguet / ❤INCMV❤ / 🎉God's L❤ve / 🎉🎉🎉🎉 / Lokal ng Atok Gold,https://www.youtube.com/watch?v=ROa3kbG5M0U&lc=UgwuRrUAk0zFFMcnvB54AaABAg,UgwuRrUAk0zFFMcnvB54AaABAg,UC_R2GfmFAjE8k8DgEjmtv7g,"Fetched 05/24/2026, 8:08:10 PM GMT+8"
32018,@delmarlandingin2735,9 days ago,"Good evening po mga kapatid, go go lang po district of Benguet, from lokal ng City Camp 😊😊🙏",https://www.youtube.com/watch?v=ROa3kbG5M0U&lc=UgzaediZ1FFjrrj_nvJ4AaABAg,UgzaediZ1FFjrrj_nvJ4AaABAg,UCoRMjnJOAN9mZFy9q-5H8wA,"Fetched 05/24/2026, 8:08:10 PM GMT+8"
32019,@Evym-u3k,9 days ago,Happy watching po / Kahit gabi na / patuloy pong nanonood / ❤❤❤❤❤ / Lokal ng Atok Gold,https://www.youtube.com/watch?v=ROa3kbG5M0U&lc=UgzdzhrvQkdD67Nzu0t4AaABAg,UgzdzhrvQkdD67Nzu0t4AaABAg,UCNNZdfWg4Hutqdsq_H5oCHQ,"Fetched 05/24/2026, 8:08:10 PM GMT+8"
32020,@Evym-u3k,9 days ago,😊😊😊😊 / 👏👏👏👏👏 / Go Benguet!!! / ❤❤❤❤ / Lokal ng Atok Gold,https://www.youtube.com/watch?v=ROa3kbG5M0U&lc=Ugxf2nHWgHnSiiSslNd4AaABAg,Ugxf2nHWgHnSiiSslNd4AaABAg,UCNNZdfWg4Hutqdsq_H5oCHQ,"Fetched 05/24/2026, 8:08:10 PM GMT+8"
32021,@Evym-u3k,9 days ago,Happy watching po / INCMV / Benguet / ❤❤❤❤❤❤ / Lokal ng Atok Gold,https://www.youtube.com/watch?v=ROa3kbG5M0U&lc=UgwsEOvqoSvJEsRA-zt4AaABAg,UgwsEOvqoSvJEsRA-zt4AaABAg,UCNNZdfWg4Hutqdsq_H5oCHQ,"Fetched 05/24/2026, 8:08:10 PM GMT+8"
32022,@AbegailBalolong,9 days ago,FIGHT! FIGHT! FIIIIIIIIIGHT LOCAL NG BAGUIO CITY DISTRITO NG BENGUET 🇮🇹,https://www.youtube.com/watch?v=ROa3kbG5M0U&lc=Ugxod_Ul8QXxalUPglp4AaABAg,Ugxod_Ul8QXxalUPglp4AaABAg,UChiZf3rJgQqRwuAE-ZCS6UQ,"Fetched 05/24/2026, 8:08:10 PM GMT+8"
32023,@Evym-u3k,9 days ago,Happy viewing po / ❤❤❤❤ / Go Benguet!! / 🎉🎉🎉🎉 / Lokal ng Atok Gold,https://www.youtube.com/watch?v=ROa3kbG5M0U&lc=UgwrEqIEzfeVV6ZL5pF4AaABAg,UgwrEqIEzfeVV6ZL5pF4AaABAg,UCNNZdfWg4Hutqdsq_H5oCHQ,"Fetched 05/24/2026, 8:08:10 PM GMT+8"
32024,@Evym-u3k,9 days ago,Watching po / ❤❤❤Shout out po Kay Tito Chris Gopez and family❤❤❤ / Napakahusay nyo po / at ang buong actors/actress / ❤Lokal ng Atok Gold,https://www.youtube.com/watch?v=ROa3kbG5M0U&lc=UgxdB8TMZrGWmfQQk_d4AaABAg,UgxdB8TMZrGWmfQQk_d4AaABAg,UCNNZdfWg4Hutqdsq_H5oCHQ,"Fetched 05/24/2026, 8:08:10 PM GMT+8"
32025,@alta8675,9 days ago,Magandang gabi po mga kapatid! Watching from Locale of Baguio City!❤,https://www.youtube.com/watch?v=ROa3kbG5M0U&lc=Ugx2iQrLoyp3IBvfGjR4AaABAg,Ugx2iQrLoyp3IBvfGjR4AaABAg,UCZ2d5yXRLvgIMr7i_9xFlSw,"Fetched 05/24/2026, 8:08:10 PM GMT+8"
32026,@egymlee,9 days ago,Magandang gabi po / ❤❤❤ / Patulong nanonood / 🎉🎉🎉 / Lokal ng Atok Gold,https://www.youtube.com/watch?v=ROa3kbG5M0U&lc=UgzZ4YmHlMc3aVtCJsF4AaABAg,UgzZ4YmHlMc3aVtCJsF4AaABAg,UCQuTByWcigHh1sDG2ivw25A,"Fetched 05/24/2026, 8:08:10 PM GMT+8"
32027,@egymlee,9 days ago,Happy / watching po / ❤❤❤❤ / shout out po / sa nakapasipag po na  / Pangulong Mang-aawit sa aming lokal / Nanay Cecilia Bautista❤ / Lokal ng Atok Gold❤,https://www.youtube.com/watch?v=ROa3kbG5M0U&lc=UgxuqJTgSP74rKKT2p94AaABAg,UgxuqJTgSP74rKKT2p94AaABAg,UCQuTByWcigHh1sDG2ivw25A,"Fetched 05/24/2026, 8:08:10 PM GMT+8"
32028,@AbegailBalolong,9 days ago,Kalihim po ng BAGUIO CITY DISTRITO NG BENGUET 🇮🇹🫶,https://www.youtube.com/watch?v=ROa3kbG5M0U&lc=Ugwigvhk6ak-nnk1Po94AaABAg,Ugwigvhk6ak-nnk1Po94AaABAg,UChiZf3rJgQqRwuAE-ZCS6UQ,"Fetched 05/24/2026, 8:08:10 PM GMT+8"
32029,@joy-d3n4u,9 days ago,Kumusta po mga kapatid? / ❤❤❤ / Patuloy pong panoorin / God's Love / ❤❤ / INCMV /  / ❤Lokal ng Atok Gold❤,https://www.youtube.com/watch?v=ROa3kbG5M0U&lc=Ugz9_O_5AiWQDM5oJtt4AaABAg,Ugz9_O_5AiWQDM5oJtt4AaABAg,UCdSHn503pqXwdsqmLKce88g,"Fetched 05/24/2026, 8:08:10 PM GMT+8"
32030,@AbegailBalolong,9 days ago,Pagbati po mula po sa LOKAL NG BAGUIO CITY DISTRITO NG BENGUET 🇮🇹,https://www.youtube.com/watch?v=ROa3kbG5M0U&lc=UgyOb5-5ZyCObKv--Rh4AaABAg,UgyOb5-5ZyCObKv--Rh4AaABAg,UChiZf3rJgQqRwuAE-ZCS6UQ,"Fetched 05/24/2026, 8:08:10 PM GMT+8"
32031,@joy-d3n4u,9 days ago,INCMV / ❤❤❤ / God's Love / ❤❤❤❤ / Lokal ng Atok Gold,https://www.youtube.com/watch?v=ROa3kbG5M0U&lc=UgyidlEgbT6NtJn9Ltp4AaABAg,UgyidlEgbT6NtJn9Ltp4AaABAg,UCdSHn503pqXwdsqmLKce88g,"Fetched 05/24/2026, 8:08:10 PM GMT+8"
32032,@AbegailBalolong,9 days ago,Happy Viewing po 🩷 from LOCAL NG BAGUIO CITY DISTRICT OF BENGUET 🇮🇹,https://www.youtube.com/watch?v=ROa3kbG5M0U&lc=UgyQX7nqZ2ljIBxVuf94AaABAg,UgyQX7nqZ2ljIBxVuf94AaABAg,UChiZf3rJgQqRwuAE-ZCS6UQ,"Fetched 05/24/2026, 8:08:10 PM GMT+8"
32033,@joy-d3n4u,9 days ago,Happy watching po / ❤❤❤ / Shout out po sa / napakasipag naming.organista / Ka.Jennilyn Lazaro / ❤Lokal ng Atok Gold❤,https://www.youtube.com/watch?v=ROa3kbG5M0U&lc=UgwVUhN07IrOfJJCs4d4AaABAg,UgwVUhN07IrOfJJCs4d4AaABAg,UCdSHn503pqXwdsqmLKce88g,"Fetched 05/24/2026, 8:08:10 PM GMT+8"
32034,@AbegailBalolong,9 days ago,Enjoy watching po 🫶 from LOCAL NG BAGUIO CITY DISTRICT OF BENGUET 🇮🇹,https://www.youtube.com/watch?v=ROa3kbG5M0U&lc=UgyXaxp50XiVfy2_ux14AaABAg,UgyXaxp50XiVfy2_ux14AaABAg,UChiZf3rJgQqRwuAE-ZCS6UQ,"Fetched 05/24/2026, 8:08:10 PM GMT+8"
32035,@joy-d3n4u,9 days ago,Happy watching po. / ❤❤❤ / INCMV / 🎉🎉🎉🎉 / Distrito ng Benguet / ❤❤❤ / Lokal ng Atok Gold,https://www.youtube.com/watch?v=ROa3kbG5M0U&lc=UgzWq9sCob1vk38GQN14AaABAg,UgzWq9sCob1vk38GQN14AaABAg,UCdSHn503pqXwdsqmLKce88g,"Fetched 05/24/2026, 8:08:10 PM GMT+8"
32036,@AbegailBalolong,9 days ago,Goooooo BAGUIO CITY DISTRITO NG BENGUET 🇮🇹,https://www.youtube.com/watch?v=ROa3kbG5M0U&lc=Ugyuk41bNmr-LL6lK7Z4AaABAg,Ugyuk41bNmr-LL6lK7Z4AaABAg,UChiZf3rJgQqRwuAE-ZCS6UQ,"Fetched 05/24/2026, 8:08:10 PM GMT+8"
32037,@AbegailBalolong,9 days ago,Goodnight po mga kapatid 🇮🇹 mula po sa LOKAL NG BAGUIO CITY DISTRITO NG BENGUET 🇮🇹,https://www.youtube.com/watch?v=ROa3kbG5M0U&lc=UgzICBhrpyJwhxdfN_V4AaABAg,UgzICBhrpyJwhxdfN_V4AaABAg,UChiZf3rJgQqRwuAE-ZCS6UQ,"Fetched 05/24/2026, 8:08:10 PM GMT+8"
32038,@mayvehn,9 days ago (edited),magandang gabi po / ❤❤❤ / Lokal ng Atok Gold,https://www.youtube.com/watch?v=ROa3kbG5M0U&lc=UgyNOKhHz63bB2zWjQh4AaABAg,UgyNOKhHz63bB2zWjQh4AaABAg,UCivhdJ2CQeLK8tlG7Wh2BSQ,"Fetched 05/24/2026, 8:08:10 PM GMT+8"
32039,@joelaganon6952,9 days ago,Naimbag nga rabii Baguio City! Go Benguet Go!😅😊,https://www.youtube.com/watch?v=ROa3kbG5M0U&lc=UgzesYLJsQrhI1JiNd14AaABAg,UgzesYLJsQrhI1JiNd14AaABAg,UChevvJfd5L6E5s2G__kuKtA,"Fetched 05/24/2026, 8:08:10 PM GMT+8"
32040,@NorbertoMislang-k1f,9 days ago,Sa lahat ng kapatid sa lokal ng Baguio City salamat po sa pakikiisa.. 🙏🙏🙏🙏🙏,https://www.youtube.com/watch?v=ROa3kbG5M0U&lc=UgxEQmqLp78E22tgARl4AaABAg,UgxEQmqLp78E22tgARl4AaABAg,UCHrMwbP6cIZPIlWf5nvI8dA,"Fetched 05/24/2026, 8:08:10 PM GMT+8"
32041,@arlynsadsaddarnayla,9 days ago,Go Benguet!🎉🎉🎉 /  Happy watching from Locale of Baguio city🇮🇹❤,https://www.youtube.com/watch?v=ROa3kbG5M0U&lc=UgxP8iEQ6NG42wkKG_x4AaABAg,UgxP8iEQ6NG42wkKG_x4AaABAg,UCEpebcWdMuh8WoE06IwNIKA,"Fetched 05/24/2026, 8:08:10 PM GMT+8"
32042,@joelaganon6952,9 days ago,"Lokal ng Baguio City, Happy Viewing po sa lahat!😊",https://www.youtube.com/watch?v=ROa3kbG5M0U&lc=UgyRvGGJ0dy8EYacO-N4AaABAg,UgyRvGGJ0dy8EYacO-N4AaABAg,UChevvJfd5L6E5s2G__kuKtA,"Fetched 05/24/2026, 8:08:10 PM GMT+8"
32043,@haielei2869,9 days ago,Pabati po sa amin pong Tagapangasiwa ng Distrito ang Kapatid na Ardy Mendoza at II Tagapangasiwa ng Distrito Ka Ian Manalata at sa  kanila pong buong sambahayan mula po sa Lokal ng Norcar Distrito ng Benguet,https://www.youtube.com/watch?v=ROa3kbG5M0U&lc=Ugx0BJIrlamlozCzkKl4AaABAg,Ugx0BJIrlamlozCzkKl4AaABAg,UCf3PWHW8mj2mncX07kw9ZQw,"Fetched 05/24/2026, 8:08:10 PM GMT+8"
32044,@janengo1283,9 days ago,"Magandang gabi po!!!,happy viewing😊",https://www.youtube.com/watch?v=ROa3kbG5M0U&lc=UgxZiI4T7zh2_pKlqQZ4AaABAg,UgxZiI4T7zh2_pKlqQZ4AaABAg,UCQzK0PCPt6Nt4Wh9WQ68a0g,"Fetched 05/24/2026, 8:08:10 PM GMT+8"
32045,@haielei2869,9 days ago,"""Our God always has your back"" ☺️☺️🫶🏻🫶🏻 truly   /  /  / - Norcar",https://www.youtube.com/watch?v=ROa3kbG5M0U&lc=UgxB-pZF2cRQDYch58N4AaABAg,UgxB-pZF2cRQDYch58N4AaABAg,UCf3PWHW8mj2mncX07kw9ZQw,"Fetched 05/24/2026, 8:08:10 PM GMT+8"
32046,@haielei2869,9 days ago,Pagbati po sa aming mga masisipag na mga binhi mula po sa Lokal ng Norcar ☺️,https://www.youtube.com/watch?v=ROa3kbG5M0U&lc=UgyUCTQIMVSkbannMmF4AaABAg,UgyUCTQIMVSkbannMmF4AaABAg,UCf3PWHW8mj2mncX07kw9ZQw,"Fetched 05/24/2026, 8:08:10 PM GMT+8"
32047,@mayvehn,9 days ago,Magandang gabi po / 😊😊😊 / Lokal ng Atok Gold,https://www.youtube.com/watch?v=ROa3kbG5M0U&lc=Ugx6P4Woz39dKkryKUN4AaABAg,Ugx6P4Woz39dKkryKUN4AaABAg,UCivhdJ2CQeLK8tlG7Wh2BSQ,"Fetched 05/24/2026, 8:08:10 PM GMT+8"
32048,@haielei2869,9 days ago,Matutulog na po kami kasi SLEEP IS ALSO IMPORTANT. Pero manunuod po muna ng ating INCMV.  /  /  / From Local ng Norcar po ☺️,https://www.youtube.com/watch?v=ROa3kbG5M0U&lc=UgxyFIsVLQI_Ay56SMF4AaABAg,UgxyFIsVLQI_Ay56SMF4AaABAg,UCf3PWHW8mj2mncX07kw9ZQw,"Fetched 05/24/2026, 8:08:10 PM GMT+8"
32049,@Mariah-k9e2m,9 days ago,Good evening po sa ating lahat lalong lalo na sa mga maytungkulin sa lokal ng Baguio City 😊,https://www.youtube.com/watch?v=ROa3kbG5M0U&lc=UgxXzGDXSHLCs3D6I2Z4AaABAg,UgxXzGDXSHLCs3D6I2Z4AaABAg,UCg9bJz9qA8jpD6hdDhwbjaA,"Fetched 05/24/2026, 8:08:10 PM GMT+8"
32050,@joymaylee-e9o,9 days ago,🎉🎉🎉 / Happy watching po / 🎉🎉🎉 / Go Benguet / 🎉🎉🎉🎉 / Go Atok Gold,https://www.youtube.com/watch?v=ROa3kbG5M0U&lc=UgwCxZDz5Ocmb4h4b554AaABAg,UgwCxZDz5Ocmb4h4b554AaABAg,UCVNaOxPbc9ZEHqlMp6TAgMA,"Fetched 05/24/2026, 8:08:10 PM GMT+8"
32051,@joymaylee-e9o,9 days ago,happy viewing po mga kapatid / ❤❤❤❤ / mula po sa Lokal ng Atok Gold,https://www.youtube.com/watch?v=ROa3kbG5M0U&lc=UgzBUhtLN2_IUoTA2nh4AaABAg,UgzBUhtLN2_IUoTA2nh4AaABAg,UCVNaOxPbc9ZEHqlMp6TAgMA,"Fetched 05/24/2026, 8:08:10 PM GMT+8"
32052,@jaspermendoza8063,9 days ago,"Shout po aming pinakamamahal na destinado, ka Norberto Mislang ng Lokal ng Baguio City",https://www.youtube.com/watch?v=ROa3kbG5M0U&lc=UgxPWVlCuUh_C7Kt9xx4AaABAg,UgxPWVlCuUh_C7Kt9xx4AaABAg,UCDgKwVMjurk7DTLE0Q4-_6A,"Fetched 05/24/2026, 8:08:10 PM GMT+8"
32053,@joymaylee-e9o,9 days ago,🎉🎉🎉Go Benguet🎉🎉🎉 / INCMC / God's Love / ❤❤❤❤ / Lokal ng Atok Gold,https://www.youtube.com/watch?v=ROa3kbG5M0U&lc=UgyKbpVi-ucRrcOmK714AaABAg,UgyKbpVi-ucRrcOmK714AaABAg,UCVNaOxPbc9ZEHqlMp6TAgMA,"Fetched 05/24/2026, 8:08:10 PM GMT+8"
32054,@joymaylee-e9o,9 days ago,""" It's through / His Love / that your / Days / as Bright / as the  / Sun❤ / 🎉Lokal ng Atok Gold🎉",https://www.youtube.com/watch?v=ROa3kbG5M0U&lc=Ugx_Nu7r11Dqh4Zdtfx4AaABAg,Ugx_Nu7r11Dqh4Zdtfx4AaABAg,UCVNaOxPbc9ZEHqlMp6TAgMA,"Fetched 05/24/2026, 8:08:10 PM GMT+8"
32055,@Mariah-k9e2m,9 days ago,Watching po mula sa lokal ng Baguio City,https://www.youtube.com/watch?v=ROa3kbG5M0U&lc=Ugw6ZRwNEuYyslV0yQd4AaABAg,Ugw6ZRwNEuYyslV0yQd4AaABAg,UCg9bJz9qA8jpD6hdDhwbjaA,"Fetched 05/24/2026, 8:08:10 PM GMT+8"
32056,@jaspermendoza8063,9 days ago,Benguet! Benguet! Benguet Benguet!Benguet!Benguet!Benguet!Benguet!Benguet!Benguet!Benguet!Benguet!Benguet!Benguet!Benguet!Benguet!Benguet!Benguet!,https://www.youtube.com/watch?v=ROa3kbG5M0U&lc=UgwENRdZhIe74OI17IJ4AaABAg,UgwENRdZhIe74OI17IJ4AaABAg,UCDgKwVMjurk7DTLE0Q4-_6A,"Fetched 05/24/2026, 8:08:10 PM GMT+8"
32057,@LennyLardizabal,9 days ago,"gandang Gabi po, happy viewing po mula sa lokal Ng baguio city,districto Ng benget❤❤",https://www.youtube.com/watch?v=ROa3kbG5M0U&lc=UgzeF-inb_edrbDpFER4AaABAg,UgzeF-inb_edrbDpFER4AaABAg,UCWi4lSDQKNpAUv0fFowsqsQ,"Fetched 05/24/2026, 8:08:10 PM GMT+8"
32058,@joymaylee-e9o,9 days ago,watching po mula sa Lokal ng Atok Gold❤❤❤,https://www.youtube.com/watch?v=ROa3kbG5M0U&lc=Ugx8WY9mUp4Ryvb78aV4AaABAg,Ugx8WY9mUp4Ryvb78aV4AaABAg,UCVNaOxPbc9ZEHqlMp6TAgMA,"Fetched 05/24/2026, 8:08:10 PM GMT+8"
32059,@joymaylee-e9o,9 days ago,❤It's / through / His / LOVE❤❤ / Lokal ng Atok Gold,https://www.youtube.com/watch?v=ROa3kbG5M0U&lc=UgzBN4pgL64sMQG5vYl4AaABAg,UgzBN4pgL64sMQG5vYl4AaABAg,UCVNaOxPbc9ZEHqlMp6TAgMA,"Fetched 05/24/2026, 8:08:10 PM GMT+8"
32060,@Mariah-k9e2m,9 days ago,Good evening po mga kapatid happy viewing po sa lahat ng mga kapatid sa lokal ng Baguio City😊,https://www.youtube.com/watch?v=ROa3kbG5M0U&lc=UgzM3DYuS2iYQoNK4954AaABAg,UgzM3DYuS2iYQoNK4954AaABAg,UCg9bJz9qA8jpD6hdDhwbjaA,"Fetched 05/24/2026, 8:08:10 PM GMT+8"
32061,@joymaylee-e9o,9 days ago,❤Happy viewing po❤ / Lokal ng Atok Gold,https://www.youtube.com/watch?v=ROa3kbG5M0U&lc=UgwTakNeP1ouRvkVzEl4AaABAg,UgwTakNeP1ouRvkVzEl4AaABAg,UCVNaOxPbc9ZEHqlMp6TAgMA,"Fetched 05/24/2026, 8:08:10 PM GMT+8"
32062,@arlynsadsaddarnayla,9 days ago,Go Benguet! Happy watching from Locale of Baguio city🇮🇹,https://www.youtube.com/watch?v=ROa3kbG5M0U&lc=UgzFVNZSHpjmHGTE5H94AaABAg,UgzFVNZSHpjmHGTE5H94AaABAg,UCEpebcWdMuh8WoE06IwNIKA,"Fetched 05/24/2026, 8:08:10 PM GMT+8"
32063,@joymaylee-e9o,9 days ago,"❤""God's Love is bigger / than the ocean / and / Brighter than / the stars"" / ❤Lokal ng Atok Gold❤",https://www.youtube.com/watch?v=ROa3kbG5M0U&lc=UgzKRh_jVvKg63feDYd4AaABAg,UgzKRh_jVvKg63feDYd4AaABAg,UCVNaOxPbc9ZEHqlMp6TAgMA,"Fetched 05/24/2026, 8:08:10 PM GMT+8"
32064,@ezrah8637,9 days ago,Goooo BENGUET! greetings po from Lokal ng Baguio City🎉,https://www.youtube.com/watch?v=ROa3kbG5M0U&lc=UgxecrGEqDZq9qNcHTN4AaABAg,UgxecrGEqDZq9qNcHTN4AaABAg,UCoIa8U2n-EOwrHviBH3s7mQ,"Fetched 05/24/2026, 8:08:10 PM GMT+8"
32065,@AleiliCaisip-f3g,9 days ago,Magandang gabi po mga kapatid. Happy viewing pa rin bago matulog mula sa lokal ng Baguio City Distrito ng Benguet... / Lets go Benguet,https://www.youtube.com/watch?v=ROa3kbG5M0U&lc=UgwtQsS7Xs_KTDJGo1h4AaABAg,UgwtQsS7Xs_KTDJGo1h4AaABAg,UC6_X5vAPAhfo9Z2M4PLKJ1A,"Fetched 05/24/2026, 8:08:10 PM GMT+8"
32066,@arlynsadsaddarnayla,9 days ago,Go Benguet! Happy watching from Locale of Baguio city🇮🇹,https://www.youtube.com/watch?v=ROa3kbG5M0U&lc=UgxxuGnLAsu6wAqyyuJ4AaABAg,UgxxuGnLAsu6wAqyyuJ4AaABAg,UCEpebcWdMuh8WoE06IwNIKA,"Fetched 05/24/2026, 8:08:10 PM GMT+8"
32067,@romulodeverajr.9937,9 days ago,Go go baguio city,https://www.youtube.com/watch?v=ROa3kbG5M0U&lc=UgydwkLY5dBGsLhYXLx4AaABAg,UgydwkLY5dBGsLhYXLx4AaABAg,UCp-gBjV5Wh420GHK3cminkw,"Fetched 05/24/2026, 8:08:10 PM GMT+8"
32068,@susancostales8489,9 days ago,Good evening po and enjoy watching po❤ hello po sa Finance family at Ang aming destinado sa lokal Ng Baguio City,https://www.youtube.com/watch?v=ROa3kbG5M0U&lc=Ugzmq-eOO5BbGgJX9y94AaABAg,Ugzmq-eOO5BbGgJX9y94AaABAg,UCFKcrbpMSec4O6QwhRxv9mg,"Fetched 05/24/2026, 8:08:10 PM GMT+8"
32069,@TinyEnchanters,9 days ago,Good evening! Watching from Irisan  KALIHIM/REGISTRY,https://www.youtube.com/watch?v=ROa3kbG5M0U&lc=UgyAVd5AL9OhesY4DdR4AaABAg,UgyAVd5AL9OhesY4DdR4AaABAg,UCIYazOuVxb5StkuFYFMoMsg,"Fetched 05/24/2026, 8:08:10 PM GMT+8"
32070,@BenDeCastro-u4z,9 days ago,Good luck baguio city,https://www.youtube.com/watch?v=ROa3kbG5M0U&lc=UgzBmoyR-YZzn2G7U2R4AaABAg,UgzBmoyR-YZzn2G7U2R4AaABAg,UCTNrED-lGbnT048flk4t4AQ,"Fetched 05/24/2026, 8:08:10 PM GMT+8"
32071,@rovelintipay7457,9 days ago,Good evening po happy watching po from lokal ng City Camp🥰,https://www.youtube.com/watch?v=ROa3kbG5M0U&lc=Ugzbu9x2gSY4On4wrnl4AaABAg,Ugzbu9x2gSY4On4wrnl4AaABAg,UCK6aIH06PIgctrC72wMsdAg,"Fetched 05/24/2026, 8:08:10 PM GMT+8"
32072,@cresenciasubli9375,9 days ago,Go go Benguet! / Mula po sa lokal Ng Baguio City,https://www.youtube.com/watch?v=ROa3kbG5M0U&lc=UgwsXzqeKjS8UHmyV0t4AaABAg,UgwsXzqeKjS8UHmyV0t4AaABAg,UCUkLEjLy-mTV-lKfyceXQVw,"Fetched 05/24/2026, 8:08:10 PM GMT+8"
32073,@renatoaustria8843,9 days ago,"Go na go po tayo, go go Benguet",https://www.youtube.com/watch?v=ROa3kbG5M0U&lc=UgyM5cG5M6hQvPjsYjR4AaABAg,UgyM5cG5M6hQvPjsYjR4AaABAg,UCvOSVWbT2WlhpFMQbj44Fvg,"Fetched 05/24/2026, 8:08:10 PM GMT+8"
32074,@joymaylee-e9o,9 days ago,"""In our Lord / God's / Great Power, / You / must / BELIEVE"" / ❤❤❤lokal ng Atok Gold",https://www.youtube.com/watch?v=ROa3kbG5M0U&lc=Ugxy-sqB9jvtYgTRVhd4AaABAg,Ugxy-sqB9jvtYgTRVhd4AaABAg,UCVNaOxPbc9ZEHqlMp6TAgMA,"Fetched 05/24/2026, 8:08:10 PM GMT+8"
32075,@roshankatepagayunan,9 days ago,"Happy Watching po! From Tuba, Benguet.",https://www.youtube.com/watch?v=ROa3kbG5M0U&lc=Ugyh5I19PYVQKCjDag54AaABAg,Ugyh5I19PYVQKCjDag54AaABAg,UCSrU2FTrln86349Claamt6w,"Fetched 05/24/2026, 8:08:10 PM GMT+8"
32076,@aedianneestrada1723,9 days ago,"Happy watching po,, mula sa lokal ng Baguio City, ❤️❤️❤️",https://www.youtube.com/watch?v=ROa3kbG5M0U&lc=UgySZ3eYC9LF5OpbfW94AaABAg,UgySZ3eYC9LF5OpbfW94AaABAg,UCR2wrZ5IeWNNkRYVaGcEfkA,"Fetched 05/24/2026, 8:08:10 PM GMT+8"
32077,@Marvinsadsad1234marvinwe,9 days ago,Happy viewing po mula sa lokal ng Baguio city😊,https://www.youtube.com/watch?v=ROa3kbG5M0U&lc=UgxuHXL40UEA5tDqaWd4AaABAg,UgxuHXL40UEA5tDqaWd4AaABAg,UCQSnJBVoPvtTk2HPNSw499w,"Fetched 05/24/2026, 8:08:10 PM GMT+8"
32078,@cresenciasubli9375,9 days ago,Good night at Happy viewing po mga Kapatid!!!!Mula po sa lokal Ng Baguio City.❤,https://www.youtube.com/watch?v=ROa3kbG5M0U&lc=UgwytZinylQzJyocarF4AaABAg,UgwytZinylQzJyocarF4AaABAg,UCUkLEjLy-mTV-lKfyceXQVw,"Fetched 05/24/2026, 8:08:10 PM GMT+8"
32079,@CarmencitaC,9 days ago,"Greetings po para sa mga Kalihim at mga Registry Clerks ng Lokal ng Baguio, Distrito ng Benguet! 🎉❤😊",https://www.youtube.com/watch?v=ROa3kbG5M0U&lc=UgyEn_JTT1DyeeWP0s14AaABAg,UgyEn_JTT1DyeeWP0s14AaABAg,UCi5FgZnP4ZYp2GSvAPPcmzQ,"Fetched 05/24/2026, 8:08:10 PM GMT+8"
32080,@shafftdeguzman962,9 days ago,Lets Go Benguet! Greetings po mula sa Lokal ng Hillside❤,https://www.youtube.com/watch?v=ROa3kbG5M0U&lc=Ugw5742X_-RHzgILENZ4AaABAg,Ugw5742X_-RHzgILENZ4AaABAg,UCCloNO6Hsgkd-e_gsv8oBcg,"Fetched 05/24/2026, 8:08:10 PM GMT+8"
32081,@shafftdeguzman962,9 days ago,Lets Go Benguet! Greetings po mula sa Lokal ng Hillside❤,https://www.youtube.com/watch?v=ROa3kbG5M0U&lc=UgwtTWpuf_3d58Kj85p4AaABAg,UgwtTWpuf_3d58Kj85p4AaABAg,UCCloNO6Hsgkd-e_gsv8oBcg,"Fetched 05/24/2026, 8:08:10 PM GMT+8"
32082,@egymlee,9 days ago,🎉INCMV🎉 / Go Benguet!!! / ❤❤❤ / INCMV / 🎉🎉🎉🎉 / Lokal ng Atok Gold,https://www.youtube.com/watch?v=ROa3kbG5M0U&lc=UgynV-KqYZgcQW36iOt4AaABAg,UgynV-KqYZgcQW36iOt4AaABAg,UCQuTByWcigHh1sDG2ivw25A,"Fetched 05/24/2026, 8:08:10 PM GMT+8"
32083,@shafftdeguzman962,9 days ago,Lets Go Benguet! Greetings po mula sa Lokal ng Hillside❤,https://www.youtube.com/watch?v=ROa3kbG5M0U&lc=UgwgCB8WWqqHCWosbhp4AaABAg,UgwgCB8WWqqHCWosbhp4AaABAg,UCCloNO6Hsgkd-e_gsv8oBcg,"Fetched 05/24/2026, 8:08:10 PM GMT+8"
32084,@shafftdeguzman962,9 days ago,Lets Go Benguet! Greetings po mula sa Lokal ng Hillside❤,https://www.youtube.com/watch?v=ROa3kbG5M0U&lc=UgzYpp0tjj1mpGDV-MJ4AaABAg,UgzYpp0tjj1mpGDV-MJ4AaABAg,UCCloNO6Hsgkd-e_gsv8oBcg,"Fetched 05/24/2026, 8:08:10 PM GMT+8"
32085,@egymlee,9 days ago,Happy watching po❤❤ / Shout out po sa mga magigiting  / na Oamunuan sa amin Lokal / ❤❤❤Lokal ng Atok Gold❤❤❤,https://www.youtube.com/watch?v=ROa3kbG5M0U&lc=Ugz8d6DMYTVC1CiEfuJ4AaABAg,Ugz8d6DMYTVC1CiEfuJ4AaABAg,UCQuTByWcigHh1sDG2ivw25A,"Fetched 05/24/2026, 8:08:10 PM GMT+8"
32086,@shafftdeguzman962,9 days ago,Lets Go Benguet! Greetings po mula sa Lokal ng Hillside❤,https://www.youtube.com/watch?v=ROa3kbG5M0U&lc=Ugxc-Gi__5QabyT-l3V4AaABAg,Ugxc-Gi__5QabyT-l3V4AaABAg,UCCloNO6Hsgkd-e_gsv8oBcg,"Fetched 05/24/2026, 8:08:10 PM GMT+8"
32087,@egymlee,9 days ago,"Happy viewing po mga kapatid❤❤ / Shout out po sa napakasipag na mang-aawit,napakabait at napakaganda naming tita jade... / 😊😊😊😊 / Lokal ng Atok Gold",https://www.youtube.com/watch?v=ROa3kbG5M0U&lc=UgwyPiefJXhabAJlLJl4AaABAg,UgwyPiefJXhabAJlLJl4AaABAg,UCQuTByWcigHh1sDG2ivw25A,"Fetched 05/24/2026, 8:08:10 PM GMT+8"
32088,@daisycastaneda7972,9 days ago,"Go! Go! FIGHT OR FLIGHT- FIGHT, BAGUIO   CITY, HAPPY WATCHING PO MGA KAPATID.",https://www.youtube.com/watch?v=ROa3kbG5M0U&lc=Ugz5Y8AMlj8JlvmYsIF4AaABAg,Ugz5Y8AMlj8JlvmYsIF4AaABAg,UCD3NlGp4eLYcR2RGC7FwnKQ,"Fetched 05/24/2026, 8:08:10 PM GMT+8"
32089,@EleanorMislang,9 days ago,Goodnight n po mga kpatid.from lokal ng Baguio city,https://www.youtube.com/watch?v=ROa3kbG5M0U&lc=UgwYyVLhAG4AuP0WFcd4AaABAg,UgwYyVLhAG4AuP0WFcd4AaABAg,UC-SX89r34HKuT1KlN8J7WTA,"Fetched 05/24/2026, 8:08:10 PM GMT+8"
32090,@egymlee,9 days ago,Magandang gabi po❤❤ / Masayang panonood po / ❤❤❤Go Benguet!!! / Go Lokal ng Atok Gold❤❤,https://www.youtube.com/watch?v=ROa3kbG5M0U&lc=UgzEkTLfv8DwTEQZMIt4AaABAg,UgzEkTLfv8DwTEQZMIt4AaABAg,UCQuTByWcigHh1sDG2ivw25A,"Fetched 05/24/2026, 8:08:10 PM GMT+8"
32091,@reeseroxas8473,9 days ago,Magandang gabi po sa lahat ng manonood mula po sa Lokal ng Baguio City,https://www.youtube.com/watch?v=ROa3kbG5M0U&lc=Ugw-I4cV7ILzCh4_hRV4AaABAg,Ugw-I4cV7ILzCh4_hRV4AaABAg,UCKaOpMA1QPpOjmS7FBdl8Yw,"Fetched 05/24/2026, 8:08:10 PM GMT+8"
32092,@danielsangalang4416,9 days ago,Goo Benguet!!! / Lokal Ng Baguio City,https://www.youtube.com/watch?v=ROa3kbG5M0U&lc=Ugw1xmnsgYg4mTp3M3F4AaABAg,Ugw1xmnsgYg4mTp3M3F4AaABAg,UCd83g5cGg_Es6Qyl02u7jdw,"Fetched 05/24/2026, 8:08:10 PM GMT+8"
32093,@daisycastaneda7972,9 days ago,"Magandang gabi po sa lahat ng mga kapatid ,happy viewing po, pagbati po mula sa lokal ng Baguio City.",https://www.youtube.com/watch?v=ROa3kbG5M0U&lc=UgyduIu0Q7zy2i_3FAd4AaABAg,UgyduIu0Q7zy2i_3FAd4AaABAg,UCD3NlGp4eLYcR2RGC7FwnKQ,"Fetched 05/24/2026, 8:08:10 PM GMT+8"
32094,@levimabutas6628,9 days ago,Nood muna bago matulog baguio city,https://www.youtube.com/watch?v=ROa3kbG5M0U&lc=UgzxawB2_mV4Kb-p9x94AaABAg,UgzxawB2_mV4Kb-p9x94AaABAg,UC5QGmbYttC7jRxZsWK-3kew,"Fetched 05/24/2026, 8:08:10 PM GMT+8"
32095,@joymaylee-e9o,9 days ago,😊😊😊 / Masayang panonood po / ❤❤❤ / God's Love / ❤So inspiring❤ / Lokal ng Atok Gold,https://www.youtube.com/watch?v=ROa3kbG5M0U&lc=Ugz7gVd-6FpSUR2Hw8Z4AaABAg,Ugz7gVd-6FpSUR2Hw8Z4AaABAg,UCVNaOxPbc9ZEHqlMp6TAgMA,"Fetched 05/24/2026, 8:08:10 PM GMT+8"
32096,@Jerald-z6n,9 days ago,Good night po sa Lahat ng Kapatid mula po sa Lokal ng Baguio City,https://www.youtube.com/watch?v=ROa3kbG5M0U&lc=UgzXTBQ4QbpGxUiwQI54AaABAg,UgzXTBQ4QbpGxUiwQI54AaABAg,UC8g_QZnHM6Ifblgpu6cGOqQ,"Fetched 05/24/2026, 8:08:10 PM GMT+8"
32097,@LhexieTindo,9 days ago,"Happy viewing po, mula po sa lokal ng Baguio City!!",https://www.youtube.com/watch?v=ROa3kbG5M0U&lc=Ugwn8xr1bL5GXTYCT1x4AaABAg,Ugwn8xr1bL5GXTYCT1x4AaABAg,UCJ8gw3BSS_9BNm6KDY9I-ng,"Fetched 05/24/2026, 8:08:10 PM GMT+8"
32098,@joymaylee-e9o,9 days ago,❤❤Magandang gabi po❤❤ / INCMC / Benguet / ❤❤❤❤ / Lokal ng Atok Gold,https://www.youtube.com/watch?v=ROa3kbG5M0U&lc=UgzuSezPMuYb93Bbghx4AaABAg,UgzuSezPMuYb93Bbghx4AaABAg,UCVNaOxPbc9ZEHqlMp6TAgMA,"Fetched 05/24/2026, 8:08:10 PM GMT+8"
32099,@jove-anfeliciano4222,9 days ago,"Happy Viewing po mula po sa Lokal ng Penged,Distrito ng Benguet po.",https://www.youtube.com/watch?v=ROa3kbG5M0U&lc=Ugz-NVM667OA9oWdwGp4AaABAg,Ugz-NVM667OA9oWdwGp4AaABAg,UCGmtiWWDuLctG_xCdUaAcgw,"Fetched 05/24/2026, 8:08:10 PM GMT+8"
32100,@GreySantino,9 days ago,go baguio City 🎉,https://www.youtube.com/watch?v=ROa3kbG5M0U&lc=UgxRCs_J5v-0XJ9dcbN4AaABAg,UgxRCs_J5v-0XJ9dcbN4AaABAg,UCgmH8Vmu8sdTmagiLke9JGA,"Fetched 05/24/2026, 8:08:10 PM GMT+8"
32101,@LhexieTindo,9 days ago,Let's Go BENGUET! greetings po sa lahat ng kapatid from lokal ng Baguio City 🥰,https://www.youtube.com/watch?v=ROa3kbG5M0U&lc=UgzZDl1auUNrurj-96t4AaABAg,UgzZDl1auUNrurj-96t4AaABAg,UCJ8gw3BSS_9BNm6KDY9I-ng,"Fetched 05/24/2026, 8:08:10 PM GMT+8"
32102,@NorbertoMislang-k1f,9 days ago,One round pa Baguio City...,https://www.youtube.com/watch?v=ROa3kbG5M0U&lc=UgxjE3LSULG5flo7V0N4AaABAg,UgxjE3LSULG5flo7V0N4AaABAg,UCHrMwbP6cIZPIlWf5nvI8dA,"Fetched 05/24/2026, 8:08:10 PM GMT+8"
32103,@joy-d3n4u,9 days ago,Magandang gabi po / 😊😊😊😊 / Patuloy na sumusuporta po / ❤❤❤❤ / Lokal ng Atok Gold,https://www.youtube.com/watch?v=ROa3kbG5M0U&lc=Ugx_kJN2Hx5ghGl_AMF4AaABAg,Ugx_kJN2Hx5ghGl_AMF4AaABAg,UCdSHn503pqXwdsqmLKce88g,"Fetched 05/24/2026, 8:08:10 PM GMT+8"
32104,@GreySantino,9 days ago,go go go po lokal ng baguio City,https://www.youtube.com/watch?v=ROa3kbG5M0U&lc=UgxvgBabsbezLb9NXZB4AaABAg,UgxvgBabsbezLb9NXZB4AaABAg,UCgmH8Vmu8sdTmagiLke9JGA,"Fetched 05/24/2026, 8:08:10 PM GMT+8"
32105,@Evym-u3k,9 days ago,❤We Love / INCMV❤ / 🎉God's / Love❤❤ / 🎉Lokal ng Atok Gold❤,https://www.youtube.com/watch?v=ROa3kbG5M0U&lc=Ugz-HTWF_NQrHVRSjWR4AaABAg,Ugz-HTWF_NQrHVRSjWR4AaABAg,UCNNZdfWg4Hutqdsq_H5oCHQ,"Fetched 05/24/2026, 8:08:10 PM GMT+8"
32106,@JonnerGuilod-ye5rs,9 days ago,Shout out po! / Lokal ng Baguio City!,https://www.youtube.com/watch?v=ROa3kbG5M0U&lc=Ugx-Fr3icxUlH3FETeh4AaABAg,Ugx-Fr3icxUlH3FETeh4AaABAg,UCqAZvKcFKWAYBEWjNAhZEZw,"Fetched 05/24/2026, 8:08:10 PM GMT+8"
32107,@JonnerGuilod-ye5rs,9 days ago,Shout out po! / Lokal ng Baguio City!,https://www.youtube.com/watch?v=ROa3kbG5M0U&lc=Ugz6cCZugPrhfVr5LyR4AaABAg,Ugz6cCZugPrhfVr5LyR4AaABAg,UCqAZvKcFKWAYBEWjNAhZEZw,"Fetched 05/24/2026, 8:08:10 PM GMT+8"
32108,@JonnerGuilod-ye5rs,9 days ago,Go Baguio city,https://www.youtube.com/watch?v=ROa3kbG5M0U&lc=UgzVgPF4KgOe29W1m494AaABAg,UgzVgPF4KgOe29W1m494AaABAg,UCqAZvKcFKWAYBEWjNAhZEZw,"Fetched 05/24/2026, 8:08:10 PM GMT+8"
32109,@erisscc,9 days ago,Happy viewing from Kalihiman of Baguio City! 💗,https://www.youtube.com/watch?v=ROa3kbG5M0U&lc=UgyhtGeZvxPCXNS8HM54AaABAg,UgyhtGeZvxPCXNS8HM54AaABAg,UCzcVh63D4KQUlzNdzYz9WYg,"Fetched 05/24/2026, 8:08:10 PM GMT+8"
32110,@erisscc,9 days ago,Happy viewing from Kalihiman of Baguio City! 💗,https://www.youtube.com/watch?v=ROa3kbG5M0U&lc=Ugwor2zYEo4t-jWGeMF4AaABAg,Ugwor2zYEo4t-jWGeMF4AaABAg,UCzcVh63D4KQUlzNdzYz9WYg,"Fetched 05/24/2026, 8:08:10 PM GMT+8"
32111,@j-elfym,9 days ago,Masayang panonood po!!! / Nakakawalang pagod po / kapag nanonood ng / INCMV-God's Love / ❤❤❤Lokal ng Atok Gold❤,https://www.youtube.com/watch?v=ROa3kbG5M0U&lc=Ugwv9qEQdTIREsKt3ed4AaABAg,Ugwv9qEQdTIREsKt3ed4AaABAg,UCQSZMpTel4mf79JxQGEU3rg,"Fetched 05/24/2026, 8:08:10 PM GMT+8"
32112,@erisscc,9 days ago,Happy viewing from Kalihiman of Baguio City! 💗,https://www.youtube.com/watch?v=ROa3kbG5M0U&lc=UgxztIX5BxsX_7lcFGt4AaABAg,UgxztIX5BxsX_7lcFGt4AaABAg,UCzcVh63D4KQUlzNdzYz9WYg,"Fetched 05/24/2026, 8:08:10 PM GMT+8"
32113,@erisscc,9 days ago,Happy viewing from Kalihiman of Baguio City! 💗,https://www.youtube.com/watch?v=ROa3kbG5M0U&lc=UgwDbSeYOaHqfLCovRh4AaABAg,UgwDbSeYOaHqfLCovRh4AaABAg,UCzcVh63D4KQUlzNdzYz9WYg,"Fetched 05/24/2026, 8:08:10 PM GMT+8"
32114,@erisscc,9 days ago,Happy viewing from Kalihiman of Baguio City! 💗,https://www.youtube.com/watch?v=ROa3kbG5M0U&lc=Ugz5SCjXqUi-DbeFl8J4AaABAg,Ugz5SCjXqUi-DbeFl8J4AaABAg,UCzcVh63D4KQUlzNdzYz9WYg,"Fetched 05/24/2026, 8:08:10 PM GMT+8"
32115,@erisscc,9 days ago,Happy viewing from Kalihiman of Baguio City! 💗,https://www.youtube.com/watch?v=ROa3kbG5M0U&lc=Ugye9t28J7yjhttgjsZ4AaABAg,Ugye9t28J7yjhttgjsZ4AaABAg,UCzcVh63D4KQUlzNdzYz9WYg,"Fetched 05/24/2026, 8:08:10 PM GMT+8"
32116,@erisscc,9 days ago,Happy viewing from Kalihiman of Baguio City! 💗,https://www.youtube.com/watch?v=ROa3kbG5M0U&lc=Ugx0EvFdMG1qhCJCzwx4AaABAg,Ugx0EvFdMG1qhCJCzwx4AaABAg,UCzcVh63D4KQUlzNdzYz9WYg,"Fetched 05/24/2026, 8:08:10 PM GMT+8"
32117,@erisscc,9 days ago,Happy viewing from Kalihiman of Baguio City! 💗,https://www.youtube.com/watch?v=ROa3kbG5M0U&lc=UgwiE3SJI_4Ao1u7qRB4AaABAg,UgwiE3SJI_4Ao1u7qRB4AaABAg,UCzcVh63D4KQUlzNdzYz9WYg,"Fetched 05/24/2026, 8:08:10 PM GMT+8"
32118,@erisscc,9 days ago,Happy viewing from Kalihiman of Baguio City! 💗,https://www.youtube.com/watch?v=ROa3kbG5M0U&lc=UgyKl6owsDEiOQBcaxl4AaABAg,UgyKl6owsDEiOQBcaxl4AaABAg,UCzcVh63D4KQUlzNdzYz9WYg,"Fetched 05/24/2026, 8:08:10 PM GMT+8"
32119,@erisscc,9 days ago,Happy viewing from Kalihiman of Baguio City! 💗,https://www.youtube.com/watch?v=ROa3kbG5M0U&lc=Ugx17E3SlsgVczBf27t4AaABAg,Ugx17E3SlsgVczBf27t4AaABAg,UCzcVh63D4KQUlzNdzYz9WYg,"Fetched 05/24/2026, 8:08:10 PM GMT+8"
32120,@erisscc,9 days ago,Happy viewing from Kalihiman of Baguio City! 💗,https://www.youtube.com/watch?v=ROa3kbG5M0U&lc=Ugxfo8ykK80D8PE4rzd4AaABAg,Ugxfo8ykK80D8PE4rzd4AaABAg,UCzcVh63D4KQUlzNdzYz9WYg,"Fetched 05/24/2026, 8:08:10 PM GMT+8"
32121,@erisscc,9 days ago,Happy viewing from Kalihiman of Baguio City! 💗,https://www.youtube.com/watch?v=ROa3kbG5M0U&lc=UgwthQ5XtNAX3ykvyNZ4AaABAg,UgwthQ5XtNAX3ykvyNZ4AaABAg,UCzcVh63D4KQUlzNdzYz9WYg,"Fetched 05/24/2026, 8:08:10 PM GMT+8"
32122,@erisscc,9 days ago,Happy viewing from Kalihiman of Baguio City! 💗,https://www.youtube.com/watch?v=ROa3kbG5M0U&lc=Ugx3AxEFySBmKMrUwM54AaABAg,Ugx3AxEFySBmKMrUwM54AaABAg,UCzcVh63D4KQUlzNdzYz9WYg,"Fetched 05/24/2026, 8:08:10 PM GMT+8"
32123,@erisscc,9 days ago,Happy viewing from Kalihiman of Baguio City! 💗,https://www.youtube.com/watch?v=ROa3kbG5M0U&lc=Ugztt90hfOaLOUovVMd4AaABAg,Ugztt90hfOaLOUovVMd4AaABAg,UCzcVh63D4KQUlzNdzYz9WYg,"Fetched 05/24/2026, 8:08:10 PM GMT+8"
32124,@erisscc,9 days ago,Happy viewing from Kalihiman of Baguio City! 💗,https://www.youtube.com/watch?v=ROa3kbG5M0U&lc=UgwBTOQsEQhs_j4nnFF4AaABAg,UgwBTOQsEQhs_j4nnFF4AaABAg,UCzcVh63D4KQUlzNdzYz9WYg,"Fetched 05/24/2026, 8:08:10 PM GMT+8"
32125,@erisscc,9 days ago,Happy viewing from Kalihiman of Baguio City! 💗,https://www.youtube.com/watch?v=ROa3kbG5M0U&lc=UgyIlI9aeMeekG63pxF4AaABAg,UgyIlI9aeMeekG63pxF4AaABAg,UCzcVh63D4KQUlzNdzYz9WYg,"Fetched 05/24/2026, 8:08:10 PM GMT+8"
32126,@iya-k7j,9 days ago,"""His / wondrous / Love"" / ❤❤❤❤ / Lokal ng Atok Gold",https://www.youtube.com/watch?v=ROa3kbG5M0U&lc=UgwqxGFl_lZO-hqeKUp4AaABAg,UgwqxGFl_lZO-hqeKUp4AaABAg,UC_R2GfmFAjE8k8DgEjmtv7g,"Fetched 05/24/2026, 8:08:10 PM GMT+8"
32127,@mayvehn,9 days ago,God's Love / ❤❤❤ / Happy  / watching / ❤❤❤ / Lokal ng Atok Gold,https://www.youtube.com/watch?v=ROa3kbG5M0U&lc=UgxAjP-T3BvKRqSstcV4AaABAg,UgxAjP-T3BvKRqSstcV4AaABAg,UCivhdJ2CQeLK8tlG7Wh2BSQ,"Fetched 05/24/2026, 8:08:10 PM GMT+8"
32128,@NancyMoyano-r7u,9 days ago (edited),"""Hold on to your faith, let God set you free... And you'll find out exactly where you meant to be."" /  / Still watching and supporting from Baguio City locale🙏",https://www.youtube.com/watch?v=ROa3kbG5M0U&lc=UgwK25RoIGztiCluSpx4AaABAg,UgwK25RoIGztiCluSpx4AaABAg,UCIZH5g0o-lHJidrq7pdjV5w,"Fetched 05/24/2026, 8:08:10 PM GMT+8"
32129,@joylee1468,9 days ago,Masayang panonood po / ❤❤❤❤ / INCMV / 🎉🎉🎉🎉 / Benguet / ❤❤❤❤ / Lokal ng Atok Gold,https://www.youtube.com/watch?v=ROa3kbG5M0U&lc=UgzmDMEnYBtDhD4OkrV4AaABAg,UgzmDMEnYBtDhD4OkrV4AaABAg,UC7UWPgNV4p4GGKzoeFbHS8g,"Fetched 05/24/2026, 8:08:10 PM GMT+8"
32130,@EleanorMislang,9 days ago,Tuloy lng po sa pagsuporta from locale of Baguio city,https://www.youtube.com/watch?v=ROa3kbG5M0U&lc=Ugy5ReSaSv7BD_M8a8x4AaABAg,Ugy5ReSaSv7BD_M8a8x4AaABAg,UC-SX89r34HKuT1KlN8J7WTA,"Fetched 05/24/2026, 8:08:10 PM GMT+8"
32131,@FELIXCASTILLO-d6k,9 days ago,Baguio City,https://www.youtube.com/watch?v=ROa3kbG5M0U&lc=Ugx5cIK8uW0KnhXBTYt4AaABAg,Ugx5cIK8uW0KnhXBTYt4AaABAg,UCzYZJSgSHmHSChay7k3DlyA,"Fetched 05/24/2026, 8:08:10 PM GMT+8"
32132,@NorbertoMislang-k1f,9 days ago,Baguio City kaisa...,https://www.youtube.com/watch?v=ROa3kbG5M0U&lc=UgxaIanNmpAoM3HSrrV4AaABAg,UgxaIanNmpAoM3HSrrV4AaABAg,UCHrMwbP6cIZPIlWf5nvI8dA,"Fetched 05/24/2026, 8:08:10 PM GMT+8"
32133,@primegarlitos4166,9 days ago,Helo Baguio City!,https://www.youtube.com/watch?v=ROa3kbG5M0U&lc=UgyUYygBiN2oGIlKM9V4AaABAg,UgyUYygBiN2oGIlKM9V4AaABAg,UCCLVWodbPklUEkhu-BVHHMw,"Fetched 05/24/2026, 8:08:10 PM GMT+8"
32134,@vinareverie,9 days ago,Let's goo Benguet! Shout-out po Lokal ng Baguio City 🎉❤,https://www.youtube.com/watch?v=ROa3kbG5M0U&lc=UgzqRRcIfMyiUQVnf6l4AaABAg,UgzqRRcIfMyiUQVnf6l4AaABAg,UC329KEUzihRW-rNfQbUNVuA,"Fetched 05/24/2026, 8:08:10 PM GMT+8"
32135,@marymabel9963,9 days ago,Happy Viewing po from kalihiman of Baguio City!!🤍🤍,https://www.youtube.com/watch?v=ROa3kbG5M0U&lc=UgwRH2Iyw_TMAiEMXDh4AaABAg,UgwRH2Iyw_TMAiEMXDh4AaABAg,UCm3jsoQ96QduiG6TjbMEWng,"Fetched 05/24/2026, 8:08:10 PM GMT+8"
32136,@merwinmaiz4972,9 days ago,Happy viewing po from Kalihiman  ng Baguio City!!😊❤,https://www.youtube.com/watch?v=ROa3kbG5M0U&lc=Ugz4QTmc1TQm0Mj_gQd4AaABAg,Ugz4QTmc1TQm0Mj_gQd4AaABAg,UCAFUUNBV7hZ0l_w24cyu2lg,"Fetched 05/24/2026, 8:08:10 PM GMT+8"
32137,@gladysabad8665,9 days ago,Good evening po..bago matulog manood po tayo ulit... /  / Shout out to all ... lalo na po sa lokal ng camp 8,https://www.youtube.com/watch?v=ROa3kbG5M0U&lc=UgzHd3c8dKEh3m_Rd0l4AaABAg,UgzHd3c8dKEh3m_Rd0l4AaABAg,UCp31Lwos5f6VPnIY9zaFbRA,"Fetched 05/24/2026, 8:08:10 PM GMT+8"
32138,@PHEBIE-f7h,9 days ago,"The message of the song God's Love resonates with my whoke family. Together, we watch and listen to show our support here in AtokGold Locale.",https://www.youtube.com/watch?v=ROa3kbG5M0U&lc=Ugznk-XtYtWn0UGioNp4AaABAg,Ugznk-XtYtWn0UGioNp4AaABAg,UCNkJMMXP19AJSsNov8Fp3Ag,"Fetched 05/24/2026, 8:08:10 PM GMT+8"
32139,@rositabusto8331,9 days ago,"Magandang gabi po mga kapatid, pagbati mula po sa Lokal ng Guisad, Distrito ng Benguet",https://www.youtube.com/watch?v=ROa3kbG5M0U&lc=Ugx4plkQ4uLvmgWyBYt4AaABAg,Ugx4plkQ4uLvmgWyBYt4AaABAg,UCnjuSpyxGaE5ZrCJvXkLPHw,"Fetched 05/24/2026, 8:08:10 PM GMT+8"
32140,@EleanorMislang,9 days ago,Go Benguet!! From local congregation of Baguio city ❤️,https://www.youtube.com/watch?v=ROa3kbG5M0U&lc=Ugyf20u5RdWRQrW8tdN4AaABAg,Ugyf20u5RdWRQrW8tdN4AaABAg,UC-SX89r34HKuT1KlN8J7WTA,"Fetched 05/24/2026, 8:08:10 PM GMT+8"
32141,@Its_Handsome_Kurtzky5442,9 days ago (edited),Letzzz Gooo Benguet 🎉🎉,https://www.youtube.com/watch?v=ROa3kbG5M0U&lc=Ugwifh16SqKJDtrQ7pB4AaABAg,Ugwifh16SqKJDtrQ7pB4AaABAg,UC8-5OKyruhxurhAkxdT5SlQ,"Fetched 05/24/2026, 8:08:10 PM GMT+8"
32142,@almazanrhyndylyn,9 days ago,"Road to 22k na 😮😮😮... At nakakahalati na... Pero sa gitna ng tagumpay, ipapamalas pa rin ang pakikipagkaisa at patuloy na pagsuporta. /   / Good night. /  / Lokal ng Norcar  / Benguet Kadiwa❤❤",https://www.youtube.com/watch?v=ROa3kbG5M0U&lc=Ugw05zjkgVOBXvRTUIN4AaABAg,Ugw05zjkgVOBXvRTUIN4AaABAg,UCEoQCNgytnJxjJnAQLSzFeA,"Fetched 05/24/2026, 8:08:10 PM GMT+8"
32143,@cherrydevera8251,9 days ago,Hello po sa aming magiting na Destinado Ka Norbert Mislang from baguio city,https://www.youtube.com/watch?v=ROa3kbG5M0U&lc=UgwRhWKHukCDZzCLpAh4AaABAg,UgwRhWKHukCDZzCLpAh4AaABAg,UCrod3zHPNdFZBv-HyVuLJ3g,"Fetched 05/24/2026, 8:08:10 PM GMT+8"
32144,@cherrydevera8251,9 days ago,Hello po sa lahat ng performers and prod team.. Congratulations po sa lahat from. Lokal ng baguio city,https://www.youtube.com/watch?v=ROa3kbG5M0U&lc=Ugyu1N47tCVE6p8X1kR4AaABAg,Ugyu1N47tCVE6p8X1kR4AaABAg,UCrod3zHPNdFZBv-HyVuLJ3g,"Fetched 05/24/2026, 8:08:10 PM GMT+8"
32145,@grayvalentine770,9 days ago,Watching po from lokal ng Baguio City,https://www.youtube.com/watch?v=ROa3kbG5M0U&lc=UgxXLoe2IOkqs5L7cdB4AaABAg,UgxXLoe2IOkqs5L7cdB4AaABAg,UCA8J9BuI7nPbZ3E1OSaMTeg,"Fetched 05/24/2026, 8:08:10 PM GMT+8"
32146,@NorbertoMislang-k1f,9 days ago,Lokal ng Baguio City fight....,https://www.youtube.com/watch?v=ROa3kbG5M0U&lc=UgyTF11m1XuveJSOgHV4AaABAg,UgyTF11m1XuveJSOgHV4AaABAg,UCHrMwbP6cIZPIlWf5nvI8dA,"Fetched 05/24/2026, 8:08:10 PM GMT+8"
32147,@joylee1468,9 days ago,😊😊😊😊 / Happy viewing po / ❤❤❤❤ / INCMV / 🎉🎉🎉🎉 / Go Distrito ng Benguet / ❤❤Go Lokal ng Atok Gold❤❤,https://www.youtube.com/watch?v=ROa3kbG5M0U&lc=UgxgV42hF2BGoPgAAN14AaABAg,UgxgV42hF2BGoPgAAN14AaABAg,UC7UWPgNV4p4GGKzoeFbHS8g,"Fetched 05/24/2026, 8:08:10 PM GMT+8"
32148,@EleanorMislang,9 days ago,Go Go Go district of Benguet.watching from locale of Baguio city,https://www.youtube.com/watch?v=ROa3kbG5M0U&lc=Ugy1slfmdFpm0nVXKwJ4AaABAg,Ugy1slfmdFpm0nVXKwJ4AaABAg,UC-SX89r34HKuT1KlN8J7WTA,"Fetched 05/24/2026, 8:08:10 PM GMT+8"
32149,@JessicaCardenas-k6m,9 days ago,Happy viewing po from Lokal ng Penged! Distrito ng Penged.,https://www.youtube.com/watch?v=ROa3kbG5M0U&lc=UgyscEs44ktB8KVuCwh4AaABAg,UgyscEs44ktB8KVuCwh4AaABAg,UCTT1Y2UitCnt3rllytWVdnw,"Fetched 05/24/2026, 8:08:10 PM GMT+8"
32150,@PHEBIE-f7h,9 days ago,"From LOKAL NG ATOKGOLD, supporting Benguet District's entry for INCMV AWARDS. / GO GO GO BENGUET ❤",https://www.youtube.com/watch?v=ROa3kbG5M0U&lc=UgxW1Hj5Gbi2w1EXYnZ4AaABAg,UgxW1Hj5Gbi2w1EXYnZ4AaABAg,UCNkJMMXP19AJSsNov8Fp3Ag,"Fetched 05/24/2026, 8:08:10 PM GMT+8"
32151,@PHEBIE-f7h,9 days ago,"""Hold on to your faith; Let God set you free.""  / God's Love for His children is eternal. / Streaming here from the Locale Congregation of AtokGold.",https://www.youtube.com/watch?v=ROa3kbG5M0U&lc=UgwJzJUlNUgCId1g2kN4AaABAg,UgwJzJUlNUgCId1g2kN4AaABAg,UCNkJMMXP19AJSsNov8Fp3Ag,"Fetched 05/24/2026, 8:08:10 PM GMT+8"
32152,@Jayvie-z9m,9 days ago,"Let's go, Benguet! 🎉 Greetings to all brethren, mula po sa Lokal ng Baguio",https://www.youtube.com/watch?v=ROa3kbG5M0U&lc=UgwKYp47D45EPmga7Ip4AaABAg,UgwKYp47D45EPmga7Ip4AaABAg,UCZeSyCsFwepYwgNm9YvWCmg,"Fetched 05/24/2026, 8:08:10 PM GMT+8"
32153,@camelitapasag6018,9 days ago,Masayang panonood po mga kapatid...Pagbati po mUla sa UCAB GWS Lokal ng GIBRALTAR...,https://www.youtube.com/watch?v=ROa3kbG5M0U&lc=UgzCy_lTkvanSDseVu94AaABAg,UgzCy_lTkvanSDseVu94AaABAg,UCIqVoAJs6UNYwI635HYBiEQ,"Fetched 05/24/2026, 8:08:10 PM GMT+8"
32154,@dansolomondaniwis98,9 days ago,Happy Viewing po mula sa lokal ng Ambiong,https://www.youtube.com/watch?v=ROa3kbG5M0U&lc=UgzHA3V6Q7NF9CQR9KV4AaABAg,UgzHA3V6Q7NF9CQR9KV4AaABAg,UCMyOD8ulZ7hECicbByo2ZVQ,"Fetched 05/24/2026, 8:08:10 PM GMT+8"
32155,@mayvehn,9 days ago,❤❤❤ / INCMV / ❤❤❤ / Distrito ng Benguet / 🎉🎉🎉 / Lokal ng Atok Gold,https://www.youtube.com/watch?v=ROa3kbG5M0U&lc=UgwsxZE-knTIIjTNcy14AaABAg,UgwsxZE-knTIIjTNcy14AaABAg,UCivhdJ2CQeLK8tlG7Wh2BSQ,"Fetched 05/24/2026, 8:08:10 PM GMT+8"
32156,@mayvehn,9 days ago,🎉🎉🎉 / Go / Benguet / 🎉🎉🎉 / Go Lokal ng Atok Gold,https://www.youtube.com/watch?v=ROa3kbG5M0U&lc=UgzfCWJKK1BeHaj5SNl4AaABAg,UgzfCWJKK1BeHaj5SNl4AaABAg,UCivhdJ2CQeLK8tlG7Wh2BSQ,"Fetched 05/24/2026, 8:08:10 PM GMT+8"
32157,@hollyannsabado,9 days ago,"happy viewing and listening from lokal ng tomay,distrito ng benguet",https://www.youtube.com/watch?v=ROa3kbG5M0U&lc=UgxXPUZMkL5tOjkndP94AaABAg,UgxXPUZMkL5tOjkndP94AaABAg,UCP4CiHQHI5zdqv1zUzWgHOA,"Fetched 05/24/2026, 8:08:10 PM GMT+8"
32158,@ArleenLana-l3o,9 days ago,"Happy viewing po especailly sa mga Kalihim/Registry....mula po sa lokal ng Tomay, Benguet",https://www.youtube.com/watch?v=ROa3kbG5M0U&lc=UgzbrxVEjz24T_gK8BF4AaABAg,UgzbrxVEjz24T_gK8BF4AaABAg,UCATdNCToNYN5w0MfQphk92g,"Fetched 05/24/2026, 8:08:10 PM GMT+8"
32159,@NorbertoMislang-k1f,9 days ago,Salamat sa lahat ng lokal sa pagsuporta from lokal of baguio city..,https://www.youtube.com/watch?v=ROa3kbG5M0U&lc=UgyfqhJfNHvElAltmcF4AaABAg,UgyfqhJfNHvElAltmcF4AaABAg,UCHrMwbP6cIZPIlWf5nvI8dA,"Fetched 05/24/2026, 8:08:10 PM GMT+8"
32160,@mayvehn,9 days ago,Masayang / panonood po / ❤❤❤ / Go Benguet!!!! / ❤Lokal ng Atok Gold❤,https://www.youtube.com/watch?v=ROa3kbG5M0U&lc=Ugx9baIoFqp_cEc8tz14AaABAg,Ugx9baIoFqp_cEc8tz14AaABAg,UCivhdJ2CQeLK8tlG7Wh2BSQ,"Fetched 05/24/2026, 8:08:10 PM GMT+8"
32161,@maureenpassian6684,9 days ago (edited),"Happy Viewing po mga Kapatid👋. /  / ""His love so divine and God  always has our back""🎶🎶 /  / #GoBenguet /  / Pagbati po mula sa Lokal ng Bangho.😊✨",https://www.youtube.com/watch?v=ROa3kbG5M0U&lc=Ugxr5oNvggsFhEzho414AaABAg,Ugxr5oNvggsFhEzho414AaABAg,UCMwsSjHqXUZ2h2FzdiS-TUA,"Fetched 05/24/2026, 8:08:10 PM GMT+8"
32162,@nomadtechexplorers,9 days ago,❤❤❤❤,https://www.youtube.com/watch?v=ROa3kbG5M0U&lc=UgxvjPvW9j6YktkK3Pp4AaABAg,UgxvjPvW9j6YktkK3Pp4AaABAg,UCniV7vjFBY_X72MV2iReIwg,"Fetched 05/24/2026, 8:08:10 PM GMT+8"
32163,@mayvehn,9 days ago,❤❤❤ / Happy / viewing po / 🎉🎉🎉 / Lokal ng Atok Gold,https://www.youtube.com/watch?v=ROa3kbG5M0U&lc=UgymjZ1MmbASd94aNNl4AaABAg,UgymjZ1MmbASd94aNNl4AaABAg,UCivhdJ2CQeLK8tlG7Wh2BSQ,"Fetched 05/24/2026, 8:08:10 PM GMT+8"
32164,@rejomartayaban,9 days ago,Goodevvveeee po mga kapatid!! Walang tigil po sa pagkakaisa ang mga kapisanang kadiwa dito po sa La Trinidad.. Enjoyy po!!🤍,https://www.youtube.com/watch?v=ROa3kbG5M0U&lc=UgyxMW_OwN8ZphtNi8Z4AaABAg,UgyxMW_OwN8ZphtNi8Z4AaABAg,UCi7RYRPFL6HTFaScpYFJMJQ,"Fetched 05/24/2026, 8:08:10 PM GMT+8"
32165,@agudongdencebaylorb.6757,9 days ago,"Baguiooooooooo CItyyyyyyyyyyyyy, Fight Fight Fight",https://www.youtube.com/watch?v=ROa3kbG5M0U&lc=UgwMbnj0O4oxCG7UHnV4AaABAg,UgwMbnj0O4oxCG7UHnV4AaABAg,UCk7OB5KugstrmQSDU7Q4lDQ,"Fetched 05/24/2026, 8:08:10 PM GMT+8"
32166,@geneprado-ro1lf,9 days ago,"Happy viewing po From locale of Baguio City!!! Fight , fight, fight!!!!",https://www.youtube.com/watch?v=ROa3kbG5M0U&lc=UgyVBeCeF42iPmy2nJ14AaABAg,UgyVBeCeF42iPmy2nJ14AaABAg,UC2Z9rmo043mQs6MJc9yF7XA,"Fetched 05/24/2026, 8:08:10 PM GMT+8"
32167,@jojovillamor1162,9 days ago,"Good evening po. / Watching from lokal ng Baguio city, Distrito ng Benguet.",https://www.youtube.com/watch?v=ROa3kbG5M0U&lc=UgytV0kZMRaaTGDzHV14AaABAg,UgytV0kZMRaaTGDzHV14AaABAg,UCsX0DAm3QC9n23HR6kbFodQ,"Fetched 05/24/2026, 8:08:10 PM GMT+8"
32168,@EddieDeLunaSuarez,9 days ago,fromm quezon hill watching,https://www.youtube.com/watch?v=ROa3kbG5M0U&lc=UgxUDWOgSK2rQvukWMN4AaABAg,UgxUDWOgSK2rQvukWMN4AaABAg,UCNZEartqeECGzBcQmNA2S0w,"Fetched 05/24/2026, 8:08:10 PM GMT+8"
32169,@MarkAnthonyAlvior-dm8pq,9 days ago,"Good evening po mga kabagis, happy viewing po sa ating lahat, Mula po dito sa lokal ng Greenwater distrito ng Benguet ♥️🙏",https://www.youtube.com/watch?v=ROa3kbG5M0U&lc=UgzANrE_y44WdReJ9EF4AaABAg,UgzANrE_y44WdReJ9EF4AaABAg,UC0cg01D5crTJKa0gjb0tVzg,"Fetched 05/24/2026, 8:08:10 PM GMT+8"
32170,@jericogenove5640,9 days ago,Happy viewing po mga kpatid from lokal ng Penged,https://www.youtube.com/watch?v=ROa3kbG5M0U&lc=UgyWlmjbwDY7gaPcygh4AaABAg,UgyWlmjbwDY7gaPcygh4AaABAg,UCGgUwSigZJ6A2ABXrBTzq6A,"Fetched 05/24/2026, 8:08:10 PM GMT+8"
32171,@yzabelgayadan6013,9 days ago,Good evening po. Happy watching po sa lahat!  /  / Hello din po sa mga KDO! Lets Go Benguet!!🥰 /  / -mula po sa Kalihiman/Registry ng Marcos Highway🎉,https://www.youtube.com/watch?v=ROa3kbG5M0U&lc=UgwYz65iETTq3s_gXxt4AaABAg,UgwYz65iETTq3s_gXxt4AaABAg,UCdZGb4w25RyQ_9_blAErBaQ,"Fetched 05/24/2026, 8:08:10 PM GMT+8"
32172,@joannevillamor5443,9 days ago,"Good evening everyone. Currently watching from Local of Baguio City, Benguet",https://www.youtube.com/watch?v=ROa3kbG5M0U&lc=UgyPeajH8Dw5ZSSKpcR4AaABAg,UgyPeajH8Dw5ZSSKpcR4AaABAg,UCUdqvb0fY6NruOlHUfvBFMA,"Fetched 05/24/2026, 8:08:10 PM GMT+8"
32173,@NathanBanna,9 days ago,Let's Gooo Benguet🎉🎉 / Happy viewing po from lokal ng La Trinidad❤,https://www.youtube.com/watch?v=ROa3kbG5M0U&lc=Ugxalbs-gV5I3XHNAIl4AaABAg,Ugxalbs-gV5I3XHNAIl4AaABAg,UCvf0rrhZoHH-dXIz5hiH80A,"Fetched 05/24/2026, 8:08:10 PM GMT+8"
32174,@alexissumilep-akitan,9 days ago,"Good evening po mga kapatid, mainit na pagbati po mula sa Kalihiman ng lokal ng Quezon Hill",https://www.youtube.com/watch?v=ROa3kbG5M0U&lc=Ugz80CYCE5J33Gw67qF4AaABAg,Ugz80CYCE5J33Gw67qF4AaABAg,UCjLw8KfZA1ZX3DYq3aCogsQ,"Fetched 05/24/2026, 8:08:10 PM GMT+8"
32175,@deliamanuel7634,9 days ago,"Watch and share naka feel better for a tiring day. From kalihiman, registry",https://www.youtube.com/watch?v=ROa3kbG5M0U&lc=UgzruR4i8FpRU00vxlh4AaABAg,UgzruR4i8FpRU00vxlh4AaABAg,UCCdUKOFPDUu8k1jR2R7MOdw,"Fetched 05/24/2026, 8:08:10 PM GMT+8"
32176,@NeliaChico,9 days ago,Happy Viewing po mga Kapatid pagbati po mula sa Lokal Ng Bangho Distrito Ng Benguet.😊❤,https://www.youtube.com/watch?v=ROa3kbG5M0U&lc=Ugwu7qWwjh9qchT9HKt4AaABAg,Ugwu7qWwjh9qchT9HKt4AaABAg,UCOFv5a1Tc3dDW9BXYlI1iQQ,"Fetched 05/24/2026, 8:08:10 PM GMT+8"
32177,@LhexieTindo,9 days ago,"Let’s Go BENGUET 🍓🎉 ,greetings po sa lahat ng maytungkulin sa kapisanang Binhi! 🥰 /  / from lokal po ng Baguio City",https://www.youtube.com/watch?v=ROa3kbG5M0U&lc=UgzZIuHY0NMv5FnFH_N4AaABAg,UgzZIuHY0NMv5FnFH_N4AaABAg,UCJ8gw3BSS_9BNm6KDY9I-ng,"Fetched 05/24/2026, 8:08:10 PM GMT+8"
32178,@EleanorMislang,9 days ago,Supporting here from locale of Baguio city.❤,https://www.youtube.com/watch?v=ROa3kbG5M0U&lc=UgyNWieQ1Fk6Rv0mNrt4AaABAg,UgyNWieQ1Fk6Rv0mNrt4AaABAg,UC-SX89r34HKuT1KlN8J7WTA,"Fetched 05/24/2026, 8:08:10 PM GMT+8"
32179,@Kris-t2c3w,9 days ago,Greetings everyone💖💖💖 ! Tuloy-tuloy po ang ating  pagsuporta 🫶🫶🫶 / -Lokal ng La Trinidad✨✨✨,https://www.youtube.com/watch?v=ROa3kbG5M0U&lc=UgxAPbWXwcCoOokOuvp4AaABAg,UgxAPbWXwcCoOokOuvp4AaABAg,UC2lYdlqDj3_tl0-uR11174A,"Fetched 05/24/2026, 8:08:10 PM GMT+8"
32180,@haielei2869,9 days ago,Karaoke na po natin ang God's Love 😘🫶🏻 Lokal ng Norcar,https://www.youtube.com/watch?v=ROa3kbG5M0U&lc=UgzKJmE-xq4OsEGMcct4AaABAg,UgzKJmE-xq4OsEGMcct4AaABAg,UCf3PWHW8mj2mncX07kw9ZQw,"Fetched 05/24/2026, 8:08:10 PM GMT+8"
32181,@arthurpassian36,9 days ago,congrats Benguet mula sa lokal ng Queson hill dstrito ng Benguet happy vieweng,https://www.youtube.com/watch?v=ROa3kbG5M0U&lc=Ugw26bSu7f0mi3UjAZN4AaABAg,Ugw26bSu7f0mi3UjAZN4AaABAg,UCcnaUWfdvobP-90ZBk8Zy7g,"Fetched 05/24/2026, 8:08:10 PM GMT+8"
32182,@axeliee-m5u,9 days ago,Happy viewing po mga kapatid ❤️‍🔥 /  / Walang sawa po ang pagsuporta ng mga taga Lokal ng La Trinidad 🍄,https://www.youtube.com/watch?v=ROa3kbG5M0U&lc=Ugy6AySJ2IM7Dqr3US54AaABAg,Ugy6AySJ2IM7Dqr3US54AaABAg,UCxjmGS0yLlCMs4Fe-AqbHFw,"Fetched 05/24/2026, 8:08:10 PM GMT+8"
32183,@arthurpassian36,9 days ago,happy vieweng mga kptd mula sa lokal ng Queson hill dstrito ng Benguet,https://www.youtube.com/watch?v=ROa3kbG5M0U&lc=Ugy9bN4krOcV5nd3NWV4AaABAg,Ugy9bN4krOcV5nd3NWV4AaABAg,UCcnaUWfdvobP-90ZBk8Zy7g,"Fetched 05/24/2026, 8:08:10 PM GMT+8"
32184,@danielsangalang4416,9 days ago,Belated happy birthday po sa aming KSKP ng Benguet mula po sa kapisanang KADIWA ng Baguio City,https://www.youtube.com/watch?v=ROa3kbG5M0U&lc=UgzpQm4CgdoVh1f82Ch4AaABAg,UgzpQm4CgdoVh1f82Ch4AaABAg,UCd83g5cGg_Es6Qyl02u7jdw,"Fetched 05/24/2026, 8:08:10 PM GMT+8"
32185,@danielsangalang4416,9 days ago,Goooo Benguet!!! / Kalihiman/Registry ng Baguio City,https://www.youtube.com/watch?v=ROa3kbG5M0U&lc=Ugyk-TB8MQbhuagIW394AaABAg,Ugyk-TB8MQbhuagIW394AaABAg,UCd83g5cGg_Es6Qyl02u7jdw,"Fetched 05/24/2026, 8:08:10 PM GMT+8"
32186,@Its_Handsome_Kurtzky5442,9 days ago,Magandang Gabi po mga kapatid / Tuloy parin ang Supporta at panonood po / Pagbati rin po mula sa Lokal ng Tuba Distrito ng Benguet at sa mga KADIWA at PNK po,https://www.youtube.com/watch?v=ROa3kbG5M0U&lc=UgwyvLpTPvyguyzL4_R4AaABAg,UgwyvLpTPvyguyzL4_R4AaABAg,UC8-5OKyruhxurhAkxdT5SlQ,"Fetched 05/24/2026, 8:08:10 PM GMT+8"
32187,@hutchastodellopolon5811,9 days ago,"Maligayang panonood po mga kapatid. Greetings from: Lokal ng Bangho, Distrito ng Benguet 💚🤍❤️",https://www.youtube.com/watch?v=ROa3kbG5M0U&lc=UgyhnWyIG5G4wyDHLKZ4AaABAg,UgyhnWyIG5G4wyDHLKZ4AaABAg,UCfUtjjzg_BeCjCL86qRW3Cg,"Fetched 05/24/2026, 8:08:10 PM GMT+8"
32188,@daisycastaneda7972,9 days ago,"Belated  happy Birthday po Sa Aming MAGITING ma KSKP ng Distrito kapatid Na John Felix Dungan, Mla po sa  kalihiman ng lokal ng Baguio  City",https://www.youtube.com/watch?v=ROa3kbG5M0U&lc=UgzZrebgeuJsHwzw_054AaABAg,UgzZrebgeuJsHwzw_054AaABAg,UCD3NlGp4eLYcR2RGC7FwnKQ,"Fetched 05/24/2026, 8:08:10 PM GMT+8"
32189,@jankeith_0,9 days ago,"Belated happy birthday po sa aming KSKP, Kapatid na John Felix Dungan mula po sa / Kalihiman ng Baguio City!",https://www.youtube.com/watch?v=ROa3kbG5M0U&lc=UgxlEQv5-JQIYhAI1QV4AaABAg,UgxlEQv5-JQIYhAI1QV4AaABAg,UCrPSneHcVzaG6Dsw7hM9niA,"Fetched 05/24/2026, 8:08:10 PM GMT+8"
32190,@user-gu7dn5px3p,9 days ago,"Happy viewing po sa lahat ng mga kapatid! Pagbati po mula sa Lokal ng Norcar, Distrito ng Benguet! 🎉",https://www.youtube.com/watch?v=ROa3kbG5M0U&lc=UgwVt-2j7TssDdakY3B4AaABAg,UgwVt-2j7TssDdakY3B4AaABAg,UCE0jE1i1pPQ74R33EYAMSJQ,"Fetched 05/24/2026, 8:08:10 PM GMT+8"
32191,@aimoth8799,9 days ago,"Belated Happy Birthday po Ka John  Felix M. Dungan, KSKP ng Distrito ng Benguet, from Kalihiman ng Local ng  Baguio City😊🎉",https://www.youtube.com/watch?v=ROa3kbG5M0U&lc=UgwnKmhRwrO33YFSal94AaABAg,UgwnKmhRwrO33YFSal94AaABAg,UCdpyBtbTRbuwZiRRLRsiOyQ,"Fetched 05/24/2026, 8:08:10 PM GMT+8"
32192,@marneliebatalla8117,9 days ago,"Belated Happy birthday po Ka John Felix Dungan KSKP, mula sa kalihiman ng Baguio City.🎂🎂🎂",https://www.youtube.com/watch?v=ROa3kbG5M0U&lc=UgwsgWezjJGssPk0gWV4AaABAg,UgwsgWezjJGssPk0gWV4AaABAg,UCGZeqKpiLqcjH02gBjGj7kQ,"Fetched 05/24/2026, 8:08:10 PM GMT+8"
32193,@BnHydn,9 days ago,"Kapisanang Binhi, Lokal ng La Trinidad, Still supporting!!! /  / Let's go Benguet 🍓",https://www.youtube.com/watch?v=ROa3kbG5M0U&lc=UgxgwadLi9LaPVv6sDB4AaABAg,UgxgwadLi9LaPVv6sDB4AaABAg,UCbVqbfs9vjTS-hPNArDNcFQ,"Fetched 05/24/2026, 8:08:10 PM GMT+8"
32194,@METHOSELAHBARRATO-d4q,9 days ago,"Belated Happy Birthday po sa aming KSKP, Ka John Felix Dungan 🥳 Happy viewing mula sa Lokal ng Baguio City! Binabati ko rin po lahat ng mga nasa Kagawaran ng Kalihiman at Registry~ Let’s go Benguet 🍓😇🤍",https://www.youtube.com/watch?v=ROa3kbG5M0U&lc=UgxhxdV4ndbTZlVtBUV4AaABAg,UgxhxdV4ndbTZlVtBUV4AaABAg,UCqpTUdNlEaKFpJnaIsx_Hrg,"Fetched 05/24/2026, 8:08:10 PM GMT+8"
32195,@jerahhh06,9 days ago,"Belated happy birthday po sa aming KSKP, Kapatid na John Felix Dungan mula po sa kalihiman ng Baguio City",https://www.youtube.com/watch?v=ROa3kbG5M0U&lc=UgwwB2DFxLHnhL5BUpJ4AaABAg,UgwwB2DFxLHnhL5BUpJ4AaABAg,UCwxjxRcLScvVCmPjMz2mDkQ,"Fetched 05/24/2026, 8:08:10 PM GMT+8"
32196,@elenamercado703,9 days ago,Belated Happy birthday Ka John Felix Dungan KSKP po ng Benguet from Kalihiman Ng Baguio City Benguet ❤❤❤❤❤,https://www.youtube.com/watch?v=ROa3kbG5M0U&lc=UgzY5AUkDfNYzQF90LJ4AaABAg,UgzY5AUkDfNYzQF90LJ4AaABAg,UCNozFZrWKHQlsgIMWyFmFIA,"Fetched 05/24/2026, 8:08:10 PM GMT+8"
32197,@daisycastaneda7972,9 days ago,"Go!Go! FIGHT OR FLIGHT - FIGHT, GREETINGS FROM KALIHIMAN NG BAGUIO  CITY",https://www.youtube.com/watch?v=ROa3kbG5M0U&lc=UgzcXpJmou2FmB8jqyR4AaABAg,UgzcXpJmou2FmB8jqyR4AaABAg,UCD3NlGp4eLYcR2RGC7FwnKQ,"Fetched 05/24/2026, 8:08:10 PM GMT+8"
32198,@daisycastaneda7972,9 days ago,"Go!Go! FIGHT OR FLIGHT - FIGHT, GREETINGS FROM KALIHIMAN NG BAGUIO  CITY",https://www.youtube.com/watch?v=ROa3kbG5M0U&lc=UgxKmyBTYJICdVBZVtd4AaABAg,UgxKmyBTYJICdVBZVtd4AaABAg,UCD3NlGp4eLYcR2RGC7FwnKQ,"Fetched 05/24/2026, 8:08:10 PM GMT+8"
32199,@erisscc,9 days ago,"Belated happy birthday po sa aming KSKP, Kapatid na John Felix Dungan mula po sa Kalihiman ng Baguio City! 🙌💗",https://www.youtube.com/watch?v=ROa3kbG5M0U&lc=UgyLtZkJPZdvlWDoWdF4AaABAg,UgyLtZkJPZdvlWDoWdF4AaABAg,UCzcVh63D4KQUlzNdzYz9WYg,"Fetched 05/24/2026, 8:08:10 PM GMT+8"
32200,@hazelhalican2149,9 days ago,Belated happy birthday po Ka Felix Dungan KSKP 🎉 mula po sa kalihiman ng Baguio city distrito ng Benguet 💚,https://www.youtube.com/watch?v=ROa3kbG5M0U&lc=UgzX21bzApXgVJi8v114AaABAg,UgzX21bzApXgVJi8v114AaABAg,UC5JK1YaWy38yVHiRtJW47sw,"Fetched 05/24/2026, 8:08:10 PM GMT+8"
32201,@elaizaveniceantonio8756,9 days ago,"Belated happy birthday po sa aming KSKP, Kapatid na John Felix Dungan mula po sa kalihiman ng Baguio City ! 🎉",https://www.youtube.com/watch?v=ROa3kbG5M0U&lc=UgyhhWD-NHiKRhO-i9V4AaABAg,UgyhhWD-NHiKRhO-i9V4AaABAg,UCWG0uMJfrHKBymnZPaLYV8w,"Fetched 05/24/2026, 8:08:10 PM GMT+8"
32202,@unicoomorpe6056,9 days ago,Belated happy birthday po  ka john felix dungan kskp mula po sa kalihiman ng baguio city🎉,https://www.youtube.com/watch?v=ROa3kbG5M0U&lc=UgzluZlKRetjzQeiqbt4AaABAg,UgzluZlKRetjzQeiqbt4AaABAg,UCoOWm-6nwzcuBuCj9ns-Z4w,"Fetched 05/24/2026, 8:08:10 PM GMT+8"
32203,@ezrah8637,9 days ago,Belated Happy Birthday po Ka  John Felix Dungan-KSKP mula po sa Kalihiman ng Baguio City! ❤🎉,https://www.youtube.com/watch?v=ROa3kbG5M0U&lc=UgylRsjeDW9a7BcMDlp4AaABAg,UgylRsjeDW9a7BcMDlp4AaABAg,UCoIa8U2n-EOwrHviBH3s7mQ,"Fetched 05/24/2026, 8:08:10 PM GMT+8"
32204,@jazz-m7b,9 days ago,Wag po nating kalimutan ang mag like po mga kapatid 🏵️  /  / Thank you po ☺️  /  / -lokal ng La Trinidad 🥦🐑🍓,https://www.youtube.com/watch?v=ROa3kbG5M0U&lc=UgyvzY0cndHj8qZ2qKR4AaABAg,UgyvzY0cndHj8qZ2qKR4AaABAg,UCNB-zyitm7U6Yt835DEKclA,"Fetched 05/24/2026, 8:08:10 PM GMT+8"
32205,@Riri-c8t9q,9 days ago,Belated Happy Birthday po Ka John Felix Dungan KSKP from Kalihiman of Baguio City💜💜💜,https://www.youtube.com/watch?v=ROa3kbG5M0U&lc=UgwERbcRHe0K-rkBbFx4AaABAg,UgwERbcRHe0K-rkBbFx4AaABAg,UCfSaCY2HyuAqIsHyWgtRT8w,"Fetched 05/24/2026, 8:08:10 PM GMT+8"
32206,@jhonmarksecuaten6481,9 days ago,"Baguio fight or flight,,,,, fight!!!!!  / Greetings po sa kalihiman po ng baguio city 🎉🎉🎉🎉",https://www.youtube.com/watch?v=ROa3kbG5M0U&lc=Ugw18VE9o9QnMCyj-Rl4AaABAg,Ugw18VE9o9QnMCyj-Rl4AaABAg,UC8G31XxC8pIwrheIbbmrv2w,"Fetched 05/24/2026, 8:08:10 PM GMT+8"
32207,@vilmalucya1354,9 days ago,happy viewing po mula po sa LOKAL NG BANGHO DISTRITO NG BENGUET,https://www.youtube.com/watch?v=ROa3kbG5M0U&lc=UgxGuYjr59_OnCC6DEx4AaABAg,UgxGuYjr59_OnCC6DEx4AaABAg,UCrL5VisDlfmCh8I1DItC14A,"Fetched 05/24/2026, 8:08:10 PM GMT+8"
32208,@aimoth8799,9 days ago,Go go go Fight or Flight?FIGHT!!!!!!!!!! Greetings from Kalihiman ng Baguio City,https://www.youtube.com/watch?v=ROa3kbG5M0U&lc=UgwFFADZ2Gt3AfsDpkx4AaABAg,UgwFFADZ2Gt3AfsDpkx4AaABAg,UCdpyBtbTRbuwZiRRLRsiOyQ,"Fetched 05/24/2026, 8:08:10 PM GMT+8"
32209,@unicoomorpe6056,9 days ago,"Go go go fight or flight, FIGHT! GREETINGS from kalihiman of baguio city",https://www.youtube.com/watch?v=ROa3kbG5M0U&lc=Ugyo62Zj8Ux9TuSrMR14AaABAg,Ugyo62Zj8Ux9TuSrMR14AaABAg,UCoOWm-6nwzcuBuCj9ns-Z4w,"Fetched 05/24/2026, 8:08:10 PM GMT+8"
32210,@ezrah8637,9 days ago,"Go go go, fight or flight FIGHT!! Greetings from Kalihiman of Baguio City! ❤",https://www.youtube.com/watch?v=ROa3kbG5M0U&lc=UgxWf7z4-wZeEtsCYVV4AaABAg,UgxWf7z4-wZeEtsCYVV4AaABAg,UCoIa8U2n-EOwrHviBH3s7mQ,"Fetched 05/24/2026, 8:08:10 PM GMT+8"
32211,@jankeith_0,9 days ago,"Go, go, go! Fight or flight?!FIGHT! / Greetings from kalihiman ng Baguio City",https://www.youtube.com/watch?v=ROa3kbG5M0U&lc=UgxO6k3ZdgfJ-EPcVYd4AaABAg,UgxO6k3ZdgfJ-EPcVYd4AaABAg,UCrPSneHcVzaG6Dsw7hM9niA,"Fetched 05/24/2026, 8:08:10 PM GMT+8"
32212,@jonieyonga-an5239,9 days ago,"""but in his love so divine, God always has your back!"" / -lyrics /  / Truly when we are facing hard times, God's love always prevails. /  / Reminder that whatever we are facing in this life, God is always there for us! /  / Sa lahat Ng pagkakataon, Bago parin matulog ay nkasubaybay parin sa INCMV!🎉 / Solidd nkakawala Ng Pagod!! /  / Let's gooo Benguettt!!!🎉 / From the Local Congregation of Norcar Ecclesiastical District of Benguet 🎉 /  / Let's goo KADIWA!!",https://www.youtube.com/watch?v=ROa3kbG5M0U&lc=UgyiSZfVO6Ws3s-5tgt4AaABAg,UgyiSZfVO6Ws3s-5tgt4AaABAg,UCgUo3JP_Fffuctza4bUumJg,"Fetched 05/24/2026, 8:08:10 PM GMT+8"
32213,@cherrydevera8251,9 days ago,"Go go go fight or flight, FIGHT!!! greetings from KALIHIMAN ng Baguio City",https://www.youtube.com/watch?v=ROa3kbG5M0U&lc=UgzdVTt2ne9DyVx9Dot4AaABAg,UgzdVTt2ne9DyVx9Dot4AaABAg,UCrod3zHPNdFZBv-HyVuLJ3g,"Fetched 05/24/2026, 8:08:10 PM GMT+8"
32214,@Riri-c8t9q,9 days ago,Go! Go! Go! Fight or Flight! Fight!!!!! Greetings from kalihiman of Baguio City!!!!!,https://www.youtube.com/watch?v=ROa3kbG5M0U&lc=Ugxwlddw_HPrMJJ2Dkd4AaABAg,Ugxwlddw_HPrMJJ2Dkd4AaABAg,UCfSaCY2HyuAqIsHyWgtRT8w,"Fetched 05/24/2026, 8:08:10 PM GMT+8"
32215,@NancyMoyano-r7u,9 days ago,Happy viewing po mga kapatid pagbati mula po sa lokal ng Baguio City 🙂 /  / Go Baguio! Go Benguet!!!,https://www.youtube.com/watch?v=ROa3kbG5M0U&lc=UgwV0mS0yyu2WL3i8G94AaABAg,UgwV0mS0yyu2WL3i8G94AaABAg,UCIZH5g0o-lHJidrq7pdjV5w,"Fetched 05/24/2026, 8:08:10 PM GMT+8"
32216,@METHOSELAHBARRATO-d4q,9 days ago,"Lokal ng Baguio City, FIGHT OR FLIGHT? F I G H T Binabati ko po lahat ng mga nasa Kagawaran ng Kalihiman at Registry~ Let’s go Benguet 🍓😇🤍",https://www.youtube.com/watch?v=ROa3kbG5M0U&lc=Ugwr5Yh0fjHq7RdXDBh4AaABAg,Ugwr5Yh0fjHq7RdXDBh4AaABAg,UCqpTUdNlEaKFpJnaIsx_Hrg,"Fetched 05/24/2026, 8:08:10 PM GMT+8"
32217,@elenamercado703,9 days ago,Happy viewing po Fight!!!!! Fight!!!! Go! Go! Greetings from kalihiman ng Baguio City Benguet❤❤❤❤❤,https://www.youtube.com/watch?v=ROa3kbG5M0U&lc=Ugzy1IKyN-IMxTbbg-t4AaABAg,Ugzy1IKyN-IMxTbbg-t4AaABAg,UCNozFZrWKHQlsgIMWyFmFIA,"Fetched 05/24/2026, 8:08:10 PM GMT+8"
32218,@teresitarubis9350,9 days ago,"Happy viewing po mga kapatid, mula sa Lokal ng Norcar, Distrito ng Benguet",https://www.youtube.com/watch?v=ROa3kbG5M0U&lc=UgzgO0swMyD2iWoEw3B4AaABAg,UgzgO0swMyD2iWoEw3B4AaABAg,UCN1Dg5OCeJkORimgcmcUj2g,"Fetched 05/24/2026, 8:08:10 PM GMT+8"
32219,@elaizaveniceantonio8756,9 days ago,GO GO GO FLIGHT OR FIGHT? FIGHT ! GREETINGS PO MULA SA KALIHIMAN NG BAGUIO CITY,https://www.youtube.com/watch?v=ROa3kbG5M0U&lc=UgwdV8_kXtXmlGnK0HF4AaABAg,UgwdV8_kXtXmlGnK0HF4AaABAg,UCWG0uMJfrHKBymnZPaLYV8w,"Fetched 05/24/2026, 8:08:10 PM GMT+8"
32220,@FELIXCASTILLO-d6k,9 days ago,Gogogo fight or flight greetings from Baguio City Kalihiman,https://www.youtube.com/watch?v=ROa3kbG5M0U&lc=Ugw4ZcI1GPADz_LdxQZ4AaABAg,Ugw4ZcI1GPADz_LdxQZ4AaABAg,UCzYZJSgSHmHSChay7k3DlyA,"Fetched 05/24/2026, 8:08:10 PM GMT+8"
32221,@erisscc,9 days ago,Go go go! Fight fight fight Baguio City! Greetings from Kalihiman ng Baguio City 💗💗,https://www.youtube.com/watch?v=ROa3kbG5M0U&lc=UgwDyjw5MNMwUJz-6fF4AaABAg,UgwDyjw5MNMwUJz-6fF4AaABAg,UCzcVh63D4KQUlzNdzYz9WYg,"Fetched 05/24/2026, 8:08:10 PM GMT+8"
32222,@METHOSELAHBARRATO-d4q,9 days ago,GO GO GO ~~ Lokal ng Baguio City! Binabati ko po lahat ng mga nasa Kagawaran ng Kalihiman at Registry~ Let’s go Benguet 🍓😇🤍,https://www.youtube.com/watch?v=ROa3kbG5M0U&lc=UgzleXb92K2lTWxQEGN4AaABAg,UgzleXb92K2lTWxQEGN4AaABAg,UCqpTUdNlEaKFpJnaIsx_Hrg,"Fetched 05/24/2026, 8:08:10 PM GMT+8"
32223,@jhonmarksecuaten6481,9 days ago,Happy viewing po sa kalihiman po ng lokal ng baguio city,https://www.youtube.com/watch?v=ROa3kbG5M0U&lc=UgyDWEdlYnSk2axMrSh4AaABAg,UgyDWEdlYnSk2axMrSh4AaABAg,UC8G31XxC8pIwrheIbbmrv2w,"Fetched 05/24/2026, 8:08:10 PM GMT+8"
32224,@daisycastaneda7972,9 days ago,"Magandang gabi po ,sa lahat mg mga kapatid happy viewing mula po sa kalihiman ng Baguio City",https://www.youtube.com/watch?v=ROa3kbG5M0U&lc=UgwXRiT95lBBeCntGl14AaABAg,UgwXRiT95lBBeCntGl14AaABAg,UCD3NlGp4eLYcR2RGC7FwnKQ,"Fetched 05/24/2026, 8:08:10 PM GMT+8"
32225,@Julskie28,9 days ago,Last hour of viewing!  /  / Go go go. Congrats to all of us for making it to top 3! /  / Konti nalang! /  / Let's Go Benguet 🍓 🎉 /  / From lokal ng Guisad❤,https://www.youtube.com/watch?v=ROa3kbG5M0U&lc=UgxGDTrQh52WXKiqc1l4AaABAg,UgxGDTrQh52WXKiqc1l4AaABAg,UC1nz0UiWHV8lyoQdZtJejeg,"Fetched 05/24/2026, 8:08:10 PM GMT+8"
32226,@almazanrhyndylyn,9 days ago,Happy viewing and listening. Congratulations Benguet🎉🎉🎉... /  / Another victory...  /  / Pagbati mula sa Lokal ng Norcar at Kapisanang Kadiwa.,https://www.youtube.com/watch?v=ROa3kbG5M0U&lc=Ugw8PU01t36MNR3e6mN4AaABAg,Ugw8PU01t36MNR3e6mN4AaABAg,UCEoQCNgytnJxjJnAQLSzFeA,"Fetched 05/24/2026, 8:08:10 PM GMT+8"
32227,@johnreylucio8970,9 days ago,"Greetings from the KADIWA Society of the Local Congregation of La Trinidad, Ecclesiastical District of Benguet! Watching this year’s INCMV has been truly inspiring. It’s amazing to see the unity, talent, and dedication of our brethren in Benguet. Thank you to everyone behind this event for making it meaningful and memorable. May God continue to bless all the activities of the Church. To God be all the glory! /  ❤❤❤",https://www.youtube.com/watch?v=ROa3kbG5M0U&lc=UgwhH3ZsrS24KICXBvl4AaABAg,UgwhH3ZsrS24KICXBvl4AaABAg,UCNMupRD4ySrN336KZpy29OA,"Fetched 05/24/2026, 8:08:10 PM GMT+8"
32228,@jazz-m7b,9 days ago,"Good evening po mga kapatid 🌺 /  / Happy viewing po, wag po tayong mag sasawang sumoporta 😊 /  / Mula po sa lokal ng La Trinidad  / Kapisanang binhi ❤🐑🥦",https://www.youtube.com/watch?v=ROa3kbG5M0U&lc=UgxlE0VvC6kkBbP2KqJ4AaABAg,UgxlE0VvC6kkBbP2KqJ4AaABAg,UCNB-zyitm7U6Yt835DEKclA,"Fetched 05/24/2026, 8:08:10 PM GMT+8"
32229,@hazelhalican2149,9 days ago (edited),Go Go Go!!! Fight or Flight! Fight!!!Greetings from kalihiman ng Baguio City distrito ng Benguet 💚💚,https://www.youtube.com/watch?v=ROa3kbG5M0U&lc=Ugz-c9Hu4jzICWWJnZt4AaABAg,Ugz-c9Hu4jzICWWJnZt4AaABAg,UC5JK1YaWy38yVHiRtJW47sw,"Fetched 05/24/2026, 8:08:10 PM GMT+8"
32230,@aimoth8799,9 days ago,Happy viewing po mula sa Kalihiman ng Lokal ng Baguio City😊,https://www.youtube.com/watch?v=ROa3kbG5M0U&lc=Ugz21hpvrVQ2jj9iajt4AaABAg,Ugz21hpvrVQ2jj9iajt4AaABAg,UCdpyBtbTRbuwZiRRLRsiOyQ,"Fetched 05/24/2026, 8:08:10 PM GMT+8"
32231,@FELIXCASTILLO-d6k,9 days ago,HAPPY VIEWING FROM LOCAL NG BAGUO CITY DISTRITO BENGUET ( KALIHIM-REGISTRY ),https://www.youtube.com/watch?v=ROa3kbG5M0U&lc=UgwoJqwd8sRSFYo60J54AaABAg,UgwoJqwd8sRSFYo60J54AaABAg,UCzYZJSgSHmHSChay7k3DlyA,"Fetched 05/24/2026, 8:08:10 PM GMT+8"
32232,@Riri-c8t9q,9 days ago,Go! Go! Go! Fight Baguio City!,https://www.youtube.com/watch?v=ROa3kbG5M0U&lc=UgyER1q7YDNM6zuWZYF4AaABAg,UgyER1q7YDNM6zuWZYF4AaABAg,UCfSaCY2HyuAqIsHyWgtRT8w,"Fetched 05/24/2026, 8:08:10 PM GMT+8"
32233,@erisscc,9 days ago,Go go go! Fight fight fight Baguio City! 🙌,https://www.youtube.com/watch?v=ROa3kbG5M0U&lc=UgxjpyM7nv25GiDVV8B4AaABAg,UgxjpyM7nv25GiDVV8B4AaABAg,UCzcVh63D4KQUlzNdzYz9WYg,"Fetched 05/24/2026, 8:08:10 PM GMT+8"
32234,@gam3rg1rl,9 days ago,"Day 13! Good evening, mga kabagis! Watching po from Lokal ng Megaroyale.",https://www.youtube.com/watch?v=ROa3kbG5M0U&lc=UgztyufF41tSnmuEdal4AaABAg,UgztyufF41tSnmuEdal4AaABAg,UC5IQqBTUAu9qmpEtOMJeRrQ,"Fetched 05/24/2026, 8:08:10 PM GMT+8"
32235,@jankeith_0,9 days ago,"Happy viewing po, from kalihiman po ng Baguio City, District of Benguet🥰",https://www.youtube.com/watch?v=ROa3kbG5M0U&lc=Ugxhh6SX5iR6CfbklD14AaABAg,Ugxhh6SX5iR6CfbklD14AaABAg,UCrPSneHcVzaG6Dsw7hM9niA,"Fetched 05/24/2026, 8:08:10 PM GMT+8"
32236,@jerahhh06,9 days ago,"Happy viewing po from kalihiman ng Baguio City, District of Benguet. 🫶🏻💚🤍❤️",https://www.youtube.com/watch?v=ROa3kbG5M0U&lc=Ugx_yK4mNwUSkDZfbT54AaABAg,Ugx_yK4mNwUSkDZfbT54AaABAg,UCwxjxRcLScvVCmPjMz2mDkQ,"Fetched 05/24/2026, 8:08:10 PM GMT+8"
32237,@unicoomorpe6056,9 days ago,"Happy viewing mula po sa kalihiman ng baguio city, distrito ng benguet",https://www.youtube.com/watch?v=ROa3kbG5M0U&lc=UgzuiQHo00sB8ezs9NJ4AaABAg,UgzuiQHo00sB8ezs9NJ4AaABAg,UCoOWm-6nwzcuBuCj9ns-Z4w,"Fetched 05/24/2026, 8:08:10 PM GMT+8"
32238,@carlconradanonuevo6078,9 days ago,"Happy Viewing po from kalihiman sa Lokal ng Baguio City, Distrito ng Benguet",https://www.youtube.com/watch?v=ROa3kbG5M0U&lc=Ugy2uMe3-pMc2Fq_zcJ4AaABAg,Ugy2uMe3-pMc2Fq_zcJ4AaABAg,UCkMY9wyLYbbpQiEuDJE7KIA,"Fetched 05/24/2026, 8:08:10 PM GMT+8"
32239,@elaizaveniceantonio8756,9 days ago,"happy viewing po mula po sa kalihiman ng Baguio City, Distrito ng Benguet !",https://www.youtube.com/watch?v=ROa3kbG5M0U&lc=UgwMl52-FrnsGMGl_th4AaABAg,UgwMl52-FrnsGMGl_th4AaABAg,UCWG0uMJfrHKBymnZPaLYV8w,"Fetched 05/24/2026, 8:08:10 PM GMT+8"
32240,@marneliebatalla8117,9 days ago,"Happy viewing po mula sa kalihiman ng lokal ng Baguio City, Benguet 😊",https://www.youtube.com/watch?v=ROa3kbG5M0U&lc=UgwjsxiuYNbqFv0GvvR4AaABAg,UgwjsxiuYNbqFv0GvvR4AaABAg,UCGZeqKpiLqcjH02gBjGj7kQ,"Fetched 05/24/2026, 8:08:10 PM GMT+8"
32241,@ezrah8637,9 days ago,Happy viewing mula po sa Kalihiman ng Lokal ng Baguio City Distrito ng Benguet!! ❤,https://www.youtube.com/watch?v=ROa3kbG5M0U&lc=UgyWoP6NlGZj66Eexs54AaABAg,UgyWoP6NlGZj66Eexs54AaABAg,UCoIa8U2n-EOwrHviBH3s7mQ,"Fetched 05/24/2026, 8:08:10 PM GMT+8"
32242,@hazelhalican2149,9 days ago,Happy viewing po mula po sa kalihiman ng Baguio city distrito ng Benguet 💚😊,https://www.youtube.com/watch?v=ROa3kbG5M0U&lc=UgxD0X_QbSJU2WSQhwt4AaABAg,UgxD0X_QbSJU2WSQhwt4AaABAg,UC5JK1YaWy38yVHiRtJW47sw,"Fetched 05/24/2026, 8:08:10 PM GMT+8"
32243,@cherrydevera8251,9 days ago,Happy viewing po from Lokal ng Baguio City distrito ng Benguet,https://www.youtube.com/watch?v=ROa3kbG5M0U&lc=UgzzO--XteNltNadr6Z4AaABAg,UgzzO--XteNltNadr6Z4AaABAg,UCrod3zHPNdFZBv-HyVuLJ3g,"Fetched 05/24/2026, 8:08:10 PM GMT+8"
32244,@erisscc,9 days ago,Happy viewing mula po sa Kalihiman ng Baguio City! 💗,https://www.youtube.com/watch?v=ROa3kbG5M0U&lc=UgwX1k_3R-GVPpdOKhp4AaABAg,UgwX1k_3R-GVPpdOKhp4AaABAg,UCzcVh63D4KQUlzNdzYz9WYg,"Fetched 05/24/2026, 8:08:10 PM GMT+8"
32245,@METHOSELAHBARRATO-d4q,9 days ago,Happy viewing mula sa Lokal ng Baguio City! Binabati ko po lahat ng mga nasa Kagawaran ng Kalihiman at Registry~ Let’s go Benguet 🍓😇🤍,https://www.youtube.com/watch?v=ROa3kbG5M0U&lc=UgxCOMJFQ05W4QmvNfV4AaABAg,UgxCOMJFQ05W4QmvNfV4AaABAg,UCqpTUdNlEaKFpJnaIsx_Hrg,"Fetched 05/24/2026, 8:08:10 PM GMT+8"
32246,@shiiii_jeax,9 days ago,"Happy viewing po from kalihiman dito sa lokal ng Baguio City, distrito ng Benguet💚🤍♥️",https://www.youtube.com/watch?v=ROa3kbG5M0U&lc=UgzUgzq0B9tndgxZ9R54AaABAg,UgzUgzq0B9tndgxZ9R54AaABAg,UC2cuYXq15jN1fZOvvKbzb0g,"Fetched 05/24/2026, 8:08:10 PM GMT+8"
32247,@Riri-c8t9q,9 days ago,Happy Viewing from Kalihiman of Baguio City💜💜💜,https://www.youtube.com/watch?v=ROa3kbG5M0U&lc=Ugws4q5xspFJEXyKJtJ4AaABAg,Ugws4q5xspFJEXyKJtJ4AaABAg,UCfSaCY2HyuAqIsHyWgtRT8w,"Fetched 05/24/2026, 8:08:10 PM GMT+8"
32248,@FELIXCASTILLO-d6k,9 days ago,Happy Viewing... Fron lokal ng Baguio City... Shawrarawt kay andeng.... Kalihim/Registry,https://www.youtube.com/watch?v=ROa3kbG5M0U&lc=UgzUPxeXaljjQ8C2Na54AaABAg,UgzUPxeXaljjQ8C2Na54AaABAg,UCzYZJSgSHmHSChay7k3DlyA,"Fetched 05/24/2026, 8:08:10 PM GMT+8"
32249,@JohnKelvinDavid,9 days ago,happy viewing po from lokal ng Bangho,https://www.youtube.com/watch?v=ROa3kbG5M0U&lc=UgzeBnl8QrQPz3NoeOJ4AaABAg,UgzeBnl8QrQPz3NoeOJ4AaABAg,UCugTya0Gzx62tF4jVZQ7VKQ,"Fetched 05/24/2026, 8:08:10 PM GMT+8"
32250,@AngelSayangda,9 days ago,Good evening po Happy viewing here sa Lokal ng tuba .,https://www.youtube.com/watch?v=ROa3kbG5M0U&lc=Ugzzna3Z8rvpEjnF4A94AaABAg,Ugzzna3Z8rvpEjnF4A94AaABAg,UCBYrNwCYGHkX-UDtBRzR4nw,"Fetched 05/24/2026, 8:08:10 PM GMT+8"
32251,@MCHAD-b2s,9 days ago,Happy viewing po. Pagbati po mula sa lokal ng Norcar.,https://www.youtube.com/watch?v=ROa3kbG5M0U&lc=Ugyhb31C4nm4TC-lzcJ4AaABAg,Ugyhb31C4nm4TC-lzcJ4AaABAg,UCPkRRDeKOT76aizPsMC4_qA,"Fetched 05/24/2026, 8:08:10 PM GMT+8"
32252,@cherrydevera8251,9 days ago,Gogo go benguet from Lokal ng Baguio city,https://www.youtube.com/watch?v=ROa3kbG5M0U&lc=UgyiFsuOyekXxDgslE14AaABAg,UgyiFsuOyekXxDgslE14AaABAg,UCrod3zHPNdFZBv-HyVuLJ3g,"Fetched 05/24/2026, 8:08:10 PM GMT+8"
32253,@lanlani.eaaaahn,9 days ago,"Good evening, mga kapatiddddddd!!! Support po tayo palagiiiii, let’s go, Benguetttttttt!!!",https://www.youtube.com/watch?v=ROa3kbG5M0U&lc=UgxDZlIuYOO2UEsNXGt4AaABAg,UgxDZlIuYOO2UEsNXGt4AaABAg,UCxRF5ldmYBJWNlgtayRoTHg,"Fetched 05/24/2026, 8:08:10 PM GMT+8"
32254,@LhoidaveWa-ayan,9 days ago,Gud eve po Happy watching  po mula po sa lokal ng LOACAN ANTAMOK DISTRITO PO ng BENGUET❤️🇮🇹🇮🇹🇮🇹,https://www.youtube.com/watch?v=ROa3kbG5M0U&lc=UgwzyfjLLnMHjeZ4qEN4AaABAg,UgwzyfjLLnMHjeZ4qEN4AaABAg,UCE82BCKqqzKHiggBfIyM5vg,"Fetched 05/24/2026, 8:08:10 PM GMT+8"
32255,@gwynethcayabyab5981,9 days ago,"Goodnight po mga kapatid, nood po ulit bago matulog🎉 / Wag po sana mag sawa sumupporta / - kadiwa officer",https://www.youtube.com/watch?v=ROa3kbG5M0U&lc=UgzSna7IEYdSEy0tsIx4AaABAg,UgzSna7IEYdSEy0tsIx4AaABAg,UCouodNvhL1bfJC2Fz0B_Rcw,"Fetched 05/24/2026, 8:08:10 PM GMT+8"
32256,@dhianamariearquillo4218,9 days ago,"watching po from lokal ng camp 8,Distrito ng Benguet",https://www.youtube.com/watch?v=ROa3kbG5M0U&lc=Ugwr6YUBKrxQ1pghCUd4AaABAg,Ugwr6YUBKrxQ1pghCUd4AaABAg,UC-at7qCGnIpRK6sWK0pziZw,"Fetched 05/24/2026, 8:08:10 PM GMT+8"
32257,@elenamercado703,9 days ago,Good evening po sa atin lahat  shout out po sa lokal ng Baguio City Benguet,https://www.youtube.com/watch?v=ROa3kbG5M0U&lc=UgyO-s6oCs3JDKJRkzp4AaABAg,UgyO-s6oCs3JDKJRkzp4AaABAg,UCNozFZrWKHQlsgIMWyFmFIA,"Fetched 05/24/2026, 8:08:10 PM GMT+8"
32258,@ambrosioanofojr4444,9 days ago,Happy dinner po mga kapatid! / Happy viewing ulit mula sa Lokal ng Norcar! / Let's Go Benguet!,https://www.youtube.com/watch?v=ROa3kbG5M0U&lc=Ugwo2g-8vtGkKqdLWeR4AaABAg,Ugwo2g-8vtGkKqdLWeR4AaABAg,UCQACOM5LJpxnKpV1DM1bwew,"Fetched 05/24/2026, 8:08:10 PM GMT+8"
32259,@MagieFavila,9 days ago,Magandang gabi po mga kapatid. Maligayang  panonood. 🎉🎉🎉,https://www.youtube.com/watch?v=ROa3kbG5M0U&lc=Ugyf5cCnTnyUVC9NvrV4AaABAg,Ugyf5cCnTnyUVC9NvrV4AaABAg,UCPxgWF_X8vdxjB9cYpQ6Lew,"Fetched 05/24/2026, 8:08:10 PM GMT+8"
32260,@jeremiahforteza2493,9 days ago,Maligayang panonod po mga Kabagis... Lokal ng Hillside distrito ng Benguet 🇮🇪,https://www.youtube.com/watch?v=ROa3kbG5M0U&lc=UgwxxRatjywcKD_WM-Z4AaABAg,UgwxxRatjywcKD_WM-Z4AaABAg,UClBVcxireTFGdDNnQ_i9dXA,"Fetched 05/24/2026, 8:08:10 PM GMT+8"
32261,@XschelleYb,9 days ago,"Good evening, Happy viewing mula Po sa Lokal Ng Norcar Distrito Ng Benguet.",https://www.youtube.com/watch?v=ROa3kbG5M0U&lc=UgzKkGQH8ZxDW3TcPgp4AaABAg,UgzKkGQH8ZxDW3TcPgp4AaABAg,UCer0sIOb700hbN8sHbztYuw,"Fetched 05/24/2026, 8:08:10 PM GMT+8"
32262,@henrycaranto2644,9 days ago,Bengueeeet!!! Top 3 na po tayooo🎉🎉❤🍓 /  / Magandang gabe po sa lahat. / Tuloy tuloy po tayo.🎉 /  / From BENGUET KADIWA DISTRITCT OFFICERS and Lokal ng Baguio City🎉,https://www.youtube.com/watch?v=ROa3kbG5M0U&lc=UgyqP1mlbUFuqs-pQlV4AaABAg,UgyqP1mlbUFuqs-pQlV4AaABAg,UCFilTOy22FklSkBIgwVPVaQ,"Fetched 05/24/2026, 8:08:10 PM GMT+8"
32263,@clarissarb8511,9 days ago,"Happy viewing pong muli mga kapatid😊 Pagbati po mula sa Lokal ng Norcar, Distrito ng Benguet😊",https://www.youtube.com/watch?v=ROa3kbG5M0U&lc=UgzF-GzkJFWsMvTNZ6F4AaABAg,UgzF-GzkJFWsMvTNZ6F4AaABAg,UCpN6a1Fq8y1AvfqQg7kBgdw,"Fetched 05/24/2026, 8:08:10 PM GMT+8"
32264,@rolandarquillo4802,9 days ago,"Watching from lokal ng Camp 8,distrito ng Benguet",https://www.youtube.com/watch?v=ROa3kbG5M0U&lc=UgzO37GG-NzcQap2Fp54AaABAg,UgzO37GG-NzcQap2Fp54AaABAg,UCuSw6XW2fw7n58FG7cpwa3A,"Fetched 05/24/2026, 8:08:10 PM GMT+8"
32265,@jasminedaludado7262,9 days ago,"BENGUET!!!! ANG GALING TALAGA🎉❤ /  / Supporting po lagi ang mga KADIWA District Officers, kasama ang mga kapatid sa Lokal ng Guisad❤",https://www.youtube.com/watch?v=ROa3kbG5M0U&lc=UgxK9JqkKlbZUPNvP214AaABAg,UgxK9JqkKlbZUPNvP214AaABAg,UCA4HVmdH2Xj67gK8nZmpiZg,"Fetched 05/24/2026, 8:08:10 PM GMT+8"
32266,@arlynsadsaddarnayla,9 days ago,Go Benguet! Happy watching from Locale of Baguio city🇮🇹,https://www.youtube.com/watch?v=ROa3kbG5M0U&lc=UgxcWjUq1Z6lFGiTRdx4AaABAg,UgxcWjUq1Z6lFGiTRdx4AaABAg,UCEpebcWdMuh8WoE06IwNIKA,"Fetched 05/24/2026, 8:08:10 PM GMT+8"
32267,@MerlynBetudio-t4k7b,9 days ago,"Watching with my Betudio  family from locale of Loacan,District of Benguet",https://www.youtube.com/watch?v=ROa3kbG5M0U&lc=Ugxz-HQ-Jg2FWLLdkZZ4AaABAg,Ugxz-HQ-Jg2FWLLdkZZ4AaABAg,UCWIyn3fwAeGLNgLrrDC36gA,"Fetched 05/24/2026, 8:08:10 PM GMT+8"
32268,@aisthetikoscosmeticsurgery7431,9 days ago,"Masayang panonood po mga kapatid! From lokal ng Camp 7, Distrito ng Benguet",https://www.youtube.com/watch?v=ROa3kbG5M0U&lc=UgzcGiU9DaqyojAhQSZ4AaABAg,UgzcGiU9DaqyojAhQSZ4AaABAg,UCPKZCzwpj-INm8i2x-dR-wQ,"Fetched 05/24/2026, 8:08:10 PM GMT+8"
32269,@aizelfuchigami842,9 days ago,Good evening po! Happy viewing mula po sa Lokal ng Quezon Hill Distrito ng Benguet. 🇮🇹❤️🎼🎵🎶,https://www.youtube.com/watch?v=ROa3kbG5M0U&lc=UgxHNpxbU6tgIDM_yax4AaABAg,UgxHNpxbU6tgIDM_yax4AaABAg,UCAxDQnCZxAvsB6YgYjSR1nQ,"Fetched 05/24/2026, 8:08:10 PM GMT+8"
32270,@ShadeRexzylTelio,9 days ago,Happy viewing po mula po sa Lokal ng Balakbak-Kibungan Extension Distrito ng Benguet,https://www.youtube.com/watch?v=ROa3kbG5M0U&lc=Ugxj18h8ZfoRJ9dDgaZ4AaABAg,Ugxj18h8ZfoRJ9dDgaZ4AaABAg,UC2h5mwET6YHlEFf-N1vkLMg,"Fetched 05/24/2026, 8:08:10 PM GMT+8"
32271,@KASHUMIII和美,9 days ago,Happy viewing po mula sa Lokal Ng Quezon Hill Distrito Ng Benguet,https://www.youtube.com/watch?v=ROa3kbG5M0U&lc=Ugws1p8wQEidcpOfE8p4AaABAg,Ugws1p8wQEidcpOfE8p4AaABAg,UCbYjai8x68L62h_z_EBSXqw,"Fetched 05/24/2026, 8:08:10 PM GMT+8"
32272,@twixx-o6y,9 days ago,Mapteng tan esadshak ja panbuya tayun emen Kakabsat. jimmy Betudio  & Family lokal ng Loacan,https://www.youtube.com/watch?v=ROa3kbG5M0U&lc=UgxkEnu2alDwCgPZSkF4AaABAg,UgxkEnu2alDwCgPZSkF4AaABAg,UC-A_KIxY2Fqe_Paq_wuDbBg,"Fetched 05/24/2026, 8:08:10 PM GMT+8"
32273,@dindofavila7833,9 days ago,"Hello po sa lahat ng kapatid sa distrito ng benguet, pagbati mula sa lokal ng posos",https://www.youtube.com/watch?v=ROa3kbG5M0U&lc=UgxWglFYmuCSvCqCEEd4AaABAg,UgxWglFYmuCSvCqCEEd4AaABAg,UCGLQ_x6NrwmKL5xcB9ABYjQ,"Fetched 05/24/2026, 8:08:10 PM GMT+8"
32274,@luibustamante9493,9 days ago,"“Perfect song to end the day 🌙 As bedtime comes and the night gets late, God’s Love by INCMV Benguet gives peace and comfort that stays in the heart and memories (LSS yarn) /  /  From the mountains of Benguet, this masterpiece truly hits differently. 👏❤️” /  / -From Locale Congregation of Tuba District of Benguet, Kadiwa District Officer",https://www.youtube.com/watch?v=ROa3kbG5M0U&lc=UgwcIocXY5vA-ZWeq3p4AaABAg,UgwcIocXY5vA-ZWeq3p4AaABAg,UCFAmrhDmv6rvZrQoYp-IS9w,"Fetched 05/24/2026, 8:08:10 PM GMT+8"
32275,@rhodadilag162,9 days ago,Happy watching from Baguio city,https://www.youtube.com/watch?v=ROa3kbG5M0U&lc=Ugya2wYd9PoxYCHMixF4AaABAg,Ugya2wYd9PoxYCHMixF4AaABAg,UC1VudD6OvF1LdTbaQ5cIpxw,"Fetched 05/24/2026, 8:08:10 PM GMT+8"
32276,@Bakidtaki1,9 days ago,Lokal ng Camp 7! masiglang sabay-sabay na nanonood! 💯🥳🥰 /  / Go Benguet! 🎉❤,https://www.youtube.com/watch?v=ROa3kbG5M0U&lc=UgzY29mshikVbuocsFV4AaABAg,UgzY29mshikVbuocsFV4AaABAg,UCGlulHso5e54-aVkPMSr8Mw,"Fetched 05/24/2026, 8:08:10 PM GMT+8"
32277,@PELITANJennyClaireT,9 days ago,"A glimpse before we sleep 💤. Happy viewingggg po. Let's go, Benguet 🥬🥬.  / -Kadiwa, La Trinidad, Benguet",https://www.youtube.com/watch?v=ROa3kbG5M0U&lc=Ugyq-Npj4Ot-VyFLmoh4AaABAg,Ugyq-Npj4Ot-VyFLmoh4AaABAg,UCsVZgGkRnNqeIIOLxHiFR7A,"Fetched 05/24/2026, 8:08:10 PM GMT+8"
32278,@twixx-o6y,9 days ago,Happy Viewing sa Lahat ng mga Taga Benguet Mula sa lokal ng Loacan,https://www.youtube.com/watch?v=ROa3kbG5M0U&lc=UgzPAqLNCyHQZrAGiuh4AaABAg,UgzPAqLNCyHQZrAGiuh4AaABAg,UC-A_KIxY2Fqe_Paq_wuDbBg,"Fetched 05/24/2026, 8:08:10 PM GMT+8"
32279,@mariloujucar3208,9 days ago,"Prayers and faith in God... Watching from Taloy Sur Locale, District of Benguet...",https://www.youtube.com/watch?v=ROa3kbG5M0U&lc=UgzZNiTeA48BnUHD7z14AaABAg,UgzZNiTeA48BnUHD7z14AaABAg,UCMbn31xrNEnulUG5fdpH82w,"Fetched 05/24/2026, 8:08:10 PM GMT+8"
32280,@LorealLagdao,9 days ago,Go Benguet ☝️ / Watching from Balatoc 💛,https://www.youtube.com/watch?v=ROa3kbG5M0U&lc=UgwBEjDGvxIRPsUpHYF4AaABAg,UgwBEjDGvxIRPsUpHYF4AaABAg,UCBJ-tIjN8X7cn9Pa6oZNvpQ,"Fetched 05/24/2026, 8:08:10 PM GMT+8"
32281,@RichardBoadilla-c9x,9 days ago,Happy viewing Balakbak Kibungan Ext.,https://www.youtube.com/watch?v=ROa3kbG5M0U&lc=UgzrK8rlCq-xluhuSRh4AaABAg,UgzrK8rlCq-xluhuSRh4AaABAg,UCNIAMtQdWtiXjfaG8D1RQhw,"Fetched 05/24/2026, 8:08:10 PM GMT+8"
32282,@joanbautista7658,9 days ago,Happy watching  lokal from hillside distrito ng  benguet,https://www.youtube.com/watch?v=ROa3kbG5M0U&lc=UgyJ0Vmy-StYuMNdchl4AaABAg,UgyJ0Vmy-StYuMNdchl4AaABAg,UCgxPc4tiyQb-gy_cGAY4Aag,"Fetched 05/24/2026, 8:08:10 PM GMT+8"
32283,@Bakidtaki1,9 days ago,Get well soon tay! Nasa Region 1 masigla ring nanonood! Happy 2k+ likes!  /  / Go Benguet!! 🎉❤,https://www.youtube.com/watch?v=ROa3kbG5M0U&lc=UgzcqnsUuToocGN_Pll4AaABAg,UgzcqnsUuToocGN_Pll4AaABAg,UCGlulHso5e54-aVkPMSr8Mw,"Fetched 05/24/2026, 8:08:10 PM GMT+8"
32284,@JudiAn1928,9 days ago,"Greetings everyone  from San Luis-Maulberry, Benguet District",https://www.youtube.com/watch?v=ROa3kbG5M0U&lc=UgxdDhi0anoEJfH4nmJ4AaABAg,UgxdDhi0anoEJfH4nmJ4AaABAg,UCGqdFBCwWWBUoa5ZHOD8aag,"Fetched 05/24/2026, 8:08:10 PM GMT+8"
32285,@kitt25_nnn,9 days ago,God’s love is bigger than the universe🥰🎶 /  / -balatoc,https://www.youtube.com/watch?v=ROa3kbG5M0U&lc=UgxT2HGqQrStTt4PU0Z4AaABAg,UgxT2HGqQrStTt4PU0Z4AaABAg,UCNLpsApT9qyJZzNcu9VSI-Q,"Fetched 05/24/2026, 8:08:10 PM GMT+8"
32286,@jellyannperez22,9 days ago,Ang cute naman ni Ate Ching😍,https://www.youtube.com/watch?v=ROa3kbG5M0U&lc=UgwukkQ-H-111zCBzCJ4AaABAg,UgwukkQ-H-111zCBzCJ4AaABAg,UCTSBNE6g9859jcHD_BhlU-g,"Fetched 05/24/2026, 8:08:10 PM GMT+8"
32287,@jellyannperez22,9 days ago,His Wondrous love❤️❤️❤️,https://www.youtube.com/watch?v=ROa3kbG5M0U&lc=Ugwl2aRcy1eHbuiGRJN4AaABAg,Ugwl2aRcy1eHbuiGRJN4AaABAg,UCTSBNE6g9859jcHD_BhlU-g,"Fetched 05/24/2026, 8:08:10 PM GMT+8"
32288,@kitt25_nnn,9 days ago,You go on with courage~🎶 /  / with courage ang lokal ng balatoc,https://www.youtube.com/watch?v=ROa3kbG5M0U&lc=UgwM6AdBW76Eoa7UVnF4AaABAg,UgwM6AdBW76Eoa7UVnF4AaABAg,UCNLpsApT9qyJZzNcu9VSI-Q,"Fetched 05/24/2026, 8:08:10 PM GMT+8"
32289,@jellyannperez22,9 days ago,His Wondrous love❤️❤️❤️,https://www.youtube.com/watch?v=ROa3kbG5M0U&lc=Ugyc6wrNv2HAugmIwgp4AaABAg,Ugyc6wrNv2HAugmIwgp4AaABAg,UCTSBNE6g9859jcHD_BhlU-g,"Fetched 05/24/2026, 8:08:10 PM GMT+8"
32290,@kimberlysarmiento1034,9 days ago,"Even on the days you cannot feel Him, God’s love still holds you. /  / Lupet ng Benguet.. /  / Pagbati po sa lahat ng mga kapatid sa aming distrito /  / Mula po sa lokal ng Tuba",https://www.youtube.com/watch?v=ROa3kbG5M0U&lc=Ugw9u8n95CoW9OJMbxl4AaABAg,Ugw9u8n95CoW9OJMbxl4AaABAg,UCds_RyKfMX7Xzg4PQRhf9NQ,"Fetched 05/24/2026, 8:08:10 PM GMT+8"
32291,@kitt25_nnn,9 days ago,Balatoc all the way!!!!,https://www.youtube.com/watch?v=ROa3kbG5M0U&lc=UgyYXj3JD4OqZFzp8SZ4AaABAg,UgyYXj3JD4OqZFzp8SZ4AaABAg,UCNLpsApT9qyJZzNcu9VSI-Q,"Fetched 05/24/2026, 8:08:10 PM GMT+8"
32292,@kitt25_nnn,9 days ago,Top3!! Go Benguet!! / -balatoc,https://www.youtube.com/watch?v=ROa3kbG5M0U&lc=Ugzud1VIoDQtRGuCAdJ4AaABAg,Ugzud1VIoDQtRGuCAdJ4AaABAg,UCNLpsApT9qyJZzNcu9VSI-Q,"Fetched 05/24/2026, 8:08:10 PM GMT+8"
32293,@jellyannperez22,9 days ago,"""Hold on to your Faith, Let God set you free"".. / Go Benguet🎉🎉🎉 / Naka support po ang Lokal ng Camp8 🤗",https://www.youtube.com/watch?v=ROa3kbG5M0U&lc=UgxXg4VeX3AjHo3Ozhx4AaABAg,UgxXg4VeX3AjHo3Ozhx4AaABAg,UCTSBNE6g9859jcHD_BhlU-g,"Fetched 05/24/2026, 8:08:10 PM GMT+8"
32294,@SalveJhonDenver,9 days ago,"Happy viewing po from lokal ng Norcar, Benguet❤🎉🎉",https://www.youtube.com/watch?v=ROa3kbG5M0U&lc=UgyqstTHPf27S5ypWHN4AaABAg,UgyqstTHPf27S5ypWHN4AaABAg,UCCz-0V8tYUzIGT60zuscrQA,"Fetched 05/24/2026, 8:08:10 PM GMT+8"
32295,@Yroh999,9 days ago,"Hold on to Our Faith! /  / Happy viewing po! /  / ❤from the local congregation of Tuba, Benguet",https://www.youtube.com/watch?v=ROa3kbG5M0U&lc=UgwQvw9zIPwQi6L0Xtt4AaABAg,UgwQvw9zIPwQi6L0Xtt4AaABAg,UCERUpQTowu4C1Sa4B5ew8pw,"Fetched 05/24/2026, 8:08:10 PM GMT+8"
32296,@maritesbiyangdan7654,9 days ago,gud eve. po sa lahat po ng kapatid happy viewing po mula po sa lokal ng san luis mulberry gws distrito ng benguet,https://www.youtube.com/watch?v=ROa3kbG5M0U&lc=UgydIgQa8LmTlz8_BM14AaABAg,UgydIgQa8LmTlz8_BM14AaABAg,UCvzjuBq_Fs7TwcRdldYosdg,"Fetched 05/24/2026, 8:08:10 PM GMT+8"
32297,@kitt25_nnn,9 days ago,Happy Birthday Ka Shakira🥰,https://www.youtube.com/watch?v=ROa3kbG5M0U&lc=UgyuZrnZpn-rxbTxx3V4AaABAg,UgyuZrnZpn-rxbTxx3V4AaABAg,UCNLpsApT9qyJZzNcu9VSI-Q,"Fetched 05/24/2026, 8:08:10 PM GMT+8"
32298,@allanalmonte4492,9 days ago (edited),GO BENGUET! 💚🤍❤️ /  / From Lokal ng CAMP7,https://www.youtube.com/watch?v=ROa3kbG5M0U&lc=Ugy5uFlziYq4kVw_qhJ4AaABAg,Ugy5uFlziYq4kVw_qhJ4AaABAg,UCUNdOf6Gc2w4g7v-fS3bHEA,"Fetched 05/24/2026, 8:08:10 PM GMT+8"
32299,@jonieyonga-an5239,9 days ago,Let's gooo Benguettt!!!🎉🎉 / Mula Po sa lokal Ng Norcar 🎉🎉 /  / Todo suporta Po ang mga nasa kapisanang Kadiwa at binhi 🎉🎉,https://www.youtube.com/watch?v=ROa3kbG5M0U&lc=UgzWuExCrq95GV55P6Z4AaABAg,UgzWuExCrq95GV55P6Z4AaABAg,UCgUo3JP_Fffuctza4bUumJg,"Fetched 05/24/2026, 8:08:10 PM GMT+8"
32300,@axeliee-m5u,9 days ago,Good evening to all!!  /  / Still watching from Lokal ng La Trinidad 🥀,https://www.youtube.com/watch?v=ROa3kbG5M0U&lc=Ugx9HpsZYXbOoGQvFf54AaABAg,Ugx9HpsZYXbOoGQvFf54AaABAg,UCxjmGS0yLlCMs4Fe-AqbHFw,"Fetched 05/24/2026, 8:08:10 PM GMT+8"
32301,@cristymorales6399,9 days ago,"maligayang panonood po mula sa registry at kalihiman sa lokal ng Gibraltar, distrito ng Benguet",https://www.youtube.com/watch?v=ROa3kbG5M0U&lc=UgwlDTLWZr2HSg9qTOB4AaABAg,UgwlDTLWZr2HSg9qTOB4AaABAg,UCy4vhZGOT49XaOmm4ruS6OQ,"Fetched 05/24/2026, 8:08:10 PM GMT+8"
32302,@tessieserut1589,9 days ago,"Go go go District of Benguet. Hello po from lokal  ng Quezon Hill, Distrito ng Benguet",https://www.youtube.com/watch?v=ROa3kbG5M0U&lc=UgxSnheKDCDVkEhoQ4N4AaABAg,UgxSnheKDCDVkEhoQ4N4AaABAg,UCVNrH3FQbQb8tcfPp3Uanfw,"Fetched 05/24/2026, 8:08:10 PM GMT+8"
32303,@RainierSept,9 days ago,"From locale ng Megaroyale village, Benguet🎉😊",https://www.youtube.com/watch?v=ROa3kbG5M0U&lc=UgwQtYGXmYgMWO_ZkId4AaABAg,UgwQtYGXmYgMWO_ZkId4AaABAg,UCj7flWjz2bSsOa50Z5Q1nIQ,"Fetched 05/24/2026, 8:08:10 PM GMT+8"
32304,@Ermida-z8i,9 days ago,"Happy viewing Po Mula Po sa lokal Ng balakbak kibungan extension Po,,,,Distrito Ng Benguet ,,,,,,",https://www.youtube.com/watch?v=ROa3kbG5M0U&lc=UgwT_U9QzXDLiSKRpxF4AaABAg,UgwT_U9QzXDLiSKRpxF4AaABAg,UC2-gVy-SeybxaSrYtuG6Bgg,"Fetched 05/24/2026, 8:08:10 PM GMT+8"
32305,@FRIANJOYBOADILLA,9 days ago,Happy Viewing po from Lokal ng Balakbak-Kibungan Extension 🎉❤,https://www.youtube.com/watch?v=ROa3kbG5M0U&lc=UgwuR2hx6S8VcrAr-DF4AaABAg,UgwuR2hx6S8VcrAr-DF4AaABAg,UCQkzdUjb2Wm1agNOWFy5VfQ,"Fetched 05/24/2026, 8:08:10 PM GMT+8"
32306,@nonagabriel8139,9 days ago,Maganda gabi po mula sa Lokal ng Quezon Hill😊,https://www.youtube.com/watch?v=ROa3kbG5M0U&lc=Ugw8wnoqJuTEzf8OXnF4AaABAg,Ugw8wnoqJuTEzf8OXnF4AaABAg,UC_dkXH53dziGaXnvaMHUMcA,"Fetched 05/24/2026, 8:08:10 PM GMT+8"
32307,@jonieyonga-an5239,9 days ago,Magandang Gabi Po mga kapatiddd!!! / Happy viewing parin po🎉🎉 / Pagbati Po sa mga Kadiwa at binhi natin jan🎉🎉 /  / Mula Po sa lokal Ng Norcar Distrito Ng Benguet 🎉🎉,https://www.youtube.com/watch?v=ROa3kbG5M0U&lc=Ugy5i1g1f-D0PzuY_AN4AaABAg,Ugy5i1g1f-D0PzuY_AN4AaABAg,UCgUo3JP_Fffuctza4bUumJg,"Fetched 05/24/2026, 8:08:10 PM GMT+8"
32308,@KaJaz-r3n,9 days ago,Let's go top 3! Keep supporting mga kapatid,https://www.youtube.com/watch?v=ROa3kbG5M0U&lc=Ugw3Iv6WzzWFymIfgoF4AaABAg,Ugw3Iv6WzzWFymIfgoF4AaABAg,UC4BTg4L19kJ77hFPPBce71g,"Fetched 05/24/2026, 8:08:10 PM GMT+8"
32309,@kimberlysarmiento1034,9 days ago,We’re almost there mga Ka-Benguet /  / Benguet on top /  / Tuba,https://www.youtube.com/watch?v=ROa3kbG5M0U&lc=Ugya0ezx8jgfw8HmXj94AaABAg,Ugya0ezx8jgfw8HmXj94AaABAg,UCds_RyKfMX7Xzg4PQRhf9NQ,"Fetched 05/24/2026, 8:08:10 PM GMT+8"
32310,@PHEBIE-f7h,9 days ago,"From LOKAL NG ATOKGOLD, supporting Benguet District's entry for INCMV AWARDS. / GO GO GO BENGUET ❤",https://www.youtube.com/watch?v=ROa3kbG5M0U&lc=UgwHD1zkmtRB5MCOrXh4AaABAg,UgwHD1zkmtRB5MCOrXh4AaABAg,UCNkJMMXP19AJSsNov8Fp3Ag,"Fetched 05/24/2026, 8:08:10 PM GMT+8"
32311,@michelleannhull3783,9 days ago,Happy viewing po sa lahat ng mga kalihim at registry clerks ng Distrito ng Benguet!..❤,https://www.youtube.com/watch?v=ROa3kbG5M0U&lc=Ugz9eQHR0EhpmaKklMh4AaABAg,Ugz9eQHR0EhpmaKklMh4AaABAg,UCFV0sl7gvPyNJeo3vjnLAAA,"Fetched 05/24/2026, 8:08:10 PM GMT+8"
32312,@trisabondoc2251,9 days ago,Watching from lourdes benguet / Kalihiman/ registry / Lets go,https://www.youtube.com/watch?v=ROa3kbG5M0U&lc=Ugxt_PsC6IYqYQPe4Qh4AaABAg,Ugxt_PsC6IYqYQPe4Qh4AaABAg,UC-V33pMLtbdi-UXnyMoQpGQ,"Fetched 05/24/2026, 8:08:10 PM GMT+8"
32313,@ByronTindo,9 days ago,Naimbag nga rabii manipud local ti baguio city...,https://www.youtube.com/watch?v=ROa3kbG5M0U&lc=UgznJSqznn87rtU1VOp4AaABAg,UgznJSqznn87rtU1VOp4AaABAg,UCvIpL3zFvmZWBxOPU5BWu5g,"Fetched 05/24/2026, 8:08:10 PM GMT+8"
32314,@johnreylucio8970,9 days ago,"Gud ebning ibriwannnn!! / Tara Nood Ulit tayooo🎉 / Greetings po sa inyong lahat, mula po sa Lokal ng La Trinidad at Kapisanang Kadiwa sa Distrito ng Benguet❤",https://www.youtube.com/watch?v=ROa3kbG5M0U&lc=UgwA8NApohkqqmC1lCd4AaABAg,UgwA8NApohkqqmC1lCd4AaABAg,UCNMupRD4ySrN336KZpy29OA,"Fetched 05/24/2026, 8:08:10 PM GMT+8"
32315,@gopztube,9 days ago,go Benguet,https://www.youtube.com/watch?v=ROa3kbG5M0U&lc=UgzIkeH2sLOwQ3-6ak14AaABAg,UgzIkeH2sLOwQ3-6ak14AaABAg,UCBNAZe--4uLCW6tEzJ63D-A,"Fetched 05/24/2026, 8:08:10 PM GMT+8"
32316,@Rochellebalingao,9 days ago,Greetings po from Kalihim at Registry section ng Loakan Airport🎉🎉🎉🎉Happy watching mga Kapatid🥰🥰,https://www.youtube.com/watch?v=ROa3kbG5M0U&lc=Ugwy43QUXK7ipi_Wp0F4AaABAg,Ugwy43QUXK7ipi_Wp0F4AaABAg,UCn2RLDeoruL1TzAnGu5V1og,"Fetched 05/24/2026, 8:08:10 PM GMT+8"
32317,@boholhazeline05,9 days ago,Pagbati po mula po sa lokal ng Baguio city,https://www.youtube.com/watch?v=ROa3kbG5M0U&lc=UgzobsyZFtBmFBkAt8N4AaABAg,UgzobsyZFtBmFBkAt8N4AaABAg,UCNxuEnfuDgIEBwBrpx_Pl3w,"Fetched 05/24/2026, 8:08:10 PM GMT+8"
32318,@boholhazeline05,9 days ago,Magandang gabi po mga kapatid pagbati po mula sa lokal ng Baguio City,https://www.youtube.com/watch?v=ROa3kbG5M0U&lc=Ugz8iP9IwiNcj-ZQ_fV4AaABAg,Ugz8iP9IwiNcj-ZQ_fV4AaABAg,UCNxuEnfuDgIEBwBrpx_Pl3w,"Fetched 05/24/2026, 8:08:10 PM GMT+8"
32319,@haielei2869,9 days ago,Sleep is Important po talaga Ka Ching  /  / - From Norcar po ☺️☺️,https://www.youtube.com/watch?v=ROa3kbG5M0U&lc=Ugwjp38EPESmSNuUzCZ4AaABAg,Ugwjp38EPESmSNuUzCZ4AaABAg,UCf3PWHW8mj2mncX07kw9ZQw,"Fetched 05/24/2026, 8:08:10 PM GMT+8"
32320,@Jerald-z6n,9 days ago,"Magandang gabi po sa Lahat ng Kapatid mula po sa Lokal ng Baguio City, Distrito ng Benguet",https://www.youtube.com/watch?v=ROa3kbG5M0U&lc=Ugx2rXIzHZT9b8uGR-N4AaABAg,Ugx2rXIzHZT9b8uGR-N4AaABAg,UC8g_QZnHM6Ifblgpu6cGOqQ,"Fetched 05/24/2026, 8:08:10 PM GMT+8"
32321,@jasminedaludado7262,9 days ago,Good evening po!! Happy viewing po mula sa mga KADIWA sa Lokal ng Guisad❤,https://www.youtube.com/watch?v=ROa3kbG5M0U&lc=Ugyu_zm-8I1kmkbjTx54AaABAg,Ugyu_zm-8I1kmkbjTx54AaABAg,UCA4HVmdH2Xj67gK8nZmpiZg,"Fetched 05/24/2026, 8:08:10 PM GMT+8"
32322,@Julskie28,9 days ago,Good eve po sa ating lahat! /  / Hello sa mga kasamang KADIWA /  / From lokal ng guisad🎉,https://www.youtube.com/watch?v=ROa3kbG5M0U&lc=Ugxj_BTQAYTSxz0WPAh4AaABAg,Ugxj_BTQAYTSxz0WPAh4AaABAg,UC1nz0UiWHV8lyoQdZtJejeg,"Fetched 05/24/2026, 8:08:10 PM GMT+8"
32323,@haielei2869,9 days ago,Let's Go BENGUET!  /  / tuloy tuloy po sa panunuod ang kapisanang binhi at Ilaw ng Lokal ng Norcar,https://www.youtube.com/watch?v=ROa3kbG5M0U&lc=UgzcJn_uSOj3u3F26nV4AaABAg,UgzcJn_uSOj3u3F26nV4AaABAg,UCf3PWHW8mj2mncX07kw9ZQw,"Fetched 05/24/2026, 8:08:10 PM GMT+8"
32324,@josephdulay9738,9 days ago,"Wait wait wait manhood muna tayo ulit,from Lokal ng Marcos Highway Benguet",https://www.youtube.com/watch?v=ROa3kbG5M0U&lc=Ugz61hnMzQM_mneQxWJ4AaABAg.AWmjkwh7qLAAWo5d6iwxhl,Ugz61hnMzQM_mneQxWJ4AaABAg.AWmjkwh7qLAAWo5d6iwxhl,UCwvvvRliliMsTWa0NSEeWPg,"Fetched 05/24/2026, 8:08:10 PM GMT+8"
32325,@Dekudeku-w6h,9 days ago,🥳🥳🥳,https://www.youtube.com/watch?v=ROa3kbG5M0U&lc=UgxzXqVK52n4cIA9ywh4AaABAg.AWTYocYpJ_3AWob_mZaVR6,UgxzXqVK52n4cIA9ywh4AaABAg.AWTYocYpJ_3AWob_mZaVR6,UCM4Mu-nbuSNSgbg8URGZjpg,"Fetched 05/24/2026, 8:08:10 PM GMT+8"
32326,@shairaana15,10 days ago,Congratulations! Kasama mo na si Mrs. manood😁,https://www.youtube.com/watch?v=ROa3kbG5M0U&lc=UgwBn5E10qSqiHmP1NR4AaABAg.AWgiWQmsYO-AWljubY_g6y,UgwBn5E10qSqiHmP1NR4AaABAg.AWgiWQmsYO-AWljubY_g6y,UCz66lo1aiQBEDoc-M9U3rmw,"Fetched 05/24/2026, 8:08:10 PM GMT+8"
32327,@ReneImperial-u5t,10 days ago,Greetings from local of Lourdes / Kalihim/ Registry.,https://www.youtube.com/watch?v=ROa3kbG5M0U&lc=UgztdclVY2KuakRr6ft4AaABAg.AWYbWfNx4KEAWmcvC2q-TW,UgztdclVY2KuakRr6ft4AaABAg.AWYbWfNx4KEAWmcvC2q-TW,UC7RhxessTgRMDoleTYEQLtA,"Fetched 05/24/2026, 8:08:10 PM GMT+8"
32328,@haielei2869,10 days ago,Hello. Hello po. Habang nagluluto manunuod po muli ng INCMV ng ating Distrito ☺️☺️. Mula po sa Lokal ng Norcar,https://www.youtube.com/watch?v=ROa3kbG5M0U&lc=UgzmS0NBk2hFMXEOnUp4AaABAg,UgzmS0NBk2hFMXEOnUp4AaABAg,UCf3PWHW8mj2mncX07kw9ZQw,"Fetched 05/24/2026, 8:08:10 PM GMT+8"
32329,@tayabanrt,10 days ago,"Magandang gabi po mga kapatid, happy viewing po, pagbati mula sa mga MT sa PNK sa lokal ng La Trinidad. / Let's go BENGUET 🎉🎉",https://www.youtube.com/watch?v=ROa3kbG5M0U&lc=UgxxaX1uYisGG88VvpF4AaABAg,UgxxaX1uYisGG88VvpF4AaABAg,UCCpOKu7HxJqnWctZ5fG9DZg,"Fetched 05/24/2026, 8:08:10 PM GMT+8"
32330,@jazz-m7b,10 days ago,Magandang gabi po sa lahat 🪷  / Mula po sa lokal ng La Trinidad,https://www.youtube.com/watch?v=ROa3kbG5M0U&lc=UgyEQVQJPhPoJ1xxUOB4AaABAg,UgyEQVQJPhPoJ1xxUOB4AaABAg,UCNB-zyitm7U6Yt835DEKclA,"Fetched 05/24/2026, 8:08:10 PM GMT+8"
32331,@Kris-t2c3w,10 days ago,Greetings to all brethren from the Lokal of La Trinidad 💝💝💝! Such an uplifting and inspiring song✨✨✨ - a beautiful reminder that God's love has no bounds🫶🫶🫶,https://www.youtube.com/watch?v=ROa3kbG5M0U&lc=UgzaHpk689WYQ8u1Lw54AaABAg,UgzaHpk689WYQ8u1Lw54AaABAg,UC2lYdlqDj3_tl0-uR11174A,"Fetched 05/24/2026, 8:08:10 PM GMT+8"
32332,@lanlani.eaaaahn,10 days ago,"Good evening at happy viewing po,mga kabagis!!!! Pagbati mula sa Lokal ng La Trinidad!!!",https://www.youtube.com/watch?v=ROa3kbG5M0U&lc=UgxK3Pxlh90dozqgcAR4AaABAg,UgxK3Pxlh90dozqgcAR4AaABAg,UCxRF5ldmYBJWNlgtayRoTHg,"Fetched 05/24/2026, 8:08:10 PM GMT+8"
32333,@henrycaranto2644,10 days ago,Magandang Gabe po sa lahat . / Pag bati po mula sa Lokal ng Baguio City❤❤,https://www.youtube.com/watch?v=ROa3kbG5M0U&lc=UgyykA2Uj1bS0ZMGb7p4AaABAg,UgyykA2Uj1bS0ZMGb7p4AaABAg,UCFilTOy22FklSkBIgwVPVaQ,"Fetched 05/24/2026, 8:08:10 PM GMT+8"
32334,@luibustamante9493,10 days ago,Good evening and happy viewing po sa lahat ng mga kapatid na Maytungkulin esp sa mga Mang-aawit at Mga Kadiwa. Maging ang masisipag na KDO shoutout po sa inyo.  /  / -Pagbati mula po sa Lokal ng Tuba,https://www.youtube.com/watch?v=ROa3kbG5M0U&lc=UgwzqnbsY8taeeX0is94AaABAg,UgwzqnbsY8taeeX0is94AaABAg,UCFAmrhDmv6rvZrQoYp-IS9w,"Fetched 05/24/2026, 8:08:10 PM GMT+8"
32335,@JoelVecino-ze3lw,10 days ago,Happy viewing mula sa lokal ng ATOK GOLD Benguet.. ❤❤❤❤,https://www.youtube.com/watch?v=ROa3kbG5M0U&lc=UgxfC9qNx5kenH7Kurl4AaABAg,UgxfC9qNx5kenH7Kurl4AaABAg,UCodECGwDicuDfCWfQSOxr0g,"Fetched 05/24/2026, 8:08:10 PM GMT+8"
32336,@JoelVecino-ze3lw,10 days ago,Blessed evening po mula sa lokal ng loakan airport..,https://www.youtube.com/watch?v=ROa3kbG5M0U&lc=UgxYu3uaoctE8XtrWCd4AaABAg,UgxYu3uaoctE8XtrWCd4AaABAg,UCodECGwDicuDfCWfQSOxr0g,"Fetched 05/24/2026, 8:08:10 PM GMT+8"
32337,@andreacachero6941,10 days ago,Happy viewing po mula sa kalihiman ng Lokal ng.marcos highway😊,https://www.youtube.com/watch?v=ROa3kbG5M0U&lc=UgydwejzkmDrf_XMl6J4AaABAg,UgydwejzkmDrf_XMl6J4AaABAg,UCwlfQoRpm4UKMVQSSP3Eycw,"Fetched 05/24/2026, 8:08:10 PM GMT+8"
32338,@PELITANJennyClaireT,10 days ago,"Maligayang gabi at panonood po. Greetings from Lokal ng La Trinidad, Distrito ng Benguet, Kapisanang Kadiwa... Let's go, Benguet 🎉🎉",https://www.youtube.com/watch?v=ROa3kbG5M0U&lc=UgwdYjuCrXAimyGqrZB4AaABAg,UgwdYjuCrXAimyGqrZB4AaABAg,UCsVZgGkRnNqeIIOLxHiFR7A,"Fetched 05/24/2026, 8:08:10 PM GMT+8"
32339,@nemesiojrliwan6046,10 days ago,Happy watching po From Liwan Family. Mula dto sa Crystal Cave Ext.,https://www.youtube.com/watch?v=ROa3kbG5M0U&lc=UgzBOnHqq3GJNP7AYAd4AaABAg,UgzBOnHqq3GJNP7AYAd4AaABAg,UCjezikK6Ee76ivDT-zsBZPA,"Fetched 05/24/2026, 8:08:10 PM GMT+8"
32340,@jeanietugad4595,10 days ago,"Happy viewing po, Kalihiman/Registry,, Atok Gold.",https://www.youtube.com/watch?v=ROa3kbG5M0U&lc=UgxiKpv3FSg5h32KHbd4AaABAg,UgxiKpv3FSg5h32KHbd4AaABAg,UC4-hT99A9u-aH7hnm5JCSfg,"Fetched 05/24/2026, 8:08:10 PM GMT+8"
32341,@NathanBanna,10 days ago,Let's goo Benguet!! 🎉🎉 /  / Happy viewing po From Lokal ng La Trinidad🌹,https://www.youtube.com/watch?v=ROa3kbG5M0U&lc=UgyAC-jvOQnC5kpJruV4AaABAg,UgyAC-jvOQnC5kpJruV4AaABAg,UCvf0rrhZoHH-dXIz5hiH80A,"Fetched 05/24/2026, 8:08:10 PM GMT+8"
32342,@NathanBanna,10 days ago,Happy Viewing po mula sa mga binhi ng Lokal ng La Trinidad.,https://www.youtube.com/watch?v=ROa3kbG5M0U&lc=Ugz0Ggwn3M_kX8oRS_Z4AaABAg,Ugz0Ggwn3M_kX8oRS_Z4AaABAg,UCvf0rrhZoHH-dXIz5hiH80A,"Fetched 05/24/2026, 8:08:10 PM GMT+8"
32343,@jeanietugad4595,10 days ago,"Good evening po mga kapatid, rewatching po, Atok Gold,, Kalihiman/Registry..❤",https://www.youtube.com/watch?v=ROa3kbG5M0U&lc=Ugy9vswf_kGqrHIO08h4AaABAg,Ugy9vswf_kGqrHIO08h4AaABAg,UC4-hT99A9u-aH7hnm5JCSfg,"Fetched 05/24/2026, 8:08:10 PM GMT+8"
32344,@gwynethcayabyab5981,10 days ago,Good evening pi mga kapatid🎉 keep on watching po🎉,https://www.youtube.com/watch?v=ROa3kbG5M0U&lc=UgwjbdVGeUaAJZ1U4C94AaABAg,UgwjbdVGeUaAJZ1U4C94AaABAg,UCouodNvhL1bfJC2Fz0B_Rcw,"Fetched 05/24/2026, 8:08:10 PM GMT+8"
32345,@agustinacanullas3563,10 days ago,"greetings po sa lahat lalo na sa mga nada Kalihiman / Registry Clerks, pagbati mula sa Lokal ng San Carlos Heights, Distrito ng Benguet",https://www.youtube.com/watch?v=ROa3kbG5M0U&lc=Ugw_s-SuEJZd83YCUAF4AaABAg,Ugw_s-SuEJZd83YCUAF4AaABAg,UCTmKmENRWAkjBqJDzGVv_vA,"Fetched 05/24/2026, 8:08:10 PM GMT+8"
32346,@gelo4828,10 days ago,GO BENGUET!!! HAPPY VIEWING PO SA LAHAT NG KADIWA JAN!,https://www.youtube.com/watch?v=ROa3kbG5M0U&lc=Ugxh7c82khW6SgUpN9x4AaABAg,Ugxh7c82khW6SgUpN9x4AaABAg,UCydnW0LoOckk7rQFQbEbI_g,"Fetched 05/24/2026, 8:08:10 PM GMT+8"
32347,@BnHydn,10 days ago,Good evening everyone  / Happy viewing sa ating lahat🎉 /  / -Lokal ng La Trinidad,https://www.youtube.com/watch?v=ROa3kbG5M0U&lc=UgwR3JJlo98cho-7Akt4AaABAg,UgwR3JJlo98cho-7Akt4AaABAg,UCbVqbfs9vjTS-hPNArDNcFQ,"Fetched 05/24/2026, 8:08:10 PM GMT+8"
32348,@rahcetneciv2230,10 days ago,Happy viewing from Locale of La Trinidad! 😊 / Kalihiman/Registry,https://www.youtube.com/watch?v=ROa3kbG5M0U&lc=UgzXlx3e4QTTFyqRDCh4AaABAg,UgzXlx3e4QTTFyqRDCh4AaABAg,UCAtIQGxsSNCqIzZdt0I4dKg,"Fetched 05/24/2026, 8:08:10 PM GMT+8"
32349,@FortunatoDamiseljr,10 days ago,Happy viewing po mula sa lokal n guisad distrito ng benguet,https://www.youtube.com/watch?v=ROa3kbG5M0U&lc=UgzuhMthaFRPF0kzGe14AaABAg,UgzuhMthaFRPF0kzGe14AaABAg,UCL3tKR0LuycUopTvypLaI-g,"Fetched 05/24/2026, 8:08:10 PM GMT+8"
32350,@luibustamante9493,10 days ago,Magandang gabi po mga kapatid.  / Benguet on Top / Let's Go Benguet.🎉🍓🍓 /  / -Kadiwa mula sa Lokal ng Tuba,https://www.youtube.com/watch?v=ROa3kbG5M0U&lc=Ugy0D0mEHvUiS8SEmFN4AaABAg,Ugy0D0mEHvUiS8SEmFN4AaABAg,UCFAmrhDmv6rvZrQoYp-IS9w,"Fetched 05/24/2026, 8:08:10 PM GMT+8"
32351,@analizacamba8329,10 days ago,"Magandang Gabi po mga kapatid, Happy viewing mula sa lokal ng City Camp Distrito ng Benguet!!",https://www.youtube.com/watch?v=ROa3kbG5M0U&lc=UgwrQq5u4mZLzRT-34R4AaABAg,UgwrQq5u4mZLzRT-34R4AaABAg,UCZt6zOPWmx8k7PAf_rCmnyQ,"Fetched 05/24/2026, 8:08:10 PM GMT+8"
32352,@TheaCamba,10 days ago,"""And when life brings you to your knees /  in our LORD GOD'S POWER, you must BELIEVE!"" /  / Magandang gabi po, nanonood muli mula sa Lokal ng City Camp!!",https://www.youtube.com/watch?v=ROa3kbG5M0U&lc=Ugw40RKzrx91AKGQwXN4AaABAg,Ugw40RKzrx91AKGQwXN4AaABAg,UCsaAXxBGdUkAnz-EdAnHCMQ,"Fetched 05/24/2026, 8:08:10 PM GMT+8"
32353,@EricPerez-u6y,10 days ago,Magandang Gabi po sa lahat. Watching from Lokal ng Irisan District of Benguet,https://www.youtube.com/watch?v=ROa3kbG5M0U&lc=Ugw_VK4qFSPqnMyY9El4AaABAg,Ugw_VK4qFSPqnMyY9El4AaABAg,UCv5pgqxAw4lH4MS36lrqnKQ,"Fetched 05/24/2026, 8:08:10 PM GMT+8"
32354,@EricPerez-u6y,10 days ago,Magandang Gabi po sa lahat. Watching from Lokal ng Irisan District of Benguet,https://www.youtube.com/watch?v=ROa3kbG5M0U&lc=UgzQGPfyHiTtcuY5U3t4AaABAg,UgzQGPfyHiTtcuY5U3t4AaABAg,UCv5pgqxAw4lH4MS36lrqnKQ,"Fetched 05/24/2026, 8:08:10 PM GMT+8"
32355,@PHEBIE-f7h,10 days ago,Magandang gabi po. Patuloy na sumusuporta sa ating entry.  / ❤❤❤Lokal ng AtokGold❤❤,https://www.youtube.com/watch?v=ROa3kbG5M0U&lc=Ugzpyi_EJW5OsFGKy5l4AaABAg,Ugzpyi_EJW5OsFGKy5l4AaABAg,UCNkJMMXP19AJSsNov8Fp3Ag,"Fetched 05/24/2026, 8:08:10 PM GMT+8"
32356,@PHEBIE-f7h,10 days ago,Magandang gabi po. Patuloy na sumusuporta sa ating entry.  / ❤❤❤Lokal ng AtokGold❤❤,https://www.youtube.com/watch?v=ROa3kbG5M0U&lc=UgzfN-8gmuTpRX2Qg3N4AaABAg,UgzfN-8gmuTpRX2Qg3N4AaABAg,UCNkJMMXP19AJSsNov8Fp3Ag,"Fetched 05/24/2026, 8:08:10 PM GMT+8"
32357,@PHEBIE-f7h,10 days ago,Magandang gabi po. Patuloy na sumusuporta sa ating entry.  / ❤❤❤Lokal ng AtokGold❤❤,https://www.youtube.com/watch?v=ROa3kbG5M0U&lc=UgxUHg92Dg37-Mzlu3h4AaABAg,UgxUHg92Dg37-Mzlu3h4AaABAg,UCNkJMMXP19AJSsNov8Fp3Ag,"Fetched 05/24/2026, 8:08:10 PM GMT+8"
32358,@PHEBIE-f7h,10 days ago,Magandang gabi po. Patuloy na sumusuporta sa ating entry.  / ❤❤❤Lokal ng AtokGold❤❤,https://www.youtube.com/watch?v=ROa3kbG5M0U&lc=UgxVZZcFOmLmnbaEt4h4AaABAg,UgxVZZcFOmLmnbaEt4h4AaABAg,UCNkJMMXP19AJSsNov8Fp3Ag,"Fetched 05/24/2026, 8:08:10 PM GMT+8"
32359,@Julskie28,10 days ago (edited),Good evening po sa ating lahat! /  / Happy viewing parin po from KADIWAs of benguet🎉,https://www.youtube.com/watch?v=ROa3kbG5M0U&lc=UgxqIpNmND0E3Wf4zId4AaABAg,UgxqIpNmND0E3Wf4zId4AaABAg,UC1nz0UiWHV8lyoQdZtJejeg,"Fetched 05/24/2026, 8:08:10 PM GMT+8"
32360,@PHEBIE-f7h,10 days ago,"""Hold on to your faith; Let God set you free.""  / God's Love for His children is eternal. / Streaming here from the Locale Congregation of AtokGold.",https://www.youtube.com/watch?v=ROa3kbG5M0U&lc=Ugy2BuoZldjWPzzpuhl4AaABAg,Ugy2BuoZldjWPzzpuhl4AaABAg,UCNkJMMXP19AJSsNov8Fp3Ag,"Fetched 05/24/2026, 8:08:10 PM GMT+8"
32361,@jasminedaludado7262,10 days ago,Good evening po!! Rewatching again mula po sa mga KADIWA sa Lokal ng Guisad,https://www.youtube.com/watch?v=ROa3kbG5M0U&lc=UgxVo1hTJZlouo5e5E94AaABAg,UgxVo1hTJZlouo5e5E94AaABAg,UCA4HVmdH2Xj67gK8nZmpiZg,"Fetched 05/24/2026, 8:08:10 PM GMT+8"
32362,@AnnalorainnePiaoan-z6y,10 days ago,"mula po sa kagawaran ng kalihiman at pananalapi,.sa lokal ng irisan  / distrito ng benguet,..happy viewing po❤",https://www.youtube.com/watch?v=ROa3kbG5M0U&lc=UgxzYcz_Zzb1EozYCLZ4AaABAg,UgxzYcz_Zzb1EozYCLZ4AaABAg,UCqFjobyRQPK0HpoTvf6OHwg,"Fetched 05/24/2026, 8:08:10 PM GMT+8"
32363,@lanlani.eaaaahn,10 days ago,Maligayang panonood po mula sa Lokal ng La Trinidad!!!!,https://www.youtube.com/watch?v=ROa3kbG5M0U&lc=UgzgJFEJxKonAr_HgG54AaABAg,UgzgJFEJxKonAr_HgG54AaABAg,UCxRF5ldmYBJWNlgtayRoTHg,"Fetched 05/24/2026, 8:08:10 PM GMT+8"
32364,@almazanrhyndylyn,10 days ago (edited),Happy Dinner po muling pagbati mula sa Lokal ng Norcar at Kapisanang Kadiwa. /  / Congratulations Benguet🎉🎉🎉 /  / Go go go Benguet🎉🎉,https://www.youtube.com/watch?v=ROa3kbG5M0U&lc=UgzCfB68gepwhl_lGYF4AaABAg,UgzCfB68gepwhl_lGYF4AaABAg,UCEoQCNgytnJxjJnAQLSzFeA,"Fetched 05/24/2026, 8:08:10 PM GMT+8"
32365,@almazanrhyndylyn,10 days ago,Magandang gabi po. Muling pagbati mula sa Lokal ng Norcar at Kapisanang Kadiwa. /  / Go go go Benguet🎉🎉,https://www.youtube.com/watch?v=ROa3kbG5M0U&lc=UgyYsD-8JNofYLMSPht4AaABAg,UgyYsD-8JNofYLMSPht4AaABAg,UCEoQCNgytnJxjJnAQLSzFeA,"Fetched 05/24/2026, 8:08:10 PM GMT+8"
32366,@almazanrhyndylyn,10 days ago,Magandang gabi po. Muling pagbati mula sa Lokal ng Norcar at Kapisanang Kadiwa. /  / Go go go Benguet🎉🎉,https://www.youtube.com/watch?v=ROa3kbG5M0U&lc=UgyDzwsPfG8Uyf-mBll4AaABAg,UgyDzwsPfG8Uyf-mBll4AaABAg,UCEoQCNgytnJxjJnAQLSzFeA,"Fetched 05/24/2026, 8:08:10 PM GMT+8"
32367,@almazanrhyndylyn,10 days ago,Magandang gabi po. Muling pagbati mula sa Lokal ng Norcar at Kapisanang Kadiwa. /  / Go go go Benguet🎉🎉,https://www.youtube.com/watch?v=ROa3kbG5M0U&lc=UgzuhwtI6UHJTE3801x4AaABAg,UgzuhwtI6UHJTE3801x4AaABAg,UCEoQCNgytnJxjJnAQLSzFeA,"Fetched 05/24/2026, 8:08:10 PM GMT+8"
32368,@almazanrhyndylyn,10 days ago,Magandang gabi po. Muling pagbati mula sa Lokal ng Norcar at Kapisanang Kadiwa. /  / Go go go Benguet🎉🎉,https://www.youtube.com/watch?v=ROa3kbG5M0U&lc=Ugwt4sds6PQh9ZNNBuZ4AaABAg,Ugwt4sds6PQh9ZNNBuZ4AaABAg,UCEoQCNgytnJxjJnAQLSzFeA,"Fetched 05/24/2026, 8:08:10 PM GMT+8"
32369,@almazanrhyndylyn,10 days ago,Magandang gabi po. Muling pagbati mula sa Lokal ng Norcar at Kapisanang Kadiwa. /  / Go go go Benguet🎉🎉,https://www.youtube.com/watch?v=ROa3kbG5M0U&lc=UgwJpup8IdClqfXZqcR4AaABAg,UgwJpup8IdClqfXZqcR4AaABAg,UCEoQCNgytnJxjJnAQLSzFeA,"Fetched 05/24/2026, 8:08:10 PM GMT+8"
32370,@jashgavera-t1r,10 days ago,goodevening po watching po from distrito ng benguet lokal ng norcar HAPPY VIEWING PO,https://www.youtube.com/watch?v=ROa3kbG5M0U&lc=UgyngXjxiRKNlfDZP5l4AaABAg,UgyngXjxiRKNlfDZP5l4AaABAg,UC9jZnvoS8C9YVe2cPai6_QA,"Fetched 05/24/2026, 8:08:10 PM GMT+8"
32371,@jonieyonga-an5239,10 days ago,Watching poo mulii mga kapatid!!! / Let's gooo Benguettt!!!🎉 /  / Letss goo Kadiwa Binhi🎉 / Mula Po sa lokal Ng Norcar 🎉🎉,https://www.youtube.com/watch?v=ROa3kbG5M0U&lc=UgxWyBaSYM7_v7CB6EV4AaABAg,UgxWyBaSYM7_v7CB6EV4AaABAg,UCgUo3JP_Fffuctza4bUumJg,"Fetched 05/24/2026, 8:08:10 PM GMT+8"
32372,@WayneBenoya,10 days ago,"Happy VIEWING po mga kapatid, mula po sa Local ng Marcos Highway ❤🧡💛",https://www.youtube.com/watch?v=ROa3kbG5M0U&lc=UgzyylLn1vo4uEOnSZ94AaABAg,UgzyylLn1vo4uEOnSZ94AaABAg,UCQ-vX4tVH7V71dPJYYG6jIw,"Fetched 05/24/2026, 8:08:10 PM GMT+8"
32373,@elaizaveniceantonio8756,10 days ago,happy viewing po mula po sa lokal ng Baguio City !,https://www.youtube.com/watch?v=ROa3kbG5M0U&lc=UgyvZIiiC8zytsSApPd4AaABAg,UgyvZIiiC8zytsSApPd4AaABAg,UCWG0uMJfrHKBymnZPaLYV8w,"Fetched 05/24/2026, 8:08:10 PM GMT+8"
32374,@joselitotomita1029,10 days ago,Go Benguet kalihim,https://www.youtube.com/watch?v=ROa3kbG5M0U&lc=UgzDs_lqLCjA1cWqM814AaABAg,UgzDs_lqLCjA1cWqM814AaABAg,UCyzbu0RN6bsQ88Mspf9VvQQ,"Fetched 05/24/2026, 8:08:10 PM GMT+8"
32375,@haielei2869,10 days ago,hello hello po from NORCAR,https://www.youtube.com/watch?v=ROa3kbG5M0U&lc=Ugxlxc7lbCWrpRUrQ-t4AaABAg,Ugxlxc7lbCWrpRUrQ-t4AaABAg,UCf3PWHW8mj2mncX07kw9ZQw,"Fetched 05/24/2026, 8:08:10 PM GMT+8"
32376,@joselitotomita1029,10 days ago,Happy viewing po mula sa Lokal ng Bangho district of Benguet kalihim reg department,https://www.youtube.com/watch?v=ROa3kbG5M0U&lc=UgxeGxfAgsS9jx90pGx4AaABAg,UgxeGxfAgsS9jx90pGx4AaABAg,UCyzbu0RN6bsQ88Mspf9VvQQ,"Fetched 05/24/2026, 8:08:10 PM GMT+8"
32377,@joselitotomita1029,10 days ago,Greetings from Bangho Benguet kalihim reg department good pm po sa lahat 😊,https://www.youtube.com/watch?v=ROa3kbG5M0U&lc=Ugxn25jOSI0bFSzUFCt4AaABAg,Ugxn25jOSI0bFSzUFCt4AaABAg,UCyzbu0RN6bsQ88Mspf9VvQQ,"Fetched 05/24/2026, 8:08:10 PM GMT+8"
32378,@haielei2869,10 days ago,"Good evening po mga Kabagis. Muling panunuod po ng INCMV entry ng ating Distrito mula po sa lokal Ng Norcar, Ilaw, at binhi po",https://www.youtube.com/watch?v=ROa3kbG5M0U&lc=Ugx2s4pleB0Gw0yaS5h4AaABAg,Ugx2s4pleB0Gw0yaS5h4AaABAg,UCf3PWHW8mj2mncX07kw9ZQw,"Fetched 05/24/2026, 8:08:10 PM GMT+8"
32379,@henrycaranto2644,10 days ago,Benguet let’s go!🎉❤ /  / Tuloy tuloy po tayo mga Kasama 🙂 /  / Shoutout po sa lahat ng KADIWA AT BINHI JAN ❤️🥰,https://www.youtube.com/watch?v=ROa3kbG5M0U&lc=UgwCyN23pdraCYvkcoh4AaABAg,UgwCyN23pdraCYvkcoh4AaABAg,UCFilTOy22FklSkBIgwVPVaQ,"Fetched 05/24/2026, 8:08:10 PM GMT+8"
32380,@jonieyonga-an5239,10 days ago,"Binabati Po namin ang Masipag, mabait at matiyaga na Pangulong Kadiwa Ng Distrito Ng Benguet, ang Ka Henry Caranto🎉🎉 / Happy viewing Po sainyo!!!!! /  / Mula Po sa mga Kadiwa sa lokal Ng Norcar 🎉🎉",https://www.youtube.com/watch?v=ROa3kbG5M0U&lc=UgxmvcDmfdHVS7QzyL54AaABAg,UgxmvcDmfdHVS7QzyL54AaABAg,UCgUo3JP_Fffuctza4bUumJg,"Fetched 05/24/2026, 8:08:10 PM GMT+8"
32381,@jonieyonga-an5239,10 days ago,Let's gooo let's go Benguet 🎉🎉,https://www.youtube.com/watch?v=ROa3kbG5M0U&lc=UgyE9sTml85N9sTck7x4AaABAg,UgyE9sTml85N9sTck7x4AaABAg,UCgUo3JP_Fffuctza4bUumJg,"Fetched 05/24/2026, 8:08:10 PM GMT+8"
32382,@maryannfernandez9408,10 days ago,Hello po sa lahat ng mga kalihim at registry clerk sa distrito ng Benguet. Mula po sa lokal ng Guisad❤❤❤😊😊😊,https://www.youtube.com/watch?v=ROa3kbG5M0U&lc=UgwcXZ-zFUw2KSVKDnh4AaABAg,UgwcXZ-zFUw2KSVKDnh4AaABAg,UC6QnYlqIsg0WPmOKL74vIPg,"Fetched 05/24/2026, 8:08:10 PM GMT+8"
32383,@jeffymateus1010,10 days ago,🎉🎉🎉🎉 happy viewing po mga  kapatid. Mula sa lokal ng Guisad.,https://www.youtube.com/watch?v=ROa3kbG5M0U&lc=UgyLMB8rweKpKzAUUs14AaABAg,UgyLMB8rweKpKzAUUs14AaABAg,UCHtVwXfuaXFwMM2E8FuKkjg,"Fetched 05/24/2026, 8:08:10 PM GMT+8"
32384,@rovellnogoy7927,10 days ago,"Pagbati po sa lahat ng mga masisipag na kalihim sa buong Distrito ng Benguet, Happy watching po! Go Benguet!",https://www.youtube.com/watch?v=ROa3kbG5M0U&lc=Ugz61hnMzQM_mneQxWJ4AaABAg,Ugz61hnMzQM_mneQxWJ4AaABAg,UCpcSI6VtzfqsSR4H63AKV0w,"Fetched 05/24/2026, 8:08:10 PM GMT+8"
32385,@jonieyonga-an5239,10 days ago,"Happy viewing Po mga kapatiddd,  / Mula sa Lokal Ng Norcar Distrito Ng Benguet 🎉🎉 / Hello there mga kadiwaa!!!! / Road to #3 na tayooo",https://www.youtube.com/watch?v=ROa3kbG5M0U&lc=UgyOwFxMC7EP1OR-bIB4AaABAg,UgyOwFxMC7EP1OR-bIB4AaABAg,UCgUo3JP_Fffuctza4bUumJg,"Fetched 05/24/2026, 8:08:10 PM GMT+8"
32386,@ReinnaLeeOmiles,10 days ago,District of Benguet Go! Go! Go!,https://www.youtube.com/watch?v=ROa3kbG5M0U&lc=UgyMW9MmRbk1QyJgYyJ4AaABAg,UgyMW9MmRbk1QyJgYyJ4AaABAg,UC7VP24HaOgd4RUusnAo9JuA,"Fetched 05/24/2026, 8:08:10 PM GMT+8"
32387,@ReinnaLeeOmiles,10 days ago,🎉🎉🎉🎉,https://www.youtube.com/watch?v=ROa3kbG5M0U&lc=UgzyfVD9TaCgH_FaE6J4AaABAg,UgzyfVD9TaCgH_FaE6J4AaABAg,UC7VP24HaOgd4RUusnAo9JuA,"Fetched 05/24/2026, 8:08:10 PM GMT+8"
32388,@JennilynLazaro-y5x6v,10 days ago,Patuloy po kaming nakikiisa mula po sa lokal ng ATOK GOLD 🇮🇹,https://www.youtube.com/watch?v=ROa3kbG5M0U&lc=UgznZCIwnPgJsL5hghh4AaABAg,UgznZCIwnPgJsL5hghh4AaABAg,UCItB-k__Z6a289WuGtIxsbw,"Fetched 05/24/2026, 8:08:10 PM GMT+8"
32389,@Unnamed_218,10 days ago,Happy Viewing po lahat po ng mga kaptid mula po s lokal ng buyagan distrito ng benguet,https://www.youtube.com/watch?v=ROa3kbG5M0U&lc=UgyI6wojaWaVsZaTjC94AaABAg,UgyI6wojaWaVsZaTjC94AaABAg,UC_yFX77sKLao4lGWJ-uC5EA,"Fetched 05/24/2026, 8:08:10 PM GMT+8"
32390,@JennilynLazaro-y5x6v,10 days ago,Happy viewing po mula sa lokal ng Atok Gold😊😊,https://www.youtube.com/watch?v=ROa3kbG5M0U&lc=Ugwq4eIHB3s9hlrpz3N4AaABAg,Ugwq4eIHB3s9hlrpz3N4AaABAg,UCItB-k__Z6a289WuGtIxsbw,"Fetched 05/24/2026, 8:08:10 PM GMT+8"
32391,@Vien.Bella-vu5rh4pz8b,10 days ago,"Road to #3, Go Benguet! / ❤atok gold",https://www.youtube.com/watch?v=ROa3kbG5M0U&lc=UgwRBX8Yp0Tc8DqGN_p4AaABAg,UgwRBX8Yp0Tc8DqGN_p4AaABAg,UCB9NRJMQHTIobGeD1zbmbYA,"Fetched 05/24/2026, 8:08:10 PM GMT+8"
32392,@Vien.Bella-vu5rh4pz8b,10 days ago,Happy viewing po mula sa lokal ng Atok Gold😊,https://www.youtube.com/watch?v=ROa3kbG5M0U&lc=UgxC544HtEQbnsYjt4B4AaABAg,UgxC544HtEQbnsYjt4B4AaABAg,UCB9NRJMQHTIobGeD1zbmbYA,"Fetched 05/24/2026, 8:08:10 PM GMT+8"
32393,@BnHydn,10 days ago,Nood muna bago sumamba📺 /  / Buong pusong sumusuporta dito sa lokal ng La Trinidad. /  / Let's go Benguet ♥️,https://www.youtube.com/watch?v=ROa3kbG5M0U&lc=Ugwiy3dVk2HA8y90Ykp4AaABAg,Ugwiy3dVk2HA8y90Ykp4AaABAg,UCbVqbfs9vjTS-hPNArDNcFQ,"Fetched 05/24/2026, 8:08:10 PM GMT+8"
32394,@cristymorales6399,10 days ago,Happy viewing po sa lahat. Isang mainit na pagbati mula sa registry at kalihiman ng lokal ng Gibraltar,https://www.youtube.com/watch?v=ROa3kbG5M0U&lc=UgzhABK_dVSkcDy3jEJ4AaABAg,UgzhABK_dVSkcDy3jEJ4AaABAg,UCy4vhZGOT49XaOmm4ruS6OQ,"Fetched 05/24/2026, 8:08:10 PM GMT+8"
32395,@xd_cloutzy,10 days ago,"Happy viewing po! Watching from Lokal ng Kias, Distrito ng Benguet!",https://www.youtube.com/watch?v=ROa3kbG5M0U&lc=UgxE2WWiusjeNIK_Ap94AaABAg,UgxE2WWiusjeNIK_Ap94AaABAg,UClFOcqpot89argdsfGERNzw,"Fetched 05/24/2026, 8:08:10 PM GMT+8"
32396,@henrycaranto2644,10 days ago,Let’s Go Benguet!! / Road to 22k❤ /  / I 22k na natin eto mga kasama 😂 /  / Pagbati po sa lahat ng Kadiwa at sa Lokal ng Baguio City❤😊,https://www.youtube.com/watch?v=ROa3kbG5M0U&lc=UgxHv17dtPUfQ1FVSzl4AaABAg,UgxHv17dtPUfQ1FVSzl4AaABAg,UCFilTOy22FklSkBIgwVPVaQ,"Fetched 05/24/2026, 8:08:10 PM GMT+8"
32397,@PHEBIE-f7h,10 days ago,Good evening po sa ating lahat. Continuous support from Lokal ng AtokGold,https://www.youtube.com/watch?v=ROa3kbG5M0U&lc=UgyzbnsmP-3XdEj_6bR4AaABAg,UgyzbnsmP-3XdEj_6bR4AaABAg,UCNkJMMXP19AJSsNov8Fp3Ag,"Fetched 05/24/2026, 8:08:10 PM GMT+8"
32398,@emersonsrrivera8499,10 days ago,"Ooh,ooh,ooh,ooh😊 /  / Happy viewing po mula sa / Lokal ng MEGAROYALE VILLAGE Distrito ng BENGUET❤❤❤❤ /  / ...Kalihiman/Registry",https://www.youtube.com/watch?v=ROa3kbG5M0U&lc=Ugz4l0uxCxDO748C_yt4AaABAg,Ugz4l0uxCxDO748C_yt4AaABAg,UCEwD1sGs1TBK_FclZJYDoEw,"Fetched 05/24/2026, 8:08:10 PM GMT+8"
32399,@emersonsrrivera8499,10 days ago,Happy viewing po mula sa / Lokal ng MEGAROYALE VILLAGE Distrito ng BENGUET / ---Kalihiman/Registry,https://www.youtube.com/watch?v=ROa3kbG5M0U&lc=UgwQgfSdkpcJsMTONZ14AaABAg,UgwQgfSdkpcJsMTONZ14AaABAg,UCEwD1sGs1TBK_FclZJYDoEw,"Fetched 05/24/2026, 8:08:10 PM GMT+8"
32400,@jeanietugad4595,10 days ago,"Happy viewing po sa lahat. mula sa Atok Gold, kalihiman/Registry.",https://www.youtube.com/watch?v=ROa3kbG5M0U&lc=UgzHw-OFi1R6c37g0PB4AaABAg,UgzHw-OFi1R6c37g0PB4AaABAg,UC4-hT99A9u-aH7hnm5JCSfg,"Fetched 05/24/2026, 8:08:10 PM GMT+8"
32401,@emersonsrrivera8499,10 days ago,Happy viewing po mula sa lokal ng MEGAROYALE VILLAGE Distrito ng Benguet...Kalihiman/Registry,https://www.youtube.com/watch?v=ROa3kbG5M0U&lc=Ugy61yp0IP7lPwygIvp4AaABAg,Ugy61yp0IP7lPwygIvp4AaABAg,UCEwD1sGs1TBK_FclZJYDoEw,"Fetched 05/24/2026, 8:08:10 PM GMT+8"
32402,@daisycastaneda7972,10 days ago,"Magandang hapon po ,happy watching to all po, Go ! Go! Benguet,  for the win ,Greetings po mula lokal ng Baguio  City.",https://www.youtube.com/watch?v=ROa3kbG5M0U&lc=Ugw-8shA3n2AgvxdNHN4AaABAg,Ugw-8shA3n2AgvxdNHN4AaABAg,UCD3NlGp4eLYcR2RGC7FwnKQ,"Fetched 05/24/2026, 8:08:10 PM GMT+8"
32403,@JhadeVecino,10 days ago,Have a nice day to all MT Ng kapisanan Ng LOKAL NG ATOK GOLD ❤❤❤,https://www.youtube.com/watch?v=ROa3kbG5M0U&lc=UgyMlEjImEHqUnYsyAt4AaABAg,UgyMlEjImEHqUnYsyAt4AaABAg,UC6G7aKYeoTFEdZdzsafEppQ,"Fetched 05/24/2026, 8:08:10 PM GMT+8"
32404,@JhadeVecino,10 days ago,Gud aftie to all TSV Ng LOKAL NG ATOK GOLD BENGUET,https://www.youtube.com/watch?v=ROa3kbG5M0U&lc=UgzzBsB9LU8WAibd3pF4AaABAg,UgzzBsB9LU8WAibd3pF4AaABAg,UC6G7aKYeoTFEdZdzsafEppQ,"Fetched 05/24/2026, 8:08:10 PM GMT+8"
32405,@daisycastaneda7972,10 days ago,"Magandang hapon po sa lahat ng mga kapatid ,happy watching po ,greetings po mula  sa lokal ng Baguio  City.",https://www.youtube.com/watch?v=ROa3kbG5M0U&lc=UgxftwBuWRCA_ehJjFt4AaABAg,UgxftwBuWRCA_ehJjFt4AaABAg,UCD3NlGp4eLYcR2RGC7FwnKQ,"Fetched 05/24/2026, 8:08:10 PM GMT+8"
32406,@JuneverBalite,10 days ago,Greeting po Mula sa kalihim an ng lokal ng Posos...Go Benguet👍,https://www.youtube.com/watch?v=ROa3kbG5M0U&lc=UgwfCVCGFM22HQgF_R14AaABAg,UgwfCVCGFM22HQgF_R14AaABAg,UCjzdXuqPOjn7R8FEjyDUjgQ,"Fetched 05/24/2026, 8:08:10 PM GMT+8"
32407,@JhadeVecino,10 days ago,Enjoy viewing to all pananalapi Ng LOKAL NG ATOK GOLD BENGUET,https://www.youtube.com/watch?v=ROa3kbG5M0U&lc=UgxB6qiwDN5Et969hCF4AaABAg,UgxB6qiwDN5Et969hCF4AaABAg,UC6G7aKYeoTFEdZdzsafEppQ,"Fetched 05/24/2026, 8:08:10 PM GMT+8"
32408,@AnastaciaVicente-t9x,10 days ago,"Binabati din po namin ang aming tagapangasiwa, Kapatid na Ardy D. Mendoza",https://www.youtube.com/watch?v=ROa3kbG5M0U&lc=UgzOzEo70Qa-1l6DClt4AaABAg,UgzOzEo70Qa-1l6DClt4AaABAg,UCfipobWpwEUWCYExdhtSsFQ,"Fetched 05/24/2026, 8:08:10 PM GMT+8"
32409,@JhadeVecino,10 days ago,Blessed day ahead to all kalihim Ng LOKAL NG ATOK GOLD BENGUET ❤❤❤,https://www.youtube.com/watch?v=ROa3kbG5M0U&lc=UgxlZfb8NQxClL6UGzR4AaABAg,UgxlZfb8NQxClL6UGzR4AaABAg,UC6G7aKYeoTFEdZdzsafEppQ,"Fetched 05/24/2026, 8:08:10 PM GMT+8"
32410,@AnastaciaVicente-t9x,10 days ago,"happy viewing po, mula po sa Kalihiman ng Lokal ng Lacaan, Distrito ng Benguet,,,,",https://www.youtube.com/watch?v=ROa3kbG5M0U&lc=UgwETiebHluYZGD10rt4AaABAg,UgwETiebHluYZGD10rt4AaABAg,UCfipobWpwEUWCYExdhtSsFQ,"Fetched 05/24/2026, 8:08:10 PM GMT+8"
32411,@JhadeVecino,10 days ago,Happy viewing to lahat Ng PD nang LOKAL NG ATOK GOLD BENGUET,https://www.youtube.com/watch?v=ROa3kbG5M0U&lc=UgzCaj6Ksr9Sfo8zD-V4AaABAg,UgzCaj6Ksr9Sfo8zD-V4AaABAg,UC6G7aKYeoTFEdZdzsafEppQ,"Fetched 05/24/2026, 8:08:10 PM GMT+8"
32412,@JhadeVecino,10 days ago,Greetings from Mang aawit Ng ATOK GOLD BENGUET,https://www.youtube.com/watch?v=ROa3kbG5M0U&lc=Ugx5kGDcu_qecnmnuUB4AaABAg,Ugx5kGDcu_qecnmnuUB4AaABAg,UC6G7aKYeoTFEdZdzsafEppQ,"Fetched 05/24/2026, 8:08:10 PM GMT+8"
32413,@luibustamante9493,10 days ago,"“From the mountains of Benguet comes a song that touches the heart deeply. God’s Love is more than music—it’s inspiration, comfort, and faith in every lyric. Truly an entry worth watching and sharing! 👏❤️ #INCMVBenguet /  / -From Locale Congregation of Tuba District of Benguet, Kadiwa District Officer",https://www.youtube.com/watch?v=ROa3kbG5M0U&lc=UgwnHrFuVKCEutiipFR4AaABAg,UgwnHrFuVKCEutiipFR4AaABAg,UCFAmrhDmv6rvZrQoYp-IS9w,"Fetched 05/24/2026, 8:08:10 PM GMT+8"
32414,@kimberlysarmiento1034,10 days ago,God loves us deeply and completely. / You don’t have to be perfect to be loved by God 🥰 /  / Rewatching from lokal ng Tuba.. Greetings to all KDO from the district of Benguet,https://www.youtube.com/watch?v=ROa3kbG5M0U&lc=UgzLngyjcEJylo5FR_94AaABAg,UgzLngyjcEJylo5FR_94AaABAg,UCds_RyKfMX7Xzg4PQRhf9NQ,"Fetched 05/24/2026, 8:08:10 PM GMT+8"
32415,@ReneImperial-u5t,10 days ago,Congratulations po mga Kapatid mula Sa lokal Ng Lourdes kalihiman/Registry.,https://www.youtube.com/watch?v=ROa3kbG5M0U&lc=UgzADeCfBKwadSPedlt4AaABAg,UgzADeCfBKwadSPedlt4AaABAg,UC7RhxessTgRMDoleTYEQLtA,"Fetched 05/24/2026, 8:08:10 PM GMT+8"
32416,@JhadeVecino,10 days ago,Pagbati po Mula sa LOKAL NG ATOK GOLD BENGUET..,https://www.youtube.com/watch?v=ROa3kbG5M0U&lc=Ugy-An4YoC8lyE_K_Bh4AaABAg,Ugy-An4YoC8lyE_K_Bh4AaABAg,UC6G7aKYeoTFEdZdzsafEppQ,"Fetched 05/24/2026, 8:08:10 PM GMT+8"
32417,@AYRAALFREDO,10 days ago,Greetings po mula sa Lokal ng Tublay.. Distrito ng Benguet.. / Mula din po sa Registry Section.. HAPPY VIEWING PO.. ❤,https://www.youtube.com/watch?v=ROa3kbG5M0U&lc=UgzbfJhfKhAKLyg3nBt4AaABAg,UgzbfJhfKhAKLyg3nBt4AaABAg,UCFopMb5FmJXGUONiHiPlL4w,"Fetched 05/24/2026, 8:08:10 PM GMT+8"
32418,@FilipinaWallis,10 days ago,"Greetings po from kalihiman ng Mirador hills,Benguet",https://www.youtube.com/watch?v=ROa3kbG5M0U&lc=Ugya9OKi_7e8_GOihPJ4AaABAg,Ugya9OKi_7e8_GOihPJ4AaABAg,UColgebCrDJsPRccJNQLMt_A,"Fetched 05/24/2026, 8:08:10 PM GMT+8"
32419,@axeliee-m5u,10 days ago,"Good afternoon everyone!!!  /  / Watching po before sumamba, lagi pa rin pong naka-suporta ang nga Binhi 🌱 ng Lokal ng La Trinidad 💝 /  / Let's goo Benguet 💯☝️",https://www.youtube.com/watch?v=ROa3kbG5M0U&lc=UgxiwltoUgf7BAnmFFZ4AaABAg,UgxiwltoUgf7BAnmFFZ4AaABAg,UCxjmGS0yLlCMs4Fe-AqbHFw,"Fetched 05/24/2026, 8:08:10 PM GMT+8"
32420,@almazanrhyndylyn,10 days ago (edited),"Amidst difficulties and struggles, God's Love prevails lifting us up to be better. /  / Greetings from Local Congregation of Norcar and Benguet Kadiwa District Officers.",https://www.youtube.com/watch?v=ROa3kbG5M0U&lc=UgzmKv98-l2ED_4TSOF4AaABAg,UgzmKv98-l2ED_4TSOF4AaABAg,UCEoQCNgytnJxjJnAQLSzFeA,"Fetched 05/24/2026, 8:08:10 PM GMT+8"
32421,@gwynethcayabyab5981,10 days ago,Mula po sa lokal ng megaroyale binabati po namin ang lahat ng  kapatid na nanonood🎉,https://www.youtube.com/watch?v=ROa3kbG5M0U&lc=UgwDo-534XW5zgND8gV4AaABAg,UgwDo-534XW5zgND8gV4AaABAg,UCouodNvhL1bfJC2Fz0B_Rcw,"Fetched 05/24/2026, 8:08:10 PM GMT+8"
32422,@kimberlysarmiento1034,10 days ago,Happy rewatching po mga kapatid /  / Tuba,https://www.youtube.com/watch?v=ROa3kbG5M0U&lc=UgyAIUF6OYIDKxFvoNZ4AaABAg,UgyAIUF6OYIDKxFvoNZ4AaABAg,UCds_RyKfMX7Xzg4PQRhf9NQ,"Fetched 05/24/2026, 8:08:10 PM GMT+8"
32423,@Vien.Bella-vu5rh4pz8b,10 days ago,Go go BENGUET❤ / Atok Gold 😊,https://www.youtube.com/watch?v=ROa3kbG5M0U&lc=UgyDMgA80ElwNoq-Lnh4AaABAg,UgyDMgA80ElwNoq-Lnh4AaABAg,UCB9NRJMQHTIobGeD1zbmbYA,"Fetched 05/24/2026, 8:08:10 PM GMT+8"
32424,@Vien.Bella-vu5rh4pz8b,10 days ago,Greetings po mula sa lokal ng Atok Gold,https://www.youtube.com/watch?v=ROa3kbG5M0U&lc=UgwbGKOLxsBT-tBkhTd4AaABAg,UgwbGKOLxsBT-tBkhTd4AaABAg,UCB9NRJMQHTIobGeD1zbmbYA,"Fetched 05/24/2026, 8:08:10 PM GMT+8"
32425,@aileensygonzales698,10 days ago,"Greetings from Lokal ng La Trinidad, Distrito ng Benguet",https://www.youtube.com/watch?v=ROa3kbG5M0U&lc=Ugyk5wF4sgpbrJZdVo54AaABAg,Ugyk5wF4sgpbrJZdVo54AaABAg,UCFnUHQGDSZBZoSWfCcbp7ZA,"Fetched 05/24/2026, 8:08:10 PM GMT+8"
32426,@ReneImperial-u5t,10 days ago,"Magandang hapon po mga Kapatid, / From lokal Ng Lourdes kalihiman.",https://www.youtube.com/watch?v=ROa3kbG5M0U&lc=UgywqlpwC40pSiGDaeh4AaABAg,UgywqlpwC40pSiGDaeh4AaABAg,UC7RhxessTgRMDoleTYEQLtA,"Fetched 05/24/2026, 8:08:10 PM GMT+8"
32427,@henrycaranto2644,10 days ago,Shoutout po sa lahat ng Kadiwa at Binhi na nakatutok maghapon ❤🎉 /  / Mula po sa lokal ng Baguio City🎉,https://www.youtube.com/watch?v=ROa3kbG5M0U&lc=UgxXT-x6lAL7ZyRf2wV4AaABAg,UgxXT-x6lAL7ZyRf2wV4AaABAg,UCFilTOy22FklSkBIgwVPVaQ,"Fetched 05/24/2026, 8:08:10 PM GMT+8"
32428,@vhladbunag1121,10 days ago,"Happy viewing / Greetings from Locale of Quezon Hill, District of Benguet",https://www.youtube.com/watch?v=ROa3kbG5M0U&lc=UgxQjcDE6hFE4CKCj_B4AaABAg,UgxQjcDE6hFE4CKCj_B4AaABAg,UCHH_VRtlJD6DzNISAPGErTg,"Fetched 05/24/2026, 8:08:10 PM GMT+8"
32429,@lvrxliza16,10 days ago,Happy viewing po mula sa Lokal ng Atok Gold 🤍,https://www.youtube.com/watch?v=ROa3kbG5M0U&lc=UgydiEwyIxQv4Ze5dUh4AaABAg,UgydiEwyIxQv4Ze5dUh4AaABAg,UCDT1iWYM0xpyuHmGQYI0O2A,"Fetched 05/24/2026, 8:08:10 PM GMT+8"
32430,@rositabusto,10 days ago,"Happy viewing mga kapatid, mula po sa Lokal ng Guisad, Distrito ng Benguet",https://www.youtube.com/watch?v=ROa3kbG5M0U&lc=UgwMWbB1ZT_hjBrLa7N4AaABAg,UgwMWbB1ZT_hjBrLa7N4AaABAg,UCz0vdkylCFLWrvVnBkEAz1Q,"Fetched 05/24/2026, 8:08:10 PM GMT+8"
32431,@vivianmonzon,10 days ago,Happy viewing from local ng Guisad disrito ng Benguet 🇮🇹,https://www.youtube.com/watch?v=ROa3kbG5M0U&lc=Ugw0fakn9uRDOkGwmyJ4AaABAg,Ugw0fakn9uRDOkGwmyJ4AaABAg,UCClOpRZUGIlnvUlfSD0m2FQ,"Fetched 05/24/2026, 8:08:10 PM GMT+8"
32432,@unicoomorpe6056,10 days ago,"Happy viewing po mula sa kalihiman ng baguio city, distrito ng benguet",https://www.youtube.com/watch?v=ROa3kbG5M0U&lc=UgzcBYhcAVOuTUjfsAR4AaABAg,UgzcBYhcAVOuTUjfsAR4AaABAg,UCoOWm-6nwzcuBuCj9ns-Z4w,"Fetched 05/24/2026, 8:08:10 PM GMT+8"
32433,@Kashumi_和美,10 days ago,Happy viewing mula po sa Lokal Ng Quezon Hill Distrito ng Benguet.,https://www.youtube.com/watch?v=ROa3kbG5M0U&lc=UgwT6hdqzSeex_odEWp4AaABAg,UgwT6hdqzSeex_odEWp4AaABAg,UCRfR-dERK8rC-UT9E3zTR_w,"Fetched 05/24/2026, 8:08:10 PM GMT+8"
32434,@PELITANJennyClaireT,10 days ago,"Happy magandang hapon po. Viewing from lokal ng La Trinidad, Distrito ng Benguet, Kapisanang Kadiwa. Let's go, Benguet 🎉🫛🥔🫑",https://www.youtube.com/watch?v=ROa3kbG5M0U&lc=Ugykod6-FJKhSHOMNMF4AaABAg,Ugykod6-FJKhSHOMNMF4AaABAg,UCsVZgGkRnNqeIIOLxHiFR7A,"Fetched 05/24/2026, 8:08:10 PM GMT+8"
32435,@danielsangalang4416,10 days ago,Happy watching po / Kalihiman/Registry ng Baguio City po,https://www.youtube.com/watch?v=ROa3kbG5M0U&lc=UgwP5vQeT7l3ukwq_2V4AaABAg,UgwP5vQeT7l3ukwq_2V4AaABAg,UCd83g5cGg_Es6Qyl02u7jdw,"Fetched 05/24/2026, 8:08:10 PM GMT+8"
32436,@frederickcauso,10 days ago,Mula po sa lokal ng Quezon hill. Benguet,https://www.youtube.com/watch?v=ROa3kbG5M0U&lc=UgxXpDVIVpq_aHyqOGB4AaABAg,UgxXpDVIVpq_aHyqOGB4AaABAg,UC9UKrTFjf2vc1tt5ZiTpOFw,"Fetched 05/24/2026, 8:08:10 PM GMT+8"
32437,@frederickcauso,10 days ago,"Good day po sa lahat, masayang panunuod ng entry ng distrito",https://www.youtube.com/watch?v=ROa3kbG5M0U&lc=UgzWGZY9MhcS0qalYZV4AaABAg,UgzWGZY9MhcS0qalYZV4AaABAg,UC9UKrTFjf2vc1tt5ZiTpOFw,"Fetched 05/24/2026, 8:08:10 PM GMT+8"
32438,@johnreylucio8970,10 days ago,Masaya along napapakinggan itoohhh!! / NAPAKAHUSAY NG PRODUCTION❤ /  / Pagbati po Mula sa Kadiwa sa Lokal ng La Trinidad 🎉❤,https://www.youtube.com/watch?v=ROa3kbG5M0U&lc=Ugy1WgTgc_C1N1pYLnt4AaABAg,Ugy1WgTgc_C1N1pYLnt4AaABAg,UCNMupRD4ySrN336KZpy29OA,"Fetched 05/24/2026, 8:08:10 PM GMT+8"
32439,@rollysibal2967,10 days ago,Happy viewing Po from lokal ng Baguio city❤️,https://www.youtube.com/watch?v=ROa3kbG5M0U&lc=UgxODu0y55TfY7SG9MV4AaABAg,UgxODu0y55TfY7SG9MV4AaABAg,UC65bwBfJrpBYAeWqkxwLrWg,"Fetched 05/24/2026, 8:08:10 PM GMT+8"
32440,@kristonleefuchigami3643,10 days ago,Happy viewing mula po sa Lokal Ng Quezon Hill Distrito Ng Benguet.,https://www.youtube.com/watch?v=ROa3kbG5M0U&lc=UgwWxD2SfE_QzTbWS8J4AaABAg,UgwWxD2SfE_QzTbWS8J4AaABAg,UCOZ4eM5oab1qQPoV6luV52w,"Fetched 05/24/2026, 8:08:10 PM GMT+8"
32441,@Kris-t2c3w,10 days ago,Magandang panonood po sa ating lahat mula sa Lokal ng La Trinidad 😊! patuloy parin po ang aming pagsuporta sa Benguet 🫶🫶🫶 /  / Let's go Benguet 🎉🎉🎉,https://www.youtube.com/watch?v=ROa3kbG5M0U&lc=Ugw27nEmiV1hbX_Sb4Z4AaABAg,Ugw27nEmiV1hbX_Sb4Z4AaABAg,UC2lYdlqDj3_tl0-uR11174A,"Fetched 05/24/2026, 8:08:10 PM GMT+8"
32442,@jonieyonga-an5239,10 days ago,Happy viewing Mula Sa Lokal Ng Norcar 🎉🎉 /  / Let's gooo Benguettt!!! / Let's gooo Kadiwa🎉🎉,https://www.youtube.com/watch?v=ROa3kbG5M0U&lc=Ugy_NcJPnc0hIMA2Vmh4AaABAg,Ugy_NcJPnc0hIMA2Vmh4AaABAg,UCgUo3JP_Fffuctza4bUumJg,"Fetched 05/24/2026, 8:08:10 PM GMT+8"
32443,@luibustamante9493,10 days ago,Let's Go Benguet🎉🍓 / Fighting Kadiwa 🔥💪 /  / Ilaban natin Benguet on Top 🎉🎶 /  / -Mula po sa Lokal ng Tuba,https://www.youtube.com/watch?v=ROa3kbG5M0U&lc=UgyRa2bGGov3ckad6EB4AaABAg,UgyRa2bGGov3ckad6EB4AaABAg,UCFAmrhDmv6rvZrQoYp-IS9w,"Fetched 05/24/2026, 8:08:10 PM GMT+8"
32444,@JulieAnnCabusi-pz3hl,10 days ago,#Go Benguet #lokal ng Guisad Baguio City🎉😊,https://www.youtube.com/watch?v=ROa3kbG5M0U&lc=Ugz9gWlCn0cjDksiOoR4AaABAg,Ugz9gWlCn0cjDksiOoR4AaABAg,UC2wbc6054klivhZEERMMgOA,"Fetched 05/24/2026, 8:08:10 PM GMT+8"
32445,@axeliee-m5u,10 days ago,"Mainit ❤️‍🔥na pagbati at suporta 💯 mula sa mga may tungkulin sa kapisanang Binhi🌱, Lokal ng La Trinidad! 💚✨",https://www.youtube.com/watch?v=ROa3kbG5M0U&lc=Ugwhf6aew_4Vy6EEJa94AaABAg,Ugwhf6aew_4Vy6EEJa94AaABAg,UCxjmGS0yLlCMs4Fe-AqbHFw,"Fetched 05/24/2026, 8:08:10 PM GMT+8"
32446,@armandojimenezjr1372,10 days ago,Good evening . Viewing sa Lokal Ng Megaroyale ❤❤,https://www.youtube.com/watch?v=ROa3kbG5M0U&lc=UgxjTWqp40hENJK7C5t4AaABAg,UgxjTWqp40hENJK7C5t4AaABAg,UClTeD9DteWk4XHKGXVhZ2BQ,"Fetched 05/24/2026, 8:08:10 PM GMT+8"
32447,@JulieAnnCabusi-pz3hl,10 days ago,LET'S GO BENGUET LOKAL NG GUISAD❤,https://www.youtube.com/watch?v=ROa3kbG5M0U&lc=UgzHcTGUl6ARd78jIyt4AaABAg,UgzHcTGUl6ARd78jIyt4AaABAg,UC2wbc6054klivhZEERMMgOA,"Fetched 05/24/2026, 8:08:10 PM GMT+8"
32448,@BnHydn,10 days ago,Let's get the top 3 spot Benguet ♥️  / Happy viewing 🎉  / Frlo Lokal ng La Trinidad,https://www.youtube.com/watch?v=ROa3kbG5M0U&lc=Ugzz7uMda2FAbGhR8X14AaABAg,Ugzz7uMda2FAbGhR8X14AaABAg,UCbVqbfs9vjTS-hPNArDNcFQ,"Fetched 05/24/2026, 8:08:10 PM GMT+8"
32449,@jasminedaludado7262,10 days ago,Happy viewing po!! /  / Mula po sa mga KADIWA sa Lokal ng Guisad,https://www.youtube.com/watch?v=ROa3kbG5M0U&lc=UgzwBLAAg8uohKh_nuR4AaABAg,UgzwBLAAg8uohKh_nuR4AaABAg,UCA4HVmdH2Xj67gK8nZmpiZg,"Fetched 05/24/2026, 8:08:10 PM GMT+8"
32450,@sierazurcaled8803,10 days ago,Mula sa lokal ng hillsie distrito ng benguet happy viewing mga kapatid,https://www.youtube.com/watch?v=ROa3kbG5M0U&lc=UgyAlDkznt5ZYyOoGXF4AaABAg,UgyAlDkznt5ZYyOoGXF4AaABAg,UCdRND2f2r1HhP_s8QJNw3Xw,"Fetched 05/24/2026, 8:08:10 PM GMT+8"
32451,@aizelfuchigami842,10 days ago,Happy viewing mula po sa Lokal ng Quezon Hill Distrito ng Benguet. 🇮🇹❤️🎼🎵🎶,https://www.youtube.com/watch?v=ROa3kbG5M0U&lc=UgyJUxvH3Bf3H45Ci9B4AaABAg,UgyJUxvH3Bf3H45Ci9B4AaABAg,UCAxDQnCZxAvsB6YgYjSR1nQ,"Fetched 05/24/2026, 8:08:10 PM GMT+8"
32452,@sierazurcaled8803,10 days ago,Happy viewing po mula sa lokal ng hillside distrito ng benguet,https://www.youtube.com/watch?v=ROa3kbG5M0U&lc=Ugy-l9eqilPdHuWZhcV4AaABAg,Ugy-l9eqilPdHuWZhcV4AaABAg,UCdRND2f2r1HhP_s8QJNw3Xw,"Fetched 05/24/2026, 8:08:10 PM GMT+8"
32453,@febymarconi2593,10 days ago,Go Benguet / From lokal ng La Trinidad,https://www.youtube.com/watch?v=ROa3kbG5M0U&lc=UgzGDtLsvUM-YWME7OF4AaABAg,UgzGDtLsvUM-YWME7OF4AaABAg,UCGdVGfAsGxmPVLLn3RDcJmg,"Fetched 05/24/2026, 8:08:10 PM GMT+8"
32454,@khatymendoza167,10 days ago,Happy viewing po fr lokal ng quezon hill,https://www.youtube.com/watch?v=ROa3kbG5M0U&lc=UgwCXEzJT8OsmWMR2hJ4AaABAg,UgwCXEzJT8OsmWMR2hJ4AaABAg,UCH6RvlaQ7kpX51GyHOyMEBA,"Fetched 05/24/2026, 8:08:10 PM GMT+8"
32455,@jellyannperez22,10 days ago,Happy Watching po sa Aming Assistant District Supervising Minister Bro. Ian Manalata & Family❤,https://www.youtube.com/watch?v=ROa3kbG5M0U&lc=Ugz9hSanhd-8N-FMxyJ4AaABAg,Ugz9hSanhd-8N-FMxyJ4AaABAg,UCTSBNE6g9859jcHD_BhlU-g,"Fetched 05/24/2026, 8:08:10 PM GMT+8"
32456,@Xvikojo_wii,10 days ago,Happy viewing from distrito ng Benguet lokal ng irisan .. happy viewing,https://www.youtube.com/watch?v=ROa3kbG5M0U&lc=UgxaGWVE9s0pFAPKPal4AaABAg,UgxaGWVE9s0pFAPKPal4AaABAg,UCDX0aB2K_ngYFshV2q42XxA,"Fetched 05/24/2026, 8:08:10 PM GMT+8"
32457,@kathleenanncorpuz4044,10 days ago,Happy viewing po sa lahat. Congrats po sa aming newly wed na destinado ka Carmichael Daligan🎉fr  Loakan Airport-Benguet,https://www.youtube.com/watch?v=ROa3kbG5M0U&lc=UgwParB8-k_IOOZLCtN4AaABAg,UgwParB8-k_IOOZLCtN4AaABAg,UCqhAPXo2ji2iKnsSOgtXH6g,"Fetched 05/24/2026, 8:08:10 PM GMT+8"
32458,@jonieyonga-an5239,10 days ago,Galingggg!! / Iba tlga ang Benguet!!!🎉 /  / Road to #3 na Benguettt!! / Pagbati Mula Sa mga Kadiwa at binhi sa lokal Ng Norcar Distrito Ng Benguet 🎉,https://www.youtube.com/watch?v=ROa3kbG5M0U&lc=UgydE8iW0_G_p4GIw0N4AaABAg,UgydE8iW0_G_p4GIw0N4AaABAg,UCgUo3JP_Fffuctza4bUumJg,"Fetched 05/24/2026, 8:08:10 PM GMT+8"
32459,@KhrisTine-s3v,10 days ago,"Happy Viewing po sa lahat.. mula po sa Lokal ng QUEZON HILL, Distrito ng BENGUET..",https://www.youtube.com/watch?v=ROa3kbG5M0U&lc=UgxAzfkIETxEseWvXVx4AaABAg,UgxAzfkIETxEseWvXVx4AaABAg,UC_2DYqACA69r_65O1l6wlyw,"Fetched 05/24/2026, 8:08:10 PM GMT+8"
32460,@JunjohnBustarde,10 days ago,Happy viewing po mula sa lokal ng Quezon Hill,https://www.youtube.com/watch?v=ROa3kbG5M0U&lc=UgyxqadjO4VBRN5Zei14AaABAg,UgyxqadjO4VBRN5Zei14AaABAg,UC-dg8t11q582_sj7e5kFV9Q,"Fetched 05/24/2026, 8:08:10 PM GMT+8"
32461,@pengbelen1703,10 days ago (edited),"Go go go Benguet. From Quezon Hill, Benguet!😊",https://www.youtube.com/watch?v=ROa3kbG5M0U&lc=UgzpATnYCg2cXSrXpvd4AaABAg,UgzpATnYCg2cXSrXpvd4AaABAg,UCzpokmRrKDOCk5_1d1_bmmA,"Fetched 05/24/2026, 8:08:10 PM GMT+8"
32462,@jellyannperez22,10 days ago,Greetings po sa Aming District Supervising Minister Bro Ardy Mendoza & Family🤗,https://www.youtube.com/watch?v=ROa3kbG5M0U&lc=UgyM9hWc4YjTv6RvR6F4AaABAg,UgyM9hWc4YjTv6RvR6F4AaABAg,UCTSBNE6g9859jcHD_BhlU-g,"Fetched 05/24/2026, 8:08:10 PM GMT+8"
32463,@gabrielpedro5505,10 days ago,"Happy viewing Po mula sa lokal Ng Norcar, -Benguet",https://www.youtube.com/watch?v=ROa3kbG5M0U&lc=UgyH1OYBmJS5Y8ETa_94AaABAg,UgyH1OYBmJS5Y8ETa_94AaABAg,UCGPPSyiOT619AWg4i0H8sCw,"Fetched 05/24/2026, 8:08:10 PM GMT+8"
32464,@jellyannperez22,10 days ago,Happy Thursday Everyone🤗 Watching & Greetings po fr Lokal ng Camp8 District of Benguet ❤️,https://www.youtube.com/watch?v=ROa3kbG5M0U&lc=UgynMj8b63kwxUM-SuF4AaABAg,UgynMj8b63kwxUM-SuF4AaABAg,UCTSBNE6g9859jcHD_BhlU-g,"Fetched 05/24/2026, 8:08:10 PM GMT+8"
32465,@jellyannperez22,10 days ago,Happy Thursday Everyone🤗 Watching & Greetings po fr Lokal ng Camp8 District of Benguet ❤️,https://www.youtube.com/watch?v=ROa3kbG5M0U&lc=UgzvkHHE3fl3e1HVnzN4AaABAg,UgzvkHHE3fl3e1HVnzN4AaABAg,UCTSBNE6g9859jcHD_BhlU-g,"Fetched 05/24/2026, 8:08:10 PM GMT+8"
32466,@KhrisTine-s3v,10 days ago,"Magandang hapon po mga Kapatid.. pagbati po mula sa Lokal ng QUEZON HILL, Distrito ng BENGUET..",https://www.youtube.com/watch?v=ROa3kbG5M0U&lc=UgyyLO687legjs7NrU14AaABAg,UgyyLO687legjs7NrU14AaABAg,UC_2DYqACA69r_65O1l6wlyw,"Fetched 05/24/2026, 8:08:10 PM GMT+8"
32467,@elizabethbaydon7502,10 days ago,Happy viewing everyone! From the locale of Quezon Hill District of Benguet! 🎉🥳,https://www.youtube.com/watch?v=ROa3kbG5M0U&lc=UgyqvBLVQLwZkEtrX354AaABAg,UgyqvBLVQLwZkEtrX354AaABAg,UCBKjNdjb_67LmT7NiTkexuw,"Fetched 05/24/2026, 8:08:10 PM GMT+8"
32468,@rejomartayaban,10 days ago,"Hiii po mga kapatid, goodafternoon po sa inyo, pagbati po mula sa kapisanang kadiwa sa lokal ng la trinidad.. enjoy viewing po!!🤍🤍",https://www.youtube.com/watch?v=ROa3kbG5M0U&lc=Ugxxjgk86VMah5B_qGJ4AaABAg,Ugxxjgk86VMah5B_qGJ4AaABAg,UCi7RYRPFL6HTFaScpYFJMJQ,"Fetched 05/24/2026, 8:08:10 PM GMT+8"
32469,@TopherTinguey,10 days ago,"Let's Go Benguet!! Full support from Lokal ng Pinsao, Benguet",https://www.youtube.com/watch?v=ROa3kbG5M0U&lc=UgxAJ0WS3EsIeCtKDCB4AaABAg,UgxAJ0WS3EsIeCtKDCB4AaABAg,UCIN1CM09Vdm34GIJvN6zfLg,"Fetched 05/24/2026, 8:08:10 PM GMT+8"
32470,@Julskie28,10 days ago,Hello po ulit mga kapatid!  /  / Tuloy tuloy tayo! /  / From KADIWAs of benguet 🎉,https://www.youtube.com/watch?v=ROa3kbG5M0U&lc=UgzXGYsCrB-80eu_qsd4AaABAg,UgzXGYsCrB-80eu_qsd4AaABAg,UC1nz0UiWHV8lyoQdZtJejeg,"Fetched 05/24/2026, 8:08:10 PM GMT+8"
32471,@royduran228,10 days ago,❤❤❤ / #irisan,https://www.youtube.com/watch?v=ROa3kbG5M0U&lc=Ugyk3xjwvYUc0B1-MRt4AaABAg,Ugyk3xjwvYUc0B1-MRt4AaABAg,UCdLrbe_OqyVqBCTuyR1OlPA,"Fetched 05/24/2026, 8:08:10 PM GMT+8"
32472,@jazz-m7b,10 days ago,Shout out po sa mga mang-aawit sa lokal ng La Trinidad 🥦🐑🍓,https://www.youtube.com/watch?v=ROa3kbG5M0U&lc=UgyXVgkBgAZBLwRqWdp4AaABAg,UgyXVgkBgAZBLwRqWdp4AaABAg,UCNB-zyitm7U6Yt835DEKclA,"Fetched 05/24/2026, 8:08:10 PM GMT+8"
32473,@haielei2869,10 days ago (edited),Still listening to God's Love po 😊🫶🏻 Hindi na po boring yung sinasabi po ninyo Ka Andrei 😇 kasi ineenjoy na po namin ang awit - Lokal Ng Norcar,https://www.youtube.com/watch?v=ROa3kbG5M0U&lc=UgxYY1hYWivYI4sUyR54AaABAg,UgxYY1hYWivYI4sUyR54AaABAg,UCf3PWHW8mj2mncX07kw9ZQw,"Fetched 05/24/2026, 8:08:10 PM GMT+8"
32474,@almazanrhyndylyn,10 days ago,Hello po uli.  /  / Happy listening to this song. Still full support from Local Congregation of Norcar and Benguet Kadiwa Officers,https://www.youtube.com/watch?v=ROa3kbG5M0U&lc=UgwsCStdp8Po38aVtL54AaABAg,UgwsCStdp8Po38aVtL54AaABAg,UCEoQCNgytnJxjJnAQLSzFeA,"Fetched 05/24/2026, 8:08:10 PM GMT+8"
32475,@aracelieplanas683,10 days ago,Magandang hapon po mga kapatid❤watching from local of camp6 distrito ng benguet❤,https://www.youtube.com/watch?v=ROa3kbG5M0U&lc=Ugw_l1KqQxxN96WEqD14AaABAg,Ugw_l1KqQxxN96WEqD14AaABAg,UChfVXzXyDPdGAcvlFrO6Cpg,"Fetched 05/24/2026, 8:08:10 PM GMT+8"
32476,@jonieyonga-an5239,10 days ago,"Magandang hapon parin mga kapatidd🎉 / Kape habang nanonood🎉 /  / Mula Po sa lokal Ng Norcar Distrito Ng Benguet 🎉 / From Kadiwa's, happy watching po",https://www.youtube.com/watch?v=ROa3kbG5M0U&lc=UgzDrTrBAK98OsiI17x4AaABAg,UgzDrTrBAK98OsiI17x4AaABAg,UCgUo3JP_Fffuctza4bUumJg,"Fetched 05/24/2026, 8:08:10 PM GMT+8"
32477,@dindofavila7833,10 days ago,"Binabati ko po ang lahat ng mga  kapatid sa lokal ng Posos, distrito ng Beguet. Maligayang panonood po.",https://www.youtube.com/watch?v=ROa3kbG5M0U&lc=Ugzb3IZTMM1igtZBy1x4AaABAg,Ugzb3IZTMM1igtZBy1x4AaABAg,UCGLQ_x6NrwmKL5xcB9ABYjQ,"Fetched 05/24/2026, 8:08:10 PM GMT+8"
32478,@MagieFavila,10 days ago,Maligayang panonood po mga kapatid. Mula po sa lokal ng posos❤❤❤❤❤,https://www.youtube.com/watch?v=ROa3kbG5M0U&lc=Ugxv0udmRWGL6tlw25R4AaABAg,Ugxv0udmRWGL6tlw25R4AaABAg,UCPxgWF_X8vdxjB9cYpQ6Lew,"Fetched 05/24/2026, 8:08:10 PM GMT+8"
32479,@mayvehn,10 days ago,❤❤❤Magandang hapon po / ❤God's LOVE / 😊😊😊Go Benguet!!! / Very Energetic po /  / 🎉🎉Lokal ng Atok Gold❤,https://www.youtube.com/watch?v=ROa3kbG5M0U&lc=Ugys4Cib6Pb8wCDwk3l4AaABAg,Ugys4Cib6Pb8wCDwk3l4AaABAg,UCivhdJ2CQeLK8tlG7Wh2BSQ,"Fetched 05/24/2026, 8:08:10 PM GMT+8"
32480,@honoriodanganan3854,10 days ago,Go go go Benguet❤❤❤,https://www.youtube.com/watch?v=ROa3kbG5M0U&lc=Ugw9Y5Nmb22AhPSwEhx4AaABAg,Ugw9Y5Nmb22AhPSwEhx4AaABAg,UCgVJHzzOd7GFR3wCGqlIC1g,"Fetched 05/24/2026, 8:08:10 PM GMT+8"
32481,@jonieyonga-an5239,10 days ago,@haielei2869  / Wlng maicomment,https://www.youtube.com/watch?v=ROa3kbG5M0U&lc=UgxYY1hYWivYI4sUyR54AaABAg.AWmZtRLTJ86AWm_O8ENt3O,UgxYY1hYWivYI4sUyR54AaABAg.AWmZtRLTJ86AWm_O8ENt3O,UCgUo3JP_Fffuctza4bUumJg,"Fetched 05/24/2026, 8:08:10 PM GMT+8"
32482,@haielei2869,10 days ago, @jonieyonga-an5239  d ahh. meron nga yang comment eh 🙂 Lokal ng Norcar,https://www.youtube.com/watch?v=ROa3kbG5M0U&lc=UgxYY1hYWivYI4sUyR54AaABAg.AWmZtRLTJ86AWmaXv2Ws_k,UgxYY1hYWivYI4sUyR54AaABAg.AWmZtRLTJ86AWmaXv2Ws_k,UCf3PWHW8mj2mncX07kw9ZQw,"Fetched 05/24/2026, 8:08:10 PM GMT+8"
32483,@JocelynAngsofan,10 days ago,"magandang hapon po, nakikiisa po kami sa panonood☺️ mula po sa lokal ng Pinsao, Distrito ng Benguet",https://www.youtube.com/watch?v=ROa3kbG5M0U&lc=Ugxm-c_-oLQ9jRQLSl54AaABAg,Ugxm-c_-oLQ9jRQLSl54AaABAg,UCQuHB6XVkmo3wL7uCy2bF5w,"Fetched 05/24/2026, 8:08:10 PM GMT+8"
32484,@jazzherflawless6982,10 days ago,"Konti nlng, road to #3 na tayo! Patuloy po sa pakikipagkaisa ang mga taga Lokal ng Guisad, Distrito ng Benguet ❤",https://www.youtube.com/watch?v=ROa3kbG5M0U&lc=UgwyQ4iGL_WhfbcIASl4AaABAg,UgwyQ4iGL_WhfbcIASl4AaABAg,UCa-rZI9R7bRXxaVdHV3qBxQ,"Fetched 05/24/2026, 8:08:10 PM GMT+8"
32485,@ehdwow318,10 days ago,Happy watching po,https://www.youtube.com/watch?v=ROa3kbG5M0U&lc=UgxuIwezBBBtZCblSq94AaABAg,UgxuIwezBBBtZCblSq94AaABAg,UCiwATwwRZ8TCez4FYmw9s0Q,"Fetched 05/24/2026, 8:08:10 PM GMT+8"
32486,@Vien.Bella-vu5rh4pz8b,10 days ago,Shoutout po sa Kagawaran ng Mang-aawit ❤❤ / mula po sa lokal ng ATOK GOLD,https://www.youtube.com/watch?v=ROa3kbG5M0U&lc=UgyHS6YFHTDEMUZ9uvB4AaABAg,UgyHS6YFHTDEMUZ9uvB4AaABAg,UCB9NRJMQHTIobGeD1zbmbYA,"Fetched 05/24/2026, 8:08:10 PM GMT+8"
32487,@Vien.Bella-vu5rh4pz8b,10 days ago,Go BENGUET!! / mula po sa lokal ng Atok Gold,https://www.youtube.com/watch?v=ROa3kbG5M0U&lc=UgxXNpctAAmQbtXJvTd4AaABAg,UgxXNpctAAmQbtXJvTd4AaABAg,UCB9NRJMQHTIobGeD1zbmbYA,"Fetched 05/24/2026, 8:08:10 PM GMT+8"
32488,@Vien.Bella-vu5rh4pz8b,10 days ago,His wondrous LOVE ❤ / 🎶 Atok Gold,https://www.youtube.com/watch?v=ROa3kbG5M0U&lc=Ugy0qbatir5FZUp079R4AaABAg,Ugy0qbatir5FZUp079R4AaABAg,UCB9NRJMQHTIobGeD1zbmbYA,"Fetched 05/24/2026, 8:08:10 PM GMT+8"
32489,@AuroraFlores-q8g,10 days ago,Patuloy po ang pagsuporta naming mga taga lokal ng Guisad 🙌😇💚🤍❤️,https://www.youtube.com/watch?v=ROa3kbG5M0U&lc=UgwDs3cVXHJAg5Zqkr54AaABAg,UgwDs3cVXHJAg5Zqkr54AaABAg,UCZ2amji4eOMrNdSxLyzijPQ,"Fetched 05/24/2026, 8:08:10 PM GMT+8"
32490,@JennilynLazaro-y5x6v,10 days ago,👋 Hello po mula sa lokal ng ATOK GOLD,https://www.youtube.com/watch?v=ROa3kbG5M0U&lc=Ugyx6l8uF7M9GlUQhIB4AaABAg,Ugyx6l8uF7M9GlUQhIB4AaABAg,UCItB-k__Z6a289WuGtIxsbw,"Fetched 05/24/2026, 8:08:10 PM GMT+8"
32491,@ElnarTorres,10 days ago,Happy viewing po ....mula po sa lokal ng hillside ...distrito po ng benguet...shout out po sa mga mang aawit ng lokal ng hillside 😊,https://www.youtube.com/watch?v=ROa3kbG5M0U&lc=Ugy3522fce3w6Lo0DVR4AaABAg,Ugy3522fce3w6Lo0DVR4AaABAg,UCJeIXfUPv9RPK0HM-mk2y_A,"Fetched 05/24/2026, 8:08:10 PM GMT+8"
32492,@JennilynLazaro-y5x6v,10 days ago,Happy viewing po mula sa Lokal ng Atok Gold,https://www.youtube.com/watch?v=ROa3kbG5M0U&lc=Ugwe-KoYPe2tyGU5DEZ4AaABAg,Ugwe-KoYPe2tyGU5DEZ4AaABAg,UCItB-k__Z6a289WuGtIxsbw,"Fetched 05/24/2026, 8:08:10 PM GMT+8"
32493,@JennilynLazaro-y5x6v,10 days ago,Road to #3 / Go BENGUET!! / ❤ Atok Gold,https://www.youtube.com/watch?v=ROa3kbG5M0U&lc=Ugy0Uw9OirLDDWxz6Px4AaABAg,Ugy0Uw9OirLDDWxz6Px4AaABAg,UCItB-k__Z6a289WuGtIxsbw,"Fetched 05/24/2026, 8:08:10 PM GMT+8"
32494,@Vien.Bella-vu5rh4pz8b,10 days ago,His wondrous love ❤ / - Atok Gold,https://www.youtube.com/watch?v=ROa3kbG5M0U&lc=Ugw2djTnkjOM6uPvRy14AaABAg,Ugw2djTnkjOM6uPvRy14AaABAg,UCB9NRJMQHTIobGeD1zbmbYA,"Fetched 05/24/2026, 8:08:10 PM GMT+8"
32495,@CasseySGonzales,10 days ago,"Very Inspiring po 👏👏👏 / Just by listening to this song, buong buo na po ang araw ko🌄 / Greetings po from lokal ng La Trinidad, Benguet❤",https://www.youtube.com/watch?v=ROa3kbG5M0U&lc=UgzQu_zoFWqgE0dyoHR4AaABAg,UgzQu_zoFWqgE0dyoHR4AaABAg,UCZ_1zJtZfWs6L_NdfNJCvtQ,"Fetched 05/24/2026, 8:08:10 PM GMT+8"
32496,@Vien.Bella-vu5rh4pz8b,10 days ago,Happy viewing po mula sa Lokal ng Atok Gold,https://www.youtube.com/watch?v=ROa3kbG5M0U&lc=UgzjAg124vzFRIQ0hN14AaABAg,UgzjAg124vzFRIQ0hN14AaABAg,UCB9NRJMQHTIobGeD1zbmbYA,"Fetched 05/24/2026, 8:08:10 PM GMT+8"
32497,@Vien.Bella-vu5rh4pz8b,10 days ago,GO GO GO! BENGUET! / Road to #3 / mula po sa lokal ng ATOK GOLD,https://www.youtube.com/watch?v=ROa3kbG5M0U&lc=UgwEUpeWv_q6Dtc8vqJ4AaABAg,UgwEUpeWv_q6Dtc8vqJ4AaABAg,UCB9NRJMQHTIobGeD1zbmbYA,"Fetched 05/24/2026, 8:08:10 PM GMT+8"
32498,@jonieyonga-an5239,10 days ago,21k na tayo mga kapatid!!!! / Let's gooo Benguettt parin!🎉🎉 /  / Mula sa Lokal Ng Norcar Distrito Ng Benguet 🎉,https://www.youtube.com/watch?v=ROa3kbG5M0U&lc=UgxueaSb5AyYEYQTZZJ4AaABAg,UgxueaSb5AyYEYQTZZJ4AaABAg,UCgUo3JP_Fffuctza4bUumJg,"Fetched 05/24/2026, 8:08:10 PM GMT+8"
32499,@bansot7129,10 days ago,Go Benguet watching from Camp 6,https://www.youtube.com/watch?v=ROa3kbG5M0U&lc=UgwkuPo0NX12XIqAoWN4AaABAg,UgwkuPo0NX12XIqAoWN4AaABAg,UCN58Z-nvFTr5i6UpLAN6pHA,"Fetched 05/24/2026, 8:08:10 PM GMT+8"
32500,@JennilynLazaro-y5x6v,10 days ago,Nakikiisa po kami mula sa lokal ng ATOK GOLD ❤❤❤,https://www.youtube.com/watch?v=ROa3kbG5M0U&lc=UgyCNR_uwqJPi6yABeh4AaABAg,UgyCNR_uwqJPi6yABeh4AaABAg,UCItB-k__Z6a289WuGtIxsbw,"Fetched 05/24/2026, 8:08:10 PM GMT+8"
32501,@luningningpescoso4921,10 days ago,Magandang hapon po po happy viewing po sa ating lahat mula po sa Lokal Ng Lourdes Distrito Ng Benguet,https://www.youtube.com/watch?v=ROa3kbG5M0U&lc=Ugw0BT0iWA69wXhBH1J4AaABAg,Ugw0BT0iWA69wXhBH1J4AaABAg,UCNEFZJBC-8ZcT-q6hyiB7Dg,"Fetched 05/24/2026, 8:08:10 PM GMT+8"
32502,@JennilynLazaro-y5x6v,10 days ago,GOD'S LOVE❤ / 🌸 Atok Gold,https://www.youtube.com/watch?v=ROa3kbG5M0U&lc=Ugxbf-GicjDu7_EjdnJ4AaABAg,Ugxbf-GicjDu7_EjdnJ4AaABAg,UCItB-k__Z6a289WuGtIxsbw,"Fetched 05/24/2026, 8:08:10 PM GMT+8"
32503,@JennilynLazaro-y5x6v,10 days ago,Hello po sa lahat mula po sa Lokal ng Atok Gold😊,https://www.youtube.com/watch?v=ROa3kbG5M0U&lc=Ugx9w_cY2G6AUYDxRlN4AaABAg,Ugx9w_cY2G6AUYDxRlN4AaABAg,UCItB-k__Z6a289WuGtIxsbw,"Fetched 05/24/2026, 8:08:10 PM GMT+8"
32504,@luzvimindasugalan-j3d,10 days ago,"Good afternoon po, enjoy watching po, from lokal Ng buyagan district of Benguet ♥️♥️♥️",https://www.youtube.com/watch?v=ROa3kbG5M0U&lc=UgyfY2Y7Hh3yTdLqIfd4AaABAg,UgyfY2Y7Hh3yTdLqIfd4AaABAg,UC4KHYdcRwD2va5vr8bl9nOg,"Fetched 05/24/2026, 8:08:10 PM GMT+8"
32505,@luibustamante9493,10 days ago,Magandang hapon po mga kapatid lalo na sa mga masisipag na Kadiwa at Kadiwa district officers. Iba ang lakas niyo talaga. Walang brownout brownout 🔥🔥 /  / -Pagbati mula po sa Lokal ng Tuba,https://www.youtube.com/watch?v=ROa3kbG5M0U&lc=UgwlPYMvgytI1_dllTJ4AaABAg,UgwlPYMvgytI1_dllTJ4AaABAg,UCFAmrhDmv6rvZrQoYp-IS9w,"Fetched 05/24/2026, 8:08:10 PM GMT+8"
32506,@Kris-t2c3w,10 days ago,Happy viewing po mula sa Lokal ng La Trinidad💖💖💖 ! Good vibes and stay safe po tayong lahat✨✨✨,https://www.youtube.com/watch?v=ROa3kbG5M0U&lc=UgwZ4PbsoIIzNLiX3Yd4AaABAg,UgwZ4PbsoIIzNLiX3Yd4AaABAg,UC2lYdlqDj3_tl0-uR11174A,"Fetched 05/24/2026, 8:08:10 PM GMT+8"
32507,@RonessaPalomeno,10 days ago,"Masayang panonood po, mga kapatid. Pampa good vibes for today❤ GUISAD BENGUET",https://www.youtube.com/watch?v=ROa3kbG5M0U&lc=Ugx1i2PZDHE5lgJt2FZ4AaABAg,Ugx1i2PZDHE5lgJt2FZ4AaABAg,UCLsQR9CHKBCsXZskhYzEERw,"Fetched 05/24/2026, 8:08:10 PM GMT+8"
32508,@meryllsagampod7982,10 days ago,Go go go Benguet!!! /  / Happy viewing po!! /  / Mula po sa Lokal ng Kias Distrito ng Benguet!!!,https://www.youtube.com/watch?v=ROa3kbG5M0U&lc=UgyjM4qB6d6CU72EIJp4AaABAg,UgyjM4qB6d6CU72EIJp4AaABAg,UCVkLACK3Y8LbTZhVrCb88CA,"Fetched 05/24/2026, 8:08:10 PM GMT+8"
32509,@jonieyonga-an5239,10 days ago,God's love is bigger than the ocean nga tlga!🎉 /  / Let's gooo Benguettt!!🎉 / Full support Mula Sa mga Kadiwa Ng Lokal Ng Norcar 🎉🎉,https://www.youtube.com/watch?v=ROa3kbG5M0U&lc=Ugy_FL1KWtLHHO2Kaxh4AaABAg,Ugy_FL1KWtLHHO2Kaxh4AaABAg,UCgUo3JP_Fffuctza4bUumJg,"Fetched 05/24/2026, 8:08:10 PM GMT+8"
32510,@connyancheta,10 days ago,Happy viewing po sa lahat ng mga Kapatid ❤❤❤❤ /  / From Lokal ng Megaroyale 🎉,https://www.youtube.com/watch?v=ROa3kbG5M0U&lc=Ugwkv-hYVNXiH6vWuG54AaABAg,Ugwkv-hYVNXiH6vWuG54AaABAg,UCZTws1BcP5zfDqmYxrFFOSQ,"Fetched 05/24/2026, 8:08:10 PM GMT+8"
32511,@luningningpescoso4921,10 days ago,Happy viewing po sa Lahat Ng mga Kapatid lalo na sa Distrito Ng Benguet mula po SA Lokal Ng Lourdes Distrito Ng Benguet,https://www.youtube.com/watch?v=ROa3kbG5M0U&lc=Ugw2fAKDYGzoCCd9-yF4AaABAg,Ugw2fAKDYGzoCCd9-yF4AaABAg,UCNEFZJBC-8ZcT-q6hyiB7Dg,"Fetched 05/24/2026, 8:08:10 PM GMT+8"
32512,@kimberlysarmiento1034,10 days ago,God loves you more than you know. /  / Tuba,https://www.youtube.com/watch?v=ROa3kbG5M0U&lc=Ugzh2aiTjYEYEu1mXt54AaABAg,Ugzh2aiTjYEYEu1mXt54AaABAg,UCds_RyKfMX7Xzg4PQRhf9NQ,"Fetched 05/24/2026, 8:08:10 PM GMT+8"
32513,@neiljeffersonfortin3339,10 days ago,happy viewing po from lokal ng Balatoc,https://www.youtube.com/watch?v=ROa3kbG5M0U&lc=Ugyj8rYrT34orhiM-W54AaABAg,Ugyj8rYrT34orhiM-W54AaABAg,UCb3Vat0eVelsW8XLhD7pILA,"Fetched 05/24/2026, 8:08:10 PM GMT+8"
32514,@jonieyonga-an5239,10 days ago,Kumusta Ang mga Kadiwa natin jannnn🎉🎉 / Hello KDO!!!,https://www.youtube.com/watch?v=ROa3kbG5M0U&lc=UgxcKBNpvEf8ZkQcjg94AaABAg,UgxcKBNpvEf8ZkQcjg94AaABAg,UCgUo3JP_Fffuctza4bUumJg,"Fetched 05/24/2026, 8:08:10 PM GMT+8"
32515,@agoncillopescoso7141,10 days ago,Happy viewing po sa lahat Ng mga kapatid Mula Po sa Lokal Ng Lourdes Distrito Ng Benguet,https://www.youtube.com/watch?v=ROa3kbG5M0U&lc=UgzN7GT2I80GFmEpJd14AaABAg,UgzN7GT2I80GFmEpJd14AaABAg,UC_yWOXjWwwB66-kwJMjEgWw,"Fetched 05/24/2026, 8:08:10 PM GMT+8"
32516,@jonieyonga-an5239,10 days ago,Road to #3 na Benguet!!!!🎉🎉 / Pagbati Po Mula Sa Lokal Ng Norcar Distrito Ng Benguet Po 🎉,https://www.youtube.com/watch?v=ROa3kbG5M0U&lc=UgyjE5uDJM5ZHibu3ph4AaABAg,UgyjE5uDJM5ZHibu3ph4AaABAg,UCgUo3JP_Fffuctza4bUumJg,"Fetched 05/24/2026, 8:08:10 PM GMT+8"
32517,@jasminedaludado7262,10 days ago,Happy viewing po mga kapatid❤ /  / Mula po sa mga maytungkulin ng KADIWA sa Lokal ng Guisad,https://www.youtube.com/watch?v=ROa3kbG5M0U&lc=Ugwy3pmQqkpVS00R22Z4AaABAg,Ugwy3pmQqkpVS00R22Z4AaABAg,UCA4HVmdH2Xj67gK8nZmpiZg,"Fetched 05/24/2026, 8:08:10 PM GMT+8"
32518,@DaniloPalomeno-d1n,10 days ago,Gudpm po sa lahat NG mga kapatid happy viewing from lokal ng Pinsao distrito ng benguet,https://www.youtube.com/watch?v=ROa3kbG5M0U&lc=UgwC4zdg1UpyuDhNJ2h4AaABAg,UgwC4zdg1UpyuDhNJ2h4AaABAg,UCZwlshbByaSblKnhTIh8rmA,"Fetched 05/24/2026, 8:08:10 PM GMT+8"
32519,@godoybenidictjohn7654,10 days ago,Happy Viewing po sa lahat ng mga Destinado 😊,https://www.youtube.com/watch?v=ROa3kbG5M0U&lc=UgyA5ClqI17994m16GB4AaABAg,UgyA5ClqI17994m16GB4AaABAg,UCB42ziNyHQV4YV2qJwFrUiQ,"Fetched 05/24/2026, 8:08:10 PM GMT+8"
32520,@godoybenidictjohn7654,10 days ago,# Road to #3 ..go go Benguet 🎉,https://www.youtube.com/watch?v=ROa3kbG5M0U&lc=Ugy0GIUnyvdzoNbxRbN4AaABAg,Ugy0GIUnyvdzoNbxRbN4AaABAg,UCB42ziNyHQV4YV2qJwFrUiQ,"Fetched 05/24/2026, 8:08:10 PM GMT+8"
32521,@CasseySGonzales,10 days ago,Free coffee and tea po mga kapatid🫶 / ☕️🍵👩‍🍳 made in lokal ng La Trinidad🍓 / Habang pinapakinggan po natin ang entry ng BENGUET⛰️,https://www.youtube.com/watch?v=ROa3kbG5M0U&lc=UgyS7Bg1shqZKvp6mix4AaABAg,UgyS7Bg1shqZKvp6mix4AaABAg,UCZ_1zJtZfWs6L_NdfNJCvtQ,"Fetched 05/24/2026, 8:08:10 PM GMT+8"
32522,@godoybenidictjohn7654,10 days ago,"Lets Go, Benguet. Lets all out Support .Road to # 3 ..  / Go ,go ,go  / Kaisa ang Lokal ng Norcar😊😊😊",https://www.youtube.com/watch?v=ROa3kbG5M0U&lc=UgzfbkSZqT9Rg_o62AZ4AaABAg,UgzfbkSZqT9Rg_o62AZ4AaABAg,UCB42ziNyHQV4YV2qJwFrUiQ,"Fetched 05/24/2026, 8:08:10 PM GMT+8"
32523,@RaquelCabana-ok5gu,10 days ago,"Watching from Local ng Camp 6, happy viewing po",https://www.youtube.com/watch?v=ROa3kbG5M0U&lc=UgwsSy0TTXDgPkTUaW14AaABAg,UgwsSy0TTXDgPkTUaW14AaABAg,UCnmdBkrbns1Y9yezt_4_yCw,"Fetched 05/24/2026, 8:08:10 PM GMT+8"
32524,@Julskie28,10 days ago,Happy viewing! /  / Hello mga kadiwa! /  / From lokal ng Guisad,https://www.youtube.com/watch?v=ROa3kbG5M0U&lc=Ugzjw2NbFTOy2TemxNx4AaABAg,Ugzjw2NbFTOy2TemxNx4AaABAg,UC1nz0UiWHV8lyoQdZtJejeg,"Fetched 05/24/2026, 8:08:10 PM GMT+8"
32525,@CasseySGonzales,10 days ago,Patuloy po nating suportahan🏋‍♀️ ang ating Distrito mga kapatid🐑❤ / -Lokal ng La Trinidad🍓Distrito ng Benguet⛰️,https://www.youtube.com/watch?v=ROa3kbG5M0U&lc=Ugy5Kg30ulE1AVjbpjR4AaABAg,Ugy5Kg30ulE1AVjbpjR4AaABAg,UCZ_1zJtZfWs6L_NdfNJCvtQ,"Fetched 05/24/2026, 8:08:10 PM GMT+8"
32526,@joneliaantonio8670,10 days ago,"Magandang hapon po mga Kapatid,at sa aming mabait na Tagapangasiwa.manood po Muna Bago pupunta sa Kapilya para po sasamba at tutupad.Happy Watching po from Lokal Ng Camp 6 Distrito Ng Benguet",https://www.youtube.com/watch?v=ROa3kbG5M0U&lc=UgxSoYRkof-KNRPZUSZ4AaABAg,UgxSoYRkof-KNRPZUSZ4AaABAg,UCkt96BCoTKDACRD28QJgRiw,"Fetched 05/24/2026, 8:08:10 PM GMT+8"
32527,@emersonsrrivera8499,10 days ago,Magandang hapon mga ka good vibes... Happy Viewing po mula po sa lokal ng Megaroyale Village,https://www.youtube.com/watch?v=ROa3kbG5M0U&lc=UgybhXLidJLv7HKyR_J4AaABAg,UgybhXLidJLv7HKyR_J4AaABAg,UCEwD1sGs1TBK_FclZJYDoEw,"Fetched 05/24/2026, 8:08:10 PM GMT+8"
32528,@CasseySGonzales,10 days ago,Hindi na ako inaantok sa work dahil dito🌞💁🏽‍♀️ / Happy viewing po mga kapatid from lokal ng La Trinidad,https://www.youtube.com/watch?v=ROa3kbG5M0U&lc=UgwBEGfJfd4YJ0BYuK14AaABAg,UgwBEGfJfd4YJ0BYuK14AaABAg,UCZ_1zJtZfWs6L_NdfNJCvtQ,"Fetched 05/24/2026, 8:08:10 PM GMT+8"
32529,@johneielldomingo8182,10 days ago,"Good afternoon po mga kapatid! Watching here from Local Congregation of Megaroyale Village, District of Benguet!",https://www.youtube.com/watch?v=ROa3kbG5M0U&lc=UgyR7PFj5g5Lq0t2y7N4AaABAg,UgyR7PFj5g5Lq0t2y7N4AaABAg,UC-Z2ievmIG7m9dKyO0nixXg,"Fetched 05/24/2026, 8:08:10 PM GMT+8"
32530,@haielei2869,10 days ago,late lunch po while watching God's Love by INCMV BENGUET. Congrats po sa mga bumuo ng INCMV entry ng BENGUET.  /  / - Ilaw at binhi ng Lokal ng Norcar,https://www.youtube.com/watch?v=ROa3kbG5M0U&lc=UgxJ0hM0UZ28L2WDTMd4AaABAg,UgxJ0hM0UZ28L2WDTMd4AaABAg,UCf3PWHW8mj2mncX07kw9ZQw,"Fetched 05/24/2026, 8:08:10 PM GMT+8"
32531,@CasseySGonzales,10 days ago,Magandang Hapon po mga kapatid🍓🌞 / GoBenguet!!⛰️ from kapisanang Binhi lokal ng La Trinidad,https://www.youtube.com/watch?v=ROa3kbG5M0U&lc=Ugw93hcimOGnE0Cio494AaABAg,Ugw93hcimOGnE0Cio494AaABAg,UCZ_1zJtZfWs6L_NdfNJCvtQ,"Fetched 05/24/2026, 8:08:10 PM GMT+8"
32532,@haielei2869,10 days ago,nakikikanta and enjoy po ang panunuod ng mga binhi ng Lokal Ng Norcar,https://www.youtube.com/watch?v=ROa3kbG5M0U&lc=UgwZtVSxeSByQwVo1594AaABAg,UgwZtVSxeSByQwVo1594AaABAg,UCf3PWHW8mj2mncX07kw9ZQw,"Fetched 05/24/2026, 8:08:10 PM GMT+8"
32533,@henrycaranto2644,10 days ago,Miryenda na!!  / Habang nakikinig at nanonood 🎉 /  / Pagbati po mula sa Lokal ng Baguio City at Kadiwa Officers❤🎉,https://www.youtube.com/watch?v=ROa3kbG5M0U&lc=UgzUk2LQzOzCcGq2KYh4AaABAg,UgzUk2LQzOzCcGq2KYh4AaABAg,UCFilTOy22FklSkBIgwVPVaQ,"Fetched 05/24/2026, 8:08:10 PM GMT+8"
32534,@CasseySGonzales,10 days ago,Happy Viewing po mga kapatid🐑  from Lokal ng La Trinidad Distrito ng Benguet🍓  / Binabati ko rin po ang Destinado at ang mga nasa Kapisanang Binhi🌱ng La Trinidad,https://www.youtube.com/watch?v=ROa3kbG5M0U&lc=Ugw_rjFZb9BJjMgc_dZ4AaABAg,Ugw_rjFZb9BJjMgc_dZ4AaABAg,UCZ_1zJtZfWs6L_NdfNJCvtQ,"Fetched 05/24/2026, 8:08:10 PM GMT+8"
32535,@PHEBIE-f7h,10 days ago,"While sipping  hot cofee, watching from AtokGold",https://www.youtube.com/watch?v=ROa3kbG5M0U&lc=Ugxi5oZUcypsFU0yvJt4AaABAg,Ugxi5oZUcypsFU0yvJt4AaABAg,UCNkJMMXP19AJSsNov8Fp3Ag,"Fetched 05/24/2026, 8:08:10 PM GMT+8"
32536,@PHEBIE-f7h,10 days ago,"Oras oras, minu-minuto ang aming panononood mula po lokal ng AtokGold. / LET'S GO BENGUET!!!",https://www.youtube.com/watch?v=ROa3kbG5M0U&lc=UgxU3D6dO9PpqWvqYmZ4AaABAg,UgxU3D6dO9PpqWvqYmZ4AaABAg,UCNkJMMXP19AJSsNov8Fp3Ag,"Fetched 05/24/2026, 8:08:10 PM GMT+8"
32537,@jazz-m7b,10 days ago,Andito parin po sumosoporta mula sa lokal ng La Trinidad 🥦🐑🍓,https://www.youtube.com/watch?v=ROa3kbG5M0U&lc=Ugwka1lYW8wxpdJpqhd4AaABAg,Ugwka1lYW8wxpdJpqhd4AaABAg,UCNB-zyitm7U6Yt835DEKclA,"Fetched 05/24/2026, 8:08:10 PM GMT+8"
32538,@gwynethcayabyab5981,10 days ago,Pagbati po sa lahat ng kapatid na nanonood happy viewing po / - kadiwa 😊,https://www.youtube.com/watch?v=ROa3kbG5M0U&lc=Ugx3WcDb1jB8M2IDwW94AaABAg,Ugx3WcDb1jB8M2IDwW94AaABAg,UCouodNvhL1bfJC2Fz0B_Rcw,"Fetched 05/24/2026, 8:08:10 PM GMT+8"
32539,@johnreylucio8970,10 days ago,"Tuloy tuloy po tayo mga kapatid,, lalo sa mga ksma ko jan Sa La Trinidad🎉❤",https://www.youtube.com/watch?v=ROa3kbG5M0U&lc=UgzfIgfbUbFoEe9uis54AaABAg,UgzfIgfbUbFoEe9uis54AaABAg,UCNMupRD4ySrN336KZpy29OA,"Fetched 05/24/2026, 8:08:10 PM GMT+8"
32540,@proudinc30,10 days ago,Good afternoon po mga kapatid happy watching pagbati mula po sa lokal ng megaroyale village distrito ng Benguet ingat po sa lahat mga kapatid🇮🇹,https://www.youtube.com/watch?v=ROa3kbG5M0U&lc=UgwaEyqllNwCthaLXLJ4AaABAg,UgwaEyqllNwCthaLXLJ4AaABAg,UCCxuia5xRHTb3_q2LpAa8ZA,"Fetched 05/24/2026, 8:08:10 PM GMT+8"
32541,@axeliee-m5u,10 days ago,"Patuloy pong sumuporta ✊ at makiisa ☝️! Greetings mula sa mga may tungkulin sa kapisanang Binhi 🌱, Lokal ng La Trinidad. 🌸",https://www.youtube.com/watch?v=ROa3kbG5M0U&lc=Ugwddv1GBT6DQN1GfeB4AaABAg,Ugwddv1GBT6DQN1GfeB4AaABAg,UCxjmGS0yLlCMs4Fe-AqbHFw,"Fetched 05/24/2026, 8:08:10 PM GMT+8"
32542,@johnreylucio8970,10 days ago,Continuous support Mula po sa Lokal ng La Trinidad❤,https://www.youtube.com/watch?v=ROa3kbG5M0U&lc=UgynhVYGS9WwUYDHumF4AaABAg,UgynhVYGS9WwUYDHumF4AaABAg,UCNMupRD4ySrN336KZpy29OA,"Fetched 05/24/2026, 8:08:10 PM GMT+8"
32543,@almazanrhyndylyn,10 days ago,"Time check: 4PM / Another hour has passed but still here to support our District's entry, God's Love.  / Greetings from the Local Congregation of Norcar. And Hello 👋👋 to all Kadiwa who are always listening.",https://www.youtube.com/watch?v=ROa3kbG5M0U&lc=Ugx2fEumJHS-EqlQ5Bx4AaABAg,Ugx2fEumJHS-EqlQ5Bx4AaABAg,UCEoQCNgytnJxjJnAQLSzFeA,"Fetched 05/24/2026, 8:08:10 PM GMT+8"
32544,@BnHydn,10 days ago (edited),21k views🎉🎉🎉🎉🎉🎉 / Patuloy ang suporta mula sa lokal ng La Trinidad 👏 /  / ❤ let's go Benguet ♥️,https://www.youtube.com/watch?v=ROa3kbG5M0U&lc=Ugyix4kIUK5MB1kquF54AaABAg,Ugyix4kIUK5MB1kquF54AaABAg,UCbVqbfs9vjTS-hPNArDNcFQ,"Fetched 05/24/2026, 8:08:10 PM GMT+8"
32545,@jasminedaludado7262,10 days ago,"YUN OH, 21K NA❤🎉 /  / Let's keep on supporting po mga kabagis!! /  / Mula po sa mga KADIWA at PNK maytungkulin ng Lokal ng Guisad",https://www.youtube.com/watch?v=ROa3kbG5M0U&lc=Ugwl6Y_v-R2hVahcoHJ4AaABAg,Ugwl6Y_v-R2hVahcoHJ4AaABAg,UCA4HVmdH2Xj67gK8nZmpiZg,"Fetched 05/24/2026, 8:08:10 PM GMT+8"
32546,@axeliee-m5u,10 days ago,"Let's goo Benguet 🥦  /  / Buong kagalakan pong sumusuporta ang mga may tungkulin sa kapisanang Binhi 🌱, Lokal ng La Trinidad! 🌟",https://www.youtube.com/watch?v=ROa3kbG5M0U&lc=UgyVvCszZwO8Th-KTqB4AaABAg,UgyVvCszZwO8Th-KTqB4AaABAg,UCxjmGS0yLlCMs4Fe-AqbHFw,"Fetched 05/24/2026, 8:08:10 PM GMT+8"
32547,@jonieyonga-an5239,10 days ago,"Mula Po sa kadiwa, happy viewing Po!!!🎉🎉",https://www.youtube.com/watch?v=ROa3kbG5M0U&lc=UgyjJpulDNPCP1ZwWmx4AaABAg,UgyjJpulDNPCP1ZwWmx4AaABAg,UCgUo3JP_Fffuctza4bUumJg,"Fetched 05/24/2026, 8:08:10 PM GMT+8"
32548,@jonieyonga-an5239,10 days ago,Letss goo Benguettt!!!🎉 / Tuloy tuloy parin sa panonood mga lapatidd🎉🎉,https://www.youtube.com/watch?v=ROa3kbG5M0U&lc=Ugw1bHyc2RDdWQtpwYp4AaABAg,Ugw1bHyc2RDdWQtpwYp4AaABAg,UCgUo3JP_Fffuctza4bUumJg,"Fetched 05/24/2026, 8:08:10 PM GMT+8"
32549,@gwynethcayabyab5981,10 days ago,21k views na lets go benguet keep on watching po! / -kadiwa,https://www.youtube.com/watch?v=ROa3kbG5M0U&lc=UgzRiDwGpch1awjfQCF4AaABAg,UgzRiDwGpch1awjfQCF4AaABAg,UCouodNvhL1bfJC2Fz0B_Rcw,"Fetched 05/24/2026, 8:08:10 PM GMT+8"
32550,@danielsangalang4416,10 days ago,Goo Benguet  / Baguio City,https://www.youtube.com/watch?v=ROa3kbG5M0U&lc=UgzKXjwXwRHCvgzq_FR4AaABAg,UgzKXjwXwRHCvgzq_FR4AaABAg,UCd83g5cGg_Es6Qyl02u7jdw,"Fetched 05/24/2026, 8:08:10 PM GMT+8"
32551,@NancyMoyano-r7u,10 days ago,Happy viewing po mga kapatid mulla po sa lokal ng Baguio.,https://www.youtube.com/watch?v=ROa3kbG5M0U&lc=Ugyp8p8Il-QFTOtez4Z4AaABAg,Ugyp8p8Il-QFTOtez4Z4AaABAg,UCIZH5g0o-lHJidrq7pdjV5w,"Fetched 05/24/2026, 8:08:10 PM GMT+8"
32552,@FELIXCASTILLO-d6k,10 days ago,Happy viewing po from Baguio City,https://www.youtube.com/watch?v=ROa3kbG5M0U&lc=Ugw2whwaO6PMyHc3CdJ4AaABAg,Ugw2whwaO6PMyHc3CdJ4AaABAg,UCzYZJSgSHmHSChay7k3DlyA,"Fetched 05/24/2026, 8:08:10 PM GMT+8"
32553,@BnHydn,10 days ago,"Sumusuporta mula sa lokal ng La Trinidad, Kapisanang Binhi ♥️  /  / Happy viewing po ❤ /  / LET'S GOOOO BENGUET 🎉🎉",https://www.youtube.com/watch?v=ROa3kbG5M0U&lc=UgzqW2tjHf7KqFGoD9h4AaABAg,UgzqW2tjHf7KqFGoD9h4AaABAg,UCbVqbfs9vjTS-hPNArDNcFQ,"Fetched 05/24/2026, 8:08:10 PM GMT+8"
32554,@jonieyonga-an5239,10 days ago,Pagbati Po Mula Sa Lokal Ng Norcar Distrito Ng Benguet 🎉🎉 /  / Mula Po sa mga KDO at mga KLO🎉🎉 / HAPPPY WATCHING PO!!,https://www.youtube.com/watch?v=ROa3kbG5M0U&lc=Ugx_NcTp-j3p-KiY-7t4AaABAg,Ugx_NcTp-j3p-KiY-7t4AaABAg,UCgUo3JP_Fffuctza4bUumJg,"Fetched 05/24/2026, 8:08:10 PM GMT+8"
32555,@luibustamante9493,10 days ago,"Let's Go Benguet 🎉🍓🍓 /  / Stream while we can, listening while doing my report 😅 /  / Shoutout po sa aming Pangulong Kadiwa sa Lokal ng Tuba, Ka Kim Sarmiento na laging nakatutok kahit brownout 🔥💪",https://www.youtube.com/watch?v=ROa3kbG5M0U&lc=Ugx4oArTiDIXGuLc3-d4AaABAg,Ugx4oArTiDIXGuLc3-d4AaABAg,UCFAmrhDmv6rvZrQoYp-IS9w,"Fetched 05/24/2026, 8:08:10 PM GMT+8"
32556,@rejomartayaban,10 days ago,"Binabati po namin ang buong team na bumuo po sa ating entry for INCMV, maganda ang MV at ang galing nyo pooo!!🤍  Gooo Bengueett!! / Mula sa kapisanang kadiwa sa lokal ng La Trinidad.",https://www.youtube.com/watch?v=ROa3kbG5M0U&lc=UgydI_BhyWRveHL8arB4AaABAg,UgydI_BhyWRveHL8arB4AaABAg,UCi7RYRPFL6HTFaScpYFJMJQ,"Fetched 05/24/2026, 8:08:10 PM GMT+8"
32557,@jonieyonga-an5239,10 days ago,Let's gooo let's go Benguet!!!🎉🎉,https://www.youtube.com/watch?v=ROa3kbG5M0U&lc=UgzUvV7Yx2M9tau1wnp4AaABAg,UgzUvV7Yx2M9tau1wnp4AaABAg,UCgUo3JP_Fffuctza4bUumJg,"Fetched 05/24/2026, 8:08:10 PM GMT+8"
32558,@kimberlysarmiento1034,10 days ago,We love because He first loved us /  / Tuba❤,https://www.youtube.com/watch?v=ROa3kbG5M0U&lc=UgxONAAS54dbw4DlavB4AaABAg,UgxONAAS54dbw4DlavB4AaABAg,UCds_RyKfMX7Xzg4PQRhf9NQ,"Fetched 05/24/2026, 8:08:10 PM GMT+8"
32559,@henrycaranto2644,10 days ago,Good pm po Happy watching po salahat  /  / From Kadiwa officers🎉🎉,https://www.youtube.com/watch?v=ROa3kbG5M0U&lc=UgxWMjRX-NhrkZ6ksE54AaABAg,UgxWMjRX-NhrkZ6ksE54AaABAg,UCFilTOy22FklSkBIgwVPVaQ,"Fetched 05/24/2026, 8:08:10 PM GMT+8"
32560,@almazanrhyndylyn,10 days ago,go go benguet ❤❤❤ /  / from lokal ng norcar at kapisanang kadiwa,https://www.youtube.com/watch?v=ROa3kbG5M0U&lc=UgzoBhPITmww8fy7PRR4AaABAg,UgzoBhPITmww8fy7PRR4AaABAg,UCEoQCNgytnJxjJnAQLSzFeA,"Fetched 05/24/2026, 8:08:10 PM GMT+8"
32561,@lanlani.eaaaahn,10 days ago,"Go go go go go, Benguetttttt!!!!  /  / Support mula sa Lokal ng La Trinidad!!!",https://www.youtube.com/watch?v=ROa3kbG5M0U&lc=UgzSTVhOOnM3qicGHBF4AaABAg,UgzSTVhOOnM3qicGHBF4AaABAg,UCxRF5ldmYBJWNlgtayRoTHg,"Fetched 05/24/2026, 8:08:10 PM GMT+8"
32562,@CasseySGonzales,10 days ago,GO BENGUET !!!⛰️🍃 / VERY INSPIRING PO🙂‍↕️ /  / Mula po sa Kapisanang BINHI 🌱 ng Lokal ng La Trinidad 🍓 / Mag umagahan po muna tayo🍲🥗☕️ mga kapatid habang nanonood,https://www.youtube.com/watch?v=ROa3kbG5M0U&lc=UgyOjOfBFTEeo7ZqRBd4AaABAg,UgyOjOfBFTEeo7ZqRBd4AaABAg,UCZ_1zJtZfWs6L_NdfNJCvtQ,"Fetched 05/24/2026, 8:08:10 PM GMT+8"
32563,@CasseySGonzales,10 days ago,Happy Viewing po mga kapatid🐑  from Lokal ng La Trinidad Distrito ng Benguet🍓  / Binabati ko rin po ang Destinado at ang mga nasa Kapisanang Binhi🌱ng La Trinidad,https://www.youtube.com/watch?v=ROa3kbG5M0U&lc=UgzBKiFKrPDcN3IenzR4AaABAg,UgzBKiFKrPDcN3IenzR4AaABAg,UCZ_1zJtZfWs6L_NdfNJCvtQ,"Fetched 05/24/2026, 8:08:10 PM GMT+8"
32564,@Julskie28,10 days ago,Let's Go Benguet!! /  / Tuloy tuloy tayo! /  / From KADIWAs of benguet,https://www.youtube.com/watch?v=ROa3kbG5M0U&lc=UgwvfNPAEY3fEJ4rRFR4AaABAg,UgwvfNPAEY3fEJ4rRFR4AaABAg,UC1nz0UiWHV8lyoQdZtJejeg,"Fetched 05/24/2026, 8:08:10 PM GMT+8"
32565,@almazanrhyndylyn,10 days ago (edited),Another congratulations Benguet for reaching 21k.. Road to 22k na with full support of the different Local Congregations in the District of Benguet.  /  / Patuloy pong pakikipagkaisa mula sa Lokal ng Norcar at Kapisanang Kadiwa.,https://www.youtube.com/watch?v=ROa3kbG5M0U&lc=Ugwa79qzgx-dYmu_TBF4AaABAg,Ugwa79qzgx-dYmu_TBF4AaABAg,UCEoQCNgytnJxjJnAQLSzFeA,"Fetched 05/24/2026, 8:08:10 PM GMT+8"
32566,@jazz-m7b,10 days ago,"Hello po mga kapatid, happy viewing po, patuloy po parin ang aming pag suporta mula sa lokal ng La Trinidad 🪷  /  / Let's go BENGUET 🍓🐑",https://www.youtube.com/watch?v=ROa3kbG5M0U&lc=Ugx7NkC2wN2q-l-5G_d4AaABAg,Ugx7NkC2wN2q-l-5G_d4AaABAg,UCNB-zyitm7U6Yt835DEKclA,"Fetched 05/24/2026, 8:08:10 PM GMT+8"
32567,@johnreylucio8970,10 days ago,"21k Views nah,,  LET'S GO BENGUET❤🎉 / Happy Viewing Everyone❤ / Mula po mga Kadiwa, At Lokal ng  La Trinidad❤",https://www.youtube.com/watch?v=ROa3kbG5M0U&lc=Ugzg_mSbXKMBaYeRkHN4AaABAg,Ugzg_mSbXKMBaYeRkHN4AaABAg,UCNMupRD4ySrN336KZpy29OA,"Fetched 05/24/2026, 8:08:10 PM GMT+8"
32568,@Kris-t2c3w,10 days ago,"Pagbati po mula sa Lokal ng La Trinidad 😊 ! Enjoy po mga kapatid, hope this video brings joy to everyone💖💖💖",https://www.youtube.com/watch?v=ROa3kbG5M0U&lc=UgysT7_1Q9B39mhB9lp4AaABAg,UgysT7_1Q9B39mhB9lp4AaABAg,UC2lYdlqDj3_tl0-uR11174A,"Fetched 05/24/2026, 8:08:10 PM GMT+8"
32569,@clarkpiloneo6778,10 days ago,Lets gooo Benguettt!! Happyy viewing po mga mahal na kapatid!!! Mula po sa lokal ng La Trinidad,https://www.youtube.com/watch?v=ROa3kbG5M0U&lc=Ugz-_ZiziDgX6bgtrZF4AaABAg,Ugz-_ZiziDgX6bgtrZF4AaABAg,UC-rMw-abFKutSmzfhWFDgJw,"Fetched 05/24/2026, 8:08:10 PM GMT+8"
32570,@PELITANJennyClaireT,10 days ago,"Magandang pm and viewing pooo. Pagbati mula sa Kapisanang Kadiwa, Lokal ng La Trinidad, Distrito ng Benguet.. Let's go, Benguet🫑",https://www.youtube.com/watch?v=ROa3kbG5M0U&lc=UgxlWBxCXWEVgkzopjZ4AaABAg,UgxlWBxCXWEVgkzopjZ4AaABAg,UCsVZgGkRnNqeIIOLxHiFR7A,"Fetched 05/24/2026, 8:08:10 PM GMT+8"
32571,@luibustamante9493,10 days ago,Happy viewing po mga kapatid. Rewatching po mula sa Lokal ng Tuba.  /  / Sama-sama po ulit tayong magstream at makipagkaisa 💪💪 /  / Shoutout po sa lahat ng kadiwa at kadiwa District officers...,https://www.youtube.com/watch?v=ROa3kbG5M0U&lc=UgxLsF_QabrUEVe5u-t4AaABAg,UgxLsF_QabrUEVe5u-t4AaABAg,UCFAmrhDmv6rvZrQoYp-IS9w,"Fetched 05/24/2026, 8:08:10 PM GMT+8"
32572,@Dondon-n6n,10 days ago,Happy listening mga kabagis mula po sa lokal ng loacan Distrito ng Benguet❤❤❤,https://www.youtube.com/watch?v=ROa3kbG5M0U&lc=UgyZivG9qMR1-WNYRHd4AaABAg,UgyZivG9qMR1-WNYRHd4AaABAg,UC-KpXZLj98-A9XNg091kY1Q,"Fetched 05/24/2026, 8:08:10 PM GMT+8"
32573,@jonieyonga-an5239,10 days ago,INCMV parin habang nagkakape!!!🎉🎉 / Soliddd tlgaa🎉 / Let's gooo Benguettt!!🎉 /  / From KDO Benguettt! / Lokal Ng Norcar 🎉,https://www.youtube.com/watch?v=ROa3kbG5M0U&lc=UgyuzDHHhpn4P4eGYep4AaABAg,UgyuzDHHhpn4P4eGYep4AaABAg,UCgUo3JP_Fffuctza4bUumJg,"Fetched 05/24/2026, 8:08:10 PM GMT+8"
32574,@kimberlysarmiento1034,10 days ago,"Feeling guided or protected because of our God’s love ❤❤❤ /  / Tuba, Benguet",https://www.youtube.com/watch?v=ROa3kbG5M0U&lc=UgwNx9RX_l7gBd1Sxt94AaABAg,UgwNx9RX_l7gBd1Sxt94AaABAg,UCds_RyKfMX7Xzg4PQRhf9NQ,"Fetched 05/24/2026, 8:08:10 PM GMT+8"
32575,@gam3rg1rl,10 days ago,Happy viewing po mula sa Lokal ng Megaroyale :),https://www.youtube.com/watch?v=ROa3kbG5M0U&lc=UgyG7Sdfh4O0cWg5ub14AaABAg,UgyG7Sdfh4O0cWg5ub14AaABAg,UC5IQqBTUAu9qmpEtOMJeRrQ,"Fetched 05/24/2026, 8:08:10 PM GMT+8"
32576,@rejomartayaban,10 days ago (edited),Happy happy viewing po mga kapatid! Greetings po sa kapisanang Kadiwa sa bawat lokal. Keep supporting po mula po sa lokal ng La Trinidad!🤍,https://www.youtube.com/watch?v=ROa3kbG5M0U&lc=UgzlZatSTAoMHSNKa3N4AaABAg,UgzlZatSTAoMHSNKa3N4AaABAg,UCi7RYRPFL6HTFaScpYFJMJQ,"Fetched 05/24/2026, 8:08:10 PM GMT+8"
32577,@cristymorales6399,10 days ago,maligayang pagbati sa lahat ng mabonood mula po sa registry at kalihiman sa lokal ng Gibraltar distrito ng Benguet,https://www.youtube.com/watch?v=ROa3kbG5M0U&lc=UgwqNY0SlYPDktht7RB4AaABAg,UgwqNY0SlYPDktht7RB4AaABAg,UCy4vhZGOT49XaOmm4ruS6OQ,"Fetched 05/24/2026, 8:08:10 PM GMT+8"
32578,@johnreylucio8970,10 days ago,"Good Afternoon po sa ating lahat,❤ / Mula po sa Kadiwa, at Lokal ng La Trinidad ❤",https://www.youtube.com/watch?v=ROa3kbG5M0U&lc=UgyR9e80E6EKGDr4ybB4AaABAg,UgyR9e80E6EKGDr4ybB4AaABAg,UCNMupRD4ySrN336KZpy29OA,"Fetched 05/24/2026, 8:08:10 PM GMT+8"
32579,@ajgarces3409,10 days ago (edited),"Maganda ito...like and share to Inspire☺️  / love from Lokal ng  Lourdes, Benguet ,  District",https://www.youtube.com/watch?v=ROa3kbG5M0U&lc=Ugz8TNHOd13u8uuJ-0N4AaABAg,Ugz8TNHOd13u8uuJ-0N4AaABAg,UCaFfqI40TOrKhcteSzRVf3Q,"Fetched 05/24/2026, 8:08:10 PM GMT+8"
32580,@Kris-t2c3w,10 days ago,"Warm greetings po sa ating lahat 😊, sending our unwavering love and support mula sa Lokal ng La Trinidad 🫶🫶🫶",https://www.youtube.com/watch?v=ROa3kbG5M0U&lc=UgzkIg1LhHXVa0yXRhd4AaABAg,UgzkIg1LhHXVa0yXRhd4AaABAg,UC2lYdlqDj3_tl0-uR11174A,"Fetched 05/24/2026, 8:08:10 PM GMT+8"
32581,@BenedictoAbellanes,10 days ago,happy viewing po mga kapatid from lokal po ng Norcar distrito ng Benguet,https://www.youtube.com/watch?v=ROa3kbG5M0U&lc=UgzkCZ8j1zuCldMnflF4AaABAg,UgzkCZ8j1zuCldMnflF4AaABAg,UC8YpLihebltSA7p4OOS0O8Q,"Fetched 05/24/2026, 8:08:10 PM GMT+8"
32582,@cristymorales6399,10 days ago,happy viewing pong muli mula sa registry clerks at kalihiman lokal ng gibraltar distrito ng Benguet,https://www.youtube.com/watch?v=ROa3kbG5M0U&lc=UgwELgp4TJV8KWnfNHR4AaABAg,UgwELgp4TJV8KWnfNHR4AaABAg,UCy4vhZGOT49XaOmm4ruS6OQ,"Fetched 05/24/2026, 8:08:10 PM GMT+8"
32583,@iya-k7j,10 days ago,🎉magandang hapon po😊 / nakakantok😴😴😴 / kaya manood na ng INCMV / ❤God's Love❤❤❤❤ / 😂😂nakakagising po😊😊 / Lokal ng Atok Gold,https://www.youtube.com/watch?v=ROa3kbG5M0U&lc=UgzUaavwL1QScRPOsht4AaABAg,UgzUaavwL1QScRPOsht4AaABAg,UC_R2GfmFAjE8k8DgEjmtv7g,"Fetched 05/24/2026, 8:08:10 PM GMT+8"
32584,@iya-k7j,10 days ago,happy viewing po / 😂nakakaaliw panoorin😊 / nakakapagpasigla  / sa nakakaantok na hapon / 😂😂😂😂 / ❤Lokal ng Atok Gold,https://www.youtube.com/watch?v=ROa3kbG5M0U&lc=Ugxv6zXfqF9Q4Zvh-CB4AaABAg,Ugxv6zXfqF9Q4Zvh-CB4AaABAg,UC_R2GfmFAjE8k8DgEjmtv7g,"Fetched 05/24/2026, 8:08:10 PM GMT+8"
32585,@joylee1468,10 days ago,😍God's Love / ❤INCMV / 🎉Distrito ng Benguet / 🎉Top1 / ❤Lokal ng Atok Gold,https://www.youtube.com/watch?v=ROa3kbG5M0U&lc=UgyWznabDtiq5s0DoV94AaABAg,UgyWznabDtiq5s0DoV94AaABAg,UC7UWPgNV4p4GGKzoeFbHS8g,"Fetched 05/24/2026, 8:08:10 PM GMT+8"
32586,@henrycaranto2644,10 days ago,Good afternoon po sa lahat / mula po sa Kadiwa district officer🎉🎉❤❤,https://www.youtube.com/watch?v=ROa3kbG5M0U&lc=UgyVBcUJgNnkSnX4-rh4AaABAg,UgyVBcUJgNnkSnX4-rh4AaABAg,UCFilTOy22FklSkBIgwVPVaQ,"Fetched 05/24/2026, 8:08:10 PM GMT+8"
32587,@mirapakipac674,10 days ago,"Lets go Benguet!!!, Hello po sa mga Guro ng PNK sa lokal ng Baguio City🥰",https://www.youtube.com/watch?v=ROa3kbG5M0U&lc=Ugx7y0x88kAHIvkfL5l4AaABAg,Ugx7y0x88kAHIvkfL5l4AaABAg,UCoWuM8c4gFub3KUeNOE1D3Q,"Fetched 05/24/2026, 8:08:10 PM GMT+8"
32588,@joylee1468,10 days ago,"😂Masayang panonood po❤ / Shout out po sa mga masisipag, / magaganda at maggwapong / mang-aawit sa aming lokal / -Lokal ng Atok Gold❤",https://www.youtube.com/watch?v=ROa3kbG5M0U&lc=UgxgbThl1cMPB8uMK4V4AaABAg,UgxgbThl1cMPB8uMK4V4AaABAg,UC7UWPgNV4p4GGKzoeFbHS8g,"Fetched 05/24/2026, 8:08:10 PM GMT+8"
32589,@jonieyonga-an5239,10 days ago,Full support Ang mga KDO!!! / Let's gooo Benguettt!!🎉🎉 /  / Mula Po sa mga Kadiwa sa lokal Ng Norcar Distrito Ng Benguet 🎉🎉,https://www.youtube.com/watch?v=ROa3kbG5M0U&lc=Ugzttq292ce1Dzy0Eil4AaABAg,Ugzttq292ce1Dzy0Eil4AaABAg,UCgUo3JP_Fffuctza4bUumJg,"Fetched 05/24/2026, 8:08:10 PM GMT+8"
32590,@mayvehn,10 days ago,❤❤❤❤Hello po mga kapatid / 😊😊😊😊watching po / 😊😊😊😊God's Love / 🎉Distrito ng Benguet🎉 / Lokal ng Atok Gold,https://www.youtube.com/watch?v=ROa3kbG5M0U&lc=UgzJsxQ1WznfosT32214AaABAg,UgzJsxQ1WznfosT32214AaABAg,UCivhdJ2CQeLK8tlG7Wh2BSQ,"Fetched 05/24/2026, 8:08:10 PM GMT+8"
32591,@gwynethcayabyab5981,10 days ago,Hindi talaga nakaka sawa pakingan ang Gods love MV  / Lets go benguet / -kadiwa,https://www.youtube.com/watch?v=ROa3kbG5M0U&lc=UgzaNyrLlnM4du_9ab54AaABAg,UgzaNyrLlnM4du_9ab54AaABAg,UCouodNvhL1bfJC2Fz0B_Rcw,"Fetched 05/24/2026, 8:08:10 PM GMT+8"
32592,@j-elfym,10 days ago,Let's Go  / Benguet!!!! / ❤INCMV / ❤God's Love / 🎉Lokal ng Atok Gold,https://www.youtube.com/watch?v=ROa3kbG5M0U&lc=Ugy5L6ZXCGNYk-fSgml4AaABAg,Ugy5L6ZXCGNYk-fSgml4AaABAg,UCQSZMpTel4mf79JxQGEU3rg,"Fetched 05/24/2026, 8:08:10 PM GMT+8"
32593,@j-elfym,10 days ago,Happy viewing po / 👋👋👋 / Nakikiisa pong  / nanonood / ❤❤❤Lokal ng Atok Gold❤❤❤,https://www.youtube.com/watch?v=ROa3kbG5M0U&lc=UgyVaMr3-6wdG29-Qzp4AaABAg,UgyVaMr3-6wdG29-Qzp4AaABAg,UCQSZMpTel4mf79JxQGEU3rg,"Fetched 05/24/2026, 8:08:10 PM GMT+8"
32594,@nathaniellumague7284,10 days ago,Baguio Benguet,https://www.youtube.com/watch?v=ROa3kbG5M0U&lc=UgzUfY7hnwtkBmqVKp14AaABAg,UgzUfY7hnwtkBmqVKp14AaABAg,UCTJA1TRnXjd8SifkpIm-6NA,"Fetched 05/24/2026, 8:08:10 PM GMT+8"
32595,@almazanrhyndylyn,10 days ago,Happy rewatching po. Muling pakikinig habang may hinihintay.  /  / Go go go Benguet 🎉🎉🎉🎉 /  / Malapit na po makuha ang 21k views. /  / Tuloy-tuloy pong suporta mula sa Kapisanang Kadiwa at Lokal ng Norcar.,https://www.youtube.com/watch?v=ROa3kbG5M0U&lc=UgyrnTXhdsDunPubA9J4AaABAg,UgyrnTXhdsDunPubA9J4AaABAg,UCEoQCNgytnJxjJnAQLSzFeA,"Fetched 05/24/2026, 8:08:10 PM GMT+8"
32596,@j-elfym,10 days ago,😍INCMV / ❤God's Love / 🎉Distrito ng Benguet / 😊Happy viewing / ❤Lokal ng Atok Gold,https://www.youtube.com/watch?v=ROa3kbG5M0U&lc=UgzzcLxNQJbzrCbJSmV4AaABAg,UgzzcLxNQJbzrCbJSmV4AaABAg,UCQSZMpTel4mf79JxQGEU3rg,"Fetched 05/24/2026, 8:08:10 PM GMT+8"
32597,@j-elfym,10 days ago,❤❤❤ / Happy viewing po / 😊😊😊 / God's Love / 🎉🎉🎉 / Lokal ng Atok Gold,https://www.youtube.com/watch?v=ROa3kbG5M0U&lc=Ugx1w3114gwhfpDCKmN4AaABAg,Ugx1w3114gwhfpDCKmN4AaABAg,UCQSZMpTel4mf79JxQGEU3rg,"Fetched 05/24/2026, 8:08:10 PM GMT+8"
32598,@Evym-u3k,10 days ago,happy viewing po / shout out po / sa mga masisipag na maytungkulin / sa aming lokal- / Atok Gold❤,https://www.youtube.com/watch?v=ROa3kbG5M0U&lc=Ugwnq53VRZJk5i9YIWd4AaABAg,Ugwnq53VRZJk5i9YIWd4AaABAg,UCNNZdfWg4Hutqdsq_H5oCHQ,"Fetched 05/24/2026, 8:08:10 PM GMT+8"
32599,@jonieyonga-an5239,10 days ago (edited),Here we are again!! / Benguet KDO🎉 /  / LETSS GOO BENGUETTT!!! / Mula Po sa lokal Ng Norcar Distrito Ng Benguet 🎉,https://www.youtube.com/watch?v=ROa3kbG5M0U&lc=UgzYwUCzoY1EURizBox4AaABAg,UgzYwUCzoY1EURizBox4AaABAg,UCgUo3JP_Fffuctza4bUumJg,"Fetched 05/24/2026, 8:08:10 PM GMT+8"
32600,@winkdelarosa2397,10 days ago,Happy Thursday po sa lahat! / Full support and love from lokal ng La Trinidad and Benguet KDO~❤ /  / Let's go BENGUET!🍓,https://www.youtube.com/watch?v=ROa3kbG5M0U&lc=UgzFNXQsyS8nvssbr7d4AaABAg,UgzFNXQsyS8nvssbr7d4AaABAg,UCcSUir_e5wTvoTFR6eQepyQ,"Fetched 05/24/2026, 8:08:10 PM GMT+8"
32601,@CasseySGonzales,10 days ago,Blessed afternoom po sa lahat mga kapatid.🐑🫶 from lokal ng La Trinidad 🍓 / Very energizing and Inspiring song po🤌👏👏,https://www.youtube.com/watch?v=ROa3kbG5M0U&lc=Ugz3hYYlfefZ91_q5eh4AaABAg,Ugz3hYYlfefZ91_q5eh4AaABAg,UCZ_1zJtZfWs6L_NdfNJCvtQ,"Fetched 05/24/2026, 8:08:10 PM GMT+8"
32602,@jazz-m7b,10 days ago,Magandang hapon po mga kapatid 🌸  /  / Patuloy po ang aming masiglang pakikinig 🎉 /  / Mula po sa lokal ng La Trinidad 🪷,https://www.youtube.com/watch?v=ROa3kbG5M0U&lc=Ugw7i7VCpSgVfttYErd4AaABAg,Ugw7i7VCpSgVfttYErd4AaABAg,UCNB-zyitm7U6Yt835DEKclA,"Fetched 05/24/2026, 8:08:10 PM GMT+8"
32603,@CasseySGonzales,10 days ago,Binabati ko po ang mga nasa KAPISANANG BINHI 🌱NG LOKAL NG LA TRINIDAD🍓,https://www.youtube.com/watch?v=ROa3kbG5M0U&lc=UgyZtNKGPV0itKYEtvp4AaABAg,UgyZtNKGPV0itKYEtvp4AaABAg,UCZ_1zJtZfWs6L_NdfNJCvtQ,"Fetched 05/24/2026, 8:08:10 PM GMT+8"
32604,@Julskie28,10 days ago,Tuloy tuloy lang po sa pag view! /  / Let's Go Benguet 🍓 🎉 /  / From KADIWAs of benguet,https://www.youtube.com/watch?v=ROa3kbG5M0U&lc=UgxHq7pzsLP3REj5qcF4AaABAg,UgxHq7pzsLP3REj5qcF4AaABAg,UC1nz0UiWHV8lyoQdZtJejeg,"Fetched 05/24/2026, 8:08:10 PM GMT+8"
32605,@BnHydn,10 days ago,Watching on repeat 🔁  / Let's go Benguet 🎉 / -Mula sa lokal ng La Trinidad ❤,https://www.youtube.com/watch?v=ROa3kbG5M0U&lc=UgwZ01wmdfrlQORsPoF4AaABAg,UgwZ01wmdfrlQORsPoF4AaABAg,UCbVqbfs9vjTS-hPNArDNcFQ,"Fetched 05/24/2026, 8:08:10 PM GMT+8"
32606,@CasseySGonzales,10 days ago,Happy Viewing po mga kapatid from lokal ng LA TRINIDAD distrito ng BENGUET,https://www.youtube.com/watch?v=ROa3kbG5M0U&lc=UgyyYJyEgocEfAqnZq14AaABAg,UgyyYJyEgocEfAqnZq14AaABAg,UCZ_1zJtZfWs6L_NdfNJCvtQ,"Fetched 05/24/2026, 8:08:10 PM GMT+8"
32607,@axeliee-m5u,10 days ago,Happy viewing po sa lahat!! 💫 /  / Full support po mula sa Lokal ng La Trinidad 🐑,https://www.youtube.com/watch?v=ROa3kbG5M0U&lc=UgxKgF8VmcnyzGmQ5Fd4AaABAg,UgxKgF8VmcnyzGmQ5Fd4AaABAg,UCxjmGS0yLlCMs4Fe-AqbHFw,"Fetched 05/24/2026, 8:08:10 PM GMT+8"
32608,@joy-d3n4u,10 days ago,❤God's Love❤ / 🎉Distrito ng Benguet🎉 / 😊INCMV😊 / ❤❤Lokal ng Atok Gold❤❤,https://www.youtube.com/watch?v=ROa3kbG5M0U&lc=UgwsAMxuEtJNo11VnDt4AaABAg,UgwsAMxuEtJNo11VnDt4AaABAg,UCdSHn503pqXwdsqmLKce88g,"Fetched 05/24/2026, 8:08:10 PM GMT+8"
32609,@Evym-u3k,10 days ago,happy viewing po / ❤❤❤Lokal ng Atok Gold❤❤❤,https://www.youtube.com/watch?v=ROa3kbG5M0U&lc=UgzZcwgK9O3rGwZUoTJ4AaABAg,UgzZcwgK9O3rGwZUoTJ4AaABAg,UCNNZdfWg4Hutqdsq_H5oCHQ,"Fetched 05/24/2026, 8:08:10 PM GMT+8"
32610,@Evym-u3k,10 days ago,❤❤❤ / masayang panonood po / ❤❤❤ / shout out po / sa pinakamaganda / pinakamasipag / at pinakamabait / namibg tita jade / ❤Lokal ng Atok Gold❤,https://www.youtube.com/watch?v=ROa3kbG5M0U&lc=UgyDS1qBf6qa_BwbD_N4AaABAg,UgyDS1qBf6qa_BwbD_N4AaABAg,UCNNZdfWg4Hutqdsq_H5oCHQ,"Fetched 05/24/2026, 8:08:10 PM GMT+8"
32611,@haielei2869,10 days ago,nakikisayaw na po ang Lokal ng Norcar,https://www.youtube.com/watch?v=ROa3kbG5M0U&lc=Ugy7XOubXu9Utb1fIyV4AaABAg,Ugy7XOubXu9Utb1fIyV4AaABAg,UCf3PWHW8mj2mncX07kw9ZQw,"Fetched 05/24/2026, 8:08:10 PM GMT+8"
32612,@haielei2869,10 days ago,Magandang Hapon po sa ating Tagapamahalang Pangkalahatan Ka Eduardo V. Manalo at II Tagapamahala Ka Angelo Erano Manalo. Enjoy watching po sa ating lahat! mula po sa Lokal ng Norcar,https://www.youtube.com/watch?v=ROa3kbG5M0U&lc=Ugw-ZSH-kphOY58yUkh4AaABAg,Ugw-ZSH-kphOY58yUkh4AaABAg,UCf3PWHW8mj2mncX07kw9ZQw,"Fetched 05/24/2026, 8:08:10 PM GMT+8"
32613,@2052-w9f,10 days ago,magandang hapon po,https://www.youtube.com/watch?v=ROa3kbG5M0U&lc=Ugwq3v42K7eEY588ndp4AaABAg,Ugwq3v42K7eEY588ndp4AaABAg,UC7jfgS5wA6fsgmvd23K6SQg,"Fetched 05/24/2026, 8:08:10 PM GMT+8"
32614,@Evym-u3k,10 days ago (edited),Happy viewing po / sa lahat ng mga kapatid / sa buong mundo / shout out po sa PD 1 namin.. / Ka Miguel Bautista / ❤❤❤Lokal ng Atok Gold❤❤❤❤❤,https://www.youtube.com/watch?v=ROa3kbG5M0U&lc=UgyR6_q3kZKXqScyUZt4AaABAg,UgyR6_q3kZKXqScyUZt4AaABAg,UCNNZdfWg4Hutqdsq_H5oCHQ,"Fetched 05/24/2026, 8:08:10 PM GMT+8"
32615,@Evym-u3k,10 days ago,Magandang hapon po / 😊😊😊😊 / Masayang nakikiisa po / INCMV watching / ❤😊😊Lokal ng Atok Gold❤,https://www.youtube.com/watch?v=ROa3kbG5M0U&lc=UgzXbL7LYu65GR6CR3h4AaABAg,UgzXbL7LYu65GR6CR3h4AaABAg,UCNNZdfWg4Hutqdsq_H5oCHQ,"Fetched 05/24/2026, 8:08:10 PM GMT+8"
32616,@RowneyMiguel,10 days ago (edited),"❤❤❤ATOK GOLD❤❤❤Shout out sa aking napakabait na mga pamangkin ivym,ijem and fym.",https://www.youtube.com/watch?v=ROa3kbG5M0U&lc=Ugyp9Z9IVvV0W4ibCxp4AaABAg,Ugyp9Z9IVvV0W4ibCxp4AaABAg,UCI093wAMa9jRIUVIc2Lh1FQ,"Fetched 05/24/2026, 8:08:10 PM GMT+8"
32617,@Evym-u3k,10 days ago,❤❤❤ / INCMV / ❤❤❤ / Distrito ng Benguet / ❤❤❤ / Lokal ng Atok Gold,https://www.youtube.com/watch?v=ROa3kbG5M0U&lc=UgztOY3vDysg9Cc6g4J4AaABAg,UgztOY3vDysg9Cc6g4J4AaABAg,UCNNZdfWg4Hutqdsq_H5oCHQ,"Fetched 05/24/2026, 8:08:10 PM GMT+8"
32618,@RowneyMiguel,10 days ago,Shout out po sa pamilya aming distinado. Na napaka humble.. from LOKaL NG ATOk GOLD. MT,https://www.youtube.com/watch?v=ROa3kbG5M0U&lc=UgwQCMSNBSdMohpqLdR4AaABAg,UgwQCMSNBSdMohpqLdR4AaABAg,UCI093wAMa9jRIUVIc2Lh1FQ,"Fetched 05/24/2026, 8:08:10 PM GMT+8"
32619,@Evym-u3k,10 days ago,God's Love / ❤❤❤ / His wondrous / LOVE / ❤❤❤ / Lokal ng Atok Gold,https://www.youtube.com/watch?v=ROa3kbG5M0U&lc=UgxSsuJhwvuMQx7jW5l4AaABAg,UgxSsuJhwvuMQx7jW5l4AaABAg,UCNNZdfWg4Hutqdsq_H5oCHQ,"Fetched 05/24/2026, 8:08:10 PM GMT+8"
32620,@joy-d3n4u,10 days ago,magandang hapon po / ❤shout out po / sa mga / masisipag na kalihim- / sa pangunguna po  / ng aming Pangulong Kalihim / -kapatid na Jeanie Tugad / ❤Lokal ng Atok Gold❤,https://www.youtube.com/watch?v=ROa3kbG5M0U&lc=Ugye2mdBX11dFGm8eaZ4AaABAg,Ugye2mdBX11dFGm8eaZ4AaABAg,UCdSHn503pqXwdsqmLKce88g,"Fetched 05/24/2026, 8:08:10 PM GMT+8"
32621,@joy-d3n4u,10 days ago,😊😊shout out po / sa mga magigiting  / na Pamunuan / sa aming lokal / 😊Lokal ng Atok Gold,https://www.youtube.com/watch?v=ROa3kbG5M0U&lc=UgxuLoJXUiQdYOLo65l4AaABAg,UgxuLoJXUiQdYOLo65l4AaABAg,UCdSHn503pqXwdsqmLKce88g,"Fetched 05/24/2026, 8:08:10 PM GMT+8"
32622,@RowneyMiguel,10 days ago,ATOK GOLD ❤❤❤❤ / Ay nakikiisa sa pamamahala,https://www.youtube.com/watch?v=ROa3kbG5M0U&lc=UgzbSjdRqQy6Odyb-Rt4AaABAg,UgzbSjdRqQy6Odyb-Rt4AaABAg,UCI093wAMa9jRIUVIc2Lh1FQ,"Fetched 05/24/2026, 8:08:10 PM GMT+8"
32623,@RowneyMiguel,10 days ago,❤❤❤❤,https://www.youtube.com/watch?v=ROa3kbG5M0U&lc=UgyR6_q3kZKXqScyUZt4AaABAg.AWmEUpZmccYAWmEvI2YhBy,UgyR6_q3kZKXqScyUZt4AaABAg.AWmEUpZmccYAWmEvI2YhBy,UCI093wAMa9jRIUVIc2Lh1FQ,"Fetched 05/24/2026, 8:08:10 PM GMT+8"
32624,@Evym-u3k,10 days ago,"salamat po sa napakasipag,napakabait at napakaganda naming tita❤",https://www.youtube.com/watch?v=ROa3kbG5M0U&lc=Ugyp9Z9IVvV0W4ibCxp4AaABAg.AWmEByhcnDzAWmGrMqBV2m,Ugyp9Z9IVvV0W4ibCxp4AaABAg.AWmEByhcnDzAWmGrMqBV2m,UCNNZdfWg4Hutqdsq_H5oCHQ,"Fetched 05/24/2026, 8:08:10 PM GMT+8"
32625,@RowneyMiguel,10 days ago,Happy watching po mga kapatid from ATOK GOLD ❤❤❤❤❤,https://www.youtube.com/watch?v=ROa3kbG5M0U&lc=Ugyk1g7mkKcpdhOz3bN4AaABAg,Ugyk1g7mkKcpdhOz3bN4AaABAg,UCI093wAMa9jRIUVIc2Lh1FQ,"Fetched 05/24/2026, 8:08:10 PM GMT+8"
32626,@jazz-m7b,10 days ago,Happy viewing po mga kapatid from Lokal ng La Trinidad 🥦🐑🍓,https://www.youtube.com/watch?v=ROa3kbG5M0U&lc=Ugx0xCoEurEN7yMncot4AaABAg,Ugx0xCoEurEN7yMncot4AaABAg,UCNB-zyitm7U6Yt835DEKclA,"Fetched 05/24/2026, 8:08:10 PM GMT+8"
32627,@iya-k7j,10 days ago,Magandang hapon po😊😊 / Shout out po  / sa mga masisipag na Mang-aawit / sa amibg lokal / 😊Lokal ng Atok Gold😊,https://www.youtube.com/watch?v=ROa3kbG5M0U&lc=UgzJmisckmSv7uHkn5J4AaABAg,UgzJmisckmSv7uHkn5J4AaABAg,UC_R2GfmFAjE8k8DgEjmtv7g,"Fetched 05/24/2026, 8:08:10 PM GMT+8"
32628,@RowneyMiguel,10 days ago,Happy viewing from ATOK GOLD,https://www.youtube.com/watch?v=ROa3kbG5M0U&lc=UgwxzVpBilrR6iYeOtp4AaABAg,UgwxzVpBilrR6iYeOtp4AaABAg,UCI093wAMa9jRIUVIc2Lh1FQ,"Fetched 05/24/2026, 8:08:10 PM GMT+8"
32629,@iya-k7j,10 days ago,Happy viewing po / ❤❤❤ / Shout out po / sa mga masisipag na / Maytungkulin / ❤Lokal ng Atok Gold❤,https://www.youtube.com/watch?v=ROa3kbG5M0U&lc=UgxQMqXvVZnDwoPjbfV4AaABAg,UgxQMqXvVZnDwoPjbfV4AaABAg,UC_R2GfmFAjE8k8DgEjmtv7g,"Fetched 05/24/2026, 8:08:10 PM GMT+8"
32630,@CasseySGonzales,10 days ago,Listening to this song has become a part of my daily routine❤ na halos malapit ko na po mamemorise🌞 /  / Happy Viewing po from Lokal ng La Trinidad distrito ng Benguet,https://www.youtube.com/watch?v=ROa3kbG5M0U&lc=UgytVpOiwb5qkxK35ut4AaABAg,UgytVpOiwb5qkxK35ut4AaABAg,UCZ_1zJtZfWs6L_NdfNJCvtQ,"Fetched 05/24/2026, 8:08:10 PM GMT+8"
32631,@laquimaribel,10 days ago,"Magandang hapon po, from Aurorahill Benguet.",https://www.youtube.com/watch?v=ROa3kbG5M0U&lc=UgzA_srCq7uXWVDkRRl4AaABAg,UgzA_srCq7uXWVDkRRl4AaABAg,UCRLFWLJm-ro_Zd381CwIGBQ,"Fetched 05/24/2026, 8:08:10 PM GMT+8"
32632,@haielei2869,10 days ago,Kapee po tayo INCMV and BENGUET while watching po from Norcar,https://www.youtube.com/watch?v=ROa3kbG5M0U&lc=UgxcuxJ9qqcXXit8NQV4AaABAg,UgxcuxJ9qqcXXit8NQV4AaABAg,UCf3PWHW8mj2mncX07kw9ZQw,"Fetched 05/24/2026, 8:08:10 PM GMT+8"
32633,@CasseySGonzales,10 days ago,GO BENGUET🎉!!! /  / FROM LOKAL NG LA TRINIDAD DISTRITO NG BENGUET,https://www.youtube.com/watch?v=ROa3kbG5M0U&lc=Ugw0KZ8wBhea34CQBR54AaABAg,Ugw0KZ8wBhea34CQBR54AaABAg,UCZ_1zJtZfWs6L_NdfNJCvtQ,"Fetched 05/24/2026, 8:08:10 PM GMT+8"
32634,@rhodadilag162,10 days ago,Happy viewing from lokal ng San Luis Benguet,https://www.youtube.com/watch?v=ROa3kbG5M0U&lc=Ugz18M3q2szIHbqiIYx4AaABAg,Ugz18M3q2szIHbqiIYx4AaABAg,UC1VudD6OvF1LdTbaQ5cIpxw,"Fetched 05/24/2026, 8:08:10 PM GMT+8"
32635,@jonieyonga-an5239,10 days ago,"Anuman nag ginagawa, nasaan man / INCMV parin Ang panonoorin🎉 /  / Let's goo Benguettt 🎉 / Mula Po sa lokal Ng Norcar Distrito Ng Benguet 🎉",https://www.youtube.com/watch?v=ROa3kbG5M0U&lc=UgxwfwlK4BQ-QJRsorh4AaABAg,UgxwfwlK4BQ-QJRsorh4AaABAg,UCgUo3JP_Fffuctza4bUumJg,"Fetched 05/24/2026, 8:08:10 PM GMT+8"
32636,@jasminedaludado7262,10 days ago,GO BENGUET❤ /  / Rewatching and supporting po from Lokal ng Guisad  /  / -KADIWA and PNK Officers,https://www.youtube.com/watch?v=ROa3kbG5M0U&lc=UgyZSTY-a2qbdG8Cl854AaABAg,UgyZSTY-a2qbdG8Cl854AaABAg,UCA4HVmdH2Xj67gK8nZmpiZg,"Fetched 05/24/2026, 8:08:10 PM GMT+8"
32637,@axeliee-m5u,10 days ago,"mula po sa lokal ng La Trinidad Distrito ng Benguet, Happy viewing po sa ating lahatt mula sa mga kapisanang Binhi 🪷",https://www.youtube.com/watch?v=ROa3kbG5M0U&lc=UgxM95ducr9Jkj2LZxd4AaABAg,UgxM95ducr9Jkj2LZxd4AaABAg,UCxjmGS0yLlCMs4Fe-AqbHFw,"Fetched 05/24/2026, 8:08:10 PM GMT+8"
32638,@MaximYongaan,10 days ago,Let's go Benguet  /  / Keep watching pö mga kapatid /  / Mula po sa local ng Norcar Distrito ng Benguet,https://www.youtube.com/watch?v=ROa3kbG5M0U&lc=Ugzt1faUn2DkNDX05w54AaABAg,Ugzt1faUn2DkNDX05w54AaABAg,UCRdTSXJPBJiQ9uPGNSOpCTw,"Fetched 05/24/2026, 8:08:10 PM GMT+8"
32639,@iya-k7j,10 days ago (edited),Magandang hapon po❤ / Shout out po sa mga / Pamunuan ng aming lokal / ❤Lokal ng Atok Gold❤,https://www.youtube.com/watch?v=ROa3kbG5M0U&lc=UgyKZvU7V8OqeqB4DEZ4AaABAg,UgyKZvU7V8OqeqB4DEZ4AaABAg,UC_R2GfmFAjE8k8DgEjmtv7g,"Fetched 05/24/2026, 8:08:10 PM GMT+8"
32640,@elle.1914,10 days ago,Showing support & love while in class!  /  / Happy viewing po! Let's go Benguet ❤️,https://www.youtube.com/watch?v=ROa3kbG5M0U&lc=Ugxz06gVOHdfknwCarR4AaABAg,Ugxz06gVOHdfknwCarR4AaABAg,UCTpq1TVl2hklh10PE8QqVhw,"Fetched 05/24/2026, 8:08:10 PM GMT+8"
32641,@iya-k7j,10 days ago,happy viewing po / ❤❤❤ / God's Love / ❤❤❤ / Distrito ng Benguet / ❤❤❤ / Lokal ng Atok Gold,https://www.youtube.com/watch?v=ROa3kbG5M0U&lc=Ugwo6gXYp9sVXllcKkJ4AaABAg,Ugwo6gXYp9sVXllcKkJ4AaABAg,UC_R2GfmFAjE8k8DgEjmtv7g,"Fetched 05/24/2026, 8:08:10 PM GMT+8"
32642,@clydeenesumilep3406,10 days ago,Happy viewing to all brethren!... Mula po sa Lokal ng Quezon Hill Distrito ng Benguet -Kalihiman at Registry Section,https://www.youtube.com/watch?v=ROa3kbG5M0U&lc=UgyvPEqHPpRiLgAQSxt4AaABAg,UgyvPEqHPpRiLgAQSxt4AaABAg,UCGiYXJkA-whqFHZIOFfELjQ,"Fetched 05/24/2026, 8:08:10 PM GMT+8"
32643,@XschelleYb,10 days ago,Let's goo Benguet! / Keep watching Po mga Kapatid!! /  / Mula Po sa Lokal Ng Norcar Distrito Ng Benguet.,https://www.youtube.com/watch?v=ROa3kbG5M0U&lc=UgyiSCZc96AkuCU4fqZ4AaABAg,UgyiSCZc96AkuCU4fqZ4AaABAg,UCer0sIOb700hbN8sHbztYuw,"Fetched 05/24/2026, 8:08:10 PM GMT+8"
32644,@JocelynAngsofan,10 days ago,"magandang hapon po, masayang panonood mula po sa lokal ng Pinsao, Distrito ng Benguet🥰",https://www.youtube.com/watch?v=ROa3kbG5M0U&lc=UgwWIhOvEfmmMnfacEl4AaABAg,UgwWIhOvEfmmMnfacEl4AaABAg,UCQuHB6XVkmo3wL7uCy2bF5w,"Fetched 05/24/2026, 8:08:10 PM GMT+8"
32645,@jonieyonga-an5239,10 days ago,Pagtimpla moko kabagis,https://www.youtube.com/watch?v=ROa3kbG5M0U&lc=UgxcuxJ9qqcXXit8NQV4AaABAg.AWmCRfCDUbMAWmZRJArLDn,UgxcuxJ9qqcXXit8NQV4AaABAg.AWmCRfCDUbMAWmZRJArLDn,UCgUo3JP_Fffuctza4bUumJg,"Fetched 05/24/2026, 8:08:10 PM GMT+8"
32646,@cristymorales6399,10 days ago,happy viewing pong muli sa lahat. isang mainit na pagbati mula sa registry at kalihiman lokal ng gibraltar distrito ng benguet,https://www.youtube.com/watch?v=ROa3kbG5M0U&lc=UgyBb0jQOiHBHz3bbT94AaABAg,UgyBb0jQOiHBHz3bbT94AaABAg,UCy4vhZGOT49XaOmm4ruS6OQ,"Fetched 05/24/2026, 8:08:10 PM GMT+8"
32647,@jonieyonga-an5239,10 days ago,"Kain Po mga kapatiddd, late lunch habang nanonood 🎉🎉 /  / Greetings Po mga KDO natin jann!!!solid",https://www.youtube.com/watch?v=ROa3kbG5M0U&lc=Ugwj_6YRB7P377vK6mx4AaABAg,Ugwj_6YRB7P377vK6mx4AaABAg,UCgUo3JP_Fffuctza4bUumJg,"Fetched 05/24/2026, 8:08:10 PM GMT+8"
32648,@akongapopalasipips,10 days ago,Happy viewing po mula sa lokal ng Marcos Highway!🎉,https://www.youtube.com/watch?v=ROa3kbG5M0U&lc=UgwmiIVljvK6h5KFbKZ4AaABAg,UgwmiIVljvK6h5KFbKZ4AaABAg,UCQG0kuFYYfY_o7VPo6YOlgQ,"Fetched 05/24/2026, 8:08:10 PM GMT+8"
32649,@luibustamante9493,10 days ago,Good afternoon po mga kapatid. Rewatching po mula sa Lokal ng Tuba.  /  / Let's Go Benguet / Let's Go Kadiwa 🍓🤗🤗,https://www.youtube.com/watch?v=ROa3kbG5M0U&lc=UgzFnXPUQHNY0SL-WDV4AaABAg,UgzFnXPUQHNY0SL-WDV4AaABAg,UCFAmrhDmv6rvZrQoYp-IS9w,"Fetched 05/24/2026, 8:08:10 PM GMT+8"
32650,@PHEBIE-f7h,10 days ago,Magandang hapon po. Watching again from Lokal ng AtokGold,https://www.youtube.com/watch?v=ROa3kbG5M0U&lc=Ugz4PgRkMY5eGA-Sj5t4AaABAg,Ugz4PgRkMY5eGA-Sj5t4AaABAg,UCNkJMMXP19AJSsNov8Fp3Ag,"Fetched 05/24/2026, 8:08:10 PM GMT+8"
32651,@RowneyMiguel,10 days ago,❤❤❤ pagbati mula sa LOKAL NG ATOK.. enjoy watching po.,https://www.youtube.com/watch?v=ROa3kbG5M0U&lc=UgxI681p-zGvlXpxZVZ4AaABAg,UgxI681p-zGvlXpxZVZ4AaABAg,UCI093wAMa9jRIUVIc2Lh1FQ,"Fetched 05/24/2026, 8:08:10 PM GMT+8"
32652,@Julskie28,10 days ago,Let's Go Benguet 🎉 /  / Happy viewing po sa ating lahat lalo na po sa mga kasamang kadiwa! /  / From lokal ng Guisad🎉,https://www.youtube.com/watch?v=ROa3kbG5M0U&lc=UgxXHQyhV35BZtxiyYB4AaABAg,UgxXHQyhV35BZtxiyYB4AaABAg,UC1nz0UiWHV8lyoQdZtJejeg,"Fetched 05/24/2026, 8:08:10 PM GMT+8"
32653,@jonieyonga-an5239,10 days ago,Letss goo Benguettt 🎉🎉 / Keep watching Po mga Kapatid!!!🎉 /  / Mula Po sa lokal Ng Norcar Distrito Ng Benguet 🎉,https://www.youtube.com/watch?v=ROa3kbG5M0U&lc=UgxsL-IyT7R2wWqZ5h94AaABAg,UgxsL-IyT7R2wWqZ5h94AaABAg,UCgUo3JP_Fffuctza4bUumJg,"Fetched 05/24/2026, 8:08:10 PM GMT+8"
32654,@gwynethcayabyab5981,10 days ago,"Blessed afternoon po sa lahat, ang gagaling ng cast ng INCMV ng Benguet lets go🎉 / - kadiwa",https://www.youtube.com/watch?v=ROa3kbG5M0U&lc=Ugz6MxGj2-pyWFltXGF4AaABAg,Ugz6MxGj2-pyWFltXGF4AaABAg,UCouodNvhL1bfJC2Fz0B_Rcw,"Fetched 05/24/2026, 8:08:10 PM GMT+8"
32655,@melissatejano4199,10 days ago,Viewing po from MEGAROYALE VILLAGE BENGUET,https://www.youtube.com/watch?v=ROa3kbG5M0U&lc=UgwdmzAOmGjcskY_fJN4AaABAg,UgwdmzAOmGjcskY_fJN4AaABAg,UCz6LLEG-fayHUjit8IsmsaQ,"Fetched 05/24/2026, 8:08:10 PM GMT+8"
32656,@henrycaranto2644,10 days ago,Happy Watching po sa lahat  / ☺️❤️ /  / From Kadiwa Officers❤,https://www.youtube.com/watch?v=ROa3kbG5M0U&lc=UgxfFRxhLD8junE0jWt4AaABAg,UgxfFRxhLD8junE0jWt4AaABAg,UCFilTOy22FklSkBIgwVPVaQ,"Fetched 05/24/2026, 8:08:10 PM GMT+8"
32657,@aileensygonzales698,10 days ago,Perfect soundtrack for a sunny afternoon.. / Greetings po mga kapatid! Mula po sa lokal ng La Trinidad 🍓 Distrito ng Benguet 🏞️,https://www.youtube.com/watch?v=ROa3kbG5M0U&lc=Ugz68gCdeyEmAgeqwOB4AaABAg,Ugz68gCdeyEmAgeqwOB4AaABAg,UCFnUHQGDSZBZoSWfCcbp7ZA,"Fetched 05/24/2026, 8:08:10 PM GMT+8"
32658,@rolinabautista1668,10 days ago,Keep on watching po..From Citycamp locale,https://www.youtube.com/watch?v=ROa3kbG5M0U&lc=UgyXup_37wX-IW0sYXt4AaABAg,UgyXup_37wX-IW0sYXt4AaABAg,UCWe_JqXHI6vjNDzPBrxHQ3A,"Fetched 05/24/2026, 8:08:10 PM GMT+8"
32659,@iya-k7j,10 days ago,Magandang tanghali po / 😊😊😊 / 👋👋👋👋👋👋👋 / Watching / INCMV / ❤Lokal ng Atok Gold❤,https://www.youtube.com/watch?v=ROa3kbG5M0U&lc=UgyeynUTeLv9hnmR7UB4AaABAg,UgyeynUTeLv9hnmR7UB4AaABAg,UC_R2GfmFAjE8k8DgEjmtv7g,"Fetched 05/24/2026, 8:08:10 PM GMT+8"
32660,@joy-d3n4u,10 days ago,Masaya ang araw  / kapag nanonood / ng INCMV / 😊😊😊 / ❤Lokal ng Atok Gold❤,https://www.youtube.com/watch?v=ROa3kbG5M0U&lc=Ugw7--TpHqSay75b2AZ4AaABAg,Ugw7--TpHqSay75b2AZ4AaABAg,UCdSHn503pqXwdsqmLKce88g,"Fetched 05/24/2026, 8:08:10 PM GMT+8"
32661,@CasseySGonzales,10 days ago,"Lovely💕 1PM🕐  sweet🍬 afternoon🌤  to  every dear  fellow  brother💁🏽‍♂️and  sister💁🏽‍♀️  watching📺 right  now  from  the  Local Congregation  of  La Trinidad 🍓 District  of  Benguet ⛰️ /  /  This  beautiful ✨ song 🎵 truly 🥹 touches  the  heart 🫶! I can’t❎️ stop🛑 listening🎧 to  it , not  just  because  the  beat 🥁 is  so 🕺 catchy ✨ and fun 🥳, but 🤍 because  its  message 💌 is  so encouraging 🤩, inspiring  and 🫂 reminds  us  of  God’s ✨ great 🫂 love 💛 and promises 🙌!",https://www.youtube.com/watch?v=ROa3kbG5M0U&lc=UgyLrjg4zrL5IBUSwaF4AaABAg,UgyLrjg4zrL5IBUSwaF4AaABAg,UCZ_1zJtZfWs6L_NdfNJCvtQ,"Fetched 05/24/2026, 8:08:10 PM GMT+8"
32662,@JacBallesteros,10 days ago,"Sa lahat po ng gumawa ng INCMV na ito, CONGRATULATIONS! / 👋👋👋 / sarap ulit uliting panuorin. / Isang malugayang pagbati mula sa Lokal ng CAMP 7, Distrito ng BENGUET🇮🇹",https://www.youtube.com/watch?v=ROa3kbG5M0U&lc=Ugw5Y13Rw-sJrXoYNox4AaABAg,Ugw5Y13Rw-sJrXoYNox4AaABAg,UCsmi3n297KTy6mkN31-xwwQ,"Fetched 05/24/2026, 8:08:10 PM GMT+8"
32663,@joy-d3n4u,10 days ago,❤❤ / Happy viewing po / ❤❤ / Napakasaya ng araw kapag pinapanood po ang INCMV / ❤❤❤Lokal ng Atok Gold❤❤❤,https://www.youtube.com/watch?v=ROa3kbG5M0U&lc=UgymLpiKNfd9hT3uwSp4AaABAg,UgymLpiKNfd9hT3uwSp4AaABAg,UCdSHn503pqXwdsqmLKce88g,"Fetched 05/24/2026, 8:08:10 PM GMT+8"
32664,@kimberlysarmiento1034,10 days ago (edited),"God’s love doesn’t always remove the storm, but it can give peace in the middle of it. /  / Rewatching, hi to all brethren in Benguet.. enjoy the rest of the day po from lokal ng tuba",https://www.youtube.com/watch?v=ROa3kbG5M0U&lc=UgwBjxriZ-s-u4mOVW54AaABAg,UgwBjxriZ-s-u4mOVW54AaABAg,UCds_RyKfMX7Xzg4PQRhf9NQ,"Fetched 05/24/2026, 8:08:10 PM GMT+8"
32665,@Kris-t2c3w,10 days ago,"Blessed afternoon po sa ating lahat mula sa Lokal ng La Trinidad , stay safe po at happy viewing sa ating lahat✨✨✨",https://www.youtube.com/watch?v=ROa3kbG5M0U&lc=UgxLTomhb8URH-7OEZh4AaABAg,UgxLTomhb8URH-7OEZh4AaABAg,UC2lYdlqDj3_tl0-uR11174A,"Fetched 05/24/2026, 8:08:10 PM GMT+8"
32666,@noedulay,10 days ago,Ganda po ng pagkakagawa ng video 🥰🥰🥰,https://www.youtube.com/watch?v=ROa3kbG5M0U&lc=UgxNXbcW1MkaHmH7_sF4AaABAg,UgxNXbcW1MkaHmH7_sF4AaABAg,UCXhwmp6dOr8fjMmxQrm84Jg,"Fetched 05/24/2026, 8:08:10 PM GMT+8"
32667,@clarkpiloneo6778,10 days ago,Lets goo Benguett❤❤ HAPPY VIEWING PO MGA KAPATIDD AND GOOD AFTERNOON PO🫶🫶 Mula po sa Lokal ng La Trinidad,https://www.youtube.com/watch?v=ROa3kbG5M0U&lc=UgxHcLO2hOxV5tIL_0l4AaABAg,UgxHcLO2hOxV5tIL_0l4AaABAg,UC-rMw-abFKutSmzfhWFDgJw,"Fetched 05/24/2026, 8:08:10 PM GMT+8"
32668,@johnreylucio8970,10 days ago,"Road to 21k Views na tayo,,  / Full support po ang Kadiwa , at ang Lokal Ng La Trinidad❤",https://www.youtube.com/watch?v=ROa3kbG5M0U&lc=Ugxf3k9s0dZGkaw5mZp4AaABAg,Ugxf3k9s0dZGkaw5mZp4AaABAg,UCNMupRD4ySrN336KZpy29OA,"Fetched 05/24/2026, 8:08:10 PM GMT+8"
32669,@Evym-u3k,10 days ago,Masayang panonood po / Nakakaaliw pong panoorin / 😊😊😊 / Napakagaling po ng mga performers po /  / ❤Lokal ng Atok Gold❤,https://www.youtube.com/watch?v=ROa3kbG5M0U&lc=UgzasRrbtDnw5FX8zuV4AaABAg,UgzasRrbtDnw5FX8zuV4AaABAg,UCNNZdfWg4Hutqdsq_H5oCHQ,"Fetched 05/24/2026, 8:08:10 PM GMT+8"
32670,@BnHydn,10 days ago,Shoutout sa mga maytungkulin sa Kapisanang Binhi na laging nakasubaybay👋 / ✋♥️🤚 / -Lokal ng La Trinidad,https://www.youtube.com/watch?v=ROa3kbG5M0U&lc=UgyKsPN6efyG-gfHLW94AaABAg,UgyKsPN6efyG-gfHLW94AaABAg,UCbVqbfs9vjTS-hPNArDNcFQ,"Fetched 05/24/2026, 8:08:10 PM GMT+8"
32671,@Evym-u3k,10 days ago,Magandang hapon po / 😊😊 / Tito Chris Gopez / ang galing nyo po!!! / ❤❤❤ /  / mula po sa Lokal ng Atok Gold,https://www.youtube.com/watch?v=ROa3kbG5M0U&lc=UgxNEmuUWWBqkqk9kmd4AaABAg,UgxNEmuUWWBqkqk9kmd4AaABAg,UCNNZdfWg4Hutqdsq_H5oCHQ,"Fetched 05/24/2026, 8:08:10 PM GMT+8"
32672,@almazanrhyndylyn,10 days ago,Magandang hapon po.  /  / Yehey!!! May kuryente na. Balik sa pagsuporta at pakikinig. /  / Go go Benguet /  / From: Lokal ng Norcar /            Benguet Kadiwa,https://www.youtube.com/watch?v=ROa3kbG5M0U&lc=UgzLZaF7b0fBc1ld3J14AaABAg,UgzLZaF7b0fBc1ld3J14AaABAg,UCEoQCNgytnJxjJnAQLSzFeA,"Fetched 05/24/2026, 8:08:10 PM GMT+8"
32673,@aileensygonzales698,10 days ago,Blessed Thursday afternoon 🙏 to my fellow brethren all around the world 🌎  /  / From locale congregation of la Trinidad district of Benguet,https://www.youtube.com/watch?v=ROa3kbG5M0U&lc=UgxWCvVSDfSsQm7ADpR4AaABAg,UgxWCvVSDfSsQm7ADpR4AaABAg,UCFnUHQGDSZBZoSWfCcbp7ZA,"Fetched 05/24/2026, 8:08:10 PM GMT+8"
32674,@BnHydn,10 days ago,Good afternoon to all brethren. ❤ / Walang sawang pakikinig ❤❤ / Mula po sa lokal ng La Trinidad ❤❤❤ / Let's go Benguet ❤❤❤❤,https://www.youtube.com/watch?v=ROa3kbG5M0U&lc=Ugy35mzcSvZHbk-5NUp4AaABAg,Ugy35mzcSvZHbk-5NUp4AaABAg,UCbVqbfs9vjTS-hPNArDNcFQ,"Fetched 05/24/2026, 8:08:10 PM GMT+8"
32675,@lanlani.eaaaahn,10 days ago,Mula po sa mga may tungkulin sa kapisanang binhi ng La Trinidad!!!! Happy viewing poooo,https://www.youtube.com/watch?v=ROa3kbG5M0U&lc=Ugy6KFJRWUdJ5GVZztB4AaABAg,Ugy6KFJRWUdJ5GVZztB4AaABAg,UCxRF5ldmYBJWNlgtayRoTHg,"Fetched 05/24/2026, 8:08:10 PM GMT+8"
32676,@joymaylee-e9o,10 days ago,God's Love / ❤❤❤❤ / Go Benguet!!! / 🎉🎉🎉🎉 / Go Lokal ng Atok Gold,https://www.youtube.com/watch?v=ROa3kbG5M0U&lc=Ugyz3uSGtTYtmTDNS554AaABAg,Ugyz3uSGtTYtmTDNS554AaABAg,UCVNaOxPbc9ZEHqlMp6TAgMA,"Fetched 05/24/2026, 8:08:10 PM GMT+8"
32677,@jasminedaludado7262,10 days ago,GO BENGUET  /  / KADIWA Officers from guisad,https://www.youtube.com/watch?v=ROa3kbG5M0U&lc=UgxpCnvEHObY-dMFEF94AaABAg,UgxpCnvEHObY-dMFEF94AaABAg,UCA4HVmdH2Xj67gK8nZmpiZg,"Fetched 05/24/2026, 8:08:10 PM GMT+8"
32678,@PHEBIE-f7h,10 days ago,Good afternoon po sa lahat ng nanonood. / Lokal ng AtokGold,https://www.youtube.com/watch?v=ROa3kbG5M0U&lc=UgzsuZv7chMUka9rwyV4AaABAg,UgzsuZv7chMUka9rwyV4AaABAg,UCNkJMMXP19AJSsNov8Fp3Ag,"Fetched 05/24/2026, 8:08:10 PM GMT+8"
32679,@mayvehn,10 days ago,Masayang panonood po mga kapatid / ❤❤❤ / Kasabay po ang pananghalian / 🥦🥬🍚🍉 / ❤❤Lokal ng Atok Gold❤,https://www.youtube.com/watch?v=ROa3kbG5M0U&lc=Ugz7YRf3R65MCEn-3K14AaABAg,Ugz7YRf3R65MCEn-3K14AaABAg,UCivhdJ2CQeLK8tlG7Wh2BSQ,"Fetched 05/24/2026, 8:08:10 PM GMT+8"
32680,@Kris-t2c3w,10 days ago,"Greetings po from La Trinidad, support po tayo hanggang dulo ! Happy watching everyone 🫶",https://www.youtube.com/watch?v=ROa3kbG5M0U&lc=Ugz-8z-5pF995H1Pjk14AaABAg,Ugz-8z-5pF995H1Pjk14AaABAg,UC2lYdlqDj3_tl0-uR11174A,"Fetched 05/24/2026, 8:08:10 PM GMT+8"
32681,@CasseySGonzales,10 days ago,Happy😊  afternoon🕐  to  all  my  fellow  brethren🫂  who are  watching📺 right now from 📌 the 🏘️ Local  Congregation 📍 of 🌲 La Trinidad 🗺️ District 📍 of ⛰️ Benguet,https://www.youtube.com/watch?v=ROa3kbG5M0U&lc=UgynoJLqdmGAKxPtBNJ4AaABAg,UgynoJLqdmGAKxPtBNJ4AaABAg,UCZ_1zJtZfWs6L_NdfNJCvtQ,"Fetched 05/24/2026, 8:08:10 PM GMT+8"
32682,@noedulay,10 days ago,Happy viewing Po from lokal ng baguio city distrito ng benguet good afternoon 😊😊,https://www.youtube.com/watch?v=ROa3kbG5M0U&lc=UgwqsKCIKIZXngdOcPx4AaABAg,UgwqsKCIKIZXngdOcPx4AaABAg,UCXhwmp6dOr8fjMmxQrm84Jg,"Fetched 05/24/2026, 8:08:10 PM GMT+8"
32683,@PHEBIE-f7h,10 days ago,"""Hold on to your faith; Let God set you free.""  / God's Love for His children is eternal. / Streaming here from the Locale Congregation of AtokGold.",https://www.youtube.com/watch?v=ROa3kbG5M0U&lc=UgzKgmD2RkwrTkf91gp4AaABAg,UgzKgmD2RkwrTkf91gp4AaABAg,UCNkJMMXP19AJSsNov8Fp3Ag,"Fetched 05/24/2026, 8:08:10 PM GMT+8"
32684,@mayvehn,10 days ago,#INCMV / #Benguet / #God's Love / #❤❤❤❤ / 🎉Lokal ng Atok Gold❤,https://www.youtube.com/watch?v=ROa3kbG5M0U&lc=Ugw-zK3J_c3M6AMzyYt4AaABAg,Ugw-zK3J_c3M6AMzyYt4AaABAg,UCivhdJ2CQeLK8tlG7Wh2BSQ,"Fetched 05/24/2026, 8:08:10 PM GMT+8"
32685,@BnHydn_2,10 days ago,"Good afternoon everyone ♥️ / Mula po sa lokal ng La Trinidad, Let's go Benguet ♥️",https://www.youtube.com/watch?v=ROa3kbG5M0U&lc=Ugy8hpMUr0PP0cTFlRJ4AaABAg,Ugy8hpMUr0PP0cTFlRJ4AaABAg,UCFiIuFtStNyId62JOmMovbw,"Fetched 05/24/2026, 8:08:10 PM GMT+8"
32686,@joymaylee-e9o,10 days ago,Magandang tanghali po... / 🍴🍛 / Masayang nakikiisa po / 😊😊 / ❤Lokal ng Atok Gold❤,https://www.youtube.com/watch?v=ROa3kbG5M0U&lc=Ugzey0UpcCY_OcmGHgl4AaABAg,Ugzey0UpcCY_OcmGHgl4AaABAg,UCVNaOxPbc9ZEHqlMp6TAgMA,"Fetched 05/24/2026, 8:08:10 PM GMT+8"
32687,@BnHydn_2,10 days ago,Always present 👋 /  / Hapi viewing pooo🎉🎉 /  / Mula po sa lokal ng La Trinidad,https://www.youtube.com/watch?v=ROa3kbG5M0U&lc=Ugwqz_oeu0oFpBpv--l4AaABAg,Ugwqz_oeu0oFpBpv--l4AaABAg,UCFiIuFtStNyId62JOmMovbw,"Fetched 05/24/2026, 8:08:10 PM GMT+8"
32688,@BnHydn_3,10 days ago,Happy happy viewing po mga kapatid 💚  / -Mula po sa lokal ng La Trinidad,https://www.youtube.com/watch?v=ROa3kbG5M0U&lc=Ugwgzk885NKD3OxUDwl4AaABAg,Ugwgzk885NKD3OxUDwl4AaABAg,UCKZxY6b5mH_zsnldMnxGIpQ,"Fetched 05/24/2026, 8:08:10 PM GMT+8"
32689,@joymaylee-e9o,10 days ago,😍His Wondrous / LOVE❤❤❤ / God's Love / ❤❤❤❤ / Lokal ng Atok Gold,https://www.youtube.com/watch?v=ROa3kbG5M0U&lc=UgzMpYtWvh3bt5RgFHt4AaABAg,UgzMpYtWvh3bt5RgFHt4AaABAg,UCVNaOxPbc9ZEHqlMp6TAgMA,"Fetched 05/24/2026, 8:08:10 PM GMT+8"
32690,@BnHydn_3,10 days ago,Eating while watching ❤ /  / -Lokal ng La Trinidad,https://www.youtube.com/watch?v=ROa3kbG5M0U&lc=Ugznq5af2O4D9Jb7mr94AaABAg,Ugznq5af2O4D9Jb7mr94AaABAg,UCKZxY6b5mH_zsnldMnxGIpQ,"Fetched 05/24/2026, 8:08:10 PM GMT+8"
32691,@BnHydn_3,10 days ago,"Happy viewing to all  / "" From the Locale Congregation of La Trinidad"" /  / Lezzgow Benguet",https://www.youtube.com/watch?v=ROa3kbG5M0U&lc=Ugxoe9waCVhVhFWjwKp4AaABAg,Ugxoe9waCVhVhFWjwKp4AaABAg,UCKZxY6b5mH_zsnldMnxGIpQ,"Fetched 05/24/2026, 8:08:10 PM GMT+8"
32692,@PHEBIE-f7h,10 days ago,"From LOKAL NG ATOKGOLD, supporting Benguet District's entry for INCMV AWARDS. / GO GO GO BENGUET ❤",https://www.youtube.com/watch?v=ROa3kbG5M0U&lc=UgzQcAV4XF3DVqVzRaZ4AaABAg,UgzQcAV4XF3DVqVzRaZ4AaABAg,UCNkJMMXP19AJSsNov8Fp3Ag,"Fetched 05/24/2026, 8:08:10 PM GMT+8"
32693,@BnHydn_3,10 days ago,♥️Let's go Benguet ♥️ / 💚 Local ng La Trinidad 💚,https://www.youtube.com/watch?v=ROa3kbG5M0U&lc=Ugw7-vrwJwayEIbTgXx4AaABAg,Ugw7-vrwJwayEIbTgXx4AaABAg,UCKZxY6b5mH_zsnldMnxGIpQ,"Fetched 05/24/2026, 8:08:10 PM GMT+8"
32694,@haielei2869,10 days ago,Bumalik na po ang kuryente pwede na po ulit manuod at makinig ng God's Love 🥰🥰 /  / -mula po sa Lokal  ng Norcar,https://www.youtube.com/watch?v=ROa3kbG5M0U&lc=UgybBVgoaH_cjbQUTsF4AaABAg,UgybBVgoaH_cjbQUTsF4AaABAg,UCf3PWHW8mj2mncX07kw9ZQw,"Fetched 05/24/2026, 8:08:10 PM GMT+8"
32695,@BnHydn_3,10 days ago,Shoutout sa lahat ng sumusuporta lalo na sa Lokal ng La Trinidad 🎉🎉🎉🎉 /  / LET'S GO BENGUET 🍓,https://www.youtube.com/watch?v=ROa3kbG5M0U&lc=Ugzh1IAM1XJE9F8b0vx4AaABAg,Ugzh1IAM1XJE9F8b0vx4AaABAg,UCKZxY6b5mH_zsnldMnxGIpQ,"Fetched 05/24/2026, 8:08:10 PM GMT+8"
32696,@lanlani.eaaaahn,10 days ago,"Maligayang pagbati po mula sa Lokal ng La Trinidad!!! Let’s go, Benguetttttt!!!!",https://www.youtube.com/watch?v=ROa3kbG5M0U&lc=Ugzz51Tker5Srrsgy6h4AaABAg,Ugzz51Tker5Srrsgy6h4AaABAg,UCxRF5ldmYBJWNlgtayRoTHg,"Fetched 05/24/2026, 8:08:10 PM GMT+8"
32697,@iya-k7j,10 days ago,"❤God's Love❤ / ""is Bigger than the ocean / and /  Brighter than the Stars"" / ❤❤Lokal ng Atok Gold❤❤",https://www.youtube.com/watch?v=ROa3kbG5M0U&lc=UgzjNA4CGmtbqx5TfYZ4AaABAg,UgzjNA4CGmtbqx5TfYZ4AaABAg,UC_R2GfmFAjE8k8DgEjmtv7g,"Fetched 05/24/2026, 8:08:10 PM GMT+8"
32698,@BnHydn_3,10 days ago,God's Love 💖  / Love this MV / -Lokal ng La Trinidad,https://www.youtube.com/watch?v=ROa3kbG5M0U&lc=UgxhFQT_sRVT0AnRmnd4AaABAg,UgxhFQT_sRVT0AnRmnd4AaABAg,UCKZxY6b5mH_zsnldMnxGIpQ,"Fetched 05/24/2026, 8:08:10 PM GMT+8"
32699,@haielei2869,10 days ago,"Its his special gift to us, His Wondrous Love  /  / - From Lokal ng Norcar",https://www.youtube.com/watch?v=ROa3kbG5M0U&lc=UgyZFc7_UfxV2A5QCYN4AaABAg,UgyZFc7_UfxV2A5QCYN4AaABAg,UCf3PWHW8mj2mncX07kw9ZQw,"Fetched 05/24/2026, 8:08:10 PM GMT+8"
32700,@beldiomlaqui7086,10 days ago,Greetings from Aurora Hill❤,https://www.youtube.com/watch?v=ROa3kbG5M0U&lc=UgzbXXndKAVBr9aTHrB4AaABAg,UgzbXXndKAVBr9aTHrB4AaABAg,UC4T63fqveElQc_luovIbnsQ,"Fetched 05/24/2026, 8:08:10 PM GMT+8"
32701,@BnHydn_3,10 days ago,Good morning everyone ♥️ / Love and support Mula po sa lokal ng La Trinidad,https://www.youtube.com/watch?v=ROa3kbG5M0U&lc=UgyZIg6oO0yGqWyyBad4AaABAg,UgyZIg6oO0yGqWyyBad4AaABAg,UCKZxY6b5mH_zsnldMnxGIpQ,"Fetched 05/24/2026, 8:08:10 PM GMT+8"
32702,@BnHydn_3,10 days ago,"Maligayang panonood pooo🌼 / Happy viewing Mula sa lokal ng La Trinidad, Kapisanang Binhi",https://www.youtube.com/watch?v=ROa3kbG5M0U&lc=UgyCCkbsH7hjvicQB_h4AaABAg,UgyCCkbsH7hjvicQB_h4AaABAg,UCKZxY6b5mH_zsnldMnxGIpQ,"Fetched 05/24/2026, 8:08:10 PM GMT+8"
32703,@BnHydn_3,10 days ago,Hi and happy watching mga kapatid! / -Lokal ng La Trinidad,https://www.youtube.com/watch?v=ROa3kbG5M0U&lc=Ugy0dnIMp4pue38Iwpl4AaABAg,Ugy0dnIMp4pue38Iwpl4AaABAg,UCKZxY6b5mH_zsnldMnxGIpQ,"Fetched 05/24/2026, 8:08:10 PM GMT+8"
32704,@BnHydn_3,10 days ago,Wishing you a fun viewing! /  / -Lokal ng La Trinidad,https://www.youtube.com/watch?v=ROa3kbG5M0U&lc=Ugx-oYMJ05rWc51_Dmp4AaABAg,Ugx-oYMJ05rWc51_Dmp4AaABAg,UCKZxY6b5mH_zsnldMnxGIpQ,"Fetched 05/24/2026, 8:08:10 PM GMT+8"
32705,@BnHydn_3,10 days ago,"""God's Love is bigger than the entire universe of stars"" /  /  /  /  / Lokal ng La Trinidad",https://www.youtube.com/watch?v=ROa3kbG5M0U&lc=Ugy6W9RbBZPaYBZp3lR4AaABAg,Ugy6W9RbBZPaYBZp3lR4AaABAg,UCKZxY6b5mH_zsnldMnxGIpQ,"Fetched 05/24/2026, 8:08:10 PM GMT+8"
32706,@j-elfym,10 days ago,Magandang tanghali po / ❤❤❤❤ / Masayang panonood po / 😊😊😊😊 /  / 🎉Lokal.ng Atok Gold🎉,https://www.youtube.com/watch?v=ROa3kbG5M0U&lc=UgzFQD8Fxy1BOkZIatp4AaABAg,UgzFQD8Fxy1BOkZIatp4AaABAg,UCQSZMpTel4mf79JxQGEU3rg,"Fetched 05/24/2026, 8:08:10 PM GMT+8"
32707,@nonagabriel-d9o,10 days ago,Happy Lunch po sa lahat mula sa Lokal ng Quezon Hill!,https://www.youtube.com/watch?v=ROa3kbG5M0U&lc=UgzqYjXVi5Q1-4YFTU54AaABAg,UgzqYjXVi5Q1-4YFTU54AaABAg,UCjwb4svioLk_cg-vhI91Uaw,"Fetched 05/24/2026, 8:08:10 PM GMT+8"
32708,@jonieyonga-an5239,10 days ago,Happy viewing Po sa mga Kadiwa natin jannn🎉🎉🎉,https://www.youtube.com/watch?v=ROa3kbG5M0U&lc=UgyEg29No3TlbRv2vJd4AaABAg,UgyEg29No3TlbRv2vJd4AaABAg,UCgUo3JP_Fffuctza4bUumJg,"Fetched 05/24/2026, 8:08:10 PM GMT+8"
32709,@BnHydn_3,10 days ago,Benguet 🔛🔝  /  / -Lokal ng La Trinidad,https://www.youtube.com/watch?v=ROa3kbG5M0U&lc=UgxPFvSd7nA1Xnc4s_x4AaABAg,UgxPFvSd7nA1Xnc4s_x4AaABAg,UCKZxY6b5mH_zsnldMnxGIpQ,"Fetched 05/24/2026, 8:08:10 PM GMT+8"
32710,@joylee1468,10 days ago,"God's Love / ""we / must / BELIEVE"" / ❤❤Lokal ng Atok Gold❤",https://www.youtube.com/watch?v=ROa3kbG5M0U&lc=UgyLkQd6hUiEFdo2-Dt4AaABAg,UgyLkQd6hUiEFdo2-Dt4AaABAg,UC7UWPgNV4p4GGKzoeFbHS8g,"Fetched 05/24/2026, 8:08:10 PM GMT+8"
32711,@jonieyonga-an5239,10 days ago,Pagbati Mula Po sa lokal Ng Norcar Distrito Ng Benguet 🎉🎉,https://www.youtube.com/watch?v=ROa3kbG5M0U&lc=UgzlKWTk_mJ4gkHsq6h4AaABAg,UgzlKWTk_mJ4gkHsq6h4AaABAg,UCgUo3JP_Fffuctza4bUumJg,"Fetched 05/24/2026, 8:08:10 PM GMT+8"
32712,@BnHydn_3,10 days ago,Magandang tanghali po mga kapatid 💚🤍♥️  /  / -Lokal ng La Trinidad,https://www.youtube.com/watch?v=ROa3kbG5M0U&lc=Ugycz2WoBXUnjJUMZZ14AaABAg,Ugycz2WoBXUnjJUMZZ14AaABAg,UCKZxY6b5mH_zsnldMnxGIpQ,"Fetched 05/24/2026, 8:08:10 PM GMT+8"
32713,@EleanorMislang,10 days ago,Go benguet.happy viewing po mga kapatid.greetings coming from locale of Baguio city.,https://www.youtube.com/watch?v=ROa3kbG5M0U&lc=UgxP7z2o2TP9CyttJYV4AaABAg,UgxP7z2o2TP9CyttJYV4AaABAg,UC-SX89r34HKuT1KlN8J7WTA,"Fetched 05/24/2026, 8:08:10 PM GMT+8"
32714,@jonieyonga-an5239,10 days ago,"Sa wakas may kuryente naa🎉🎉 / Habang kumakain, nanonood parin🎉",https://www.youtube.com/watch?v=ROa3kbG5M0U&lc=UgxbYubWuFTHBcBBpQl4AaABAg,UgxbYubWuFTHBcBBpQl4AaABAg,UCgUo3JP_Fffuctza4bUumJg,"Fetched 05/24/2026, 8:08:10 PM GMT+8"
32715,@BnHydn_3,10 days ago,Happy viewing to all  / Let's go Benguet  / -Lokal ng La Trinidad,https://www.youtube.com/watch?v=ROa3kbG5M0U&lc=UgyRdX6JSrxjLUjdsXZ4AaABAg,UgyRdX6JSrxjLUjdsXZ4AaABAg,UCKZxY6b5mH_zsnldMnxGIpQ,"Fetched 05/24/2026, 8:08:10 PM GMT+8"
32716,@Evym-u3k,10 days ago,😊😊Happy eating po😊😊😊 / 🍓🥬🥦🍗🍚 / kasabay po ang / 😊😊Happy viewing😊😊 /  / ❤❤Lokal ng Atok Gold❤❤,https://www.youtube.com/watch?v=ROa3kbG5M0U&lc=Ugx1HP36S8iGHuOpQSZ4AaABAg,Ugx1HP36S8iGHuOpQSZ4AaABAg,UCNNZdfWg4Hutqdsq_H5oCHQ,"Fetched 05/24/2026, 8:08:10 PM GMT+8"
32717,@almazanrhyndylyn,10 days ago (edited),Magandang tanghali po.  /  / i'm back po 👋👋. Wala pa ding kuryente pero nakahanap na ng signal 😂😂. /  / Patuloy po ang walang sawang pagsuporta mula sa Lokal ng Norcar at Kapisanang Kadiwa ❤❤.,https://www.youtube.com/watch?v=ROa3kbG5M0U&lc=UgylllWlhoBccjD3a0x4AaABAg,UgylllWlhoBccjD3a0x4AaABAg,UCEoQCNgytnJxjJnAQLSzFeA,"Fetched 05/24/2026, 8:08:10 PM GMT+8"
32718,@joy-d3n4u,10 days ago,Magandang pananghalian po😊😊Masayang isabay  / ang panonood / 🎉🎉🎉🎉 /  /  / *Lokal ng Atok Gold🎉🎉,https://www.youtube.com/watch?v=ROa3kbG5M0U&lc=UgzhbJ1I8R3iO1Ai6DB4AaABAg,UgzhbJ1I8R3iO1Ai6DB4AaABAg,UCdSHn503pqXwdsqmLKce88g,"Fetched 05/24/2026, 8:08:10 PM GMT+8"
32719,@ShairaAna-f9j,10 days ago,Magandang Tanghali po! / Enjoy watching from Lokal ng #BALATOC / #GO #BENGUET,https://www.youtube.com/watch?v=ROa3kbG5M0U&lc=Ugx_iDKrUeEaK8aqOAl4AaABAg,Ugx_iDKrUeEaK8aqOAl4AaABAg,UCYkHGUSWmaiLwrJlAWDQTVQ,"Fetched 05/24/2026, 8:08:10 PM GMT+8"
32720,@JOELY_BULAH,10 days ago,happy viewing from lokal ng Atok Gold💗,https://www.youtube.com/watch?v=ROa3kbG5M0U&lc=Ugx7FeaIVBWRqXVGkCB4AaABAg,Ugx7FeaIVBWRqXVGkCB4AaABAg,UCyMUAMSBQpACjkUS0f9sykQ,"Fetched 05/24/2026, 8:08:10 PM GMT+8"
32721,@joylee1468,10 days ago,"Magandang tanghali po / Patuloy pong nanonood ng INCMV / ""God's Love"" / Go Benguet / Go Lokal ng Atok Gold!!!!",https://www.youtube.com/watch?v=ROa3kbG5M0U&lc=Ugzp5vmVVnqQkvj8Cyl4AaABAg,Ugzp5vmVVnqQkvj8Cyl4AaABAg,UC7UWPgNV4p4GGKzoeFbHS8g,"Fetched 05/24/2026, 8:08:10 PM GMT+8"
32722,@JOELY_BULAH,10 days ago,good afternoon po mga kapatid.. happy viewing dito po sa lokal ng Atok Gold💗,https://www.youtube.com/watch?v=ROa3kbG5M0U&lc=UgyWiyGS-pGnsQnlyL94AaABAg,UgyWiyGS-pGnsQnlyL94AaABAg,UCyMUAMSBQpACjkUS0f9sykQ,"Fetched 05/24/2026, 8:08:10 PM GMT+8"
32723,@JOELY_BULAH,10 days ago,good afternoon po mga kapatid.. happy viewing dito po sa lokal ng Atok Gold💗,https://www.youtube.com/watch?v=ROa3kbG5M0U&lc=UgxIqyqKuuoMYhhVQ4h4AaABAg,UgxIqyqKuuoMYhhVQ4h4AaABAg,UCyMUAMSBQpACjkUS0f9sykQ,"Fetched 05/24/2026, 8:08:10 PM GMT+8"
32724,@jazz-m7b,10 days ago (edited),Eat well po mga kapatid 🏵️  /  /  /  /  /  /  /  / -lokal ng La Trinidad,https://www.youtube.com/watch?v=ROa3kbG5M0U&lc=UgyJ5RSQfiZvgjRgbPd4AaABAg,UgyJ5RSQfiZvgjRgbPd4AaABAg,UCNB-zyitm7U6Yt835DEKclA,"Fetched 05/24/2026, 8:08:10 PM GMT+8"
32725,@Evym-u3k,10 days ago,"""God's Love"" / Let God / set you / FREE, / and you'll / find out / exactly / where you're / meant / to be.... / ❤Lokal ng Atok Gold❤",https://www.youtube.com/watch?v=ROa3kbG5M0U&lc=Ugxq0j4WCYNuriZ5tNx4AaABAg,Ugxq0j4WCYNuriZ5tNx4AaABAg,UCNNZdfWg4Hutqdsq_H5oCHQ,"Fetched 05/24/2026, 8:08:10 PM GMT+8"
32726,@jennylineorden8043,10 days ago,hello mga kapatid / Happy viewing po lokal ng La Trinidad 😊😊😊,https://www.youtube.com/watch?v=ROa3kbG5M0U&lc=UgzLZnmvfuvIqcCe1Dx4AaABAg,UgzLZnmvfuvIqcCe1Dx4AaABAg,UCICWDfpXYa5HI0Af7esoADw,"Fetched 05/24/2026, 8:08:10 PM GMT+8"
32727,@Evym-u3k,10 days ago,❤A new day / brings / HOPE / for a / CHANGE❤ / **Lokal ng Atok Gold,https://www.youtube.com/watch?v=ROa3kbG5M0U&lc=UgwdtXCZXeICMixLW094AaABAg,UgwdtXCZXeICMixLW094AaABAg,UCNNZdfWg4Hutqdsq_H5oCHQ,"Fetched 05/24/2026, 8:08:10 PM GMT+8"
32728,@Evym-u3k,10 days ago,"""Hold on  / to your / FAITH..."" / Go Benguet District!! / Go Atok Gold Locale!!",https://www.youtube.com/watch?v=ROa3kbG5M0U&lc=UgxwcpPmebMjXTvpj3t4AaABAg,UgxwcpPmebMjXTvpj3t4AaABAg,UCNNZdfWg4Hutqdsq_H5oCHQ,"Fetched 05/24/2026, 8:08:10 PM GMT+8"
32729,@j-elfym,10 days ago,🎉🎉🎉🎉 / Go Benguet District / ❤❤❤❤ / INCMC /  / *@Lokal ng Atok Gold*,https://www.youtube.com/watch?v=ROa3kbG5M0U&lc=UgwQDMKomNBOoSfRFAR4AaABAg,UgwQDMKomNBOoSfRFAR4AaABAg,UCQSZMpTel4mf79JxQGEU3rg,"Fetched 05/24/2026, 8:08:10 PM GMT+8"
32730,@iya-k7j,10 days ago (edited),Magandang tanghali po / 😊😊mula po  / sa Kapisanang Buklod / ❤❤❤❤❤❤ / Lokal ng Atok Gold,https://www.youtube.com/watch?v=ROa3kbG5M0U&lc=UgwvlSCy2fZ2ABL6jYZ4AaABAg,UgwvlSCy2fZ2ABL6jYZ4AaABAg,UC_R2GfmFAjE8k8DgEjmtv7g,"Fetched 05/24/2026, 8:08:10 PM GMT+8"
32731,@joymaylee-e9o,10 days ago,❤❤❤ / INCMV / ❤❤❤ / God's Love / ❤❤❤ / His wondrous Love / 😊Lokal ng Atok Gold😊,https://www.youtube.com/watch?v=ROa3kbG5M0U&lc=UgxMcrMOKVhPn3NqBHZ4AaABAg,UgxMcrMOKVhPn3NqBHZ4AaABAg,UCVNaOxPbc9ZEHqlMp6TAgMA,"Fetched 05/24/2026, 8:08:10 PM GMT+8"
32732,@maritesstalledo8924,10 days ago,Happy watching po mula  sa lokal ng Megaroyale Village distrito ng Benguet,https://www.youtube.com/watch?v=ROa3kbG5M0U&lc=UgzNm16X-jV42GRbXoJ4AaABAg,UgzNm16X-jV42GRbXoJ4AaABAg,UCXrFwU9B905gqc5sVTbxukg,"Fetched 05/24/2026, 8:08:10 PM GMT+8"
32733,@mayvehn,10 days ago,Magandang tanghali po / 🎉🎉🎉 / Masayang panonood po  / sa ating lahat... /  / *Lokal ng Atok Gold*,https://www.youtube.com/watch?v=ROa3kbG5M0U&lc=UgxjTN8tluYzYcVJdvt4AaABAg,UgxjTN8tluYzYcVJdvt4AaABAg,UCivhdJ2CQeLK8tlG7Wh2BSQ,"Fetched 05/24/2026, 8:08:10 PM GMT+8"
32734,@joy-d3n4u,10 days ago,Masayang panonood po / ❤❤❤❤ / Patuloy pong sumusuporta / 🎉🎉🎉 / Distrito ng Benguet / ❤❤❤❤ / Lokal ng Atok Gold,https://www.youtube.com/watch?v=ROa3kbG5M0U&lc=UgxvCFd-UQ4jUdHTFol4AaABAg,UgxvCFd-UQ4jUdHTFol4AaABAg,UCdSHn503pqXwdsqmLKce88g,"Fetched 05/24/2026, 8:08:10 PM GMT+8"
32735,@joy-d3n4u,10 days ago,❤❤❤ / Lets Go / BENGUET DISTRICT / 🎉🎉🎉🎉 / Lokal ng Atok Gold,https://www.youtube.com/watch?v=ROa3kbG5M0U&lc=UgyFh4NmT4_pgPjRJcN4AaABAg,UgyFh4NmT4_pgPjRJcN4AaABAg,UCdSHn503pqXwdsqmLKce88g,"Fetched 05/24/2026, 8:08:10 PM GMT+8"
32736,@axeliee-m5u,10 days ago,Happy Lunchh everyone!! Eatwell 💓 /  /  / patuloy pa rin po ang pagsuporta ng mga taga Lokal ng La Trinidad ❤️‍🔥 /  /  / Let's goo Benguet 🥦🐑🍓,https://www.youtube.com/watch?v=ROa3kbG5M0U&lc=UgwDEF54J6xQMATw1FZ4AaABAg,UgwDEF54J6xQMATw1FZ4AaABAg,UCxjmGS0yLlCMs4Fe-AqbHFw,"Fetched 05/24/2026, 8:08:10 PM GMT+8"
32737,@mayvehn,10 days ago,🎉🎉🎉 / Happy Lunch po / 😊😊😊 / Continue watching / ❤❤❤ / INCMV / ❤Lokal ng Atok Gold❤,https://www.youtube.com/watch?v=ROa3kbG5M0U&lc=Ugyvb2l78FTiam6b5RJ4AaABAg,Ugyvb2l78FTiam6b5RJ4AaABAg,UCivhdJ2CQeLK8tlG7Wh2BSQ,"Fetched 05/24/2026, 8:08:10 PM GMT+8"
32738,@BnHydn,10 days ago,"Happy lunch and happy viewing to everyone ❤ /  / KAKABALIK LANG NG ILAW, LET'S WATCH AGAIN!!!!!🎉 /  / -Lokal ng La Trinidad",https://www.youtube.com/watch?v=ROa3kbG5M0U&lc=Ugy8g9r7TbewaRsdRet4AaABAg,Ugy8g9r7TbewaRsdRet4AaABAg,UCbVqbfs9vjTS-hPNArDNcFQ,"Fetched 05/24/2026, 8:08:10 PM GMT+8"
32739,@joymaylee-e9o,10 days ago,"""and when life / brings  / to your knees...😢😢😢😢 / in our / Lord God's / Great Power / You MUST BELIEVE...😇😇😇😇 / ❤Lokal ng Atok Gold❤",https://www.youtube.com/watch?v=ROa3kbG5M0U&lc=Ugy_IyEEVhGG0QYjWKd4AaABAg,Ugy_IyEEVhGG0QYjWKd4AaABAg,UCVNaOxPbc9ZEHqlMp6TAgMA,"Fetched 05/24/2026, 8:08:10 PM GMT+8"
32740,@luibustamante9493,10 days ago,"Happy lunch at Happy Viewing po /  / Let's Go Benguet, Let's Go Kadiwa 💪💪 /  / -Lokal ng Tuba.",https://www.youtube.com/watch?v=ROa3kbG5M0U&lc=UgxGT0XG7nxP7VmTykJ4AaABAg,UgxGT0XG7nxP7VmTykJ4AaABAg,UCFAmrhDmv6rvZrQoYp-IS9w,"Fetched 05/24/2026, 8:08:10 PM GMT+8"
32741,@johnreylucio8970,10 days ago,"Happy Lunch Everyone ❤🎉 / Memapteng jen Akew kito, / Man Buja kito muwan❤ / - La Trinidad ❤",https://www.youtube.com/watch?v=ROa3kbG5M0U&lc=UgxkV4QCrblhqjSOwEN4AaABAg,UgxkV4QCrblhqjSOwEN4AaABAg,UCNMupRD4ySrN336KZpy29OA,"Fetched 05/24/2026, 8:08:10 PM GMT+8"
32742,@henrycaranto2644,10 days ago,Happy Lunch Everyone❤🎉 / Kain na po habang nakikinig ng INCMV  /  / Pagbati po mula sa Lokal ng Baguio City at Kadiwa Officers❤,https://www.youtube.com/watch?v=ROa3kbG5M0U&lc=UgywK2plUpLbZrN63d54AaABAg,UgywK2plUpLbZrN63d54AaABAg,UCFilTOy22FklSkBIgwVPVaQ,"Fetched 05/24/2026, 8:08:10 PM GMT+8"
32743,@iya-k7j,10 days ago,❤❤❤ / Nakakawalang pagod / ❤❤❤❤ / INCMV / ❤Lokal ng Atok Gold❤,https://www.youtube.com/watch?v=ROa3kbG5M0U&lc=UgyboiZAiCopwiq5sU14AaABAg,UgyboiZAiCopwiq5sU14AaABAg,UC_R2GfmFAjE8k8DgEjmtv7g,"Fetched 05/24/2026, 8:08:10 PM GMT+8"
32744,@iya-k7j,10 days ago,😊😊😊😊 / Masayang nanonood / habang kumakain po😅😅 / 😊😊😊 / Lokal ng Atok Gold,https://www.youtube.com/watch?v=ROa3kbG5M0U&lc=Ugx8lzEzJb0eQJAauJ94AaABAg,Ugx8lzEzJb0eQJAauJ94AaABAg,UC_R2GfmFAjE8k8DgEjmtv7g,"Fetched 05/24/2026, 8:08:10 PM GMT+8"
32745,@jeanietugad4595,10 days ago,",,Happy viewing po mga kapatid,, mula sa Kalihiman/Registry ng lokal ng Atok Gold..",https://www.youtube.com/watch?v=ROa3kbG5M0U&lc=Ugx6IqtcgaGLCeUVE0Z4AaABAg,Ugx6IqtcgaGLCeUVE0Z4AaABAg,UC4-hT99A9u-aH7hnm5JCSfg,"Fetched 05/24/2026, 8:08:10 PM GMT+8"
32746,@Julskie28,10 days ago,Happy lunch po sa ating lahat! /  / Hello sa mga kasamang KADIWA /  / Let's Go Benguet 🍓 🎉,https://www.youtube.com/watch?v=ROa3kbG5M0U&lc=UgyDxsTxvRGnzFnmLrV4AaABAg,UgyDxsTxvRGnzFnmLrV4AaABAg,UC1nz0UiWHV8lyoQdZtJejeg,"Fetched 05/24/2026, 8:08:10 PM GMT+8"
32747,@j-elfym,10 days ago,Happy viewing po / Nakakaaliw pong / panoorin / INCMV / ❤❤Lokal ng Atok Gold❤❤,https://www.youtube.com/watch?v=ROa3kbG5M0U&lc=UgwcWa-l809dLkxG4ot4AaABAg,UgwcWa-l809dLkxG4ot4AaABAg,UCQSZMpTel4mf79JxQGEU3rg,"Fetched 05/24/2026, 8:08:10 PM GMT+8"
32748,@kimberlysarmiento1034,10 days ago,"God’s love is often felt in quiet things — being given another chance, finding strength when you thought you had none, or realizing you’re not alone even on hard days. /  / Rewatching from Tuba, Benguet",https://www.youtube.com/watch?v=ROa3kbG5M0U&lc=UgwkNuXxJnbxonLb2cl4AaABAg,UgwkNuXxJnbxonLb2cl4AaABAg,UCds_RyKfMX7Xzg4PQRhf9NQ,"Fetched 05/24/2026, 8:08:10 PM GMT+8"
32749,@j-elfym,10 days ago,❤❤❤ / I Love INCMV / ❤❤❤ / I Love Benguet / ❤❤❤ / I Love Locale of Atok Gold,https://www.youtube.com/watch?v=ROa3kbG5M0U&lc=UgzC1rX3Z40AFCX8Tw54AaABAg,UgzC1rX3Z40AFCX8Tw54AaABAg,UCQSZMpTel4mf79JxQGEU3rg,"Fetched 05/24/2026, 8:08:10 PM GMT+8"
32750,@Evym-u3k,10 days ago,#INCMV / #God's Love / #Distrito ng Benguet / #Top1 / #Lokal ng Atok Gold,https://www.youtube.com/watch?v=ROa3kbG5M0U&lc=UgyI_TC5ZsxucgYvi8J4AaABAg,UgyI_TC5ZsxucgYvi8J4AaABAg,UCNNZdfWg4Hutqdsq_H5oCHQ,"Fetched 05/24/2026, 8:08:10 PM GMT+8"
32751,@gwynethcayabyab5981,10 days ago,Sarap kumain ng lunch habang na nonood ng INCMV / lets go kadiwa 😂🎉,https://www.youtube.com/watch?v=ROa3kbG5M0U&lc=UgwR8gCV3J5f5xgR1v54AaABAg,UgwR8gCV3J5f5xgR1v54AaABAg,UCouodNvhL1bfJC2Fz0B_Rcw,"Fetched 05/24/2026, 8:08:10 PM GMT+8"
32752,@Evym-u3k,10 days ago,Magandang tanghali po / ❤❤❤❤ / Masayang panonood po / 😊😊😊😊 / Lokal ng Atok Gold,https://www.youtube.com/watch?v=ROa3kbG5M0U&lc=UgyO7_1L6C_x1sk3w754AaABAg,UgyO7_1L6C_x1sk3w754AaABAg,UCNNZdfWg4Hutqdsq_H5oCHQ,"Fetched 05/24/2026, 8:08:10 PM GMT+8"
32753,@joymaylee-e9o,10 days ago,🥦🥬🍎🍌 / Happy Lunch po / ❤❤❤❤ / Habang nanonood po / ❤❤❤ / God's Love / ❤❤❤ / Lokal ng Atok Gold,https://www.youtube.com/watch?v=ROa3kbG5M0U&lc=Ugy-PatRdHACpPOGTfh4AaABAg,Ugy-PatRdHACpPOGTfh4AaABAg,UCVNaOxPbc9ZEHqlMp6TAgMA,"Fetched 05/24/2026, 8:08:10 PM GMT+8"
32754,@joymaylee-e9o,10 days ago,Watching / God's Love / ❤❤❤ / 😊😊😊 / Lokal ng Atok Gold,https://www.youtube.com/watch?v=ROa3kbG5M0U&lc=UgytikB3-3R_ZnZTF8x4AaABAg,UgytikB3-3R_ZnZTF8x4AaABAg,UCVNaOxPbc9ZEHqlMp6TAgMA,"Fetched 05/24/2026, 8:08:10 PM GMT+8"
32755,@joymaylee-e9o,10 days ago,Happy viewing po / ❤❤❤❤ / Happy lunch po / 🍚🍞🥩🍖 / ❤❤❤ / Lokal ng Atok Gold,https://www.youtube.com/watch?v=ROa3kbG5M0U&lc=Ugw1Ffub1h8jmaTMwdB4AaABAg,Ugw1Ffub1h8jmaTMwdB4AaABAg,UCVNaOxPbc9ZEHqlMp6TAgMA,"Fetched 05/24/2026, 8:08:10 PM GMT+8"
32756,@jenelynlegaspi5472,10 days ago,Magandang tanghali po mga kapatid / LETS GO BENGUET🍓🍓🍓 / #QUEZONHILL,https://www.youtube.com/watch?v=ROa3kbG5M0U&lc=UgwYY4XKB9QKOWF5v854AaABAg,UgwYY4XKB9QKOWF5v854AaABAg,UCLjU_xM1oUxJ0N9ClfCcPjQ,"Fetched 05/24/2026, 8:08:10 PM GMT+8"
32757,@joymaylee-e9o,10 days ago,"""Our / GOD / always / has / your / Back..."" / ❤❤❤❤ / Lokal ng Atok Gold❤❤❤",https://www.youtube.com/watch?v=ROa3kbG5M0U&lc=Ugyc_Xt7CThU6AJR30l4AaABAg,Ugyc_Xt7CThU6AJR30l4AaABAg,UCVNaOxPbc9ZEHqlMp6TAgMA,"Fetched 05/24/2026, 8:08:10 PM GMT+8"
32758,@joymaylee-e9o,10 days ago,"""The world / think / you're / Lost, / but / in His / LOVE / so DiVINE..."" / ❤❤❤Locale of Atok Gold",https://www.youtube.com/watch?v=ROa3kbG5M0U&lc=UgwZmLR8R_57t6gXFlh4AaABAg,UgwZmLR8R_57t6gXFlh4AaABAg,UCVNaOxPbc9ZEHqlMp6TAgMA,"Fetched 05/24/2026, 8:08:10 PM GMT+8"
32759,@aizelfuchigami842,10 days ago,Happy lunch Happy viewing po mula sa Lokal ng Quezon Hill Distrito ng Benguet. 🇮🇹❤️🎼🎵🎶,https://www.youtube.com/watch?v=ROa3kbG5M0U&lc=UgwqAtERol_0wFIQiH14AaABAg,UgwqAtERol_0wFIQiH14AaABAg,UCAxDQnCZxAvsB6YgYjSR1nQ,"Fetched 05/24/2026, 8:08:10 PM GMT+8"
32760,@joymaylee-e9o,10 days ago,"🎉🎉🎉 / Benguet District / ❤❤❤ / ""You  / go on / with Courage..."" / ❤❤❤ / Locale of Atok Gold",https://www.youtube.com/watch?v=ROa3kbG5M0U&lc=Ugx_kFz4jcDJwIvPTxB4AaABAg,Ugx_kFz4jcDJwIvPTxB4AaABAg,UCVNaOxPbc9ZEHqlMp6TAgMA,"Fetched 05/24/2026, 8:08:10 PM GMT+8"
32761,@joymaylee-e9o,10 days ago,"God's Love / ""Like / a little / sail / in the / middle  / of the / sea..."" / ❤❤❤ / Lokal ng Atok Gold",https://www.youtube.com/watch?v=ROa3kbG5M0U&lc=Ugxm-YpHJqtAvK1itjd4AaABAg,Ugxm-YpHJqtAvK1itjd4AaABAg,UCVNaOxPbc9ZEHqlMp6TAgMA,"Fetched 05/24/2026, 8:08:10 PM GMT+8"
32762,@joymaylee-e9o,10 days ago,Happy / viewing po / ❤❤❤❤ / God's Love / ❤❤❤❤. / Lokal ng Atok Gold,https://www.youtube.com/watch?v=ROa3kbG5M0U&lc=UgzcPLKhW7Jp4CvaeHV4AaABAg,UgzcPLKhW7Jp4CvaeHV4AaABAg,UCVNaOxPbc9ZEHqlMp6TAgMA,"Fetched 05/24/2026, 8:08:10 PM GMT+8"
32763,@joymaylee-e9o,10 days ago (edited),Magandang umaga po / ❤❤❤❤ / Masayang  / panonood po / ❤❤❤❤ / mula po sa Lokal ng Atok Gold,https://www.youtube.com/watch?v=ROa3kbG5M0U&lc=UgykACPk0C_4YrB7Y4F4AaABAg,UgykACPk0C_4YrB7Y4F4AaABAg,UCVNaOxPbc9ZEHqlMp6TAgMA,"Fetched 05/24/2026, 8:08:10 PM GMT+8"
32764,@jhonalvincapulong3700,10 days ago,"Hello po!☺️ /  Binabati ko po lahat ng mga Kapatid sa LOKAL NG HILLSIDE, DISTRITO NG BENGUET 🇮🇹. Happy Viewing po!",https://www.youtube.com/watch?v=ROa3kbG5M0U&lc=UgynhJWR7HTpIruK8gt4AaABAg,UgynhJWR7HTpIruK8gt4AaABAg,UCUHhlIqTA8U_eWC_d86Hv9Q,"Fetched 05/24/2026, 8:08:10 PM GMT+8"
32765,@jeanietugad4595,10 days ago,",,Happy lunch,, happy viewing po mga kapatid, Atok Gold, Kalihiman/Registry.,,",https://www.youtube.com/watch?v=ROa3kbG5M0U&lc=Ugx-H9Atmt0v6MsIvJ54AaABAg,Ugx-H9Atmt0v6MsIvJ54AaABAg,UC4-hT99A9u-aH7hnm5JCSfg,"Fetched 05/24/2026, 8:08:10 PM GMT+8"
32766,@rejomartayaban,10 days ago,Letsss gooo!! Tuloy parin po ang pagsupport mula sa lokal ng La Trinidad at mula sa lahat ng kapisanang KADIWA. Go Bengueett!!,https://www.youtube.com/watch?v=ROa3kbG5M0U&lc=Ugx08mcF4tObYUNXka54AaABAg,Ugx08mcF4tObYUNXka54AaABAg,UCi7RYRPFL6HTFaScpYFJMJQ,"Fetched 05/24/2026, 8:08:10 PM GMT+8"
32767,@tayabanrt,10 days ago,"Let's go BENGUET🎉, Happy viewing while eating po. Pagbati mula lokal ng La Trinidad.",https://www.youtube.com/watch?v=ROa3kbG5M0U&lc=UgyufrZkXiX--nmnVpJ4AaABAg,UgyufrZkXiX--nmnVpJ4AaABAg,UCCpOKu7HxJqnWctZ5fG9DZg,"Fetched 05/24/2026, 8:08:10 PM GMT+8"
32768,@jhonalvincapulong3700,10 days ago,"Hello po!☺️ /  Binabati ko po lahat ng mga Kapatid sa LOKAL NG HILLSIDE, DISTRITO NG BENGUET 🇮🇹. Happy Viewing po!",https://www.youtube.com/watch?v=ROa3kbG5M0U&lc=Ugx0s7DAfFnJtrO2nYx4AaABAg,Ugx0s7DAfFnJtrO2nYx4AaABAg,UCUHhlIqTA8U_eWC_d86Hv9Q,"Fetched 05/24/2026, 8:08:10 PM GMT+8"
32769,@jhonalvincapulong3700,10 days ago,"Hello po!☺️ /  Binabati ko po lahat ng mga Kapatid sa LOKAL NG HILLSIDE, DISTRITO NG BENGUET 🇮🇹. Happy Viewing po!",https://www.youtube.com/watch?v=ROa3kbG5M0U&lc=Ugxowrr79Ng_YptYmoN4AaABAg,Ugxowrr79Ng_YptYmoN4AaABAg,UCUHhlIqTA8U_eWC_d86Hv9Q,"Fetched 05/24/2026, 8:08:10 PM GMT+8"
32770,@jhonalvincapulong3700,10 days ago,"Hello po!☺️ /  Binabati ko po lahat ng mga Kapatid sa LOKAL NG HILLSIDE, DISTRITO NG BENGUET 🇮🇹. Happy Viewing po!",https://www.youtube.com/watch?v=ROa3kbG5M0U&lc=Ugyu-hUdl-uqyLH20kp4AaABAg,Ugyu-hUdl-uqyLH20kp4AaABAg,UCUHhlIqTA8U_eWC_d86Hv9Q,"Fetched 05/24/2026, 8:08:10 PM GMT+8"
32771,@sandraferrer8034,10 days ago,Perfect soundtrack 🎉 Hello po sa kagawaran ng mang-aawit sa lokal po ng Tuba. Hope we all find where we ment to be in Gods’ love.,https://www.youtube.com/watch?v=ROa3kbG5M0U&lc=Ugz7-gAECHz-XNJzcFZ4AaABAg,Ugz7-gAECHz-XNJzcFZ4AaABAg,UCsVWFqvcyktYV0e47A-9Hcw,"Fetched 05/24/2026, 8:08:10 PM GMT+8"
32772,@gladysabad8665,10 days ago,Happy lunch po...manalangin po tayo para a kapayapaan po... /  / From lokal ng camp 8,https://www.youtube.com/watch?v=ROa3kbG5M0U&lc=UgzFGaGOfYZ2yywx61J4AaABAg,UgzFGaGOfYZ2yywx61J4AaABAg,UCp31Lwos5f6VPnIY9zaFbRA,"Fetched 05/24/2026, 8:08:10 PM GMT+8"
32773,@lourdessanchez8900,10 days ago,Happy viewing po sa lahat ng mga Kapatid from lokal ng irisan distrito ng benguet ❤❤,https://www.youtube.com/watch?v=ROa3kbG5M0U&lc=UgxuI7SbsxgxL_LuOvx4AaABAg,UgxuI7SbsxgxL_LuOvx4AaABAg,UCo0glrPftCcDIsdTP7H580Q,"Fetched 05/24/2026, 8:08:10 PM GMT+8"
32774,@nemesiojrliwan6046,10 days ago,Go! Benguet  /  / Mula sa CRYSTAL CAVE EXTENSION,https://www.youtube.com/watch?v=ROa3kbG5M0U&lc=UgzL1tkvkK2uAmjpY5V4AaABAg,UgzL1tkvkK2uAmjpY5V4AaABAg,UCjezikK6Ee76ivDT-zsBZPA,"Fetched 05/24/2026, 8:08:10 PM GMT+8"
32775,@jonieyonga-an5239,10 days ago,"Kahit brown out, tuloy parin Ang kasiyahan🎉🎉 /  / Rewatching Mula Po sa lokal Ng Norcar Distrito Ng Benguet 🎉 /  / Tara naa mga Kadiwa at binhii🎉, sabay sabay manood🎉",https://www.youtube.com/watch?v=ROa3kbG5M0U&lc=Ugx7RDGuCxnNsOq4EHZ4AaABAg,Ugx7RDGuCxnNsOq4EHZ4AaABAg,UCgUo3JP_Fffuctza4bUumJg,"Fetched 05/24/2026, 8:08:10 PM GMT+8"
32776,@jasminedaludado7262,10 days ago,"Let's go Benguet, let's go mga kasamang KADIWA!!  /  / Supporting from Lokal ng Guisad❤",https://www.youtube.com/watch?v=ROa3kbG5M0U&lc=UgxxFPg53D9L8yCnTDN4AaABAg,UgxxFPg53D9L8yCnTDN4AaABAg,UCA4HVmdH2Xj67gK8nZmpiZg,"Fetched 05/24/2026, 8:08:10 PM GMT+8"
32777,@danielsangalang4416,10 days ago,Happy watching po mula po sa Lokal Ng Baguio City,https://www.youtube.com/watch?v=ROa3kbG5M0U&lc=UgxXZ5b9fQizOUuC83h4AaABAg,UgxXZ5b9fQizOUuC83h4AaABAg,UCd83g5cGg_Es6Qyl02u7jdw,"Fetched 05/24/2026, 8:08:10 PM GMT+8"
32778,@johnreylucio8970,10 days ago,"Kahit Brown out,, Hanapnng paraan para mapanood,, /  / Go BENGUET🎉 /  / Mula po sa Kadiwa, at lokal ng La Trinidad ❤",https://www.youtube.com/watch?v=ROa3kbG5M0U&lc=UgwiMoS9EyjW7qcHxuh4AaABAg,UgwiMoS9EyjW7qcHxuh4AaABAg,UCNMupRD4ySrN336KZpy29OA,"Fetched 05/24/2026, 8:08:10 PM GMT+8"
32779,@henrycaranto2644,10 days ago,Go Benguet🎉 /  / Brownout pero tuloy parin ang Benguet  / Lalo na mga kasamang Kadiwa ❤🎉 /  / Hello po sa lahat ng taga Lokal ng BAGUIO CITY❤❤,https://www.youtube.com/watch?v=ROa3kbG5M0U&lc=Ugx_RDG08lPveSfKLOp4AaABAg,Ugx_RDG08lPveSfKLOp4AaABAg,UCFilTOy22FklSkBIgwVPVaQ,"Fetched 05/24/2026, 8:08:10 PM GMT+8"
32780,@gwynethcayabyab5981,10 days ago,"11am  rewatch po ulit tayo mga kapatid /  Lets go benguet, salamat sa pag supporta lalo na sa mga kadiwa 🎉",https://www.youtube.com/watch?v=ROa3kbG5M0U&lc=UgzQUv2EicRdUaJOThp4AaABAg,UgzQUv2EicRdUaJOThp4AaABAg,UCouodNvhL1bfJC2Fz0B_Rcw,"Fetched 05/24/2026, 8:08:10 PM GMT+8"
32781,@luibustamante9493,10 days ago,"Hello po mga kapatid esp po sa mga maytungkulin sa Mang-aawit at Kadiwa. Masayang panonood po. /  / Pagbati mula sa Lokal Ng Tuba, KDO 🤗🤗🤗",https://www.youtube.com/watch?v=ROa3kbG5M0U&lc=UgyNuQvFjQ1SswspngV4AaABAg,UgyNuQvFjQ1SswspngV4AaABAg,UCFAmrhDmv6rvZrQoYp-IS9w,"Fetched 05/24/2026, 8:08:10 PM GMT+8"
32782,@jeanietugad4595,10 days ago,"Mula po sa Kagawaran ng Buklod, Maligayang panonood, lokal ng Atok Gold.",https://www.youtube.com/watch?v=ROa3kbG5M0U&lc=UgyfLGuwSJe-GwCH-Mh4AaABAg,UgyfLGuwSJe-GwCH-Mh4AaABAg,UC4-hT99A9u-aH7hnm5JCSfg,"Fetched 05/24/2026, 8:08:10 PM GMT+8"
32783,@kimberlysarmiento1034,10 days ago,"You do not have to earn the right to be loved by God. / Love is the starting point, not the reward. /  / BENGUET mag-ingay!! /  / Greetings from Tuba❤❤",https://www.youtube.com/watch?v=ROa3kbG5M0U&lc=UgwpnZwdLvEl_m6wWtR4AaABAg,UgwpnZwdLvEl_m6wWtR4AaABAg,UCds_RyKfMX7Xzg4PQRhf9NQ,"Fetched 05/24/2026, 8:08:10 PM GMT+8"
32784,@jeanietugad4595,10 days ago,"Rewatching po, Atok Gold,, Kalihiman/Registry.",https://www.youtube.com/watch?v=ROa3kbG5M0U&lc=UgxgRokgF-SptLrlRRF4AaABAg,UgxgRokgF-SptLrlRRF4AaABAg,UC4-hT99A9u-aH7hnm5JCSfg,"Fetched 05/24/2026, 8:08:10 PM GMT+8"
32785,@Jerald-z6n,10 days ago,Happy Viewing po mula sa Lokal ng Baguio City,https://www.youtube.com/watch?v=ROa3kbG5M0U&lc=UgzIm1-pDXJ2CP-jfkV4AaABAg,UgzIm1-pDXJ2CP-jfkV4AaABAg,UC8g_QZnHM6Ifblgpu6cGOqQ,"Fetched 05/24/2026, 8:08:10 PM GMT+8"
32786,@Julskie28,10 days ago,Hello po mga kapatid lalo na po sa mga kasamang kadiwa! /  / Let's Go Benguet 🍓 🎉 /  / From lokal ng guisad,https://www.youtube.com/watch?v=ROa3kbG5M0U&lc=Ugx53msyaWfGTjWCiWF4AaABAg,Ugx53msyaWfGTjWCiWF4AaABAg,UC1nz0UiWHV8lyoQdZtJejeg,"Fetched 05/24/2026, 8:08:10 PM GMT+8"
32787,@luibustamante9493,10 days ago,Let's Go Benguet 🎉🔥🍓 / Let's Go Kadiwa /  / -Lokal ng Tuba,https://www.youtube.com/watch?v=ROa3kbG5M0U&lc=Ugx4BsbBIXpORHnRviJ4AaABAg,Ugx4BsbBIXpORHnRviJ4AaABAg,UCFAmrhDmv6rvZrQoYp-IS9w,"Fetched 05/24/2026, 8:08:10 PM GMT+8"
32788,@luibustamante9493,10 days ago,Benguet on Top / #God's Love / Let's Go Benguet🎉🍓🍓,https://www.youtube.com/watch?v=ROa3kbG5M0U&lc=UgwoVQvC-tbsI5mKtMh4AaABAg,UgwoVQvC-tbsI5mKtMh4AaABAg,UCFAmrhDmv6rvZrQoYp-IS9w,"Fetched 05/24/2026, 8:08:10 PM GMT+8"
32789,@JennicaTugad,10 days ago,happy viewing po sa lahat mula sa local ng Atok Gold,https://www.youtube.com/watch?v=ROa3kbG5M0U&lc=UgyUMHWucYCmqG-a03t4AaABAg,UgyUMHWucYCmqG-a03t4AaABAg,UCLyEXPF1FKcXeXauBpyYV-A,"Fetched 05/24/2026, 8:08:10 PM GMT+8"
32790,@alferezmarjorie,10 days ago,It gets better because of God's love. 💕 /  / Still watching from LOKAL NG BALATOC!,https://www.youtube.com/watch?v=ROa3kbG5M0U&lc=Ugxm0x126SqP_OYzSDp4AaABAg,Ugxm0x126SqP_OYzSDp4AaABAg,UC5fNNvYCMCDsteUajIom10g,"Fetched 05/24/2026, 8:08:10 PM GMT+8"
32791,@jeanietugad4595,10 days ago,"Maligayang panonood po,  Atok Gold.",https://www.youtube.com/watch?v=ROa3kbG5M0U&lc=Ugy2V2FbNcGSpRArqIV4AaABAg,Ugy2V2FbNcGSpRArqIV4AaABAg,UC4-hT99A9u-aH7hnm5JCSfg,"Fetched 05/24/2026, 8:08:10 PM GMT+8"
32792,@kimberlysarmiento1034,10 days ago,"God’s love is constant even when human emotions are not. /  / BENGUET ON TOP!!! / Tuba, Benguet",https://www.youtube.com/watch?v=ROa3kbG5M0U&lc=UgwUBUhILrlw9R4Vtod4AaABAg,UgwUBUhILrlw9R4Vtod4AaABAg,UCds_RyKfMX7Xzg4PQRhf9NQ,"Fetched 05/24/2026, 8:08:10 PM GMT+8"
32793,@jeanietugad4595,10 days ago,"Good morning mga kapatid,, Rewatching po tayo, Atok Gold,, Kalihiman/Registry.",https://www.youtube.com/watch?v=ROa3kbG5M0U&lc=Ugw3M8oUeRaoy6cZ-Hp4AaABAg,Ugw3M8oUeRaoy6cZ-Hp4AaABAg,UC4-hT99A9u-aH7hnm5JCSfg,"Fetched 05/24/2026, 8:08:10 PM GMT+8"
32794,@rovelintipay7457,10 days ago,Good day everyone greetings from lokal ng City Camp❤,https://www.youtube.com/watch?v=ROa3kbG5M0U&lc=UgyVeW56k17WiRhu_nt4AaABAg,UgyVeW56k17WiRhu_nt4AaABAg,UCK6aIH06PIgctrC72wMsdAg,"Fetched 05/24/2026, 8:08:10 PM GMT+8"
32795,@BnHydn,10 days ago,Morning  /  /  /  /  /  /  /  /  /  /  /  /  /  /  /  /  /  /  /  /  /  /  /  /  / -Lokal ng La Trinidad,https://www.youtube.com/watch?v=ROa3kbG5M0U&lc=UgxhUtiWMqV2rvwEmq14AaABAg,UgxhUtiWMqV2rvwEmq14AaABAg,UCbVqbfs9vjTS-hPNArDNcFQ,"Fetched 05/24/2026, 8:08:10 PM GMT+8"
32796,@joyjasminpalangdao4169,10 days ago,Mula po sa Irisan Benguet Choir! Good Day po💚,https://www.youtube.com/watch?v=ROa3kbG5M0U&lc=UgwxH7vmRHI9RyXE8XZ4AaABAg,UgwxH7vmRHI9RyXE8XZ4AaABAg,UCt8fAwy2t__tiNcSHV0sL8Q,"Fetched 05/24/2026, 8:08:10 PM GMT+8"
32797,@BnHydn,10 days ago (edited),Happy viewing to all brethren 💐 /  / Let's go Benguet ❤❤❤ /  /  /  /  /  /  /  /  /  /  /  /  /  /  /  /  /  /  /  /  /  /  /  /  /  /  /  /  /  /  /  /  /  /  /  /  /  /  /  /  /  /  /  /  /  /  /  /  /  /  /  /  /  /  /  /  /  /  /  /  /  /  /  /  /  /  /  /  /  /  /  /  /  /  /  / -Lokal ng La Trinidad,https://www.youtube.com/watch?v=ROa3kbG5M0U&lc=UgzrtgbT0kE_WdjTG4V4AaABAg,UgzrtgbT0kE_WdjTG4V4AaABAg,UCbVqbfs9vjTS-hPNArDNcFQ,"Fetched 05/24/2026, 8:08:10 PM GMT+8"
32798,@jazz-m7b,10 days ago,❤,https://www.youtube.com/watch?v=ROa3kbG5M0U&lc=Ugz8M4VE2ZjRVve37dh4AaABAg,Ugz8M4VE2ZjRVve37dh4AaABAg,UCNB-zyitm7U6Yt835DEKclA,"Fetched 05/24/2026, 8:08:10 PM GMT+8"
32799,@jazz-m7b,10 days ago,BENGUET,https://www.youtube.com/watch?v=ROa3kbG5M0U&lc=UgyTqePeNqv3Nzq2nuV4AaABAg,UgyTqePeNqv3Nzq2nuV4AaABAg,UCNB-zyitm7U6Yt835DEKclA,"Fetched 05/24/2026, 8:08:10 PM GMT+8"
32800,@jazz-m7b,10 days ago (edited),Go,https://www.youtube.com/watch?v=ROa3kbG5M0U&lc=Ugx0c965b2436BmNi3d4AaABAg,Ugx0c965b2436BmNi3d4AaABAg,UCNB-zyitm7U6Yt835DEKclA,"Fetched 05/24/2026, 8:08:10 PM GMT+8"
32801,@jazz-m7b,10 days ago,Let's,https://www.youtube.com/watch?v=ROa3kbG5M0U&lc=Ugyw7qGC5JSSjtsyAL54AaABAg,Ugyw7qGC5JSSjtsyAL54AaABAg,UCNB-zyitm7U6Yt835DEKclA,"Fetched 05/24/2026, 8:08:10 PM GMT+8"
32802,@jasminedaludado7262,10 days ago,LET'S GO BENGUET!!❤ /  / Keep on streaming mga kapatid🫶 / Pagbati po mula sa mga maytungkulin sa KADIWA at PNK ng Lokal ng Guisad,https://www.youtube.com/watch?v=ROa3kbG5M0U&lc=UgwSpSjmZftyNS4tEhh4AaABAg,UgwSpSjmZftyNS4tEhh4AaABAg,UCA4HVmdH2Xj67gK8nZmpiZg,"Fetched 05/24/2026, 8:08:10 PM GMT+8"
32803,@luibustamante9493,10 days ago,Let's Go Benguet🎉🍓🍓 / Let's Go Kadiwa💪🔥 /  /  / Keep on streaming po / -Lokal ng tuba,https://www.youtube.com/watch?v=ROa3kbG5M0U&lc=UgzpqQqKVAP5RtGz_jh4AaABAg,UgzpqQqKVAP5RtGz_jh4AaABAg,UCFAmrhDmv6rvZrQoYp-IS9w,"Fetched 05/24/2026, 8:08:10 PM GMT+8"
32804,@henrycaranto2644,10 days ago,God's Love / Let'S go Benguet /  / From Kadiwa Officers❤,https://www.youtube.com/watch?v=ROa3kbG5M0U&lc=Ugwvim_ap1lBnK1-yrF4AaABAg,Ugwvim_ap1lBnK1-yrF4AaABAg,UCFilTOy22FklSkBIgwVPVaQ,"Fetched 05/24/2026, 8:08:10 PM GMT+8"
32805,@PHEBIE-f7h,10 days ago (edited),"The message of the song God's Love resonates with my whole family. Together, we watch and listen to show our support here in AtokGold Locale.",https://www.youtube.com/watch?v=ROa3kbG5M0U&lc=UgwXpZwK2jndUzTZerV4AaABAg,UgwXpZwK2jndUzTZerV4AaABAg,UCNkJMMXP19AJSsNov8Fp3Ag,"Fetched 05/24/2026, 8:08:10 PM GMT+8"
32806,@melzkisigno4463,10 days ago,"Happy viewing po mga kapatid, greetings po mula sa lokal ng Balatoc.",https://www.youtube.com/watch?v=ROa3kbG5M0U&lc=UgwN3NMB_vE3wTkszbx4AaABAg,UgwN3NMB_vE3wTkszbx4AaABAg,UCiexcx63vNkXEE0VVYdBA4g,"Fetched 05/24/2026, 8:08:10 PM GMT+8"
32807,@evangelinedomingo3096,10 days ago,Good morning po...happy viewing from Lokal ng City Camp....Distrito ng Benguet po...❤,https://www.youtube.com/watch?v=ROa3kbG5M0U&lc=Ugynqb3lXDtGhWF7Kft4AaABAg,Ugynqb3lXDtGhWF7Kft4AaABAg,UC2N0YT_sTOyNJyLR0SZBDUA,"Fetched 05/24/2026, 8:08:10 PM GMT+8"
32808,@gwynethcayabyab5981,10 days ago,Tuloy tuloy po panonood kahit brownout pa yan / Lets go kadiwa🎉,https://www.youtube.com/watch?v=ROa3kbG5M0U&lc=Ugxjc7CM-mUOM-1WGNZ4AaABAg,Ugxjc7CM-mUOM-1WGNZ4AaABAg,UCouodNvhL1bfJC2Fz0B_Rcw,"Fetched 05/24/2026, 8:08:10 PM GMT+8"
32809,@jonieyonga-an5239,10 days ago,"Pagbati Po sa Kapatid na Henry Caranto, Pangulong Kadiwa Po Sa Distrito Ng Benguet 🎉🎉 /  / Mula Po sa lokal Ng Norcar Distrito Ng Benguet 🎉",https://www.youtube.com/watch?v=ROa3kbG5M0U&lc=Ugy9HqIFOYBHVA6-FK54AaABAg,Ugy9HqIFOYBHVA6-FK54AaABAg,UCgUo3JP_Fffuctza4bUumJg,"Fetched 05/24/2026, 8:08:10 PM GMT+8"
32810,@shannahloufernandez3360,10 days ago,Happy Watching po mga Kapatid!!!!,https://www.youtube.com/watch?v=ROa3kbG5M0U&lc=Ugze_QUWP6O2KLSuMPZ4AaABAg,Ugze_QUWP6O2KLSuMPZ4AaABAg,UCjAdER9T0ZbRudVdASYApbw,"Fetched 05/24/2026, 8:08:10 PM GMT+8"
32811,@PrinceJayronePjCluster3Tipay,10 days ago,Good morning po viewing po from lokal ng City Camp🥰,https://www.youtube.com/watch?v=ROa3kbG5M0U&lc=Ugxkhe4cPONn4FpyaOt4AaABAg,Ugxkhe4cPONn4FpyaOt4AaABAg,UCnfdFTgfH1Tjj5yUnNjCBcQ,"Fetched 05/24/2026, 8:08:10 PM GMT+8"
32812,@gwynethcayabyab5981,10 days ago,Maligayang panonood po mga kapatid🎉 / Mula po sa mga kadiwa❤,https://www.youtube.com/watch?v=ROa3kbG5M0U&lc=UgyJIl3pTGlApiSRIJh4AaABAg,UgyJIl3pTGlApiSRIJh4AaABAg,UCouodNvhL1bfJC2Fz0B_Rcw,"Fetched 05/24/2026, 8:08:10 PM GMT+8"
32813,@rovelintipay7457,10 days ago,Good morning po viewing from lokal ng City Camp po,https://www.youtube.com/watch?v=ROa3kbG5M0U&lc=UgwrmTrPO6aruon5nCB4AaABAg,UgwrmTrPO6aruon5nCB4AaABAg,UCK6aIH06PIgctrC72wMsdAg,"Fetched 05/24/2026, 8:08:10 PM GMT+8"
32814,@PHEBIE-f7h,10 days ago,"Kahit brown out, tuloy pa rin po pakikipagkaisa ng Lokal ng AtokGold / Let's Go Benguet!",https://www.youtube.com/watch?v=ROa3kbG5M0U&lc=Ugxr-7dbyrjLlq27_rV4AaABAg,Ugxr-7dbyrjLlq27_rV4AaABAg,UCNkJMMXP19AJSsNov8Fp3Ag,"Fetched 05/24/2026, 8:08:10 PM GMT+8"
32815,@PHEBIE-f7h,10 days ago,Watching po dito sa lokal ng AtokGold❤❤❤,https://www.youtube.com/watch?v=ROa3kbG5M0U&lc=UgzU30SFDKyUcnJiJ3F4AaABAg,UgzU30SFDKyUcnJiJ3F4AaABAg,UCNkJMMXP19AJSsNov8Fp3Ag,"Fetched 05/24/2026, 8:08:10 PM GMT+8"
32816,@jasminedaludado7262,10 days ago,Happy viewing po sa lahat!! /  / Mula po sa mga maytungkulin ng KADIWA at PNK sa Lokal ng Guisad,https://www.youtube.com/watch?v=ROa3kbG5M0U&lc=Ugwyd62wixdTWc45zdt4AaABAg,Ugwyd62wixdTWc45zdt4AaABAg,UCA4HVmdH2Xj67gK8nZmpiZg,"Fetched 05/24/2026, 8:08:10 PM GMT+8"
32817,@ShaiShai2600,10 days ago,#GO #BENGUET / ROAD TO TOP3!!! / Kaya yan!!! / #BALATOC,https://www.youtube.com/watch?v=ROa3kbG5M0U&lc=UgzDI9K0PSsk9uS465R4AaABAg,UgzDI9K0PSsk9uS465R4AaABAg,UCuTjMhlB4QRZQoOqGshgKJw,"Fetched 05/24/2026, 8:08:10 PM GMT+8"
32818,@alfeotadifa6957,10 days ago,"Mula po sa Lokal ng City Camp, Distrito ng Benguet.....Happy Viewing po sa ating lahat lalo na sa mga Maytungkulin at Kapatid sa Lokal ng City Camp.",https://www.youtube.com/watch?v=ROa3kbG5M0U&lc=Ugw5XVrhkj8H2MZLxPx4AaABAg,Ugw5XVrhkj8H2MZLxPx4AaABAg,UCc6xDLun7Fl2t2_QbJOrnIQ,"Fetched 05/24/2026, 8:08:10 PM GMT+8"
32819,@ShaiShai2600,10 days ago,#GO #BENGUET / Full support from Lokal ng #BALATOC,https://www.youtube.com/watch?v=ROa3kbG5M0U&lc=UgyJmWcQF3TGT_xr8Eh4AaABAg,UgyJmWcQF3TGT_xr8Eh4AaABAg,UCuTjMhlB4QRZQoOqGshgKJw,"Fetched 05/24/2026, 8:08:10 PM GMT+8"
32820,@ShaiShai2600,10 days ago,#MABUHAY #BENGUET / Pagbati po mula sa Lokal ng #BALATOC / Shout out po sa aming mga Destinado Ka NJ Fortin at Ka AD Epañol😁,https://www.youtube.com/watch?v=ROa3kbG5M0U&lc=UgzRbK3g_GMmOdHQEf94AaABAg,UgzRbK3g_GMmOdHQEf94AaABAg,UCuTjMhlB4QRZQoOqGshgKJw,"Fetched 05/24/2026, 8:08:10 PM GMT+8"
32821,@DaniloPalomeno-d1n,10 days ago,Good morning happy viewing from lokal ng Pinsao distrito ng benguet,https://www.youtube.com/watch?v=ROa3kbG5M0U&lc=UgzKfNad-kKbskVtL0N4AaABAg,UgzKfNad-kKbskVtL0N4AaABAg,UCZwlshbByaSblKnhTIh8rmA,"Fetched 05/24/2026, 8:08:10 PM GMT+8"
32822,@DaniloPalomeno-d1n,10 days ago,Happy viewing from lokal ng Pinsao distrito ng benguet,https://www.youtube.com/watch?v=ROa3kbG5M0U&lc=UgzzmeCcFPawHXi4OSd4AaABAg,UgzzmeCcFPawHXi4OSd4AaABAg,UCZwlshbByaSblKnhTIh8rmA,"Fetched 05/24/2026, 8:08:10 PM GMT+8"
32823,@ElyShantiPis-o,10 days ago,#GO #GO #GO #BENGUET🇮🇹 / Shout out po sa Lokal ng #BALATOC,https://www.youtube.com/watch?v=ROa3kbG5M0U&lc=UgwyQ8qhD1aRHvJxRdJ4AaABAg,UgwyQ8qhD1aRHvJxRdJ4AaABAg,UCrfJucqYb5aC6OWQw9w6J_A,"Fetched 05/24/2026, 8:08:10 PM GMT+8"
32824,@DaniloPalomeno-d1n,10 days ago,Lokal ng Pinsao distrito ng benguet support 😊,https://www.youtube.com/watch?v=ROa3kbG5M0U&lc=UgxJ6gM0uBF9eN1RpuN4AaABAg,UgxJ6gM0uBF9eN1RpuN4AaABAg,UCZwlshbByaSblKnhTIh8rmA,"Fetched 05/24/2026, 8:08:10 PM GMT+8"
32825,@matetmansi6077,10 days ago,Happy viewing again lokal ng balatoc distrito ng benguet🎉❤,https://www.youtube.com/watch?v=ROa3kbG5M0U&lc=UgwuNNrv9ukXTqiYbAB4AaABAg,UgwuNNrv9ukXTqiYbAB4AaABAg,UCRkiXBl9sHHZDAIXCVRwxww,"Fetched 05/24/2026, 8:08:10 PM GMT+8"
32826,@jonieyonga-an5239,10 days ago,Greetings Po Mula Sa Lokal Ng Norcar Distrito Ng Benguet 🎉🎉 / Pagbati Po sa mga Kadiwa at binhi na naririyan nka subaybay 🎉🎉,https://www.youtube.com/watch?v=ROa3kbG5M0U&lc=Ugxs8-ziCfqabztJMtV4AaABAg,Ugxs8-ziCfqabztJMtV4AaABAg,UCgUo3JP_Fffuctza4bUumJg,"Fetched 05/24/2026, 8:08:10 PM GMT+8"
32827,@ElyShantiPis-o,10 days ago,Magandang umaga po sa lahat!!! / Mula po sa Lokal ng #BALATOC,https://www.youtube.com/watch?v=ROa3kbG5M0U&lc=UgzJBNTDWHEs1hmhGh54AaABAg,UgzJBNTDWHEs1hmhGh54AaABAg,UCrfJucqYb5aC6OWQw9w6J_A,"Fetched 05/24/2026, 8:08:10 PM GMT+8"
32828,@kimberlysarmiento1034,10 days ago,Shout po sa lahat ng maytungkulin sa lokal ng Tuba,https://www.youtube.com/watch?v=ROa3kbG5M0U&lc=Ugz_slqFuOzllUDx3b14AaABAg,Ugz_slqFuOzllUDx3b14AaABAg,UCds_RyKfMX7Xzg4PQRhf9NQ,"Fetched 05/24/2026, 8:08:10 PM GMT+8"
32829,@ElyShantiPis-o,10 days ago,Happy viewing po mula sa Lokal ng #BALATOC. / #GoBENGUET,https://www.youtube.com/watch?v=ROa3kbG5M0U&lc=UgyphvdY-vctRie3L7B4AaABAg,UgyphvdY-vctRie3L7B4AaABAg,UCrfJucqYb5aC6OWQw9w6J_A,"Fetched 05/24/2026, 8:08:10 PM GMT+8"
32830,@shairaana15,10 days ago,Greetings po mula sa sa Lokal ng #BALATOC / #GoBENGUET,https://www.youtube.com/watch?v=ROa3kbG5M0U&lc=UgznRbHvGy1RXM6bF2F4AaABAg,UgznRbHvGy1RXM6bF2F4AaABAg,UCz66lo1aiQBEDoc-M9U3rmw,"Fetched 05/24/2026, 8:08:10 PM GMT+8"
32831,@raindeervaidchannel,10 days ago,Happy viewing po from Lokal NG Balatoc😊❤,https://www.youtube.com/watch?v=ROa3kbG5M0U&lc=UgwsHCNrjkAmPSkf3ud4AaABAg,UgwsHCNrjkAmPSkf3ud4AaABAg,UCy0gs15uTc2s5oljOGYbAaA,"Fetched 05/24/2026, 8:08:10 PM GMT+8"
32832,@shairaana15,10 days ago,#GoBENGUET!!! / Pagbati po mula sa sa Lokal ng #BALATOC,https://www.youtube.com/watch?v=ROa3kbG5M0U&lc=UgyrwTjNAc_QUpFPq3R4AaABAg,UgyrwTjNAc_QUpFPq3R4AaABAg,UCz66lo1aiQBEDoc-M9U3rmw,"Fetched 05/24/2026, 8:08:10 PM GMT+8"
32833,@joymaylee-e9o,10 days ago,Happy viewing po / ❤❤❤❤ / Patuloy po  / nanonood / ❤❤❤❤ / Lokal ng Atok Gold,https://www.youtube.com/watch?v=ROa3kbG5M0U&lc=UgxysZ2DyoYgSQpRX5h4AaABAg,UgxysZ2DyoYgSQpRX5h4AaABAg,UCVNaOxPbc9ZEHqlMp6TAgMA,"Fetched 05/24/2026, 8:08:10 PM GMT+8"
32834,@mayvehn,10 days ago,God's Love / 🎉🎉🎉 / Distrito ng Benguet / ❤❤❤❤ / Lokal ng Atok Gold,https://www.youtube.com/watch?v=ROa3kbG5M0U&lc=UgwXs0mJwd1sG-WApil4AaABAg,UgwXs0mJwd1sG-WApil4AaABAg,UCivhdJ2CQeLK8tlG7Wh2BSQ,"Fetched 05/24/2026, 8:08:10 PM GMT+8"
32835,@clynemijares1671,10 days ago,Hello po from Guisad Benguet,https://www.youtube.com/watch?v=ROa3kbG5M0U&lc=Ugybjsef59GcdijztQR4AaABAg,Ugybjsef59GcdijztQR4AaABAg,UCmH4mxlc82EwSOTWo_S8AbQ,"Fetched 05/24/2026, 8:08:10 PM GMT+8"
32836,@mayvehn,10 days ago,Happy watching po / ❤❤❤❤ / God's Love / ❤❤❤❤ / Lokal ng Atok Gold,https://www.youtube.com/watch?v=ROa3kbG5M0U&lc=Ugwz6UerwKjKeFvU-aJ4AaABAg,Ugwz6UerwKjKeFvU-aJ4AaABAg,UCivhdJ2CQeLK8tlG7Wh2BSQ,"Fetched 05/24/2026, 8:08:10 PM GMT+8"
32837,@sannymacgalo8780,10 days ago,Watching from local Ng Norcar Distrito Ng Benguet ! ❤❤,https://www.youtube.com/watch?v=ROa3kbG5M0U&lc=Ugzk3rnRLIpcZLu5x_h4AaABAg,Ugzk3rnRLIpcZLu5x_h4AaABAg,UCCl1Ege2b-SF_HZEr5-3iTA,"Fetched 05/24/2026, 8:08:10 PM GMT+8"
32838,@henrycaranto2644,10 days ago,Tuloy tayo sa suporta kahit brownout🎉 /  / Shoutout sa lahat ng nakatutok  / Ngayon lalo na sa mga Kadiwa District Ofiicers ng Benguet❤ /  / From Lokal ng Baguio City❤,https://www.youtube.com/watch?v=ROa3kbG5M0U&lc=Ugwr5wntUfENKWCiyUJ4AaABAg,Ugwr5wntUfENKWCiyUJ4AaABAg,UCFilTOy22FklSkBIgwVPVaQ,"Fetched 05/24/2026, 8:08:10 PM GMT+8"
32839,@yanaur1819,10 days ago,"Happy viewing po! Good morning po from the PNK Officers and Choir Members of the Locale of Guisad, District of Benguet🤍",https://www.youtube.com/watch?v=ROa3kbG5M0U&lc=Ugz5TKzCnFSk25LIAhJ4AaABAg,Ugz5TKzCnFSk25LIAhJ4AaABAg,UC_R6veoOSVFlGo6mHkmhiPQ,"Fetched 05/24/2026, 8:08:10 PM GMT+8"
32840,@iya-k7j,10 days ago,Patuloy pong nanonood / ❤❤❤❤ / God's Love / Distrito ng Benguet / Lokal ng Atok Gold,https://www.youtube.com/watch?v=ROa3kbG5M0U&lc=UgwNWOxB0hZnSyY3Nk54AaABAg,UgwNWOxB0hZnSyY3Nk54AaABAg,UC_R2GfmFAjE8k8DgEjmtv7g,"Fetched 05/24/2026, 8:08:10 PM GMT+8"
32841,@iya-k7j,10 days ago,Good morning po / ❤❤❤❤ / Go Distrito / ng Benguet. / ❤❤❤❤ / Lokal ng Atok Gold,https://www.youtube.com/watch?v=ROa3kbG5M0U&lc=Ugz6AMaVYV9w90Odsfl4AaABAg,Ugz6AMaVYV9w90Odsfl4AaABAg,UC_R2GfmFAjE8k8DgEjmtv7g,"Fetched 05/24/2026, 8:08:10 PM GMT+8"
32842,@rositabusto,10 days ago,"Good morning po mga kapatid. Happy viewing po mula sa Lokal ng Guisad, Distrito ng Benguet",https://www.youtube.com/watch?v=ROa3kbG5M0U&lc=UgzcCYdIg4Cw6lllCEF4AaABAg,UgzcCYdIg4Cw6lllCEF4AaABAg,UCz0vdkylCFLWrvVnBkEAz1Q,"Fetched 05/24/2026, 8:08:10 PM GMT+8"
32843,@Julskie28,10 days ago,Hello po mga kapatid! Lalo na po sa mga kasamang kadiwa! /  / Tuloy tuloy sa pag suporta❤ /  / From lokal ng guisad🎉,https://www.youtube.com/watch?v=ROa3kbG5M0U&lc=Ugz6Urm5_etMvGvePLp4AaABAg,Ugz6Urm5_etMvGvePLp4AaABAg,UC1nz0UiWHV8lyoQdZtJejeg,"Fetched 05/24/2026, 8:08:10 PM GMT+8"
32844,@joy-d3n4u,10 days ago,magandang umaga po / ❤❤❤❤ / mula po sa Lokal ng Atok Gold,https://www.youtube.com/watch?v=ROa3kbG5M0U&lc=UgwH7ewHfmlgd_0jdyN4AaABAg,UgwH7ewHfmlgd_0jdyN4AaABAg,UCdSHn503pqXwdsqmLKce88g,"Fetched 05/24/2026, 8:08:10 PM GMT+8"
32845,@Rhuvy-f3n,10 days ago,"Full support from local of Tuba,Benguet.",https://www.youtube.com/watch?v=ROa3kbG5M0U&lc=UgwXTgRJmpQapDptFul4AaABAg,UgwXTgRJmpQapDptFul4AaABAg,UC7ENaSn829WD44x8C1ersyA,"Fetched 05/24/2026, 8:08:10 PM GMT+8"
32846,@joy-d3n4u,10 days ago,Happy viewing po... / mula po sa / Lokal ng Atok Gold,https://www.youtube.com/watch?v=ROa3kbG5M0U&lc=UgyPRPFLjWyMAIkFrh14AaABAg,UgyPRPFLjWyMAIkFrh14AaABAg,UCdSHn503pqXwdsqmLKce88g,"Fetched 05/24/2026, 8:08:10 PM GMT+8"
32847,@joy-d3n4u,10 days ago,Good morning po❤❤ / mula po sa Lokal ng Atok Gold,https://www.youtube.com/watch?v=ROa3kbG5M0U&lc=UgzWkset3wuWCE-PvoF4AaABAg,UgzWkset3wuWCE-PvoF4AaABAg,UCdSHn503pqXwdsqmLKce88g,"Fetched 05/24/2026, 8:08:10 PM GMT+8"
32848,@luibustamante9493,10 days ago,Happy viewing po. Tuloy-tuloy lang po tayo road to 21k 💪🎉🎉 /  / Shoutout po sa mga Kadiwa District Officers na patuloy sa pagstream kahit walang kuryente 🔥🔥 /  / -Lokal ng Tuba,https://www.youtube.com/watch?v=ROa3kbG5M0U&lc=UgxWztVDvTADIHWYv8V4AaABAg,UgxWztVDvTADIHWYv8V4AaABAg,UCFAmrhDmv6rvZrQoYp-IS9w,"Fetched 05/24/2026, 8:08:10 PM GMT+8"
32849,@joy-d3n4u,10 days ago,happy viewing po. / mula po da Lokal ng Atok Gold,https://www.youtube.com/watch?v=ROa3kbG5M0U&lc=UgzHPPTJarqQ6n3Bmx14AaABAg,UgzHPPTJarqQ6n3Bmx14AaABAg,UCdSHn503pqXwdsqmLKce88g,"Fetched 05/24/2026, 8:08:10 PM GMT+8"
32850,@proudinc30,10 days ago,Good morning po mga kapatid Happy viewing po from Lokal megaroyale village Distritro ng Benguet / -Deaconess🇮🇹,https://www.youtube.com/watch?v=ROa3kbG5M0U&lc=UgwYbk1G9zSKV_hgrsp4AaABAg,UgwYbk1G9zSKV_hgrsp4AaABAg,UCCxuia5xRHTb3_q2LpAa8ZA,"Fetched 05/24/2026, 8:08:10 PM GMT+8"
32851,@FELIXCASTILLO-d6k,10 days ago,Happy 20k View..... Baguio City,https://www.youtube.com/watch?v=ROa3kbG5M0U&lc=UgyIQkkfrXyrmzaV-5J4AaABAg,UgyIQkkfrXyrmzaV-5J4AaABAg,UCzYZJSgSHmHSChay7k3DlyA,"Fetched 05/24/2026, 8:08:10 PM GMT+8"
32852,@LorieLagdao,10 days ago,Good morning po mga kapatid !! / Happy Viewing po from Balatoc :),https://www.youtube.com/watch?v=ROa3kbG5M0U&lc=UgwfHDijdPvQnOQKpv54AaABAg,UgwfHDijdPvQnOQKpv54AaABAg,UCfiRFvIphoqGY8SQoXFpgww,"Fetched 05/24/2026, 8:08:10 PM GMT+8"
32853,@FELIXCASTILLO-d6k,10 days ago,Baguio City....,https://www.youtube.com/watch?v=ROa3kbG5M0U&lc=UgydXPurkKVMa6n_tRJ4AaABAg,UgydXPurkKVMa6n_tRJ4AaABAg,UCzYZJSgSHmHSChay7k3DlyA,"Fetched 05/24/2026, 8:08:10 PM GMT+8"
32854,@FELIXCASTILLO-d6k,10 days ago,Magandang umaga po sa ating lahat.... Bumabati po From Baguio City,https://www.youtube.com/watch?v=ROa3kbG5M0U&lc=UgxTSkfzkg8PyGRC55t4AaABAg,UgxTSkfzkg8PyGRC55t4AaABAg,UCzYZJSgSHmHSChay7k3DlyA,"Fetched 05/24/2026, 8:08:10 PM GMT+8"
32855,@akolangto1615,10 days ago (edited),Go go go Benguet!!! From Lokal ng Baguio City. /  / -Ka Ato,https://www.youtube.com/watch?v=ROa3kbG5M0U&lc=UgxMjg73oy9s4bGJm1x4AaABAg,UgxMjg73oy9s4bGJm1x4AaABAg,UCr98qNZNxTLicI-7q7NKqAw,"Fetched 05/24/2026, 8:08:10 PM GMT+8"
32856,@jondaryllangara3588,10 days ago,MALIGAYANG PANONOOD PO SA LAHAT NG KAPATID ❤️ / FROM LOCAL NG NORCAR DISTRITO NG BENGUET ❤️❤️❤️❤️,https://www.youtube.com/watch?v=ROa3kbG5M0U&lc=UgwkEzK-GkpluTZ_Ep14AaABAg,UgwkEzK-GkpluTZ_Ep14AaABAg,UC_qbAZtq_-QFFcfz7k4xQnw,"Fetched 05/24/2026, 8:08:10 PM GMT+8"
32857,@JamengTilapia,10 days ago,HAPPY Viewing po sa lahat ng mga kapatid ❤️ / Especially lokal ng Norcar Distrito ng Benguet ❤️❤️,https://www.youtube.com/watch?v=ROa3kbG5M0U&lc=Ugy-RJW87SlZzph9_Rh4AaABAg,Ugy-RJW87SlZzph9_Rh4AaABAg,UCQKBc6Yy6h04wDKYy1PWjGQ,"Fetched 05/24/2026, 8:08:10 PM GMT+8"
32858,@kylaantonio5655,10 days ago,"Happy viewing from Lokal ng Megaroyale ,Distrito ng Benguet 😊 / -Mangaawit  / at sa maga manunumpang Registry Clerk ☺️",https://www.youtube.com/watch?v=ROa3kbG5M0U&lc=UgzvFFbS_gSnw7t9L2l4AaABAg,UgzvFFbS_gSnw7t9L2l4AaABAg,UCtDOm3XHlToWoHS1hIEftlg,"Fetched 05/24/2026, 8:08:10 PM GMT+8"
32859,@daryllprado1566,10 days ago,From lokal ng Norcar District of Benguet❤️,https://www.youtube.com/watch?v=ROa3kbG5M0U&lc=UgwtbO4yogBX8nYf0W54AaABAg,UgwtbO4yogBX8nYf0W54AaABAg,UCAIxrZeWKE80i_ewfNBLw-g,"Fetched 05/24/2026, 8:08:10 PM GMT+8"
32860,@daryllprado1566,10 days ago,From lokal ng Norcar District of Benguet❤️,https://www.youtube.com/watch?v=ROa3kbG5M0U&lc=Ugw8ANDBgNzusVrLdDh4AaABAg,Ugw8ANDBgNzusVrLdDh4AaABAg,UCAIxrZeWKE80i_ewfNBLw-g,"Fetched 05/24/2026, 8:08:10 PM GMT+8"
32861,@daryllprado1566,10 days ago,From lokal ng Norcar District of Benguet❤️,https://www.youtube.com/watch?v=ROa3kbG5M0U&lc=UgyU5UutUO0XXNecyzt4AaABAg,UgyU5UutUO0XXNecyzt4AaABAg,UCAIxrZeWKE80i_ewfNBLw-g,"Fetched 05/24/2026, 8:08:10 PM GMT+8"
32862,@daryllprado1566,10 days ago,From lokal ng Norcar District of Benguet❤️,https://www.youtube.com/watch?v=ROa3kbG5M0U&lc=UgxIvy7ZktMH4oHwyZd4AaABAg,UgxIvy7ZktMH4oHwyZd4AaABAg,UCAIxrZeWKE80i_ewfNBLw-g,"Fetched 05/24/2026, 8:08:10 PM GMT+8"
32863,@henrycaranto2644,10 days ago,Let’s Go Benguet /  / Shoutout po sa lahat ng KADIWA at BINHI🎉 /  / From Lokal ng Baguio City❤,https://www.youtube.com/watch?v=ROa3kbG5M0U&lc=Ugy0L_p6JirPmTL3luR4AaABAg,Ugy0L_p6JirPmTL3luR4AaABAg,UCFilTOy22FklSkBIgwVPVaQ,"Fetched 05/24/2026, 8:08:10 PM GMT+8"
32864,@joy-d3n4u,10 days ago,happy viewing po mga kapatid / ❤❤❤ / Lokal ng Atok Gold,https://www.youtube.com/watch?v=ROa3kbG5M0U&lc=UgzVwDadwX8fsEe8ur14AaABAg,UgzVwDadwX8fsEe8ur14AaABAg,UCdSHn503pqXwdsqmLKce88g,"Fetched 05/24/2026, 8:08:10 PM GMT+8"
32865,@kristine4717,10 days ago,"Such a brilliant production and a wonderful entry! I especially loved the lyric, ""God's love is greater than the ocean and brighter than the stars."" It is a beautiful way to explain that no matter how vast our problems feel, His love is even larger and can guide us through the dark. /  / The production quality is top-notch. The vocals are incredibly soulful and carry the message of the song perfectly, while the choreography is so well-coordinated with the rhythm. Truly a polished performance that captures a real sense of awe. /  / Happy viewing from Lokal ng Megaroyale Village, Distrito ng Benguet! :face-red-heart-shape::face-red-heart-shape::face-red-heart-shape::face-red-heart-shape::face-red-heart-shape:",https://www.youtube.com/watch?v=ROa3kbG5M0U&lc=UgzW9q2mGCFJMgLCKbx4AaABAg,UgzW9q2mGCFJMgLCKbx4AaABAg,UC3iiMgyZRl-v41Mzegf98yw,"Fetched 05/24/2026, 8:08:10 PM GMT+8"
32866,@kristine4717,10 days ago,"Such a brilliant production and a wonderful entry! I especially loved the lyric, ""God's love is greater than the ocean and brighter than the stars."" It is a beautiful way to explain that no matter how vast our problems feel, His love is even larger and can guide us through the dark. /  / The production quality is top-notch. The vocals are incredibly soulful and carry the message of the song perfectly, while the choreography is so well-coordinated with the rhythm. Truly a polished performance that captures a real sense of awe. /  / Happy viewing from Lokal ng Megaroyale Village, Distrito ng Benguet! :face-red-heart-shape::face-red-heart-shape::face-red-heart-shape::face-red-heart-shape::face-red-heart-shape:",https://www.youtube.com/watch?v=ROa3kbG5M0U&lc=UgwXeFOPg8WykgcimjZ4AaABAg,UgwXeFOPg8WykgcimjZ4AaABAg,UC3iiMgyZRl-v41Mzegf98yw,"Fetched 05/24/2026, 8:08:10 PM GMT+8"
32867,@kristine4717,10 days ago,"Such a brilliant production and a wonderful entry! I especially loved the lyric, ""God's love is greater than the ocean and brighter than the stars."" It is a beautiful way to explain that no matter how vast our problems feel, His love is even larger and can guide us through the dark. /  / The production quality is top-notch. The vocals are incredibly soulful and carry the message of the song perfectly, while the choreography is so well-coordinated with the rhythm. Truly a polished performance that captures a real sense of awe. /  / Happy viewing from Lokal ng Megaroyale Village, Distrito ng Benguet! :face-red-heart-shape::face-red-heart-shape::face-red-heart-shape::face-red-heart-shape::face-red-heart-shape:",https://www.youtube.com/watch?v=ROa3kbG5M0U&lc=Ugz-N6so_16fMVcAnmZ4AaABAg,Ugz-N6so_16fMVcAnmZ4AaABAg,UC3iiMgyZRl-v41Mzegf98yw,"Fetched 05/24/2026, 8:08:10 PM GMT+8"
32868,@abegaillacangan5453,10 days ago,Happy viewing po Mula sa lokal Ng norcar distrito Ng benguet ❤❤,https://www.youtube.com/watch?v=ROa3kbG5M0U&lc=Ugy9Nhb91RI_hxsrVnZ4AaABAg,Ugy9Nhb91RI_hxsrVnZ4AaABAg,UCByUzcMNN3HySJuVGoiOR9w,"Fetched 05/24/2026, 8:08:10 PM GMT+8"
32869,@joy-d3n4u,10 days ago,"""God' / Love"" / His / Precious / Gift / ❤❤❤❤ / Lokal ng Atok Gold",https://www.youtube.com/watch?v=ROa3kbG5M0U&lc=UgwDYeL7Qp--Pt4-cmd4AaABAg,UgwDYeL7Qp--Pt4-cmd4AaABAg,UCdSHn503pqXwdsqmLKce88g,"Fetched 05/24/2026, 8:08:10 PM GMT+8"
32870,@jhoelhopealtero9210,10 days ago,"Good day po sa lahat, happy viewing po,,mula po sa lokal ng Norcar distrito ng Benguet",https://www.youtube.com/watch?v=ROa3kbG5M0U&lc=UgxbqG0sDuko_pO0OGF4AaABAg,UgxbqG0sDuko_pO0OGF4AaABAg,UCvM66CUu4E9SdMsMK1oOeVA,"Fetched 05/24/2026, 8:08:10 PM GMT+8"
32871,@maritacayabyab1353,10 days ago,"Another day lets continue to support iNCMV BENGUET ENTRY, from Locale of Megaroyale Village❤️",https://www.youtube.com/watch?v=ROa3kbG5M0U&lc=UgxJS7Mfnt87QMiNe294AaABAg,UgxJS7Mfnt87QMiNe294AaABAg,UCth8QarotfhAh5LQQ30nSQA,"Fetched 05/24/2026, 8:08:10 PM GMT+8"
32872,@joy-d3n4u,10 days ago,😊😊😊 / Masayang panonood po / ❤❤❤ / Shout out po sa mga / masisipag at walang sawang  / nakikiisa  / na MT ng Lokal ng Atok Gold / ❤❤❤❤,https://www.youtube.com/watch?v=ROa3kbG5M0U&lc=UgxlVoov3oa_H1FCY2x4AaABAg,UgxlVoov3oa_H1FCY2x4AaABAg,UCdSHn503pqXwdsqmLKce88g,"Fetched 05/24/2026, 8:08:10 PM GMT+8"
32873,@joy-d3n4u,10 days ago,Happy viewing po / ❤❤❤❤ / Shout out po / sa mga masisipag  / at mababait  / na mga mang-aawit sa / Lokal ng Atok Gold,https://www.youtube.com/watch?v=ROa3kbG5M0U&lc=UgwEVUqtdvBhGY9TGo14AaABAg,UgwEVUqtdvBhGY9TGo14AaABAg,UCdSHn503pqXwdsqmLKce88g,"Fetched 05/24/2026, 8:08:10 PM GMT+8"
32874,@joy-d3n4u,10 days ago,😊😊😊 / Masayang / panonood po / ❤❤❤❤ / Distrito ng Benguet / Lokal ng Atok Gold,https://www.youtube.com/watch?v=ROa3kbG5M0U&lc=UgysG-tx3n_4A869Q-J4AaABAg,UgysG-tx3n_4A869Q-J4AaABAg,UCdSHn503pqXwdsqmLKce88g,"Fetched 05/24/2026, 8:08:10 PM GMT+8"
32875,@joy-d3n4u,10 days ago,😊😊😊 / Happy / viewing po / ❤❤❤❤ / Lokal ng Atok Gold,https://www.youtube.com/watch?v=ROa3kbG5M0U&lc=Ugx80Z3M8V6AjuVL6SZ4AaABAg,Ugx80Z3M8V6AjuVL6SZ4AaABAg,UCdSHn503pqXwdsqmLKce88g,"Fetched 05/24/2026, 8:08:10 PM GMT+8"
32876,@joy-d3n4u,10 days ago,❤❤❤ / Good morning po / 🎉🎉🎉🎉. / Nakikiisa po / sa Panonood / ❤❤❤❤ / Lokal ng Atok Gold,https://www.youtube.com/watch?v=ROa3kbG5M0U&lc=UgxOE-_Hm9jByenevYt4AaABAg,UgxOE-_Hm9jByenevYt4AaABAg,UCdSHn503pqXwdsqmLKce88g,"Fetched 05/24/2026, 8:08:10 PM GMT+8"
32877,@estelaabanes7902,10 days ago,"good morning from Guisad, Benguet",https://www.youtube.com/watch?v=ROa3kbG5M0U&lc=UgynGfamBMIc-JM6-hx4AaABAg,UgynGfamBMIc-JM6-hx4AaABAg,UCkk3L3au1yje4yp8OcaCC7w,"Fetched 05/24/2026, 8:08:10 PM GMT+8"
32878,@joy-d3n4u,10 days ago,#INCMV / #Distrito ng Benguet / #God's Love / #Top 1 / #Lokal ng Atok Gold,https://www.youtube.com/watch?v=ROa3kbG5M0U&lc=UgzDoiitGFj52RmjwhZ4AaABAg,UgzDoiitGFj52RmjwhZ4AaABAg,UCdSHn503pqXwdsqmLKce88g,"Fetched 05/24/2026, 8:08:10 PM GMT+8"
32879,@gwynethcayabyab5981,10 days ago,Magandang umaga po mga kapatid another day nanaman po tayo sumupporta sa benguet🎉 / Kadiwa officers,https://www.youtube.com/watch?v=ROa3kbG5M0U&lc=UgwRSHPBmBi1no2NVy54AaABAg,UgwRSHPBmBi1no2NVy54AaABAg,UCouodNvhL1bfJC2Fz0B_Rcw,"Fetched 05/24/2026, 8:08:10 PM GMT+8"
32880,@joy-d3n4u,10 days ago,happy viewing po. / ❤❤❤ / God's Love / 🎉🎉🎉🎉🎉 / Lokal ng Atok Gold,https://www.youtube.com/watch?v=ROa3kbG5M0U&lc=UgzMnLS1zLTqYNtjkot4AaABAg,UgzMnLS1zLTqYNtjkot4AaABAg,UCdSHn503pqXwdsqmLKce88g,"Fetched 05/24/2026, 8:08:10 PM GMT+8"
32881,@joy-d3n4u,10 days ago,Good morning po / ❤❤❤❤ / Lokal ng Atok Gold,https://www.youtube.com/watch?v=ROa3kbG5M0U&lc=Ugw-Mbp7J8WYiTZCkIN4AaABAg,Ugw-Mbp7J8WYiTZCkIN4AaABAg,UCdSHn503pqXwdsqmLKce88g,"Fetched 05/24/2026, 8:08:10 PM GMT+8"
32882,@agudongdencebaylorb.6757,10 days ago,"Baguiooooooooo CItyyyyyyyyyyyyy, Fight Fight Fight",https://www.youtube.com/watch?v=ROa3kbG5M0U&lc=UgwfF5z6EkY6Sq8zxmx4AaABAg,UgwfF5z6EkY6Sq8zxmx4AaABAg,UCk7OB5KugstrmQSDU7Q4lDQ,"Fetched 05/24/2026, 8:08:10 PM GMT+8"
32883,@Julskie28,10 days ago,Good morning po sa ating lahat! /  / Let's Go Benguet 🍓 🎉 /  / Hello mga kasamang KADIWA!,https://www.youtube.com/watch?v=ROa3kbG5M0U&lc=UgxX6FeI4FTquxieYQ54AaABAg,UgxX6FeI4FTquxieYQ54AaABAg,UC1nz0UiWHV8lyoQdZtJejeg,"Fetched 05/24/2026, 8:08:10 PM GMT+8"
32884,@joelaganon6952,10 days ago,"Good morning Lokal ng Baguio City, GO GO GO Benguet!😅😅",https://www.youtube.com/watch?v=ROa3kbG5M0U&lc=UgyMwIcoDqqt-EpV7N54AaABAg,UgyMwIcoDqqt-EpV7N54AaABAg,UChevvJfd5L6E5s2G__kuKtA,"Fetched 05/24/2026, 8:08:10 PM GMT+8"
32885,@kimberlysarmiento1034,10 days ago,"Let’s start our day listening to this immaculate song from Benguet!! /  / Greetings po sa lahat ng Kadiwa ng Tuba, Benguet❤❤",https://www.youtube.com/watch?v=ROa3kbG5M0U&lc=UgxAkp-WGqNv23IZseF4AaABAg,UgxAkp-WGqNv23IZseF4AaABAg,UCds_RyKfMX7Xzg4PQRhf9NQ,"Fetched 05/24/2026, 8:08:10 PM GMT+8"
32886,@joy-d3n4u,10 days ago,"❤❤❤ / ""It's  / His  / precious / LOVE"" / ❤❤❤Lokal ng Atok Gold",https://www.youtube.com/watch?v=ROa3kbG5M0U&lc=UgzZXXXyW9u6DtXXr5Z4AaABAg,UgzZXXXyW9u6DtXXr5Z4AaABAg,UCdSHn503pqXwdsqmLKce88g,"Fetched 05/24/2026, 8:08:10 PM GMT+8"
32887,@joy-d3n4u,10 days ago,"""It's through / HIS LOVE / that  / you'll know / who you  / Are"" / ❤Lokal ng Atok Gold❤",https://www.youtube.com/watch?v=ROa3kbG5M0U&lc=UgyyzY_Gn5umBnjudbh4AaABAg,UgyyzY_Gn5umBnjudbh4AaABAg,UCdSHn503pqXwdsqmLKce88g,"Fetched 05/24/2026, 8:08:10 PM GMT+8"
32888,@NorbertoMislang-k1f,10 days ago,Full support go lokal ng Baguio City,https://www.youtube.com/watch?v=ROa3kbG5M0U&lc=UgwJxQKuYoV3Iq4uSqV4AaABAg,UgwJxQKuYoV3Iq4uSqV4AaABAg,UCHrMwbP6cIZPIlWf5nvI8dA,"Fetched 05/24/2026, 8:08:10 PM GMT+8"
32889,@luibustamante9493,10 days ago,Let's Go Benguet 🎉🍓🍓 / Let's go Kadiwa /  / -Lokal ng Tuba,https://www.youtube.com/watch?v=ROa3kbG5M0U&lc=UgzTdlqWgkbptTVe2Jd4AaABAg,UgzTdlqWgkbptTVe2Jd4AaABAg,UCFAmrhDmv6rvZrQoYp-IS9w,"Fetched 05/24/2026, 8:08:10 PM GMT+8"
32890,@joy-d3n4u,10 days ago,"""God's  / LOVE / is bigger / than / the ocean, / and BRIGHTER / than the  / Stars"" / Lokal ng Atok Gold❤",https://www.youtube.com/watch?v=ROa3kbG5M0U&lc=UgzOtFE6FSLyJskO4iZ4AaABAg,UgzOtFE6FSLyJskO4iZ4AaABAg,UCdSHn503pqXwdsqmLKce88g,"Fetched 05/24/2026, 8:08:10 PM GMT+8"
32891,@joy-d3n4u,10 days ago,Good morning po / ❤❤❤❤ / Happy viewing po / 🎉🎉🎉🎉 / INCMV / ❤❤❤❤ / Lokal ng Atok Gold,https://www.youtube.com/watch?v=ROa3kbG5M0U&lc=UgzitKDAE6D3qY1AdvJ4AaABAg,UgzitKDAE6D3qY1AdvJ4AaABAg,UCdSHn503pqXwdsqmLKce88g,"Fetched 05/24/2026, 8:08:10 PM GMT+8"
32892,@joy-d3n4u,10 days ago,"""in our / Lord God's / great / POWER, / you must / BELIEVE"" / Lokal ng Atok Gold",https://www.youtube.com/watch?v=ROa3kbG5M0U&lc=UgzZCjpTIPUq_hvsvKt4AaABAg,UgzZCjpTIPUq_hvsvKt4AaABAg,UCdSHn503pqXwdsqmLKce88g,"Fetched 05/24/2026, 8:08:10 PM GMT+8"
32893,@joy-d3n4u,10 days ago,"😊😊 / ""And when / LIFE / brings you / to your. / KNEES...."" / Lokal ng Atok Gold",https://www.youtube.com/watch?v=ROa3kbG5M0U&lc=UgynwHNYAx9tKPG5ccx4AaABAg,UgynwHNYAx9tKPG5ccx4AaABAg,UCdSHn503pqXwdsqmLKce88g,"Fetched 05/24/2026, 8:08:10 PM GMT+8"
32894,@KaJaz-r3n,10 days ago,Good morning Po mga kapatid! Go Kadiwa! Go Benguet,https://www.youtube.com/watch?v=ROa3kbG5M0U&lc=Ugzgj_hwD6YqbcwHD7B4AaABAg,Ugzgj_hwD6YqbcwHD7B4AaABAg,UC4BTg4L19kJ77hFPPBce71g,"Fetched 05/24/2026, 8:08:10 PM GMT+8"
32895,@joy-d3n4u,10 days ago,"""and / YOU'LL / find out / EXACTLY / wher you're  / meant to be"" / LOKAL NG ATOK GOLD",https://www.youtube.com/watch?v=ROa3kbG5M0U&lc=UgxYCMFWcDtVi6BCyC94AaABAg,UgxYCMFWcDtVi6BCyC94AaABAg,UCdSHn503pqXwdsqmLKce88g,"Fetched 05/24/2026, 8:08:10 PM GMT+8"
32896,@joy-d3n4u,10 days ago,"""Let God / set  / you  / FREE"" / 😊😊😊😊 / LOKAL NG ATOK GOLD",https://www.youtube.com/watch?v=ROa3kbG5M0U&lc=UgxSmqx1cQs_VvB37qV4AaABAg,UgxSmqx1cQs_VvB37qV4AaABAg,UCdSHn503pqXwdsqmLKce88g,"Fetched 05/24/2026, 8:08:10 PM GMT+8"
32897,@joy-d3n4u,10 days ago,❤❤❤❤ / God's Love / ❤❤❤❤❤ / Hold on / to you FAITH / ❤❤❤❤ / LOKAL NG ATOK GOLD,https://www.youtube.com/watch?v=ROa3kbG5M0U&lc=UgzNIl1pQ4m3VrQexKp4AaABAg,UgzNIl1pQ4m3VrQexKp4AaABAg,UCdSHn503pqXwdsqmLKce88g,"Fetched 05/24/2026, 8:08:10 PM GMT+8"
32898,@femanzano786,10 days ago,"Happy viewing to all brethren.. from local of Aurora Hill , District of Benguet!!!!",https://www.youtube.com/watch?v=ROa3kbG5M0U&lc=Ugyq0TrqVNqmMRHUELl4AaABAg,Ugyq0TrqVNqmMRHUELl4AaABAg,UCSO8wW0Z68rjkiARMOmA7IA,"Fetched 05/24/2026, 8:08:10 PM GMT+8"
32899,@joy-d3n4u,10 days ago,😊😊😊😊 / Happy viewing po / 🎉🎉🎉🎉 / Lets Go Benguet / ❤❤❤❤❤ / Lokal ng Atok Gold,https://www.youtube.com/watch?v=ROa3kbG5M0U&lc=Ugx5qfYYc5Cs5aAmX7d4AaABAg,Ugx5qfYYc5Cs5aAmX7d4AaABAg,UCdSHn503pqXwdsqmLKce88g,"Fetched 05/24/2026, 8:08:10 PM GMT+8"
32900,@joy-d3n4u,10 days ago,"❤❤❤ / ""A new / Day / brings / HOPE....."" / ❤❤❤❤ / Lokal ng Atok Gold",https://www.youtube.com/watch?v=ROa3kbG5M0U&lc=UgwlvAhs6Hp6RSm1L3N4AaABAg,UgwlvAhs6Hp6RSm1L3N4AaABAg,UCdSHn503pqXwdsqmLKce88g,"Fetched 05/24/2026, 8:08:10 PM GMT+8"
32901,@joy-d3n4u,10 days ago,❤❤❤❤ / Happy viewing po / 🎉🎉🎉 / walang sawang nanonood po / ❤❤❤❤❤❤ / Lokal ng Atok Gold,https://www.youtube.com/watch?v=ROa3kbG5M0U&lc=UgxMuaDxWmdDKtm12Cd4AaABAg,UgxMuaDxWmdDKtm12Cd4AaABAg,UCdSHn503pqXwdsqmLKce88g,"Fetched 05/24/2026, 8:08:10 PM GMT+8"
32902,@jenelynlegaspi5472,10 days ago,"Good morning Benguet🍓🍓🍓 / Happy viewing po sa lahat,pagbati po mula sa lokal ng QUEZON HILL",https://www.youtube.com/watch?v=ROa3kbG5M0U&lc=Ugw-QweypuOoPyvTtv94AaABAg,Ugw-QweypuOoPyvTtv94AaABAg,UCLjU_xM1oUxJ0N9ClfCcPjQ,"Fetched 05/24/2026, 8:08:10 PM GMT+8"
32903,@joy-d3n4u,10 days ago,"""I know / it's Hard now, / but I swear / it gets / Better..."" / GOD'S LOVE / ❤❤❤❤Lokal ng Atok Gold",https://www.youtube.com/watch?v=ROa3kbG5M0U&lc=UgylEgJQE_PvLCwdD9d4AaABAg,UgylEgJQE_PvLCwdD9d4AaABAg,UCdSHn503pqXwdsqmLKce88g,"Fetched 05/24/2026, 8:08:10 PM GMT+8"
32904,@iya-k7j,10 days ago,Happy Thursday po / ❤❤❤❤ / Happy Viewing po / 🎉🎉🎉🎉🎉 / Lokal ng Atok Gold,https://www.youtube.com/watch?v=ROa3kbG5M0U&lc=UgwLPGjqnjvewSkmyqJ4AaABAg,UgwLPGjqnjvewSkmyqJ4AaABAg,UC_R2GfmFAjE8k8DgEjmtv7g,"Fetched 05/24/2026, 8:08:10 PM GMT+8"
32905,@iya-k7j,10 days ago,Good morning po❤❤ / 😇😇😇😇 / Happy blessed / Thursday to all po / mula po sa Lokal ng Atok Gold,https://www.youtube.com/watch?v=ROa3kbG5M0U&lc=UgwKvG-pY3NCRmhwzSh4AaABAg,UgwKvG-pY3NCRmhwzSh4AaABAg,UC_R2GfmFAjE8k8DgEjmtv7g,"Fetched 05/24/2026, 8:08:10 PM GMT+8"
32906,@mayvehn,10 days ago (edited),Shout out po sa pinakamasipag naming organista / ❤❤❤❤❤ / 🎉🎉🎉🎉🎉🎉 / Kapatid na Jenilyn Lazaro / Lokal ng Atok Gold,https://www.youtube.com/watch?v=ROa3kbG5M0U&lc=UgzuEgPvWMGZ3r8OYG54AaABAg,UgzuEgPvWMGZ3r8OYG54AaABAg,UCivhdJ2CQeLK8tlG7Wh2BSQ,"Fetched 05/24/2026, 8:08:10 PM GMT+8"
32907,@mayvehn,10 days ago,"Happy viewing po / ""God's Love"" / Go Distrito ng Benguet!!! / 🎉🎉🎉🎉🎉🎉🎉 / Lokal ng Atok Gold",https://www.youtube.com/watch?v=ROa3kbG5M0U&lc=Ugy4WDo8JHyWRIqia354AaABAg,Ugy4WDo8JHyWRIqia354AaABAg,UCivhdJ2CQeLK8tlG7Wh2BSQ,"Fetched 05/24/2026, 8:08:10 PM GMT+8"
32908,@mayvehn,10 days ago,Good morning po / sa lahat ng mga kapatid❤❤ / ❤❤❤❤❤❤ / Masayang pakikiisa po / INCMV / Lokal.ng Atok Gold,https://www.youtube.com/watch?v=ROa3kbG5M0U&lc=UgwQKh-y2bBX-ekFgi54AaABAg,UgwQKh-y2bBX-ekFgi54AaABAg,UCivhdJ2CQeLK8tlG7Wh2BSQ,"Fetched 05/24/2026, 8:08:10 PM GMT+8"
32909,@iya-k7j,10 days ago,happy viewing po!!! / maligayang nakikiisa po... / ❤❤❤❤ / INCMV🎉🎉🎉🎉 / Lokal ng Atok Gold,https://www.youtube.com/watch?v=ROa3kbG5M0U&lc=UgxOxFSfXr6Tr0bntBh4AaABAg,UgxOxFSfXr6Tr0bntBh4AaABAg,UC_R2GfmFAjE8k8DgEjmtv7g,"Fetched 05/24/2026, 8:08:10 PM GMT+8"
32910,@iya-k7j,10 days ago,"❤❤ / In our Lord God's / Great POWER, / you must / BELIEVE❤❤ / Lokal ng Atok Gold",https://www.youtube.com/watch?v=ROa3kbG5M0U&lc=Ugwj4Lperr3ZAtGoTQ54AaABAg,Ugwj4Lperr3ZAtGoTQ54AaABAg,UC_R2GfmFAjE8k8DgEjmtv7g,"Fetched 05/24/2026, 8:08:10 PM GMT+8"
32911,@iya-k7j,10 days ago,"""And when / LiFE / brings you / to your / knees....."" / Lokal ng Atok Gold",https://www.youtube.com/watch?v=ROa3kbG5M0U&lc=UgxcuDE9pd7_Aga3nTZ4AaABAg,UgxcuDE9pd7_Aga3nTZ4AaABAg,UC_R2GfmFAjE8k8DgEjmtv7g,"Fetched 05/24/2026, 8:08:10 PM GMT+8"
32912,@iya-k7j,10 days ago,"""Let God / set  / you Free, / and you'll find out / exactly / where you're / meant to be"" / ❤❤Lokal ng Atok Gold",https://www.youtube.com/watch?v=ROa3kbG5M0U&lc=Ugww4DuEgq5XSKlvu0l4AaABAg,Ugww4DuEgq5XSKlvu0l4AaABAg,UC_R2GfmFAjE8k8DgEjmtv7g,"Fetched 05/24/2026, 8:08:10 PM GMT+8"
32913,@gwynethcayabyab5981,10 days ago,Good morning po sa lahat ng kapatid🎉 / Keep on watching po lalo na sa mga kadiwa po lets goooo ❤,https://www.youtube.com/watch?v=ROa3kbG5M0U&lc=UgzHbitzFahQ8dL8MaZ4AaABAg,UgzHbitzFahQ8dL8MaZ4AaABAg,UCouodNvhL1bfJC2Fz0B_Rcw,"Fetched 05/24/2026, 8:08:10 PM GMT+8"
32914,@iya-k7j,10 days ago,"""Hold on / to your / Faith. / Let GOD / set you Free"" / Lokal ng Atok Gold",https://www.youtube.com/watch?v=ROa3kbG5M0U&lc=UgwhIsSvq-zUNi_kL-Z4AaABAg,UgwhIsSvq-zUNi_kL-Z4AaABAg,UC_R2GfmFAjE8k8DgEjmtv7g,"Fetched 05/24/2026, 8:08:10 PM GMT+8"
32915,@iya-k7j,10 days ago,"God's Love / ""a new day / Brings HOPE / for a / change  / in the / weather / ❤❤ / Lokal ng Atok Gold",https://www.youtube.com/watch?v=ROa3kbG5M0U&lc=Ugw9rKf5c61PWFzrElN4AaABAg,Ugw9rKf5c61PWFzrElN4AaABAg,UC_R2GfmFAjE8k8DgEjmtv7g,"Fetched 05/24/2026, 8:08:10 PM GMT+8"
32916,@mayvehn,10 days ago,Gooooodddddd / mooorrrrninggggggg po / ❤❤❤❤❤❤ / Happy viewing po / mula po sa Lokal ng Atok Gold,https://www.youtube.com/watch?v=ROa3kbG5M0U&lc=UgyIpfY2JVniqQ2P9l94AaABAg,UgyIpfY2JVniqQ2P9l94AaABAg,UCivhdJ2CQeLK8tlG7Wh2BSQ,"Fetched 05/24/2026, 8:08:10 PM GMT+8"
32917,@carmichaeldaligan4338,10 days ago,Tara malapit tayo sa 3rd place,https://www.youtube.com/watch?v=ROa3kbG5M0U&lc=UgzXaFjKDBYyKPfkEOB4AaABAg,UgzXaFjKDBYyKPfkEOB4AaABAg,UC3beFEbw3Ob7lxJMsEas9yw,"Fetched 05/24/2026, 8:08:10 PM GMT+8"
32918,@gam3rg1rl,10 days ago,Good morning po mga kabagis! Greetings from the Local Congregation of Megaroyale :),https://www.youtube.com/watch?v=ROa3kbG5M0U&lc=Ugz4-fFK6B-q20UmSel4AaABAg,Ugz4-fFK6B-q20UmSel4AaABAg,UC5IQqBTUAu9qmpEtOMJeRrQ,"Fetched 05/24/2026, 8:08:10 PM GMT+8"
32919,@mayvehn,10 days ago (edited),Good.morning po / ❤❤❤❤ / 🎉🎉🎉🎉 / Happy viewing po / mula po sa  / Lokal ngbAtok Gold,https://www.youtube.com/watch?v=ROa3kbG5M0U&lc=UgzFUn7yjFPaJd4uHfR4AaABAg,UgzFUn7yjFPaJd4uHfR4AaABAg,UCivhdJ2CQeLK8tlG7Wh2BSQ,"Fetched 05/24/2026, 8:08:10 PM GMT+8"
32920,@iya-k7j,10 days ago,"""Hold on / to your Faith, / Let God / set  / you  / Free"" / ❤Lokal ng Atok Gold",https://www.youtube.com/watch?v=ROa3kbG5M0U&lc=UgzE1d4y4-L8LguC1n94AaABAg,UgzE1d4y4-L8LguC1n94AaABAg,UC_R2GfmFAjE8k8DgEjmtv7g,"Fetched 05/24/2026, 8:08:10 PM GMT+8"
32921,@iya-k7j,10 days ago,"""A new day  / brings Hope / for a change / in the weather"" / ❤❤ / Lokal ng Atok Gold",https://www.youtube.com/watch?v=ROa3kbG5M0U&lc=UgyPvLiqpaTH4WVa_Lt4AaABAg,UgyPvLiqpaTH4WVa_Lt4AaABAg,UC_R2GfmFAjE8k8DgEjmtv7g,"Fetched 05/24/2026, 8:08:10 PM GMT+8"
32922,@iya-k7j,10 days ago,"""I know it's hard now, / but I swear / it gets better...."" / ❤❤❤❤❤ / Lokal ng Atok Gold",https://www.youtube.com/watch?v=ROa3kbG5M0U&lc=UgxxrRPD_aOLkf2bKB14AaABAg,UgxxrRPD_aOLkf2bKB14AaABAg,UC_R2GfmFAjE8k8DgEjmtv7g,"Fetched 05/24/2026, 8:08:10 PM GMT+8"
32923,@iya-k7j,10 days ago,Good morning po / Patuloy po na nakikiisa / Nanonood po / ❤❤❤❤❤ / Lokal ng Atok Gold,https://www.youtube.com/watch?v=ROa3kbG5M0U&lc=UgzNI739HLdCeStKk1J4AaABAg,UgzNI739HLdCeStKk1J4AaABAg,UC_R2GfmFAjE8k8DgEjmtv7g,"Fetched 05/24/2026, 8:08:10 PM GMT+8"
32924,@mayvehn,10 days ago,"""INCMV"" / God's Love / ❤❤❤❤ / Distrito ng Benguet / Lokal ng Atok Gold",https://www.youtube.com/watch?v=ROa3kbG5M0U&lc=UgyuYsCL2LXtvW6FRLt4AaABAg,UgyuYsCL2LXtvW6FRLt4AaABAg,UCivhdJ2CQeLK8tlG7Wh2BSQ,"Fetched 05/24/2026, 8:08:10 PM GMT+8"
32925,@mayvehn,10 days ago,❤❤❤ / Lets Go Benguet / 🎉🎉🎉 / INCMV / 🎉🎉🎉🎉🎉 / Lokal ng Atok Gold,https://www.youtube.com/watch?v=ROa3kbG5M0U&lc=UgyKaN-G6HvDSAyNmAh4AaABAg,UgyKaN-G6HvDSAyNmAh4AaABAg,UCivhdJ2CQeLK8tlG7Wh2BSQ,"Fetched 05/24/2026, 8:08:10 PM GMT+8"
32926,@mayvehn,10 days ago,Good morning po / 👋👋👋👋 / Happy viewing po / ❤❤❤❤ / mula po sa  / Lokal ng Atok Gold,https://www.youtube.com/watch?v=ROa3kbG5M0U&lc=UgzCwG3oDKaPVusj83Z4AaABAg,UgzCwG3oDKaPVusj83Z4AaABAg,UCivhdJ2CQeLK8tlG7Wh2BSQ,"Fetched 05/24/2026, 8:08:10 PM GMT+8"
32927,@kadztv1111,10 days ago,"Morning po,lokal ng norcar po",https://www.youtube.com/watch?v=ROa3kbG5M0U&lc=UgxWy4xOefi-hyoOD7B4AaABAg,UgxWy4xOefi-hyoOD7B4AaABAg,UCfGT_BxDOYynd4cbLwwQD7A,"Fetched 05/24/2026, 8:08:10 PM GMT+8"
32928,@joymaylee-e9o,10 days ago,Good morning po / 😊😊😊 / Masayang panonood po / God's Love / ❤❤❤ / Lokal ng Atok Gold,https://www.youtube.com/watch?v=ROa3kbG5M0U&lc=UgwWGVpRqua4ySVQFSh4AaABAg,UgwWGVpRqua4ySVQFSh4AaABAg,UCVNaOxPbc9ZEHqlMp6TAgMA,"Fetched 05/24/2026, 8:08:10 PM GMT+8"
32929,@joymaylee-e9o,10 days ago,❤❤❤ / God's Love / 🎉🎉🎉 / Distrito ng Benguet / ❤❤❤ / Lokal ng Atok Gold,https://www.youtube.com/watch?v=ROa3kbG5M0U&lc=UgwetyLyejjZA6Ny84J4AaABAg,UgwetyLyejjZA6Ny84J4AaABAg,UCVNaOxPbc9ZEHqlMp6TAgMA,"Fetched 05/24/2026, 8:08:10 PM GMT+8"
32930,@CasseySGonzales,10 days ago,"Mula nung una☝️ ko po itong mapakinggan 🎧 I keep playing▶️ it over and over🔁. I love❤️‍🔥 it not just because of the catchy🤌 rhythm🎵, but more importantly🥇 because its message✉️ is so uplifting🏋‍♀️ and motivating🌞."" /  / Happy 😊Viewing👀 mga kapatid🐑, from locale congregation of LA TRINIDAD🍓 district of BENGUET⛰️",https://www.youtube.com/watch?v=ROa3kbG5M0U&lc=UgxfGMs7Ojm5fZUGilN4AaABAg,UgxfGMs7Ojm5fZUGilN4AaABAg,UCZ_1zJtZfWs6L_NdfNJCvtQ,"Fetched 05/24/2026, 8:08:10 PM GMT+8"
32931,@jonieyonga-an5239,10 days ago,"Happy viewing Po, pagbati sa mga kasama natin sa kadiwa at binhi Jan na nanonood 🎉 / Mula Po sa lokal Ng Norcar Distrito Ng Benguet 🎉",https://www.youtube.com/watch?v=ROa3kbG5M0U&lc=UgxZ7uvU-3bsbyhExel4AaABAg,UgxZ7uvU-3bsbyhExel4AaABAg,UCgUo3JP_Fffuctza4bUumJg,"Fetched 05/24/2026, 8:08:10 PM GMT+8"
32932,@henrycaranto2644,10 days ago,Breakfast na po mga Kapatid🎉 / Habang nakikinig ng INCMV Benguet’s Entry  / “God’s Love” /  / From Kadiwa District Officers ❤️,https://www.youtube.com/watch?v=ROa3kbG5M0U&lc=Ugx82CVAA6-Uah-XtI54AaABAg,Ugx82CVAA6-Uah-XtI54AaABAg,UCFilTOy22FklSkBIgwVPVaQ,"Fetched 05/24/2026, 8:08:10 PM GMT+8"
32933,@jonieyonga-an5239,10 days ago,Pagkatapos tumupad ay manood Muna 🎉🎉 / Good morning Po mga kapatiddd 🎉🎉,https://www.youtube.com/watch?v=ROa3kbG5M0U&lc=Ugw8nDSOa-_afSPQN4N4AaABAg,Ugw8nDSOa-_afSPQN4N4AaABAg,UCgUo3JP_Fffuctza4bUumJg,"Fetched 05/24/2026, 8:08:10 PM GMT+8"
32934,@kimberlysarmiento1034,10 days ago,"Good morning mga Kapatid, another day another witness how big our God loves us  ❤❤❤❤ /  / Mula po sa lokal ng Tuba, distrito ng Benguet",https://www.youtube.com/watch?v=ROa3kbG5M0U&lc=UgxeDiMKlnX-60ESZht4AaABAg,UgxeDiMKlnX-60ESZht4AaABAg,UCds_RyKfMX7Xzg4PQRhf9NQ,"Fetched 05/24/2026, 8:08:10 PM GMT+8"
32935,@BnHydn,10 days ago,Wishing you a fun viewing! / Good morning to all brethren 🌄  /  / From the Locale Congregation of La Trinidad  /  / LET'S GO BENGUET 🍓❤,https://www.youtube.com/watch?v=ROa3kbG5M0U&lc=Ugwv_N-fZjylU6dfUh14AaABAg,Ugwv_N-fZjylU6dfUh14AaABAg,UCbVqbfs9vjTS-hPNArDNcFQ,"Fetched 05/24/2026, 8:08:10 PM GMT+8"
32936,@bernadetteligew9074,10 days ago,❤,https://www.youtube.com/watch?v=ROa3kbG5M0U&lc=Ugws6uJ1Nn31SjP91yx4AaABAg,Ugws6uJ1Nn31SjP91yx4AaABAg,UC6vn09nux_X-v6--dq0mSGQ,"Fetched 05/24/2026, 8:08:10 PM GMT+8"
32937,@PELITANJennyClaireT,10 days ago,"Starting another view for another day🥳. Happy 7 ante meridiemmm. Let's go, Benguet 🫛. / - Lokal La Trinidad, Distrito ng Benguet, Kapisanang Kadiwa",https://www.youtube.com/watch?v=ROa3kbG5M0U&lc=UgwV08Oqr_XVyU29UpJ4AaABAg,UgwV08Oqr_XVyU29UpJ4AaABAg,UCsVZgGkRnNqeIIOLxHiFR7A,"Fetched 05/24/2026, 8:08:10 PM GMT+8"
32938,@johannavictoriabugayong6497,10 days ago,Patuloy po ang pagsuporta❤❤  /  / FIGHT BENGUET 🎉 / FIGHT BAGUIO CITY🎉,https://www.youtube.com/watch?v=ROa3kbG5M0U&lc=UgyzCa0P4fQh5kn70NB4AaABAg,UgyzCa0P4fQh5kn70NB4AaABAg,UCAVwkDYaVisQRxDeJ2kDClA,"Fetched 05/24/2026, 8:08:10 PM GMT+8"
32939,@Art-z2p7n,10 days ago,Happy vieweng mga kptd Mula po sa lokal ng Quezon hill distrito ng Benguet.,https://www.youtube.com/watch?v=ROa3kbG5M0U&lc=UgwlocicIB4znrIQCOJ4AaABAg,UgwlocicIB4znrIQCOJ4AaABAg,UCAV55P2W4ReJgvm2Eh3I7Iw,"Fetched 05/24/2026, 8:08:10 PM GMT+8"
32940,@johannavictoriabugayong6497,10 days ago,Good morning po! Happy viewing after tupad po!  /  / -Baguio City,https://www.youtube.com/watch?v=ROa3kbG5M0U&lc=UgyVMTJYl9OBuqJ1AG94AaABAg,UgyVMTJYl9OBuqJ1AG94AaABAg,UCAVwkDYaVisQRxDeJ2kDClA,"Fetched 05/24/2026, 8:08:10 PM GMT+8"
32941,@CasseySGonzales,10 days ago,"Very energizing ⚡️and inspirational🌟po, perfect na perfect🤌 pakinggan 🎧 lalo na sa Umaga🌄 /  Happy Viewing po from KAPISANANG BINHI NG LA TRINIDAD",https://www.youtube.com/watch?v=ROa3kbG5M0U&lc=Ugy4rqRpJJG0wX22TAp4AaABAg,Ugy4rqRpJJG0wX22TAp4AaABAg,UCZ_1zJtZfWs6L_NdfNJCvtQ,"Fetched 05/24/2026, 8:08:10 PM GMT+8"
32942,@almazanrhyndylyn,10 days ago,Happy thursday po. Muling pakikinig after tupad. Pagbati po sa ating II Tagapangasiwa ang Ka Ian Manalata.  /  / Mula po sa Lokal ng Norcar at Kapisanang Kadiwa.,https://www.youtube.com/watch?v=ROa3kbG5M0U&lc=UgzLLw_l_92n7w370K54AaABAg,UgzLLw_l_92n7w370K54AaABAg,UCEoQCNgytnJxjJnAQLSzFeA,"Fetched 05/24/2026, 8:08:10 PM GMT+8"
32943,@joymaylee-e9o,10 days ago,Happy viewing po / mula po sa Lokal ng Atok Gold,https://www.youtube.com/watch?v=ROa3kbG5M0U&lc=UgzLdtTbw468Uy2YH8t4AaABAg,UgzLdtTbw468Uy2YH8t4AaABAg,UCVNaOxPbc9ZEHqlMp6TAgMA,"Fetched 05/24/2026, 8:08:10 PM GMT+8"
32944,@CasseySGonzales,10 days ago,Mula po sa Kapisanang BINHI 🌱 ng Lokal ng La Trinidad 🍓 / Mag umagahan po muna tayo mga kapatid🍲🥗☕️ habang nakikinig,https://www.youtube.com/watch?v=ROa3kbG5M0U&lc=Ugwy3UhflSMzAyVbtxJ4AaABAg,Ugwy3UhflSMzAyVbtxJ4AaABAg,UCZ_1zJtZfWs6L_NdfNJCvtQ,"Fetched 05/24/2026, 8:08:10 PM GMT+8"
32945,@blairgatulla6335,10 days ago,Lets go Benguet!! Fly high till the end!!,https://www.youtube.com/watch?v=ROa3kbG5M0U&lc=Ugz4bq3HN8Oa3tWtq9h4AaABAg,Ugz4bq3HN8Oa3tWtq9h4AaABAg,UCIhKHo-Qqok8t5094AbqWpg,"Fetched 05/24/2026, 8:08:10 PM GMT+8"
32946,@luibustamante9493,10 days ago,"God's Love is bigger than the ocean and brighter than the stars 🎶🎶🎶 /  / Rewatching to keep my mood bright thoughout the day. Good morning po, have a good day ahead.  /  /  / -Pagbati mula sa maytungkulin sa Kadiwa, mula sa Lokal ng Tuba 🤗🤗🤗",https://www.youtube.com/watch?v=ROa3kbG5M0U&lc=UgyxYF32RGvZaSqfADR4AaABAg,UgyxYF32RGvZaSqfADR4AaABAg,UCFAmrhDmv6rvZrQoYp-IS9w,"Fetched 05/24/2026, 8:08:10 PM GMT+8"
32947,@almazanrhyndylyn,10 days ago,Good morning po. Bago po mabrown out 😅😅.  /  / Happy viewing po sa lahat ng mga taga-Lokal ng Norcar ganun din po sa kapisanang kadiwa,https://www.youtube.com/watch?v=ROa3kbG5M0U&lc=UgzTx3XZkg9_ctShf994AaABAg,UgzTx3XZkg9_ctShf994AaABAg,UCEoQCNgytnJxjJnAQLSzFeA,"Fetched 05/24/2026, 8:08:10 PM GMT+8"
32948,@jocelynmagbanua9457,10 days ago,Sa gitna ng kagulohan manood po tayo nito ng pa ulit ulit nkaka sigla 🥰 from Lokal ng Quezon Hill District of Benguet,https://www.youtube.com/watch?v=ROa3kbG5M0U&lc=UgyRL5qW-155fcvVSz54AaABAg,UgyRL5qW-155fcvVSz54AaABAg,UCoi0Nw4Gfphqn9X9UvlXemA,"Fetched 05/24/2026, 8:08:10 PM GMT+8"
32949,@axeliee-m5u,10 days ago,"Good morning everyone 🌞  /  / from Lokal ng La Trinidad, Happy viewing po 🫶",https://www.youtube.com/watch?v=ROa3kbG5M0U&lc=Ugxn5zzbpOzDkCVg44F4AaABAg,Ugxn5zzbpOzDkCVg44F4AaABAg,UCxjmGS0yLlCMs4Fe-AqbHFw,"Fetched 05/24/2026, 8:08:10 PM GMT+8"
32950,@haielei2869,10 days ago (edited),"""Through His Love, you've gone from who you were to who you are"" 🫶🏻🫶🏻 /  / - Lokal ng Norcar",https://www.youtube.com/watch?v=ROa3kbG5M0U&lc=Ugya5eny-lqiRdFstTR4AaABAg,Ugya5eny-lqiRdFstTR4AaABAg,UCf3PWHW8mj2mncX07kw9ZQw,"Fetched 05/24/2026, 8:08:10 PM GMT+8"
32951,@jazz-m7b,10 days ago,Supporting from Lokal ng La Trinidad,https://www.youtube.com/watch?v=ROa3kbG5M0U&lc=UgxQ6DlOgW8rRzJHq8N4AaABAg,UgxQ6DlOgW8rRzJHq8N4AaABAg,UCNB-zyitm7U6Yt835DEKclA,"Fetched 05/24/2026, 8:08:10 PM GMT+8"
32952,@jazz-m7b,10 days ago,Happy viewing po,https://www.youtube.com/watch?v=ROa3kbG5M0U&lc=Ugw_resiOFp71YHB0XZ4AaABAg,Ugw_resiOFp71YHB0XZ4AaABAg,UCNB-zyitm7U6Yt835DEKclA,"Fetched 05/24/2026, 8:08:10 PM GMT+8"
32953,@jazz-m7b,10 days ago,Shout out po sa mga nanonood ng madaling araw katulad ni kuya Anle,https://www.youtube.com/watch?v=ROa3kbG5M0U&lc=Ugy5lOzHQUpAJEGtX6p4AaABAg,Ugy5lOzHQUpAJEGtX6p4AaABAg,UCNB-zyitm7U6Yt835DEKclA,"Fetched 05/24/2026, 8:08:10 PM GMT+8"
32954,@BnHydn_3,10 days ago,Let's go Benguet Let's go 💕👏 /  / Lokal ng La Trinidad,https://www.youtube.com/watch?v=ROa3kbG5M0U&lc=Ugzvr367Xi7BKVVCklV4AaABAg,Ugzvr367Xi7BKVVCklV4AaABAg,UCKZxY6b5mH_zsnldMnxGIpQ,"Fetched 05/24/2026, 8:08:10 PM GMT+8"
32955,@BnHydn_3,10 days ago,Benguet 🔛🔝 /  / Lokal ng La Trinidad,https://www.youtube.com/watch?v=ROa3kbG5M0U&lc=Ugyn3XbTS6NODtNUOMt4AaABAg,Ugyn3XbTS6NODtNUOMt4AaABAg,UCKZxY6b5mH_zsnldMnxGIpQ,"Fetched 05/24/2026, 8:08:10 PM GMT+8"
32956,@geneprado-ro1lf,10 days ago,"Hello brethren all over the world, especially our own locale Baguio City…. FIGHT!!!!!",https://www.youtube.com/watch?v=ROa3kbG5M0U&lc=UgwY8ujIxPGDV1upcrJ4AaABAg,UgwY8ujIxPGDV1upcrJ4AaABAg,UC2Z9rmo043mQs6MJc9yF7XA,"Fetched 05/24/2026, 8:08:10 PM GMT+8"
32957,@BnHydn_3,10 days ago,Good morning 🌞 / Nood well sa lahat / Mula sa lokal ng La Trinidad,https://www.youtube.com/watch?v=ROa3kbG5M0U&lc=UgyrGhOUvr32QUkFSMh4AaABAg,UgyrGhOUvr32QUkFSMh4AaABAg,UCKZxY6b5mH_zsnldMnxGIpQ,"Fetched 05/24/2026, 8:08:10 PM GMT+8"
32958,@Kris-t2c3w,10 days ago,"Naimbag nga aldaw ken datayo amin, happy watching po from Lokal ng La Trinidad!💖💖 💖 Huwag po tayong magsawang manood🫶 🫶🫶",https://www.youtube.com/watch?v=ROa3kbG5M0U&lc=UgybO6lBUC_mxWCM6wR4AaABAg,UgybO6lBUC_mxWCM6wR4AaABAg,UC2lYdlqDj3_tl0-uR11174A,"Fetched 05/24/2026, 8:08:10 PM GMT+8"
32959,@geneprado-ro1lf,10 days ago,"Happy viewing from Baguio City locale, FIGHT!!!",https://www.youtube.com/watch?v=ROa3kbG5M0U&lc=Ugwfb0KlmpUIXdDaDE94AaABAg,Ugwfb0KlmpUIXdDaDE94AaABAg,UC2Z9rmo043mQs6MJc9yF7XA,"Fetched 05/24/2026, 8:08:10 PM GMT+8"
32960,@BnHydn,10 days ago,"Shoutout Kay Kuya Anle, nanonood ng madaling araw 😂 /  / -Lokal ng La Trinidad  /  / -Loka",https://www.youtube.com/watch?v=ROa3kbG5M0U&lc=UgxiNbQAaTfcZ53eiZ54AaABAg,UgxiNbQAaTfcZ53eiZ54AaABAg,UCbVqbfs9vjTS-hPNArDNcFQ,"Fetched 05/24/2026, 8:08:10 PM GMT+8"
32961,@BnHydn,10 days ago,Happy viewing to all  / -Lokal ng La Trinidad,https://www.youtube.com/watch?v=ROa3kbG5M0U&lc=UgwhGKI1T0Co9sUgWTt4AaABAg,UgwhGKI1T0Co9sUgWTt4AaABAg,UCbVqbfs9vjTS-hPNArDNcFQ,"Fetched 05/24/2026, 8:08:10 PM GMT+8"
32962,@BnHydn,10 days ago,Let's go Benguet 🍓  / -Lokal ng La Trinidad,https://www.youtube.com/watch?v=ROa3kbG5M0U&lc=UgxM3XVulCn94MQzw4F4AaABAg,UgxM3XVulCn94MQzw4F4AaABAg,UCbVqbfs9vjTS-hPNArDNcFQ,"Fetched 05/24/2026, 8:08:10 PM GMT+8"
32963,@BnHydn,10 days ago,Let's go Kadiwa watchers 🎉 /  / -Lokal ng La Trinidad,https://www.youtube.com/watch?v=ROa3kbG5M0U&lc=Ugznzsp9huQnX8x7gTp4AaABAg,Ugznzsp9huQnX8x7gTp4AaABAg,UCbVqbfs9vjTS-hPNArDNcFQ,"Fetched 05/24/2026, 8:08:10 PM GMT+8"
32964,@BnHydn,10 days ago,Let's go Binhi watchers!!! /  / -Lokal ng La Trinidad,https://www.youtube.com/watch?v=ROa3kbG5M0U&lc=UgzoFCTg39ZJQgXq6XF4AaABAg,UgzoFCTg39ZJQgXq6XF4AaABAg,UCbVqbfs9vjTS-hPNArDNcFQ,"Fetched 05/24/2026, 8:08:10 PM GMT+8"
32965,@boholhazeline05,10 days ago,"Magandang Umaga po mga kapatid, Sabay sabay po tayong sumuporta, God's Love Benguet❤ Pagbati po mula sa Lokal ng Baguio City",https://www.youtube.com/watch?v=ROa3kbG5M0U&lc=UgxFz6J6jqZgncjMHuZ4AaABAg,UgxFz6J6jqZgncjMHuZ4AaABAg,UCNxuEnfuDgIEBwBrpx_Pl3w,"Fetched 05/24/2026, 8:08:10 PM GMT+8"
32966,@haielei2869,10 days ago,Patuloy po sa pakikipagkaisa ang kapisanang binhi ng Lokal ng Norcar! ☺️☺️,https://www.youtube.com/watch?v=ROa3kbG5M0U&lc=UgwZ6onCpg0veHEEnNV4AaABAg,UgwZ6onCpg0veHEEnNV4AaABAg,UCf3PWHW8mj2mncX07kw9ZQw,"Fetched 05/24/2026, 8:08:10 PM GMT+8"
32967,@haielei2869,10 days ago,Lets go BENGUET /  / - Lokal ng Norcar,https://www.youtube.com/watch?v=ROa3kbG5M0U&lc=Ugw2h0mQ6xAIs4FqruN4AaABAg,Ugw2h0mQ6xAIs4FqruN4AaABAg,UCf3PWHW8mj2mncX07kw9ZQw,"Fetched 05/24/2026, 8:08:10 PM GMT+8"
32968,@PHEBIE-f7h,10 days ago,Happy viewing po mula sa lokal ng AtokGold 💚🤍❤️,https://www.youtube.com/watch?v=ROa3kbG5M0U&lc=Ugzhvm832g-kmevvTTN4AaABAg,Ugzhvm832g-kmevvTTN4AaABAg,UCNkJMMXP19AJSsNov8Fp3Ag,"Fetched 05/24/2026, 8:08:10 PM GMT+8"
32969,@haielei2869,10 days ago (edited),Masayang Morning po sa ating lahat! Bago po ang brown out ay manunuod po muna tayo ng ating favorite INCMV ☺️☺️ mula po sa Lokal ng Norcar,https://www.youtube.com/watch?v=ROa3kbG5M0U&lc=UgyEpUL9gT8NVjhSW_F4AaABAg,UgyEpUL9gT8NVjhSW_F4AaABAg,UCf3PWHW8mj2mncX07kw9ZQw,"Fetched 05/24/2026, 8:08:10 PM GMT+8"
32970,@BnHydn,10 days ago,Happy watching poooo🎉 / -lokal ng La Trinidad,https://www.youtube.com/watch?v=ROa3kbG5M0U&lc=UgytTH2G84HzzSEFjQ54AaABAg,UgytTH2G84HzzSEFjQ54AaABAg,UCbVqbfs9vjTS-hPNArDNcFQ,"Fetched 05/24/2026, 8:08:10 PM GMT+8"
32971,@BnHydn,10 days ago,Shout out saga maytungkulin sa Kagawad 👋 / -Lokal ng La Trinidad,https://www.youtube.com/watch?v=ROa3kbG5M0U&lc=UgyvUSSz0fzemUvz0754AaABAg,UgyvUSSz0fzemUvz0754AaABAg,UCbVqbfs9vjTS-hPNArDNcFQ,"Fetched 05/24/2026, 8:08:10 PM GMT+8"
32972,@joymaylee-e9o,10 days ago,"❤❤❤ / Distrito ng Benguet / ❤❤❤ / God's Love / ""Like a flower that / grows in the / Shadow of / a tree...."" / Lokal ng Atok Gold",https://www.youtube.com/watch?v=ROa3kbG5M0U&lc=UgwRWtthyHzyFF0KesN4AaABAg,UgwRWtthyHzyFF0KesN4AaABAg,UCVNaOxPbc9ZEHqlMp6TAgMA,"Fetched 05/24/2026, 8:08:10 PM GMT+8"
32973,@joymaylee-e9o,10 days ago,#God's Love / # Distrito ng Benguet / #INCMV / #Supporting / #Lokal ng Atok Gold,https://www.youtube.com/watch?v=ROa3kbG5M0U&lc=UgyHdBiw_wn7SuUrqSB4AaABAg,UgyHdBiw_wn7SuUrqSB4AaABAg,UCVNaOxPbc9ZEHqlMp6TAgMA,"Fetched 05/24/2026, 8:08:10 PM GMT+8"
32974,@BnHydn_3,10 days ago,God's Love 💕  /  / -Lokal ng La Trinidad,https://www.youtube.com/watch?v=ROa3kbG5M0U&lc=UgwgO8OZSgOOXSxnNPd4AaABAg,UgwgO8OZSgOOXSxnNPd4AaABAg,UCKZxY6b5mH_zsnldMnxGIpQ,"Fetched 05/24/2026, 8:08:10 PM GMT+8"
32975,@joymaylee-e9o,10 days ago,Good morning po mga kapatid❤❤❤❤ / Masayang panonood po / God's Love / 🎉🎉🎉🎉🎉🎉🎉🎉 / mula po sa  / Lokal ng Atok Gold,https://www.youtube.com/watch?v=ROa3kbG5M0U&lc=Ugz3LHEr29-Pk5sBHGB4AaABAg,Ugz3LHEr29-Pk5sBHGB4AaABAg,UCVNaOxPbc9ZEHqlMp6TAgMA,"Fetched 05/24/2026, 8:08:10 PM GMT+8"
32976,@BnHydn_3,10 days ago,"Happy viewing to all  / "" From the Locale Congregation of La Trinidad""",https://www.youtube.com/watch?v=ROa3kbG5M0U&lc=Ugx7rWopUkCQButruWd4AaABAg,Ugx7rWopUkCQButruWd4AaABAg,UCKZxY6b5mH_zsnldMnxGIpQ,"Fetched 05/24/2026, 8:08:10 PM GMT+8"
32977,@PHEBIE-f7h,10 days ago,"Oras oras, minu-minuto ang aming panononood mula po lokal ng AtokGold. / LET'S GO BENGUET!!!",https://www.youtube.com/watch?v=ROa3kbG5M0U&lc=UgyjJFq31GhkJ_vdONl4AaABAg,UgyjJFq31GhkJ_vdONl4AaABAg,UCNkJMMXP19AJSsNov8Fp3Ag,"Fetched 05/24/2026, 8:08:10 PM GMT+8"
32978,@BnHydn_3,10 days ago,Let's go Benguet  / Happy viewing everyone  / -Lokal ng La Trinidad,https://www.youtube.com/watch?v=ROa3kbG5M0U&lc=Ugw9zwHhzvwJWoMypXR4AaABAg,Ugw9zwHhzvwJWoMypXR4AaABAg,UCKZxY6b5mH_zsnldMnxGIpQ,"Fetched 05/24/2026, 8:08:10 PM GMT+8"
32979,@joymaylee-e9o,10 days ago,Lets Go Distrito ng Benguet / 🎉🎉🎉🎉🎉🎉🎉🎉🎉🎉 / Happy watching po / ❤❤❤❤❤❤❤❤❤❤ / Lokal ng Atok Gold,https://www.youtube.com/watch?v=ROa3kbG5M0U&lc=UgxSdCR2P7GD3Qg-vHd4AaABAg,UgxSdCR2P7GD3Qg-vHd4AaABAg,UCVNaOxPbc9ZEHqlMp6TAgMA,"Fetched 05/24/2026, 8:08:10 PM GMT+8"
32980,@BnHydn_3,10 days ago,Binhi watchers 🤚 / -Lokal ng La Trinidad,https://www.youtube.com/watch?v=ROa3kbG5M0U&lc=UgzKbKYQOzDp4MnQyiV4AaABAg,UgzKbKYQOzDp4MnQyiV4AaABAg,UCKZxY6b5mH_zsnldMnxGIpQ,"Fetched 05/24/2026, 8:08:10 PM GMT+8"
32981,@BnHydn_3,10 days ago,Hi and happy watching mga kapatid! / -Lokal ng La Trinidad,https://www.youtube.com/watch?v=ROa3kbG5M0U&lc=UgyTA0u0S_cVsQKFI6t4AaABAg,UgyTA0u0S_cVsQKFI6t4AaABAg,UCKZxY6b5mH_zsnldMnxGIpQ,"Fetched 05/24/2026, 8:08:10 PM GMT+8"
32982,@joymaylee-e9o,10 days ago,❤❤❤❤❤❤❤ / God' Love / ❤❤❤❤❤❤❤ / His wondrous / LOVE / ❤❤❤❤❤❤ / Lokal ng Atok Gold,https://www.youtube.com/watch?v=ROa3kbG5M0U&lc=UgyACZCKsrw_6ZsEwJ94AaABAg,UgyACZCKsrw_6ZsEwJ94AaABAg,UCVNaOxPbc9ZEHqlMp6TAgMA,"Fetched 05/24/2026, 8:08:10 PM GMT+8"
32983,@BnHydn,10 days ago,"Another day, another viewing 🎉 /  / FULL SUPPORT MULA SA Lokal ng La Trinidad, Kapisanang Binhi ♥️  /  /  / Let's go Benguet 🍓",https://www.youtube.com/watch?v=ROa3kbG5M0U&lc=UgxtVMnlbOr-NopHPX14AaABAg,UgxtVMnlbOr-NopHPX14AaABAg,UCbVqbfs9vjTS-hPNArDNcFQ,"Fetched 05/24/2026, 8:08:10 PM GMT+8"
32984,@joymaylee-e9o,10 days ago (edited),Good morning po❤❤❤ / Masayang pakikiisa po / ❤❤❤❤ / Distrito ng Benguet / Lokal ng Atok Gold,https://www.youtube.com/watch?v=ROa3kbG5M0U&lc=UgyV1yx128xLpv584KZ4AaABAg,UgyV1yx128xLpv584KZ4AaABAg,UCVNaOxPbc9ZEHqlMp6TAgMA,"Fetched 05/24/2026, 8:08:10 PM GMT+8"
32985,@joymaylee-e9o,10 days ago,❤❤❤ / God's Love / ❤❤❤ / His precious / Gift / to us❤❤ / Lokal ng Atok Gold,https://www.youtube.com/watch?v=ROa3kbG5M0U&lc=UgzRNfXxWj5CT1RdDhx4AaABAg,UgzRNfXxWj5CT1RdDhx4AaABAg,UCVNaOxPbc9ZEHqlMp6TAgMA,"Fetched 05/24/2026, 8:08:10 PM GMT+8"
32986,@PrincedeMesa-m7l,10 days ago,Happy viewing po from lokal ng La Trinidad Distrito ng benguet. Maraming salamat po,https://www.youtube.com/watch?v=ROa3kbG5M0U&lc=UgwrDj1GdaL0V-3H2Zp4AaABAg,UgwrDj1GdaL0V-3H2Zp4AaABAg,UCsSkODfVZQzVunDvyG6XSlg,"Fetched 05/24/2026, 8:08:10 PM GMT+8"
32987,@iya-k7j,10 days ago,❤❤❤ / God's Love / 🎉🎉🎉 / Distrito ng Benguet / ❤❤❤ / Lokal ng Atok Gold,https://www.youtube.com/watch?v=ROa3kbG5M0U&lc=UgxCPPy0aVjvv-Pamqd4AaABAg,UgxCPPy0aVjvv-Pamqd4AaABAg,UC_R2GfmFAjE8k8DgEjmtv7g,"Fetched 05/24/2026, 8:08:10 PM GMT+8"
32988,@henrycaranto2644,10 days ago,Good morning po sa lahat🎉❤️ /  / Tuloy tayo sa Suporta / Let’s Go Benguet🎉 / Let’s Go KADIWA  /  / From lokal ng Baguio City,https://www.youtube.com/watch?v=ROa3kbG5M0U&lc=UgzIOTawRGAltGfMolJ4AaABAg,UgzIOTawRGAltGfMolJ4AaABAg,UCFilTOy22FklSkBIgwVPVaQ,"Fetched 05/24/2026, 8:08:10 PM GMT+8"
32989,@PHEBIE-f7h,10 days ago,"""Hold on to your faith; Let God set you free.""  / God's Love for His children is eternal. / Streaming here from the Locale Congregation of AtokGold.",https://www.youtube.com/watch?v=ROa3kbG5M0U&lc=UgxDftd4l_7mxzUw6Yd4AaABAg,UgxDftd4l_7mxzUw6Yd4AaABAg,UCNkJMMXP19AJSsNov8Fp3Ag,"Fetched 05/24/2026, 8:08:10 PM GMT+8"
32990,@iya-k7j,10 days ago,Good morning po / ❤❤❤ / Happy viewing po / 🎉🎉🎉 / mula po / sa Lokal ng Atok Gold,https://www.youtube.com/watch?v=ROa3kbG5M0U&lc=Ugy2ROdCgi_htDIidut4AaABAg,Ugy2ROdCgi_htDIidut4AaABAg,UC_R2GfmFAjE8k8DgEjmtv7g,"Fetched 05/24/2026, 8:08:10 PM GMT+8"
32991,@jazz-m7b,10 days ago,Good morning po mga kapatid 🌸🌹  /  / Supporting from Lokal ng La Trinidad 🥦🐑🍓  /  / Let's go BENGUET 🍓🎉❤,https://www.youtube.com/watch?v=ROa3kbG5M0U&lc=Ugz1z267REw7v9xXY2p4AaABAg,Ugz1z267REw7v9xXY2p4AaABAg,UCNB-zyitm7U6Yt835DEKclA,"Fetched 05/24/2026, 8:08:10 PM GMT+8"
32992,@iya-k7j,10 days ago,Masayang / nakikiisa po / ❤❤❤ / 🎉🎉🎉 / mula po sa / Lokal ng Atok Gold,https://www.youtube.com/watch?v=ROa3kbG5M0U&lc=UgzN3ZeX7mQ7fkWTAEl4AaABAg,UgzN3ZeX7mQ7fkWTAEl4AaABAg,UC_R2GfmFAjE8k8DgEjmtv7g,"Fetched 05/24/2026, 8:08:10 PM GMT+8"
32993,@iya-k7j,10 days ago,Happy watching po / mga kapatid / 🎉🎉🎉 / Lets Go Benguet / mula po / sa Lokal ng Atok Gold,https://www.youtube.com/watch?v=ROa3kbG5M0U&lc=UgxaKt4jM0zx_Q4iXnd4AaABAg,UgxaKt4jM0zx_Q4iXnd4AaABAg,UC_R2GfmFAjE8k8DgEjmtv7g,"Fetched 05/24/2026, 8:08:10 PM GMT+8"
32994,@iya-k7j,10 days ago,🎉🎉🎉 / Patuloy po na / nanonood / ❤❤❤ / mula po / sa Lokal ng Atok Gold,https://www.youtube.com/watch?v=ROa3kbG5M0U&lc=Ugx-rYSFxoyAdEDvCUJ4AaABAg,Ugx-rYSFxoyAdEDvCUJ4AaABAg,UC_R2GfmFAjE8k8DgEjmtv7g,"Fetched 05/24/2026, 8:08:10 PM GMT+8"
32995,@iya-k7j,10 days ago,Good morning po / 😊😊😊 / happy viewing po / sa ating lahat  / mula po sa / Lokal ng Atok Gold,https://www.youtube.com/watch?v=ROa3kbG5M0U&lc=UgwFEsZGQ1pLYZtzbQJ4AaABAg,UgwFEsZGQ1pLYZtzbQJ4AaABAg,UC_R2GfmFAjE8k8DgEjmtv7g,"Fetched 05/24/2026, 8:08:10 PM GMT+8"
32996,@joylee1468,10 days ago,🎉🎉🎉 / Lets Go Benguet / 🎉🎉🎉 / Lets  / Go / Lokal ng Atok Gold,https://www.youtube.com/watch?v=ROa3kbG5M0U&lc=UgyXLN6iPz0uip01oWJ4AaABAg,UgyXLN6iPz0uip01oWJ4AaABAg,UC7UWPgNV4p4GGKzoeFbHS8g,"Fetched 05/24/2026, 8:08:10 PM GMT+8"
32997,@joylee1468,10 days ago,🇮🇹🇮🇹🇮🇹 / INCMV / Mabuhay ang  / Distrito ng Benguet!!! / mula po sa / Lokal ng Atok Gold,https://www.youtube.com/watch?v=ROa3kbG5M0U&lc=UgzD3wOg_Bh4jvsxN4d4AaABAg,UgzD3wOg_Bh4jvsxN4d4AaABAg,UC7UWPgNV4p4GGKzoeFbHS8g,"Fetched 05/24/2026, 8:08:10 PM GMT+8"
32998,@joylee1468,10 days ago,👋👋👋 / Kumusta po / mga kapatid / ❤❤❤ / Patuloy na sumusuporta / mula po / sa Lokal ng Atok Gold,https://www.youtube.com/watch?v=ROa3kbG5M0U&lc=UgyolwhKHkK3sNd7yhN4AaABAg,UgyolwhKHkK3sNd7yhN4AaABAg,UC7UWPgNV4p4GGKzoeFbHS8g,"Fetched 05/24/2026, 8:08:10 PM GMT+8"
32999,@joylee1468,10 days ago,😊😊😊 / Masayang / pakikiisa po / ❤❤❤ / mula po / sa / Lokal ng Atok Gold,https://www.youtube.com/watch?v=ROa3kbG5M0U&lc=Ugxg46PBgPmZePrWjr54AaABAg,Ugxg46PBgPmZePrWjr54AaABAg,UC7UWPgNV4p4GGKzoeFbHS8g,"Fetched 05/24/2026, 8:08:10 PM GMT+8"
33000,@joylee1468,10 days ago,😊😊😊 / Magandang  / umaga po / ❤❤❤. / Viewing po / 🎉🎉🎉 / mula sa Lokal ng Atok Gold,https://www.youtube.com/watch?v=ROa3kbG5M0U&lc=UgzaQ2JXGrv8oyxgaN94AaABAg,UgzaQ2JXGrv8oyxgaN94AaABAg,UC7UWPgNV4p4GGKzoeFbHS8g,"Fetched 05/24/2026, 8:08:10 PM GMT+8"
33001,@joylee1468,10 days ago,happy / viewing po / ❤❤❤ / Distrito ng Benguet / 🎉🎉🎉. / Lokal ng Atok Gold,https://www.youtube.com/watch?v=ROa3kbG5M0U&lc=UgzNedqj_ZOoEjnYKNZ4AaABAg,UgzNedqj_ZOoEjnYKNZ4AaABAg,UC7UWPgNV4p4GGKzoeFbHS8g,"Fetched 05/24/2026, 8:08:10 PM GMT+8"
33002,@joylee1468,10 days ago,🎉🎉🎉 / God's Love / 🎉🎉🎉 / Distrito ng Benguet / ❤❤❤ / INCMV / ❤❤❤ / Lokal ng Atok Gold,https://www.youtube.com/watch?v=ROa3kbG5M0U&lc=UgzbrNa3L4UqeDiytvh4AaABAg,UgzbrNa3L4UqeDiytvh4AaABAg,UC7UWPgNV4p4GGKzoeFbHS8g,"Fetched 05/24/2026, 8:08:10 PM GMT+8"
33003,@joylee1468,10 days ago,❤❤❤ / We Love INCMV / ❤❤❤ / We Love Benguet / ❤❤❤ / We Love Lokal ng Atok Gold,https://www.youtube.com/watch?v=ROa3kbG5M0U&lc=UgyeUAz04hf9zs91OyB4AaABAg,UgyeUAz04hf9zs91OyB4AaABAg,UC7UWPgNV4p4GGKzoeFbHS8g,"Fetched 05/24/2026, 8:08:10 PM GMT+8"
33004,@PHEBIE-f7h,10 days ago,Shout out po kay Ate Jade na all out support mula sa Lokal ng AtokGold.,https://www.youtube.com/watch?v=ROa3kbG5M0U&lc=Ugx8Fzidcq4fLu93RNt4AaABAg,Ugx8Fzidcq4fLu93RNt4AaABAg,UCNkJMMXP19AJSsNov8Fp3Ag,"Fetched 05/24/2026, 8:08:10 PM GMT+8"
33005,@joylee1468,10 days ago,"""INCMV"" / ""Distrito ng Benguet"" / ""God's Love"" / ""His wondrous Love"" / Lokal ng Atok Gold",https://www.youtube.com/watch?v=ROa3kbG5M0U&lc=Ugy48P-yQsVqahV0ePp4AaABAg,Ugy48P-yQsVqahV0ePp4AaABAg,UC7UWPgNV4p4GGKzoeFbHS8g,"Fetched 05/24/2026, 8:08:10 PM GMT+8"
33006,@joylee1468,10 days ago,Magandang / umaga po / mula po / sa / Lokal ng Atok Gold,https://www.youtube.com/watch?v=ROa3kbG5M0U&lc=UgwwnmFNXpYaFM5cXzd4AaABAg,UgwwnmFNXpYaFM5cXzd4AaABAg,UC7UWPgNV4p4GGKzoeFbHS8g,"Fetched 05/24/2026, 8:08:10 PM GMT+8"
33007,@joylee1468,10 days ago,#Distrito ng Benguet / #God's Love / #INCMV / #Top1 / #Lokal ng Atok Gold,https://www.youtube.com/watch?v=ROa3kbG5M0U&lc=Ugy3rUrGOw1QmXC5dFJ4AaABAg,Ugy3rUrGOw1QmXC5dFJ4AaABAg,UC7UWPgNV4p4GGKzoeFbHS8g,"Fetched 05/24/2026, 8:08:10 PM GMT+8"
33008,@joylee1468,10 days ago,❤❤❤ / INCMV / ❤❤❤ / Distrito ng Benguet / ❤❤❤ / God's Love / ❤❤❤ / Lokal ng Atok Gold,https://www.youtube.com/watch?v=ROa3kbG5M0U&lc=UgymwmfCviFRCGsVJB54AaABAg,UgymwmfCviFRCGsVJB54AaABAg,UC7UWPgNV4p4GGKzoeFbHS8g,"Fetched 05/24/2026, 8:08:10 PM GMT+8"
33009,@joylee1468,10 days ago,❤❤❤ / Happy / viewing po / 🎉🎉🎉 / Lets Go Benguet!! / ❤❤❤ / Lets Go Lokal ng Atok Gold,https://www.youtube.com/watch?v=ROa3kbG5M0U&lc=UgxcQurc2isMQ0-i2Ph4AaABAg,UgxcQurc2isMQ0-i2Ph4AaABAg,UC7UWPgNV4p4GGKzoeFbHS8g,"Fetched 05/24/2026, 8:08:10 PM GMT+8"
33010,@joylee1468,10 days ago,❤❤❤ / Salamat po / sa KSI ng Distrito / Kapatid na Alvin Esguerra / pinangasiwaan po ang aming  / Pagsamba❤❤❤ / Lokal ng Atok Gold,https://www.youtube.com/watch?v=ROa3kbG5M0U&lc=UgzHyEVtXVTV6uDHvfR4AaABAg,UgzHyEVtXVTV6uDHvfR4AaABAg,UC7UWPgNV4p4GGKzoeFbHS8g,"Fetched 05/24/2026, 8:08:10 PM GMT+8"
33011,@joylee1468,10 days ago,😊😊😊 / Watching po / ❤❤❤ / Benguet / ❤❤❤. / Lokal.ng Atok Gold / ❤❤❤,https://www.youtube.com/watch?v=ROa3kbG5M0U&lc=UgwxXJ8o7XDPpbdhqkJ4AaABAg,UgwxXJ8o7XDPpbdhqkJ4AaABAg,UC7UWPgNV4p4GGKzoeFbHS8g,"Fetched 05/24/2026, 8:08:10 PM GMT+8"
33012,@joylee1468,10 days ago,Good Morning po / ❤❤❤ / Happy viewing po / ❤❤❤ / mula po / sa Lokal ng Atok Gold,https://www.youtube.com/watch?v=ROa3kbG5M0U&lc=Ugzxhh2Y2ng983VzIhl4AaABAg,Ugzxhh2Y2ng983VzIhl4AaABAg,UC7UWPgNV4p4GGKzoeFbHS8g,"Fetched 05/24/2026, 8:08:10 PM GMT+8"
33013,@joylee1468,10 days ago,❤❤❤ / 🎉🎉🎉 / Lets Go Bemguet / ❤❤❤ / Lokal ng  / Atok Gold / ❤❤❤,https://www.youtube.com/watch?v=ROa3kbG5M0U&lc=UgznJYfD9DIFVJaMy2N4AaABAg,UgznJYfD9DIFVJaMy2N4AaABAg,UC7UWPgNV4p4GGKzoeFbHS8g,"Fetched 05/24/2026, 8:08:10 PM GMT+8"
33014,@joylee1468,10 days ago,"""In our / God's / Greats / Power, / You / must Believe"" / ❤Lokal ng Ayok Gold",https://www.youtube.com/watch?v=ROa3kbG5M0U&lc=Ugx6N4Dj4MYFrW6lNcV4AaABAg,Ugx6N4Dj4MYFrW6lNcV4AaABAg,UC7UWPgNV4p4GGKzoeFbHS8g,"Fetched 05/24/2026, 8:08:10 PM GMT+8"
33015,@joylee1468,10 days ago,Happy / viewing / po / mula  / sa / Lokal ng Atok Gold,https://www.youtube.com/watch?v=ROa3kbG5M0U&lc=UgxXekCrQse19tqX6qd4AaABAg,UgxXekCrQse19tqX6qd4AaABAg,UC7UWPgNV4p4GGKzoeFbHS8g,"Fetched 05/24/2026, 8:08:10 PM GMT+8"
33016,@joylee1468,10 days ago,Lets go Benguet🎉🎉🎉 / Lokal ng Atok Gold,https://www.youtube.com/watch?v=ROa3kbG5M0U&lc=UgxIooVrtkIXfkm7Zld4AaABAg,UgxIooVrtkIXfkm7Zld4AaABAg,UC7UWPgNV4p4GGKzoeFbHS8g,"Fetched 05/24/2026, 8:08:10 PM GMT+8"
33017,@joylee1468,10 days ago,❤❤❤ / Goor morning po / ❤❤❤ / Lokal ng Atok Gold,https://www.youtube.com/watch?v=ROa3kbG5M0U&lc=UgxTo0um0IZb8GK4oZl4AaABAg,UgxTo0um0IZb8GK4oZl4AaABAg,UC7UWPgNV4p4GGKzoeFbHS8g,"Fetched 05/24/2026, 8:08:10 PM GMT+8"
33018,@PHEBIE-f7h,10 days ago,Good morning po. Early viewing dito sa Lokal ng Atok Gold.,https://www.youtube.com/watch?v=ROa3kbG5M0U&lc=UgxKjW23phHdkZlGwsZ4AaABAg,UgxKjW23phHdkZlGwsZ4AaABAg,UCNkJMMXP19AJSsNov8Fp3Ag,"Fetched 05/24/2026, 8:08:10 PM GMT+8"
33019,@TinyEnchanters,10 days ago (edited),Hola! Watching from Irisan  KALIHIM/REGISTRY /  / :face-blue-smiling::hand-pink-waving:,https://www.youtube.com/watch?v=ROa3kbG5M0U&lc=Ugz953voVow1d8kKyOF4AaABAg,Ugz953voVow1d8kKyOF4AaABAg,UCIYazOuVxb5StkuFYFMoMsg,"Fetched 05/24/2026, 8:08:10 PM GMT+8"
33020,@almazanrhyndylyn,10 days ago,Good morning po. Habang naghahanda sa umaga ay nakikinig at sumusuporta mula po sa Lokal ng Norcar at Kapisanang Kadiwa,https://www.youtube.com/watch?v=ROa3kbG5M0U&lc=UgyVXUyX0xXBud2AKtR4AaABAg,UgyVXUyX0xXBud2AKtR4AaABAg,UCEoQCNgytnJxjJnAQLSzFeA,"Fetched 05/24/2026, 8:08:10 PM GMT+8"
33021,@Rhuvy-f3n,10 days ago,"Good morning to all / full support from local of tuba,Benguet.",https://www.youtube.com/watch?v=ROa3kbG5M0U&lc=UgyflQ1V0ZUAAtjFOXB4AaABAg,UgyflQ1V0ZUAAtjFOXB4AaABAg,UC7ENaSn829WD44x8C1ersyA,"Fetched 05/24/2026, 8:08:10 PM GMT+8"
33022,@JonnerGuilod-ye5rs,10 days ago,Shout out po Ate Allen! / -Lokal ng Baguio City,https://www.youtube.com/watch?v=ROa3kbG5M0U&lc=UgxBfpIm1TOSqItiP-x4AaABAg,UgxBfpIm1TOSqItiP-x4AaABAg,UCqAZvKcFKWAYBEWjNAhZEZw,"Fetched 05/24/2026, 8:08:10 PM GMT+8"
33023,@JonnerGuilod-ye5rs,10 days ago,Shout out po Ate Andrea! / -Lokal ng Baguio City,https://www.youtube.com/watch?v=ROa3kbG5M0U&lc=UgznpDq6HCB-badOSs54AaABAg,UgznpDq6HCB-badOSs54AaABAg,UCqAZvKcFKWAYBEWjNAhZEZw,"Fetched 05/24/2026, 8:08:10 PM GMT+8"
33024,@JonnerGuilod-ye5rs,10 days ago,Shout out po Ate Crystal! / -Lokal ng Baguio City,https://www.youtube.com/watch?v=ROa3kbG5M0U&lc=UgzkPLQj-TKLSqVqCxB4AaABAg,UgzkPLQj-TKLSqVqCxB4AaABAg,UCqAZvKcFKWAYBEWjNAhZEZw,"Fetched 05/24/2026, 8:08:10 PM GMT+8"
33025,@JonnerGuilod-ye5rs,10 days ago,Shout out po Ate Karen Pagaduan! / -Lokal ng Baguio City,https://www.youtube.com/watch?v=ROa3kbG5M0U&lc=Ugzvwkty3lZf-O4XWuN4AaABAg,Ugzvwkty3lZf-O4XWuN4AaABAg,UCqAZvKcFKWAYBEWjNAhZEZw,"Fetched 05/24/2026, 8:08:10 PM GMT+8"
33026,@JonnerGuilod-ye5rs,10 days ago,Shout out po Ate Mira Pakipac! / -Lokal ng Baguio City,https://www.youtube.com/watch?v=ROa3kbG5M0U&lc=UgwdycHPWhVchmslCP14AaABAg,UgwdycHPWhVchmslCP14AaABAg,UCqAZvKcFKWAYBEWjNAhZEZw,"Fetched 05/24/2026, 8:08:10 PM GMT+8"
33027,@JonnerGuilod-ye5rs,10 days ago,Shout out po Lhexie Lynn! / -Lokal ng Baguio City,https://www.youtube.com/watch?v=ROa3kbG5M0U&lc=UgxkdzzmQM9oV5-QXv94AaABAg,UgxkdzzmQM9oV5-QXv94AaABAg,UCqAZvKcFKWAYBEWjNAhZEZw,"Fetched 05/24/2026, 8:08:10 PM GMT+8"
33028,@JonnerGuilod-ye5rs,10 days ago,Shout out po Ka Alden Bohol ang pinakamasipag na Katiwala ng Purok 6! / -Lokal ng Baguio City,https://www.youtube.com/watch?v=ROa3kbG5M0U&lc=UgzXmf7sV1Ug2pnzFm54AaABAg,UgzXmf7sV1Ug2pnzFm54AaABAg,UCqAZvKcFKWAYBEWjNAhZEZw,"Fetched 05/24/2026, 8:08:10 PM GMT+8"
33029,@JonnerGuilod-ye5rs,10 days ago,Shout out po Tita Eljane! / -Lokal ng Baguio City,https://www.youtube.com/watch?v=ROa3kbG5M0U&lc=Ugxm7Rxx1qkYHClublh4AaABAg,Ugxm7Rxx1qkYHClublh4AaABAg,UCqAZvKcFKWAYBEWjNAhZEZw,"Fetched 05/24/2026, 8:08:10 PM GMT+8"
33030,@JonnerGuilod-ye5rs,10 days ago,Shout out po Tita Alta! / -Lokal ng Baguio City,https://www.youtube.com/watch?v=ROa3kbG5M0U&lc=UgzDwjk_TQ7iiyC5EKh4AaABAg,UgzDwjk_TQ7iiyC5EKh4AaABAg,UCqAZvKcFKWAYBEWjNAhZEZw,"Fetched 05/24/2026, 8:08:10 PM GMT+8"
33031,@JonnerGuilod-ye5rs,10 days ago,Shout out po Ate Agatha  / -Lokal ng Baguio City!,https://www.youtube.com/watch?v=ROa3kbG5M0U&lc=Ugwy5egKLsm1LVPDJVZ4AaABAg,Ugwy5egKLsm1LVPDJVZ4AaABAg,UCqAZvKcFKWAYBEWjNAhZEZw,"Fetched 05/24/2026, 8:08:10 PM GMT+8"
33032,@JonnerGuilod-ye5rs,10 days ago,Shout out po sa inyong lahat na sa Lokal ng Baguio City! /  / -Lokal ng Baguio City,https://www.youtube.com/watch?v=ROa3kbG5M0U&lc=UgzXnYhV-A1LhQzlU4d4AaABAg,UgzXnYhV-A1LhQzlU4d4AaABAg,UCqAZvKcFKWAYBEWjNAhZEZw,"Fetched 05/24/2026, 8:08:10 PM GMT+8"
33033,@JonnerGuilod-ye5rs,10 days ago,Good Morning po! / Gising na mga Kapatid sa Lokal ng Baguio City!,https://www.youtube.com/watch?v=ROa3kbG5M0U&lc=Ugyd2nb2_exE6yqL5ER4AaABAg,Ugyd2nb2_exE6yqL5ER4AaABAg,UCqAZvKcFKWAYBEWjNAhZEZw,"Fetched 05/24/2026, 8:08:10 PM GMT+8"
33034,@JonnerGuilod-ye5rs,10 days ago,Let's Go Benguet! / BENGUET 🔛🔝 / Lokal ng Baguio City!,https://www.youtube.com/watch?v=ROa3kbG5M0U&lc=UgwF38Ub0TYsd7C_9QJ4AaABAg,UgwF38Ub0TYsd7C_9QJ4AaABAg,UCqAZvKcFKWAYBEWjNAhZEZw,"Fetched 05/24/2026, 8:08:10 PM GMT+8"
33035,@Jonnerguilod,10 days ago,Go Benguet! / -Lokal ng Baguio City,https://www.youtube.com/watch?v=ROa3kbG5M0U&lc=UgwqX4JcSO7fbxfHtJZ4AaABAg,UgwqX4JcSO7fbxfHtJZ4AaABAg,UCUziou_rMXx7lIZ3VI2K55Q,"Fetched 05/24/2026, 8:08:10 PM GMT+8"
33036,@johnreylucio8970,10 days ago,"Binabati ko po aming II-Tagapangasiwa ng Distrito ng Benguet, Kapatid na Ian Manalata /  / Mula po sa Kadiwa ng La Trinidad❤",https://www.youtube.com/watch?v=ROa3kbG5M0U&lc=UgyS6oM1frJUU0Qogc54AaABAg,UgyS6oM1frJUU0Qogc54AaABAg,UCNMupRD4ySrN336KZpy29OA,"Fetched 05/24/2026, 8:08:10 PM GMT+8"
33037,@johnreylucio8970,10 days ago,"Shawt awt sa Aming mga Destinado, Ka Noel Salting /  / - Kadiwa ng La Trinidad",https://www.youtube.com/watch?v=ROa3kbG5M0U&lc=Ugw_UzE78xJC7EHksDl4AaABAg,Ugw_UzE78xJC7EHksDl4AaABAg,UCNMupRD4ySrN336KZpy29OA,"Fetched 05/24/2026, 8:08:10 PM GMT+8"
33038,@johnreylucio8970,10 days ago,"Shawt awt sa Aming mga Destinado, Ka Albert Valdez /  / - Kadiwa ng La Trinidad",https://www.youtube.com/watch?v=ROa3kbG5M0U&lc=UgyLQnhF5K7W2BX7g2h4AaABAg,UgyLQnhF5K7W2BX7g2h4AaABAg,UCNMupRD4ySrN336KZpy29OA,"Fetched 05/24/2026, 8:08:10 PM GMT+8"
33039,@johnreylucio8970,10 days ago,"Shawt awt sa Aming mga Destinado, Ka Zoilo /  / - Kadiwa ng La Trinidad",https://www.youtube.com/watch?v=ROa3kbG5M0U&lc=UgzmhPXAU7wwzmFDvjd4AaABAg,UgzmhPXAU7wwzmFDvjd4AaABAg,UCNMupRD4ySrN336KZpy29OA,"Fetched 05/24/2026, 8:08:10 PM GMT+8"
33040,@johnreylucio8970,10 days ago,"Shawt awt sa Aming mga Destinado, Ka Eeh-Are Estopace /  / - Kadiwa ng La Trinidad",https://www.youtube.com/watch?v=ROa3kbG5M0U&lc=UgxVfqIXbLo0N1QRJjN4AaABAg,UgxVfqIXbLo0N1QRJjN4AaABAg,UCNMupRD4ySrN336KZpy29OA,"Fetched 05/24/2026, 8:08:10 PM GMT+8"
33041,@johnreylucio8970,10 days ago,"Shawt awt sa Aming mga Destinado, Ka Prince Jordan De Mesa /  / - Kadiwa ng La Trinidad",https://www.youtube.com/watch?v=ROa3kbG5M0U&lc=Ugxw8Lw4ReCpu789X3Z4AaABAg,Ugxw8Lw4ReCpu789X3Z4AaABAg,UCNMupRD4ySrN336KZpy29OA,"Fetched 05/24/2026, 8:08:10 PM GMT+8"
33042,@johnreylucio8970,10 days ago,Hindi talaga nakakasawa itoo!! patuloy ang ang aming suporta sa Lokal ng La Trinidad,https://www.youtube.com/watch?v=ROa3kbG5M0U&lc=Ugwug5x9CgActr_yBOJ4AaABAg,Ugwug5x9CgActr_yBOJ4AaABAg,UCNMupRD4ySrN336KZpy29OA,"Fetched 05/24/2026, 8:08:10 PM GMT+8"
33043,@johnreylucio8970,10 days ago,"Ilang Views nalang, TOP 3 na Ang BENGUET🎉❤❤ Let's Goo,,  /  / Mula po sa lokal ng La Trinidad",https://www.youtube.com/watch?v=ROa3kbG5M0U&lc=UgwVJ2f45-kUO4I76Rd4AaABAg,UgwVJ2f45-kUO4I76Rd4AaABAg,UCNMupRD4ySrN336KZpy29OA,"Fetched 05/24/2026, 8:08:10 PM GMT+8"
33044,@johnreylucio8970,10 days ago,Shawt awt sayo kuys Noel /  / - La Trinidad,https://www.youtube.com/watch?v=ROa3kbG5M0U&lc=UgzIu3WLp_8w86ZYyQh4AaABAg,UgzIu3WLp_8w86ZYyQh4AaABAg,UCNMupRD4ySrN336KZpy29OA,"Fetched 05/24/2026, 8:08:10 PM GMT+8"
33045,@johnreylucio8970,10 days ago,Shawt awt sayo kuys Bong /  / - La Trinidad,https://www.youtube.com/watch?v=ROa3kbG5M0U&lc=UgwhF82a0A_V2GnoBu14AaABAg,UgwhF82a0A_V2GnoBu14AaABAg,UCNMupRD4ySrN336KZpy29OA,"Fetched 05/24/2026, 8:08:10 PM GMT+8"
33046,@johnreylucio8970,10 days ago,Shawt awt sayo ate Kim /  / - La Trinidad,https://www.youtube.com/watch?v=ROa3kbG5M0U&lc=UgwiL6XxgQRwoPqrCV54AaABAg,UgwiL6XxgQRwoPqrCV54AaABAg,UCNMupRD4ySrN336KZpy29OA,"Fetched 05/24/2026, 8:08:10 PM GMT+8"
33047,@johnreylucio8970,10 days ago,Shawt awt sayo ate Ysay /  / - La Trinidad,https://www.youtube.com/watch?v=ROa3kbG5M0U&lc=UgygBr3Oy1gIz7Xzgt14AaABAg,UgygBr3Oy1gIz7Xzgt14AaABAg,UCNMupRD4ySrN336KZpy29OA,"Fetched 05/24/2026, 8:08:10 PM GMT+8"
33048,@johnreylucio8970,10 days ago,Shawt awt sayo ate Jaz /  / - La Trinidad,https://www.youtube.com/watch?v=ROa3kbG5M0U&lc=Ugw6d9rIZ-_s4f-mmEx4AaABAg,Ugw6d9rIZ-_s4f-mmEx4AaABAg,UCNMupRD4ySrN336KZpy29OA,"Fetched 05/24/2026, 8:08:10 PM GMT+8"
33049,@johnreylucio8970,10 days ago,Shawt awt sayo kuys Zedric /  / - La Trinidad,https://www.youtube.com/watch?v=ROa3kbG5M0U&lc=Ugz2AizIp3SsgLob-Mh4AaABAg,Ugz2AizIp3SsgLob-Mh4AaABAg,UCNMupRD4ySrN336KZpy29OA,"Fetched 05/24/2026, 8:08:10 PM GMT+8"
33050,@johnreylucio8970,10 days ago,Shawt Awt sayo ate Meryl /  / - La Trinidad,https://www.youtube.com/watch?v=ROa3kbG5M0U&lc=UgynblcWRz15j8DS44t4AaABAg,UgynblcWRz15j8DS44t4AaABAg,UCNMupRD4ySrN336KZpy29OA,"Fetched 05/24/2026, 8:08:10 PM GMT+8"
33051,@johnreylucio8970,10 days ago,Shawt Awt sayo ate Gwyn❤ /  / - La Trinidad,https://www.youtube.com/watch?v=ROa3kbG5M0U&lc=UgxIYjU80UtAcfOm1HN4AaABAg,UgxIYjU80UtAcfOm1HN4AaABAg,UCNMupRD4ySrN336KZpy29OA,"Fetched 05/24/2026, 8:08:10 PM GMT+8"
33052,@johnreylucio8970,10 days ago,Shawt Awt sayo ate Kristine❤ /  / - La Trinidad,https://www.youtube.com/watch?v=ROa3kbG5M0U&lc=Ugy4Zuc2h1-89t9cpet4AaABAg,Ugy4Zuc2h1-89t9cpet4AaABAg,UCNMupRD4ySrN336KZpy29OA,"Fetched 05/24/2026, 8:08:10 PM GMT+8"
33053,@johnreylucio8970,10 days ago,Shawt awt sayo ate Jasmine❤ /  / - La Trinidad,https://www.youtube.com/watch?v=ROa3kbG5M0U&lc=UgxBZ9c8ZdD6FZFydDx4AaABAg,UgxBZ9c8ZdD6FZFydDx4AaABAg,UCNMupRD4ySrN336KZpy29OA,"Fetched 05/24/2026, 8:08:10 PM GMT+8"
33054,@johnreylucio8970,10 days ago,Shawt Awt sayo kuys Carsel /  / - La Trinidad,https://www.youtube.com/watch?v=ROa3kbG5M0U&lc=UgzAz6rEm0fkCnAFKd54AaABAg,UgzAz6rEm0fkCnAFKd54AaABAg,UCNMupRD4ySrN336KZpy29OA,"Fetched 05/24/2026, 8:08:10 PM GMT+8"
33055,@johnreylucio8970,10 days ago,Shawt Awt sayo kuys Carsel /  / - La Trinidad,https://www.youtube.com/watch?v=ROa3kbG5M0U&lc=UgzYuEjnHKRNeu9MaQR4AaABAg,UgzYuEjnHKRNeu9MaQR4AaABAg,UCNMupRD4ySrN336KZpy29OA,"Fetched 05/24/2026, 8:08:10 PM GMT+8"
33056,@johnreylucio8970,10 days ago,Shawt Awt sayo kuys Rejomar /  / - La Trinidad,https://www.youtube.com/watch?v=ROa3kbG5M0U&lc=Ugw3EpG7BGbCSSR3AFl4AaABAg,Ugw3EpG7BGbCSSR3AFl4AaABAg,UCNMupRD4ySrN336KZpy29OA,"Fetched 05/24/2026, 8:08:10 PM GMT+8"
33057,@johnreylucio8970,10 days ago,Shawt Awt sayo kuys Rejomar /  / - La Trinidad,https://www.youtube.com/watch?v=ROa3kbG5M0U&lc=UgxgRaXAafTHdwY8Ftl4AaABAg,UgxgRaXAafTHdwY8Ftl4AaABAg,UCNMupRD4ySrN336KZpy29OA,"Fetched 05/24/2026, 8:08:10 PM GMT+8"
33058,@johnreylucio8970,10 days ago,Shawt awt sayo kuys John /  / - La Trinidad,https://www.youtube.com/watch?v=ROa3kbG5M0U&lc=Ugz_ovc6cfURpaI_5i94AaABAg,Ugz_ovc6cfURpaI_5i94AaABAg,UCNMupRD4ySrN336KZpy29OA,"Fetched 05/24/2026, 8:08:10 PM GMT+8"
33059,@johnreylucio8970,10 days ago,Shawt awt sayo ate Rhyn /  / - La Trinidad,https://www.youtube.com/watch?v=ROa3kbG5M0U&lc=UgwiZTzPceCaeOkWGul4AaABAg,UgwiZTzPceCaeOkWGul4AaABAg,UCNMupRD4ySrN336KZpy29OA,"Fetched 05/24/2026, 8:08:10 PM GMT+8"
33060,@johnreylucio8970,10 days ago,Shawt Awt sayo Ate Wink /  / -La Trinidad,https://www.youtube.com/watch?v=ROa3kbG5M0U&lc=Ugwqzzk3c-v_-8CbLHZ4AaABAg,Ugwqzzk3c-v_-8CbLHZ4AaABAg,UCNMupRD4ySrN336KZpy29OA,"Fetched 05/24/2026, 8:08:10 PM GMT+8"
33061,@johnreylucio8970,10 days ago,Shawt awt sayo ate Claire /  / - La Trinidad,https://www.youtube.com/watch?v=ROa3kbG5M0U&lc=Ugw4dwKrEOJuQsL1htx4AaABAg,Ugw4dwKrEOJuQsL1htx4AaABAg,UCNMupRD4ySrN336KZpy29OA,"Fetched 05/24/2026, 8:08:10 PM GMT+8"
33062,@johnreylucio8970,10 days ago,Shawt Awt sayo kuys JM /  / - La Trinidad,https://www.youtube.com/watch?v=ROa3kbG5M0U&lc=Ugwe8LRncpHEV_l4zPB4AaABAg,Ugwe8LRncpHEV_l4zPB4AaABAg,UCNMupRD4ySrN336KZpy29OA,"Fetched 05/24/2026, 8:08:10 PM GMT+8"
33063,@johnreylucio8970,10 days ago,Shawt awt sayo kuys Augie /  / - La Trinidad,https://www.youtube.com/watch?v=ROa3kbG5M0U&lc=UgzPkx2igwp4_j3Zfdl4AaABAg,UgzPkx2igwp4_j3Zfdl4AaABAg,UCNMupRD4ySrN336KZpy29OA,"Fetched 05/24/2026, 8:08:10 PM GMT+8"
33064,@johnreylucio8970,10 days ago,Shawt Awt sayo Kuys Jonie /  / - La Trinidad,https://www.youtube.com/watch?v=ROa3kbG5M0U&lc=UgxW3S57gXz8Lje-MlF4AaABAg,UgxW3S57gXz8Lje-MlF4AaABAg,UCNMupRD4ySrN336KZpy29OA,"Fetched 05/24/2026, 8:08:10 PM GMT+8"
33065,@johnreylucio8970,10 days ago,Shawt awt sayo kuys Ambo /  / - La Trinidad,https://www.youtube.com/watch?v=ROa3kbG5M0U&lc=UgyWhpnC_YvX2jq07PJ4AaABAg,UgyWhpnC_YvX2jq07PJ4AaABAg,UCNMupRD4ySrN336KZpy29OA,"Fetched 05/24/2026, 8:08:10 PM GMT+8"
33066,@johnreylucio8970,10 days ago,Shawt awt sayo Troy /  / -La Trinidad,https://www.youtube.com/watch?v=ROa3kbG5M0U&lc=UgyzNfwLEMR58CHFGYV4AaABAg,UgyzNfwLEMR58CHFGYV4AaABAg,UCNMupRD4ySrN336KZpy29OA,"Fetched 05/24/2026, 8:08:10 PM GMT+8"
33067,@johnreylucio8970,10 days ago,Shawt awt sau kuys Gelo /  / - La Trinidad,https://www.youtube.com/watch?v=ROa3kbG5M0U&lc=Ugz8FgivfUVeEdt-tU94AaABAg,Ugz8FgivfUVeEdt-tU94AaABAg,UCNMupRD4ySrN336KZpy29OA,"Fetched 05/24/2026, 8:08:10 PM GMT+8"
33068,@johnreylucio8970,10 days ago,Shawt awt sau Kuys Yancy /  / - La Trinidad,https://www.youtube.com/watch?v=ROa3kbG5M0U&lc=Ugyvf1Hs6Td_wGAG68l4AaABAg,Ugyvf1Hs6Td_wGAG68l4AaABAg,UCNMupRD4ySrN336KZpy29OA,"Fetched 05/24/2026, 8:08:10 PM GMT+8"
33069,@johnreylucio8970,10 days ago,"Hello, sa mga Kapwa ko KDO /  / - La Trinidad",https://www.youtube.com/watch?v=ROa3kbG5M0U&lc=UgxKDTAk1TSjjPUao-54AaABAg,UgxKDTAk1TSjjPUao-54AaABAg,UCNMupRD4ySrN336KZpy29OA,"Fetched 05/24/2026, 8:08:10 PM GMT+8"
33070,@johnreylucio8970,10 days ago,"Hi kay ate Febei Tabeline,, II kalihim ng Kadiwa sa Distrito, 🎉❤ /  / - La Trinidad",https://www.youtube.com/watch?v=ROa3kbG5M0U&lc=UgwXOu2Big4kZf4GQAF4AaABAg,UgwXOu2Big4kZf4GQAF4AaABAg,UCNMupRD4ySrN336KZpy29OA,"Fetched 05/24/2026, 8:08:10 PM GMT+8"
33071,@johnreylucio8970,10 days ago,"Hello din po kay Ate Jullienne Daludado, Ang Kalihim sa Kadiwa ng Distrito ng Benguet🎉❤ /  / - La Trinidad",https://www.youtube.com/watch?v=ROa3kbG5M0U&lc=UgyJhr9ggT2_WfMBH_J4AaABAg,UgyJhr9ggT2_WfMBH_J4AaABAg,UCNMupRD4ySrN336KZpy29OA,"Fetched 05/24/2026, 8:08:10 PM GMT+8"
33072,@johnreylucio8970,10 days ago,"Shawt awt din kay Ate Luisa, Pangalang Pangulong kadiwa sa Distrito ng Benguet🎉❤ /  / -La Trinidad",https://www.youtube.com/watch?v=ROa3kbG5M0U&lc=UgyZUhnBsybUztnwxEZ4AaABAg,UgyZUhnBsybUztnwxEZ4AaABAg,UCNMupRD4ySrN336KZpy29OA,"Fetched 05/24/2026, 8:08:10 PM GMT+8"
33073,@johnreylucio8970,10 days ago,"Shout out nga Pala sa aming Pangulong Kadiwa sa Distrito ng Benguet, Ang Alden ng Benguet,, Ka Honryy Caranto😂❤❤ /  / - La Trinidad / -Kadiwa",https://www.youtube.com/watch?v=ROa3kbG5M0U&lc=UgwQAeyjTBTWD2nyPsl4AaABAg,UgwQAeyjTBTWD2nyPsl4AaABAg,UCNMupRD4ySrN336KZpy29OA,"Fetched 05/24/2026, 8:08:10 PM GMT+8"
33074,@johnreylucio8970,10 days ago,"Good Morning mga kapwa ko KDO, gising na ,tas tulog mag hapon,❤🎉 /  / La Trinidad❤",https://www.youtube.com/watch?v=ROa3kbG5M0U&lc=UgxjWJa0mTjfg3zIqLB4AaABAg,UgxjWJa0mTjfg3zIqLB4AaABAg,UCNMupRD4ySrN336KZpy29OA,"Fetched 05/24/2026, 8:08:10 PM GMT+8"
33075,@johnreylucio8970,10 days ago,Binabati ko din ang kapatid na Wink Engrid Dela Rosa dahil sya ay Naka uwi na😂 /  / -La Trinidad,https://www.youtube.com/watch?v=ROa3kbG5M0U&lc=Ugy3sRcZvMSIddYZgdl4AaABAg,Ugy3sRcZvMSIddYZgdl4AaABAg,UCNMupRD4ySrN336KZpy29OA,"Fetched 05/24/2026, 8:08:10 PM GMT+8"
33076,@johnreylucio8970,10 days ago,Binabati ko din ang Mag Asawang Marlon at Geraldine Dulay saknilang Wedding Anniversary 🎉 / -La Trinidad,https://www.youtube.com/watch?v=ROa3kbG5M0U&lc=UgxB5BUesklSuJ_9Se54AaABAg,UgxB5BUesklSuJ_9Se54AaABAg,UCNMupRD4ySrN336KZpy29OA,"Fetched 05/24/2026, 8:08:10 PM GMT+8"
33077,@johnreylucio8970,10 days ago,"Malugod ko pong Binabati ang Kapatid na Rejomar Tayaban sa Kanyang Kaarawan ngayon,, Happy Birthday po /  / - Mula po sa Lokal ng La Trinidad🎉",https://www.youtube.com/watch?v=ROa3kbG5M0U&lc=Ugzh06ucQ_6NQoAbGYZ4AaABAg,Ugzh06ucQ_6NQoAbGYZ4AaABAg,UCNMupRD4ySrN336KZpy29OA,"Fetched 05/24/2026, 8:08:10 PM GMT+8"
33078,@johnreylucio8970,10 days ago,"Binabati ko din ang mga kapatid sa Longlong GWS , Pinangasiwaan po sila ng Tagapangasiwa ng Distrito, ang Kapatid na Ardy Mendoza, Kanina sa kanilng pagsamba❤❤  /  / -La Trinidad",https://www.youtube.com/watch?v=ROa3kbG5M0U&lc=UgzdFPnd_65AJWhLYup4AaABAg,UgzdFPnd_65AJWhLYup4AaABAg,UCNMupRD4ySrN336KZpy29OA,"Fetched 05/24/2026, 8:08:10 PM GMT+8"
33079,@johnreylucio8970,10 days ago,Shawt awt po sa mga Kapatid namin jan sa Lokal ng La Trinidad,https://www.youtube.com/watch?v=ROa3kbG5M0U&lc=Ugx-piexujcoMMCq1b54AaABAg,Ugx-piexujcoMMCq1b54AaABAg,UCNMupRD4ySrN336KZpy29OA,"Fetched 05/24/2026, 8:08:10 PM GMT+8"
33080,@johnreylucio8970,10 days ago,"Gising na po, mga tutupad ng madaling araw,,  / -La Trinidad",https://www.youtube.com/watch?v=ROa3kbG5M0U&lc=UgzJ2F06W4bxZcSLFX54AaABAg,UgzJ2F06W4bxZcSLFX54AaABAg,UCNMupRD4ySrN336KZpy29OA,"Fetched 05/24/2026, 8:08:10 PM GMT+8"
33081,@johnreylucio8970,10 days ago,Congratulations BENGUET!❤🎉🎉🎉 /  / Greetings po mula sa Lokal ng La Trinidad,https://www.youtube.com/watch?v=ROa3kbG5M0U&lc=UgxhbUmuupXK7mRN1N94AaABAg,UgxhbUmuupXK7mRN1N94AaABAg,UCNMupRD4ySrN336KZpy29OA,"Fetched 05/24/2026, 8:08:10 PM GMT+8"
33082,@johnreylucio8970,10 days ago,"ung nagising ka saglit, Tas na nanood ka nito, ay PERFECT🎉🎉 /  / La Trinidad",https://www.youtube.com/watch?v=ROa3kbG5M0U&lc=UgyogFHn5uHdT2So9VR4AaABAg,UgyogFHn5uHdT2So9VR4AaABAg,UCNMupRD4ySrN336KZpy29OA,"Fetched 05/24/2026, 8:08:10 PM GMT+8"
33083,@johnreylucio8970,10 days ago (edited),Happy Viewing po sa ating lahat! / -La Trinidad,https://www.youtube.com/watch?v=ROa3kbG5M0U&lc=Ugz6omHbdnGad4XF4kV4AaABAg,Ugz6omHbdnGad4XF4kV4AaABAg,UCNMupRD4ySrN336KZpy29OA,"Fetched 05/24/2026, 8:08:10 PM GMT+8"
33084,@johnreylucio8970,10 days ago,"Let's Go, Top 3,,  /  / La Trinidad",https://www.youtube.com/watch?v=ROa3kbG5M0U&lc=Ugx0XktlgcBzSrIDmql4AaABAg,Ugx0XktlgcBzSrIDmql4AaABAg,UCNMupRD4ySrN336KZpy29OA,"Fetched 05/24/2026, 8:08:10 PM GMT+8"
33085,@bettycastro746,10 days ago,"Good morning po watching po from locale of Riversude, District of Onange County CA",https://www.youtube.com/watch?v=ROa3kbG5M0U&lc=UgzhEEHuZSV_A0X_XE14AaABAg,UgzhEEHuZSV_A0X_XE14AaABAg,UCu7L4zkpJq-XBFFDu86pSjQ,"Fetched 05/24/2026, 8:08:10 PM GMT+8"
33086,@marjjram2564,10 days ago,"Magandang umaga po sa lahat ng nanonood / -Irisan, Benguet (KALIHIMAN/REGISTRY)",https://www.youtube.com/watch?v=ROa3kbG5M0U&lc=UgywrwqE9-8aI8gFHqJ4AaABAg,UgywrwqE9-8aI8gFHqJ4AaABAg,UCDwjKO298z81OBfpzmclVWw,"Fetched 05/24/2026, 8:08:10 PM GMT+8"
33087,@JonnerGuilod-ye5rs,10 days ago,"Happy Watching po mula sa Lokal ng Baguio City! /  / LET'S GO BENGUET🍓🍓🍓 /  / Pagbati po sa mga Binhi sa Lokal ng Upper Loacan GWS,nood na po mga Kapatid! /  / -Binhi District Officers 🌱",https://www.youtube.com/watch?v=ROa3kbG5M0U&lc=UgzlKyfIb3DnHbobWtl4AaABAg,UgzlKyfIb3DnHbobWtl4AaABAg,UCqAZvKcFKWAYBEWjNAhZEZw,"Fetched 05/24/2026, 8:08:10 PM GMT+8"
33088,@JonnerGuilod-ye5rs,10 days ago,"Happy Watching po mula sa Lokal ng Baguio City! /  / LET'S GO BENGUET🍓🍓🍓 /  / Pagbati po sa mga Binhi sa Lokal ng Sadag GWS,nood na po mga Kapatid! /  / -Binhi District Officers 🌱",https://www.youtube.com/watch?v=ROa3kbG5M0U&lc=Ugxst6UPduDgbtExAT54AaABAg,Ugxst6UPduDgbtExAT54AaABAg,UCqAZvKcFKWAYBEWjNAhZEZw,"Fetched 05/24/2026, 8:08:10 PM GMT+8"
33089,@JonnerGuilod-ye5rs,10 days ago,"Happy Watching po mula sa Lokal ng Baguio City! /  / LET'S GO BENGUET🍓🍓🍓 /  / Pagbati po sa mga Binhi sa Lokal ng Longlong GWS,nood na po mga Kapatid! /  / -Binhi District Officers 🌱",https://www.youtube.com/watch?v=ROa3kbG5M0U&lc=Ugykl0kPyB56jucI6Vp4AaABAg,Ugykl0kPyB56jucI6Vp4AaABAg,UCqAZvKcFKWAYBEWjNAhZEZw,"Fetched 05/24/2026, 8:08:10 PM GMT+8"
33090,@JonnerGuilod-ye5rs,10 days ago,"Happy Watching po mula sa Lokal ng Baguio City! /  / LET'S GO BENGUET🍓🍓🍓 /  / Pagbati po sa mga Binhi sa Lokal ng Kibungan Ext_Balakbak,nood na po mga Kapatid! /  / -Binhi District Officers 🌱",https://www.youtube.com/watch?v=ROa3kbG5M0U&lc=UgxSWImrj2hK0mUBPU94AaABAg,UgxSWImrj2hK0mUBPU94AaABAg,UCqAZvKcFKWAYBEWjNAhZEZw,"Fetched 05/24/2026, 8:08:10 PM GMT+8"
33091,@johnreylucio8970,10 days ago,"Good Morning po, Sino pa Gising jannn? / Nakaka miss talaga panuorin agad itong incmv na ito,, Let's Go Benguet🎉🎉🎉 /  / Mula po sa Lokal ng La Trinidad❤",https://www.youtube.com/watch?v=ROa3kbG5M0U&lc=UgzMjK_SEYfjmC2XHER4AaABAg,UgzMjK_SEYfjmC2XHER4AaABAg,UCNMupRD4ySrN336KZpy29OA,"Fetched 05/24/2026, 8:08:10 PM GMT+8"
33092,@JonnerGuilod-ye5rs,10 days ago,"Happy Watching po mula sa Lokal ng Baguio City! /  / LET'S GO BENGUET🍓🍓🍓 /  / Pagbati po sa mga Binhi sa Lokal ng Kamog GWS,nood na po mga Kapatid! /  / -Binhi District Officers 🌱",https://www.youtube.com/watch?v=ROa3kbG5M0U&lc=UgzdvZfBfZu-yvh1Ee14AaABAg,UgzdvZfBfZu-yvh1Ee14AaABAg,UCqAZvKcFKWAYBEWjNAhZEZw,"Fetched 05/24/2026, 8:08:10 PM GMT+8"
33093,@JonnerGuilod-ye5rs,10 days ago,"Happy Watching po mula sa Lokal ng Baguio City! /  / LET'S GO BENGUET🍓🍓🍓 /  / Pagbati po sa mga Binhi sa Lokal ng Bolinsak,nood na po mga Kapatid! /  / -Binhi District Officers 🌱",https://www.youtube.com/watch?v=ROa3kbG5M0U&lc=UgzawJIwgdpVE7XhUFB4AaABAg,UgzawJIwgdpVE7XhUFB4AaABAg,UCqAZvKcFKWAYBEWjNAhZEZw,"Fetched 05/24/2026, 8:08:10 PM GMT+8"
33094,@JonnerGuilod-ye5rs,10 days ago,"Happy Watching po mula sa Lokal ng Baguio City! /  / LET'S GO BENGUET🍓🍓🍓 /  / Pagbati po sa mga Binhi sa Lokal ng Pagal GWS,nood na po mga Kapatid! /  / -Binhi District Officers 🌱",https://www.youtube.com/watch?v=ROa3kbG5M0U&lc=UgxDDJ_yJA0sbx6iIW54AaABAg,UgxDDJ_yJA0sbx6iIW54AaABAg,UCqAZvKcFKWAYBEWjNAhZEZw,"Fetched 05/24/2026, 8:08:10 PM GMT+8"
33095,@carmiesoriano6540,10 days ago,Enjoying watching God's Love _Benguet. / Lokal Ng Baguio City🎉💚🤍❤️ / Let's go BENGUET🎉🍓,https://www.youtube.com/watch?v=ROa3kbG5M0U&lc=Ugxb7_cO_k_qYwNhfaV4AaABAg,Ugxb7_cO_k_qYwNhfaV4AaABAg,UCSiPA4ydTrtzrlUdPGpqTNQ,"Fetched 05/24/2026, 8:08:10 PM GMT+8"
33096,@JonnerGuilod-ye5rs,10 days ago,"Happy Watching po mula sa Lokal ng Baguio City! /  / LET'S GO BENGUET🍓🍓🍓 /  / Pagbati po sa mga Binhi sa Lokal ng Palew GWS(Lokal ng Tublay),nood na po mga Kapatid! /  / -Binhi District Officers 🌱",https://www.youtube.com/watch?v=ROa3kbG5M0U&lc=UgybLP3xfoHXitBy4yl4AaABAg,UgybLP3xfoHXitBy4yl4AaABAg,UCqAZvKcFKWAYBEWjNAhZEZw,"Fetched 05/24/2026, 8:08:10 PM GMT+8"
33097,@JonnerGuilod-ye5rs,10 days ago,"Happy Watching po mula sa Lokal ng Baguio City! /  / LET'S GO BENGUET🍓🍓🍓 /  / Pagbati po sa mga Binhi sa Lokal ng Ucab GWS,nood na po mga Kapatid! /  / -Binhi District Officers 🌱",https://www.youtube.com/watch?v=ROa3kbG5M0U&lc=UgxrQopHQi0LM_h9mKl4AaABAg,UgxrQopHQi0LM_h9mKl4AaABAg,UCqAZvKcFKWAYBEWjNAhZEZw,"Fetched 05/24/2026, 8:08:10 PM GMT+8"
33098,@JonnerGuilod-ye5rs,10 days ago,"Happy Watching po mula sa Lokal ng Baguio City! /  / LET'S GO BENGUET🍓🍓🍓 /  / Pagbati po sa mga Binhi sa Lokal ng Twin Peaks GWS,nood na po mga Kapatid! /  / -Binhi District Officers 🌱",https://www.youtube.com/watch?v=ROa3kbG5M0U&lc=Ugy8E6ZMO6doj_8vK054AaABAg,Ugy8E6ZMO6doj_8vK054AaABAg,UCqAZvKcFKWAYBEWjNAhZEZw,"Fetched 05/24/2026, 8:08:10 PM GMT+8"
33099,@JonnerGuilod-ye5rs,10 days ago,"Happy Watching po mula sa Lokal ng Baguio City! /  / LET'S GO BENGUET🍓🍓🍓 /  / Pagbati po sa mga Binhi sa Lokal ng Tublay,nood na po mga Kapatid! /  / -Binhi District Officers 🌱",https://www.youtube.com/watch?v=ROa3kbG5M0U&lc=UgxdAm-lxwkHqvrwWEN4AaABAg,UgxdAm-lxwkHqvrwWEN4AaABAg,UCqAZvKcFKWAYBEWjNAhZEZw,"Fetched 05/24/2026, 8:08:10 PM GMT+8"
33100,@JonnerGuilod-ye5rs,10 days ago,"Happy Watching po mula sa Lokal ng Baguio City! /  / 🎉 LET'S GO BENGUET🎉 /  / Pagbati po sa mga Binhi sa Lokal ng Tuba,nood na po mga Kapatid! /  / -Binhi District Officers🌱",https://www.youtube.com/watch?v=ROa3kbG5M0U&lc=UgzsFGw2nSzvIjEfwQl4AaABAg,UgzsFGw2nSzvIjEfwQl4AaABAg,UCqAZvKcFKWAYBEWjNAhZEZw,"Fetched 05/24/2026, 8:08:10 PM GMT+8"
33101,@JonnerGuilod-ye5rs,10 days ago,"Happy Watching po mula sa Lokal ng Baguio City! /  / 🎉 LET'S GO BENGUET🎉 /  / Pagbati po sa mga Binhi sa Lokal ng Tomay,nood na po mga Kapatid! /  / -Binhi District Officers 🌱",https://www.youtube.com/watch?v=ROa3kbG5M0U&lc=UgwXTU4uOCP_RWixI3x4AaABAg,UgwXTU4uOCP_RWixI3x4AaABAg,UCqAZvKcFKWAYBEWjNAhZEZw,"Fetched 05/24/2026, 8:08:10 PM GMT+8"
33102,@JonnerGuilod-ye5rs,10 days ago,"Happy Watching po mula sa Lokal ng Baguio City! /  / 🎉 LET'S GO BENGUET🎉 /  / Pagbati po sa mga Binhi sa Lokal ng Taloy Sur,nood na po mga Kapatid! /  / -BinDO🌱",https://www.youtube.com/watch?v=ROa3kbG5M0U&lc=UgyfayGkjZooOrhze6h4AaABAg,UgyfayGkjZooOrhze6h4AaABAg,UCqAZvKcFKWAYBEWjNAhZEZw,"Fetched 05/24/2026, 8:08:10 PM GMT+8"
33103,@JonnerGuilod-ye5rs,10 days ago,"Happy Watching po mula sa Lokal ng Baguio City! /  / BENGUET 🔛🔝 /  / Pagbati po sa mga Binhi sa Lokal ng Tadiangan,nood na po mga Kapatid! /  / -BinDO🌱",https://www.youtube.com/watch?v=ROa3kbG5M0U&lc=UgxdP5TbQj9tNntDylF4AaABAg,UgxdP5TbQj9tNntDylF4AaABAg,UCqAZvKcFKWAYBEWjNAhZEZw,"Fetched 05/24/2026, 8:08:10 PM GMT+8"
33104,@JonnerGuilod-ye5rs,10 days ago,"Happy Watching po mula sa Lokal ng Baguio City! /  / 🎉BENGUET🎉 🔛🔝 /  / Pagbati po sa mga Binhi sa Lokal ng Sayatan,nood na po mga Kapatid, huwag kalimutang mag Share,Like and Comment!  /  / -BinDO🌱",https://www.youtube.com/watch?v=ROa3kbG5M0U&lc=Ugwc_qoeMS7bjHzCCo14AaABAg,Ugwc_qoeMS7bjHzCCo14AaABAg,UCqAZvKcFKWAYBEWjNAhZEZw,"Fetched 05/24/2026, 8:08:10 PM GMT+8"
33105,@JonnerGuilod-ye5rs,10 days ago,"Happy Watching po mula sa Lokal ng Baguio City! /  / 🎉BENGUET🎉 🔛🔝 /  / Pagbati po sa mga Binhi sa Lokal ng Sayangan Ext,nood na po mga Kapatid! /  / -BinDO🌱",https://www.youtube.com/watch?v=ROa3kbG5M0U&lc=Ugz5ICQkAceI5TfEs6h4AaABAg,Ugz5ICQkAceI5TfEs6h4AaABAg,UCqAZvKcFKWAYBEWjNAhZEZw,"Fetched 05/24/2026, 8:08:10 PM GMT+8"
33106,@johnreylucio8970,10 days ago,No Repetitive comments,https://www.youtube.com/watch?v=ROa3kbG5M0U&lc=UgzsFGw2nSzvIjEfwQl4AaABAg.AWkl30oK8ixAWkmOCKgm2Z,UgzsFGw2nSzvIjEfwQl4AaABAg.AWkl30oK8ixAWkmOCKgm2Z,UCNMupRD4ySrN336KZpy29OA,"Fetched 05/24/2026, 8:08:10 PM GMT+8"
33107,@JonnerGuilod-ye5rs,10 days ago,"Happy Watching po mula sa Lokal ng Baguio City! /  / 🍓🍓🍓 /  / Pagbati po sa mga Binhi sa Lokal ng San Luis,nood na po mga Kapatid! /  / -BinDO🌱",https://www.youtube.com/watch?v=ROa3kbG5M0U&lc=UgwnMx3pEFM-cqPHG2J4AaABAg,UgwnMx3pEFM-cqPHG2J4AaABAg,UCqAZvKcFKWAYBEWjNAhZEZw,"Fetched 05/24/2026, 8:08:10 PM GMT+8"
33108,@JonnerGuilod-ye5rs,10 days ago,"Happy Watching po mula sa Lokal ng Baguio City! /  / 🍓🍓🍓 /  / Pagbati po sa mga Binhi sa Lokal ng San Carlos Heights,nood na po mga Kapatid, huwag kalimutang mag Share, Like and Comment! /  / -BinDO🌱",https://www.youtube.com/watch?v=ROa3kbG5M0U&lc=UgwVLIShr0CYWJb8Ppx4AaABAg,UgwVLIShr0CYWJb8Ppx4AaABAg,UCqAZvKcFKWAYBEWjNAhZEZw,"Fetched 05/24/2026, 8:08:10 PM GMT+8"
33109,@JonnerGuilod-ye5rs,10 days ago,"Happy Watching po mula sa Lokal ng Baguio City! /  / 🍓🍓🍓 /  / Pagbati po sa mga Binhi sa Lokal ng Sablan,nood na po mga Kapatid! /  / -BinDO🌱",https://www.youtube.com/watch?v=ROa3kbG5M0U&lc=UgxrVcZoXk4SqPpuXkt4AaABAg,UgxrVcZoXk4SqPpuXkt4AaABAg,UCqAZvKcFKWAYBEWjNAhZEZw,"Fetched 05/24/2026, 8:08:10 PM GMT+8"
33110,@carmiesoriano6540,10 days ago,"Binabati ko po lahat ng pananalapi ng Lokal ng Baguio City, God'Love_Benguet💚🤍❤️ / Let's go BENGUET🥰🥰",https://www.youtube.com/watch?v=ROa3kbG5M0U&lc=UgyLU5bXrk-YAyTcTNx4AaABAg,UgyLU5bXrk-YAyTcTNx4AaABAg,UCSiPA4ydTrtzrlUdPGpqTNQ,"Fetched 05/24/2026, 8:08:10 PM GMT+8"
33111,@JonnerGuilod-ye5rs,10 days ago,"Happy Watching po mula sa Lokal ng Baguio City! /  / 🍓🍓🍓 /  / Pagbati po sa mga Binhi sa Lokal ng Quezon Hill sa pangunguna ng kanilang Pangulong Binhi Ka. Edreanne Suarez,nood na po mga Kapatid! /  / -BinDO🌱",https://www.youtube.com/watch?v=ROa3kbG5M0U&lc=UgxNZkSC0D9x-qXYnSh4AaABAg,UgxNZkSC0D9x-qXYnSh4AaABAg,UCqAZvKcFKWAYBEWjNAhZEZw,"Fetched 05/24/2026, 8:08:10 PM GMT+8"
33112,@JonnerGuilod-ye5rs,10 days ago,"Happy Watching po mula sa Lokal ng Baguio City! /  / 🍓🍓🍓 /  / Pagbati po sa mga Binhi sa Lokal ng Posos,nood na po mga Kapatid! /  / -BinDO🌱",https://www.youtube.com/watch?v=ROa3kbG5M0U&lc=UgwMaV4ktJIIsQEa8wt4AaABAg,UgwMaV4ktJIIsQEa8wt4AaABAg,UCqAZvKcFKWAYBEWjNAhZEZw,"Fetched 05/24/2026, 8:08:10 PM GMT+8"
33113,@JonnerGuilod-ye5rs,10 days ago,"Happy Watching po mula sa Lokal ng Baguio City! /  / 🍓🍓🍓 /  / Pagbati po sa mga Binhi sa Lokal ng Pinsao,nood na po mga Kapatid! /  / -BinDO🌱",https://www.youtube.com/watch?v=ROa3kbG5M0U&lc=Ugz5xh_D7YYg4G52EKp4AaABAg,Ugz5xh_D7YYg4G52EKp4AaABAg,UCqAZvKcFKWAYBEWjNAhZEZw,"Fetched 05/24/2026, 8:08:10 PM GMT+8"
33114,@JonnerGuilod-ye5rs,10 days ago,"Happy Watching po mula sa Lokal ng Baguio City! /  / BENGUET 🔛🔝 / Pagbati po sa mga Binhi sa Lokal ng Philex Mines,nood na po mga Kapatid sa Marcos Highway! /  / -BinDO🌱",https://www.youtube.com/watch?v=ROa3kbG5M0U&lc=UgyE_Zxtl8ibrg55TUx4AaABAg,UgyE_Zxtl8ibrg55TUx4AaABAg,UCqAZvKcFKWAYBEWjNAhZEZw,"Fetched 05/24/2026, 8:08:10 PM GMT+8"
33115,@JonnerGuilod-ye5rs,10 days ago,"Happy Watching po mula sa Lokal ng Baguio City! /  / Pagbati po sa mga Binhi sa Lokal ng Penged,nood na po mga Kapatid!🎉 /  / -BinDO🌱",https://www.youtube.com/watch?v=ROa3kbG5M0U&lc=Ugx9dn9NJTRLiv3ATdh4AaABAg,Ugx9dn9NJTRLiv3ATdh4AaABAg,UCqAZvKcFKWAYBEWjNAhZEZw,"Fetched 05/24/2026, 8:08:10 PM GMT+8"
33116,@JonnerGuilod-ye5rs,10 days ago,Good Morning po watching from Lokal ng Baguio City,https://www.youtube.com/watch?v=ROa3kbG5M0U&lc=Ugz_vOfEmESxQSmcaoN4AaABAg,Ugz_vOfEmESxQSmcaoN4AaABAg,UCqAZvKcFKWAYBEWjNAhZEZw,"Fetched 05/24/2026, 8:08:10 PM GMT+8"
33117,@ZaipheryUmi,10 days ago (edited),Sama-sama po kaming pamilya sa panonood para ipakita po ang aming suporta sa Distrito. Go BENGUET. suporta mula sa Lokal po Ng AtokGold,https://www.youtube.com/watch?v=ROa3kbG5M0U&lc=UgxPNJhXQVi0qK8KAP94AaABAg,UgxPNJhXQVi0qK8KAP94AaABAg,UCnlJT5TsJtofdbG4iPWwvGQ,"Fetched 05/24/2026, 8:08:10 PM GMT+8"
33118,@carmiesoriano6540,10 days ago (edited),Binabati  ko po  ang lahat ng Diakono at Diakonesa ng Lokal ng Baguio city💚🤍❤️ / Let's go Benguet🥰,https://www.youtube.com/watch?v=ROa3kbG5M0U&lc=Ugx5ErTUh8gWzTXRh3B4AaABAg,Ugx5ErTUh8gWzTXRh3B4AaABAg,UCSiPA4ydTrtzrlUdPGpqTNQ,"Fetched 05/24/2026, 8:08:10 PM GMT+8"
33119,@PHEBIE-f7h,10 days ago (edited),Listening to this song while waiting to fall asleep. / Good night po to all  brethren. -Lokal ng AtokGold❤❤❤,https://www.youtube.com/watch?v=ROa3kbG5M0U&lc=UgzKCvPrCXfG_W4iDY14AaABAg,UgzKCvPrCXfG_W4iDY14AaABAg,UCNkJMMXP19AJSsNov8Fp3Ag,"Fetched 05/24/2026, 8:08:10 PM GMT+8"
33120,@joylee1468,10 days ago,happy viewing.mula po sa Lokal ng Atok Gold,https://www.youtube.com/watch?v=ROa3kbG5M0U&lc=Ugz6nr-tcOTcLFkOBfJ4AaABAg,Ugz6nr-tcOTcLFkOBfJ4AaABAg,UC7UWPgNV4p4GGKzoeFbHS8g,"Fetched 05/24/2026, 8:08:10 PM GMT+8"
33121,@mayvehn,10 days ago,Watching po.mula sa Lokal ng Atok Gold,https://www.youtube.com/watch?v=ROa3kbG5M0U&lc=UgzpF5a2mElq3n8fCvV4AaABAg,UgzpF5a2mElq3n8fCvV4AaABAg,UCivhdJ2CQeLK8tlG7Wh2BSQ,"Fetched 05/24/2026, 8:08:10 PM GMT+8"
33122,@jaimegabriel2115,10 days ago,"Quezon Hill, Benguet",https://www.youtube.com/watch?v=ROa3kbG5M0U&lc=UgxFyizoKMnlueNasXx4AaABAg,UgxFyizoKMnlueNasXx4AaABAg,UCoaJINYQMe9Q8GAjCPoVMXQ,"Fetched 05/24/2026, 8:08:10 PM GMT+8"
33123,@jhonmarksecuaten6481,10 days ago,Good evening po mga kapatid from lokal po ng baguio city 🎉🎉🎉🎉,https://www.youtube.com/watch?v=ROa3kbG5M0U&lc=Ugz8NDW4TBY9d-qxW_d4AaABAg,Ugz8NDW4TBY9d-qxW_d4AaABAg,UC8G31XxC8pIwrheIbbmrv2w,"Fetched 05/24/2026, 8:08:10 PM GMT+8"
33124,@JennilynLazaro-y5x6v,10 days ago,His wondrous Love ❤❤ / 🎵🎶 Atok Gold,https://www.youtube.com/watch?v=ROa3kbG5M0U&lc=Ugx1k95VcxlpjEItret4AaABAg,Ugx1k95VcxlpjEItret4AaABAg,UCItB-k__Z6a289WuGtIxsbw,"Fetched 05/24/2026, 8:08:10 PM GMT+8"
33125,@JennilynLazaro-y5x6v,10 days ago,Patuloy pong nakikiisa ang aming lokal mula po sa ATOK GOLD😊😊,https://www.youtube.com/watch?v=ROa3kbG5M0U&lc=UgyLOcrlCNJyXDIlBdp4AaABAg,UgyLOcrlCNJyXDIlBdp4AaABAg,UCItB-k__Z6a289WuGtIxsbw,"Fetched 05/24/2026, 8:08:10 PM GMT+8"
33126,@JennilynLazaro-y5x6v,10 days ago,Go! BENGUET ❤ / 🌸 atok gold,https://www.youtube.com/watch?v=ROa3kbG5M0U&lc=UgyOZd9Ew9lkfvec8uN4AaABAg,UgyOZd9Ew9lkfvec8uN4AaABAg,UCItB-k__Z6a289WuGtIxsbw,"Fetched 05/24/2026, 8:08:10 PM GMT+8"
33127,@JennilynLazaro-y5x6v,10 days ago,Greetings po sa mga nanonood 😊 / ATOK GOLD,https://www.youtube.com/watch?v=ROa3kbG5M0U&lc=Ugx2lX5Hr8KaNru5mvJ4AaABAg,Ugx2lX5Hr8KaNru5mvJ4AaABAg,UCItB-k__Z6a289WuGtIxsbw,"Fetched 05/24/2026, 8:08:10 PM GMT+8"
33128,@BnHydn_3,10 days ago,"Shoutout sa lahat ng maytungkulin sa distrito, mula sa lokal ng La Trinidad",https://www.youtube.com/watch?v=ROa3kbG5M0U&lc=UgykWN_2tnoUp521goF4AaABAg,UgykWN_2tnoUp521goF4AaABAg,UCKZxY6b5mH_zsnldMnxGIpQ,"Fetched 05/24/2026, 8:08:10 PM GMT+8"
33129,@BnHydn_3,10 days ago,♥️Let's go Benguet ♥️ / 💚 Local ng La Trinidad 💚,https://www.youtube.com/watch?v=ROa3kbG5M0U&lc=UgyU-I54paMdjk5BPpJ4AaABAg,UgyU-I54paMdjk5BPpJ4AaABAg,UCKZxY6b5mH_zsnldMnxGIpQ,"Fetched 05/24/2026, 8:08:10 PM GMT+8"
33130,@BnHydn_3,10 days ago,Love watching this👏 / -Lokal ng La Trinidad,https://www.youtube.com/watch?v=ROa3kbG5M0U&lc=Ugy7ItR2l8hLq0cZknF4AaABAg,Ugy7ItR2l8hLq0cZknF4AaABAg,UCKZxY6b5mH_zsnldMnxGIpQ,"Fetched 05/24/2026, 8:08:10 PM GMT+8"
33131,@BnHydn_3,10 days ago,Good evening everyone ♥️🌌 / Love and support Mula po sa lokal ng La Trinidad,https://www.youtube.com/watch?v=ROa3kbG5M0U&lc=Ugzkcev0oMz5o3Nofcp4AaABAg,Ugzkcev0oMz5o3Nofcp4AaABAg,UCKZxY6b5mH_zsnldMnxGIpQ,"Fetched 05/24/2026, 8:08:10 PM GMT+8"
33132,@JonnerGuilod-ye5rs,10 days ago,Happy Viewing po mula po sa Lokal ng Baguio City!,https://www.youtube.com/watch?v=ROa3kbG5M0U&lc=UgxdocAzQLzlodcmimZ4AaABAg,UgxdocAzQLzlodcmimZ4AaABAg,UCqAZvKcFKWAYBEWjNAhZEZw,"Fetched 05/24/2026, 8:08:10 PM GMT+8"
33133,@BnHydn_3,10 days ago,happy watching mga kapatid! / -Lokal ng La Trinidad,https://www.youtube.com/watch?v=ROa3kbG5M0U&lc=UgzB4KAmatJrxsXxfZZ4AaABAg,UgzB4KAmatJrxsXxfZZ4AaABAg,UCKZxY6b5mH_zsnldMnxGIpQ,"Fetched 05/24/2026, 8:08:10 PM GMT+8"
33134,@almazanrhyndylyn,10 days ago (edited),Road to 21k 🎉🎉🎉 /  / Muli po congratulations sa ating Distrito for reaching 20k. Nakalahati po agad💕💕. /  / Patuloy pong pagsuporta at pakikinig. /  / From: Lokal ng Norcar at Benguet Kadiwa District Officers,https://www.youtube.com/watch?v=ROa3kbG5M0U&lc=UgxvcT3Qk7QYvq401hJ4AaABAg,UgxvcT3Qk7QYvq401hJ4AaABAg,UCEoQCNgytnJxjJnAQLSzFeA,"Fetched 05/24/2026, 8:08:10 PM GMT+8"
33135,@almazanrhyndylyn,10 days ago,Good night po. Huling panonooad po bago matulog.  /  / ❤ Lokal ng Norcar / ❤ Benguet Kadiwa District Officers,https://www.youtube.com/watch?v=ROa3kbG5M0U&lc=UgyHMXEc3mtOl87Af6V4AaABAg,UgyHMXEc3mtOl87Af6V4AaABAg,UCEoQCNgytnJxjJnAQLSzFeA,"Fetched 05/24/2026, 8:08:10 PM GMT+8"
33136,@PHEBIE-f7h,10 days ago,Happy viewing po sa lahat ng mga kapatid. Pagbati po mula sa mga Buklod ng AtokGold,https://www.youtube.com/watch?v=ROa3kbG5M0U&lc=UgzA1ymVlm8JbNsvikZ4AaABAg,UgzA1ymVlm8JbNsvikZ4AaABAg,UCNkJMMXP19AJSsNov8Fp3Ag,"Fetched 05/24/2026, 8:08:10 PM GMT+8"
33137,@PHEBIE-f7h,10 days ago,Still streaming from lokal ng Atok Gold. GO BENGUET!,https://www.youtube.com/watch?v=ROa3kbG5M0U&lc=Ugx0jfAYDvhUTYX5YuF4AaABAg,Ugx0jfAYDvhUTYX5YuF4AaABAg,UCNkJMMXP19AJSsNov8Fp3Ag,"Fetched 05/24/2026, 8:08:10 PM GMT+8"
33138,@HermeniaBurgos,10 days ago,Perfect soundtrip po everyday  /  / -Lokal ng Norcar,https://www.youtube.com/watch?v=ROa3kbG5M0U&lc=Ugz6LWfYPGpZm8oVoVF4AaABAg,Ugz6LWfYPGpZm8oVoVF4AaABAg,UC0pdkEU5A7kafS24ezIewAA,"Fetched 05/24/2026, 8:08:10 PM GMT+8"
33139,@HermeniaBurgos,10 days ago,Ganda ng ating INCMV -NORCAR,https://www.youtube.com/watch?v=ROa3kbG5M0U&lc=Ugy2i4LJCDbpjUzAXUR4AaABAg,Ugy2i4LJCDbpjUzAXUR4AaABAg,UC0pdkEU5A7kafS24ezIewAA,"Fetched 05/24/2026, 8:08:10 PM GMT+8"
33140,@HermeniaBurgos,10 days ago,Good night Po sa ating lahat! Enjoy watching Po mula sa Lokal ng Norcar,https://www.youtube.com/watch?v=ROa3kbG5M0U&lc=UgyfywdTIeLPG_liGfR4AaABAg,UgyfywdTIeLPG_liGfR4AaABAg,UC0pdkEU5A7kafS24ezIewAA,"Fetched 05/24/2026, 8:08:10 PM GMT+8"
33141,@haielei2869,10 days ago,Good night po. Before going to sleep po mag watch muna and i-enjoy ang ating INCMV 🥰 mula po sa Lokal ng Norcar,https://www.youtube.com/watch?v=ROa3kbG5M0U&lc=UgygCrQFuNfBOIVx1DB4AaABAg,UgygCrQFuNfBOIVx1DB4AaABAg,UCf3PWHW8mj2mncX07kw9ZQw,"Fetched 05/24/2026, 8:08:10 PM GMT+8"
33142,@mayvehn,10 days ago,Watching po mula sa Lokal ng Atok Gold,https://www.youtube.com/watch?v=ROa3kbG5M0U&lc=UgzpY4UTpaT7vCWfRpt4AaABAg,UgzpY4UTpaT7vCWfRpt4AaABAg,UCivhdJ2CQeLK8tlG7Wh2BSQ,"Fetched 05/24/2026, 8:08:10 PM GMT+8"
33143,@mayvehn,10 days ago,Let's Go Benguet!!! / Let's Go Lokal ng Atok Gold,https://www.youtube.com/watch?v=ROa3kbG5M0U&lc=UgxOIfhooZ11bBjXItZ4AaABAg,UgxOIfhooZ11bBjXItZ4AaABAg,UCivhdJ2CQeLK8tlG7Wh2BSQ,"Fetched 05/24/2026, 8:08:10 PM GMT+8"
33144,@luibustamante9493,10 days ago (edited),Playing God's Love before sleeping is a must. Woooohooo 20k na tayo  /  / Let's Go Benguet 🎉🍓🍓🍓 Counting for 21k tomorrow. 🔥💪 /  / -Mula po sa Kadiwa MT ng Lokal ng Tuba,https://www.youtube.com/watch?v=ROa3kbG5M0U&lc=UgzCMaMowgMmO30dmnZ4AaABAg,UgzCMaMowgMmO30dmnZ4AaABAg,UCFAmrhDmv6rvZrQoYp-IS9w,"Fetched 05/24/2026, 8:08:10 PM GMT+8"
33145,@mayvehn,10 days ago,Happy viewing po.mula sa Lokal ng Atok Gold,https://www.youtube.com/watch?v=ROa3kbG5M0U&lc=UgznreWlF1ZoVUOoxpp4AaABAg,UgznreWlF1ZoVUOoxpp4AaABAg,UCivhdJ2CQeLK8tlG7Wh2BSQ,"Fetched 05/24/2026, 8:08:10 PM GMT+8"
33146,@mayvehn,10 days ago,Watching po mula sa Lokal ng Atok Gold,https://www.youtube.com/watch?v=ROa3kbG5M0U&lc=UgzK1RKZvJoLiXmFxGd4AaABAg,UgzK1RKZvJoLiXmFxGd4AaABAg,UCivhdJ2CQeLK8tlG7Wh2BSQ,"Fetched 05/24/2026, 8:08:10 PM GMT+8"
33147,@mayvehn,10 days ago,Magandang gabi po / Patuloy na nanonood / Patuloy na sumusuporta / mula po sa Lokal ng Atok Gold,https://www.youtube.com/watch?v=ROa3kbG5M0U&lc=UgwM4mx7TseN3Pc4JVV4AaABAg,UgwM4mx7TseN3Pc4JVV4AaABAg,UCivhdJ2CQeLK8tlG7Wh2BSQ,"Fetched 05/24/2026, 8:08:10 PM GMT+8"
33148,@carmiesoriano6540,10 days ago,"Magandang Gabi po, watching po Mula sa LOKAL NG BAGUIO CITY❤",https://www.youtube.com/watch?v=ROa3kbG5M0U&lc=Ugx7zlTtCKKuZ4g0zit4AaABAg,Ugx7zlTtCKKuZ4g0zit4AaABAg,UCSiPA4ydTrtzrlUdPGpqTNQ,"Fetched 05/24/2026, 8:08:10 PM GMT+8"
33149,@joylee1468,10 days ago,Happy / viewing / po!!! / 🎉🎉🎉 / Lokal ng Atok Gold,https://www.youtube.com/watch?v=ROa3kbG5M0U&lc=UgxClnsV6gFhcr8LJ9J4AaABAg,UgxClnsV6gFhcr8LJ9J4AaABAg,UC7UWPgNV4p4GGKzoeFbHS8g,"Fetched 05/24/2026, 8:08:10 PM GMT+8"
33150,@joylee1468,10 days ago,#INCMV / # God's Love / #Benguet / #Lokal ng Atok Gold,https://www.youtube.com/watch?v=ROa3kbG5M0U&lc=UgzdvVFkBq4KUUUnWlB4AaABAg,UgzdvVFkBq4KUUUnWlB4AaABAg,UC7UWPgNV4p4GGKzoeFbHS8g,"Fetched 05/24/2026, 8:08:10 PM GMT+8"
33151,@joylee1468,10 days ago,❤God's Love / ❤❤Distrito ng Benguet / ❤❤❤Lokal ng Atok Gold,https://www.youtube.com/watch?v=ROa3kbG5M0U&lc=UgyXqu6-2kw2PyR3cJx4AaABAg,UgyXqu6-2kw2PyR3cJx4AaABAg,UC7UWPgNV4p4GGKzoeFbHS8g,"Fetched 05/24/2026, 8:08:10 PM GMT+8"
33152,@joylee1468,10 days ago,😊😊Watching po.mula sa Lokal ng Atok Gold❤,https://www.youtube.com/watch?v=ROa3kbG5M0U&lc=UgyjFKbandaFKDfrBgB4AaABAg,UgyjFKbandaFKDfrBgB4AaABAg,UC7UWPgNV4p4GGKzoeFbHS8g,"Fetched 05/24/2026, 8:08:10 PM GMT+8"
33153,@mayvehn,10 days ago,God's Love / ❤❤❤ / Lokal ng Atok Gold,https://www.youtube.com/watch?v=ROa3kbG5M0U&lc=UgzbgTIRDd9Zm8SFrDV4AaABAg,UgzbgTIRDd9Zm8SFrDV4AaABAg,UCivhdJ2CQeLK8tlG7Wh2BSQ,"Fetched 05/24/2026, 8:08:10 PM GMT+8"
33154,@joymaylee-e9o,10 days ago,Magandang gabi po / Patuloy pong nanonood / Patuloy pong sumusuports / Mula po sa Lokal ng Atok God,https://www.youtube.com/watch?v=ROa3kbG5M0U&lc=UgxLaBDrCD_WAvpMmOt4AaABAg,UgxLaBDrCD_WAvpMmOt4AaABAg,UCVNaOxPbc9ZEHqlMp6TAgMA,"Fetched 05/24/2026, 8:08:10 PM GMT+8"
33155,@delmarlandingin2735,10 days ago,"Good evening po, Patuloy po tayong makipagkaisa 😊from lokal ng City Camp, Distrito ng Benguet 🙏😊",https://www.youtube.com/watch?v=ROa3kbG5M0U&lc=UgzI3SL_0en6sCcPgLp4AaABAg,UgzI3SL_0en6sCcPgLp4AaABAg,UCoRMjnJOAN9mZFy9q-5H8wA,"Fetched 05/24/2026, 8:08:10 PM GMT+8"
33156,@iya-k7j,10 days ago,Watching mula po sa Lokal ng Atok Gold❤❤,https://www.youtube.com/watch?v=ROa3kbG5M0U&lc=UgzeVNMaBdwFKgvHnzV4AaABAg,UgzeVNMaBdwFKgvHnzV4AaABAg,UC_R2GfmFAjE8k8DgEjmtv7g,"Fetched 05/24/2026, 8:08:10 PM GMT+8"
33157,@ayeenbustarde9976,10 days ago,Gudevening po watching from lokal ng Quezon Hill,https://www.youtube.com/watch?v=ROa3kbG5M0U&lc=UgyatnX7LO8JXO8NYDp4AaABAg,UgyatnX7LO8JXO8NYDp4AaABAg,UCdMgpmhMwKPGjkJasOe7IKg,"Fetched 05/24/2026, 8:08:10 PM GMT+8"
33158,@PHEBIE-f7h,10 days ago,Good evening po Benguet District. Supporting from lokal ng AtokGold!,https://www.youtube.com/watch?v=ROa3kbG5M0U&lc=UgyCCJqCfD6na4TVZ3l4AaABAg,UgyCCJqCfD6na4TVZ3l4AaABAg,UCNkJMMXP19AJSsNov8Fp3Ag,"Fetched 05/24/2026, 8:08:10 PM GMT+8"
33159,@haielei2869,10 days ago,Binabati ko rin po ang amin pong KSI Ka Alvin M. Esguerra at ang kanya pong buong sambahayan mula po sa mga maytungkulin sa Ilaw at Lokal ng Norcar.,https://www.youtube.com/watch?v=ROa3kbG5M0U&lc=Ugz6K08zbDWUknyN8c14AaABAg,Ugz6K08zbDWUknyN8c14AaABAg,UCf3PWHW8mj2mncX07kw9ZQw,"Fetched 05/24/2026, 8:08:10 PM GMT+8"
33160,@haielei2869,10 days ago,Muling Pabati po sa amin pong Tagapangasiwa ng Distrito ang Kapatid na Ardy Mendoza at sa kanya pong buong sambahayan mula po sa Lokal ng Norcar Distrito ng Benguet,https://www.youtube.com/watch?v=ROa3kbG5M0U&lc=Ugy-ABJWbMVga2gyCJd4AaABAg,Ugy-ABJWbMVga2gyCJd4AaABAg,UCf3PWHW8mj2mncX07kw9ZQw,"Fetched 05/24/2026, 8:08:10 PM GMT+8"
33161,@haielei2869,10 days ago,Re-watch po ulit ng ating Favorite INCMV mula po sa Lokal ng Norcar,https://www.youtube.com/watch?v=ROa3kbG5M0U&lc=UgyB2B2aA7bwWs2xGjl4AaABAg,UgyB2B2aA7bwWs2xGjl4AaABAg,UCf3PWHW8mj2mncX07kw9ZQw,"Fetched 05/24/2026, 8:08:10 PM GMT+8"
33162,@iya-k7j,10 days ago,Watching po.mula sa Lokal ng Atok Gold,https://www.youtube.com/watch?v=ROa3kbG5M0U&lc=UgyHO91N5imHyvxRVVp4AaABAg,UgyHO91N5imHyvxRVVp4AaABAg,UC_R2GfmFAjE8k8DgEjmtv7g,"Fetched 05/24/2026, 8:08:10 PM GMT+8"
33163,@mayvehn,10 days ago,Magandang gabi po mga kapatid! / mula po sa Lokal ng Atok Gold,https://www.youtube.com/watch?v=ROa3kbG5M0U&lc=UgwidDWyBGqIrmeqMR54AaABAg,UgwidDWyBGqIrmeqMR54AaABAg,UCivhdJ2CQeLK8tlG7Wh2BSQ,"Fetched 05/24/2026, 8:08:10 PM GMT+8"
33164,@cyrusz-jay,10 days ago,HAPPY VIEWING PO FROM LOKAL PO NG ARZADON DISTRITO NG URDANETA CITY ❤❤,https://www.youtube.com/watch?v=ROa3kbG5M0U&lc=UgwbHTm4B5epgIrFMIR4AaABAg,UgwbHTm4B5epgIrFMIR4AaABAg,UC3-9FVP28xWghVVtsGBCASw,"Fetched 05/24/2026, 8:08:10 PM GMT+8"
33165,@BnHydn_3,10 days ago,Walang sawang suporta MULA SA Lokal ng La Trinidad 🎉🎉🎉🎉,https://www.youtube.com/watch?v=ROa3kbG5M0U&lc=Ugx_3RhXFXtghcneav14AaABAg,Ugx_3RhXFXtghcneav14AaABAg,UCKZxY6b5mH_zsnldMnxGIpQ,"Fetched 05/24/2026, 8:08:10 PM GMT+8"
33166,@MarivicBumahit-es6vy,10 days ago,Helo  .happy viewing frm irisan baguio cty,https://www.youtube.com/watch?v=ROa3kbG5M0U&lc=UgzDlJt1ZHfOl_aaEMV4AaABAg,UgzDlJt1ZHfOl_aaEMV4AaABAg,UC8Ne_zTCIFKLpiblf5WaT9A,"Fetched 05/24/2026, 8:08:10 PM GMT+8"
33167,@BnHydn_3,10 days ago,Happy viewing to all 😁 /  / From the Locale Congregation of La Trinidad,https://www.youtube.com/watch?v=ROa3kbG5M0U&lc=UgzajT-HHFo_vedMHk14AaABAg,UgzajT-HHFo_vedMHk14AaABAg,UCKZxY6b5mH_zsnldMnxGIpQ,"Fetched 05/24/2026, 8:08:10 PM GMT+8"
33168,@BnHydn_3,10 days ago,La Trinidad's continuous support 💚🤍❤️,https://www.youtube.com/watch?v=ROa3kbG5M0U&lc=UgxusXRrXvDdeCFwQWZ4AaABAg,UgxusXRrXvDdeCFwQWZ4AaABAg,UCKZxY6b5mH_zsnldMnxGIpQ,"Fetched 05/24/2026, 8:08:10 PM GMT+8"
33169,@BnHydn,10 days ago,Benguet 🔛🔝‼️ / -Lokal ng La Trinidad,https://www.youtube.com/watch?v=ROa3kbG5M0U&lc=Ugyr__Anx6kOdBbJail4AaABAg,Ugyr__Anx6kOdBbJail4AaABAg,UCbVqbfs9vjTS-hPNArDNcFQ,"Fetched 05/24/2026, 8:08:10 PM GMT+8"
33170,@BnHydn_3,10 days ago,God's Love 💕  / His wondrous love 💞  /  / -Lokal ng La Trinidad,https://www.youtube.com/watch?v=ROa3kbG5M0U&lc=UgwM8JSitVgGi8PZgxV4AaABAg,UgwM8JSitVgGi8PZgxV4AaABAg,UCKZxY6b5mH_zsnldMnxGIpQ,"Fetched 05/24/2026, 8:08:10 PM GMT+8"
33171,@moncheri4169,10 days ago,Keep streaming y'all. Laban Benguet.,https://www.youtube.com/watch?v=ROa3kbG5M0U&lc=UgyUzw7X9Q3JYMFXWwB4AaABAg,UgyUzw7X9Q3JYMFXWwB4AaABAg,UCHQuKQ5fNwmJ5knmdcKSP-w,"Fetched 05/24/2026, 8:08:10 PM GMT+8"
33172,@BnHydn_3,10 days ago,Nighty watchers!! / -Lokal ng La Trinidad,https://www.youtube.com/watch?v=ROa3kbG5M0U&lc=UgzeTVHcDjI7PZZzlYB4AaABAg,UgzeTVHcDjI7PZZzlYB4AaABAg,UCKZxY6b5mH_zsnldMnxGIpQ,"Fetched 05/24/2026, 8:08:10 PM GMT+8"
33173,@BnHydn_3,10 days ago,"Happy viewing to all  / "" From the Locale Congregation of La Trinidad"" / LET'S go Benguet",https://www.youtube.com/watch?v=ROa3kbG5M0U&lc=UgyB2iplbgv66XQkoh14AaABAg,UgyB2iplbgv66XQkoh14AaABAg,UCKZxY6b5mH_zsnldMnxGIpQ,"Fetched 05/24/2026, 8:08:10 PM GMT+8"
33174,@BnHydn_3,10 days ago,Binhi watchers 🤚 / -Lokal ng La Trinidad,https://www.youtube.com/watch?v=ROa3kbG5M0U&lc=UgwQ79QwfdGQIhvrXGR4AaABAg,UgwQ79QwfdGQIhvrXGR4AaABAg,UCKZxY6b5mH_zsnldMnxGIpQ,"Fetched 05/24/2026, 8:08:10 PM GMT+8"
33175,@BnHydn_3,10 days ago,Good evening everyone ♥️ / Love and support Mula po sa lokal ng La Trinidad,https://www.youtube.com/watch?v=ROa3kbG5M0U&lc=UgwiyiZDkjBGrb6P1Rp4AaABAg,UgwiyiZDkjBGrb6P1Rp4AaABAg,UCKZxY6b5mH_zsnldMnxGIpQ,"Fetched 05/24/2026, 8:08:10 PM GMT+8"
33176,@BnHydn_3,10 days ago,♥️Let's go Benguet ♥️ / 💚 Local ng La Trinidad 💚,https://www.youtube.com/watch?v=ROa3kbG5M0U&lc=UgyzlFHyTCsMlFkLext4AaABAg,UgyzlFHyTCsMlFkLext4AaABAg,UCKZxY6b5mH_zsnldMnxGIpQ,"Fetched 05/24/2026, 8:08:10 PM GMT+8"
33177,@BnHydn_3,10 days ago,Maligayang panonood pooo / Happy viewing Mula sa lokal ng La Trinidad ♥️,https://www.youtube.com/watch?v=ROa3kbG5M0U&lc=Ugy29lTNCNmpxQUFsF94AaABAg,Ugy29lTNCNmpxQUFsF94AaABAg,UCKZxY6b5mH_zsnldMnxGIpQ,"Fetched 05/24/2026, 8:08:10 PM GMT+8"
33178,@BnHydn_3,10 days ago,Hi and happy watching mga kapatid! / -Lokal ng La Trinidad ❤,https://www.youtube.com/watch?v=ROa3kbG5M0U&lc=UgykC1XbClZy9Xqk6RJ4AaABAg,UgykC1XbClZy9Xqk6RJ4AaABAg,UCKZxY6b5mH_zsnldMnxGIpQ,"Fetched 05/24/2026, 8:08:10 PM GMT+8"
33179,@JurnalynAcosta-ut4xy,10 days ago,"Binabati q po ang mahal po nating Tagapangasiwa ng Benguet at ang aking asawa sa Distrito ng Macau,mula po sa lokal ng Camp6",https://www.youtube.com/watch?v=ROa3kbG5M0U&lc=UgxlBRqvRAvx7NcrFUh4AaABAg,UgxlBRqvRAvx7NcrFUh4AaABAg,UCw96GN5Q7SaZElejFOjo32A,"Fetched 05/24/2026, 8:08:10 PM GMT+8"
33180,@jazz-m7b,10 days ago,Magandang gabi po mga kapatid 🌹  / Happy viewing po sa inyong lahat 🪷  / Let's go BENGUET 🍓,https://www.youtube.com/watch?v=ROa3kbG5M0U&lc=UgyakAlaqDVWaMlJxhR4AaABAg,UgyakAlaqDVWaMlJxhR4AaABAg,UCNB-zyitm7U6Yt835DEKclA,"Fetched 05/24/2026, 8:08:10 PM GMT+8"
33181,@jesytv9323,10 days ago,"Happy viewing po, mula sa Lokal ng Kapangan",https://www.youtube.com/watch?v=ROa3kbG5M0U&lc=Ugx6RhzCzxFm85aw0ul4AaABAg,Ugx6RhzCzxFm85aw0ul4AaABAg,UCQv9Uqtrt2s6XNH91dZhO-w,"Fetched 05/24/2026, 8:08:10 PM GMT+8"
33182,@iya-k7j,10 days ago,Magandang gabi po..Mula po sa Lokal ng Atok Gold,https://www.youtube.com/watch?v=ROa3kbG5M0U&lc=Ugyw7fjX1dH1kGQfbqJ4AaABAg,Ugyw7fjX1dH1kGQfbqJ4AaABAg,UC_R2GfmFAjE8k8DgEjmtv7g,"Fetched 05/24/2026, 8:08:10 PM GMT+8"
33183,@aldyne.mendoza,10 days ago,Let's re watch  once again po ❤❤❤,https://www.youtube.com/watch?v=ROa3kbG5M0U&lc=Ugy4nAUL7DbcH37jcRh4AaABAg,Ugy4nAUL7DbcH37jcRh4AaABAg,UC4xjaKxixMnSP2omy_lWRtw,"Fetched 05/24/2026, 8:08:10 PM GMT+8"
33184,@joymaylee-e9o,10 days ago,God's Love / ❤❤❤ / Hold!on your Faith / ❤❤❤ / Lokal ng Atok Gold,https://www.youtube.com/watch?v=ROa3kbG5M0U&lc=Ugwh3dSIEGfDx4AyEqZ4AaABAg,Ugwh3dSIEGfDx4AyEqZ4AaABAg,UCVNaOxPbc9ZEHqlMp6TAgMA,"Fetched 05/24/2026, 8:08:10 PM GMT+8"
33185,@rowenaapas-y3z,10 days ago,Happy vewing sa lokal ng minglanilla Cebu City,https://www.youtube.com/watch?v=ROa3kbG5M0U&lc=UgyGBjMx5RqN_E_dNPV4AaABAg,UgyGBjMx5RqN_E_dNPV4AaABAg,UC99TrXK1JytJlSa9jq7tYEg,"Fetched 05/24/2026, 8:08:10 PM GMT+8"
33186,@goldieap7650,10 days ago,"Happy Wednesday po sa lahat ng kapatid at mga KALIHIM!  #:virtualhug:from lokal ng Tuba, Benguet",https://www.youtube.com/watch?v=ROa3kbG5M0U&lc=UgzV8pTJmmoxsiWVq4B4AaABAg,UgzV8pTJmmoxsiWVq4B4AaABAg,UCW5aE_1W9fTLSM28o3BrzZg,"Fetched 05/24/2026, 8:08:10 PM GMT+8"
33187,@joymaylee-e9o,10 days ago,❤❤❤ / Magandang gabi po / ❤❤❤ / Happy viewing po / ❤❤❤ / mula po sa Lokal ng Atok Gold,https://www.youtube.com/watch?v=ROa3kbG5M0U&lc=UgzuTCwv44OT8Qrkqix4AaABAg,UgzuTCwv44OT8Qrkqix4AaABAg,UCVNaOxPbc9ZEHqlMp6TAgMA,"Fetched 05/24/2026, 8:08:10 PM GMT+8"
33188,@JurgensonTelio,10 days ago,Happy viewing po mula po sa Lokal po ng Balakbak Kibungan Extension District of Benguet.. / HAPPY VIEWING PO MGA KAPATID..,https://www.youtube.com/watch?v=ROa3kbG5M0U&lc=UgyH2c3NgVg0K2HWCMF4AaABAg,UgyH2c3NgVg0K2HWCMF4AaABAg,UC4aasZFLmnSLMt1nGQXel3w,"Fetched 05/24/2026, 8:08:10 PM GMT+8"
33189,@victorlibasteazur8380,10 days ago,Happy viewing to all my beloved brethrens  / Shout out to all from Philex mines locale district of Benguet 🇮🇹,https://www.youtube.com/watch?v=ROa3kbG5M0U&lc=UgwmrfVh31jq7NNnfsN4AaABAg,UgwmrfVh31jq7NNnfsN4AaABAg,UCiWF13lcJKjyrtcb23nIIEg,"Fetched 05/24/2026, 8:08:10 PM GMT+8"
33190,@JonnerGuilod-ye5rs,10 days ago,"Happy Watching po mula sa Lokal ng Baguio City! /  / Pagbati po sa mga Binhi sa Lokal ng Norcar,nood na po mga Kapatid,huwag kalimutang mag Share,Like and Comment! /  / -BinDO🌱",https://www.youtube.com/watch?v=ROa3kbG5M0U&lc=UgzCLwc2u4bKTiYn_Ml4AaABAg,UgzCLwc2u4bKTiYn_Ml4AaABAg,UCqAZvKcFKWAYBEWjNAhZEZw,"Fetched 05/24/2026, 8:08:10 PM GMT+8"
33191,@JonnerGuilod-ye5rs,10 days ago,"Happy Watching po mula sa Lokal ng Baguio City! /  / Pagbati po sa mga Binhi sa Lokal ng Mirador sa pangunguna ng kanilang Pangulong Binhi Ka. Rhey Tolentino,nood na po mga Kapatid, pangunahan mo na Ka Rhey! /  / -BinDO🌱🍓",https://www.youtube.com/watch?v=ROa3kbG5M0U&lc=UgxPm8Muqlg8uCn9p8x4AaABAg,UgxPm8Muqlg8uCn9p8x4AaABAg,UCqAZvKcFKWAYBEWjNAhZEZw,"Fetched 05/24/2026, 8:08:10 PM GMT+8"
33192,@JonnerGuilod-ye5rs,10 days ago,"Happy Watching po mula sa Lokal ng Baguio City! /  / Benguet🔛🔝🍓 /  / Pagbati po sa mga Binhi sa Lokal ng Megaroyale Village sa pangunguna ng kanilang Pangulong Binhi Ka Arian Casey Dee,nood na po mga Kapatid! /  / -BinDO🌱",https://www.youtube.com/watch?v=ROa3kbG5M0U&lc=UgzZfckPVYfVRrvx3st4AaABAg,UgzZfckPVYfVRrvx3st4AaABAg,UCqAZvKcFKWAYBEWjNAhZEZw,"Fetched 05/24/2026, 8:08:10 PM GMT+8"
33193,@JonnerGuilod-ye5rs,10 days ago (edited),"Happy Watching po mula sa Lokal ng Baguio City! /  / Let's make Benguet 🔛🔝 /  / Pagbati po sa mga Binhi sa Lokal ng Mulberry GWS,nood na po mga Kapatid like and share! /  / -BinDO 🌱",https://www.youtube.com/watch?v=ROa3kbG5M0U&lc=UgxXw8ID29BpuSrR1tZ4AaABAg,UgxXw8ID29BpuSrR1tZ4AaABAg,UCqAZvKcFKWAYBEWjNAhZEZw,"Fetched 05/24/2026, 8:08:10 PM GMT+8"
33194,@JonnerGuilod-ye5rs,10 days ago,"Happy Watching po mula sa Lokal ng Baguio City! /  / Pagbati po sa mga Binhi sa Lokal ng Marcos Highway,nood na po mga Kapatid sa Marcos Highway! /  / -BinDO🌱",https://www.youtube.com/watch?v=ROa3kbG5M0U&lc=Ugy-UlawSaJ64Yh-E6p4AaABAg,Ugy-UlawSaJ64Yh-E6p4AaABAg,UCqAZvKcFKWAYBEWjNAhZEZw,"Fetched 05/24/2026, 8:08:10 PM GMT+8"
33195,@richardjaysantos6582,10 days ago,Happy viewing po mula sa lokal ng tuba. ❤,https://www.youtube.com/watch?v=ROa3kbG5M0U&lc=UgzVLjfaETCcdgft8ol4AaABAg,UgzVLjfaETCcdgft8ol4AaABAg,UC9eITatwHrwt6LAyOqk_gvg,"Fetched 05/24/2026, 8:08:10 PM GMT+8"
33196,@lourdessanchez8900,10 days ago,"Hello po mga Kapatid Mula po sa lokal ng irisan, distrito ng benguet❤",https://www.youtube.com/watch?v=ROa3kbG5M0U&lc=UgxqFm_hrQ-gKdoLorV4AaABAg,UgxqFm_hrQ-gKdoLorV4AaABAg,UCo0glrPftCcDIsdTP7H580Q,"Fetched 05/24/2026, 8:08:10 PM GMT+8"
33197,@JonnerGuilod-ye5rs,10 days ago,"Happy Watching po mula sa Lokal ng Baguio City! /  / Pagbati po sa mga Binhi🌱 sa Lokal ng Lubas GWS,nood na po mga Kapatid!🍓 /  / -BinDO🌱",https://www.youtube.com/watch?v=ROa3kbG5M0U&lc=Ugw2ODoAreLbCsbDAxB4AaABAg,Ugw2ODoAreLbCsbDAxB4AaABAg,UCqAZvKcFKWAYBEWjNAhZEZw,"Fetched 05/24/2026, 8:08:10 PM GMT+8"
33198,@BlueMozie1,10 days ago,happy viewing po mula sa lokal ng tuba ❤ - mj,https://www.youtube.com/watch?v=ROa3kbG5M0U&lc=UgzCw7QvXIp71aTQ0oB4AaABAg,UgzCw7QvXIp71aTQ0oB4AaABAg,UC7EIlWYKET6hNcETkFQ3ZIw,"Fetched 05/24/2026, 8:08:10 PM GMT+8"
33199,@JonnerGuilod-ye5rs,10 days ago,"Happy Watching po mula sa Lokal ng Baguio City! /  / Benguet🔛🔝🍓 /  / Pagbati po sa mga Binhi sa Lokal ng Lourdes,nood na po mga Kapatid at huwag kalimutang mag Share! /  / -BinDO🌱",https://www.youtube.com/watch?v=ROa3kbG5M0U&lc=UgwqGwJWclk18yc_rlR4AaABAg,UgwqGwJWclk18yc_rlR4AaABAg,UCqAZvKcFKWAYBEWjNAhZEZw,"Fetched 05/24/2026, 8:08:10 PM GMT+8"
33200,@BlueMozie1,10 days ago,Happy viewing po mula sa lokal ng tuba. ❤,https://www.youtube.com/watch?v=ROa3kbG5M0U&lc=UgwWb8RjpTkBGQub4RR4AaABAg,UgwWb8RjpTkBGQub4RR4AaABAg,UC7EIlWYKET6hNcETkFQ3ZIw,"Fetched 05/24/2026, 8:08:10 PM GMT+8"
33201,@JonnerGuilod-ye5rs,10 days ago,"Happy Watching po mula sa Lokal ng Baguio City! / 🍓🍓🍓 /  / Pagbati po sa mga Binhi sa Lokal ng Loakan Airport,nood na po mga Kapatid!🎉 /  / -BinDO🌱",https://www.youtube.com/watch?v=ROa3kbG5M0U&lc=UgwOpyfb6GNbba1O8Yh4AaABAg,UgwOpyfb6GNbba1O8Yh4AaABAg,UCqAZvKcFKWAYBEWjNAhZEZw,"Fetched 05/24/2026, 8:08:10 PM GMT+8"
33202,@JonnerGuilod-ye5rs,10 days ago,"Happy Watching po mula sa Lokal ng Baguio City!🎉 /  / Go Benguet 🍓 / Pagbati po sa mga Binhi sa Lokal ng Loakan,nood na po mga Kapatid! /  / -BinDO🌱",https://www.youtube.com/watch?v=ROa3kbG5M0U&lc=UgwRrLSGs9JfO0xjabV4AaABAg,UgwRrLSGs9JfO0xjabV4AaABAg,UCqAZvKcFKWAYBEWjNAhZEZw,"Fetched 05/24/2026, 8:08:10 PM GMT+8"
33203,@camelitapasag6018,10 days ago,Go go Benguet!,https://www.youtube.com/watch?v=ROa3kbG5M0U&lc=UgxIYYs3S2-QzrFKVcJ4AaABAg,UgxIYYs3S2-QzrFKVcJ4AaABAg,UCIqVoAJs6UNYwI635HYBiEQ,"Fetched 05/24/2026, 8:08:10 PM GMT+8"
33204,@JonnerGuilod-ye5rs,10 days ago,"Happy Watching po mula sa Lokal ng Baguio City! /  / Pagbati po sa mga Binhi sa Lokal ng Lacaan,nood na po mga Kapatid! /  / -BinDO🌱",https://www.youtube.com/watch?v=ROa3kbG5M0U&lc=UgzBcr2V5JlQzTT7C2F4AaABAg,UgzBcr2V5JlQzTT7C2F4AaABAg,UCqAZvKcFKWAYBEWjNAhZEZw,"Fetched 05/24/2026, 8:08:10 PM GMT+8"
33205,@JonnerGuilod-ye5rs,10 days ago,"Happy Watching po mula sa Lokal ng Baguio City! /  / Go Go Benguet! 🔛🔝🎉 /  / Pagbati po sa mga Binhi sa Lokal ng La Trinidad,nood na po mga Kapatid! /  / -BinDO",https://www.youtube.com/watch?v=ROa3kbG5M0U&lc=UgzkT2F5pQtVPX2SmU54AaABAg,UgzkT2F5pQtVPX2SmU54AaABAg,UCqAZvKcFKWAYBEWjNAhZEZw,"Fetched 05/24/2026, 8:08:10 PM GMT+8"
33206,@camelitapasag6018,10 days ago,Maligayang panonood po mga kapatid! GO BENGUET!,https://www.youtube.com/watch?v=ROa3kbG5M0U&lc=Ugwhujnpkfs-gTtDCgN4AaABAg,Ugwhujnpkfs-gTtDCgN4AaABAg,UCIqVoAJs6UNYwI635HYBiEQ,"Fetched 05/24/2026, 8:08:10 PM GMT+8"
33207,@JonnerGuilod-ye5rs,10 days ago,"Happy Watching po mula sa Lokal ng Baguio City!🎉 /  / Pagbati po sa mga Binhi sa Lokal ng Kias,nood na po mga Kapatid,Shout out Sayo Scofield pangunahan mo na! /  / -BinDO",https://www.youtube.com/watch?v=ROa3kbG5M0U&lc=Ugxti50y362MBbbIBaJ4AaABAg,Ugxti50y362MBbbIBaJ4AaABAg,UCqAZvKcFKWAYBEWjNAhZEZw,"Fetched 05/24/2026, 8:08:10 PM GMT+8"
33208,@kristonleefuchigami3643,10 days ago,Happy viewing mula po sa Lokal ng Quezon Hill Distrito ng Benguet.,https://www.youtube.com/watch?v=ROa3kbG5M0U&lc=UgyYxkgTQYFrMuVFA5x4AaABAg,UgyYxkgTQYFrMuVFA5x4AaABAg,UCOZ4eM5oab1qQPoV6luV52w,"Fetched 05/24/2026, 8:08:10 PM GMT+8"
33209,@agudongdencebaylorb.6757,10 days ago,"Pogi talaga ni Wilmar, Happy viewing po from lokal ng Baguio City",https://www.youtube.com/watch?v=ROa3kbG5M0U&lc=Ugymqu0zOTC8jWo8SN94AaABAg,Ugymqu0zOTC8jWo8SN94AaABAg,UCk7OB5KugstrmQSDU7Q4lDQ,"Fetched 05/24/2026, 8:08:10 PM GMT+8"
33210,@JonnerGuilod-ye5rs,10 days ago,"Happy Watching po mula sa Lokal ng Baguio City! /  / Pagbati po sa mga Binhi sa Lokal ng Kapangan,nood na po mga Kapatid na Binhi! /  / -BinDO",https://www.youtube.com/watch?v=ROa3kbG5M0U&lc=UgyO7d7OhEUIObhrjzl4AaABAg,UgyO7d7OhEUIObhrjzl4AaABAg,UCqAZvKcFKWAYBEWjNAhZEZw,"Fetched 05/24/2026, 8:08:10 PM GMT+8"
33211,@JonnerGuilod-ye5rs,10 days ago,"Happy Watching po mula sa Lokal ng Baguio City!🎉 /  / Pagbati po sa mga Binhi sa Lokal ng Irisan sa pangunguna ng kanilang Pangulong Binhi Brylle Enriquez,nood na po mga Kapatid! /  / -BinDO",https://www.youtube.com/watch?v=ROa3kbG5M0U&lc=UgwR8kdA1ItNg0ohWol4AaABAg,UgwR8kdA1ItNg0ohWol4AaABAg,UCqAZvKcFKWAYBEWjNAhZEZw,"Fetched 05/24/2026, 8:08:10 PM GMT+8"
33212,@KASHUMIII和美,10 days ago,Happy viewing po mula sa Lokal Ng Quezon Hill Distrito Ng Benguet,https://www.youtube.com/watch?v=ROa3kbG5M0U&lc=UgyB5Tu4L_6vl6r_9YR4AaABAg,UgyB5Tu4L_6vl6r_9YR4AaABAg,UCbYjai8x68L62h_z_EBSXqw,"Fetched 05/24/2026, 8:08:10 PM GMT+8"
33213,@aizelfuchigami842,10 days ago,Good evening po. Happy viewing mula po sa Lokal ng Quezon Hill Distrito ng Benguet. 🇮🇹❤️🎼🎵🎶,https://www.youtube.com/watch?v=ROa3kbG5M0U&lc=Ugxc3m6vXWzFKTiN1D94AaABAg,Ugxc3m6vXWzFKTiN1D94AaABAg,UCAxDQnCZxAvsB6YgYjSR1nQ,"Fetched 05/24/2026, 8:08:10 PM GMT+8"
33214,@allanalmonte4492,10 days ago,Magandang Gabi po sa lahat ng Kapatid!  /  / Happy viewing po from Lokal ng CAMP 💚🤍❤️,https://www.youtube.com/watch?v=ROa3kbG5M0U&lc=UgxIX5BOVPXNDI2xpdF4AaABAg,UgxIX5BOVPXNDI2xpdF4AaABAg,UCUNdOf6Gc2w4g7v-fS3bHEA,"Fetched 05/24/2026, 8:08:10 PM GMT+8"
33215,@VardenjamesDeGuzman,10 days ago,"Masayang panonood po! From lokal ng Hillside, Distrito ng Benguet❤❤",https://www.youtube.com/watch?v=ROa3kbG5M0U&lc=UgznIqqcNFEyB8PvmYp4AaABAg,UgznIqqcNFEyB8PvmYp4AaABAg,UCfnROPikyYd3JkOsuG-zRWw,"Fetched 05/24/2026, 8:08:10 PM GMT+8"
33216,@Rhuvy-f3n,10 days ago,"full support from local of Tuba,Benguet.",https://www.youtube.com/watch?v=ROa3kbG5M0U&lc=UgyumZMRn1zgvIY05e14AaABAg,UgyumZMRn1zgvIY05e14AaABAg,UC7ENaSn829WD44x8C1ersyA,"Fetched 05/24/2026, 8:08:10 PM GMT+8"
33217,@Rhuvy-f3n,10 days ago,"full support from local of Tuba,Benguet.",https://www.youtube.com/watch?v=ROa3kbG5M0U&lc=UgwO5tkTi30DR-2emQp4AaABAg,UgwO5tkTi30DR-2emQp4AaABAg,UC7ENaSn829WD44x8C1ersyA,"Fetched 05/24/2026, 8:08:10 PM GMT+8"
33218,@Rhuvy-f3n,10 days ago,"full support from local of Tuba,Benguet.",https://www.youtube.com/watch?v=ROa3kbG5M0U&lc=UgwkiyKSrRISOlM_PU94AaABAg,UgwkiyKSrRISOlM_PU94AaABAg,UC7ENaSn829WD44x8C1ersyA,"Fetched 05/24/2026, 8:08:10 PM GMT+8"
33219,@Rhuvy-f3n,10 days ago,"full support from local of Tuba,Benguet.",https://www.youtube.com/watch?v=ROa3kbG5M0U&lc=Ugxa5HSN-uzHhcnq3kN4AaABAg,Ugxa5HSN-uzHhcnq3kN4AaABAg,UC7ENaSn829WD44x8C1ersyA,"Fetched 05/24/2026, 8:08:10 PM GMT+8"
33220,@Rhuvy-f3n,10 days ago,"full support from local of Tuba,Benguet.",https://www.youtube.com/watch?v=ROa3kbG5M0U&lc=UgxUDuP4I9KJzrYAcb54AaABAg,UgxUDuP4I9KJzrYAcb54AaABAg,UC7ENaSn829WD44x8C1ersyA,"Fetched 05/24/2026, 8:08:10 PM GMT+8"
33221,@camelitapasag6018,10 days ago,Go Benguet!,https://www.youtube.com/watch?v=ROa3kbG5M0U&lc=UgyNdJVn0geuzWOXVj94AaABAg,UgyNdJVn0geuzWOXVj94AaABAg,UCIqVoAJs6UNYwI635HYBiEQ,"Fetched 05/24/2026, 8:08:10 PM GMT+8"
33222,@Rhuvy-f3n,10 days ago,"full support from local of Tuba,Benguet.",https://www.youtube.com/watch?v=ROa3kbG5M0U&lc=UgxGokVIiuKLS0kWZDB4AaABAg,UgxGokVIiuKLS0kWZDB4AaABAg,UC7ENaSn829WD44x8C1ersyA,"Fetched 05/24/2026, 8:08:10 PM GMT+8"
33223,@Rhuvy-f3n,10 days ago,"full support from local of Tuba,Benguet.",https://www.youtube.com/watch?v=ROa3kbG5M0U&lc=UgwWtNrzr23rjzMeQEN4AaABAg,UgwWtNrzr23rjzMeQEN4AaABAg,UC7ENaSn829WD44x8C1ersyA,"Fetched 05/24/2026, 8:08:10 PM GMT+8"
33224,@Rhuvy-f3n,10 days ago,"full support from local of Tuba,Benguet.",https://www.youtube.com/watch?v=ROa3kbG5M0U&lc=UgyROWLI-TBPIBN-8iF4AaABAg,UgyROWLI-TBPIBN-8iF4AaABAg,UC7ENaSn829WD44x8C1ersyA,"Fetched 05/24/2026, 8:08:10 PM GMT+8"
33225,@aisthetikoscosmeticsurgery7431,10 days ago,"Happy Viewing po! From Local of Camp 7, District of Benguet ❤",https://www.youtube.com/watch?v=ROa3kbG5M0U&lc=UgwnlkUbQlvrY_x08Rt4AaABAg,UgwnlkUbQlvrY_x08Rt4AaABAg,UCPKZCzwpj-INm8i2x-dR-wQ,"Fetched 05/24/2026, 8:08:10 PM GMT+8"
33226,@mariloujucar3208,10 days ago,"Good evening po... From Taloy Sur Locale, District of Benguet...",https://www.youtube.com/watch?v=ROa3kbG5M0U&lc=UgwAEdP_I1pn5elcXFV4AaABAg,UgwAEdP_I1pn5elcXFV4AaABAg,UCMbn31xrNEnulUG5fdpH82w,"Fetched 05/24/2026, 8:08:10 PM GMT+8"
33227,@merlyncoloma3758,10 days ago,"Watching from Lokal ng Irisan, Distrito ng Benguet. Let's GO Benguet! 👏👏",https://www.youtube.com/watch?v=ROa3kbG5M0U&lc=UgygepwaaD8ct1VfmwR4AaABAg,UgygepwaaD8ct1VfmwR4AaABAg,UCdursJe4xWuZGmfmNXaKHJQ,"Fetched 05/24/2026, 8:08:10 PM GMT+8"
33228,@camelitapasag6018,10 days ago,Maligayang panonood po mga kapatid..pagbati po mula sa UCAB GWS Lokal ng Gibraltar..,https://www.youtube.com/watch?v=ROa3kbG5M0U&lc=UgxBPW5srW4DdVZwXxZ4AaABAg,UgxBPW5srW4DdVZwXxZ4AaABAg,UCIqVoAJs6UNYwI635HYBiEQ,"Fetched 05/24/2026, 8:08:10 PM GMT+8"
33229,@gam3rg1rl,10 days ago,"Mga kabagis, konti nalang 20k views na po tayo! Go Benguet!  / Greetings from the Local of Megaroyale Village :)",https://www.youtube.com/watch?v=ROa3kbG5M0U&lc=Ugx4QXyq24nj4irc9U14AaABAg,Ugx4QXyq24nj4irc9U14AaABAg,UC5IQqBTUAu9qmpEtOMJeRrQ,"Fetched 05/24/2026, 8:08:10 PM GMT+8"
33230,@jasminedaludado7262,10 days ago,"Good evening po sa lahat!! Before we call it a day, let's re-watch once again❤ /  / -From KADIWA Officers of Guisad",https://www.youtube.com/watch?v=ROa3kbG5M0U&lc=Ugz5llHSJ8cdUa9pKDB4AaABAg,Ugz5llHSJ8cdUa9pKDB4AaABAg,UCA4HVmdH2Xj67gK8nZmpiZg,"Fetched 05/24/2026, 8:08:10 PM GMT+8"
33231,@JonnerGuilod-ye5rs,10 days ago,"Go Benguet, Benguet 🔛🔝",https://www.youtube.com/watch?v=ROa3kbG5M0U&lc=UgzJRdU1Tt3XQLSYV-14AaABAg,UgzJRdU1Tt3XQLSYV-14AaABAg,UCqAZvKcFKWAYBEWjNAhZEZw,"Fetched 05/24/2026, 8:08:10 PM GMT+8"
33232,@camelitapasag6018,10 days ago,Pagbati po mula sa UCAB GWS...happy viewing po...,https://www.youtube.com/watch?v=ROa3kbG5M0U&lc=UgzF00UomTn3rUWExp54AaABAg,UgzF00UomTn3rUWExp54AaABAg,UCIqVoAJs6UNYwI635HYBiEQ,"Fetched 05/24/2026, 8:08:10 PM GMT+8"
33233,@camelitapasag6018,10 days ago,Happy viewing po mga kabagis mula po sa UCAB GWS...,https://www.youtube.com/watch?v=ROa3kbG5M0U&lc=Ugx7_2v7jMmX6Cz9itp4AaABAg,Ugx7_2v7jMmX6Cz9itp4AaABAg,UCIqVoAJs6UNYwI635HYBiEQ,"Fetched 05/24/2026, 8:08:10 PM GMT+8"
33234,@AngelSayangda,10 days ago,Happy viewing po / Mula po sa mga MT ng Kagawaran ng Kalihiman at PNK /  / -LOKAL PO NG TUBA,https://www.youtube.com/watch?v=ROa3kbG5M0U&lc=Ugz-YzIx8kxtu_r1MFt4AaABAg,Ugz-YzIx8kxtu_r1MFt4AaABAg,UCBYrNwCYGHkX-UDtBRzR4nw,"Fetched 05/24/2026, 8:08:10 PM GMT+8"
33235,@Kris-t2c3w,10 days ago,"Greetings po from La Trinidad, hope everyone enjoys and stays inspired 💖",https://www.youtube.com/watch?v=ROa3kbG5M0U&lc=Ugw04dfDytysodwH6Ah4AaABAg,Ugw04dfDytysodwH6Ah4AaABAg,UC2lYdlqDj3_tl0-uR11174A,"Fetched 05/24/2026, 8:08:10 PM GMT+8"
33236,@VemDeGuzman,10 days ago,"Goodevening po mga kapatid 🤗 .. tara nat manuod po. Happy viewing mula po sa Lokal ng Irisan, Distrito ng Benguet 🥰😁",https://www.youtube.com/watch?v=ROa3kbG5M0U&lc=UgzFuqqkm6VsP167bHB4AaABAg,UgzFuqqkm6VsP167bHB4AaABAg,UC5v7Vmg4QveGOvqjlBdP_dg,"Fetched 05/24/2026, 8:08:10 PM GMT+8"
33237,@JonnerGuilod-ye5rs,10 days ago,"Happy Watching po mula sa Lokal ng Baguio City! /  / Pagbati po sa mga Binhi sa Lokal ng Hillside,nood na po mga Kapatid! /  / -BinDO",https://www.youtube.com/watch?v=ROa3kbG5M0U&lc=UgwCIO2Fr9I1yRcylIR4AaABAg,UgwCIO2Fr9I1yRcylIR4AaABAg,UCqAZvKcFKWAYBEWjNAhZEZw,"Fetched 05/24/2026, 8:08:10 PM GMT+8"
33238,@JonnerGuilod-ye5rs,10 days ago,"Happy Watching po mula sa Lokal ng Baguio City! /  / Pagbati po sa mga Binhi sa Lokal ng Guisad sa pangunguna ng kanilang Pangulong Binhi Ka. Shine Ajero,nood na po mga Kapatid! /  / -BinDO",https://www.youtube.com/watch?v=ROa3kbG5M0U&lc=Ugx5kLcEap1bw8cnv5p4AaABAg,Ugx5kLcEap1bw8cnv5p4AaABAg,UCqAZvKcFKWAYBEWjNAhZEZw,"Fetched 05/24/2026, 8:08:10 PM GMT+8"
33239,@johannavictoriabugayong6497,10 days ago,Good Evening po mga kapatid! / -Baguio City,https://www.youtube.com/watch?v=ROa3kbG5M0U&lc=Ugy6ua9jjm3qHSIArZt4AaABAg,Ugy6ua9jjm3qHSIArZt4AaABAg,UCAVwkDYaVisQRxDeJ2kDClA,"Fetched 05/24/2026, 8:08:10 PM GMT+8"
33240,@johnreylucio8970,10 days ago,"Yes Namann,, Syempre Bago tayo matulog ay Mapanood ulit natin toh,, Happy Viewing po everyone❤ /  / Mula po sa mga Kadiwa sa Lokal ng La Trinidad❤❤❤🎉🎉🎉",https://www.youtube.com/watch?v=ROa3kbG5M0U&lc=UgyoH3rCHPbCvxEOFyd4AaABAg,UgyoH3rCHPbCvxEOFyd4AaABAg,UCNMupRD4ySrN336KZpy29OA,"Fetched 05/24/2026, 8:08:10 PM GMT+8"
33241,@jeanietugad4595,10 days ago,"Go go Benguet District, happy viewing, Atok Gold.",https://www.youtube.com/watch?v=ROa3kbG5M0U&lc=UgxRMNgY1ciIzwfULAx4AaABAg,UgxRMNgY1ciIzwfULAx4AaABAg,UC4-hT99A9u-aH7hnm5JCSfg,"Fetched 05/24/2026, 8:08:10 PM GMT+8"
33242,@JonnerGuilod-ye5rs,10 days ago,"Happy Watching po mula sa Lokal ng Baguio City! /  / Pagbati po sa mga Binhi sa Lokal ng Greenwater,nood na po mga Kapatid! /  / -BinDO",https://www.youtube.com/watch?v=ROa3kbG5M0U&lc=UgwlWuIs_01axKsVP294AaABAg,UgwlWuIs_01axKsVP294AaABAg,UCqAZvKcFKWAYBEWjNAhZEZw,"Fetched 05/24/2026, 8:08:10 PM GMT+8"
33243,@johannavictoriabugayong6497,10 days ago,Go Benguet! Go Baguio City! /  / FIGHT FIGHT,https://www.youtube.com/watch?v=ROa3kbG5M0U&lc=UgyGHfImYoig9SSP89l4AaABAg,UgyGHfImYoig9SSP89l4AaABAg,UCAVwkDYaVisQRxDeJ2kDClA,"Fetched 05/24/2026, 8:08:10 PM GMT+8"
33244,@JonnerGuilod-ye5rs,10 days ago,"Happy Watching po mula sa Lokal ng Baguio City! /  / Pagbati po sa mga Binhi sa Lokal ng Goldfield GWS,nood na po nga Kapatid! /  / -BinDO",https://www.youtube.com/watch?v=ROa3kbG5M0U&lc=UgyeIb-gcjC00ui0GwN4AaABAg,UgyeIb-gcjC00ui0GwN4AaABAg,UCqAZvKcFKWAYBEWjNAhZEZw,"Fetched 05/24/2026, 8:08:10 PM GMT+8"
33245,@JonnerGuilod-ye5rs,10 days ago,Happy Watching po mula sa Lokal ng Baguio City! /  / Pagbati po sa mga Binhi sa Lokal ng Gibraltar sa pangunguna ng kanilang Pangulong Binhi Ka. Chris Dimalanta! /  / -BinDO,https://www.youtube.com/watch?v=ROa3kbG5M0U&lc=UgyH19KwOAYLAgLN-zR4AaABAg,UgyH19KwOAYLAgLN-zR4AaABAg,UCqAZvKcFKWAYBEWjNAhZEZw,"Fetched 05/24/2026, 8:08:10 PM GMT+8"
33246,@gwynethcayabyab5981,10 days ago,"Good night po mga kapatid, salamat po sa pag supporta lalo na sa mga kadiwa jannnn 🎉",https://www.youtube.com/watch?v=ROa3kbG5M0U&lc=UgxjivTHryo0CxtB3qJ4AaABAg,UgxjivTHryo0CxtB3qJ4AaABAg,UCouodNvhL1bfJC2Fz0B_Rcw,"Fetched 05/24/2026, 8:08:10 PM GMT+8"
33247,@JohnAndreiBautista-x7k,10 days ago,Salamat Kapatid,https://www.youtube.com/watch?v=ROa3kbG5M0U&lc=UgzFuqqkm6VsP167bHB4AaABAg.AWkRv-cA7rQAWkXV01frKv,UgzFuqqkm6VsP167bHB4AaABAg.AWkRv-cA7rQAWkXV01frKv,UC588CU0WPb3Pn6bQRyPIIiw,"Fetched 05/24/2026, 8:08:10 PM GMT+8"
33248,@luibustamante9493,10 days ago,"Let's Go Benguet🎉🍓🍓 /  / Last wave na po mga Kadiwa District Officers. Salamat po ng marami sa masayang pakikipagkaisa at pagsuport💪🔥 /  / -KDO, Lokal ng Tuba",https://www.youtube.com/watch?v=ROa3kbG5M0U&lc=Ugw-_MPHKSxD6A1tYGp4AaABAg,Ugw-_MPHKSxD6A1tYGp4AaABAg,UCFAmrhDmv6rvZrQoYp-IS9w,"Fetched 05/24/2026, 8:08:10 PM GMT+8"
33249,@JonnerGuilod-ye5rs,10 days ago,Happy Watching po mula sa Lokal ng Baguio City! /  / Pagbati po sa mga Binhi sa Lokal ng Crystal Cave Ext! /  / -BinDO,https://www.youtube.com/watch?v=ROa3kbG5M0U&lc=UgyLiRjN_QUff_p0G0J4AaABAg,UgyLiRjN_QUff_p0G0J4AaABAg,UCqAZvKcFKWAYBEWjNAhZEZw,"Fetched 05/24/2026, 8:08:10 PM GMT+8"
33250,@JonnerGuilod-ye5rs,10 days ago,Happy Watching po mula sa Lokal ng Baguio City! /  / Pagbati po sa mga Binhi sa Lokal ng City Camp sa Pangunguna po ng kanilang Pangulong Binhi Ka. Prince Tipay! /  / -BinDO,https://www.youtube.com/watch?v=ROa3kbG5M0U&lc=Ugy0YPVvpMwpvot1W7l4AaABAg,Ugy0YPVvpMwpvot1W7l4AaABAg,UCqAZvKcFKWAYBEWjNAhZEZw,"Fetched 05/24/2026, 8:08:10 PM GMT+8"
33251,@elaizaveniceantonio8756,10 days ago,"let's go, Benguet !   /  / full support po mula po sa Kalihiman ng Baguio City !",https://www.youtube.com/watch?v=ROa3kbG5M0U&lc=UgwTBR8qKJvzYZ1-8ax4AaABAg,UgwTBR8qKJvzYZ1-8ax4AaABAg,UCWG0uMJfrHKBymnZPaLYV8w,"Fetched 05/24/2026, 8:08:10 PM GMT+8"
33252,@syrelyongaan.765,10 days ago,Good evening po! Happy watching po Bago matulog.,https://www.youtube.com/watch?v=ROa3kbG5M0U&lc=UgxjfY-uHIbQ949fFq54AaABAg,UgxjfY-uHIbQ949fFq54AaABAg,UCykQvuxJPkzC-KGTaipaIsQ,"Fetched 05/24/2026, 8:08:10 PM GMT+8"
33253,@jeanietugad4595,10 days ago,"Hello,, tuloy po tayo sa panonod, Atok Gold, Kalihiman/Registry.",https://www.youtube.com/watch?v=ROa3kbG5M0U&lc=UgzL831VzW817RFZy3h4AaABAg,UgzL831VzW817RFZy3h4AaABAg,UC4-hT99A9u-aH7hnm5JCSfg,"Fetched 05/24/2026, 8:08:10 PM GMT+8"
33254,@JonnerGuilod-ye5rs,10 days ago,Happy Watching po mula sa Lokal ng Baguio City! /  / Pagbati po sa mga Binhi sa Lokal ng Camp 8! /  / -BinDO,https://www.youtube.com/watch?v=ROa3kbG5M0U&lc=UgxtrE6JmltIi9Waoml4AaABAg,UgxtrE6JmltIi9Waoml4AaABAg,UCqAZvKcFKWAYBEWjNAhZEZw,"Fetched 05/24/2026, 8:08:10 PM GMT+8"
33255,@JonnerGuilod-ye5rs,10 days ago,Happy Watching po mula sa Lokal ng Baguio City! /  / Pagbati po sa mga Binhi sa Lokal ng Camp 7! /  / -BinDO,https://www.youtube.com/watch?v=ROa3kbG5M0U&lc=Ugyclt54mmKwHQ4CY1t4AaABAg,Ugyclt54mmKwHQ4CY1t4AaABAg,UCqAZvKcFKWAYBEWjNAhZEZw,"Fetched 05/24/2026, 8:08:10 PM GMT+8"
33256,@Julskie28,10 days ago,Full support for Benguet 🎉 /  / From KADIWA district officers,https://www.youtube.com/watch?v=ROa3kbG5M0U&lc=UgxNT7q4-MtmwumA8694AaABAg,UgxNT7q4-MtmwumA8694AaABAg,UC1nz0UiWHV8lyoQdZtJejeg,"Fetched 05/24/2026, 8:08:10 PM GMT+8"
33257,@MaximYongaan,10 days ago,Happy viewing po sa local ng Norcar🎉,https://www.youtube.com/watch?v=ROa3kbG5M0U&lc=Ugx9X5jAe1KQuDc-3JV4AaABAg,Ugx9X5jAe1KQuDc-3JV4AaABAg,UCRdTSXJPBJiQ9uPGNSOpCTw,"Fetched 05/24/2026, 8:08:10 PM GMT+8"
33258,@JonnerGuilod-ye5rs,10 days ago (edited),Happy Watching po mula sa Lokal ng Baguio City! /  / Pagbati po sa mga Binhi sa Lokal ng Camp 6! /  / -BinDO,https://www.youtube.com/watch?v=ROa3kbG5M0U&lc=UgxRRwa9XJf1M9PUH1x4AaABAg,UgxRRwa9XJf1M9PUH1x4AaABAg,UCqAZvKcFKWAYBEWjNAhZEZw,"Fetched 05/24/2026, 8:08:10 PM GMT+8"
33259,@JonnerGuilod-ye5rs,10 days ago,Shout out po sa mga Pananalapi sa Lokal ng Baguio City! /  / -Lokal ng Baguio City,https://www.youtube.com/watch?v=ROa3kbG5M0U&lc=UgzOXEI3BAxnNcFcbi14AaABAg,UgzOXEI3BAxnNcFcbi14AaABAg,UCqAZvKcFKWAYBEWjNAhZEZw,"Fetched 05/24/2026, 8:08:10 PM GMT+8"
33260,@haielei2869,10 days ago (edited),Lets Go BENGUET. Ang Lokal ng Norcar ay patuloy po sa pagsuporta! 🤗🤗,https://www.youtube.com/watch?v=ROa3kbG5M0U&lc=UgxQvzyF6trobCdkZKZ4AaABAg,UgxQvzyF6trobCdkZKZ4AaABAg,UCf3PWHW8mj2mncX07kw9ZQw,"Fetched 05/24/2026, 8:08:10 PM GMT+8"
33261,@JonnerGuilod-ye5rs,10 days ago,Shout out po sa mga Kalihim ng Lokal ng Baguio City! /  / -Lokal ng Baguio City,https://www.youtube.com/watch?v=ROa3kbG5M0U&lc=UgwLRmGs_6Azy47Uj3R4AaABAg,UgwLRmGs_6Azy47Uj3R4AaABAg,UCqAZvKcFKWAYBEWjNAhZEZw,"Fetched 05/24/2026, 8:08:10 PM GMT+8"
33262,@JonnerGuilod-ye5rs,10 days ago,Shout out po sa mga Binhi sa aming Lokal! /  / Lokal ng Baguio City,https://www.youtube.com/watch?v=ROa3kbG5M0U&lc=UgxBpuAk5H0g_cEnb5h4AaABAg,UgxBpuAk5H0g_cEnb5h4AaABAg,UCqAZvKcFKWAYBEWjNAhZEZw,"Fetched 05/24/2026, 8:08:10 PM GMT+8"
33263,@rjhayvaldez,10 days ago,"Happy Viewing po mga Kapatid, Binabati ko po ang ating Tagapamahalang Pangkalahatan, Kapatid na EDUARDO V. MANALO, at sa ating Pangalawang Tagapamahalang Pangkalahatan, Kapatid na ANGELO ERAÑO V. MANALO. Happy Viewing po mula po sa lokal ng Gibraltar, distrito ng Benguet 💚🤍❤️",https://www.youtube.com/watch?v=ROa3kbG5M0U&lc=UgxwN5ihpkUDaYRo0nt4AaABAg,UgxwN5ihpkUDaYRo0nt4AaABAg,UC4MepxpRf7PEvAD3HR8UYwA,"Fetched 05/24/2026, 8:08:10 PM GMT+8"
33264,@frederickcauso,10 days ago,"Quezon hill, Benguet",https://www.youtube.com/watch?v=ROa3kbG5M0U&lc=UgyJ2MFJKIw9aYBfcbx4AaABAg,UgyJ2MFJKIw9aYBfcbx4AaABAg,UC9UKrTFjf2vc1tt5ZiTpOFw,"Fetched 05/24/2026, 8:08:10 PM GMT+8"
33265,@JonnerGuilod-ye5rs,10 days ago,Go Benguet Go Baguio city  /  / Lokal ng Baguio City,https://www.youtube.com/watch?v=ROa3kbG5M0U&lc=Ugyso5TS5UmgIcF8E9F4AaABAg,Ugyso5TS5UmgIcF8E9F4AaABAg,UCqAZvKcFKWAYBEWjNAhZEZw,"Fetched 05/24/2026, 8:08:10 PM GMT+8"
33266,@arlynsadsaddarnayla,10 days ago,Good evening po mga Kapatid...❤ from Lokal ng Baguio city po🇮🇹,https://www.youtube.com/watch?v=ROa3kbG5M0U&lc=UgyqnWzghUCyQP2AS7Z4AaABAg,UgyqnWzghUCyQP2AS7Z4AaABAg,UCEpebcWdMuh8WoE06IwNIKA,"Fetched 05/24/2026, 8:08:10 PM GMT+8"
33267,@johannavictoriabugayong6497,10 days ago,Lapit na po sa 20K views! Lets gooo!! /  / Fight Fight Benguet 🎉🎉 / Rooting for you! / From Baguio City!!,https://www.youtube.com/watch?v=ROa3kbG5M0U&lc=Ugylvbs4BfjHhBkdN5d4AaABAg,Ugylvbs4BfjHhBkdN5d4AaABAg,UCAVwkDYaVisQRxDeJ2kDClA,"Fetched 05/24/2026, 8:08:10 PM GMT+8"
33268,@johannavictoriabugayong6497,10 days ago,Lets Go Baguio!,https://www.youtube.com/watch?v=ROa3kbG5M0U&lc=UgxBpuAk5H0g_cEnb5h4AaABAg.AWkQw8a1k5zAWkRQ_jNM9z,UgxBpuAk5H0g_cEnb5h4AaABAg.AWkQw8a1k5zAWkRQ_jNM9z,UCAVwkDYaVisQRxDeJ2kDClA,"Fetched 05/24/2026, 8:08:10 PM GMT+8"
33269,@haielei2869,10 days ago,Good evening po! Watching po tayo habang kumakain.  /  / Mula po sa Lokal ng Norcar,https://www.youtube.com/watch?v=ROa3kbG5M0U&lc=Ugy1e1HiXiiy_pcPpPZ4AaABAg,Ugy1e1HiXiiy_pcPpPZ4AaABAg,UCf3PWHW8mj2mncX07kw9ZQw,"Fetched 05/24/2026, 8:08:10 PM GMT+8"
33270,@axeliee-m5u,10 days ago,Mula sa mga may tungkulin sa kapisanang Binhi 🌱 ng Lokal ng La Trinidad 🪷 /  /  Enjoy watching po everyone! 💞,https://www.youtube.com/watch?v=ROa3kbG5M0U&lc=UgxFYY1nmJ1vG3CV3cB4AaABAg,UgxFYY1nmJ1vG3CV3cB4AaABAg,UCxjmGS0yLlCMs4Fe-AqbHFw,"Fetched 05/24/2026, 8:08:10 PM GMT+8"
33271,@JackieLegaspi-y9u,10 days ago,Magandang gabi po mga kapatid / Happy viewing po sa lahat  / Pagbati po mula sa Quezon Hill,https://www.youtube.com/watch?v=ROa3kbG5M0U&lc=UgwazthmTyGJ04dRMCB4AaABAg,UgwazthmTyGJ04dRMCB4AaABAg,UC9JeH1Y1DgOPr9l_3fFFAXw,"Fetched 05/24/2026, 8:08:10 PM GMT+8"
33272,@henrycaranto2644,10 days ago,Bago matulog ay suporta muna tayo 🎉🎉❤ /  / Shoutout sa lahat ng Benguet Kadiwa district Officers na Walang sawa s apag suporta🎉🎉❤ /  / From lokal ng Baguio City,https://www.youtube.com/watch?v=ROa3kbG5M0U&lc=UgzjTt1EjDpIlYJyq2h4AaABAg,UgzjTt1EjDpIlYJyq2h4AaABAg,UCFilTOy22FklSkBIgwVPVaQ,"Fetched 05/24/2026, 8:08:10 PM GMT+8"
33273,@kristine7303,10 days ago,"Last round tayo! Labaaaan~ / -Lokal ng Marcos Highway, KADIWA officer",https://www.youtube.com/watch?v=ROa3kbG5M0U&lc=UgxkbHNzzsjC45WJx9d4AaABAg,UgxkbHNzzsjC45WJx9d4AaABAg,UCJnlqat5vcPuV6GiDugaBnA,"Fetched 05/24/2026, 8:08:10 PM GMT+8"
33274,@Rhuvy-f3n,10 days ago,"Good evening to all / full support from local of Tuba,Benguet.",https://www.youtube.com/watch?v=ROa3kbG5M0U&lc=UgwZ8W363Ychup89MxZ4AaABAg,UgwZ8W363Ychup89MxZ4AaABAg,UC7ENaSn829WD44x8C1ersyA,"Fetched 05/24/2026, 8:08:10 PM GMT+8"
33275,@ambrosioanofojr4444,10 days ago,God's Love❤ / Gudeve po mga kapatid pagbati po mula sa Lokal ng Norcar at KDO!,https://www.youtube.com/watch?v=ROa3kbG5M0U&lc=Ugxvw2AIqgxNXdtomER4AaABAg,Ugxvw2AIqgxNXdtomER4AaABAg,UCQACOM5LJpxnKpV1DM1bwew,"Fetched 05/24/2026, 8:08:10 PM GMT+8"
33276,@ReynaldoBasilio-t6k,10 days ago,Happy viewing po.. Baguio city,https://www.youtube.com/watch?v=ROa3kbG5M0U&lc=UgwAQCmqr0eWoEE8mmR4AaABAg,UgwAQCmqr0eWoEE8mmR4AaABAg,UCtM4JYLXLwH8nnbp-K5osAA,"Fetched 05/24/2026, 8:08:10 PM GMT+8"
33277,@ChustineSoriano-vn3dg,10 days ago,Happy watching po👋 mula po sa lokal ng baguio city,https://www.youtube.com/watch?v=ROa3kbG5M0U&lc=UgwLXiijutHit0PTqIB4AaABAg,UgwLXiijutHit0PTqIB4AaABAg,UCrAPWlA8sXUguiiB66d-0IA,"Fetched 05/24/2026, 8:08:10 PM GMT+8"
33278,@PELITANJennyClaireT,10 days ago,"Last (but not the end) viewing po. Let's go, Benguet 🥳. Greetings from Lokal ng La Trinidad, Distrito ng Benguet :))",https://www.youtube.com/watch?v=ROa3kbG5M0U&lc=UgxPqjP2lnqavjh8iA54AaABAg,UgxPqjP2lnqavjh8iA54AaABAg,UCsVZgGkRnNqeIIOLxHiFR7A,"Fetched 05/24/2026, 8:08:10 PM GMT+8"
33279,@jonieyonga-an5239,10 days ago,Bago matulog ay manonood Muna sa INCMV!! / LET'S GOOO BENGUETTT!!!🎉 /  / Mula Po sa lokal Ng Norcar Distrito Ng Benguet 🎉,https://www.youtube.com/watch?v=ROa3kbG5M0U&lc=UgzrBGVUIEyoOFgHWSh4AaABAg,UgzrBGVUIEyoOFgHWSh4AaABAg,UCgUo3JP_Fffuctza4bUumJg,"Fetched 05/24/2026, 8:08:10 PM GMT+8"
33280,@mikelesterpasag5137,10 days ago,Mula po sa Ucab GWS Distrito ng Benguet happy viewing po mga kapatid,https://www.youtube.com/watch?v=ROa3kbG5M0U&lc=Ugxi1YvqM-rSgiFOo-N4AaABAg,Ugxi1YvqM-rSgiFOo-N4AaABAg,UC2HjdRwXXfjGm_7Dx06K0YQ,"Fetched 05/24/2026, 8:08:10 PM GMT+8"
33281,@BnHydn,10 days ago,Benguet ON TOP 🎉🎉 / -Lokal ng La Trinidad,https://www.youtube.com/watch?v=ROa3kbG5M0U&lc=Ugwom2sb1yPcCwDdEgx4AaABAg,Ugwom2sb1yPcCwDdEgx4AaABAg,UCbVqbfs9vjTS-hPNArDNcFQ,"Fetched 05/24/2026, 8:08:10 PM GMT+8"
33282,@Lands.telio69,10 days ago,Happy viewing po Mula po sa Lokal ng Balakbak-Kibungan Extension Distrito ng Benguet,https://www.youtube.com/watch?v=ROa3kbG5M0U&lc=Ugw7Vy164NpUipOyc5B4AaABAg,Ugw7Vy164NpUipOyc5B4AaABAg,UCqc4st-EnQLzOXJJPt8rPLw,"Fetched 05/24/2026, 8:08:10 PM GMT+8"
33283,@cherrydevera8251,10 days ago,Happy watching from baguio city distrito ng benguet,https://www.youtube.com/watch?v=ROa3kbG5M0U&lc=Ugwh4fj6A4WC0V0RdHB4AaABAg,Ugwh4fj6A4WC0V0RdHB4AaABAg,UCrod3zHPNdFZBv-HyVuLJ3g,"Fetched 05/24/2026, 8:08:10 PM GMT+8"
33284,@GarryVasquez-x2q7s,10 days ago,Magandang Gabi po sa ating lahat mga Kapatid ❤❤❤ / Watching from Aurora Hill Distrito ng Benguet..😊😊,https://www.youtube.com/watch?v=ROa3kbG5M0U&lc=Ugx9nr-7XhHVmYLo8DN4AaABAg,Ugx9nr-7XhHVmYLo8DN4AaABAg,UC9ov2t86HCj2jP21ArB-e-A,"Fetched 05/24/2026, 8:08:10 PM GMT+8"
33285,@jazz-m7b,10 days ago,Let's go BENGUET 🍓🐑  /  / Supporting from Lokal ng La Trinidad 🪷,https://www.youtube.com/watch?v=ROa3kbG5M0U&lc=UgyUDKAYlNHCdnU2EZx4AaABAg,UgyUDKAYlNHCdnU2EZx4AaABAg,UCNB-zyitm7U6Yt835DEKclA,"Fetched 05/24/2026, 8:08:10 PM GMT+8"
33286,@almazanrhyndylyn,10 days ago,❤❤❤❤ Go Go Benguet. Konti na lang po maabot na po ang 20k.... Patuloy pong pagsuporta mula sa Lokal ng Norcar at Kapisanang Kadiwa po.,https://www.youtube.com/watch?v=ROa3kbG5M0U&lc=UgzSnmtYgK7KS6-QEk14AaABAg,UgzSnmtYgK7KS6-QEk14AaABAg,UCEoQCNgytnJxjJnAQLSzFeA,"Fetched 05/24/2026, 8:08:10 PM GMT+8"
33287,@NoralizaCastro,10 days ago,Happy viewing po mula sa lokal ng norcar 😊,https://www.youtube.com/watch?v=ROa3kbG5M0U&lc=UgwHbQXFKlowc2isJYN4AaABAg,UgwHbQXFKlowc2isJYN4AaABAg,UCmaqinMpwRyWxCnQu2-Om-g,"Fetched 05/24/2026, 8:08:10 PM GMT+8"
33288,@kimberlysarmiento1034,10 days ago,"Go Benguet Arat na!! /  / Tuba,Benguet",https://www.youtube.com/watch?v=ROa3kbG5M0U&lc=UgxmQoYcfsDOg8cRsON4AaABAg,UgxmQoYcfsDOg8cRsON4AaABAg,UCds_RyKfMX7Xzg4PQRhf9NQ,"Fetched 05/24/2026, 8:08:10 PM GMT+8"
33289,@florencemondata8788,10 days ago,"Happy viewing po mga kapatid,,,mula po sa Lokal ng Norcar Distrito ng Benguet❤",https://www.youtube.com/watch?v=ROa3kbG5M0U&lc=UgzPPh1bwYA98Tof9MZ4AaABAg,UgzPPh1bwYA98Tof9MZ4AaABAg,UCRJVXb-wGwW9jOPYcEetZgQ,"Fetched 05/24/2026, 8:08:10 PM GMT+8"
33290,@raniemembrere4730,10 days ago,Happy Viewing po from Lokal ng Megaroyale Village,https://www.youtube.com/watch?v=ROa3kbG5M0U&lc=UgxXu4iGhWb1MEuW2NJ4AaABAg,UgxXu4iGhWb1MEuW2NJ4AaABAg,UCtF_y7IO_sbKFCDIf6Lu4uA,"Fetched 05/24/2026, 8:08:10 PM GMT+8"
33291,@SamGarcia-o6x,10 days ago,Magandang gabi po masayang panonood po mula po sa lokal ng Greenwater Distrito ng Benguet ❤❤❤,https://www.youtube.com/watch?v=ROa3kbG5M0U&lc=UgzlQeeY9VE0y5Kw7PJ4AaABAg,UgzlQeeY9VE0y5Kw7PJ4AaABAg,UCjJ8K6KPJmSj58WQZl21HVQ,"Fetched 05/24/2026, 8:08:10 PM GMT+8"
33292,@aimoth8799,10 days ago,FIGHT!!!!Lokal ng Baguio City po.🧡,https://www.youtube.com/watch?v=ROa3kbG5M0U&lc=UgwMQdEY8iaIKRT7xhB4AaABAg,UgwMQdEY8iaIKRT7xhB4AaABAg,UCdpyBtbTRbuwZiRRLRsiOyQ,"Fetched 05/24/2026, 8:08:10 PM GMT+8"
33293,@JonnerGuilod-ye5rs,10 days ago,Happy Watching po mula po sa Lokal ng Baguio City! /  / Shout out po sa Pangulong PNK ng Lokal ng Baguio City Ka. Deovina Espino!,https://www.youtube.com/watch?v=ROa3kbG5M0U&lc=UgyiCAorT5vlFWPiQwR4AaABAg,UgyiCAorT5vlFWPiQwR4AaABAg,UCqAZvKcFKWAYBEWjNAhZEZw,"Fetched 05/24/2026, 8:08:10 PM GMT+8"
33294,@johannavictoriabugayong6497,10 days ago,Hello po sa mga nanonood! Happy viewing po sa atin! /  / From lokal ng Baguio City!,https://www.youtube.com/watch?v=ROa3kbG5M0U&lc=UgzqbNCKf0Q-npMUHcB4AaABAg,UgzqbNCKf0Q-npMUHcB4AaABAg,UCAVwkDYaVisQRxDeJ2kDClA,"Fetched 05/24/2026, 8:08:10 PM GMT+8"
33295,@GenieM-k2m,10 days ago,Go Benguet🎉 Watching from locale of Quezon Hill. Happy viewing po mga kapatid 😊❤🎉🙏🇮🇪,https://www.youtube.com/watch?v=ROa3kbG5M0U&lc=UgzeASIPns52U9cXSk54AaABAg,UgzeASIPns52U9cXSk54AaABAg,UCyMpHpJYpWlpNG_2X_pdb9w,"Fetched 05/24/2026, 8:08:10 PM GMT+8"
33296,@clarissarb8511,10 days ago,"Happy viewing po mga kapatid😊 Pagbati mula po sa Lokal ng Norcar, Benguet😊",https://www.youtube.com/watch?v=ROa3kbG5M0U&lc=Ugwkw1ftxDtwJu_jp0l4AaABAg,Ugwkw1ftxDtwJu_jp0l4AaABAg,UCpN6a1Fq8y1AvfqQg7kBgdw,"Fetched 05/24/2026, 8:08:10 PM GMT+8"
33297,@MoniqueJane-t1z6y,10 days ago,Happy viewing po Mula sa lokal ng atok gold ❤❤❤,https://www.youtube.com/watch?v=ROa3kbG5M0U&lc=UgzNM2vLV48T8LLZb9d4AaABAg,UgzNM2vLV48T8LLZb9d4AaABAg,UCJ_Jiz4VZK22n1hCnE_OvIA,"Fetched 05/24/2026, 8:08:10 PM GMT+8"
33298,@JonnerGuilod-ye5rs,10 days ago,Happy Watching po mula sa Lokal ng Baguio City? /  / Shout out po sa masiglang isang S1 at MT ng PNK ng Lokal ng Baguio City Kapatid na Agatha Dumo!,https://www.youtube.com/watch?v=ROa3kbG5M0U&lc=UgzLyMf9lENy5x75FCB4AaABAg,UgzLyMf9lENy5x75FCB4AaABAg,UCqAZvKcFKWAYBEWjNAhZEZw,"Fetched 05/24/2026, 8:08:10 PM GMT+8"
33299,@Art-z2p7n,10 days ago,Binabati po Namin ang aming mahal na tagapangasiwa kptd na ARDY MENDOZA happy vieweng po mga Kapatid mula sa lokal po ng Queson hill distrito ng Benguet.,https://www.youtube.com/watch?v=ROa3kbG5M0U&lc=Ugwfhj0FRflmDtXyBxd4AaABAg,Ugwfhj0FRflmDtXyBxd4AaABAg,UCAV55P2W4ReJgvm2Eh3I7Iw,"Fetched 05/24/2026, 8:08:10 PM GMT+8"
33300,@DJDaniwis,10 days ago,"HAPPY VIEWING PO, lokal ng Ambiong po good evening po sa inyo mga kapatid 💙💙",https://www.youtube.com/watch?v=ROa3kbG5M0U&lc=Ugx_rWMvl2ShZa7VY494AaABAg,Ugx_rWMvl2ShZa7VY494AaABAg,UCciByNaKApcsQBcHkjrrwcA,"Fetched 05/24/2026, 8:08:10 PM GMT+8"
33301,@BnHydn,10 days ago,Magandang gabi po sa mga nanonood 🌌 / Happy viewing po sa inyo!! / Mula po sa lokal ng La Trinidad❤❤❤ /  / LET'S GO BENGUET 🍓,https://www.youtube.com/watch?v=ROa3kbG5M0U&lc=UgwQzhtyNQEh6tCUfzt4AaABAg,UgwQzhtyNQEh6tCUfzt4AaABAg,UCbVqbfs9vjTS-hPNArDNcFQ,"Fetched 05/24/2026, 8:08:10 PM GMT+8"
33302,@vanessacanillas,10 days ago,"Goodpm po sa lahat❤️😊happy viewing po mula sa Lokal ng Camp7,Benguet 💚🤍❤️",https://www.youtube.com/watch?v=ROa3kbG5M0U&lc=UgxTP2Um0VDtfV3nwRV4AaABAg,UgxTP2Um0VDtfV3nwRV4AaABAg,UCpN92WQc-06KhfnrRPDiPJw,"Fetched 05/24/2026, 8:08:10 PM GMT+8"
33303,@NancyMoyano-r7u,10 days ago,Shout out po sa aming mahal na destinado Ka Norberto Mislang at kay kapatid na John Felix Dungan sa walang sawa nilang pagpapaalala sa kanilang  nasasakupan sa panonood at pagsuporta sa atin pong entry. /  / Go Baguio! Go Benguet!!!,https://www.youtube.com/watch?v=ROa3kbG5M0U&lc=UgydBx4dK_6XWxaUa3d4AaABAg,UgydBx4dK_6XWxaUa3d4AaABAg,UCIZH5g0o-lHJidrq7pdjV5w,"Fetched 05/24/2026, 8:08:10 PM GMT+8"
33304,@ShadeRexzylTelio,10 days ago,"Happy viewing po, mula po sa Lokal ng Balakbak-Kibungan Extension Distrito ng Benguet🩵",https://www.youtube.com/watch?v=ROa3kbG5M0U&lc=Ugwtm2nIAD_G2Yok_o94AaABAg,Ugwtm2nIAD_G2Yok_o94AaABAg,UC2h5mwET6YHlEFf-N1vkLMg,"Fetched 05/24/2026, 8:08:10 PM GMT+8"
33305,@jenelynlegaspi5472,10 days ago,Happy viewing po sa lahat / Go Benguet🍓🍓🍓 / #QuezonHillBenguet,https://www.youtube.com/watch?v=ROa3kbG5M0U&lc=UgzbppcsPqvAGLFHWaR4AaABAg,UgzbppcsPqvAGLFHWaR4AaABAg,UCLjU_xM1oUxJ0N9ClfCcPjQ,"Fetched 05/24/2026, 8:08:10 PM GMT+8"
33306,@elenamercado703,10 days ago,GO! Go Baguio City Benguet ❤❤❤❤❤ GOD'S LOVE,https://www.youtube.com/watch?v=ROa3kbG5M0U&lc=UgxO_z5dc-DgprOmKlN4AaABAg,UgxO_z5dc-DgprOmKlN4AaABAg,UCNozFZrWKHQlsgIMWyFmFIA,"Fetched 05/24/2026, 8:08:10 PM GMT+8"
33307,@LhexieTindo,10 days ago,"Happy viewing po sa lahat ng kapatid, from lokal po ng Baguio City! let's Go BENGUET 🎉🍓",https://www.youtube.com/watch?v=ROa3kbG5M0U&lc=UgxkQ1BTB-yNTvJ0JLR4AaABAg,UgxkQ1BTB-yNTvJ0JLR4AaABAg,UCJ8gw3BSS_9BNm6KDY9I-ng,"Fetched 05/24/2026, 8:08:10 PM GMT+8"
33308,@luisabinayan,10 days ago,Happy Viewing mga Kapatid Lokal Ng Camp 7 District Of Benguet,https://www.youtube.com/watch?v=ROa3kbG5M0U&lc=UgwZn9BzUtdKAtqZ6UN4AaABAg,UgwZn9BzUtdKAtqZ6UN4AaABAg,UCAJHqUZIvL5qWL3ieUilChw,"Fetched 05/24/2026, 8:08:10 PM GMT+8"
33309,@Art-z2p7n,10 days ago,Gandang Gabi po mga kptd happy vieweng po Mula sa lokal ng Quezon hill distrito ng Benguet,https://www.youtube.com/watch?v=ROa3kbG5M0U&lc=UgxcunVatBE5X3J2lZx4AaABAg,UgxcunVatBE5X3J2lZx4AaABAg,UCAV55P2W4ReJgvm2Eh3I7Iw,"Fetched 05/24/2026, 8:08:10 PM GMT+8"
33310,@krizeloyao6787,10 days ago,"Greetings po from lokal ng Binanga, Benguet.",https://www.youtube.com/watch?v=ROa3kbG5M0U&lc=Ugy5zmR4eJ1-3p0B3254AaABAg,Ugy5zmR4eJ1-3p0B3254AaABAg,UC8swQ5S2bNcbNpJhpMKg7Bw,"Fetched 05/24/2026, 8:08:10 PM GMT+8"
33311,@almazanrhyndylyn,10 days ago,Happy Dinner po.  /  / Kain po habang nakikinig sa awiting ito.  /  / Muling pagbati mula sa Lokal ng Norcar at sa Kapisanang Kadiwa.  /  / ❤ Love Benguet 🍓🍓,https://www.youtube.com/watch?v=ROa3kbG5M0U&lc=UgzOxNwI28S08V2zPIJ4AaABAg,UgzOxNwI28S08V2zPIJ4AaABAg,UCEoQCNgytnJxjJnAQLSzFeA,"Fetched 05/24/2026, 8:08:10 PM GMT+8"
33312,@JonnerGuilod-ye5rs,10 days ago,Happy Watching po mula sa Lokal ng Baguio City!,https://www.youtube.com/watch?v=ROa3kbG5M0U&lc=UgygeKNm8XLvviiW9iB4AaABAg,UgygeKNm8XLvviiW9iB4AaABAg,UCqAZvKcFKWAYBEWjNAhZEZw,"Fetched 05/24/2026, 8:08:10 PM GMT+8"
33313,@jenelynlegaspi5472,10 days ago,Magandang gabi po mga kapatid pagbati po mula sa lokal ng QUEZON HILL,https://www.youtube.com/watch?v=ROa3kbG5M0U&lc=Ugxw8V4OBf1p-Py-TD54AaABAg,Ugxw8V4OBf1p-Py-TD54AaABAg,UCLjU_xM1oUxJ0N9ClfCcPjQ,"Fetched 05/24/2026, 8:08:10 PM GMT+8"
33314,@johannavictoriabugayong6497,10 days ago,Baguio City!  /  / Fight or Flight? /  / FIGHT!!💪,https://www.youtube.com/watch?v=ROa3kbG5M0U&lc=Ugx6qaO-b7CXkfalf7x4AaABAg,Ugx6qaO-b7CXkfalf7x4AaABAg,UCAVwkDYaVisQRxDeJ2kDClA,"Fetched 05/24/2026, 8:08:10 PM GMT+8"
33315,@elenamercado703,10 days ago,Magandang gabi po sa mga MT ng Baguio City Benguet at sa destinado po namin c Ka Bert Mislang / # God's ❤❤❤ / # Go! Go! FIGHT!!!!!!,https://www.youtube.com/watch?v=ROa3kbG5M0U&lc=UgymddcWXjvXBiYKcFd4AaABAg,UgymddcWXjvXBiYKcFd4AaABAg,UCNozFZrWKHQlsgIMWyFmFIA,"Fetched 05/24/2026, 8:08:10 PM GMT+8"
33316,@johannavictoriabugayong6497,10 days ago,Truly his love is bigger than the ocean❤❤ /  / Happy viewing po! 🎉 / Greetings from Baguio City!🎉🎉🎉🎉,https://www.youtube.com/watch?v=ROa3kbG5M0U&lc=UgwkoQQNsZE40r7qWwB4AaABAg,UgwkoQQNsZE40r7qWwB4AaABAg,UCAVwkDYaVisQRxDeJ2kDClA,"Fetched 05/24/2026, 8:08:10 PM GMT+8"
33317,@maritacayabyab1353,10 days ago,"Good evening po mga kapatid, happy viewing po mula sa Lokal ng Megaroyale Village❤",https://www.youtube.com/watch?v=ROa3kbG5M0U&lc=UgxVuWM7yRu0zsSGrbl4AaABAg,UgxVuWM7yRu0zsSGrbl4AaABAg,UCth8QarotfhAh5LQQ30nSQA,"Fetched 05/24/2026, 8:08:10 PM GMT+8"
33318,@SiennaroseBisnar,10 days ago,Hellow po mula po sa lokal ng camp6 distrito ng benguet ang aming buong sambahayan po ay patuloy na sumusuporta po sainnyo mga kpatid,https://www.youtube.com/watch?v=ROa3kbG5M0U&lc=UgyqT4xyBnErKJFDsWV4AaABAg,UgyqT4xyBnErKJFDsWV4AaABAg,UC1R3ViAXaaS65BwUXIVcy2A,"Fetched 05/24/2026, 8:08:10 PM GMT+8"
33319,@aileenbanna8578,10 days ago,Happy Viewing from  lokal ng La Trinidad distrito ng Benguey,https://www.youtube.com/watch?v=ROa3kbG5M0U&lc=Ugz0BI9Vlp17GZt5dQ54AaABAg,Ugz0BI9Vlp17GZt5dQ54AaABAg,UC3l0jLf7mmEzAf3Tee_8hyQ,"Fetched 05/24/2026, 8:08:10 PM GMT+8"
33320,@lemarlagaban5093,10 days ago,Lokal ng Kias / Happy Viewing po,https://www.youtube.com/watch?v=ROa3kbG5M0U&lc=UgyEvanpCSrxBHhC2ZJ4AaABAg,UgyEvanpCSrxBHhC2ZJ4AaABAg,UCu-lzewg0rRz1C1KFNCYQVg,"Fetched 05/24/2026, 8:08:10 PM GMT+8"
33321,@henrycaranto2644,10 days ago,Benguet on top!!🎉🎉🎉 /  / Keep on supporting po❤ /  / Mula sa lokal ng Baguio City  / At Kadiwa Officers ❤,https://www.youtube.com/watch?v=ROa3kbG5M0U&lc=UgwuNb-3nG0aTOvh6o94AaABAg,UgwuNb-3nG0aTOvh6o94AaABAg,UCFilTOy22FklSkBIgwVPVaQ,"Fetched 05/24/2026, 8:08:10 PM GMT+8"
33322,@johannavictoriabugayong6497,10 days ago,BAGUIO!,https://www.youtube.com/watch?v=ROa3kbG5M0U&lc=Ugwd9suJmTGGigX9EZ94AaABAg,Ugwd9suJmTGGigX9EZ94AaABAg,UCAVwkDYaVisQRxDeJ2kDClA,"Fetched 05/24/2026, 8:08:10 PM GMT+8"
33323,@haielei2869,10 days ago,Watching habang nagluluto po 😅  /  / Nanunuod po ang mga binhi ng Norcar! 😊,https://www.youtube.com/watch?v=ROa3kbG5M0U&lc=UgwtzexypFsY_Dw-INp4AaABAg,UgwtzexypFsY_Dw-INp4AaABAg,UCf3PWHW8mj2mncX07kw9ZQw,"Fetched 05/24/2026, 8:08:10 PM GMT+8"
33324,@ryezialou3259,10 days ago,"Still on support to our KaMusicians, actors and multi talented brethren.. Kudos.. 💪💪💪 All the way from the winding road of Kennon Locale congregation of Camp6. 💪💪 ❤❤",https://www.youtube.com/watch?v=ROa3kbG5M0U&lc=UgyMLQ2JdWlcgEpB-294AaABAg,UgyMLQ2JdWlcgEpB-294AaABAg,UCKU_HJL1WaxyvzKMokMekng,"Fetched 05/24/2026, 8:08:10 PM GMT+8"
33325,@jericaroselazaro5673,10 days ago (edited),Happy Viewing po. Watching from Ucab Gws. Distrito ng Benguet 🥰🥰,https://www.youtube.com/watch?v=ROa3kbG5M0U&lc=UgyemnjsIA-LxLDAQgJ4AaABAg,UgyemnjsIA-LxLDAQgJ4AaABAg,UCR3aX7kC-UTZIgPmjxuhbFA,"Fetched 05/24/2026, 8:08:10 PM GMT+8"
33326,@Adliselb,10 days ago,Gud pm po sa lahat Ng kapatid lokal ng Baguio city...,https://www.youtube.com/watch?v=ROa3kbG5M0U&lc=UgyTub1yaazob5XN83F4AaABAg,UgyTub1yaazob5XN83F4AaABAg,UCqdcIovy1nUIY294NOXH8LQ,"Fetched 05/24/2026, 8:08:10 PM GMT+8"
33327,@jankeith_0,10 days ago,"Fight fight, BAGUIO!",https://www.youtube.com/watch?v=ROa3kbG5M0U&lc=UgzlP-77Po-4HcqUXq14AaABAg,UgzlP-77Po-4HcqUXq14AaABAg,UCrPSneHcVzaG6Dsw7hM9niA,"Fetched 05/24/2026, 8:08:10 PM GMT+8"
33328,@johannavictoriabugayong6497,10 days ago,Lets goo!!! Support from Baguio City!!!,https://www.youtube.com/watch?v=ROa3kbG5M0U&lc=UgzyeXhmsOC7W8oXMdt4AaABAg,UgzyeXhmsOC7W8oXMdt4AaABAg,UCAVwkDYaVisQRxDeJ2kDClA,"Fetched 05/24/2026, 8:08:10 PM GMT+8"
33329,@mirapakipac674,10 days ago,"Happy viewing po sa ating lahat, hello po sa lahat ng MT ng PNK sa dako ng Happy Homes Lokal ng Baguio City.",https://www.youtube.com/watch?v=ROa3kbG5M0U&lc=UgxSUC2PReZpBADAjMl4AaABAg,UgxSUC2PReZpBADAjMl4AaABAg,UCoWuM8c4gFub3KUeNOE1D3Q,"Fetched 05/24/2026, 8:08:10 PM GMT+8"
33330,@cherrydevera8251,10 days ago,Good evening everyone from baguio city benguet,https://www.youtube.com/watch?v=ROa3kbG5M0U&lc=UgztJVba0eL5MAtBx0F4AaABAg,UgztJVba0eL5MAtBx0F4AaABAg,UCrod3zHPNdFZBv-HyVuLJ3g,"Fetched 05/24/2026, 8:08:10 PM GMT+8"
33331,@PELITANJennyClaireT,10 days ago,"Happi evening glimpsing po. Let's go, Benguet 🎉.  / - Kadiwa, Lokal ng La Trinidad, Distrito ng Benguet",https://www.youtube.com/watch?v=ROa3kbG5M0U&lc=UgyYSeXlG1t4mapFtO94AaABAg,UgyYSeXlG1t4mapFtO94AaABAg,UCsVZgGkRnNqeIIOLxHiFR7A,"Fetched 05/24/2026, 8:08:10 PM GMT+8"
33332,@kristine7303,10 days ago,"Konting konti na lang 20k na tayooo🎉❤ / Let’s Go Benguet! 💪🏻💪🏻 / -Kadiwa, Lokal ng Marcos Highway",https://www.youtube.com/watch?v=ROa3kbG5M0U&lc=Ugx6dz17jYtTw9-3XMZ4AaABAg,Ugx6dz17jYtTw9-3XMZ4AaABAg,UCJnlqat5vcPuV6GiDugaBnA,"Fetched 05/24/2026, 8:08:10 PM GMT+8"
33333,@bernadetteligew9074,10 days ago,God's Love / #KIAS-BENGUET,https://www.youtube.com/watch?v=ROa3kbG5M0U&lc=UgwRCcaL9L-SAh9wk1d4AaABAg,UgwRCcaL9L-SAh9wk1d4AaABAg,UC6vn09nux_X-v6--dq0mSGQ,"Fetched 05/24/2026, 8:08:10 PM GMT+8"
33334,@mikelesterpasag5137,10 days ago,Happy viewing po mula sa Ucab GWS Distrito ng Benguet,https://www.youtube.com/watch?v=ROa3kbG5M0U&lc=UgxTyQnYzL7Uxd4Hzfd4AaABAg,UgxTyQnYzL7Uxd4Hzfd4AaABAg,UC2HjdRwXXfjGm_7Dx06K0YQ,"Fetched 05/24/2026, 8:08:10 PM GMT+8"
33335,@mirapakipac674,10 days ago,Hello po kay Kuya Keith Jasper Flores mula po sa lokal ng Baguio City.,https://www.youtube.com/watch?v=ROa3kbG5M0U&lc=UgyUyPlIFHY9m9_deGJ4AaABAg,UgyUyPlIFHY9m9_deGJ4AaABAg,UCoWuM8c4gFub3KUeNOE1D3Q,"Fetched 05/24/2026, 8:08:10 PM GMT+8"
33336,@mirapakipac674,10 days ago,"Binabati ko po ang Ka KT Pagaduan sa mula po sa Lokal ng Baguio City, Happy viewing po.",https://www.youtube.com/watch?v=ROa3kbG5M0U&lc=UgwNVAmzMsFklbPaBPR4AaABAg,UgwNVAmzMsFklbPaBPR4AaABAg,UCoWuM8c4gFub3KUeNOE1D3Q,"Fetched 05/24/2026, 8:08:10 PM GMT+8"
33337,@alexissumilep-akitan,10 days ago,Full Support for Benguet from lokal ng QUEZON HILL,https://www.youtube.com/watch?v=ROa3kbG5M0U&lc=Ugxp2ZafjI2dUgLaPGF4AaABAg,Ugxp2ZafjI2dUgLaPGF4AaABAg,UCjLw8KfZA1ZX3DYq3aCogsQ,"Fetched 05/24/2026, 8:08:10 PM GMT+8"
33338,@jazz-m7b,10 days ago,Happy viewing po mga kapatid 🌸  / Let's keep on listening po ❤,https://www.youtube.com/watch?v=ROa3kbG5M0U&lc=UgwfDrHilGru0kqOlz14AaABAg,UgwfDrHilGru0kqOlz14AaABAg,UCNB-zyitm7U6Yt835DEKclA,"Fetched 05/24/2026, 8:08:10 PM GMT+8"
33339,@rizaldylacangan7311,10 days ago,Kumusta po mga kapatid pagabati po from Distrito ng Benguet,https://www.youtube.com/watch?v=ROa3kbG5M0U&lc=UgyAK-tJLW6RB-O5IOl4AaABAg,UgyAK-tJLW6RB-O5IOl4AaABAg,UCeJsBhPv99YVlS3dZF4jpqA,"Fetched 05/24/2026, 8:08:10 PM GMT+8"
33340,@valsisonlanuza9005,10 days ago,"happy viewing po sa TAGAPANGASIWA ng Benguet, Ka Ardy Mendoza, frm Quezon Hill, Benguet",https://www.youtube.com/watch?v=ROa3kbG5M0U&lc=UgyH1yMXU99xiIcDeP94AaABAg,UgyH1yMXU99xiIcDeP94AaABAg,UCw8tE9N_NVwFiXFI5fcgc7w,"Fetched 05/24/2026, 8:08:10 PM GMT+8"
33341,@daisycastaneda7972,10 days ago,"GO! GO! KALIHIMAN NG BAGUIO  CITY, MALAGAYANG PANONOOD PO SA LAHAT MGA KAPATID",https://www.youtube.com/watch?v=ROa3kbG5M0U&lc=Ugw5PLXY6jN9IY57YHV4AaABAg,Ugw5PLXY6jN9IY57YHV4AaABAg,UCD3NlGp4eLYcR2RGC7FwnKQ,"Fetched 05/24/2026, 8:08:10 PM GMT+8"
33342,@clydeenesumilep3406,10 days ago,Go Benguet!!!! Mula po sa Lokal ng Quezon Hill Distrito ng Benguet - Kalihiman and Registry Section,https://www.youtube.com/watch?v=ROa3kbG5M0U&lc=UgwUWRHcHOThJFaETSp4AaABAg,UgwUWRHcHOThJFaETSp4AaABAg,UCGiYXJkA-whqFHZIOFfELjQ,"Fetched 05/24/2026, 8:08:10 PM GMT+8"
33343,@erisscc,10 days ago,Go go go Baguio City! Mula po sa Kalihiman ng Baguio City 💗,https://www.youtube.com/watch?v=ROa3kbG5M0U&lc=UgyAYRJTrrC0RKUWpG14AaABAg,UgyAYRJTrrC0RKUWpG14AaABAg,UCzcVh63D4KQUlzNdzYz9WYg,"Fetched 05/24/2026, 8:08:10 PM GMT+8"
33344,@erisscc,10 days ago,Go go go Baguio City! Mula po sa Kalihiman ng Baguio City 💗,https://www.youtube.com/watch?v=ROa3kbG5M0U&lc=Ugwo2K7BNbKd7Y-g9Ud4AaABAg,Ugwo2K7BNbKd7Y-g9Ud4AaABAg,UCzcVh63D4KQUlzNdzYz9WYg,"Fetched 05/24/2026, 8:08:10 PM GMT+8"
33345,@godoybenidictjohn7654,10 days ago,"Fight,fight..fight  .. happy viewing po mula sa Lokal ng Norcar, Benguet 😊",https://www.youtube.com/watch?v=ROa3kbG5M0U&lc=UgxBya6h8EiAhsMiFKd4AaABAg,UgxBya6h8EiAhsMiFKd4AaABAg,UCB42ziNyHQV4YV2qJwFrUiQ,"Fetched 05/24/2026, 8:08:10 PM GMT+8"
33346,@MCHAD-b2s,10 days ago,"Magandang gabi at Happy viewing po sa ating lahat. Pagbati po mula sa Lokal ng Norcar, Distrito ng Benguet",https://www.youtube.com/watch?v=ROa3kbG5M0U&lc=Ugw_xwIfxYE_veuRS1x4AaABAg,Ugw_xwIfxYE_veuRS1x4AaABAg,UCPkRRDeKOT76aizPsMC4_qA,"Fetched 05/24/2026, 8:08:10 PM GMT+8"
33347,@erisscc,10 days ago,Go go go Baguio City! Mula po sa Kalihiman ng Baguio City 💗,https://www.youtube.com/watch?v=ROa3kbG5M0U&lc=Ugz0EelZR_bO215kDCJ4AaABAg,Ugz0EelZR_bO215kDCJ4AaABAg,UCzcVh63D4KQUlzNdzYz9WYg,"Fetched 05/24/2026, 8:08:10 PM GMT+8"
33348,@valsisonlanuza9005,10 days ago,"happy viewing po sa KSKP ng Benguet, Ka John Felix Dungan, frm Quezon Hill, Benguet",https://www.youtube.com/watch?v=ROa3kbG5M0U&lc=UgxHD9a62rhrjlNsEK14AaABAg,UgxHD9a62rhrjlNsEK14AaABAg,UCw8tE9N_NVwFiXFI5fcgc7w,"Fetched 05/24/2026, 8:08:10 PM GMT+8"
33349,@erisscc,10 days ago,Go go go Baguio City! Mula po sa Kalihiman ng Baguio City 💗,https://www.youtube.com/watch?v=ROa3kbG5M0U&lc=Ugz9EH76Lo3T0iGE-4R4AaABAg,Ugz9EH76Lo3T0iGE-4R4AaABAg,UCzcVh63D4KQUlzNdzYz9WYg,"Fetched 05/24/2026, 8:08:10 PM GMT+8"
33350,@erisscc,10 days ago,Go go go Baguio City! Mula po sa Kalihiman ng Baguio City 💗,https://www.youtube.com/watch?v=ROa3kbG5M0U&lc=UgzN7SsW4bFyjxLNdVJ4AaABAg,UgzN7SsW4bFyjxLNdVJ4AaABAg,UCzcVh63D4KQUlzNdzYz9WYg,"Fetched 05/24/2026, 8:08:10 PM GMT+8"
33351,@erisscc,10 days ago,Go go go Baguio City! Mula po sa Kalihiman ng Baguio City 💗,https://www.youtube.com/watch?v=ROa3kbG5M0U&lc=UgwaEa2CLmFMoldKuZZ4AaABAg,UgwaEa2CLmFMoldKuZZ4AaABAg,UCzcVh63D4KQUlzNdzYz9WYg,"Fetched 05/24/2026, 8:08:10 PM GMT+8"
33352,@hazelhalican2149,10 days ago,Fight fight fight Baguio City 🎉,https://www.youtube.com/watch?v=ROa3kbG5M0U&lc=Ugwj5BoSvrS7yEjsEM54AaABAg,Ugwj5BoSvrS7yEjsEM54AaABAg,UC5JK1YaWy38yVHiRtJW47sw,"Fetched 05/24/2026, 8:08:10 PM GMT+8"
33353,@romulodeverajr.9937,10 days ago,Go go go kalihiman ng Baguio City.,https://www.youtube.com/watch?v=ROa3kbG5M0U&lc=UgzjUWYGEclslNRV4-Z4AaABAg,UgzjUWYGEclslNRV4-Z4AaABAg,UCp-gBjV5Wh420GHK3cminkw,"Fetched 05/24/2026, 8:08:10 PM GMT+8"
33354,@erisscc,10 days ago,Go go go Baguio City! Mula po sa Kalihiman ng Baguio City 💗,https://www.youtube.com/watch?v=ROa3kbG5M0U&lc=UgwOv5RC6iPiaU3Qz9V4AaABAg,UgwOv5RC6iPiaU3Qz9V4AaABAg,UCzcVh63D4KQUlzNdzYz9WYg,"Fetched 05/24/2026, 8:08:10 PM GMT+8"
33355,@erisscc,10 days ago,Go go go Baguio City! Mula po sa Kalihiman ng Baguio City 💗,https://www.youtube.com/watch?v=ROa3kbG5M0U&lc=UgxacpjDFV7nX8i_MU94AaABAg,UgxacpjDFV7nX8i_MU94AaABAg,UCzcVh63D4KQUlzNdzYz9WYg,"Fetched 05/24/2026, 8:08:10 PM GMT+8"
33356,@valsisonlanuza9005,10 days ago,"happy viewing po sa II-TAGAPANGASIWA ng Benguet, Ka Ian Manalata, frm Quezon Hill, Benguet",https://www.youtube.com/watch?v=ROa3kbG5M0U&lc=UgzrGLQlpXmKYxb7LL14AaABAg,UgzrGLQlpXmKYxb7LL14AaABAg,UCw8tE9N_NVwFiXFI5fcgc7w,"Fetched 05/24/2026, 8:08:10 PM GMT+8"
33357,@YolyMabutas,10 days ago,"Go go go Kalihiman, Baguio City!",https://www.youtube.com/watch?v=ROa3kbG5M0U&lc=Ugw3A_uWcJdTpsx11yB4AaABAg,Ugw3A_uWcJdTpsx11yB4AaABAg,UC7hXWi8Eru1ayLKioCFycTA,"Fetched 05/24/2026, 8:08:10 PM GMT+8"
33358,@andrafleur,10 days ago,"Fight, fight, and fight, Baguio City!  /  / Happy Viewing po mula sa Lokal ng Baguio City! 💛✨",https://www.youtube.com/watch?v=ROa3kbG5M0U&lc=UgwkTN0nvJ3pPgfC2cJ4AaABAg,UgwkTN0nvJ3pPgfC2cJ4AaABAg,UCK8etuUIrso8X7dWNp01gFQ,"Fetched 05/24/2026, 8:08:10 PM GMT+8"
33359,@erisscc,10 days ago,Go go go Baguio City! Mula po sa Kalihiman ng Baguio City 💗,https://www.youtube.com/watch?v=ROa3kbG5M0U&lc=UgwycfQ9aGyXXGdh8dV4AaABAg,UgwycfQ9aGyXXGdh8dV4AaABAg,UCzcVh63D4KQUlzNdzYz9WYg,"Fetched 05/24/2026, 8:08:10 PM GMT+8"
33360,@erisscc,10 days ago,Go go go Baguio City! Mula po sa Kalihiman ng Baguio City 💗,https://www.youtube.com/watch?v=ROa3kbG5M0U&lc=UgwGacAfou4ZRMFrDNZ4AaABAg,UgwGacAfou4ZRMFrDNZ4AaABAg,UCzcVh63D4KQUlzNdzYz9WYg,"Fetched 05/24/2026, 8:08:10 PM GMT+8"
33361,@agudongdencebaylorb.6757,10 days ago,"Baguio City, Fight or Flight, FIGHT FIGHT FIGHT",https://www.youtube.com/watch?v=ROa3kbG5M0U&lc=UgzgMTcvhh_P064bAaZ4AaABAg,UgzgMTcvhh_P064bAaZ4AaABAg,UCk7OB5KugstrmQSDU7Q4lDQ,"Fetched 05/24/2026, 8:08:10 PM GMT+8"
33362,@ceciliaemper2823,10 days ago,Go Benguet ☺️👍,https://www.youtube.com/watch?v=ROa3kbG5M0U&lc=UgwiE6C6HG0DtFCLpo94AaABAg,UgwiE6C6HG0DtFCLpo94AaABAg,UCyz958gkft8vPtQyXguHXSQ,"Fetched 05/24/2026, 8:08:10 PM GMT+8"
33363,@erisscc,10 days ago,Go go go Baguio City! Mula po sa Kalihiman ng Baguio City 💗,https://www.youtube.com/watch?v=ROa3kbG5M0U&lc=UgwcZ2wT1AyVzsL8v9V4AaABAg,UgwcZ2wT1AyVzsL8v9V4AaABAg,UCzcVh63D4KQUlzNdzYz9WYg,"Fetched 05/24/2026, 8:08:10 PM GMT+8"
33364,@ezrah8637,10 days ago,GO GO GO KALIHIMAN NG BAGUIO CITY!! ❤❤❤,https://www.youtube.com/watch?v=ROa3kbG5M0U&lc=Ugyj9YnAkJfrMxuc_rF4AaABAg,Ugyj9YnAkJfrMxuc_rF4AaABAg,UCoIa8U2n-EOwrHviBH3s7mQ,"Fetched 05/24/2026, 8:08:10 PM GMT+8"
33365,@hazelhalican2149,10 days ago,Go Go Go Kalihiman ng Baguio city distrito ng Benguet 💚💚💚,https://www.youtube.com/watch?v=ROa3kbG5M0U&lc=UgzVBbCdUo6CM3VBiFt4AaABAg,UgzVBbCdUo6CM3VBiFt4AaABAg,UC5JK1YaWy38yVHiRtJW47sw,"Fetched 05/24/2026, 8:08:10 PM GMT+8"
33366,@elaizaveniceantonio8756,10 days ago,go go go mula po sa kalihiman ng Baguio City !,https://www.youtube.com/watch?v=ROa3kbG5M0U&lc=UgyV6IN4lbF7rieqzDh4AaABAg,UgyV6IN4lbF7rieqzDh4AaABAg,UCWG0uMJfrHKBymnZPaLYV8w,"Fetched 05/24/2026, 8:08:10 PM GMT+8"
33367,@unicoomorpe6056,10 days ago,Go go go kalihiman ng baguio city,https://www.youtube.com/watch?v=ROa3kbG5M0U&lc=UgwXAGq2eRbpMlmLyPF4AaABAg,UgwXAGq2eRbpMlmLyPF4AaABAg,UCoOWm-6nwzcuBuCj9ns-Z4w,"Fetched 05/24/2026, 8:08:10 PM GMT+8"
33368,@agudongdencebaylorb.6757,10 days ago,Go go go Kalihiman  / Baguio City,https://www.youtube.com/watch?v=ROa3kbG5M0U&lc=Ugy4vQGppkMb4DAU-7t4AaABAg,Ugy4vQGppkMb4DAU-7t4AaABAg,UCk7OB5KugstrmQSDU7Q4lDQ,"Fetched 05/24/2026, 8:08:10 PM GMT+8"
33369,@JenniecaAizleBonilla,10 days ago,"Hello po, from lokal ng Irisan!🎉",https://www.youtube.com/watch?v=ROa3kbG5M0U&lc=UgxhgFkbHZ63akdQQYt4AaABAg,UgxhgFkbHZ63akdQQYt4AaABAg,UCWS53eVNQv4mzCT_cZn8MRw,"Fetched 05/24/2026, 8:08:10 PM GMT+8"
33370,@elaizaveniceantonio8756,10 days ago,go go go Baguio City !,https://www.youtube.com/watch?v=ROa3kbG5M0U&lc=Ugw68m4DWD7pVAaUgjB4AaABAg,Ugw68m4DWD7pVAaUgjB4AaABAg,UCWG0uMJfrHKBymnZPaLYV8w,"Fetched 05/24/2026, 8:08:10 PM GMT+8"
33371,@hazelhalican2149,10 days ago,Go Go Go Baguio City 💚💚,https://www.youtube.com/watch?v=ROa3kbG5M0U&lc=UgwdqqGQNG1Id7aafpJ4AaABAg,UgwdqqGQNG1Id7aafpJ4AaABAg,UC5JK1YaWy38yVHiRtJW47sw,"Fetched 05/24/2026, 8:08:10 PM GMT+8"
33372,@valsisonlanuza9005,10 days ago,"happy viewing po sa KSM ng Benguet, Ka Ramil Toledo, frm Quezon Hill, Benguet",https://www.youtube.com/watch?v=ROa3kbG5M0U&lc=UgwTq0L8G3whC81yGC94AaABAg,UgwTq0L8G3whC81yGC94AaABAg,UCw8tE9N_NVwFiXFI5fcgc7w,"Fetched 05/24/2026, 8:08:10 PM GMT+8"
33373,@valsisonlanuza9005,10 days ago,"happy viewing po sa KSP ng Benguet, Ka Noli Pineda, frm Quezon Hill, Benguet",https://www.youtube.com/watch?v=ROa3kbG5M0U&lc=Ugw4Q51HV8VlD55VMMV4AaABAg,Ugw4Q51HV8VlD55VMMV4AaABAg,UCw8tE9N_NVwFiXFI5fcgc7w,"Fetched 05/24/2026, 8:08:10 PM GMT+8"
33374,@Jerald-z6n,10 days ago,Magandang Gabi po sa aming mahal na Destinado sa Lokal ng Baguio City,https://www.youtube.com/watch?v=ROa3kbG5M0U&lc=UgwJIzsNDv_arfVeS_J4AaABAg,UgwJIzsNDv_arfVeS_J4AaABAg,UC8g_QZnHM6Ifblgpu6cGOqQ,"Fetched 05/24/2026, 8:08:10 PM GMT+8"
33375,@valsisonlanuza9005,10 days ago,"happy viewing po sa 2KD ng Benguet, Ka Joseph Jadormio, frm Quezon Hill, Benguet",https://www.youtube.com/watch?v=ROa3kbG5M0U&lc=UgzFR894Up0NJGBxuLl4AaABAg,UgzFR894Up0NJGBxuLl4AaABAg,UCw8tE9N_NVwFiXFI5fcgc7w,"Fetched 05/24/2026, 8:08:10 PM GMT+8"
33376,@fernandezjim,10 days ago,"Happy viewing po  mga kapatid mula  po sa Lokal ng Aurora Hill, distrito ng benguet. Godbless po mga kapatid. Patuloy po sa pagcomment at share sa mga kapatid. 🙏❤️❤️🇮🇹🇮🇹",https://www.youtube.com/watch?v=ROa3kbG5M0U&lc=UgwWTLNnnGDZ-Lhq5Vh4AaABAg,UgwWTLNnnGDZ-Lhq5Vh4AaABAg,UCOvRXk98NNW7cIG1E7-RSVQ,"Fetched 05/24/2026, 8:08:10 PM GMT+8"
33377,@ezrah8637,10 days ago,Happy watching po sa lahat! Pagbati po mula sa lokal ng BAGUIO CITY ❤go Distrito ng BENGUET! ❤❤❤,https://www.youtube.com/watch?v=ROa3kbG5M0U&lc=UgwIprcXc-4Pja6Y-s54AaABAg,UgwIprcXc-4Pja6Y-s54AaABAg,UCoIa8U2n-EOwrHviBH3s7mQ,"Fetched 05/24/2026, 8:08:10 PM GMT+8"
33378,@valsisonlanuza9005,10 days ago,"happy viewing po sa DSO ng Benguet, Ka Denver Cachero, frm Quezon Hill, Benguet",https://www.youtube.com/watch?v=ROa3kbG5M0U&lc=Ugx05MpBXA3SJd11iIF4AaABAg,Ugx05MpBXA3SJd11iIF4AaABAg,UCw8tE9N_NVwFiXFI5fcgc7w,"Fetched 05/24/2026, 8:08:10 PM GMT+8"
33379,@melissavaldez25,10 days ago,Go Benguet,https://www.youtube.com/watch?v=ROa3kbG5M0U&lc=Ugx29bHuce874XQQ19h4AaABAg,Ugx29bHuce874XQQ19h4AaABAg,UC1eC2xOks9F80dDzFmLTQ3Q,"Fetched 05/24/2026, 8:08:10 PM GMT+8"
33380,@AileenMaePerez,10 days ago,"Greetings po, mula sa aming sambhayan at lokal ng Camp 7 :)",https://www.youtube.com/watch?v=ROa3kbG5M0U&lc=Ugw2ev7OZukI-U5dbCV4AaABAg,Ugw2ev7OZukI-U5dbCV4AaABAg,UCELwZt7XwSu8ZOBdXkLQddw,"Fetched 05/24/2026, 8:08:10 PM GMT+8"
33381,@valsisonlanuza9005,10 days ago,"happy viewing po sa TSVO ng Benguet, Ka Melvin Miguel, frm Quezon Hill, Benguet",https://www.youtube.com/watch?v=ROa3kbG5M0U&lc=UgyPCW2jQROM8CnAGL94AaABAg,UgyPCW2jQROM8CnAGL94AaABAg,UCw8tE9N_NVwFiXFI5fcgc7w,"Fetched 05/24/2026, 8:08:10 PM GMT+8"
33382,@melissavaldez25,10 days ago,"Ang gagaling po mga kapatid.Pagbati po mula sa Lokal ng Hillside, Distrito ng Benguet.",https://www.youtube.com/watch?v=ROa3kbG5M0U&lc=Ugx6IRneKexNE7bJPrh4AaABAg,Ugx6IRneKexNE7bJPrh4AaABAg,UC1eC2xOks9F80dDzFmLTQ3Q,"Fetched 05/24/2026, 8:08:10 PM GMT+8"
33383,@valsisonlanuza9005,10 days ago,"happy viewing po sa IY ng Benguet, Ka Dario Piad, frm Quezon Hill, Benguet",https://www.youtube.com/watch?v=ROa3kbG5M0U&lc=Ugzmfp_F3ntIk7-AkJN4AaABAg,Ugzmfp_F3ntIk7-AkJN4AaABAg,UCw8tE9N_NVwFiXFI5fcgc7w,"Fetched 05/24/2026, 8:08:10 PM GMT+8"
33384,@valsisonlanuza9005,10 days ago,"happy viewing po sa AUD ng Benguet, Ka Orly Bañaga, frm Quezon Hill, Benguet",https://www.youtube.com/watch?v=ROa3kbG5M0U&lc=UgyZiHlkdpTvnaDlTUR4AaABAg,UgyZiHlkdpTvnaDlTUR4AaABAg,UCw8tE9N_NVwFiXFI5fcgc7w,"Fetched 05/24/2026, 8:08:10 PM GMT+8"
33385,@alferezmarjorie,10 days ago,Still watching from LOKAL NG BALATOC! ❤️Good Evening po sa lahat ng mga kapatid. 🌹,https://www.youtube.com/watch?v=ROa3kbG5M0U&lc=UgxB1EanIbsITuW4tRB4AaABAg,UgxB1EanIbsITuW4tRB4AaABAg,UC5fNNvYCMCDsteUajIom10g,"Fetched 05/24/2026, 8:08:10 PM GMT+8"
33386,@melissavaldez25,10 days ago,"Happy viewing po mga kapatid.Pagbati po mula sa Lokal ng Hillside, Distrito ng Benguet.",https://www.youtube.com/watch?v=ROa3kbG5M0U&lc=Ugz6jyeawJXNoSRoEE14AaABAg,Ugz6jyeawJXNoSRoEE14AaABAg,UC1eC2xOks9F80dDzFmLTQ3Q,"Fetched 05/24/2026, 8:08:10 PM GMT+8"
33387,@LennyLardizabal,10 days ago,"gndang Gabi po, happy viewing po mula sa lokal Ng baguio city❤❤❤",https://www.youtube.com/watch?v=ROa3kbG5M0U&lc=UgyK9d463ydojICM8ul4AaABAg,UgyK9d463ydojICM8ul4AaABAg,UCWi4lSDQKNpAUv0fFowsqsQ,"Fetched 05/24/2026, 8:08:10 PM GMT+8"
33388,@jonieyonga-an5239,10 days ago,Pagbati Po Mula Sa Lokal Ng Norcar Distrito Ng Benguet 🎉 /  / Soliddd / Let's gooo Benguet!!!,https://www.youtube.com/watch?v=ROa3kbG5M0U&lc=UgxcN5UoUgibV4hvdX94AaABAg,UgxcN5UoUgibV4hvdX94AaABAg,UCgUo3JP_Fffuctza4bUumJg,"Fetched 05/24/2026, 8:08:10 PM GMT+8"
33389,@gwynethcayabyab5981,10 days ago,"Good evening po mga kapatid, asa top 5 na po tayo keep on watching po❤ / Mula sa kadiwa officers🎉",https://www.youtube.com/watch?v=ROa3kbG5M0U&lc=UgzMEsX_xITKQECS4yt4AaABAg,UgzMEsX_xITKQECS4yt4AaABAg,UCouodNvhL1bfJC2Fz0B_Rcw,"Fetched 05/24/2026, 8:08:10 PM GMT+8"
33390,@jencirey,10 days ago,Hello po Ka Andrei!! 🙈 Congrats po!! From lokal ng Quezon Hill!!,https://www.youtube.com/watch?v=ROa3kbG5M0U&lc=UgyLEzl3V-IsnLjk1jh4AaABAg,UgyLEzl3V-IsnLjk1jh4AaABAg,UCvElCgW8k03hNWpFOLmo8PA,"Fetched 05/24/2026, 8:08:10 PM GMT+8"
33391,@hazelhalican2149,10 days ago,Hello po sa lahat ng kapatid mula po sa lokal ng Baguio city distrito ng Benguet 💚😘,https://www.youtube.com/watch?v=ROa3kbG5M0U&lc=Ugz05eAALqQTAitUg5h4AaABAg,Ugz05eAALqQTAitUg5h4AaABAg,UC5JK1YaWy38yVHiRtJW47sw,"Fetched 05/24/2026, 8:08:10 PM GMT+8"
33392,@melissavaldez25,10 days ago,"Happy viewing po mga kapatid.Pagbati po mula sa Lokal ng Hillside, Distrito ng Benguet.",https://www.youtube.com/watch?v=ROa3kbG5M0U&lc=UgzJqEbOGpi5LScWNml4AaABAg,UgzJqEbOGpi5LScWNml4AaABAg,UC1eC2xOks9F80dDzFmLTQ3Q,"Fetched 05/24/2026, 8:08:10 PM GMT+8"
33393,@josielegaspi9135,10 days ago,Lokal Ng Quezon hill proud of you guys❤❤❤,https://www.youtube.com/watch?v=ROa3kbG5M0U&lc=UgxgOF7RetaHF3h40lh4AaABAg,UgxgOF7RetaHF3h40lh4AaABAg,UCNG962I1TEufQSHWYhzmWqA,"Fetched 05/24/2026, 8:08:10 PM GMT+8"
33394,@matetmansi6077,10 days ago,"Happy viewing po mga kapatid,from lokal ng balatoc distrito ng benguet❤",https://www.youtube.com/watch?v=ROa3kbG5M0U&lc=UgzkzTk0_KiMiOwHLm94AaABAg,UgzkzTk0_KiMiOwHLm94AaABAg,UCRkiXBl9sHHZDAIXCVRwxww,"Fetched 05/24/2026, 8:08:10 PM GMT+8"
33395,@jencirey,10 days ago,Good evening po mga kapatid! Enjoy watching po! Happy viewing po from lokal ng Quezon hill!!! 😊,https://www.youtube.com/watch?v=ROa3kbG5M0U&lc=Ugw-4PwhYQp8jUsMtjd4AaABAg,Ugw-4PwhYQp8jUsMtjd4AaABAg,UCvElCgW8k03hNWpFOLmo8PA,"Fetched 05/24/2026, 8:08:10 PM GMT+8"
33396,@valsisonlanuza9005,10 days ago,"happy viewing po sa mga taga Quezon Hill, Benguet - frm Ka Val Lanuza",https://www.youtube.com/watch?v=ROa3kbG5M0U&lc=Ugyu9oOgHO3Ax9ht5mV4AaABAg,Ugyu9oOgHO3Ax9ht5mV4AaABAg,UCw8tE9N_NVwFiXFI5fcgc7w,"Fetched 05/24/2026, 8:08:10 PM GMT+8"
33397,@hazelhalican2149,10 days ago,"Pagbati po Kay ka cresencia subli, mula po sa lokal ng Baguio city distrito ng Benguet",https://www.youtube.com/watch?v=ROa3kbG5M0U&lc=UgxMZSeHy6H4xQQ8JSB4AaABAg,UgxMZSeHy6H4xQQ8JSB4AaABAg,UC5JK1YaWy38yVHiRtJW47sw,"Fetched 05/24/2026, 8:08:10 PM GMT+8"
33398,@elaizaveniceantonio8756,10 days ago,greetings po mula po sa Lokal ng Baguio City !,https://www.youtube.com/watch?v=ROa3kbG5M0U&lc=UgwHLycYa5LqVGsHwap4AaABAg,UgwHLycYa5LqVGsHwap4AaABAg,UCWG0uMJfrHKBymnZPaLYV8w,"Fetched 05/24/2026, 8:08:10 PM GMT+8"
33399,@josielegaspi9135,10 days ago,Go baguio❤❤❤❤,https://www.youtube.com/watch?v=ROa3kbG5M0U&lc=UgwVdybWPvsUdMjBGxh4AaABAg,UgwVdybWPvsUdMjBGxh4AaABAg,UCNG962I1TEufQSHWYhzmWqA,"Fetched 05/24/2026, 8:08:10 PM GMT+8"
33400,@hazelhalican2149,10 days ago,Pagbati po mula sa lokal ng Baguio city distrito ng Benguet,https://www.youtube.com/watch?v=ROa3kbG5M0U&lc=Ugxtze8FqxeV5wiHPJx4AaABAg,Ugxtze8FqxeV5wiHPJx4AaABAg,UC5JK1YaWy38yVHiRtJW47sw,"Fetched 05/24/2026, 8:08:10 PM GMT+8"
33401,@johnreylucio8970,10 days ago,"Good Evening,, Happy Dinner po / -La Trinidad",https://www.youtube.com/watch?v=ROa3kbG5M0U&lc=UgxSUJ8kcCzlwXpNXH54AaABAg,UgxSUJ8kcCzlwXpNXH54AaABAg,UCNMupRD4ySrN336KZpy29OA,"Fetched 05/24/2026, 8:08:10 PM GMT+8"
33402,@valsisonlanuza9005,10 days ago,"Benguet go go go...frm Quezon Hill, Benguet",https://www.youtube.com/watch?v=ROa3kbG5M0U&lc=UgzoEmOn1TjpDDLOOAN4AaABAg,UgzoEmOn1TjpDDLOOAN4AaABAg,UCw8tE9N_NVwFiXFI5fcgc7w,"Fetched 05/24/2026, 8:08:10 PM GMT+8"
33403,@josielegaspi9135,10 days ago,❤❤ lokal Ng Quezon hill Po binabati Po Namin kayo,https://www.youtube.com/watch?v=ROa3kbG5M0U&lc=UgxS6MKbEge4EPan5w14AaABAg,UgxS6MKbEge4EPan5w14AaABAg,UCNG962I1TEufQSHWYhzmWqA,"Fetched 05/24/2026, 8:08:10 PM GMT+8"
33404,@alberttomz6400,10 days ago,"happy  viwing po,gandang gabi po,lokal po ng baguio❤❤❤",https://www.youtube.com/watch?v=ROa3kbG5M0U&lc=UgxYwzIrjCSoJnvWRMp4AaABAg,UgxYwzIrjCSoJnvWRMp4AaABAg,UCDt5s7NJvNJY7TP_QP5UHUw,"Fetched 05/24/2026, 8:08:10 PM GMT+8"
33405,@hazelhalican2149,10 days ago,"Hello po Kay kapatid na cresencia subli,, pagbati po mula sa lokal ng Baguio city distrito ng Benguet 💚😊",https://www.youtube.com/watch?v=ROa3kbG5M0U&lc=Ugwr28qaIKstKfnQc214AaABAg,Ugwr28qaIKstKfnQc214AaABAg,UC5JK1YaWy38yVHiRtJW47sw,"Fetched 05/24/2026, 8:08:10 PM GMT+8"
33406,@erisscc,10 days ago,Happy viewing po from Lokal ng Baguio City!,https://www.youtube.com/watch?v=ROa3kbG5M0U&lc=UgyccJ--PW7pPIEhBqd4AaABAg,UgyccJ--PW7pPIEhBqd4AaABAg,UCzcVh63D4KQUlzNdzYz9WYg,"Fetched 05/24/2026, 8:08:10 PM GMT+8"
33407,@erisscc,10 days ago,Happy viewing po from Lokal ng Baguio City!,https://www.youtube.com/watch?v=ROa3kbG5M0U&lc=Ugw4FjfqgCYRlQaB6wB4AaABAg,Ugw4FjfqgCYRlQaB6wB4AaABAg,UCzcVh63D4KQUlzNdzYz9WYg,"Fetched 05/24/2026, 8:08:10 PM GMT+8"
33408,@hazelhalican2149,10 days ago,Happy viewing po sa lahat ng kapatid mula po sa lokal ng Baguio city distrito ng Benguet 💚😊,https://www.youtube.com/watch?v=ROa3kbG5M0U&lc=UgwBBhqlrHiilDyy8bV4AaABAg,UgwBBhqlrHiilDyy8bV4AaABAg,UC5JK1YaWy38yVHiRtJW47sw,"Fetched 05/24/2026, 8:08:10 PM GMT+8"
33409,@erisscc,10 days ago,Happy viewing po from Lokal ng Baguio City!,https://www.youtube.com/watch?v=ROa3kbG5M0U&lc=UgzolfaXi3tr0oXXtr94AaABAg,UgzolfaXi3tr0oXXtr94AaABAg,UCzcVh63D4KQUlzNdzYz9WYg,"Fetched 05/24/2026, 8:08:10 PM GMT+8"
33410,@erisscc,10 days ago,Happy viewing po from Lokal ng Baguio City!,https://www.youtube.com/watch?v=ROa3kbG5M0U&lc=UgxMCes4WWOUjfj4ZuV4AaABAg,UgxMCes4WWOUjfj4ZuV4AaABAg,UCzcVh63D4KQUlzNdzYz9WYg,"Fetched 05/24/2026, 8:08:10 PM GMT+8"
33411,@thefallenmotivation9082,10 days ago,Fight or flight Baguio! Fight!,https://www.youtube.com/watch?v=ROa3kbG5M0U&lc=UgxZBaZp3p6LzSyJFw94AaABAg.AWhpvEnnWsNAWkVDzctwyW,UgxZBaZp3p6LzSyJFw94AaABAg.AWhpvEnnWsNAWkVDzctwyW,UCTHzUWmnLAzczpjX9DNuLwA,"Fetched 05/24/2026, 8:08:10 PM GMT+8"
33412,@thefallenmotivation9082,10 days ago,Fight or flight Baguio! Fight!,https://www.youtube.com/watch?v=ROa3kbG5M0U&lc=UgxZBaZp3p6LzSyJFw94AaABAg.AWhpvEnnWsNAWkVEuKFQm5,UgxZBaZp3p6LzSyJFw94AaABAg.AWhpvEnnWsNAWkVEuKFQm5,UCTHzUWmnLAzczpjX9DNuLwA,"Fetched 05/24/2026, 8:08:10 PM GMT+8"
33413,@thefallenmotivation9082,10 days ago,Fight or flight Baguio! Fight!,https://www.youtube.com/watch?v=ROa3kbG5M0U&lc=UgxZBaZp3p6LzSyJFw94AaABAg.AWhpvEnnWsNAWkVFlKps-b,UgxZBaZp3p6LzSyJFw94AaABAg.AWhpvEnnWsNAWkVFlKps-b,UCTHzUWmnLAzczpjX9DNuLwA,"Fetched 05/24/2026, 8:08:10 PM GMT+8"
33414,@thefallenmotivation9082,10 days ago,Fight or flight Baguio! Fight!,https://www.youtube.com/watch?v=ROa3kbG5M0U&lc=UgxZBaZp3p6LzSyJFw94AaABAg.AWhpvEnnWsNAWkVGRdBeaJ,UgxZBaZp3p6LzSyJFw94AaABAg.AWhpvEnnWsNAWkVGRdBeaJ,UCTHzUWmnLAzczpjX9DNuLwA,"Fetched 05/24/2026, 8:08:10 PM GMT+8"
33415,@alfredoballesteros745,10 days ago,Pagbati po sa ating Tagapangasiwa ng Distrito ng Benguet. Happy viewing po sa lahat. Mula po sa lokal ng Camp 7.,https://www.youtube.com/watch?v=ROa3kbG5M0U&lc=UgwLjqUuDjZv3lPSJH54AaABAg.AWYHn6IKZnfAWkRY_IJFz0,UgwLjqUuDjZv3lPSJH54AaABAg.AWYHn6IKZnfAWkRY_IJFz0,UC8Clwiwgns8a5zgfmRsHDnw,"Fetched 05/24/2026, 8:08:10 PM GMT+8"
33416,@RICHARDPALOMARES-m9h,10 days ago,"Masayang panonood po sa lahat ng mga kapatid sa Lokal ng Megaroyale Village, distrito ng Benguet",https://www.youtube.com/watch?v=ROa3kbG5M0U&lc=UgzEZrxDmsU1HEjCjyp4AaABAg.AWQdiBko415AWmZ3-Xadjg,UgzEZrxDmsU1HEjCjyp4AaABAg.AWQdiBko415AWmZ3-Xadjg,UCkdkQy0THkETGLUYDKlfj5A,"Fetched 05/24/2026, 8:08:10 PM GMT+8"
33417,@Vien.Bella-vu5rh4pz8b,11 days ago,BENGUET on Top ❤❤ / full support from lokal ng ATOK GOLD 😊😊,https://www.youtube.com/watch?v=ROa3kbG5M0U&lc=Ugz7a4494-YLKQ1qPo94AaABAg,Ugz7a4494-YLKQ1qPo94AaABAg,UCB9NRJMQHTIobGeD1zbmbYA,"Fetched 05/24/2026, 8:08:10 PM GMT+8"
33418,@ArianeLizTalavera-n6i,11 days ago,Happy Viewing po Mula sa Lokal Ng City Camp ❤❤❤,https://www.youtube.com/watch?v=ROa3kbG5M0U&lc=UgwBn5E10qSqiHmP1NR4AaABAg.AWgiWQmsYO-AWjOXaB-hxN,UgwBn5E10qSqiHmP1NR4AaABAg.AWgiWQmsYO-AWjOXaB-hxN,UCTuhwhwxi8q2jtv9qaB-E-A,"Fetched 05/24/2026, 8:08:10 PM GMT+8"
33419,@erisscc,11 days ago,Happy viewing po from Lokal ng Baguio City!,https://www.youtube.com/watch?v=ROa3kbG5M0U&lc=UgzO2IAbOZhhAZlLDj14AaABAg,UgzO2IAbOZhhAZlLDj14AaABAg,UCzcVh63D4KQUlzNdzYz9WYg,"Fetched 05/24/2026, 8:08:10 PM GMT+8"
33420,@erisscc,11 days ago,Happy viewing po from Lokal ng Baguio City!,https://www.youtube.com/watch?v=ROa3kbG5M0U&lc=Ugxf5MUpMwAsVO9c7bV4AaABAg,Ugxf5MUpMwAsVO9c7bV4AaABAg,UCzcVh63D4KQUlzNdzYz9WYg,"Fetched 05/24/2026, 8:08:10 PM GMT+8"
33421,@unicoomorpe6056,11 days ago,"Happy viewing po mula sa lokal ng baguio city, distrito ng benguet",https://www.youtube.com/watch?v=ROa3kbG5M0U&lc=UgzBau9s1V8q9fw3Y5R4AaABAg,UgzBau9s1V8q9fw3Y5R4AaABAg,UCoOWm-6nwzcuBuCj9ns-Z4w,"Fetched 05/24/2026, 8:08:10 PM GMT+8"
33422,@erisscc,11 days ago,Happy viewing po from Lokal ng Baguio City!,https://www.youtube.com/watch?v=ROa3kbG5M0U&lc=UgyEEm_Fm4a6xIN-PUR4AaABAg,UgyEEm_Fm4a6xIN-PUR4AaABAg,UCzcVh63D4KQUlzNdzYz9WYg,"Fetched 05/24/2026, 8:08:10 PM GMT+8"
33423,@erisscc,11 days ago,Happy viewing po from Lokal ng Baguio City!,https://www.youtube.com/watch?v=ROa3kbG5M0U&lc=Ugz5aX4bVwTJ7hJEY6x4AaABAg,Ugz5aX4bVwTJ7hJEY6x4AaABAg,UCzcVh63D4KQUlzNdzYz9WYg,"Fetched 05/24/2026, 8:08:10 PM GMT+8"
33424,@erisscc,11 days ago,Happy viewing po from Lokal ng Baguio City!,https://www.youtube.com/watch?v=ROa3kbG5M0U&lc=UgyZLKRnMkOyrbxQndd4AaABAg,UgyZLKRnMkOyrbxQndd4AaABAg,UCzcVh63D4KQUlzNdzYz9WYg,"Fetched 05/24/2026, 8:08:10 PM GMT+8"
33425,@erisscc,11 days ago,Happy viewing po from Lokal ng Baguio City!,https://www.youtube.com/watch?v=ROa3kbG5M0U&lc=UgyO_xwPNN5nrwYX6vd4AaABAg,UgyO_xwPNN5nrwYX6vd4AaABAg,UCzcVh63D4KQUlzNdzYz9WYg,"Fetched 05/24/2026, 8:08:10 PM GMT+8"
33426,@althealouisedaludado,11 days ago,Tuloy-tuloy lang po ang pakikipag-kaisa natin mga kapatid ❤️ Pagbati po mula sa PNK Lokal ng Guisad ❤️,https://www.youtube.com/watch?v=ROa3kbG5M0U&lc=Ugy4S3yOngUMlwbn-jV4AaABAg,Ugy4S3yOngUMlwbn-jV4AaABAg,UCfOutVv48SrjmibGPJhDjTQ,"Fetched 05/24/2026, 8:08:10 PM GMT+8"
33427,@luibustamante9493,11 days ago,"Happy viewing po at magandang gabi mga kapatid.. /  / Hello po sa mga kasaamang Kadiwa. Kaway-kaway. Let's go Benguet 🎉🍓🍓🍓 /  / -Lokal ng Tuba, KDO",https://www.youtube.com/watch?v=ROa3kbG5M0U&lc=UgyjhGB7KixYlTEPGlR4AaABAg,UgyjhGB7KixYlTEPGlR4AaABAg,UCFAmrhDmv6rvZrQoYp-IS9w,"Fetched 05/24/2026, 8:08:10 PM GMT+8"
33428,@alhzean8860,11 days ago,"Even in the quietest battles, God’s love remains louder than fear, stronger than pain, and constant through every season of life. Happy viewing from lokal ng Baguio po",https://www.youtube.com/watch?v=ROa3kbG5M0U&lc=Ugyo2daWBP_OI6fsD-N4AaABAg,Ugyo2daWBP_OI6fsD-N4AaABAg,UCs2-X-Rw_iL_gcejMDwTdAg,"Fetched 05/24/2026, 8:08:10 PM GMT+8"
33429,@lvrxliza16,11 days ago,Happy viewing po mula sa Lokal ng Atok Gold,https://www.youtube.com/watch?v=ROa3kbG5M0U&lc=Ugy3ChZNzzuz1n-zBN14AaABAg,Ugy3ChZNzzuz1n-zBN14AaABAg,UCDT1iWYM0xpyuHmGQYI0O2A,"Fetched 05/24/2026, 8:08:10 PM GMT+8"
33430,@PHEBIE-f7h,11 days ago,"Maligayang panonood po, mga kapatid. Pagbati mula po sa Lokal ng AtokGold",https://www.youtube.com/watch?v=ROa3kbG5M0U&lc=Ugzz2y-Dhjy3LrDhAe54AaABAg,Ugzz2y-Dhjy3LrDhAe54AaABAg,UCNkJMMXP19AJSsNov8Fp3Ag,"Fetched 05/24/2026, 8:08:10 PM GMT+8"
33431,@Julskie28,11 days ago,Happy viewing po mga kapatid! Lalo na po sa mga kasamang kadiwa! /  / Wag tayong magsasawa sa pagsuporta! /  / From lokal ng guisad,https://www.youtube.com/watch?v=ROa3kbG5M0U&lc=UgwuX1ODT1KhZ-CX5Y14AaABAg,UgwuX1ODT1KhZ-CX5Y14AaABAg,UC1nz0UiWHV8lyoQdZtJejeg,"Fetched 05/24/2026, 8:08:10 PM GMT+8"
33432,@tonmark-th8ue,11 days ago,Ako sa lukal Ng aurorahill distrito Ng benget,https://www.youtube.com/watch?v=ROa3kbG5M0U&lc=UgzGu20pfX2vIvvYpsR4AaABAg,UgzGu20pfX2vIvvYpsR4AaABAg,UCJKZ3_-6qm-v3nU-nqO2fFQ,"Fetched 05/24/2026, 8:08:10 PM GMT+8"
33433,@axeliee-m5u,11 days ago,"Let's goo Benguet 🙌 /  / Kaisa po ninyo sa bawat suporta ang mga may tungkulin sa kapisanang Binhi, Lokal ng La Trinidad. 💖",https://www.youtube.com/watch?v=ROa3kbG5M0U&lc=Ugy8OgXcXMs6aU8Vw4B4AaABAg,Ugy8OgXcXMs6aU8Vw4B4AaABAg,UCxjmGS0yLlCMs4Fe-AqbHFw,"Fetched 05/24/2026, 8:08:10 PM GMT+8"
33434,@beldiomlaqui7086,11 days ago,Shout out from Laqui family ! Lokal ng Aurorahill.,https://www.youtube.com/watch?v=ROa3kbG5M0U&lc=UgwkhgsTIqflqMwSIQ14AaABAg,UgwkhgsTIqflqMwSIQ14AaABAg,UC4T63fqveElQc_luovIbnsQ,"Fetched 05/24/2026, 8:08:10 PM GMT+8"
33435,@BnHydn,11 days ago,Continuous support Mula po sa lokal ng La Trinidad. /  / Happy viewing everyone ♥️♥️  /  / Let's go Benguet ♥️♥️,https://www.youtube.com/watch?v=ROa3kbG5M0U&lc=Ugym7uqTsba7aEYdtzJ4AaABAg,Ugym7uqTsba7aEYdtzJ4AaABAg,UCbVqbfs9vjTS-hPNArDNcFQ,"Fetched 05/24/2026, 8:08:10 PM GMT+8"
33436,@almazanrhyndylyn,11 days ago,Magandang gabi po.  /  / After brown out balik po sa pagsuporta at pakikinig.  /  / Pagbati po mula sa Lokal ng Norcar at Kapisanang Kadiwa.,https://www.youtube.com/watch?v=ROa3kbG5M0U&lc=UgyeByJs3TYDXY9a7ex4AaABAg,UgyeByJs3TYDXY9a7ex4AaABAg,UCEoQCNgytnJxjJnAQLSzFeA,"Fetched 05/24/2026, 8:08:10 PM GMT+8"
33437,@MaribelLaqui-o7w6k,11 days ago,From Aurorahil!!,https://www.youtube.com/watch?v=ROa3kbG5M0U&lc=UgxxCdgJroYLiun7s2J4AaABAg,UgxxCdgJroYLiun7s2J4AaABAg,UCnm9jEaeV5uY6-01N_jL0Bw,"Fetched 05/24/2026, 8:08:10 PM GMT+8"
33438,@VicenteEsguerra,11 days ago,Lokal ng aurora hill benguet. Bmabati po . Ako si ka vicente esguerra,https://www.youtube.com/watch?v=ROa3kbG5M0U&lc=UgxV0kARXWTFg91wKCt4AaABAg,UgxV0kARXWTFg91wKCt4AaABAg,UCuOkdiEDUWNVKttJIkMjdhw,"Fetched 05/24/2026, 8:08:10 PM GMT+8"
33439,@josielegaspi9135,11 days ago,Shout out po sa lokal ng Quezon hill..,https://www.youtube.com/watch?v=ROa3kbG5M0U&lc=Ugyax6SuMGBdbwqQcC94AaABAg,Ugyax6SuMGBdbwqQcC94AaABAg,UCNG962I1TEufQSHWYhzmWqA,"Fetched 05/24/2026, 8:08:10 PM GMT+8"
33440,@Belle-t9o,11 days ago,Happy viewing mula po sa Lokal ng Gibraltar,https://www.youtube.com/watch?v=ROa3kbG5M0U&lc=Ugx7rpc_fxamuk5vWcx4AaABAg,Ugx7rpc_fxamuk5vWcx4AaABAg,UCe3bzQidUdIlsEiw9y9f_DA,"Fetched 05/24/2026, 8:08:10 PM GMT+8"
33441,@kimberlysarmiento1034,11 days ago,"“God never stops loving us, even when we fail Him.” — Bill Graham /  / Best regards po sa lahat ng mga Kadiwa from Tuba, Benguet",https://www.youtube.com/watch?v=ROa3kbG5M0U&lc=UgzacFsV93WKf0yMr4t4AaABAg,UgzacFsV93WKf0yMr4t4AaABAg,UCds_RyKfMX7Xzg4PQRhf9NQ,"Fetched 05/24/2026, 8:08:10 PM GMT+8"
33442,@albertobidoza,11 days ago,viewing po lokal of aurora hill district of benguet,https://www.youtube.com/watch?v=ROa3kbG5M0U&lc=Ugy-GpiuwBxTb50qs7t4AaABAg,Ugy-GpiuwBxTb50qs7t4AaABAg,UCY8nOX5sdFJDr5AemIlk8HQ,"Fetched 05/24/2026, 8:08:10 PM GMT+8"
33443,@laquimaribel,11 days ago,Watching from Aurorahill Benguet.,https://www.youtube.com/watch?v=ROa3kbG5M0U&lc=UgzF2qQNLhvO53fk4XZ4AaABAg,UgzF2qQNLhvO53fk4XZ4AaABAg,UCRLFWLJm-ro_Zd381CwIGBQ,"Fetched 05/24/2026, 8:08:10 PM GMT+8"
33444,@nomigekaboom,11 days ago,Maligayang panunuod po mula sa lokal ng Aurora Hill❤❤❤,https://www.youtube.com/watch?v=ROa3kbG5M0U&lc=UgxT0uFd8wrcp3OpZeJ4AaABAg,UgxT0uFd8wrcp3OpZeJ4AaABAg,UCF2GUDo_5loMW6WzkEGFx3Q,"Fetched 05/24/2026, 8:08:10 PM GMT+8"
33445,@DennisAbalos-v8w3w,11 days ago,magandang gabi po viewing from lokal ng aurora hill distrito ng benguet,https://www.youtube.com/watch?v=ROa3kbG5M0U&lc=Ugx4BY_JYeCZ1Egr93x4AaABAg,Ugx4BY_JYeCZ1Egr93x4AaABAg,UCIgHsXa5Wat5DNIdccCUqPQ,"Fetched 05/24/2026, 8:08:10 PM GMT+8"
33446,@MaribelLaqui-o7w6k,11 days ago,"Lokal ng aurora Hill, benguet. Bumabati po sa lahat ng kapatid. From. Laqui family",https://www.youtube.com/watch?v=ROa3kbG5M0U&lc=UgwHOg48Q6EuZN0WryJ4AaABAg,UgwHOg48Q6EuZN0WryJ4AaABAg,UCnm9jEaeV5uY6-01N_jL0Bw,"Fetched 05/24/2026, 8:08:10 PM GMT+8"
33447,@NancyMoyano-r7u,11 days ago,Happy viewing po mga kapatid pagbati mula po sa lokal ng Baguio. / Go Benguet!!!,https://www.youtube.com/watch?v=ROa3kbG5M0U&lc=Ugy-7TSk4puM9fm7xbF4AaABAg,Ugy-7TSk4puM9fm7xbF4AaABAg,UCIZH5g0o-lHJidrq7pdjV5w,"Fetched 05/24/2026, 8:08:10 PM GMT+8"
33448,@sarahmirenobedoza5995,11 days ago,magandang gabi watching po from lokal of aurora hill,https://www.youtube.com/watch?v=ROa3kbG5M0U&lc=Ugx9sPhuOKTyCK7wvCN4AaABAg,Ugx9sPhuOKTyCK7wvCN4AaABAg,UCJVjE6ShTHHCB1B7L2tJKVA,"Fetched 05/24/2026, 8:08:10 PM GMT+8"
33449,@josielegaspi9135,11 days ago,Happy viewing po,https://www.youtube.com/watch?v=ROa3kbG5M0U&lc=Ugysc438Ok-Q8vvnESt4AaABAg,Ugysc438Ok-Q8vvnESt4AaABAg,UCNG962I1TEufQSHWYhzmWqA,"Fetched 05/24/2026, 8:08:10 PM GMT+8"
33450,@shanwithazed,11 days ago,"Greetings po to our beloved Destinado, Brother Bert! ✨Happy viewing po from the Local Conggregation of Baguio City, Ecclesiastical District of Benguet! ✨🫶🏽",https://www.youtube.com/watch?v=ROa3kbG5M0U&lc=UgzB0ALCLQN8wfc14y14AaABAg,UgzB0ALCLQN8wfc14y14AaABAg,UCc59kmMPc6SSznDFgbbM0_w,"Fetched 05/24/2026, 8:08:10 PM GMT+8"
33451,@agudongdencebaylorb.6757,11 days ago,"happy viewing po, mula sa lokal ng Baguio City Distrito ng Benguet",https://www.youtube.com/watch?v=ROa3kbG5M0U&lc=Ugz0SS36IPdiY4WsC2l4AaABAg,Ugz0SS36IPdiY4WsC2l4AaABAg,UCk7OB5KugstrmQSDU7Q4lDQ,"Fetched 05/24/2026, 8:08:10 PM GMT+8"
33452,@AbegailBalolong,11 days ago,Pagbati po mula po sa LOKAL NG BAGUIO CITY DISTRITO NG BENGUET 🇮🇹,https://www.youtube.com/watch?v=ROa3kbG5M0U&lc=UgxdBXrVPd-Z2HfvTSV4AaABAg,UgxdBXrVPd-Z2HfvTSV4AaABAg,UChiZf3rJgQqRwuAE-ZCS6UQ,"Fetched 05/24/2026, 8:08:10 PM GMT+8"
33453,@elaizaveniceantonio8756,11 days ago,happy viewing po mula po sa lokal ng Baguio City !,https://www.youtube.com/watch?v=ROa3kbG5M0U&lc=UgyFSUQ6onS-BZzUNsh4AaABAg,UgyFSUQ6onS-BZzUNsh4AaABAg,UCWG0uMJfrHKBymnZPaLYV8w,"Fetched 05/24/2026, 8:08:10 PM GMT+8"
33454,@AbegailBalolong,11 days ago,Kalihim po ng BAGUIO CITY DISTRITO NG BENGUET 🇮🇹,https://www.youtube.com/watch?v=ROa3kbG5M0U&lc=UgxC4yFvL9zkNuu5jaB4AaABAg,UgxC4yFvL9zkNuu5jaB4AaABAg,UChiZf3rJgQqRwuAE-ZCS6UQ,"Fetched 05/24/2026, 8:08:10 PM GMT+8"
33455,@agcayabloureenb.2566,11 days ago,Good evening po. Happy viewing po from lokal ng Baguio City,https://www.youtube.com/watch?v=ROa3kbG5M0U&lc=UgwMN2L-slPIz2TSc5N4AaABAg,UgwMN2L-slPIz2TSc5N4AaABAg,UCqxRtxjToS8fsNA44Osw-Ig,"Fetched 05/24/2026, 8:08:10 PM GMT+8"
33456,@AbegailBalolong,11 days ago,Gooooo BAGUIO CITY DISTRITO NG BENGUET 🇮🇹,https://www.youtube.com/watch?v=ROa3kbG5M0U&lc=Ugwexls_NQ2K7Isp3rB4AaABAg,Ugwexls_NQ2K7Isp3rB4AaABAg,UChiZf3rJgQqRwuAE-ZCS6UQ,"Fetched 05/24/2026, 8:08:10 PM GMT+8"
33457,@alexacanta-d8r,11 days ago,BAGUIO CITY FIGHT FIGHT,https://www.youtube.com/watch?v=ROa3kbG5M0U&lc=UgyM9jx35dQvbzOHs0d4AaABAg,UgyM9jx35dQvbzOHs0d4AaABAg,UC9OYIvbIzqkOrXHgyDeeApQ,"Fetched 05/24/2026, 8:08:10 PM GMT+8"
33458,@AbegailBalolong,11 days ago,Happy Viewing po from LOCAL NG BAGUIO CITY DISTRITO NG BENGUET 🇮🇹,https://www.youtube.com/watch?v=ROa3kbG5M0U&lc=UgziVEDeNx8kaCWOEjR4AaABAg,UgziVEDeNx8kaCWOEjR4AaABAg,UChiZf3rJgQqRwuAE-ZCS6UQ,"Fetched 05/24/2026, 8:08:10 PM GMT+8"
33459,@AbegailBalolong,11 days ago,Magandang gabi po from LOCAL NG BAGUIO CITY DISTRITO NG BENGUET 🇮🇹,https://www.youtube.com/watch?v=ROa3kbG5M0U&lc=UgyF-oXpxn-mBbX0kxJ4AaABAg,UgyF-oXpxn-mBbX0kxJ4AaABAg,UChiZf3rJgQqRwuAE-ZCS6UQ,"Fetched 05/24/2026, 8:08:10 PM GMT+8"
33460,@Riri-c8t9q,11 days ago,"Happy watching from Lokal ng Baguio, Fight or Flight, FIGHT!!!!!",https://www.youtube.com/watch?v=ROa3kbG5M0U&lc=Ugw-rUiHcDIAttkJUeJ4AaABAg,Ugw-rUiHcDIAttkJUeJ4AaABAg,UCfSaCY2HyuAqIsHyWgtRT8w,"Fetched 05/24/2026, 8:08:10 PM GMT+8"
33461,@FELIXCASTILLO-d6k,11 days ago,HAPPY VIEWING PO FROM BAGUIO CITY,https://www.youtube.com/watch?v=ROa3kbG5M0U&lc=UgwA11bOreYxsoT9FQB4AaABAg,UgwA11bOreYxsoT9FQB4AaABAg,UCzYZJSgSHmHSChay7k3DlyA,"Fetched 05/24/2026, 8:08:10 PM GMT+8"
33462,@AbegailBalolong,11 days ago,Go go  goooooow... Fight BAGUIO CITY DISTRITO NG BENGUET 🇮🇹,https://www.youtube.com/watch?v=ROa3kbG5M0U&lc=UgxSEVMZTYKYQALSrIx4AaABAg,UgxSEVMZTYKYQALSrIx4AaABAg,UChiZf3rJgQqRwuAE-ZCS6UQ,"Fetched 05/24/2026, 8:08:10 PM GMT+8"
33463,@FELIXCASTILLO-d6k,11 days ago,BAGUIO🎉🎉🎉🎉,https://www.youtube.com/watch?v=ROa3kbG5M0U&lc=UgyhI4lmzunOCsiI7iZ4AaABAg,UgyhI4lmzunOCsiI7iZ4AaABAg,UCzYZJSgSHmHSChay7k3DlyA,"Fetched 05/24/2026, 8:08:10 PM GMT+8"
33464,@FELIXCASTILLO-d6k,11 days ago,BAGUIO,https://www.youtube.com/watch?v=ROa3kbG5M0U&lc=UgwDCfiy7gX7mlTrYxx4AaABAg,UgwDCfiy7gX7mlTrYxx4AaABAg,UCzYZJSgSHmHSChay7k3DlyA,"Fetched 05/24/2026, 8:08:10 PM GMT+8"
33465,@FELIXCASTILLO-d6k,11 days ago,Baguio,https://www.youtube.com/watch?v=ROa3kbG5M0U&lc=UgyVv4rlC7tILjjX9AJ4AaABAg,UgyVv4rlC7tILjjX9AJ4AaABAg,UCzYZJSgSHmHSChay7k3DlyA,"Fetched 05/24/2026, 8:08:10 PM GMT+8"
33466,@joymaylee-e9o,11 days ago,❤❤❤ We Love Benguet❤❤❤ / 🎉🎉We Love Atok Gold🎉🎉,https://www.youtube.com/watch?v=ROa3kbG5M0U&lc=UgwHhtc6OMjcBxWHNEh4AaABAg,UgwHhtc6OMjcBxWHNEh4AaABAg,UCVNaOxPbc9ZEHqlMp6TAgMA,"Fetched 05/24/2026, 8:08:10 PM GMT+8"
33467,@joy-d3n4u,11 days ago,😊😊😊 / Hello po mga kapatid / 😊😊😊 / Masayang panonood po / 😊😊😊 / mula po sa Lokal ng Atok Gold / ❤❤❤,https://www.youtube.com/watch?v=ROa3kbG5M0U&lc=UgwKMpvtFR44GP6_rPN4AaABAg,UgwKMpvtFR44GP6_rPN4AaABAg,UCdSHn503pqXwdsqmLKce88g,"Fetched 05/24/2026, 8:08:10 PM GMT+8"
33468,@iya-k7j,11 days ago,Magandang gabi po..mula po sa Lokal ng Atok Gold,https://www.youtube.com/watch?v=ROa3kbG5M0U&lc=UgzsWAA_LUxLs36OOO94AaABAg,UgzsWAA_LUxLs36OOO94AaABAg,UC_R2GfmFAjE8k8DgEjmtv7g,"Fetched 05/24/2026, 8:08:10 PM GMT+8"
33469,@iya-k7j,11 days ago,❤❤❤ / masayang panonood po / ❤❤❤ / mula sa Lokal ng Atok Gold / ❤❤❤,https://www.youtube.com/watch?v=ROa3kbG5M0U&lc=UgxaBYzXGvjmySzg4zt4AaABAg,UgxaBYzXGvjmySzg4zt4AaABAg,UC_R2GfmFAjE8k8DgEjmtv7g,"Fetched 05/24/2026, 8:08:10 PM GMT+8"
33470,@joy-d3n4u,11 days ago,❤❤❤ / Go Benguet!!!! / 😊😊😊 / Go Atok Gold!!!,https://www.youtube.com/watch?v=ROa3kbG5M0U&lc=Ugy2uos-V-LsAfNm1TJ4AaABAg,Ugy2uos-V-LsAfNm1TJ4AaABAg,UCdSHn503pqXwdsqmLKce88g,"Fetched 05/24/2026, 8:08:10 PM GMT+8"
33471,@joy-d3n4u,11 days ago,#INCMV / #God's Love / #Distrito ng Benguet / #Lokal ng Atok Gold,https://www.youtube.com/watch?v=ROa3kbG5M0U&lc=UgyQlaSy47B4cVs_EJR4AaABAg,UgyQlaSy47B4cVs_EJR4AaABAg,UCdSHn503pqXwdsqmLKce88g,"Fetched 05/24/2026, 8:08:10 PM GMT+8"
33472,@joy-d3n4u,11 days ago,❤❤❤ / Magandang gabi po / 😊😊😊 / Masayang panonood po / 🎉🎉🎉 / Lokal ng Atok Gold / ❤❤❤,https://www.youtube.com/watch?v=ROa3kbG5M0U&lc=UgwLjR3aSgGERa1UrXV4AaABAg,UgwLjR3aSgGERa1UrXV4AaABAg,UCdSHn503pqXwdsqmLKce88g,"Fetched 05/24/2026, 8:08:10 PM GMT+8"
33473,@mayvehn,11 days ago,😊😊😊😊 / Happy / viewing / po / mula sa  / Lokal ng Atok Gold / ❤❤❤,https://www.youtube.com/watch?v=ROa3kbG5M0U&lc=UgygZ9DDtyki96vLZQ14AaABAg,UgygZ9DDtyki96vLZQ14AaABAg,UCivhdJ2CQeLK8tlG7Wh2BSQ,"Fetched 05/24/2026, 8:08:10 PM GMT+8"
33474,@iya-k7j,11 days ago,Magandang gabi po / ❤❤❤❤ / Maligayang panonood po / 🎉🎉🎉 / Lokal ng Atok Gold,https://www.youtube.com/watch?v=ROa3kbG5M0U&lc=UgyH7YWyujUJQrNTTUF4AaABAg,UgyH7YWyujUJQrNTTUF4AaABAg,UC_R2GfmFAjE8k8DgEjmtv7g,"Fetched 05/24/2026, 8:08:10 PM GMT+8"
33475,@mayvehn,11 days ago,Magandang gabi po mga kapatid❤❤❤ / mula po sa Lokal ng Atok Gold,https://www.youtube.com/watch?v=ROa3kbG5M0U&lc=Ugw0uY-wTCG5Btv7lcR4AaABAg,Ugw0uY-wTCG5Btv7lcR4AaABAg,UCivhdJ2CQeLK8tlG7Wh2BSQ,"Fetched 05/24/2026, 8:08:10 PM GMT+8"
33476,@joymaylee-e9o,11 days ago,🎉🎉🎉 / Lokal ng Atok Gold / ❤❤❤,https://www.youtube.com/watch?v=ROa3kbG5M0U&lc=Ugxvkms2eBK-oTpheNp4AaABAg,Ugxvkms2eBK-oTpheNp4AaABAg,UCVNaOxPbc9ZEHqlMp6TAgMA,"Fetched 05/24/2026, 8:08:10 PM GMT+8"
33477,@joymaylee-e9o,11 days ago,❤❤❤ / INCMV / ❤❤❤ / Distrito ng Benguet / ❤❤❤ / Lokal ng Atok Gold / ❤❤❤,https://www.youtube.com/watch?v=ROa3kbG5M0U&lc=UgxVrQ7ifQl_Ard0tNB4AaABAg,UgxVrQ7ifQl_Ard0tNB4AaABAg,UCVNaOxPbc9ZEHqlMp6TAgMA,"Fetched 05/24/2026, 8:08:10 PM GMT+8"
33478,@joymaylee-e9o,11 days ago,🇮🇹 / Go Benguet!!!! / Go Atok Gold / 🎉🎉🎉,https://www.youtube.com/watch?v=ROa3kbG5M0U&lc=UgxkfIuErzS6cpFPc-F4AaABAg,UgxkfIuErzS6cpFPc-F4AaABAg,UCVNaOxPbc9ZEHqlMp6TAgMA,"Fetched 05/24/2026, 8:08:10 PM GMT+8"
33479,@PHEBIE-f7h,11 days ago,"From LOKAL NG ATOKGOLD, supporting Benguet District's entry for INCMV AWARDS. / GO GO GO BENGUET ❤",https://www.youtube.com/watch?v=ROa3kbG5M0U&lc=UgyRwTrOaqvKS_Hfa394AaABAg,UgyRwTrOaqvKS_Hfa394AaABAg,UCNkJMMXP19AJSsNov8Fp3Ag,"Fetched 05/24/2026, 8:08:10 PM GMT+8"
33480,@kristine7303,11 days ago,"Grabeng suporta ng mga taga Benguet! Walang nagsasawa! Nakaka-LSS din naman kasi ❤ /  / Happy viewing po mula sa Lokal ng Marcos Highway, KADIWA Officer",https://www.youtube.com/watch?v=ROa3kbG5M0U&lc=Ugx0qg3u0cVyvP3YEkR4AaABAg,Ugx0qg3u0cVyvP3YEkR4AaABAg,UCJnlqat5vcPuV6GiDugaBnA,"Fetched 05/24/2026, 8:08:10 PM GMT+8"
33481,@joymaylee-e9o,11 days ago,Go Benguet!!! / Go Atok Gold,https://www.youtube.com/watch?v=ROa3kbG5M0U&lc=UgxXCyJ5rO5Rn-brGN14AaABAg,UgxXCyJ5rO5Rn-brGN14AaABAg,UCVNaOxPbc9ZEHqlMp6TAgMA,"Fetched 05/24/2026, 8:08:10 PM GMT+8"
33482,@kristine7303,11 days ago,"Grabeng suporta ng mga taga Benguet! Walang nagsasawa! Nakaka-LSS din naman kasi ❤ /  / Happy viewing po mula sa Lokal ng Marcos Highway, KADIWA Officer",https://www.youtube.com/watch?v=ROa3kbG5M0U&lc=UgxnoXbo1bxQ9EIc8OR4AaABAg,UgxnoXbo1bxQ9EIc8OR4AaABAg,UCJnlqat5vcPuV6GiDugaBnA,"Fetched 05/24/2026, 8:08:10 PM GMT+8"
33483,@mayvehn,11 days ago,watching po.mula sa Lokal ng Atok Gold,https://www.youtube.com/watch?v=ROa3kbG5M0U&lc=UgwpePrOz_Cy7Afc_Kd4AaABAg,UgwpePrOz_Cy7Afc_Kd4AaABAg,UCivhdJ2CQeLK8tlG7Wh2BSQ,"Fetched 05/24/2026, 8:08:10 PM GMT+8"
33484,@joy-d3n4u,11 days ago,Happy watching po mula sa Lokal ng Atok Gold,https://www.youtube.com/watch?v=ROa3kbG5M0U&lc=UgzNCN-nVswGIaHx1Lx4AaABAg,UgzNCN-nVswGIaHx1Lx4AaABAg,UCdSHn503pqXwdsqmLKce88g,"Fetched 05/24/2026, 8:08:10 PM GMT+8"
33485,@PHEBIE-f7h,11 days ago,I love the musicality of this song. Streaming po from Lokal ng AtokGold,https://www.youtube.com/watch?v=ROa3kbG5M0U&lc=UgwZT9zj14L60U03c7p4AaABAg,UgwZT9zj14L60U03c7p4AaABAg,UCNkJMMXP19AJSsNov8Fp3Ag,"Fetched 05/24/2026, 8:08:10 PM GMT+8"
33486,@joy-d3n4u,11 days ago,❤❤❤ / We Love INCMV / ❤❤❤ / We Love Benguet / ❤❤❤ / We Love Atok Gold / ❤❤❤,https://www.youtube.com/watch?v=ROa3kbG5M0U&lc=UgzCZBhY5Wm9I2gDiI14AaABAg,UgzCZBhY5Wm9I2gDiI14AaABAg,UCdSHn503pqXwdsqmLKce88g,"Fetched 05/24/2026, 8:08:10 PM GMT+8"
33487,@Julskie28,11 days ago,Re watching!! /  / From KADIWAs of benguet❤,https://www.youtube.com/watch?v=ROa3kbG5M0U&lc=UgyT3lE91hIv2wZwv1Z4AaABAg,UgyT3lE91hIv2wZwv1Z4AaABAg,UC1nz0UiWHV8lyoQdZtJejeg,"Fetched 05/24/2026, 8:08:10 PM GMT+8"
33488,@gwynethcayabyab5981,11 days ago,"Good evening po sa lahat ng kapatid🎉 keep on watching po, mula sa mga kadiwa",https://www.youtube.com/watch?v=ROa3kbG5M0U&lc=UgwTjQKD3bAW7dQbfFt4AaABAg,UgwTjQKD3bAW7dQbfFt4AaABAg,UCouodNvhL1bfJC2Fz0B_Rcw,"Fetched 05/24/2026, 8:08:10 PM GMT+8"
33489,@luibustamante9493,11 days ago,Rewatching God's Love bago umabot ng 20k 💪💪💪  mula po sa Lokal ng Tuba /  / Let's Go Benguet🎉🍓🍓 /  / -Kadiwa District Officers konti nalang 20k na 🥳🥳🥳,https://www.youtube.com/watch?v=ROa3kbG5M0U&lc=UgxJrVC_ED-2KL71eaJ4AaABAg,UgxJrVC_ED-2KL71eaJ4AaABAg,UCFAmrhDmv6rvZrQoYp-IS9w,"Fetched 05/24/2026, 8:08:10 PM GMT+8"
33490,@mayvehn,11 days ago,Magandang gabi po mga kapatid.. / Mula po sa Lokal ng Atok Gold,https://www.youtube.com/watch?v=ROa3kbG5M0U&lc=UgxYWlVFl6nUZClveeF4AaABAg,UgxYWlVFl6nUZClveeF4AaABAg,UCivhdJ2CQeLK8tlG7Wh2BSQ,"Fetched 05/24/2026, 8:08:10 PM GMT+8"
33491,@jonieyonga-an5239,11 days ago,Good evening Po mga Kapatid 🎉 / Rewatch rewatch Po habang nagkakape🎉 / Pagbati sa mga Kadiwa at binhi natin jan🎉 /  / Mula Po sa lokal Ng Norcar Distrito Ng Benguet 🎉,https://www.youtube.com/watch?v=ROa3kbG5M0U&lc=UgyYeLT-UNevGHonihR4AaABAg,UgyYeLT-UNevGHonihR4AaABAg,UCgUo3JP_Fffuctza4bUumJg,"Fetched 05/24/2026, 8:08:10 PM GMT+8"
33492,@henrycaranto2644,11 days ago,Tuloy tuloy ang suport natin mga Kasamang Kadiwa at Binhi /  / From lokal ng Baguio City🎉,https://www.youtube.com/watch?v=ROa3kbG5M0U&lc=UgwPZBFnE2cSOycbHGx4AaABAg,UgwPZBFnE2cSOycbHGx4AaABAg,UCFilTOy22FklSkBIgwVPVaQ,"Fetched 05/24/2026, 8:08:10 PM GMT+8"
33493,@joelaganon6952,11 days ago,Happy viewing po mga Kapatid sa Lokal ng Baguio City,https://www.youtube.com/watch?v=ROa3kbG5M0U&lc=UgyjK0eVJ3E_W8bG2Bp4AaABAg,UgyjK0eVJ3E_W8bG2Bp4AaABAg,UChevvJfd5L6E5s2G__kuKtA,"Fetched 05/24/2026, 8:08:10 PM GMT+8"
33494,@rejomartayaban,11 days ago,"Happy viewing  po sa ating lahat ngayong gabi, walang tigil parin sa pagsuporta ang kapisanang Kadiwa sa lokal ng La Trinidad",https://www.youtube.com/watch?v=ROa3kbG5M0U&lc=UgyAHMI_85eNw4z0C1F4AaABAg,UgyAHMI_85eNw4z0C1F4AaABAg,UCi7RYRPFL6HTFaScpYFJMJQ,"Fetched 05/24/2026, 8:08:10 PM GMT+8"
33495,@nelmacaganda7734,11 days ago,"Good evening po sa lahat mga kapatid. Masayang Viewing From Megaroyale Village, Distrito ng Benguet😇",https://www.youtube.com/watch?v=ROa3kbG5M0U&lc=UgwSkgjrMU3ERJ08AI54AaABAg,UgwSkgjrMU3ERJ08AI54AaABAg,UCXf4yWkyTkEZESbzF52KJuQ,"Fetched 05/24/2026, 8:08:10 PM GMT+8"
33496,@jazz-m7b,11 days ago,Pahingi nga po ng pagkain paki dala na lang po sa lokal ng La Trinidad.  /  / Thank You po / 3:19,https://www.youtube.com/watch?v=ROa3kbG5M0U&lc=UgzErzi6aFBcVTFvQ0F4AaABAg,UgzErzi6aFBcVTFvQ0F4AaABAg,UCNB-zyitm7U6Yt835DEKclA,"Fetched 05/24/2026, 8:08:10 PM GMT+8"
33497,@luibustamante9493,11 days ago,Good evening po mga kapatid /  / Rewatching po mula sa Lokal ng Tuba Distrito ng Benguet /  / Binabati ko po lahat ng Maytungkulin sa Kagawaran ng Mang-aawit at Kapisanang Kadiwa 🤗🤗🤗,https://www.youtube.com/watch?v=ROa3kbG5M0U&lc=Ugz4McMU1dPj5Uu-TSV4AaABAg,Ugz4McMU1dPj5Uu-TSV4AaABAg,UCFAmrhDmv6rvZrQoYp-IS9w,"Fetched 05/24/2026, 8:08:10 PM GMT+8"
33498,@MitzieyaahBarrato,11 days ago,"Happy viewing mula sa Lokal ng Baguio City! 🌟 Binabati ko po ang mga sumusunod na mga kapatid: Ka Annedrea Louize Diaz Cacanindin, Ka Alexa Garcia Canta, Ka Bea Cassandra Alcantara Sanglay, Ka Alena Carisse Abaja Austria, Ka Allen Andrie Belen Angeles, Ka Crystal Baltazar Guinto, Ka Divine Grace Lim Viernes, Ka Jonner Jazz Sagantiyoc Guilod, Ka Karla Jerah Opulento, Ka Jake Bad-ey, Ka Methoselah Sotto Barrato, at Ka Elaiza Venice Carreon Antonio  / ~ Let’s go Benguet 🍓😇🤍",https://www.youtube.com/watch?v=ROa3kbG5M0U&lc=Ugyepu2DwXnxgBvLkH14AaABAg,Ugyepu2DwXnxgBvLkH14AaABAg,UCh70oh5BbvseOBOn9SbJ2HA,"Fetched 05/24/2026, 8:08:10 PM GMT+8"
33499,@MitzieyaahBarrato,11 days ago,"Happy viewing mula sa Lokal ng Baguio City! 🌟 Binabati ko po ang mga sumusunod na mga kapatid: Ka Annedrea Louize Diaz Cacanindin, Ka Alexa Garcia Canta, Ka Bea Cassandra Alcantara Sanglay, Ka Alena Carisse Abaja Austria, Ka Allen Andrie Belen Angeles, Ka Crystal Baltazar Guinto, Ka Divine Grace Lim Viernes, Ka Jonner Jazz Sagantiyoc Guilod, Ka Karla Jerah Opulento, Ka Jake Bad-ey, Ka Methoselah Sotto Barrato, at Ka Elaiza Venice Carreon Antonio  / ~ Let’s go Benguet 🍓😇🤍",https://www.youtube.com/watch?v=ROa3kbG5M0U&lc=UgzD1NlB0C1yHsS9DF94AaABAg,UgzD1NlB0C1yHsS9DF94AaABAg,UCh70oh5BbvseOBOn9SbJ2HA,"Fetched 05/24/2026, 8:08:10 PM GMT+8"
33500,@jazz-m7b,11 days ago,Let's go BENGUET,https://www.youtube.com/watch?v=ROa3kbG5M0U&lc=Ugxyq4BJADWePncoltJ4AaABAg,Ugxyq4BJADWePncoltJ4AaABAg,UCNB-zyitm7U6Yt835DEKclA,"Fetched 05/24/2026, 8:08:10 PM GMT+8"
33501,@kristine7303,11 days ago,Greetings po mula sa KADIWA Distrito ng Benguet at Lokal ng Marcos Highway!❤,https://www.youtube.com/watch?v=ROa3kbG5M0U&lc=UgwdaQe-yPIJDcsBO7B4AaABAg,UgwdaQe-yPIJDcsBO7B4AaABAg,UCJnlqat5vcPuV6GiDugaBnA,"Fetched 05/24/2026, 8:08:10 PM GMT+8"
33502,@jasminedaludado7262,11 days ago,"Let's go Benguet, let's go mga kapatid!!!❤ /  / -KADIWA and PNK Officers of Guisad",https://www.youtube.com/watch?v=ROa3kbG5M0U&lc=Ugw6eSOaVDTYCcGGhT14AaABAg,Ugw6eSOaVDTYCcGGhT14AaABAg,UCA4HVmdH2Xj67gK8nZmpiZg,"Fetched 05/24/2026, 8:08:10 PM GMT+8"
33503,@JeaneaRacraquin-k9z,11 days ago,Baguio city🇮🇹🇮🇹🇮🇹,https://www.youtube.com/watch?v=ROa3kbG5M0U&lc=UgwnkszwYesGu3TnZlh4AaABAg,UgwnkszwYesGu3TnZlh4AaABAg,UCAhEThL6VMSeNhkmb9MDu0Q,"Fetched 05/24/2026, 8:08:10 PM GMT+8"
33504,@MichaelCastillo-xn6dn,11 days ago,"Happy Viewing po mga kapatid. Mula po sa Lokal ng Marcos Highway, Distrito ng Benguet",https://www.youtube.com/watch?v=ROa3kbG5M0U&lc=UgyjMr9hpDL2j5X0tYR4AaABAg,UgyjMr9hpDL2j5X0tYR4AaABAg,UChmoyBnJ8G98pXu8PpN1tzA,"Fetched 05/24/2026, 8:08:10 PM GMT+8"
33505,@MichaelCastillo-xn6dn,11 days ago,"Happy Viewing po mga kapatid. Mula po sa Lokal ng Marcos Highway, Distrito ng Benguet",https://www.youtube.com/watch?v=ROa3kbG5M0U&lc=UgxS0SUyFqb9Qenesep4AaABAg,UgxS0SUyFqb9Qenesep4AaABAg,UChmoyBnJ8G98pXu8PpN1tzA,"Fetched 05/24/2026, 8:08:10 PM GMT+8"
33506,@MichaelCastillo-xn6dn,11 days ago,"Happy Viewing po mga kapatid. Mula po sa Lokal ng Marcos Highway, Distrito ng Benguet",https://www.youtube.com/watch?v=ROa3kbG5M0U&lc=Ugzylnrr6xMS_NZo_Ql4AaABAg,Ugzylnrr6xMS_NZo_Ql4AaABAg,UChmoyBnJ8G98pXu8PpN1tzA,"Fetched 05/24/2026, 8:08:10 PM GMT+8"
33507,@MichaelCastillo-xn6dn,11 days ago,"Happy Viewing po mga kapatid. Mula po sa Lokal ng Marcos Highway, Distrito ng Benguet",https://www.youtube.com/watch?v=ROa3kbG5M0U&lc=Ugw34qCuqdc84iL_mbR4AaABAg,Ugw34qCuqdc84iL_mbR4AaABAg,UChmoyBnJ8G98pXu8PpN1tzA,"Fetched 05/24/2026, 8:08:10 PM GMT+8"
33508,@MichaelCastillo-xn6dn,11 days ago,"Happy Viewing po mga kapatid. Mula po sa Lokal ng Marcos Highway, Distrito ng Benguet",https://www.youtube.com/watch?v=ROa3kbG5M0U&lc=Ugy7fFaKooa78SkGnZZ4AaABAg,Ugy7fFaKooa78SkGnZZ4AaABAg,UChmoyBnJ8G98pXu8PpN1tzA,"Fetched 05/24/2026, 8:08:10 PM GMT+8"
33509,@MichaelCastillo-xn6dn,11 days ago,"Happy Viewing po mga kapatid. Mula po sa Lokal ng Marcos Highway, Distrito ng Benguet",https://www.youtube.com/watch?v=ROa3kbG5M0U&lc=Ugy-_g14cosBAA8Muu14AaABAg,Ugy-_g14cosBAA8Muu14AaABAg,UChmoyBnJ8G98pXu8PpN1tzA,"Fetched 05/24/2026, 8:08:10 PM GMT+8"
33510,@MichaelCastillo-xn6dn,11 days ago,"Happy Viewing po mga kapatid. Mula po sa Lokal ng Marcos Highway, Distrito ng Benguet",https://www.youtube.com/watch?v=ROa3kbG5M0U&lc=UgyTzFBHUroLdqNlPh94AaABAg,UgyTzFBHUroLdqNlPh94AaABAg,UChmoyBnJ8G98pXu8PpN1tzA,"Fetched 05/24/2026, 8:08:10 PM GMT+8"
33511,@MichaelCastillo-xn6dn,11 days ago,"Happy Viewing po mga kapatid. Mula po sa Lokal ng Marcos Highway, Distrito ng Benguet",https://www.youtube.com/watch?v=ROa3kbG5M0U&lc=Ugy54J3hz-O1vn2V9Il4AaABAg,Ugy54J3hz-O1vn2V9Il4AaABAg,UChmoyBnJ8G98pXu8PpN1tzA,"Fetched 05/24/2026, 8:08:10 PM GMT+8"
33512,@gwynethcayabyab5981,11 days ago,Road to 20k views na po tayo keep on supporting po / -kadiwa officers,https://www.youtube.com/watch?v=ROa3kbG5M0U&lc=UgyzxOupC4am0hhdyfR4AaABAg,UgyzxOupC4am0hhdyfR4AaABAg,UCouodNvhL1bfJC2Fz0B_Rcw,"Fetched 05/24/2026, 8:08:10 PM GMT+8"
33513,@MichaelCastillo-xn6dn,11 days ago,"Happy Viewing po mga kapatid. Mula po sa Lokal ng Marcos Highway, Distrito ng Benguet",https://www.youtube.com/watch?v=ROa3kbG5M0U&lc=Ugyn7PdJZrHNJK8IUax4AaABAg,Ugyn7PdJZrHNJK8IUax4AaABAg,UChmoyBnJ8G98pXu8PpN1tzA,"Fetched 05/24/2026, 8:08:10 PM GMT+8"
33514,@myrnamapa7570,11 days ago,Hi sa aming Destinado( ka Jay d pogi) at sa Kanyang maybahay.. / Mula po sa lokal Ng Aurora Hill Distrito ng Benguet,https://www.youtube.com/watch?v=ROa3kbG5M0U&lc=UgwpVBCLWqIg-VvOJPJ4AaABAg,UgwpVBCLWqIg-VvOJPJ4AaABAg,UCRMmPlBnGr1FXZcSh7KgtpQ,"Fetched 05/24/2026, 8:08:10 PM GMT+8"
33515,@MichaelCastillo-xn6dn,11 days ago,"Happy Viewing po mga kapatid. Mula po sa Lokal ng Marcos Highway, Distrito ng Benguet",https://www.youtube.com/watch?v=ROa3kbG5M0U&lc=UgxVzQtlAwqkJF60HAp4AaABAg,UgxVzQtlAwqkJF60HAp4AaABAg,UChmoyBnJ8G98pXu8PpN1tzA,"Fetched 05/24/2026, 8:08:10 PM GMT+8"
33516,@JeaneaRacraquin-k9z,11 days ago,happy viewing po sa lahat Ng taga Baguio city,https://www.youtube.com/watch?v=ROa3kbG5M0U&lc=Ugz5lfU02RH_HREONkZ4AaABAg,Ugz5lfU02RH_HREONkZ4AaABAg,UCAhEThL6VMSeNhkmb9MDu0Q,"Fetched 05/24/2026, 8:08:10 PM GMT+8"
33517,@MichaelCastillo-xn6dn,11 days ago,Happy Viewing po mga kapatid. Mula sa Lokal ng Marcos Highway Benguet,https://www.youtube.com/watch?v=ROa3kbG5M0U&lc=UgyzqzHizml6Hp1ytIx4AaABAg,UgyzqzHizml6Hp1ytIx4AaABAg,UChmoyBnJ8G98pXu8PpN1tzA,"Fetched 05/24/2026, 8:08:10 PM GMT+8"
33518,@boholhazeline05,11 days ago,Pagbati po mula sa lokal ng Baguio City,https://www.youtube.com/watch?v=ROa3kbG5M0U&lc=UgyJNG8rG0JOP0dTqLp4AaABAg,UgyJNG8rG0JOP0dTqLp4AaABAg,UCNxuEnfuDgIEBwBrpx_Pl3w,"Fetched 05/24/2026, 8:08:10 PM GMT+8"
33519,@myrnamapa7570,11 days ago,"Galing ni Mr Boring... / Watching po sa lokal ng Aurora Hill, Benguet / Hi sa lahat ng mga kalihim sa Aming lokal..",https://www.youtube.com/watch?v=ROa3kbG5M0U&lc=Ugy4FMgJDo9R0CUKqnV4AaABAg,Ugy4FMgJDo9R0CUKqnV4AaABAg,UCRMmPlBnGr1FXZcSh7KgtpQ,"Fetched 05/24/2026, 8:08:10 PM GMT+8"
33520,@boholhazeline05,11 days ago,Greetings po mula sa lokal ng Baguio City❤,https://www.youtube.com/watch?v=ROa3kbG5M0U&lc=UgzRq89M7LlMyQCEHxp4AaABAg,UgzRq89M7LlMyQCEHxp4AaABAg,UCNxuEnfuDgIEBwBrpx_Pl3w,"Fetched 05/24/2026, 8:08:10 PM GMT+8"
33521,@JeaneaRacraquin-k9z,11 days ago,"greetings Po from lokal ng Baguio CIty,,,",https://www.youtube.com/watch?v=ROa3kbG5M0U&lc=UgwVhj5Va7pfLyYD9Qd4AaABAg,UgwVhj5Va7pfLyYD9Qd4AaABAg,UCAhEThL6VMSeNhkmb9MDu0Q,"Fetched 05/24/2026, 8:08:10 PM GMT+8"
33522,@JocelynAngsofan,11 days ago,"Greetings po mula sa lokal ng Pinsao, Distrito ng Benguet, happy viewing🥰",https://www.youtube.com/watch?v=ROa3kbG5M0U&lc=Ugy1XzahsJLcYZazaQR4AaABAg,Ugy1XzahsJLcYZazaQR4AaABAg,UCQuHB6XVkmo3wL7uCy2bF5w,"Fetched 05/24/2026, 8:08:10 PM GMT+8"
33523,@BnHydn,11 days ago,‎Wishing you a delightful viewing experience.🤚♥️✋ /  / Suporta mula sa lokal ng La Trinidad  /  / Let's go Benguet 🎉,https://www.youtube.com/watch?v=ROa3kbG5M0U&lc=UgxUzwyB5DU7ho_F7F14AaABAg,UgxUzwyB5DU7ho_F7F14AaABAg,UCbVqbfs9vjTS-hPNArDNcFQ,"Fetched 05/24/2026, 8:08:10 PM GMT+8"
33524,@jonieyonga-an5239,11 days ago,Early evening kahit maliwanag pa Ang kalangitan nga Kapatid!!!🎉 /  / Happy viewing Po Mula Sa Lokal Ng Norcar Distrito Ng Benguet 🎉 /  / Greetings Po sa mga Kadiwa at Binhi natin Jan na patuloy na nkasubaybay 🎉🎉,https://www.youtube.com/watch?v=ROa3kbG5M0U&lc=UgyFVa-wPizSDgBbpuB4AaABAg,UgyFVa-wPizSDgBbpuB4AaABAg,UCgUo3JP_Fffuctza4bUumJg,"Fetched 05/24/2026, 8:08:10 PM GMT+8"
33525,@kimberlysarmiento1034,11 days ago,"“God’s love is like the ocean—you can see its beginning, but not its end.” — Rick Warren /  / Happy viewing po mga kapatid at maytungkulin sa lokal ng Tuba distrito ng Benguet 🥳🥰",https://www.youtube.com/watch?v=ROa3kbG5M0U&lc=UgxNFbmS7Dj8DxwDJeJ4AaABAg,UgxNFbmS7Dj8DxwDJeJ4AaABAg,UCds_RyKfMX7Xzg4PQRhf9NQ,"Fetched 05/24/2026, 8:08:10 PM GMT+8"
33526,@Julskie28,11 days ago,From lokal ng Guisad  /  / Patuloy sa panonood! Let's Go Benguet 🍓 🎉 /  / Let's Go KADIWAs of benguet! Tuloy tuloy tayo❤,https://www.youtube.com/watch?v=ROa3kbG5M0U&lc=UgysSKfO-vaDOyLxob54AaABAg,UgysSKfO-vaDOyLxob54AaABAg,UC1nz0UiWHV8lyoQdZtJejeg,"Fetched 05/24/2026, 8:08:10 PM GMT+8"
33527,@rejomartayaban,11 days ago,"Helllooooo Benguueeettt, still watching po from here sa lokal ng La Trinidad kasama ang mga kadiwa!!😍",https://www.youtube.com/watch?v=ROa3kbG5M0U&lc=UgxcewfdHw6D8FqUqZx4AaABAg,UgxcewfdHw6D8FqUqZx4AaABAg,UCi7RYRPFL6HTFaScpYFJMJQ,"Fetched 05/24/2026, 8:08:10 PM GMT+8"
33528,@henrycaranto2644,11 days ago,Still watching.❤ /  / Hello po sa lahat ng KADIWA at BINHI /  / From Lokal ng Baguio City 🎉,https://www.youtube.com/watch?v=ROa3kbG5M0U&lc=UgyhlplHaMr-3yxrlB14AaABAg,UgyhlplHaMr-3yxrlB14AaABAg,UCFilTOy22FklSkBIgwVPVaQ,"Fetched 05/24/2026, 8:08:10 PM GMT+8"
33529,@jazz-m7b,11 days ago,Let's keep on supporting po don't stop and keep on listening😊  /  / Let's go BENGUET 🍓🐑,https://www.youtube.com/watch?v=ROa3kbG5M0U&lc=UgyQYx31aURF_PNjSTh4AaABAg,UgyQYx31aURF_PNjSTh4AaABAg,UCNB-zyitm7U6Yt835DEKclA,"Fetched 05/24/2026, 8:08:10 PM GMT+8"
33530,@Jonnerguilod,11 days ago (edited),Benguet 🔛🔝 / Lokal ng Baguio City,https://www.youtube.com/watch?v=ROa3kbG5M0U&lc=Ugwt1t5FD9JDwMc1__F4AaABAg,Ugwt1t5FD9JDwMc1__F4AaABAg,UCUziou_rMXx7lIZ3VI2K55Q,"Fetched 05/24/2026, 8:08:10 PM GMT+8"
33531,@Jonnerguilod,11 days ago,Go baguio lets go manood na at mag comment / Lokal ng Baguio City,https://www.youtube.com/watch?v=ROa3kbG5M0U&lc=UgzF4czBU5STe-TBfbZ4AaABAg,UgzF4czBU5STe-TBfbZ4AaABAg,UCUziou_rMXx7lIZ3VI2K55Q,"Fetched 05/24/2026, 8:08:10 PM GMT+8"
33532,@lorenadayrit717,11 days ago,"Maligayang panonood mga kapatid. Mula po sa sambahayan ni ka Alfonso Dayrit ng Lokal ng Marcos Highway, Distrito ng Benguet",https://www.youtube.com/watch?v=ROa3kbG5M0U&lc=Ugwx1kMPHhXR9k6PuFV4AaABAg,Ugwx1kMPHhXR9k6PuFV4AaABAg,UCrPPwaufcYIiawsIhyRnlZQ,"Fetched 05/24/2026, 8:08:10 PM GMT+8"
33533,@JonnerGuilod-ye5rs,11 days ago,Let's go Benguet 🔛🔝,https://www.youtube.com/watch?v=ROa3kbG5M0U&lc=UgwRm94OSDt-mX-2zER4AaABAg,UgwRm94OSDt-mX-2zER4AaABAg,UCqAZvKcFKWAYBEWjNAhZEZw,"Fetched 05/24/2026, 8:08:10 PM GMT+8"
33534,@JonnerGuilod-ye5rs,11 days ago,God's Love  / Lokal ng Baguio City,https://www.youtube.com/watch?v=ROa3kbG5M0U&lc=Ugz8kiHFITpD_PJdcDN4AaABAg,Ugz8kiHFITpD_PJdcDN4AaABAg,UCqAZvKcFKWAYBEWjNAhZEZw,"Fetched 05/24/2026, 8:08:10 PM GMT+8"
33535,@JonnerGuilod-ye5rs,11 days ago,Watching po mula Lokal ng Baguio city,https://www.youtube.com/watch?v=ROa3kbG5M0U&lc=UgxWjGfB2Xu4CX9NQ-N4AaABAg,UgxWjGfB2Xu4CX9NQ-N4AaABAg,UCqAZvKcFKWAYBEWjNAhZEZw,"Fetched 05/24/2026, 8:08:10 PM GMT+8"
33536,@jasminedaludado7262,11 days ago,Happy viewing po mga kapatid!! /  / -KADIWA and PNK MTs mula po sa lokal ng Guisad,https://www.youtube.com/watch?v=ROa3kbG5M0U&lc=UgyRdDnk5UBeTRFn2AN4AaABAg,UgyRdDnk5UBeTRFn2AN4AaABAg,UCA4HVmdH2Xj67gK8nZmpiZg,"Fetched 05/24/2026, 8:08:10 PM GMT+8"
33537,@axeliee-m5u,11 days ago,let's goo Benguet 💯  /  / Pagbati po mula sa Lokal ng La Trinidad 🧡,https://www.youtube.com/watch?v=ROa3kbG5M0U&lc=UgysByIgZFB21nCrCNF4AaABAg,UgysByIgZFB21nCrCNF4AaABAg,UCxjmGS0yLlCMs4Fe-AqbHFw,"Fetched 05/24/2026, 8:08:10 PM GMT+8"
33538,@Julskie28,11 days ago,Let's Go Benguet 🍓 🎉 /  / Happy viewing sa lahat lalo na sa mga kasamang KADIWA /  / From lokal ng Guisad,https://www.youtube.com/watch?v=ROa3kbG5M0U&lc=UgwDIys-h5bgaARnVzV4AaABAg,UgwDIys-h5bgaARnVzV4AaABAg,UC1nz0UiWHV8lyoQdZtJejeg,"Fetched 05/24/2026, 8:08:10 PM GMT+8"
33539,@BnHydn,11 days ago,Nananatiling nakikiisa From Lokal ng La Trinidad 🎉🎉🎉 /  / Go go Benguet ♥️,https://www.youtube.com/watch?v=ROa3kbG5M0U&lc=UgzND1T5sjkItpZYdqd4AaABAg,UgzND1T5sjkItpZYdqd4AaABAg,UCbVqbfs9vjTS-hPNArDNcFQ,"Fetched 05/24/2026, 8:08:10 PM GMT+8"
33540,@mayvehn,11 days ago,Masayang panonood po.mga kapatid.mula po sa Lokal ng Atok Gold,https://www.youtube.com/watch?v=ROa3kbG5M0U&lc=UgxguY3_i_gtwpKdzjp4AaABAg,UgxguY3_i_gtwpKdzjp4AaABAg,UCivhdJ2CQeLK8tlG7Wh2BSQ,"Fetched 05/24/2026, 8:08:10 PM GMT+8"
33541,@haielei2869,11 days ago (edited),💚🤍❤️ /  / - God's LOVE / - Lokal ng NORCAR,https://www.youtube.com/watch?v=ROa3kbG5M0U&lc=UgyXwRhdS02bRPEyQlB4AaABAg,UgyXwRhdS02bRPEyQlB4AaABAg,UCf3PWHW8mj2mncX07kw9ZQw,"Fetched 05/24/2026, 8:08:10 PM GMT+8"
33542,@haielei2869,11 days ago,Lets Go BENGUET /  / - from Norcar,https://www.youtube.com/watch?v=ROa3kbG5M0U&lc=UgyLo_j5ZUg0668b5VF4AaABAg,UgyLo_j5ZUg0668b5VF4AaABAg,UCf3PWHW8mj2mncX07kw9ZQw,"Fetched 05/24/2026, 8:08:10 PM GMT+8"
33543,@haielei2869,11 days ago,Hello Hello po sa lahat ng mga binhi sa Distrito mula po sa Lokal ng Norcar,https://www.youtube.com/watch?v=ROa3kbG5M0U&lc=UgznqI90iYLo8XzHcBZ4AaABAg,UgznqI90iYLo8XzHcBZ4AaABAg,UCf3PWHW8mj2mncX07kw9ZQw,"Fetched 05/24/2026, 8:08:10 PM GMT+8"
33544,@mayvehn,11 days ago,❤❤❤ / Benguet District / 😊😊😊 / INCMV / ❤❤❤ / Atok Gold Locale,https://www.youtube.com/watch?v=ROa3kbG5M0U&lc=Ugxo71f4e7b5jEyQIr14AaABAg,Ugxo71f4e7b5jEyQIr14AaABAg,UCivhdJ2CQeLK8tlG7Wh2BSQ,"Fetched 05/24/2026, 8:08:10 PM GMT+8"
33545,@mayvehn,11 days ago,❤❤❤ / We Love INCMV / ❤❤❤ / We Love Benguet / ❤❤❤ / We Love Lokal ng Atok Gold,https://www.youtube.com/watch?v=ROa3kbG5M0U&lc=UgxU8ZqVg0l0zY6tpcJ4AaABAg,UgxU8ZqVg0l0zY6tpcJ4AaABAg,UCivhdJ2CQeLK8tlG7Wh2BSQ,"Fetched 05/24/2026, 8:08:10 PM GMT+8"
33546,@danielsangalang4416,11 days ago,Maligayang panonood po mula po sa Lokal Ng Baguio City,https://www.youtube.com/watch?v=ROa3kbG5M0U&lc=UgyWHEIR93xF8qZgqMN4AaABAg,UgyWHEIR93xF8qZgqMN4AaABAg,UCd83g5cGg_Es6Qyl02u7jdw,"Fetched 05/24/2026, 8:08:10 PM GMT+8"
33547,@mayvehn,11 days ago,#God's Love / #Benguet / #Lokal ng Atok Gold,https://www.youtube.com/watch?v=ROa3kbG5M0U&lc=Ugx7gRMSGQoWPIunSXh4AaABAg,Ugx7gRMSGQoWPIunSXh4AaABAg,UCivhdJ2CQeLK8tlG7Wh2BSQ,"Fetched 05/24/2026, 8:08:10 PM GMT+8"
33548,@mayvehn,11 days ago,❤❤❤ / INCMV / ❤❤❤ / Distrito ng Benguet / ❤❤❤ / Lokal ng Atok Gold / ❤❤❤,https://www.youtube.com/watch?v=ROa3kbG5M0U&lc=UgyhwaJeL2znvB8W9YV4AaABAg,UgyhwaJeL2znvB8W9YV4AaABAg,UCivhdJ2CQeLK8tlG7Wh2BSQ,"Fetched 05/24/2026, 8:08:10 PM GMT+8"
33549,@mayvehn,11 days ago,Habang hinihintay po ang oras ng pagsamba....Manonood po muna ng God's Love....❤❤❤ / mula po sa Lokal ng Atok Gold,https://www.youtube.com/watch?v=ROa3kbG5M0U&lc=UgwQjTd7bmfCYMZqZjF4AaABAg,UgwQjTd7bmfCYMZqZjF4AaABAg,UCivhdJ2CQeLK8tlG7Wh2BSQ,"Fetched 05/24/2026, 8:08:10 PM GMT+8"
33550,@SanJohnSicat,11 days ago,Hape viewing po mula po sa Lokal ng Aurora Hill Distrito ng Benguet...Sicat family❤❤❤,https://www.youtube.com/watch?v=ROa3kbG5M0U&lc=UgzqEU6PmFr9czFxqJd4AaABAg,UgzqEU6PmFr9czFxqJd4AaABAg,UCUb_nKBquscpgCrFXW1_vXQ,"Fetched 05/24/2026, 8:08:10 PM GMT+8"
33551,@sylverlubin4910,11 days ago,Let's go Benguet🍓🍓 Greetings from Local ng La trinidad  playing on repeat,https://www.youtube.com/watch?v=ROa3kbG5M0U&lc=UgyH9r6dgCKYJaXJ87J4AaABAg,UgyH9r6dgCKYJaXJ87J4AaABAg,UC2CbrvpFnO4Yq_QRkyOcp3A,"Fetched 05/24/2026, 8:08:10 PM GMT+8"
33552,@luibustamante9493,11 days ago,"Magandang Hapon po sa lahat ng kapatid, mga maytungkulin sa kagawaran ng Mang-aawit at mga Kadiwa 🤗🤗🤗 /  / Tuloy-tuloy po sana tayong lahat magstream at sumuporta sa INCMV Benguet's Entry na God's Love 🫶🫶 /  / -Lokal ng Tuba",https://www.youtube.com/watch?v=ROa3kbG5M0U&lc=UgyRtHcnPX1hckQ5uM54AaABAg,UgyRtHcnPX1hckQ5uM54AaABAg,UCFAmrhDmv6rvZrQoYp-IS9w,"Fetched 05/24/2026, 8:08:10 PM GMT+8"
33553,@Rhuvy-f3n,11 days ago,"full support / from local of Tuba,Benguet.",https://www.youtube.com/watch?v=ROa3kbG5M0U&lc=UgwB2kHOS9Z5JGnlLFB4AaABAg,UgwB2kHOS9Z5JGnlLFB4AaABAg,UC7ENaSn829WD44x8C1ersyA,"Fetched 05/24/2026, 8:08:10 PM GMT+8"
33554,@kristonleefuchigami3643,11 days ago,happy viewing mula po sa lokal ng quezon hill distrito ng benguet,https://www.youtube.com/watch?v=ROa3kbG5M0U&lc=UgyUU40icclUrej7XtZ4AaABAg,UgyUU40icclUrej7XtZ4AaABAg,UCOZ4eM5oab1qQPoV6luV52w,"Fetched 05/24/2026, 8:08:10 PM GMT+8"
33555,@aizelfuchigami842,11 days ago,Happy viewing po mula sa Lokal ng Quezon Hill Distrito ng Benguet. 🇮🇹❤️🎼🎵🎶,https://www.youtube.com/watch?v=ROa3kbG5M0U&lc=Ugy7vdkw1Dz34YY4W3R4AaABAg,Ugy7vdkw1Dz34YY4W3R4AaABAg,UCAxDQnCZxAvsB6YgYjSR1nQ,"Fetched 05/24/2026, 8:08:10 PM GMT+8"
33556,@boholhazeline05,11 days ago,"Magandang hapon po,,Full support po Lokal ng Baguio city",https://www.youtube.com/watch?v=ROa3kbG5M0U&lc=UgwXEewRrWRFG5hjo5x4AaABAg,UgwXEewRrWRFG5hjo5x4AaABAg,UCNxuEnfuDgIEBwBrpx_Pl3w,"Fetched 05/24/2026, 8:08:10 PM GMT+8"
33557,@DionisioDaniwis,11 days ago,Happy Viewing po Ambiong,https://www.youtube.com/watch?v=ROa3kbG5M0U&lc=Ugxo71f4e7b5jEyQIr14AaABAg.AWk3YOaOKCDAWk3p4gkK8S,Ugxo71f4e7b5jEyQIr14AaABAg.AWk3YOaOKCDAWk3p4gkK8S,UC81uwKgxJfh2fp26YMvmruA,"Fetched 05/24/2026, 8:08:10 PM GMT+8"
33558,@arwynjocelandal3675,11 days ago,Happy viewing pagbati mula po sa lokal ng bagiou city,https://www.youtube.com/watch?v=ROa3kbG5M0U&lc=UgyK0mKFpKaeNsWo7q14AaABAg,UgyK0mKFpKaeNsWo7q14AaABAg,UCkPhsOITnp6XRup0Brh_HEg,"Fetched 05/24/2026, 8:08:10 PM GMT+8"
33559,@KhateBoduan,11 days ago,BAGUIO CITY ON TOPP!!  / From Lokal ng BAGUIO CITYY 💚⚪❤,https://www.youtube.com/watch?v=ROa3kbG5M0U&lc=Ugy1Tjc3dBb5XBuwwsh4AaABAg,Ugy1Tjc3dBb5XBuwwsh4AaABAg,UCVEpPlN7Pummga4r7JogUnw,"Fetched 05/24/2026, 8:08:10 PM GMT+8"
33560,@boholhazeline05,11 days ago,"Magandang hapon po mga kapatid, pagbati po mula sa lokal ng baguio city",https://www.youtube.com/watch?v=ROa3kbG5M0U&lc=UgxW2ugg3QbB1KOxUNp4AaABAg,UgxW2ugg3QbB1KOxUNp4AaABAg,UCNxuEnfuDgIEBwBrpx_Pl3w,"Fetched 05/24/2026, 8:08:10 PM GMT+8"
33561,@winkdelarosa2397,11 days ago,Happy happy viewing po mga kabagis! Pagbati mula sa  Lokal ng La Trinidad!,https://www.youtube.com/watch?v=ROa3kbG5M0U&lc=UgzPFphRthlS6J0pw8t4AaABAg,UgzPFphRthlS6J0pw8t4AaABAg,UCcSUir_e5wTvoTFR6eQepyQ,"Fetched 05/24/2026, 8:08:10 PM GMT+8"
33562,@arwynjocelandal3675,11 days ago,Happy viewing pagbati mula po sa lokal ng Baguio city,https://www.youtube.com/watch?v=ROa3kbG5M0U&lc=UgzgEg_J0INHzNq_8VZ4AaABAg,UgzgEg_J0INHzNq_8VZ4AaABAg,UCkPhsOITnp6XRup0Brh_HEg,"Fetched 05/24/2026, 8:08:10 PM GMT+8"
33563,@KhateBoduan,11 days ago,Happy viewing from Lokal ng BAGUIO CITYY po🎉,https://www.youtube.com/watch?v=ROa3kbG5M0U&lc=UgxRyvLxeavI705MuOZ4AaABAg,UgxRyvLxeavI705MuOZ4AaABAg,UCVEpPlN7Pummga4r7JogUnw,"Fetched 05/24/2026, 8:08:10 PM GMT+8"
33564,@KhateBoduan,11 days ago,Happy watching from BAGUIO CITYY🎉💚⚪❤,https://www.youtube.com/watch?v=ROa3kbG5M0U&lc=Ugyy2CHaZ3KvTQ8BDYd4AaABAg,Ugyy2CHaZ3KvTQ8BDYd4AaABAg,UCVEpPlN7Pummga4r7JogUnw,"Fetched 05/24/2026, 8:08:10 PM GMT+8"
33565,@arwynjocelandal3675,11 days ago,happy watching from local ng bagiou city,https://www.youtube.com/watch?v=ROa3kbG5M0U&lc=UgzPrV_0g4jBzYs4KTV4AaABAg,UgzPrV_0g4jBzYs4KTV4AaABAg,UCkPhsOITnp6XRup0Brh_HEg,"Fetched 05/24/2026, 8:08:10 PM GMT+8"
33566,@boholhazeline05,11 days ago,Happy watching po pagbati mula sa lokal ng Baguio city😘,https://www.youtube.com/watch?v=ROa3kbG5M0U&lc=UgwW-bdqEv-uzh9xXeZ4AaABAg,UgwW-bdqEv-uzh9xXeZ4AaABAg,UCNxuEnfuDgIEBwBrpx_Pl3w,"Fetched 05/24/2026, 8:08:10 PM GMT+8"
33567,@mariloujucar3208,11 days ago,"Enjoy watching... From Taloy Sur Locale, District of Benguet...",https://www.youtube.com/watch?v=ROa3kbG5M0U&lc=UgyjAuFkBh8vnyqoCxR4AaABAg,UgyjAuFkBh8vnyqoCxR4AaABAg,UCMbn31xrNEnulUG5fdpH82w,"Fetched 05/24/2026, 8:08:10 PM GMT+8"
33568,@elle.1914,11 days ago,Greetings po from all KADIWA District Officers of Benguet! 💙,https://www.youtube.com/watch?v=ROa3kbG5M0U&lc=UgzK4k9S6qxh7JWlNwp4AaABAg,UgzK4k9S6qxh7JWlNwp4AaABAg,UCTpq1TVl2hklh10PE8QqVhw,"Fetched 05/24/2026, 8:08:10 PM GMT+8"
33569,@elle.1914,11 days ago,Happy viewing po from Lokal ng Gibraltar! 🤍,https://www.youtube.com/watch?v=ROa3kbG5M0U&lc=UgzT3fEskuUsqtUN4VV4AaABAg,UgzT3fEskuUsqtUN4VV4AaABAg,UCTpq1TVl2hklh10PE8QqVhw,"Fetched 05/24/2026, 8:08:10 PM GMT+8"
33570,@kristine7303,11 days ago,"Road to 20k na tayo! 💙💙 / Grabe ang suporta ng Benguet! Damang dama! /  / Happy viewing po sa lahat ng mga Taga-Marcos Highway, lahat ng KADIWA, at lahat ng nasa Kalihiman/Registry❤",https://www.youtube.com/watch?v=ROa3kbG5M0U&lc=Ugw2v2XJXHm_JXJhZwx4AaABAg,Ugw2v2XJXHm_JXJhZwx4AaABAg,UCJnlqat5vcPuV6GiDugaBnA,"Fetched 05/24/2026, 8:08:10 PM GMT+8"
33571,@henrycaranto2644,11 days ago,Shoutout po sa lahat ng kasama naming KADIWA DISTRICT OFFICERS na patuloy sa panonood at pag suporta sa  / Entry ng Benguet.❤🎉 /  / Mula po sa Lokal ng Baguio City❤,https://www.youtube.com/watch?v=ROa3kbG5M0U&lc=UgwiubOLCRlbN9hkiXF4AaABAg,UgwiubOLCRlbN9hkiXF4AaABAg,UCFilTOy22FklSkBIgwVPVaQ,"Fetched 05/24/2026, 8:08:10 PM GMT+8"
33572,@PELITANJennyClaireT,11 days ago,"Good pm po ulittt, happy viewing🎉. Let's go, Benguet.  Pagbati po mula sa Kapisanang Kadiwa, Lokal ng La Trinidad, Distrito ng Benguet 🥔🥔🥔",https://www.youtube.com/watch?v=ROa3kbG5M0U&lc=UgxVEKljzhya6xkdnLB4AaABAg,UgxVEKljzhya6xkdnLB4AaABAg,UCsVZgGkRnNqeIIOLxHiFR7A,"Fetched 05/24/2026, 8:08:10 PM GMT+8"
33573,@PELITANJennyClaireT,11 days ago,"Good pm po ulittt, happy viewing🎉. Let's go, Benguet.  Pagbati po mula sa Kapisanang Kadiwa, Lokal ng La Trinidad, Distrito ng Benguet 🥔🥔🥔",https://www.youtube.com/watch?v=ROa3kbG5M0U&lc=UgxXAlActFbe00qVohZ4AaABAg,UgxXAlActFbe00qVohZ4AaABAg,UCsVZgGkRnNqeIIOLxHiFR7A,"Fetched 05/24/2026, 8:08:10 PM GMT+8"
33574,@lanlani.eaaaahn,11 days ago,"Pagbati po mula sa Lokal ng La Trinidad!!!! Let’s go, Benguetttttt !!!!!",https://www.youtube.com/watch?v=ROa3kbG5M0U&lc=Ugw4E86cGLZMji35Se54AaABAg,Ugw4E86cGLZMji35Se54AaABAg,UCxRF5ldmYBJWNlgtayRoTHg,"Fetched 05/24/2026, 8:08:10 PM GMT+8"
33575,@johnreylucio8970,11 days ago,"Let's Go BENGUET,, Arivaahhh!! /  / Kadiwa / La Trinidad",https://www.youtube.com/watch?v=ROa3kbG5M0U&lc=UgxeXhM4PgF3wP2qcjl4AaABAg,UgxeXhM4PgF3wP2qcjl4AaABAg,UCNMupRD4ySrN336KZpy29OA,"Fetched 05/24/2026, 8:08:10 PM GMT+8"
33576,@gwynethcayabyab5981,11 days ago,Tuloy tuloy ang support po 🎉 / Mula sa kadiwa officers,https://www.youtube.com/watch?v=ROa3kbG5M0U&lc=Ugx8dRY7YttpNZ4OCiR4AaABAg,Ugx8dRY7YttpNZ4OCiR4AaABAg,UCouodNvhL1bfJC2Fz0B_Rcw,"Fetched 05/24/2026, 8:08:10 PM GMT+8"
33577,@jazz-m7b,11 days ago,"Happy viewing po, mula po sa lokal ng La Trinidad 🥦🐑🍓",https://www.youtube.com/watch?v=ROa3kbG5M0U&lc=UgxsW_Vw6HNCNebxset4AaABAg,UgxsW_Vw6HNCNebxset4AaABAg,UCNB-zyitm7U6Yt835DEKclA,"Fetched 05/24/2026, 8:08:10 PM GMT+8"
33578,@almazanrhyndylyn,11 days ago,Gooooo Bengueeeet. Running for Top 3 ❤❤❤. /  / From: Lokal ng Norcar and Benguet Kadiwa,https://www.youtube.com/watch?v=ROa3kbG5M0U&lc=Ugxd-XApKcGq3Bi61id4AaABAg,Ugxd-XApKcGq3Bi61id4AaABAg,UCEoQCNgytnJxjJnAQLSzFeA,"Fetched 05/24/2026, 8:08:10 PM GMT+8"
33579,@kimberlysarmiento1034,11 days ago,"“The great thing to remember is that though our feelings come and go, God’s love for us does not.” — C.S. Lewis /  / Let’s go Benguet /  / Greetings from locale of Tuba",https://www.youtube.com/watch?v=ROa3kbG5M0U&lc=Ugwlkt7jFlB18AZE_k14AaABAg,Ugwlkt7jFlB18AZE_k14AaABAg,UCds_RyKfMX7Xzg4PQRhf9NQ,"Fetched 05/24/2026, 8:08:10 PM GMT+8"
33580,@almazanrhyndylyn,11 days ago,A little bit more and abot na natin ang 20k.  /  / Yesssss naman Benguet.. So proud of our MV and to everyone who made it possible. A beautiful MV and a very meaningful one. /  / Love from the Local Congregation of Norcar and Benguet Kadiwa District Officers,https://www.youtube.com/watch?v=ROa3kbG5M0U&lc=UgzwGhyYLe6btjBzS7J4AaABAg,UgzwGhyYLe6btjBzS7J4AaABAg,UCEoQCNgytnJxjJnAQLSzFeA,"Fetched 05/24/2026, 8:08:10 PM GMT+8"
33581,@jonieyonga-an5239,11 days ago,Arangkada Benguettt!!!🎉 / Shout out sa mga masisipag nating MT's sa kadiwa at binhi!!🎉 /  / Mula Po sa Lokal Ng Norcar Distrito Ng Benguet 🎉,https://www.youtube.com/watch?v=ROa3kbG5M0U&lc=UgwdElKi1FiKiacs70d4AaABAg,UgwdElKi1FiKiacs70d4AaABAg,UCgUo3JP_Fffuctza4bUumJg,"Fetched 05/24/2026, 8:08:10 PM GMT+8"
33582,@AbegailBalolong,11 days ago,Go go goooooow...Todo natoooooooo BAGUIO CITY DISTRITO NG BENGUET 🇮🇹,https://www.youtube.com/watch?v=ROa3kbG5M0U&lc=UgxS77q5uIFypnD-bAp4AaABAg,UgxS77q5uIFypnD-bAp4AaABAg,UChiZf3rJgQqRwuAE-ZCS6UQ,"Fetched 05/24/2026, 8:08:10 PM GMT+8"
33583,@AbegailBalolong,11 days ago,Go go goooooow...Todo natoooooooo BAGUIO CITY DISTRITO NG BENGUET 🇮🇹,https://www.youtube.com/watch?v=ROa3kbG5M0U&lc=Ugw-RYAT61Jl4n2Q6GB4AaABAg,Ugw-RYAT61Jl4n2Q6GB4AaABAg,UChiZf3rJgQqRwuAE-ZCS6UQ,"Fetched 05/24/2026, 8:08:10 PM GMT+8"
33584,@AbegailBalolong,11 days ago,Go go goooooow...Todo natoooooo BAGUIO CITY DISTRITO NG BENGUET 🇮🇹,https://www.youtube.com/watch?v=ROa3kbG5M0U&lc=Ugy8bGR_lhYwdgXAwu54AaABAg,Ugy8bGR_lhYwdgXAwu54AaABAg,UChiZf3rJgQqRwuAE-ZCS6UQ,"Fetched 05/24/2026, 8:08:10 PM GMT+8"
33585,@PicUpload-h5z,11 days ago,Happy Viewing po from Baguio City 🇮🇹  /  / HAPPY BIRTHDAY PO KAY  @AbegailBalolong  🎉💗💗 /  / 🤟❤ILYpo,https://www.youtube.com/watch?v=ROa3kbG5M0U&lc=Ugy-qq7hsFokhk9t7Wd4AaABAg,Ugy-qq7hsFokhk9t7Wd4AaABAg,UCFHO2APppgKv3D9K_QV-JcA,"Fetched 05/24/2026, 8:08:10 PM GMT+8"
33586,@luibustamante9493,11 days ago,Magandang hapon po. Nandito parin po laging nakastream sa INCMV Benguet's Entry na God's Love.  /  / Kadiwa represents 🫡 /  / From Lokal ng Tuba,https://www.youtube.com/watch?v=ROa3kbG5M0U&lc=UgxLlPMrZHGDAgyoHeV4AaABAg,UgxLlPMrZHGDAgyoHeV4AaABAg,UCFAmrhDmv6rvZrQoYp-IS9w,"Fetched 05/24/2026, 8:08:10 PM GMT+8"
33587,@AbegailBalolong,11 days ago,Pagbati po mula po sa LOKAL NG BAGUIO CITY DISTRITO NG BENGUET 🇮🇹,https://www.youtube.com/watch?v=ROa3kbG5M0U&lc=UgyimV-tVDm1pvRtiJ14AaABAg,UgyimV-tVDm1pvRtiJ14AaABAg,UChiZf3rJgQqRwuAE-ZCS6UQ,"Fetched 05/24/2026, 8:08:10 PM GMT+8"
33588,@KaJaz-r3n,11 days ago,250 more view to go. Road to 20k. Wilmar the best dancer ng benguet! -sabihin ko daw hahahahhaha. Let's go Benguet! Shout out sa mga apaka supportive naming Kadiwa district officers.,https://www.youtube.com/watch?v=ROa3kbG5M0U&lc=UgzRTCGdZdcjtZTuYT94AaABAg,UgzRTCGdZdcjtZTuYT94AaABAg,UC4BTg4L19kJ77hFPPBce71g,"Fetched 05/24/2026, 8:08:10 PM GMT+8"
33589,@PHEBIE-f7h,11 days ago,"From LOKAL NG ATOKGOLD, supporting Benguet District's entry for INCMV AWARDS. / GO GO GO BENGUET ❤",https://www.youtube.com/watch?v=ROa3kbG5M0U&lc=UgybIxVATmdwzjrpIu14AaABAg,UgybIxVATmdwzjrpIu14AaABAg,UCNkJMMXP19AJSsNov8Fp3Ag,"Fetched 05/24/2026, 8:08:10 PM GMT+8"
33590,@AbegailBalolong,11 days ago,Enjoy watching po from LOCAL NG BAGUIO CITY DISTRICT OF BENGUET 🇮🇹,https://www.youtube.com/watch?v=ROa3kbG5M0U&lc=Ugy1L130CXf4rIR9yLd4AaABAg,Ugy1L130CXf4rIR9yLd4AaABAg,UChiZf3rJgQqRwuAE-ZCS6UQ,"Fetched 05/24/2026, 8:08:10 PM GMT+8"
33591,@AbegailBalolong,11 days ago,Haloooooo po sa mga kalihim ng BAGUIO CITY DISTRICT OF BENGUET 🇮🇹,https://www.youtube.com/watch?v=ROa3kbG5M0U&lc=UgxlV0crvMsJe1j5Nr94AaABAg,UgxlV0crvMsJe1j5Nr94AaABAg,UChiZf3rJgQqRwuAE-ZCS6UQ,"Fetched 05/24/2026, 8:08:10 PM GMT+8"
33592,@AbegailBalolong,11 days ago,Fight fight fiiiiiiiiight LOCAL NG BAGUIO CITY DISTRICT OF BENGUET 🇮🇹,https://www.youtube.com/watch?v=ROa3kbG5M0U&lc=UgyB7pZhyaKRprk_VVF4AaABAg,UgyB7pZhyaKRprk_VVF4AaABAg,UChiZf3rJgQqRwuAE-ZCS6UQ,"Fetched 05/24/2026, 8:08:10 PM GMT+8"
33593,@AbegailBalolong,11 days ago,Goooooo BAGUIO CITY DISTRICT OF BENGUET 🇮🇹,https://www.youtube.com/watch?v=ROa3kbG5M0U&lc=UgyqTq7KMG--efe6dZ14AaABAg,UgyqTq7KMG--efe6dZ14AaABAg,UChiZf3rJgQqRwuAE-ZCS6UQ,"Fetched 05/24/2026, 8:08:10 PM GMT+8"
33594,@gelomckoy,11 days ago,"Supporting from Lokal ng Kias, Distrito ng Benguet ❤️🇮🇹",https://www.youtube.com/watch?v=ROa3kbG5M0U&lc=UgwoO1Nyl3Ji45H3jJl4AaABAg,UgwoO1Nyl3Ji45H3jJl4AaABAg,UCUgqh29eBks1ptAHZUQb7qg,"Fetched 05/24/2026, 8:08:10 PM GMT+8"
33595,@AbegailBalolong,11 days ago,Good afternoon po mula po sa LOKAL NG BAGUIO CITY DISTRITO NG BENGUET 🇮🇹,https://www.youtube.com/watch?v=ROa3kbG5M0U&lc=UgwJ34XbH05kl437rcl4AaABAg,UgwJ34XbH05kl437rcl4AaABAg,UChiZf3rJgQqRwuAE-ZCS6UQ,"Fetched 05/24/2026, 8:08:10 PM GMT+8"
33596,@Lily00w4,11 days ago,GO BENGUET!! ❤ /  / Greetings po from lokal ng La Trinidad 😊,https://www.youtube.com/watch?v=ROa3kbG5M0U&lc=UgwerQf-gMzph-BlfNB4AaABAg,UgwerQf-gMzph-BlfNB4AaABAg,UCHl8Pldv8Fblg_vCsH_o5Vg,"Fetched 05/24/2026, 8:08:10 PM GMT+8"
33597,@elaizaveniceantonio8756,11 days ago,happy viewing po mula po sa lokal ng Baguio City !,https://www.youtube.com/watch?v=ROa3kbG5M0U&lc=Ugy8xrK9hFfx7Tv6b-R4AaABAg,Ugy8xrK9hFfx7Tv6b-R4AaABAg,UCWG0uMJfrHKBymnZPaLYV8w,"Fetched 05/24/2026, 8:08:10 PM GMT+8"
33598,@winkdelarosa2397,11 days ago,Gud afternoon po mga Kapatid! /  / Watching from Lokal ng La Trinidad and Benguet KDO with love and support~🫶,https://www.youtube.com/watch?v=ROa3kbG5M0U&lc=Ugzk9QnCV2TlMAQpORt4AaABAg,Ugzk9QnCV2TlMAQpORt4AaABAg,UCcSUir_e5wTvoTFR6eQepyQ,"Fetched 05/24/2026, 8:08:10 PM GMT+8"
33599,@Julskie28,11 days ago,Let's Go Benguet 🍓 🎉 /  / Hello mga kadiwa pauloy sa panonood /  / From lokal ng guisad,https://www.youtube.com/watch?v=ROa3kbG5M0U&lc=UgzThw3RISaKrk_LzCt4AaABAg,UgzThw3RISaKrk_LzCt4AaABAg,UC1nz0UiWHV8lyoQdZtJejeg,"Fetched 05/24/2026, 8:08:10 PM GMT+8"
33600,@PELITANJennyClaireT,11 days ago,"Good post meridiem po kabagises. Happy viewing, still. Greetings from Kapisanang Kadiwa, Lokal ng La Trinidad, Distrito ng Benguet (Let's go, Benguet 🥳)",https://www.youtube.com/watch?v=ROa3kbG5M0U&lc=UgzNf4jximnRdLP_mgh4AaABAg,UgzNf4jximnRdLP_mgh4AaABAg,UCsVZgGkRnNqeIIOLxHiFR7A,"Fetched 05/24/2026, 8:08:10 PM GMT+8"
33601,@PHEBIE-f7h,11 days ago,Streaming here from Lokal po ng AtokGold,https://www.youtube.com/watch?v=ROa3kbG5M0U&lc=UgxMnLUJxdKWlQDoPOJ4AaABAg,UgxMnLUJxdKWlQDoPOJ4AaABAg,UCNkJMMXP19AJSsNov8Fp3Ag,"Fetched 05/24/2026, 8:08:10 PM GMT+8"
33602,@NorbertoMislang-k1f,11 days ago,Go for 4rth Benguet -Baguio City,https://www.youtube.com/watch?v=ROa3kbG5M0U&lc=Ugza-L6SO4KMj7XdpaB4AaABAg,Ugza-L6SO4KMj7XdpaB4AaABAg,UCHrMwbP6cIZPIlWf5nvI8dA,"Fetched 05/24/2026, 8:08:10 PM GMT+8"
33603,@kristine7303,11 days ago,"Let's Go Benguet! 🎉🎉 /  / Happy Viewing po from Lokal ng Marcos Highway, KADIWA officer ❤",https://www.youtube.com/watch?v=ROa3kbG5M0U&lc=Ugzx2fJv0nKtWwejzIp4AaABAg,Ugzx2fJv0nKtWwejzIp4AaABAg,UCJnlqat5vcPuV6GiDugaBnA,"Fetched 05/24/2026, 8:08:10 PM GMT+8"
33604,@carmencitacariazo1074,11 days ago,"Hello po maligayang panonood ! mula po dito sa Lokal ng Irisan, Distrito ng Benguet❤ shout out sa aming destinado Kapatid na Salvador Rulloda!",https://www.youtube.com/watch?v=ROa3kbG5M0U&lc=UgxbHA1O33iO2AEiVRd4AaABAg,UgxbHA1O33iO2AEiVRd4AaABAg,UCbnUDokwq5YmijSnowovKUg,"Fetched 05/24/2026, 8:08:10 PM GMT+8"
33605,@klienmartingonzales9861,11 days ago,"Masmaganda kaysa magscroll ng reels. Greetings from Lokal ng La Trinidad, Distrito ng Benguet",https://www.youtube.com/watch?v=ROa3kbG5M0U&lc=Ugxxl_zSXwoV3yp02Mp4AaABAg,Ugxxl_zSXwoV3yp02Mp4AaABAg,UCIJSXffobfJsAIrn8hdp5ig,"Fetched 05/24/2026, 8:08:10 PM GMT+8"
33606,@jonieyonga-an5239,11 days ago,Magandang hapon mga kapatid!!🎉 /  / Nood Muna Bago gumayak para sa tupad🎉 /  / Pagbati Po sa mga kasamahan sa kadiwa jan🎉 / Mula Po sa lokal Ng Norcar Distrito Ng Benguet 🎉🎉,https://www.youtube.com/watch?v=ROa3kbG5M0U&lc=UgwtLiQ3GuI3D2PMPYt4AaABAg,UgwtLiQ3GuI3D2PMPYt4AaABAg,UCgUo3JP_Fffuctza4bUumJg,"Fetched 05/24/2026, 8:08:10 PM GMT+8"
33607,@BnHydn,11 days ago,A blessing afternoon brethren! Happy viewing ❤❤ Mula po sa lokal ng La Trinidad,https://www.youtube.com/watch?v=ROa3kbG5M0U&lc=Ugxn0KFqasw3wXqWdPV4AaABAg,Ugxn0KFqasw3wXqWdPV4AaABAg,UCbVqbfs9vjTS-hPNArDNcFQ,"Fetched 05/24/2026, 8:08:10 PM GMT+8"
33608,@Rhuvy-f3n,11 days ago,"Magandang hapon sa lahat / lokal of Tuba,Benguet.",https://www.youtube.com/watch?v=ROa3kbG5M0U&lc=UgyrpapmVezs5DosutR4AaABAg,UgyrpapmVezs5DosutR4AaABAg,UC7ENaSn829WD44x8C1ersyA,"Fetched 05/24/2026, 8:08:10 PM GMT+8"
33609,@carmencitacariazo1074,11 days ago,"Hello po watching from  Lokal ng Irisan, Distrito ng  Benguet ❤",https://www.youtube.com/watch?v=ROa3kbG5M0U&lc=UgwkTz-NlEHtm0Tftnl4AaABAg,UgwkTz-NlEHtm0Tftnl4AaABAg,UCbnUDokwq5YmijSnowovKUg,"Fetched 05/24/2026, 8:08:10 PM GMT+8"
33610,@lanlani.eaaaahn,11 days ago,"Go go go, Benguetttttt!!!! Support mula sa Lokal ng La Trinidad!!! ❤❤",https://www.youtube.com/watch?v=ROa3kbG5M0U&lc=Ugyu1xUkgBkxmgKu4cp4AaABAg,Ugyu1xUkgBkxmgKu4cp4AaABAg,UCxRF5ldmYBJWNlgtayRoTHg,"Fetched 05/24/2026, 8:08:10 PM GMT+8"
33611,@Michael-w8j8v,11 days ago,"Happy Viewing po, mula po sa lokal ng City Camp .",https://www.youtube.com/watch?v=ROa3kbG5M0U&lc=Ugw65OlCsZnu2VXB_JZ4AaABAg,Ugw65OlCsZnu2VXB_JZ4AaABAg,UCfhuQZhT9DsqVKNCoKhqvPg,"Fetched 05/24/2026, 8:08:10 PM GMT+8"
33612,@gwynethcayabyab5981,11 days ago,Happy meryenda po  sa lahat happy viewing po🎉 / -kadiwa officers,https://www.youtube.com/watch?v=ROa3kbG5M0U&lc=UgzWcUj3VziXg2-Zq_R4AaABAg,UgzWcUj3VziXg2-Zq_R4AaABAg,UCouodNvhL1bfJC2Fz0B_Rcw,"Fetched 05/24/2026, 8:08:10 PM GMT+8"
33613,@almazanrhyndylyn,11 days ago,Malapit na po bang makabisa? Katunayang ilang beses ng napakinggan😅. /  / Ganun pa man patuloy po sa pakikinig hanggang sa maisapuso po ang kanta.  /  / Mula po sa Lokal ng Norcar / ❤❤Kapisanang Kadiwa,https://www.youtube.com/watch?v=ROa3kbG5M0U&lc=Ugz4l6ZiAuPLb27nzU14AaABAg,Ugz4l6ZiAuPLb27nzU14AaABAg,UCEoQCNgytnJxjJnAQLSzFeA,"Fetched 05/24/2026, 8:08:10 PM GMT+8"
33614,@jazz-m7b,11 days ago,Magandang hapon po sa inyong lahat mga kapatid 🌸  /  / Patuloy po ang aming pag suporta mula sa lokal ng La Trinidad 🎉 /  / Let's go BENGUET 🍓,https://www.youtube.com/watch?v=ROa3kbG5M0U&lc=Ugy2U8U8usVz-ca985V4AaABAg,Ugy2U8U8usVz-ca985V4AaABAg,UCNB-zyitm7U6Yt835DEKclA,"Fetched 05/24/2026, 8:08:10 PM GMT+8"
33615,@rejomartayaban,11 days ago,"Happy afternoon viewing po sa lahat, pagbati po mula sa kapisanang kadiwa sa lokal ng La Trinidad",https://www.youtube.com/watch?v=ROa3kbG5M0U&lc=UgwdrCqnrVpf63ZM9E14AaABAg,UgwdrCqnrVpf63ZM9E14AaABAg,UCi7RYRPFL6HTFaScpYFJMJQ,"Fetched 05/24/2026, 8:08:10 PM GMT+8"
33616,@sylverlubin4910,11 days ago,Full support for Benguet district  greetings from local ng La trinidad &DMT-Benguet ang ganda ng production 🎉🎉❤❤,https://www.youtube.com/watch?v=ROa3kbG5M0U&lc=Ugy6Z9CgHG9jUcxI4VB4AaABAg,Ugy6Z9CgHG9jUcxI4VB4AaABAg,UC2CbrvpFnO4Yq_QRkyOcp3A,"Fetched 05/24/2026, 8:08:10 PM GMT+8"
33617,@mayvehn,11 days ago,Magandang hapon po mula po sa Lokal ng Atok Gold,https://www.youtube.com/watch?v=ROa3kbG5M0U&lc=UgzNBPngJYHzlotIm6Z4AaABAg,UgzNBPngJYHzlotIm6Z4AaABAg,UCivhdJ2CQeLK8tlG7Wh2BSQ,"Fetched 05/24/2026, 8:08:10 PM GMT+8"
33618,@axeliee-m5u,11 days ago,Let's goo Benguet! 🥦🐑🍓 /  /  /  / Binabati po namin ang aming Destinado at sa lahat ng may tungkulin sa Lokal ng La Trinidad 🥀,https://www.youtube.com/watch?v=ROa3kbG5M0U&lc=Ugy459v8ICelrUI3Aud4AaABAg,Ugy459v8ICelrUI3Aud4AaABAg,UCxjmGS0yLlCMs4Fe-AqbHFw,"Fetched 05/24/2026, 8:08:10 PM GMT+8"
33619,@kimberlysarmiento1034,11 days ago,"God’s love is not based on who you are, but on who He is. /  / Rewatching from locale of Tuba❤",https://www.youtube.com/watch?v=ROa3kbG5M0U&lc=UgwUL6O_HnvRV3pHtMN4AaABAg,UgwUL6O_HnvRV3pHtMN4AaABAg,UCds_RyKfMX7Xzg4PQRhf9NQ,"Fetched 05/24/2026, 8:08:10 PM GMT+8"
33620,@henrycaranto2644,11 days ago,Break time na 🎉 / Mag INCMV Benguet Entry na❤🎉 /  / Shoutout sa lahat ng KADIWA District Officers ng BENGUET /  / From lokal ng Baguio City❤,https://www.youtube.com/watch?v=ROa3kbG5M0U&lc=Ugy32VA1d0WFW7kGIdl4AaABAg,Ugy32VA1d0WFW7kGIdl4AaABAg,UCFilTOy22FklSkBIgwVPVaQ,"Fetched 05/24/2026, 8:08:10 PM GMT+8"
33621,@johnreylucio8970,11 days ago,"Good Afternoon po,, Still Happy To watch it, /  / -La Trinidad / -Kadiwa",https://www.youtube.com/watch?v=ROa3kbG5M0U&lc=UgxvNDz7KJ3uP16o-9l4AaABAg,UgxvNDz7KJ3uP16o-9l4AaABAg,UCNMupRD4ySrN336KZpy29OA,"Fetched 05/24/2026, 8:08:10 PM GMT+8"
33622,@luibustamante9493,11 days ago,Let's Go Benguet🎉🍓 /  / Stream muna bago magmeryenda  /  / Shoutout po sa mga Kadiwa at Binhi District Officers /  / -Lokal ng Tuba,https://www.youtube.com/watch?v=ROa3kbG5M0U&lc=UgwR3d1pr64Z_pQW9Xd4AaABAg,UgwR3d1pr64Z_pQW9Xd4AaABAg,UCFAmrhDmv6rvZrQoYp-IS9w,"Fetched 05/24/2026, 8:08:10 PM GMT+8"
33623,@JonnerGuilod-ye5rs,11 days ago,Magandang Hapon po watching from Lokal ng Baguio City! /  /  / Let's Go Kadiwa District Officers!,https://www.youtube.com/watch?v=ROa3kbG5M0U&lc=Ugy9_tn0CqGF9NhScwJ4AaABAg,Ugy9_tn0CqGF9NhScwJ4AaABAg,UCqAZvKcFKWAYBEWjNAhZEZw,"Fetched 05/24/2026, 8:08:10 PM GMT+8"
33624,@JonnerGuilod-ye5rs,11 days ago,Magandang Hapon po watching from Lokal ng Baguio City! /  /  / Full Support po ang mga Binhi District Officers sa INCMV ng Distrito ng Benguet!,https://www.youtube.com/watch?v=ROa3kbG5M0U&lc=Ugx4A5_xpNdbpvjaDgR4AaABAg,Ugx4A5_xpNdbpvjaDgR4AaABAg,UCqAZvKcFKWAYBEWjNAhZEZw,"Fetched 05/24/2026, 8:08:10 PM GMT+8"
33625,@JonnerGuilod-ye5rs,11 days ago,Let's Go Kadiwa and Binhi ng Distrito ng Benguet! /  / -Lokal ng Baguio City,https://www.youtube.com/watch?v=ROa3kbG5M0U&lc=UgzV7QB96OxXwrzLXgJ4AaABAg,UgzV7QB96OxXwrzLXgJ4AaABAg,UCqAZvKcFKWAYBEWjNAhZEZw,"Fetched 05/24/2026, 8:08:10 PM GMT+8"
33626,@jonieyonga-an5239,11 days ago,"Let's gooo Benguettt!! / Kape parin sa hapon mga kapatid HAHAH🎉🎉 /  / Enjoy Po sa panonood,  / Pagbati Po sa mga Kadiwa Binhi  /  / Mula Po sa lokal Ng Norcar Distrito Ng Benguet 🎉🎉",https://www.youtube.com/watch?v=ROa3kbG5M0U&lc=UgzOE0dvWjLTNeOLIeJ4AaABAg,UgzOE0dvWjLTNeOLIeJ4AaABAg,UCgUo3JP_Fffuctza4bUumJg,"Fetched 05/24/2026, 8:08:10 PM GMT+8"
33627,@BnHydn_2,11 days ago,Happy viewing mga kapatid 💚🤍♥️  / -Lokal ng La Trinidad,https://www.youtube.com/watch?v=ROa3kbG5M0U&lc=Ugy01Sj8QEodqvxny7d4AaABAg,Ugy01Sj8QEodqvxny7d4AaABAg,UCFiIuFtStNyId62JOmMovbw,"Fetched 05/24/2026, 8:08:10 PM GMT+8"
33628,@tayabanrt,11 days ago,"Galing ng production team ng BENGUET, hindi nakakasawang panuorin ang MV. /  / Let's go BENGUET! Supporting from La Trinidad.",https://www.youtube.com/watch?v=ROa3kbG5M0U&lc=UgzAIs_fXIZXwcjBX7d4AaABAg,UgzAIs_fXIZXwcjBX7d4AaABAg,UCCpOKu7HxJqnWctZ5fG9DZg,"Fetched 05/24/2026, 8:08:10 PM GMT+8"
33629,@kristine7303,11 days ago,Benguet for the Top 💪🏻 / Continuous and full support pa rin mga KADIWA 🎉🎉 / - from Lokal ng Marcos Highway,https://www.youtube.com/watch?v=ROa3kbG5M0U&lc=UgwjTXpH6Tr5X9W1gGR4AaABAg,UgwjTXpH6Tr5X9W1gGR4AaABAg,UCJnlqat5vcPuV6GiDugaBnA,"Fetched 05/24/2026, 8:08:10 PM GMT+8"
33630,@KaJaz-r3n,11 days ago,LET'S GO BENGUEEET! ROAD TO 20K.. Go supportive kadiwa and binhiii,https://www.youtube.com/watch?v=ROa3kbG5M0U&lc=UgyQvjbcDkrhqyx9nst4AaABAg,UgyQvjbcDkrhqyx9nst4AaABAg,UC4BTg4L19kJ77hFPPBce71g,"Fetched 05/24/2026, 8:08:10 PM GMT+8"
33631,@winkdelarosa2397,11 days ago,Watching on repeat from lokal ng La Trinidad~ /  / Let's go BENGUET!🍓,https://www.youtube.com/watch?v=ROa3kbG5M0U&lc=Ugy0RhrQpEUoVCnEAlB4AaABAg,Ugy0RhrQpEUoVCnEAlB4AaABAg,UCcSUir_e5wTvoTFR6eQepyQ,"Fetched 05/24/2026, 8:08:10 PM GMT+8"
33632,@gwynethcayabyab5981,11 days ago,"Enjoy watching po mga kapatid, mula po sa Lokal ng Megaroyale Village. Kadiwa officers",https://www.youtube.com/watch?v=ROa3kbG5M0U&lc=UgxRhk7Ks5a27a3hZAR4AaABAg,UgxRhk7Ks5a27a3hZAR4AaABAg,UCouodNvhL1bfJC2Fz0B_Rcw,"Fetched 05/24/2026, 8:08:10 PM GMT+8"
33633,@BnHydn_2,11 days ago,Lokal ng La Trinidad is always right here to support 💚🤍♥️,https://www.youtube.com/watch?v=ROa3kbG5M0U&lc=UgzhsLnue4czkHHRhst4AaABAg,UgzhsLnue4czkHHRhst4AaABAg,UCFiIuFtStNyId62JOmMovbw,"Fetched 05/24/2026, 8:08:10 PM GMT+8"
33634,@BnHydn_2,11 days ago,Benguet number ☝️ / -lokal ng La Trinidad,https://www.youtube.com/watch?v=ROa3kbG5M0U&lc=UgwK6o-WSdyeO5QJYVB4AaABAg,UgwK6o-WSdyeO5QJYVB4AaABAg,UCFiIuFtStNyId62JOmMovbw,"Fetched 05/24/2026, 8:08:10 PM GMT+8"
33635,@BnHydn_2,11 days ago,Good afternoon to all watching  / -Lokal ng La Trinidad,https://www.youtube.com/watch?v=ROa3kbG5M0U&lc=UgyQP7Ftba4FbsTwaD54AaABAg,UgyQP7Ftba4FbsTwaD54AaABAg,UCFiIuFtStNyId62JOmMovbw,"Fetched 05/24/2026, 8:08:10 PM GMT+8"
33636,@Kris-t2c3w,11 days ago,"Blessed day po sa lahat ng manonood, happy viewing po from Lokal ng La Trinidad ❤❤❤",https://www.youtube.com/watch?v=ROa3kbG5M0U&lc=UgxMyv3g1mS-636XTuh4AaABAg,UgxMyv3g1mS-636XTuh4AaABAg,UC2lYdlqDj3_tl0-uR11174A,"Fetched 05/24/2026, 8:08:10 PM GMT+8"
33637,@BnHydn_2,11 days ago,♥️Let's go Benguet ♥️ / 💚 Lokal ng La Trinidad 💚 /  / Happy viewing po,https://www.youtube.com/watch?v=ROa3kbG5M0U&lc=Ugzxp7f8cZH7W94oRsB4AaABAg,Ugzxp7f8cZH7W94oRsB4AaABAg,UCFiIuFtStNyId62JOmMovbw,"Fetched 05/24/2026, 8:08:10 PM GMT+8"
33638,@PELITANJennyClaireT,11 days ago,"Mayat ay masdem kakabsattt :)). Naragsak ay panagbuya kasinn. Let's go, Benguet.  / - Kadiwa, La Trinidad, Benguet",https://www.youtube.com/watch?v=ROa3kbG5M0U&lc=UgwnCGUwRD_U3vWDwvB4AaABAg,UgwnCGUwRD_U3vWDwvB4AaABAg,UCsVZgGkRnNqeIIOLxHiFR7A,"Fetched 05/24/2026, 8:08:10 PM GMT+8"
33639,@JonnerGuilod-ye5rs,11 days ago,Magandang Hapon po! / -Lokal ng Baguio City,https://www.youtube.com/watch?v=ROa3kbG5M0U&lc=Ugz3zcrHd83QkM76aXx4AaABAg,Ugz3zcrHd83QkM76aXx4AaABAg,UCqAZvKcFKWAYBEWjNAhZEZw,"Fetched 05/24/2026, 8:08:10 PM GMT+8"
33640,@JonnerGuilod-ye5rs,11 days ago,Lokal ng Baguio City tuloy tuloy lang sa Support sa INCMV ng ating Distrito! /  / -Lokal ng Baguio City,https://www.youtube.com/watch?v=ROa3kbG5M0U&lc=Ugy1W6gmOZ4YmfCaHrd4AaABAg,Ugy1W6gmOZ4YmfCaHrd4AaABAg,UCqAZvKcFKWAYBEWjNAhZEZw,"Fetched 05/24/2026, 8:08:10 PM GMT+8"
33641,@JonnerGuilod-ye5rs,11 days ago,Shout out po sa mga PD po namin sa Lokal ng Baguio City! /  / -Lokal ng Baguio City,https://www.youtube.com/watch?v=ROa3kbG5M0U&lc=Ugw9qSc_PrsXSaxUayZ4AaABAg,Ugw9qSc_PrsXSaxUayZ4AaABAg,UCqAZvKcFKWAYBEWjNAhZEZw,"Fetched 05/24/2026, 8:08:10 PM GMT+8"
33642,@PHEBIE-f7h,11 days ago,Magandang hapon po to all brethren. Magandang hapon po  @joy-d3n4u . / From the locale congregation of AtokGold,https://www.youtube.com/watch?v=ROa3kbG5M0U&lc=UgwB-_SYRbvhWDkGOmp4AaABAg,UgwB-_SYRbvhWDkGOmp4AaABAg,UCNkJMMXP19AJSsNov8Fp3Ag,"Fetched 05/24/2026, 8:08:10 PM GMT+8"
33643,@JonnerGuilod-ye5rs,11 days ago,"Shout out po sa Pangulong Binhi ng Distrito ng Benguet Ka. Lhexie Lynn Z. Tindo,na napaka sipag! /  / -Lokal ng Baguio City",https://www.youtube.com/watch?v=ROa3kbG5M0U&lc=Ugyts4gxIYmMVAJWk5B4AaABAg,Ugyts4gxIYmMVAJWk5B4AaABAg,UCqAZvKcFKWAYBEWjNAhZEZw,"Fetched 05/24/2026, 8:08:10 PM GMT+8"
33644,@mayvehn,11 days ago,Hello po👋👋👋 / Happy watching po / mula sa Lokal ng Atok Gold,https://www.youtube.com/watch?v=ROa3kbG5M0U&lc=UgwQ2jtwZx4zPIPMEil4AaABAg,UgwQ2jtwZx4zPIPMEil4AaABAg,UCivhdJ2CQeLK8tlG7Wh2BSQ,"Fetched 05/24/2026, 8:08:10 PM GMT+8"
33645,@joy-d3n4u,11 days ago,Magandang hapon po / mula po sa Lokal ng Atok Gold,https://www.youtube.com/watch?v=ROa3kbG5M0U&lc=UgymLD-sk95f3apHhLh4AaABAg,UgymLD-sk95f3apHhLh4AaABAg,UCdSHn503pqXwdsqmLKce88g,"Fetched 05/24/2026, 8:08:10 PM GMT+8"
33646,@JonnerGuilod-ye5rs,11 days ago,Shout out po sa Pangulong Kadiwa ng Distrito ng Benguet na nakapa supportive Ka. Henry Caranto! /  / -Lokal ng Baguio City,https://www.youtube.com/watch?v=ROa3kbG5M0U&lc=UgzpoM3lBk8NkABEy5t4AaABAg,UgzpoM3lBk8NkABEy5t4AaABAg,UCqAZvKcFKWAYBEWjNAhZEZw,"Fetched 05/24/2026, 8:08:10 PM GMT+8"
33647,@PHEBIE-f7h,11 days ago,Patuloy pong nakikipagkaisa sa pagsupporta mula sa Lokal ng AtokGold. /  / GO BENGUET!,https://www.youtube.com/watch?v=ROa3kbG5M0U&lc=UgxXnr6YwqbPHsNEj1F4AaABAg,UgxXnr6YwqbPHsNEj1F4AaABAg,UCNkJMMXP19AJSsNov8Fp3Ag,"Fetched 05/24/2026, 8:08:10 PM GMT+8"
33648,@JonnerGuilod-ye5rs,11 days ago,Shout out po mga TSV sa Lokal ng Baguio City! /  / -Lokal ng Baguio City,https://www.youtube.com/watch?v=ROa3kbG5M0U&lc=Ugxs_BcyR9xigYF0Gop4AaABAg,Ugxs_BcyR9xigYF0Gop4AaABAg,UCqAZvKcFKWAYBEWjNAhZEZw,"Fetched 05/24/2026, 8:08:10 PM GMT+8"
33649,@JonnerGuilod-ye5rs,11 days ago,Shout out po kay Ka. Eliza Antonio na masiglang maytungkulin sa Lokal ng Baguio City! /  / -Lokal ng Baguio City,https://www.youtube.com/watch?v=ROa3kbG5M0U&lc=UgzZhOV8fbD4XQDlprJ4AaABAg,UgzZhOV8fbD4XQDlprJ4AaABAg,UCqAZvKcFKWAYBEWjNAhZEZw,"Fetched 05/24/2026, 8:08:10 PM GMT+8"
33650,@juliansicmaten4936,11 days ago,"Mula po sa local ng atok gold,  binabati q ang lahat ng mga kapatid..",https://www.youtube.com/watch?v=ROa3kbG5M0U&lc=UgyVQ6QpQLPukgAQ1ud4AaABAg,UgyVQ6QpQLPukgAQ1ud4AaABAg,UCJaCCnvNXDW3QqufbXJYLog,"Fetched 05/24/2026, 8:08:10 PM GMT+8"
33651,@JonnerGuilod-ye5rs,11 days ago,Benguet 🔛🔝 /  / -Lokal ng Baguio City,https://www.youtube.com/watch?v=ROa3kbG5M0U&lc=UgxNTneNC5PTqI024f14AaABAg,UgxNTneNC5PTqI024f14AaABAg,UCqAZvKcFKWAYBEWjNAhZEZw,"Fetched 05/24/2026, 8:08:10 PM GMT+8"
33652,@JonnerGuilod-ye5rs,11 days ago,Shout out po sa Pangulong Kalihim ng Lokal ng Baguio City Ka. Daisy Castaneda! /  / -Lokal ng Baguio City,https://www.youtube.com/watch?v=ROa3kbG5M0U&lc=UgyunH-e1A8LA3c-gZZ4AaABAg,UgyunH-e1A8LA3c-gZZ4AaABAg,UCqAZvKcFKWAYBEWjNAhZEZw,"Fetched 05/24/2026, 8:08:10 PM GMT+8"
33653,@CasseySGonzales,11 days ago,Happy Viewing po mga kapatid🐑  from Lokal ng La Trinidad Distrito ng Benguet🍓  / Binabati ko rin po ang Destinado at ang mga nasa Kapisanang Binhi🌱ng La Trinidad,https://www.youtube.com/watch?v=ROa3kbG5M0U&lc=UgzhMp6kWuB_cEtU-s14AaABAg,UgzhMp6kWuB_cEtU-s14AaABAg,UCZ_1zJtZfWs6L_NdfNJCvtQ,"Fetched 05/24/2026, 8:08:10 PM GMT+8"
33654,@PHEBIE-f7h,11 days ago,Watching po dito sa Lokal ng AtokGold,https://www.youtube.com/watch?v=ROa3kbG5M0U&lc=UgyHfQOgxBFvOjRw0Ip4AaABAg,UgyHfQOgxBFvOjRw0Ip4AaABAg,UCNkJMMXP19AJSsNov8Fp3Ag,"Fetched 05/24/2026, 8:08:10 PM GMT+8"
33655,@JonnerGuilod-ye5rs,11 days ago,Shout out po sa Pangulong Pananalapi ng Lokal ng Baguio City Ka. Jane Ngo! /  / -Lokal ng Baguio City!,https://www.youtube.com/watch?v=ROa3kbG5M0U&lc=UgylYd06IL0ld8rli9d4AaABAg,UgylYd06IL0ld8rli9d4AaABAg,UCqAZvKcFKWAYBEWjNAhZEZw,"Fetched 05/24/2026, 8:08:10 PM GMT+8"
33656,@axeliee-m5u,11 days ago,Magandang Haponn po everyone 🫂 / still supporting po from Lokal ng La Trinidad 🥦🐑🍓,https://www.youtube.com/watch?v=ROa3kbG5M0U&lc=UgwvFeQSKyFTl49ZbRl4AaABAg,UgwvFeQSKyFTl49ZbRl4AaABAg,UCxjmGS0yLlCMs4Fe-AqbHFw,"Fetched 05/24/2026, 8:08:10 PM GMT+8"
33657,@JonnerGuilod-ye5rs,11 days ago,Shout out po sa Pangulong Kadiwa ng Baguio City Ka. Daniel Sangalang! /  / -Lokal ng Baguio City,https://www.youtube.com/watch?v=ROa3kbG5M0U&lc=Ugy5GbVB3ylT2uiv7Nl4AaABAg,Ugy5GbVB3ylT2uiv7Nl4AaABAg,UCqAZvKcFKWAYBEWjNAhZEZw,"Fetched 05/24/2026, 8:08:10 PM GMT+8"
33658,@lanlani.eaaaahn,11 days ago,"Let’s go, Benguettttttt!!!! Patuloy po tayong sumuporta, mga kapatid!!!",https://www.youtube.com/watch?v=ROa3kbG5M0U&lc=UgyGEQtWQClX0eBIMGJ4AaABAg,UgyGEQtWQClX0eBIMGJ4AaABAg,UCxRF5ldmYBJWNlgtayRoTHg,"Fetched 05/24/2026, 8:08:10 PM GMT+8"
33659,@axeliee-m5u,11 days ago,Benguet!! Let's goo!! 🎊 /  / re-watching po from Locale congregation of La Trinidad 🤗,https://www.youtube.com/watch?v=ROa3kbG5M0U&lc=UgxuMYgCzoPF0qXcZKl4AaABAg,UgxuMYgCzoPF0qXcZKl4AaABAg,UCxjmGS0yLlCMs4Fe-AqbHFw,"Fetched 05/24/2026, 8:08:10 PM GMT+8"
33660,@RhyndylynAlmazan,11 days ago,Kaway kaway po sa mga taga Lokal ng Norcar,https://www.youtube.com/watch?v=ROa3kbG5M0U&lc=UgxAiO-cIwlejB79t6Z4AaABAg,UgxAiO-cIwlejB79t6Z4AaABAg,UCMghc-KkDEZPqnTXiV0hZfw,"Fetched 05/24/2026, 8:08:10 PM GMT+8"
33661,@axeliee-m5u,11 days ago,Always pong naka suporta ang mga may tungkulin sa Lokal ng La Trinidad 💝,https://www.youtube.com/watch?v=ROa3kbG5M0U&lc=Ugy80U_FEu6U-DgD9rJ4AaABAg,Ugy80U_FEu6U-DgD9rJ4AaABAg,UCxjmGS0yLlCMs4Fe-AqbHFw,"Fetched 05/24/2026, 8:08:10 PM GMT+8"
33662,@RhyndylynAlmazan,11 days ago,Magandang hapon po. Tuloy-tuloy pong suporta mula sa Lokal ng Norcar.  /  / Napakalapit na pong maabot ang 20k. Go Benguet 🍓🍓....  /  / - Benguet Kadiwa,https://www.youtube.com/watch?v=ROa3kbG5M0U&lc=UgxWxPVSOuDUtQ2hIAV4AaABAg,UgxWxPVSOuDUtQ2hIAV4AaABAg,UCMghc-KkDEZPqnTXiV0hZfw,"Fetched 05/24/2026, 8:08:10 PM GMT+8"
33663,@JonnerGuilod-ye5rs,11 days ago (edited),Shout out po sa ll-Pangulo Mang-aawit sa Lokal ng Baguio City Ka. Ron Ferrer! /  / -Lokal ng Baguio City,https://www.youtube.com/watch?v=ROa3kbG5M0U&lc=UgyqSwuGIJLLy-_w-B54AaABAg,UgyqSwuGIJLLy-_w-B54AaABAg,UCqAZvKcFKWAYBEWjNAhZEZw,"Fetched 05/24/2026, 8:08:10 PM GMT+8"
33664,@JonnerGuilod-ye5rs,11 days ago,Shout out po sa Pangulong Mang-aawit ng Lokal ng Baguio City Ka. Reese Roxas! /  / -Lokal ng Baguio City!,https://www.youtube.com/watch?v=ROa3kbG5M0U&lc=UgxrjPwbI8r8DekOinR4AaABAg,UgxrjPwbI8r8DekOinR4AaABAg,UCqAZvKcFKWAYBEWjNAhZEZw,"Fetched 05/24/2026, 8:08:10 PM GMT+8"
33665,@axeliee-m5u,11 days ago,"Let's goo Benguet!! 🎉🎉 /  / Kaisa po ninyo sa pagsuporta ang mga may tungkulin sa kapisanang Binhi 🌱, Lokal ng La Trinidad. ✨",https://www.youtube.com/watch?v=ROa3kbG5M0U&lc=Ugy0b3e6L6EBIUhe1ex4AaABAg,Ugy0b3e6L6EBIUhe1ex4AaABAg,UCxjmGS0yLlCMs4Fe-AqbHFw,"Fetched 05/24/2026, 8:08:10 PM GMT+8"
33666,@JonnerGuilod-ye5rs,11 days ago,Shout out po sa Pangulong Lupon ng PNK ng Lokal ng Baguio City Ka. Karen Pagaduan! /  / -Lokal ng Baguio City!,https://www.youtube.com/watch?v=ROa3kbG5M0U&lc=UgxHiZ1Y8qJRo7k6ehx4AaABAg,UgxHiZ1Y8qJRo7k6ehx4AaABAg,UCqAZvKcFKWAYBEWjNAhZEZw,"Fetched 05/24/2026, 8:08:10 PM GMT+8"
33667,@joy-d3n4u,11 days ago,❤❤❤We Love INCMV❤❤❤ / 🎉🎉Go Benguet!!!🎉🎉🎉 / Happy watching to all po / mula po sa Lokal ng Atok Gold,https://www.youtube.com/watch?v=ROa3kbG5M0U&lc=UgzH4FEfqWCNIL3vM-p4AaABAg,UgzH4FEfqWCNIL3vM-p4AaABAg,UCdSHn503pqXwdsqmLKce88g,"Fetched 05/24/2026, 8:08:10 PM GMT+8"
33668,@joy-d3n4u,11 days ago,🎉🎉🎉 / Maligayang / panonood  / mula po / sa Lokal ng Atok Gold,https://www.youtube.com/watch?v=ROa3kbG5M0U&lc=UgyF_lHmMyA37h1V5Hp4AaABAg,UgyF_lHmMyA37h1V5Hp4AaABAg,UCdSHn503pqXwdsqmLKce88g,"Fetched 05/24/2026, 8:08:10 PM GMT+8"
33669,@BnHydn,11 days ago,Happy meryeda with this beautiful MV❤ / Patuloy ang suporta mula sa lokal ng La Trinidad.,https://www.youtube.com/watch?v=ROa3kbG5M0U&lc=Ugy6Q0DfYBMpYuQ2axd4AaABAg,Ugy6Q0DfYBMpYuQ2axd4AaABAg,UCbVqbfs9vjTS-hPNArDNcFQ,"Fetched 05/24/2026, 8:08:10 PM GMT+8"
33670,@joy-d3n4u,11 days ago,😊😊 / Happy viewing po mga kapatid / ❤❤ / Patuloy pong nanonood / mula sa Lokal ng Atok Gold,https://www.youtube.com/watch?v=ROa3kbG5M0U&lc=UgwcnmXafkaLmWEqc8J4AaABAg,UgwcnmXafkaLmWEqc8J4AaABAg,UCdSHn503pqXwdsqmLKce88g,"Fetched 05/24/2026, 8:08:10 PM GMT+8"
33671,@henrycaranto2644,11 days ago,Rewatching God’s Love / Benguet INCMV official Entry❤🎉 /  / From Baguio City and Kadiwa Officers🎉,https://www.youtube.com/watch?v=ROa3kbG5M0U&lc=Ugxp9kV-XyA0LBUvJwB4AaABAg,Ugxp9kV-XyA0LBUvJwB4AaABAg,UCFilTOy22FklSkBIgwVPVaQ,"Fetched 05/24/2026, 8:08:10 PM GMT+8"
33672,@rejomartayaban,11 days ago,"Happy Benguet INCMV viewing po mga kapatid, bumabati po ang mga nasa kapisanang Kadiwa ng Lokal ng La Trinidad",https://www.youtube.com/watch?v=ROa3kbG5M0U&lc=Ugz6h4Pgt8QfZJzIDH54AaABAg,Ugz6h4Pgt8QfZJzIDH54AaABAg,UCi7RYRPFL6HTFaScpYFJMJQ,"Fetched 05/24/2026, 8:08:10 PM GMT+8"
33673,@JonnerGuilod-ye5rs,11 days ago,Shout out po sa Pangulong CBI ng Distrito ng Benguet Ka. Jasper Mendoza! /  / -Lokal ng Baguio City,https://www.youtube.com/watch?v=ROa3kbG5M0U&lc=Ugzz1xBeXwBbi68ABIF4AaABAg,Ugzz1xBeXwBbi68ABIF4AaABAg,UCqAZvKcFKWAYBEWjNAhZEZw,"Fetched 05/24/2026, 8:08:10 PM GMT+8"
33674,@almazanrhyndylyn,11 days ago (edited),Maalinsangang hapon po. Kung gaano kainit ang panahon ay siya naman pong init ng ating pagsuporta. /  / Muling bumabati po mula sa Lokal ng Norcar at mga may tungkulin sa Kapisanang Kadiwa.,https://www.youtube.com/watch?v=ROa3kbG5M0U&lc=Ugxq5i4JnlWnj400b8x4AaABAg,Ugxq5i4JnlWnj400b8x4AaABAg,UCEoQCNgytnJxjJnAQLSzFeA,"Fetched 05/24/2026, 8:08:10 PM GMT+8"
33675,@elaizaveniceantonio8756,11 days ago,Benguet 🔛🔝  /  / - from lokal po ng Baguio City,https://www.youtube.com/watch?v=ROa3kbG5M0U&lc=UgxGkta26_MJSswy61p4AaABAg,UgxGkta26_MJSswy61p4AaABAg,UCWG0uMJfrHKBymnZPaLYV8w,"Fetched 05/24/2026, 8:08:10 PM GMT+8"
33676,@joy-d3n4u,11 days ago,"God's Love / ""You / go  / on /  with / the / courage"" / 😊Lokal ng Atok Gold❤❤",https://www.youtube.com/watch?v=ROa3kbG5M0U&lc=Ugx0s8zrGZdumJq2N_t4AaABAg,Ugx0s8zrGZdumJq2N_t4AaABAg,UCdSHn503pqXwdsqmLKce88g,"Fetched 05/24/2026, 8:08:10 PM GMT+8"
33677,@johnreylucio8970,11 days ago,"Happy Viewing po,, Snack Timee,, 🎉🎉🎉 / Kumusta na po kau?? /  / Kasi kaming mga maytungkulin sa kapisanan sa Distrito at sa Lokal ng La Trinidad ay Patuloy na naka suporta🎉🎉❤❤❤❤",https://www.youtube.com/watch?v=ROa3kbG5M0U&lc=Ugxeaj_JkALkMxhxGUt4AaABAg,Ugxeaj_JkALkMxhxGUt4AaABAg,UCNMupRD4ySrN336KZpy29OA,"Fetched 05/24/2026, 8:08:10 PM GMT+8"
33678,@joy-d3n4u,11 days ago,"❤❤""His wondrous Love. / Like a flower  / that grows in the shadow / of a tree."" / ❤❤Lokal ng Atok Gold❤❤",https://www.youtube.com/watch?v=ROa3kbG5M0U&lc=UgyPyC7ukRhDGvymI654AaABAg,UgyPyC7ukRhDGvymI654AaABAg,UCdSHn503pqXwdsqmLKce88g,"Fetched 05/24/2026, 8:08:10 PM GMT+8"
33679,@Jonnerguilod,11 days ago,Shout out po sa Destinado namin sa Lokal ng Baguio City na Full Support sa INCMV ng Benguet! / Lokal ng Baguio City!,https://www.youtube.com/watch?v=ROa3kbG5M0U&lc=UgwnCzEZB4k-hT4CKrF4AaABAg,UgwnCzEZB4k-hT4CKrF4AaABAg,UCUziou_rMXx7lIZ3VI2K55Q,"Fetched 05/24/2026, 8:08:10 PM GMT+8"
33680,@jazz-m7b,11 days ago,Let's go BENGUET 🎉 / Let's go La Trinidad 🪷  / Keep on supporting po ❤,https://www.youtube.com/watch?v=ROa3kbG5M0U&lc=UgzQ7uidMonAcND3Q9V4AaABAg,UgzQ7uidMonAcND3Q9V4AaABAg,UCNB-zyitm7U6Yt835DEKclA,"Fetched 05/24/2026, 8:08:10 PM GMT+8"
33681,@joy-d3n4u,11 days ago,🎉🎉🎉🎉Let's Go Benguet🎉🎉 / ❤❤❤Lokal ng Atok Gold❤❤❤,https://www.youtube.com/watch?v=ROa3kbG5M0U&lc=Ugw1TMxQ82ZkuFiq5C54AaABAg,Ugw1TMxQ82ZkuFiq5C54AaABAg,UCdSHn503pqXwdsqmLKce88g,"Fetched 05/24/2026, 8:08:10 PM GMT+8"
33682,@Jonnerguilod,11 days ago,Watching po mula sa Lokal ng Baguio City!,https://www.youtube.com/watch?v=ROa3kbG5M0U&lc=Ugzaf9UxvdbG2B19XsN4AaABAg,Ugzaf9UxvdbG2B19XsN4AaABAg,UCUziou_rMXx7lIZ3VI2K55Q,"Fetched 05/24/2026, 8:08:10 PM GMT+8"
33683,@Jonnerguilod,11 days ago,Let's go benguet / Baguio City,https://www.youtube.com/watch?v=ROa3kbG5M0U&lc=UgwMbUYkXZv27iun1x14AaABAg,UgwMbUYkXZv27iun1x14AaABAg,UCUziou_rMXx7lIZ3VI2K55Q,"Fetched 05/24/2026, 8:08:10 PM GMT+8"
33684,@BnHydn,11 days ago,Walang sawang sumusuporta dito sa lokal ng La Trinidad 💚🤍♥️ / Let's go Benguet ☝️,https://www.youtube.com/watch?v=ROa3kbG5M0U&lc=UgzidOGkPjz8UJB6-oh4AaABAg,UgzidOGkPjz8UJB6-oh4AaABAg,UCbVqbfs9vjTS-hPNArDNcFQ,"Fetched 05/24/2026, 8:08:10 PM GMT+8"
33685,@JonnerGuilod-ye5rs,11 days ago,Mga Kapatid po sa Lokal ng Baguio City ay Full Support po sa INCMV ng Distrito ng Benguet! /  / Let's Go Benguet!,https://www.youtube.com/watch?v=ROa3kbG5M0U&lc=UgyWicsPJ3TFHJU9A1l4AaABAg,UgyWicsPJ3TFHJU9A1l4AaABAg,UCqAZvKcFKWAYBEWjNAhZEZw,"Fetched 05/24/2026, 8:08:10 PM GMT+8"
33686,@joy-d3n4u,11 days ago,❤❤❤ / Go Benguet!!!! / ❤❤❤ / God's Love / ❤❤❤ / Lokal ng Atok Gold,https://www.youtube.com/watch?v=ROa3kbG5M0U&lc=UgxQwDEJzCjhtL8qGON4AaABAg,UgxQwDEJzCjhtL8qGON4AaABAg,UCdSHn503pqXwdsqmLKce88g,"Fetched 05/24/2026, 8:08:10 PM GMT+8"
33687,@joy-d3n4u,11 days ago,Magandang Hapon po mga Kapatid / mula po sa Lokal ng Atok Gold,https://www.youtube.com/watch?v=ROa3kbG5M0U&lc=UgyGYGgiHhpoHNl5WvJ4AaABAg,UgyGYGgiHhpoHNl5WvJ4AaABAg,UCdSHn503pqXwdsqmLKce88g,"Fetched 05/24/2026, 8:08:10 PM GMT+8"
33688,@joy-d3n4u,11 days ago,"God's Love / "" His / wondrous / LOVE"" / Happy viewing po / mula po sa Lokal ng Atok Gold",https://www.youtube.com/watch?v=ROa3kbG5M0U&lc=Ugy_wgOKArMVrFM-2UV4AaABAg,Ugy_wgOKArMVrFM-2UV4AaABAg,UCdSHn503pqXwdsqmLKce88g,"Fetched 05/24/2026, 8:08:10 PM GMT+8"
33689,@JonnerGuilod-ye5rs,11 days ago,Mga MT sa Kapisanan sa Lokal ng Baguio City Shout out po! Manood at mag Comment na po!,https://www.youtube.com/watch?v=ROa3kbG5M0U&lc=Ugw5ABNu8yFoTtxkm7p4AaABAg,Ugw5ABNu8yFoTtxkm7p4AaABAg,UCqAZvKcFKWAYBEWjNAhZEZw,"Fetched 05/24/2026, 8:08:10 PM GMT+8"
33690,@joy-d3n4u,11 days ago,"""Hold on  / to / your Faith"" / ❤❤❤ / Lokal ng Atok Gold",https://www.youtube.com/watch?v=ROa3kbG5M0U&lc=UgyY80TbSzKYEhdjJB14AaABAg,UgyY80TbSzKYEhdjJB14AaABAg,UCdSHn503pqXwdsqmLKce88g,"Fetched 05/24/2026, 8:08:10 PM GMT+8"
33691,@jhonzenlloydlegaspi1575,11 days ago,"Happy viewing po sa lahat ng kapatid sa buong mundo  / From lokal po ng Quezon Hill, Distrito ng Benguet",https://www.youtube.com/watch?v=ROa3kbG5M0U&lc=UgxRQK54GqZZW0-wWBN4AaABAg,UgxRQK54GqZZW0-wWBN4AaABAg,UC-YKdP_mfNIcFqFSzhloqDQ,"Fetched 05/24/2026, 8:08:10 PM GMT+8"
33692,@JonnerGuilod-ye5rs,11 days ago,Let's go Benguet / Lokal ng Baguio City,https://www.youtube.com/watch?v=ROa3kbG5M0U&lc=UgwgLoZ1Vd0ejuCcmTR4AaABAg,UgwgLoZ1Vd0ejuCcmTR4AaABAg,UCqAZvKcFKWAYBEWjNAhZEZw,"Fetched 05/24/2026, 8:08:10 PM GMT+8"
33693,@JonnerGuilod-ye5rs,11 days ago,Maligayang panonood po mula po sa Lokal ng Baguio City!,https://www.youtube.com/watch?v=ROa3kbG5M0U&lc=Ugy5y-ECR4ha3JQkcv54AaABAg,Ugy5y-ECR4ha3JQkcv54AaABAg,UCqAZvKcFKWAYBEWjNAhZEZw,"Fetched 05/24/2026, 8:08:10 PM GMT+8"
33694,@joy-d3n4u,11 days ago,"Masayang panonood po,mula sa Lokal ng Atok Gold",https://www.youtube.com/watch?v=ROa3kbG5M0U&lc=UgzhtkJoEbYKkG1yH_Z4AaABAg,UgzhtkJoEbYKkG1yH_Z4AaABAg,UCdSHn503pqXwdsqmLKce88g,"Fetched 05/24/2026, 8:08:10 PM GMT+8"
33695,@Jonnerguilod,11 days ago,"Happy Watching po mula sa Lokal ng Baguio City! /  / Shout out po sa nga Binhi sa Lokal ng Buyagan,mga Kapatid Comment and manood na po! /  / -BinDO",https://www.youtube.com/watch?v=ROa3kbG5M0U&lc=UgxO-qvQEBpt2BW5xad4AaABAg,UgxO-qvQEBpt2BW5xad4AaABAg,UCUziou_rMXx7lIZ3VI2K55Q,"Fetched 05/24/2026, 8:08:10 PM GMT+8"
33696,@BnHydn_3,11 days ago,♥️Let's go Benguet ♥️ / 💚 Local ng La Trinidad 💚,https://www.youtube.com/watch?v=ROa3kbG5M0U&lc=UgymivQG2lHa9kXFhcF4AaABAg,UgymivQG2lHa9kXFhcF4AaABAg,UCKZxY6b5mH_zsnldMnxGIpQ,"Fetched 05/24/2026, 8:08:10 PM GMT+8"
33697,@Jonnerguilod,11 days ago,Baguio City sabay sabay na manood,https://www.youtube.com/watch?v=ROa3kbG5M0U&lc=UgzBgTiDDZZFtVFKyIJ4AaABAg,UgzBgTiDDZZFtVFKyIJ4AaABAg,UCUziou_rMXx7lIZ3VI2K55Q,"Fetched 05/24/2026, 8:08:10 PM GMT+8"
33698,@BnHydn_3,11 days ago,Good afternoon everyone ♥️ / Love and support Mula po sa lokal ng La Trinidad,https://www.youtube.com/watch?v=ROa3kbG5M0U&lc=UgxOrWVNKMO-34cAIN94AaABAg,UgxOrWVNKMO-34cAIN94AaABAg,UCKZxY6b5mH_zsnldMnxGIpQ,"Fetched 05/24/2026, 8:08:10 PM GMT+8"
33699,@Jonnerguilod,11 days ago,Shout out po sa mga kasama namin sa Lokal ng Baguio City!,https://www.youtube.com/watch?v=ROa3kbG5M0U&lc=UgyUhcoF64W02IKo7VF4AaABAg,UgyUhcoF64W02IKo7VF4AaABAg,UCUziou_rMXx7lIZ3VI2K55Q,"Fetched 05/24/2026, 8:08:10 PM GMT+8"
33700,@BnHydn_3,11 days ago,"Maligayang panonood pooo🌼 / Happy viewing Mula sa lokal ng La Trinidad, Kapisanang Binhi  / Let's go Benguet ♥️",https://www.youtube.com/watch?v=ROa3kbG5M0U&lc=UgzhGiJElM2QFQPM74l4AaABAg,UgzhGiJElM2QFQPM74l4AaABAg,UCKZxY6b5mH_zsnldMnxGIpQ,"Fetched 05/24/2026, 8:08:10 PM GMT+8"
33701,@BnHydn_3,11 days ago,Hi and happy watching mga kapatid! / -Lokal ng La Trinidad 🎉🎉🎉,https://www.youtube.com/watch?v=ROa3kbG5M0U&lc=UgzVwtHjmrRM3CxbUI14AaABAg,UgzVwtHjmrRM3CxbUI14AaABAg,UCKZxY6b5mH_zsnldMnxGIpQ,"Fetched 05/24/2026, 8:08:10 PM GMT+8"
33702,@lanlani.eaaaahn,11 days ago,"Patuloy pong sumusuporta ang Lokal ng La Trinidad!!! Let’s go, Benguet!!! ❤❤❤",https://www.youtube.com/watch?v=ROa3kbG5M0U&lc=UgzZdTZQFw34F_0ont54AaABAg,UgzZdTZQFw34F_0ont54AaABAg,UCxRF5ldmYBJWNlgtayRoTHg,"Fetched 05/24/2026, 8:08:10 PM GMT+8"
33703,@JonnerGuilod-ye5rs,11 days ago,Go Go Go Baguio City!,https://www.youtube.com/watch?v=ROa3kbG5M0U&lc=UgwW7iT6qV4lYqlY8TR4AaABAg,UgwW7iT6qV4lYqlY8TR4AaABAg,UCqAZvKcFKWAYBEWjNAhZEZw,"Fetched 05/24/2026, 8:08:10 PM GMT+8"
33704,@JonnerGuilod-ye5rs,11 days ago,"Lokal ng Baguio,Nood na po at Comment!",https://www.youtube.com/watch?v=ROa3kbG5M0U&lc=Ugy-toUQNuafR2jf7s54AaABAg,Ugy-toUQNuafR2jf7s54AaABAg,UCqAZvKcFKWAYBEWjNAhZEZw,"Fetched 05/24/2026, 8:08:10 PM GMT+8"
33705,@relynkimpaoy,11 days ago,magandang hapon po from lokal ng sayatan,https://www.youtube.com/watch?v=ROa3kbG5M0U&lc=UgwkMpl_Q5peLJ2yyGZ4AaABAg,UgwkMpl_Q5peLJ2yyGZ4AaABAg,UCeoxtZ2OnXmB3ybofdNpCmg,"Fetched 05/24/2026, 8:08:10 PM GMT+8"
33706,@romulodeverajr.9937,11 days ago,Happy watching mula sa baguio city.,https://www.youtube.com/watch?v=ROa3kbG5M0U&lc=UgwZMRwpr4Wzplg_AxR4AaABAg,UgwZMRwpr4Wzplg_AxR4AaABAg,UCp-gBjV5Wh420GHK3cminkw,"Fetched 05/24/2026, 8:08:10 PM GMT+8"
33707,@JonnerGuilod-ye5rs,11 days ago,"Good Afternoon po! / Watching po mula sa Lokal ng Baguio City! /  / Pagbati po sa mga Binhi sa Lokal ng Bokod GWS,mga Kapatid manood at mag Comment na! /  / -BinDO",https://www.youtube.com/watch?v=ROa3kbG5M0U&lc=Ugw4wqEY8WJgJLWaP9Z4AaABAg,Ugw4wqEY8WJgJLWaP9Z4AaABAg,UCqAZvKcFKWAYBEWjNAhZEZw,"Fetched 05/24/2026, 8:08:10 PM GMT+8"
33708,@winkdelarosa2397,11 days ago,"Happy watching po sa lahat ~ hello po sa lahat ng mga maytungkulin sa Kadiwa, pagbati po mula sa Lokal ng La Trinidad at Benguet KDO! /  / LET'S GO BENGUET!!🍓🍓",https://www.youtube.com/watch?v=ROa3kbG5M0U&lc=UgzLEM8u-bsVdJ1P6FF4AaABAg,UgzLEM8u-bsVdJ1P6FF4AaABAg,UCcSUir_e5wTvoTFR6eQepyQ,"Fetched 05/24/2026, 8:08:10 PM GMT+8"
33709,@luibustamante9493,11 days ago,Good afternoon po to all brethren  / Rewatching po mula sa Lokal ng Tuba. /  / Hello po mga sa mga Kadiwa na present at mga KDO na laging nanonood.🤗🤗🤗,https://www.youtube.com/watch?v=ROa3kbG5M0U&lc=UgyyeXyutlaEWE4i0it4AaABAg,UgyyeXyutlaEWE4i0it4AaABAg,UCFAmrhDmv6rvZrQoYp-IS9w,"Fetched 05/24/2026, 8:08:10 PM GMT+8"
33710,@kristine7303,11 days ago,Wave of support mula po sa mga KADIWA from Lokal ng Marcos Highway🎉❤ /  / Let's Go Benguet!!,https://www.youtube.com/watch?v=ROa3kbG5M0U&lc=UgzrjD1vBHbojixynMh4AaABAg,UgzrjD1vBHbojixynMh4AaABAg,UCJnlqat5vcPuV6GiDugaBnA,"Fetched 05/24/2026, 8:08:10 PM GMT+8"
33711,@gwynethcayabyab5981,11 days ago,Good afternoon po sa lahat ng kapatid / Keep on watching po / -Kadiwa officers,https://www.youtube.com/watch?v=ROa3kbG5M0U&lc=UgyhJxnlYYeWMQtDv_J4AaABAg,UgyhJxnlYYeWMQtDv_J4AaABAg,UCouodNvhL1bfJC2Fz0B_Rcw,"Fetched 05/24/2026, 8:08:10 PM GMT+8"
33712,@jasminedaludado7262,11 days ago,Let's go Benguet!! /  / Soundtrip sa hapon🫶 /  / Supporting from KADIWA MTs ng Lokal ng Guisad❤,https://www.youtube.com/watch?v=ROa3kbG5M0U&lc=UgzWid-4jpARfytDpm94AaABAg,UgzWid-4jpARfytDpm94AaABAg,UCA4HVmdH2Xj67gK8nZmpiZg,"Fetched 05/24/2026, 8:08:10 PM GMT+8"
33713,@haielei2869,11 days ago,Hello po sa mga binhi ng NORCAR! Suporta po ang aming kapisanan at buong lokal,https://www.youtube.com/watch?v=ROa3kbG5M0U&lc=UgwJ3OXyQW44WA-RMMV4AaABAg,UgwJ3OXyQW44WA-RMMV4AaABAg,UCf3PWHW8mj2mncX07kw9ZQw,"Fetched 05/24/2026, 8:08:10 PM GMT+8"
33714,@haielei2869,11 days ago,lets have a snack pooo  /  / -Norcar,https://www.youtube.com/watch?v=ROa3kbG5M0U&lc=Ugxu98zoxlA5xWcmsFx4AaABAg,Ugxu98zoxlA5xWcmsFx4AaABAg,UCf3PWHW8mj2mncX07kw9ZQw,"Fetched 05/24/2026, 8:08:10 PM GMT+8"
33715,@haielei2869,11 days ago,Happy watching po sa ating  lahat / Mula po sa Lokal ng Norcar,https://www.youtube.com/watch?v=ROa3kbG5M0U&lc=Ugz9gEWVMY_dlfAYbvB4AaABAg,Ugz9gEWVMY_dlfAYbvB4AaABAg,UCf3PWHW8mj2mncX07kw9ZQw,"Fetched 05/24/2026, 8:08:10 PM GMT+8"
33716,@BnHydn,11 days ago,Good afternoon to all brethren ❤ / Sumusuporta mula sa lokal ng La Trinidad /  / Let's go Benguet ♥️,https://www.youtube.com/watch?v=ROa3kbG5M0U&lc=Ugy7ucTznx5doeJtRzl4AaABAg,Ugy7ucTznx5doeJtRzl4AaABAg,UCbVqbfs9vjTS-hPNArDNcFQ,"Fetched 05/24/2026, 8:08:10 PM GMT+8"
33717,@jonieyonga-an5239,11 days ago,"Solid tlga ang pagsuporta Ng mga lokal sa INCMV, patuloy lamang tayo sa pakikipagkaisa mga kapatid 🎉🎉🎉 /  / Pagbati Po sa mga Kadiwa at binhi natin jan, ingat po kaung lagi🎉🎉 /  / Mula Po sa lokal Ng Norcar Distrito Ng Benguet 🎉",https://www.youtube.com/watch?v=ROa3kbG5M0U&lc=UgxiiuE2UjgBSDevi7d4AaABAg,UgxiiuE2UjgBSDevi7d4AaABAg,UCgUo3JP_Fffuctza4bUumJg,"Fetched 05/24/2026, 8:08:10 PM GMT+8"
33718,@axeliee-m5u,11 days ago,"Patuloy pong makiisa at sumuporta!💛 /  /  Greetings mula sa mga may tungkulin sa kapisanang Binhi, Lokal ng La Trinidad. 💓",https://www.youtube.com/watch?v=ROa3kbG5M0U&lc=Ugw-EA6peoIZKcAsOz94AaABAg,Ugw-EA6peoIZKcAsOz94AaABAg,UCxjmGS0yLlCMs4Fe-AqbHFw,"Fetched 05/24/2026, 8:08:10 PM GMT+8"
33719,@henrycaranto2644,11 days ago,Hello po sa lahat ng KADIWA at BINHI ng Benguet🎉❤ /  / Comment na tayo mga kasama🎉 /  / From Benguet Kadiwa Officers❤,https://www.youtube.com/watch?v=ROa3kbG5M0U&lc=UgwI4GSv4bmxGxfMwPR4AaABAg,UgwI4GSv4bmxGxfMwPR4AaABAg,UCFilTOy22FklSkBIgwVPVaQ,"Fetched 05/24/2026, 8:08:10 PM GMT+8"
33720,@VardenjamesDeGuzman,11 days ago,"Happy viewing po from lokal ng Hilllside, Distrito ng Benguet!❤🇮🇹",https://www.youtube.com/watch?v=ROa3kbG5M0U&lc=UgxjIBZCY62jEx8UJ2t4AaABAg,UgxjIBZCY62jEx8UJ2t4AaABAg,UCfnROPikyYd3JkOsuG-zRWw,"Fetched 05/24/2026, 8:08:10 PM GMT+8"
33721,@tayabanrt,11 days ago,"""It's His precious gift to us, His wondrous Love"" the lyrics  is truly comforting.❤ /  / Watching from lokal ng La Trinidad.",https://www.youtube.com/watch?v=ROa3kbG5M0U&lc=Ugz3ZYnIfaVR_ThmQJZ4AaABAg,Ugz3ZYnIfaVR_ThmQJZ4AaABAg,UCCpOKu7HxJqnWctZ5fG9DZg,"Fetched 05/24/2026, 8:08:10 PM GMT+8"
33722,@gladysabad8665,11 days ago,Keep on watching po mga taga benguet /  / Shout sa mga taga lokal ng camp 8,https://www.youtube.com/watch?v=ROa3kbG5M0U&lc=Ugz-oWgp17PtAVqcx0h4AaABAg,Ugz-oWgp17PtAVqcx0h4AaABAg,UCp31Lwos5f6VPnIY9zaFbRA,"Fetched 05/24/2026, 8:08:10 PM GMT+8"
33723,@JoeannAndaya,11 days ago,Mula po sa aming Destinado Kapatid na Dionisio Daniwis ng Lokal Ambiong Distrito ng Benguet. kami po ay.bumabati sa lahat ng mga kapatid ng maligayanhg panonood po. ❤️❤️❤️,https://www.youtube.com/watch?v=ROa3kbG5M0U&lc=UgxHDGIWotWarVpIjbh4AaABAg,UgxHDGIWotWarVpIjbh4AaABAg,UCbjdfoSmupyh-INYDScuBWg,"Fetched 05/24/2026, 8:08:10 PM GMT+8"
33724,@KaJaz-r3n,11 days ago (edited),"Again, a rewatch before class is a must! Happy watching guys! Especially sa mga Kadiwa at Binhi na Patuloy ang suporta. Go Benguet!",https://www.youtube.com/watch?v=ROa3kbG5M0U&lc=UgxxFasIbZYIIZvBNO14AaABAg,UgxxFasIbZYIIZvBNO14AaABAg,UC4BTg4L19kJ77hFPPBce71g,"Fetched 05/24/2026, 8:08:10 PM GMT+8"
33725,@PELITANJennyClaireT,11 days ago,"Happi 2pm po. Happy glimpsing muli. Let's go, Benguet. Pagbati po mula sa Lokal ng La Trinidad, Distrito ng Benguet, Kapisanang Kadiwa :))",https://www.youtube.com/watch?v=ROa3kbG5M0U&lc=UgytL0vCNhiO3CXZbCV4AaABAg,UgytL0vCNhiO3CXZbCV4AaABAg,UCsVZgGkRnNqeIIOLxHiFR7A,"Fetched 05/24/2026, 8:08:10 PM GMT+8"
33726,@jazz-m7b,11 days ago,"Happy viewing po, still supporting from Lokal ng La Trinidad 🪷",https://www.youtube.com/watch?v=ROa3kbG5M0U&lc=UgzLiTT5AWWnSUBgA_d4AaABAg,UgzLiTT5AWWnSUBgA_d4AaABAg,UCNB-zyitm7U6Yt835DEKclA,"Fetched 05/24/2026, 8:08:10 PM GMT+8"
33727,@almazanrhyndylyn,11 days ago,Nakakamanghang pagsuporta po mula sa iba't ibang lokal sa ating Distriro katunayan po ay nakalahati na po natin ang road to 20k.  /  / Sa gitna ng tagumpay patuloy pong pagsuporta mula sa Lokal ng Norcar at sa Kapisanang Kadiwa po.,https://www.youtube.com/watch?v=ROa3kbG5M0U&lc=UgzJsOrw4QR0Riywf5x4AaABAg,UgzJsOrw4QR0Riywf5x4AaABAg,UCEoQCNgytnJxjJnAQLSzFeA,"Fetched 05/24/2026, 8:08:10 PM GMT+8"
33728,@joy-d3n4u,11 days ago,"❤❤❤ / ""A new day / brings / HOPE / for a change / in the weather"" / ❤❤❤Lokal ng Atok Gold",https://www.youtube.com/watch?v=ROa3kbG5M0U&lc=UgwkHUUl-0j6U7593M54AaABAg,UgwkHUUl-0j6U7593M54AaABAg,UCdSHn503pqXwdsqmLKce88g,"Fetched 05/24/2026, 8:08:10 PM GMT+8"
33729,@joy-d3n4u,11 days ago,"God's Love / ❤❤❤ / ""I know it's hard now,  / but I swear / it gets better."" / 😊😊😊 / Lokal ng Atok Gold / ❤❤❤",https://www.youtube.com/watch?v=ROa3kbG5M0U&lc=UgztTPU5sQ3clEDpCDN4AaABAg,UgztTPU5sQ3clEDpCDN4AaABAg,UCdSHn503pqXwdsqmLKce88g,"Fetched 05/24/2026, 8:08:10 PM GMT+8"
33730,@joy-d3n4u,11 days ago,"""His / wondrous / Love."" / ❤❤❤ / Happy viewing po❤❤ / mula po sa Lokal ng Atok Gold",https://www.youtube.com/watch?v=ROa3kbG5M0U&lc=UgyjHVGFRJua3XVP6AR4AaABAg,UgyjHVGFRJua3XVP6AR4AaABAg,UCdSHn503pqXwdsqmLKce88g,"Fetched 05/24/2026, 8:08:10 PM GMT+8"
33731,@PELITANJennyClaireT,11 days ago,"Let's go, Benguet. Happy viewingggg. Magandang hapon na rin po.  / - mula sa kapisanang kadiwa, lokal ng La Trinidad, district ng Benguet 🎉 :))",https://www.youtube.com/watch?v=ROa3kbG5M0U&lc=UgxKV6Gpd9m3iZqb5IV4AaABAg,UgxKV6Gpd9m3iZqb5IV4AaABAg,UCsVZgGkRnNqeIIOLxHiFR7A,"Fetched 05/24/2026, 8:08:10 PM GMT+8"
33732,@joy-d3n4u,11 days ago,"God's Love / ""It's His  / Precious / Gift / to us"" / ❤❤❤Lokal ng Atok Gold❤❤❤❤",https://www.youtube.com/watch?v=ROa3kbG5M0U&lc=Ugz7IRdUmctyMCK5Eth4AaABAg,Ugz7IRdUmctyMCK5Eth4AaABAg,UCdSHn503pqXwdsqmLKce88g,"Fetched 05/24/2026, 8:08:10 PM GMT+8"
33733,@joy-d3n4u,11 days ago,Magandang hapon po mga kapatid❤❤❤❤ / Masayang panonood po / ❤❤❤❤❤ / mula po sa Lokal ng Atok Gold,https://www.youtube.com/watch?v=ROa3kbG5M0U&lc=UgxGDwH230uuuDv5ijh4AaABAg,UgxGDwH230uuuDv5ijh4AaABAg,UCdSHn503pqXwdsqmLKce88g,"Fetched 05/24/2026, 8:08:10 PM GMT+8"
33734,@jasminedaludado7262,11 days ago,Good afternoon po mga kapatid!!! /  / Happy rewatching po❤,https://www.youtube.com/watch?v=ROa3kbG5M0U&lc=UgyaRA5TkUMbP-yrX6h4AaABAg,UgyaRA5TkUMbP-yrX6h4AaABAg,UCA4HVmdH2Xj67gK8nZmpiZg,"Fetched 05/24/2026, 8:08:10 PM GMT+8"
33735,@joy-d3n4u,11 days ago,#INCMV / #Distrito ng Benguet / #God's Love / # Lokal ng Atok Gold,https://www.youtube.com/watch?v=ROa3kbG5M0U&lc=UgxiSf2C0bJMJKCCwhN4AaABAg,UgxiSf2C0bJMJKCCwhN4AaABAg,UCdSHn503pqXwdsqmLKce88g,"Fetched 05/24/2026, 8:08:10 PM GMT+8"
33736,@XschelleYb,11 days ago,Letss goo Benguettt /  / Watching Po Mula Sa Lokal Ng Norcar Distrito Ng Benguet /  / Pagbati Po sa mga Kadiwa at binhi natin na patuloy sa Pagsubaybay.,https://www.youtube.com/watch?v=ROa3kbG5M0U&lc=UgzmGnoHoskvnZezSwN4AaABAg,UgzmGnoHoskvnZezSwN4AaABAg,UCer0sIOb700hbN8sHbztYuw,"Fetched 05/24/2026, 8:08:10 PM GMT+8"
33737,@syrelyongaan.765,11 days ago,"Pagbati Po sa Tagapangasiwa Ng Distrito Ng Benguet, ang kapatid na Ardy Mendoza, maging sa Pangalawang Tagapangasiwa, nag kapatid na lan Manalata /  / Happy viewing po from lokal ng NORCAR🎉",https://www.youtube.com/watch?v=ROa3kbG5M0U&lc=UgwgCNB2trCgB_5G2ER4AaABAg,UgwgCNB2trCgB_5G2ER4AaABAg,UCykQvuxJPkzC-KGTaipaIsQ,"Fetched 05/24/2026, 8:08:10 PM GMT+8"
33738,@KaJaz-r3n,11 days ago,Road to top 3! Go suportive Kadiwa Officers ng Benguet!,https://www.youtube.com/watch?v=ROa3kbG5M0U&lc=Ugy1GbNB-ErpHJtyWph4AaABAg,Ugy1GbNB-ErpHJtyWph4AaABAg,UC4BTg4L19kJ77hFPPBce71g,"Fetched 05/24/2026, 8:08:10 PM GMT+8"
33739,@joy-d3n4u,11 days ago,Shout po kay Ka Chris Gopez and Family.at sa buong casts po....Ang galing nyo po!!! / mula po sa Lokal ng Atok Gold,https://www.youtube.com/watch?v=ROa3kbG5M0U&lc=UgzzYrRyEolQUn-AhXd4AaABAg,UgzzYrRyEolQUn-AhXd4AaABAg,UCdSHn503pqXwdsqmLKce88g,"Fetched 05/24/2026, 8:08:10 PM GMT+8"
33740,@joy-d3n4u,11 days ago,❤❤❤We Love INCMV❤❤❤ / Go Benguet!!!! / 🎉🎉🎉Lokal ng Atok Gold🎉🎉🎉,https://www.youtube.com/watch?v=ROa3kbG5M0U&lc=UgwlQ749N3lF8EQyS2t4AaABAg,UgwlQ749N3lF8EQyS2t4AaABAg,UCdSHn503pqXwdsqmLKce88g,"Fetched 05/24/2026, 8:08:10 PM GMT+8"
33741,@mayvehn,11 days ago,Masayang panonood po.mula sa Lokal ng Atok Gold❤❤❤,https://www.youtube.com/watch?v=ROa3kbG5M0U&lc=UgwKgJdcMLAQtfAinud4AaABAg,UgwKgJdcMLAQtfAinud4AaABAg,UCivhdJ2CQeLK8tlG7Wh2BSQ,"Fetched 05/24/2026, 8:08:10 PM GMT+8"
33742,@mayvehn,11 days ago,watching po mula sa Lokal ng Atok Gold,https://www.youtube.com/watch?v=ROa3kbG5M0U&lc=UgxhHni2cnPN34-dupd4AaABAg,UgxhHni2cnPN34-dupd4AaABAg,UCivhdJ2CQeLK8tlG7Wh2BSQ,"Fetched 05/24/2026, 8:08:10 PM GMT+8"
33743,@iya-k7j,11 days ago,Happy viewing po ..Lokal ng Atok Gold,https://www.youtube.com/watch?v=ROa3kbG5M0U&lc=Ugw8HOf8Wmo0L9yADMN4AaABAg,Ugw8HOf8Wmo0L9yADMN4AaABAg,UC_R2GfmFAjE8k8DgEjmtv7g,"Fetched 05/24/2026, 8:08:10 PM GMT+8"
33744,@iya-k7j,11 days ago,Shout out po sa pangulo namin sa binhi...Lokal ng Atok Gold,https://www.youtube.com/watch?v=ROa3kbG5M0U&lc=UgxPyXpx__SlWP4MRzF4AaABAg,UgxPyXpx__SlWP4MRzF4AaABAg,UC_R2GfmFAjE8k8DgEjmtv7g,"Fetched 05/24/2026, 8:08:10 PM GMT+8"
33745,@johnfebriclaylay,11 days ago,Good afternoon! po happy viewing lokal ng HILLSIDE Distrito ng Benguet 😊,https://www.youtube.com/watch?v=ROa3kbG5M0U&lc=UgxjFHquQ9x9SCwWert4AaABAg,UgxjFHquQ9x9SCwWert4AaABAg,UCYhwHN4cq8I-vrGxvl_pHJg,"Fetched 05/24/2026, 8:08:10 PM GMT+8"
33746,@zionangelotorres3905,11 days ago,Happy watching po sa lahat! Aurora Hill Benguet,https://www.youtube.com/watch?v=ROa3kbG5M0U&lc=UgzV00eI_oH5yvLy6Up4AaABAg,UgzV00eI_oH5yvLy6Up4AaABAg,UCDa5BQmgiRyCwP06Oah7rrQ,"Fetched 05/24/2026, 8:08:10 PM GMT+8"
33747,@jilliansamchao,11 days ago,Greetings from lokal ng HILLSIDE /  / Letsss Go Benguet📣📣,https://www.youtube.com/watch?v=ROa3kbG5M0U&lc=UgymVLsxZ83oAt20jQ54AaABAg,UgymVLsxZ83oAt20jQ54AaABAg,UCRnvVcjVsXveWDHJS-10OWg,"Fetched 05/24/2026, 8:08:10 PM GMT+8"
33748,@iya-k7j,11 days ago,"Magandang hapon po....mula po sa Kapisanang Binhi, Lokal ng Atok Gold",https://www.youtube.com/watch?v=ROa3kbG5M0U&lc=UgwOm_abA9RqucI_zoF4AaABAg,UgwOm_abA9RqucI_zoF4AaABAg,UC_R2GfmFAjE8k8DgEjmtv7g,"Fetched 05/24/2026, 8:08:10 PM GMT+8"
33749,@Julskie28,11 days ago,Rewatching let's Go! /  / Hello mga kasamang KADIWA /  / From lokal ng Guisad❤🎉,https://www.youtube.com/watch?v=ROa3kbG5M0U&lc=UgwgbK4ulR9j9Xfj9fR4AaABAg,UgwgbK4ulR9j9Xfj9fR4AaABAg,UC1nz0UiWHV8lyoQdZtJejeg,"Fetched 05/24/2026, 8:08:10 PM GMT+8"
33750,@demetrioiiitorres2259,11 days ago,Massyang panonood po sa lahat!🙂 #BENGUET,https://www.youtube.com/watch?v=ROa3kbG5M0U&lc=UgzbKq1orCeMcH30FBp4AaABAg,UgzbKq1orCeMcH30FBp4AaABAg,UCX5TQu936ZOjCT-ekemw4XA,"Fetched 05/24/2026, 8:08:10 PM GMT+8"
33751,@joylee1468,11 days ago,watching po mula sa Lokal ng Atok Gold❤❤❤,https://www.youtube.com/watch?v=ROa3kbG5M0U&lc=UgweCl1BzpCVxGRK0014AaABAg,UgweCl1BzpCVxGRK0014AaABAg,UC7UWPgNV4p4GGKzoeFbHS8g,"Fetched 05/24/2026, 8:08:10 PM GMT+8"
33752,@joylee1468,11 days ago,❤❤God's Love❤❤ / ❤❤It' through His LOVE that you'll know who you are❤❤❤ / 🎉🎉🎉Lokal ng Atok Gold🎉🎉🎉,https://www.youtube.com/watch?v=ROa3kbG5M0U&lc=UgxnK0Oy-nNo9qJlZLx4AaABAg,UgxnK0Oy-nNo9qJlZLx4AaABAg,UC7UWPgNV4p4GGKzoeFbHS8g,"Fetched 05/24/2026, 8:08:10 PM GMT+8"
33753,@jonieyonga-an5239,11 days ago,Letss goo Benguettt 🎉🎉 / Watching Po Mula Sa Lokal Ng Norcar Distrito Ng Benguet  /  / Pagbati Po sa mga Kadiwa at binhi natin na patuloy sa. Pagsubaybay,https://www.youtube.com/watch?v=ROa3kbG5M0U&lc=UgxsfcanUua2H-LYD4N4AaABAg,UgxsfcanUua2H-LYD4N4AaABAg,UCgUo3JP_Fffuctza4bUumJg,"Fetched 05/24/2026, 8:08:10 PM GMT+8"
33754,@joylee1468,11 days ago,"""God's Love is bigger than the ocean and brighter than the stars."" / ❤❤❤Lokal ng Atok Gold❤❤❤",https://www.youtube.com/watch?v=ROa3kbG5M0U&lc=Ugwb7A5YA5uV7wCEG3V4AaABAg,Ugwb7A5YA5uV7wCEG3V4AaABAg,UC7UWPgNV4p4GGKzoeFbHS8g,"Fetched 05/24/2026, 8:08:10 PM GMT+8"
33755,@joylee1468,11 days ago (edited),"""And when life brings you to your kness, in our Lod God's great power, you must believe"" / 😇😇😇😇😇😇😇 / Lokal ng Atok Gold❤❤❤",https://www.youtube.com/watch?v=ROa3kbG5M0U&lc=Ugz5xuDylElLThpSdGt4AaABAg,Ugz5xuDylElLThpSdGt4AaABAg,UC7UWPgNV4p4GGKzoeFbHS8g,"Fetched 05/24/2026, 8:08:10 PM GMT+8"
33756,@gilbees2014,11 days ago,"Gudafternoon mga kapatid,,happy viewing po sa lahat,bumabati mula dito sa lokal ng hillside distrito ng benguet.🥰🙋🙋",https://www.youtube.com/watch?v=ROa3kbG5M0U&lc=Ugy8PND51OGdR5MSCCR4AaABAg,Ugy8PND51OGdR5MSCCR4AaABAg,UCjo4AwZrofVI5k4jwfMfcdA,"Fetched 05/24/2026, 8:08:10 PM GMT+8"
33757,@gwynethcayabyab5981,11 days ago,Good afternoon po mga kapatid❤ / Keep on watching po lalo na sa mga kapisanan ng kadiwa 🎉,https://www.youtube.com/watch?v=ROa3kbG5M0U&lc=UgwonRJpkpbiDW7t5b94AaABAg,UgwonRJpkpbiDW7t5b94AaABAg,UCouodNvhL1bfJC2Fz0B_Rcw,"Fetched 05/24/2026, 8:08:10 PM GMT+8"
33758,@joylee1468,11 days ago,"❤❤❤ / ""And you'll / Findout  / Exactly  / where you're / Meant to be... / ❤❤❤Lokal ng Atok Gold",https://www.youtube.com/watch?v=ROa3kbG5M0U&lc=UgyAnArZEz5pN1vcm_p4AaABAg,UgyAnArZEz5pN1vcm_p4AaABAg,UC7UWPgNV4p4GGKzoeFbHS8g,"Fetched 05/24/2026, 8:08:10 PM GMT+8"
33759,@joylee1468,11 days ago,😇😇😇 / Hold on  / to your  / Faith / 🙏🙏🙏 / Lokal ng Atok Gold,https://www.youtube.com/watch?v=ROa3kbG5M0U&lc=UgwbtNcvTKM32QwKh7t4AaABAg,UgwbtNcvTKM32QwKh7t4AaABAg,UC7UWPgNV4p4GGKzoeFbHS8g,"Fetched 05/24/2026, 8:08:10 PM GMT+8"
33760,@joylee1468,11 days ago,"""A new day / brings / Hope / for a change / in the weather"" / ❤❤❤Lokal ng Atok Gold",https://www.youtube.com/watch?v=ROa3kbG5M0U&lc=UgzhVK74xRPYsseNaRN4AaABAg,UgzhVK74xRPYsseNaRN4AaABAg,UC7UWPgNV4p4GGKzoeFbHS8g,"Fetched 05/24/2026, 8:08:10 PM GMT+8"
33761,@joylee1468,11 days ago,"❤❤❤ / God's Love / ❤❤❤ / ""I know it's hard now, but I swear it gets better..."" / ❤❤❤ / Lokal ng Atok Gold",https://www.youtube.com/watch?v=ROa3kbG5M0U&lc=UgwQZMzsG_PQynHaqKp4AaABAg,UgwQZMzsG_PQynHaqKp4AaABAg,UC7UWPgNV4p4GGKzoeFbHS8g,"Fetched 05/24/2026, 8:08:10 PM GMT+8"
33762,@jenelynlegaspi5472,11 days ago,Magandang tanggali po sa lahat ng mga kapatid / Pagbati po mula sa lokal ng QUEZON HILL BENGUET💚🤍❤️,https://www.youtube.com/watch?v=ROa3kbG5M0U&lc=UgxArip88q8U-nQqOa94AaABAg,UgxArip88q8U-nQqOa94AaABAg,UCLjU_xM1oUxJ0N9ClfCcPjQ,"Fetched 05/24/2026, 8:08:10 PM GMT+8"
33763,@coto-onglheanaajc.3303,11 days ago,"HAPPY VIEWING, FROM LOKAL NG HILLSIDE PO ❤",https://www.youtube.com/watch?v=ROa3kbG5M0U&lc=UgxGIN9MNUxzgIIbSCd4AaABAg,UgxGIN9MNUxzgIIbSCd4AaABAg,UCepvdbDlLD3XhIPriTXriCw,"Fetched 05/24/2026, 8:08:10 PM GMT+8"
33764,@joylee1468,11 days ago,Magandang hapon po.mga kapatid.... / Mula po  / sa Lokal ng Atok Gold❤❤❤,https://www.youtube.com/watch?v=ROa3kbG5M0U&lc=UgxyerIKlqXKx59gF9d4AaABAg,UgxyerIKlqXKx59gF9d4AaABAg,UC7UWPgNV4p4GGKzoeFbHS8g,"Fetched 05/24/2026, 8:08:10 PM GMT+8"
33765,@joylee1468,11 days ago,😊😊😊 / Happy / viewing po / mula po / sa / Lokal ng Atok Gold / ❤❤❤,https://www.youtube.com/watch?v=ROa3kbG5M0U&lc=UgytFQl_LIOmnEsEEAd4AaABAg,UgytFQl_LIOmnEsEEAd4AaABAg,UC7UWPgNV4p4GGKzoeFbHS8g,"Fetched 05/24/2026, 8:08:10 PM GMT+8"
33766,@joylee1468,11 days ago,❤❤❤ / Lokal ng Atok Gold / ❤❤❤,https://www.youtube.com/watch?v=ROa3kbG5M0U&lc=UgyrTVAaqg-Rxv7RMiZ4AaABAg,UgyrTVAaqg-Rxv7RMiZ4AaABAg,UC7UWPgNV4p4GGKzoeFbHS8g,"Fetched 05/24/2026, 8:08:10 PM GMT+8"
33767,@jencirey,11 days ago,Good afternoon po mga kapatid! Greeting you from the lokal of Quezon Hill!!,https://www.youtube.com/watch?v=ROa3kbG5M0U&lc=UgyTob7N6o0oUXl7VKJ4AaABAg,UgyTob7N6o0oUXl7VKJ4AaABAg,UCvElCgW8k03hNWpFOLmo8PA,"Fetched 05/24/2026, 8:08:10 PM GMT+8"
33768,@felix-qh1ui,11 days ago,"binabati po namin ang aming Tagapangasiwa ng Benguet, Ka Ardy Mendoza...from Quezon Hill, Benguet",https://www.youtube.com/watch?v=ROa3kbG5M0U&lc=UgwzW2c2ZeC-_XPEctF4AaABAg,UgwzW2c2ZeC-_XPEctF4AaABAg,UCeRvHOxzLeYmv2byyt1DARw,"Fetched 05/24/2026, 8:08:10 PM GMT+8"
33769,@JocelynTabile-w5w,11 days ago,Supporting from local of kias district of benguet,https://www.youtube.com/watch?v=ROa3kbG5M0U&lc=Ugy9GH7fwYQHqlFXc2x4AaABAg,Ugy9GH7fwYQHqlFXc2x4AaABAg,UCKs3wcZcll5RRYVW0gLDvbw,"Fetched 05/24/2026, 8:08:10 PM GMT+8"
33770,@lanlani.eaaaahn,11 days ago,"Let’s go, Benguetttttt!!!  /  / Support mula sa Lokal ng La Trinidad!!! ❤❤❤",https://www.youtube.com/watch?v=ROa3kbG5M0U&lc=UgxGRb5BRsMByQWOyWp4AaABAg,UgxGRb5BRsMByQWOyWp4AaABAg,UCxRF5ldmYBJWNlgtayRoTHg,"Fetched 05/24/2026, 8:08:10 PM GMT+8"
33771,@almazanrhyndylyn,11 days ago (edited),Happy rewatching po. /  / Magandang hapon po. Pagbati mula sa Lokal ng Norcar Distrito ng Benguet. /  / ❤❤ Kapisanang Kadiwa,https://www.youtube.com/watch?v=ROa3kbG5M0U&lc=UgzojC6TUXUSQAa5d5l4AaABAg,UgzojC6TUXUSQAa5d5l4AaABAg,UCEoQCNgytnJxjJnAQLSzFeA,"Fetched 05/24/2026, 8:08:10 PM GMT+8"
33772,@ligayalucas9053,11 days ago,"Greetings po mula sa Lokal ng Irisan, Distrito ng Benguet. Enjoy watching po. 🇮🇹",https://www.youtube.com/watch?v=ROa3kbG5M0U&lc=UgzSCPguugY8v4NRCSt4AaABAg,UgzSCPguugY8v4NRCSt4AaABAg,UCBpa2MC8GAiak5W7830Y6Yw,"Fetched 05/24/2026, 8:08:10 PM GMT+8"
33773,@kimberlysarmiento1034,11 days ago,"Let everything else be lost, just not Your love, O God. /  / Watching from locale of tuba /  / #Let’sGoBenguet",https://www.youtube.com/watch?v=ROa3kbG5M0U&lc=Ugz89oryzCwrxgOqRZV4AaABAg,Ugz89oryzCwrxgOqRZV4AaABAg,UCds_RyKfMX7Xzg4PQRhf9NQ,"Fetched 05/24/2026, 8:08:10 PM GMT+8"
33774,@nonagabriel8139,11 days ago,Hello po sa lahat ng maytungkulin sa Lokal ng Quezon Hill!,https://www.youtube.com/watch?v=ROa3kbG5M0U&lc=UgxHBjcDElpoRDLL-8h4AaABAg,UgxHBjcDElpoRDLL-8h4AaABAg,UC_dkXH53dziGaXnvaMHUMcA,"Fetched 05/24/2026, 8:08:10 PM GMT+8"
33775,@kristine7303,11 days ago,Shoutout sa mga Kadiwa na naka-loop pa rin ngayong hapon! Lalakas niyo po! /  / -Lokal ng Marcos Highway,https://www.youtube.com/watch?v=ROa3kbG5M0U&lc=Ugxgdam4D3l_XvSlW8N4AaABAg,Ugxgdam4D3l_XvSlW8N4AaABAg,UCJnlqat5vcPuV6GiDugaBnA,"Fetched 05/24/2026, 8:08:10 PM GMT+8"
33776,@joylee1468,11 days ago,Happy viewing po mula sa Lokal ng Atok Gold,https://www.youtube.com/watch?v=ROa3kbG5M0U&lc=UgxWmpwqf-BbZ2xQtEl4AaABAg,UgxWmpwqf-BbZ2xQtEl4AaABAg,UC7UWPgNV4p4GGKzoeFbHS8g,"Fetched 05/24/2026, 8:08:10 PM GMT+8"
33777,@jeanietugad4595,11 days ago,",❤❤❤  Maligayang Panonood po mga kapatid,, mula sa Atok Gold..❤❤",https://www.youtube.com/watch?v=ROa3kbG5M0U&lc=UgwGJg0Uh5dEJPxdCZJ4AaABAg,UgwGJg0Uh5dEJPxdCZJ4AaABAg,UC4-hT99A9u-aH7hnm5JCSfg,"Fetched 05/24/2026, 8:08:10 PM GMT+8"
33778,@tayabanrt,11 days ago,"Let's go BENGUET!, tuloy-tuloy po ang pagsuporta ng Lokal ng La Trinidad.",https://www.youtube.com/watch?v=ROa3kbG5M0U&lc=UgyclcjD8Sy6744jsn94AaABAg,UgyclcjD8Sy6744jsn94AaABAg,UCCpOKu7HxJqnWctZ5fG9DZg,"Fetched 05/24/2026, 8:08:10 PM GMT+8"
33779,@LovelyMartin,11 days ago,Hello po binabati ko po ang lahat ng MGA Kapatid sa lokal Ng Quezon hill.,https://www.youtube.com/watch?v=ROa3kbG5M0U&lc=UgzmKbCJY-ekiCXSEPN4AaABAg,UgzmKbCJY-ekiCXSEPN4AaABAg,UC4P4e-S8RqqaiwP3R0FikRA,"Fetched 05/24/2026, 8:08:10 PM GMT+8"
33780,@jeanietugad4595,11 days ago,"Good afternoon mga kapatid,, happy viewing sa lahat,, Atok Gold, Kalihiman/Registry.",https://www.youtube.com/watch?v=ROa3kbG5M0U&lc=UgwN0wBmlDDrO9gbN-l4AaABAg,UgwN0wBmlDDrO9gbN-l4AaABAg,UC4-hT99A9u-aH7hnm5JCSfg,"Fetched 05/24/2026, 8:08:10 PM GMT+8"
33781,@axeliee-m5u,11 days ago,Let's goo Benguet!!!  /  /  / Pagbati po mula sa Lokal ng La Trinidad Distrito ng Benguet 🙌,https://www.youtube.com/watch?v=ROa3kbG5M0U&lc=UgyRHGZmj_IlM-jeB_J4AaABAg,UgyRHGZmj_IlM-jeB_J4AaABAg,UCxjmGS0yLlCMs4Fe-AqbHFw,"Fetched 05/24/2026, 8:08:10 PM GMT+8"
33782,@jazz-m7b,11 days ago,Still supporting po from Lokal ng La Trinidad 🪷  /  / Let's go BENGUET  / Keep it up 👍,https://www.youtube.com/watch?v=ROa3kbG5M0U&lc=Ugy_yqPvDFlxk4Huv1N4AaABAg,Ugy_yqPvDFlxk4Huv1N4AaABAg,UCNB-zyitm7U6Yt835DEKclA,"Fetched 05/24/2026, 8:08:10 PM GMT+8"
33783,@luibustamante9493,11 days ago,"Hello po mga kapatid tuloy lang po natin ang streaming 🎉🍓 /  / Shoutout po sa mga Kadiwa District Officers, hello guys 🤗🤗 /  / -Lokal ng Tuba",https://www.youtube.com/watch?v=ROa3kbG5M0U&lc=UgzJOqEFsHqRSCwGwqR4AaABAg,UgzJOqEFsHqRSCwGwqR4AaABAg,UCFAmrhDmv6rvZrQoYp-IS9w,"Fetched 05/24/2026, 8:08:10 PM GMT+8"
33784,@henrycaranto2644,11 days ago,Tuloy tuloy po tayo sa pag suporta Benguet ❤🎉 /  / From Kadiwa Officers❤,https://www.youtube.com/watch?v=ROa3kbG5M0U&lc=Ugxs89MPSMucWB8aVXd4AaABAg,Ugxs89MPSMucWB8aVXd4AaABAg,UCFilTOy22FklSkBIgwVPVaQ,"Fetched 05/24/2026, 8:08:10 PM GMT+8"
33785,@alfredoguiang5819,11 days ago,"Gud pm mga Kabagis,mula sa Marcos Hiway Benguet!",https://www.youtube.com/watch?v=ROa3kbG5M0U&lc=UgzvYUQV_3IKYuhmN9V4AaABAg,UgzvYUQV_3IKYuhmN9V4AaABAg,UCXcicHIgZXlT4gvXtL9-mqg,"Fetched 05/24/2026, 8:08:10 PM GMT+8"
33786,@BnHydn,11 days ago,"Magandang hapon po mga kapatid. Nananatiling sumusuporta mula sa lokal ng La Trinidad, Kapisanang Binhi.. / Let's go Benguet ♥️♥️♥️♥️",https://www.youtube.com/watch?v=ROa3kbG5M0U&lc=Ugx3x82zjGQQ4_r5BKp4AaABAg,Ugx3x82zjGQQ4_r5BKp4AaABAg,UCbVqbfs9vjTS-hPNArDNcFQ,"Fetched 05/24/2026, 8:08:10 PM GMT+8"
33787,@DenmarDelaCruz-j7z,11 days ago,Happy viewing local ng camp6❤,https://www.youtube.com/watch?v=ROa3kbG5M0U&lc=UgyLrbmBxNj7SNOdf494AaABAg,UgyLrbmBxNj7SNOdf494AaABAg,UCQRY2enrG7EU5BbC5vuWBkA,"Fetched 05/24/2026, 8:08:10 PM GMT+8"
33788,@kristine7303,11 days ago,Magandang hapon po sa lahat! Still listening AND watching po ang mga Taga Marcos Highway! /  / Let’s go full support mga KADIWA 💪🏻,https://www.youtube.com/watch?v=ROa3kbG5M0U&lc=UgzKmvvew7QaHo80Dkp4AaABAg,UgzKmvvew7QaHo80Dkp4AaABAg,UCJnlqat5vcPuV6GiDugaBnA,"Fetched 05/24/2026, 8:08:10 PM GMT+8"
33789,@jonieyonga-an5239,11 days ago,"Pagbati Po sa Tagapangasiwa Ng Distrito Ng Benguet, ang kapatid na Ardy Mendoza, maging sa Pangalawang Tagapangasiwa, nag kapatid na Ian Manalata 🎉 / Happy viewing po🎉",https://www.youtube.com/watch?v=ROa3kbG5M0U&lc=UgxcB0eLI2_aEHsS7tJ4AaABAg,UgxcB0eLI2_aEHsS7tJ4AaABAg,UCgUo3JP_Fffuctza4bUumJg,"Fetched 05/24/2026, 8:08:10 PM GMT+8"
33790,@jonieyonga-an5239,11 days ago,"Watching while eating lunch!!🎉 /  / Greetings Po sa mga Kadiwa at binhi natin jan, kumusta po🎉 /  / Mula Po sa lokal Ng Norcar Distrito Ng Benguet 🎉",https://www.youtube.com/watch?v=ROa3kbG5M0U&lc=Ugz-Ld0FvwBLIEj8wxN4AaABAg,Ugz-Ld0FvwBLIEj8wxN4AaABAg,UCgUo3JP_Fffuctza4bUumJg,"Fetched 05/24/2026, 8:08:10 PM GMT+8"
33791,@jonieyonga-an5239,11 days ago,Happy lunch Po mga kapatiddd 🎉🎉,https://www.youtube.com/watch?v=ROa3kbG5M0U&lc=UgzYFCmQxLZMbcu269N4AaABAg,UgzYFCmQxLZMbcu269N4AaABAg,UCgUo3JP_Fffuctza4bUumJg,"Fetched 05/24/2026, 8:08:10 PM GMT+8"
33792,@NorilynBayawoc-c7q,11 days ago,Mula po sa Lokal Ng camp6  Distrito Ng Benguet..happy viewing po...,https://www.youtube.com/watch?v=ROa3kbG5M0U&lc=Ugxf_VwkukKcdtIyORl4AaABAg,Ugxf_VwkukKcdtIyORl4AaABAg,UCXkASA6a4yyCYLFoeCbdz9A,"Fetched 05/24/2026, 8:08:10 PM GMT+8"
33793,@itzjazmegacha,11 days ago,It's lunch time! enjoy your lunch while rewatching the MV mga kapatid! Happy viewing po sainyo. lalo na sa mga kadiwa district officers ng distrito ng patuloy ang suporta at pagsubaybay! LET'S GO BENGUET! mula sa lokal ng Gibraltar,https://www.youtube.com/watch?v=ROa3kbG5M0U&lc=UgzwlEzskH7BSwalzwp4AaABAg,UgzwlEzskH7BSwalzwp4AaABAg,UChOp7W4eOfG4K8dXsHWSioA,"Fetched 05/24/2026, 8:08:10 PM GMT+8"
33794,@joelaganon6952,11 days ago,"Go Baguio City, 😅Benguet!",https://www.youtube.com/watch?v=ROa3kbG5M0U&lc=UgyE-E81JlErqzovMUN4AaABAg,UgyE-E81JlErqzovMUN4AaABAg,UChevvJfd5L6E5s2G__kuKtA,"Fetched 05/24/2026, 8:08:10 PM GMT+8"
33795,@Vey_B,11 days ago,Happy watching po! Pagbati po mula sa lokal ng Camp 8 Distrito ng Benguet,https://www.youtube.com/watch?v=ROa3kbG5M0U&lc=Ugwu4GAQMOC_05Nhdm94AaABAg,Ugwu4GAQMOC_05Nhdm94AaABAg,UCs0ieULo51Fa89D7xPRNENg,"Fetched 05/24/2026, 8:08:10 PM GMT+8"
33796,@NelvyAlmirol,11 days ago,❤watching from lokal ng tublay distrito ng benguet po,https://www.youtube.com/watch?v=ROa3kbG5M0U&lc=UgwlzMtj-bcH8J8v89x4AaABAg,UgwlzMtj-bcH8J8v89x4AaABAg,UCAvOGnKNG6p6D0xD7MtsabQ,"Fetched 05/24/2026, 8:08:10 PM GMT+8"
33797,@alibacelonia6681,11 days ago,"Binabati ko po lahat ng Maytungkulin sa Lokal ng Quezon Hill, Happy Viewing po mga kapatid 🥳",https://www.youtube.com/watch?v=ROa3kbG5M0U&lc=Ugz4i916ihhGiQLHXW94AaABAg,Ugz4i916ihhGiQLHXW94AaABAg,UC4Jmh5ItMYDiPIuVLOLfr-g,"Fetched 05/24/2026, 8:08:10 PM GMT+8"
33798,@alibacelonia6681,11 days ago,"Binabati ko po ang aming Napakagiting at Napakasipag na Tagapangasiwa, Ka Ardy Mendoza. Happy Viewing po mula sa Lokal ng Quezon Hill 🥳",https://www.youtube.com/watch?v=ROa3kbG5M0U&lc=UgzdILhLTU9d-zeB6TN4AaABAg,UgzdILhLTU9d-zeB6TN4AaABAg,UC4Jmh5ItMYDiPIuVLOLfr-g,"Fetched 05/24/2026, 8:08:10 PM GMT+8"
33799,@alibacelonia6681,11 days ago,"Binabati ko po ang napakapogi at napakasipag na KSKP namin, Ka John Felix Dungan. Happy viewing po mula po sa Lokal ng Quezon Hill 🥳",https://www.youtube.com/watch?v=ROa3kbG5M0U&lc=UgxZCbz4yu8kgMVdNaN4AaABAg,UgxZCbz4yu8kgMVdNaN4AaABAg,UC4Jmh5ItMYDiPIuVLOLfr-g,"Fetched 05/24/2026, 8:08:10 PM GMT+8"
33800,@lanlani.eaaaahn,11 days ago,"Happy viewing mula sa Lokal ng La Trinidad— let’s go, Benguet!!! ❤❤",https://www.youtube.com/watch?v=ROa3kbG5M0U&lc=UgzbRKFPI4odPhv5pFx4AaABAg,UgzbRKFPI4odPhv5pFx4AaABAg,UCxRF5ldmYBJWNlgtayRoTHg,"Fetched 05/24/2026, 8:08:10 PM GMT+8"
33801,@alibacelonia6681,11 days ago,"Binabati ko po ang napakasipag po naming Destinado sa Lokal na Quezon Hill, Ka Val Lanuza. Happy Viewing po 🥳",https://www.youtube.com/watch?v=ROa3kbG5M0U&lc=Ugwul1RW5Il95eHKgz54AaABAg,Ugwul1RW5Il95eHKgz54AaABAg,UC4Jmh5ItMYDiPIuVLOLfr-g,"Fetched 05/24/2026, 8:08:10 PM GMT+8"
33802,@alibacelonia6681,11 days ago,"Good Day, Brethen. Happy 12th Day of Viewing po from Lokal ng Quezon Hill 🥳",https://www.youtube.com/watch?v=ROa3kbG5M0U&lc=UgwTOm6w_zAYlU1V4v14AaABAg,UgwTOm6w_zAYlU1V4v14AaABAg,UC4Jmh5ItMYDiPIuVLOLfr-g,"Fetched 05/24/2026, 8:08:10 PM GMT+8"
33803,@joylee1468,11 days ago,Magandang tanghali po mula sa Lokal ng Atok Gold,https://www.youtube.com/watch?v=ROa3kbG5M0U&lc=UgykhOSv1Xn87v-smVB4AaABAg,UgykhOSv1Xn87v-smVB4AaABAg,UC7UWPgNV4p4GGKzoeFbHS8g,"Fetched 05/24/2026, 8:08:10 PM GMT+8"
33804,@joannevillamor5443,11 days ago,"Magandang tanghali sa lahat ng mga kapatid all over the world. /  / Watching from Local of Baguio City, Benguet.",https://www.youtube.com/watch?v=ROa3kbG5M0U&lc=Ugx0ZfVcynEd9phw_WZ4AaABAg,Ugx0ZfVcynEd9phw_WZ4AaABAg,UCUdqvb0fY6NruOlHUfvBFMA,"Fetched 05/24/2026, 8:08:10 PM GMT+8"
33805,@joylee1468,11 days ago,🎉🎉🎉 / God's Love / ❤❤❤ / His wondrous Love / ❤❤❤ / Lokal ng Atok Gold,https://www.youtube.com/watch?v=ROa3kbG5M0U&lc=UgxDyVTARELOndk75jF4AaABAg,UgxDyVTARELOndk75jF4AaABAg,UC7UWPgNV4p4GGKzoeFbHS8g,"Fetched 05/24/2026, 8:08:10 PM GMT+8"
33806,@joylee1468,11 days ago,😊😊😊 / Let's Go Benguet / ❤❤❤ / God's Love / 😊😊😊 / Lokal ng Atok Gold,https://www.youtube.com/watch?v=ROa3kbG5M0U&lc=UgxvrZ2QncLoRlLTBx14AaABAg,UgxvrZ2QncLoRlLTBx14AaABAg,UC7UWPgNV4p4GGKzoeFbHS8g,"Fetched 05/24/2026, 8:08:10 PM GMT+8"
33807,@yolandamabutas145,11 days ago,Good day po! Happy watching to All Kalihim & to our resident Minister Bro. Bert of Baguio city!:virtualhug:,https://www.youtube.com/watch?v=ROa3kbG5M0U&lc=UgwgV3o1sUFmxZ1UvPh4AaABAg,UgwgV3o1sUFmxZ1UvPh4AaABAg,UCFxShhg-2vQOCSqTUkGfxkA,"Fetched 05/24/2026, 8:08:10 PM GMT+8"
33808,@joylee1468,11 days ago,Watching po mula sa Lokal ng Atok Gold,https://www.youtube.com/watch?v=ROa3kbG5M0U&lc=Ugz9Amd3cFEwGuVr5o54AaABAg,Ugz9Amd3cFEwGuVr5o54AaABAg,UC7UWPgNV4p4GGKzoeFbHS8g,"Fetched 05/24/2026, 8:08:10 PM GMT+8"
33809,@ambrosioanofojr4444,11 days ago (edited),"Happy lunch po, happy viewing frm Lokal ng Norcar / Let's Go Benguet!",https://www.youtube.com/watch?v=ROa3kbG5M0U&lc=Ugy5_-ZmYy-NQyvNeeR4AaABAg,Ugy5_-ZmYy-NQyvNeeR4AaABAg,UCQACOM5LJpxnKpV1DM1bwew,"Fetched 05/24/2026, 8:08:10 PM GMT+8"
33810,@joylee1468,11 days ago,❤❤❤ / Lokal ng Atok Gold / ❤❤❤,https://www.youtube.com/watch?v=ROa3kbG5M0U&lc=UgxskxswvoRtgfWUThh4AaABAg,UgxskxswvoRtgfWUThh4AaABAg,UC7UWPgNV4p4GGKzoeFbHS8g,"Fetched 05/24/2026, 8:08:10 PM GMT+8"
33811,@joylee1468,11 days ago,happy watching po mula sa Lokal ng Atok Gold,https://www.youtube.com/watch?v=ROa3kbG5M0U&lc=UgwOhnc-pvjLAN5g4694AaABAg,UgwOhnc-pvjLAN5g4694AaABAg,UC7UWPgNV4p4GGKzoeFbHS8g,"Fetched 05/24/2026, 8:08:10 PM GMT+8"
33812,@iris_rbnn,11 days ago,"Let's Go Benguet, from Quezon Hill po❤",https://www.youtube.com/watch?v=ROa3kbG5M0U&lc=UgxFts3XJyhtOqxbfvZ4AaABAg,UgxFts3XJyhtOqxbfvZ4AaABAg,UCVu1kjWTTv1nnXzSI08lceQ,"Fetched 05/24/2026, 8:08:10 PM GMT+8"
33813,@iya-k7j,11 days ago,viewing from Locale of Atok Gold,https://www.youtube.com/watch?v=ROa3kbG5M0U&lc=Ugy8wVRm6D_sRMqN0jV4AaABAg,Ugy8wVRm6D_sRMqN0jV4AaABAg,UC_R2GfmFAjE8k8DgEjmtv7g,"Fetched 05/24/2026, 8:08:10 PM GMT+8"
33814,@kimberlysarmiento1034,11 days ago,"Despite our sins and shortcomings against Him, God still loves us❤❤ /  / Shout out to all Kadiwa District Officers of Benguet.. /  / Greetings from locale of Tuba🎉",https://www.youtube.com/watch?v=ROa3kbG5M0U&lc=Ugy_IVAcYWrNyFLnBPZ4AaABAg,Ugy_IVAcYWrNyFLnBPZ4AaABAg,UCds_RyKfMX7Xzg4PQRhf9NQ,"Fetched 05/24/2026, 8:08:10 PM GMT+8"
33815,@iya-k7j,11 days ago,Happy watching po mula sa Lokal ng Atok Gold,https://www.youtube.com/watch?v=ROa3kbG5M0U&lc=UgxqnXEIwynisFXNBFN4AaABAg,UgxqnXEIwynisFXNBFN4AaABAg,UC_R2GfmFAjE8k8DgEjmtv7g,"Fetched 05/24/2026, 8:08:10 PM GMT+8"
33816,@luibustamante9493,11 days ago,Magandang Tanghali po sa lahat ng Kapatid lalo na po sa mga madlang Kadiwa at Kadiwa Distrist Officers na talaga namang tulong-tulong at sama-sama sa pagstream.  /  /  / Happy lunch po 🍽🍽🤗🤗 /  / -Mula po sa Lokal ng Tuba,https://www.youtube.com/watch?v=ROa3kbG5M0U&lc=UgyvQ7q0EXl0TplJVIF4AaABAg,UgyvQ7q0EXl0TplJVIF4AaABAg,UCFAmrhDmv6rvZrQoYp-IS9w,"Fetched 05/24/2026, 8:08:10 PM GMT+8"
33817,@iya-k7j,11 days ago,God's Love / ❤❤❤ / His wondrous love / ❤❤❤. / Lokal ng Atok Gold,https://www.youtube.com/watch?v=ROa3kbG5M0U&lc=UgxJSP1Jl12qd_QDQbR4AaABAg,UgxJSP1Jl12qd_QDQbR4AaABAg,UC_R2GfmFAjE8k8DgEjmtv7g,"Fetched 05/24/2026, 8:08:10 PM GMT+8"
33818,@iya-k7j,11 days ago,😊😊😊 / magandang tanghali po / ❤❤❤ / God's Love / ❤❤❤ / Lokal ng Atok Gold,https://www.youtube.com/watch?v=ROa3kbG5M0U&lc=Ugxmf2uvSbIyuEKxCBZ4AaABAg,Ugxmf2uvSbIyuEKxCBZ4AaABAg,UC_R2GfmFAjE8k8DgEjmtv7g,"Fetched 05/24/2026, 8:08:10 PM GMT+8"
33819,@iya-k7j,11 days ago,Magandang hapon po / mula po sa lokal ng atok gold,https://www.youtube.com/watch?v=ROa3kbG5M0U&lc=Ugwujo_Rb1IUupd9Ndl4AaABAg,Ugwujo_Rb1IUupd9Ndl4AaABAg,UC_R2GfmFAjE8k8DgEjmtv7g,"Fetched 05/24/2026, 8:08:10 PM GMT+8"
33820,@iya-k7j,11 days ago,❤❤❤Go Benguet!!! / mula po sa kapisanang binhi lokal ng atok gold❤❤❤,https://www.youtube.com/watch?v=ROa3kbG5M0U&lc=Ugzt9LQLsfHkG7LtNP94AaABAg,Ugzt9LQLsfHkG7LtNP94AaABAg,UC_R2GfmFAjE8k8DgEjmtv7g,"Fetched 05/24/2026, 8:08:10 PM GMT+8"
33821,@TinyEnchanters,11 days ago (edited),"Magandang tanghali po sa lahat ng nanonood:clock-turquoise-looking-up: / -Irisan, Benguet (KALIHIM/REGISTRY)",https://www.youtube.com/watch?v=ROa3kbG5M0U&lc=UgyHZ3YKvCs4zI_YH7t4AaABAg,UgyHZ3YKvCs4zI_YH7t4AaABAg,UCIYazOuVxb5StkuFYFMoMsg,"Fetched 05/24/2026, 8:08:10 PM GMT+8"
33822,@almazanrhyndylyn,11 days ago,Hello po bago manood ng By Request. Susuportahan muna ang ating entry. /  / ❤ Lokal ng Norcar  / ❤ Benguet Kadiwa,https://www.youtube.com/watch?v=ROa3kbG5M0U&lc=UgzSHneZ9MFrgCmI8TV4AaABAg,UgzSHneZ9MFrgCmI8TV4AaABAg,UCEoQCNgytnJxjJnAQLSzFeA,"Fetched 05/24/2026, 8:08:10 PM GMT+8"
33823,@marjjram2564,11 days ago,"Magandang tanghali po sa lahat ng nanonood / -Irisan, Benguet (KALIHIMAN/REGISTRY) :popcorn-yellow-striped-smile:",https://www.youtube.com/watch?v=ROa3kbG5M0U&lc=Ugw-K1TKw9dfdGmsSWp4AaABAg,Ugw-K1TKw9dfdGmsSWp4AaABAg,UCDwjKO298z81OBfpzmclVWw,"Fetched 05/24/2026, 8:08:10 PM GMT+8"
33824,@JennilynLazaro-y5x6v,11 days ago,"Go, go, go BENGUET! ❤ / 🌸 Atok Gold",https://www.youtube.com/watch?v=ROa3kbG5M0U&lc=UgxNui2sKnY8W0ZShUt4AaABAg,UgxNui2sKnY8W0ZShUt4AaABAg,UCItB-k__Z6a289WuGtIxsbw,"Fetched 05/24/2026, 8:08:10 PM GMT+8"
33825,@JennilynLazaro-y5x6v,11 days ago,Happy viewing po from lokal ng ATOK GOLD,https://www.youtube.com/watch?v=ROa3kbG5M0U&lc=UgybWdDWSfPfmKNpFol4AaABAg,UgybWdDWSfPfmKNpFol4AaABAg,UCItB-k__Z6a289WuGtIxsbw,"Fetched 05/24/2026, 8:08:10 PM GMT+8"
33826,@danielsangalang4416,11 days ago,Baguio City!!!!FIGHT!!!,https://www.youtube.com/watch?v=ROa3kbG5M0U&lc=Ugw0pwHKPCdh_Y88BZ14AaABAg,Ugw0pwHKPCdh_Y88BZ14AaABAg,UCd83g5cGg_Es6Qyl02u7jdw,"Fetched 05/24/2026, 8:08:10 PM GMT+8"
33827,@gwynethcayabyab5981,11 days ago,"Happy lunch po mga kapatid, nood po tayo habang kumakain /  / Lets go benguet 🎉 / -Kadiwa officers",https://www.youtube.com/watch?v=ROa3kbG5M0U&lc=UgzWn45sNrlWYuzqKVl4AaABAg,UgzWn45sNrlWYuzqKVl4AaABAg,UCouodNvhL1bfJC2Fz0B_Rcw,"Fetched 05/24/2026, 8:08:10 PM GMT+8"
33828,@PicUpload-h5z,11 days ago,Happy Viewing po from Baguio City. /  /  / Baka gusto nyo po mag relax Hilot/Massage Dangwa Terminal Building Room 105 /  / 😁😁😁❤️,https://www.youtube.com/watch?v=ROa3kbG5M0U&lc=Ugwmjz3LceKiQGT6uS14AaABAg,Ugwmjz3LceKiQGT6uS14AaABAg,UCFHO2APppgKv3D9K_QV-JcA,"Fetched 05/24/2026, 8:08:10 PM GMT+8"
33829,@dayobohol5487,11 days ago,Binabati ko ang gwapong destinado namin jan sa lokal ng baguio city ka.mislang po. Happy viewing mga kapaitid,https://www.youtube.com/watch?v=ROa3kbG5M0U&lc=UgzgnjxJsOcRwEb0EuZ4AaABAg,UgzgnjxJsOcRwEb0EuZ4AaABAg,UCnRGnqKPM39foMzRCWJzKzw,"Fetched 05/24/2026, 8:08:10 PM GMT+8"
33830,@joylee1468,11 days ago,Happy watching po mula sa Lokal ng Atok Gold,https://www.youtube.com/watch?v=ROa3kbG5M0U&lc=Ugxzpzk7sbqHXT8JQyd4AaABAg,Ugxzpzk7sbqHXT8JQyd4AaABAg,UC7UWPgNV4p4GGKzoeFbHS8g,"Fetched 05/24/2026, 8:08:10 PM GMT+8"
33831,@jasminedaludado7262,11 days ago,Happy lunch po!!! / Let's keep on supporting mga kapatid❤ /  / -KADIWA MTs from Lokal ng Guisad,https://www.youtube.com/watch?v=ROa3kbG5M0U&lc=UgwSFjfxBp00L3x0VlF4AaABAg,UgwSFjfxBp00L3x0VlF4AaABAg,UCA4HVmdH2Xj67gK8nZmpiZg,"Fetched 05/24/2026, 8:08:10 PM GMT+8"
33832,@Art-z2p7n,11 days ago,Magandang tanghali po mga kptd Mula sa lokal ng Queson hill distrito ng Benguet,https://www.youtube.com/watch?v=ROa3kbG5M0U&lc=UgwzGAJMo6PqPSeTijB4AaABAg,UgwzGAJMo6PqPSeTijB4AaABAg,UCAV55P2W4ReJgvm2Eh3I7Iw,"Fetched 05/24/2026, 8:08:10 PM GMT+8"
33833,@Jerald-z6n,11 days ago,"Happy Viewing po mula sa Lokal ng Baguio City, Distrito ng Benguet",https://www.youtube.com/watch?v=ROa3kbG5M0U&lc=UgwksvbIjLW3Duz_QQl4AaABAg,UgwksvbIjLW3Duz_QQl4AaABAg,UC8g_QZnHM6Ifblgpu6cGOqQ,"Fetched 05/24/2026, 8:08:10 PM GMT+8"
33834,@joylee1468,11 days ago,magandang tanghali po mula sa Lokal ng Atok Gold,https://www.youtube.com/watch?v=ROa3kbG5M0U&lc=Ugy-zxFgBzcUtfKEhaZ4AaABAg,Ugy-zxFgBzcUtfKEhaZ4AaABAg,UC7UWPgNV4p4GGKzoeFbHS8g,"Fetched 05/24/2026, 8:08:10 PM GMT+8"
33835,@rejomartayaban,11 days ago,"Happyy lunch mga kabagis sa ating distrito happy viewing po mula sa Lokal ng La Trinidad, Benguet..",https://www.youtube.com/watch?v=ROa3kbG5M0U&lc=Ugx31lH-RN5SkK5pXX94AaABAg,Ugx31lH-RN5SkK5pXX94AaABAg,UCi7RYRPFL6HTFaScpYFJMJQ,"Fetched 05/24/2026, 8:08:10 PM GMT+8"
33836,@joylee1468,11 days ago,❤❤❤ / happy / viewing po / mula sa / Lokal ng Atok Gold,https://www.youtube.com/watch?v=ROa3kbG5M0U&lc=UgzuYrFVcOBPkK0gAnd4AaABAg,UgzuYrFVcOBPkK0gAnd4AaABAg,UC7UWPgNV4p4GGKzoeFbHS8g,"Fetched 05/24/2026, 8:08:10 PM GMT+8"
33837,@daisycastaneda7972,11 days ago,"SHOUT OUT  SA AKING MGA KA FRIENDS  SA LOKAL NG KAOSHNG, TAIWAN.HAPPY WATCHING  PO SA INYONG LAHAT, GREEETINGS MLA PO DITO SA LOKAL NG BAGUIO CITY, DISTRITO NG BENGUET.",https://www.youtube.com/watch?v=ROa3kbG5M0U&lc=UgwmoQrB2KxE3QmXLgJ4AaABAg,UgwmoQrB2KxE3QmXLgJ4AaABAg,UCD3NlGp4eLYcR2RGC7FwnKQ,"Fetched 05/24/2026, 8:08:10 PM GMT+8"
33838,@joylee1468,11 days ago,happy watching po mula sa Lokal ng Atok Gold,https://www.youtube.com/watch?v=ROa3kbG5M0U&lc=UgzknKj7QTrRnvE4x7N4AaABAg,UgzknKj7QTrRnvE4x7N4AaABAg,UC7UWPgNV4p4GGKzoeFbHS8g,"Fetched 05/24/2026, 8:08:10 PM GMT+8"
33839,@iris_rbnn,11 days ago,"Happy watching po, from lokal ng quezon Hill",https://www.youtube.com/watch?v=ROa3kbG5M0U&lc=UgxrAu5PYp96ntKQyrt4AaABAg,UgxrAu5PYp96ntKQyrt4AaABAg,UCVu1kjWTTv1nnXzSI08lceQ,"Fetched 05/24/2026, 8:08:10 PM GMT+8"
33840,@aracelieplanas683,11 days ago,"Hello po,watching w/ my workmates po,fr. local ng camp 6 distrito ng benguet😌",https://www.youtube.com/watch?v=ROa3kbG5M0U&lc=UgyREJam0fICELqhtF54AaABAg,UgyREJam0fICELqhtF54AaABAg,UChfVXzXyDPdGAcvlFrO6Cpg,"Fetched 05/24/2026, 8:08:10 PM GMT+8"
33841,@iris_rbnn,11 days ago,Watching from Lokal ng Quezon Hill,https://www.youtube.com/watch?v=ROa3kbG5M0U&lc=UgyyhFfEGBxOUK18uZ94AaABAg,UgyyhFfEGBxOUK18uZ94AaABAg,UCVu1kjWTTv1nnXzSI08lceQ,"Fetched 05/24/2026, 8:08:10 PM GMT+8"
33842,@jesibeldasilag8102,11 days ago,"Hello everyone, happy watching po. Mula po sa lokal ng Baguio City, Distrito Ng Benguet❤😊 /  / #BaguioCity / #FIGHTING_BAGUIOCITY❤😊",https://www.youtube.com/watch?v=ROa3kbG5M0U&lc=Ugy0pgDh_i4Rrsub1CN4AaABAg,Ugy0pgDh_i4Rrsub1CN4AaABAg,UCjgCGrc_KIvfJlbZAnczijg,"Fetched 05/24/2026, 8:08:10 PM GMT+8"
33843,@henrycaranto2644,11 days ago,Let’s Go Benguet🎉❤ /  / Happy Lunch po sa lahat ❤ /  / From lokal ng Baguio City and KADIWA Officers🎉❤,https://www.youtube.com/watch?v=ROa3kbG5M0U&lc=UgyUQt3FnkmPy99fpA54AaABAg,UgyUQt3FnkmPy99fpA54AaABAg,UCFilTOy22FklSkBIgwVPVaQ,"Fetched 05/24/2026, 8:08:10 PM GMT+8"
33844,@daisycastaneda7972,11 days ago,MALIGAYANG PANONOOD SA LAHAT NG MGA KALIHIM SA LOKAL NG BAGUIO CITY.,https://www.youtube.com/watch?v=ROa3kbG5M0U&lc=Ugxsvz1mRusUc5lN4ZZ4AaABAg,Ugxsvz1mRusUc5lN4ZZ4AaABAg,UCD3NlGp4eLYcR2RGC7FwnKQ,"Fetched 05/24/2026, 8:08:10 PM GMT+8"
33845,@BnHydn,11 days ago,Magandang tanghali po mga kapatid 💚  / Nonstop support ang mga kapatid sa Lokal ng La Trinidad. /  / Let's go Benguet 🍓,https://www.youtube.com/watch?v=ROa3kbG5M0U&lc=UgxWCpqoJWFjwuCBSw54AaABAg,UgxWCpqoJWFjwuCBSw54AaABAg,UCbVqbfs9vjTS-hPNArDNcFQ,"Fetched 05/24/2026, 8:08:10 PM GMT+8"
33846,@GloriaGarcia-uk5sm,11 days ago,Happy viewing fr Quezon  Hill Locale.,https://www.youtube.com/watch?v=ROa3kbG5M0U&lc=Ugw0CZ2PdKuqH9s3BVh4AaABAg,Ugw0CZ2PdKuqH9s3BVh4AaABAg,UCIoE16vBRU0iHPh5PNkr2CA,"Fetched 05/24/2026, 8:08:10 PM GMT+8"
33847,@Julskie28,11 days ago,Happy lunch po sa ating lahat! /  / Let's Go Benguet 🍓 🎉 /  / Hello sa mga kasamang KADIWA jan! /  / From lokal ng guisad,https://www.youtube.com/watch?v=ROa3kbG5M0U&lc=UgwPgI4cJEll83rsU2d4AaABAg,UgwPgI4cJEll83rsU2d4AaABAg,UC1nz0UiWHV8lyoQdZtJejeg,"Fetched 05/24/2026, 8:08:10 PM GMT+8"
33848,@daisycastaneda7972,11 days ago,"MASAYANG TANGHALIAN PO SA LAHAT , AT MALIGAYQNG PANOMOOD PO SA LAHAT NG KALIHIM SA DISTRITO NG ,BENGUET, PAGBATI PO MULA SA LOKAL NG BAGUIO CITY",https://www.youtube.com/watch?v=ROa3kbG5M0U&lc=UgyRv84k_p7Myi2yZfZ4AaABAg,UgyRv84k_p7Myi2yZfZ4AaABAg,UCD3NlGp4eLYcR2RGC7FwnKQ,"Fetched 05/24/2026, 8:08:10 PM GMT+8"
33849,@VladimirBuñag,11 days ago,Ecclesiastical District of Benguet /  / Show your support for this INCMV Entry and watch out for INCMV Awards 2026. / Greetings from Locale of Quezon Hill,https://www.youtube.com/watch?v=ROa3kbG5M0U&lc=UgwBPDK-ybeV2Gin6iZ4AaABAg,UgwBPDK-ybeV2Gin6iZ4AaABAg,UCf8UDwY7BGMXqO5l63juvrg,"Fetched 05/24/2026, 8:08:10 PM GMT+8"
33850,@reeseroxas8473,11 days ago,"Happy Viewing to all po!! Binabati po namin ang Destinado namin sa Lokal ng Baguio City, ang Kapatid na Norberto L. Mislang",https://www.youtube.com/watch?v=ROa3kbG5M0U&lc=UgyeP2qlXwXBeBZK0tF4AaABAg,UgyeP2qlXwXBeBZK0tF4AaABAg,UCKaOpMA1QPpOjmS7FBdl8Yw,"Fetched 05/24/2026, 8:08:10 PM GMT+8"
33851,@PELITANJennyClaireT,11 days ago,"Road to 20k viewss🎉(Let's go, Benguet). Happy continuous viewing poo.  / -Kadiwa, Lokal ng La Trinidad, Distrito ng Benguet <33",https://www.youtube.com/watch?v=ROa3kbG5M0U&lc=UgzLc8XJE1lHecNoQLZ4AaABAg,UgzLc8XJE1lHecNoQLZ4AaABAg,UCsVZgGkRnNqeIIOLxHiFR7A,"Fetched 05/24/2026, 8:08:10 PM GMT+8"
33852,@GreySantino,11 days ago,"happy viewing po from lokal ng baguio city, binabati kupo ang Garry Antonio",https://www.youtube.com/watch?v=ROa3kbG5M0U&lc=UgzFpBW17380Ijwvj3J4AaABAg,UgzFpBW17380Ijwvj3J4AaABAg,UCgmH8Vmu8sdTmagiLke9JGA,"Fetched 05/24/2026, 8:08:10 PM GMT+8"
33853,@grayvalentine770,11 days ago,"Happy watching po from lokal ng Baguio City,, pagbati po ky ka Romarl Mercado",https://www.youtube.com/watch?v=ROa3kbG5M0U&lc=UgwJymKV-N7puJAcNWZ4AaABAg,UgwJymKV-N7puJAcNWZ4AaABAg,UCA8J9BuI7nPbZ3E1OSaMTeg,"Fetched 05/24/2026, 8:08:10 PM GMT+8"
33854,@SendoAcquioben,11 days ago,Happy viewing nga kabagis,https://www.youtube.com/watch?v=ROa3kbG5M0U&lc=Ugw32Da2fCyge8cXwlZ4AaABAg,Ugw32Da2fCyge8cXwlZ4AaABAg,UCtsA26CLUVlnrCjiE3_yPOg,"Fetched 05/24/2026, 8:08:10 PM GMT+8"
33855,@jenniferbautista2545,11 days ago,Happy viewing po from lokal ng city camp distrito ng benguet❤️,https://www.youtube.com/watch?v=ROa3kbG5M0U&lc=UgynMJtC2_6STvzz8jx4AaABAg,UgynMJtC2_6STvzz8jx4AaABAg,UCxCpFTwnkoV14QuZlAzs23Q,"Fetched 05/24/2026, 8:08:10 PM GMT+8"
33856,@vhladbunag1121,11 days ago,Happy Wednesday @everyone!  /   / In our Lord God's power / You must believe! /  / Greetings from Locale of Quezon Hill District of Benguet!,https://www.youtube.com/watch?v=ROa3kbG5M0U&lc=UgyxGOmWI4oDCQEI_6V4AaABAg,UgyxGOmWI4oDCQEI_6V4AaABAg,UCHH_VRtlJD6DzNISAPGErTg,"Fetched 05/24/2026, 8:08:10 PM GMT+8"
33857,@daisycastaneda7972,11 days ago,"GO FOR THE WIN BENGUET,  MALIGAYANG PANONOOD PO SA LAHAT ,PAGBATI PO MULA SA LOKAL NG BAGUIO   CITY.",https://www.youtube.com/watch?v=ROa3kbG5M0U&lc=UgziKK4QBVugJE2zZOp4AaABAg,UgziKK4QBVugJE2zZOp4AaABAg,UCD3NlGp4eLYcR2RGC7FwnKQ,"Fetched 05/24/2026, 8:08:10 PM GMT+8"
33858,@BonLibatique-e8d,11 days ago,Goodafternoon po mga kapatid Happy Viewing po mula Sa Lokal po ng City Camp Distrito Ng Benguet 💚🤍❤️😊,https://www.youtube.com/watch?v=ROa3kbG5M0U&lc=UgyVDgtS26CKO5Y1vmJ4AaABAg,UgyVDgtS26CKO5Y1vmJ4AaABAg,UCEx2nNBfZne2ONyOiZaVBUw,"Fetched 05/24/2026, 8:08:10 PM GMT+8"
33859,@BonLibatique-e8d,11 days ago,Goodafternoon po mga kapatid Happy Viewing po mula Sa Lokal po ng City Camp Distrito Ng Benguet 💚🤍❤️😊,https://www.youtube.com/watch?v=ROa3kbG5M0U&lc=UgytnykAduFyHOkCV0R4AaABAg,UgytnykAduFyHOkCV0R4AaABAg,UCEx2nNBfZne2ONyOiZaVBUw,"Fetched 05/24/2026, 8:08:10 PM GMT+8"
33860,@BonLibatique-e8d,11 days ago,Goodafternoon po mga kapatid Happy Viewing po mula Sa Lokal po ng City Camp Distrito Ng Benguet 💚🤍❤️😊,https://www.youtube.com/watch?v=ROa3kbG5M0U&lc=Ugwu5BWB-SOsS9jt6tR4AaABAg,Ugwu5BWB-SOsS9jt6tR4AaABAg,UCEx2nNBfZne2ONyOiZaVBUw,"Fetched 05/24/2026, 8:08:10 PM GMT+8"
33861,@Jonnerguilod,11 days ago,"Let's Go Baguio City,Manood and Comment na po kasama ang inyong Lokal!",https://www.youtube.com/watch?v=ROa3kbG5M0U&lc=Ugw2kxz97qioVilYh6l4AaABAg,Ugw2kxz97qioVilYh6l4AaABAg,UCUziou_rMXx7lIZ3VI2K55Q,"Fetched 05/24/2026, 8:08:10 PM GMT+8"
33862,@axeliee-m5u,11 days ago,Happy Lunchh to everyone!!  /  / Happy viewing po from Lokal ng La Trinidad 🥀,https://www.youtube.com/watch?v=ROa3kbG5M0U&lc=UgzSzlaNZLHw3qcCaWp4AaABAg,UgzSzlaNZLHw3qcCaWp4AaABAg,UCxjmGS0yLlCMs4Fe-AqbHFw,"Fetched 05/24/2026, 8:08:10 PM GMT+8"
33863,@daisycastaneda7972,11 days ago,"MAGANDANG TANGHALI PO  MGA KAPATID HAPPY WATCHING PO ,LETS GO BENGUET,  PAGBATI PO MULA  SA LOKAL NG BAGUIO  CITY.",https://www.youtube.com/watch?v=ROa3kbG5M0U&lc=UgxJd1_0JYjXt3Z1a9V4AaABAg,UgxJd1_0JYjXt3Z1a9V4AaABAg,UCD3NlGp4eLYcR2RGC7FwnKQ,"Fetched 05/24/2026, 8:08:10 PM GMT+8"
33864,@rubygallardo-oribello8846,11 days ago,Baguio City locale 💚🤍❤️ FIGHT or FLIGHT? FIGHT 💚🤍❤️,https://www.youtube.com/watch?v=ROa3kbG5M0U&lc=Ugyxn_2Uj-pYlntRkf54AaABAg,Ugyxn_2Uj-pYlntRkf54AaABAg,UCvXHuFOxcNepXQz7uhe8qfQ,"Fetched 05/24/2026, 8:08:10 PM GMT+8"
33865,@JonnerGuilod-ye5rs,11 days ago,God's Love /  / Go Lokal ng Baguio City!,https://www.youtube.com/watch?v=ROa3kbG5M0U&lc=UgzBmcr7VpkcdSNBl4B4AaABAg,UgzBmcr7VpkcdSNBl4B4AaABAg,UCqAZvKcFKWAYBEWjNAhZEZw,"Fetched 05/24/2026, 8:08:10 PM GMT+8"
33866,@Michael-w8j8v,11 days ago,Greetings po sa lokal ng City Camp..happy viewing po..,https://www.youtube.com/watch?v=ROa3kbG5M0U&lc=UgzSakZndzKX_Ylpxz14AaABAg,UgzSakZndzKX_Ylpxz14AaABAg,UCfhuQZhT9DsqVKNCoKhqvPg,"Fetched 05/24/2026, 8:08:10 PM GMT+8"
33867,@valsisonlanuza9005,11 days ago,"happy viewing po sa KD ng Benguet, Ka Rico Puno, frm Quezon Hill, Benguet",https://www.youtube.com/watch?v=ROa3kbG5M0U&lc=Ugy_XVcK2IH_eK4o43x4AaABAg,Ugy_XVcK2IH_eK4o43x4AaABAg,UCw8tE9N_NVwFiXFI5fcgc7w,"Fetched 05/24/2026, 8:08:10 PM GMT+8"
33868,@delmarlandingin2735,11 days ago,"Good day po mga kapatid, enjoy po tayo for viewing, from lokal ng City Camp, Distrito ng Benguet",https://www.youtube.com/watch?v=ROa3kbG5M0U&lc=Ugz6vG6BJff3F_B91RV4AaABAg,Ugz6vG6BJff3F_B91RV4AaABAg,UCoRMjnJOAN9mZFy9q-5H8wA,"Fetched 05/24/2026, 8:08:10 PM GMT+8"
33869,@valsisonlanuza9005,11 days ago,"happy viewing po sa KSI ng Benguet, Ka Alvin Esguerra, frm Quezon Hill, Benguet",https://www.youtube.com/watch?v=ROa3kbG5M0U&lc=Ugw82aiyLhEjDMeB5TR4AaABAg,Ugw82aiyLhEjDMeB5TR4AaABAg,UCw8tE9N_NVwFiXFI5fcgc7w,"Fetched 05/24/2026, 8:08:10 PM GMT+8"
33870,@LennyLardizabal,11 days ago,"good afternoon po, happy viewing lokal Ng baguio ❤❤",https://www.youtube.com/watch?v=ROa3kbG5M0U&lc=Ugz1bnWmWVw17i3M2g54AaABAg,Ugz1bnWmWVw17i3M2g54AaABAg,UCWi4lSDQKNpAUv0fFowsqsQ,"Fetched 05/24/2026, 8:08:10 PM GMT+8"
33871,@ayeenbustarde9976,11 days ago,Mgndang tanghali po mula po sa lokal ng Quezon Hill,https://www.youtube.com/watch?v=ROa3kbG5M0U&lc=UgyxAQhlljCJoh2WMct4AaABAg,UgyxAQhlljCJoh2WMct4AaABAg,UCdMgpmhMwKPGjkJasOe7IKg,"Fetched 05/24/2026, 8:08:10 PM GMT+8"
33872,@elenamercado703,11 days ago,Happy Viewing po ❤❤❤#GOD'S LOVE❤❤❤❤ # BAGUIO CITY  # BENGUET,https://www.youtube.com/watch?v=ROa3kbG5M0U&lc=Ugwa2QTkAkxbfjvdpbh4AaABAg,Ugwa2QTkAkxbfjvdpbh4AaABAg,UCNozFZrWKHQlsgIMWyFmFIA,"Fetched 05/24/2026, 8:08:10 PM GMT+8"
33873,@valsisonlanuza9005,11 days ago,"happy viewing po sa KSP ng Benguet, Ka Noli Pineda, frm Quezon Hill, Benguet",https://www.youtube.com/watch?v=ROa3kbG5M0U&lc=UgxBvyuQRw6IoI5-dcV4AaABAg,UgxBvyuQRw6IoI5-dcV4AaABAg,UCw8tE9N_NVwFiXFI5fcgc7w,"Fetched 05/24/2026, 8:08:10 PM GMT+8"
33874,@EleanorMislang,11 days ago,Happy viewing po.from locale of Baguio city.❤️,https://www.youtube.com/watch?v=ROa3kbG5M0U&lc=UgyOAhlGZ397Hfyk67N4AaABAg,UgyOAhlGZ397Hfyk67N4AaABAg,UC-SX89r34HKuT1KlN8J7WTA,"Fetched 05/24/2026, 8:08:10 PM GMT+8"
33875,@cherrydevera8251,11 days ago,LET'S GOOOOO BENGUET🎉🎉🎉,https://www.youtube.com/watch?v=ROa3kbG5M0U&lc=Ugwnz-KC6buFxMhq8ZF4AaABAg,Ugwnz-KC6buFxMhq8ZF4AaABAg,UCrod3zHPNdFZBv-HyVuLJ3g,"Fetched 05/24/2026, 8:08:10 PM GMT+8"
33876,@valsisonlanuza9005,11 days ago (edited),"happy viewing po sa KSM ng Benguet, Ka Ramil Toledo, frm Quezon Hill, Benguet",https://www.youtube.com/watch?v=ROa3kbG5M0U&lc=UgwB8an8ggmGXXmw2gZ4AaABAg,UgwB8an8ggmGXXmw2gZ4AaABAg,UCw8tE9N_NVwFiXFI5fcgc7w,"Fetched 05/24/2026, 8:08:10 PM GMT+8"
33877,@joneliaantonio8670,11 days ago,"Good Hi noon po mga Kapatid,habang nanahi po Ako nanonood po Ako sa inyo,Ang gagaling po ninyo,watching po From Lokal Ng Camp 6 Distrito Ng Benguet.DIAKONESA po",https://www.youtube.com/watch?v=ROa3kbG5M0U&lc=Ugzh4Rk3ISGxNG019WB4AaABAg,Ugzh4Rk3ISGxNG019WB4AaABAg,UCkt96BCoTKDACRD28QJgRiw,"Fetched 05/24/2026, 8:08:10 PM GMT+8"
33878,@cherrydevera8251,11 days ago,Happy lunch time po everyone... Fr. Lokal ng Baguio City distrito ng Benguet.,https://www.youtube.com/watch?v=ROa3kbG5M0U&lc=Ugxd-5rMva7TOwkt_dl4AaABAg,Ugxd-5rMva7TOwkt_dl4AaABAg,UCrod3zHPNdFZBv-HyVuLJ3g,"Fetched 05/24/2026, 8:08:10 PM GMT+8"
33879,@elenamercado703,11 days ago,GO! GO! GO! BENGUET Baguio,https://www.youtube.com/watch?v=ROa3kbG5M0U&lc=UgzyY08QtwgBKEwtw8N4AaABAg,UgzyY08QtwgBKEwtw8N4AaABAg,UCNozFZrWKHQlsgIMWyFmFIA,"Fetched 05/24/2026, 8:08:10 PM GMT+8"
33880,@alta8675,11 days ago,"Happy viewing po mga Kapatid mula po sa Lokal ng Baguio City, Distrito ng Benguet!🫶",https://www.youtube.com/watch?v=ROa3kbG5M0U&lc=Ugwv6G_Jb5w7Tkh--q54AaABAg,Ugwv6G_Jb5w7Tkh--q54AaABAg,UCZ2d5yXRLvgIMr7i_9xFlSw,"Fetched 05/24/2026, 8:08:10 PM GMT+8"
33881,@tayabanrt,11 days ago,Happy Watching po habang kumakain mga kapatid. pagbati mula sa lokal ng La Trinidad.,https://www.youtube.com/watch?v=ROa3kbG5M0U&lc=UgyiWgJ69DAnwK3TBlB4AaABAg,UgyiWgJ69DAnwK3TBlB4AaABAg,UCCpOKu7HxJqnWctZ5fG9DZg,"Fetched 05/24/2026, 8:08:10 PM GMT+8"
33882,@johnreylucio8970,11 days ago,"Happy Lunch Everyone! With this kind of Music video, Is so satisfying,, Greetings po Mula sa Kadiwa sa lokal ng La Trinidad🥦🐑🍓",https://www.youtube.com/watch?v=ROa3kbG5M0U&lc=Ugx51F6kEHkI848luXp4AaABAg,Ugx51F6kEHkI848luXp4AaABAg,UCNMupRD4ySrN336KZpy29OA,"Fetched 05/24/2026, 8:08:10 PM GMT+8"
33883,@JonnerGuilod-ye5rs,11 days ago,"Lokal ng Baguio City,mga Kapatid nood na po!",https://www.youtube.com/watch?v=ROa3kbG5M0U&lc=Ugw37TBr74nFoyU4QBp4AaABAg,Ugw37TBr74nFoyU4QBp4AaABAg,UCqAZvKcFKWAYBEWjNAhZEZw,"Fetched 05/24/2026, 8:08:10 PM GMT+8"
33884,@JocelynAngsofan,11 days ago,"happy lunch po, patuloy na sumusuporta mula po sa lokal ng Pinsao, Distrito ng Benguet🥰",https://www.youtube.com/watch?v=ROa3kbG5M0U&lc=UgxugP50N4Py_MPQ1uB4AaABAg,UgxugP50N4Py_MPQ1uB4AaABAg,UCQuHB6XVkmo3wL7uCy2bF5w,"Fetched 05/24/2026, 8:08:10 PM GMT+8"
33885,@JonnerGuilod-ye5rs,11 days ago,"Watching po mula sa Lokal ng Baguio City! /  / Shout out po sa mga Binhi sa Lokal ng Binanga,nood na po mga Kapatid! /  / -BinDO",https://www.youtube.com/watch?v=ROa3kbG5M0U&lc=UgwMeX9vaICf_8fZMuh4AaABAg,UgwMeX9vaICf_8fZMuh4AaABAg,UCqAZvKcFKWAYBEWjNAhZEZw,"Fetched 05/24/2026, 8:08:10 PM GMT+8"
33886,@elenamercado703,11 days ago,Go! Go! Benguet BAGUIO CITY Fight Fight!!!!! ❤❤❤❤,https://www.youtube.com/watch?v=ROa3kbG5M0U&lc=UgyZ1LGnEAWONyPkYZR4AaABAg,UgyZ1LGnEAWONyPkYZR4AaABAg,UCNozFZrWKHQlsgIMWyFmFIA,"Fetched 05/24/2026, 8:08:10 PM GMT+8"
33887,@LibertyMabutas,11 days ago,Pagbatj po sa aming destinado ka Norberto Mislang,https://www.youtube.com/watch?v=ROa3kbG5M0U&lc=Ugx6T9V36xmvB9RhplJ4AaABAg,Ugx6T9V36xmvB9RhplJ4AaABAg,UCuH8dzTA7XHyY2pp_KsezwQ,"Fetched 05/24/2026, 8:08:10 PM GMT+8"
33888,@JonnerGuilod-ye5rs,11 days ago,Maligayang panonood po mula po sa Lokal ng Baguio City,https://www.youtube.com/watch?v=ROa3kbG5M0U&lc=UgzFZlgNRty4oYWUR7x4AaABAg,UgzFZlgNRty4oYWUR7x4AaABAg,UCqAZvKcFKWAYBEWjNAhZEZw,"Fetched 05/24/2026, 8:08:10 PM GMT+8"
33889,@elenamercado703,11 days ago,"Happy lunch and viewing po Shout out po sa LoKal Ng Baguio CIty Benguet❤❤❤❤#GOD,'S LOVE",https://www.youtube.com/watch?v=ROa3kbG5M0U&lc=Ugz7-x0-EyhcjVverQV4AaABAg,Ugz7-x0-EyhcjVverQV4AaABAg,UCNozFZrWKHQlsgIMWyFmFIA,"Fetched 05/24/2026, 8:08:10 PM GMT+8"
33890,@jonathancatiggay-j6y,11 days ago,"Happy viewing po Pagbati po Mula sa lokal Ng pinsao, distrito Ng Benguet",https://www.youtube.com/watch?v=ROa3kbG5M0U&lc=UgynxwoVxyOAy6Y4PX94AaABAg,UgynxwoVxyOAy6Y4PX94AaABAg,UCNLAwztd3VgOpHznyW7NcMw,"Fetched 05/24/2026, 8:08:10 PM GMT+8"
33891,@AleiliCaisip-f3g,11 days ago,Good afternoon po sa lahat ng kabagis. Masayang panonood po mula sa lokal ng Baguio City Distrito ng Benguet,https://www.youtube.com/watch?v=ROa3kbG5M0U&lc=Ugz5avdXVpmWiv2LAiN4AaABAg,Ugz5avdXVpmWiv2LAiN4AaABAg,UC6_X5vAPAhfo9Z2M4PLKJ1A,"Fetched 05/24/2026, 8:08:10 PM GMT+8"
33892,@janengo1283,11 days ago,"Mula po sa kagawaran ng Finance Baguio City,Happy veiwing po mga kapatid😊",https://www.youtube.com/watch?v=ROa3kbG5M0U&lc=UgxiTXAXg18_qNlbgnt4AaABAg,UgxiTXAXg18_qNlbgnt4AaABAg,UCQzK0PCPt6Nt4Wh9WQ68a0g,"Fetched 05/24/2026, 8:08:10 PM GMT+8"
33893,@elovzbandong,11 days ago,Magandang tanghali po mga kapatid mqligayang panonood fight or flight fight !!!Baguio City Benguet,https://www.youtube.com/watch?v=ROa3kbG5M0U&lc=UgwnC09aYKJP9_r7Mpd4AaABAg,UgwnC09aYKJP9_r7Mpd4AaABAg,UC7Ubr0w78loLhVVx1_lhWcA,"Fetched 05/24/2026, 8:08:10 PM GMT+8"
33894,@mariloujucar3208,11 days ago,"Happy viewing po K Eliah Felix Lagdao destinado NG Lokal NG Taloy SUR, Distrito ng Benguet...",https://www.youtube.com/watch?v=ROa3kbG5M0U&lc=UgyoCAk8-UDxBwsz6dB4AaABAg,UgyoCAk8-UDxBwsz6dB4AaABAg,UCMbn31xrNEnulUG5fdpH82w,"Fetched 05/24/2026, 8:08:10 PM GMT+8"
33895,@jonathancatiggay-j6y,11 days ago,Happy viewing po from lokal Ng pinsao distrito Ng Benguet.,https://www.youtube.com/watch?v=ROa3kbG5M0U&lc=UgxtDKhxrdjZjd73dFJ4AaABAg,UgxtDKhxrdjZjd73dFJ4AaABAg,UCNLAwztd3VgOpHznyW7NcMw,"Fetched 05/24/2026, 8:08:10 PM GMT+8"
33896,@NancyMoyano-r7u,11 days ago,Happy high noon po mga kapatid😊 / Still viewing and supporting po  / from Baguio locale... / Go Baguio! Go Benguet!!!,https://www.youtube.com/watch?v=ROa3kbG5M0U&lc=UgwI-9C5rqWMtPsZHsN4AaABAg,UgwI-9C5rqWMtPsZHsN4AaABAg,UCIZH5g0o-lHJidrq7pdjV5w,"Fetched 05/24/2026, 8:08:10 PM GMT+8"
33897,@jonathancatiggay-j6y,11 days ago,#pinsao go Benguet,https://www.youtube.com/watch?v=ROa3kbG5M0U&lc=UgyRecFWYSNT-IzvRbp4AaABAg,UgyRecFWYSNT-IzvRbp4AaABAg,UCNLAwztd3VgOpHznyW7NcMw,"Fetched 05/24/2026, 8:08:10 PM GMT+8"
33898,@LibertyMabutas,11 days ago,Maligayang panonood po sambahayan po Alfredo Mabutas,https://www.youtube.com/watch?v=ROa3kbG5M0U&lc=UgySYQWL7dXcdH23Z2t4AaABAg,UgySYQWL7dXcdH23Z2t4AaABAg,UCuH8dzTA7XHyY2pp_KsezwQ,"Fetched 05/24/2026, 8:08:10 PM GMT+8"
33899,@jazz-m7b,11 days ago,Let's go BENGUET 🍓 ❤🎉 /  / Supporting mula sa lokal ng La Trinidad 🪷,https://www.youtube.com/watch?v=ROa3kbG5M0U&lc=Ugwz9ObOOucZXPfQ6u14AaABAg,Ugwz9ObOOucZXPfQ6u14AaABAg,UCNB-zyitm7U6Yt835DEKclA,"Fetched 05/24/2026, 8:08:10 PM GMT+8"
33900,@LhexieTindo,11 days ago,"Happy viewing po, greetings po sa lahat ng maytungkulin sa kapisanan! ☺️ /  / from lokal po ng Baguio City. Let's Go BENGUET!! 🎉🍓",https://www.youtube.com/watch?v=ROa3kbG5M0U&lc=UgwWJ_3rNaprlWh1cnR4AaABAg,UgwWJ_3rNaprlWh1cnR4AaABAg,UCJ8gw3BSS_9BNm6KDY9I-ng,"Fetched 05/24/2026, 8:08:10 PM GMT+8"
33901,@mernelantonio776,11 days ago,Happy lunch and watching while in the seminar 😊 Shout out sa aming magiting na tagapangasiwa at pangalawa maging sa mga bumuo ng magandang  message vedio na ito😊 mabuhay kayo.. Go Benguet 🎊🎉 #1 / -Cam6,https://www.youtube.com/watch?v=ROa3kbG5M0U&lc=UgxbmCSQD6CQUxQxyxR4AaABAg,UgxbmCSQD6CQUxQxyxR4AaABAg,UCuvU9-9a12fDWd5vOsCsjQA,"Fetched 05/24/2026, 8:08:10 PM GMT+8"
33902,@LibertyMabutas,11 days ago,Go go Baguio city Benguet,https://www.youtube.com/watch?v=ROa3kbG5M0U&lc=UgySDLh6VjFmbQiN6NV4AaABAg,UgySDLh6VjFmbQiN6NV4AaABAg,UCuH8dzTA7XHyY2pp_KsezwQ,"Fetched 05/24/2026, 8:08:10 PM GMT+8"
33903,@boholhazeline05,11 days ago,Happy veiwing po Lokal ng Baguio city,https://www.youtube.com/watch?v=ROa3kbG5M0U&lc=Ugx3fFWBCmQzHJ-hU5t4AaABAg,Ugx3fFWBCmQzHJ-hU5t4AaABAg,UCNxuEnfuDgIEBwBrpx_Pl3w,"Fetched 05/24/2026, 8:08:10 PM GMT+8"
33904,@Jerald-z6n,11 days ago,"Happy Viewing po mula sa Lokal ng Baguio City, Distrito ng Benguet",https://www.youtube.com/watch?v=ROa3kbG5M0U&lc=UgwrGFMkgkS8fslPk694AaABAg,UgwrGFMkgkS8fslPk694AaABAg,UC8g_QZnHM6Ifblgpu6cGOqQ,"Fetched 05/24/2026, 8:08:10 PM GMT+8"
33905,@Jonnerguilod,11 days ago,Shout out po sa mga taga lokal ng Baguio City /  / -Lokal ng Baguio City,https://www.youtube.com/watch?v=ROa3kbG5M0U&lc=Ugx-WnwgcscxfYZGDNR4AaABAg,Ugx-WnwgcscxfYZGDNR4AaABAg,UCUziou_rMXx7lIZ3VI2K55Q,"Fetched 05/24/2026, 8:08:10 PM GMT+8"
33906,@Jonnerguilod,11 days ago,Watching po mula po sa Lokal ng Baguio City!,https://www.youtube.com/watch?v=ROa3kbG5M0U&lc=Ugw9y-v58bMt7SDgoXV4AaABAg,Ugw9y-v58bMt7SDgoXV4AaABAg,UCUziou_rMXx7lIZ3VI2K55Q,"Fetched 05/24/2026, 8:08:10 PM GMT+8"
33907,@JennilynLazaro-y5x6v,11 days ago,👋👋 greetings po mula sa Lokal ng Atok Gold❤,https://www.youtube.com/watch?v=ROa3kbG5M0U&lc=UgyWHKvF9ltcGSRmK8J4AaABAg,UgyWHKvF9ltcGSRmK8J4AaABAg,UCItB-k__Z6a289WuGtIxsbw,"Fetched 05/24/2026, 8:08:10 PM GMT+8"
33908,@Jonnerguilod,11 days ago,"Magandang Umaga po! / Watching po mula sa Lokal ng Baguio City! /  / Shout out po sa mga Binhi sa Lokal ng Beckel GWS,comment na po mga kapatid! /  / -BinDO",https://www.youtube.com/watch?v=ROa3kbG5M0U&lc=UgxZZ0lGIp5WAci1vgN4AaABAg,UgxZZ0lGIp5WAci1vgN4AaABAg,UCUziou_rMXx7lIZ3VI2K55Q,"Fetched 05/24/2026, 8:08:10 PM GMT+8"
33909,@JennilynLazaro-y5x6v,11 days ago,All out support from Lokal ng ATOK GOLD😊😊,https://www.youtube.com/watch?v=ROa3kbG5M0U&lc=Ugw0So-wxykUljoPcTR4AaABAg,Ugw0So-wxykUljoPcTR4AaABAg,UCItB-k__Z6a289WuGtIxsbw,"Fetched 05/24/2026, 8:08:10 PM GMT+8"
33910,@Vien.Bella-vu5rh4pz8b,11 days ago,Happy viewing po from lokal ng ATOK GOLD❤,https://www.youtube.com/watch?v=ROa3kbG5M0U&lc=UgyuzCDOSAOqgossQUh4AaABAg,UgyuzCDOSAOqgossQUh4AaABAg,UCB9NRJMQHTIobGeD1zbmbYA,"Fetched 05/24/2026, 8:08:10 PM GMT+8"
33911,@Vien.Bella-vu5rh4pz8b,11 days ago,Happy Lunch po mga kapatid. / ❤ atok gold,https://www.youtube.com/watch?v=ROa3kbG5M0U&lc=UgzvRFzenl7aViJ91QR4AaABAg,UgzvRFzenl7aViJ91QR4AaABAg,UCB9NRJMQHTIobGeD1zbmbYA,"Fetched 05/24/2026, 8:08:10 PM GMT+8"
33912,@Nolbonoob_1196,11 days ago,Happy viewing po mula sa Lokal ng Quezon Hill!,https://www.youtube.com/watch?v=ROa3kbG5M0U&lc=UgzpdRxXRe7aiFPYwNR4AaABAg,UgzpdRxXRe7aiFPYwNR4AaABAg,UC2quH2Bn65_OlQMWmwCkR7g,"Fetched 05/24/2026, 8:08:10 PM GMT+8"
33913,@Vien.Bella-vu5rh4pz8b,11 days ago (edited),Tuloy tuloy pa rin pong nakikiisa mula sa ATOK GOLD,https://www.youtube.com/watch?v=ROa3kbG5M0U&lc=UgzK8u_az4LNS0FZbRN4AaABAg,UgzK8u_az4LNS0FZbRN4AaABAg,UCB9NRJMQHTIobGeD1zbmbYA,"Fetched 05/24/2026, 8:08:10 PM GMT+8"
33914,@BnHydn_3,11 days ago,Let's go Benguet Let's go!!!! / Happy viewing to all ❤ / -Lokal ng La Trinidad,https://www.youtube.com/watch?v=ROa3kbG5M0U&lc=UgxgaXzUmlSB73-2I9J4AaABAg,UgxgaXzUmlSB73-2I9J4AaABAg,UCKZxY6b5mH_zsnldMnxGIpQ,"Fetched 05/24/2026, 8:08:10 PM GMT+8"
33915,@kristine7303,11 days ago,Tuloy pa rin po sa suporta ang mga KADIWA ng Lokal ng Marcos Highway! /  / ❤🎉❤🎉 /  / Happy lunch everyone!,https://www.youtube.com/watch?v=ROa3kbG5M0U&lc=UgziXPyDc2t0YeFiYjF4AaABAg,UgziXPyDc2t0YeFiYjF4AaABAg,UCJnlqat5vcPuV6GiDugaBnA,"Fetched 05/24/2026, 8:08:10 PM GMT+8"
33916,@BnHydn_2,11 days ago,2k like na!!! / Let's go Benguet  / Supporting from Locale Congregation of La Trinidad,https://www.youtube.com/watch?v=ROa3kbG5M0U&lc=UgyVS6xSjrbgZEJqdWN4AaABAg,UgyVS6xSjrbgZEJqdWN4AaABAg,UCFiIuFtStNyId62JOmMovbw,"Fetched 05/24/2026, 8:08:10 PM GMT+8"
33917,@BnHydn,11 days ago,Shoutout po sa mga nanonood!!! / -La Trinidad,https://www.youtube.com/watch?v=ROa3kbG5M0U&lc=Ugw-yNYIK9Y4XqAIcLJ4AaABAg,Ugw-yNYIK9Y4XqAIcLJ4AaABAg,UCbVqbfs9vjTS-hPNArDNcFQ,"Fetched 05/24/2026, 8:08:10 PM GMT+8"
33918,@ManuelTabile-r4f,11 days ago,Happy watching from local of kias district of benguet,https://www.youtube.com/watch?v=ROa3kbG5M0U&lc=UgxRY_wIqQ1kSWxKma14AaABAg,UgxRY_wIqQ1kSWxKma14AaABAg,UCylmb_Ks5cJ5UTdV_ysbMOA,"Fetched 05/24/2026, 8:08:10 PM GMT+8"
33919,@BnHydn,11 days ago,Go Benguet Go!!! / From lokal ng La Trinidad,https://www.youtube.com/watch?v=ROa3kbG5M0U&lc=Ugw329kR7SLD_3biJrh4AaABAg,Ugw329kR7SLD_3biJrh4AaABAg,UCbVqbfs9vjTS-hPNArDNcFQ,"Fetched 05/24/2026, 8:08:10 PM GMT+8"
33920,@JennilynLazaro-y5x6v,11 days ago,God's Love ❤❤ / ❤ atok gold,https://www.youtube.com/watch?v=ROa3kbG5M0U&lc=UgygZAVViyBMrK-zWwh4AaABAg,UgygZAVViyBMrK-zWwh4AaABAg,UCItB-k__Z6a289WuGtIxsbw,"Fetched 05/24/2026, 8:08:10 PM GMT+8"
33921,@BnHydn,11 days ago,"Maligayang panonood pooo🌼 / Happy viewing Mula sa lokal ng La Trinidad, Kapisanang Binhi",https://www.youtube.com/watch?v=ROa3kbG5M0U&lc=UgzcpEZtqxaAHcn0qDF4AaABAg,UgzcpEZtqxaAHcn0qDF4AaABAg,UCbVqbfs9vjTS-hPNArDNcFQ,"Fetched 05/24/2026, 8:08:10 PM GMT+8"
33922,@BnHydn,11 days ago,Sit back and relax. Enjoy this beautiful MV. / -Lokal ng La Trinidad,https://www.youtube.com/watch?v=ROa3kbG5M0U&lc=UgxgMK27K-9mrH_vAJZ4AaABAg,UgxgMK27K-9mrH_vAJZ4AaABAg,UCbVqbfs9vjTS-hPNArDNcFQ,"Fetched 05/24/2026, 8:08:10 PM GMT+8"
33923,@JennilynLazaro-y5x6v,11 days ago,Happy viewing po from Lokal ng ATOK GOLD,https://www.youtube.com/watch?v=ROa3kbG5M0U&lc=Ugx4LE7OCrMC9vwwWCN4AaABAg,Ugx4LE7OCrMC9vwwWCN4AaABAg,UCItB-k__Z6a289WuGtIxsbw,"Fetched 05/24/2026, 8:08:10 PM GMT+8"
33924,@almazanrhyndylyn,11 days ago,Happy Lunch po.  /  / Continuous support and love.  /  / From Local Congregation of Norcar /  / Hi po mga Kadiwa 👋👋,https://www.youtube.com/watch?v=ROa3kbG5M0U&lc=UgyZpa-iq2a0ukEuBVd4AaABAg,UgyZpa-iq2a0ukEuBVd4AaABAg,UCEoQCNgytnJxjJnAQLSzFeA,"Fetched 05/24/2026, 8:08:10 PM GMT+8"
33925,@BnHydn,11 days ago,Road to 20k views ❤❤❤ / -Lokal ng La Trinidad,https://www.youtube.com/watch?v=ROa3kbG5M0U&lc=UgwurUafh62IO9lPGsZ4AaABAg,UgwurUafh62IO9lPGsZ4AaABAg,UCbVqbfs9vjTS-hPNArDNcFQ,"Fetched 05/24/2026, 8:08:10 PM GMT+8"
33926,@EDSONSEPOL,11 days ago,"Happy viewing po while eating mga kapatid😊mula po dito sa lokal ng posos, benguet...",https://www.youtube.com/watch?v=ROa3kbG5M0U&lc=UgzhdL6R4c9hu92jGJh4AaABAg,UgzhdL6R4c9hu92jGJh4AaABAg,UChgsTw_5-VYICNEvVUOm5Jw,"Fetched 05/24/2026, 8:08:10 PM GMT+8"
33927,@JennilynLazaro-y5x6v,11 days ago,Go BENGUET! Go ATOK GOLD!,https://www.youtube.com/watch?v=ROa3kbG5M0U&lc=Ugw6wyJy8CZsJio3GCp4AaABAg,Ugw6wyJy8CZsJio3GCp4AaABAg,UCItB-k__Z6a289WuGtIxsbw,"Fetched 05/24/2026, 8:08:10 PM GMT+8"
33928,@BnHydn,11 days ago,Hi and happy watching mga kapatid! / -Lokal ng La Trinidad,https://www.youtube.com/watch?v=ROa3kbG5M0U&lc=UgytyXcZe2wjnmjZaTZ4AaABAg,UgytyXcZe2wjnmjZaTZ4AaABAg,UCbVqbfs9vjTS-hPNArDNcFQ,"Fetched 05/24/2026, 8:08:10 PM GMT+8"
33929,@JennilynLazaro-y5x6v,11 days ago,God's love is bigger than the ocean and brighter than the stars ❤❤ / Happy viewing po from Lokal ng ATOK GOLD 😊😊,https://www.youtube.com/watch?v=ROa3kbG5M0U&lc=UgxVr8kYZM3J2DpvcT94AaABAg,UgxVr8kYZM3J2DpvcT94AaABAg,UCItB-k__Z6a289WuGtIxsbw,"Fetched 05/24/2026, 8:08:10 PM GMT+8"
33930,@BnHydn,11 days ago,"Happy viewing to all  / "" From the Locale Congregation of La Trinidad""",https://www.youtube.com/watch?v=ROa3kbG5M0U&lc=UgwnQUn3U7Xo2ZHQIgB4AaABAg,UgwnQUn3U7Xo2ZHQIgB4AaABAg,UCbVqbfs9vjTS-hPNArDNcFQ,"Fetched 05/24/2026, 8:08:10 PM GMT+8"
33931,@BnHydn,11 days ago,♥️Let's go Benguet ♥️ / 💚 Local ng La Trinidad 💚,https://www.youtube.com/watch?v=ROa3kbG5M0U&lc=UgzorVEH4YD20iZXaJR4AaABAg,UgzorVEH4YD20iZXaJR4AaABAg,UCbVqbfs9vjTS-hPNArDNcFQ,"Fetched 05/24/2026, 8:08:10 PM GMT+8"
33932,@BnHydn,11 days ago,Binhi watchers 🤚 / -Lokal ng La Trinidad,https://www.youtube.com/watch?v=ROa3kbG5M0U&lc=Ugxd2mj9c2TJdFCocnV4AaABAg,Ugxd2mj9c2TJdFCocnV4AaABAg,UCbVqbfs9vjTS-hPNArDNcFQ,"Fetched 05/24/2026, 8:08:10 PM GMT+8"
33933,@BnHydn,11 days ago,Magandang tanghali po mga kapatid  / Watching this MV over and over. / -La Trinidad,https://www.youtube.com/watch?v=ROa3kbG5M0U&lc=UgwetCSlf-Bz2Ltq6hl4AaABAg,UgwetCSlf-Bz2Ltq6hl4AaABAg,UCbVqbfs9vjTS-hPNArDNcFQ,"Fetched 05/24/2026, 8:08:10 PM GMT+8"
33934,@PELITANJennyClaireT,11 days ago,"Happy lunch and glimpsing po. Greetings mula sa Lokal ng La Trinidad, Distrito ng Benguet, Kapisanang Kadiwa 🎉  / (Let's go, Benguet 🥔)",https://www.youtube.com/watch?v=ROa3kbG5M0U&lc=Ugyvx7PPoqisXbWEeal4AaABAg,Ugyvx7PPoqisXbWEeal4AaABAg,UCsVZgGkRnNqeIIOLxHiFR7A,"Fetched 05/24/2026, 8:08:10 PM GMT+8"
33935,@JennilynLazaro-y5x6v,11 days ago,GOD'S LOVE 😊😊 / ❤ atok gold,https://www.youtube.com/watch?v=ROa3kbG5M0U&lc=UgyLk9_Vxi9owTVdP0Z4AaABAg,UgyLk9_Vxi9owTVdP0Z4AaABAg,UCItB-k__Z6a289WuGtIxsbw,"Fetched 05/24/2026, 8:08:10 PM GMT+8"
33936,@BnHydn,11 days ago,Napakaganda talaga. / Full support from the Locale Congregation of La Trinidad,https://www.youtube.com/watch?v=ROa3kbG5M0U&lc=UgwHSdNk7axeqkdVAVZ4AaABAg,UgwHSdNk7axeqkdVAVZ4AaABAg,UCbVqbfs9vjTS-hPNArDNcFQ,"Fetched 05/24/2026, 8:08:10 PM GMT+8"
33937,@jeanietugad4595,11 days ago,",,pagbati po sa mga Buklod ng Atok Gold, maligayang panonood.,,",https://www.youtube.com/watch?v=ROa3kbG5M0U&lc=Ugy3unLShh6AEdFTt0R4AaABAg,Ugy3unLShh6AEdFTt0R4AaABAg,UC4-hT99A9u-aH7hnm5JCSfg,"Fetched 05/24/2026, 8:08:10 PM GMT+8"
33938,@BnHydn,11 days ago,Happy viewing po / From lokal ng La Trinidad,https://www.youtube.com/watch?v=ROa3kbG5M0U&lc=Ugx5Pw6Es_vsK_HLt-N4AaABAg,Ugx5Pw6Es_vsK_HLt-N4AaABAg,UCbVqbfs9vjTS-hPNArDNcFQ,"Fetched 05/24/2026, 8:08:10 PM GMT+8"
33939,@kylaantonio5655,11 days ago,Magandang tanghali po . Mula po sa Lokal ng Megaroyale Distrito ng Benguet.,https://www.youtube.com/watch?v=ROa3kbG5M0U&lc=Ugx9o8W5V8YWvB89siB4AaABAg,Ugx9o8W5V8YWvB89siB4AaABAg,UCtDOm3XHlToWoHS1hIEftlg,"Fetched 05/24/2026, 8:08:10 PM GMT+8"
33940,@BnHydn,11 days ago,Go go Benguet 🍓 mula sa lokal ng La Trinidad,https://www.youtube.com/watch?v=ROa3kbG5M0U&lc=Ugxh2gSReV6ROrBsfDV4AaABAg,Ugxh2gSReV6ROrBsfDV4AaABAg,UCbVqbfs9vjTS-hPNArDNcFQ,"Fetched 05/24/2026, 8:08:10 PM GMT+8"
33941,@jonieyonga-an5239,11 days ago,Mula Po sa lokal Ng Norcar Distrito Ng Benguet 🎉🎉,https://www.youtube.com/watch?v=ROa3kbG5M0U&lc=UgwVnu6SorWw-pWMZTd4AaABAg,UgwVnu6SorWw-pWMZTd4AaABAg,UCgUo3JP_Fffuctza4bUumJg,"Fetched 05/24/2026, 8:08:10 PM GMT+8"
33942,@jonieyonga-an5239,11 days ago,Kape parinn ang panlaban mga kapatid HAHAHA / Pagbati Po sa mga Kadiwa at binhi natin jan🎉🎉,https://www.youtube.com/watch?v=ROa3kbG5M0U&lc=UgxROlomGgY6h7Dxk5F4AaABAg,UgxROlomGgY6h7Dxk5F4AaABAg,UCgUo3JP_Fffuctza4bUumJg,"Fetched 05/24/2026, 8:08:10 PM GMT+8"
33943,@jonieyonga-an5239,11 days ago,Let's gooo Benguettt 🎉,https://www.youtube.com/watch?v=ROa3kbG5M0U&lc=Ugzx1X1wVeNHapjgmPp4AaABAg,Ugzx1X1wVeNHapjgmPp4AaABAg,UCgUo3JP_Fffuctza4bUumJg,"Fetched 05/24/2026, 8:08:10 PM GMT+8"
33944,@Vien.Bella-vu5rh4pz8b,11 days ago,BENGUET #1 / 💻🎧 atok gold,https://www.youtube.com/watch?v=ROa3kbG5M0U&lc=UgwUPeyXxOpYUWLSZQV4AaABAg,UgwUPeyXxOpYUWLSZQV4AaABAg,UCB9NRJMQHTIobGeD1zbmbYA,"Fetched 05/24/2026, 8:08:10 PM GMT+8"
33945,@jeanietugad4595,11 days ago,",,Go go Benguet,, patuloy po tayong manood,, Atok Gold,,,Kalihiman/Registry.",https://www.youtube.com/watch?v=ROa3kbG5M0U&lc=UgyK5kSwfTOoid6LE454AaABAg,UgyK5kSwfTOoid6LE454AaABAg,UC4-hT99A9u-aH7hnm5JCSfg,"Fetched 05/24/2026, 8:08:10 PM GMT+8"
33946,@Vien.Bella-vu5rh4pz8b,11 days ago,Road to 20K views ❤ / pagbati mula po sa ATOK GOLD,https://www.youtube.com/watch?v=ROa3kbG5M0U&lc=UgyYxDVeG3U-V6yQo0J4AaABAg,UgyYxDVeG3U-V6yQo0J4AaABAg,UCB9NRJMQHTIobGeD1zbmbYA,"Fetched 05/24/2026, 8:08:10 PM GMT+8"
33947,@caselynmosqueda1826,11 days ago,Happy viewing po. Mula po sa lokal ng Quezon Hill ❤,https://www.youtube.com/watch?v=ROa3kbG5M0U&lc=UgxmoJFfSCgh3SBJUG94AaABAg,UgxmoJFfSCgh3SBJUG94AaABAg,UCiBxvMgZCmS-j7PwstIktEw,"Fetched 05/24/2026, 8:08:10 PM GMT+8"
33948,@JennilynLazaro-y5x6v,11 days ago,BENGUET 🏆🥇 / 🌸 Atok Gold 🇮🇹🇮🇹🇮🇹,https://www.youtube.com/watch?v=ROa3kbG5M0U&lc=UgyHcN-Tf95Olud8s1N4AaABAg,UgyHcN-Tf95Olud8s1N4AaABAg,UCItB-k__Z6a289WuGtIxsbw,"Fetched 05/24/2026, 8:08:10 PM GMT+8"
33949,@ivymorenomaravilla,11 days ago,watching from Lokal ng Baguio City🎉🎉🎉,https://www.youtube.com/watch?v=ROa3kbG5M0U&lc=UgwE9dmfCoI9V6hstmZ4AaABAg,UgwE9dmfCoI9V6hstmZ4AaABAg,UC32rXNkKQhO9c-YLliCwYLg,"Fetched 05/24/2026, 8:08:10 PM GMT+8"
33950,@JennilynLazaro-y5x6v,11 days ago,GOD'S LOVE❤❤ / 🌸 Atok Gold / 🌸 Kagawaran ng Mang-aawit / 🌸 Kapisanang Buklod,https://www.youtube.com/watch?v=ROa3kbG5M0U&lc=UgxKb2UAmXPhFyfdtWl4AaABAg,UgxKb2UAmXPhFyfdtWl4AaABAg,UCItB-k__Z6a289WuGtIxsbw,"Fetched 05/24/2026, 8:08:10 PM GMT+8"
33951,@JennilynLazaro-y5x6v,11 days ago,go go BENGUET / nakasupporta po ang aming lokal mula sa ATOK GOLD 😊😊,https://www.youtube.com/watch?v=ROa3kbG5M0U&lc=Ugw4G3Aju2H-GhnqjHJ4AaABAg,Ugw4G3Aju2H-GhnqjHJ4AaABAg,UCItB-k__Z6a289WuGtIxsbw,"Fetched 05/24/2026, 8:08:10 PM GMT+8"
33952,@EdranelPascua,11 days ago,"Pagbati ng kapayapaan mula sa Lokal ng Baguio City, nawa’y manatili ang pagmamahalan sa bawat isa.",https://www.youtube.com/watch?v=ROa3kbG5M0U&lc=UgxvzuH70eA3OHgLkiN4AaABAg,UgxvzuH70eA3OHgLkiN4AaABAg,UCzBPzldgIaR-_uLOvvVZA-Q,"Fetched 05/24/2026, 8:08:10 PM GMT+8"
33953,@EdranelPascua,11 days ago,"Mainit na pagbati mula sa Lokal ng Baguio City, nawa’y maging masagana ang inyong araw.",https://www.youtube.com/watch?v=ROa3kbG5M0U&lc=Ugx-KJFi9oYuMjevw9x4AaABAg,Ugx-KJFi9oYuMjevw9x4AaABAg,UCzBPzldgIaR-_uLOvvVZA-Q,"Fetched 05/24/2026, 8:08:10 PM GMT+8"
33954,@JennilynLazaro-y5x6v,11 days ago,Maligayang Panonood po. / from lokal ng ATOK GOLD,https://www.youtube.com/watch?v=ROa3kbG5M0U&lc=UgzCC54EpKlEmNZQsUN4AaABAg,UgzCC54EpKlEmNZQsUN4AaABAg,UCItB-k__Z6a289WuGtIxsbw,"Fetched 05/24/2026, 8:08:10 PM GMT+8"
33955,@EdranelPascua,11 days ago,"Happy viewing po sa lahat mula sa Lokal ng Baguio City, patuloy tayong magkaisa sa inspirasyon.",https://www.youtube.com/watch?v=ROa3kbG5M0U&lc=Ugxg8kx6SUQlwKzMtLt4AaABAg,Ugxg8kx6SUQlwKzMtLt4AaABAg,UCzBPzldgIaR-_uLOvvVZA-Q,"Fetched 05/24/2026, 8:08:10 PM GMT+8"
33956,@EdranelPascua,11 days ago,"Pagbati po mula sa Lokal ng Baguio City, nawa’y maging makabuluhan ang bawat sandali.",https://www.youtube.com/watch?v=ROa3kbG5M0U&lc=UgzA4nS-jvj7uxfIX_94AaABAg,UgzA4nS-jvj7uxfIX_94AaABAg,UCzBPzldgIaR-_uLOvvVZA-Q,"Fetched 05/24/2026, 8:08:10 PM GMT+8"
33957,@EdranelPascua,11 days ago,"Nakikiisa po kami mula sa Lokal ng Baguio City, nawa’y maging masaya ang inyong panonood.",https://www.youtube.com/watch?v=ROa3kbG5M0U&lc=Ugw4JpMrhFK1yA-t1X94AaABAg,Ugw4JpMrhFK1yA-t1X94AaABAg,UCzBPzldgIaR-_uLOvvVZA-Q,"Fetched 05/24/2026, 8:08:10 PM GMT+8"
33958,@LorealLagdao,11 days ago,"GOD'S LOVE will always prevail ☝️  / Watching from Balatoc, Benguet 💛",https://www.youtube.com/watch?v=ROa3kbG5M0U&lc=UgxH5GY0tghvGFc8e1p4AaABAg,UgxH5GY0tghvGFc8e1p4AaABAg,UCBJ-tIjN8X7cn9Pa6oZNvpQ,"Fetched 05/24/2026, 8:08:10 PM GMT+8"
33959,@MatthewDaoa-w7u,11 days ago,Salamat po sa love and positivity. from Lokal ng Baguio City,https://www.youtube.com/watch?v=ROa3kbG5M0U&lc=UgzL_gPYNF4IT7C7g014AaABAg,UgzL_gPYNF4IT7C7g014AaABAg,UC_iVysNvciTxaWkP_A6jO5A,"Fetched 05/24/2026, 8:08:10 PM GMT+8"
33960,@MatthewDaoa-w7u,11 days ago,Napaka-powerful po ng inyong message. from Lokal ng Baguio City,https://www.youtube.com/watch?v=ROa3kbG5M0U&lc=UgwkTtHkrIfYBGbDw5l4AaABAg,UgwkTtHkrIfYBGbDw5l4AaABAg,UC_iVysNvciTxaWkP_A6jO5A,"Fetched 05/24/2026, 8:08:10 PM GMT+8"
33961,@MatthewDaoa-w7u,11 days ago,Sending heartfelt support from Lokal ng Baguio City.,https://www.youtube.com/watch?v=ROa3kbG5M0U&lc=Ugynwe2EZZtdCbdmVN14AaABAg,Ugynwe2EZZtdCbdmVN14AaABAg,UC_iVysNvciTxaWkP_A6jO5A,"Fetched 05/24/2026, 8:08:10 PM GMT+8"
33962,@MatthewDaoa-w7u,11 days ago,Nakaka-bless po ang inyong testimonies. from Lokal ng Baguio City,https://www.youtube.com/watch?v=ROa3kbG5M0U&lc=UgwEVMJPKHFKxvlYCsV4AaABAg,UgwEVMJPKHFKxvlYCsV4AaABAg,UC_iVysNvciTxaWkP_A6jO5A,"Fetched 05/24/2026, 8:08:10 PM GMT+8"
33963,@MatthewDaoa-w7u,11 days ago,God bless po ang inyong mission. from Lokal ng Baguio City,https://www.youtube.com/watch?v=ROa3kbG5M0U&lc=Ugz33wA-1UiPazAH_mR4AaABAg,Ugz33wA-1UiPazAH_mR4AaABAg,UC_iVysNvciTxaWkP_A6jO5A,"Fetched 05/24/2026, 8:08:10 PM GMT+8"
33964,@MatthewDaoa-w7u,11 days ago,Truly inspiring and heartwarming po. from Lokal ng Baguio City,https://www.youtube.com/watch?v=ROa3kbG5M0U&lc=Ugwr0sfwmBMxvRkaAOd4AaABAg,Ugwr0sfwmBMxvRkaAOd4AaABAg,UC_iVysNvciTxaWkP_A6jO5A,"Fetched 05/24/2026, 8:08:10 PM GMT+8"
33965,@MatthewDaoa-w7u,11 days ago,More blessings and success po! from Lokal ng Baguio City,https://www.youtube.com/watch?v=ROa3kbG5M0U&lc=Ugz8SR4Nnz5_ErE8bPN4AaABAg,Ugz8SR4Nnz5_ErE8bPN4AaABAg,UC_iVysNvciTxaWkP_A6jO5A,"Fetched 05/24/2026, 8:08:10 PM GMT+8"
33966,@EdranelPascua,11 days ago,Mainit na pagbati mula sa Lokal ng Baguio City 🌟👋,https://www.youtube.com/watch?v=ROa3kbG5M0U&lc=UgzaoPHBzX9YljZolU14AaABAg,UgzaoPHBzX9YljZolU14AaABAg,UCzBPzldgIaR-_uLOvvVZA-Q,"Fetched 05/24/2026, 8:08:10 PM GMT+8"
33967,@gwynethcayabyab5981,11 days ago,Lets go benguet🎉  maligayang panonood / Pagbati po mula sa mga kadiwa 🎉,https://www.youtube.com/watch?v=ROa3kbG5M0U&lc=UgymSCziM448lt7AjvF4AaABAg,UgymSCziM448lt7AjvF4AaABAg,UCouodNvhL1bfJC2Fz0B_Rcw,"Fetched 05/24/2026, 8:08:10 PM GMT+8"
33968,@MatthewDaoa-w7u,11 days ago,Nakakatuwa pong mapanood ang ganitong videos. from Lokal ng Baguio City,https://www.youtube.com/watch?v=ROa3kbG5M0U&lc=Ugw8sQvaoEuiPb7qftp4AaABAg,Ugw8sQvaoEuiPb7qftp4AaABAg,UC_iVysNvciTxaWkP_A6jO5A,"Fetched 05/24/2026, 8:08:10 PM GMT+8"
33969,@MatthewDaoa-w7u,11 days ago,Salamat po sa inyong dedication. from Lokal ng Baguio City,https://www.youtube.com/watch?v=ROa3kbG5M0U&lc=UgyxAq7D8szyC7M4I2p4AaABAg,UgyxAq7D8szyC7M4I2p4AaABAg,UC_iVysNvciTxaWkP_A6jO5A,"Fetched 05/24/2026, 8:08:10 PM GMT+8"
33970,@MatthewDaoa-w7u,11 days ago,Continue spreading hope and faith po. from Lokal ng Baguio City,https://www.youtube.com/watch?v=ROa3kbG5M0U&lc=Ugwk6-Mr_5Lr7lDyWjh4AaABAg,Ugwk6-Mr_5Lr7lDyWjh4AaABAg,UC_iVysNvciTxaWkP_A6jO5A,"Fetched 05/24/2026, 8:08:10 PM GMT+8"
33971,@EdranelPascua,11 days ago,Nakikiisa po kami mula sa Lokal ng Baguio City 😊👋,https://www.youtube.com/watch?v=ROa3kbG5M0U&lc=UgyCzuzVAvuDtt9dMbl4AaABAg,UgyCzuzVAvuDtt9dMbl4AaABAg,UCzBPzldgIaR-_uLOvvVZA-Q,"Fetched 05/24/2026, 8:08:10 PM GMT+8"
33972,@Vien.Bella-vu5rh4pz8b,11 days ago,❤❤GOD'S LOVE / ATOK GOLD  / ATOK GOLD,https://www.youtube.com/watch?v=ROa3kbG5M0U&lc=UgwoEK_Yz4DzerJP-pV4AaABAg,UgwoEK_Yz4DzerJP-pV4AaABAg,UCB9NRJMQHTIobGeD1zbmbYA,"Fetched 05/24/2026, 8:08:10 PM GMT+8"
33973,@MatthewDaoa-w7u,11 days ago,Napakagandang content po para sa lahat. from Lokal ng Baguio City,https://www.youtube.com/watch?v=ROa3kbG5M0U&lc=UgwKcIzjT7QjmJMjPjF4AaABAg,UgwKcIzjT7QjmJMjPjF4AaABAg,UC_iVysNvciTxaWkP_A6jO5A,"Fetched 05/24/2026, 8:08:10 PM GMT+8"
33974,@MatthewDaoa-w7u,11 days ago,God’s love reaches everyone. ❤ from Lokal ng Baguio City,https://www.youtube.com/watch?v=ROa3kbG5M0U&lc=UgyZGTIHf0dnCNuvEC14AaABAg,UgyZGTIHf0dnCNuvEC14AaABAg,UC_iVysNvciTxaWkP_A6jO5A,"Fetched 05/24/2026, 8:08:10 PM GMT+8"
33975,@EdranelPascua,11 days ago,Maligayang panonood mula sa Lokal ng Baguio City 🌸😊,https://www.youtube.com/watch?v=ROa3kbG5M0U&lc=UgxOSog-42ujuWtPP2N4AaABAg,UgxOSog-42ujuWtPP2N4AaABAg,UCzBPzldgIaR-_uLOvvVZA-Q,"Fetched 05/24/2026, 8:08:10 PM GMT+8"
33976,@MatthewDaoa-w7u,11 days ago,Ang saya pong makita ang unity sa Benguet. from Lokal ng Baguio City,https://www.youtube.com/watch?v=ROa3kbG5M0U&lc=UgzaHeL08J6EcFAlfLV4AaABAg,UgzaHeL08J6EcFAlfLV4AaABAg,UC_iVysNvciTxaWkP_A6jO5A,"Fetched 05/24/2026, 8:08:10 PM GMT+8"
33977,@EdranelPascua,11 days ago,Mainit na pagbati mula sa Lokal ng Baguio City 🌟😊,https://www.youtube.com/watch?v=ROa3kbG5M0U&lc=UgyGYz360Chxz-jbVuh4AaABAg,UgyGYz360Chxz-jbVuh4AaABAg,UCzBPzldgIaR-_uLOvvVZA-Q,"Fetched 05/24/2026, 8:08:10 PM GMT+8"
33978,@MatthewDaoa-w7u,11 days ago,Warm greetings and prayers from Baguio! 🙏 from Lokal ng Baguio City,https://www.youtube.com/watch?v=ROa3kbG5M0U&lc=Ugw-ybrZs-pd1Zh4GIx4AaABAg,Ugw-ybrZs-pd1Zh4GIx4AaABAg,UC_iVysNvciTxaWkP_A6jO5A,"Fetched 05/24/2026, 8:08:10 PM GMT+8"
33979,@EdranelPascua,11 days ago,Masayang panonood po sa lahat mula sa Lokal ng Baguio City 🎉👋,https://www.youtube.com/watch?v=ROa3kbG5M0U&lc=UgzsDvPtGHIWf4T1NaR4AaABAg,UgzsDvPtGHIWf4T1NaR4AaABAg,UCzBPzldgIaR-_uLOvvVZA-Q,"Fetched 05/24/2026, 8:08:10 PM GMT+8"
33980,@MatthewDaoa-w7u,11 days ago,Salamat po sa inspiring words. from Lokal ng Baguio City,https://www.youtube.com/watch?v=ROa3kbG5M0U&lc=UgxZh0Gu8sP_KENj_G54AaABAg,UgxZh0Gu8sP_KENj_G54AaABAg,UC_iVysNvciTxaWkP_A6jO5A,"Fetched 05/24/2026, 8:08:10 PM GMT+8"
33981,@Vien.Bella-vu5rh4pz8b,11 days ago,happy viewing po mula sa lokal ng ATOK GOLD❤,https://www.youtube.com/watch?v=ROa3kbG5M0U&lc=UgyAxVqkq6kETUxr9C14AaABAg,UgyAxVqkq6kETUxr9C14AaABAg,UCB9NRJMQHTIobGeD1zbmbYA,"Fetched 05/24/2026, 8:08:10 PM GMT+8"
33982,@MatthewDaoa-w7u,11 days ago,Ang galing pong ipakita ang faith and love. from Lokal ng Baguio City,https://www.youtube.com/watch?v=ROa3kbG5M0U&lc=UgyhtujAZj_CP9UoKcp4AaABAg,UgyhtujAZj_CP9UoKcp4AaABAg,UC_iVysNvciTxaWkP_A6jO5A,"Fetched 05/24/2026, 8:08:10 PM GMT+8"
33983,@MatthewDaoa-w7u,11 days ago,God bless po sa inyong lahat. from Lokal ng Baguio City,https://www.youtube.com/watch?v=ROa3kbG5M0U&lc=UgwNzvgXAilnKTccyf54AaABAg,UgwNzvgXAilnKTccyf54AaABAg,UC_iVysNvciTxaWkP_A6jO5A,"Fetched 05/24/2026, 8:08:10 PM GMT+8"
33984,@MatthewDaoa-w7u,11 days ago,Tunay pong nakakagaan ng pakiramdam ang video. from Lokal ng Baguio City,https://www.youtube.com/watch?v=ROa3kbG5M0U&lc=UgzrMTB1kKasdG0dugp4AaABAg,UgzrMTB1kKasdG0dugp4AaABAg,UC_iVysNvciTxaWkP_A6jO5A,"Fetched 05/24/2026, 8:08:10 PM GMT+8"
33985,@MatthewDaoa-w7u,11 days ago,Napakaganda pong panoorin kasama ang pamilya. from Lokal ng Baguio City,https://www.youtube.com/watch?v=ROa3kbG5M0U&lc=UgzqW75_QDvPlFS0JZZ4AaABAg,UgzqW75_QDvPlFS0JZZ4AaABAg,UC_iVysNvciTxaWkP_A6jO5A,"Fetched 05/24/2026, 8:08:10 PM GMT+8"
33986,@EdranelPascua,11 days ago,Masayang pagbati mula sa Lokal ng Baguio City 🙌💖,https://www.youtube.com/watch?v=ROa3kbG5M0U&lc=Ugxg9_yaj-GLz4xXzAd4AaABAg,Ugxg9_yaj-GLz4xXzAd4AaABAg,UCzBPzldgIaR-_uLOvvVZA-Q,"Fetched 05/24/2026, 8:08:10 PM GMT+8"
33987,@MatthewDaoa-w7u,11 days ago,Patuloy pong magbigay inspirasyon sa marami. from Lokal ng Baguio City,https://www.youtube.com/watch?v=ROa3kbG5M0U&lc=Ugzq-yt4oHx3zXWR42J4AaABAg,Ugzq-yt4oHx3zXWR42J4AaABAg,UC_iVysNvciTxaWkP_A6jO5A,"Fetched 05/24/2026, 8:08:10 PM GMT+8"
33988,@Vien.Bella-vu5rh4pz8b,11 days ago,"Atok Gold 👋 / Go go go, BENGUET!!",https://www.youtube.com/watch?v=ROa3kbG5M0U&lc=UgwZiSXm9N4GYXAaLxp4AaABAg,UgwZiSXm9N4GYXAaLxp4AaABAg,UCB9NRJMQHTIobGeD1zbmbYA,"Fetched 05/24/2026, 8:08:10 PM GMT+8"
33989,@MatthewDaoa-w7u,11 days ago,Thank you po for sharing God’s love. from Lokal ng Baguio City,https://www.youtube.com/watch?v=ROa3kbG5M0U&lc=UgypuUiimQy5CBa8lfp4AaABAg,UgypuUiimQy5CBa8lfp4AaABAg,UC_iVysNvciTxaWkP_A6jO5A,"Fetched 05/24/2026, 8:08:10 PM GMT+8"
33990,@EdranelPascua,11 days ago,Pagbati po mula sa Lokal ng Baguio City 🎉😊,https://www.youtube.com/watch?v=ROa3kbG5M0U&lc=Ugxc7HJGk-zdOMIyV754AaABAg,Ugxc7HJGk-zdOMIyV754AaABAg,UCzBPzldgIaR-_uLOvvVZA-Q,"Fetched 05/24/2026, 8:08:10 PM GMT+8"
33991,@MatthewDaoa-w7u,11 days ago,Ang comforting po ng inyong message. from Lokal ng Baguio City,https://www.youtube.com/watch?v=ROa3kbG5M0U&lc=UgyD1wUib1JCHglhMN94AaABAg,UgyD1wUib1JCHglhMN94AaABAg,UC_iVysNvciTxaWkP_A6jO5A,"Fetched 05/24/2026, 8:08:10 PM GMT+8"
33992,@EdranelPascua,11 days ago,Happy viewing po sa lahat mula sa Lokal ng Baguio City 👋🌟,https://www.youtube.com/watch?v=ROa3kbG5M0U&lc=UgwqvCq431DNa3XJxT94AaABAg,UgwqvCq431DNa3XJxT94AaABAg,UCzBPzldgIaR-_uLOvvVZA-Q,"Fetched 05/24/2026, 8:08:10 PM GMT+8"
33993,@joylee1468,11 days ago,good morning po mula sa Lokal ng Atok Gold,https://www.youtube.com/watch?v=ROa3kbG5M0U&lc=UgzVJJhyyVTEpY51K3h4AaABAg,UgzVJJhyyVTEpY51K3h4AaABAg,UC7UWPgNV4p4GGKzoeFbHS8g,"Fetched 05/24/2026, 8:08:10 PM GMT+8"
33994,@MatthewDaoa-w7u,11 days ago,Sending support from Lokal ng Baguio City! ❤ from Lokal ng Baguio City,https://www.youtube.com/watch?v=ROa3kbG5M0U&lc=UgzZNZKlm3bntCuwbeF4AaABAg,UgzZNZKlm3bntCuwbeF4AaABAg,UC_iVysNvciTxaWkP_A6jO5A,"Fetched 05/24/2026, 8:08:10 PM GMT+8"
33995,@EdranelPascua,11 days ago,Nakikiisa po kami mula sa Lokal ng Baguio City 😊🙏,https://www.youtube.com/watch?v=ROa3kbG5M0U&lc=Ugwvm_q2FVkWNizxrqZ4AaABAg,Ugwvm_q2FVkWNizxrqZ4AaABAg,UCzBPzldgIaR-_uLOvvVZA-Q,"Fetched 05/24/2026, 8:08:10 PM GMT+8"
33996,@MatthewDaoa-w7u,11 days ago,Nakaka-encourage po ang inyong channel. from Lokal ng Baguio City,https://www.youtube.com/watch?v=ROa3kbG5M0U&lc=Ugy4mVA_x_HNBUB9Nip4AaABAg,Ugy4mVA_x_HNBUB9Nip4AaABAg,UC_iVysNvciTxaWkP_A6jO5A,"Fetched 05/24/2026, 8:08:10 PM GMT+8"
33997,@ivymorenomaravilla,11 days ago (edited),watching from Lokal ng Baguio City!🎉,https://www.youtube.com/watch?v=ROa3kbG5M0U&lc=UgyEqJxx9eU1x4WGeHd4AaABAg,UgyEqJxx9eU1x4WGeHd4AaABAg,UC32rXNkKQhO9c-YLliCwYLg,"Fetched 05/24/2026, 8:08:10 PM GMT+8"
33998,@MatthewDaoa-w7u,11 days ago,Purihin ang Panginoon sa Kanyang pagmamahal! 🙏 from Lokal ng Baguio City,https://www.youtube.com/watch?v=ROa3kbG5M0U&lc=Ugwc_JMBOpHWp_wEUW54AaABAg,Ugwc_JMBOpHWp_wEUW54AaABAg,UC_iVysNvciTxaWkP_A6jO5A,"Fetched 05/24/2026, 8:08:10 PM GMT+8"
33999,@EdranelPascua,11 days ago,Maligayang pagbati mula sa Lokal ng Baguio City 🌸🌟,https://www.youtube.com/watch?v=ROa3kbG5M0U&lc=Ugw7L_BTWZbrcM8w0Ed4AaABAg,Ugw7L_BTWZbrcM8w0Ed4AaABAg,UCzBPzldgIaR-_uLOvvVZA-Q,"Fetched 05/24/2026, 8:08:10 PM GMT+8"
34000,@MatthewDaoa-w7u,11 days ago,Salamat po sa pagpapalaganap ng kabutihan. from Lokal ng Baguio City,https://www.youtube.com/watch?v=ROa3kbG5M0U&lc=Ugy1fgYFdJaxCvzngul4AaABAg,Ugy1fgYFdJaxCvzngul4AaABAg,UC_iVysNvciTxaWkP_A6jO5A,"Fetched 05/24/2026, 8:08:10 PM GMT+8"
