12001,@BnHydn_4,5 days ago,Keep on supporting mga kapatid 🎉 / -Lokal ng La Trinidad,https://www.youtube.com/watch?v=ROa3kbG5M0U&lc=UgxbC8oGyDsDuB-ybXp4AaABAg,UgxbC8oGyDsDuB-ybXp4AaABAg,UCBGtwATEAOhJaVSd9_AsgFw,"Fetched 05/24/2026, 8:08:10 PM GMT+8"
12002,@bengao-an9216,5 days ago,Mgandang Hapon po sa lhat.. Mula sa lokal ng La Trinidad,https://www.youtube.com/watch?v=ROa3kbG5M0U&lc=Ugw91dIwap42BnO67s54AaABAg,Ugw91dIwap42BnO67s54AaABAg,UCTuh6lT9KphLHTbIU-xiheQ,"Fetched 05/24/2026, 8:08:10 PM GMT+8"
12003,@cherrydevera8251,5 days ago,FIGHT / FIGHT / FIGHT / BENGUET / Lokal ng Baguio City ❤,https://www.youtube.com/watch?v=ROa3kbG5M0U&lc=UgyWHqgRl3sPt9JnlJJ4AaABAg,UgyWHqgRl3sPt9JnlJJ4AaABAg,UCrod3zHPNdFZBv-HyVuLJ3g,"Fetched 05/24/2026, 8:08:10 PM GMT+8"
12004,@cherrydevera8251,5 days ago,Happy merienda po mga kapatid❤❤❤ / Lokal ng Baguio City,https://www.youtube.com/watch?v=ROa3kbG5M0U&lc=UgyfitaPJ3DAZFVHpYd4AaABAg,UgyfitaPJ3DAZFVHpYd4AaABAg,UCrod3zHPNdFZBv-HyVuLJ3g,"Fetched 05/24/2026, 8:08:10 PM GMT+8"
12005,@BnHydn_4,5 days ago,🙌 Good afternoon everyone 🌄 nakasubaybay mula po sa lokal ng La Trinidad ⚡🌻,https://www.youtube.com/watch?v=ROa3kbG5M0U&lc=UgyteiISdVnF8GP63l54AaABAg,UgyteiISdVnF8GP63l54AaABAg,UCBGtwATEAOhJaVSd9_AsgFw,"Fetched 05/24/2026, 8:08:10 PM GMT+8"
12006,@bernadetteligew9074,5 days ago,Keep watching po#Kias,https://www.youtube.com/watch?v=ROa3kbG5M0U&lc=Ugyq9G8cKbNzuu9563N4AaABAg,Ugyq9G8cKbNzuu9563N4AaABAg,UC6vn09nux_X-v6--dq0mSGQ,"Fetched 05/24/2026, 8:08:10 PM GMT+8"
12007,@almazanrhyndylyn,5 days ago,Muling panonood at patuloy pong pagsuporta.   /  / Go Go Go Benguet!!!!! / FIGHT! FIGHT! FIGHT! /  / Maalinsangang hapon po. /  / Mula sa Lokal ng Norcar at Kapisanang Kadiwa.,https://www.youtube.com/watch?v=ROa3kbG5M0U&lc=Ugy_GiGV6MgcPt2I27t4AaABAg,Ugy_GiGV6MgcPt2I27t4AaABAg,UCEoQCNgytnJxjJnAQLSzFeA,"Fetched 05/24/2026, 8:08:10 PM GMT+8"
12008,@rachelmariemaniacup6084,5 days ago,"Happy viewing po sa lahat! Magandang hapon po, from Marcos Highway, district of Benguet!🥰",https://www.youtube.com/watch?v=ROa3kbG5M0U&lc=Ugw3Kwq3nQt3WbdZMeh4AaABAg,Ugw3Kwq3nQt3WbdZMeh4AaABAg,UCgg3xBQl1TPBsKjNibQRmaA,"Fetched 05/24/2026, 8:08:10 PM GMT+8"
12009,@lynalfonso7298,5 days ago (edited),Gud day po mga kapatid  happy  watchingpo❤🎉 from lokal ng buyagan benguet,https://www.youtube.com/watch?v=ROa3kbG5M0U&lc=Ugz4L0Vl60coV0KbYLh4AaABAg,Ugz4L0Vl60coV0KbYLh4AaABAg,UC0J5cu_OQ8mVHptw23M-T1Q,"Fetched 05/24/2026, 8:08:10 PM GMT+8"
12010,@BnHydn_4,5 days ago,"Happy viewing po 🎉🎊 / -Lokal ng La Trinidad, Kapisanang Binhi 🌱",https://www.youtube.com/watch?v=ROa3kbG5M0U&lc=UgzlW0gkkjssOEJ0kFl4AaABAg,UgzlW0gkkjssOEJ0kFl4AaABAg,UCBGtwATEAOhJaVSd9_AsgFw,"Fetched 05/24/2026, 8:08:10 PM GMT+8"
12011,@jonadelacruz1790,5 days ago (edited),"Watching from Lokal ng Guisad, Distrito ng Benguet. Enjoy mga kapatid❤",https://www.youtube.com/watch?v=ROa3kbG5M0U&lc=Ugx1gscdQ8Y4QjN67lN4AaABAg,Ugx1gscdQ8Y4QjN67lN4AaABAg,UCkoi4scG8h7ByKW6CstbHyA,"Fetched 05/24/2026, 8:08:10 PM GMT+8"
12012,@johnreylucio8970,5 days ago,Keep on watching po kami dito po sa Lokal ng La Trinidad ❤,https://www.youtube.com/watch?v=ROa3kbG5M0U&lc=Ugwp-OyKttv3d_WrKjB4AaABAg,Ugwp-OyKttv3d_WrKjB4AaABAg,UCNMupRD4ySrN336KZpy29OA,"Fetched 05/24/2026, 8:08:10 PM GMT+8"
12013,@JHONLEE-i6s,5 days ago,Happy viewing po from lokal ng atok gold,https://www.youtube.com/watch?v=ROa3kbG5M0U&lc=UgzMM7_6gb_VkXGyW6F4AaABAg,UgzMM7_6gb_VkXGyW6F4AaABAg,UC1Uska7ZxPvVEJaqUiE4s3w,"Fetched 05/24/2026, 8:08:10 PM GMT+8"
12014,@Adliselb,5 days ago,Meryenda time......incmv time na....😊😊😊😊😊 Baguio city...,https://www.youtube.com/watch?v=ROa3kbG5M0U&lc=UgyQZtJyFBtK7aFhI3V4AaABAg,UgyQZtJyFBtK7aFhI3V4AaABAg,UCqdcIovy1nUIY294NOXH8LQ,"Fetched 05/24/2026, 8:08:10 PM GMT+8"
12015,@curlinapril,5 days ago,"Maligayang panonood sa lahat ng mga kapatid sa buong mundo mula sa Yadan family ng lokal ng San Luis Maulberry-GWS,  distrito ng Benguet.  Go Benguet ❤",https://www.youtube.com/watch?v=ROa3kbG5M0U&lc=UgxbQf1pJD6VX0hXdnp4AaABAg,UgxbQf1pJD6VX0hXdnp4AaABAg,UC2wWDNSQgQGpOC0tm9yc0Fg,"Fetched 05/24/2026, 8:08:10 PM GMT+8"
12016,@clynemijares1671,5 days ago,Yes yes PNK Guisad,https://www.youtube.com/watch?v=ROa3kbG5M0U&lc=UgwyrsJEHguja38Goy54AaABAg,UgwyrsJEHguja38Goy54AaABAg,UCmH4mxlc82EwSOTWo_S8AbQ,"Fetched 05/24/2026, 8:08:10 PM GMT+8"
12017,@MatthewDaoa-w7u,5 days ago,Lovely concept and execution overall. From the locale of Baguio City.,https://www.youtube.com/watch?v=ROa3kbG5M0U&lc=Ugx5oniwokBvPIdTVcd4AaABAg,Ugx5oniwokBvPIdTVcd4AaABAg,UC_iVysNvciTxaWkP_A6jO5A,"Fetched 05/24/2026, 8:08:10 PM GMT+8"
12018,@MatthewDaoa-w7u,5 days ago,Meaningful art with strong emotions. From the locale of Baguio City.,https://www.youtube.com/watch?v=ROa3kbG5M0U&lc=UgxdZCR5phZAUqk87IZ4AaABAg,UgxdZCR5phZAUqk87IZ4AaABAg,UC_iVysNvciTxaWkP_A6jO5A,"Fetched 05/24/2026, 8:08:10 PM GMT+8"
12019,@MatthewDaoa-w7u,5 days ago,Pure dedication can be seen here. From the locale of Baguio City.,https://www.youtube.com/watch?v=ROa3kbG5M0U&lc=UgzSnToauE9XDQmxbGJ4AaABAg,UgzSnToauE9XDQmxbGJ4AaABAg,UC_iVysNvciTxaWkP_A6jO5A,"Fetched 05/24/2026, 8:08:10 PM GMT+8"
12020,@MatthewDaoa,5 days ago,"Very enjoyable and inspiring, mula po sa lokal ng Baguio City.",https://www.youtube.com/watch?v=ROa3kbG5M0U&lc=UgwbVG_M0gIPcomGVcV4AaABAg,UgwbVG_M0gIPcomGVcV4AaABAg,UCbkQ9_wG0Bx85fAK7aZwTPQ,"Fetched 05/24/2026, 8:08:10 PM GMT+8"
12021,@MatthewDaoa,5 days ago,"Remarkable talent displayed here, mula po sa lokal ng Baguio City.",https://www.youtube.com/watch?v=ROa3kbG5M0U&lc=Ugw7Bm8gL9pH0zzzPR54AaABAg,Ugw7Bm8gL9pH0zzzPR54AaABAg,UCbkQ9_wG0Bx85fAK7aZwTPQ,"Fetched 05/24/2026, 8:08:10 PM GMT+8"
12022,@MatthewDaoa,5 days ago,"Brilliant storytelling and message, mula po sa lokal ng Baguio City.",https://www.youtube.com/watch?v=ROa3kbG5M0U&lc=Ugw-2E-JIE1J23d9ypN4AaABAg,Ugw-2E-JIE1J23d9ypN4AaABAg,UCbkQ9_wG0Bx85fAK7aZwTPQ,"Fetched 05/24/2026, 8:08:10 PM GMT+8"
12023,@EdranelPascua,5 days ago,"Happy viewing po mula sa Lokal ng Baguio City, napakaayos po ng production quality.",https://www.youtube.com/watch?v=ROa3kbG5M0U&lc=Ugx1Fwmx1MU6-UTxBnZ4AaABAg,Ugx1Fwmx1MU6-UTxBnZ4AaABAg,UCzBPzldgIaR-_uLOvvVZA-Q,"Fetched 05/24/2026, 8:08:10 PM GMT+8"
12024,@jeffymateus1010,5 days ago,Greetings to my loving wife na bday po ngayon😅😅😅🎉🎉🎉🎉🎉🎉🎉 BENGUET !!!! FIGHT FIGHT FIGHT,https://www.youtube.com/watch?v=ROa3kbG5M0U&lc=Ugz--qUPsaWqwSFEroh4AaABAg,Ugz--qUPsaWqwSFEroh4AaABAg,UCHtVwXfuaXFwMM2E8FuKkjg,"Fetched 05/24/2026, 8:08:10 PM GMT+8"
12025,@EdranelPascua,5 days ago,"Greetings po mula sa Lokal ng Baguio City, kahanga-hanga po ang overall presentation.",https://www.youtube.com/watch?v=ROa3kbG5M0U&lc=Ugyhlvxc3Eu-DnyF2VR4AaABAg,Ugyhlvxc3Eu-DnyF2VR4AaABAg,UCzBPzldgIaR-_uLOvvVZA-Q,"Fetched 05/24/2026, 8:08:10 PM GMT+8"
12026,@EdranelPascua,5 days ago,"Mainit na pagbati mula sa Lokal ng Baguio City, sobrang smooth po ng transitions.",https://www.youtube.com/watch?v=ROa3kbG5M0U&lc=UgwN9VxX3g7Skb9luP54AaABAg,UgwN9VxX3g7Skb9luP54AaABAg,UCzBPzldgIaR-_uLOvvVZA-Q,"Fetched 05/24/2026, 8:08:10 PM GMT+8"
12027,@MatthewDaoa-w7u,5 days ago,Captivating scenes from beginning to end. From the locale of Baguio City.,https://www.youtube.com/watch?v=ROa3kbG5M0U&lc=UgzwWhSkV_4fGosoDZV4AaABAg,UgzwWhSkV_4fGosoDZV4AaABAg,UC_iVysNvciTxaWkP_A6jO5A,"Fetched 05/24/2026, 8:08:10 PM GMT+8"
12028,@MatthewDaoa-w7u,5 days ago,Exceptional talent showcased beautifully. From the locale of Baguio City.,https://www.youtube.com/watch?v=ROa3kbG5M0U&lc=Ugy_uS9xydSTDpsDsj54AaABAg,Ugy_uS9xydSTDpsDsj54AaABAg,UC_iVysNvciTxaWkP_A6jO5A,"Fetched 05/24/2026, 8:08:10 PM GMT+8"
12029,@kristine4717,5 days ago,Happy birthday po kay Ka Daphne 🎂,https://www.youtube.com/watch?v=ROa3kbG5M0U&lc=Ugz--qUPsaWqwSFEroh4AaABAg.AWzOCxoZEcpAWzOYcHNebk,Ugz--qUPsaWqwSFEroh4AaABAg.AWzOCxoZEcpAWzOYcHNebk,UC3iiMgyZRl-v41Mzegf98yw,"Fetched 05/24/2026, 8:08:10 PM GMT+8"
12030,@MatthewDaoa-w7u,5 days ago,Fantastic harmony and visuals combined. From the locale of Baguio City.,https://www.youtube.com/watch?v=ROa3kbG5M0U&lc=UgwLfZXd4O9DrXbDAkZ4AaABAg,UgwLfZXd4O9DrXbDAkZ4AaABAg,UC_iVysNvciTxaWkP_A6jO5A,"Fetched 05/24/2026, 8:08:10 PM GMT+8"
12031,@MatthewDaoa,5 days ago,"Such positive energy throughout, mula po sa lokal ng Baguio City.",https://www.youtube.com/watch?v=ROa3kbG5M0U&lc=Ugwr_gkIQ3hW0H7k9E94AaABAg,Ugwr_gkIQ3hW0H7k9E94AaABAg,UCbkQ9_wG0Bx85fAK7aZwTPQ,"Fetched 05/24/2026, 8:08:10 PM GMT+8"
12032,@MatthewDaoa,5 days ago,"Outstanding work and dedication, mula po sa lokal ng Baguio City.",https://www.youtube.com/watch?v=ROa3kbG5M0U&lc=UgwoyrUy7mDL1MuVZfl4AaABAg,UgwoyrUy7mDL1MuVZfl4AaABAg,UCbkQ9_wG0Bx85fAK7aZwTPQ,"Fetched 05/24/2026, 8:08:10 PM GMT+8"
12033,@EdranelPascua,5 days ago,"Happy viewing po mula sa Lokal ng Baguio City, tunay pong nakakatuwa panoorin.",https://www.youtube.com/watch?v=ROa3kbG5M0U&lc=UgyJXQbyvyAcZ50leJ14AaABAg,UgyJXQbyvyAcZ50leJ14AaABAg,UCzBPzldgIaR-_uLOvvVZA-Q,"Fetched 05/24/2026, 8:08:10 PM GMT+8"
12034,@MatthewDaoa,5 days ago,"This video deserves recognition, mula po sa lokal ng Baguio City.",https://www.youtube.com/watch?v=ROa3kbG5M0U&lc=Ugz8WBQdzqbbc9p-jtZ4AaABAg,Ugz8WBQdzqbbc9p-jtZ4AaABAg,UCbkQ9_wG0Bx85fAK7aZwTPQ,"Fetched 05/24/2026, 8:08:10 PM GMT+8"
12035,@luibustamante9493,5 days ago,"One of those songs you’ll never get tired of replaying. 🔥 /  /  / Keep on streaming God's Love mga kapatid at ilaban natin tu 💪 /  / -Lokal ng Tuba, Kadiwa MT",https://www.youtube.com/watch?v=ROa3kbG5M0U&lc=Ugz69X4Mu_2g2rvGQeR4AaABAg,Ugz69X4Mu_2g2rvGQeR4AaABAg,UCFAmrhDmv6rvZrQoYp-IS9w,"Fetched 05/24/2026, 8:08:10 PM GMT+8"
12036,@EdranelPascua,5 days ago,"Happy viewing po at pagbati mula sa Lokal ng Baguio City, napakaganda po ng content ninyo.",https://www.youtube.com/watch?v=ROa3kbG5M0U&lc=Ugxv_Q7gc_uA4EKg8b94AaABAg,Ugxv_Q7gc_uA4EKg8b94AaABAg,UCzBPzldgIaR-_uLOvvVZA-Q,"Fetched 05/24/2026, 8:08:10 PM GMT+8"
12037,@MatthewDaoa-w7u,5 days ago,Such a memorable masterpiece. From the locale of Baguio City.,https://www.youtube.com/watch?v=ROa3kbG5M0U&lc=Ugx7ZNfov1Cupdl2hqh4AaABAg,Ugx7ZNfov1Cupdl2hqh4AaABAg,UC_iVysNvciTxaWkP_A6jO5A,"Fetched 05/24/2026, 8:08:10 PM GMT+8"
12038,@MatthewDaoa-w7u,5 days ago,Brilliant work from the whole team. From the locale of Baguio City.,https://www.youtube.com/watch?v=ROa3kbG5M0U&lc=Ugwq6QlvG20RJwRX49x4AaABAg,Ugwq6QlvG20RJwRX49x4AaABAg,UC_iVysNvciTxaWkP_A6jO5A,"Fetched 05/24/2026, 8:08:10 PM GMT+8"
12039,@MatthewDaoa-w7u,5 days ago,Powerful lyrics and presentation. From the locale of Baguio City.,https://www.youtube.com/watch?v=ROa3kbG5M0U&lc=Ugy7f7jc7qQUqLA5wMJ4AaABAg,Ugy7f7jc7qQUqLA5wMJ4AaABAg,UC_iVysNvciTxaWkP_A6jO5A,"Fetched 05/24/2026, 8:08:10 PM GMT+8"
12040,@MatthewDaoa,5 days ago,"Impressive editing and visuals, mula po sa lokal ng Baguio City.",https://www.youtube.com/watch?v=ROa3kbG5M0U&lc=UgxmXGPo2DIgZsGZHiF4AaABAg,UgxmXGPo2DIgZsGZHiF4AaABAg,UCbkQ9_wG0Bx85fAK7aZwTPQ,"Fetched 05/24/2026, 8:08:10 PM GMT+8"
12041,@MatthewDaoa,5 days ago,"Great effort from everyone, mula po sa lokal ng Baguio City.",https://www.youtube.com/watch?v=ROa3kbG5M0U&lc=UgyMdgTLo1hmBLZ5wvl4AaABAg,UgyMdgTLo1hmBLZ5wvl4AaABAg,UCbkQ9_wG0Bx85fAK7aZwTPQ,"Fetched 05/24/2026, 8:08:10 PM GMT+8"
12042,@MariaYhelenCamba,5 days ago,full support from lokal ng city camp!!!! go go go benguet,https://www.youtube.com/watch?v=ROa3kbG5M0U&lc=UgwU-gNIskJ_MBrbYAJ4AaABAg,UgwU-gNIskJ_MBrbYAJ4AaABAg,UCCsRjIJH6U3sG49Y2RPJHnQ,"Fetched 05/24/2026, 8:08:10 PM GMT+8"
12043,@kristine4717,5 days ago,Tuloy tuloy lang po ang panunuod. Let's get it to :medal-yellow-first-red::finger-red-number-one:,https://www.youtube.com/watch?v=ROa3kbG5M0U&lc=Ugwo2sLH9weLMXYdT3J4AaABAg,Ugwo2sLH9weLMXYdT3J4AaABAg,UC3iiMgyZRl-v41Mzegf98yw,"Fetched 05/24/2026, 8:08:10 PM GMT+8"
12044,@MatthewDaoa,5 days ago,"Very uplifting and meaningful, mula po sa lokal ng Baguio City.",https://www.youtube.com/watch?v=ROa3kbG5M0U&lc=Ugwcm5zHBbJXxNhzuwl4AaABAg,Ugwcm5zHBbJXxNhzuwl4AaABAg,UCbkQ9_wG0Bx85fAK7aZwTPQ,"Fetched 05/24/2026, 8:08:10 PM GMT+8"
12045,@MatthewDaoa-w7u,5 days ago,Very uplifting and enjoyable watch. From the locale of Baguio City.,https://www.youtube.com/watch?v=ROa3kbG5M0U&lc=UgzMmOV_VbpN77gCvhh4AaABAg,UgzMmOV_VbpN77gCvhh4AaABAg,UC_iVysNvciTxaWkP_A6jO5A,"Fetched 05/24/2026, 8:08:10 PM GMT+8"
12046,@MatthewDaoa-w7u,5 days ago,Incredible editing and cinematography. From the locale of Baguio City.,https://www.youtube.com/watch?v=ROa3kbG5M0U&lc=UgzVdrSmjxBJVtlsvU94AaABAg,UgzVdrSmjxBJVtlsvU94AaABAg,UC_iVysNvciTxaWkP_A6jO5A,"Fetched 05/24/2026, 8:08:10 PM GMT+8"
12047,@MatthewDaoa-w7u,5 days ago,Heartwarming and meaningful content. From the locale of Baguio City.,https://www.youtube.com/watch?v=ROa3kbG5M0U&lc=UgxIMfVCCq1iObptY9N4AaABAg,UgxIMfVCCq1iObptY9N4AaABAg,UC_iVysNvciTxaWkP_A6jO5A,"Fetched 05/24/2026, 8:08:10 PM GMT+8"
12048,@MatthewDaoa,5 days ago,"Heartwarming content to watch, mula po sa lokal ng Baguio City.",https://www.youtube.com/watch?v=ROa3kbG5M0U&lc=UgwbTYtCBD0krG4SWeV4AaABAg,UgwbTYtCBD0krG4SWeV4AaABAg,UCbkQ9_wG0Bx85fAK7aZwTPQ,"Fetched 05/24/2026, 8:08:10 PM GMT+8"
12049,@MatthewDaoa,5 days ago,"Beautiful presentation and creativity, mula po sa lokal ng Baguio City.",https://www.youtube.com/watch?v=ROa3kbG5M0U&lc=Ugxlni8YVTll-z-mhVJ4AaABAg,Ugxlni8YVTll-z-mhVJ4AaABAg,UCbkQ9_wG0Bx85fAK7aZwTPQ,"Fetched 05/24/2026, 8:08:10 PM GMT+8"
12050,@MatthewDaoa,5 days ago,"Excellent production quality, mula po sa lokal ng Baguio City.",https://www.youtube.com/watch?v=ROa3kbG5M0U&lc=UgyIcUYmzC2zlOdBjDF4AaABAg,UgyIcUYmzC2zlOdBjDF4AaABAg,UCbkQ9_wG0Bx85fAK7aZwTPQ,"Fetched 05/24/2026, 8:08:10 PM GMT+8"
12051,@MatthewDaoa-w7u,5 days ago,Excellent performance by everyone involved. From the locale of Baguio City.,https://www.youtube.com/watch?v=ROa3kbG5M0U&lc=UgzbEzoENDL91_A4E7p4AaABAg,UgzbEzoENDL91_A4E7p4AaABAg,UC_iVysNvciTxaWkP_A6jO5A,"Fetched 05/24/2026, 8:08:10 PM GMT+8"
12052,@MatthewDaoa-w7u,5 days ago,Beautiful storytelling throughout the MV. From the locale of Baguio City.,https://www.youtube.com/watch?v=ROa3kbG5M0U&lc=UgyTW2_fzofXPZBY0wd4AaABAg,UgyTW2_fzofXPZBY0wd4AaABAg,UC_iVysNvciTxaWkP_A6jO5A,"Fetched 05/24/2026, 8:08:10 PM GMT+8"
12053,@MatthewDaoa-w7u,5 days ago,Wonderful creativity shown here. From the locale of Baguio City.,https://www.youtube.com/watch?v=ROa3kbG5M0U&lc=UgxrjxB9p2uEQT3RYUZ4AaABAg,UgxrjxB9p2uEQT3RYUZ4AaABAg,UC_iVysNvciTxaWkP_A6jO5A,"Fetched 05/24/2026, 8:08:10 PM GMT+8"
12054,@MatthewDaoa,5 days ago,"Wonderful message shared here, mula po sa lokal ng Baguio City.",https://www.youtube.com/watch?v=ROa3kbG5M0U&lc=Ugxsenyh6NOCt4ERTxl4AaABAg,Ugxsenyh6NOCt4ERTxl4AaABAg,UCbkQ9_wG0Bx85fAK7aZwTPQ,"Fetched 05/24/2026, 8:08:10 PM GMT+8"
12055,@MatthewDaoa,5 days ago,"Truly inspiring video, mula po sa lokal ng Baguio City.",https://www.youtube.com/watch?v=ROa3kbG5M0U&lc=UgxyMTrPbaT9OrOZiH94AaABAg,UgxyMTrPbaT9OrOZiH94AaABAg,UCbkQ9_wG0Bx85fAK7aZwTPQ,"Fetched 05/24/2026, 8:08:10 PM GMT+8"
12056,@MatthewDaoa,5 days ago,"Amazing performance, mula po sa lokal ng Baguio City.",https://www.youtube.com/watch?v=ROa3kbG5M0U&lc=UgyKoHFTZMQQ4zhxhQZ4AaABAg,UgyKoHFTZMQQ4zhxhQZ4AaABAg,UCbkQ9_wG0Bx85fAK7aZwTPQ,"Fetched 05/24/2026, 8:08:10 PM GMT+8"
12057,@TrishaMaeBeltran,5 days ago,Taos pusong pag bati po mula sa lokal ng Loakan Airport,https://www.youtube.com/watch?v=ROa3kbG5M0U&lc=UgxFqw9Q_oMfzeoijpZ4AaABAg,UgxFqw9Q_oMfzeoijpZ4AaABAg,UCnq0BtrcGGf2Mw_jLfRfvZw,"Fetched 05/24/2026, 8:08:10 PM GMT+8"
12058,@TrishaMaeBeltran,5 days ago,happy viewing po from lokal ng Loakan Airport🎉🎉,https://www.youtube.com/watch?v=ROa3kbG5M0U&lc=UgwMkoibkAilVumJXhV4AaABAg,UgwMkoibkAilVumJXhV4AaABAg,UCnq0BtrcGGf2Mw_jLfRfvZw,"Fetched 05/24/2026, 8:08:10 PM GMT+8"
12059,@EstelitaCalauagan,5 days ago,Greetings from lokal ng kias  distrito ng benguet,https://www.youtube.com/watch?v=ROa3kbG5M0U&lc=UgxSJjWoG2L-VHrdrWZ4AaABAg,UgxSJjWoG2L-VHrdrWZ4AaABAg,UCcVCB_8wxQULvRQhRBLDKhg,"Fetched 05/24/2026, 8:08:10 PM GMT+8"
12060,@MatthewDaoa-w7u,5 days ago,Truly inspiring production. From the locale of Baguio City.,https://www.youtube.com/watch?v=ROa3kbG5M0U&lc=UgzD_aonBMcwhdlLN1h4AaABAg,UgzD_aonBMcwhdlLN1h4AaABAg,UC_iVysNvciTxaWkP_A6jO5A,"Fetched 05/24/2026, 8:08:10 PM GMT+8"
12061,@MatthewDaoa-w7u,5 days ago,Outstanding visuals and message. From the locale of Baguio City.,https://www.youtube.com/watch?v=ROa3kbG5M0U&lc=UgzkbB4U19MxoLETsz54AaABAg,UgzkbB4U19MxoLETsz54AaABAg,UC_iVysNvciTxaWkP_A6jO5A,"Fetched 05/24/2026, 8:08:10 PM GMT+8"
12062,@joneliaantonio8670,5 days ago,"Happy Viewing po,from Lokal po nga Camp 6,Distrito Ng Benguet",https://www.youtube.com/watch?v=ROa3kbG5M0U&lc=UgzefPq3gCnXdZmDL6N4AaABAg,UgzefPq3gCnXdZmDL6N4AaABAg,UCkt96BCoTKDACRD28QJgRiw,"Fetched 05/24/2026, 8:08:10 PM GMT+8"
12063,@lanlani.eaaaahn,5 days ago,happy viewing po mula sa lokal ng la trinidad!!!,https://www.youtube.com/watch?v=ROa3kbG5M0U&lc=Ugy3Ayr4kh0qNK7vR014AaABAg,Ugy3Ayr4kh0qNK7vR014AaABAg,UCxRF5ldmYBJWNlgtayRoTHg,"Fetched 05/24/2026, 8:08:10 PM GMT+8"
12064,@MatthewDaoa-w7u,5 days ago,Amazing music video! From the locale of Baguio City.,https://www.youtube.com/watch?v=ROa3kbG5M0U&lc=Ugy9N_iYGM2NZRgHSgN4AaABAg,Ugy9N_iYGM2NZRgHSgN4AaABAg,UC_iVysNvciTxaWkP_A6jO5A,"Fetched 05/24/2026, 8:08:10 PM GMT+8"
12065,@camelitapasag6018,5 days ago,Tuloy-tuloy pa din sa pagsupport mula sa UCAB GWS PO....FIGHT BENGUET!,https://www.youtube.com/watch?v=ROa3kbG5M0U&lc=UgxZUfM-vz_XewwbVdJ4AaABAg,UgxZUfM-vz_XewwbVdJ4AaABAg,UCIqVoAJs6UNYwI635HYBiEQ,"Fetched 05/24/2026, 8:08:10 PM GMT+8"
12066,@alibacelonia6681,5 days ago,"Mabuhay, Benguet! Buong suporta ang hatid ng Lokal ng Quezon Hill. Maligayang panonood 💗",https://www.youtube.com/watch?v=ROa3kbG5M0U&lc=Ugzf1BjHe-5tXhNaHVR4AaABAg,Ugzf1BjHe-5tXhNaHVR4AaABAg,UC4Jmh5ItMYDiPIuVLOLfr-g,"Fetched 05/24/2026, 8:08:10 PM GMT+8"
12067,@alibacelonia6681,5 days ago,Taos-pusong pagbati po sa lahat ng may tungkulin sa Lokal ng Quezon Hill. Maligayang panonood po 🥰,https://www.youtube.com/watch?v=ROa3kbG5M0U&lc=Ugw8elGghqal9Eeco0V4AaABAg,Ugw8elGghqal9Eeco0V4AaABAg,UC4Jmh5ItMYDiPIuVLOLfr-g,"Fetched 05/24/2026, 8:08:10 PM GMT+8"
12068,@alibacelonia6681,5 days ago,"Taos-pusong pagbati po sa aming masipag at mabait na Destinado sa Lokal ng Quezon Hill, Ka Val Lanuza. Maligayang panonood po 😁",https://www.youtube.com/watch?v=ROa3kbG5M0U&lc=UgwnBB9ZOjHPeimzcoB4AaABAg,UgwnBB9ZOjHPeimzcoB4AaABAg,UC4Jmh5ItMYDiPIuVLOLfr-g,"Fetched 05/24/2026, 8:08:10 PM GMT+8"
12069,@alibacelonia6681,5 days ago,Binabati rin po namin ang aming masisipag at magigiting na Tagapangasiwa at Pangalawang Tagapangasiwa—Kapatid na Ardy Mendoza at Kapatid na Ian Manalata. Happy viewing po mula sa Lokal ng Quezon Hill 🥰,https://www.youtube.com/watch?v=ROa3kbG5M0U&lc=UgwRERaSA3YgF98kLMt4AaABAg,UgwRERaSA3YgF98kLMt4AaABAg,UC4Jmh5ItMYDiPIuVLOLfr-g,"Fetched 05/24/2026, 8:08:10 PM GMT+8"
12070,@alibacelonia6681,5 days ago,"Taos-pusong pagbati po sa aming napakapogi at masigasig na KSKP, Kapatid na John Felix Dungan. Maligayang panonood po mula sa Lokal ng Quezon Hill 🥳",https://www.youtube.com/watch?v=ROa3kbG5M0U&lc=UgzwxfkBizQNfqvAv3B4AaABAg,UgzwxfkBizQNfqvAv3B4AaABAg,UC4Jmh5ItMYDiPIuVLOLfr-g,"Fetched 05/24/2026, 8:08:10 PM GMT+8"
12071,@alibacelonia6681,5 days ago,"Let’s go, Benguet! Buong pusong sumusuporta ang Lokal ng Quezon Hill. Happy viewing 💗",https://www.youtube.com/watch?v=ROa3kbG5M0U&lc=Ugz0wRJDMzC-6rEpPAl4AaABAg,Ugz0wRJDMzC-6rEpPAl4AaABAg,UC4Jmh5ItMYDiPIuVLOLfr-g,"Fetched 05/24/2026, 8:08:10 PM GMT+8"
12072,@alibacelonia6681,5 days ago,Isang pagbati po sa lahat ng may tungkulin sa Lokal ng Quezon Hill. Happy viewing po 🥰,https://www.youtube.com/watch?v=ROa3kbG5M0U&lc=UgxVBJNebtEnK7sSrY94AaABAg,UgxVBJNebtEnK7sSrY94AaABAg,UC4Jmh5ItMYDiPIuVLOLfr-g,"Fetched 05/24/2026, 8:08:10 PM GMT+8"
12073,@alibacelonia6681,5 days ago,"Isang pagbati po sa aming napakasipag at napakabait na Destinado sa Lokal ng Quezon Hill, Ka Val Lanuza. Happy viewing po 😁",https://www.youtube.com/watch?v=ROa3kbG5M0U&lc=Ugy5U-k3HeCozL2axgB4AaABAg,Ugy5U-k3HeCozL2axgB4AaABAg,UC4Jmh5ItMYDiPIuVLOLfr-g,"Fetched 05/24/2026, 8:08:10 PM GMT+8"
12074,@alibacelonia6681,5 days ago,"Isang taos-pusong pagbati po sa aming magigiting at masisipag na Tagapangasiwa at Pangalawang Tagapangasiwa, Kapatid na Ardy Mendoza at Kapatid na Ian Manalata. Happy viewing po mula sa Lokal ng Quezon Hill 🥰",https://www.youtube.com/watch?v=ROa3kbG5M0U&lc=UgylDpN360U_iuZdVgt4AaABAg,UgylDpN360U_iuZdVgt4AaABAg,UC4Jmh5ItMYDiPIuVLOLfr-g,"Fetched 05/24/2026, 8:08:10 PM GMT+8"
12075,@alibacelonia6681,5 days ago,"Isang pagbati rin po sa aming pogi at napakasipag na KSKP, Kapatid na John Felix Dungan. Happy viewing po mula sa Lokal ng Quezon Hill 🥳",https://www.youtube.com/watch?v=ROa3kbG5M0U&lc=UgwgMOJMttwNyihNCGl4AaABAg,UgwgMOJMttwNyihNCGl4AaABAg,UC4Jmh5ItMYDiPIuVLOLfr-g,"Fetched 05/24/2026, 8:08:10 PM GMT+8"
12076,@nhil3650,5 days ago,Be Optimistic!!! Greetings to everyone / Mula po sa lokal ng BAguio city Distrito ng Benguet❤❤❤,https://www.youtube.com/watch?v=ROa3kbG5M0U&lc=UgymbeWGD0ufhQfOY3R4AaABAg,UgymbeWGD0ufhQfOY3R4AaABAg,UC9Mf2Tpt2SbaMv2hpvlYupA,"Fetched 05/24/2026, 8:08:10 PM GMT+8"
12077,@alibacelonia6681,5 days ago,"Laban, Benguet! Ipinapahatid ng Lokal ng Quezon Hill ang kanilang buong suporta. Happy viewing 💗",https://www.youtube.com/watch?v=ROa3kbG5M0U&lc=Ugxfrl0-VQ76cd1CS5l4AaABAg,Ugxfrl0-VQ76cd1CS5l4AaABAg,UC4Jmh5ItMYDiPIuVLOLfr-g,"Fetched 05/24/2026, 8:08:10 PM GMT+8"
12078,@alibacelonia6681,5 days ago,Binabati po namin ang lahat ng may tungkulin sa Lokal ng Quezon Hill. Maligayang panonood po 🥰,https://www.youtube.com/watch?v=ROa3kbG5M0U&lc=UgyEjSTurYWNxoTwgYZ4AaABAg,UgyEjSTurYWNxoTwgYZ4AaABAg,UC4Jmh5ItMYDiPIuVLOLfr-g,"Fetched 05/24/2026, 8:08:10 PM GMT+8"
12079,@alibacelonia6681,5 days ago,"Binabati po namin ang aming napakasipag at napakabait na Destinado sa Lokal ng Quezon Hill, Ka Val Lanuza. Maligayang panonood po 😁",https://www.youtube.com/watch?v=ROa3kbG5M0U&lc=UgzY5zw5aQuZnDTNI894AaABAg,UgzY5zw5aQuZnDTNI894AaABAg,UC4Jmh5ItMYDiPIuVLOLfr-g,"Fetched 05/24/2026, 8:08:10 PM GMT+8"
12080,@BnHydn_4,5 days ago,"Road to 2.8k Likes ❤ / Like, Watch and enjoy🕺 / -Lokal ng La Trinidad",https://www.youtube.com/watch?v=ROa3kbG5M0U&lc=Ugx-KmOBRFFIwL0mgjR4AaABAg,Ugx-KmOBRFFIwL0mgjR4AaABAg,UCBGtwATEAOhJaVSd9_AsgFw,"Fetched 05/24/2026, 8:08:10 PM GMT+8"
12081,@alibacelonia6681,5 days ago,Binabati po namin ang aming magigiting at masisipag na Tagapangasiwa at Pangalawang Tagapangasiwa—Kapatid na Ardy Mendoza at Kapatid na Ian Manalata. Maligayang panonood po mula sa Lokal ng Quezon Hill 🥰,https://www.youtube.com/watch?v=ROa3kbG5M0U&lc=UgwFzdZEXuCfYH-biOV4AaABAg,UgwFzdZEXuCfYH-biOV4AaABAg,UC4Jmh5ItMYDiPIuVLOLfr-g,"Fetched 05/24/2026, 8:08:10 PM GMT+8"
12082,@alibacelonia6681,5 days ago,"Binabati rin po namin ang aming guwapo at masipag na KSKP, Kapatid na John Felix Dungan. Maligayang panonood po mula sa Lokal ng Quezon Hill 🥳",https://www.youtube.com/watch?v=ROa3kbG5M0U&lc=UgzuTVKhgPKU_l1jlbB4AaABAg,UgzuTVKhgPKU_l1jlbB4AaABAg,UC4Jmh5ItMYDiPIuVLOLfr-g,"Fetched 05/24/2026, 8:08:10 PM GMT+8"
12083,@DaphneLallana,5 days ago,Happy Viewing po From lokal ng Guisad 🎉,https://www.youtube.com/watch?v=ROa3kbG5M0U&lc=UgzJsnmOZP-xddRf36d4AaABAg,UgzJsnmOZP-xddRf36d4AaABAg,UC2I0X7QMpkxGne64Fl6mLxA,"Fetched 05/24/2026, 8:08:10 PM GMT+8"
12084,@BnHydn_4,5 days ago,2+2=4  4pm and still watching. /  / Benguet 4 the win!🎉🎉 / -Lokal ng La Trinidad,https://www.youtube.com/watch?v=ROa3kbG5M0U&lc=Ugz1rKvd5ijRo4GCdt14AaABAg,Ugz1rKvd5ijRo4GCdt14AaABAg,UCBGtwATEAOhJaVSd9_AsgFw,"Fetched 05/24/2026, 8:08:10 PM GMT+8"
12085,@PELITANJennyClaireT,5 days ago,Continuous watching from your La Trinidad brethrens. / - La Trinidad,https://www.youtube.com/watch?v=ROa3kbG5M0U&lc=UgxBaUVUzfmphR6eguh4AaABAg,UgxBaUVUzfmphR6eguh4AaABAg,UCsVZgGkRnNqeIIOLxHiFR7A,"Fetched 05/24/2026, 8:08:10 PM GMT+8"
12086,@PELITANJennyClaireT,5 days ago,"Fight Benguet, the numba wan in our hearts 🫶. / - La Trinidad",https://www.youtube.com/watch?v=ROa3kbG5M0U&lc=Ugx32Rw8heKMIXAGeoV4AaABAg,Ugx32Rw8heKMIXAGeoV4AaABAg,UCsVZgGkRnNqeIIOLxHiFR7A,"Fetched 05/24/2026, 8:08:10 PM GMT+8"
12087,@jeanietugad4595,5 days ago,"Sabayan po natin ng masayang pag awit,, Atok  Gold.",https://www.youtube.com/watch?v=ROa3kbG5M0U&lc=UgzgANxToS7EC0lbIEN4AaABAg,UgzgANxToS7EC0lbIEN4AaABAg,UC4-hT99A9u-aH7hnm5JCSfg,"Fetched 05/24/2026, 8:08:10 PM GMT+8"
12088,@rhodadilag162,5 days ago,Happy watching from Baguio city,https://www.youtube.com/watch?v=ROa3kbG5M0U&lc=UgxfWDBg0Lhn3L4Rn1t4AaABAg,UgxfWDBg0Lhn3L4Rn1t4AaABAg,UC1VudD6OvF1LdTbaQ5cIpxw,"Fetched 05/24/2026, 8:08:10 PM GMT+8"
12089,@iris_rbnn,5 days ago,Hello po mga kapatid. Happy viewing po muli sa inyong lahat. Mula po sa lokal ng Quezon Hill ❤🎉,https://www.youtube.com/watch?v=ROa3kbG5M0U&lc=UgysYZK923MFzWF_2-h4AaABAg,UgysYZK923MFzWF_2-h4AaABAg,UCVu1kjWTTv1nnXzSI08lceQ,"Fetched 05/24/2026, 8:08:10 PM GMT+8"
12090,@MayaSterling-b1y,5 days ago,"Pang international ang dating nito, mula sa lokal Baguio City.",https://www.youtube.com/watch?v=ROa3kbG5M0U&lc=Ugz41ymySk3N2YsDXxR4AaABAg,Ugz41ymySk3N2YsDXxR4AaABAg,UCv-VK0Sum0z4uLoa_r5UZ9A,"Fetched 05/24/2026, 8:08:10 PM GMT+8"
12091,@PELITANJennyClaireT,5 days ago,Utmost and unwavering support from the deepest edge of our hearts! The locale of La Trinidad is always within your shadows! / - La Trinidad,https://www.youtube.com/watch?v=ROa3kbG5M0U&lc=Ugw1pgYwyL6vlYn3H2h4AaABAg,Ugw1pgYwyL6vlYn3H2h4AaABAg,UCsVZgGkRnNqeIIOLxHiFR7A,"Fetched 05/24/2026, 8:08:10 PM GMT+8"
12092,@jeanietugad4595,5 days ago,"Enjoy po tayo sa panonood ,, Shout out sa mga kapatid sa Atok Gold...",https://www.youtube.com/watch?v=ROa3kbG5M0U&lc=Ugwn_9B3Xo09_k8xoet4AaABAg,Ugwn_9B3Xo09_k8xoet4AaABAg,UC4-hT99A9u-aH7hnm5JCSfg,"Fetched 05/24/2026, 8:08:10 PM GMT+8"
12093,@iris_rbnn,5 days ago,Hello po mga kapatid. Happy viewing po muli sa inyong lahat. Mula po sa lokal ng Quezon Hill ❤🎉,https://www.youtube.com/watch?v=ROa3kbG5M0U&lc=UgwQwyGalo6DRvWX-n14AaABAg,UgwQwyGalo6DRvWX-n14AaABAg,UCVu1kjWTTv1nnXzSI08lceQ,"Fetched 05/24/2026, 8:08:10 PM GMT+8"
12094,@PELITANJennyClaireT,5 days ago,"The weather is hot, but our support is hotter! / - La Trinidad",https://www.youtube.com/watch?v=ROa3kbG5M0U&lc=UgzWAwH-n9e_C1qu8kd4AaABAg,UgzWAwH-n9e_C1qu8kd4AaABAg,UCsVZgGkRnNqeIIOLxHiFR7A,"Fetched 05/24/2026, 8:08:10 PM GMT+8"
12095,@iris_rbnn,5 days ago,Hello po mga kapatid. Happy viewing po muli sa inyong lahat. Mula po sa lokal ng Quezon Hill ❤🎉,https://www.youtube.com/watch?v=ROa3kbG5M0U&lc=Ugw2PDlhowsx8t9ZsG94AaABAg,Ugw2PDlhowsx8t9ZsG94AaABAg,UCVu1kjWTTv1nnXzSI08lceQ,"Fetched 05/24/2026, 8:08:10 PM GMT+8"
12096,@iris_rbnn,5 days ago,Hello po mga kapatid. Happy viewing po muli sa inyong lahat. Mula po sa lokal ng Quezon Hill ❤🎉,https://www.youtube.com/watch?v=ROa3kbG5M0U&lc=UgwwzivADnpEPYD7scd4AaABAg,UgwwzivADnpEPYD7scd4AaABAg,UCVu1kjWTTv1nnXzSI08lceQ,"Fetched 05/24/2026, 8:08:10 PM GMT+8"
12097,@PELITANJennyClaireT,5 days ago,"Soar high, our lovely Benguet 🎉 / - La Trinidad",https://www.youtube.com/watch?v=ROa3kbG5M0U&lc=Ugz8tMpu1ZIIJpFW-m94AaABAg,Ugz8tMpu1ZIIJpFW-m94AaABAg,UCsVZgGkRnNqeIIOLxHiFR7A,"Fetched 05/24/2026, 8:08:10 PM GMT+8"
12098,@iris_rbnn,5 days ago,Hello po mga kapatid. Happy viewing po muli sa inyong lahat. Mula po sa lokal ng Quezon Hill ❤🎉,https://www.youtube.com/watch?v=ROa3kbG5M0U&lc=UgxOfF3ItXAZo7NXhzR4AaABAg,UgxOfF3ItXAZo7NXhzR4AaABAg,UCVu1kjWTTv1nnXzSI08lceQ,"Fetched 05/24/2026, 8:08:10 PM GMT+8"
12099,@jeanietugad4595,5 days ago,"Fight.. Benguet,,,, fight to the Top, maligayang panonood,, Kalihiman/Registry,, Atok Gold..",https://www.youtube.com/watch?v=ROa3kbG5M0U&lc=Ugx9u3TPlvZHiMbD2zN4AaABAg,Ugx9u3TPlvZHiMbD2zN4AaABAg,UC4-hT99A9u-aH7hnm5JCSfg,"Fetched 05/24/2026, 8:08:10 PM GMT+8"
12100,@PELITANJennyClaireT,5 days ago,"Nearing the top. You can do it, Benguet! / - La Trinidad",https://www.youtube.com/watch?v=ROa3kbG5M0U&lc=UgyoVwU7RV9RqbflZUp4AaABAg,UgyoVwU7RV9RqbflZUp4AaABAg,UCsVZgGkRnNqeIIOLxHiFR7A,"Fetched 05/24/2026, 8:08:10 PM GMT+8"
12101,@PELITANJennyClaireT,5 days ago,Kape while watching. Greetings from local congregation of La Trinidad. / - La Trinidad,https://www.youtube.com/watch?v=ROa3kbG5M0U&lc=UgznzmgevbDs4t-gtQd4AaABAg,UgznzmgevbDs4t-gtQd4AaABAg,UCsVZgGkRnNqeIIOLxHiFR7A,"Fetched 05/24/2026, 8:08:10 PM GMT+8"
12102,@PELITANJennyClaireT,5 days ago (edited),Go Benguet! / - La Trinidad,https://www.youtube.com/watch?v=ROa3kbG5M0U&lc=UgyZ29rXeaG7oc_a_ah4AaABAg,UgyZ29rXeaG7oc_a_ah4AaABAg,UCsVZgGkRnNqeIIOLxHiFR7A,"Fetched 05/24/2026, 8:08:10 PM GMT+8"
12103,@PELITANJennyClaireT,5 days ago,"Goal: 100k / Let's get it, Benguet",https://www.youtube.com/watch?v=ROa3kbG5M0U&lc=Ugy6fGXgwt9tPHo7VEp4AaABAg,Ugy6fGXgwt9tPHo7VEp4AaABAg,UCsVZgGkRnNqeIIOLxHiFR7A,"Fetched 05/24/2026, 8:08:10 PM GMT+8"
12104,@PELITANJennyClaireT,5 days ago,Hapiii viewing mga kabagis! / - La Trinidad,https://www.youtube.com/watch?v=ROa3kbG5M0U&lc=UgxfM9k00EROG9Q3Ww14AaABAg,UgxfM9k00EROG9Q3Ww14AaABAg,UCsVZgGkRnNqeIIOLxHiFR7A,"Fetched 05/24/2026, 8:08:10 PM GMT+8"
12105,@PELITANJennyClaireT,5 days ago,Benguet on top🤞 / - La Trinidad,https://www.youtube.com/watch?v=ROa3kbG5M0U&lc=UgwOfIm8etpAsFSruXZ4AaABAg,UgwOfIm8etpAsFSruXZ4AaABAg,UCsVZgGkRnNqeIIOLxHiFR7A,"Fetched 05/24/2026, 8:08:10 PM GMT+8"
12106,@jodanoligo9853,5 days ago,Happy viewing po mga kapatid lokal nang Gibraltar distrito nang benguet,https://www.youtube.com/watch?v=ROa3kbG5M0U&lc=UgwcoK34UqEsf5mfeBV4AaABAg,UgwcoK34UqEsf5mfeBV4AaABAg,UCOa1n0VMVrNoyNnIGDNophQ,"Fetched 05/24/2026, 8:08:10 PM GMT+8"
12107,@Julskie28,5 days ago,Happy viewing po sa ating lahat! /  / From KADIWAs of benguet 🎉 / Lokal ng Guisad❤,https://www.youtube.com/watch?v=ROa3kbG5M0U&lc=UgwsZwdxPX3ocXDK5Rd4AaABAg,UgwsZwdxPX3ocXDK5Rd4AaABAg,UC1nz0UiWHV8lyoQdZtJejeg,"Fetched 05/24/2026, 8:08:10 PM GMT+8"
12108,@bansot7129,5 days ago,"Fight fight fight, Go Benguet  / From Camp 6 🙏🙏🙏",https://www.youtube.com/watch?v=ROa3kbG5M0U&lc=Ugy4QZGYZw6Mu7axUZh4AaABAg,Ugy4QZGYZw6Mu7axUZh4AaABAg,UCN58Z-nvFTr5i6UpLAN6pHA,"Fetched 05/24/2026, 8:08:10 PM GMT+8"
12109,@MayaSterling-b1y,5 days ago,"Ang smooth ng flow ng kanta, mula sa lokal Baguio City.",https://www.youtube.com/watch?v=ROa3kbG5M0U&lc=Ugy5cKkarp-3abiofK14AaABAg,Ugy5cKkarp-3abiofK14AaABAg,UCv-VK0Sum0z4uLoa_r5UZ9A,"Fetched 05/24/2026, 8:08:10 PM GMT+8"
12110,@jodanoligo9853,5 days ago,Happy watching mga kapatid,https://www.youtube.com/watch?v=ROa3kbG5M0U&lc=Ugy1DtxeFnU8v8RxV5t4AaABAg,Ugy1DtxeFnU8v8RxV5t4AaABAg,UCOa1n0VMVrNoyNnIGDNophQ,"Fetched 05/24/2026, 8:08:10 PM GMT+8"
12111,@PHEBIE-f7h,5 days ago,Watch lng nang watch po mga kapatid. MORE VIEWS / GO BENGUET / ATOKGOLD,https://www.youtube.com/watch?v=ROa3kbG5M0U&lc=Ugz2Utyy5bQMZuHsai54AaABAg,Ugz2Utyy5bQMZuHsai54AaABAg,UCNkJMMXP19AJSsNov8Fp3Ag,"Fetched 05/24/2026, 8:08:10 PM GMT+8"
12112,@maritesstalledo8924,5 days ago,Love watching po mula sa lokal ng megaroyale distrito ng benguet,https://www.youtube.com/watch?v=ROa3kbG5M0U&lc=UgwxmArh-B9Io9ZZUKR4AaABAg,UgwxmArh-B9Io9ZZUKR4AaABAg,UCXrFwU9B905gqc5sVTbxukg,"Fetched 05/24/2026, 8:08:10 PM GMT+8"
12113,@rachemendoza1001,5 days ago,🎉🎉🎉🎉🎉🎉🎉🎉🎉 greetings to all Brethren watching incmv  entry of Benguet.. fr. Local Congregation of Tublay,https://www.youtube.com/watch?v=ROa3kbG5M0U&lc=UgzMzmjT0TwMSSj8_rV4AaABAg,UgzMzmjT0TwMSSj8_rV4AaABAg,UCN4noJ1j6gQW7-NipJpIijw,"Fetched 05/24/2026, 8:08:10 PM GMT+8"
12114,@JosephLambino-l9d,5 days ago,Happy viewing po from lokal NG philex mines district of benguet po,https://www.youtube.com/watch?v=ROa3kbG5M0U&lc=UgzHly9CO1WrZIaOFLd4AaABAg,UgzHly9CO1WrZIaOFLd4AaABAg,UCi4OFAO8CWqxrvlfLCLAgKw,"Fetched 05/24/2026, 8:08:10 PM GMT+8"
12115,@jasminedaludado7262,5 days ago,Happy viewing po mga kapatid!!❤ /  / Supporting always from Lokal ng Guisad❤,https://www.youtube.com/watch?v=ROa3kbG5M0U&lc=UgyEEU6Z6YGpdu4T5p54AaABAg,UgyEEU6Z6YGpdu4T5p54AaABAg,UCA4HVmdH2Xj67gK8nZmpiZg,"Fetched 05/24/2026, 8:08:10 PM GMT+8"
12116,@MayaSterling-b1y,5 days ago,"Nakakatuwang panoorin paulit-ulit, mula sa lokal Baguio City.",https://www.youtube.com/watch?v=ROa3kbG5M0U&lc=UgwAZTnMK-tAoheoJUZ4AaABAg,UgwAZTnMK-tAoheoJUZ4AaABAg,UCv-VK0Sum0z4uLoa_r5UZ9A,"Fetched 05/24/2026, 8:08:10 PM GMT+8"
12117,@MayaSterling-b1y,5 days ago,"Astig ng konsepto ng MV na ito, mula sa lokal Baguio City.",https://www.youtube.com/watch?v=ROa3kbG5M0U&lc=Ugy6BX6I_zVyrf8QwL54AaABAg,Ugy6BX6I_zVyrf8QwL54AaABAg,UCv-VK0Sum0z4uLoa_r5UZ9A,"Fetched 05/24/2026, 8:08:10 PM GMT+8"
12118,@MayaSterling-b1y,5 days ago,"Proud na proud kami sa talent ninyo, mula sa lokal Baguio City.",https://www.youtube.com/watch?v=ROa3kbG5M0U&lc=Ugwij1oX58gMD_fzt7h4AaABAg,Ugwij1oX58gMD_fzt7h4AaABAg,UCv-VK0Sum0z4uLoa_r5UZ9A,"Fetched 05/24/2026, 8:08:10 PM GMT+8"
12119,@RobertoRullodaJr,5 days ago,Happy viewing po mga kapatid!,https://www.youtube.com/watch?v=ROa3kbG5M0U&lc=Ugz1uKOncwESDGc9ND54AaABAg,Ugz1uKOncwESDGc9ND54AaABAg,UCRF-T2g23esmcm46AYkieSg,"Fetched 05/24/2026, 8:08:10 PM GMT+8"
12120,@distz4354,5 days ago,Kagandang panoorin lokal ng tomay,https://www.youtube.com/watch?v=ROa3kbG5M0U&lc=UgwZkqGjAHVW8RbmouR4AaABAg,UgwZkqGjAHVW8RbmouR4AaABAg,UCopcB7FP5s_86MOWXL858uQ,"Fetched 05/24/2026, 8:08:10 PM GMT+8"
12121,@jjncdgzmn,5 days ago,Go benguet! Go Aurora Hill! ❤,https://www.youtube.com/watch?v=ROa3kbG5M0U&lc=UgwJZNzHL9A5g_MLSAF4AaABAg,UgwJZNzHL9A5g_MLSAF4AaABAg,UCk_QgSs588mpDLXUa3Qq9yg,"Fetched 05/24/2026, 8:08:10 PM GMT+8"
12122,@jjncdgzmn,5 days ago,Go benguet! Go Aurora Hill! ❤,https://www.youtube.com/watch?v=ROa3kbG5M0U&lc=Ugwbox3Qiq_9PGx3UYN4AaABAg,Ugwbox3Qiq_9PGx3UYN4AaABAg,UCk_QgSs588mpDLXUa3Qq9yg,"Fetched 05/24/2026, 8:08:10 PM GMT+8"
12123,@jjncdgzmn,5 days ago,Go benguet! Go Aurora Hill! ❤,https://www.youtube.com/watch?v=ROa3kbG5M0U&lc=Ugz2SPpxwoZPXXAoypt4AaABAg,Ugz2SPpxwoZPXXAoypt4AaABAg,UCk_QgSs588mpDLXUa3Qq9yg,"Fetched 05/24/2026, 8:08:10 PM GMT+8"
12124,@MayaSterling-b1y,5 days ago,"Ang linis ng beat at transition, mula sa lokal Baguio City.",https://www.youtube.com/watch?v=ROa3kbG5M0U&lc=UgwZt_mZsIBCJJq3LfZ4AaABAg,UgwZt_mZsIBCJJq3LfZ4AaABAg,UCv-VK0Sum0z4uLoa_r5UZ9A,"Fetched 05/24/2026, 8:08:10 PM GMT+8"
12125,@jjncdgzmn,5 days ago,Go benguet! Go Aurora Hill! ❤,https://www.youtube.com/watch?v=ROa3kbG5M0U&lc=UgzFSbk5mrilc6iNmmR4AaABAg,UgzFSbk5mrilc6iNmmR4AaABAg,UCk_QgSs588mpDLXUa3Qq9yg,"Fetched 05/24/2026, 8:08:10 PM GMT+8"
12126,@jjncdgzmn,5 days ago,Go benguet! Go Aurora Hill! ❤,https://www.youtube.com/watch?v=ROa3kbG5M0U&lc=UgxPBkGv-ABpbkSvSNR4AaABAg,UgxPBkGv-ABpbkSvSNR4AaABAg,UCk_QgSs588mpDLXUa3Qq9yg,"Fetched 05/24/2026, 8:08:10 PM GMT+8"
12127,@PHEBIE-f7h,5 days ago,Let's Go Benguet! / Fighting! /  /  / ❤Buklod AtokGold❤,https://www.youtube.com/watch?v=ROa3kbG5M0U&lc=UgzmbQ5_ooDX7ME63rp4AaABAg,UgzmbQ5_ooDX7ME63rp4AaABAg,UCNkJMMXP19AJSsNov8Fp3Ag,"Fetched 05/24/2026, 8:08:10 PM GMT+8"
12128,@MayaSterling-b1y,5 days ago,"Deserve nito ng milyon views, mula sa lokal Baguio City.",https://www.youtube.com/watch?v=ROa3kbG5M0U&lc=UgzvFSaQBxMA1ySKL2J4AaABAg,UgzvFSaQBxMA1ySKL2J4AaABAg,UCv-VK0Sum0z4uLoa_r5UZ9A,"Fetched 05/24/2026, 8:08:10 PM GMT+8"
12129,@PHEBIE-f7h,5 days ago,Magandang hapon po sa lahat ng nanonood. / Listening to this envigorating song from Benguet District / ❤❤❤Buklod of AtokGold❤❤❤,https://www.youtube.com/watch?v=ROa3kbG5M0U&lc=UgyHs16h-7mKrFe4RNl4AaABAg,UgyHs16h-7mKrFe4RNl4AaABAg,UCNkJMMXP19AJSsNov8Fp3Ag,"Fetched 05/24/2026, 8:08:10 PM GMT+8"
12130,@clyzamijares8140,5 days ago,Happy viewing po mga kapatid!,https://www.youtube.com/watch?v=ROa3kbG5M0U&lc=UgytxZ5ReqpDrxXqP2l4AaABAg,UgytxZ5ReqpDrxXqP2l4AaABAg,UCs4tyQ1jbN6G0plp4C7cF0g,"Fetched 05/24/2026, 8:08:10 PM GMT+8"
12131,@MayaSterling-b1y,5 days ago,"Grabe yung creativity sa music video, mula sa lokal Baguio City.",https://www.youtube.com/watch?v=ROa3kbG5M0U&lc=UgyjaRXDn41efLMlRH94AaABAg,UgyjaRXDn41efLMlRH94AaABAg,UCv-VK0Sum0z4uLoa_r5UZ9A,"Fetched 05/24/2026, 8:08:10 PM GMT+8"
12132,@ehdwow318,5 days ago,"Napaka husay ng District Music Team!!!! LSS na po kami sa lokal ng Megaroyale, Distrito ng Benguet 😁",https://www.youtube.com/watch?v=ROa3kbG5M0U&lc=Ugz0YBKKWhwHYRtU4594AaABAg,Ugz0YBKKWhwHYRtU4594AaABAg,UCiwATwwRZ8TCez4FYmw9s0Q,"Fetched 05/24/2026, 8:08:10 PM GMT+8"
12133,@MayaSterling-b1y,5 days ago,"Ramdam na ramdam yung emotion ng singer, mula sa lokal Baguio City.",https://www.youtube.com/watch?v=ROa3kbG5M0U&lc=Ugyht2NkIUdPBD0NxP94AaABAg,Ugyht2NkIUdPBD0NxP94AaABAg,UCv-VK0Sum0z4uLoa_r5UZ9A,"Fetched 05/24/2026, 8:08:10 PM GMT+8"
12134,@MayaSterling-b1y,5 days ago,"Angas ng cinematography dito, mula sa lokal Baguio City.",https://www.youtube.com/watch?v=ROa3kbG5M0U&lc=UgzzgI63uHEFHGCTw8Z4AaABAg,UgzzgI63uHEFHGCTw8Z4AaABAg,UCv-VK0Sum0z4uLoa_r5UZ9A,"Fetched 05/24/2026, 8:08:10 PM GMT+8"
12135,@gladysabad8665,5 days ago,❤❤❤ camp 8,https://www.youtube.com/watch?v=ROa3kbG5M0U&lc=Ugz1r2x2uICO8boulOV4AaABAg,Ugz1r2x2uICO8boulOV4AaABAg,UCp31Lwos5f6VPnIY9zaFbRA,"Fetched 05/24/2026, 8:08:10 PM GMT+8"
12136,@kristine7303,5 days ago,"Yaaaaay 38k na ❤🎉 grabe talaga ang Benguet! fight fight fight! /  / -Kadiwa, Marcos Highway",https://www.youtube.com/watch?v=ROa3kbG5M0U&lc=UgwS5pESG77ovQLnHJV4AaABAg,UgwS5pESG77ovQLnHJV4AaABAg,UCJnlqat5vcPuV6GiDugaBnA,"Fetched 05/24/2026, 8:08:10 PM GMT+8"
12137,@sapheireaquino8583,5 days ago,Happy viewing po from Mirador Hills ❤,https://www.youtube.com/watch?v=ROa3kbG5M0U&lc=UgyN1c0Bxz3z3FF41kx4AaABAg,UgyN1c0Bxz3z3FF41kx4AaABAg,UCesnXc6qDBLHqxmeygv95fA,"Fetched 05/24/2026, 8:08:10 PM GMT+8"
12138,@MayaSterling-b1y,5 days ago,"Ang galing ng production at editing, mula sa lokal Baguio City.",https://www.youtube.com/watch?v=ROa3kbG5M0U&lc=UgyAKMWIJ6O1426-uu54AaABAg,UgyAKMWIJ6O1426-uu54AaABAg,UCv-VK0Sum0z4uLoa_r5UZ9A,"Fetched 05/24/2026, 8:08:10 PM GMT+8"
12139,@MayaSterling-b1y,5 days ago,"Solid ng vibes ng kantang ito, support mula sa lokal Baguio City.",https://www.youtube.com/watch?v=ROa3kbG5M0U&lc=Ugx7AN6gw1KQpu_dyBV4AaABAg,Ugx7AN6gw1KQpu_dyBV4AaABAg,UCv-VK0Sum0z4uLoa_r5UZ9A,"Fetched 05/24/2026, 8:08:10 PM GMT+8"
12140,@ivonjakeingosan2844,5 days ago,"BENGUET No. 1 / Happy viewing po! / Mula po sa Lokal Ng Tadiangan,Distrito Ng Benguet.🎉🎉",https://www.youtube.com/watch?v=ROa3kbG5M0U&lc=Ugz_lrJM17R3coSVUY14AaABAg,Ugz_lrJM17R3coSVUY14AaABAg,UCDOVt-R4dd8j0zTia4SbJnQ,"Fetched 05/24/2026, 8:08:10 PM GMT+8"
12141,@jonieyonga-an5239,5 days ago,"Apakainit Ng panahon! / Apakainit dn Ng pagsuporta Ng mga Kapatid sa Benguettt!!!❤ /  / Greetings everyone, Kadiwa officers /  / Mula Po sa lokal Ng NORCAR!!❤",https://www.youtube.com/watch?v=ROa3kbG5M0U&lc=UgxRj0SXWsKtqpInruR4AaABAg,UgxRj0SXWsKtqpInruR4AaABAg,UCgUo3JP_Fffuctza4bUumJg,"Fetched 05/24/2026, 8:08:10 PM GMT+8"
12142,@ehdwow318,5 days ago,Napaka HD ng INCMV ng Benguet. Ang ganda 😮,https://www.youtube.com/watch?v=ROa3kbG5M0U&lc=Ugy38dkEgmjqbcvRPzZ4AaABAg,Ugy38dkEgmjqbcvRPzZ4AaABAg,UCiwATwwRZ8TCez4FYmw9s0Q,"Fetched 05/24/2026, 8:08:10 PM GMT+8"
12143,@MerlynBetudio-t4k7b,5 days ago,"Hello  po mga kapatid ,pagbati pi mula po sa lokal ng loacan , Benguet po",https://www.youtube.com/watch?v=ROa3kbG5M0U&lc=Ugz67y8wsAUMZd35rbV4AaABAg,Ugz67y8wsAUMZd35rbV4AaABAg,UCWIyn3fwAeGLNgLrrDC36gA,"Fetched 05/24/2026, 8:08:10 PM GMT+8"
12144,@ehdwow318,5 days ago,Napaka HD ng INCMV ng Benguet. Ang ganda 😮,https://www.youtube.com/watch?v=ROa3kbG5M0U&lc=UgzL2o8FXqr8HLUZEjR4AaABAg,UgzL2o8FXqr8HLUZEjR4AaABAg,UCiwATwwRZ8TCez4FYmw9s0Q,"Fetched 05/24/2026, 8:08:10 PM GMT+8"
12145,@ehdwow318,5 days ago,Napaka HD ng INCMV ng Benguet. Ang ganda 😮,https://www.youtube.com/watch?v=ROa3kbG5M0U&lc=UgzAzFlICMebdmLUusp4AaABAg,UgzAzFlICMebdmLUusp4AaABAg,UCiwATwwRZ8TCez4FYmw9s0Q,"Fetched 05/24/2026, 8:08:10 PM GMT+8"
12146,@ehdwow318,5 days ago,Napaka HD ng INCMV ng Benguet. Ang ganda 😮,https://www.youtube.com/watch?v=ROa3kbG5M0U&lc=UgzJuE-8KZ2NKFIwq-F4AaABAg,UgzJuE-8KZ2NKFIwq-F4AaABAg,UCiwATwwRZ8TCez4FYmw9s0Q,"Fetched 05/24/2026, 8:08:10 PM GMT+8"
12147,@ehdwow318,5 days ago,Napaka HD ng INCMV ng Benguet. Ang ganda 😮,https://www.youtube.com/watch?v=ROa3kbG5M0U&lc=UgwjoFis1Ai0jKrx1od4AaABAg,UgwjoFis1Ai0jKrx1od4AaABAg,UCiwATwwRZ8TCez4FYmw9s0Q,"Fetched 05/24/2026, 8:08:10 PM GMT+8"
12148,@carmichaeldaligan4338,5 days ago,Go Benguet kunin na natin ang top1 from loakan airport,https://www.youtube.com/watch?v=ROa3kbG5M0U&lc=UgztmHQ3deckNoM_h8p4AaABAg,UgztmHQ3deckNoM_h8p4AaABAg,UC3beFEbw3Ob7lxJMsEas9yw,"Fetched 05/24/2026, 8:08:10 PM GMT+8"
12149,@Rayleen-x5,5 days ago,Hello po watching po lokal ng Gibraltar distrito ng Benguet...full support...Benguet fight...fight..,https://www.youtube.com/watch?v=ROa3kbG5M0U&lc=UgwIk9UxREOMOXi8m9J4AaABAg,UgwIk9UxREOMOXi8m9J4AaABAg,UClvGoJfnkj1sv5tKQWtquaw,"Fetched 05/24/2026, 8:08:10 PM GMT+8"
12150,@josephdulay9738,5 days ago,"Mag merienda muna tayo with video , Mula po sa Lokal ng Marcos Highway Benguet 😮",https://www.youtube.com/watch?v=ROa3kbG5M0U&lc=UgwgfPrdvwIvKSUtpBt4AaABAg,UgwgfPrdvwIvKSUtpBt4AaABAg,UCwvvvRliliMsTWa0NSEeWPg,"Fetched 05/24/2026, 8:08:10 PM GMT+8"
12151,@KarenMaliwat-d6e,5 days ago,Go Benguet! Go Aurora Hill! 🎉🎉,https://www.youtube.com/watch?v=ROa3kbG5M0U&lc=Ugy7paApiU37ibgYxv14AaABAg,Ugy7paApiU37ibgYxv14AaABAg,UCfVbKf43f2Pt1KjlPjUIWjw,"Fetched 05/24/2026, 8:08:10 PM GMT+8"
12152,@KarenMaliwat-d6e,5 days ago,Go Benguet! Go Aurora Hill! 🎉🎉,https://www.youtube.com/watch?v=ROa3kbG5M0U&lc=Ugy4DvhSEYV-f8cEi_l4AaABAg,Ugy4DvhSEYV-f8cEi_l4AaABAg,UCfVbKf43f2Pt1KjlPjUIWjw,"Fetched 05/24/2026, 8:08:10 PM GMT+8"
12153,@strawberrytaho16,5 days ago,Go Benguet! Go Aurora Hill!! 🎉🎉,https://www.youtube.com/watch?v=ROa3kbG5M0U&lc=UgxlqNWjmBYqu4-ch1R4AaABAg,UgxlqNWjmBYqu4-ch1R4AaABAg,UCKrJxTQVZLmSHU1AmjE2khw,"Fetched 05/24/2026, 8:08:10 PM GMT+8"
12154,@KarenMaliwat-d6e,5 days ago,Go Benguet! Go Aurora Hill! 🎉🎉,https://www.youtube.com/watch?v=ROa3kbG5M0U&lc=UgwxjQ2Xue0baS0GHc94AaABAg,UgwxjQ2Xue0baS0GHc94AaABAg,UCfVbKf43f2Pt1KjlPjUIWjw,"Fetched 05/24/2026, 8:08:10 PM GMT+8"
12155,@strawberrytaho16,5 days ago,Go Benguet! Go Aurora Hill!! 🎉🎉,https://www.youtube.com/watch?v=ROa3kbG5M0U&lc=UgzqAcTSLqWKTGVpV8h4AaABAg,UgzqAcTSLqWKTGVpV8h4AaABAg,UCKrJxTQVZLmSHU1AmjE2khw,"Fetched 05/24/2026, 8:08:10 PM GMT+8"
12156,@strawberrytaho16,5 days ago,Go Benguet! Go Aurora Hill!! 🎉🎉,https://www.youtube.com/watch?v=ROa3kbG5M0U&lc=Ugzw7iQzFI_wRTW7D2B4AaABAg,Ugzw7iQzFI_wRTW7D2B4AaABAg,UCKrJxTQVZLmSHU1AmjE2khw,"Fetched 05/24/2026, 8:08:10 PM GMT+8"
12157,@KarenMaliwat-d6e,5 days ago,Go Benguet! Go Aurora Hill! 🎉🎉,https://www.youtube.com/watch?v=ROa3kbG5M0U&lc=UgwemgPxkjmq_wDHu2x4AaABAg,UgwemgPxkjmq_wDHu2x4AaABAg,UCfVbKf43f2Pt1KjlPjUIWjw,"Fetched 05/24/2026, 8:08:10 PM GMT+8"
12158,@strawberrytaho16,5 days ago,Go Benguet! Go Aurora Hill!! 🎉🎉,https://www.youtube.com/watch?v=ROa3kbG5M0U&lc=Ugx0zXyyF9eHEpZ6uaJ4AaABAg,Ugx0zXyyF9eHEpZ6uaJ4AaABAg,UCKrJxTQVZLmSHU1AmjE2khw,"Fetched 05/24/2026, 8:08:10 PM GMT+8"
12159,@BnHydn_4,5 days ago,Go Benguet ♥️  / Go La Trinidad ♥️,https://www.youtube.com/watch?v=ROa3kbG5M0U&lc=Ugx1Qp2uLo2bAdbfqeF4AaABAg,Ugx1Qp2uLo2bAdbfqeF4AaABAg,UCBGtwATEAOhJaVSd9_AsgFw,"Fetched 05/24/2026, 8:08:10 PM GMT+8"
12160,@godoybenidictjohn7654,5 days ago,HAPPY Vieiwing po  / Mula sa lokal ng Norcar 😊,https://www.youtube.com/watch?v=ROa3kbG5M0U&lc=Ugy7E0FVr2YhZq80A9t4AaABAg,Ugy7E0FVr2YhZq80A9t4AaABAg,UCB42ziNyHQV4YV2qJwFrUiQ,"Fetched 05/24/2026, 8:08:10 PM GMT+8"
12161,@ambrosioanofojr4444,5 days ago,Let's Go Benguet! /  / -Kadiwa at Lokal ng Norcar,https://www.youtube.com/watch?v=ROa3kbG5M0U&lc=UgzaIdB2UxX0VGKH2WN4AaABAg,UgzaIdB2UxX0VGKH2WN4AaABAg,UCQACOM5LJpxnKpV1DM1bwew,"Fetched 05/24/2026, 8:08:10 PM GMT+8"
12162,@BoyWithIssues_667,5 days ago,"Happy viewing po,megaroyale village, benguet😊😊",https://www.youtube.com/watch?v=ROa3kbG5M0U&lc=UgyOnVOSEW3UpfY1btt4AaABAg,UgyOnVOSEW3UpfY1btt4AaABAg,UC5YtcPtFhTCRZsNmbVPS88Q,"Fetched 05/24/2026, 8:08:10 PM GMT+8"
12163,@RainierSept,5 days ago,"Happy viewing rainier sept from lokal po Ng megaroyale village, distrito Ng buenget❤️",https://www.youtube.com/watch?v=ROa3kbG5M0U&lc=UgxBgqyvEPa69bi8Cpd4AaABAg,UgxBgqyvEPa69bi8Cpd4AaABAg,UCj7flWjz2bSsOa50Z5Q1nIQ,"Fetched 05/24/2026, 8:08:10 PM GMT+8"
12164,@jasminedaludado7262,5 days ago,Happy viewing po mga kabagis❤ /  / Mula po sa mga KADIWA sa Lokal ng Guisad,https://www.youtube.com/watch?v=ROa3kbG5M0U&lc=UgyJkUUYQfBXtXKvtPN4AaABAg,UgyJkUUYQfBXtXKvtPN4AaABAg,UCA4HVmdH2Xj67gK8nZmpiZg,"Fetched 05/24/2026, 8:08:10 PM GMT+8"
12165,@jeanietugad4595,5 days ago,"Maligayang panonood mga kapatid, tuloy tuloy lang po tayo,, Kalihiman/Registry,, Atok Gold...",https://www.youtube.com/watch?v=ROa3kbG5M0U&lc=UgzQohcvdaisxZdwbKl4AaABAg,UgzQohcvdaisxZdwbKl4AaABAg,UC4-hT99A9u-aH7hnm5JCSfg,"Fetched 05/24/2026, 8:08:10 PM GMT+8"
12166,@RainierSept,5 days ago,"happy viewing po lokal ng megaroyale village, distrito ng benguet❤🎉❤",https://www.youtube.com/watch?v=ROa3kbG5M0U&lc=UgyqghCekY7HTQ0txbx4AaABAg,UgyqghCekY7HTQ0txbx4AaABAg,UCj7flWjz2bSsOa50Z5Q1nIQ,"Fetched 05/24/2026, 8:08:10 PM GMT+8"
12167,@BnHydn_4,5 days ago,Pagbati mula po sa lokal ng La Trinidad 🎉,https://www.youtube.com/watch?v=ROa3kbG5M0U&lc=UgypmtqYcyfhlKsl0eh4AaABAg,UgypmtqYcyfhlKsl0eh4AaABAg,UCBGtwATEAOhJaVSd9_AsgFw,"Fetched 05/24/2026, 8:08:10 PM GMT+8"
12168,@Yroh999,5 days ago,"""You must believe. God's love is bigger than the ocean and brighter than the stars...""❤",https://www.youtube.com/watch?v=ROa3kbG5M0U&lc=Ugyhmq4QXu6I0jBg_Wx4AaABAg,Ugyhmq4QXu6I0jBg_Wx4AaABAg,UCERUpQTowu4C1Sa4B5ew8pw,"Fetched 05/24/2026, 8:08:10 PM GMT+8"
12169,@jeanietugad4595,5 days ago,"Bravo,,, Benguet District,,, fight to the Top,, Atok Gold is in full support.Kalihiman/Registry.",https://www.youtube.com/watch?v=ROa3kbG5M0U&lc=Ugw0Vw1Bz0DEtjTz_Ol4AaABAg,Ugw0Vw1Bz0DEtjTz_Ol4AaABAg,UC4-hT99A9u-aH7hnm5JCSfg,"Fetched 05/24/2026, 8:08:10 PM GMT+8"
12170,@JoyPadilla-y1m,5 days ago,BENGUET no. 1!!!  / Pagbati mula po sa Lokal ng Balatoc🇮🇹,https://www.youtube.com/watch?v=ROa3kbG5M0U&lc=UgyXrJb7BnQtS9yUn6N4AaABAg,UgyXrJb7BnQtS9yUn6N4AaABAg,UCFMHJUCcFM8O7MQq1Jaod-Q,"Fetched 05/24/2026, 8:08:10 PM GMT+8"
12171,@lanlani.eaaaahn,5 days ago,nanonood habang nagmemeryenda pampagood vibes ❤ mula sa lokal ng la trinidad ❤❤,https://www.youtube.com/watch?v=ROa3kbG5M0U&lc=UgxVKc5yvBki7y4Bvht4AaABAg,UgxVKc5yvBki7y4Bvht4AaABAg,UCxRF5ldmYBJWNlgtayRoTHg,"Fetched 05/24/2026, 8:08:10 PM GMT+8"
12172,@kristine4717,5 days ago,"This honestly looks like a real professional music video because of the amazing quality! Huge kudos to the whole production team 👏 From the video quality, vocals, dance choreography, creativity, and overall concept - everything was executed so well. Definitely not boring at all, I was entertained the whole time! Great job, Benguet! Happy watching from Lokal ng Megaroyale Village :hands-yellow-heart-red::virtualhug::face-red-heart-shape::eyes-pink-heart-shape: / Tuloy tuloy lang po ang panunuod. Let's get it to :finger-red-number-one::medal-yellow-first-red::trophy-yellow-smiling:",https://www.youtube.com/watch?v=ROa3kbG5M0U&lc=Ugwc16w17y4tgyGCpcV4AaABAg,Ugwc16w17y4tgyGCpcV4AaABAg,UC3iiMgyZRl-v41Mzegf98yw,"Fetched 05/24/2026, 8:08:10 PM GMT+8"
12173,@VicenteEsguerra,5 days ago,🎉happy viewing po  mula sa lokal ng aurora hill benguet 9,https://www.youtube.com/watch?v=ROa3kbG5M0U&lc=UgwzArZ4e0whf8fHz8d4AaABAg,UgwzArZ4e0whf8fHz8d4AaABAg,UCuOkdiEDUWNVKttJIkMjdhw,"Fetched 05/24/2026, 8:08:10 PM GMT+8"
12174,@PHEBIE-f7h,5 days ago,Happy viewing po mga kapatid / ENJOY WATCHING! / LET'S GO BENGUET! /  / ❤❤BUKLOD OF ATOKGOLD❤❤,https://www.youtube.com/watch?v=ROa3kbG5M0U&lc=UgwiQZJY1i6bQk6WAMx4AaABAg,UgwiQZJY1i6bQk6WAMx4AaABAg,UCNkJMMXP19AJSsNov8Fp3Ag,"Fetched 05/24/2026, 8:08:10 PM GMT+8"
12175,@proudinc30,5 days ago,Go Benguet happy viewing po mga kapatid mula po sa Lokal Megaroyale Distrito ng Benguet🇮🇹,https://www.youtube.com/watch?v=ROa3kbG5M0U&lc=UgyyBWrU_8LbQMjwZzR4AaABAg,UgyyBWrU_8LbQMjwZzR4AaABAg,UCCxuia5xRHTb3_q2LpAa8ZA,"Fetched 05/24/2026, 8:08:10 PM GMT+8"
12176,@luibustamante9493,5 days ago,"38,000 views and counting 🎉🎉🎉 /  / Let's Go Benguet🎉🍓 /  / Masayang panonood po mga kapatid. Shoutout po sa mga mang-aawit at kadiwa. Pagbati po mula sa Lokal ng Tuba",https://www.youtube.com/watch?v=ROa3kbG5M0U&lc=UgwMpRC5NF3lcKTz_Tx4AaABAg,UgwMpRC5NF3lcKTz_Tx4AaABAg,UCFAmrhDmv6rvZrQoYp-IS9w,"Fetched 05/24/2026, 8:08:10 PM GMT+8"
12177,@PHEBIE-f7h,5 days ago,"In our Lord God's great POWER, you must BELIEVE!! /  /  /  / BUKLOD OF ATOKGOLD",https://www.youtube.com/watch?v=ROa3kbG5M0U&lc=UgyVbQTty_ZCh9t5t-p4AaABAg,UgyVbQTty_ZCh9t5t-p4AaABAg,UCNkJMMXP19AJSsNov8Fp3Ag,"Fetched 05/24/2026, 8:08:10 PM GMT+8"
12178,@chichialvarezn,5 days ago,"Happy watching po mga kabagis! , from locale of Aurora Hill, District of Benguet. Binabati rin po namin ang aming poging Destinado na si Kapatid na Redentor Tiamson Jr.",https://www.youtube.com/watch?v=ROa3kbG5M0U&lc=UgzLuxf5xUyqr3yWA6Z4AaABAg,UgzLuxf5xUyqr3yWA6Z4AaABAg,UCCqRQErQw1h8719fX878FDA,"Fetched 05/24/2026, 8:08:10 PM GMT+8"
12179,@chichialvarezn,5 days ago,"Happy watching po mga kabagis! , from locale of Aurora Hill, District of Benguet. Binabati rin po namin ang aming poging Destinado na si Kapatid na Redentor Tiamson Jr.",https://www.youtube.com/watch?v=ROa3kbG5M0U&lc=Ugy348J9DtFLt8rskhh4AaABAg,Ugy348J9DtFLt8rskhh4AaABAg,UCCqRQErQw1h8719fX878FDA,"Fetched 05/24/2026, 8:08:10 PM GMT+8"
12180,@chichialvarezn,5 days ago,"Happy watching po mga kabagis! , from locale of Aurora Hill, District of Benguet. Binabati rin po namin ang aming poging Destinado na si Kapatid na Redentor Tiamson Jr.",https://www.youtube.com/watch?v=ROa3kbG5M0U&lc=Ugwm4Dsx_TErDoCqeyJ4AaABAg,Ugwm4Dsx_TErDoCqeyJ4AaABAg,UCCqRQErQw1h8719fX878FDA,"Fetched 05/24/2026, 8:08:10 PM GMT+8"
12181,@chichialvarezn,5 days ago,"Happy watching po mga kabagis! , from locale of Aurora Hill, District of Benguet. Binabati rin po namin ang aming poging Destinado na si Kapatid na Redentor Tiamson Jr.",https://www.youtube.com/watch?v=ROa3kbG5M0U&lc=UgznHdmKM3jHxsS5TPl4AaABAg,UgznHdmKM3jHxsS5TPl4AaABAg,UCCqRQErQw1h8719fX878FDA,"Fetched 05/24/2026, 8:08:10 PM GMT+8"
12182,@chichialvarezn,5 days ago,"Happy watching po mga kabagis! , from locale of Aurora Hill, District of Benguet. Binabati rin po namin ang aming poging Destinado na si Kapatid na Redentor Tiamson Jr.",https://www.youtube.com/watch?v=ROa3kbG5M0U&lc=Ugw2QNGQicaWRaLoXXJ4AaABAg,Ugw2QNGQicaWRaLoXXJ4AaABAg,UCCqRQErQw1h8719fX878FDA,"Fetched 05/24/2026, 8:08:10 PM GMT+8"
12183,@chichialvarezn,5 days ago,"Happy watching po mga kabagis! , from locale of Aurora Hill, District of Benguet. Binabati rin po namin ang aming poging Destinado na si Kapatid na Redentor Tiamson Jr.",https://www.youtube.com/watch?v=ROa3kbG5M0U&lc=UgwJDP5gCltcd4mHH0d4AaABAg,UgwJDP5gCltcd4mHH0d4AaABAg,UCCqRQErQw1h8719fX878FDA,"Fetched 05/24/2026, 8:08:10 PM GMT+8"
12184,@chichialvarezn,5 days ago,"Happy watching po mga kabagis! , from locale of Aurora Hill, District of Benguet. Binabati rin po namin ang aming poging Destinado na si Kapatid na Redentor Tiamson Jr.",https://www.youtube.com/watch?v=ROa3kbG5M0U&lc=UgzfpoY2z_Hz0wYlx094AaABAg,UgzfpoY2z_Hz0wYlx094AaABAg,UCCqRQErQw1h8719fX878FDA,"Fetched 05/24/2026, 8:08:10 PM GMT+8"
12185,@shainalandocanasuncion9170,5 days ago,Happy Viewing po mula sa local ng Balatoc distrito ng Benguet ❤,https://www.youtube.com/watch?v=ROa3kbG5M0U&lc=Ugx7ayKLfG26CVZS6GZ4AaABAg,Ugx7ayKLfG26CVZS6GZ4AaABAg,UCF0BibG8S0hyNzKWoUAjYHA,"Fetched 05/24/2026, 8:08:10 PM GMT+8"
12186,@alexissumilep-akitan,5 days ago,"happy viewing po mga kapatid, pagbati mula sa lokal ng Quezon Hill, Kagawaran ng Kalihiman, Registry Section",https://www.youtube.com/watch?v=ROa3kbG5M0U&lc=Ugwq45gEsaHaNSwnrMZ4AaABAg,Ugwq45gEsaHaNSwnrMZ4AaABAg,UCjLw8KfZA1ZX3DYq3aCogsQ,"Fetched 05/24/2026, 8:08:10 PM GMT+8"
12187,@Cielinh,5 days ago,һіᥒძі ᥒᥲkᥲkᥲsᥲᥕᥲᥒg ⍴ᥲkіᥒggᥲᥒ ᥲ𝗍 ⍴ᥲᥒ᥆᥆rіᥒ❤🎉rᥱᥕᥲ𝗍ᥴһіᥒg 𝖿r᥆m ᥲ𝗍᥆k g᥆ᥣძ ᥣ᥆ᥴᥲᥣᥱ,https://www.youtube.com/watch?v=ROa3kbG5M0U&lc=UgxO5HotM4TLHeOL5bR4AaABAg,UgxO5HotM4TLHeOL5bR4AaABAg,UCCaZtqji_s6jqDoVERM6D1w,"Fetched 05/24/2026, 8:08:10 PM GMT+8"
12188,@elle.1914,5 days ago,Happy viewing po from Lokal ng Gibraltar!,https://www.youtube.com/watch?v=ROa3kbG5M0U&lc=UgwMZQBmVPhv5YV0pNR4AaABAg,UgwMZQBmVPhv5YV0pNR4AaABAg,UCTpq1TVl2hklh10PE8QqVhw,"Fetched 05/24/2026, 8:08:10 PM GMT+8"
12189,@BnHydn_4,5 days ago,Love and support Mula po sa lokal ng La Trinidad ❤,https://www.youtube.com/watch?v=ROa3kbG5M0U&lc=UgymKO7b090E8wUXG3h4AaABAg,UgymKO7b090E8wUXG3h4AaABAg,UCBGtwATEAOhJaVSd9_AsgFw,"Fetched 05/24/2026, 8:08:10 PM GMT+8"
12190,@ehdwow318,5 days ago,Super love it!!❤,https://www.youtube.com/watch?v=ROa3kbG5M0U&lc=Ugwc16w17y4tgyGCpcV4AaABAg.AWzGyIfnO7-AWzH90cvjyK,Ugwc16w17y4tgyGCpcV4AaABAg.AWzGyIfnO7-AWzH90cvjyK,UCiwATwwRZ8TCez4FYmw9s0Q,"Fetched 05/24/2026, 8:08:10 PM GMT+8"
12191,@alexissumilep-akitan,5 days ago,"replay ulit mga kapatid /  / -kalihiman / registry section / -Quezon Hill, Benguet",https://www.youtube.com/watch?v=ROa3kbG5M0U&lc=UgwQz5p5u6zPuPJXiad4AaABAg,UgwQz5p5u6zPuPJXiad4AaABAg,UCjLw8KfZA1ZX3DYq3aCogsQ,"Fetched 05/24/2026, 8:08:10 PM GMT+8"
12192,@strawberrytaho16,5 days ago,Go Benguet! Go Aurora Hill!! 🎉🎉,https://www.youtube.com/watch?v=ROa3kbG5M0U&lc=UgyXZ4HEikqh4TcWFxx4AaABAg,UgyXZ4HEikqh4TcWFxx4AaABAg,UCKrJxTQVZLmSHU1AmjE2khw,"Fetched 05/24/2026, 8:08:10 PM GMT+8"
12193,@strawberrytaho16,5 days ago,Go Benguet! Go Aurora Hill!! 🎉🎉,https://www.youtube.com/watch?v=ROa3kbG5M0U&lc=UgzNGHwvQmm1omMqIVJ4AaABAg,UgzNGHwvQmm1omMqIVJ4AaABAg,UCKrJxTQVZLmSHU1AmjE2khw,"Fetched 05/24/2026, 8:08:10 PM GMT+8"
12194,@lhyncecapones4221,5 days ago,s𝗍іᥣᥣ ᥕᥲ𝗍ᥴһіᥒg ᥲᥒძ sᥙ⍴⍴᥆r𝗍іᥒg 𝖿r᥆m ᥣ᥆kᥲᥣ ᥒg ᥲ𝗍᥆k g᥆ᥣძ❤ /  / g᥆᥆᥆ ᑲᥱᥒgᥙᥱᥱᥱ𝗍𝗍𝗍🎉🎉,https://www.youtube.com/watch?v=ROa3kbG5M0U&lc=Ugzw7aelulnEND6lCXB4AaABAg,Ugzw7aelulnEND6lCXB4AaABAg,UCwdu2RslkAqTLr68YtpGEgA,"Fetched 05/24/2026, 8:08:10 PM GMT+8"
12195,@strawberrytaho16,5 days ago,Go Benguet! Go Aurora Hill!! 🎉🎉,https://www.youtube.com/watch?v=ROa3kbG5M0U&lc=UgxRTAdgrtB0TT1MP694AaABAg,UgxRTAdgrtB0TT1MP694AaABAg,UCKrJxTQVZLmSHU1AmjE2khw,"Fetched 05/24/2026, 8:08:10 PM GMT+8"
12196,@RodrigoMamburam,5 days ago,"God's love mga kapatid local po ng tublay 🇮🇷district of benguet po,",https://www.youtube.com/watch?v=ROa3kbG5M0U&lc=UgxKHpQ5q0NR-X3ovZx4AaABAg,UgxKHpQ5q0NR-X3ovZx4AaABAg,UCBWiJAFV4wH-F3AfVcelMBw,"Fetched 05/24/2026, 8:08:10 PM GMT+8"
12197,@alexissumilep-akitan,5 days ago,more views for Benguet /  / full support from the registry clerks ng Quezon Hill,https://www.youtube.com/watch?v=ROa3kbG5M0U&lc=UgwNmriSxmkdvWoBpU94AaABAg,UgwNmriSxmkdvWoBpU94AaABAg,UCjLw8KfZA1ZX3DYq3aCogsQ,"Fetched 05/24/2026, 8:08:10 PM GMT+8"
12198,@Jazz-k6s,5 days ago,May more people be inspired by this❤ / La Trinidad 🪷,https://www.youtube.com/watch?v=ROa3kbG5M0U&lc=Ugz4woK7nXZTfCzO7054AaABAg,Ugz4woK7nXZTfCzO7054AaABAg,UCjmyu8zkVg7bQQCs4HypxNQ,"Fetched 05/24/2026, 8:08:10 PM GMT+8"
12199,@Linh-p6m,5 days ago,s𝗍іᥣᥣ sᥙ⍴⍴᥆r𝗍іᥒg ᥲᥒძ ᥕᥲ𝗍ᥴһіᥒg  𝖿r᥆m ᥣ᥆kᥲᥣ ᥒg ᥲ𝗍᥆k g᥆ᥣძ❤,https://www.youtube.com/watch?v=ROa3kbG5M0U&lc=Ugz4hgeEvjGNdLNqJnh4AaABAg,Ugz4hgeEvjGNdLNqJnh4AaABAg,UC6zvycA4jBfV3AMvuXhCMgw,"Fetched 05/24/2026, 8:08:10 PM GMT+8"
12200,@alexissumilep-akitan,5 days ago,"Go INCMV Benguet /  / supporting fro. the registry section/kalihiman ng QUEZON HILL, BENGUET",https://www.youtube.com/watch?v=ROa3kbG5M0U&lc=UgyBiFppBQXpyRojAlt4AaABAg,UgyBiFppBQXpyRojAlt4AaABAg,UCjLw8KfZA1ZX3DYq3aCogsQ,"Fetched 05/24/2026, 8:08:10 PM GMT+8"
12201,@jeanietugad4595,5 days ago,",Suportado po ang Atok Gold sa Distrito ng Benguet,,, Rewatching po tayo mga kapatid,, Kalihiman/Registry.",https://www.youtube.com/watch?v=ROa3kbG5M0U&lc=UgxJvZeIOxNrpdXBFz94AaABAg,UgxJvZeIOxNrpdXBFz94AaABAg,UC4-hT99A9u-aH7hnm5JCSfg,"Fetched 05/24/2026, 8:08:10 PM GMT+8"
12202,@jeanietugad4595,5 days ago,"Halina mga kapatid, hindi nakakasawang panoorin,, Atok Gold,, Kalihiman/Registry.",https://www.youtube.com/watch?v=ROa3kbG5M0U&lc=UgxFGEWVtOc40w5mQB14AaABAg,UgxFGEWVtOc40w5mQB14AaABAg,UC4-hT99A9u-aH7hnm5JCSfg,"Fetched 05/24/2026, 8:08:10 PM GMT+8"
12203,@JennilynLazaro-y5x6v,5 days ago,God's Love is bigger than the ocean and brighter than the stars 🎶🎵  / #BenguetOnTop / #BenguetINCMV / Greetings to all Brethren 👋👋  / From Lokal ng ATOK GOLD🇮🇹,https://www.youtube.com/watch?v=ROa3kbG5M0U&lc=UgxGvR2m22MFbBJUZ8d4AaABAg,UgxGvR2m22MFbBJUZ8d4AaABAg,UCItB-k__Z6a289WuGtIxsbw,"Fetched 05/24/2026, 8:08:10 PM GMT+8"
12204,@Julskie28,5 days ago,Happy viewing po sa ating lahat!  /  / Tuloy tuloy po tayo sa pag suporta /  / From KADIWAs of benguet  / Lokal ng Guisad❤,https://www.youtube.com/watch?v=ROa3kbG5M0U&lc=Ugyqbu1z_y054SJ9GDV4AaABAg,Ugyqbu1z_y054SJ9GDV4AaABAg,UC1nz0UiWHV8lyoQdZtJejeg,"Fetched 05/24/2026, 8:08:10 PM GMT+8"
12205,@JennilynLazaro-y5x6v,5 days ago,Happy viewing from Locale of Atok Gold / We fully support our District INCMV 🫂 /  / Kagawaran ng Mang-aawit 💚 / Organista 🤍 / Kapisanang Buklod ❤,https://www.youtube.com/watch?v=ROa3kbG5M0U&lc=UgzMkIC4P57_cpin3mB4AaABAg,UgzMkIC4P57_cpin3mB4AaABAg,UCItB-k__Z6a289WuGtIxsbw,"Fetched 05/24/2026, 8:08:10 PM GMT+8"
12206,@JennilynLazaro-y5x6v,5 days ago,MORE VIEWS. MORE VIEWS. ☝☝ / Kaisa po ang Lokal ng Atok Gold 🤍,https://www.youtube.com/watch?v=ROa3kbG5M0U&lc=UgxMmb26jsqEg9NDcJB4AaABAg,UgxMmb26jsqEg9NDcJB4AaABAg,UCItB-k__Z6a289WuGtIxsbw,"Fetched 05/24/2026, 8:08:10 PM GMT+8"
12207,@aldyne.mendoza,5 days ago,Go po Benguet  / Happy viewing po ❤,https://www.youtube.com/watch?v=ROa3kbG5M0U&lc=Ugxo9TymiRSTiP-ux_J4AaABAg,Ugxo9TymiRSTiP-ux_J4AaABAg,UC4xjaKxixMnSP2omy_lWRtw,"Fetched 05/24/2026, 8:08:10 PM GMT+8"
12208,@JennilynLazaro-y5x6v,5 days ago,God's love is bigger than the ocean and brighter than the stars ❤❤ / Happy viewing po from Lokal ng ATOK GOLD 😊😊 / Kagawaran ng Mang-aawit / Organista 🇮🇹,https://www.youtube.com/watch?v=ROa3kbG5M0U&lc=UgyUj2gNAmA5c6v3fx14AaABAg,UgyUj2gNAmA5c6v3fx14AaABAg,UCItB-k__Z6a289WuGtIxsbw,"Fetched 05/24/2026, 8:08:10 PM GMT+8"
12209,@ReynanteBauzon,5 days ago,Nakakaproud po ang God's Love.. / Ang LOKAL NG IRISAN  ay malugod na bumabati sa lahat po ng mga kapatid na nakikiisa po dito.. / Congratulations po🎉 / 💚🤍♥️,https://www.youtube.com/watch?v=ROa3kbG5M0U&lc=Ugzn8OmIfNL30k39xjV4AaABAg,Ugzn8OmIfNL30k39xjV4AaABAg,UCW4izpxy03rvPFmI2RjSP7Q,"Fetched 05/24/2026, 8:08:10 PM GMT+8"
12210,@Vien.Bella-vu5rh4pz8b,5 days ago,BENGUET TO THE TOP / GOD'S LOVE INCMV #1 Ka sa amin / Lokal ng Atok Gold / 🎶🎵 Kagawaran ng Mang-aawit,https://www.youtube.com/watch?v=ROa3kbG5M0U&lc=UgzEZ2aBK8iTwtYpCIF4AaABAg,UgzEZ2aBK8iTwtYpCIF4AaABAg,UCB9NRJMQHTIobGeD1zbmbYA,"Fetched 05/24/2026, 8:08:10 PM GMT+8"
12211,@Vien.Bella-vu5rh4pz8b,5 days ago,Go Benguet! Atok Gold ❤,https://www.youtube.com/watch?v=ROa3kbG5M0U&lc=Ugw63jlMuh12LnvSvY14AaABAg,Ugw63jlMuh12LnvSvY14AaABAg,UCB9NRJMQHTIobGeD1zbmbYA,"Fetched 05/24/2026, 8:08:10 PM GMT+8"
12212,@DinaShuntogan,5 days ago,"Gogo Benguet,,,Lokal NG Tublay❤",https://www.youtube.com/watch?v=ROa3kbG5M0U&lc=UgymYAxwfPH87yhtRGF4AaABAg,UgymYAxwfPH87yhtRGF4AaABAg,UCzK1-nP8TJTvlx35vN6RJ1A,"Fetched 05/24/2026, 8:08:10 PM GMT+8"
12213,@jonathanlazaro-lr3tw,5 days ago,Pataasin pa po natin ang Views. / Enjoy watching din po mula sa lokal ng Atok Gold,https://www.youtube.com/watch?v=ROa3kbG5M0U&lc=UgyOOjL1GACP20eQzbl4AaABAg,UgyOOjL1GACP20eQzbl4AaABAg,UCFqvjRjbTvQSzxX4Cw-_bZw,"Fetched 05/24/2026, 8:08:10 PM GMT+8"
12214,@almazanrhyndylyn,5 days ago,Congratulations po for reaching 38k views ❤❤❤ /  / Go go Benguet!!!!! Patuloy pong nakikinig at nakikiisa... / Mula po sa Lokal ng Norcar at Kapisanang Kadiwa❤❤❤,https://www.youtube.com/watch?v=ROa3kbG5M0U&lc=UgzoAREXWetdBU5V8Nh4AaABAg,UgzoAREXWetdBU5V8Nh4AaABAg,UCEoQCNgytnJxjJnAQLSzFeA,"Fetched 05/24/2026, 8:08:10 PM GMT+8"
12215,@jonathanlazaro-lr3tw,5 days ago,Warm greetings po mula sa kagawaran ng Mang-aawit at Kapisanang Buklod sa Lokal ng Atok Gold ❤ Tuloy tuloy po ang aming panonood 😊,https://www.youtube.com/watch?v=ROa3kbG5M0U&lc=UgzyBwAgbO8C900eFSF4AaABAg,UgzyBwAgbO8C900eFSF4AaABAg,UCFqvjRjbTvQSzxX4Cw-_bZw,"Fetched 05/24/2026, 8:08:10 PM GMT+8"
12216,@almazanrhyndylyn,5 days ago,Lezzz Go Benguet 🔊🔊🔊🔊.... / Louder 📣📣📣,https://www.youtube.com/watch?v=ROa3kbG5M0U&lc=UgzudWlAYX-9QCXnUuN4AaABAg,UgzudWlAYX-9QCXnUuN4AaABAg,UCEoQCNgytnJxjJnAQLSzFeA,"Fetched 05/24/2026, 8:08:10 PM GMT+8"
12217,@jonathanlazaro-lr3tw,5 days ago,HIS WONDROUS LOVE🥰🥰 nakaka LSS po talaga mula sa lokal ng Atok Gold,https://www.youtube.com/watch?v=ROa3kbG5M0U&lc=UgzzEpEvl_UxibGTGGx4AaABAg,UgzzEpEvl_UxibGTGGx4AaABAg,UCFqvjRjbTvQSzxX4Cw-_bZw,"Fetched 05/24/2026, 8:08:10 PM GMT+8"
12218,@ivymorenomaravilla,5 days ago,Full Support lagi ang Baguio City ❤❤❤❤,https://www.youtube.com/watch?v=ROa3kbG5M0U&lc=Ugwjpd67Cm4KJuwCgFJ4AaABAg,Ugwjpd67Cm4KJuwCgFJ4AaABAg,UC32rXNkKQhO9c-YLliCwYLg,"Fetched 05/24/2026, 8:08:10 PM GMT+8"
12219,@ReynanteBauzon,5 days ago,Napakaganda po ng mensahe ng awit.. / From LOKAL NG IRISAN 💚🤍♥️,https://www.youtube.com/watch?v=ROa3kbG5M0U&lc=UgyWOT7EBr2fhqi6n6d4AaABAg,UgyWOT7EBr2fhqi6n6d4AaABAg,UCW4izpxy03rvPFmI2RjSP7Q,"Fetched 05/24/2026, 8:08:10 PM GMT+8"
12220,@tinebautista96,5 days ago,Shout po sa mga kadiwa at binhi sa aming lokal na patuloy na nanunuod po ngayon. / love from Atok Gold Locale,https://www.youtube.com/watch?v=ROa3kbG5M0U&lc=UgwCan2wWkZMwv7L-al4AaABAg,UgwCan2wWkZMwv7L-al4AaABAg,UCGak0P6vxZDw2MBNGmDQjyg,"Fetched 05/24/2026, 8:08:10 PM GMT+8"
12221,@henrycaranto2644,5 days ago,Good afternoon po salahat ❤ /  / Let's go Beguet🎉🎉 /  / From Benguet KDO / FROM LOKAL NG BAGUIO CITY,https://www.youtube.com/watch?v=ROa3kbG5M0U&lc=UgzSxQJgrtncP2Ncj7F4AaABAg,UgzSxQJgrtncP2Ncj7F4AaABAg,UCFilTOy22FklSkBIgwVPVaQ,"Fetched 05/24/2026, 8:08:10 PM GMT+8"
12222,@tinebautista96,5 days ago,Ooh ooh ooh🎶 / Happy rewatching po from Atok Gold Locale,https://www.youtube.com/watch?v=ROa3kbG5M0U&lc=UgyR0aLYWWRAhM9kc414AaABAg,UgyR0aLYWWRAhM9kc414AaABAg,UCGak0P6vxZDw2MBNGmDQjyg,"Fetched 05/24/2026, 8:08:10 PM GMT+8"
12223,@ReynanteBauzon,5 days ago,Best actors ang mga kapatid na gumanap.. / Pagbati po mula sa  / LOKAL NG IRISAN  / DISTRITO NG BENGUET 💚🤍♥️,https://www.youtube.com/watch?v=ROa3kbG5M0U&lc=Ugy8kaowSRf4ALAQEv94AaABAg,Ugy8kaowSRf4ALAQEv94AaABAg,UCW4izpxy03rvPFmI2RjSP7Q,"Fetched 05/24/2026, 8:08:10 PM GMT+8"
12224,@almazanrhyndylyn,5 days ago,Fighting Benguet!!!⚔️⚔️ /  / Happy listening po habang naglalaba. 🎶🎶🎶🎶 /  / Pagbati sa mga nasa kapisanang Kadiwa.  /  / Mula po sa Lokal ng Norcar.,https://www.youtube.com/watch?v=ROa3kbG5M0U&lc=Ugza2uAo8nshpcpL2cN4AaABAg,Ugza2uAo8nshpcpL2cN4AaABAg,UCEoQCNgytnJxjJnAQLSzFeA,"Fetched 05/24/2026, 8:08:10 PM GMT+8"
12225,@JennilynLazaro-y5x6v,5 days ago,Kaisa po ang lokal ng Atok Gold / Go BENGUET,https://www.youtube.com/watch?v=ROa3kbG5M0U&lc=UgymHVaGnkIUAswi-594AaABAg,UgymHVaGnkIUAswi-594AaABAg,UCItB-k__Z6a289WuGtIxsbw,"Fetched 05/24/2026, 8:08:10 PM GMT+8"
12226,@tinebautista96,5 days ago,Happy watching po from lokal ng Atok Gold♥️,https://www.youtube.com/watch?v=ROa3kbG5M0U&lc=UgyU0ddDUKlkSBruLRh4AaABAg,UgyU0ddDUKlkSBruLRh4AaABAg,UCGak0P6vxZDw2MBNGmDQjyg,"Fetched 05/24/2026, 8:08:10 PM GMT+8"
12227,@tinebautista96,5 days ago,patuloy po ang suporta ng lokal ng Atok Gold sa atin pong napakagandang MV! Go Benguet♥️,https://www.youtube.com/watch?v=ROa3kbG5M0U&lc=UgyC-cVu7W9rmJbnnGR4AaABAg,UgyC-cVu7W9rmJbnnGR4AaABAg,UCGak0P6vxZDw2MBNGmDQjyg,"Fetched 05/24/2026, 8:08:10 PM GMT+8"
12228,@JennilynLazaro-y5x6v,5 days ago,"Let's Go, Benguet! 🇮🇹 / Happy viewing po mula sa kagawaran ng mga Mang-aawit🎶🎵 sa Lokal ng Atok Gold❤❤",https://www.youtube.com/watch?v=ROa3kbG5M0U&lc=Ugwcv4uyOv0EaQ8S-Sh4AaABAg,Ugwcv4uyOv0EaQ8S-Sh4AaABAg,UCItB-k__Z6a289WuGtIxsbw,"Fetched 05/24/2026, 8:08:10 PM GMT+8"
12229,@ivymorenomaravilla,5 days ago,watching from Baguio City❤❤❤❤,https://www.youtube.com/watch?v=ROa3kbG5M0U&lc=UgyhDu-N46Z7C5lxnw54AaABAg,UgyhDu-N46Z7C5lxnw54AaABAg,UC32rXNkKQhO9c-YLliCwYLg,"Fetched 05/24/2026, 8:08:10 PM GMT+8"
12230,@JennilynLazaro-y5x6v,5 days ago,Happy viewing from Locale of Atok Gold. We fully support our District INCMV 💚 / Kaisa po kaming BUKLOD 🤍 / Kaisa po ang mga Organista ❤,https://www.youtube.com/watch?v=ROa3kbG5M0U&lc=Ugw45LuFaDNOMRfcR_V4AaABAg,Ugw45LuFaDNOMRfcR_V4AaABAg,UCItB-k__Z6a289WuGtIxsbw,"Fetched 05/24/2026, 8:08:10 PM GMT+8"
12231,@johnreylucio8970,5 days ago,"Happy Viewing po sa Ating Lhaattt, Let's Go Benguet, On TOP /  / Mula po sa Kapisanang Kadiwa / Lokal ng La Trinidad",https://www.youtube.com/watch?v=ROa3kbG5M0U&lc=UgxPCg61Mz1EzmF9T1h4AaABAg,UgxPCg61Mz1EzmF9T1h4AaABAg,UCNMupRD4ySrN336KZpy29OA,"Fetched 05/24/2026, 8:08:10 PM GMT+8"
12232,@JennilynLazaro-y5x6v,5 days ago,Pagbati po mula sa kagawaran ng Mang-aawit at Kapisanang Buklod sa Lokal ng Atok Gold 🎵🎶,https://www.youtube.com/watch?v=ROa3kbG5M0U&lc=UgxPp7bn-Lyvc7HaW4R4AaABAg,UgxPp7bn-Lyvc7HaW4R4AaABAg,UCItB-k__Z6a289WuGtIxsbw,"Fetched 05/24/2026, 8:08:10 PM GMT+8"
12233,@kristine4717,5 days ago,Tuloy tuloy lang po ang panunuod. Let's get it to :finger-red-number-one::medal-yellow-first-red::trophy-yellow-smiling:,https://www.youtube.com/watch?v=ROa3kbG5M0U&lc=UgyVrt1WVZtNVLGSRTt4AaABAg,UgyVrt1WVZtNVLGSRTt4AaABAg,UC3iiMgyZRl-v41Mzegf98yw,"Fetched 05/24/2026, 8:08:10 PM GMT+8"
12234,@ReynanteBauzon,5 days ago,Memorize na po ba ninyo ang kanta mga kapatid? / LOKAL NG IRISAN 💚🤍♥️,https://www.youtube.com/watch?v=ROa3kbG5M0U&lc=Ugy11VB6lOuOZWQgFQJ4AaABAg,Ugy11VB6lOuOZWQgFQJ4AaABAg,UCW4izpxy03rvPFmI2RjSP7Q,"Fetched 05/24/2026, 8:08:10 PM GMT+8"
12235,@tinebautista96,5 days ago,"Magandang hapon po, maligayang panunuod po mula sa lokal ng Atok Gold❤",https://www.youtube.com/watch?v=ROa3kbG5M0U&lc=UgxX0njV8yVOLrooVAV4AaABAg,UgxX0njV8yVOLrooVAV4AaABAg,UCGak0P6vxZDw2MBNGmDQjyg,"Fetched 05/24/2026, 8:08:10 PM GMT+8"
12236,@Vien.Bella-vu5rh4pz8b,5 days ago,Pagbati po mula sa kagawaran ng Mang-aawit sa Lokal ng Atok Gold 🎵🎶,https://www.youtube.com/watch?v=ROa3kbG5M0U&lc=UgwJA0NnP2wzPVgcHPl4AaABAg,UgwJA0NnP2wzPVgcHPl4AaABAg,UCB9NRJMQHTIobGeD1zbmbYA,"Fetched 05/24/2026, 8:08:10 PM GMT+8"
12237,@riajannah3304,5 days ago,Go go go Benguet!!! Fight fight fight aurora hill!! 🎉🎉,https://www.youtube.com/watch?v=ROa3kbG5M0U&lc=Ugz9tlnW82lLdCpQLBF4AaABAg,Ugz9tlnW82lLdCpQLBF4AaABAg,UCg6vNkDKjJmbm-o5VgxURGQ,"Fetched 05/24/2026, 8:08:10 PM GMT+8"
12238,@DarwinAdchayco-hn6um,5 days ago,Gods love Benguet. Shoutout and viewing from Lokal ng Kias fight fight fight,https://www.youtube.com/watch?v=ROa3kbG5M0U&lc=Ugywr6gyXkSAcoJZrxR4AaABAg,Ugywr6gyXkSAcoJZrxR4AaABAg,UCTIajrnWkfgsETiNU8qkIdA,"Fetched 05/24/2026, 8:08:10 PM GMT+8"
12239,@Vien.Bella-vu5rh4pz8b,5 days ago,HIS WONDROUS LOVE🥰🥰 nakaka LSS po talaga mula sa lokal ng Atok Gold,https://www.youtube.com/watch?v=ROa3kbG5M0U&lc=Ugy5bBzk4if06ACoowZ4AaABAg,Ugy5bBzk4if06ACoowZ4AaABAg,UCB9NRJMQHTIobGeD1zbmbYA,"Fetched 05/24/2026, 8:08:10 PM GMT+8"
12240,@riajannah3304,5 days ago,Happy viewing po! Mula po sa lokal ng Aurora Hill!🎉🎉🎉,https://www.youtube.com/watch?v=ROa3kbG5M0U&lc=UgzuqFL3gwRe_hhje0h4AaABAg,UgzuqFL3gwRe_hhje0h4AaABAg,UCg6vNkDKjJmbm-o5VgxURGQ,"Fetched 05/24/2026, 8:08:10 PM GMT+8"
12241,@evelynbagwan4556,5 days ago,enjoy watching everyone...From Kias locale KALIHIMAN/REGISTRY,https://www.youtube.com/watch?v=ROa3kbG5M0U&lc=UgyhZA5sPD523O6aS794AaABAg,UgyhZA5sPD523O6aS794AaABAg,UCRM3Jy8TqZZujIfIm_oBAWg,"Fetched 05/24/2026, 8:08:10 PM GMT+8"
12242,@Vien.Bella-vu5rh4pz8b,5 days ago,Go BENGUET! We got your back. / Fully supporting from lokal ng Atok Gold❤ Kagawaran ng Mang-aawit 🌸 Kapisanan ng Buklod 😊,https://www.youtube.com/watch?v=ROa3kbG5M0U&lc=Ugx2Yj_BCybgBWlZzuN4AaABAg,Ugx2Yj_BCybgBWlZzuN4AaABAg,UCB9NRJMQHTIobGeD1zbmbYA,"Fetched 05/24/2026, 8:08:10 PM GMT+8"
12243,@Eistudio.Artist,5 days ago,"Happy Viewing po from Lokal ng Lourdes, 🫶",https://www.youtube.com/watch?v=ROa3kbG5M0U&lc=UgzK5YH6SEqIrpagDqp4AaABAg,UgzK5YH6SEqIrpagDqp4AaABAg,UCH5734-xYEXal7N0vL3UuoQ,"Fetched 05/24/2026, 8:08:10 PM GMT+8"
12244,@jonathanlazaro-lr3tw,5 days ago,Pagbati po mula sa kapisanang Buklod sa Lokal ng ATOK GOLD / go go go BENGUET 🎉,https://www.youtube.com/watch?v=ROa3kbG5M0U&lc=UgwG-SSq8t61eXSHqSZ4AaABAg,UgwG-SSq8t61eXSHqSZ4AaABAg,UCFqvjRjbTvQSzxX4Cw-_bZw,"Fetched 05/24/2026, 8:08:10 PM GMT+8"
12245,@jonathanlazaro-lr3tw,5 days ago,Let's Go Benguet! / Mula po sa Lokal ng Atok Gold 🇮🇹 / Kagawaran ng Mang-aawit 🎶🎵,https://www.youtube.com/watch?v=ROa3kbG5M0U&lc=UgzvlaSUVYnSDh2S1iB4AaABAg,UgzvlaSUVYnSDh2S1iB4AaABAg,UCFqvjRjbTvQSzxX4Cw-_bZw,"Fetched 05/24/2026, 8:08:10 PM GMT+8"
12246,@jonathanlazaro-lr3tw,5 days ago,GOD'S LOVE 🤍 INCMV / go go go BENGUET / Kaisa ang Lokal ng Atok Gold,https://www.youtube.com/watch?v=ROa3kbG5M0U&lc=UgwEd8qzBVY1Y26xeXh4AaABAg,UgwEd8qzBVY1Y26xeXh4AaABAg,UCFqvjRjbTvQSzxX4Cw-_bZw,"Fetched 05/24/2026, 8:08:10 PM GMT+8"
12247,@alexandriaaragones8817,5 days ago,Happy viewing po! Mula po sa Lokal ng Gibraltar 😇❤️,https://www.youtube.com/watch?v=ROa3kbG5M0U&lc=UgzaaLIcJGLvu0-HQkR4AaABAg,UgzaaLIcJGLvu0-HQkR4AaABAg,UC22tSDTUf2hYTdEITihL5VQ,"Fetched 05/24/2026, 8:08:10 PM GMT+8"
12248,@kristinemarinas7448,5 days ago,Napakahusay po at napakagaling! Go BENGUET. / love from Atok Gold,https://www.youtube.com/watch?v=ROa3kbG5M0U&lc=Ugx1GdYAnKeE1hOHfgt4AaABAg,Ugx1GdYAnKeE1hOHfgt4AaABAg,UCcappUMJQUu895HqGtz5LuA,"Fetched 05/24/2026, 8:08:10 PM GMT+8"
12249,@alexandriaaragones8817,5 days ago,Happy viewing po! Mula po sa Lokal ng Gibraltar 😇❤️,https://www.youtube.com/watch?v=ROa3kbG5M0U&lc=UgzDROXyXqu_9s9jWZF4AaABAg,UgzDROXyXqu_9s9jWZF4AaABAg,UC22tSDTUf2hYTdEITihL5VQ,"Fetched 05/24/2026, 8:08:10 PM GMT+8"
12250,@JennilynLazaro-y5x6v,5 days ago,God's Love is bigger than the ocean and brighter than the stars 🎶🎵  / Greetings to all Brethren 👋👋 ATOK GOLD🇮🇹,https://www.youtube.com/watch?v=ROa3kbG5M0U&lc=UgySaTV3Da22fRz2RDB4AaABAg,UgySaTV3Da22fRz2RDB4AaABAg,UCItB-k__Z6a289WuGtIxsbw,"Fetched 05/24/2026, 8:08:10 PM GMT+8"
12251,@alexandriaaragones8817,5 days ago,Happy viewing po! Mula po sa Lokal ng Gibraltar 😇❤️,https://www.youtube.com/watch?v=ROa3kbG5M0U&lc=UgxATJ21NEwC21uWHsR4AaABAg,UgxATJ21NEwC21uWHsR4AaABAg,UC22tSDTUf2hYTdEITihL5VQ,"Fetched 05/24/2026, 8:08:10 PM GMT+8"
12252,@JennilynLazaro-y5x6v,5 days ago,MORE VIEWS. MORE VIEWS. ☝☝ / Kaisa po ang Lokal ng Atok Gold 🤍,https://www.youtube.com/watch?v=ROa3kbG5M0U&lc=Ugz1MdrrYg9TG1YxnD14AaABAg,Ugz1MdrrYg9TG1YxnD14AaABAg,UCItB-k__Z6a289WuGtIxsbw,"Fetched 05/24/2026, 8:08:10 PM GMT+8"
12253,@kristinemarinas7448,5 days ago,Maligayang panunuod po mula sa lokal ng Atok Gold!❤❤❤,https://www.youtube.com/watch?v=ROa3kbG5M0U&lc=UgzS5mblPQgYiCNRdwl4AaABAg,UgzS5mblPQgYiCNRdwl4AaABAg,UCcappUMJQUu895HqGtz5LuA,"Fetched 05/24/2026, 8:08:10 PM GMT+8"
12254,@jesibeldasilag8102,5 days ago,Rewatch kasii sobrang ganda hindi nakakasqawa. Baguio here,https://www.youtube.com/watch?v=ROa3kbG5M0U&lc=Ugw8QyWEXh2SZWpVhll4AaABAg,Ugw8QyWEXh2SZWpVhll4AaABAg,UCjgCGrc_KIvfJlbZAnczijg,"Fetched 05/24/2026, 8:08:10 PM GMT+8"
12255,@alexandriaaragones8817,5 days ago,Happy viewing po! Mula po sa Lokal ng Gibraltar 😇❤️,https://www.youtube.com/watch?v=ROa3kbG5M0U&lc=UgwzV029eSUED23BEC14AaABAg,UgwzV029eSUED23BEC14AaABAg,UC22tSDTUf2hYTdEITihL5VQ,"Fetched 05/24/2026, 8:08:10 PM GMT+8"
12256,@alexandriaaragones8817,5 days ago,Happy viewing po! Mula po sa Lokal ng Gibraltar 😇❤️,https://www.youtube.com/watch?v=ROa3kbG5M0U&lc=Ugxoo7vVVuaaGNsEird4AaABAg,Ugxoo7vVVuaaGNsEird4AaABAg,UC22tSDTUf2hYTdEITihL5VQ,"Fetched 05/24/2026, 8:08:10 PM GMT+8"
12257,@JennilynLazaro-y5x6v,5 days ago,BENGUET TO THE TOP / GOD'S LOVE INCMV #1 Ka sa amin / Lokal ng Atok Gold / 🎶🎵 Kagawaran ng Mang-aawit,https://www.youtube.com/watch?v=ROa3kbG5M0U&lc=Ugyl0TnFxj2VCRaPtEd4AaABAg,Ugyl0TnFxj2VCRaPtEd4AaABAg,UCItB-k__Z6a289WuGtIxsbw,"Fetched 05/24/2026, 8:08:10 PM GMT+8"
12258,@kristinemarinas7448,5 days ago,1:51 Ooh ooh ooh🎶 / Happy rewatching po from Atok Gold Locale,https://www.youtube.com/watch?v=ROa3kbG5M0U&lc=UgzYKWsgp8MjPcFziNZ4AaABAg,UgzYKWsgp8MjPcFziNZ4AaABAg,UCcappUMJQUu895HqGtz5LuA,"Fetched 05/24/2026, 8:08:10 PM GMT+8"
12259,@kristinemarinas7448,5 days ago,1:34 God's love is bigger than the ocean and brighter than the stars🎶  / pagbati mula sa lokal ng Atok Gold,https://www.youtube.com/watch?v=ROa3kbG5M0U&lc=UgzSIldKOmHjWabNTFh4AaABAg,UgzSIldKOmHjWabNTFh4AaABAg,UCcappUMJQUu895HqGtz5LuA,"Fetched 05/24/2026, 8:08:10 PM GMT+8"
12260,@kristinemarinas7448,5 days ago,"napakahusay ng concept, napakagaling ng execution! GO BENGUET. / love from Atok Gold",https://www.youtube.com/watch?v=ROa3kbG5M0U&lc=Ugwf6YKmRWhdBRaqD4d4AaABAg,Ugwf6YKmRWhdBRaqD4d4AaABAg,UCcappUMJQUu895HqGtz5LuA,"Fetched 05/24/2026, 8:08:10 PM GMT+8"
12261,@JennilynLazaro-y5x6v,5 days ago,Pataasin pa po natin ang Views. / Enjoy watching din po mula sa lokal ng Atok Gold / Kagawaran ng Mang-aawit 💚 / Kapisanang Buklod 🤍 / Organista ❤,https://www.youtube.com/watch?v=ROa3kbG5M0U&lc=UgwJaYyW_esxLcsxiRB4AaABAg,UgwJaYyW_esxLcsxiRB4AaABAg,UCItB-k__Z6a289WuGtIxsbw,"Fetched 05/24/2026, 8:08:10 PM GMT+8"
12262,@alexandriaaragones8817,5 days ago,Happy viewing po! Mula po sa mga Organista ng Lokal ng Gibraltar 🎶😇,https://www.youtube.com/watch?v=ROa3kbG5M0U&lc=UgwLHXpIAanbbxUlYhF4AaABAg,UgwLHXpIAanbbxUlYhF4AaABAg,UC22tSDTUf2hYTdEITihL5VQ,"Fetched 05/24/2026, 8:08:10 PM GMT+8"
12263,@alexandriaaragones8817,5 days ago,Happy viewing po! Mula po sa mga Organista ng Lokal ng Gibraltar 🎶😇,https://www.youtube.com/watch?v=ROa3kbG5M0U&lc=UgykfIoOHi4NPGrR5594AaABAg,UgykfIoOHi4NPGrR5594AaABAg,UC22tSDTUf2hYTdEITihL5VQ,"Fetched 05/24/2026, 8:08:10 PM GMT+8"
12264,@kristine4717,5 days ago,Let's get it to :finger-red-number-one::medal-yellow-first-red::trophy-yellow-smiling:,https://www.youtube.com/watch?v=ROa3kbG5M0U&lc=UgxNM8g6oSByX2Y4wst4AaABAg,UgxNM8g6oSByX2Y4wst4AaABAg,UC3iiMgyZRl-v41Mzegf98yw,"Fetched 05/24/2026, 8:08:10 PM GMT+8"
12265,@alexandriaaragones8817,5 days ago,Happy viewing po! Mula po sa mga Organista ng Lokal ng Gibraltar 🎶😇,https://www.youtube.com/watch?v=ROa3kbG5M0U&lc=UgxJA0qANHfHuwU5IHJ4AaABAg,UgxJA0qANHfHuwU5IHJ4AaABAg,UC22tSDTUf2hYTdEITihL5VQ,"Fetched 05/24/2026, 8:08:10 PM GMT+8"
12266,@kristinemarinas7448,5 days ago,LET'S GO BENGUET! / love from Atok Gold,https://www.youtube.com/watch?v=ROa3kbG5M0U&lc=Ugw-gJTiaZR3q6dytEF4AaABAg,Ugw-gJTiaZR3q6dytEF4AaABAg,UCcappUMJQUu895HqGtz5LuA,"Fetched 05/24/2026, 8:08:10 PM GMT+8"
12267,@kristinemarinas7448,5 days ago,"Magandang hapon po mga kapatid, maligayang panunuod po❤ / Pagbati mula sa lokal ng Atok Gold",https://www.youtube.com/watch?v=ROa3kbG5M0U&lc=Ugx3M3ye1fLPp83mzfh4AaABAg,Ugx3M3ye1fLPp83mzfh4AaABAg,UCcappUMJQUu895HqGtz5LuA,"Fetched 05/24/2026, 8:08:10 PM GMT+8"
12268,@jesibeldasilag8102,5 days ago,GO BENGUET / KADIWA heree /  / GO GO BAGUIO CITY,https://www.youtube.com/watch?v=ROa3kbG5M0U&lc=Ugz_VMo1uuNaH0anRCJ4AaABAg,Ugz_VMo1uuNaH0anRCJ4AaABAg,UCjgCGrc_KIvfJlbZAnczijg,"Fetched 05/24/2026, 8:08:10 PM GMT+8"
12269,@Vien.Bella-vu5rh4pz8b,5 days ago,"Patuloy po sa panonood ang mga taga lokal ng Atok Gold, Go BENGUET🤍  /  / Kapisanan ng Buklod 👋 / Kagawaran ng Mang-aawit 👋",https://www.youtube.com/watch?v=ROa3kbG5M0U&lc=UgzxEe9XI8rN2da9J7V4AaABAg,UgzxEe9XI8rN2da9J7V4AaABAg,UCB9NRJMQHTIobGeD1zbmbYA,"Fetched 05/24/2026, 8:08:10 PM GMT+8"
12270,@CristobelDeVera,5 days ago,❤❤,https://www.youtube.com/watch?v=ROa3kbG5M0U&lc=UgxA6L7pvFCrExRPDtN4AaABAg,UgxA6L7pvFCrExRPDtN4AaABAg,UCjNMtom60hNtoYcQAMopUkQ,"Fetched 05/24/2026, 8:08:10 PM GMT+8"
12271,@Vien.Bella-vu5rh4pz8b,5 days ago,Kaisa po ang lokal ng Atok Gold / Go BENGUET  / BUKLOD 🤍🤍 / Mang-aawit❤❤,https://www.youtube.com/watch?v=ROa3kbG5M0U&lc=UgyUX-8_aSjWpYW9wfZ4AaABAg,UgyUX-8_aSjWpYW9wfZ4AaABAg,UCB9NRJMQHTIobGeD1zbmbYA,"Fetched 05/24/2026, 8:08:10 PM GMT+8"
12272,@jesibeldasilag8102,5 days ago,"happy break time po sa lahat, pabati po mula dto sa baguio city",https://www.youtube.com/watch?v=ROa3kbG5M0U&lc=UgwfDvZFIFTiONlVWE14AaABAg,UgwfDvZFIFTiONlVWE14AaABAg,UCjgCGrc_KIvfJlbZAnczijg,"Fetched 05/24/2026, 8:08:10 PM GMT+8"
12273,@RkiaMarinas,5 days ago,"Maligayang panunuod po mga kapatid, mula po sa lokal ng Atok Gold",https://www.youtube.com/watch?v=ROa3kbG5M0U&lc=Ugw2bZcccO037FmRt514AaABAg,Ugw2bZcccO037FmRt514AaABAg,UC_hXK1iQMixi6NaOUe9ReKQ,"Fetched 05/24/2026, 8:08:10 PM GMT+8"
12274,@Vien.Bella-vu5rh4pz8b,5 days ago,GOD'S LOVE 🤍 INCMV / go go go BENGUET / Kaisa ang Lokal ng Atok Gold / Kapisanan ng Buklod,https://www.youtube.com/watch?v=ROa3kbG5M0U&lc=UgzZLmW63kZPujMANF14AaABAg,UgzZLmW63kZPujMANF14AaABAg,UCB9NRJMQHTIobGeD1zbmbYA,"Fetched 05/24/2026, 8:08:10 PM GMT+8"
12275,@RkiaMarinas,5 days ago,LET'S GO BENGUET! / love from Atok Gold,https://www.youtube.com/watch?v=ROa3kbG5M0U&lc=UgwjJ_nrA7U-OX9Hx2d4AaABAg,UgwjJ_nrA7U-OX9Hx2d4AaABAg,UC_hXK1iQMixi6NaOUe9ReKQ,"Fetched 05/24/2026, 8:08:10 PM GMT+8"
12276,@Kristine-b4u,5 days ago,"Absolutely love this entry! We are fully supporting it all the way to number 1. Let's get it to the very top! Happy watching po from lokal ng Megaroyale, Distrito ng Benguet",https://www.youtube.com/watch?v=ROa3kbG5M0U&lc=UgzVK2DFGck9o80Ggll4AaABAg,UgzVK2DFGck9o80Ggll4AaABAg,UCujTXsOFflNfbqWflOgMnjA,"Fetched 05/24/2026, 8:08:10 PM GMT+8"
12277,@jonathanlazaro-lr3tw,5 days ago,Go Benguet! Atok Gold ❤,https://www.youtube.com/watch?v=ROa3kbG5M0U&lc=UgyqiPvlp3LGu_REkUZ4AaABAg,UgyqiPvlp3LGu_REkUZ4AaABAg,UCFqvjRjbTvQSzxX4Cw-_bZw,"Fetched 05/24/2026, 8:08:10 PM GMT+8"
12278,@lourdessanchez8900,5 days ago,"Hi, mga Kapatid sa local ng irisan distrito ng benguet happy viewing po sa lahat ng mga Kapatid",https://www.youtube.com/watch?v=ROa3kbG5M0U&lc=UgyhBaHoTgdGZ3-D_Ll4AaABAg,UgyhBaHoTgdGZ3-D_Ll4AaABAg,UCo0glrPftCcDIsdTP7H580Q,"Fetched 05/24/2026, 8:08:10 PM GMT+8"
12279,@ErdsAlibno,5 days ago,God's love❤ / Lokal ng KIAS Distrito po ng Benguet!,https://www.youtube.com/watch?v=ROa3kbG5M0U&lc=UgxFLPjO_nFqCI8nKMB4AaABAg,UgxFLPjO_nFqCI8nKMB4AaABAg,UCQdRsrnmfo5kZd6JdeIvUQQ,"Fetched 05/24/2026, 8:08:10 PM GMT+8"
12280,@jonathanlazaro-lr3tw,5 days ago,Pagbati po mula sa Kapisanang Buklod sa Lokal ng Atok Gold 👋👋,https://www.youtube.com/watch?v=ROa3kbG5M0U&lc=UgxUUoZXL19GjM9TbX54AaABAg,UgxUUoZXL19GjM9TbX54AaABAg,UCFqvjRjbTvQSzxX4Cw-_bZw,"Fetched 05/24/2026, 8:08:10 PM GMT+8"
12281,@gwynethcayabyab5981,5 days ago,Fight fight fight benguet / Lets go🎉 /  / -lokal ng megaroyale,https://www.youtube.com/watch?v=ROa3kbG5M0U&lc=UgzdO5qb_sHp_SypxPR4AaABAg,UgzdO5qb_sHp_SypxPR4AaABAg,UCouodNvhL1bfJC2Fz0B_Rcw,"Fetched 05/24/2026, 8:08:10 PM GMT+8"
12282,@kristine4717,5 days ago,Let's get it to number 1! :finger-red-number-one:,https://www.youtube.com/watch?v=ROa3kbG5M0U&lc=UgzDa5Sl9gjjrndhndh4AaABAg,UgzDa5Sl9gjjrndhndh4AaABAg,UC3iiMgyZRl-v41Mzegf98yw,"Fetched 05/24/2026, 8:08:10 PM GMT+8"
12283,@jonathanlazaro-lr3tw,5 days ago,Go BENGUET! We got your back. / Fully supporting from lokal ng Atok Gold,https://www.youtube.com/watch?v=ROa3kbG5M0U&lc=UgzdubALpb1J-NJQH2d4AaABAg,UgzdubALpb1J-NJQH2d4AaABAg,UCFqvjRjbTvQSzxX4Cw-_bZw,"Fetched 05/24/2026, 8:08:10 PM GMT+8"
12284,@larryjingco2528,5 days ago,Wow! Amazing i love it 😍,https://www.youtube.com/watch?v=ROa3kbG5M0U&lc=UgyM0dqbO3kO3so1Ux14AaABAg,UgyM0dqbO3kO3so1Ux14AaABAg,UCfP4NvrIKY1IFYd7m0txkTw,"Fetched 05/24/2026, 8:08:10 PM GMT+8"
12285,@FranconSagpatan,5 days ago,Pagbati po kay kapatid na Mark Kevin Mariano. / Salamat po,https://www.youtube.com/watch?v=ROa3kbG5M0U&lc=UgyaiqDZnavTvBCRLnx4AaABAg,UgyaiqDZnavTvBCRLnx4AaABAg,UC3ul_i0R8VDop_aUbC8OU3A,"Fetched 05/24/2026, 8:08:10 PM GMT+8"
12286,@IeshaObana,5 days ago,"good aftie po, sa mga kasama kong binhi at kadiwa district officer na nanonood ngayon. mula po sa lokal ng mirador hilss",https://www.youtube.com/watch?v=ROa3kbG5M0U&lc=UgxO_zooknUWpukAh8F4AaABAg,UgxO_zooknUWpukAh8F4AaABAg,UCipT-3PF6TAIBDln8IkDgkA,"Fetched 05/24/2026, 8:08:10 PM GMT+8"
12287,@BnHydn_4,5 days ago,💐Not stopping and continue supporting 🌠⚡ / Lokal ng La Trinidad,https://www.youtube.com/watch?v=ROa3kbG5M0U&lc=UgyLokSDZ13dHhkf_ZF4AaABAg,UgyLokSDZ13dHhkf_ZF4AaABAg,UCBGtwATEAOhJaVSd9_AsgFw,"Fetched 05/24/2026, 8:08:10 PM GMT+8"
12288,@riajannah3304,5 days ago,Happy viewing po mga kapatid! Mula po sa lokal ng Aurora Hill🎉🎉🎉,https://www.youtube.com/watch?v=ROa3kbG5M0U&lc=Ugz-_zXHOBh47RhJOlB4AaABAg,Ugz-_zXHOBh47RhJOlB4AaABAg,UCg6vNkDKjJmbm-o5VgxURGQ,"Fetched 05/24/2026, 8:08:10 PM GMT+8"
12289,@kristine4717,5 days ago,"This honestly looks like a real professional music video because of the amazing quality! Huge kudos to the whole production team 👏 From the video quality, vocals, dance choreography, creativity, and overall concept - everything was executed so well. Definitely not boring at all, I was entertained the whole time! Great job, Benguet! Happy watching from Lokal ng Megaroyale Village :eyes-pink-heart-shape::face-red-heart-shape:",https://www.youtube.com/watch?v=ROa3kbG5M0U&lc=UgwLEHoaWXvUVtFDI4V4AaABAg,UgwLEHoaWXvUVtFDI4V4AaABAg,UC3iiMgyZRl-v41Mzegf98yw,"Fetched 05/24/2026, 8:08:10 PM GMT+8"
12290,@Kristine-b4u,5 days ago, @ehdwow318  💯,https://www.youtube.com/watch?v=ROa3kbG5M0U&lc=UgwnLa93hmVEkf-V7GJ4AaABAg.AWzC7kqlBiBAWzNk-WGsT7,UgwnLa93hmVEkf-V7GJ4AaABAg.AWzC7kqlBiBAWzNk-WGsT7,UCujTXsOFflNfbqWflOgMnjA,"Fetched 05/24/2026, 8:08:10 PM GMT+8"
12291,@JudiAn1928,5 days ago (edited),"God's Love❤️ /  / Maulberry GWS-San Luis, Benguet",https://www.youtube.com/watch?v=ROa3kbG5M0U&lc=UgwQ896U9CqdXrSoPcd4AaABAg,UgwQ896U9CqdXrSoPcd4AaABAg,UCGqdFBCwWWBUoa5ZHOD8aag,"Fetched 05/24/2026, 8:08:10 PM GMT+8"
12292,@kristine4717,5 days ago,"Such a brilliant production and a wonderful entry! I especially loved the lyric, ""God's love is greater than the ocean and brighter than the stars."" It is a beautiful way to explain that no matter how vast our problems feel, His love is even larger and can guide us through the dark. /  / The production quality is top-notch. The vocals are incredibly soulful and carry the message of the song perfectly, while the choreography is so well-coordinated with the rhythm. Truly a polished performance that captures a real sense of awe. /  / Happy viewing from Lokal ng Megaroyale Village, Distrito ng Benguet :hand-pink-waving:",https://www.youtube.com/watch?v=ROa3kbG5M0U&lc=UgzBLtGLwOMyR_1Fahp4AaABAg,UgzBLtGLwOMyR_1Fahp4AaABAg,UC3iiMgyZRl-v41Mzegf98yw,"Fetched 05/24/2026, 8:08:10 PM GMT+8"
12293,@strawberrytaho16,5 days ago,Go go go Benguet!!! Fight fight fight aurora hill!! 🎉🎉,https://www.youtube.com/watch?v=ROa3kbG5M0U&lc=UgxdkjmfdWsorqhaKxx4AaABAg,UgxdkjmfdWsorqhaKxx4AaABAg,UCKrJxTQVZLmSHU1AmjE2khw,"Fetched 05/24/2026, 8:08:10 PM GMT+8"
12294,@strawberrytaho16,5 days ago,Go go go Benguet!!! Fight fight fight aurora hill!! 🎉🎉,https://www.youtube.com/watch?v=ROa3kbG5M0U&lc=UgznqwPpIg8FJZxYd1V4AaABAg,UgznqwPpIg8FJZxYd1V4AaABAg,UCKrJxTQVZLmSHU1AmjE2khw,"Fetched 05/24/2026, 8:08:10 PM GMT+8"
12295,@strawberrytaho16,5 days ago,Go go go Benguet!!! Fight fight fight aurora hill!! 🎉🎉,https://www.youtube.com/watch?v=ROa3kbG5M0U&lc=UgyvFgKBu0wtZgg84zZ4AaABAg,UgyvFgKBu0wtZgg84zZ4AaABAg,UCKrJxTQVZLmSHU1AmjE2khw,"Fetched 05/24/2026, 8:08:10 PM GMT+8"
12296,@lourdesardan8711,5 days ago,God's wondrous love be to all of our brethren ❤️❤️❤️❤️ / Viewing from Local of / Marcos Highway 🌹👏🌹🎉❤️❤️❤️,https://www.youtube.com/watch?v=ROa3kbG5M0U&lc=Ugzyy_Ezz1Ug90owNV94AaABAg,Ugzyy_Ezz1Ug90owNV94AaABAg,UCK8PnAio5o7ZFqM7Cs8S0tQ,"Fetched 05/24/2026, 8:08:10 PM GMT+8"
12297,@almazanrhyndylyn,5 days ago,Go go go Benguet❤❤❤ / Laaaabaaaaaaan!!!!! Benguet!!!! / 🍓🍓🍓 /  / ❤Lokal ng Norcar / ❤Kapisanang Kadiwa,https://www.youtube.com/watch?v=ROa3kbG5M0U&lc=UgxL79OEcnaOD1hmRw94AaABAg,UgxL79OEcnaOD1hmRw94AaABAg,UCEoQCNgytnJxjJnAQLSzFeA,"Fetched 05/24/2026, 8:08:10 PM GMT+8"
12298,@riajannah3304,5 days ago,Go benguet!! Go Aurora Hill!🎉🎉🎉,https://www.youtube.com/watch?v=ROa3kbG5M0U&lc=Ugw_Mg1AJfeaphkGHRx4AaABAg,Ugw_Mg1AJfeaphkGHRx4AaABAg,UCg6vNkDKjJmbm-o5VgxURGQ,"Fetched 05/24/2026, 8:08:10 PM GMT+8"
12299,@jasminedaludado7262,5 days ago,On repeat!! /  / Happy viewing po mga kapatid❤ /  / Mula po sa Lokal ng Guisad,https://www.youtube.com/watch?v=ROa3kbG5M0U&lc=UgzuM_K2MoVluwL2UgV4AaABAg,UgzuM_K2MoVluwL2UgV4AaABAg,UCA4HVmdH2Xj67gK8nZmpiZg,"Fetched 05/24/2026, 8:08:10 PM GMT+8"
12300,@Julskie28,5 days ago,Happy rewatching po ulit sa atin! /  / From KADIWAs of benguet 🎉 / Lokal ng Guisad❤,https://www.youtube.com/watch?v=ROa3kbG5M0U&lc=Ugw2T4_9EgWYOH__Jyl4AaABAg,Ugw2T4_9EgWYOH__Jyl4AaABAg,UC1nz0UiWHV8lyoQdZtJejeg,"Fetched 05/24/2026, 8:08:10 PM GMT+8"
12301,@CoreanaLeeTv,5 days ago,❤🎉 please continue to support our entry mga kabagis ☺️,https://www.youtube.com/watch?v=ROa3kbG5M0U&lc=UgxjCb_oYlOrJpjYTMV4AaABAg,UgxjCb_oYlOrJpjYTMV4AaABAg,UCjFjA6qh85n9YSNVVvKF7nQ,"Fetched 05/24/2026, 8:08:10 PM GMT+8"
12302,@meryllsagampod7982,5 days ago,Happy viewing po.  /  / Lokal ng Kias.  / Distrito ng Benguet.,https://www.youtube.com/watch?v=ROa3kbG5M0U&lc=UgyOlVVHu0PzQ1SeOXZ4AaABAg,UgyOlVVHu0PzQ1SeOXZ4AaABAg,UCVkLACK3Y8LbTZhVrCb88CA,"Fetched 05/24/2026, 8:08:10 PM GMT+8"
12303,@BnHydn_4,5 days ago,🎇Watching on repeat🎇 / Keep on watching mga kapatid 📺🎶 / -Lokal ng La Trinidad,https://www.youtube.com/watch?v=ROa3kbG5M0U&lc=Ugz7Z4qFq105zvnbN3V4AaABAg,Ugz7Z4qFq105zvnbN3V4AaABAg,UCBGtwATEAOhJaVSd9_AsgFw,"Fetched 05/24/2026, 8:08:10 PM GMT+8"
12304,@strawberrytaho16,5 days ago,Go benguet!!!! Go Aurora Hill!!! 🎉🎉🎉🎉,https://www.youtube.com/watch?v=ROa3kbG5M0U&lc=Ugx-Rx0CLsc34OEpkzl4AaABAg,Ugx-Rx0CLsc34OEpkzl4AaABAg,UCKrJxTQVZLmSHU1AmjE2khw,"Fetched 05/24/2026, 8:08:10 PM GMT+8"
12305,@strawberrytaho16,5 days ago,Go benguet!!!! Go Aurora Hill!!! 🎉🎉🎉🎉,https://www.youtube.com/watch?v=ROa3kbG5M0U&lc=UgxRKGGlUzdeV5CYIU14AaABAg,UgxRKGGlUzdeV5CYIU14AaABAg,UCKrJxTQVZLmSHU1AmjE2khw,"Fetched 05/24/2026, 8:08:10 PM GMT+8"
12306,@strawberrytaho16,5 days ago,Go benguet!!!! Go Aurora Hill!!! 🎉🎉🎉🎉,https://www.youtube.com/watch?v=ROa3kbG5M0U&lc=Ugw_ApTqZnmpgVY8__94AaABAg,Ugw_ApTqZnmpgVY8__94AaABAg,UCKrJxTQVZLmSHU1AmjE2khw,"Fetched 05/24/2026, 8:08:10 PM GMT+8"
12307,@armicassandragarcia8955,5 days ago,Go Benguet!! Go Aurora Hill !!❤,https://www.youtube.com/watch?v=ROa3kbG5M0U&lc=UgwClYoR8Fs4yKI8Z0x4AaABAg,UgwClYoR8Fs4yKI8Z0x4AaABAg,UCZ3mXwiXib5dyLSRSaSt9sA,"Fetched 05/24/2026, 8:08:10 PM GMT+8"
12308,@armicassandragarcia8955,5 days ago,Go Benguet!! Go Aurora Hill !!❤,https://www.youtube.com/watch?v=ROa3kbG5M0U&lc=UgzvnD05M39mTtdYtCp4AaABAg,UgzvnD05M39mTtdYtCp4AaABAg,UCZ3mXwiXib5dyLSRSaSt9sA,"Fetched 05/24/2026, 8:08:10 PM GMT+8"
12309,@Jazz-k6s,5 days ago,Happy panonood po mga kapatid bumabati mula po sa lokal ng La Trinidad kapisanang binhi 🌱🐑🍓,https://www.youtube.com/watch?v=ROa3kbG5M0U&lc=UgwAlw8_MwvFm4gkpuZ4AaABAg,UgwAlw8_MwvFm4gkpuZ4AaABAg,UCjmyu8zkVg7bQQCs4HypxNQ,"Fetched 05/24/2026, 8:08:10 PM GMT+8"
12310,@BnHydn_4,5 days ago,"Happy viewing po mga kapatid, Lokal ng La Trinidad, nananatiling sumusuporta ♥️🎇",https://www.youtube.com/watch?v=ROa3kbG5M0U&lc=UgwvLp2XkO3c4WfiSIh4AaABAg,UgwvLp2XkO3c4WfiSIh4AaABAg,UCBGtwATEAOhJaVSd9_AsgFw,"Fetched 05/24/2026, 8:08:10 PM GMT+8"
12311,@maryjoygalera3660,5 days ago,Go go go Benguet ! 🎉 FIGHT FIGHT FIGHT from Lokal of Marcos Highway!,https://www.youtube.com/watch?v=ROa3kbG5M0U&lc=UgxxjVU61ZRNHpeWjhB4AaABAg,UgxxjVU61ZRNHpeWjhB4AaABAg,UC7-45oCq8nneb8JYDKkMgeg,"Fetched 05/24/2026, 8:08:10 PM GMT+8"
12312,@NancyMoyano-r7u,5 days ago,Watching God's Love  / Go Benguet ❤❤❤ / Go Baguio City...,https://www.youtube.com/watch?v=ROa3kbG5M0U&lc=UgxLMR2-nBgJtN0GoVx4AaABAg,UgxLMR2-nBgJtN0GoVx4AaABAg,UCIZH5g0o-lHJidrq7pdjV5w,"Fetched 05/24/2026, 8:08:10 PM GMT+8"
12313,@riajannah3304,5 days ago,Go benguet!! Go Aurora Hill!🎉🎉🎉,https://www.youtube.com/watch?v=ROa3kbG5M0U&lc=UgxSiBJTrCty2Lq_V9R4AaABAg,UgxSiBJTrCty2Lq_V9R4AaABAg,UCg6vNkDKjJmbm-o5VgxURGQ,"Fetched 05/24/2026, 8:08:10 PM GMT+8"
12314,@BnHydn_4,5 days ago,"Shoutout sa mga Kapisanang BINHI ng Lokal ng La Trinidad ❤️‍🔥 Always busy, pero laging nakasubaybay 💛",https://www.youtube.com/watch?v=ROa3kbG5M0U&lc=UgwATCUet4O_y8sxGDB4AaABAg,UgwATCUet4O_y8sxGDB4AaABAg,UCBGtwATEAOhJaVSd9_AsgFw,"Fetched 05/24/2026, 8:08:10 PM GMT+8"
12315,@NancyMoyano-r7u,5 days ago,Go Benguet ❤❤❤ / Go Baguio City 💖,https://www.youtube.com/watch?v=ROa3kbG5M0U&lc=Ugwz4LQO-EgV3iuVU_V4AaABAg,Ugwz4LQO-EgV3iuVU_V4AaABAg,UCIZH5g0o-lHJidrq7pdjV5w,"Fetched 05/24/2026, 8:08:10 PM GMT+8"
12316,@PHEBIE-f7h,5 days ago,Happy viewing po mga kapatid. / ❤❤Lokal ng AtokGold❤❤,https://www.youtube.com/watch?v=ROa3kbG5M0U&lc=Ugz7ZALuLvpA0PfKKa94AaABAg,Ugz7ZALuLvpA0PfKKa94AaABAg,UCNkJMMXP19AJSsNov8Fp3Ag,"Fetched 05/24/2026, 8:08:10 PM GMT+8"
12317,@Jazz-k6s,5 days ago,Shout out po kay ate wink engrid dela rosa  / Kaya mo yan ate I'm rooting for you /  / Lokal ng La Trinidad kapisanang binhi 🌱🐑🍓,https://www.youtube.com/watch?v=ROa3kbG5M0U&lc=UgyXLOHWXkmXFjCY_-14AaABAg,UgyXLOHWXkmXFjCY_-14AaABAg,UCjmyu8zkVg7bQQCs4HypxNQ,"Fetched 05/24/2026, 8:08:10 PM GMT+8"
12318,@Lxzaaaaa,5 days ago,full support po from lokal ng Atok Gold 💖,https://www.youtube.com/watch?v=ROa3kbG5M0U&lc=UgwtbVkTZ2bFmWxc5Yh4AaABAg,UgwtbVkTZ2bFmWxc5Yh4AaABAg,UC-MTBqslPrXeabiRe4UpQxw,"Fetched 05/24/2026, 8:08:10 PM GMT+8"
12319,@PHEBIE-f7h,5 days ago,Tuloy tuloy lng po kmi sa pakikipagkaisa at pagsuporta sa pinaghirapang awitin ng mga kapatid natin para sa INCMV. / LET'S GO BENGUET!!! / support from LOKAL NG ATOKGOLD,https://www.youtube.com/watch?v=ROa3kbG5M0U&lc=UgwVwSXD7fPxO02DXB54AaABAg,UgwVwSXD7fPxO02DXB54AaABAg,UCNkJMMXP19AJSsNov8Fp3Ag,"Fetched 05/24/2026, 8:08:10 PM GMT+8"
12320,@lourdesardan8711,5 days ago,"Happy viewing from Local of Marcos Highway, District of Benguet❤️❤️❤️❤️ / Congratulations 🎉🎉🎉🎉",https://www.youtube.com/watch?v=ROa3kbG5M0U&lc=UgzkwqLGeN-1JwCCqOB4AaABAg,UgzkwqLGeN-1JwCCqOB4AaABAg,UCK8PnAio5o7ZFqM7Cs8S0tQ,"Fetched 05/24/2026, 8:08:10 PM GMT+8"
12321,@jencirey,5 days ago,Enjoy watching po mga kapatid!! Watching from lokal ng quezon hill!! ❤,https://www.youtube.com/watch?v=ROa3kbG5M0U&lc=UgxuQvkuUKIUrCJZqEJ4AaABAg,UgxuQvkuUKIUrCJZqEJ4AaABAg,UCvElCgW8k03hNWpFOLmo8PA,"Fetched 05/24/2026, 8:08:10 PM GMT+8"
12322,@josiepiad8710,5 days ago,Tayo nang mag enjoy na Makipag Kaisa mga kapatid👏 / Go Benguet!❤❤❤ /  / From Baguio City,https://www.youtube.com/watch?v=ROa3kbG5M0U&lc=UgzL5x78EOmUS5d7Clt4AaABAg,UgzL5x78EOmUS5d7Clt4AaABAg,UCnSXZrYBBaeMVz-qXQnzhJg,"Fetched 05/24/2026, 8:08:10 PM GMT+8"
12323,@jencirey,5 days ago,Good afternoon po!! Pagbati po mula lokal ng Quezon Hill!!,https://www.youtube.com/watch?v=ROa3kbG5M0U&lc=UgxxaWiHQ-sYzIyW7Hx4AaABAg,UgxxaWiHQ-sYzIyW7Hx4AaABAg,UCvElCgW8k03hNWpFOLmo8PA,"Fetched 05/24/2026, 8:08:10 PM GMT+8"
12324,@luybenreyta2295,5 days ago,"Hello po mga kapatid,from local ng guisad,distrito ng benguet.",https://www.youtube.com/watch?v=ROa3kbG5M0U&lc=Ugxyaz_X0TU1AWY2hKp4AaABAg,Ugxyaz_X0TU1AWY2hKp4AaABAg,UCYQYS6OruJTYHIvfUhaeoOw,"Fetched 05/24/2026, 8:08:10 PM GMT+8"
12325,@Lxzaaaaa,5 days ago (edited),"Good afternoon to all po, happy viewing po❤ /  / -Atok Gold🌷",https://www.youtube.com/watch?v=ROa3kbG5M0U&lc=UgwvuWWPs8LqkH-gATF4AaABAg,UgwvuWWPs8LqkH-gATF4AaABAg,UC-MTBqslPrXeabiRe4UpQxw,"Fetched 05/24/2026, 8:08:10 PM GMT+8"
12326,@ramosjonalynl.7154,5 days ago,Fight Benguet! Watching from Locale Congregation of Irisan❤,https://www.youtube.com/watch?v=ROa3kbG5M0U&lc=Ugw7LQduvMYqfXxAq4t4AaABAg,Ugw7LQduvMYqfXxAq4t4AaABAg,UC977GiNM_HEPgQxLhx-FBVQ,"Fetched 05/24/2026, 8:08:10 PM GMT+8"
12327,@johnreylucio8970,5 days ago,"Good Afternoon po, keep on watching po, / Namamalaging Kaisa kami sa Lokal ng La Trinidad ❤",https://www.youtube.com/watch?v=ROa3kbG5M0U&lc=Ugxtq5EowtUqtej4vpt4AaABAg,Ugxtq5EowtUqtej4vpt4AaABAg,UCNMupRD4ySrN336KZpy29OA,"Fetched 05/24/2026, 8:08:10 PM GMT+8"
12328,@lourdesardan8711,5 days ago,"Congratulations to our very own District of Benguet❤❤❤❤,,,, God's love is so powerful,,,, all praises to our God the Father❤❤❤",https://www.youtube.com/watch?v=ROa3kbG5M0U&lc=UgyuckMBKx-GBXIIW8h4AaABAg,UgyuckMBKx-GBXIIW8h4AaABAg,UCK8PnAio5o7ZFqM7Cs8S0tQ,"Fetched 05/24/2026, 8:08:10 PM GMT+8"
12329,@ambrosioanofojr4444,5 days ago,God's Love💜 / Let's Go Benguet! /  / kadiwa at lokal ng Norcar,https://www.youtube.com/watch?v=ROa3kbG5M0U&lc=Ugye02-ii7PvQ7L25xR4AaABAg,Ugye02-ii7PvQ7L25xR4AaABAg,UCQACOM5LJpxnKpV1DM1bwew,"Fetched 05/24/2026, 8:08:10 PM GMT+8"
12330,@giloribello,5 days ago,"God's Love sa almusal, tanghalian at napunit pati nrin sa meryendahan!  /  / 🎉🎉🎉🎉🎉🎉 /  / ❤❤❤❤❤❤ /  / GO BAGUIO GO",https://www.youtube.com/watch?v=ROa3kbG5M0U&lc=Ugx3f1TWjNx-eM9XnZx4AaABAg,Ugx3f1TWjNx-eM9XnZx4AaABAg,UCDoxrvwIaC8g19_zJaWhluQ,"Fetched 05/24/2026, 8:08:10 PM GMT+8"
12331,@armicassandragarcia8955,5 days ago,❤,https://www.youtube.com/watch?v=ROa3kbG5M0U&lc=UgxSiBJTrCty2Lq_V9R4AaABAg.AWz9qY4pLyiAWzA8-EHX_D,UgxSiBJTrCty2Lq_V9R4AaABAg.AWz9qY4pLyiAWzA8-EHX_D,UCZ3mXwiXib5dyLSRSaSt9sA,"Fetched 05/24/2026, 8:08:10 PM GMT+8"
12332,@NancyMoyano-r7u,5 days ago,"Happy viewing God's Love 💖  / ... Baguio City, Benguet",https://www.youtube.com/watch?v=ROa3kbG5M0U&lc=UgzQUdhLy0dXJkr_iER4AaABAg,UgzQUdhLy0dXJkr_iER4AaABAg,UCIZH5g0o-lHJidrq7pdjV5w,"Fetched 05/24/2026, 8:08:10 PM GMT+8"
12333,@romeojun9918,5 days ago,God's love  / Go benguet  / Mula Po sa lokal ng Marcos high way distrito ng benguet,https://www.youtube.com/watch?v=ROa3kbG5M0U&lc=UgyQ3pMmMRXSwwXy2BV4AaABAg,UgyQ3pMmMRXSwwXy2BV4AaABAg,UC78hWlC55LWXXfjHcWXsXZw,"Fetched 05/24/2026, 8:08:10 PM GMT+8"
12334,@iya-k7j,5 days ago,magandang hapon po / patuloy na nanonood / Go Benguet go! / INCMV / lokal ng atok gold,https://www.youtube.com/watch?v=ROa3kbG5M0U&lc=Ugx_Rh5DmFjacshPXop4AaABAg,Ugx_Rh5DmFjacshPXop4AaABAg,UC_R2GfmFAjE8k8DgEjmtv7g,"Fetched 05/24/2026, 8:08:10 PM GMT+8"
12335,@maritesstalledo8924,5 days ago,Masayang hapon po mga kapatid mula po sa megaroyale benguet,https://www.youtube.com/watch?v=ROa3kbG5M0U&lc=UgxRezHb_-Z31uxrW8J4AaABAg,UgxRezHb_-Z31uxrW8J4AaABAg,UCXrFwU9B905gqc5sVTbxukg,"Fetched 05/24/2026, 8:08:10 PM GMT+8"
12336,@bhenmarkabellanes,5 days ago,Greetings po! 🙌  / Mula po sa samahang CBI!💐✨ /  / -La Tri,https://www.youtube.com/watch?v=ROa3kbG5M0U&lc=UgydLkHzvs6QkIVVxpx4AaABAg,UgydLkHzvs6QkIVVxpx4AaABAg,UCa2tc7ZvW6AzjMYcI-FsTVQ,"Fetched 05/24/2026, 8:08:10 PM GMT+8"
12337,@HapiSingle,5 days ago,❤❤❤ Marcos Highway po,https://www.youtube.com/watch?v=ROa3kbG5M0U&lc=UgwUKs5v6OkbXr7F6Pt4AaABAg,UgwUKs5v6OkbXr7F6Pt4AaABAg,UCUvh9eFu8doZmuapOKqBzxA,"Fetched 05/24/2026, 8:08:10 PM GMT+8"
12338,@josiepiad8710,5 days ago,God's Love❤️ / Tayo na po at mulling manood mga kapatid🥰 /  / Baguio City Benguet,https://www.youtube.com/watch?v=ROa3kbG5M0U&lc=UgycJr-n0rE-cxoWeWp4AaABAg,UgycJr-n0rE-cxoWeWp4AaABAg,UCnSXZrYBBaeMVz-qXQnzhJg,"Fetched 05/24/2026, 8:08:10 PM GMT+8"
12339,@iya-k7j,5 days ago (edited),Happy viewing po / 💚🤍❤ / INCMV / Go BENGUET / Lokal ng Atok Gold,https://www.youtube.com/watch?v=ROa3kbG5M0U&lc=Ugw5ELt8LaVGHcadJ1h4AaABAg,Ugw5ELt8LaVGHcadJ1h4AaABAg,UC_R2GfmFAjE8k8DgEjmtv7g,"Fetched 05/24/2026, 8:08:10 PM GMT+8"
12340,@jonieyonga-an5239,5 days ago,Keep watching Po mga Kapatid!! / Greeting Kadiwa and binhii🎉 /  / Mula Po sa lokal Ng NORCAR!!❤,https://www.youtube.com/watch?v=ROa3kbG5M0U&lc=Ugyh7LAC4T_IFDlZLDt4AaABAg,Ugyh7LAC4T_IFDlZLDt4AaABAg,UCgUo3JP_Fffuctza4bUumJg,"Fetched 05/24/2026, 8:08:10 PM GMT+8"
12341,@giloribello,5 days ago,Benguet is the  /  / BAGUIO NG BAGUIO,https://www.youtube.com/watch?v=ROa3kbG5M0U&lc=Ugz7nfbIyQdSfqN_Mn14AaABAg,Ugz7nfbIyQdSfqN_Mn14AaABAg,UCDoxrvwIaC8g19_zJaWhluQ,"Fetched 05/24/2026, 8:08:10 PM GMT+8"
12342,@lanlani.eaaaahn,5 days ago,maligayang panonood po mula sa lokal ng la trinidad!!!,https://www.youtube.com/watch?v=ROa3kbG5M0U&lc=UgzXTOLh-2Ty9wCqM5x4AaABAg,UgzXTOLh-2Ty9wCqM5x4AaABAg,UCxRF5ldmYBJWNlgtayRoTHg,"Fetched 05/24/2026, 8:08:10 PM GMT+8"
12343,@luibustamante9493,5 days ago,"Happy viewing po mga kapatid. Patuloy lamang po tayong manood at sama-samang sumuporta sa mapakagandang entry na ito ng Benguet. /  /  / Pagbati mula sa Lokal ng Tuba, Kadiwa MT",https://www.youtube.com/watch?v=ROa3kbG5M0U&lc=UgxsOm8r6f56nLUplJV4AaABAg,UgxsOm8r6f56nLUplJV4AaABAg,UCFAmrhDmv6rvZrQoYp-IS9w,"Fetched 05/24/2026, 8:08:10 PM GMT+8"
12344,@josiepiad8710,5 days ago,Happy viewing po🥰 /  / Baguio City Benguet,https://www.youtube.com/watch?v=ROa3kbG5M0U&lc=UgxmeUyKVGm8qMHegdl4AaABAg,UgxmeUyKVGm8qMHegdl4AaABAg,UCnSXZrYBBaeMVz-qXQnzhJg,"Fetched 05/24/2026, 8:08:10 PM GMT+8"
12345,@BnHydn_4,5 days ago,Happy afternoon everyone ♥️  / Watching on repeat 🔁 mula po sa lokal ng La Trinidad 🌿,https://www.youtube.com/watch?v=ROa3kbG5M0U&lc=UgwXu_icw8dhMLl0wOF4AaABAg,UgwXu_icw8dhMLl0wOF4AaABAg,UCBGtwATEAOhJaVSd9_AsgFw,"Fetched 05/24/2026, 8:08:10 PM GMT+8"
12346,@franciscabustarde8966,5 days ago,Irisan go go go,https://www.youtube.com/watch?v=ROa3kbG5M0U&lc=UgxhFxQ53i463g7_XXB4AaABAg,UgxhFxQ53i463g7_XXB4AaABAg,UCcH6Yu2dmyeK3LxytkVzwpg,"Fetched 05/24/2026, 8:08:10 PM GMT+8"
12347,@jeanietugad4595,5 days ago,"Rewatchong po sa lahat,, Halina at mag enjoy,, Atok Gold..",https://www.youtube.com/watch?v=ROa3kbG5M0U&lc=UgwR9YCKFjB6jznZUhl4AaABAg,UgwR9YCKFjB6jznZUhl4AaABAg,UC4-hT99A9u-aH7hnm5JCSfg,"Fetched 05/24/2026, 8:08:10 PM GMT+8"
12348,@josiepiad8710,5 days ago,Good afternoon po mga kapatid❤️ /  / Baguio City Benguet,https://www.youtube.com/watch?v=ROa3kbG5M0U&lc=UgwQJLKEpldX8cNfrTF4AaABAg,UgwQJLKEpldX8cNfrTF4AaABAg,UCnSXZrYBBaeMVz-qXQnzhJg,"Fetched 05/24/2026, 8:08:10 PM GMT+8"
12349,@bamsxcvz,5 days ago,"Happy viewing po, greetings from Baguio City.  /  / Binabati ko po pangulong PNK ng Baguio City, kapatid na Karen Pagaduan!!",https://www.youtube.com/watch?v=ROa3kbG5M0U&lc=UgzQKysL-N-GCX77KBl4AaABAg,UgzQKysL-N-GCX77KBl4AaABAg,UC0LroTxfh1GOFuWWguHx_rw,"Fetched 05/24/2026, 8:08:10 PM GMT+8"
12350,@camelitapasag6018,5 days ago,Walang bitawan po mga kapatid.. Panghawakan na po natin SPOT natin ...masayang panonood po...,https://www.youtube.com/watch?v=ROa3kbG5M0U&lc=UgzL1kLwurXbCFEpsXJ4AaABAg,UgzL1kLwurXbCFEpsXJ4AaABAg,UCIqVoAJs6UNYwI635HYBiEQ,"Fetched 05/24/2026, 8:08:10 PM GMT+8"
12351,@jeanietugad4595,5 days ago,"Pagbati sa mga magigiting na Maytungkulin .ng Distrito ng Benguet, masayang panonood, Atok Gold,, Kalihiman/Registry.",https://www.youtube.com/watch?v=ROa3kbG5M0U&lc=UgyTHe2KFnEZR8tw7s54AaABAg,UgyTHe2KFnEZR8tw7s54AaABAg,UC4-hT99A9u-aH7hnm5JCSfg,"Fetched 05/24/2026, 8:08:10 PM GMT+8"
12352,@PamangelaGarlitos,5 days ago,Walang iiwan sa Team Benguet🎉,https://www.youtube.com/watch?v=ROa3kbG5M0U&lc=UgxK6_IlDRPOH-gkkSF4AaABAg,UgxK6_IlDRPOH-gkkSF4AaABAg,UCeN6hRYwO2TxD9VFxxav8eg,"Fetched 05/24/2026, 8:08:10 PM GMT+8"
12353,@PamangelaGarlitos,5 days ago,"Benguet pride, positive vibes mga kapatid🎉",https://www.youtube.com/watch?v=ROa3kbG5M0U&lc=Ugxs8oje5ofEwh4ypIZ4AaABAg,Ugxs8oje5ofEwh4ypIZ4AaABAg,UCeN6hRYwO2TxD9VFxxav8eg,"Fetched 05/24/2026, 8:08:10 PM GMT+8"
12354,@kimberlysarmiento1034,5 days ago,Good afternoon happy viewing po / Tuba,https://www.youtube.com/watch?v=ROa3kbG5M0U&lc=UgwsM482Zs5T2D386nl4AaABAg,UgwsM482Zs5T2D386nl4AaABAg,UCds_RyKfMX7Xzg4PQRhf9NQ,"Fetched 05/24/2026, 8:08:10 PM GMT+8"
12355,@PamangelaGarlitos,5 days ago,Keep going Team Benguet🎉,https://www.youtube.com/watch?v=ROa3kbG5M0U&lc=Ugx-nF1vZyq_Gw3uV114AaABAg,Ugx-nF1vZyq_Gw3uV114AaABAg,UCeN6hRYwO2TxD9VFxxav8eg,"Fetched 05/24/2026, 8:08:10 PM GMT+8"
12356,@PamangelaGarlitos,5 days ago,Let's get District of Benguet shine bright❤,https://www.youtube.com/watch?v=ROa3kbG5M0U&lc=UgzmLrp8b8ZQMMrxx9d4AaABAg,UgzmLrp8b8ZQMMrxx9d4AaABAg,UCeN6hRYwO2TxD9VFxxav8eg,"Fetched 05/24/2026, 8:08:10 PM GMT+8"
12357,@PamangelaGarlitos,5 days ago,"Benguet, lakas ng pagkakaisa🎉",https://www.youtube.com/watch?v=ROa3kbG5M0U&lc=Ugz1mXAlqMynktxK5IJ4AaABAg,Ugz1mXAlqMynktxK5IJ4AaABAg,UCeN6hRYwO2TxD9VFxxav8eg,"Fetched 05/24/2026, 8:08:10 PM GMT+8"
12358,@jeanietugad4595,5 days ago,"Come on everyone, Happy watching,, Atok Gold,, Kalihiman/Registry..",https://www.youtube.com/watch?v=ROa3kbG5M0U&lc=UgynDW3L9GI9SV7MHeJ4AaABAg,UgynDW3L9GI9SV7MHeJ4AaABAg,UC4-hT99A9u-aH7hnm5JCSfg,"Fetched 05/24/2026, 8:08:10 PM GMT+8"
12359,@PamangelaGarlitos,5 days ago,"Fight on, District of Benguet! 🎉",https://www.youtube.com/watch?v=ROa3kbG5M0U&lc=Ugz6ORuEqUV0HcMODbl4AaABAg,Ugz6ORuEqUV0HcMODbl4AaABAg,UCeN6hRYwO2TxD9VFxxav8eg,"Fetched 05/24/2026, 8:08:10 PM GMT+8"
12360,@PamangelaGarlitos,5 days ago,Maging matatag tayo para sa panalo ng Benguet❤,https://www.youtube.com/watch?v=ROa3kbG5M0U&lc=UgzNlD_H55AMRu3VIsB4AaABAg,UgzNlD_H55AMRu3VIsB4AaABAg,UCeN6hRYwO2TxD9VFxxav8eg,"Fetched 05/24/2026, 8:08:10 PM GMT+8"
12361,@josiepiad8710,5 days ago,Hello po mga kapatid🤗 /  / Baguio City Benguet,https://www.youtube.com/watch?v=ROa3kbG5M0U&lc=UgwZFDZdA91c7T5AfGl4AaABAg,UgwZFDZdA91c7T5AfGl4AaABAg,UCnSXZrYBBaeMVz-qXQnzhJg,"Fetched 05/24/2026, 8:08:10 PM GMT+8"
12362,@PamangelaGarlitos,5 days ago,Team Benguet with an unstoppable love❤,https://www.youtube.com/watch?v=ROa3kbG5M0U&lc=Ugy-BdHiW5cLWZ3czol4AaABAg,Ugy-BdHiW5cLWZ3czol4AaABAg,UCeN6hRYwO2TxD9VFxxav8eg,"Fetched 05/24/2026, 8:08:10 PM GMT+8"
12363,@MayValerieBolongBalbin,5 days ago,Happy viewing mga kapatid !!!!,https://www.youtube.com/watch?v=ROa3kbG5M0U&lc=Ugy7Of9dk_LBGpzmFgh4AaABAg,Ugy7Of9dk_LBGpzmFgh4AaABAg,UCnFHRlgfNYhGG9tnhobLMDw,"Fetched 05/24/2026, 8:08:10 PM GMT+8"
12364,@PamangelaGarlitos,5 days ago,Laban pa more mga kapatid! Team Benguet!,https://www.youtube.com/watch?v=ROa3kbG5M0U&lc=Ugwi-GuX6J6OcQ4cVih4AaABAg,Ugwi-GuX6J6OcQ4cVih4AaABAg,UCeN6hRYwO2TxD9VFxxav8eg,"Fetched 05/24/2026, 8:08:10 PM GMT+8"
12365,@PamangelaGarlitos,5 days ago,Team Benguet! Never surrender! ❤,https://www.youtube.com/watch?v=ROa3kbG5M0U&lc=UgxobKHJ7tBXKRPOgkl4AaABAg,UgxobKHJ7tBXKRPOgkl4AaABAg,UCeN6hRYwO2TxD9VFxxav8eg,"Fetched 05/24/2026, 8:08:10 PM GMT+8"
12366,@PamangelaGarlitos,5 days ago,Benguet maging buo ang loob❤,https://www.youtube.com/watch?v=ROa3kbG5M0U&lc=Ugy6RFJwLs4pHQSZkgd4AaABAg,Ugy6RFJwLs4pHQSZkgd4AaABAg,UCeN6hRYwO2TxD9VFxxav8eg,"Fetched 05/24/2026, 8:08:10 PM GMT+8"
12367,@PamangelaGarlitos,5 days ago,Power up Benguet! 🎉,https://www.youtube.com/watch?v=ROa3kbG5M0U&lc=UgwwsaH5EqYiSA1H4m14AaABAg,UgwwsaH5EqYiSA1H4m14AaABAg,UCeN6hRYwO2TxD9VFxxav8eg,"Fetched 05/24/2026, 8:08:10 PM GMT+8"
12368,@iya-k7j,5 days ago,masayang /  panonood po / tangkilikin po / INCMV / Lokal ng atok gold,https://www.youtube.com/watch?v=ROa3kbG5M0U&lc=UgzUze1q7MFgI3GhQVJ4AaABAg,UgzUze1q7MFgI3GhQVJ4AaABAg,UC_R2GfmFAjE8k8DgEjmtv7g,"Fetched 05/24/2026, 8:08:10 PM GMT+8"
12369,@jeanietugad4595,5 days ago,"Pagbati sa kapisanang Binhi,, Halina at patuloy sa masayang panonood, Kalihiman/Registry, Atok Gold..",https://www.youtube.com/watch?v=ROa3kbG5M0U&lc=UgxtiqnepqPBmPVuVyZ4AaABAg,UgxtiqnepqPBmPVuVyZ4AaABAg,UC4-hT99A9u-aH7hnm5JCSfg,"Fetched 05/24/2026, 8:08:10 PM GMT+8"
12370,@PamangelaGarlitos,5 days ago,"Lakas ng Benguet, hindi mawawala❤",https://www.youtube.com/watch?v=ROa3kbG5M0U&lc=UgwketBfvLsYm_B_ILV4AaABAg,UgwketBfvLsYm_B_ILV4AaABAg,UCeN6hRYwO2TxD9VFxxav8eg,"Fetched 05/24/2026, 8:08:10 PM GMT+8"
12371,@josepheque,5 days ago,Watching from local ng baguio,https://www.youtube.com/watch?v=ROa3kbG5M0U&lc=Ugw4cxBQWENT8m4q_BV4AaABAg,Ugw4cxBQWENT8m4q_BV4AaABAg,UCKbHO3dpqvEeg4Xmm1Qwx3Q,"Fetched 05/24/2026, 8:08:10 PM GMT+8"
12372,@PamangelaGarlitos,5 days ago,Hindi uurong ang Distrito ng Benguet!,https://www.youtube.com/watch?v=ROa3kbG5M0U&lc=UgztTdLhqFDBnl3Td_x4AaABAg,UgztTdLhqFDBnl3Td_x4AaABAg,UCeN6hRYwO2TxD9VFxxav8eg,"Fetched 05/24/2026, 8:08:10 PM GMT+8"
12373,@PamangelaGarlitos,5 days ago,Ipaglaban ang Benguet❤,https://www.youtube.com/watch?v=ROa3kbG5M0U&lc=UgwAAU1fb5XZJBeOl894AaABAg,UgwAAU1fb5XZJBeOl894AaABAg,UCeN6hRYwO2TxD9VFxxav8eg,"Fetched 05/24/2026, 8:08:10 PM GMT+8"
12374,@iya-k7j,5 days ago,puno po  / ng inspirasyo   / ang INCMV / 😊❤😊❤ / Lokal ng atok gold,https://www.youtube.com/watch?v=ROa3kbG5M0U&lc=UgxU7FlLfSB5KMkpKud4AaABAg,UgxU7FlLfSB5KMkpKud4AaABAg,UC_R2GfmFAjE8k8DgEjmtv7g,"Fetched 05/24/2026, 8:08:10 PM GMT+8"
12375,@PamangelaGarlitos,5 days ago,Ipapanalo ang Benguet❤,https://www.youtube.com/watch?v=ROa3kbG5M0U&lc=UgzKrf6RNfCte6qB7Lp4AaABAg,UgzKrf6RNfCte6qB7Lp4AaABAg,UCeN6hRYwO2TxD9VFxxav8eg,"Fetched 05/24/2026, 8:08:10 PM GMT+8"
12376,@PamangelaGarlitos,5 days ago,Huwag bumitaw Benguet! ❤,https://www.youtube.com/watch?v=ROa3kbG5M0U&lc=UgwcLhUIiD8z_n8sp7R4AaABAg,UgwcLhUIiD8z_n8sp7R4AaABAg,UCeN6hRYwO2TxD9VFxxav8eg,"Fetched 05/24/2026, 8:08:10 PM GMT+8"
12377,@PamangelaGarlitos,5 days ago,"Laban, Distrito ng Benguet, Laban!",https://www.youtube.com/watch?v=ROa3kbG5M0U&lc=UgwCHjOIbeK6XCcxRx14AaABAg,UgwCHjOIbeK6XCcxRx14AaABAg,UCeN6hRYwO2TxD9VFxxav8eg,"Fetched 05/24/2026, 8:08:10 PM GMT+8"
12378,@PamangelaGarlitos,5 days ago,Let's be proud for Benguet,https://www.youtube.com/watch?v=ROa3kbG5M0U&lc=UgwDkrrVQ39gmX2zI2J4AaABAg,UgwDkrrVQ39gmX2zI2J4AaABAg,UCeN6hRYwO2TxD9VFxxav8eg,"Fetched 05/24/2026, 8:08:10 PM GMT+8"
12379,@jeanietugad4595,5 days ago,",,Lets go Benguet, fight fight fight to the Top, maligayang panonood,, Atok Gold, Kalihiman/Registry.",https://www.youtube.com/watch?v=ROa3kbG5M0U&lc=UgxfBIZ89u6gjxEixN54AaABAg,UgxfBIZ89u6gjxEixN54AaABAg,UC4-hT99A9u-aH7hnm5JCSfg,"Fetched 05/24/2026, 8:08:10 PM GMT+8"
12380,@PamangelaGarlitos,5 days ago,Maging malakas at matapang tayo lahat para sa Distrito ng Benguet,https://www.youtube.com/watch?v=ROa3kbG5M0U&lc=UgyjH8B3yit3dd5Wdtp4AaABAg,UgyjH8B3yit3dd5Wdtp4AaABAg,UCeN6hRYwO2TxD9VFxxav8eg,"Fetched 05/24/2026, 8:08:10 PM GMT+8"
12381,@henrycaranto2644,5 days ago,2pm Na Pero Tuloy Tuloy parin ang pag suporta  /  / Go go go Benguet🎉🎉🎉 /  / From Kadiwa district officer  /  / From lokal ng Baguio City,https://www.youtube.com/watch?v=ROa3kbG5M0U&lc=Ugy57SRRKiSMZtpuh5h4AaABAg,Ugy57SRRKiSMZtpuh5h4AaABAg,UCFilTOy22FklSkBIgwVPVaQ,"Fetched 05/24/2026, 8:08:10 PM GMT+8"
12382,@iya-k7j,5 days ago,happy viewing po / mula po sa binhi ng / lokal ng atok gold,https://www.youtube.com/watch?v=ROa3kbG5M0U&lc=UgzIuUxU5uC7D0ysrVd4AaABAg,UgzIuUxU5uC7D0ysrVd4AaABAg,UC_R2GfmFAjE8k8DgEjmtv7g,"Fetched 05/24/2026, 8:08:10 PM GMT+8"
12383,@PamangelaGarlitos,5 days ago,"Walang aatras, Team Benguet❤",https://www.youtube.com/watch?v=ROa3kbG5M0U&lc=UgxYDxfxaYshq0CPL5V4AaABAg,UgxYDxfxaYshq0CPL5V4AaABAg,UCeN6hRYwO2TxD9VFxxav8eg,"Fetched 05/24/2026, 8:08:10 PM GMT+8"
12384,@sherwintadifa,5 days ago,GOD'S LOVE❤❤❤ / go go go Benguet❤❤❤ / Happy viewing po mula sa Lokal ng Marcos Highway.,https://www.youtube.com/watch?v=ROa3kbG5M0U&lc=UgyDzHOyA6nkAZxF3hd4AaABAg,UgyDzHOyA6nkAZxF3hd4AaABAg,UCj_NZlM_66erdOWcPIZtdcw,"Fetched 05/24/2026, 8:08:10 PM GMT+8"
12385,@PamangelaGarlitos,5 days ago,Keep it coming Benguet❤,https://www.youtube.com/watch?v=ROa3kbG5M0U&lc=UgxUym0-LQayfGHVCRx4AaABAg,UgxUym0-LQayfGHVCRx4AaABAg,UCeN6hRYwO2TxD9VFxxav8eg,"Fetched 05/24/2026, 8:08:10 PM GMT+8"
12386,@PamangelaGarlitos,5 days ago,Napakasigla tlga ang mga nakiisa sa programa❤,https://www.youtube.com/watch?v=ROa3kbG5M0U&lc=Ugytn9SKnegYtoCh8w54AaABAg,Ugytn9SKnegYtoCh8w54AaABAg,UCeN6hRYwO2TxD9VFxxav8eg,"Fetched 05/24/2026, 8:08:10 PM GMT+8"
12387,@DaniloPalomeno-d1n,5 days ago,Happy viewing from lokal ng Pinsao distrito ng benguet go benguet,https://www.youtube.com/watch?v=ROa3kbG5M0U&lc=UgwAsxQG-HVjSq4gOc14AaABAg,UgwAsxQG-HVjSq4gOc14AaABAg,UCZwlshbByaSblKnhTIh8rmA,"Fetched 05/24/2026, 8:08:10 PM GMT+8"
12388,@PamangelaGarlitos,5 days ago,Sabay sabay tayong lahat para sa kasiglahan ng Distrito ng Benguet,https://www.youtube.com/watch?v=ROa3kbG5M0U&lc=Ugws_CHPqjt2fCKaQt14AaABAg,Ugws_CHPqjt2fCKaQt14AaABAg,UCeN6hRYwO2TxD9VFxxav8eg,"Fetched 05/24/2026, 8:08:10 PM GMT+8"
12389,@PamangelaGarlitos,5 days ago,Full support all the way❤,https://www.youtube.com/watch?v=ROa3kbG5M0U&lc=Ugw_A-u-7OwU0bMxz_h4AaABAg,Ugw_A-u-7OwU0bMxz_h4AaABAg,UCeN6hRYwO2TxD9VFxxav8eg,"Fetched 05/24/2026, 8:08:10 PM GMT+8"
12390,@mayvehn,5 days ago,😊It’s through His / L❤VE / That you are Now  / Who You Are😊 / Kapisanang Buklod / Lokal ng Atok Gold,https://www.youtube.com/watch?v=ROa3kbG5M0U&lc=Ugzc9DEzpjoJDQ3Elg54AaABAg,Ugzc9DEzpjoJDQ3Elg54AaABAg,UCivhdJ2CQeLK8tlG7Wh2BSQ,"Fetched 05/24/2026, 8:08:10 PM GMT+8"
12391,@mayvehn,5 days ago,❤God's  LOVE / His /        wondrous. /                 L❤VE / 😊😊🎉🎉🎉😊😊 / Kapisanang Buklod / Lokal ng Atok Gold,https://www.youtube.com/watch?v=ROa3kbG5M0U&lc=UgxxUfjw_ugaTw28wvh4AaABAg,UgxxUfjw_ugaTw28wvh4AaABAg,UCivhdJ2CQeLK8tlG7Wh2BSQ,"Fetched 05/24/2026, 8:08:10 PM GMT+8"
12392,@PamangelaGarlitos,5 days ago,"Benguet, entry for the win! 🎉",https://www.youtube.com/watch?v=ROa3kbG5M0U&lc=Ugx68SsxN-kJz8ODXwd4AaABAg,Ugx68SsxN-kJz8ODXwd4AaABAg,UCeN6hRYwO2TxD9VFxxav8eg,"Fetched 05/24/2026, 8:08:10 PM GMT+8"
12393,@PamangelaGarlitos,5 days ago,Im blessed to hear this again❤,https://www.youtube.com/watch?v=ROa3kbG5M0U&lc=UgxrV_SxCr9mc4zrKcJ4AaABAg,UgxrV_SxCr9mc4zrKcJ4AaABAg,UCeN6hRYwO2TxD9VFxxav8eg,"Fetched 05/24/2026, 8:08:10 PM GMT+8"
12394,@almazanrhyndylyn,5 days ago,Happy late lunch po sa mga kasamang ngayon pa lang po kakain. Happy listening mula po sa Lokal ng Norcar at kapisanang Kadiwa❤❤❤,https://www.youtube.com/watch?v=ROa3kbG5M0U&lc=UgzH3hq6HYK6Xb2BrNB4AaABAg,UgzH3hq6HYK6Xb2BrNB4AaABAg,UCEoQCNgytnJxjJnAQLSzFeA,"Fetched 05/24/2026, 8:08:10 PM GMT+8"
12395,@PamangelaGarlitos,5 days ago,Good day everyone❤,https://www.youtube.com/watch?v=ROa3kbG5M0U&lc=UgwnHIi5cdyh9tDw6Od4AaABAg,UgwnHIi5cdyh9tDw6Od4AaABAg,UCeN6hRYwO2TxD9VFxxav8eg,"Fetched 05/24/2026, 8:08:10 PM GMT+8"
12396,@mayvehn,5 days ago,❤😊😊😊 / It’s through / His L❤VE / That your days / Are Bright as / The Sun☀ / Kapisanang Buklod / Lokal ng Atok Gold,https://www.youtube.com/watch?v=ROa3kbG5M0U&lc=UgzkUUMxjJ0qCaYFx7J4AaABAg,UgzkUUMxjJ0qCaYFx7J4AaABAg,UCivhdJ2CQeLK8tlG7Wh2BSQ,"Fetched 05/24/2026, 8:08:10 PM GMT+8"
12397,@mayvehn,5 days ago,❤☀😊☀❤ / a new  / Day.brings / HOPE / For a change / In the weather🌦☀ / Kapisanang Buklod / Lokal ng atok gold,https://www.youtube.com/watch?v=ROa3kbG5M0U&lc=Ugzj5SFuoEp-KW1-f1d4AaABAg,Ugzj5SFuoEp-KW1-f1d4AaABAg,UCivhdJ2CQeLK8tlG7Wh2BSQ,"Fetched 05/24/2026, 8:08:10 PM GMT+8"
12398,@mayvehn,5 days ago,"😊😊😊 / ""Let God / set you Free / and you'll find out / exactly where / you're meant to be"" / Kapisanang Buklod / ❤lokal ng atok gold❤",https://www.youtube.com/watch?v=ROa3kbG5M0U&lc=Ugzjthm3P5d_nCkSizZ4AaABAg,Ugzjthm3P5d_nCkSizZ4AaABAg,UCivhdJ2CQeLK8tlG7Wh2BSQ,"Fetched 05/24/2026, 8:08:10 PM GMT+8"
12399,@mayvehn,5 days ago,🎉❤🎉😊 / 😊 / I know / But I swear / It gets better…. / Kapisanang Buklod / 😊lokal ng atok gold😊,https://www.youtube.com/watch?v=ROa3kbG5M0U&lc=UgzWdHT1u5nol-c77Xh4AaABAg,UgzWdHT1u5nol-c77Xh4AaABAg,UCivhdJ2CQeLK8tlG7Wh2BSQ,"Fetched 05/24/2026, 8:08:10 PM GMT+8"
12400,@mayvehn,5 days ago,..and when / LIFE / Brings you / To you knees… / 😢😢😢 / Kapisanang Buklod / Lokal ng atok gold,https://www.youtube.com/watch?v=ROa3kbG5M0U&lc=Ugxr-1BX_flBnHWDX6d4AaABAg,Ugxr-1BX_flBnHWDX6d4AaABAg,UCivhdJ2CQeLK8tlG7Wh2BSQ,"Fetched 05/24/2026, 8:08:10 PM GMT+8"
12401,@mayvehn,5 days ago,😊😊🎉🎉🎉Hold on / to your / Faith❤ / 😇😇😇 / Kapisanang Buklod / lokal ng atok gold,https://www.youtube.com/watch?v=ROa3kbG5M0U&lc=UgzyWtM5HN71hmIkUqR4AaABAg,UgzyWtM5HN71hmIkUqR4AaABAg,UCivhdJ2CQeLK8tlG7Wh2BSQ,"Fetched 05/24/2026, 8:08:10 PM GMT+8"
12402,@viviangagno367,5 days ago,Greeting po sa maganda kong anak po. Happy birthday ka daphne from megaroyaleeeee,https://www.youtube.com/watch?v=ROa3kbG5M0U&lc=UgyEmYCmjSd6N_zkhmt4AaABAg,UgyEmYCmjSd6N_zkhmt4AaABAg,UCaMIpEL34Y9kUZfm2pu_Elg,"Fetched 05/24/2026, 8:08:10 PM GMT+8"
12403,@nelyn-u8r,5 days ago,Supporting from lokal ng Marcos highway.❤️,https://www.youtube.com/watch?v=ROa3kbG5M0U&lc=UgzaDFbagVz4ibT8xm54AaABAg,UgzaDFbagVz4ibT8xm54AaABAg,UCgtWLqZpZrFdAC-nnwc9mDg,"Fetched 05/24/2026, 8:08:10 PM GMT+8"
12404,@mayvehn,5 days ago (edited),magandang hapon po / Shout out po sa mga / Masisipag  / naming / Diakonesa❤ / Ka emily at ka ella / Kapisanang Buklod / ❤lokal ng Atok Gold❤,https://www.youtube.com/watch?v=ROa3kbG5M0U&lc=UgxoJmGAIx8J5gebOHR4AaABAg,UgxoJmGAIx8J5gebOHR4AaABAg,UCivhdJ2CQeLK8tlG7Wh2BSQ,"Fetched 05/24/2026, 8:08:10 PM GMT+8"
12405,@mayvehn,5 days ago,😊😊 / happy watching po / 🎉🎉🎉 / sumusuporta sa ating distrito / ❤❤❤ / Kapisanang Buklod / lokal ng atok gold,https://www.youtube.com/watch?v=ROa3kbG5M0U&lc=UgwSY0dPxQQv7ThS3eJ4AaABAg,UgwSY0dPxQQv7ThS3eJ4AaABAg,UCivhdJ2CQeLK8tlG7Wh2BSQ,"Fetched 05/24/2026, 8:08:10 PM GMT+8"
12406,@mayvehn,5 days ago,masayang 😁😆afternoon po / 🎉🎉happy viewing po mga kapatid / Patuloy pong sumusuporta at nakikiisa /  ang aming lokal / Kapisanang Buklod / ❤lokal ng atok gold❤,https://www.youtube.com/watch?v=ROa3kbG5M0U&lc=UgyWL88AcA343gYhUlZ4AaABAg,UgyWL88AcA343gYhUlZ4AaABAg,UCivhdJ2CQeLK8tlG7Wh2BSQ,"Fetched 05/24/2026, 8:08:10 PM GMT+8"
12407,@mayvehn,5 days ago,Good day po / masayang panonood po / shout out po sa mga masisipag na /  mga maytungkulin❤❤❤ / Kapisanang Buklod / lokal ng atok gold,https://www.youtube.com/watch?v=ROa3kbG5M0U&lc=UgxfQy2ydoeMzA7XW1l4AaABAg,UgxfQy2ydoeMzA7XW1l4AaABAg,UCivhdJ2CQeLK8tlG7Wh2BSQ,"Fetched 05/24/2026, 8:08:10 PM GMT+8"
12408,@user-cg4nk7bt7k,5 days ago,Happy viewing po sa lokal ng Lourdes distrito ng benguet,https://www.youtube.com/watch?v=ROa3kbG5M0U&lc=UgxINQg39vT20ruL4Ed4AaABAg,UgxINQg39vT20ruL4Ed4AaABAg,UCLqBLPGbszFdtNkjEBUkHoA,"Fetched 05/24/2026, 8:08:10 PM GMT+8"
12409,@riajannah3304,5 days ago,Go benguet!! Go Aurora Hill!🎉🎉🎉,https://www.youtube.com/watch?v=ROa3kbG5M0U&lc=Ugw-uNHutFBbyXzTXWJ4AaABAg,Ugw-uNHutFBbyXzTXWJ4AaABAg,UCg6vNkDKjJmbm-o5VgxURGQ,"Fetched 05/24/2026, 8:08:10 PM GMT+8"
12410,@KarenMaliwat-d6e,5 days ago,Go Benguet!!!! Go aurora hill!!! 🎉🎉,https://www.youtube.com/watch?v=ROa3kbG5M0U&lc=UgxpWE4csnIMfzislYJ4AaABAg,UgxpWE4csnIMfzislYJ4AaABAg,UCfVbKf43f2Pt1KjlPjUIWjw,"Fetched 05/24/2026, 8:08:10 PM GMT+8"
12411,@ManuelTabile-r4f,5 days ago,Magandang hapon po mga kapatid pagbati mula po sa lokal Ng kias distrito Ng benguet,https://www.youtube.com/watch?v=ROa3kbG5M0U&lc=Ugw_Hl4P-WCuqVEqnrN4AaABAg,Ugw_Hl4P-WCuqVEqnrN4AaABAg,UCylmb_Ks5cJ5UTdV_ysbMOA,"Fetched 05/24/2026, 8:08:10 PM GMT+8"
12412,@KarenMaliwat-d6e,5 days ago,Go Benguet!!!! Go aurora hill!!! 🎉🎉,https://www.youtube.com/watch?v=ROa3kbG5M0U&lc=UgzUy8yfPGQs0eVyRBl4AaABAg,UgzUy8yfPGQs0eVyRBl4AaABAg,UCfVbKf43f2Pt1KjlPjUIWjw,"Fetched 05/24/2026, 8:08:10 PM GMT+8"
12413,@Evym-u3k,5 days ago,🎉🎉 /  Benguet on the Top!!! / ❤❤❤. / INCMC / Kapisanang Binhi / Lokal ng Atok Gold,https://www.youtube.com/watch?v=ROa3kbG5M0U&lc=UgxrYihlu6JsVmOPbiV4AaABAg,UgxrYihlu6JsVmOPbiV4AaABAg,UCNNZdfWg4Hutqdsq_H5oCHQ,"Fetched 05/24/2026, 8:08:10 PM GMT+8"
12414,@KarenMaliwat-d6e,5 days ago,Go Benguet!!!! Go aurora hill!!! 🎉🎉,https://www.youtube.com/watch?v=ROa3kbG5M0U&lc=UgzSK7H8AbXohcfTS5p4AaABAg,UgzSK7H8AbXohcfTS5p4AaABAg,UCfVbKf43f2Pt1KjlPjUIWjw,"Fetched 05/24/2026, 8:08:10 PM GMT+8"
12415,@KarenMaliwat-d6e,5 days ago,Go Benguet!!!! Go aurora hill!!! 🎉🎉,https://www.youtube.com/watch?v=ROa3kbG5M0U&lc=UgxV820Bgx7P-qbRJXl4AaABAg,UgxV820Bgx7P-qbRJXl4AaABAg,UCfVbKf43f2Pt1KjlPjUIWjw,"Fetched 05/24/2026, 8:08:10 PM GMT+8"
12416,@KarenMaliwat-d6e,5 days ago,Go Benguet!!!! Go aurora hill!!! 🎉🎉,https://www.youtube.com/watch?v=ROa3kbG5M0U&lc=UgzSCFzUIhw4ce6iKKR4AaABAg,UgzSCFzUIhw4ce6iKKR4AaABAg,UCfVbKf43f2Pt1KjlPjUIWjw,"Fetched 05/24/2026, 8:08:10 PM GMT+8"
12417,@KarenMaliwat-d6e,5 days ago,Go Benguet!!!! Go aurora hill!!! 🎉🎉,https://www.youtube.com/watch?v=ROa3kbG5M0U&lc=Ugz3nMAn9tOIxzoGCTN4AaABAg,Ugz3nMAn9tOIxzoGCTN4AaABAg,UCfVbKf43f2Pt1KjlPjUIWjw,"Fetched 05/24/2026, 8:08:10 PM GMT+8"
12418,@PHEBIE-f7h,5 days ago,Happy viewing po mga kapatid. / ❤❤Lokal ng AtokGold❤❤,https://www.youtube.com/watch?v=ROa3kbG5M0U&lc=Ugza13igFYBsyFMsrF54AaABAg,Ugza13igFYBsyFMsrF54AaABAg,UCNkJMMXP19AJSsNov8Fp3Ag,"Fetched 05/24/2026, 8:08:10 PM GMT+8"
12419,@luibustamante9493,5 days ago,Magandang hapon po mga kapatid. Benguet on Top🎉🍓🥳 /  / Masayang pakikipagkaisa at panonood po sa mga maytungkulin sa kagawaran ng mang-aawit at Kadiwa. Pagbati mula po sa Lokal ng Tuba,https://www.youtube.com/watch?v=ROa3kbG5M0U&lc=UgzfOpus6nZ0-cCmopJ4AaABAg,UgzfOpus6nZ0-cCmopJ4AaABAg,UCFAmrhDmv6rvZrQoYp-IS9w,"Fetched 05/24/2026, 8:08:10 PM GMT+8"
12420,@FranciscaFabilena,5 days ago,H a,https://www.youtube.com/watch?v=ROa3kbG5M0U&lc=UgwVYKfVz3mjMszbwzN4AaABAg,UgwVYKfVz3mjMszbwzN4AaABAg,UCTZ0wErjFZZu5OOCkh4tHkg,"Fetched 05/24/2026, 8:08:10 PM GMT+8"
12421,@riajannah3304,5 days ago,Go benguet!!! Go Aurora Hill!!🎉🎉🎉,https://www.youtube.com/watch?v=ROa3kbG5M0U&lc=UgyYzvKP_Y11FX7L0Nt4AaABAg,UgyYzvKP_Y11FX7L0Nt4AaABAg,UCg6vNkDKjJmbm-o5VgxURGQ,"Fetched 05/24/2026, 8:08:10 PM GMT+8"
12422,@reynaquedi9078,5 days ago,Happy day po 😊 /  / Form Loakan Airport ✈️,https://www.youtube.com/watch?v=ROa3kbG5M0U&lc=Ugx_4kjrTgUp23N5cPp4AaABAg,Ugx_4kjrTgUp23N5cPp4AaABAg,UC5PBjvoyqFMwJl0KxmJFgtQ,"Fetched 05/24/2026, 8:08:10 PM GMT+8"
12423,@strawberrytaho16,5 days ago,Go benguet!!!! Go Aurora Hill!!! 🎉🎉🎉🎉,https://www.youtube.com/watch?v=ROa3kbG5M0U&lc=Ugz9UFmSSnDF5DNS6ZN4AaABAg,Ugz9UFmSSnDF5DNS6ZN4AaABAg,UCKrJxTQVZLmSHU1AmjE2khw,"Fetched 05/24/2026, 8:08:10 PM GMT+8"
12424,@strawberrytaho16,5 days ago,Go benguet!!!! Go Aurora Hill!!! 🎉🎉🎉🎉,https://www.youtube.com/watch?v=ROa3kbG5M0U&lc=UgwFItAFRLtOglTtPhl4AaABAg,UgwFItAFRLtOglTtPhl4AaABAg,UCKrJxTQVZLmSHU1AmjE2khw,"Fetched 05/24/2026, 8:08:10 PM GMT+8"
12425,@strawberrytaho16,5 days ago,Go benguet!!!! Go Aurora Hill!!! 🎉🎉🎉🎉,https://www.youtube.com/watch?v=ROa3kbG5M0U&lc=Ugwqtrw5njUbVJmFrNV4AaABAg,Ugwqtrw5njUbVJmFrNV4AaABAg,UCKrJxTQVZLmSHU1AmjE2khw,"Fetched 05/24/2026, 8:08:10 PM GMT+8"
12426,@strawberrytaho16,5 days ago,Go benguet!!!! Go Aurora Hill!!! 🎉🎉🎉🎉,https://www.youtube.com/watch?v=ROa3kbG5M0U&lc=Ugyo8sNl6NIxB8RPSml4AaABAg,Ugyo8sNl6NIxB8RPSml4AaABAg,UCKrJxTQVZLmSHU1AmjE2khw,"Fetched 05/24/2026, 8:08:10 PM GMT+8"
12427,@jjncdgzmn,5 days ago,Go benguet!!! Go Aurora Hill!!! 🎉🎉,https://www.youtube.com/watch?v=ROa3kbG5M0U&lc=UgxIxi0vLgOzx_pZilN4AaABAg,UgxIxi0vLgOzx_pZilN4AaABAg,UCk_QgSs588mpDLXUa3Qq9yg,"Fetched 05/24/2026, 8:08:10 PM GMT+8"
12428,@Evym-u3k,5 days ago,❤Hold on / to your / Faith❤ / 😇😇😇 / Kapisanang Binhi / lokal ng atok gold,https://www.youtube.com/watch?v=ROa3kbG5M0U&lc=Ugy4Lu46g9Wtqi4-8n94AaABAg,Ugy4Lu46g9Wtqi4-8n94AaABAg,UCNNZdfWg4Hutqdsq_H5oCHQ,"Fetched 05/24/2026, 8:08:10 PM GMT+8"
12429,@jjncdgzmn,5 days ago,Go benguet!!! Go Aurora Hill!!! 🎉🎉,https://www.youtube.com/watch?v=ROa3kbG5M0U&lc=UgzvIlbf97TMRWrSOY94AaABAg,UgzvIlbf97TMRWrSOY94AaABAg,UCk_QgSs588mpDLXUa3Qq9yg,"Fetched 05/24/2026, 8:08:10 PM GMT+8"
12430,@jjncdgzmn,5 days ago,Go benguet!!! Go Aurora Hill!!! 🎉🎉,https://www.youtube.com/watch?v=ROa3kbG5M0U&lc=UgywO-NAdSFGu_dHOjZ4AaABAg,UgywO-NAdSFGu_dHOjZ4AaABAg,UCk_QgSs588mpDLXUa3Qq9yg,"Fetched 05/24/2026, 8:08:10 PM GMT+8"
12431,@Evym-u3k,5 days ago,Hello sa ating lahat / Patuloy pong nanonood / INCMV / God’s Love / Binhi po sa / Lokal ng atok gold,https://www.youtube.com/watch?v=ROa3kbG5M0U&lc=UgzgrcmRFK29N6Hb9sh4AaABAg,UgzgrcmRFK29N6Hb9sh4AaABAg,UCNNZdfWg4Hutqdsq_H5oCHQ,"Fetched 05/24/2026, 8:08:10 PM GMT+8"
12432,@PHEBIE-f7h,5 days ago,Happy viewing po mga kapatid / ENJOY WATCHING! / Journey to 38k views / LET'S GO BENGUET! /  / ❤❤BUKLOD OF ATOKGOLD❤❤,https://www.youtube.com/watch?v=ROa3kbG5M0U&lc=UgyVoS1YvbWNOrZ-pbh4AaABAg,UgyVoS1YvbWNOrZ-pbh4AaABAg,UCNkJMMXP19AJSsNov8Fp3Ag,"Fetched 05/24/2026, 8:08:10 PM GMT+8"
12433,@Evym-u3k,5 days ago,..and when / LIFE / Brings you / To you knees… / 😢😢😢 / Kapisanang Binhi / Lokal ng atok gold,https://www.youtube.com/watch?v=ROa3kbG5M0U&lc=Ugw4XLhU6dpJZYwkAFx4AaABAg,Ugw4XLhU6dpJZYwkAFx4AaABAg,UCNNZdfWg4Hutqdsq_H5oCHQ,"Fetched 05/24/2026, 8:08:10 PM GMT+8"
12434,@redtiamson4129,5 days ago,Go benguet!!! Go Aurora Hill 🎉🎉,https://www.youtube.com/watch?v=ROa3kbG5M0U&lc=UgyWWs4ZuLaUTnTWj9V4AaABAg,UgyWWs4ZuLaUTnTWj9V4AaABAg,UCRYX3xWspYYmd66NPiJvU5Q,"Fetched 05/24/2026, 8:08:10 PM GMT+8"
12435,@Evym-u3k,5 days ago,But in His / Love / So Divine / INCMV / 😍 / Kapisanang Binhi / Lokal ng Atok Gold,https://www.youtube.com/watch?v=ROa3kbG5M0U&lc=UgxrBifuuTcvO44me8B4AaABAg,UgxrBifuuTcvO44me8B4AaABAg,UCNNZdfWg4Hutqdsq_H5oCHQ,"Fetched 05/24/2026, 8:08:10 PM GMT+8"
12436,@Evym-u3k,5 days ago,😊Like a flower. / that grows.under  / the Shdadow / of a tree🌳🌲 / Kapisanang Binhi / lokal ng Atok Gold,https://www.youtube.com/watch?v=ROa3kbG5M0U&lc=UgzqEpVB8eiQT1piUnt4AaABAg,UgzqEpVB8eiQT1piUnt4AaABAg,UCNNZdfWg4Hutqdsq_H5oCHQ,"Fetched 05/24/2026, 8:08:10 PM GMT+8"
12437,@Evym-u3k,5 days ago,❤Hold on / to your / Faith❤ / 😇😇😇 / Kapisanang Binhi / lokal ng atok gold,https://www.youtube.com/watch?v=ROa3kbG5M0U&lc=UgxAZbMcxm9SCRQ_-V54AaABAg,UgxAZbMcxm9SCRQ_-V54AaABAg,UCNNZdfWg4Hutqdsq_H5oCHQ,"Fetched 05/24/2026, 8:08:10 PM GMT+8"
12438,@Evym-u3k,5 days ago,Happy everyday / full of energy / watching faithfully / #1 hopefully / 🥇🏆Lokal ng Atok Gold,https://www.youtube.com/watch?v=ROa3kbG5M0U&lc=UgxpP21W8btLlm5CL2J4AaABAg,UgxpP21W8btLlm5CL2J4AaABAg,UCNNZdfWg4Hutqdsq_H5oCHQ,"Fetched 05/24/2026, 8:08:10 PM GMT+8"
12439,@jonieyonga-an5239,5 days ago,Let's gooo Benguettt!!! / With continuous support from the Local Congregation of NORCAR!!!❤ /  / Greetings Kadiwa and Binhi!!❤,https://www.youtube.com/watch?v=ROa3kbG5M0U&lc=UgzEadlB6ytgtiJUQNR4AaABAg,UgzEadlB6ytgtiJUQNR4AaABAg,UCgUo3JP_Fffuctza4bUumJg,"Fetched 05/24/2026, 8:08:10 PM GMT+8"
12440,@Evym-u3k,5 days ago,magandang hapon po / shout out po sa lahat / ng mga MT / sa aming lokal / na patuloy na sumusuporta / INCMV ❤ / mula po sa kapisanang Binhi / Lokal ng Atok Gold,https://www.youtube.com/watch?v=ROa3kbG5M0U&lc=UgyC7PBelTzOQMxL9eF4AaABAg,UgyC7PBelTzOQMxL9eF4AaABAg,UCNNZdfWg4Hutqdsq_H5oCHQ,"Fetched 05/24/2026, 8:08:10 PM GMT+8"
12441,@PHEBIE-f7h,5 days ago,"In our Lord God's great POWER, you must BELIEVE!! /  /  /  / BUKLOD OF ATOKGOLD",https://www.youtube.com/watch?v=ROa3kbG5M0U&lc=UgxveFzOxaYT4bBb5gx4AaABAg,UgxveFzOxaYT4bBb5gx4AaABAg,UCNkJMMXP19AJSsNov8Fp3Ag,"Fetched 05/24/2026, 8:08:10 PM GMT+8"
12442,@PHEBIE-f7h,5 days ago,Happy viewing po mga kapatid. / ❤❤Lokal ng AtokGold❤❤,https://www.youtube.com/watch?v=ROa3kbG5M0U&lc=UgzMj3n9sW-v3hjAIqZ4AaABAg,UgzMj3n9sW-v3hjAIqZ4AaABAg,UCNkJMMXP19AJSsNov8Fp3Ag,"Fetched 05/24/2026, 8:08:10 PM GMT+8"
12443,@PHEBIE-f7h,5 days ago,"Let us render our enthusiastic and ardent support for our Distrito, Benguet. / Go Benguet / ❤❤❤Lokal ng AtokGold❤❤❤",https://www.youtube.com/watch?v=ROa3kbG5M0U&lc=Ugycv8o-p1lijJfg6td4AaABAg,Ugycv8o-p1lijJfg6td4AaABAg,UCNkJMMXP19AJSsNov8Fp3Ag,"Fetched 05/24/2026, 8:08:10 PM GMT+8"
12444,@PHEBIE-f7h,5 days ago,Atok Gold continues to support our District. / Go Benguet!!!,https://www.youtube.com/watch?v=ROa3kbG5M0U&lc=UgxyvNLJQFA0boegPqx4AaABAg,UgxyvNLJQFA0boegPqx4AaABAg,UCNkJMMXP19AJSsNov8Fp3Ag,"Fetched 05/24/2026, 8:08:10 PM GMT+8"
12445,@rizziie-nm5cg,5 days ago,61. Tublay,https://www.youtube.com/watch?v=ROa3kbG5M0U&lc=Ugx22bkcJhZaNdmK1E54AaABAg,Ugx22bkcJhZaNdmK1E54AaABAg,UCqlvVC3GCr5gXLv7smjnXng,"Fetched 05/24/2026, 8:08:10 PM GMT+8"
12446,@rizziie-nm5cg,5 days ago,60. Tublay,https://www.youtube.com/watch?v=ROa3kbG5M0U&lc=Ugy_1adDnkgKfxBMHzp4AaABAg,Ugy_1adDnkgKfxBMHzp4AaABAg,UCqlvVC3GCr5gXLv7smjnXng,"Fetched 05/24/2026, 8:08:10 PM GMT+8"
12447,@rizziie-nm5cg,5 days ago,59. Tublay,https://www.youtube.com/watch?v=ROa3kbG5M0U&lc=UgxIaYZ7Xqo8KHW3T8J4AaABAg,UgxIaYZ7Xqo8KHW3T8J4AaABAg,UCqlvVC3GCr5gXLv7smjnXng,"Fetched 05/24/2026, 8:08:10 PM GMT+8"
12448,@rizziie-nm5cg,5 days ago,58. Tublay,https://www.youtube.com/watch?v=ROa3kbG5M0U&lc=Ugx9wFbvrJVZPFQm6hd4AaABAg,Ugx9wFbvrJVZPFQm6hd4AaABAg,UCqlvVC3GCr5gXLv7smjnXng,"Fetched 05/24/2026, 8:08:10 PM GMT+8"
12449,@iya-k7j,5 days ago,❤Hold on / to your / Faith❤ / 😇😇😇 / Kapisanang Binhi / lokal ng atok gold,https://www.youtube.com/watch?v=ROa3kbG5M0U&lc=UgydOv8aD3p4OXZIwHJ4AaABAg,UgydOv8aD3p4OXZIwHJ4AaABAg,UC_R2GfmFAjE8k8DgEjmtv7g,"Fetched 05/24/2026, 8:08:10 PM GMT+8"
12450,@rizziie-nm5cg,5 days ago,57. Tublay,https://www.youtube.com/watch?v=ROa3kbG5M0U&lc=UgxikjL-65xXTp69ss94AaABAg,UgxikjL-65xXTp69ss94AaABAg,UCqlvVC3GCr5gXLv7smjnXng,"Fetched 05/24/2026, 8:08:10 PM GMT+8"
12451,@rizziie-nm5cg,5 days ago,56. Tublay,https://www.youtube.com/watch?v=ROa3kbG5M0U&lc=Ugz1umZjmn60mHfW77p4AaABAg,Ugz1umZjmn60mHfW77p4AaABAg,UCqlvVC3GCr5gXLv7smjnXng,"Fetched 05/24/2026, 8:08:10 PM GMT+8"
12452,@jeanietugad4595,5 days ago,"Sa mga Kadiwa ng Atok Gold,, fight,, happy viewing,, Kalhiman/Rrgistry..",https://www.youtube.com/watch?v=ROa3kbG5M0U&lc=UgwzZMX9QkIQTRvqyx54AaABAg,UgwzZMX9QkIQTRvqyx54AaABAg,UC4-hT99A9u-aH7hnm5JCSfg,"Fetched 05/24/2026, 8:08:10 PM GMT+8"
12453,@rizziie-nm5cg,5 days ago,55. Tublay,https://www.youtube.com/watch?v=ROa3kbG5M0U&lc=Ugzp72_w6C_hGX7_cRB4AaABAg,Ugzp72_w6C_hGX7_cRB4AaABAg,UCqlvVC3GCr5gXLv7smjnXng,"Fetched 05/24/2026, 8:08:10 PM GMT+8"
12454,@iya-k7j,5 days ago,It’s through / His L❤VE / That your days / Are Bright as / The Sun☀ / Kapisanang Binhi / Lokal ng Atok Gold,https://www.youtube.com/watch?v=ROa3kbG5M0U&lc=Ugxsy94Drx5Zyepre5d4AaABAg,Ugxsy94Drx5Zyepre5d4AaABAg,UC_R2GfmFAjE8k8DgEjmtv7g,"Fetched 05/24/2026, 8:08:10 PM GMT+8"
12455,@rizziie-nm5cg,5 days ago,54. Tublay,https://www.youtube.com/watch?v=ROa3kbG5M0U&lc=Ugz3jjHLMQbUEqpU9IR4AaABAg,Ugz3jjHLMQbUEqpU9IR4AaABAg,UCqlvVC3GCr5gXLv7smjnXng,"Fetched 05/24/2026, 8:08:10 PM GMT+8"
12456,@rizziie-nm5cg,5 days ago,53. Tublay,https://www.youtube.com/watch?v=ROa3kbG5M0U&lc=UgwvVqjZXnFcNB1bl1h4AaABAg,UgwvVqjZXnFcNB1bl1h4AaABAg,UCqlvVC3GCr5gXLv7smjnXng,"Fetched 05/24/2026, 8:08:10 PM GMT+8"
12457,@iya-k7j,5 days ago,😊❤❤❤ / INCMV❤😊 / I know / But I swear / It gets better…. / Kapisanang Binhi / 😊lokal ng atok gold😊,https://www.youtube.com/watch?v=ROa3kbG5M0U&lc=Ugz2W_9RFiggPFU7H9V4AaABAg,Ugz2W_9RFiggPFU7H9V4AaABAg,UC_R2GfmFAjE8k8DgEjmtv7g,"Fetched 05/24/2026, 8:08:10 PM GMT+8"
12458,@rizziie-nm5cg,5 days ago,52. Tublay,https://www.youtube.com/watch?v=ROa3kbG5M0U&lc=UgzdlZig7Sn9sVop0UB4AaABAg,UgzdlZig7Sn9sVop0UB4AaABAg,UCqlvVC3GCr5gXLv7smjnXng,"Fetched 05/24/2026, 8:08:10 PM GMT+8"
12459,@nelyn-u8r,5 days ago,"Gandang hapon Po mga Kapatid,,from lokal Ng Marcos highway,distrito Ng benguet happy viewing Po ❤️❤️",https://www.youtube.com/watch?v=ROa3kbG5M0U&lc=UgwB_8u7BvjI_WNks_F4AaABAg,UgwB_8u7BvjI_WNks_F4AaABAg,UCgtWLqZpZrFdAC-nnwc9mDg,"Fetched 05/24/2026, 8:08:10 PM GMT+8"
12460,@rizziie-nm5cg,5 days ago,51. Tublay,https://www.youtube.com/watch?v=ROa3kbG5M0U&lc=Ugw58K2pQi_aMWw8DBR4AaABAg,Ugw58K2pQi_aMWw8DBR4AaABAg,UCqlvVC3GCr5gXLv7smjnXng,"Fetched 05/24/2026, 8:08:10 PM GMT+8"
12461,@rizziie-nm5cg,5 days ago,50. Tublay,https://www.youtube.com/watch?v=ROa3kbG5M0U&lc=Ugyt1L4TQ7B0dzZyJGd4AaABAg,Ugyt1L4TQ7B0dzZyJGd4AaABAg,UCqlvVC3GCr5gXLv7smjnXng,"Fetched 05/24/2026, 8:08:10 PM GMT+8"
12462,@iya-k7j,5 days ago,😊 / I know / But I swear / It gets better…. / Kapisanang Binhi / 😊lokal ng atok gold😊,https://www.youtube.com/watch?v=ROa3kbG5M0U&lc=Ugy7s8soSzy0nEcUvgZ4AaABAg,Ugy7s8soSzy0nEcUvgZ4AaABAg,UC_R2GfmFAjE8k8DgEjmtv7g,"Fetched 05/24/2026, 8:08:10 PM GMT+8"
12463,@rizziie-nm5cg,5 days ago,49. Tublay,https://www.youtube.com/watch?v=ROa3kbG5M0U&lc=Ugy5lLG8WiYN8m3MMjN4AaABAg,Ugy5lLG8WiYN8m3MMjN4AaABAg,UCqlvVC3GCr5gXLv7smjnXng,"Fetched 05/24/2026, 8:08:10 PM GMT+8"
12464,@rizziie-nm5cg,5 days ago,48. Tublay,https://www.youtube.com/watch?v=ROa3kbG5M0U&lc=UgxrJH2JBGrtdem8ngx4AaABAg,UgxrJH2JBGrtdem8ngx4AaABAg,UCqlvVC3GCr5gXLv7smjnXng,"Fetched 05/24/2026, 8:08:10 PM GMT+8"
12465,@rizziie-nm5cg,5 days ago,47. Tublay,https://www.youtube.com/watch?v=ROa3kbG5M0U&lc=UgxipriiZ42dk_fiszB4AaABAg,UgxipriiZ42dk_fiszB4AaABAg,UCqlvVC3GCr5gXLv7smjnXng,"Fetched 05/24/2026, 8:08:10 PM GMT+8"
12466,@iya-k7j,5 days ago,tara na  / manood na / INCMV na / going to🏅 #1 🥇na / Go Distrito ng Benguet! / 😊Lokal ng Atok Gold,https://www.youtube.com/watch?v=ROa3kbG5M0U&lc=Ugx1XNubaRvXl52Q9LR4AaABAg,Ugx1XNubaRvXl52Q9LR4AaABAg,UC_R2GfmFAjE8k8DgEjmtv7g,"Fetched 05/24/2026, 8:08:10 PM GMT+8"
12467,@rizziie-nm5cg,5 days ago,46. Tublay,https://www.youtube.com/watch?v=ROa3kbG5M0U&lc=UgzriRW43d4-NZ7rP-h4AaABAg,UgzriRW43d4-NZ7rP-h4AaABAg,UCqlvVC3GCr5gXLv7smjnXng,"Fetched 05/24/2026, 8:08:10 PM GMT+8"
12468,@jeanietugad4595,5 days ago,"Shout out sa mga Kapisanang Buklod,, Atok Gold...❤",https://www.youtube.com/watch?v=ROa3kbG5M0U&lc=UgzR06Y3pnYfnhKA4cR4AaABAg,UgzR06Y3pnYfnhKA4cR4AaABAg,UC4-hT99A9u-aH7hnm5JCSfg,"Fetched 05/24/2026, 8:08:10 PM GMT+8"
12469,@rizziie-nm5cg,5 days ago,45. Tublay,https://www.youtube.com/watch?v=ROa3kbG5M0U&lc=Ugy_kRGSXwlprZnWWwV4AaABAg,Ugy_kRGSXwlprZnWWwV4AaABAg,UCqlvVC3GCr5gXLv7smjnXng,"Fetched 05/24/2026, 8:08:10 PM GMT+8"
12470,@riajannah3304,5 days ago,Magandang tanghali po mga kapatid lalo na po sa mga kapatid mula sa lokal ng Aurora Hill 🥰❤️,https://www.youtube.com/watch?v=ROa3kbG5M0U&lc=Ugw4KrAs-5AcKOw2p4l4AaABAg,Ugw4KrAs-5AcKOw2p4l4AaABAg,UCg6vNkDKjJmbm-o5VgxURGQ,"Fetched 05/24/2026, 8:08:10 PM GMT+8"
12471,@iya-k7j,5 days ago,Magandang araw po / INCMV aming suportado / mangunguna ang ating Distrito / sa atin ang unang premyo / 😁😊Lokal ng Atok Gold,https://www.youtube.com/watch?v=ROa3kbG5M0U&lc=Ugx-zM23b99RMoBVVAl4AaABAg,Ugx-zM23b99RMoBVVAl4AaABAg,UC_R2GfmFAjE8k8DgEjmtv7g,"Fetched 05/24/2026, 8:08:10 PM GMT+8"
12472,@rizziie-nm5cg,5 days ago,44. Tublay,https://www.youtube.com/watch?v=ROa3kbG5M0U&lc=UgyzCGQjhDOibxnxKvZ4AaABAg,UgyzCGQjhDOibxnxKvZ4AaABAg,UCqlvVC3GCr5gXLv7smjnXng,"Fetched 05/24/2026, 8:08:10 PM GMT+8"
12473,@iya-k7j,5 days ago,happy viewing po😊 / INCMV Benguet / ating suportahan po / going to #1 po / 🥇🥇Lokal ng Atok Gold,https://www.youtube.com/watch?v=ROa3kbG5M0U&lc=UgxWmD-8R6DzGFkxcJR4AaABAg,UgxWmD-8R6DzGFkxcJR4AaABAg,UC_R2GfmFAjE8k8DgEjmtv7g,"Fetched 05/24/2026, 8:08:10 PM GMT+8"
12474,@rizziie-nm5cg,5 days ago,43. Tublay,https://www.youtube.com/watch?v=ROa3kbG5M0U&lc=UgzrY3J9pq7ZjFzReHp4AaABAg,UgzrY3J9pq7ZjFzReHp4AaABAg,UCqlvVC3GCr5gXLv7smjnXng,"Fetched 05/24/2026, 8:08:10 PM GMT+8"
12475,@riajannah3304,5 days ago,Magandang tanghali po mga kapatid lalo na po sa mga kapatid mula sa lokal ng Aurora Hill 🥰❤️,https://www.youtube.com/watch?v=ROa3kbG5M0U&lc=UgyLhGsNv_MaS2YIcgJ4AaABAg,UgyLhGsNv_MaS2YIcgJ4AaABAg,UCg6vNkDKjJmbm-o5VgxURGQ,"Fetched 05/24/2026, 8:08:10 PM GMT+8"
12476,@rizziie-nm5cg,5 days ago,42. Tublay,https://www.youtube.com/watch?v=ROa3kbG5M0U&lc=UgxmOOsyNI597mfrg154AaABAg,UgxmOOsyNI597mfrg154AaABAg,UCqlvVC3GCr5gXLv7smjnXng,"Fetched 05/24/2026, 8:08:10 PM GMT+8"
12477,@iya-k7j,5 days ago,Hello everyone / Benguet nangunguna!!! / patuloy pong panoorin pa / mula po sa sa Kapisanang Binhi / Lokal ng Atok Gold,https://www.youtube.com/watch?v=ROa3kbG5M0U&lc=UgyZI2NVBGAKB_9H65N4AaABAg,UgyZI2NVBGAKB_9H65N4AaABAg,UC_R2GfmFAjE8k8DgEjmtv7g,"Fetched 05/24/2026, 8:08:10 PM GMT+8"
12478,@rizziie-nm5cg,5 days ago,41. Tublay,https://www.youtube.com/watch?v=ROa3kbG5M0U&lc=UgxSPuXoJjwyC4hEdmR4AaABAg,UgxSPuXoJjwyC4hEdmR4AaABAg,UCqlvVC3GCr5gXLv7smjnXng,"Fetched 05/24/2026, 8:08:10 PM GMT+8"
12479,@riajannah3304,5 days ago,Magandang tanghali po mga kapatid lalo na po sa mga kapatid mula sa lokal ng Aurora Hill 🥰❤️,https://www.youtube.com/watch?v=ROa3kbG5M0U&lc=UgzP1GxjlrA7KuGBo5V4AaABAg,UgzP1GxjlrA7KuGBo5V4AaABAg,UCg6vNkDKjJmbm-o5VgxURGQ,"Fetched 05/24/2026, 8:08:10 PM GMT+8"
12480,@rizziie-nm5cg,5 days ago,40. Tublay,https://www.youtube.com/watch?v=ROa3kbG5M0U&lc=UgyedmMv-vBfLB7oQjZ4AaABAg,UgyedmMv-vBfLB7oQjZ4AaABAg,UCqlvVC3GCr5gXLv7smjnXng,"Fetched 05/24/2026, 8:08:10 PM GMT+8"
12481,@lanlani.eaaaahn,5 days ago,"magandang hapon po, mga kapatid!!! happy viewing po mula sa lokal ng la trinidad!!",https://www.youtube.com/watch?v=ROa3kbG5M0U&lc=Ugz59hg8K8HVbYNy0yJ4AaABAg,Ugz59hg8K8HVbYNy0yJ4AaABAg,UCxRF5ldmYBJWNlgtayRoTHg,"Fetched 05/24/2026, 8:08:10 PM GMT+8"
12482,@iya-k7j,5 days ago,kami po ay nakikiisa / laging nanonood pa / kahit maghapong may ginagawa / laging binigigyang panahon nga😊😁 / mula po sa Kapisanang Binhi / Lokal ng Atok Gold,https://www.youtube.com/watch?v=ROa3kbG5M0U&lc=Ugw3Wq-2VlUU1cb_hvZ4AaABAg,Ugw3Wq-2VlUU1cb_hvZ4AaABAg,UC_R2GfmFAjE8k8DgEjmtv7g,"Fetched 05/24/2026, 8:08:10 PM GMT+8"
12483,@jeanietugad4595,5 days ago,"Hello, good afternoon mga kapatid,, Happy watching, Lokal ng Atok Gold,, Kalihiman/Registry..",https://www.youtube.com/watch?v=ROa3kbG5M0U&lc=UgwnyDeO1X9mPe8pjpJ4AaABAg,UgwnyDeO1X9mPe8pjpJ4AaABAg,UC4-hT99A9u-aH7hnm5JCSfg,"Fetched 05/24/2026, 8:08:10 PM GMT+8"
12484,@rizziie-nm5cg,5 days ago,39. Tublay,https://www.youtube.com/watch?v=ROa3kbG5M0U&lc=UgzS63o4rnRvVnF9tK54AaABAg,UgzS63o4rnRvVnF9tK54AaABAg,UCqlvVC3GCr5gXLv7smjnXng,"Fetched 05/24/2026, 8:08:10 PM GMT+8"
12485,@riajannah3304,5 days ago,Magandang tanghali po mga kapatid lalo na po sa mga kapatid mula sa lokal ng Aurora Hill 🥰❤️,https://www.youtube.com/watch?v=ROa3kbG5M0U&lc=UgyTgJaCveNgRYYxxzx4AaABAg,UgyTgJaCveNgRYYxxzx4AaABAg,UCg6vNkDKjJmbm-o5VgxURGQ,"Fetched 05/24/2026, 8:08:10 PM GMT+8"
12486,@rizziie-nm5cg,5 days ago,37. Tublay,https://www.youtube.com/watch?v=ROa3kbG5M0U&lc=UgxNFcnfA5BGOVk06Zd4AaABAg,UgxNFcnfA5BGOVk06Zd4AaABAg,UCqlvVC3GCr5gXLv7smjnXng,"Fetched 05/24/2026, 8:08:10 PM GMT+8"
12487,@iya-k7j,5 days ago,😊❤😊 / I know / But I swear / It gets better…. / Kapisanang Binhi / 😊lokal ng atok gold😊,https://www.youtube.com/watch?v=ROa3kbG5M0U&lc=UgzHh-AurLJ37VcLvnJ4AaABAg,UgzHh-AurLJ37VcLvnJ4AaABAg,UC_R2GfmFAjE8k8DgEjmtv7g,"Fetched 05/24/2026, 8:08:10 PM GMT+8"
12488,@almazanrhyndylyn,5 days ago,Yessss balik po sa pagcomment.. ❤❤❤  /  / Hello po uli 💕💕💕 /  / Mula sa Lokal ng Norcar♥️♥️ /  / ❤Kapisanang Kadiwa,https://www.youtube.com/watch?v=ROa3kbG5M0U&lc=UgzHUbXcQzshQB4FP8B4AaABAg,UgzHUbXcQzshQB4FP8B4AaABAg,UCEoQCNgytnJxjJnAQLSzFeA,"Fetched 05/24/2026, 8:08:10 PM GMT+8"
12489,@rizziie-nm5cg,5 days ago,36. Tublay,https://www.youtube.com/watch?v=ROa3kbG5M0U&lc=UgyOUbLP6cC54TR6exV4AaABAg,UgyOUbLP6cC54TR6exV4AaABAg,UCqlvVC3GCr5gXLv7smjnXng,"Fetched 05/24/2026, 8:08:10 PM GMT+8"
12490,@rizziie-nm5cg,5 days ago,35. Tublay,https://www.youtube.com/watch?v=ROa3kbG5M0U&lc=UgySEKRYiVjPpVmFD_p4AaABAg,UgySEKRYiVjPpVmFD_p4AaABAg,UCqlvVC3GCr5gXLv7smjnXng,"Fetched 05/24/2026, 8:08:10 PM GMT+8"
12491,@rizziie-nm5cg,5 days ago,34. Tublay,https://www.youtube.com/watch?v=ROa3kbG5M0U&lc=UgywmyiOutdKbV1JMcZ4AaABAg,UgywmyiOutdKbV1JMcZ4AaABAg,UCqlvVC3GCr5gXLv7smjnXng,"Fetched 05/24/2026, 8:08:10 PM GMT+8"
12492,@rizziie-nm5cg,5 days ago,33. Tublay,https://www.youtube.com/watch?v=ROa3kbG5M0U&lc=UgzhJQAK9GbSzIWo8g94AaABAg,UgzhJQAK9GbSzIWo8g94AaABAg,UCqlvVC3GCr5gXLv7smjnXng,"Fetched 05/24/2026, 8:08:10 PM GMT+8"
12493,@rizziie-nm5cg,5 days ago,32. Tublay,https://www.youtube.com/watch?v=ROa3kbG5M0U&lc=UgzgXXZ9PXh7Ohefg014AaABAg,UgzgXXZ9PXh7Ohefg014AaABAg,UCqlvVC3GCr5gXLv7smjnXng,"Fetched 05/24/2026, 8:08:10 PM GMT+8"
12494,@rizziie-nm5cg,5 days ago,31. Tublay,https://www.youtube.com/watch?v=ROa3kbG5M0U&lc=UgxDA0hAKIjg3MWlzgZ4AaABAg,UgxDA0hAKIjg3MWlzgZ4AaABAg,UCqlvVC3GCr5gXLv7smjnXng,"Fetched 05/24/2026, 8:08:10 PM GMT+8"
12495,@rizziie-nm5cg,5 days ago,30. Tublay,https://www.youtube.com/watch?v=ROa3kbG5M0U&lc=Ugzg7ctYptzjW0E_2Jp4AaABAg,Ugzg7ctYptzjW0E_2Jp4AaABAg,UCqlvVC3GCr5gXLv7smjnXng,"Fetched 05/24/2026, 8:08:10 PM GMT+8"
12496,@riajannah3304,5 days ago,"Happy viewing po mula po sa Lokal ng Aurora Hill, Distrito ng Benguet 🥰🥰😍",https://www.youtube.com/watch?v=ROa3kbG5M0U&lc=UgyiLJJM0phlqe2aH-54AaABAg,UgyiLJJM0phlqe2aH-54AaABAg,UCg6vNkDKjJmbm-o5VgxURGQ,"Fetched 05/24/2026, 8:08:10 PM GMT+8"
12497,@rizziie-nm5cg,5 days ago,29. Tublay,https://www.youtube.com/watch?v=ROa3kbG5M0U&lc=Ugznw5hNuR_-vvQ5B394AaABAg,Ugznw5hNuR_-vvQ5B394AaABAg,UCqlvVC3GCr5gXLv7smjnXng,"Fetched 05/24/2026, 8:08:10 PM GMT+8"
12498,@rizziie-nm5cg,5 days ago,28. Tublay,https://www.youtube.com/watch?v=ROa3kbG5M0U&lc=Ugxrnih1ZRuyuExalV14AaABAg,Ugxrnih1ZRuyuExalV14AaABAg,UCqlvVC3GCr5gXLv7smjnXng,"Fetched 05/24/2026, 8:08:10 PM GMT+8"
12499,@rizziie-nm5cg,5 days ago,27. Tublay,https://www.youtube.com/watch?v=ROa3kbG5M0U&lc=UgxyDac4IiMdxdYffkp4AaABAg,UgxyDac4IiMdxdYffkp4AaABAg,UCqlvVC3GCr5gXLv7smjnXng,"Fetched 05/24/2026, 8:08:10 PM GMT+8"
12500,@riajannah3304,5 days ago,"Happy viewing po mula po sa Lokal ng Aurora Hill, Distrito ng Benguet 🥰🥰😍",https://www.youtube.com/watch?v=ROa3kbG5M0U&lc=Ugx2KA0SmjlbIWHOuTZ4AaABAg,Ugx2KA0SmjlbIWHOuTZ4AaABAg,UCg6vNkDKjJmbm-o5VgxURGQ,"Fetched 05/24/2026, 8:08:10 PM GMT+8"
12501,@rizziie-nm5cg,5 days ago,26. Tublay,https://www.youtube.com/watch?v=ROa3kbG5M0U&lc=Ugy3zPx9PODpDOFMUR94AaABAg,Ugy3zPx9PODpDOFMUR94AaABAg,UCqlvVC3GCr5gXLv7smjnXng,"Fetched 05/24/2026, 8:08:10 PM GMT+8"
12502,@rizziie-nm5cg,5 days ago,25. Tublay,https://www.youtube.com/watch?v=ROa3kbG5M0U&lc=UgxooJFTflLsreWtRxl4AaABAg,UgxooJFTflLsreWtRxl4AaABAg,UCqlvVC3GCr5gXLv7smjnXng,"Fetched 05/24/2026, 8:08:10 PM GMT+8"
12503,@riajannah3304,5 days ago,"Happy viewing po mula po sa Lokal ng Aurora Hill, Distrito ng Benguet 🥰🥰😍",https://www.youtube.com/watch?v=ROa3kbG5M0U&lc=UgxMWFRkiCgDUlE4tFJ4AaABAg,UgxMWFRkiCgDUlE4tFJ4AaABAg,UCg6vNkDKjJmbm-o5VgxURGQ,"Fetched 05/24/2026, 8:08:10 PM GMT+8"
12504,@rizziie-nm5cg,5 days ago,24. Tublay,https://www.youtube.com/watch?v=ROa3kbG5M0U&lc=UgzrJ2De9sItmaA6bAp4AaABAg,UgzrJ2De9sItmaA6bAp4AaABAg,UCqlvVC3GCr5gXLv7smjnXng,"Fetched 05/24/2026, 8:08:10 PM GMT+8"
12505,@riajannah3304,5 days ago,"Happy viewing po mula po sa Lokal ng Aurora Hill, Distrito ng Benguet 🥰🥰😍",https://www.youtube.com/watch?v=ROa3kbG5M0U&lc=Ugxbn7UPz_Ar0u-WhtN4AaABAg,Ugxbn7UPz_Ar0u-WhtN4AaABAg,UCg6vNkDKjJmbm-o5VgxURGQ,"Fetched 05/24/2026, 8:08:10 PM GMT+8"
12506,@rizziie-nm5cg,5 days ago,23. Tublay,https://www.youtube.com/watch?v=ROa3kbG5M0U&lc=Ugwq6HYZUx4Aj02zxbJ4AaABAg,Ugwq6HYZUx4Aj02zxbJ4AaABAg,UCqlvVC3GCr5gXLv7smjnXng,"Fetched 05/24/2026, 8:08:10 PM GMT+8"
12507,@egymlee,5 days ago (edited),❤God's  LOVE / His /        wondrous. /                 L❤VE / 😊😊🎉🎉🎉😊😊 / Kapisanang Binhi / Lokal ng Atok Gold,https://www.youtube.com/watch?v=ROa3kbG5M0U&lc=UgwltGe-nF0KAuDPp5d4AaABAg,UgwltGe-nF0KAuDPp5d4AaABAg,UCQuTByWcigHh1sDG2ivw25A,"Fetched 05/24/2026, 8:08:10 PM GMT+8"
12508,@rizziie-nm5cg,5 days ago,22. Tublay,https://www.youtube.com/watch?v=ROa3kbG5M0U&lc=Ugwchy9kAaOTb_FVuap4AaABAg,Ugwchy9kAaOTb_FVuap4AaABAg,UCqlvVC3GCr5gXLv7smjnXng,"Fetched 05/24/2026, 8:08:10 PM GMT+8"
12509,@almazanrhyndylyn,5 days ago,Mainit init na hapon po. Stay hydrated po.  /  / Happy watching po mula sa Lokal ng Norcar. /  / Pagbati sa mga may tungkulin sa Kapisanang Kadiwa ❤❤❤❤,https://www.youtube.com/watch?v=ROa3kbG5M0U&lc=UgxrB7Gzy8q0Ca-fySR4AaABAg,UgxrB7Gzy8q0Ca-fySR4AaABAg,UCEoQCNgytnJxjJnAQLSzFeA,"Fetched 05/24/2026, 8:08:10 PM GMT+8"
12510,@MichellePresas-xi9xy,5 days ago,Gandang panoorin at Ulit ulitin🥰❤️❤️,https://www.youtube.com/watch?v=ROa3kbG5M0U&lc=UgyvJzfjW3vnVgcJ0EB4AaABAg,UgyvJzfjW3vnVgcJ0EB4AaABAg,UC5V3RCqbgTMdzsDgudJC93Q,"Fetched 05/24/2026, 8:08:10 PM GMT+8"
12511,@egymlee,5 days ago,😊and / brighter / than the / stars⭐🌟✨ / 😄lokal ng atok gold😊,https://www.youtube.com/watch?v=ROa3kbG5M0U&lc=Ugy92WouPCcqzl9_w_54AaABAg,Ugy92WouPCcqzl9_w_54AaABAg,UCQuTByWcigHh1sDG2ivw25A,"Fetched 05/24/2026, 8:08:10 PM GMT+8"
12512,@rizziie-nm5cg,5 days ago,21. Tublay,https://www.youtube.com/watch?v=ROa3kbG5M0U&lc=UgwYJInY6ZOxoF_zkC14AaABAg,UgwYJInY6ZOxoF_zkC14AaABAg,UCqlvVC3GCr5gXLv7smjnXng,"Fetched 05/24/2026, 8:08:10 PM GMT+8"
12513,@rizziie-nm5cg,5 days ago,20. Tublay,https://www.youtube.com/watch?v=ROa3kbG5M0U&lc=UgyYpME_hr_g2bz7w5R4AaABAg,UgyYpME_hr_g2bz7w5R4AaABAg,UCqlvVC3GCr5gXLv7smjnXng,"Fetched 05/24/2026, 8:08:10 PM GMT+8"
12514,@egymlee,5 days ago,atin nang pakinggan / ang mensahe niyan / marami pong matututunan / ikalalakas pa natin iyan / 😁👍🙏Lokal ng Atok Gold😊,https://www.youtube.com/watch?v=ROa3kbG5M0U&lc=Ugxo4yZkKysrTPP5DjN4AaABAg,Ugxo4yZkKysrTPP5DjN4AaABAg,UCQuTByWcigHh1sDG2ivw25A,"Fetched 05/24/2026, 8:08:10 PM GMT+8"
12515,@rizziie-nm5cg,5 days ago,19. Tublay,https://www.youtube.com/watch?v=ROa3kbG5M0U&lc=Ugz7pCarLG2vAgGp6RB4AaABAg,Ugz7pCarLG2vAgGp6RB4AaABAg,UCqlvVC3GCr5gXLv7smjnXng,"Fetched 05/24/2026, 8:08:10 PM GMT+8"
12516,@rizziie-nm5cg,5 days ago,18. Tublay,https://www.youtube.com/watch?v=ROa3kbG5M0U&lc=UgyC5X0fLkZ_xCeg4t14AaABAg,UgyC5X0fLkZ_xCeg4t14AaABAg,UCqlvVC3GCr5gXLv7smjnXng,"Fetched 05/24/2026, 8:08:10 PM GMT+8"
12517,@rizziie-nm5cg,5 days ago,17. Tublay,https://www.youtube.com/watch?v=ROa3kbG5M0U&lc=UgxojPJrONmZ7GUu86h4AaABAg,UgxojPJrONmZ7GUu86h4AaABAg,UCqlvVC3GCr5gXLv7smjnXng,"Fetched 05/24/2026, 8:08:10 PM GMT+8"
12518,@rizziie-nm5cg,5 days ago,16. Tublay,https://www.youtube.com/watch?v=ROa3kbG5M0U&lc=UgwXc6-BqqFdtKpwMM54AaABAg,UgwXc6-BqqFdtKpwMM54AaABAg,UCqlvVC3GCr5gXLv7smjnXng,"Fetched 05/24/2026, 8:08:10 PM GMT+8"
12519,@kristine7303,5 days ago,"The more we listen, the more we get inspired to trust God's Love ALL THE TIME ❤🎉 / More powers Benguet 💪🏻 /  / - Kadiwa, Lokal ng Marcos Highway",https://www.youtube.com/watch?v=ROa3kbG5M0U&lc=UgyHLnxO7Vp5qiRQQoR4AaABAg,UgyHLnxO7Vp5qiRQQoR4AaABAg,UCJnlqat5vcPuV6GiDugaBnA,"Fetched 05/24/2026, 8:08:10 PM GMT+8"
12520,@maryjoygalera3660,5 days ago,Go Benguet! Pagbati po Mula po sa lahat ng Buklod ng Lokal ng Marcos Highway!,https://www.youtube.com/watch?v=ROa3kbG5M0U&lc=UgzYx5_990UjO6mvcB14AaABAg,UgzYx5_990UjO6mvcB14AaABAg,UC7-45oCq8nneb8JYDKkMgeg,"Fetched 05/24/2026, 8:08:10 PM GMT+8"
12521,@rizziie-nm5cg,5 days ago,15. Tublay,https://www.youtube.com/watch?v=ROa3kbG5M0U&lc=UgxKJMc23_UF6KNnCkF4AaABAg,UgxKJMc23_UF6KNnCkF4AaABAg,UCqlvVC3GCr5gXLv7smjnXng,"Fetched 05/24/2026, 8:08:10 PM GMT+8"
12522,@rizziie-nm5cg,5 days ago,14. Tublay,https://www.youtube.com/watch?v=ROa3kbG5M0U&lc=Ugza_DpAvACrz_VHknF4AaABAg,Ugza_DpAvACrz_VHknF4AaABAg,UCqlvVC3GCr5gXLv7smjnXng,"Fetched 05/24/2026, 8:08:10 PM GMT+8"
12523,@rizziie-nm5cg,5 days ago,13. Tublay,https://www.youtube.com/watch?v=ROa3kbG5M0U&lc=UgwYlDt_kXuNo0U7hzd4AaABAg,UgwYlDt_kXuNo0U7hzd4AaABAg,UCqlvVC3GCr5gXLv7smjnXng,"Fetched 05/24/2026, 8:08:10 PM GMT+8"
12524,@rizziie-nm5cg,5 days ago,12. Tublay,https://www.youtube.com/watch?v=ROa3kbG5M0U&lc=Ugy7i9bVw4G4zw7JFzp4AaABAg,Ugy7i9bVw4G4zw7JFzp4AaABAg,UCqlvVC3GCr5gXLv7smjnXng,"Fetched 05/24/2026, 8:08:10 PM GMT+8"
12525,@primegarlitos4166,5 days ago,"Baguio City / Helo sis Pam, message pa more!",https://www.youtube.com/watch?v=ROa3kbG5M0U&lc=Ugw682l7eJJqg2fXyvJ4AaABAg,Ugw682l7eJJqg2fXyvJ4AaABAg,UCCLVWodbPklUEkhu-BVHHMw,"Fetched 05/24/2026, 8:08:10 PM GMT+8"
12526,@rizziie-nm5cg,5 days ago,11. Tublay,https://www.youtube.com/watch?v=ROa3kbG5M0U&lc=UgxgqkAzrayiJDXPU-F4AaABAg,UgxgqkAzrayiJDXPU-F4AaABAg,UCqlvVC3GCr5gXLv7smjnXng,"Fetched 05/24/2026, 8:08:10 PM GMT+8"
12527,@rizziie-nm5cg,5 days ago,10. Tublay,https://www.youtube.com/watch?v=ROa3kbG5M0U&lc=Ugz-csDXgGIvn3Vxc1p4AaABAg,Ugz-csDXgGIvn3Vxc1p4AaABAg,UCqlvVC3GCr5gXLv7smjnXng,"Fetched 05/24/2026, 8:08:10 PM GMT+8"
12528,@rizziie-nm5cg,5 days ago,9. Tublay,https://www.youtube.com/watch?v=ROa3kbG5M0U&lc=UgxO4hmN3zsgwi5JVKp4AaABAg,UgxO4hmN3zsgwi5JVKp4AaABAg,UCqlvVC3GCr5gXLv7smjnXng,"Fetched 05/24/2026, 8:08:10 PM GMT+8"
12529,@rizziie-nm5cg,5 days ago,8. Tublay,https://www.youtube.com/watch?v=ROa3kbG5M0U&lc=Ugws5Oh45qp9HI-v_RR4AaABAg,Ugws5Oh45qp9HI-v_RR4AaABAg,UCqlvVC3GCr5gXLv7smjnXng,"Fetched 05/24/2026, 8:08:10 PM GMT+8"
12530,@rizziie-nm5cg,5 days ago,7. Tublay,https://www.youtube.com/watch?v=ROa3kbG5M0U&lc=UgxBMMar8kTGlamHSy94AaABAg,UgxBMMar8kTGlamHSy94AaABAg,UCqlvVC3GCr5gXLv7smjnXng,"Fetched 05/24/2026, 8:08:10 PM GMT+8"
12531,@rizziie-nm5cg,5 days ago,6. Tublay,https://www.youtube.com/watch?v=ROa3kbG5M0U&lc=UgxfVbXCaHs5wdW5zAd4AaABAg,UgxfVbXCaHs5wdW5zAd4AaABAg,UCqlvVC3GCr5gXLv7smjnXng,"Fetched 05/24/2026, 8:08:10 PM GMT+8"
12532,@rizziie-nm5cg,5 days ago,5. Tublay,https://www.youtube.com/watch?v=ROa3kbG5M0U&lc=UgxRHQf96LwGHk9fp8p4AaABAg,UgxRHQf96LwGHk9fp8p4AaABAg,UCqlvVC3GCr5gXLv7smjnXng,"Fetched 05/24/2026, 8:08:10 PM GMT+8"
12533,@rizziie-nm5cg,5 days ago,4. Tublay,https://www.youtube.com/watch?v=ROa3kbG5M0U&lc=UgwHMDLMBNgnBrDbWHB4AaABAg,UgwHMDLMBNgnBrDbWHB4AaABAg,UCqlvVC3GCr5gXLv7smjnXng,"Fetched 05/24/2026, 8:08:10 PM GMT+8"
12534,@primegarlitos4166,5 days ago,Baguio City / Stay on top!,https://www.youtube.com/watch?v=ROa3kbG5M0U&lc=UgyPwk3rnIeUK1tFM6t4AaABAg,UgyPwk3rnIeUK1tFM6t4AaABAg,UCCLVWodbPklUEkhu-BVHHMw,"Fetched 05/24/2026, 8:08:10 PM GMT+8"
12535,@NancyMoyano-r7u,5 days ago,Rewatching God's Love 💖  / Happy viewing po sa lahat  / Baguio City...,https://www.youtube.com/watch?v=ROa3kbG5M0U&lc=Ugzyv4EfUo80KXHM5pJ4AaABAg,Ugzyv4EfUo80KXHM5pJ4AaABAg,UCIZH5g0o-lHJidrq7pdjV5w,"Fetched 05/24/2026, 8:08:10 PM GMT+8"
12536,@jjncdgzmn,5 days ago,happy viewing po! greetings po mula sa lokal ng aurora hill 🫰🏻,https://www.youtube.com/watch?v=ROa3kbG5M0U&lc=UgykCZHIh9m9_q2A5PF4AaABAg,UgykCZHIh9m9_q2A5PF4AaABAg,UCk_QgSs588mpDLXUa3Qq9yg,"Fetched 05/24/2026, 8:08:10 PM GMT+8"
12537,@rizziie-nm5cg,5 days ago,3. Tublay,https://www.youtube.com/watch?v=ROa3kbG5M0U&lc=Ugw1RLdaQ35rTal3-Wh4AaABAg,Ugw1RLdaQ35rTal3-Wh4AaABAg,UCqlvVC3GCr5gXLv7smjnXng,"Fetched 05/24/2026, 8:08:10 PM GMT+8"
12538,@rizziie-nm5cg,5 days ago,2. Tublay,https://www.youtube.com/watch?v=ROa3kbG5M0U&lc=Ugz-Sw8gP7ZEtHZe35l4AaABAg,Ugz-Sw8gP7ZEtHZe35l4AaABAg,UCqlvVC3GCr5gXLv7smjnXng,"Fetched 05/24/2026, 8:08:10 PM GMT+8"
12539,@rizziie-nm5cg,5 days ago,1. Tublay,https://www.youtube.com/watch?v=ROa3kbG5M0U&lc=UgxS-y1iq2TJbLiL0Z54AaABAg,UgxS-y1iq2TJbLiL0Z54AaABAg,UCqlvVC3GCr5gXLv7smjnXng,"Fetched 05/24/2026, 8:08:10 PM GMT+8"
12540,@rizziie-nm5cg,5 days ago,😇☝️Tublay,https://www.youtube.com/watch?v=ROa3kbG5M0U&lc=UgwQevuu451xRLOLNB14AaABAg,UgwQevuu451xRLOLNB14AaABAg,UCqlvVC3GCr5gXLv7smjnXng,"Fetched 05/24/2026, 8:08:10 PM GMT+8"
12541,@KarenMaliwat-d6e,5 days ago,"Magandang tanghali po, pagbati mula po sa lokal Ng aurora hill ❤️❤️",https://www.youtube.com/watch?v=ROa3kbG5M0U&lc=UgzHlMYhpEgXc5xPTF54AaABAg,UgzHlMYhpEgXc5xPTF54AaABAg,UCfVbKf43f2Pt1KjlPjUIWjw,"Fetched 05/24/2026, 8:08:10 PM GMT+8"
12542,@KarenMaliwat-d6e,5 days ago,"Magandang tanghali po, pagbati mula po sa lokal Ng aurora hill ❤️❤️",https://www.youtube.com/watch?v=ROa3kbG5M0U&lc=UgxnNFvALNjlt7l8Psh4AaABAg,UgxnNFvALNjlt7l8Psh4AaABAg,UCfVbKf43f2Pt1KjlPjUIWjw,"Fetched 05/24/2026, 8:08:10 PM GMT+8"
12543,@ligayalucas9053,5 days ago,"Happy viewing while having lunch po ng God's love. Greetings po mula sa Lokal ng Irisan, Distrito ng Benguet 🤗",https://www.youtube.com/watch?v=ROa3kbG5M0U&lc=UgzgmZsynWAFt0LcWUx4AaABAg,UgzgmZsynWAFt0LcWUx4AaABAg,UCBpa2MC8GAiak5W7830Y6Yw,"Fetched 05/24/2026, 8:08:10 PM GMT+8"
12544,@KarenMaliwat-d6e,5 days ago,"Magandang tanghali po, pagbati mula po sa lokal Ng aurora hill ❤️❤️",https://www.youtube.com/watch?v=ROa3kbG5M0U&lc=UgwRCEIAV8NAAKzUld14AaABAg,UgwRCEIAV8NAAKzUld14AaABAg,UCfVbKf43f2Pt1KjlPjUIWjw,"Fetched 05/24/2026, 8:08:10 PM GMT+8"
12545,@Rowena-o3k,5 days ago,Good afternoon po! Masayang panonood po mula sa Lokal ng LOAKAN AIRPORT- Kalihiman/Registry!,https://www.youtube.com/watch?v=ROa3kbG5M0U&lc=UgzOva1EqlXKPMufpCR4AaABAg,UgzOva1EqlXKPMufpCR4AaABAg,UCx6fTehTTuj3buUmPJUoB-g,"Fetched 05/24/2026, 8:08:10 PM GMT+8"
12546,@KarenMaliwat-d6e,5 days ago,"Magandang tanghali po, pagbati mula po sa lokal Ng aurora hill ❤️❤️",https://www.youtube.com/watch?v=ROa3kbG5M0U&lc=UgxqfKaOkPGJ9dLMNWN4AaABAg,UgxqfKaOkPGJ9dLMNWN4AaABAg,UCfVbKf43f2Pt1KjlPjUIWjw,"Fetched 05/24/2026, 8:08:10 PM GMT+8"
12547,@scailer4708,5 days ago,"Good Afternoon po mga Kabagis, /  / Happy Viewing po mula sa SFM San Fernando City Practicum Center - Pampanga East",https://www.youtube.com/watch?v=ROa3kbG5M0U&lc=UgyFMYeTQZyDAprE2bB4AaABAg,UgyFMYeTQZyDAprE2bB4AaABAg,UCu-U4O0e8HKdQhi8YPINzbw,"Fetched 05/24/2026, 8:08:10 PM GMT+8"
12548,@egymlee,5 days ago,Masayang araw po / masayang nakikiisa po / masayang nanonood po / masayang puso meron tayo po / 🫶🫶🫶🫶kapisanang binhi / Lokal ng Atok Gold,https://www.youtube.com/watch?v=ROa3kbG5M0U&lc=Ugx13pfDvpJrcGVwLmV4AaABAg,Ugx13pfDvpJrcGVwLmV4AaABAg,UCQuTByWcigHh1sDG2ivw25A,"Fetched 05/24/2026, 8:08:10 PM GMT+8"
12549,@egymlee,5 days ago,Happy everyday / full of energy / watching faithfully / #1 hopefully / 🥇🏆Lokal ng Atok Gold,https://www.youtube.com/watch?v=ROa3kbG5M0U&lc=UgxZeGYCXREecis4idB4AaABAg,UgxZeGYCXREecis4idB4AaABAg,UCQuTByWcigHh1sDG2ivw25A,"Fetched 05/24/2026, 8:08:10 PM GMT+8"
12550,@egymlee,5 days ago,tara na  / manood na / INCMV na / going to🏅 #1 🥇na / Go Distrito ng Benguet! / 😊Lokal ng Atok Gold,https://www.youtube.com/watch?v=ROa3kbG5M0U&lc=Ugw3ouEaJCJqzruRpNV4AaABAg,Ugw3ouEaJCJqzruRpNV4AaABAg,UCQuTByWcigHh1sDG2ivw25A,"Fetched 05/24/2026, 8:08:10 PM GMT+8"
12551,@egymlee,5 days ago,A brigth morning til afternoon to all po / full of inspiration po / moving all the way po / so blissfull po / 🫶Lokal.ng Atok Gold😇😇😇,https://www.youtube.com/watch?v=ROa3kbG5M0U&lc=UgxNZaA4JUYhtPhVTMN4AaABAg,UgxNZaA4JUYhtPhVTMN4AaABAg,UCQuTByWcigHh1sDG2ivw25A,"Fetched 05/24/2026, 8:08:10 PM GMT+8"
12552,@rizziie-nm5cg,5 days ago,😇☝️Tublay,https://www.youtube.com/watch?v=ROa3kbG5M0U&lc=UgwfSItFsxDb3L1ov4V4AaABAg,UgwfSItFsxDb3L1ov4V4AaABAg,UCqlvVC3GCr5gXLv7smjnXng,"Fetched 05/24/2026, 8:08:10 PM GMT+8"
12553,@PHEBIE-f7h,5 days ago,"From LOKAL NG ATOKGOLD, supporting Benguet District's entry for INCMV AWARDS. / GO GO GO BENGUET ❤",https://www.youtube.com/watch?v=ROa3kbG5M0U&lc=UgxVfCb-4IL2NQLth1x4AaABAg,UgxVfCb-4IL2NQLth1x4AaABAg,UCNkJMMXP19AJSsNov8Fp3Ag,"Fetched 05/24/2026, 8:08:10 PM GMT+8"
12554,@arlynsadsaddarnayla,5 days ago,Proud viewer from lokal ng Baguio City.🎉,https://www.youtube.com/watch?v=ROa3kbG5M0U&lc=UgwK2tQrwuDrB2KRt3d4AaABAg,UgwK2tQrwuDrB2KRt3d4AaABAg,UCEpebcWdMuh8WoE06IwNIKA,"Fetched 05/24/2026, 8:08:10 PM GMT+8"
12555,@redtiamson4129,5 days ago,"Happy viewing po, lokal ng aurora hill ☺️☺️☺️",https://www.youtube.com/watch?v=ROa3kbG5M0U&lc=UgyaV8mEuzFpugLzW1J4AaABAg,UgyaV8mEuzFpugLzW1J4AaABAg,UCRYX3xWspYYmd66NPiJvU5Q,"Fetched 05/24/2026, 8:08:10 PM GMT+8"
12556,@rizziie-nm5cg,5 days ago,☝️Tublay,https://www.youtube.com/watch?v=ROa3kbG5M0U&lc=UgzonlvJJWdNdL4Qje14AaABAg,UgzonlvJJWdNdL4Qje14AaABAg,UCqlvVC3GCr5gXLv7smjnXng,"Fetched 05/24/2026, 8:08:10 PM GMT+8"
12557,@egymlee,5 days ago,happy viewing to all po / all day happy po / watching is easy po / so support our District po😊 / 😍Lokal ng Atok Gold🇮🇹🇮🇹🇮🇹🇮🇹,https://www.youtube.com/watch?v=ROa3kbG5M0U&lc=UgxUrw71PTN_lTYhi6J4AaABAg,UgxUrw71PTN_lTYhi6J4AaABAg,UCQuTByWcigHh1sDG2ivw25A,"Fetched 05/24/2026, 8:08:10 PM GMT+8"
12558,@PHEBIE-f7h,5 days ago,Watch lng nang watch po mga kapatid. MORE VIEWS MORE VIEWS FOR TOP3 / GO BENGUET / ATOKGOLD,https://www.youtube.com/watch?v=ROa3kbG5M0U&lc=UgxkNCJoOO0m0duxmsd4AaABAg,UgxkNCJoOO0m0duxmsd4AaABAg,UCNkJMMXP19AJSsNov8Fp3Ag,"Fetched 05/24/2026, 8:08:10 PM GMT+8"
12559,@egymlee,5 days ago,Beautiful afternoon po / 🫶halina ituloy po / ang pakikipagkaisa po / huwag magsawa po / 😁😆Lokal ng Atok Gold,https://www.youtube.com/watch?v=ROa3kbG5M0U&lc=UgzXvA-X_8nWdeXNy9h4AaABAg,UgzXvA-X_8nWdeXNy9h4AaABAg,UCQuTByWcigHh1sDG2ivw25A,"Fetched 05/24/2026, 8:08:10 PM GMT+8"
12560,@egymlee,5 days ago,Magandang hapon  po / ang pagbati po namin sa inyo / halina at manood tayo / siguradong maaaliw po kayo / 🤣😆😁😊Lokal ng Atok Gold,https://www.youtube.com/watch?v=ROa3kbG5M0U&lc=UgxZtjeZfCFkti7ckC14AaABAg,UgxZtjeZfCFkti7ckC14AaABAg,UCQuTByWcigHh1sDG2ivw25A,"Fetched 05/24/2026, 8:08:10 PM GMT+8"
12561,@rizziie-nm5cg,5 days ago,#INCTUBLAY,https://www.youtube.com/watch?v=ROa3kbG5M0U&lc=Ugy35BeV1Xaxcs8D7PF4AaABAg,Ugy35BeV1Xaxcs8D7PF4AaABAg,UCqlvVC3GCr5gXLv7smjnXng,"Fetched 05/24/2026, 8:08:10 PM GMT+8"
12562,@egymlee,5 days ago,Happy watching po / our support is needed po / so everybody watch po / energency is on the way po / 🫰🫶Lokal ng Atok Gold,https://www.youtube.com/watch?v=ROa3kbG5M0U&lc=UgzXpR6rTgbLti5o1Bd4AaABAg,UgzXpR6rTgbLti5o1Bd4AaABAg,UCQuTByWcigHh1sDG2ivw25A,"Fetched 05/24/2026, 8:08:10 PM GMT+8"
12563,@TheEmzthine,5 days ago,Happy viewing from Lokal ng Irisan Distrito ng Benguet ❤❤❤,https://www.youtube.com/watch?v=ROa3kbG5M0U&lc=Ugys0KtZ2qzlyNWbNOt4AaABAg,Ugys0KtZ2qzlyNWbNOt4AaABAg,UCxLUxuNrB5SEVcJFtEZauDw,"Fetched 05/24/2026, 8:08:10 PM GMT+8"
12564,@rizziie-nm5cg,5 days ago,💚🤍❤️,https://www.youtube.com/watch?v=ROa3kbG5M0U&lc=UgzxCw9ONRDSr9X2dP54AaABAg,UgzxCw9ONRDSr9X2dP54AaABAg,UCqlvVC3GCr5gXLv7smjnXng,"Fetched 05/24/2026, 8:08:10 PM GMT+8"
12565,@abetsky17,5 days ago,Happy viewing po sa benguet,https://www.youtube.com/watch?v=ROa3kbG5M0U&lc=Ugzm1-0ZMJVThwHVcpt4AaABAg,Ugzm1-0ZMJVThwHVcpt4AaABAg,UC3P447ggOUfHfgNlLhN15Lg,"Fetched 05/24/2026, 8:08:10 PM GMT+8"
12566,@RenzonMarilao,5 days ago,#INCTUBLAY 1:55,https://www.youtube.com/watch?v=ROa3kbG5M0U&lc=UgxoVGgfFs1W2pamb894AaABAg,UgxoVGgfFs1W2pamb894AaABAg,UCMpg7EJWrkw96r-Ro-pl_PA,"Fetched 05/24/2026, 8:08:10 PM GMT+8"
12567,@PHEBIE-f7h,5 days ago,Tuloy tuloy lng po kmi sa pakikipagkaisa at pagsuporta sa pinaghirapang awitin ng mga kapatid natin para sa INCMV. / LET'S GO BENGUET!!! / support from BUKLOD LOKAL NG ATOKGOLD,https://www.youtube.com/watch?v=ROa3kbG5M0U&lc=UgzEizl4fhbtAEML7sJ4AaABAg,UgzEizl4fhbtAEML7sJ4AaABAg,UCNkJMMXP19AJSsNov8Fp3Ag,"Fetched 05/24/2026, 8:08:10 PM GMT+8"
12568,@RenzonMarilao,5 days ago,#Tublay 1:08 1:10 1:12,https://www.youtube.com/watch?v=ROa3kbG5M0U&lc=Ugyue4gj2RQN4l0-IJt4AaABAg,Ugyue4gj2RQN4l0-IJt4AaABAg,UCMpg7EJWrkw96r-Ro-pl_PA,"Fetched 05/24/2026, 8:08:10 PM GMT+8"
12569,@arlynsadsaddarnayla,5 days ago,Go Benguet🎉🎉🎉 /  / Go Baguio city🎉❤❤❤,https://www.youtube.com/watch?v=ROa3kbG5M0U&lc=Ugw5OiRtuAybHNSOQ0d4AaABAg,Ugw5OiRtuAybHNSOQ0d4AaABAg,UCEpebcWdMuh8WoE06IwNIKA,"Fetched 05/24/2026, 8:08:10 PM GMT+8"
12570,@RenzonMarilao,5 days ago,#Tublay,https://www.youtube.com/watch?v=ROa3kbG5M0U&lc=UgyfSMdWpbSUOtElgip4AaABAg,UgyfSMdWpbSUOtElgip4AaABAg,UCMpg7EJWrkw96r-Ro-pl_PA,"Fetched 05/24/2026, 8:08:10 PM GMT+8"
12571,@egymlee,5 days ago (edited),simulan po ang umaga / hanggang hapon pa / God's Love panoorin nga / siguradong magigising ka / energetic nga😂 / Higit po sa lahat nakipagkaisa ka / ☺lokal ng Atok Gold,https://www.youtube.com/watch?v=ROa3kbG5M0U&lc=UgywNkFyOb23YJGL3mh4AaABAg,UgywNkFyOb23YJGL3mh4AaABAg,UCQuTByWcigHh1sDG2ivw25A,"Fetched 05/24/2026, 8:08:10 PM GMT+8"
12572,@egymlee,5 days ago,Happy watching po / our support is needed po / so everybody watch po / energency is on the way po / 🫰🫶Lokal ng Atok Gold,https://www.youtube.com/watch?v=ROa3kbG5M0U&lc=Ugz_9L2jz4P9V95dZSZ4AaABAg,Ugz_9L2jz4P9V95dZSZ4AaABAg,UCQuTByWcigHh1sDG2ivw25A,"Fetched 05/24/2026, 8:08:10 PM GMT+8"
12573,@PHEBIE-f7h,5 days ago,Continuous Viewing po to increase our view. Road to TOP 3 / LET US GO BENGUET! FIGHTING! /  /  / ❤❤ATOK GOLD,https://www.youtube.com/watch?v=ROa3kbG5M0U&lc=UgyaJ0oJI3tQqP12DB54AaABAg,UgyaJ0oJI3tQqP12DB54AaABAg,UCNkJMMXP19AJSsNov8Fp3Ag,"Fetched 05/24/2026, 8:08:10 PM GMT+8"
12574,@egymlee,5 days ago,Hello everyone / Benguet nangunguna!!! / patuloy pong panoorin pa / mula po sa sa Kapisanang Binhi / Lokal ng Atok Gold,https://www.youtube.com/watch?v=ROa3kbG5M0U&lc=UgyiuhAnGdevWuQQKZx4AaABAg,UgyiuhAnGdevWuQQKZx4AaABAg,UCQuTByWcigHh1sDG2ivw25A,"Fetched 05/24/2026, 8:08:10 PM GMT+8"
12575,@RenzonMarilao,5 days ago,Watching from Tublay,https://www.youtube.com/watch?v=ROa3kbG5M0U&lc=Ugw8DV_P3sylOe_AqFx4AaABAg,Ugw8DV_P3sylOe_AqFx4AaABAg,UCMpg7EJWrkw96r-Ro-pl_PA,"Fetched 05/24/2026, 8:08:10 PM GMT+8"
12576,@arlynsadsaddarnayla,5 days ago,"Mula po sa lokal ng Baguio City, full support!",https://www.youtube.com/watch?v=ROa3kbG5M0U&lc=Ugw5Bfe8petA4Qx-Zwl4AaABAg,Ugw5Bfe8petA4Qx-Zwl4AaABAg,UCEpebcWdMuh8WoE06IwNIKA,"Fetched 05/24/2026, 8:08:10 PM GMT+8"
12577,@egymlee,5 days ago,kami po ay nakikiisa / laging nanonood pa / kahit maghapong may ginagawa / laging binigigyang panahon nga😊😁 / mula po sa Kapisanang Binhi / Lokal ng Atok Gold,https://www.youtube.com/watch?v=ROa3kbG5M0U&lc=UgwwugCNGVRMzQQn8cp4AaABAg,UgwwugCNGVRMzQQn8cp4AaABAg,UCQuTByWcigHh1sDG2ivw25A,"Fetched 05/24/2026, 8:08:10 PM GMT+8"
12578,@virginiasanpascual6264,5 days ago,Watching  locale of Megaroyale district of Benguet 💚🤍❤️,https://www.youtube.com/watch?v=ROa3kbG5M0U&lc=Ugy8dtw3rBdYHXitkYF4AaABAg,Ugy8dtw3rBdYHXitkYF4AaABAg,UCecTzWNkBD36FyHPwn6bBSQ,"Fetched 05/24/2026, 8:08:10 PM GMT+8"
12579,@jaysonpeg-ang2386,5 days ago,"GO BENGUET,fight fight fight 😊",https://www.youtube.com/watch?v=ROa3kbG5M0U&lc=UgyRmsx_TPMJ-Hpie-B4AaABAg,UgyRmsx_TPMJ-Hpie-B4AaABAg,UCrzgzEX4kSwGTQVgqRpMuMg,"Fetched 05/24/2026, 8:08:10 PM GMT+8"
12580,@PHEBIE-f7h,5 days ago,Magandang hapon po sa lahat ng nanonood. / Listening to this envigorating song from Benguet District / ❤❤❤Buklod of AtokGold❤❤❤,https://www.youtube.com/watch?v=ROa3kbG5M0U&lc=UgzShtR3smjziv-srjd4AaABAg,UgzShtR3smjziv-srjd4AaABAg,UCNkJMMXP19AJSsNov8Fp3Ag,"Fetched 05/24/2026, 8:08:10 PM GMT+8"
12581,@syrelyongaan.765,5 days ago,"Greetings po Mula sa lokal ng NORCAR, let's go BENGUET 🎉",https://www.youtube.com/watch?v=ROa3kbG5M0U&lc=Ugz3ll7VZtgzRDolXXN4AaABAg,Ugz3ll7VZtgzRDolXXN4AaABAg,UCykQvuxJPkzC-KGTaipaIsQ,"Fetched 05/24/2026, 8:08:10 PM GMT+8"
12582,@jhoelhopealtero9210,5 days ago,Watching po from lokal ng Norcar distrito ng Benguet,https://www.youtube.com/watch?v=ROa3kbG5M0U&lc=UgwIaSAQ316U0-c1DL14AaABAg,UgwIaSAQ316U0-c1DL14AaABAg,UCvM66CUu4E9SdMsMK1oOeVA,"Fetched 05/24/2026, 8:08:10 PM GMT+8"
12583,@rizziie-nm5cg,5 days ago,Good afternoon po from Tublay❤,https://www.youtube.com/watch?v=ROa3kbG5M0U&lc=UgwtFWIhTbOf9VlxRx14AaABAg,UgwtFWIhTbOf9VlxRx14AaABAg,UCqlvVC3GCr5gXLv7smjnXng,"Fetched 05/24/2026, 8:08:10 PM GMT+8"
12584,@rizziie-nm5cg,5 days ago,Tublay💚🤍❤️,https://www.youtube.com/watch?v=ROa3kbG5M0U&lc=UgyIv2p_gE8h-YDlO454AaABAg,UgyIv2p_gE8h-YDlO454AaABAg,UCqlvVC3GCr5gXLv7smjnXng,"Fetched 05/24/2026, 8:08:10 PM GMT+8"
12585,@rizziie-nm5cg,5 days ago,#Tublaywithlove,https://www.youtube.com/watch?v=ROa3kbG5M0U&lc=UgzLFVrGQB4eTeX24uF4AaABAg,UgzLFVrGQB4eTeX24uF4AaABAg,UCqlvVC3GCr5gXLv7smjnXng,"Fetched 05/24/2026, 8:08:10 PM GMT+8"
12586,@davidkhodysalcedo4886,5 days ago,Pagbati po from lokal Tuba Distrito ng Benguet,https://www.youtube.com/watch?v=ROa3kbG5M0U&lc=UgzMT0xG-t7QZvQJlYB4AaABAg,UgzMT0xG-t7QZvQJlYB4AaABAg,UCBNXNoSMPZrKnHgVvx0yUQQ,"Fetched 05/24/2026, 8:08:10 PM GMT+8"
12587,@rizziie-nm5cg,5 days ago,#Tublay🫶❤️,https://www.youtube.com/watch?v=ROa3kbG5M0U&lc=UgzoUg1hW2SI4n0a5rR4AaABAg,UgzoUg1hW2SI4n0a5rR4AaABAg,UCqlvVC3GCr5gXLv7smjnXng,"Fetched 05/24/2026, 8:08:10 PM GMT+8"
12588,@rizziie-nm5cg,5 days ago,❤❤❤,https://www.youtube.com/watch?v=ROa3kbG5M0U&lc=UgxCP3vIbUNk6wnF7BV4AaABAg,UgxCP3vIbUNk6wnF7BV4AaABAg,UCqlvVC3GCr5gXLv7smjnXng,"Fetched 05/24/2026, 8:08:10 PM GMT+8"
12589,@rizziie-nm5cg,5 days ago,#Tublay 🫶,https://www.youtube.com/watch?v=ROa3kbG5M0U&lc=Ugytq__Blm3BxT4PBPF4AaABAg,Ugytq__Blm3BxT4PBPF4AaABAg,UCqlvVC3GCr5gXLv7smjnXng,"Fetched 05/24/2026, 8:08:10 PM GMT+8"
12590,@rizziie-nm5cg,5 days ago,#Tublay,https://www.youtube.com/watch?v=ROa3kbG5M0U&lc=Ugziy8fqFvWeYN24CaB4AaABAg,Ugziy8fqFvWeYN24CaB4AaABAg,UCqlvVC3GCr5gXLv7smjnXng,"Fetched 05/24/2026, 8:08:10 PM GMT+8"
12591,@PHEBIE-f7h,5 days ago,"""Hold on to your faith; Let God set you free.""  / God's Love for His children is eternal. / Streaming here from the Locale Congregation of AtokGold.",https://www.youtube.com/watch?v=ROa3kbG5M0U&lc=UgwQwwKMBoo51pr9E4J4AaABAg,UgwQwwKMBoo51pr9E4J4AaABAg,UCNkJMMXP19AJSsNov8Fp3Ag,"Fetched 05/24/2026, 8:08:10 PM GMT+8"
12592,@cherrydevera8251,5 days ago,Greetings po mula sa lokal ng Baguio city,https://www.youtube.com/watch?v=ROa3kbG5M0U&lc=UgzV1P61Vs12YUux1Kl4AaABAg,UgzV1P61Vs12YUux1Kl4AaABAg,UCrod3zHPNdFZBv-HyVuLJ3g,"Fetched 05/24/2026, 8:08:10 PM GMT+8"
12593,@kimberlysarmiento1034,5 days ago,Benguet on Top!!! / Happy viewing po / -Tuba,https://www.youtube.com/watch?v=ROa3kbG5M0U&lc=UgzrbRpyGFeZCacfMyx4AaABAg,UgzrbRpyGFeZCacfMyx4AaABAg,UCds_RyKfMX7Xzg4PQRhf9NQ,"Fetched 05/24/2026, 8:08:10 PM GMT+8"
12594,@PHEBIE-f7h,5 days ago,"Let us render our enthusiastic and ardent support for our Distrito, Benguet. / Go Benguet / ❤❤❤Lokal ng AtokGold❤❤❤",https://www.youtube.com/watch?v=ROa3kbG5M0U&lc=UgxIHkZP95RTzDUYs4t4AaABAg,UgxIHkZP95RTzDUYs4t4AaABAg,UCNkJMMXP19AJSsNov8Fp3Ag,"Fetched 05/24/2026, 8:08:10 PM GMT+8"
12595,@PHEBIE-f7h,5 days ago,Go Benguet!!! / Supporting all the way from AtokGold ❤,https://www.youtube.com/watch?v=ROa3kbG5M0U&lc=Ugxh4z5o1W5Js08QOOV4AaABAg,Ugxh4z5o1W5Js08QOOV4AaABAg,UCNkJMMXP19AJSsNov8Fp3Ag,"Fetched 05/24/2026, 8:08:10 PM GMT+8"
12596,@rachelmariemaniacup6084,5 days ago,"Magandang hapon po! Watching from Marcos Highway Locale, District of Benguet!🥰",https://www.youtube.com/watch?v=ROa3kbG5M0U&lc=UgxHEA1IoB3gpmk0mrJ4AaABAg,UgxHEA1IoB3gpmk0mrJ4AaABAg,UCgg3xBQl1TPBsKjNibQRmaA,"Fetched 05/24/2026, 8:08:10 PM GMT+8"
12597,@ambrosioanofojr4444,5 days ago,Hlu po sa lahat patuloy po na sumusuporta ang mga kadiwa! / pagbati dn po mula sa lokal ng Norcar,https://www.youtube.com/watch?v=ROa3kbG5M0U&lc=UgylM5_QVy3DdxbEgeh4AaABAg,UgylM5_QVy3DdxbEgeh4AaABAg,UCQACOM5LJpxnKpV1DM1bwew,"Fetched 05/24/2026, 8:08:10 PM GMT+8"
12598,@jhoelhopealtero9210,5 days ago,"Gooooo Benguet fight! Fight! Fight!,,Form lokal ng Norcar distrito ng Benguet",https://www.youtube.com/watch?v=ROa3kbG5M0U&lc=Ugzs4dTlas6vlcMNqOZ4AaABAg,Ugzs4dTlas6vlcMNqOZ4AaABAg,UCvM66CUu4E9SdMsMK1oOeVA,"Fetched 05/24/2026, 8:08:10 PM GMT+8"
12599,@Lxzaaaaa,5 days ago,Road 38k viewss🎉🎉 go Benguet  /  /  / -Atok Gold🤍,https://www.youtube.com/watch?v=ROa3kbG5M0U&lc=Ugxyc8UzJo2XhzgJ-hp4AaABAg,Ugxyc8UzJo2XhzgJ-hp4AaABAg,UC-MTBqslPrXeabiRe4UpQxw,"Fetched 05/24/2026, 8:08:10 PM GMT+8"
12600,@jasminedaludado7262,5 days ago,Gods Love all the way❤ /  / Supporting from Lokal ng Guisad PNK Officers❤,https://www.youtube.com/watch?v=ROa3kbG5M0U&lc=Ugw8A3MJ79AvKSByxOZ4AaABAg,Ugw8A3MJ79AvKSByxOZ4AaABAg,UCA4HVmdH2Xj67gK8nZmpiZg,"Fetched 05/24/2026, 8:08:10 PM GMT+8"
12601,@cresenciasubli9375,5 days ago,Goo goo goo Benguet!!💚🤍❤️ / From baguio city,https://www.youtube.com/watch?v=ROa3kbG5M0U&lc=UgyE9V0jQhw-lGApTvB4AaABAg,UgyE9V0jQhw-lGApTvB4AaABAg,UCUkLEjLy-mTV-lKfyceXQVw,"Fetched 05/24/2026, 8:08:10 PM GMT+8"
12602,@cresenciasubli9375,5 days ago,Gandang Hapon mga Kapatid!❤️❤️happy happy viewing Po sa lahat..💚🤍❤️Mula po sa lokal Ng Baguio City,https://www.youtube.com/watch?v=ROa3kbG5M0U&lc=UgyQ2t3-672C9Ybfof94AaABAg,UgyQ2t3-672C9Ybfof94AaABAg,UCUkLEjLy-mTV-lKfyceXQVw,"Fetched 05/24/2026, 8:08:10 PM GMT+8"
12603,@IeshaObana,5 days ago,"pagbati po sa mga kasama kong district officer, mula po sa lokal ng mirador hills, go benguett!!!!!!",https://www.youtube.com/watch?v=ROa3kbG5M0U&lc=UgxPojNytxo4LX-agLd4AaABAg,UgxPojNytxo4LX-agLd4AaABAg,UCipT-3PF6TAIBDln8IkDgkA,"Fetched 05/24/2026, 8:08:10 PM GMT+8"
12604,@Lxzaaaaa,5 days ago,full support po from lokal ng Atok Gold💖  /  / Go Benguet❤❤,https://www.youtube.com/watch?v=ROa3kbG5M0U&lc=UgznEuHoK9kVtdsN61x4AaABAg,UgznEuHoK9kVtdsN61x4AaABAg,UC-MTBqslPrXeabiRe4UpQxw,"Fetched 05/24/2026, 8:08:10 PM GMT+8"
12605,@PHEBIE-f7h,5 days ago,ROAD TO 38K views / Nood lng po ng nood mga kapatid. / ENJOY WATCHING PO /  /  / ❤❤Buklod of AtokGold❤❤,https://www.youtube.com/watch?v=ROa3kbG5M0U&lc=UgzhV97zsN4I3vS7jwN4AaABAg,UgzhV97zsN4I3vS7jwN4AaABAg,UCNkJMMXP19AJSsNov8Fp3Ag,"Fetched 05/24/2026, 8:08:10 PM GMT+8"
12606,@PHEBIE-f7h,5 days ago,Go Benguet!!! / Supporting all the way from AtokGold ❤,https://www.youtube.com/watch?v=ROa3kbG5M0U&lc=Ugxr4jlJsRgXwznjrix4AaABAg,Ugxr4jlJsRgXwznjrix4AaABAg,UCNkJMMXP19AJSsNov8Fp3Ag,"Fetched 05/24/2026, 8:08:10 PM GMT+8"
12607,@BnHydn_4,5 days ago,Top 1 na tayo 🎉 Benguet ON FIRE 🔥❤️‍🔥  / -Happy viewing Mula sa lokal ng La Trinidad 💐,https://www.youtube.com/watch?v=ROa3kbG5M0U&lc=Ugzifx5Q4mqrFC3Of9R4AaABAg,Ugzifx5Q4mqrFC3Of9R4AaABAg,UCBGtwATEAOhJaVSd9_AsgFw,"Fetched 05/24/2026, 8:08:10 PM GMT+8"
12608,@PHEBIE-f7h,5 days ago,Happy viewing po mga kapatid / ENJOY WATCHING! / Journey to 36k views / LET'S GO BENGUET! /  / ❤❤BUKLOD OF ATOKGOLD❤❤,https://www.youtube.com/watch?v=ROa3kbG5M0U&lc=UgxWVvlX8VLwlPK_m6h4AaABAg,UgxWVvlX8VLwlPK_m6h4AaABAg,UCNkJMMXP19AJSsNov8Fp3Ag,"Fetched 05/24/2026, 8:08:10 PM GMT+8"
12609,@SyMia-q2l8f,5 days ago,"Let's go Benguet!!  /  / Happy Viewing po mula sa Lokal ng Hillside, Distrito ng Benguet🫶🫶✨",https://www.youtube.com/watch?v=ROa3kbG5M0U&lc=UgyqsvDk6NZCztuoviV4AaABAg,UgyqsvDk6NZCztuoviV4AaABAg,UClSL-wlo1XF6eb5LMCBjV5w,"Fetched 05/24/2026, 8:08:10 PM GMT+8"
12610,@JOELY_BULAH,5 days ago,mula po sa lokal ng Atok Gold happy watching to all^^,https://www.youtube.com/watch?v=ROa3kbG5M0U&lc=UgzkrgOGXt0PCXi6N-d4AaABAg,UgzkrgOGXt0PCXi6N-d4AaABAg,UCyMUAMSBQpACjkUS0f9sykQ,"Fetched 05/24/2026, 8:08:10 PM GMT+8"
12611,@JOELY_BULAH,5 days ago,masayang panonood mula po sa lokal ng Atok Gold ❤,https://www.youtube.com/watch?v=ROa3kbG5M0U&lc=Ugyrsn98w13ejwBwWPx4AaABAg,Ugyrsn98w13ejwBwWPx4AaABAg,UCyMUAMSBQpACjkUS0f9sykQ,"Fetched 05/24/2026, 8:08:10 PM GMT+8"
12612,@PHEBIE-f7h,5 days ago,Good afternoon.. re watching. /  /  /  / Buklod of AtokGold,https://www.youtube.com/watch?v=ROa3kbG5M0U&lc=UgylkWnz_ZUhM4QbvSJ4AaABAg,UgylkWnz_ZUhM4QbvSJ4AaABAg,UCNkJMMXP19AJSsNov8Fp3Ag,"Fetched 05/24/2026, 8:08:10 PM GMT+8"
12613,@JOELY_BULAH,5 days ago,happy watching everyone /  /  /  / Atok Gold,https://www.youtube.com/watch?v=ROa3kbG5M0U&lc=UgzJtmDuodHqUaQMYn14AaABAg,UgzJtmDuodHqUaQMYn14AaABAg,UCyMUAMSBQpACjkUS0f9sykQ,"Fetched 05/24/2026, 8:08:10 PM GMT+8"
12614,@JOELY_BULAH,5 days ago,goo! Benguet let's go Atok Gold,https://www.youtube.com/watch?v=ROa3kbG5M0U&lc=Ugz3RC2ArCZ4XtJJ8dB4AaABAg,Ugz3RC2ArCZ4XtJJ8dB4AaABAg,UCyMUAMSBQpACjkUS0f9sykQ,"Fetched 05/24/2026, 8:08:10 PM GMT+8"
12615,@PHEBIE-f7h,5 days ago,"The message of the song God's Love resonates with my whole family. Together, we watch and listen to show our support here in AtokGold Locale, kapisanan ng Buklod.",https://www.youtube.com/watch?v=ROa3kbG5M0U&lc=UgzEQGvA70AF13AOtKZ4AaABAg,UgzEQGvA70AF13AOtKZ4AaABAg,UCNkJMMXP19AJSsNov8Fp3Ag,"Fetched 05/24/2026, 8:08:10 PM GMT+8"
12616,@Osmund1226,5 days ago,LOKAL NG BAGUIO CITY magandang hapon po!! #GodsLove #Benguet #IncMvAwards2026,https://www.youtube.com/watch?v=ROa3kbG5M0U&lc=UgxD2H-51-9LHi8C1P14AaABAg,UgxD2H-51-9LHi8C1P14AaABAg,UCeg9alL6uLA-NYJz-8k_-bw,"Fetched 05/24/2026, 8:08:10 PM GMT+8"
12617,@Osmund1226,5 days ago,LOKAL NG BAGUIO CITY magandang hapon po!! #GodsLove #Benguet #IncMvAwards2026,https://www.youtube.com/watch?v=ROa3kbG5M0U&lc=Ugzy1_ML11GXXCpkLot4AaABAg,Ugzy1_ML11GXXCpkLot4AaABAg,UCeg9alL6uLA-NYJz-8k_-bw,"Fetched 05/24/2026, 8:08:10 PM GMT+8"
12618,@Julskie28,5 days ago (edited),Happy re watching po sa ating lahat! /  / Let's Go Benguet 🎉 / From KADIWAs of benguet🎉 / Lokal ng Guisad❤,https://www.youtube.com/watch?v=ROa3kbG5M0U&lc=UgxwSh4on7LSnboeD9N4AaABAg,UgxwSh4on7LSnboeD9N4AaABAg,UC1nz0UiWHV8lyoQdZtJejeg,"Fetched 05/24/2026, 8:08:10 PM GMT+8"
12619,@Osmund1226,5 days ago,LOKAL NG BAGUIO CITY magandang hapon po!! #GodsLove #Benguet #IncMvAwards2026,https://www.youtube.com/watch?v=ROa3kbG5M0U&lc=UgyyT7BkkaPQd72qkOJ4AaABAg,UgyyT7BkkaPQd72qkOJ4AaABAg,UCeg9alL6uLA-NYJz-8k_-bw,"Fetched 05/24/2026, 8:08:10 PM GMT+8"
12620,@Osmund1226,5 days ago,LOKAL NG BAGUIO CITY magandang hapon po!! #GodsLove #Benguet #IncMvAwards2026,https://www.youtube.com/watch?v=ROa3kbG5M0U&lc=UgzaL_3XNa7ovTQbr8B4AaABAg,UgzaL_3XNa7ovTQbr8B4AaABAg,UCeg9alL6uLA-NYJz-8k_-bw,"Fetched 05/24/2026, 8:08:10 PM GMT+8"
12621,@Lxzaaaaa,5 days ago,Still watching po from lokal ng Atok Gold 💖,https://www.youtube.com/watch?v=ROa3kbG5M0U&lc=UgxlEFN7VdC_dM7pgdF4AaABAg,UgxlEFN7VdC_dM7pgdF4AaABAg,UC-MTBqslPrXeabiRe4UpQxw,"Fetched 05/24/2026, 8:08:10 PM GMT+8"
12622,@rizziie-nm5cg,5 days ago,Tublay 🫶,https://www.youtube.com/watch?v=ROa3kbG5M0U&lc=Ugy3He9ry0mAPRLx_ll4AaABAg,Ugy3He9ry0mAPRLx_ll4AaABAg,UCqlvVC3GCr5gXLv7smjnXng,"Fetched 05/24/2026, 8:08:10 PM GMT+8"
12623,@josephdulay9738,5 days ago,Habang nagluluto pa manood Uli tayo mula sa Lokal ng Marcos Highway Benguet,https://www.youtube.com/watch?v=ROa3kbG5M0U&lc=UgwNouBl2aXK7tsl_6l4AaABAg,UgwNouBl2aXK7tsl_6l4AaABAg,UCwvvvRliliMsTWa0NSEeWPg,"Fetched 05/24/2026, 8:08:10 PM GMT+8"
12624,@Osmund1226,5 days ago,shout out sa mga kabagis na di nagsasawang manoon ng #GodsLove #Benguet #IncMvAwards2026,https://www.youtube.com/watch?v=ROa3kbG5M0U&lc=UgzkXbDeTEqiX7pSciJ4AaABAg,UgzkXbDeTEqiX7pSciJ4AaABAg,UCeg9alL6uLA-NYJz-8k_-bw,"Fetched 05/24/2026, 8:08:10 PM GMT+8"
12625,@Osmund1226,5 days ago,shout out sa mga kabagis na di nagsasawang manoon ng #GodsLove #Benguet #IncMvAwards2026,https://www.youtube.com/watch?v=ROa3kbG5M0U&lc=UgzD4DcS-I5QCjJoBN14AaABAg,UgzD4DcS-I5QCjJoBN14AaABAg,UCeg9alL6uLA-NYJz-8k_-bw,"Fetched 05/24/2026, 8:08:10 PM GMT+8"
12626,@Osmund1226,5 days ago,shout out sa mga kabagis na di nagsasawang manoon ng #GodsLove #Benguet #IncMvAwards2026,https://www.youtube.com/watch?v=ROa3kbG5M0U&lc=Ugx_Td2BcWWXWACLGEN4AaABAg,Ugx_Td2BcWWXWACLGEN4AaABAg,UCeg9alL6uLA-NYJz-8k_-bw,"Fetched 05/24/2026, 8:08:10 PM GMT+8"
12627,@Lxzaaaaa,5 days ago,"Good afternoon to all po, happy viewing po mula sa Lokal ng Atok Gold🤍",https://www.youtube.com/watch?v=ROa3kbG5M0U&lc=UgzNeGCy4l_5PZefEDh4AaABAg,UgzNeGCy4l_5PZefEDh4AaABAg,UC-MTBqslPrXeabiRe4UpQxw,"Fetched 05/24/2026, 8:08:10 PM GMT+8"
12628,@ReynanteBauzon,5 days ago,Up up up.. / Go go go.. / Mula po sa lokal ng Irisan ❤❤,https://www.youtube.com/watch?v=ROa3kbG5M0U&lc=UgxhUMUHdKb6O6UBZfl4AaABAg,UgxhUMUHdKb6O6UBZfl4AaABAg,UCW4izpxy03rvPFmI2RjSP7Q,"Fetched 05/24/2026, 8:08:10 PM GMT+8"
12629,@Lxzaaaaa,5 days ago,Road 38k viewss🎉🎉 go Benguet  /  /  / -Atok Gold🤍,https://www.youtube.com/watch?v=ROa3kbG5M0U&lc=UgxY2bXQtt17oO9psKt4AaABAg,UgxY2bXQtt17oO9psKt4AaABAg,UC-MTBqslPrXeabiRe4UpQxw,"Fetched 05/24/2026, 8:08:10 PM GMT+8"
12630,@JOELY_BULAH,5 days ago,happy watching sa lahat ng kapatid mula po sa lokal ng ATOK GOLD,https://www.youtube.com/watch?v=ROa3kbG5M0U&lc=UgxqWEu8rtxt5KBlsVt4AaABAg,UgxqWEu8rtxt5KBlsVt4AaABAg,UCyMUAMSBQpACjkUS0f9sykQ,"Fetched 05/24/2026, 8:08:10 PM GMT+8"
12631,@gwynethcayabyab5981,5 days ago,Happy lunch po while watching / Go benguet🎉 / -kadiwa,https://www.youtube.com/watch?v=ROa3kbG5M0U&lc=UgwJ2ihj1y60ZgWRvN94AaABAg,UgwJ2ihj1y60ZgWRvN94AaABAg,UCouodNvhL1bfJC2Fz0B_Rcw,"Fetched 05/24/2026, 8:08:10 PM GMT+8"
12632,@JOELY_BULAH,5 days ago,good afternoon everyone! happy watching from lokal ng Atok Gold,https://www.youtube.com/watch?v=ROa3kbG5M0U&lc=Ugx9e-FS_Dy7ZDlBzDl4AaABAg,Ugx9e-FS_Dy7ZDlBzDl4AaABAg,UCyMUAMSBQpACjkUS0f9sykQ,"Fetched 05/24/2026, 8:08:10 PM GMT+8"
12633,@Bnhydn_5,5 days ago,"Benguet number 1 ♥️🙌🌟 / -Lokal ng La Trinidad, nananatiling sumusuporta ♥️",https://www.youtube.com/watch?v=ROa3kbG5M0U&lc=Ugx3z1iaEwzql8sw4HJ4AaABAg,Ugx3z1iaEwzql8sw4HJ4AaABAg,UCFHEYFlsmd9j3CJVNeyyLqw,"Fetched 05/24/2026, 8:08:10 PM GMT+8"
12634,@bervondaquisio4596,5 days ago,"Greetings po sa lahat ng mga Kapatid, watching po mula sa Lokal ng Binanga.. Lets go Benguet❤❤❤",https://www.youtube.com/watch?v=ROa3kbG5M0U&lc=UgzqUrc02GGkOXVdVDN4AaABAg,UgzqUrc02GGkOXVdVDN4AaABAg,UC1lQcloLlUzpjaeG2pEcTYQ,"Fetched 05/24/2026, 8:08:10 PM GMT+8"
12635,@Jazz-k6s,5 days ago,Shout out to all 😊 /  / Mula sa la Trinidad  / Kapisanang binhi 🌱🐑🍓,https://www.youtube.com/watch?v=ROa3kbG5M0U&lc=UgzA7ppvhH72YKbsK7F4AaABAg,UgzA7ppvhH72YKbsK7F4AaABAg,UCjmyu8zkVg7bQQCs4HypxNQ,"Fetched 05/24/2026, 8:08:10 PM GMT+8"
12636,@Lxzaaaaa,5 days ago,Fight! Fight! Fight! Go Benguet❤ /  / -Atok Gold,https://www.youtube.com/watch?v=ROa3kbG5M0U&lc=UgyvtgnLV5ErujNpxwN4AaABAg,UgyvtgnLV5ErujNpxwN4AaABAg,UC-MTBqslPrXeabiRe4UpQxw,"Fetched 05/24/2026, 8:08:10 PM GMT+8"
12637,@BnHydn_3,5 days ago,"Masayang hapon sa lahat. ♥️ / Nananatiling pong sumusuporta mula po sa lokal ng La Trinidad, Kapisanang BINHI 🐑🌱 /  / Fight Benguet 🍓",https://www.youtube.com/watch?v=ROa3kbG5M0U&lc=Ugwwq1O7-oVoeBF0Dpx4AaABAg,Ugwwq1O7-oVoeBF0Dpx4AaABAg,UCKZxY6b5mH_zsnldMnxGIpQ,"Fetched 05/24/2026, 8:08:10 PM GMT+8"
12638,@LorealLagdao,5 days ago (edited),"Walang sawang panonood! 📺 / Walang sawang pagsupporta! 🤝 / Lahat tayo ma-inspire sa INCMV ""GOD'S LOVE"" 💕  / Let's go BENGUET 👏 /  / Watching from Lokal ng Balatoc ☝️",https://www.youtube.com/watch?v=ROa3kbG5M0U&lc=UgzIshJJqqIHdMuDjEx4AaABAg,UgzIshJJqqIHdMuDjEx4AaABAg,UCBJ-tIjN8X7cn9Pa6oZNvpQ,"Fetched 05/24/2026, 8:08:10 PM GMT+8"
12639,@daisycastaneda7972,5 days ago,"LETS MAKE IT HAPPEN TO THE TOP ,ANG ,BENGUET  ENTRY NATIN MGA KAPATID , LETS FULL  SUPPORT,  WATCH AND COMMENTS PO TAYO ,GO! GO! GO! FIGHT! FIGHT! FIGHT!  / KALIHIMAN/REGISTRY  / BAGUIO  CITY ,BENGUET.",https://www.youtube.com/watch?v=ROa3kbG5M0U&lc=UgyDC7EVbXWt8WrMi-54AaABAg,UgyDC7EVbXWt8WrMi-54AaABAg,UCD3NlGp4eLYcR2RGC7FwnKQ,"Fetched 05/24/2026, 8:08:10 PM GMT+8"
12640,@rejomartayaban,5 days ago,"Kasama parin po kaming mga kadiwa sa La Trinidad sa pagsupport, Gooo Benguuett!!🤍",https://www.youtube.com/watch?v=ROa3kbG5M0U&lc=UgxMNNbGcMdKOZL9bUx4AaABAg,UgxMNNbGcMdKOZL9bUx4AaABAg,UCi7RYRPFL6HTFaScpYFJMJQ,"Fetched 05/24/2026, 8:08:10 PM GMT+8"
12641,@joannevillamor5443,5 days ago,"Happy viewing sa lahat ng mga kapatid from Lokal ng Baguio City, Benguet.",https://www.youtube.com/watch?v=ROa3kbG5M0U&lc=UgzXos89-wmUbNHpV3N4AaABAg,UgzXos89-wmUbNHpV3N4AaABAg,UCUdqvb0fY6NruOlHUfvBFMA,"Fetched 05/24/2026, 8:08:10 PM GMT+8"
12642,@klienmartingonzales9861,5 days ago,Masmasarap mananghalian ng late kasama ang panonood ng INCMV. Greetings from Lokal ng La Trinidad,https://www.youtube.com/watch?v=ROa3kbG5M0U&lc=UgziMQmkK2ZSNdJKg8t4AaABAg,UgziMQmkK2ZSNdJKg8t4AaABAg,UCIJSXffobfJsAIrn8hdp5ig,"Fetched 05/24/2026, 8:08:10 PM GMT+8"
12643,@Lxzaaaaa,5 days ago,"Good afternoon to all po, happy viewing po mula sa Lokal ng Atok Gold🤍",https://www.youtube.com/watch?v=ROa3kbG5M0U&lc=UgyusM7_bRxTvuN1IeR4AaABAg,UgyusM7_bRxTvuN1IeR4AaABAg,UC-MTBqslPrXeabiRe4UpQxw,"Fetched 05/24/2026, 8:08:10 PM GMT+8"
12644,@pawsor-c5r,5 days ago,Magandang tanghali po. Eating lunch while watching po. Go Benguet. Go Guisad.,https://www.youtube.com/watch?v=ROa3kbG5M0U&lc=UgxUDilJdVdchw2DlyV4AaABAg,UgxUDilJdVdchw2DlyV4AaABAg,UC63oHUIkxnjinVIy6M96bMA,"Fetched 05/24/2026, 8:08:10 PM GMT+8"
12645,@rejomartayaban,5 days ago,Viewing po mula dito sa lokal ng La Trinidad,https://www.youtube.com/watch?v=ROa3kbG5M0U&lc=Ugx7SW9Deaerfj_Ks5F4AaABAg,Ugx7SW9Deaerfj_Ks5F4AaABAg,UCi7RYRPFL6HTFaScpYFJMJQ,"Fetched 05/24/2026, 8:08:10 PM GMT+8"
12646,@joannevillamor5443,5 days ago,"Happy viewing sa lahat ng kapatid from Lokal ng Baguio City, Benguet.",https://www.youtube.com/watch?v=ROa3kbG5M0U&lc=Ugxg_fvJ8WZk_3jpwIh4AaABAg,Ugxg_fvJ8WZk_3jpwIh4AaABAg,UCUdqvb0fY6NruOlHUfvBFMA,"Fetched 05/24/2026, 8:08:10 PM GMT+8"
12647,@joannevillamor5443,5 days ago,"Happy viewing sa lahat ng kapatid from Lokal ng Baguio City, Benguet.",https://www.youtube.com/watch?v=ROa3kbG5M0U&lc=Ugx4gebMExB2kvlVOU94AaABAg,Ugx4gebMExB2kvlVOU94AaABAg,UCUdqvb0fY6NruOlHUfvBFMA,"Fetched 05/24/2026, 8:08:10 PM GMT+8"
12648,@joannevillamor5443,5 days ago,"Happy viewing sa lahat ng kapatid from Lokal ng Baguio City, Benguet.",https://www.youtube.com/watch?v=ROa3kbG5M0U&lc=Ugxa-VX98eAK3Kcs_yZ4AaABAg,Ugxa-VX98eAK3Kcs_yZ4AaABAg,UCUdqvb0fY6NruOlHUfvBFMA,"Fetched 05/24/2026, 8:08:10 PM GMT+8"
12649,@johnreylucio8970,5 days ago,Greetings po sa inyong lahat!! tuloy lang po tayo sa Pag suporta ❤ / Mula po sa Kadiwa sa Lokal ng La Trindad ❤,https://www.youtube.com/watch?v=ROa3kbG5M0U&lc=UgwsVXe7OaF2opkCNfF4AaABAg,UgwsVXe7OaF2opkCNfF4AaABAg,UCNMupRD4ySrN336KZpy29OA,"Fetched 05/24/2026, 8:08:10 PM GMT+8"
12650,@joannevillamor5443,5 days ago,"Happy viewing sa lahat ng kapatid from Lokal ng Baguio City, Benguet.",https://www.youtube.com/watch?v=ROa3kbG5M0U&lc=UgxJDIzfXxhsF4X6h854AaABAg,UgxJDIzfXxhsF4X6h854AaABAg,UCUdqvb0fY6NruOlHUfvBFMA,"Fetched 05/24/2026, 8:08:10 PM GMT+8"
12651,@joannevillamor5443,5 days ago,"Happy viewing sa lahat ng kapatid from Lokal ng Baguio City, Benguet.",https://www.youtube.com/watch?v=ROa3kbG5M0U&lc=Ugyap9h_Tvn_JLSOiy54AaABAg,Ugyap9h_Tvn_JLSOiy54AaABAg,UCUdqvb0fY6NruOlHUfvBFMA,"Fetched 05/24/2026, 8:08:10 PM GMT+8"
12652,@andreacachero6941,5 days ago,Go benguet! Mula sa lokal ng marcos highwayf,https://www.youtube.com/watch?v=ROa3kbG5M0U&lc=UgzIshJJqqIHdMuDjEx4AaABAg.AWz11ZWYl5IAWz1iA16U02,UgzIshJJqqIHdMuDjEx4AaABAg.AWz11ZWYl5IAWz1iA16U02,UCwlfQoRpm4UKMVQSSP3Eycw,"Fetched 05/24/2026, 8:08:10 PM GMT+8"
12653,@RhyndylynAlmazan,5 days ago,Muli at patuloy pong pagsuporta mula po sa Lokal ng Norcar❤❤,https://www.youtube.com/watch?v=ROa3kbG5M0U&lc=UgxnNfFfTYKIETm1qNN4AaABAg,UgxnNfFfTYKIETm1qNN4AaABAg,UCMghc-KkDEZPqnTXiV0hZfw,"Fetched 05/24/2026, 8:08:10 PM GMT+8"
12654,@joannevillamor5443,5 days ago,"Happy viewing sa lahat ng kapatid from Lokal ng Baguio City, Benguet.",https://www.youtube.com/watch?v=ROa3kbG5M0U&lc=UgxioI6Q891TeGofJ_h4AaABAg,UgxioI6Q891TeGofJ_h4AaABAg,UCUdqvb0fY6NruOlHUfvBFMA,"Fetched 05/24/2026, 8:08:10 PM GMT+8"
12655,@LynnRoberto-c4r,5 days ago,Happy watching po from lokal ng Gibraltar!,https://www.youtube.com/watch?v=ROa3kbG5M0U&lc=UgyxrN7BWy42TRbgPE94AaABAg,UgyxrN7BWy42TRbgPE94AaABAg,UCQgUMnrursG4ayyyrsVd-zA,"Fetched 05/24/2026, 8:08:10 PM GMT+8"
12656,@joannevillamor5443,5 days ago,"Happy viewing sa lahat ng kapatid from Lokal ng Baguio City, Benguet.",https://www.youtube.com/watch?v=ROa3kbG5M0U&lc=Ugxk2NURr1sWshwLNdh4AaABAg,Ugxk2NURr1sWshwLNdh4AaABAg,UCUdqvb0fY6NruOlHUfvBFMA,"Fetched 05/24/2026, 8:08:10 PM GMT+8"
12657,@jonathancatiggay-j6y,5 days ago,"Watching po from lokal Ng pinsao, go benguet fight fight fight🎉🎉🎉🎉",https://www.youtube.com/watch?v=ROa3kbG5M0U&lc=UgzALwBbl1UT0Ggzwap4AaABAg,UgzALwBbl1UT0Ggzwap4AaABAg,UCNLAwztd3VgOpHznyW7NcMw,"Fetched 05/24/2026, 8:08:10 PM GMT+8"
12658,@nildabendalan8453,5 days ago,Fight ! Fight ! Fight! Benguet ! - La Trinidad Po,https://www.youtube.com/watch?v=ROa3kbG5M0U&lc=UgwXmd25CjJxsXB9p_h4AaABAg,UgwXmd25CjJxsXB9p_h4AaABAg,UCeG0hTY5n50care090AjtmA,"Fetched 05/24/2026, 8:08:10 PM GMT+8"
12659,@joannevillamor5443,5 days ago,"Happy viewing sa lahat ng kapatid from Lokal ng Baguio City, Benguet.",https://www.youtube.com/watch?v=ROa3kbG5M0U&lc=UgytDUd2t0mu3xiNPUt4AaABAg,UgytDUd2t0mu3xiNPUt4AaABAg,UCUdqvb0fY6NruOlHUfvBFMA,"Fetched 05/24/2026, 8:08:10 PM GMT+8"
12660,@daisycastaneda7972,5 days ago,"WOW! AMAZING BENGUET  DISTRICT'S ENTRY IS GETTING TO THE TOP, HABOL TAYO KONTI  NALANG, LETS MAKE IT HAPPEN, GO! GO! ,BENGUET.  / KALIHIMAN ,BAGUIO  CITY.",https://www.youtube.com/watch?v=ROa3kbG5M0U&lc=UgxV6NJ6JECJbQr1K_94AaABAg,UgxV6NJ6JECJbQr1K_94AaABAg,UCD3NlGp4eLYcR2RGC7FwnKQ,"Fetched 05/24/2026, 8:08:10 PM GMT+8"
12661,@klienmartingonzales9861,5 days ago,Masmasarap mananghalian kasama ang panonood ng INCMV. Greetings from Lokal ng La Trinidad,https://www.youtube.com/watch?v=ROa3kbG5M0U&lc=Ugztfd-4prdAEE8Xq594AaABAg,Ugztfd-4prdAEE8Xq594AaABAg,UCIJSXffobfJsAIrn8hdp5ig,"Fetched 05/24/2026, 8:08:10 PM GMT+8"
12662,@nildabendalan8453,5 days ago,ang galing go Benguet! go! - La Tri po,https://www.youtube.com/watch?v=ROa3kbG5M0U&lc=UgzwmFkD7LP4z82VddB4AaABAg,UgzwmFkD7LP4z82VddB4AaABAg,UCeG0hTY5n50care090AjtmA,"Fetched 05/24/2026, 8:08:10 PM GMT+8"
12663,@LorealLagdao,5 days ago,#BENGUET#BALATOC#NO.1#PILIPINAS,https://www.youtube.com/watch?v=ROa3kbG5M0U&lc=UgxUybLoojlbb1D6-014AaABAg,UgxUybLoojlbb1D6-014AaABAg,UCBJ-tIjN8X7cn9Pa6oZNvpQ,"Fetched 05/24/2026, 8:08:10 PM GMT+8"
12664,@henrycaranto2644,5 days ago,Happy Watching Sa Katanghalian  / Ng INCMV / Sabay Sabay tayo sumuporta  / Let's go BENGUET / Let's go KADIWA /  / From Lokal Ng Baguio City,https://www.youtube.com/watch?v=ROa3kbG5M0U&lc=UgxptxGdP7eXllt0C8V4AaABAg,UgxptxGdP7eXllt0C8V4AaABAg,UCFilTOy22FklSkBIgwVPVaQ,"Fetched 05/24/2026, 8:08:10 PM GMT+8"
12665,@LorealLagdao,5 days ago,"Figth Figth Figth BENGUET 👏 /  / Pagbati po mula sa kagawaran ng pananalapi, Lokal ng Balatoc. Maligayang panonood po sa ating lahat. 💛 /  / #BenguetNo.1🗣️",https://www.youtube.com/watch?v=ROa3kbG5M0U&lc=UgxW1OQgPlG0YwHw8mt4AaABAg,UgxW1OQgPlG0YwHw8mt4AaABAg,UCBJ-tIjN8X7cn9Pa6oZNvpQ,"Fetched 05/24/2026, 8:08:10 PM GMT+8"
12666,@CesarioAcebes-p5l,5 days ago,Nice dance number ftom baguio,https://www.youtube.com/watch?v=ROa3kbG5M0U&lc=UgwuDlbcp0bzcR4PjvB4AaABAg,UgwuDlbcp0bzcR4PjvB4AaABAg,UCz2PO1Npi6whCyhHyOOSpwg,"Fetched 05/24/2026, 8:08:10 PM GMT+8"
12667,@klienmartingonzales9861,5 days ago,Masmasarap mananghalian kasama ang panonood ng INCMV. Greetings from Lokal ng La Trinidad,https://www.youtube.com/watch?v=ROa3kbG5M0U&lc=UgzC9RL6ok24JtttOoN4AaABAg,UgzC9RL6ok24JtttOoN4AaABAg,UCIJSXffobfJsAIrn8hdp5ig,"Fetched 05/24/2026, 8:08:10 PM GMT+8"
12668,@rubybrylle91,5 days ago,"Happy viewing from Lokal Ng Bangho, Distrito Ng Benguet!",https://www.youtube.com/watch?v=ROa3kbG5M0U&lc=Ugwo5VOFs-VKMoY-j5F4AaABAg,Ugwo5VOFs-VKMoY-j5F4AaABAg,UC7OngJas4FKHwzI1q_wffGw,"Fetched 05/24/2026, 8:08:10 PM GMT+8"
12669,@shiiii_jeax,5 days ago,"Goooooo Benguet, Fight!!!  / -from lokal ng baguio city",https://www.youtube.com/watch?v=ROa3kbG5M0U&lc=UgzBkrDhnDJlZHQlWIB4AaABAg,UgzBkrDhnDJlZHQlWIB4AaABAg,UC2cuYXq15jN1fZOvvKbzb0g,"Fetched 05/24/2026, 8:08:10 PM GMT+8"
12670,@daisycastaneda7972,5 days ago,",BENGUET  ENTRY FOR THE WIN ,FIGHT! FIGHT! FIGHT!  / FULL SUPPORT  ALL THE WAY FROM BAGUIO  CITY LOCALE, ,ECCLESIASTICAL  DISTRICT OF ,BENGUET.",https://www.youtube.com/watch?v=ROa3kbG5M0U&lc=UgyAR3qi6rTR1nY78Qd4AaABAg,UgyAR3qi6rTR1nY78Qd4AaABAg,UCD3NlGp4eLYcR2RGC7FwnKQ,"Fetched 05/24/2026, 8:08:10 PM GMT+8"
12671,@jhonalvincapulong3700,5 days ago,HILLSIDE SEE YOU ON THE OTHER/BETTER SIDE!😂,https://www.youtube.com/watch?v=ROa3kbG5M0U&lc=UgxDojv7AF_DxC138zh4AaABAg,UgxDojv7AF_DxC138zh4AaABAg,UCUHhlIqTA8U_eWC_d86Hv9Q,"Fetched 05/24/2026, 8:08:10 PM GMT+8"
12672,@JHONLEE-i6s,5 days ago,Happy viewing po from lokal ng atok gold,https://www.youtube.com/watch?v=ROa3kbG5M0U&lc=UgwpxSzDtaVWyLXp-0F4AaABAg,UgwpxSzDtaVWyLXp-0F4AaABAg,UC1Uska7ZxPvVEJaqUiE4s3w,"Fetched 05/24/2026, 8:08:10 PM GMT+8"
12673,@DarwinAdchayco-hn6um,5 days ago,Shoutout and watching from Lokal po ng Kias,https://www.youtube.com/watch?v=ROa3kbG5M0U&lc=UgyAR3qi6rTR1nY78Qd4AaABAg.AWz-olc0q0IAWzCz8PXK1A,UgyAR3qi6rTR1nY78Qd4AaABAg.AWz-olc0q0IAWzCz8PXK1A,UCTIajrnWkfgsETiNU8qkIdA,"Fetched 05/24/2026, 8:08:10 PM GMT+8"
12674,@MarkKevinMariano-m1q,5 days ago,Aliwa ka pu kabagis 😂,https://www.youtube.com/watch?v=ROa3kbG5M0U&lc=UgxDojv7AF_DxC138zh4AaABAg.AWz-oPMBKrhAWz-zANGbp5,UgxDojv7AF_DxC138zh4AaABAg.AWz-oPMBKrhAWz-zANGbp5,UCO1FWwjVqT9YC69Ke7hqO9A,"Fetched 05/24/2026, 8:08:10 PM GMT+8"
12675,@jordanroberto9728,5 days ago,Happy viewing po from lokal ng Gibraltar!🎉🎉🎉,https://www.youtube.com/watch?v=ROa3kbG5M0U&lc=UgzLV4GaHoZKg31VYZB4AaABAg,UgzLV4GaHoZKg31VYZB4AaABAg,UCmnTPB6If91Y4115uhG4h4g,"Fetched 05/24/2026, 8:08:10 PM GMT+8"
12676,@jordanroberto9728,5 days ago,Happy viewing po from lokal ng Gibraltar!🎉🎉🎉,https://www.youtube.com/watch?v=ROa3kbG5M0U&lc=Ugx_1LTz3CqvjA97oP54AaABAg,Ugx_1LTz3CqvjA97oP54AaABAg,UCmnTPB6If91Y4115uhG4h4g,"Fetched 05/24/2026, 8:08:10 PM GMT+8"
12677,@ivymorenomaravilla,5 days ago,watching from Baguio City!,https://www.youtube.com/watch?v=ROa3kbG5M0U&lc=UgySMpJ1EcqjNBdUcRF4AaABAg,UgySMpJ1EcqjNBdUcRF4AaABAg,UC32rXNkKQhO9c-YLliCwYLg,"Fetched 05/24/2026, 8:08:10 PM GMT+8"
12678,@noedulay,5 days ago,Happy viewing Po ❤❤❤,https://www.youtube.com/watch?v=ROa3kbG5M0U&lc=UgyI4HFeCLXKFBHLE2R4AaABAg,UgyI4HFeCLXKFBHLE2R4AaABAg,UCXhwmp6dOr8fjMmxQrm84Jg,"Fetched 05/24/2026, 8:08:10 PM GMT+8"
12679,@RhyndylynAlmazan,5 days ago,Supeeeeeeeeeeeeeeer supportive ng Benguet❤❤❤. /  / Congratulations po....... Pero bagaman nasa kamay na po ang tagumpay mananatili pong kaisa at susuporta ang Lokal ng Norcar kasama po ng Kapisanang Kadiwa ❤❤❤❤,https://www.youtube.com/watch?v=ROa3kbG5M0U&lc=Ugyw8IwSmPsH-UwpetR4AaABAg,Ugyw8IwSmPsH-UwpetR4AaABAg,UCMghc-KkDEZPqnTXiV0hZfw,"Fetched 05/24/2026, 8:08:10 PM GMT+8"
12680,@klienmartingonzales9861,5 days ago,"Shoutout po sa akin, Ka Klien. Warm Greetings from Lokal ng La Trinidad",https://www.youtube.com/watch?v=ROa3kbG5M0U&lc=Ugx-7qkcfkHxAWZjxVN4AaABAg,Ugx-7qkcfkHxAWZjxVN4AaABAg,UCIJSXffobfJsAIrn8hdp5ig,"Fetched 05/24/2026, 8:08:10 PM GMT+8"
12681,@mayukitamura3220,5 days ago,"Let's Make it Happen! with God's Love 😍 / Fight! Fight! Fight! Benguet! /  / Greetings to all Kadiwa officers, Registry/Kalihiman /  / From Lokal ng Marcos Highway",https://www.youtube.com/watch?v=ROa3kbG5M0U&lc=UgxoCqvnW4edtEHZeQB4AaABAg,UgxoCqvnW4edtEHZeQB4AaABAg,UCorWwIWI1IWJ_K3BzI2hjnQ,"Fetched 05/24/2026, 8:08:10 PM GMT+8"
12682,@daisycastaneda7972,5 days ago,"GOD'S LOVE, INCVM AWARDS, GO ! ,BENGUET  ENTRY FOR THE WIN / KALHIMAN, BAGUIO CITY",https://www.youtube.com/watch?v=ROa3kbG5M0U&lc=Ugw_BeFUSizA9sww2Jp4AaABAg,Ugw_BeFUSizA9sww2Jp4AaABAg,UCD3NlGp4eLYcR2RGC7FwnKQ,"Fetched 05/24/2026, 8:08:10 PM GMT+8"
12683,@neiljeffersonfortin7735,5 days ago,happy viewing mga kapatid from lokal ng Balatoc,https://www.youtube.com/watch?v=ROa3kbG5M0U&lc=UgzxrBeXlxB9Ev4AZ8F4AaABAg,UgzxrBeXlxB9Ev4AZ8F4AaABAg,UCzMhyS9XhK6L7iy3bwA1bfw,"Fetched 05/24/2026, 8:08:10 PM GMT+8"
12684,@Adliselb,5 days ago,Mula sa Mga may tungkulin sa pananalapi at mga diakonesa..happy watching po❤❤❤❤❤,https://www.youtube.com/watch?v=ROa3kbG5M0U&lc=Ugw8qD8-UUJ9wA0KcFB4AaABAg,Ugw8qD8-UUJ9wA0KcFB4AaABAg,UCqdcIovy1nUIY294NOXH8LQ,"Fetched 05/24/2026, 8:08:10 PM GMT+8"
12685,@royfritz2614,5 days ago,ney! pangaldaw manen! mangan tayun kakabsat! #GIBRALTAR #BENGUET #BUKLOD #INCMV2026,https://www.youtube.com/watch?v=ROa3kbG5M0U&lc=UgwgAyqqyJq-KfMgjW94AaABAg,UgwgAyqqyJq-KfMgjW94AaABAg,UCKx5s7zLGT6I3I3BYBTIQSg,"Fetched 05/24/2026, 8:08:10 PM GMT+8"
12686,@royfritz2614,5 days ago,ney! pangaldaw manen! mangan tayun kakabsat! #GIBRALTAR #BENGUET #BUKLOD #INCMV2026,https://www.youtube.com/watch?v=ROa3kbG5M0U&lc=UgyWTAHXDKDlk9n6cl14AaABAg,UgyWTAHXDKDlk9n6cl14AaABAg,UCKx5s7zLGT6I3I3BYBTIQSg,"Fetched 05/24/2026, 8:08:10 PM GMT+8"
12687,@royfritz2614,5 days ago,ney! pangaldaw manen! mangan tayun kakabsat! #GIBRALTAR #BENGUET #BUKLOD #INCMV2026,https://www.youtube.com/watch?v=ROa3kbG5M0U&lc=Ugz5l9d3G4wqbS4DJkV4AaABAg,Ugz5l9d3G4wqbS4DJkV4AaABAg,UCKx5s7zLGT6I3I3BYBTIQSg,"Fetched 05/24/2026, 8:08:10 PM GMT+8"
12688,@royfritz2614,5 days ago,ney! pangaldaw manen! mangan tayun kakabsat! #GIBRALTAR #BENGUET #BUKLOD #INCMV2026,https://www.youtube.com/watch?v=ROa3kbG5M0U&lc=UgwJQNTiB12I4wfKYQR4AaABAg,UgwJQNTiB12I4wfKYQR4AaABAg,UCKx5s7zLGT6I3I3BYBTIQSg,"Fetched 05/24/2026, 8:08:10 PM GMT+8"
12689,@royfritz2614,5 days ago,ney! pangaldaw manen! mangan tayun kakabsat! #GIBRALTAR #BENGUET #BUKLOD #INCMV2026,https://www.youtube.com/watch?v=ROa3kbG5M0U&lc=Ugz7SvLAGOUFYKLnfEB4AaABAg,Ugz7SvLAGOUFYKLnfEB4AaABAg,UCKx5s7zLGT6I3I3BYBTIQSg,"Fetched 05/24/2026, 8:08:10 PM GMT+8"
12690,@royfritz2614,5 days ago,ney! pangaldaw manen! mangan tayun kakabsat! #GIBRALTAR #BENGUET #BUKLOD #INCMV2026,https://www.youtube.com/watch?v=ROa3kbG5M0U&lc=UgxLPdNFvyAl4pPvQYh4AaABAg,UgxLPdNFvyAl4pPvQYh4AaABAg,UCKx5s7zLGT6I3I3BYBTIQSg,"Fetched 05/24/2026, 8:08:10 PM GMT+8"
12691,@BnHydn_3,5 days ago,"La Trinidad, Still supporting 🙌 /  / Fight! Fight! Fight Benguet ♥️",https://www.youtube.com/watch?v=ROa3kbG5M0U&lc=UgyeFl0StdlvfQ5BQSh4AaABAg,UgyeFl0StdlvfQ5BQSh4AaABAg,UCKZxY6b5mH_zsnldMnxGIpQ,"Fetched 05/24/2026, 8:08:10 PM GMT+8"
12692,@royfritz2614,5 days ago,ney! pangaldaw manen! mangan tayun kakabsat! #GIBRALTAR #BENGUET #BUKLOD #INCMV2026,https://www.youtube.com/watch?v=ROa3kbG5M0U&lc=UgyolINVJLv18HxfHM54AaABAg,UgyolINVJLv18HxfHM54AaABAg,UCKx5s7zLGT6I3I3BYBTIQSg,"Fetched 05/24/2026, 8:08:10 PM GMT+8"
12693,@CarloLapuz-d9j,5 days ago,Fight fight fight  /  / Penged & Tadiangan ❤❤❤,https://www.youtube.com/watch?v=ROa3kbG5M0U&lc=UgxoBbK1VnoTh2__w-F4AaABAg,UgxoBbK1VnoTh2__w-F4AaABAg,UCV3ywPI2qSbNPfDTvol4gtA,"Fetched 05/24/2026, 8:08:10 PM GMT+8"
12694,@royfritz2614,5 days ago,ney! pangaldaw manen! mangan tayun kakabsat! #GIBRALTAR #BENGUET #BUKLOD #INCMV2026,https://www.youtube.com/watch?v=ROa3kbG5M0U&lc=Ugx4B1RlQsZyDDjI1eh4AaABAg,Ugx4B1RlQsZyDDjI1eh4AaABAg,UCKx5s7zLGT6I3I3BYBTIQSg,"Fetched 05/24/2026, 8:08:10 PM GMT+8"
12695,@royfritz2614,5 days ago,ney! pangaldaw manen! mangan tayun kakabsat! #GIBRALTAR #BENGUET #BUKLOD #INCMV2026,https://www.youtube.com/watch?v=ROa3kbG5M0U&lc=UgwOerz1Le71lPTY1rF4AaABAg,UgwOerz1Le71lPTY1rF4AaABAg,UCKx5s7zLGT6I3I3BYBTIQSg,"Fetched 05/24/2026, 8:08:10 PM GMT+8"
12696,@royfritz2614,5 days ago,ney! pangaldaw manen! mangan tayun kakabsat! #GIBRALTAR #BENGUET #BUKLOD #INCMV2026,https://www.youtube.com/watch?v=ROa3kbG5M0U&lc=UgyHg3br_J6GFr57_3V4AaABAg,UgyHg3br_J6GFr57_3V4AaABAg,UCKx5s7zLGT6I3I3BYBTIQSg,"Fetched 05/24/2026, 8:08:10 PM GMT+8"
12697,@royfritz2614,5 days ago,ney! pangaldaw manen! mangan tayun kakabsat! #GIBRALTAR #BENGUET #BUKLOD #INCMV2026,https://www.youtube.com/watch?v=ROa3kbG5M0U&lc=UgxUaq5KpXPzNaPBQBp4AaABAg,UgxUaq5KpXPzNaPBQBp4AaABAg,UCKx5s7zLGT6I3I3BYBTIQSg,"Fetched 05/24/2026, 8:08:10 PM GMT+8"
12698,@royfritz2614,5 days ago,ney! pangaldaw manen! mangan tayun kakabsat! #GIBRALTAR #BENGUET #BUKLOD #INCMV2026,https://www.youtube.com/watch?v=ROa3kbG5M0U&lc=Ugzazwn1HGJ9c0mfvxx4AaABAg,Ugzazwn1HGJ9c0mfvxx4AaABAg,UCKx5s7zLGT6I3I3BYBTIQSg,"Fetched 05/24/2026, 8:08:10 PM GMT+8"
12699,@RhyndylynAlmazan,5 days ago,Go Benguet❤❤❤❤ Go Benguet❤❤❤ /  / Yeessss naman Benguet❤❤❤❤,https://www.youtube.com/watch?v=ROa3kbG5M0U&lc=UgzsHTR2_wOpRtV90S54AaABAg,UgzsHTR2_wOpRtV90S54AaABAg,UCMghc-KkDEZPqnTXiV0hZfw,"Fetched 05/24/2026, 8:08:10 PM GMT+8"
12700,@klienmartingonzales9861,5 days ago,"Goodafternoon everyone, watching from Lokal ng La Trinidad",https://www.youtube.com/watch?v=ROa3kbG5M0U&lc=UgyiCGGEyv6H52rOBh94AaABAg,UgyiCGGEyv6H52rOBh94AaABAg,UCIJSXffobfJsAIrn8hdp5ig,"Fetched 05/24/2026, 8:08:10 PM GMT+8"
12701,@noedulay,5 days ago,Happy lunch po,https://www.youtube.com/watch?v=ROa3kbG5M0U&lc=UgxfXG34VSL9AbIgzkV4AaABAg,UgxfXG34VSL9AbIgzkV4AaABAg,UCXhwmp6dOr8fjMmxQrm84Jg,"Fetched 05/24/2026, 8:08:10 PM GMT+8"
12702,@daisycastaneda7972,5 days ago (edited),"HAPPY WATCHING PO SA AMING MAGITING  NA KSKP KAPATID NA JOHN FELIX DUNGAN ,KASAMA NG KANYANG BUONG  SAMBAHAYAN,  / GREETINGS PO MULA  SA KALIHIMAN ,LOKAL NG BAGUIO  CITY, BENGUET.",https://www.youtube.com/watch?v=ROa3kbG5M0U&lc=UgzDQvfzRW7UHK0Wtzl4AaABAg,UgzDQvfzRW7UHK0Wtzl4AaABAg,UCD3NlGp4eLYcR2RGC7FwnKQ,"Fetched 05/24/2026, 8:08:10 PM GMT+8"
12703,@AquinCache,5 days ago,Happy viewing po from Mirador hills ❤,https://www.youtube.com/watch?v=ROa3kbG5M0U&lc=UgwNRUzHcL34d_N8YP54AaABAg,UgwNRUzHcL34d_N8YP54AaABAg,UCyxlSWWkVCtqGfPuJcykIuA,"Fetched 05/24/2026, 8:08:10 PM GMT+8"
12704,@valdezjoyantonettep.434,5 days ago,Go Benguet! Pagbati po mula sa lokal ng la Trinidad,https://www.youtube.com/watch?v=ROa3kbG5M0U&lc=UgycJv8IA2USODnDjAN4AaABAg,UgycJv8IA2USODnDjAN4AaABAg,UCDDz7pvk3dfpxLt4H1zUmIA,"Fetched 05/24/2026, 8:08:10 PM GMT+8"
12705,@valdezjoyantonettep.434,5 days ago,Go Benguet! Pagbati po mula sa lokal ng la Trinidad,https://www.youtube.com/watch?v=ROa3kbG5M0U&lc=UgyLgWqo9TH9T9fcXcl4AaABAg,UgyLgWqo9TH9T9fcXcl4AaABAg,UCDDz7pvk3dfpxLt4H1zUmIA,"Fetched 05/24/2026, 8:08:10 PM GMT+8"
12706,@LeonidesSido,5 days ago,"Happy viewing po sa lahat, pagbati po mula sa Lokal ng Hillside Distrito ng Benguet. Binabati ko po ang aming destinado kapatid na Jhon Alvin Capulong at ang amin pong mahal na Tagapangasiwa kapatid na Ardy Mendoza",https://www.youtube.com/watch?v=ROa3kbG5M0U&lc=UgzKpQ-EbU7v2_MuRbd4AaABAg,UgzKpQ-EbU7v2_MuRbd4AaABAg,UCboTr9D0eo38S7pgk-D1D4Q,"Fetched 05/24/2026, 8:08:10 PM GMT+8"
12707,@LeonidesSido,5 days ago,"Happy viewing po sa lahat, pagbati po mula sa Lokal ng Hillside Distrito ng Benguet.",https://www.youtube.com/watch?v=ROa3kbG5M0U&lc=UgwZbEyom0Ah4YuroRB4AaABAg,UgwZbEyom0Ah4YuroRB4AaABAg,UCboTr9D0eo38S7pgk-D1D4Q,"Fetched 05/24/2026, 8:08:10 PM GMT+8"
12708,@Adliselb,5 days ago,Happy lunch po....Baguio city,https://www.youtube.com/watch?v=ROa3kbG5M0U&lc=UgyzgCawvOsq3-pf7Kd4AaABAg,UgyzgCawvOsq3-pf7Kd4AaABAg,UCqdcIovy1nUIY294NOXH8LQ,"Fetched 05/24/2026, 8:08:10 PM GMT+8"
12709,@RhyndylynAlmazan,5 days ago,Laban lang Benguet❤❤❤❤,https://www.youtube.com/watch?v=ROa3kbG5M0U&lc=Ugx4KMAAkGNHlpOd-tJ4AaABAg,Ugx4KMAAkGNHlpOd-tJ4AaABAg,UCMghc-KkDEZPqnTXiV0hZfw,"Fetched 05/24/2026, 8:08:10 PM GMT+8"
12710,@LeonidesSido,5 days ago,"Happy viewing po sa lahat, pagbati po mula sa Lokal ng Hillside Distrito ng Benguet.",https://www.youtube.com/watch?v=ROa3kbG5M0U&lc=UgzEKL7QLpPuqwdmvTR4AaABAg,UgzEKL7QLpPuqwdmvTR4AaABAg,UCboTr9D0eo38S7pgk-D1D4Q,"Fetched 05/24/2026, 8:08:10 PM GMT+8"
12711,@RhyndylynAlmazan,5 days ago,Congratulations Bengueeeeeeeeet ❤❤❤❤❤❤ /  / At the top na 🏆🏆 /  / Patuloy po ang pagsuportaaaaaa!!!! /  / Mula po sa Lokal ng Norcar❤❤❤❤ at Kapisanang Kadiwa,https://www.youtube.com/watch?v=ROa3kbG5M0U&lc=UgyGzdvTxGU7GnRpCPx4AaABAg,UgyGzdvTxGU7GnRpCPx4AaABAg,UCMghc-KkDEZPqnTXiV0hZfw,"Fetched 05/24/2026, 8:08:10 PM GMT+8"
12712,@LeonidesSido,5 days ago,"Happy viewing po sa lahat, pagbati po mula sa Lokal ng Hillside Distrito ng Benguet. Binabati ko po ang aming destinado kapatid na Jhon Alvin Capulong at ang amin pong mahal na Tagapangasiwa kapatid na Ardy Mendoza",https://www.youtube.com/watch?v=ROa3kbG5M0U&lc=UgzddSHuqeSC-WmZ0MJ4AaABAg,UgzddSHuqeSC-WmZ0MJ4AaABAg,UCboTr9D0eo38S7pgk-D1D4Q,"Fetched 05/24/2026, 8:08:10 PM GMT+8"
12713,@jjncdgzmn,5 days ago,Go benguetttt!!!!! ❤️ Happy viewing po from lokal ng Aurora Hill ❤️❤️,https://www.youtube.com/watch?v=ROa3kbG5M0U&lc=UgwQSkARMC1gCtQpwj54AaABAg,UgwQSkARMC1gCtQpwj54AaABAg,UCk_QgSs588mpDLXUa3Qq9yg,"Fetched 05/24/2026, 8:08:10 PM GMT+8"
12714,@daisycastaneda7972,5 days ago,"HAPPY LUNCH  TIME ,FULL  SUPPORT  WATCHING  BENGUET  ENTRY,  / KALIHIMAN/REGISTRY / BAGUIO  CITY.",https://www.youtube.com/watch?v=ROa3kbG5M0U&lc=UgwHZzdFOUQUOI-WNyZ4AaABAg,UgwHZzdFOUQUOI-WNyZ4AaABAg,UCD3NlGp4eLYcR2RGC7FwnKQ,"Fetched 05/24/2026, 8:08:10 PM GMT+8"
12715,@levimabutas6628,5 days ago,Masarap na pananghalian po mga kapatid.....baguio city go go go,https://www.youtube.com/watch?v=ROa3kbG5M0U&lc=Ugwy_BGrSoi39IsuxWx4AaABAg,Ugwy_BGrSoi39IsuxWx4AaABAg,UC5QGmbYttC7jRxZsWK-3kew,"Fetched 05/24/2026, 8:08:10 PM GMT+8"
12716,@CesarioAcebes-p5l,5 days ago,Happy eating po mga kapatid mula sa baguio city,https://www.youtube.com/watch?v=ROa3kbG5M0U&lc=UgwN4BgeT-fzp22BLAd4AaABAg,UgwN4BgeT-fzp22BLAd4AaABAg,UCz2PO1Npi6whCyhHyOOSpwg,"Fetched 05/24/2026, 8:08:10 PM GMT+8"
12717,@ShaveeManaod,5 days ago,"pagbati po mula sa lokal nang norcar, distrito ng benguet",https://www.youtube.com/watch?v=ROa3kbG5M0U&lc=UgyFsP1IxrjNrXQYpLB4AaABAg,UgyFsP1IxrjNrXQYpLB4AaABAg,UCqO67Uw2mOPFftGCSUZzgtg,"Fetched 05/24/2026, 8:08:10 PM GMT+8"
12718,@noedulay,5 days ago,Good afternoon Po sa inyong lahat,https://www.youtube.com/watch?v=ROa3kbG5M0U&lc=Ugyry1_N87ZM7QSBZFR4AaABAg,Ugyry1_N87ZM7QSBZFR4AaABAg,UCXhwmp6dOr8fjMmxQrm84Jg,"Fetched 05/24/2026, 8:08:10 PM GMT+8"
12719,@sabelliu9044,5 days ago,"Happy viewing po Mula po sa Lokal ng Norcar / Distrito ng Benguet / #Fight,Fight,Fight",https://www.youtube.com/watch?v=ROa3kbG5M0U&lc=UgyUKr7kLEJHI8NV-KJ4AaABAg,UgyUKr7kLEJHI8NV-KJ4AaABAg,UC2EgM6UT1nn8Qg4eSXFJmMw,"Fetched 05/24/2026, 8:08:10 PM GMT+8"
12720,@MarkKevinMariano-m1q,5 days ago,#FightBenguet❤,https://www.youtube.com/watch?v=ROa3kbG5M0U&lc=UgzayeqWXcCR-4Y74VB4AaABAg,UgzayeqWXcCR-4Y74VB4AaABAg,UCO1FWwjVqT9YC69Ke7hqO9A,"Fetched 05/24/2026, 8:08:10 PM GMT+8"
12721,@ShaveeManaod,5 days ago,"pagbati po mula sa lokal nang norcar, distrito ng benguet",https://www.youtube.com/watch?v=ROa3kbG5M0U&lc=UgwV0cP45Z2buNuqTLF4AaABAg,UgwV0cP45Z2buNuqTLF4AaABAg,UCqO67Uw2mOPFftGCSUZzgtg,"Fetched 05/24/2026, 8:08:10 PM GMT+8"
12722,@ShaveeManaod,5 days ago,"happy viewing po mula sa kapisanan ng binhi, lokal nang norcar",https://www.youtube.com/watch?v=ROa3kbG5M0U&lc=UgwaTCHDZgNKgk2FbCN4AaABAg,UgwaTCHDZgNKgk2FbCN4AaABAg,UCqO67Uw2mOPFftGCSUZzgtg,"Fetched 05/24/2026, 8:08:10 PM GMT+8"
12723,@ShaveeManaod,5 days ago,"happy viewing po mula sa kapisanan ng binhi, lokal nang norcar",https://www.youtube.com/watch?v=ROa3kbG5M0U&lc=UgyjvbDHRmv_8kyReJN4AaABAg,UgyjvbDHRmv_8kyReJN4AaABAg,UCqO67Uw2mOPFftGCSUZzgtg,"Fetched 05/24/2026, 8:08:10 PM GMT+8"
12724,@GreySantino,5 days ago,go Benguet mula po sa lokal ng baguio city 🎉🎉,https://www.youtube.com/watch?v=ROa3kbG5M0U&lc=UgxIPOQ5vsuvvabvnX94AaABAg,UgxIPOQ5vsuvvabvnX94AaABAg,UCgmH8Vmu8sdTmagiLke9JGA,"Fetched 05/24/2026, 8:08:10 PM GMT+8"
12725,@ShaveeManaod,5 days ago,"pagbati po mula sa kapisanan ng binhi, lokal nang norcar",https://www.youtube.com/watch?v=ROa3kbG5M0U&lc=Ugx9vbl3DTO67PBQDpd4AaABAg,Ugx9vbl3DTO67PBQDpd4AaABAg,UCqO67Uw2mOPFftGCSUZzgtg,"Fetched 05/24/2026, 8:08:10 PM GMT+8"
12726,@METHOSELAHBARRATO-d4q,5 days ago,Happy viewing po mga kapatid! Pagbati po mula sa Lokal ng Baguio City~ Binabati ko po si Ka Elaiza Venice Antonio na nagdiriwang ng kaniyang kaarawan. 🍓🫶🏻🤍,https://www.youtube.com/watch?v=ROa3kbG5M0U&lc=UgwBgsjWx8fHNAsGJxF4AaABAg,UgwBgsjWx8fHNAsGJxF4AaABAg,UCqpTUdNlEaKFpJnaIsx_Hrg,"Fetched 05/24/2026, 8:08:10 PM GMT+8"
12727,@daisycastaneda7972,5 days ago,"FULL  SUPPORT ALL THE WAY FROM BAGUIO  CITY LOCALE, ECCLESIASTICAL  DISTRICT OF BENGUET.",https://www.youtube.com/watch?v=ROa3kbG5M0U&lc=Ugx9bcF5oU0pVEbDiMt4AaABAg,Ugx9bcF5oU0pVEbDiMt4AaABAg,UCD3NlGp4eLYcR2RGC7FwnKQ,"Fetched 05/24/2026, 8:08:10 PM GMT+8"
12728,@emieroseorbeso430,5 days ago,Good afternoons po ❤mula sa local ng camp8❤️,https://www.youtube.com/watch?v=ROa3kbG5M0U&lc=UgweXP8bQaQvAkOTHml4AaABAg,UgweXP8bQaQvAkOTHml4AaABAg,UC1ii6cLimsvzioWl1i6B84g,"Fetched 05/24/2026, 8:08:10 PM GMT+8"
12729,@CasseySGonzales,5 days ago,🥳 Happy 🌤️ afternoon 👋 to 🎊 all 💞 my 🫶 fellow 🤍 brethren ✨ who 📺 are 👁️ watching ⏰ right ⚡ now 📍 from 📌 the 🏘️ Local ⛪ Congregation 📍 of 🌲 La Trinidad 🗺️ District 📍 of ⛰️ Benguet Kapisanang Binhi🌱,https://www.youtube.com/watch?v=ROa3kbG5M0U&lc=UgxOUC_CKKxQolk9EkF4AaABAg,UgxOUC_CKKxQolk9EkF4AaABAg,UCZ_1zJtZfWs6L_NdfNJCvtQ,"Fetched 05/24/2026, 8:08:10 PM GMT+8"
12730,@JhadeVecino,5 days ago,Gudnoon mga Kapatid Mula sa LOKAL NG ATOK GOLD,https://www.youtube.com/watch?v=ROa3kbG5M0U&lc=Ugy3akBAYRTQjHJ0tQJ4AaABAg,Ugy3akBAYRTQjHJ0tQJ4AaABAg,UC6G7aKYeoTFEdZdzsafEppQ,"Fetched 05/24/2026, 8:08:10 PM GMT+8"
12731,@JhadeVecino,5 days ago,Pagbati po Mula sa LOKAL NG ATOK GOLD,https://www.youtube.com/watch?v=ROa3kbG5M0U&lc=UgzDEUt_fSC1rvF7jy94AaABAg,UgzDEUt_fSC1rvF7jy94AaABAg,UC6G7aKYeoTFEdZdzsafEppQ,"Fetched 05/24/2026, 8:08:10 PM GMT+8"
12732,@JhadeVecino,5 days ago,Happy viewing Po Mula sa LOKAL NG ATOK GOLD BENGUET,https://www.youtube.com/watch?v=ROa3kbG5M0U&lc=UgydwAoaHr-1cjWig4N4AaABAg,UgydwAoaHr-1cjWig4N4AaABAg,UC6G7aKYeoTFEdZdzsafEppQ,"Fetched 05/24/2026, 8:08:10 PM GMT+8"
12733,@JhadeVecino,5 days ago,Go BENGUET Mula sa LOKAL NG ATOK GOLD BENGUET,https://www.youtube.com/watch?v=ROa3kbG5M0U&lc=Ugypf3TJI-VXvrjBacV4AaABAg,Ugypf3TJI-VXvrjBacV4AaABAg,UC6G7aKYeoTFEdZdzsafEppQ,"Fetched 05/24/2026, 8:08:10 PM GMT+8"
12734,@JhadeVecino,5 days ago,Big support from lOKAL ATOK GOLD BENGUET,https://www.youtube.com/watch?v=ROa3kbG5M0U&lc=UgxetZmRxIPV-4bY-W54AaABAg,UgxetZmRxIPV-4bY-W54AaABAg,UC6G7aKYeoTFEdZdzsafEppQ,"Fetched 05/24/2026, 8:08:10 PM GMT+8"
12735,@JhadeVecino,5 days ago,Enjoy watching from LOKAL NG ATOK GOLD BENGUET,https://www.youtube.com/watch?v=ROa3kbG5M0U&lc=UgznVq6nqEdxBsJUUzl4AaABAg,UgznVq6nqEdxBsJUUzl4AaABAg,UC6G7aKYeoTFEdZdzsafEppQ,"Fetched 05/24/2026, 8:08:10 PM GMT+8"
12736,@JhadeVecino,5 days ago,Pagbati po Mula sa LOKAL NG ATOK GOLD,https://www.youtube.com/watch?v=ROa3kbG5M0U&lc=UgxEr5ck231IlaVUKyt4AaABAg,UgxEr5ck231IlaVUKyt4AaABAg,UC6G7aKYeoTFEdZdzsafEppQ,"Fetched 05/24/2026, 8:08:10 PM GMT+8"
12737,@JhadeVecino,5 days ago,Happy viewing Po Mula sa LOKAL NG ATOK GOLD,https://www.youtube.com/watch?v=ROa3kbG5M0U&lc=UgzJlxOUHl1ISKuYxdV4AaABAg,UgzJlxOUHl1ISKuYxdV4AaABAg,UC6G7aKYeoTFEdZdzsafEppQ,"Fetched 05/24/2026, 8:08:10 PM GMT+8"
12738,@JhadeVecino,5 days ago,Go BENGUET Mula sa LOKAL NG ATOK GOLD,https://www.youtube.com/watch?v=ROa3kbG5M0U&lc=Ugy2z_mSeQIlXzvizlx4AaABAg,Ugy2z_mSeQIlXzvizlx4AaABAg,UC6G7aKYeoTFEdZdzsafEppQ,"Fetched 05/24/2026, 8:08:10 PM GMT+8"
12739,@JhadeVecino,5 days ago,Big support from lOKAL ATOK GOLD BENGUET,https://www.youtube.com/watch?v=ROa3kbG5M0U&lc=Ugza_wpP5X7A5i6ZGjp4AaABAg,Ugza_wpP5X7A5i6ZGjp4AaABAg,UC6G7aKYeoTFEdZdzsafEppQ,"Fetched 05/24/2026, 8:08:10 PM GMT+8"
12740,@JhadeVecino,5 days ago,Happy viewing Po Mula sa LOKAL NG ATOK GOLD BENGUET,https://www.youtube.com/watch?v=ROa3kbG5M0U&lc=UgwWnpz1DeIA9zEl2aF4AaABAg,UgwWnpz1DeIA9zEl2aF4AaABAg,UC6G7aKYeoTFEdZdzsafEppQ,"Fetched 05/24/2026, 8:08:10 PM GMT+8"
12741,@JhadeVecino,5 days ago,Greetings from lOKAL ATOK GOLD BENGUET,https://www.youtube.com/watch?v=ROa3kbG5M0U&lc=UgwlnczFaeodC4aK-W94AaABAg,UgwlnczFaeodC4aK-W94AaABAg,UC6G7aKYeoTFEdZdzsafEppQ,"Fetched 05/24/2026, 8:08:10 PM GMT+8"
12742,@AshleyTalledo-c7m,5 days ago,"Go go go Benguet! From lokal ng Megaroyale Village, Benguet ❤",https://www.youtube.com/watch?v=ROa3kbG5M0U&lc=Ugy9ZcxHFvjWaTyhDl54AaABAg,Ugy9ZcxHFvjWaTyhDl54AaABAg,UCKWlhN77QEWMZAGJGD9pWIQ,"Fetched 05/24/2026, 8:08:10 PM GMT+8"
12743,@nemesiojrliwan6046,5 days ago,Binabati po namin ang magiting naming KSKP ng Distrito ang ka John Felix Dungan,https://www.youtube.com/watch?v=ROa3kbG5M0U&lc=Ugz16pL7UmQvzSkXdUZ4AaABAg,Ugz16pL7UmQvzSkXdUZ4AaABAg,UCjezikK6Ee76ivDT-zsBZPA,"Fetched 05/24/2026, 8:08:10 PM GMT+8"
12744,@JhadeVecino,5 days ago,Enjoy watching from LOKAL NG ATOK GOLD BENGUET,https://www.youtube.com/watch?v=ROa3kbG5M0U&lc=UgxTvVVLpckOE7lXbh54AaABAg,UgxTvVVLpckOE7lXbh54AaABAg,UC6G7aKYeoTFEdZdzsafEppQ,"Fetched 05/24/2026, 8:08:10 PM GMT+8"
12745,@CasseySGonzales,5 days ago,"Very Inspiring po 👏👏👏 / Just by listening to this song, buong buo na po ang araw ko🌄 / Greetings po from lokal ng La Trinidad, Benguet❤",https://www.youtube.com/watch?v=ROa3kbG5M0U&lc=Ugx2TY_CDnUKGe6_BK14AaABAg,Ugx2TY_CDnUKGe6_BK14AaABAg,UCZ_1zJtZfWs6L_NdfNJCvtQ,"Fetched 05/24/2026, 8:08:10 PM GMT+8"
12746,@lanlani.eaaaahn,5 days ago,"happy lunch po, mga kapatid!!! patuloy po tayong manood at sumuporta!!",https://www.youtube.com/watch?v=ROa3kbG5M0U&lc=UgycdL-rHqjYpKQu1N14AaABAg,UgycdL-rHqjYpKQu1N14AaABAg,UCxRF5ldmYBJWNlgtayRoTHg,"Fetched 05/24/2026, 8:08:10 PM GMT+8"
12747,@bobbytorno.b,5 days ago,Happy Viewing po  / Lokal Ng Marcos Highway  / Distrito ng Benguet,https://www.youtube.com/watch?v=ROa3kbG5M0U&lc=Ugyhg3uHiI1oUAtyPrh4AaABAg,Ugyhg3uHiI1oUAtyPrh4AaABAg,UC3yj9xC-cTTVYrzgT9_7qaA,"Fetched 05/24/2026, 8:08:10 PM GMT+8"
12748,@JhadeVecino,5 days ago,Enjoy watching from LOKAL NG ATOK GOLD,https://www.youtube.com/watch?v=ROa3kbG5M0U&lc=UgzdyHJpaTuDsMlZied4AaABAg,UgzdyHJpaTuDsMlZied4AaABAg,UC6G7aKYeoTFEdZdzsafEppQ,"Fetched 05/24/2026, 8:08:10 PM GMT+8"
12749,@cristymorales6399,5 days ago,go go Benguet mula sa registry at kalihiman lokal ng Gibraltar,https://www.youtube.com/watch?v=ROa3kbG5M0U&lc=Ugxic3cLS22G7Uolm9B4AaABAg,Ugxic3cLS22G7Uolm9B4AaABAg,UCy4vhZGOT49XaOmm4ruS6OQ,"Fetched 05/24/2026, 8:08:10 PM GMT+8"
12750,@JhadeVecino,5 days ago,Go BENGUET Mula sa LOKAL NG ATOK GOLD,https://www.youtube.com/watch?v=ROa3kbG5M0U&lc=Ugxw6R2ze-1tHg6IcQx4AaABAg,Ugxw6R2ze-1tHg6IcQx4AaABAg,UC6G7aKYeoTFEdZdzsafEppQ,"Fetched 05/24/2026, 8:08:10 PM GMT+8"
12751,@JhadeVecino,5 days ago,Bigger support from lOKAL ATOK GOLD BENGUET,https://www.youtube.com/watch?v=ROa3kbG5M0U&lc=Ugx6jwUCKr8knAOPDnh4AaABAg,Ugx6jwUCKr8knAOPDnh4AaABAg,UC6G7aKYeoTFEdZdzsafEppQ,"Fetched 05/24/2026, 8:08:10 PM GMT+8"
12752,@JhadeVecino,5 days ago,Pagbati po Mula sa LOKAL NG ATOK GOLD,https://www.youtube.com/watch?v=ROa3kbG5M0U&lc=UgyLD9ogRDQUh8fW2J54AaABAg,UgyLD9ogRDQUh8fW2J54AaABAg,UC6G7aKYeoTFEdZdzsafEppQ,"Fetched 05/24/2026, 8:08:10 PM GMT+8"
12753,@JhadeVecino,5 days ago,Greetings from lOKAL ATOK GOLD BENGUET,https://www.youtube.com/watch?v=ROa3kbG5M0U&lc=Ugx5xmQqfSVuNigbHsd4AaABAg,Ugx5xmQqfSVuNigbHsd4AaABAg,UC6G7aKYeoTFEdZdzsafEppQ,"Fetched 05/24/2026, 8:08:10 PM GMT+8"
12754,@JhadeVecino,5 days ago,Happy viewing Po Mula sa LOKAL NG ATOK GOLD,https://www.youtube.com/watch?v=ROa3kbG5M0U&lc=UgwW8ed4Rew9PwQ20cp4AaABAg,UgwW8ed4Rew9PwQ20cp4AaABAg,UC6G7aKYeoTFEdZdzsafEppQ,"Fetched 05/24/2026, 8:08:10 PM GMT+8"
12755,@klienmartingonzales9861,5 days ago,Masmasarap mananghalian kasama ang panonood ng INCMV. Greetings from Lokal ng La Trinidad,https://www.youtube.com/watch?v=ROa3kbG5M0U&lc=Ugzlz9u28CZ3y-r4w3J4AaABAg,Ugzlz9u28CZ3y-r4w3J4AaABAg,UCIJSXffobfJsAIrn8hdp5ig,"Fetched 05/24/2026, 8:08:10 PM GMT+8"
12756,@nemesiojrliwan6046,5 days ago,Greetings from Crystal Cave Ext.,https://www.youtube.com/watch?v=ROa3kbG5M0U&lc=Ugw0qaPOtdtYSQnzCx54AaABAg,Ugw0qaPOtdtYSQnzCx54AaABAg,UCjezikK6Ee76ivDT-zsBZPA,"Fetched 05/24/2026, 8:08:10 PM GMT+8"
12757,@JhadeVecino,5 days ago,Top 1 spot on BENGUET Mula sa LOKAL NG ATOK GOLD,https://www.youtube.com/watch?v=ROa3kbG5M0U&lc=UgyPKoGrNINiYJQef914AaABAg,UgyPKoGrNINiYJQef914AaABAg,UC6G7aKYeoTFEdZdzsafEppQ,"Fetched 05/24/2026, 8:08:10 PM GMT+8"
12758,@JhadeVecino,5 days ago,Pagbati po Mula sa LOKAL NG ATOK GOLD,https://www.youtube.com/watch?v=ROa3kbG5M0U&lc=UgyygdIPV5wSkyS8a4d4AaABAg,UgyygdIPV5wSkyS8a4d4AaABAg,UC6G7aKYeoTFEdZdzsafEppQ,"Fetched 05/24/2026, 8:08:10 PM GMT+8"
12759,@CasseySGonzales,5 days ago,Happy Viewing po mga kapatid from lokal ng La Trinidad🍃⛰️🍓,https://www.youtube.com/watch?v=ROa3kbG5M0U&lc=Ugxu44XBKHlmkf9bnjh4AaABAg,Ugxu44XBKHlmkf9bnjh4AaABAg,UCZ_1zJtZfWs6L_NdfNJCvtQ,"Fetched 05/24/2026, 8:08:10 PM GMT+8"
12760,@JhadeVecino,5 days ago,Go BENGUET from lOKAL ATOK GOLD BENGUET,https://www.youtube.com/watch?v=ROa3kbG5M0U&lc=UgxQ8auvsbCaKUkCVft4AaABAg,UgxQ8auvsbCaKUkCVft4AaABAg,UC6G7aKYeoTFEdZdzsafEppQ,"Fetched 05/24/2026, 8:08:10 PM GMT+8"
12761,@cristymorales6399,5 days ago,Maligayang tangjalian at panonood mula sa Registry at Kalihiman lokal ng Gibraltar,https://www.youtube.com/watch?v=ROa3kbG5M0U&lc=UgyEjmuGEFXpE-2-_np4AaABAg,UgyEjmuGEFXpE-2-_np4AaABAg,UCy4vhZGOT49XaOmm4ruS6OQ,"Fetched 05/24/2026, 8:08:10 PM GMT+8"
12762,@JhadeVecino,5 days ago,Big support from lOKAL ATOK GOLD BENGUET,https://www.youtube.com/watch?v=ROa3kbG5M0U&lc=UgzSLbNE6OU-yMeu42R4AaABAg,UgzSLbNE6OU-yMeu42R4AaABAg,UC6G7aKYeoTFEdZdzsafEppQ,"Fetched 05/24/2026, 8:08:10 PM GMT+8"
12763,@JhadeVecino,5 days ago,Enjoy watching from LOKAL NG ATOK GOLD,https://www.youtube.com/watch?v=ROa3kbG5M0U&lc=UgzrpOACjHGntew2qul4AaABAg,UgzrpOACjHGntew2qul4AaABAg,UC6G7aKYeoTFEdZdzsafEppQ,"Fetched 05/24/2026, 8:08:10 PM GMT+8"
12764,@JhadeVecino,5 days ago,Happy viewing Po Mula sa LOKAL NG ATOK GOLD,https://www.youtube.com/watch?v=ROa3kbG5M0U&lc=UgyAE3LEahzUJ2rIrHh4AaABAg,UgyAE3LEahzUJ2rIrHh4AaABAg,UC6G7aKYeoTFEdZdzsafEppQ,"Fetched 05/24/2026, 8:08:10 PM GMT+8"
12765,@LorealLagdao,5 days ago,"God's Love MV 💛 Maligayang panonood po kasama ng mga PKP students, Lokal ng Balatoc 👏 Kaisa po kami sa pagsupporta sa aming Distrito. /  / NO. 1 BENGUET 🗣️",https://www.youtube.com/watch?v=ROa3kbG5M0U&lc=UgwrvfYAXFmfEH2SDg54AaABAg,UgwrvfYAXFmfEH2SDg54AaABAg,UCBJ-tIjN8X7cn9Pa6oZNvpQ,"Fetched 05/24/2026, 8:08:10 PM GMT+8"
12766,@jonalynduran2283,5 days ago,Happy Watching po! From Lokal ng Irisan ❤,https://www.youtube.com/watch?v=ROa3kbG5M0U&lc=Ugy4Ge9pxcUKllYK4VZ4AaABAg,Ugy4Ge9pxcUKllYK4VZ4AaABAg,UC2EDkwSssjZXm6ibnmdYPjw,"Fetched 05/24/2026, 8:08:10 PM GMT+8"
12767,@JhadeVecino,5 days ago,Pagbati po Mula sa LOKAL NG ATOK GOLD,https://www.youtube.com/watch?v=ROa3kbG5M0U&lc=Ugxdy8j_WhNjNTfSpRd4AaABAg,Ugxdy8j_WhNjNTfSpRd4AaABAg,UC6G7aKYeoTFEdZdzsafEppQ,"Fetched 05/24/2026, 8:08:10 PM GMT+8"
12768,@JhadeVecino,5 days ago,Enjoy watching from LOKAL NG ATOK GOLD,https://www.youtube.com/watch?v=ROa3kbG5M0U&lc=UgyMFqMM7WbquXxNtqB4AaABAg,UgyMFqMM7WbquXxNtqB4AaABAg,UC6G7aKYeoTFEdZdzsafEppQ,"Fetched 05/24/2026, 8:08:10 PM GMT+8"
12769,@JhadeVecino,5 days ago,Greetings from lOKAL ATOK GOLD BENGUET,https://www.youtube.com/watch?v=ROa3kbG5M0U&lc=UgxFxpXzFNe2D1rXXcN4AaABAg,UgxFxpXzFNe2D1rXXcN4AaABAg,UC6G7aKYeoTFEdZdzsafEppQ,"Fetched 05/24/2026, 8:08:10 PM GMT+8"
12770,@JhadeVecino,5 days ago,Gud afternoon viewing from LOKAL NG ATOK GOLD BENGUET,https://www.youtube.com/watch?v=ROa3kbG5M0U&lc=Ugy8h5DN00E8Ihw5PCN4AaABAg,Ugy8h5DN00E8Ihw5PCN4AaABAg,UC6G7aKYeoTFEdZdzsafEppQ,"Fetched 05/24/2026, 8:08:10 PM GMT+8"
12771,@johnreylucio8970,5 days ago,Top 1 Benguet / Kaisa po kami sa Lokal ng La Trinidad,https://www.youtube.com/watch?v=ROa3kbG5M0U&lc=UgyBS6iFDHFsT5Pwe2t4AaABAg,UgyBS6iFDHFsT5Pwe2t4AaABAg,UCNMupRD4ySrN336KZpy29OA,"Fetched 05/24/2026, 8:08:10 PM GMT+8"
12772,@JhadeVecino,5 days ago,Greetings from lOKAL ATOK GOLD BENGUET,https://www.youtube.com/watch?v=ROa3kbG5M0U&lc=UgwQMzyfhAgP0w_Hy0d4AaABAg,UgwQMzyfhAgP0w_Hy0d4AaABAg,UC6G7aKYeoTFEdZdzsafEppQ,"Fetched 05/24/2026, 8:08:10 PM GMT+8"
12773,@JhadeVecino,5 days ago,Pagbati po Mula sa LOKAL NG ATOK GOLD,https://www.youtube.com/watch?v=ROa3kbG5M0U&lc=UgwVYd3NayvSmuGCTmF4AaABAg,UgwVYd3NayvSmuGCTmF4AaABAg,UC6G7aKYeoTFEdZdzsafEppQ,"Fetched 05/24/2026, 8:08:10 PM GMT+8"
12774,@JhadeVecino,5 days ago,Enjoy watching from LOKAL NG ATOK GOLD BENGUET,https://www.youtube.com/watch?v=ROa3kbG5M0U&lc=UgwbzNqqyi5l-ZttFdV4AaABAg,UgwbzNqqyi5l-ZttFdV4AaABAg,UC6G7aKYeoTFEdZdzsafEppQ,"Fetched 05/24/2026, 8:08:10 PM GMT+8"
12775,@levimabutas6628,5 days ago,Masarap na pananghalian po. ...baguio city go go fo,https://www.youtube.com/watch?v=ROa3kbG5M0U&lc=UgyMFqMM7WbquXxNtqB4AaABAg.AWyz4eNBqy7AWyzT4nkVF4,UgyMFqMM7WbquXxNtqB4AaABAg.AWyz4eNBqy7AWyzT4nkVF4,UC5QGmbYttC7jRxZsWK-3kew,"Fetched 05/24/2026, 8:08:10 PM GMT+8"
12776,@JocelynAngsofan,5 days ago,"rewatching🥰 / lokal ng Pinsao, distrito ng Benguet🥰",https://www.youtube.com/watch?v=ROa3kbG5M0U&lc=UgxuupVyu8TEUVYjTEx4AaABAg,UgxuupVyu8TEUVYjTEx4AaABAg,UCQuHB6XVkmo3wL7uCy2bF5w,"Fetched 05/24/2026, 8:08:10 PM GMT+8"
12777,@JhadeVecino,5 days ago,Top 1 spot BENGUET Mula sa LOKAL NG ATOK GOLD,https://www.youtube.com/watch?v=ROa3kbG5M0U&lc=UgyCU6oGX7_vr-TMx6B4AaABAg,UgyCU6oGX7_vr-TMx6B4AaABAg,UC6G7aKYeoTFEdZdzsafEppQ,"Fetched 05/24/2026, 8:08:10 PM GMT+8"
12778,@annesenso4230,5 days ago,"Happy viewing from Lokal ng La Trinidad,District of Benguet,,,Benguet ,,,fight fight fight😅",https://www.youtube.com/watch?v=ROa3kbG5M0U&lc=Ugzvl2d8X__fn5FBT5B4AaABAg,Ugzvl2d8X__fn5FBT5B4AaABAg,UCkf4bacqPeTh-IxS8RBhapA,"Fetched 05/24/2026, 8:08:10 PM GMT+8"
12779,@JhadeVecino,5 days ago,Go BENGUET Mula sa LOKAL NG ATOK GOLD BENGUET,https://www.youtube.com/watch?v=ROa3kbG5M0U&lc=Ugye4Gz5rn39TNsuS8t4AaABAg,Ugye4Gz5rn39TNsuS8t4AaABAg,UC6G7aKYeoTFEdZdzsafEppQ,"Fetched 05/24/2026, 8:08:10 PM GMT+8"
12780,@JhadeVecino,5 days ago,Pagbati po Mula sa LOKAL NG ATOK GOLD,https://www.youtube.com/watch?v=ROa3kbG5M0U&lc=UgwffXaxKwEc0DMrHBB4AaABAg,UgwffXaxKwEc0DMrHBB4AaABAg,UC6G7aKYeoTFEdZdzsafEppQ,"Fetched 05/24/2026, 8:08:10 PM GMT+8"
12781,@JhadeVecino,5 days ago,Big support from lOKAL ATOK GOLD BENGUET,https://www.youtube.com/watch?v=ROa3kbG5M0U&lc=Ugy_EDhkbZZKoExy7it4AaABAg,Ugy_EDhkbZZKoExy7it4AaABAg,UC6G7aKYeoTFEdZdzsafEppQ,"Fetched 05/24/2026, 8:08:10 PM GMT+8"
12782,@JhadeVecino,5 days ago,Enjoy watching from LOKAL NG ATOK GOLD BENGUET,https://www.youtube.com/watch?v=ROa3kbG5M0U&lc=UgwEfbwLfyMN-ybBJVN4AaABAg,UgwEfbwLfyMN-ybBJVN4AaABAg,UC6G7aKYeoTFEdZdzsafEppQ,"Fetched 05/24/2026, 8:08:10 PM GMT+8"
12783,@JhadeVecino,5 days ago,Happy viewing Po Mula sa LOKAL NG ATOK GOLD,https://www.youtube.com/watch?v=ROa3kbG5M0U&lc=UgzA9zTnbLrMwVEUApB4AaABAg,UgzA9zTnbLrMwVEUApB4AaABAg,UC6G7aKYeoTFEdZdzsafEppQ,"Fetched 05/24/2026, 8:08:10 PM GMT+8"
12784,@alexia_soph-n9c,5 days ago,Road to 38k views 🎉🎉 / Let’s go Benguet / let’s go Atok Gold🎉,https://www.youtube.com/watch?v=ROa3kbG5M0U&lc=UgzZByFqBDSjRXfEDo54AaABAg,UgzZByFqBDSjRXfEDo54AaABAg,UCDur1rRJx0Fr9_BMWCcuQqQ,"Fetched 05/24/2026, 8:08:10 PM GMT+8"
12785,@JhadeVecino,5 days ago,Happy viewing Po Mula sa LOKAL NG ATOK GOLD,https://www.youtube.com/watch?v=ROa3kbG5M0U&lc=UgwHDZv5y8t9Tum7Se14AaABAg,UgwHDZv5y8t9Tum7Se14AaABAg,UC6G7aKYeoTFEdZdzsafEppQ,"Fetched 05/24/2026, 8:08:10 PM GMT+8"
12786,@JhadeVecino,5 days ago,Greetings Mula sa LOKAL NG ATOK GOLD BENGUET,https://www.youtube.com/watch?v=ROa3kbG5M0U&lc=UgwGKWemRokhs5rUeKZ4AaABAg,UgwGKWemRokhs5rUeKZ4AaABAg,UC6G7aKYeoTFEdZdzsafEppQ,"Fetched 05/24/2026, 8:08:10 PM GMT+8"
12787,@AndreaaristotlePasking,5 days ago,Camp6 po,https://www.youtube.com/watch?v=ROa3kbG5M0U&lc=UgyNyoDC0DnMRwFgmqR4AaABAg,UgyNyoDC0DnMRwFgmqR4AaABAg,UCJ6RKikGqass90yx7EjKVlg,"Fetched 05/24/2026, 8:08:10 PM GMT+8"
12788,@mayvehn,5 days ago,You  / Go / On / With Courage” / Kapisanang Buklod / 🏅lokal ng Atok Gold,https://www.youtube.com/watch?v=ROa3kbG5M0U&lc=UgxdDZRzLS_UnnPt-m94AaABAg,UgxdDZRzLS_UnnPt-m94AaABAg,UCivhdJ2CQeLK8tlG7Wh2BSQ,"Fetched 05/24/2026, 8:08:10 PM GMT+8"
12789,@alexia_soph-n9c,5 days ago,Good pm po sa lahatt🎉🎉 / Happy rewatching ❤ / -pagbati mula sa mga binhi ng Atok Gold❤,https://www.youtube.com/watch?v=ROa3kbG5M0U&lc=UgyWgBWujDAEdaSyNix4AaABAg,UgyWgBWujDAEdaSyNix4AaABAg,UCDur1rRJx0Fr9_BMWCcuQqQ,"Fetched 05/24/2026, 8:08:10 PM GMT+8"
12790,@SeymourRach,5 days ago,Go Benguet! Road to #1 na po tayo! Greeting po from Lokal ng Tublay Distrito ng Benguet!,https://www.youtube.com/watch?v=ROa3kbG5M0U&lc=UgzJoZOoTwVPgB74Y3R4AaABAg,UgzJoZOoTwVPgB74Y3R4AaABAg,UCJ4mG9YdzXpmU_n0QYspg9Q,"Fetched 05/24/2026, 8:08:10 PM GMT+8"
12791,@mayvehn,5 days ago,😊Like a flower. / that grows.under  / the Shdadow / of a tree🌳🌲 / Kapisanang Buklod / lokal ng Atok Gold,https://www.youtube.com/watch?v=ROa3kbG5M0U&lc=UgzakKYFNdyewHFPLiV4AaABAg,UgzakKYFNdyewHFPLiV4AaABAg,UCivhdJ2CQeLK8tlG7Wh2BSQ,"Fetched 05/24/2026, 8:08:10 PM GMT+8"
12792,@jelordgabrillo8332,5 days ago,Watching po mula sa lokal ng megaroyale benguet distrito ng benguet po,https://www.youtube.com/watch?v=ROa3kbG5M0U&lc=Ugykpz2R2oQv4dxQFhB4AaABAg,Ugykpz2R2oQv4dxQFhB4AaABAg,UCbLyEPEPvJ-X4JfJ19Z_kPQ,"Fetched 05/24/2026, 8:08:10 PM GMT+8"
12793,@mayvehn,5 days ago,❤God’s Love / It’s His / Precious Gift / To Us❤ / Kapisanang Buklod / Lokal ng Atok Gold,https://www.youtube.com/watch?v=ROa3kbG5M0U&lc=UgxKXkZ6qaJGHp_Qpuh4AaABAg,UgxKXkZ6qaJGHp_Qpuh4AaABAg,UCivhdJ2CQeLK8tlG7Wh2BSQ,"Fetched 05/24/2026, 8:08:10 PM GMT+8"
12794,@relynkimpaoy,5 days ago,Go Benguet Lokal ng Sayatan,https://www.youtube.com/watch?v=ROa3kbG5M0U&lc=UgxKPEqO4uNprFXbqVB4AaABAg,UgxKPEqO4uNprFXbqVB4AaABAg,UCeoxtZ2OnXmB3ybofdNpCmg,"Fetched 05/24/2026, 8:08:10 PM GMT+8"
12795,@ZyreneMargoDeVera,5 days ago,Go Benguet🎉🎉 / Lokal ng Baguio city,https://www.youtube.com/watch?v=ROa3kbG5M0U&lc=UgxNgZ0pqfi6p60pYdZ4AaABAg,UgxNgZ0pqfi6p60pYdZ4AaABAg,UCEm4XHRokvfX5zsU63BJquQ,"Fetched 05/24/2026, 8:08:10 PM GMT+8"
12796,@SofieAganon,5 days ago,💝💝💝💝,https://www.youtube.com/watch?v=ROa3kbG5M0U&lc=UgzjQ1Srj4f53WhDkbh4AaABAg,UgzjQ1Srj4f53WhDkbh4AaABAg,UCK04bzGbR1DvFu4IG-6BWcg,"Fetched 05/24/2026, 8:08:10 PM GMT+8"
12797,@zianmarcodevera4187,5 days ago,Good afternoon po mga kapatid  / Lokal ng Baguio city,https://www.youtube.com/watch?v=ROa3kbG5M0U&lc=Ugwopo9KsA1mh8CoIhJ4AaABAg,Ugwopo9KsA1mh8CoIhJ4AaABAg,UCZdNcKysqmOM8nUHVgJ9KQw,"Fetched 05/24/2026, 8:08:10 PM GMT+8"
12798,@alibacelonia6681,5 days ago,"Taos-pusong pagbati po sa aming napakapogi at masigasig na KSKP, Kapatid na John Felix Dungan. Maligayang panonood po mula sa Lokal ng Quezon Hill 🥳",https://www.youtube.com/watch?v=ROa3kbG5M0U&lc=UgwjjIqBdoe-yigYCZt4AaABAg,UgwjjIqBdoe-yigYCZt4AaABAg,UC4Jmh5ItMYDiPIuVLOLfr-g,"Fetched 05/24/2026, 8:08:10 PM GMT+8"
12799,@alibacelonia6681,5 days ago,Binabati rin po namin ang aming masisipag at magigiting na Tagapangasiwa at Pangalawang Tagapangasiwa—Kapatid na Ardy Mendoza at Kapatid na Ian Manalata. Happy viewing po mula sa Lokal ng Quezon Hill 🥰,https://www.youtube.com/watch?v=ROa3kbG5M0U&lc=Ugyp283pC-7Z71_f--l4AaABAg,Ugyp283pC-7Z71_f--l4AaABAg,UC4Jmh5ItMYDiPIuVLOLfr-g,"Fetched 05/24/2026, 8:08:10 PM GMT+8"
12800,@alibacelonia6681,5 days ago,"Taos-pusong pagbati po sa aming masipag at mabait na Destinado sa Lokal ng Quezon Hill, Ka Val Lanuza. Maligayang panonood po 😁",https://www.youtube.com/watch?v=ROa3kbG5M0U&lc=UgyhBvBWKdOzys-lGT94AaABAg,UgyhBvBWKdOzys-lGT94AaABAg,UC4Jmh5ItMYDiPIuVLOLfr-g,"Fetched 05/24/2026, 8:08:10 PM GMT+8"
12801,@alibacelonia6681,5 days ago,Taos-pusong pagbati po sa lahat ng may tungkulin sa Lokal ng Quezon Hill. Maligayang panonood po 🥰,https://www.youtube.com/watch?v=ROa3kbG5M0U&lc=UgymF8xntPvWO52Bqr54AaABAg,UgymF8xntPvWO52Bqr54AaABAg,UC4Jmh5ItMYDiPIuVLOLfr-g,"Fetched 05/24/2026, 8:08:10 PM GMT+8"
12802,@alibacelonia6681,5 days ago,"Mabuhay, Benguet! Buong suporta ang hatid ng Lokal ng Quezon Hill. Maligayang panonood 💗",https://www.youtube.com/watch?v=ROa3kbG5M0U&lc=UgzXB1rZBk_gkGYLJ6p4AaABAg,UgzXB1rZBk_gkGYLJ6p4AaABAg,UC4Jmh5ItMYDiPIuVLOLfr-g,"Fetched 05/24/2026, 8:08:10 PM GMT+8"
12803,@redtiamson4129,5 days ago,Happy viewing po mula po sa lokal ng Aurora Hill 😊,https://www.youtube.com/watch?v=ROa3kbG5M0U&lc=UgzHvKVS3K8B7nfwm8x4AaABAg,UgzHvKVS3K8B7nfwm8x4AaABAg,UCRYX3xWspYYmd66NPiJvU5Q,"Fetched 05/24/2026, 8:08:10 PM GMT+8"
12804,@alibacelonia6681,5 days ago,"Binabati rin po namin ang aming guwapo at masipag na KSKP, Kapatid na John Felix Dungan. Maligayang panonood po mula sa Lokal ng Quezon Hill 🥳",https://www.youtube.com/watch?v=ROa3kbG5M0U&lc=Ugy55mt-OWRwxHSg6m14AaABAg,Ugy55mt-OWRwxHSg6m14AaABAg,UC4Jmh5ItMYDiPIuVLOLfr-g,"Fetched 05/24/2026, 8:08:10 PM GMT+8"
12805,@alibacelonia6681,5 days ago,Binabati po namin ang aming magigiting at masisipag na Tagapangasiwa at Pangalawang Tagapangasiwa—Kapatid na Ardy Mendoza at Kapatid na Ian Manalata. Maligayang panonood po mula sa Lokal ng Quezon Hill 🥰,https://www.youtube.com/watch?v=ROa3kbG5M0U&lc=UgyYr39fGBLRSAtOGC54AaABAg,UgyYr39fGBLRSAtOGC54AaABAg,UC4Jmh5ItMYDiPIuVLOLfr-g,"Fetched 05/24/2026, 8:08:10 PM GMT+8"
12806,@alibacelonia6681,5 days ago,"Binabati po namin ang aming napakasipag at napakabait na Destinado sa Lokal ng Quezon Hill, Ka Val Lanuza. Maligayang panonood po 😁",https://www.youtube.com/watch?v=ROa3kbG5M0U&lc=UgyugrskGu80Bvti44N4AaABAg,UgyugrskGu80Bvti44N4AaABAg,UC4Jmh5ItMYDiPIuVLOLfr-g,"Fetched 05/24/2026, 8:08:10 PM GMT+8"
12807,@zianmarcodevera4187,5 days ago,Happy lunch time po mga kapatid / Lokal ng Baguio city,https://www.youtube.com/watch?v=ROa3kbG5M0U&lc=UgzR9qaZv-UoxWR-JiB4AaABAg,UgzR9qaZv-UoxWR-JiB4AaABAg,UCZdNcKysqmOM8nUHVgJ9KQw,"Fetched 05/24/2026, 8:08:10 PM GMT+8"
12808,@alibacelonia6681,5 days ago,Binabati po namin ang lahat ng may tungkulin sa Lokal ng Quezon Hill. Maligayang panonood po 🥰,https://www.youtube.com/watch?v=ROa3kbG5M0U&lc=Ugx6l1ZOvVNf4DrtPq54AaABAg,Ugx6l1ZOvVNf4DrtPq54AaABAg,UC4Jmh5ItMYDiPIuVLOLfr-g,"Fetched 05/24/2026, 8:08:10 PM GMT+8"
12809,@alibacelonia6681,5 days ago,"Laban, Benguet! Ipinapahatid ng Lokal ng Quezon Hill ang kanilang buong suporta. Happy viewing 💗",https://www.youtube.com/watch?v=ROa3kbG5M0U&lc=Ugx-V8M34XPtUJul8zt4AaABAg,Ugx-V8M34XPtUJul8zt4AaABAg,UC4Jmh5ItMYDiPIuVLOLfr-g,"Fetched 05/24/2026, 8:08:10 PM GMT+8"
12810,@alibacelonia6681,5 days ago,"Let’s go, Benguet! Buong pusong sumusuporta ang Lokal ng Quezon Hill. Happy viewing 💗",https://www.youtube.com/watch?v=ROa3kbG5M0U&lc=Ugw9F3k_PWVjy0laWlh4AaABAg,Ugw9F3k_PWVjy0laWlh4AaABAg,UC4Jmh5ItMYDiPIuVLOLfr-g,"Fetched 05/24/2026, 8:08:10 PM GMT+8"
12811,@arjaybecyagen1623,5 days ago,"🎉🎉🎉nood lng mula sa san carlos heights, distrito ng benguet🎉🎉🎉",https://www.youtube.com/watch?v=ROa3kbG5M0U&lc=Ugy_0gPVOyiGCppUnj94AaABAg,Ugy_0gPVOyiGCppUnj94AaABAg,UCwA7ULySGCL6yBwXEDRQJ6g,"Fetched 05/24/2026, 8:08:10 PM GMT+8"
12812,@alibacelonia6681,5 days ago,Isang pagbati po sa lahat ng may tungkulin sa Lokal ng Quezon Hill. Happy viewing po 🥰,https://www.youtube.com/watch?v=ROa3kbG5M0U&lc=UgwTz4YAEZvCx-tNDLd4AaABAg,UgwTz4YAEZvCx-tNDLd4AaABAg,UC4Jmh5ItMYDiPIuVLOLfr-g,"Fetched 05/24/2026, 8:08:10 PM GMT+8"
12813,@alibacelonia6681,5 days ago,"Isang pagbati po sa aming napakasipag at napakabait na Destinado sa Lokal ng Quezon Hill, Ka Val Lanuza. Happy viewing po 😁",https://www.youtube.com/watch?v=ROa3kbG5M0U&lc=Ugw7RQDlfQ1UoNU-fe94AaABAg,Ugw7RQDlfQ1UoNU-fe94AaABAg,UC4Jmh5ItMYDiPIuVLOLfr-g,"Fetched 05/24/2026, 8:08:10 PM GMT+8"
12814,@alibacelonia6681,5 days ago,"Isang taos-pusong pagbati po sa aming magigiting at masisipag na Tagapangasiwa at Pangalawang Tagapangasiwa, Kapatid na Ardy Mendoza at Kapatid na Ian Manalata. Happy viewing po mula sa Lokal ng Quezon Hill 🥰",https://www.youtube.com/watch?v=ROa3kbG5M0U&lc=UgyT-8D3QNjWXDWNLil4AaABAg,UgyT-8D3QNjWXDWNLil4AaABAg,UC4Jmh5ItMYDiPIuVLOLfr-g,"Fetched 05/24/2026, 8:08:10 PM GMT+8"
12815,@jonathancatiggay-j6y,5 days ago,fight fight fight Benguet from lokal Ng pinsao,https://www.youtube.com/watch?v=ROa3kbG5M0U&lc=Ugw814SNX4FG6R_bfFF4AaABAg,Ugw814SNX4FG6R_bfFF4AaABAg,UCNLAwztd3VgOpHznyW7NcMw,"Fetched 05/24/2026, 8:08:10 PM GMT+8"
12816,@alibacelonia6681,5 days ago,"Isang pagbati rin po sa aming pogi at napakasipag na KSKP, Kapatid na John Felix Dungan. Happy viewing po mula sa Lokal ng Quezon Hill 🥳",https://www.youtube.com/watch?v=ROa3kbG5M0U&lc=UgxDSitKf2ZFssW5g-B4AaABAg,UgxDSitKf2ZFssW5g-B4AaABAg,UC4Jmh5ItMYDiPIuVLOLfr-g,"Fetched 05/24/2026, 8:08:10 PM GMT+8"
12817,@alibacelonia6681,5 days ago,"Taos-pusong pagbati po sa aming napakapogi at masigasig na KSKP, Kapatid na John Felix Dungan. Maligayang panonood po mula sa Lokal ng Quezon Hill 🥳",https://www.youtube.com/watch?v=ROa3kbG5M0U&lc=Ugz8xFo90a9xDIGb5154AaABAg,Ugz8xFo90a9xDIGb5154AaABAg,UC4Jmh5ItMYDiPIuVLOLfr-g,"Fetched 05/24/2026, 8:08:10 PM GMT+8"
12818,@SofieAganon,5 days ago,Watching God's LOVE.Goodluck po sa lahat ng naggagandahan at nagggwapuhang cast.❤❤❤,https://www.youtube.com/watch?v=ROa3kbG5M0U&lc=Ugzbb-tYNJnctMfpsdR4AaABAg,Ugzbb-tYNJnctMfpsdR4AaABAg,UCK04bzGbR1DvFu4IG-6BWcg,"Fetched 05/24/2026, 8:08:10 PM GMT+8"
12819,@alibacelonia6681,5 days ago,Binabati rin po namin ang aming masisipag at magigiting na Tagapangasiwa at Pangalawang Tagapangasiwa—Kapatid na Ardy Mendoza at Kapatid na Ian Manalata. Happy viewing po mula sa Lokal ng Quezon Hill 🥰,https://www.youtube.com/watch?v=ROa3kbG5M0U&lc=UgzrDoakIYO969mHIc14AaABAg,UgzrDoakIYO969mHIc14AaABAg,UC4Jmh5ItMYDiPIuVLOLfr-g,"Fetched 05/24/2026, 8:08:10 PM GMT+8"
12820,@alibacelonia6681,5 days ago,"Taos-pusong pagbati po sa aming masipag at mabait na Destinado sa Lokal ng Quezon Hill, Ka Val Lanuza. Maligayang panonood po 😁",https://www.youtube.com/watch?v=ROa3kbG5M0U&lc=Ugz-Ho55gHigALMgiox4AaABAg,Ugz-Ho55gHigALMgiox4AaABAg,UC4Jmh5ItMYDiPIuVLOLfr-g,"Fetched 05/24/2026, 8:08:10 PM GMT+8"
12821,@MonicaFonseca-ko8oq,5 days ago,GO GO BENGUET🇮🇹  / HAPPY VIEWING👏 / GOD'S LOVE💚🤍❤️  / BAGUIO CITY KALIHIMAN🤗,https://www.youtube.com/watch?v=ROa3kbG5M0U&lc=UgyXPilatR97nx0pbjN4AaABAg,UgyXPilatR97nx0pbjN4AaABAg,UCJwqkDoV1GOs_guF9AHdCDQ,"Fetched 05/24/2026, 8:08:10 PM GMT+8"
12822,@Dondon-n6n,5 days ago,Go mga kabagis  / Lets go lokal ng Loacan / Fight Fight Fight,https://www.youtube.com/watch?v=ROa3kbG5M0U&lc=Ugwsi_n6FuH3Svc_ZnJ4AaABAg,Ugwsi_n6FuH3Svc_ZnJ4AaABAg,UC-KpXZLj98-A9XNg091kY1Q,"Fetched 05/24/2026, 8:08:10 PM GMT+8"
12823,@alibacelonia6681,5 days ago,Taos-pusong pagbati po sa lahat ng may tungkulin sa Lokal ng Quezon Hill. Maligayang panonood po 🥰,https://www.youtube.com/watch?v=ROa3kbG5M0U&lc=UgxiURn0S58dEiVdi2N4AaABAg,UgxiURn0S58dEiVdi2N4AaABAg,UC4Jmh5ItMYDiPIuVLOLfr-g,"Fetched 05/24/2026, 8:08:10 PM GMT+8"
12824,@johnreylucio8970,5 days ago,"Happy Viewing po, Kasabay ng ating pananghalian ,panuorin natin ito❤ / Go BENGUET🎉 / Mula po sa lokal ng La Trinidad",https://www.youtube.com/watch?v=ROa3kbG5M0U&lc=UgwLDv1wnntJHVB2l7x4AaABAg,UgwLDv1wnntJHVB2l7x4AaABAg,UCNMupRD4ySrN336KZpy29OA,"Fetched 05/24/2026, 8:08:10 PM GMT+8"
12825,@alibacelonia6681,5 days ago,"Mabuhay, Benguet! Buong suporta ang hatid ng Lokal ng Quezon Hill. Maligayang panonood 💗",https://www.youtube.com/watch?v=ROa3kbG5M0U&lc=UgxvCwEEbviuMefinVp4AaABAg,UgxvCwEEbviuMefinVp4AaABAg,UC4Jmh5ItMYDiPIuVLOLfr-g,"Fetched 05/24/2026, 8:08:10 PM GMT+8"
12826,@ZyreneMargoDeVera,5 days ago,Good afternoon po sa lahat ng mga Kapatid  / Lokal ng Baguio city,https://www.youtube.com/watch?v=ROa3kbG5M0U&lc=UgwLMCde1t801Wvl3hx4AaABAg,UgwLMCde1t801Wvl3hx4AaABAg,UCEm4XHRokvfX5zsU63BJquQ,"Fetched 05/24/2026, 8:08:10 PM GMT+8"
12827,@lenleano,5 days ago,"Happy viewing from Lokal ng Irisan, Distrito ng Benguet. Lovelots☺️❤️ / Choir Department",https://www.youtube.com/watch?v=ROa3kbG5M0U&lc=UgyIT6I4Tv5q3gNqPmd4AaABAg,UgyIT6I4Tv5q3gNqPmd4AaABAg,UCfQI2Ih_OqXc-Wm8V5QQMGw,"Fetched 05/24/2026, 8:08:10 PM GMT+8"
12828,@DJDaniwis,5 days ago,"Pagbati sa mga District Officer po lokal ng Ambiong, Happy Viewing po sa ating lahat mga kapatid 💚🤍♥️",https://www.youtube.com/watch?v=ROa3kbG5M0U&lc=UgxWBtE6f9_cVOTExVh4AaABAg,UgxWBtE6f9_cVOTExVh4AaABAg,UCciByNaKApcsQBcHkjrrwcA,"Fetched 05/24/2026, 8:08:10 PM GMT+8"
12829,@lennyomagtang,5 days ago,Happy viewing po mula sa lokal ng Norcar!! / #GoBenguet,https://www.youtube.com/watch?v=ROa3kbG5M0U&lc=Ugw8Eso0Fv3HbmoXxK94AaABAg,Ugw8Eso0Fv3HbmoXxK94AaABAg,UChxmpd4vptAOOA-F8yYHWcg,"Fetched 05/24/2026, 8:08:10 PM GMT+8"
12830,@unicoomorpe6056,5 days ago,Baguio city fight fight fight!,https://www.youtube.com/watch?v=ROa3kbG5M0U&lc=UgzlYFmKFT9Kp0WQI_p4AaABAg,UgzlYFmKFT9Kp0WQI_p4AaABAg,UCoOWm-6nwzcuBuCj9ns-Z4w,"Fetched 05/24/2026, 8:08:10 PM GMT+8"
12831,@blairgatulla6335,5 days ago,Lets go up high Benguet!! Mulabsa Lokal ng Baguio City,https://www.youtube.com/watch?v=ROa3kbG5M0U&lc=UgyX8TZdFRPIoYBTyrJ4AaABAg,UgyX8TZdFRPIoYBTyrJ4AaABAg,UCIhKHo-Qqok8t5094AbqWpg,"Fetched 05/24/2026, 8:08:10 PM GMT+8"
12832,@unicoomorpe6056,5 days ago,Happy viewing po sa lahat ng mga mang-aawit sa lokal ng baguio city,https://www.youtube.com/watch?v=ROa3kbG5M0U&lc=UgyhNtuwCQlWm4flOwp4AaABAg,UgyhNtuwCQlWm4flOwp4AaABAg,UCoOWm-6nwzcuBuCj9ns-Z4w,"Fetched 05/24/2026, 8:08:10 PM GMT+8"
12833,@unicoomorpe6056,5 days ago,Pagbati po sa lahat ng mga kalihim sa lokal ng baguio city,https://www.youtube.com/watch?v=ROa3kbG5M0U&lc=UgwZNbMd2Z51bkSiVfd4AaABAg,UgwZNbMd2Z51bkSiVfd4AaABAg,UCoOWm-6nwzcuBuCj9ns-Z4w,"Fetched 05/24/2026, 8:08:10 PM GMT+8"
12834,@SoPhia-ru3nv,5 days ago,Go Benguet!!,https://www.youtube.com/watch?v=ROa3kbG5M0U&lc=UgyXTotTZhnInDU4xft4AaABAg,UgyXTotTZhnInDU4xft4AaABAg,UC9eXrgisdugQpQeUDhOpUBA,"Fetched 05/24/2026, 8:08:10 PM GMT+8"
12835,@unicoomorpe6056,5 days ago,Happy viewing po mula sa lokal ng baguio city,https://www.youtube.com/watch?v=ROa3kbG5M0U&lc=UgwIOKdR7GvozFXpPKV4AaABAg,UgwIOKdR7GvozFXpPKV4AaABAg,UCoOWm-6nwzcuBuCj9ns-Z4w,"Fetched 05/24/2026, 8:08:10 PM GMT+8"
12836,@JocelynAngsofan,5 days ago,"INCMV BENGUET, love and support, patuloy na nanonood po mula sa lokal ng Pinsao, distrito ng Benguet🥰",https://www.youtube.com/watch?v=ROa3kbG5M0U&lc=Ugy52btQmUGf3sFlBvN4AaABAg,Ugy52btQmUGf3sFlBvN4AaABAg,UCQuHB6XVkmo3wL7uCy2bF5w,"Fetched 05/24/2026, 8:08:10 PM GMT+8"
12837,@KarenMaliwat-d6e,5 days ago,Go Benguet! Pagbati po mula sa lokal Ng Aurora Hill ❤️❤️,https://www.youtube.com/watch?v=ROa3kbG5M0U&lc=UgzP06lBV2B6yr4XpeZ4AaABAg,UgzP06lBV2B6yr4XpeZ4AaABAg,UCfVbKf43f2Pt1KjlPjUIWjw,"Fetched 05/24/2026, 8:08:10 PM GMT+8"
12838,@gwynethcayabyab5981,5 days ago,Good afternoon po sa lahat ng nanonood🎉 keep on watching po🎉,https://www.youtube.com/watch?v=ROa3kbG5M0U&lc=UgyeBnZy9LLAwqK6NhB4AaABAg,UgyeBnZy9LLAwqK6NhB4AaABAg,UCouodNvhL1bfJC2Fz0B_Rcw,"Fetched 05/24/2026, 8:08:10 PM GMT+8"
12839,@strawberrytaho16,5 days ago,"mula po sa kapisanang buklod ng lokal ng aurora hill, happy viewing po ❤️",https://www.youtube.com/watch?v=ROa3kbG5M0U&lc=Ugz1DfS2YGsb2kXkPZR4AaABAg,Ugz1DfS2YGsb2kXkPZR4AaABAg,UCKrJxTQVZLmSHU1AmjE2khw,"Fetched 05/24/2026, 8:08:10 PM GMT+8"
12840,@delmarlandingin2735,5 days ago,"Go go go mga kapatid, from district of Benguet, lokal ng City Camp 😊🤗",https://www.youtube.com/watch?v=ROa3kbG5M0U&lc=UgxTtqlIlMjxfFpdBbx4AaABAg,UgxTtqlIlMjxfFpdBbx4AaABAg,UCoRMjnJOAN9mZFy9q-5H8wA,"Fetched 05/24/2026, 8:08:10 PM GMT+8"
12841,@AshyLopez-v9n,5 days ago,Happy viewing po mula sa kapisanang binhi ng lokal ng Norcar!! / #fightfightfight,https://www.youtube.com/watch?v=ROa3kbG5M0U&lc=Ugw-hPxWOzPQo_vM8jx4AaABAg,Ugw-hPxWOzPQo_vM8jx4AaABAg,UCVuS25Fql9qBLPtBGeSgPQw,"Fetched 05/24/2026, 8:08:10 PM GMT+8"
12842,@JocelynAngsofan,5 days ago,"Greetings po mula sa lokal ng Pinsao,Distrito ng Benguet, happy viewing po,🥰",https://www.youtube.com/watch?v=ROa3kbG5M0U&lc=UgxCo2xCCHNwudgsAdR4AaABAg,UgxCo2xCCHNwudgsAdR4AaABAg,UCQuHB6XVkmo3wL7uCy2bF5w,"Fetched 05/24/2026, 8:08:10 PM GMT+8"
12843,@JohnyD.Omagtang-x4x,5 days ago,"Mga kapatid kami Po sa lokal Ng Norcar distrito Ng Benguet Mula Po sa mga PAMUNUAN at LAHAT Ng maytungkulin sa amin lokal masighing makipagkaisa, tuloy tuloy na sumusuporta sa aktibidad na pinagtibay Ng pamamahala .",https://www.youtube.com/watch?v=ROa3kbG5M0U&lc=UgyxU1xzPyq7dlnqlmx4AaABAg,UgyxU1xzPyq7dlnqlmx4AaABAg,UCcFUByhj6a80hSdzOZnlcYQ,"Fetched 05/24/2026, 8:08:10 PM GMT+8"
12844,@Kate-l7p3n,5 days ago,Lets go Benguet!! Happy watching po from PnK officers of lokal ng Guisad!!,https://www.youtube.com/watch?v=ROa3kbG5M0U&lc=UgxzGaAjUT1uQiqpS394AaABAg,UgxzGaAjUT1uQiqpS394AaABAg,UCGxGooHWGHIT8dm8aRYPXdw,"Fetched 05/24/2026, 8:08:10 PM GMT+8"
12845,@SocialwithBruno,5 days ago (edited),"Gandang hapon mga kbgs, happy viewing po / Mula po sa inyong mga kapatid sa lokal ng Posos 🎉🎉",https://www.youtube.com/watch?v=ROa3kbG5M0U&lc=Ugy8i5KJMwLHO09Ubtp4AaABAg,Ugy8i5KJMwLHO09Ubtp4AaABAg,UCoqBt9-e8BZq6jZghThCVjQ,"Fetched 05/24/2026, 8:08:10 PM GMT+8"
12846,@ivymorenomaravilla,5 days ago,Hello po sa lahat mula po sa Lokal ng Baguio City ❤❤,https://www.youtube.com/watch?v=ROa3kbG5M0U&lc=UgzstnaIM7ar_E6z1PZ4AaABAg,UgzstnaIM7ar_E6z1PZ4AaABAg,UC32rXNkKQhO9c-YLliCwYLg,"Fetched 05/24/2026, 8:08:10 PM GMT+8"
12847,@ArianeLizTalavera-n6i,5 days ago,Happy Viewing po ❤ Mula sa Lokal Ng City Camp ❤,https://www.youtube.com/watch?v=ROa3kbG5M0U&lc=UgyRh_eBEvAl6OC3pWR4AaABAg,UgyRh_eBEvAl6OC3pWR4AaABAg,UCTuhwhwxi8q2jtv9qaB-E-A,"Fetched 05/24/2026, 8:08:10 PM GMT+8"
12848,@beverlynbackian3904,5 days ago,Go Bengueeeeeetttt!💃🏻🕺🏻 /  / Hello rin sa mga kasama ko sa lokal ng Tomay!😊,https://www.youtube.com/watch?v=ROa3kbG5M0U&lc=UgyAqIXZkgch0bNrz0d4AaABAg,UgyAqIXZkgch0bNrz0d4AaABAg,UCTXTtrs7jg9nPci0Q4h5q0g,"Fetched 05/24/2026, 8:08:10 PM GMT+8"
12849,@raymundlaluan6258,5 days ago,Happy viewing po ❤ / Mula sa loka ng Marcos Highway ♥️,https://www.youtube.com/watch?v=ROa3kbG5M0U&lc=Ugztj5ghR1eQ-YrxjC54AaABAg,Ugztj5ghR1eQ-YrxjC54AaABAg,UCd90_7SI3CJbAhquRna-8RQ,"Fetched 05/24/2026, 8:08:10 PM GMT+8"
12850,@LorealLagdao,5 days ago,"BENGUET no. 1 ! !  / Tuloy tuloy po mga kapatid ☝️ / Pagbati po mula sa kagawaran ng guro, Lokal ng Balatoc ❤",https://www.youtube.com/watch?v=ROa3kbG5M0U&lc=UgzZnwdrXIGat7NzxxF4AaABAg,UgzZnwdrXIGat7NzxxF4AaABAg,UCBJ-tIjN8X7cn9Pa6oZNvpQ,"Fetched 05/24/2026, 8:08:10 PM GMT+8"
12851,@nelmacaganda7734,5 days ago,"Masayang Tanghali po! Salamat po sa inyong suporta mga kapatid!  /  / Lokal ng Megaroyale Village, Distrito ng Benguet 😇🙏🏻",https://www.youtube.com/watch?v=ROa3kbG5M0U&lc=UgwXx-JOcuBFCPcmmsx4AaABAg,UgwXx-JOcuBFCPcmmsx4AaABAg,UCXf4yWkyTkEZESbzF52KJuQ,"Fetched 05/24/2026, 8:08:10 PM GMT+8"
12852,@danizamaevaldez,5 days ago,"good noon po, maligayang panunuod parin po mula sa lokal ng camp 8",https://www.youtube.com/watch?v=ROa3kbG5M0U&lc=UgzZ_uJoqgb9bz5Ijv54AaABAg,UgzZ_uJoqgb9bz5Ijv54AaABAg,UC112ZCZpJD-lYPwWVGGstag,"Fetched 05/24/2026, 8:08:10 PM GMT+8"
12853,@kristine7303,5 days ago,"37k na ang Benguet! / Fight! / Fight! / Fight! /  / Happy lunch po❤ / -Kadiwa, Marcos Highway",https://www.youtube.com/watch?v=ROa3kbG5M0U&lc=UgxRQDn2yyXTKE1Cd6d4AaABAg,UgxRQDn2yyXTKE1Cd6d4AaABAg,UCJnlqat5vcPuV6GiDugaBnA,"Fetched 05/24/2026, 8:08:10 PM GMT+8"
12854,@RanzRanz-d7f,5 days ago,Fr. Lokal po ng Balatoc / Go Benguet...,https://www.youtube.com/watch?v=ROa3kbG5M0U&lc=Ugw6Blso5Np_PIv0Vjp4AaABAg,Ugw6Blso5Np_PIv0Vjp4AaABAg,UCInh1p1LWIFhYGqYXLyOSew,"Fetched 05/24/2026, 8:08:10 PM GMT+8"
12855,@jhonalvincapulong3700,5 days ago,Happy Viewing po mga Kapatid! / -Lokal ng Hillside,https://www.youtube.com/watch?v=ROa3kbG5M0U&lc=Ugz6D_ipLXimEpBv5Fp4AaABAg,Ugz6D_ipLXimEpBv5Fp4AaABAg,UCUHhlIqTA8U_eWC_d86Hv9Q,"Fetched 05/24/2026, 8:08:10 PM GMT+8"
12856,@catalystavenue,5 days ago,Greetings Po.. Happy Viewing sa lahat Mula sa Lokal Ng City Camp ❤❤❤,https://www.youtube.com/watch?v=ROa3kbG5M0U&lc=Ugywi_pjvKunna3ZZyx4AaABAg,Ugywi_pjvKunna3ZZyx4AaABAg,UCaf6nZoEQaKzbPHZ139KXGw,"Fetched 05/24/2026, 8:08:10 PM GMT+8"
12857,@arlynsadsaddarnayla,5 days ago,❤Proud na maging taga-suporta dito sa Baguio. Full support po!🎉,https://www.youtube.com/watch?v=ROa3kbG5M0U&lc=UgxDpZ94hZAD8qmCASl4AaABAg,UgxDpZ94hZAD8qmCASl4AaABAg,UCEpebcWdMuh8WoE06IwNIKA,"Fetched 05/24/2026, 8:08:10 PM GMT+8"
12858,@m-g4marquezkield.475,5 days ago,happy viewing po mula po sa lokal ng marcos highway,https://www.youtube.com/watch?v=ROa3kbG5M0U&lc=Ugxs3bK7ZCZgNB6ctg14AaABAg,Ugxs3bK7ZCZgNB6ctg14AaABAg,UCbFQ0ju-gwRJ-dX__BlbN7Q,"Fetched 05/24/2026, 8:08:10 PM GMT+8"
12859,@maritesstalledo8924,5 days ago,Magandang hapon po mga kabagis,https://www.youtube.com/watch?v=ROa3kbG5M0U&lc=UgyKh7Pzd0HNwl28yH54AaABAg,UgyKh7Pzd0HNwl28yH54AaABAg,UCXrFwU9B905gqc5sVTbxukg,"Fetched 05/24/2026, 8:08:10 PM GMT+8"
12860,@AngelSayangda,5 days ago,Happy viewing magandang tanghali sa ating lahat  from Lokal ng Tuba❤,https://www.youtube.com/watch?v=ROa3kbG5M0U&lc=Ugzt2qBNAPZzb818L2J4AaABAg,Ugzt2qBNAPZzb818L2J4AaABAg,UCBYrNwCYGHkX-UDtBRzR4nw,"Fetched 05/24/2026, 8:08:10 PM GMT+8"
12861,@jjncdgzmn,5 days ago,"Good afternoon po mga kabagis, happy viewing po mula sa lokal ng aurora hill ❤️❤️",https://www.youtube.com/watch?v=ROa3kbG5M0U&lc=Ugz0SD6EWzuG41NcdqZ4AaABAg,Ugz0SD6EWzuG41NcdqZ4AaABAg,UCk_QgSs588mpDLXUa3Qq9yg,"Fetched 05/24/2026, 8:08:10 PM GMT+8"
12862,@JodiOmt,5 days ago,Happy watching po. Pagbati po mula sa Lokal ng Norcar  / Distrito ng Benguet.,https://www.youtube.com/watch?v=ROa3kbG5M0U&lc=Ugz99uCMn7Pj26E-wcZ4AaABAg,Ugz99uCMn7Pj26E-wcZ4AaABAg,UC1bo8pGRyl8iV_qrsgnOnng,"Fetched 05/24/2026, 8:08:10 PM GMT+8"
12863,@susancostales8489,5 days ago,Maligayang panonood po mga Kapatid Mula sa lokal Ng Baguio city,https://www.youtube.com/watch?v=ROa3kbG5M0U&lc=UgxPjqR5GmAoqgiUEel4AaABAg,UgxPjqR5GmAoqgiUEel4AaABAg,UCFKcrbpMSec4O6QwhRxv9mg,"Fetched 05/24/2026, 8:08:10 PM GMT+8"
12864,@susancostales8489,5 days ago,Maligayang panonood po mga Kapatid Mula sa lokal Ng Baguio city,https://www.youtube.com/watch?v=ROa3kbG5M0U&lc=Ugzd22keWQqrGmJEe-R4AaABAg,Ugzd22keWQqrGmJEe-R4AaABAg,UCFKcrbpMSec4O6QwhRxv9mg,"Fetched 05/24/2026, 8:08:10 PM GMT+8"
12865,@susancostales8489,5 days ago,Maligayang panonood po mga Kapatid Mula sa lokal Ng Baguio city,https://www.youtube.com/watch?v=ROa3kbG5M0U&lc=UgzLAauXVz2-e-f6bw54AaABAg,UgzLAauXVz2-e-f6bw54AaABAg,UCFKcrbpMSec4O6QwhRxv9mg,"Fetched 05/24/2026, 8:08:10 PM GMT+8"
12866,@vincentfigueroa4463,5 days ago,This INC Music Video is worth sharing. Pagbati po mula sa Lokal ng Baguio City,https://www.youtube.com/watch?v=ROa3kbG5M0U&lc=UgwSX9K1BUwCcMCFCiF4AaABAg,UgwSX9K1BUwCcMCFCiF4AaABAg,UCsoWvmbDybADYWnqo0TbJgg,"Fetched 05/24/2026, 8:08:10 PM GMT+8"
12867,@jennilyn-r7e,5 days ago,Let's Go BENGUET! /  / Tuloy tuloy po sa panunuod ang kapisanang binhi sa Lokal ng Norcar.,https://www.youtube.com/watch?v=ROa3kbG5M0U&lc=Ugy_LGdeZxToRwNuFuJ4AaABAg,Ugy_LGdeZxToRwNuFuJ4AaABAg,UCPCwdp8W7YCSwGyMUgUADEg,"Fetched 05/24/2026, 8:08:10 PM GMT+8"
12868,@ramcelc.lorezco3335,5 days ago,Congrats po #1 na po tayo mga kapatid. tuloy tuloy lang po from lokal ng Loacan,https://www.youtube.com/watch?v=ROa3kbG5M0U&lc=UgwnfS2agsUNOKz2AQh4AaABAg,UgwnfS2agsUNOKz2AQh4AaABAg,UC1VNPpgapsCm-OX-ZQjROUw,"Fetched 05/24/2026, 8:08:10 PM GMT+8"
12869,@JodiOmt,5 days ago,Happy watching po. Pagbati po mula sa Lokal ng Norcar  / Distrito ng Benguet.,https://www.youtube.com/watch?v=ROa3kbG5M0U&lc=UgyrbWVJNfBMv9o1IdB4AaABAg,UgyrbWVJNfBMv9o1IdB4AaABAg,UC1bo8pGRyl8iV_qrsgnOnng,"Fetched 05/24/2026, 8:08:10 PM GMT+8"
12870,@susancostales8489,5 days ago (edited),Maligayang panonood po mga Kapatid Mula sa lokal Ng Baguio city❤ ❤,https://www.youtube.com/watch?v=ROa3kbG5M0U&lc=Ugwm3Zxl_z_v57pbvbx4AaABAg,Ugwm3Zxl_z_v57pbvbx4AaABAg,UCFKcrbpMSec4O6QwhRxv9mg,"Fetched 05/24/2026, 8:08:10 PM GMT+8"
12871,@maritacayabyab1353,5 days ago (edited),"lunch break na po, time to watch and support INCMV Benguet enrty po. mula po sa Local ng Megaroyale Village",https://www.youtube.com/watch?v=ROa3kbG5M0U&lc=UgxorzoQ0mFdsyI0blx4AaABAg,UgxorzoQ0mFdsyI0blx4AaABAg,UCth8QarotfhAh5LQQ30nSQA,"Fetched 05/24/2026, 8:08:10 PM GMT+8"
12872,@jhonalvincapulong3700,5 days ago,Lokal ng HILLSIDE Patuloy na susuporta at makipagkaisa.,https://www.youtube.com/watch?v=ROa3kbG5M0U&lc=Ugw5HbQVmRDGbg9hxul4AaABAg,Ugw5HbQVmRDGbg9hxul4AaABAg,UCUHhlIqTA8U_eWC_d86Hv9Q,"Fetched 05/24/2026, 8:08:10 PM GMT+8"
12873,@bortrivera3052,5 days ago,Happy viewing po everyone from Benguet District Officers. Shout out po Lokal ng Lourdes. Lezzgoooo BENGUET!!! 👊👊,https://www.youtube.com/watch?v=ROa3kbG5M0U&lc=Ugze-iBJEWEhhbnGONN4AaABAg,Ugze-iBJEWEhhbnGONN4AaABAg,UCnzhaVcMY45v7hnySkgTC3A,"Fetched 05/24/2026, 8:08:10 PM GMT+8"
12874,@JodiOmt,5 days ago,Happy watching po. Pagbati po mula sa Lokal ng Norcar  / Distrito ng Benguet.,https://www.youtube.com/watch?v=ROa3kbG5M0U&lc=UgxkqQM9yhUhiccfLyl4AaABAg,UgxkqQM9yhUhiccfLyl4AaABAg,UC1bo8pGRyl8iV_qrsgnOnng,"Fetched 05/24/2026, 8:08:10 PM GMT+8"
12875,@BenguetBalatoc,5 days ago,Happy Viewing po mga Kapatid! 🎉🎉 Tuloy tuloy ang panood From lokal mh Balatoc,https://www.youtube.com/watch?v=ROa3kbG5M0U&lc=Ugx-pL3gNhqCTCJu3Vd4AaABAg,Ugx-pL3gNhqCTCJu3Vd4AaABAg,UCs8DdlximOoPhZ-EJLmg7cw,"Fetched 05/24/2026, 8:08:10 PM GMT+8"
12876,@joellegaspi3790,5 days ago,Magandang tanghali po sa lahat ng mga kapatid sa buong mundo.pagbati po mula sa lokal ng Quezon hill Distrito ng benguet❤❤❤❤❤❤❤❤❤❤❤❤ingat po tayo palagi,https://www.youtube.com/watch?v=ROa3kbG5M0U&lc=UgzQ6-HWvBrQ5tFdD6p4AaABAg,UgzQ6-HWvBrQ5tFdD6p4AaABAg,UCZw8FkQyfzRuaM11uVjt8rw,"Fetched 05/24/2026, 8:08:10 PM GMT+8"
12877,@KarenMaliwat-d6e,5 days ago,Happy viewing po from lokal Ng aurora hill distrito Ng Benguet ❤️❤️❤️❤️,https://www.youtube.com/watch?v=ROa3kbG5M0U&lc=UgzIhddjlrvx_GGNFWx4AaABAg,UgzIhddjlrvx_GGNFWx4AaABAg,UCfVbKf43f2Pt1KjlPjUIWjw,"Fetched 05/24/2026, 8:08:10 PM GMT+8"
12878,@jellyannperez22,5 days ago,Pati mga kiddos nakikisabay na po sa ganda ng Harmony 🎶,https://www.youtube.com/watch?v=ROa3kbG5M0U&lc=UgylIfQ9L_aJslWnNRp4AaABAg,UgylIfQ9L_aJslWnNRp4AaABAg,UCTSBNE6g9859jcHD_BhlU-g,"Fetched 05/24/2026, 8:08:10 PM GMT+8"
12879,@jennilyn-r7e,5 days ago,Let's Go BENGUET! /  / Tuloy tuloy po sa panunuod ang kapisanang binhi sa Lokal ng Norcar.💗💗,https://www.youtube.com/watch?v=ROa3kbG5M0U&lc=UgxYnjogrHVqfEP5zOd4AaABAg,UgxYnjogrHVqfEP5zOd4AaABAg,UCPCwdp8W7YCSwGyMUgUADEg,"Fetched 05/24/2026, 8:08:10 PM GMT+8"
12880,@arlynsadsaddarnayla,5 days ago,Proud supporters po kami from lokal ng Baguio City.💚🤍❤️,https://www.youtube.com/watch?v=ROa3kbG5M0U&lc=UgxIxnB1-38QKLy7Gud4AaABAg,UgxIxnB1-38QKLy7Gud4AaABAg,UCEpebcWdMuh8WoE06IwNIKA,"Fetched 05/24/2026, 8:08:10 PM GMT+8"
12881,@jellyannperez22,5 days ago,Rewatching this on loop.. ang galing po mga kapatid 👏,https://www.youtube.com/watch?v=ROa3kbG5M0U&lc=Ugx8uby89xhsUPVNqdR4AaABAg,Ugx8uby89xhsUPVNqdR4AaABAg,UCTSBNE6g9859jcHD_BhlU-g,"Fetched 05/24/2026, 8:08:10 PM GMT+8"
12882,@bryanpanis4783,5 days ago,"Fight benguet, Marcos Highway",https://www.youtube.com/watch?v=ROa3kbG5M0U&lc=UgxXGuiNBvQyFp1utW54AaABAg,UgxXGuiNBvQyFp1utW54AaABAg,UCzvJIUjfcv4iMiau6UErAbA,"Fetched 05/24/2026, 8:08:10 PM GMT+8"
12883,@jennilyn-r7e,5 days ago,Let's Go BENGUET! /  / Tuloy tuloy po sa panunuod ang kapisanang binhi sa Lokal ng Norcar.,https://www.youtube.com/watch?v=ROa3kbG5M0U&lc=UgyPBPvjWbsVIYYM6Gd4AaABAg,UgyPBPvjWbsVIYYM6Gd4AaABAg,UCPCwdp8W7YCSwGyMUgUADEg,"Fetched 05/24/2026, 8:08:10 PM GMT+8"
12884,@strawberrytaho16,5 days ago,Happy viewing po mula po sa lokal ng aurora hill ❤️,https://www.youtube.com/watch?v=ROa3kbG5M0U&lc=Ugx4cxF-9bsnoqI3rxJ4AaABAg,Ugx4cxF-9bsnoqI3rxJ4AaABAg,UCKrJxTQVZLmSHU1AmjE2khw,"Fetched 05/24/2026, 8:08:10 PM GMT+8"
12885,@alexacanta-d8r,5 days ago (edited),from Baguio City happy viewing po!! / Binabati ko po ang Ka Elaiza Venice Antonio na nagdiriwang ng kaniyang kaarawan!!!❤❤❤,https://www.youtube.com/watch?v=ROa3kbG5M0U&lc=Ugxoj7gQPJvD-238tLl4AaABAg,Ugxoj7gQPJvD-238tLl4AaABAg,UC9OYIvbIzqkOrXHgyDeeApQ,"Fetched 05/24/2026, 8:08:10 PM GMT+8"
12886,@MylaGarcia-y3p,5 days ago,Happy lunch po mga kapatid! / Greetings po sa lahat ng kapatid sa La Trinidad at sa Kadiwa/Binhi District Officers.,https://www.youtube.com/watch?v=ROa3kbG5M0U&lc=UgwPB0l2xdtDqFRtJP54AaABAg,UgwPB0l2xdtDqFRtJP54AaABAg,UC986iCV8EIPka_wTNMTpeBw,"Fetched 05/24/2026, 8:08:10 PM GMT+8"
12887,@arlynsadsaddarnayla,5 days ago,"In our Lord God's great power,you must believe😇❤️🇮🇹 / ❤❤❤Baguio City🇮🇹🇮🇹🇮🇹",https://www.youtube.com/watch?v=ROa3kbG5M0U&lc=UgxUE6jVftndZ3-0AXp4AaABAg,UgxUE6jVftndZ3-0AXp4AaABAg,UCEpebcWdMuh8WoE06IwNIKA,"Fetched 05/24/2026, 8:08:10 PM GMT+8"
12888,@shairacamillecostales2942,5 days ago,Mula po sa lokal ng Baguio City happy viewing po mga kapatid! 😁❤️,https://www.youtube.com/watch?v=ROa3kbG5M0U&lc=Ugws81lBBW0dS7C0pYJ4AaABAg,Ugws81lBBW0dS7C0pYJ4AaABAg,UCWRt65x8M4DxhAXAn6JTSzA,"Fetched 05/24/2026, 8:08:10 PM GMT+8"
12889,@bauzonshendyyy,5 days ago,Happy viewing po from lokal ng Irisan,https://www.youtube.com/watch?v=ROa3kbG5M0U&lc=UgzfA-7BkFratWcYQZV4AaABAg,UgzfA-7BkFratWcYQZV4AaABAg,UCsNZj2uYzZtRmG77MDM9mng,"Fetched 05/24/2026, 8:08:10 PM GMT+8"
12890,@EleanorMislang,5 days ago,Maligayang panonood po mga kapatid.pgbati mula po s lokal ng Baguio city,https://www.youtube.com/watch?v=ROa3kbG5M0U&lc=Ugw4ieKytVj4T_jXqEF4AaABAg,Ugw4ieKytVj4T_jXqEF4AaABAg,UC-SX89r34HKuT1KlN8J7WTA,"Fetched 05/24/2026, 8:08:10 PM GMT+8"
12891,@gabriellehernandez6361,5 days ago,Good job Benguet! Greetings from Lokal ng Balatoc’,https://www.youtube.com/watch?v=ROa3kbG5M0U&lc=UgwjfNY4oh26XGprh1R4AaABAg,UgwjfNY4oh26XGprh1R4AaABAg,UCylnsqG8oZ5h0g9ce8muBzg,"Fetched 05/24/2026, 8:08:10 PM GMT+8"
12892,@shairacamillecostales2942,5 days ago,Mula po sa lokal ng Baguio City happy viewing po mga kapatid! 😁❤️,https://www.youtube.com/watch?v=ROa3kbG5M0U&lc=Ugw22KPJAMf-4KjKXbt4AaABAg,Ugw22KPJAMf-4KjKXbt4AaABAg,UCWRt65x8M4DxhAXAn6JTSzA,"Fetched 05/24/2026, 8:08:10 PM GMT+8"
12893,@bauzonshendyyy,5 days ago,"Let's go Benguet,  from lokal ng Irisan",https://www.youtube.com/watch?v=ROa3kbG5M0U&lc=UgxfgYer8KEmZe-C0dx4AaABAg,UgxfgYer8KEmZe-C0dx4AaABAg,UCsNZj2uYzZtRmG77MDM9mng,"Fetched 05/24/2026, 8:08:10 PM GMT+8"
12894,@shairacamillecostales2942,5 days ago,Mula po sa lokal ng Baguio City happy viewing po mga kapatid! 😁❤️,https://www.youtube.com/watch?v=ROa3kbG5M0U&lc=Ugz5tgy9N2CkJBgoh794AaABAg,Ugz5tgy9N2CkJBgoh794AaABAg,UCWRt65x8M4DxhAXAn6JTSzA,"Fetched 05/24/2026, 8:08:10 PM GMT+8"
12895,@arlynsadsaddarnayla,5 days ago,"💚🤍❤  Great job po sa team.🎉 /  Mula po sa lokal ng Baguio City, full support!",https://www.youtube.com/watch?v=ROa3kbG5M0U&lc=UgxyeWttocYZQD2cLmd4AaABAg,UgxyeWttocYZQD2cLmd4AaABAg,UCEpebcWdMuh8WoE06IwNIKA,"Fetched 05/24/2026, 8:08:10 PM GMT+8"
12896,@alfredoguiang5819,5 days ago,"Gud pm po ,nice move po ng Benguet patuloy lang po,Marcos Hiway ,Benguet",https://www.youtube.com/watch?v=ROa3kbG5M0U&lc=UgzbbFMi6lUzC5QPGMJ4AaABAg,UgzbbFMi6lUzC5QPGMJ4AaABAg,UCXcicHIgZXlT4gvXtL9-mqg,"Fetched 05/24/2026, 8:08:10 PM GMT+8"
12897,@shairacamillecostales2942,5 days ago,Mula po sa lokal ng Baguio City happy viewing po mga kapatid! 😁❤️,https://www.youtube.com/watch?v=ROa3kbG5M0U&lc=UgygQNGoCQbO4dbQZJR4AaABAg,UgygQNGoCQbO4dbQZJR4AaABAg,UCWRt65x8M4DxhAXAn6JTSzA,"Fetched 05/24/2026, 8:08:10 PM GMT+8"
12898,@RosalieS.Escano,5 days ago,Gogo go Benguet 🎉❤️,https://www.youtube.com/watch?v=ROa3kbG5M0U&lc=Ugyyg2Kpph8e3UqbUoJ4AaABAg,Ugyyg2Kpph8e3UqbUoJ4AaABAg,UC12cFb9Bs34Zn05COosHCwg,"Fetched 05/24/2026, 8:08:10 PM GMT+8"
12899,@shairacamillecostales2942,5 days ago,Mula po sa lokal ng Baguio City happy viewing po mga kapatid! 😁❤️,https://www.youtube.com/watch?v=ROa3kbG5M0U&lc=UgxzdUTwSr_YrM9KYQZ4AaABAg,UgxzdUTwSr_YrM9KYQZ4AaABAg,UCWRt65x8M4DxhAXAn6JTSzA,"Fetched 05/24/2026, 8:08:10 PM GMT+8"
12900,@vistalasvegs,5 days ago,Happy watching from Tublay! :),https://www.youtube.com/watch?v=ROa3kbG5M0U&lc=UgzJNG9I0CEt-U3cUj14AaABAg,UgzJNG9I0CEt-U3cUj14AaABAg,UCVsmy1nrppqh7J1yj-Zoi2g,"Fetched 05/24/2026, 8:08:10 PM GMT+8"
12901,@shairacamillecostales2942,5 days ago,Mula po sa lokal ng Baguio City happy viewing po mga kapatid! 😁❤️,https://www.youtube.com/watch?v=ROa3kbG5M0U&lc=UgygAZxQ_yXhCUN_zcZ4AaABAg,UgygAZxQ_yXhCUN_zcZ4AaABAg,UCWRt65x8M4DxhAXAn6JTSzA,"Fetched 05/24/2026, 8:08:10 PM GMT+8"
12902,@shairacamillecostales2942,5 days ago,Mula po sa lokal ng Baguio City happy viewing po mga kapatid! 😁❤️,https://www.youtube.com/watch?v=ROa3kbG5M0U&lc=UgwFSUTVVedve8V3B814AaABAg,UgwFSUTVVedve8V3B814AaABAg,UCWRt65x8M4DxhAXAn6JTSzA,"Fetched 05/24/2026, 8:08:10 PM GMT+8"
12903,@shairacamillecostales2942,5 days ago,Mula po sa lokal ng Baguio City happy viewing po mga kapatid! 😁❤️,https://www.youtube.com/watch?v=ROa3kbG5M0U&lc=UgwCoLui8uSlepsveHR4AaABAg,UgwCoLui8uSlepsveHR4AaABAg,UCWRt65x8M4DxhAXAn6JTSzA,"Fetched 05/24/2026, 8:08:10 PM GMT+8"
12904,@shairacamillecostales2942,5 days ago,Mula po sa lokal ng Baguio City happy viewing po mga kapatid! 😁❤️,https://www.youtube.com/watch?v=ROa3kbG5M0U&lc=Ugy3z7yIp0FV4knAUVZ4AaABAg,Ugy3z7yIp0FV4knAUVZ4AaABAg,UCWRt65x8M4DxhAXAn6JTSzA,"Fetched 05/24/2026, 8:08:10 PM GMT+8"
12905,@shairacamillecostales2942,5 days ago,Mula po sa lokal ng Baguio City happy viewing po mga kapatid! 😁❤️,https://www.youtube.com/watch?v=ROa3kbG5M0U&lc=UgwXSSpoeKc1H4TbcQN4AaABAg,UgwXSSpoeKc1H4TbcQN4AaABAg,UCWRt65x8M4DxhAXAn6JTSzA,"Fetched 05/24/2026, 8:08:10 PM GMT+8"
12906,@neiljeffersonfortin7735,5 days ago,From lokal ng Balatoc! Happy Viewing po! 🎉🎉🎉,https://www.youtube.com/watch?v=ROa3kbG5M0U&lc=Ugy3MPZgPDy5UkyHS2J4AaABAg,Ugy3MPZgPDy5UkyHS2J4AaABAg,UCzMhyS9XhK6L7iy3bwA1bfw,"Fetched 05/24/2026, 8:08:10 PM GMT+8"
12907,@shairacamillecostales2942,5 days ago,Mula po sa lokal ng Baguio City happy viewing po mga kapatid! 😁❤️,https://www.youtube.com/watch?v=ROa3kbG5M0U&lc=UgxF_KRC2WRTEtx4veN4AaABAg,UgxF_KRC2WRTEtx4veN4AaABAg,UCWRt65x8M4DxhAXAn6JTSzA,"Fetched 05/24/2026, 8:08:10 PM GMT+8"
12908,@shairacamillecostales2942,5 days ago,Mula po sa lokal ng Baguio City happy viewing po mga kapatid! 😁❤️,https://www.youtube.com/watch?v=ROa3kbG5M0U&lc=UgyyWCRXibaHt9LZ8p54AaABAg,UgyyWCRXibaHt9LZ8p54AaABAg,UCWRt65x8M4DxhAXAn6JTSzA,"Fetched 05/24/2026, 8:08:10 PM GMT+8"
12909,@shairacamillecostales2942,5 days ago,Mula po sa lokal ng Baguio City happy viewing po mga kapatid! 😁❤️,https://www.youtube.com/watch?v=ROa3kbG5M0U&lc=UgwpBIKVw6jle2B80v54AaABAg,UgwpBIKVw6jle2B80v54AaABAg,UCWRt65x8M4DxhAXAn6JTSzA,"Fetched 05/24/2026, 8:08:10 PM GMT+8"
12910,@shairacamillecostales2942,5 days ago,Mula po sa lokal ng Baguio City happy viewing po mga kapatid! 😁❤️,https://www.youtube.com/watch?v=ROa3kbG5M0U&lc=Ugw0coI5_9J5-bw_JXR4AaABAg,Ugw0coI5_9J5-bw_JXR4AaABAg,UCWRt65x8M4DxhAXAn6JTSzA,"Fetched 05/24/2026, 8:08:10 PM GMT+8"
12911,@shairacamillecostales2942,5 days ago,Mula po sa lokal ng Baguio City happy viewing po mga kapatid! 😁❤️,https://www.youtube.com/watch?v=ROa3kbG5M0U&lc=UgyE-iWPNvHjifh3bZZ4AaABAg,UgyE-iWPNvHjifh3bZZ4AaABAg,UCWRt65x8M4DxhAXAn6JTSzA,"Fetched 05/24/2026, 8:08:10 PM GMT+8"
12912,@JenaelDeniseCemente,5 days ago,Go BENGUET 😊 /  / Happy viewing po from lokal ng City Camp ❤,https://www.youtube.com/watch?v=ROa3kbG5M0U&lc=UgwXyX6gilXfhLD1xKN4AaABAg,UgwXyX6gilXfhLD1xKN4AaABAg,UCmLt3-AkjDFlfFV5Uj3X7Vg,"Fetched 05/24/2026, 8:08:10 PM GMT+8"
12913,@beiajysiloy1360,5 days ago,Let’s Go Benguet ❤👏,https://www.youtube.com/watch?v=ROa3kbG5M0U&lc=UgwU8hKI_ZZ5h9_MFCV4AaABAg,UgwU8hKI_ZZ5h9_MFCV4AaABAg,UC40Oc9-PunSKoO4acSG2aRQ,"Fetched 05/24/2026, 8:08:10 PM GMT+8"
12914,@LovelyMartin,5 days ago,Happy viewing po mga kapatid lokal ng Quezon hill ❤️distrito Ng benguet,https://www.youtube.com/watch?v=ROa3kbG5M0U&lc=UgzkBbBz3fK9rPnQrPh4AaABAg,UgzkBbBz3fK9rPnQrPh4AaABAg,UC4P4e-S8RqqaiwP3R0FikRA,"Fetched 05/24/2026, 8:08:10 PM GMT+8"
12915,@maureenpassian6684,5 days ago (edited),#Benguet Fight! Fight! /  / Magandang Tanghali po mga Kapatid. Pagbati po mula sa kalihiman ng Lokal Ng Bangho.,https://www.youtube.com/watch?v=ROa3kbG5M0U&lc=Ugy-5LkmT-hNfrskgsB4AaABAg,Ugy-5LkmT-hNfrskgsB4AaABAg,UCMwsSjHqXUZ2h2FzdiS-TUA,"Fetched 05/24/2026, 8:08:10 PM GMT+8"
12916,@ambrosioanofojr4444,5 days ago,Happi Lunch po! / KDO at lokal ng Norcar / Let's Go Benguet!,https://www.youtube.com/watch?v=ROa3kbG5M0U&lc=Ugxf1P12P9CNn9T5OWB4AaABAg,Ugxf1P12P9CNn9T5OWB4AaABAg,UCQACOM5LJpxnKpV1DM1bwew,"Fetched 05/24/2026, 8:08:10 PM GMT+8"
12917,@dindofavila7833,5 days ago,"Go go go benguet, victory is almost reach. Let us joint in hand",https://www.youtube.com/watch?v=ROa3kbG5M0U&lc=Ugwdvn-EhlVPYhn7mLZ4AaABAg,Ugwdvn-EhlVPYhn7mLZ4AaABAg,UCGLQ_x6NrwmKL5xcB9ABYjQ,"Fetched 05/24/2026, 8:08:10 PM GMT+8"
12918,@Jerald-z6n,5 days ago,"Magandang Tanghali po mula sa Lokal ng Baguio City, Distrito ng Benguet",https://www.youtube.com/watch?v=ROa3kbG5M0U&lc=UgyC_nygfIJSnV0i9zt4AaABAg,UgyC_nygfIJSnV0i9zt4AaABAg,UC8g_QZnHM6Ifblgpu6cGOqQ,"Fetched 05/24/2026, 8:08:10 PM GMT+8"
12919,@maryannfernandez9408,5 days ago,"happy happy lunch na po sa ating lahat,mula po sa lokal ng Guisad. Happy bday din po kay ka Daphne Mateus, maybahay po ng kapatid na Jeriel Mateus🎉🎉🎉❤❤😊😊",https://www.youtube.com/watch?v=ROa3kbG5M0U&lc=Ugy2OwY_IbWJyPxYHBR4AaABAg,Ugy2OwY_IbWJyPxYHBR4AaABAg,UC6QnYlqIsg0WPmOKL74vIPg,"Fetched 05/24/2026, 8:08:10 PM GMT+8"
12920,@Pogi-s7v,5 days ago,Enjoy lunch mga kapatid. At habang kumakain syempre .... INCMV God's Love  /  / From: Taloy Sur,https://www.youtube.com/watch?v=ROa3kbG5M0U&lc=UgyqEUC_GoZw7iRDFcF4AaABAg,UgyqEUC_GoZw7iRDFcF4AaABAg,UCUoKQr0Va6g_r-CxNXipYEg,"Fetched 05/24/2026, 8:08:10 PM GMT+8"
12921,@emilyancheta6282,5 days ago,Benguet❤❤❤,https://www.youtube.com/watch?v=ROa3kbG5M0U&lc=Ugw8aM9ulUHtTw0hO0Z4AaABAg,Ugw8aM9ulUHtTw0hO0Z4AaABAg,UC06qP_6wvjWV5kV-t6ctdkg,"Fetched 05/24/2026, 8:08:10 PM GMT+8"
12922,@EleanorMislang,5 days ago,Go benguet.from Baguio city,https://www.youtube.com/watch?v=ROa3kbG5M0U&lc=UgweTOZ7Y-vc-nVCO2Z4AaABAg,UgweTOZ7Y-vc-nVCO2Z4AaABAg,UC-SX89r34HKuT1KlN8J7WTA,"Fetched 05/24/2026, 8:08:10 PM GMT+8"
12923,@MagieFavila,5 days ago,Gandang tanghali po sa lahat ng mga kapatid sa buong distrito ng benguet. Masayang panonood po. Mula sa lokal ng posos. ❤❤❤,https://www.youtube.com/watch?v=ROa3kbG5M0U&lc=UgzjlJcWL-U2t0_EdJB4AaABAg,UgzjlJcWL-U2t0_EdJB4AaABAg,UCPxgWF_X8vdxjB9cYpQ6Lew,"Fetched 05/24/2026, 8:08:10 PM GMT+8"
12924,@JosephLambino-l9d,5 days ago,Mula po SA lokal NG philex maligayang panonood po SA ating LAHAT po. district of benguet,https://www.youtube.com/watch?v=ROa3kbG5M0U&lc=Ugw1B13neuWptov2hW54AaABAg,Ugw1B13neuWptov2hW54AaABAg,UCi4OFAO8CWqxrvlfLCLAgKw,"Fetched 05/24/2026, 8:08:10 PM GMT+8"
12925,@imefayesiloy31,5 days ago,Go Benguet !!! Happy viewing po sa lahat !! Shoutout po sa mga taga Lokal ng Bangho :),https://www.youtube.com/watch?v=ROa3kbG5M0U&lc=UgxAWBsaZ8e5IRmf_qd4AaABAg,UgxAWBsaZ8e5IRmf_qd4AaABAg,UCs8eCazVt6SDzPkBeg60zuw,"Fetched 05/24/2026, 8:08:10 PM GMT+8"
12926,@BELLEZAWinnieG,5 days ago,#GO BENGUET / Happy viewing froM  local ng SAYATAN ❤,https://www.youtube.com/watch?v=ROa3kbG5M0U&lc=UgwBuy8CK_9SvrjJR7l4AaABAg,UgwBuy8CK_9SvrjJR7l4AaABAg,UCb1yUxTrer1cK7waKLEboEQ,"Fetched 05/24/2026, 8:08:10 PM GMT+8"
12927,@VeronicaChagwaten,5 days ago,Happy birthday pp ka Daphne mula po sa lokal ng GUISAD. Go BENGUET!,https://www.youtube.com/watch?v=ROa3kbG5M0U&lc=UgxvxXcnpeJa2P6Jp-h4AaABAg,UgxvxXcnpeJa2P6Jp-h4AaABAg,UCPR3nI3fsT6mDRxfzGn-p7w,"Fetched 05/24/2026, 8:08:10 PM GMT+8"
12928,@nomigekaboom,5 days ago,Benguet#1,https://www.youtube.com/watch?v=ROa3kbG5M0U&lc=Ugzl-oxx6l_kPlG64lt4AaABAg,Ugzl-oxx6l_kPlG64lt4AaABAg,UCF2GUDo_5loMW6WzkEGFx3Q,"Fetched 05/24/2026, 8:08:10 PM GMT+8"
12929,@RhyndylynAlmazan,5 days ago,Congratulations Benguet for reaching 37k views ❤❤❤. /  / Tuloy tuloy pong pagsuporta at pakikinig mula sa Lokal ng Norcar. ❤❤ /  / Kaway kaway mga Kadiwa 👋👋👋,https://www.youtube.com/watch?v=ROa3kbG5M0U&lc=UgyQeAp6SuJCd0YNpk54AaABAg,UgyQeAp6SuJCd0YNpk54AaABAg,UCMghc-KkDEZPqnTXiV0hZfw,"Fetched 05/24/2026, 8:08:10 PM GMT+8"
12930,@IssahCastillo,5 days ago,Sa Ama ang Kapurihan!!! GO BENGUET❤❤❤ Deserve mag top 1🎉,https://www.youtube.com/watch?v=ROa3kbG5M0U&lc=UgyMjUGqT6SdObcsnYV4AaABAg,UgyMjUGqT6SdObcsnYV4AaABAg,UCqm6XNrR9MqzQyo0aaO23Tw,"Fetched 05/24/2026, 8:08:10 PM GMT+8"
12931,@arlynsadsaddarnayla,5 days ago,Go Benguet! Happy watching from Locale of Baguio city🇮🇹,https://www.youtube.com/watch?v=ROa3kbG5M0U&lc=UgyuBfSE8_k57oXpiBV4AaABAg,UgyuBfSE8_k57oXpiBV4AaABAg,UCEpebcWdMuh8WoE06IwNIKA,"Fetched 05/24/2026, 8:08:10 PM GMT+8"
12932,@RhyndylynAlmazan,5 days ago,Happy listening po uli❤❤❤ /  / ❤ Lokal ng Norcar  / ❤ Kadiwa,https://www.youtube.com/watch?v=ROa3kbG5M0U&lc=UgyiY_PirNvOAcc66UF4AaABAg,UgyiY_PirNvOAcc66UF4AaABAg,UCMghc-KkDEZPqnTXiV0hZfw,"Fetched 05/24/2026, 8:08:10 PM GMT+8"
12933,@nomigekaboom,5 days ago,Go Benguet! / Fight Fight Fight ❤❤❤,https://www.youtube.com/watch?v=ROa3kbG5M0U&lc=Ugz8n8gScJ6EOI7Je2x4AaABAg,Ugz8n8gScJ6EOI7Je2x4AaABAg,UCF2GUDo_5loMW6WzkEGFx3Q,"Fetched 05/24/2026, 8:08:10 PM GMT+8"
12934,@DennisAbalos-v8w3w,5 days ago,happy viewing po from lokal Aurora Hill distrito ng Benguet,https://www.youtube.com/watch?v=ROa3kbG5M0U&lc=Ugyveq-2CQcUNkw46xB4AaABAg,Ugyveq-2CQcUNkw46xB4AaABAg,UCIgHsXa5Wat5DNIdccCUqPQ,"Fetched 05/24/2026, 8:08:10 PM GMT+8"
12935,@agudongdencebaylorb.6757,5 days ago,"Sending virtual hugs from Baguio City, Benguet!",https://www.youtube.com/watch?v=ROa3kbG5M0U&lc=UgzHGclnooTHnOIZ52N4AaABAg,UgzHGclnooTHnOIZ52N4AaABAg,UCk7OB5KugstrmQSDU7Q4lDQ,"Fetched 05/24/2026, 8:08:10 PM GMT+8"
12936,@agudongdencebaylorb.6757,5 days ago,"Another beautiful day in Baguio City, Benguet!",https://www.youtube.com/watch?v=ROa3kbG5M0U&lc=UgwgV5_G4hEQ5OunAEp4AaABAg,UgwgV5_G4hEQ5OunAEp4AaABAg,UCk7OB5KugstrmQSDU7Q4lDQ,"Fetched 05/24/2026, 8:08:10 PM GMT+8"
12937,@agudongdencebaylorb.6757,5 days ago,"Enjoy life and stay happy from Baguio City, Benguet!",https://www.youtube.com/watch?v=ROa3kbG5M0U&lc=UgyyYH6GQpNy1oN-QpJ4AaABAg,UgyyYH6GQpNy1oN-QpJ4AaABAg,UCk7OB5KugstrmQSDU7Q4lDQ,"Fetched 05/24/2026, 8:08:10 PM GMT+8"
12938,@agudongdencebaylorb.6757,5 days ago,"Warm greetings despite the cold weather in Baguio City, Benguet!",https://www.youtube.com/watch?v=ROa3kbG5M0U&lc=Ugy2YX8QN22ahooI8CF4AaABAg,Ugy2YX8QN22ahooI8CF4AaABAg,UCk7OB5KugstrmQSDU7Q4lDQ,"Fetched 05/24/2026, 8:08:10 PM GMT+8"
12939,@agudongdencebaylorb.6757,5 days ago,"God bless po from Baguio City, Benguet!",https://www.youtube.com/watch?v=ROa3kbG5M0U&lc=UgzJrkYjHEhHgiP4NN94AaABAg,UgzJrkYjHEhHgiP4NN94AaABAg,UCk7OB5KugstrmQSDU7Q4lDQ,"Fetched 05/24/2026, 8:08:10 PM GMT+8"
12940,@agudongdencebaylorb.6757,5 days ago,"Keep safe everyone here in Baguio City, Benguet!",https://www.youtube.com/watch?v=ROa3kbG5M0U&lc=UgxMGtTCyRO9O6IiON54AaABAg,UgxMGtTCyRO9O6IiON54AaABAg,UCk7OB5KugstrmQSDU7Q4lDQ,"Fetched 05/24/2026, 8:08:10 PM GMT+8"
12941,@agudongdencebaylorb.6757,5 days ago,"Happy Tuesday from Baguio City, Benguet!",https://www.youtube.com/watch?v=ROa3kbG5M0U&lc=UgwaoCcqvzWXFj_2xeB4AaABAg,UgwaoCcqvzWXFj_2xeB4AaABAg,UCk7OB5KugstrmQSDU7Q4lDQ,"Fetched 05/24/2026, 8:08:10 PM GMT+8"
12942,@agudongdencebaylorb.6757,5 days ago,"Sending peaceful vibes from Baguio City, Benguet!",https://www.youtube.com/watch?v=ROa3kbG5M0U&lc=Ugxmz5rFB7Hy2JbcEFx4AaABAg,Ugxmz5rFB7Hy2JbcEFx4AaABAg,UCk7OB5KugstrmQSDU7Q4lDQ,"Fetched 05/24/2026, 8:08:10 PM GMT+8"
12943,@agudongdencebaylorb.6757,5 days ago,"Hope you all have a productive day from Baguio City, Benguet!",https://www.youtube.com/watch?v=ROa3kbG5M0U&lc=Ugz2tkNDm-RxNFxw2mF4AaABAg,Ugz2tkNDm-RxNFxw2mF4AaABAg,UCk7OB5KugstrmQSDU7Q4lDQ,"Fetched 05/24/2026, 8:08:10 PM GMT+8"
12944,@aizelfuchigami842,5 days ago,Lokal ng Quezon Hill Distrito ng Benguet 🇮🇹🎼🎵🎶,https://www.youtube.com/watch?v=ROa3kbG5M0U&lc=UgxmwrJQ7En_QZZ68s94AaABAg,UgxmwrJQ7En_QZZ68s94AaABAg,UCAxDQnCZxAvsB6YgYjSR1nQ,"Fetched 05/24/2026, 8:08:10 PM GMT+8"
12945,@jenniferbautista2545,5 days ago,Happy viewing po from city camp benguet❤,https://www.youtube.com/watch?v=ROa3kbG5M0U&lc=UgxoPWWN6gGl7_c8Vkp4AaABAg,UgxoPWWN6gGl7_c8Vkp4AaABAg,UCxCpFTwnkoV14QuZlAzs23Q,"Fetched 05/24/2026, 8:08:10 PM GMT+8"
12946,@arlynsadsaddarnayla,5 days ago,Deserve po nito ang lahat ng pagkilala. Lokal ng Baguio City here!🎉,https://www.youtube.com/watch?v=ROa3kbG5M0U&lc=Ugzd7lBJV34grIynYfd4AaABAg,Ugzd7lBJV34grIynYfd4AaABAg,UCEpebcWdMuh8WoE06IwNIKA,"Fetched 05/24/2026, 8:08:10 PM GMT+8"
12947,@jenniferbautista2545,5 days ago,Go.go.go for number 1 benguet,https://www.youtube.com/watch?v=ROa3kbG5M0U&lc=UgzuXie4ZbaDdvWlhFF4AaABAg,UgzuXie4ZbaDdvWlhFF4AaABAg,UCxCpFTwnkoV14QuZlAzs23Q,"Fetched 05/24/2026, 8:08:10 PM GMT+8"
12948,@gelo4828,5 days ago,Goodmorning po! Happy Viewing From District of Benguet! /  / -Kadiwa,https://www.youtube.com/watch?v=ROa3kbG5M0U&lc=UgxOOJu9w21sUeIGfmF4AaABAg,UgxOOJu9w21sUeIGfmF4AaABAg,UCydnW0LoOckk7rQFQbEbI_g,"Fetched 05/24/2026, 8:08:10 PM GMT+8"
12949,@khatymendoza167,5 days ago,Happy viewing po from local po ng quezon hill..,https://www.youtube.com/watch?v=ROa3kbG5M0U&lc=UgzmlsNeWGldonRhxNV4AaABAg,UgzmlsNeWGldonRhxNV4AaABAg,UCH6RvlaQ7kpX51GyHOyMEBA,"Fetched 05/24/2026, 8:08:10 PM GMT+8"
12950,@jenniferbautista2545,5 days ago,God's loved / Go benguet,https://www.youtube.com/watch?v=ROa3kbG5M0U&lc=UgzXdGMTAZ6grkOEz3x4AaABAg,UgzXdGMTAZ6grkOEz3x4AaABAg,UCxCpFTwnkoV14QuZlAzs23Q,"Fetched 05/24/2026, 8:08:10 PM GMT+8"
12951,@jenniferbautista2545,5 days ago,"Happy viewing po,city camp,benguet",https://www.youtube.com/watch?v=ROa3kbG5M0U&lc=UgxQe9podZUa8699i2d4AaABAg,UgxQe9podZUa8699i2d4AaABAg,UCxCpFTwnkoV14QuZlAzs23Q,"Fetched 05/24/2026, 8:08:10 PM GMT+8"
12952,@johndexter2139,5 days ago,Binabati ko po lahat ng TSV officers Distrito ng Benguet  lokal ng Baguio,https://www.youtube.com/watch?v=ROa3kbG5M0U&lc=Ugw1a2oA5e8zKkk_jOl4AaABAg,Ugw1a2oA5e8zKkk_jOl4AaABAg,UCUKVY1U2xLSWXWJW4j_uX2w,"Fetched 05/24/2026, 8:08:10 PM GMT+8"
12953,@NorbertoMislang-k1f,5 days ago,Go benguet / Go Baguio City❤❤❤❤❤,https://www.youtube.com/watch?v=ROa3kbG5M0U&lc=UgyA_0jol4Uj2nGl86Z4AaABAg,UgyA_0jol4Uj2nGl86Z4AaABAg,UCHrMwbP6cIZPIlWf5nvI8dA,"Fetched 05/24/2026, 8:08:10 PM GMT+8"
12954,@kristonleefuchigami3643,5 days ago,Go Benguet Lokal Ng Quezon Hill,https://www.youtube.com/watch?v=ROa3kbG5M0U&lc=UgyArbYJ90ERkFYYEbh4AaABAg,UgyArbYJ90ERkFYYEbh4AaABAg,UCOZ4eM5oab1qQPoV6luV52w,"Fetched 05/24/2026, 8:08:10 PM GMT+8"
12955,@daisycastaneda7972,5 days ago,"LETS GO KALHIMAN MG BAGUIO  CITY ,FULL  SUPPORT  ,BENGUET  ENTRY  FOR THE WIN. / KALIHIMAN / REGISTRY. / BAGUIO  CITY.",https://www.youtube.com/watch?v=ROa3kbG5M0U&lc=UgxitIx0km4BawjtmQh4AaABAg,UgxitIx0km4BawjtmQh4AaABAg,UCD3NlGp4eLYcR2RGC7FwnKQ,"Fetched 05/24/2026, 8:08:10 PM GMT+8"
12956,@jenniferbautista2545,5 days ago,"God's love / Go baguio,benguet",https://www.youtube.com/watch?v=ROa3kbG5M0U&lc=UgzRV_Mha0DIQoo3wCt4AaABAg,UgzRV_Mha0DIQoo3wCt4AaABAg,UCxCpFTwnkoV14QuZlAzs23Q,"Fetched 05/24/2026, 8:08:10 PM GMT+8"
12957,@femanzano786,5 days ago,"Happy viewing to all brethren  in the world. From local of Aurora Hill, District of Benguet!!!!",https://www.youtube.com/watch?v=ROa3kbG5M0U&lc=Ugzo5-d5GqWrNkmpnH94AaABAg,Ugzo5-d5GqWrNkmpnH94AaABAg,UCSO8wW0Z68rjkiARMOmA7IA,"Fetched 05/24/2026, 8:08:10 PM GMT+8"
12958,@elovzbandong,5 days ago,Go Benguet happy viewing po,https://www.youtube.com/watch?v=ROa3kbG5M0U&lc=UgyBJPWK0S13_EQ7ivJ4AaABAg,UgyBJPWK0S13_EQ7ivJ4AaABAg,UC7Ubr0w78loLhVVx1_lhWcA,"Fetched 05/24/2026, 8:08:10 PM GMT+8"
12959,@johndexter2139,5 days ago,God's love from Distrito ng Benguet lokal ng Baguio City,https://www.youtube.com/watch?v=ROa3kbG5M0U&lc=Ugy3kxq5bIz8xw6qk-p4AaABAg,Ugy3kxq5bIz8xw6qk-p4AaABAg,UCUKVY1U2xLSWXWJW4j_uX2w,"Fetched 05/24/2026, 8:08:10 PM GMT+8"
12960,@jenniferbautista2545,5 days ago,Happy viewing po likal ng city camp distrito ng benguet,https://www.youtube.com/watch?v=ROa3kbG5M0U&lc=Ugxk7xykuG3YQuSor9d4AaABAg,Ugxk7xykuG3YQuSor9d4AaABAg,UCxCpFTwnkoV14QuZlAzs23Q,"Fetched 05/24/2026, 8:08:10 PM GMT+8"
12961,@aizelfuchigami842,5 days ago,Fighting Benguet  / Lokal ng Quezon Hill,https://www.youtube.com/watch?v=ROa3kbG5M0U&lc=UgwqeePCeMJ9CZ6934F4AaABAg,UgwqeePCeMJ9CZ6934F4AaABAg,UCAxDQnCZxAvsB6YgYjSR1nQ,"Fetched 05/24/2026, 8:08:10 PM GMT+8"
12962,@mayvehn,5 days ago,😊It’s through His / L❤VE / That you are Now  / Who You Are😊 / Kapisanang Buklod / Lokal ng Atok Gold,https://www.youtube.com/watch?v=ROa3kbG5M0U&lc=UgwEY_SoRzgNJaTG5ap4AaABAg,UgwEY_SoRzgNJaTG5ap4AaABAg,UCivhdJ2CQeLK8tlG7Wh2BSQ,"Fetched 05/24/2026, 8:08:10 PM GMT+8"
12963,@EleanorMislang,5 days ago,Happy lunch time po ksabay ng pnonood ng entry ng ating distrito.from Baguio city,https://www.youtube.com/watch?v=ROa3kbG5M0U&lc=Ugz-BEUPnG7PgiaYkgt4AaABAg,Ugz-BEUPnG7PgiaYkgt4AaABAg,UC-SX89r34HKuT1KlN8J7WTA,"Fetched 05/24/2026, 8:08:10 PM GMT+8"
12964,@arlynsadsaddarnayla,5 days ago,Support from lokal ng Baguio City.💚🤍❤️,https://www.youtube.com/watch?v=ROa3kbG5M0U&lc=UgzVZL7OzfttIv7stBp4AaABAg,UgzVZL7OzfttIv7stBp4AaABAg,UCEpebcWdMuh8WoE06IwNIKA,"Fetched 05/24/2026, 8:08:10 PM GMT+8"
12965,@aizelfuchigami842,5 days ago,Fight Fight Fight Benguet! / Lokal ng Quezon Hill,https://www.youtube.com/watch?v=ROa3kbG5M0U&lc=Ugy4hDHEMLzB8xLjLGt4AaABAg,Ugy4hDHEMLzB8xLjLGt4AaABAg,UCAxDQnCZxAvsB6YgYjSR1nQ,"Fetched 05/24/2026, 8:08:10 PM GMT+8"
12966,@mayvehn,5 days ago,❤God's  LOVE / His /        wondrous. /                 L❤VE / 😊😊🎉🎉🎉😊😊 / Kapisanang Buklod / Lokal ng Atok Gold,https://www.youtube.com/watch?v=ROa3kbG5M0U&lc=UgyPLChl5ca-j-CZ2FZ4AaABAg,UgyPLChl5ca-j-CZ2FZ4AaABAg,UCivhdJ2CQeLK8tlG7Wh2BSQ,"Fetched 05/24/2026, 8:08:10 PM GMT+8"
12967,@Julskie28,5 days ago,Let's Let's Benguet 🎉❤ /  / Top 1 na tayo! Tuloy tuloy lang tayo! /  / Happy lunch and happy viewing po sa ating lahat! /  / From KADIWAs of benguet 🎉 / Lokal ng Guisad 🎉,https://www.youtube.com/watch?v=ROa3kbG5M0U&lc=Ugzs1Byyx8VbdcH_Cox4AaABAg,Ugzs1Byyx8VbdcH_Cox4AaABAg,UC1nz0UiWHV8lyoQdZtJejeg,"Fetched 05/24/2026, 8:08:10 PM GMT+8"
12968,@mayvehn,5 days ago,It’s through / His L❤VE / That your days / Are Bright as / The Sun☀ / Kapisanang Buklod / Lokal ng Atok Gold,https://www.youtube.com/watch?v=ROa3kbG5M0U&lc=Ugy4r-9vbLbgPpZ1YkZ4AaABAg,Ugy4r-9vbLbgPpZ1YkZ4AaABAg,UCivhdJ2CQeLK8tlG7Wh2BSQ,"Fetched 05/24/2026, 8:08:10 PM GMT+8"
12969,@Kris-t2c3w,5 days ago,Happy lunch po sa ating lahat🌟! Enjoy the video and happy watching po 😊🫶💖 / -Lokal ng La Trinidad,https://www.youtube.com/watch?v=ROa3kbG5M0U&lc=Ugyrevbz4D9gwPOQs6V4AaABAg,Ugyrevbz4D9gwPOQs6V4AaABAg,UC2lYdlqDj3_tl0-uR11174A,"Fetched 05/24/2026, 8:08:10 PM GMT+8"
12970,@aizelfuchigami842,5 days ago,Go Benguet!  / Lokal ng Quezon Hill,https://www.youtube.com/watch?v=ROa3kbG5M0U&lc=Ugy9RdpeYHuEzB3gJNR4AaABAg,Ugy9RdpeYHuEzB3gJNR4AaABAg,UCAxDQnCZxAvsB6YgYjSR1nQ,"Fetched 05/24/2026, 8:08:10 PM GMT+8"
12971,@mayvehn,5 days ago,"Let God / set you Free / and you'll find out / exactly where / you're meant to be"" / Kapisanang Buklod / ❤lokal ng atok gold❤",https://www.youtube.com/watch?v=ROa3kbG5M0U&lc=UgxWGgJ_39hS_9pP7px4AaABAg,UgxWGgJ_39hS_9pP7px4AaABAg,UCivhdJ2CQeLK8tlG7Wh2BSQ,"Fetched 05/24/2026, 8:08:10 PM GMT+8"
12972,@mayvehn,5 days ago,☀☀a new  / Day.brings / HOPE / For a change / In the weather🌦☀ / Kapisanang Buklod / Lokal ng atok gold,https://www.youtube.com/watch?v=ROa3kbG5M0U&lc=UgyIufnWhFik1hUbyyN4AaABAg,UgyIufnWhFik1hUbyyN4AaABAg,UCivhdJ2CQeLK8tlG7Wh2BSQ,"Fetched 05/24/2026, 8:08:10 PM GMT+8"
12973,@luibustamante9493,5 days ago,Happy viewing mga kapatid. Binabati ko lahat ng maytungkulin sa Lokal ng Tuba pangunahin po ang mga mang-aawit at Kadiwa. 🤗🤗🤗 /  / Keep on supporting God's Love po. /  / LET'S GO BENGUET!🎉🎉🎉🎉,https://www.youtube.com/watch?v=ROa3kbG5M0U&lc=UgzhgcghJOJoeyeDrNd4AaABAg,UgzhgcghJOJoeyeDrNd4AaABAg,UCFAmrhDmv6rvZrQoYp-IS9w,"Fetched 05/24/2026, 8:08:10 PM GMT+8"
12974,@daisycastaneda7972,5 days ago,"GO ! FOR THE WIN BENGUET,   / BAGUIO  CITY ALL THE WAY FULL  SUPPORT",https://www.youtube.com/watch?v=ROa3kbG5M0U&lc=Ugzlofyphz4Y9XNY1HV4AaABAg,Ugzlofyphz4Y9XNY1HV4AaABAg,UCD3NlGp4eLYcR2RGC7FwnKQ,"Fetched 05/24/2026, 8:08:10 PM GMT+8"
12975,@mayvehn,5 days ago,😊 / I know / But I swear / It gets better…. / Kapisanang Buklod / 😊lokal ng atok gold😊,https://www.youtube.com/watch?v=ROa3kbG5M0U&lc=UgyOOoL5BoWFrtYVGK54AaABAg,UgyOOoL5BoWFrtYVGK54AaABAg,UCivhdJ2CQeLK8tlG7Wh2BSQ,"Fetched 05/24/2026, 8:08:10 PM GMT+8"
12976,@aizelfuchigami842,5 days ago,Happy lunch Happy viewing!  / Lokal ng Quezon Hill Distrito ng Quezon,https://www.youtube.com/watch?v=ROa3kbG5M0U&lc=UgxgQIjF-iMgXQ0llgd4AaABAg,UgxgQIjF-iMgXQ0llgd4AaABAg,UCAxDQnCZxAvsB6YgYjSR1nQ,"Fetched 05/24/2026, 8:08:10 PM GMT+8"
12977,@NorbertoMislang-k1f,5 days ago,Go benguet / Go Baguio City❤❤❤❤❤,https://www.youtube.com/watch?v=ROa3kbG5M0U&lc=Ugy68tEdA-JVf659moZ4AaABAg,Ugy68tEdA-JVf659moZ4AaABAg,UCHrMwbP6cIZPIlWf5nvI8dA,"Fetched 05/24/2026, 8:08:10 PM GMT+8"
12978,@femanzano786,5 days ago,We can do it Benguet!!!!,https://www.youtube.com/watch?v=ROa3kbG5M0U&lc=UgwMGcqCn0ebHuRyA5F4AaABAg,UgwMGcqCn0ebHuRyA5F4AaABAg,UCSO8wW0Z68rjkiARMOmA7IA,"Fetched 05/24/2026, 8:08:10 PM GMT+8"
12979,@mayvehn,5 days ago,😊and when / LIFE / Brings you / To you knees… / 😢😢😢 / Kapisanang Buklod / Lokal ng atok gold,https://www.youtube.com/watch?v=ROa3kbG5M0U&lc=UgwLGiDwVIQVxpUBVTR4AaABAg,UgwLGiDwVIQVxpUBVTR4AaABAg,UCivhdJ2CQeLK8tlG7Wh2BSQ,"Fetched 05/24/2026, 8:08:10 PM GMT+8"
12980,@RhyndylynAlmazan,5 days ago,Muling pakikinig po mula sa Lokal ng Norcar. / Happy lunch po. /  / ❤Kadiwa,https://www.youtube.com/watch?v=ROa3kbG5M0U&lc=Ugz-l8u-b4N2Vz9bdCd4AaABAg,Ugz-l8u-b4N2Vz9bdCd4AaABAg,UCMghc-KkDEZPqnTXiV0hZfw,"Fetched 05/24/2026, 8:08:10 PM GMT+8"
12981,@nathaniellumague7284,5 days ago,Happy lunch po mga kapatid!  / Baguio Benguet,https://www.youtube.com/watch?v=ROa3kbG5M0U&lc=UgyUx7JtLqNUMeP4VSx4AaABAg,UgyUx7JtLqNUMeP4VSx4AaABAg,UCTJA1TRnXjd8SifkpIm-6NA,"Fetched 05/24/2026, 8:08:10 PM GMT+8"
12982,@johndexter2139,5 days ago,Fight fight fight Distrito ng Benguet Lokal ng Baguio!,https://www.youtube.com/watch?v=ROa3kbG5M0U&lc=UgwwAqqCJh0z64zZZiR4AaABAg,UgwwAqqCJh0z64zZZiR4AaABAg,UCUKVY1U2xLSWXWJW4j_uX2w,"Fetched 05/24/2026, 8:08:10 PM GMT+8"
12983,@Jazz-k6s,5 days ago,Shout out po sa aming pangulong binhi sa lokal ng La Trinidad ate cassey sy gonzales na hindi pinapabayaan ang mga binhi keep it up ate /  / #latrinidad / #binhi,https://www.youtube.com/watch?v=ROa3kbG5M0U&lc=UgxVcmezNVST912wDhl4AaABAg,UgxVcmezNVST912wDhl4AaABAg,UCjmyu8zkVg7bQQCs4HypxNQ,"Fetched 05/24/2026, 8:08:10 PM GMT+8"
12984,@bervondaquisio4596,5 days ago,Happy Viewing to everyone!!! / Let's Go Benguet!!!,https://www.youtube.com/watch?v=ROa3kbG5M0U&lc=UgzgRZ6uBjTolxtLo_Z4AaABAg,UgzgRZ6uBjTolxtLo_Z4AaABAg,UC1lQcloLlUzpjaeG2pEcTYQ,"Fetched 05/24/2026, 8:08:10 PM GMT+8"
12985,@arlynsadsaddarnayla,5 days ago,Go Benguet🎉 / From Baguio city po❤,https://www.youtube.com/watch?v=ROa3kbG5M0U&lc=Ugyloo84ATF8E34mj554AaABAg,Ugyloo84ATF8E34mj554AaABAg,UCEpebcWdMuh8WoE06IwNIKA,"Fetched 05/24/2026, 8:08:10 PM GMT+8"
12986,@fernandezjim,5 days ago,"Lokal Ng Aurora Hill, benguet. Bumabati po sa lahat ng kapatid. Ingat po. Godbless po.",https://www.youtube.com/watch?v=ROa3kbG5M0U&lc=UgxH2aLUy1hE6FwZnn94AaABAg,UgxH2aLUy1hE6FwZnn94AaABAg,UCOvRXk98NNW7cIG1E7-RSVQ,"Fetched 05/24/2026, 8:08:10 PM GMT+8"
12987,@daisycastaneda7972,5 days ago,"LETS GO PUROK  4,10,12 WATCH AND COMMENT NA PO ULI  TAYO. / KALIHIMAN, BAGUIO  CITY.",https://www.youtube.com/watch?v=ROa3kbG5M0U&lc=Ugx4kl7ZSWcd_p4sR494AaABAg,Ugx4kl7ZSWcd_p4sR494AaABAg,UCD3NlGp4eLYcR2RGC7FwnKQ,"Fetched 05/24/2026, 8:08:10 PM GMT+8"
12988,@jonieyonga-an5239,5 days ago,Number 1 na tayo Benguetttt!!!! /  / Let's gooo! / Habang kumakain ay sabay nanonood Ng MV na ito❤ /  / Tuloy tuloy lng Po sa suporta mga kapatid. / Lalo na sa mga kasama natin sa Kadiwa at binhi!!🎉Shout out Po sainyo.. /  / Mula Po sa lokal Ng NORCAR!!!!!❤,https://www.youtube.com/watch?v=ROa3kbG5M0U&lc=UgxZm0Lpzj30DgOO_Id4AaABAg,UgxZm0Lpzj30DgOO_Id4AaABAg,UCgUo3JP_Fffuctza4bUumJg,"Fetched 05/24/2026, 8:08:10 PM GMT+8"
12989,@Its_Handsome_Kurtzky5442,5 days ago,Happy Lunch po mga Kapatid / Still supporting our entry po /  / Mula po sa Lokal ng Tuba Distrito ng Benguet /  / Fight! Fight! Fight! BENGUET 🎉🎉,https://www.youtube.com/watch?v=ROa3kbG5M0U&lc=Ugxm5LFhB1HlIaCXEwR4AaABAg,Ugxm5LFhB1HlIaCXEwR4AaABAg,UC8-5OKyruhxurhAkxdT5SlQ,"Fetched 05/24/2026, 8:08:10 PM GMT+8"
12990,@KASHUMIII和美,5 days ago (edited),Happy viewing po mula po sa Lokal Ng Quezon Hill Distrito Ng Benguet,https://www.youtube.com/watch?v=ROa3kbG5M0U&lc=UgxQf5SFNPYLN63ECt14AaABAg,UgxQf5SFNPYLN63ECt14AaABAg,UCbYjai8x68L62h_z_EBSXqw,"Fetched 05/24/2026, 8:08:10 PM GMT+8"
12991,@GreySantino,5 days ago,happy viewing po dito sa lokal ng baguio city ❤,https://www.youtube.com/watch?v=ROa3kbG5M0U&lc=UgwqCvNSKvZ8MeJLHCR4AaABAg,UgwqCvNSKvZ8MeJLHCR4AaABAg,UCgmH8Vmu8sdTmagiLke9JGA,"Fetched 05/24/2026, 8:08:10 PM GMT+8"
12992,@lorenadayrit717,5 days ago,Happy lunchtime while watching God's Love ❤️ mula po sa Lokal ng Marcos Highway,https://www.youtube.com/watch?v=ROa3kbG5M0U&lc=UgyauOZdd7Bph_DigRZ4AaABAg,UgyauOZdd7Bph_DigRZ4AaABAg,UCrPPwaufcYIiawsIhyRnlZQ,"Fetched 05/24/2026, 8:08:10 PM GMT+8"
12993,@GreySantino,5 days ago,go Benguet 🎉,https://www.youtube.com/watch?v=ROa3kbG5M0U&lc=UgwS-QsnumYKjuBqrwR4AaABAg,UgwS-QsnumYKjuBqrwR4AaABAg,UCgmH8Vmu8sdTmagiLke9JGA,"Fetched 05/24/2026, 8:08:10 PM GMT+8"
12994,@dandyromero6068,5 days ago,Hi po sa lahat ng mga kapatid sa buong buong mundo pagbati po mula d2 sa lokal ng GIBRALTAR distrito ng Benguet at binabati po namin ang aming mahal n Tagapangasiwa ang ka Ardy Mendoza fr.Romero family,https://www.youtube.com/watch?v=ROa3kbG5M0U&lc=UgzxPGbfOY1NnSHLVqF4AaABAg,UgzxPGbfOY1NnSHLVqF4AaABAg,UCnqxxuLZ4sipMRJbdxA1c9Q,"Fetched 05/24/2026, 8:08:10 PM GMT+8"
12995,@jazz-m7b,5 days ago,Shout po sa aming pangulong binhi sa lokal ng La Trinidad  / Ka Cassey Sy Gonzales na di pinapabayaan angga BINHI Salamat ate keep it up🌱🌱 /  / #latrinidad / #Binhi,https://www.youtube.com/watch?v=ROa3kbG5M0U&lc=UgzC6wDaAttFgElfVbJ4AaABAg,UgzC6wDaAttFgElfVbJ4AaABAg,UCNB-zyitm7U6Yt835DEKclA,"Fetched 05/24/2026, 8:08:10 PM GMT+8"
12996,@meriamdaniwis7940,5 days ago,"Happy viewing mga kapatid..watching fr.Ambiong Lokal,Distrito ng Benguet",https://www.youtube.com/watch?v=ROa3kbG5M0U&lc=UgzIN1eaKALkAwiVkv54AaABAg,UgzIN1eaKALkAwiVkv54AaABAg,UCJd30xrIZSKtM-TXmHe02WQ,"Fetched 05/24/2026, 8:08:10 PM GMT+8"
12997,@danielsangalang4416,5 days ago,FIGHT FIGHT FIGHT BENGUET!!! /  / BAGUIO CITY,https://www.youtube.com/watch?v=ROa3kbG5M0U&lc=UgwBhY3qIj6p5EWSjut4AaABAg,UgwBhY3qIj6p5EWSjut4AaABAg,UCd83g5cGg_Es6Qyl02u7jdw,"Fetched 05/24/2026, 8:08:10 PM GMT+8"
12998,@klarrb,5 days ago,Go Benguet! ❤ / Happy viewing po sa lahat😊 greetings po mula sa Lokal ng Norcar😊,https://www.youtube.com/watch?v=ROa3kbG5M0U&lc=UgwfCdJw1rJaHDPN05d4AaABAg,UgwfCdJw1rJaHDPN05d4AaABAg,UCW0iRF-7mLMVKPx2XLL9njA,"Fetched 05/24/2026, 8:08:10 PM GMT+8"
12999,@AdliselbAoad,5 days ago,GOD's LOVE is all that we need / Watching From Lokal of Baguio City,https://www.youtube.com/watch?v=ROa3kbG5M0U&lc=UgzocQ-tbq8c0ylSac94AaABAg,UgzocQ-tbq8c0ylSac94AaABAg,UCDFkFpLctdryYbzB6sMOn3A,"Fetched 05/24/2026, 8:08:10 PM GMT+8"
13000,@mayvehn,5 days ago,❤Hold on / to your / Faith❤ / 😇😇😇 / Kapisanang Buklod / lokal ng atok gold,https://www.youtube.com/watch?v=ROa3kbG5M0U&lc=UgyF3ofzn1JcQoots8Z4AaABAg,UgyF3ofzn1JcQoots8Z4AaABAg,UCivhdJ2CQeLK8tlG7Wh2BSQ,"Fetched 05/24/2026, 8:08:10 PM GMT+8"
13001,@NorbertoMislang-k1f,5 days ago,Go benguet / Go Baguio City❤❤❤❤❤,https://www.youtube.com/watch?v=ROa3kbG5M0U&lc=UgxmUfZfdf2-mL3Yvg14AaABAg,UgxmUfZfdf2-mL3Yvg14AaABAg,UCHrMwbP6cIZPIlWf5nvI8dA,"Fetched 05/24/2026, 8:08:10 PM GMT+8"
13002,@danielsangalang4416,5 days ago,Go GO GO BENGUET!!!,https://www.youtube.com/watch?v=ROa3kbG5M0U&lc=Ugy1IjrptT8Z98bcC2R4AaABAg,Ugy1IjrptT8Z98bcC2R4AaABAg,UCd83g5cGg_Es6Qyl02u7jdw,"Fetched 05/24/2026, 8:08:10 PM GMT+8"
13003,@daisycastaneda7972,5 days ago,"LETS  GO ! TEAM BENGUET,  NOOD NA ! HABANG KUMAKAIN  NG TANGGALIAN / PAGBATI PO MULA  SA KALIHIMAN/REGISTRY BAGUIO CITY.",https://www.youtube.com/watch?v=ROa3kbG5M0U&lc=Ugy7-q5NXi5yblbfS414AaABAg,Ugy7-q5NXi5yblbfS414AaABAg,UCD3NlGp4eLYcR2RGC7FwnKQ,"Fetched 05/24/2026, 8:08:10 PM GMT+8"
13004,@jasminedaludado7262,5 days ago,LET'S GO BENGUET❤🎉 /  / Always full support po ang mga taga Lokal ng Guisad❤ /  / Lalo na po ang mga KADIWA District Officers na sobrang sipag mag view at comment oras oras💙 Shout out po sa inyong lahat❤,https://www.youtube.com/watch?v=ROa3kbG5M0U&lc=UgyYBPL_Yo2V0hjfahR4AaABAg,UgyYBPL_Yo2V0hjfahR4AaABAg,UCA4HVmdH2Xj67gK8nZmpiZg,"Fetched 05/24/2026, 8:08:10 PM GMT+8"
13005,@michelleannhull3783,5 days ago,Greetings po sa lahat ng mga kalihim at registry clerks ng Distrito ng Benguet! maligayang panonood po mga kapatid..❤,https://www.youtube.com/watch?v=ROa3kbG5M0U&lc=Ugyji7r1bueeqZAr9qF4AaABAg,Ugyji7r1bueeqZAr9qF4AaABAg,UCFV0sl7gvPyNJeo3vjnLAAA,"Fetched 05/24/2026, 8:08:10 PM GMT+8"
13006,@Art-z2p7n,5 days ago,Magandang tanghali po mga kptd happy vieweng po mga kptd Mula po dto sa lokal ng Quezon hill distrito ng Benguet,https://www.youtube.com/watch?v=ROa3kbG5M0U&lc=UgzU0TCX2cyKKbzcCuR4AaABAg,UgzU0TCX2cyKKbzcCuR4AaABAg,UCAV55P2W4ReJgvm2Eh3I7Iw,"Fetched 05/24/2026, 8:08:10 PM GMT+8"
13007,@meriamdaniwis7940,5 days ago,Lets go Benguet..watching fr. Lokal ng Ambiong...,https://www.youtube.com/watch?v=ROa3kbG5M0U&lc=Ugx4z9_wQwEA5FDzhDx4AaABAg,Ugx4z9_wQwEA5FDzhDx4AaABAg,UCJd30xrIZSKtM-TXmHe02WQ,"Fetched 05/24/2026, 8:08:10 PM GMT+8"
13008,@leonardoperez1795,5 days ago,Happy tuesday po sa lahat po ng nga kapatid pagbati po dito po sa lokal ng camp8 distrito ng benguet,https://www.youtube.com/watch?v=ROa3kbG5M0U&lc=UgxzCr-jobaDw5CpNHZ4AaABAg,UgxzCr-jobaDw5CpNHZ4AaABAg,UCuB02SJAFKefQ6FPeFsDGrw,"Fetched 05/24/2026, 8:08:10 PM GMT+8"
13009,@NorbertoMislang-k1f,5 days ago (edited),Go benguet / Go Baguio City❤❤❤❤❤,https://www.youtube.com/watch?v=ROa3kbG5M0U&lc=Ugwh16XYbY-1a9EHdJ94AaABAg,Ugwh16XYbY-1a9EHdJ94AaABAg,UCHrMwbP6cIZPIlWf5nvI8dA,"Fetched 05/24/2026, 8:08:10 PM GMT+8"
13010,@Ermida-z8i,5 days ago,"Happy viewing Po  Mula Po sa lokal Ng balakbak kibungan extension,,,,,,",https://www.youtube.com/watch?v=ROa3kbG5M0U&lc=UgzXaGz5o7O0p7gAbRt4AaABAg,UgzXaGz5o7O0p7gAbRt4AaABAg,UC2-gVy-SeybxaSrYtuG6Bgg,"Fetched 05/24/2026, 8:08:10 PM GMT+8"
13011,@mariloujucar3208,5 days ago,Happy viewing po mula s Lokal NG Taloy SUR Distrito ng Benguet... N,https://www.youtube.com/watch?v=ROa3kbG5M0U&lc=UgxW73NVWCVBdZXx4c14AaABAg,UgxW73NVWCVBdZXx4c14AaABAg,UCMbn31xrNEnulUG5fdpH82w,"Fetched 05/24/2026, 8:08:10 PM GMT+8"
13012,@s1m0neee,5 days ago,Lets go Benguet! Happy viewing po from Lokal Ng Gibraltar! / Shout out po sa mga kasama kong Binhi at Kadiwa District Officers!,https://www.youtube.com/watch?v=ROa3kbG5M0U&lc=UgzGXNB6tOTyHW7JEyt4AaABAg,UgzGXNB6tOTyHW7JEyt4AaABAg,UC6yWWr2SCPFpy_veylgw9nQ,"Fetched 05/24/2026, 8:08:10 PM GMT+8"
13013,@leonardoperez1795,5 days ago,watching po kami dito po sa lokal ng camp8 distrito po ng benguet,https://www.youtube.com/watch?v=ROa3kbG5M0U&lc=Ugzg2UTzY-RWLDWpV2F4AaABAg,Ugzg2UTzY-RWLDWpV2F4AaABAg,UCuB02SJAFKefQ6FPeFsDGrw,"Fetched 05/24/2026, 8:08:10 PM GMT+8"
13014,@rejomartayaban,5 days ago,Happy lunch MV watching po!! From Lokal ng La Trinidad,https://www.youtube.com/watch?v=ROa3kbG5M0U&lc=Ugw0G_dOrJDUCM-7Jqt4AaABAg,Ugw0G_dOrJDUCM-7Jqt4AaABAg,UCi7RYRPFL6HTFaScpYFJMJQ,"Fetched 05/24/2026, 8:08:10 PM GMT+8"
13015,@Kashumi_和美,5 days ago,Happy viewing mula po sa Lokal Ng Quezon Hill Distrito ng Benguet.,https://www.youtube.com/watch?v=ROa3kbG5M0U&lc=UgxS2J9LPNdMlptaitJ4AaABAg,UgxS2J9LPNdMlptaitJ4AaABAg,UCRfR-dERK8rC-UT9E3zTR_w,"Fetched 05/24/2026, 8:08:10 PM GMT+8"
13016,@BnHydn,5 days ago,Happi LUNCH everyone 🙌  / Eat well while watching this MV 🎶  /  / -Lokal ng La Trinidad,https://www.youtube.com/watch?v=ROa3kbG5M0U&lc=UgywIZ2Lw5z17fNFtcp4AaABAg,UgywIZ2Lw5z17fNFtcp4AaABAg,UCbVqbfs9vjTS-hPNArDNcFQ,"Fetched 05/24/2026, 8:08:10 PM GMT+8"
13017,@EleanorMislang,5 days ago,Masayang pananghalian po s lahat mga kpatid.from lokal ng Baguio city,https://www.youtube.com/watch?v=ROa3kbG5M0U&lc=UgwC2VHHAl_qFJZdosJ4AaABAg,UgwC2VHHAl_qFJZdosJ4AaABAg,UC-SX89r34HKuT1KlN8J7WTA,"Fetched 05/24/2026, 8:08:10 PM GMT+8"
13018,@mariloujucar3208,5 days ago,Fight fight fight Benguet...,https://www.youtube.com/watch?v=ROa3kbG5M0U&lc=UgzStNHMFZMnOL8oZYZ4AaABAg,UgzStNHMFZMnOL8oZYZ4AaABAg,UCMbn31xrNEnulUG5fdpH82w,"Fetched 05/24/2026, 8:08:10 PM GMT+8"
13019,@SanJohnSicat,5 days ago,Go go go Benguet !!!❤❤❤,https://www.youtube.com/watch?v=ROa3kbG5M0U&lc=UgzomLc-XOl_oK_tEsJ4AaABAg,UgzomLc-XOl_oK_tEsJ4AaABAg,UCUb_nKBquscpgCrFXW1_vXQ,"Fetched 05/24/2026, 8:08:10 PM GMT+8"
13020,@LhexieTindo,5 days ago,Let's Go BENGUET ♥️🎉 / FIGHT! FIGHT! FIGHT!  /  / Greetings po sa lahat ng Kadiwa at Binhi officers ☺️ /  / From lokal po ng Baguio City,https://www.youtube.com/watch?v=ROa3kbG5M0U&lc=Ugzzi18nMcQh5uK39EV4AaABAg,Ugzzi18nMcQh5uK39EV4AaABAg,UCJ8gw3BSS_9BNm6KDY9I-ng,"Fetched 05/24/2026, 8:08:10 PM GMT+8"
13021,@graceespinueva886,5 days ago (edited),Greetings po sa lahat ng mga kapatid sa Benguet mula sa Montano family. Dito po sa Lokal ng Aurora Hill,https://www.youtube.com/watch?v=ROa3kbG5M0U&lc=UgyZDH5lhxuRfmKD50d4AaABAg,UgyZDH5lhxuRfmKD50d4AaABAg,UCij-lb0Lb05cKsdYVsveRHQ,"Fetched 05/24/2026, 8:08:10 PM GMT+8"
13022,@AlvieMangsat-c4m,5 days ago (edited),LET'S GOO BENGUET!!! konti nalang poo malapit naa! Happy Viewing po binhi and kadiwa district officers! from lokal po ng Megaroyale Village!💖,https://www.youtube.com/watch?v=ROa3kbG5M0U&lc=UgyQRDah8qc6k-J5JGZ4AaABAg,UgyQRDah8qc6k-J5JGZ4AaABAg,UCe2qidW_pQ1iCUkpjLZCXUA,"Fetched 05/24/2026, 8:08:10 PM GMT+8"
13023,@daisybadando7862,5 days ago,Mula po sa kapisanang binhi happy viewing po mula po sa lokal ng Megaroyale Village Distrito ng Benguet!,https://www.youtube.com/watch?v=ROa3kbG5M0U&lc=Ugzt88EBG-ozDNzpcol4AaABAg,Ugzt88EBG-ozDNzpcol4AaABAg,UCgmHoP8RRb4YkBKXHET6Gdw,"Fetched 05/24/2026, 8:08:10 PM GMT+8"
13024,@SanJohnSicat,5 days ago,Mula po sa Lokal ng Aurora Hill Distrito ng Benguet.Happy watching po from Sicat Family at sa kagawaran ng mga Diakonesa ...❤❤❤,https://www.youtube.com/watch?v=ROa3kbG5M0U&lc=UgzdqmlUzC40gAgHpdl4AaABAg,UgzdqmlUzC40gAgHpdl4AaABAg,UCUb_nKBquscpgCrFXW1_vXQ,"Fetched 05/24/2026, 8:08:10 PM GMT+8"
13025,@Art-z2p7n,5 days ago,Go Benguet happy vieweng po mga kptd Mula po dto sa lokal ng Quezon hill distrito ng Benguet,https://www.youtube.com/watch?v=ROa3kbG5M0U&lc=UgxXx2r6TITW2R0kSB54AaABAg,UgxXx2r6TITW2R0kSB54AaABAg,UCAV55P2W4ReJgvm2Eh3I7Iw,"Fetched 05/24/2026, 8:08:10 PM GMT+8"
13026,@cherrydevera8251,5 days ago,Enjoy ur lunch mga kapatid happy watching / Lokal ng Baguio City 🎉🎉,https://www.youtube.com/watch?v=ROa3kbG5M0U&lc=UgxW2hN_Zm551ZR8NNJ4AaABAg,UgxW2hN_Zm551ZR8NNJ4AaABAg,UCrod3zHPNdFZBv-HyVuLJ3g,"Fetched 05/24/2026, 8:08:10 PM GMT+8"
13027,@AdliselbAoad,5 days ago (edited),Sumabay po Tayong Lahat sa Kasiglahan ng Distrito ng Benguet / Lokal ng Baguio City Kaisa.....gogogo,https://www.youtube.com/watch?v=ROa3kbG5M0U&lc=Ugyx6mnERpNA1bs0tsp4AaABAg,Ugyx6mnERpNA1bs0tsp4AaABAg,UCDFkFpLctdryYbzB6sMOn3A,"Fetched 05/24/2026, 8:08:10 PM GMT+8"
13028,@Art-z2p7n,5 days ago,Happy vieweng po mga kptd Mula po dto sa lokal ng Quezon hill distrito ng Benguet.,https://www.youtube.com/watch?v=ROa3kbG5M0U&lc=UgxY5O0KVRERmOrqL9h4AaABAg,UgxY5O0KVRERmOrqL9h4AaABAg,UCAV55P2W4ReJgvm2Eh3I7Iw,"Fetched 05/24/2026, 8:08:10 PM GMT+8"
13029,@henrycaranto2644,5 days ago,Let’s Go Bengueeeet🎉🎉❤ / No.1 na tayooo🎉❤ /  / Tuloy po tayo sa suporta❤ /  / Mga Kadiwa at Binhi Officers manood at magshare na❤🎉 /  / From Lokal ng Baguio City❤ / And Benguet KDO❤,https://www.youtube.com/watch?v=ROa3kbG5M0U&lc=Ugym2Nk-MXfgfPUCt3x4AaABAg,Ugym2Nk-MXfgfPUCt3x4AaABAg,UCFilTOy22FklSkBIgwVPVaQ,"Fetched 05/24/2026, 8:08:10 PM GMT+8"
13030,@orlandobanaga4425,5 days ago,"Benguet ! Fight, Fight, Fight !!!",https://www.youtube.com/watch?v=ROa3kbG5M0U&lc=UgyNl6Bmj7hA0ztdjUx4AaABAg,UgyNl6Bmj7hA0ztdjUx4AaABAg,UCjUaYfJZBUS1BcQ9TakUusg,"Fetched 05/24/2026, 8:08:10 PM GMT+8"
13031,@daisycastaneda7972,5 days ago (edited),"HAPPY VIEWING PO SA AMING  TAGAPANGASIWA   NG DISTRITO NG BENGUET KAPATID NA ARDY D. MENDOZA  KASAMA PO NG KANYANG BUONG  SAMBAHAYAN, PAGBATI PO MULA  SA LOKAL NG BAGUIO  CITY.",https://www.youtube.com/watch?v=ROa3kbG5M0U&lc=UgyhI5qotOJh3P_5VKh4AaABAg,UgyhI5qotOJh3P_5VKh4AaABAg,UCD3NlGp4eLYcR2RGC7FwnKQ,"Fetched 05/24/2026, 8:08:10 PM GMT+8"
13032,@cherrydevera8251,5 days ago,Happy viewing po sa mga nanunuod ngayon tanghalian / Lokal ng Baguio City,https://www.youtube.com/watch?v=ROa3kbG5M0U&lc=UgywvaIc052sxdCEk-Z4AaABAg,UgywvaIc052sxdCEk-Z4AaABAg,UCrod3zHPNdFZBv-HyVuLJ3g,"Fetched 05/24/2026, 8:08:10 PM GMT+8"
13033,@jamaefontanos5331,5 days ago,Goooo Benguet! ❤️ happy viewing from lokal ng AURORA HILL!  / Kalihim 🤍,https://www.youtube.com/watch?v=ROa3kbG5M0U&lc=Ugy9-Z-H--6Y6O_TEBN4AaABAg,Ugy9-Z-H--6Y6O_TEBN4AaABAg,UCdMvWq7qTv9yCQXuSBoYrig,"Fetched 05/24/2026, 8:08:10 PM GMT+8"
13034,@jellyannperez22,5 days ago,Happy Lunch po sa Ating Lahat 👋 Background music ang ating INCMX🫶,https://www.youtube.com/watch?v=ROa3kbG5M0U&lc=Ugzu0jr2HwEND2Rmfm14AaABAg,Ugzu0jr2HwEND2Rmfm14AaABAg,UCTSBNE6g9859jcHD_BhlU-g,"Fetched 05/24/2026, 8:08:10 PM GMT+8"
13035,@jorelgabriel8324,5 days ago,Happy lunch po! from Lokal ng Quezon Hill,https://www.youtube.com/watch?v=ROa3kbG5M0U&lc=Ugw9oKXeeWFz7GhqqzF4AaABAg,Ugw9oKXeeWFz7GhqqzF4AaABAg,UCBIE7jhUBWUPdWVLZoRrNYA,"Fetched 05/24/2026, 8:08:10 PM GMT+8"
13036,@graceespinueva886,5 days ago (edited),Go Benguet ❤ / Mula po sa lokal ng Aurora Hill,https://www.youtube.com/watch?v=ROa3kbG5M0U&lc=Ugw0w4EPuTBASRwEX5h4AaABAg,Ugw0w4EPuTBASRwEX5h4AaABAg,UCij-lb0Lb05cKsdYVsveRHQ,"Fetched 05/24/2026, 8:08:10 PM GMT+8"
13037,@Yana_Cax_3yyy,5 days ago,Happy Lunch mga kapatid! Happy viewing po loksl ng megaroyale village pagbati po binhi at pnk. Pati po sa mga kasama po naming kadiwa at binhi district officers!,https://www.youtube.com/watch?v=ROa3kbG5M0U&lc=Ugzow3huzs5Ees5pi3R4AaABAg,Ugzow3huzs5Ees5pi3R4AaABAg,UCdy8uW-rntsBTXOfRU0mC6A,"Fetched 05/24/2026, 8:08:10 PM GMT+8"
13038,@nonagabriel8139,5 days ago,Masayang panonood po sa lahat mula sa Lokal ng Quezon Hill!,https://www.youtube.com/watch?v=ROa3kbG5M0U&lc=UgykcCJjIwm1PJyrFXh4AaABAg,UgykcCJjIwm1PJyrFXh4AaABAg,UC_dkXH53dziGaXnvaMHUMcA,"Fetched 05/24/2026, 8:08:10 PM GMT+8"
13039,@jonieyonga-an5239,5 days ago,"Good day Benguettt!!!❤❤ /  / ""A new day a new life that lasts till forever"" / - lyrics /  / Greetings Po Mula Sa Lokal Ng NORCAR!!!",https://www.youtube.com/watch?v=ROa3kbG5M0U&lc=UgzLuY1JOBd8q8sJhbt4AaABAg,UgzLuY1JOBd8q8sJhbt4AaABAg,UCgUo3JP_Fffuctza4bUumJg,"Fetched 05/24/2026, 8:08:10 PM GMT+8"
13040,@MarkAnthonyAlvior-dm8pq,5 days ago,Go district of Benguet from lokal ng Greenwater ❤,https://www.youtube.com/watch?v=ROa3kbG5M0U&lc=UgxmwexfGAZ1nbe1LW14AaABAg,UgxmwexfGAZ1nbe1LW14AaABAg,UC0cg01D5crTJKa0gjb0tVzg,"Fetched 05/24/2026, 8:08:10 PM GMT+8"
13041,@ValentinBalmonte,5 days ago,From philex mines benguet watching,https://www.youtube.com/watch?v=ROa3kbG5M0U&lc=UgxTzz2KxoIF0et0Hcx4AaABAg,UgxTzz2KxoIF0et0Hcx4AaABAg,UC3xoaoK2u01Wt-CTyQpm7Cg,"Fetched 05/24/2026, 8:08:10 PM GMT+8"
13042,@daisycastaneda7972,5 days ago,GREETINGS ! PO SA LAHAT NG STAFF NG DISTRITO NG BENGUET  / HAPPY WATCHING PO  / KALIHIMAN/REGISTRY / BAGUIO  CITY.,https://www.youtube.com/watch?v=ROa3kbG5M0U&lc=Ugz5-grScc0jaX0fk094AaABAg,Ugz5-grScc0jaX0fk094AaABAg,UCD3NlGp4eLYcR2RGC7FwnKQ,"Fetched 05/24/2026, 8:08:10 PM GMT+8"
13043,@leonardoperez1795,5 days ago,Happy watching po mga kapatid from lokal po ng camp8 distrito po ng benguet,https://www.youtube.com/watch?v=ROa3kbG5M0U&lc=UgyVeRHSlEGFEqcrWm94AaABAg,UgyVeRHSlEGFEqcrWm94AaABAg,UCuB02SJAFKefQ6FPeFsDGrw,"Fetched 05/24/2026, 8:08:10 PM GMT+8"
13044,@estercastaneda7056,5 days ago,Go Benguet from Aurora Hill,https://www.youtube.com/watch?v=ROa3kbG5M0U&lc=Ugwxtrv2WSYF0PrrDgZ4AaABAg,Ugwxtrv2WSYF0PrrDgZ4AaABAg,UCN2mT3mgnnkvGNOtc1XHLkg,"Fetched 05/24/2026, 8:08:10 PM GMT+8"
13045,@FRIANJOYBOADILLA,5 days ago,Greetings po sa lahat ng mga Kapatid.... Happy Watching po mula sa Balakbak - Kibungan Extension Distrito ng Benguet ❤️✨,https://www.youtube.com/watch?v=ROa3kbG5M0U&lc=UgxxkiMBll-qq-zOSlx4AaABAg,UgxxkiMBll-qq-zOSlx4AaABAg,UCQkzdUjb2Wm1agNOWFy5VfQ,"Fetched 05/24/2026, 8:08:10 PM GMT+8"
13046,@Evym-u3k,5 days ago,hello sa ating lahat / patuloy pong nanonood / INCMV / God's Love / Binhi po sa / lokal ng atok gold,https://www.youtube.com/watch?v=ROa3kbG5M0U&lc=Ugz9rDY08i1MTI1sq-R4AaABAg,Ugz9rDY08i1MTI1sq-R4AaABAg,UCNNZdfWg4Hutqdsq_H5oCHQ,"Fetched 05/24/2026, 8:08:10 PM GMT+8"
13047,@PrinceJayronePjCluster3Tipay,5 days ago,LESGO CC LESGO BENGUET binabati din po ang mga kasamahan ko sa district officers sa binhi po!🎉❤❤,https://www.youtube.com/watch?v=ROa3kbG5M0U&lc=UgyFT-jV_7aknfBQnyZ4AaABAg,UgyFT-jV_7aknfBQnyZ4AaABAg,UCnfdFTgfH1Tjj5yUnNjCBcQ,"Fetched 05/24/2026, 8:08:10 PM GMT+8"
13048,@Alishai-m2e,5 days ago,Happy viewing po from local ng Quezon hill District of benguet 1:15,https://www.youtube.com/watch?v=ROa3kbG5M0U&lc=UgzWgaRhefB4hEoEeuR4AaABAg,UgzWgaRhefB4hEoEeuR4AaABAg,UCVq6rj2H7lu3sphATxQyf8g,"Fetched 05/24/2026, 8:08:10 PM GMT+8"
13049,@TheaCamba,5 days ago,Gods Love!!!  / Go go go Benguet!!  /  / full support po from lokal ng city camp!!!,https://www.youtube.com/watch?v=ROa3kbG5M0U&lc=UgxEW7LRSH3yhj8HCbZ4AaABAg,UgxEW7LRSH3yhj8HCbZ4AaABAg,UCsaAXxBGdUkAnz-EdAnHCMQ,"Fetched 05/24/2026, 8:08:10 PM GMT+8"
13050,@Alishai-m2e,5 days ago,Happy viewing po from local ng Quezon hill District of benguet 0:34,https://www.youtube.com/watch?v=ROa3kbG5M0U&lc=UgwuYjthowXvU-mCo7d4AaABAg,UgwuYjthowXvU-mCo7d4AaABAg,UCVq6rj2H7lu3sphATxQyf8g,"Fetched 05/24/2026, 8:08:10 PM GMT+8"
13051,@Alishai-m2e,5 days ago,Happy viewing po from local ng Quezon hill District of benguet 3:04,https://www.youtube.com/watch?v=ROa3kbG5M0U&lc=UgwO4kwcmIt3YOuix7h4AaABAg,UgwO4kwcmIt3YOuix7h4AaABAg,UCVq6rj2H7lu3sphATxQyf8g,"Fetched 05/24/2026, 8:08:10 PM GMT+8"
13052,@jesibeldasilag8102,5 days ago,happy lunch po mga kaptid. pabati mula po dto sa lokal ng  /  baguio,https://www.youtube.com/watch?v=ROa3kbG5M0U&lc=UgzUTZzBC0IsI-495qd4AaABAg,UgzUTZzBC0IsI-495qd4AaABAg,UCjgCGrc_KIvfJlbZAnczijg,"Fetched 05/24/2026, 8:08:10 PM GMT+8"
13053,@agudongdencebaylorb.6757,5 days ago,"Positive energy from Baguio City, Benguet for everyone!",https://www.youtube.com/watch?v=ROa3kbG5M0U&lc=UgyD-z4c5zx44GSyVCR4AaABAg,UgyD-z4c5zx44GSyVCR4AaABAg,UCk7OB5KugstrmQSDU7Q4lDQ,"Fetched 05/24/2026, 8:08:10 PM GMT+8"
13054,@agudongdencebaylorb.6757,5 days ago,"Stay warm and blessed from Baguio City, Benguet!",https://www.youtube.com/watch?v=ROa3kbG5M0U&lc=UgzaLtFoTGo1wJNkwNJ4AaABAg,UgzaLtFoTGo1wJNkwNJ4AaABAg,UCk7OB5KugstrmQSDU7Q4lDQ,"Fetched 05/24/2026, 8:08:10 PM GMT+8"
13055,@agudongdencebaylorb.6757,5 days ago,"Mabuhay from Baguio City, Benguet!",https://www.youtube.com/watch?v=ROa3kbG5M0U&lc=UgzSlpjgqRW7RjtwPLJ4AaABAg,UgzSlpjgqRW7RjtwPLJ4AaABAg,UCk7OB5KugstrmQSDU7Q4lDQ,"Fetched 05/24/2026, 8:08:10 PM GMT+8"
13056,@JurgensonTelio,5 days ago,Happy viewing po mga mahal na kapatid. / Mula po sa Lokal ng Balakbak Kibungan extension..😊,https://www.youtube.com/watch?v=ROa3kbG5M0U&lc=Ugz9rDY08i1MTI1sq-R4AaABAg.AWyt0XxsNp4AWyuAsi1UvP,Ugz9rDY08i1MTI1sq-R4AaABAg.AWyt0XxsNp4AWyuAsi1UvP,UC4aasZFLmnSLMt1nGQXel3w,"Fetched 05/24/2026, 8:08:10 PM GMT+8"
13057,@agudongdencebaylorb.6757,5 days ago,"Chill morning here in Baguio City, Benguet. Have a nice day!",https://www.youtube.com/watch?v=ROa3kbG5M0U&lc=UgxLnlao3ncY3ZlAREV4AaABAg,UgxLnlao3ncY3ZlAREV4AaABAg,UCk7OB5KugstrmQSDU7Q4lDQ,"Fetched 05/24/2026, 8:08:10 PM GMT+8"
13058,@YielAndaya,5 days ago,"Happy watching from local of   ambiong,district of benguet",https://www.youtube.com/watch?v=ROa3kbG5M0U&lc=UgxgvFToOyHveJ6113l4AaABAg,UgxgvFToOyHveJ6113l4AaABAg,UCtzPFl0ER6cE878m0ZtYYpQ,"Fetched 05/24/2026, 8:08:10 PM GMT+8"
13059,@agudongdencebaylorb.6757,5 days ago,"Keep smiling from Baguio City, Benguet!",https://www.youtube.com/watch?v=ROa3kbG5M0U&lc=Ugy5dK8HA7MXReAm15t4AaABAg,Ugy5dK8HA7MXReAm15t4AaABAg,UCk7OB5KugstrmQSDU7Q4lDQ,"Fetched 05/24/2026, 8:08:10 PM GMT+8"
13060,@tessieserut1589,5 days ago,Lets support our entry brethren. Make it number one. Fr locale of Quezon Hill,https://www.youtube.com/watch?v=ROa3kbG5M0U&lc=UgyM4DQA7y768qexe8d4AaABAg,UgyM4DQA7y768qexe8d4AaABAg,UCVNrH3FQbQb8tcfPp3Uanfw,"Fetched 05/24/2026, 8:08:10 PM GMT+8"
13061,@jesibeldasilag8102,5 days ago,baguio on top,https://www.youtube.com/watch?v=ROa3kbG5M0U&lc=UgxPmuFX3k812fnEsDh4AaABAg,UgxPmuFX3k812fnEsDh4AaABAg,UCjgCGrc_KIvfJlbZAnczijg,"Fetched 05/24/2026, 8:08:10 PM GMT+8"
13062,@boholhazeline05,5 days ago,Masayang panunuod po mga kapatid  / mula po sa Lokal ng Baguio City,https://www.youtube.com/watch?v=ROa3kbG5M0U&lc=UgyRtsV4RqsxceLViXJ4AaABAg,UgyRtsV4RqsxceLViXJ4AaABAg,UCNxuEnfuDgIEBwBrpx_Pl3w,"Fetched 05/24/2026, 8:08:10 PM GMT+8"
13063,@daisycastaneda7972,5 days ago,"MASYANG TANGHALIAN SA LAHAT HABANG NANONOOD NG ,BENGUET  ENTRY ,INCVM'S AWARD , GOD'S LOVE / BAGUIO  CITY,",https://www.youtube.com/watch?v=ROa3kbG5M0U&lc=UgwM-SJDHk07UUfHbCJ4AaABAg,UgwM-SJDHk07UUfHbCJ4AaABAg,UCD3NlGp4eLYcR2RGC7FwnKQ,"Fetched 05/24/2026, 8:08:10 PM GMT+8"
13064,@honorddanganan8975,5 days ago,Go Benguet Go! Fight! Fight! Fight! / :hand-pink-waving:,https://www.youtube.com/watch?v=ROa3kbG5M0U&lc=UgwXQr8k5f96asmCtmB4AaABAg,UgwXQr8k5f96asmCtmB4AaABAg,UCzOIfGWqGhT80IrtHSmoy0A,"Fetched 05/24/2026, 8:08:10 PM GMT+8"
13065,@boholhazeline05,5 days ago,Happy watching po from Lokal ng Baguio City,https://www.youtube.com/watch?v=ROa3kbG5M0U&lc=UgznWa-k7FkXgGJBY6J4AaABAg,UgznWa-k7FkXgGJBY6J4AaABAg,UCNxuEnfuDgIEBwBrpx_Pl3w,"Fetched 05/24/2026, 8:08:10 PM GMT+8"
13066,@jorelbilbao,5 days ago,Happy viewing po mula po sa lokal NG Quezon hill distrito NG benguet,https://www.youtube.com/watch?v=ROa3kbG5M0U&lc=Ugwlcn8o8U-ps5_5bhJ4AaABAg,Ugwlcn8o8U-ps5_5bhJ4AaABAg,UCjKXPSBsC6UuRfF3yNf8pgg,"Fetched 05/24/2026, 8:08:10 PM GMT+8"
13067,@boholhazeline05,5 days ago,God's Love Full support po mga kapatid sa Lokal ng Baguio City,https://www.youtube.com/watch?v=ROa3kbG5M0U&lc=UgwcXyqstXaIWi7NVxx4AaABAg,UgwcXyqstXaIWi7NVxx4AaABAg,UCNxuEnfuDgIEBwBrpx_Pl3w,"Fetched 05/24/2026, 8:08:10 PM GMT+8"
13068,@jesibeldasilag8102,5 days ago,happy viewing po mga kaptid  /  / baguio fighting,https://www.youtube.com/watch?v=ROa3kbG5M0U&lc=Ugxv34NyAnrMw_kPMDF4AaABAg,Ugxv34NyAnrMw_kPMDF4AaABAg,UCjgCGrc_KIvfJlbZAnczijg,"Fetched 05/24/2026, 8:08:10 PM GMT+8"
13069,@boholhazeline05,5 days ago,Benguet Fight Fight Fight  / Pagbati po mula sa Lokal ng Baguio City,https://www.youtube.com/watch?v=ROa3kbG5M0U&lc=Ugz-WmuSR0jXTIqZIvh4AaABAg,Ugz-WmuSR0jXTIqZIvh4AaABAg,UCNxuEnfuDgIEBwBrpx_Pl3w,"Fetched 05/24/2026, 8:08:10 PM GMT+8"
13070,@Evym-u3k,5 days ago,know / But I swear / It gets better…. / Kapisanang Binhi / 😊lokal ng atok gold😊,https://www.youtube.com/watch?v=ROa3kbG5M0U&lc=UgwcjRxOMW54njk4zYF4AaABAg,UgwcjRxOMW54njk4zYF4AaABAg,UCNNZdfWg4Hutqdsq_H5oCHQ,"Fetched 05/24/2026, 8:08:10 PM GMT+8"
13071,@Evym-u3k,5 days ago,and when / LIFE / Brings you / To you knees… / 😢😢😢 / Kapisanang binhi / Lokal ng atok gold,https://www.youtube.com/watch?v=ROa3kbG5M0U&lc=Ugwm8CDm8dP2auLfNop4AaABAg,Ugwm8CDm8dP2auLfNop4AaABAg,UCNNZdfWg4Hutqdsq_H5oCHQ,"Fetched 05/24/2026, 8:08:10 PM GMT+8"
13072,@boholhazeline05,5 days ago,Pagbati po mula sa Lokal ng Baguio City,https://www.youtube.com/watch?v=ROa3kbG5M0U&lc=Ugzl37mD0eMgdbdcsvl4AaABAg,Ugzl37mD0eMgdbdcsvl4AaABAg,UCNxuEnfuDgIEBwBrpx_Pl3w,"Fetched 05/24/2026, 8:08:10 PM GMT+8"
13073,@Evym-u3k,5 days ago,Hold on / to your / Faith❤ / 😇😇😇 / Kapisanang Binhi / lokal ng atok gold,https://www.youtube.com/watch?v=ROa3kbG5M0U&lc=UgysjMuf_D3Tki2CmHN4AaABAg,UgysjMuf_D3Tki2CmHN4AaABAg,UCNNZdfWg4Hutqdsq_H5oCHQ,"Fetched 05/24/2026, 8:08:10 PM GMT+8"
13074,@calleighmhaybonzo4301,5 days ago,Mula po sa kapisanang binhi happy viewing po mula po sa lokal ng megaroyale village distrito ng benguet💗‼️,https://www.youtube.com/watch?v=ROa3kbG5M0U&lc=UgzRDC4fowbRoPPyKnJ4AaABAg,UgzRDC4fowbRoPPyKnJ4AaABAg,UCVxc7RDsnr9JwCkWI_lyEzQ,"Fetched 05/24/2026, 8:08:10 PM GMT+8"
13075,@boholhazeline05,5 days ago,Gods love Benguet on the Top  / From Lokal ng Baguio City,https://www.youtube.com/watch?v=ROa3kbG5M0U&lc=Ugz1lA7rwz4uCZUvjq54AaABAg,Ugz1lA7rwz4uCZUvjq54AaABAg,UCNxuEnfuDgIEBwBrpx_Pl3w,"Fetched 05/24/2026, 8:08:10 PM GMT+8"
13076,@johnreysabado3966,5 days ago,happy viewing po mga kapatid sa benguet 🎉🎉🎉,https://www.youtube.com/watch?v=ROa3kbG5M0U&lc=UgyHU0Ow6qAeO6RgxUV4AaABAg,UgyHU0Ow6qAeO6RgxUV4AaABAg,UCa3Lttaz6VOaIOf13Fp-Y6A,"Fetched 05/24/2026, 8:08:10 PM GMT+8"
13077,@boholhazeline05,5 days ago,Full support po mga kapatid sa Lokal ng Baguio City,https://www.youtube.com/watch?v=ROa3kbG5M0U&lc=Ugx3o0wzvXd3HwTS8pd4AaABAg,Ugx3o0wzvXd3HwTS8pd4AaABAg,UCNxuEnfuDgIEBwBrpx_Pl3w,"Fetched 05/24/2026, 8:08:10 PM GMT+8"
13078,@joelaganon6952,5 days ago,Watching right now .Happy lunch po sa lahat,https://www.youtube.com/watch?v=ROa3kbG5M0U&lc=UgxQQ48v_dO7bMB4Ek94AaABAg,UgxQQ48v_dO7bMB4Ek94AaABAg,UChevvJfd5L6E5s2G__kuKtA,"Fetched 05/24/2026, 8:08:10 PM GMT+8"
13079,@boholhazeline05,5 days ago,Magandang Tanghali po pagbati po mula sa Lokal ng Baguio City,https://www.youtube.com/watch?v=ROa3kbG5M0U&lc=UgwMBwVTmKNjy-TRIiB4AaABAg,UgwMBwVTmKNjy-TRIiB4AaABAg,UCNxuEnfuDgIEBwBrpx_Pl3w,"Fetched 05/24/2026, 8:08:10 PM GMT+8"
13080,@daisycastaneda7972,5 days ago,HAPPY VIEWING PO SA LAHAT NG MAYTUNGKULIN SA LOKAL NG BAGUIO  CITY / KALHIMAN /REGISTRY,https://www.youtube.com/watch?v=ROa3kbG5M0U&lc=Ugwdg7I9tIkCb4Yh9t94AaABAg,Ugwdg7I9tIkCb4Yh9t94AaABAg,UCD3NlGp4eLYcR2RGC7FwnKQ,"Fetched 05/24/2026, 8:08:10 PM GMT+8"
13081,@adrianarosesabado287,5 days ago,"happy watching po! warmest greetings po mula sa lokal ng Quezon Hill, distrito ng Benguet! 🫶🏻🇮🇹",https://www.youtube.com/watch?v=ROa3kbG5M0U&lc=UgyK4NLxXf4te4aaJQN4AaABAg,UgyK4NLxXf4te4aaJQN4AaABAg,UCMQ0yVJyYl5nt4zGXg88n6g,"Fetched 05/24/2026, 8:08:10 PM GMT+8"
13082,@agudongdencebaylorb.6757,5 days ago,"Good afternoon po from Baguio City, Benguet!",https://www.youtube.com/watch?v=ROa3kbG5M0U&lc=UgxQCcwxsVcYHOE-AHJ4AaABAg,UgxQCcwxsVcYHOE-AHJ4AaABAg,UCk7OB5KugstrmQSDU7Q4lDQ,"Fetched 05/24/2026, 8:08:10 PM GMT+8"
13083,@rositabusto8331,5 days ago,"Mabiyayang araw po sa lahat ng mga kapatid sa Distrito ng Benguet, mula po sa Lokal ng Guisad. God bless po",https://www.youtube.com/watch?v=ROa3kbG5M0U&lc=UgyjGUtOIxUpxsPTGnB4AaABAg,UgyjGUtOIxUpxsPTGnB4AaABAg,UCnjuSpyxGaE5ZrCJvXkLPHw,"Fetched 05/24/2026, 8:08:10 PM GMT+8"
13084,@agudongdencebaylorb.6757,5 days ago,"Sending love and positivity from Baguio City, Benguet!",https://www.youtube.com/watch?v=ROa3kbG5M0U&lc=UgzPwdbd6IXsJcCGKUB4AaABAg,UgzPwdbd6IXsJcCGKUB4AaABAg,UCk7OB5KugstrmQSDU7Q4lDQ,"Fetched 05/24/2026, 8:08:10 PM GMT+8"
13085,@agudongdencebaylorb.6757,5 days ago,"Enjoy the cold weather here in Baguio City, Benguet!",https://www.youtube.com/watch?v=ROa3kbG5M0U&lc=Ugyxj_0QNy6C_mpP0Td4AaABAg,Ugyxj_0QNy6C_mpP0Td4AaABAg,UCk7OB5KugstrmQSDU7Q4lDQ,"Fetched 05/24/2026, 8:08:10 PM GMT+8"
13086,@agudongdencebaylorb.6757,5 days ago,"Kamusta po kayo? Greetings from Baguio City, Benguet!",https://www.youtube.com/watch?v=ROa3kbG5M0U&lc=UgwAiQOu7OWO2otQSO94AaABAg,UgwAiQOu7OWO2otQSO94AaABAg,UCk7OB5KugstrmQSDU7Q4lDQ,"Fetched 05/24/2026, 8:08:10 PM GMT+8"
13087,@agudongdencebaylorb.6757,5 days ago,"Blessed evening everyone from Baguio City, Benguet!",https://www.youtube.com/watch?v=ROa3kbG5M0U&lc=UgzENuX698q9STO9NAZ4AaABAg,UgzENuX698q9STO9NAZ4AaABAg,UCk7OB5KugstrmQSDU7Q4lDQ,"Fetched 05/24/2026, 8:08:10 PM GMT+8"
13088,@agudongdencebaylorb.6757,5 days ago,"Ingat po kayong lahat from Baguio City, Benguet!",https://www.youtube.com/watch?v=ROa3kbG5M0U&lc=UgxozZLkyBLLmIoJvRZ4AaABAg,UgxozZLkyBLLmIoJvRZ4AaABAg,UCk7OB5KugstrmQSDU7Q4lDQ,"Fetched 05/24/2026, 8:08:10 PM GMT+8"
13089,@agudongdencebaylorb.6757,5 days ago,"Good vibes only here in Baguio City, Benguet!",https://www.youtube.com/watch?v=ROa3kbG5M0U&lc=UgyY3vjV1UBynZJvl_Z4AaABAg,UgyY3vjV1UBynZJvl_Z4AaABAg,UCk7OB5KugstrmQSDU7Q4lDQ,"Fetched 05/24/2026, 8:08:10 PM GMT+8"
13090,@agudongdencebaylorb.6757,5 days ago,"Sending smiles from Baguio City, Benguet today!",https://www.youtube.com/watch?v=ROa3kbG5M0U&lc=Ugw6DV3IYW5XSCZwf-p4AaABAg,Ugw6DV3IYW5XSCZwf-p4AaABAg,UCk7OB5KugstrmQSDU7Q4lDQ,"Fetched 05/24/2026, 8:08:10 PM GMT+8"
13091,@agudongdencebaylorb.6757,5 days ago,"Happy weekend everyone from Baguio City, Benguet!",https://www.youtube.com/watch?v=ROa3kbG5M0U&lc=Ugz9WZWTY2Ss9mQBV3V4AaABAg,Ugz9WZWTY2Ss9mQBV3V4AaABAg,UCk7OB5KugstrmQSDU7Q4lDQ,"Fetched 05/24/2026, 8:08:10 PM GMT+8"
13092,@agudongdencebaylorb.6757,5 days ago,"Fresh air and good vibes from Baguio City, Benguet!",https://www.youtube.com/watch?v=ROa3kbG5M0U&lc=Ugzp70GzHK64PsFGraJ4AaABAg,Ugzp70GzHK64PsFGraJ4AaABAg,UCk7OB5KugstrmQSDU7Q4lDQ,"Fetched 05/24/2026, 8:08:10 PM GMT+8"
13093,@agudongdencebaylorb.6757,5 days ago,"Stay positive and happy from Baguio City, Benguet!",https://www.youtube.com/watch?v=ROa3kbG5M0U&lc=UgydXsBvDViWaQ_xVvh4AaABAg,UgydXsBvDViWaQ_xVvh4AaABAg,UCk7OB5KugstrmQSDU7Q4lDQ,"Fetched 05/24/2026, 8:08:10 PM GMT+8"
13094,@daisycastaneda7972,5 days ago,"HAPPY DRIVING AND WATCHING TO MY HUSBAND ,KA RENATO CASTANEDA / BAGUIO  CITY ,BENGUET",https://www.youtube.com/watch?v=ROa3kbG5M0U&lc=Ugw_TfM46g3FBm_mTu54AaABAg,Ugw_TfM46g3FBm_mTu54AaABAg,UCD3NlGp4eLYcR2RGC7FwnKQ,"Fetched 05/24/2026, 8:08:10 PM GMT+8"
13095,@JurgensonTelio,5 days ago,Benguet fight fight fight 😊,https://www.youtube.com/watch?v=ROa3kbG5M0U&lc=UgwO3rfb0j7LjKZEWgd4AaABAg,UgwO3rfb0j7LjKZEWgd4AaABAg,UC4aasZFLmnSLMt1nGQXel3w,"Fetched 05/24/2026, 8:08:10 PM GMT+8"
13096,@ShairaShaira-t7d4o,5 days ago,Happy viewing po from local ng Quezon hill District of benguet 2:34,https://www.youtube.com/watch?v=ROa3kbG5M0U&lc=Ugz-xhubKZa9QDIPoEl4AaABAg,Ugz-xhubKZa9QDIPoEl4AaABAg,UCQTQN0wrgbbZzkLwROI_YRg,"Fetched 05/24/2026, 8:08:10 PM GMT+8"
13097,@SJTomines,5 days ago,Mula po sa kapisanang binhi happy viewing po mula po sa lokal ng Megaroyale Village Distrito ng Benguet! ❤️,https://www.youtube.com/watch?v=ROa3kbG5M0U&lc=UgzO37ooXys0z4_tpPN4AaABAg,UgzO37ooXys0z4_tpPN4AaABAg,UCQyBAbsnmROHrgU_43RmeHw,"Fetched 05/24/2026, 8:08:10 PM GMT+8"
13098,@JoeannAndaya,5 days ago,Greetings po mula sa lahat ng may tungkulin sa pananalapi.ng Lokal ng Ambiong.   Happy watching ang lunch po mga kaptid❤❤❤,https://www.youtube.com/watch?v=ROa3kbG5M0U&lc=UgwjCDkMEPJYmvVkutN4AaABAg,UgwjCDkMEPJYmvVkutN4AaABAg,UCbjdfoSmupyh-INYDScuBWg,"Fetched 05/24/2026, 8:08:10 PM GMT+8"
13099,@Its_Handsome_Kurtzky5442,5 days ago,God's Love / Letzzz gooo Benguet /  / Fight! Fight! Fight /  / Mula sa Lokal ng Tuba Distrito ng Benguet,https://www.youtube.com/watch?v=ROa3kbG5M0U&lc=UgyfHIPMFEaYtJxT2o94AaABAg,UgyfHIPMFEaYtJxT2o94AaABAg,UC8-5OKyruhxurhAkxdT5SlQ,"Fetched 05/24/2026, 8:08:10 PM GMT+8"
13100,@maryjoygalera3660,5 days ago,Pagbati po sa lahat ng mga Buklod mula sa lokal ng Marcos Highway!,https://www.youtube.com/watch?v=ROa3kbG5M0U&lc=Ugw-2DkyIf39v4PvrRt4AaABAg,Ugw-2DkyIf39v4PvrRt4AaABAg,UC7-45oCq8nneb8JYDKkMgeg,"Fetched 05/24/2026, 8:08:10 PM GMT+8"
13101,@daisycastaneda7972,5 days ago,MASAYANG PANONOOD PO SA LAHAT NG MGA KALIHIM  SA DISTRITO NG BENGUET  / BAGUIO  CITY  / KALIHIMAN/ REGISTRY,https://www.youtube.com/watch?v=ROa3kbG5M0U&lc=UgzW6Y3AQAtcMyTD_9B4AaABAg,UgzW6Y3AQAtcMyTD_9B4AaABAg,UCD3NlGp4eLYcR2RGC7FwnKQ,"Fetched 05/24/2026, 8:08:10 PM GMT+8"
13102,@jhoelhopealtero9210,5 days ago,Agbiag amin nga taga distrito ti Benguet,https://www.youtube.com/watch?v=ROa3kbG5M0U&lc=UgyHDjq8wtnQDHbOxp94AaABAg,UgyHDjq8wtnQDHbOxp94AaABAg,UCvM66CUu4E9SdMsMK1oOeVA,"Fetched 05/24/2026, 8:08:10 PM GMT+8"
13103,@JurgensonTelio,5 days ago,Magandang umga po Maga mahal na kapatid. / Mula po sa Lokal ng Balakbak Kibungan extension.ay bimabati po ng happy viewing po mga kapatid 😊,https://www.youtube.com/watch?v=ROa3kbG5M0U&lc=UgxIpoQoc6sT3uvjr2R4AaABAg,UgxIpoQoc6sT3uvjr2R4AaABAg,UC4aasZFLmnSLMt1nGQXel3w,"Fetched 05/24/2026, 8:08:10 PM GMT+8"
13104,@PELITANJennyClaireT,5 days ago,"Goww Benguet. Always, for us, the best! / - La Trinidad",https://www.youtube.com/watch?v=ROa3kbG5M0U&lc=Ugx8y2Ztt1Msspg5gSd4AaABAg,Ugx8y2Ztt1Msspg5gSd4AaABAg,UCsVZgGkRnNqeIIOLxHiFR7A,"Fetched 05/24/2026, 8:08:10 PM GMT+8"
13105,@Jazz-k6s,5 days ago,Happy viewing po ulit mga kapatid from Lokal ng La Trinidad 🐑🌱,https://www.youtube.com/watch?v=ROa3kbG5M0U&lc=UgzSGijYjko6JWHYpap4AaABAg,UgzSGijYjko6JWHYpap4AaABAg,UCjmyu8zkVg7bQQCs4HypxNQ,"Fetched 05/24/2026, 8:08:10 PM GMT+8"
13106,@Jazz-k6s,5 days ago,Happy viewing po ulit mga kapatid from Lokal ng La Trinidad 🐑🌱,https://www.youtube.com/watch?v=ROa3kbG5M0U&lc=UgxnW0LHDpksKl1I-AJ4AaABAg,UgxnW0LHDpksKl1I-AJ4AaABAg,UCjmyu8zkVg7bQQCs4HypxNQ,"Fetched 05/24/2026, 8:08:10 PM GMT+8"
13107,@daisycastaneda7972,5 days ago,HAPPY VIEWING SA MASIPAG NAMING FULL  TIME CLERK KAPATID NA MERWIN MAIZ. / KALIHIMAN/ REGISTRY / BAGUIO  CITY.,https://www.youtube.com/watch?v=ROa3kbG5M0U&lc=UgwExFtfds0NRYQMmB94AaABAg,UgwExFtfds0NRYQMmB94AaABAg,UCD3NlGp4eLYcR2RGC7FwnKQ,"Fetched 05/24/2026, 8:08:10 PM GMT+8"
13108,@Julskie28,5 days ago,Nood muna habang nag aantay ng lunch! /  / Happy viewing po sa ating lahat! /  / From KADIWAs of benguet 🎉 /  / Lokal ng Guisad❤,https://www.youtube.com/watch?v=ROa3kbG5M0U&lc=UgzNDGle9-nh-5v-SrJ4AaABAg,UgzNDGle9-nh-5v-SrJ4AaABAg,UC1nz0UiWHV8lyoQdZtJejeg,"Fetched 05/24/2026, 8:08:10 PM GMT+8"
13109,@PELITANJennyClaireT,5 days ago,"Sa mga parents po diyan: / Cocomelon ❌ / INC MV GOD'S LOVE ✅ / - La Trinidad locale, Benguet District",https://www.youtube.com/watch?v=ROa3kbG5M0U&lc=UgytcDP1xPozwji01YR4AaABAg,UgytcDP1xPozwji01YR4AaABAg,UCsVZgGkRnNqeIIOLxHiFR7A,"Fetched 05/24/2026, 8:08:10 PM GMT+8"
13110,@DenverCachero,5 days ago,Happy viewing po❤❤❤,https://www.youtube.com/watch?v=ROa3kbG5M0U&lc=Ugxdox_JFoPwXCaz7Kx4AaABAg,Ugxdox_JFoPwXCaz7Kx4AaABAg,UCDpldB524aqvBlcn0tL-XgQ,"Fetched 05/24/2026, 8:08:10 PM GMT+8"
13111,@jenelynlegaspi5472,5 days ago,Happy viewing po sa lahat / Kaisa po kmi sa pagsuporta / #QUEZONHILL,https://www.youtube.com/watch?v=ROa3kbG5M0U&lc=Ugx3IyeSGSHhLgvDKkF4AaABAg,Ugx3IyeSGSHhLgvDKkF4AaABAg,UCLjU_xM1oUxJ0N9ClfCcPjQ,"Fetched 05/24/2026, 8:08:10 PM GMT+8"
13112,@ShairaShaira-t7d4o,5 days ago,Happy viewing po from local ng Quezon hill District of benguet 3:00,https://www.youtube.com/watch?v=ROa3kbG5M0U&lc=UgwaPqI9Wb7J_sp2W0R4AaABAg,UgwaPqI9Wb7J_sp2W0R4AaABAg,UCQTQN0wrgbbZzkLwROI_YRg,"Fetched 05/24/2026, 8:08:10 PM GMT+8"
13113,@daisycastaneda7972,5 days ago,"MAGANDANG TANGHALI PO SA LAHAT NG MGA KAPATID SA DISTRITO NG BENGUET,  LETS GO! FULL  SUPPORT  BENGUET  TEAM. / BAGUIO  CITY.",https://www.youtube.com/watch?v=ROa3kbG5M0U&lc=UgxFlmu3O8Rs_jCSHq94AaABAg,UgxFlmu3O8Rs_jCSHq94AaABAg,UCD3NlGp4eLYcR2RGC7FwnKQ,"Fetched 05/24/2026, 8:08:10 PM GMT+8"
13114,@emersonsrrivera8499,5 days ago,Lalong sumisigla sumasaya habang nanonood... Mula sa lokal po ng Megaroyale Village...,https://www.youtube.com/watch?v=ROa3kbG5M0U&lc=UgyY7t8tDHO6BlhkeEh4AaABAg,UgyY7t8tDHO6BlhkeEh4AaABAg,UCEwD1sGs1TBK_FclZJYDoEw,"Fetched 05/24/2026, 8:08:10 PM GMT+8"
13115,@Jhovdgla,5 days ago,"Happy watching Po Mula sa Lokal Ng Camp8, Distrito Ng Benguet❤️",https://www.youtube.com/watch?v=ROa3kbG5M0U&lc=UgyFL0_TwRWIKnMhrAB4AaABAg,UgyFL0_TwRWIKnMhrAB4AaABAg,UC7RzLrLmzz3iwk_eLLTNvqQ,"Fetched 05/24/2026, 8:08:10 PM GMT+8"
13116,@kristine7303,5 days ago,Grabe ang Benguet! Damang dama an suporta ❤❤ / More powers to everyone na continuous nanonood! Lalo po sa mga KADIWA at mga taga Lokal ng Marcos Highway 💪🏻💪🏻,https://www.youtube.com/watch?v=ROa3kbG5M0U&lc=UgyNcU52Fwfbacdt7p14AaABAg,UgyNcU52Fwfbacdt7p14AaABAg,UCJnlqat5vcPuV6GiDugaBnA,"Fetched 05/24/2026, 8:08:10 PM GMT+8"
13117,@jhoelhopealtero9210,5 days ago,Happy lunch po watching from lokal ng Norcar distrito ng Benguet,https://www.youtube.com/watch?v=ROa3kbG5M0U&lc=Ugw5A_Z_rhDGM3NIQcd4AaABAg,Ugw5A_Z_rhDGM3NIQcd4AaABAg,UCvM66CUu4E9SdMsMK1oOeVA,"Fetched 05/24/2026, 8:08:10 PM GMT+8"
13118,@PELITANJennyClaireT,5 days ago,"Up up uppie, we go, Benguet, Let's go. / - La Trinidad",https://www.youtube.com/watch?v=ROa3kbG5M0U&lc=Ugz5US95m01sUhkksqZ4AaABAg,Ugz5US95m01sUhkksqZ4AaABAg,UCsVZgGkRnNqeIIOLxHiFR7A,"Fetched 05/24/2026, 8:08:10 PM GMT+8"
13119,@clydeenesumilep3406,5 days ago,Happy viewing to everyone! / Mula po sa Lokal ng Quezon Hill Distrito ng Benguet.. /        GO BENGUET!!!!!,https://www.youtube.com/watch?v=ROa3kbG5M0U&lc=UgxRK79LnhyGY_KbLP14AaABAg,UgxRK79LnhyGY_KbLP14AaABAg,UCGiYXJkA-whqFHZIOFfELjQ,"Fetched 05/24/2026, 8:08:10 PM GMT+8"
13120,@neiljeffersonfortin7735,5 days ago,happy viewing mga kapatid from lokal ng Balatoc,https://www.youtube.com/watch?v=ROa3kbG5M0U&lc=Ugw6xp5w4vqjnUDg3zF4AaABAg,Ugw6xp5w4vqjnUDg3zF4AaABAg,UCzMhyS9XhK6L7iy3bwA1bfw,"Fetched 05/24/2026, 8:08:10 PM GMT+8"
13121,@adrianaroseee,5 days ago,happy viewing po! warmest greetings po mula sa lokal ng Quezon Hill ❤️,https://www.youtube.com/watch?v=ROa3kbG5M0U&lc=UgyH4KX3YUKjbxhITHh4AaABAg,UgyH4KX3YUKjbxhITHh4AaABAg,UCh8ya2Ux_Er6KdJE0ZoYpRA,"Fetched 05/24/2026, 8:08:10 PM GMT+8"
13122,@PELITANJennyClaireT,5 days ago,"Reach the sky, Benguet! / - Kadiwa, La Trinidad, Benguet",https://www.youtube.com/watch?v=ROa3kbG5M0U&lc=Ugxrk-LAWK5vYebjUcV4AaABAg,Ugxrk-LAWK5vYebjUcV4AaABAg,UCsVZgGkRnNqeIIOLxHiFR7A,"Fetched 05/24/2026, 8:08:10 PM GMT+8"
13123,@jenelynlegaspi5472,5 days ago,Magandang tanghali po sa lahat / Go BENGUET🎉🍓🍓 / Pagbati po mula sa Lokal ng Quezon Hill,https://www.youtube.com/watch?v=ROa3kbG5M0U&lc=UgypogdW0NcCwE0oyMd4AaABAg,UgypogdW0NcCwE0oyMd4AaABAg,UCLjU_xM1oUxJ0N9ClfCcPjQ,"Fetched 05/24/2026, 8:08:10 PM GMT+8"
13124,@ShairaShaira-t7d4o,5 days ago,Happy viewing po from local ng Quezon hill District of benguet 3:04,https://www.youtube.com/watch?v=ROa3kbG5M0U&lc=UgwN-AjZSjULSlw6Gxd4AaABAg,UgwN-AjZSjULSlw6Gxd4AaABAg,UCQTQN0wrgbbZzkLwROI_YRg,"Fetched 05/24/2026, 8:08:10 PM GMT+8"
13125,@PELITANJennyClaireT,5 days ago,"Straight right to the Bluetooth speakers 🔊  / - Kadiwa, La Trinidad, Benguet",https://www.youtube.com/watch?v=ROa3kbG5M0U&lc=UgwxfQZrB1RS2_ywBEl4AaABAg,UgwxfQZrB1RS2_ywBEl4AaABAg,UCsVZgGkRnNqeIIOLxHiFR7A,"Fetched 05/24/2026, 8:08:10 PM GMT+8"
13126,@AntholinAviles,5 days ago,Magandang araw aa lahat mga kapatid....,https://www.youtube.com/watch?v=ROa3kbG5M0U&lc=UgwOQ7GrjeKSDzmwYMl4AaABAg,UgwOQ7GrjeKSDzmwYMl4AaABAg,UCEN7s6rtyGlKjwEadfTDlMw,"Fetched 05/24/2026, 8:08:10 PM GMT+8"
13127,@PELITANJennyClaireT,5 days ago,Marvelous - est love from your La Trinidad brethrens!  / - La Trinidad,https://www.youtube.com/watch?v=ROa3kbG5M0U&lc=UgzWL20exkZMw3qpQk54AaABAg,UgzWL20exkZMw3qpQk54AaABAg,UCsVZgGkRnNqeIIOLxHiFR7A,"Fetched 05/24/2026, 8:08:10 PM GMT+8"
13128,@RowenaPineda-x5g,5 days ago,good morning po!!!happy viewing po sa lahat ng mga kapatid sa lokal ng Baguio,https://www.youtube.com/watch?v=ROa3kbG5M0U&lc=UgzI3pIr1xqK7pUOp7F4AaABAg,UgzI3pIr1xqK7pUOp7F4AaABAg,UCQ2x7GNhC48WJgxyLApS7_g,"Fetched 05/24/2026, 8:08:10 PM GMT+8"
13129,@joanamaeburgos6418,5 days ago,Goodmorninggg pooo /  / Pagbati po mula sa Lokal po Ng Norcar🥰🥰,https://www.youtube.com/watch?v=ROa3kbG5M0U&lc=Ugy5_WlrYk14AWrRV_J4AaABAg,Ugy5_WlrYk14AWrRV_J4AaABAg,UC_bT0kSVN6fHaf3nJQ5BMqA,"Fetched 05/24/2026, 8:08:10 PM GMT+8"
13130,@SalveJhonDenver,5 days ago,"Go Benguet!! /  / Happy Viewing po. / Norcar, Benguet",https://www.youtube.com/watch?v=ROa3kbG5M0U&lc=UgwNZLWKmqbpt9-uxd54AaABAg,UgwNZLWKmqbpt9-uxd54AaABAg,UCCz-0V8tYUzIGT60zuscrQA,"Fetched 05/24/2026, 8:08:10 PM GMT+8"
13131,@MacMachineShopInc,5 days ago,"Happy viewing, Mula sa distrito Ng benguet lokal Ng green water.",https://www.youtube.com/watch?v=ROa3kbG5M0U&lc=UgwRTljWO2Ch_VmGQyh4AaABAg,UgwRTljWO2Ch_VmGQyh4AaABAg,UCGb6rkuXhsM5iEHOQiBOdPg,"Fetched 05/24/2026, 8:08:10 PM GMT+8"
13132,@PELITANJennyClaireT,5 days ago,Not even Mt. Everest can top our love for this.  / - La Trinidad,https://www.youtube.com/watch?v=ROa3kbG5M0U&lc=UgzRg8joXlChtjn_BJx4AaABAg,UgzRg8joXlChtjn_BJx4AaABAg,UCsVZgGkRnNqeIIOLxHiFR7A,"Fetched 05/24/2026, 8:08:10 PM GMT+8"
13133,@markdee4662,5 days ago,Benguet fight fight fight from lokal ng megaroyale,https://www.youtube.com/watch?v=ROa3kbG5M0U&lc=Ugy0QntxbyYs5xAkgCh4AaABAg,Ugy0QntxbyYs5xAkgCh4AaABAg,UCa2Y_FoGVERvnxIwM_suxOA,"Fetched 05/24/2026, 8:08:10 PM GMT+8"
13134,@PELITANJennyClaireT,5 days ago,Utmost support from the bottom of our hearts -- a support much deeper than the so-called Mariana Trench. / - La Trinidad,https://www.youtube.com/watch?v=ROa3kbG5M0U&lc=UgwYJ4hvWQkOUClegip4AaABAg,UgwYJ4hvWQkOUClegip4AaABAg,UCsVZgGkRnNqeIIOLxHiFR7A,"Fetched 05/24/2026, 8:08:10 PM GMT+8"
13135,@VivianneAsuegue,5 days ago,Go benguet. Happy viewing. Mula sa distrito ng benguet lokal ng greenwater,https://www.youtube.com/watch?v=ROa3kbG5M0U&lc=Ugy8Dq7TnjkjJnj1A-54AaABAg,Ugy8Dq7TnjkjJnj1A-54AaABAg,UC4Y38bmqIcGlawZvdAZTGGw,"Fetched 05/24/2026, 8:08:10 PM GMT+8"
13136,@RowenaPineda-x5g,5 days ago,Happy Viewing po mga kapatid mula po sa lokal ng Baguio,https://www.youtube.com/watch?v=ROa3kbG5M0U&lc=Ugz_qyz8EnIdRdT677l4AaABAg,Ugz_qyz8EnIdRdT677l4AaABAg,UCQ2x7GNhC48WJgxyLApS7_g,"Fetched 05/24/2026, 8:08:10 PM GMT+8"
13137,@PELITANJennyClaireT,5 days ago,May natira pa po sa hotdog- marshmallow sticks ni bunso? / - La Trinidad,https://www.youtube.com/watch?v=ROa3kbG5M0U&lc=Ugy-QBpcRxroKt85W1B4AaABAg,Ugy-QBpcRxroKt85W1B4AaABAg,UCsVZgGkRnNqeIIOLxHiFR7A,"Fetched 05/24/2026, 8:08:10 PM GMT+8"
13138,@godoybenidictjohn7654,5 days ago,Kasaya talaga panuorin /  / -Norcar,https://www.youtube.com/watch?v=ROa3kbG5M0U&lc=Ugw04yyZCQ9lUb3NX2B4AaABAg,Ugw04yyZCQ9lUb3NX2B4AaABAg,UCB42ziNyHQV4YV2qJwFrUiQ,"Fetched 05/24/2026, 8:08:10 PM GMT+8"
13139,@mikosolano1461,5 days ago,"Benguet - Fight, Fight, Fight!!! /  / - GREENWATER",https://www.youtube.com/watch?v=ROa3kbG5M0U&lc=UgzPIWbH4bXs57Q3kB94AaABAg,UgzPIWbH4bXs57Q3kB94AaABAg,UClTjsgTSPo1Qpcv0vNKsJsQ,"Fetched 05/24/2026, 8:08:10 PM GMT+8"
13140,@RowenaPineda-x5g,5 days ago,God's Love Go Benguet,https://www.youtube.com/watch?v=ROa3kbG5M0U&lc=UgyFMhkTKk8Do2Y-fy14AaABAg,UgyFMhkTKk8Do2Y-fy14AaABAg,UCQ2x7GNhC48WJgxyLApS7_g,"Fetched 05/24/2026, 8:08:10 PM GMT+8"
13141,@jeffreygavino3430,5 days ago,"Greetings po from Lokal ng Aurora Hill,Benguet 💚🤍❤️",https://www.youtube.com/watch?v=ROa3kbG5M0U&lc=UgzGVv_19LeMo7F8fyB4AaABAg,UgzGVv_19LeMo7F8fyB4AaABAg,UCpub-n08sR17erer_8Jy5Cg,"Fetched 05/24/2026, 8:08:10 PM GMT+8"
13142,@RowenaPineda-x5g,5 days ago,Go Benguet,https://www.youtube.com/watch?v=ROa3kbG5M0U&lc=UgxH_haDrB-Wiy1-ldx4AaABAg,UgxH_haDrB-Wiy1-ldx4AaABAg,UCQ2x7GNhC48WJgxyLApS7_g,"Fetched 05/24/2026, 8:08:10 PM GMT+8"
13143,@RowenaPineda-x5g,5 days ago,Happy viewing po  mula sa lokal Baguio distrito ng Benguet,https://www.youtube.com/watch?v=ROa3kbG5M0U&lc=UgwQnjgkHBM5aeVMJGR4AaABAg,UgwQnjgkHBM5aeVMJGR4AaABAg,UCQ2x7GNhC48WJgxyLApS7_g,"Fetched 05/24/2026, 8:08:10 PM GMT+8"
13144,@PELITANJennyClaireT,5 days ago,Happii tuesday viewing everyone! / - La Trinidad,https://www.youtube.com/watch?v=ROa3kbG5M0U&lc=UgzrpY8xAsSgaLz3Gup4AaABAg,UgzrpY8xAsSgaLz3Gup4AaABAg,UCsVZgGkRnNqeIIOLxHiFR7A,"Fetched 05/24/2026, 8:08:10 PM GMT+8"
13145,@rolandarquillo4802,5 days ago,"Watching po lokal ng camp 8,distrito ng benguet",https://www.youtube.com/watch?v=ROa3kbG5M0U&lc=UgxW8FUb3UMRLqkaHi54AaABAg,UgxW8FUb3UMRLqkaHi54AaABAg,UCuSw6XW2fw7n58FG7cpwa3A,"Fetched 05/24/2026, 8:08:10 PM GMT+8"
13146,@clarissarb8511,5 days ago,happy watching po sa lahat😊 greetings po from Lokal ng Norcar😊 / Go Benguet!,https://www.youtube.com/watch?v=ROa3kbG5M0U&lc=Ugzp-3pKih0aybvmhgR4AaABAg,Ugzp-3pKih0aybvmhgR4AaABAg,UCpN6a1Fq8y1AvfqQg7kBgdw,"Fetched 05/24/2026, 8:08:10 PM GMT+8"
13147,@PELITANJennyClaireT,5 days ago,A perfect video seasoned with perfect melody. / - La Trinidad,https://www.youtube.com/watch?v=ROa3kbG5M0U&lc=UgwTC3AzZnQ1OEb-rCN4AaABAg,UgwTC3AzZnQ1OEb-rCN4AaABAg,UCsVZgGkRnNqeIIOLxHiFR7A,"Fetched 05/24/2026, 8:08:10 PM GMT+8"
13148,@JonasAlmonte-s4c,5 days ago,Happy viewing po mula sa lokal ng Norcar😊,https://www.youtube.com/watch?v=ROa3kbG5M0U&lc=UgylwvVP34rAP8-BvoV4AaABAg,UgylwvVP34rAP8-BvoV4AaABAg,UCNM3T57yRsW5FdjxBdVaSVQ,"Fetched 05/24/2026, 8:08:10 PM GMT+8"
13149,@PELITANJennyClaireT,5 days ago (edited),"""Never back down, never what? Never give up.""  / Soar the top, our dearest Benguet! / - Kadiwa, La Trinidad, Benguet",https://www.youtube.com/watch?v=ROa3kbG5M0U&lc=Ugxbl23YITpN0POQKGR4AaABAg,Ugxbl23YITpN0POQKGR4AaABAg,UCsVZgGkRnNqeIIOLxHiFR7A,"Fetched 05/24/2026, 8:08:10 PM GMT+8"
13150,@femanzano786,5 days ago,We are on the way to the top... Go go go BENGUET... FROM LOCAL OF AUORA HILL!!!,https://www.youtube.com/watch?v=ROa3kbG5M0U&lc=UgzR4iuN4UcMsY0f11x4AaABAg,UgzR4iuN4UcMsY0f11x4AaABAg,UCSO8wW0Z68rjkiARMOmA7IA,"Fetched 05/24/2026, 8:08:10 PM GMT+8"
13151,@joanamaeburgos6418,5 days ago,Go Go Go Benguet!!!! ❤,https://www.youtube.com/watch?v=ROa3kbG5M0U&lc=Ugxkh44AASVnNQiBXkR4AaABAg,Ugxkh44AASVnNQiBXkR4AaABAg,UC_bT0kSVN6fHaf3nJQ5BMqA,"Fetched 05/24/2026, 8:08:10 PM GMT+8"
13152,@AdliselbAoad,5 days ago,Narito pa rin po ang Lokal ng Baguio City  / Patuloy Nakasuporta at Bumabati po Sainyo mga Mahal na Kapatid,https://www.youtube.com/watch?v=ROa3kbG5M0U&lc=UgzYuX64VC4ZckDkZJV4AaABAg,UgzYuX64VC4ZckDkZJV4AaABAg,UCDFkFpLctdryYbzB6sMOn3A,"Fetched 05/24/2026, 8:08:10 PM GMT+8"
13153,@trisabondoc2251,5 days ago,Happy viewing po sa lahat / From lourdes benguet / Kalihim/registry,https://www.youtube.com/watch?v=ROa3kbG5M0U&lc=UgwJjyT1VaI90b46tp94AaABAg,UgwJjyT1VaI90b46tp94AaABAg,UC-V33pMLtbdi-UXnyMoQpGQ,"Fetched 05/24/2026, 8:08:10 PM GMT+8"
13154,@racqueldaludado1779,5 days ago,Happy Viewing po mga kapatid sa lokal ng Guisad.  / Greetings from kapisanang BUKLOD Distrito ng Benguet,https://www.youtube.com/watch?v=ROa3kbG5M0U&lc=Ugx4gPTIey9XvJRcYu54AaABAg,Ugx4gPTIey9XvJRcYu54AaABAg,UCgZwecFPuKOLF2FdCfR99dw,"Fetched 05/24/2026, 8:08:10 PM GMT+8"
13155,@BongFernandez-v4y,5 days ago,"goodmorning mga kapatid! / mula po sa lokal ng marcos hi-way,distrito benguet!! / Go!Go!Go! Benguet",https://www.youtube.com/watch?v=ROa3kbG5M0U&lc=Ugx34aX_6sjuss8fJTR4AaABAg,Ugx34aX_6sjuss8fJTR4AaABAg,UCisFJydd9FKwTOZJkS-375g,"Fetched 05/24/2026, 8:08:10 PM GMT+8"
13156,@PELITANJennyClaireT,5 days ago,"Soul-igniting MV, this is! / - La Trinidad",https://www.youtube.com/watch?v=ROa3kbG5M0U&lc=Ugy5deeG10kIKUXgMtZ4AaABAg,Ugy5deeG10kIKUXgMtZ4AaABAg,UCsVZgGkRnNqeIIOLxHiFR7A,"Fetched 05/24/2026, 8:08:10 PM GMT+8"
13157,@AuroraFlores-q8g,5 days ago,"""A new day, a new life that lasts till forever"" / -watching from Guisad Locale 😊✨🎧 3:04",https://www.youtube.com/watch?v=ROa3kbG5M0U&lc=UgyL3qPed6I2oteY05R4AaABAg,UgyL3qPed6I2oteY05R4AaABAg,UCZ2amji4eOMrNdSxLyzijPQ,"Fetched 05/24/2026, 8:08:10 PM GMT+8"
13158,@agudongdencebaylorb.6757,5 days ago,"Magandang araw from the beautiful Baguio City, Benguet!",https://www.youtube.com/watch?v=ROa3kbG5M0U&lc=UgzZIEv-bglZcfGYKHx4AaABAg,UgzZIEv-bglZcfGYKHx4AaABAg,UCk7OB5KugstrmQSDU7Q4lDQ,"Fetched 05/24/2026, 8:08:10 PM GMT+8"
13159,@agudongdencebaylorb.6757,5 days ago,"Chill vibes lang dito sa Baguio City, Benguet. Good day!",https://www.youtube.com/watch?v=ROa3kbG5M0U&lc=UgytFIMpHAQPSym37nV4AaABAg,UgytFIMpHAQPSym37nV4AaABAg,UCk7OB5KugstrmQSDU7Q4lDQ,"Fetched 05/24/2026, 8:08:10 PM GMT+8"
13160,@agudongdencebaylorb.6757,5 days ago,"Have a blessed day everyone here in Baguio City, Benguet!",https://www.youtube.com/watch?v=ROa3kbG5M0U&lc=UgwGN-eyZIif3ohQAu14AaABAg,UgwGN-eyZIif3ohQAu14AaABAg,UCk7OB5KugstrmQSDU7Q4lDQ,"Fetched 05/24/2026, 8:08:10 PM GMT+8"
13161,@agudongdencebaylorb.6757,5 days ago,"Hello po sa lahat from Baguio City, Benguet!",https://www.youtube.com/watch?v=ROa3kbG5M0U&lc=UgzwmrETpLvsrSpCjFh4AaABAg,UgzwmrETpLvsrSpCjFh4AaABAg,UCk7OB5KugstrmQSDU7Q4lDQ,"Fetched 05/24/2026, 8:08:10 PM GMT+8"
13162,@Linh-p6m,5 days ago,Go lng ng gooo Bengueettt🎉🎉 /  / viewing from lokal ng Atok Gold❤❤,https://www.youtube.com/watch?v=ROa3kbG5M0U&lc=UgwtjDwjUBr_86zI9pt4AaABAg,UgwtjDwjUBr_86zI9pt4AaABAg,UC6zvycA4jBfV3AMvuXhCMgw,"Fetched 05/24/2026, 8:08:10 PM GMT+8"
13163,@agudongdencebaylorb.6757,5 days ago,"Sending warm greetings all the way from Baguio City, Benguet!",https://www.youtube.com/watch?v=ROa3kbG5M0U&lc=UgwnBZkZzJfhg3X9CBh4AaABAg,UgwnBZkZzJfhg3X9CBh4AaABAg,UCk7OB5KugstrmQSDU7Q4lDQ,"Fetched 05/24/2026, 8:08:10 PM GMT+8"
13164,@agudongdencebaylorb.6757,5 days ago,"Good morning from Baguio City, Benguet! Stay safe and enjoy your day!",https://www.youtube.com/watch?v=ROa3kbG5M0U&lc=UgyQv20m3L8wExvVYDp4AaABAg,UgyQv20m3L8wExvVYDp4AaABAg,UCk7OB5KugstrmQSDU7Q4lDQ,"Fetched 05/24/2026, 8:08:10 PM GMT+8"
13165,@PELITANJennyClaireT,5 days ago,"From the top, to the toppest! Go, Benguet. / - La Trinidad",https://www.youtube.com/watch?v=ROa3kbG5M0U&lc=Ugx7wN_CRZPEvUowq4B4AaABAg,Ugx7wN_CRZPEvUowq4B4AaABAg,UCsVZgGkRnNqeIIOLxHiFR7A,"Fetched 05/24/2026, 8:08:10 PM GMT+8"
13166,@ehdwow318,5 days ago,Napaka HD ng INCMV ng Benguet. Ang ganda 😮,https://www.youtube.com/watch?v=ROa3kbG5M0U&lc=UgzfZ-ehGQOZYwWhaL94AaABAg,UgzfZ-ehGQOZYwWhaL94AaABAg,UCiwATwwRZ8TCez4FYmw9s0Q,"Fetched 05/24/2026, 8:08:10 PM GMT+8"
13167,@agudongdencebaylorb.6757,5 days ago,"Stay motivated from Baguio City, Benguet!",https://www.youtube.com/watch?v=ROa3kbG5M0U&lc=UgxabwfJuTc-Etl9-yZ4AaABAg,UgxabwfJuTc-Etl9-yZ4AaABAg,UCk7OB5KugstrmQSDU7Q4lDQ,"Fetched 05/24/2026, 8:08:10 PM GMT+8"
13168,@PELITANJennyClaireT,5 days ago,"Reach the stars, Benguet! / - La Trinidad, Benguet District",https://www.youtube.com/watch?v=ROa3kbG5M0U&lc=UgyV72Jc_drfZR-HpLd4AaABAg,UgyV72Jc_drfZR-HpLd4AaABAg,UCsVZgGkRnNqeIIOLxHiFR7A,"Fetched 05/24/2026, 8:08:10 PM GMT+8"
13169,@markcharlessolano2183,5 days ago,Go Benguet !!! / -GREENWATER,https://www.youtube.com/watch?v=ROa3kbG5M0U&lc=UgwPosWtLEQjFErm7154AaABAg,UgwPosWtLEQjFErm7154AaABAg,UCz9t0Q2OOQ38ZqNFg4Sg4wQ,"Fetched 05/24/2026, 8:08:10 PM GMT+8"
13170,@PELITANJennyClaireT,5 days ago,"The type of MV you wanna blast around your town ✨. / - Kadiwa, La Trinidad locale, Benguet district",https://www.youtube.com/watch?v=ROa3kbG5M0U&lc=UgzpJA5idQGW5SaJKWl4AaABAg,UgzpJA5idQGW5SaJKWl4AaABAg,UCsVZgGkRnNqeIIOLxHiFR7A,"Fetched 05/24/2026, 8:08:10 PM GMT+8"
13171,@carmichaeldaligan4338,5 days ago,ito to top 1 na from lokan airport,https://www.youtube.com/watch?v=ROa3kbG5M0U&lc=Ugzc0V8TA1-x3dBjxNx4AaABAg,Ugzc0V8TA1-x3dBjxNx4AaABAg,UC3beFEbw3Ob7lxJMsEas9yw,"Fetched 05/24/2026, 8:08:10 PM GMT+8"
13172,@femanzano786,5 days ago,Go go go Benguet ! We can make it to the top!!!,https://www.youtube.com/watch?v=ROa3kbG5M0U&lc=UgzTEOecHZOr5-hN5IJ4AaABAg,UgzTEOecHZOr5-hN5IJ4AaABAg,UCSO8wW0Z68rjkiARMOmA7IA,"Fetched 05/24/2026, 8:08:10 PM GMT+8"
13173,@PELITANJennyClaireT,5 days ago,"Warm greetings from our burning support!  / - La Trinidad, Benguet",https://www.youtube.com/watch?v=ROa3kbG5M0U&lc=UgwAb8VJWoVlpIb8f714AaABAg,UgwAb8VJWoVlpIb8f714AaABAg,UCsVZgGkRnNqeIIOLxHiFR7A,"Fetched 05/24/2026, 8:08:10 PM GMT+8"
13174,@jasminedaludado7262,5 days ago,Happy viewing po mga kapatid❤ /  / Let's go Benguet!!! /  / Full support po mula sa mga maytungkuling KADIWA at PNK ng Lokal ng Guisad,https://www.youtube.com/watch?v=ROa3kbG5M0U&lc=Ugxi-pK5hidj_2JGzn94AaABAg,Ugxi-pK5hidj_2JGzn94AaABAg,UCA4HVmdH2Xj67gK8nZmpiZg,"Fetched 05/24/2026, 8:08:10 PM GMT+8"
13175,@maricrismercado6454,5 days ago,Go benguet from lokal ng buyagan.....,https://www.youtube.com/watch?v=ROa3kbG5M0U&lc=Ugx9fdc86OBDbMHQ6j94AaABAg,Ugx9fdc86OBDbMHQ6j94AaABAg,UCkZryXXXTYxAVavhBur_vng,"Fetched 05/24/2026, 8:08:10 PM GMT+8"
13176,@ivymorenomaravilla,5 days ago,Watching from Baguio City ❤❤❤,https://www.youtube.com/watch?v=ROa3kbG5M0U&lc=UgwPfLDRjnvCWAH-vnt4AaABAg,UgwPfLDRjnvCWAH-vnt4AaABAg,UC32rXNkKQhO9c-YLliCwYLg,"Fetched 05/24/2026, 8:08:10 PM GMT+8"
13177,@AdliselbAoad,5 days ago,❤❤❤❤❤ / Watching From Locale of Baguio City / Happy Lunch,https://www.youtube.com/watch?v=ROa3kbG5M0U&lc=Ugw6r_Z0vvisIKyKMlB4AaABAg,Ugw6r_Z0vvisIKyKMlB4AaABAg,UCDFkFpLctdryYbzB6sMOn3A,"Fetched 05/24/2026, 8:08:10 PM GMT+8"
13178,@godoybenidictjohn7654,5 days ago,Iready na po ang buong barkada sa panunuod .. lets Go  /  / From Norcar,https://www.youtube.com/watch?v=ROa3kbG5M0U&lc=UgyHg4F8V0nFHyy355d4AaABAg,UgyHg4F8V0nFHyy355d4AaABAg,UCB42ziNyHQV4YV2qJwFrUiQ,"Fetched 05/24/2026, 8:08:10 PM GMT+8"
13179,@JosephineOng-eo9li,5 days ago,"hello po,Go go go Benguet",https://www.youtube.com/watch?v=ROa3kbG5M0U&lc=Ugzt2mLEU3ixCEFvIX54AaABAg,Ugzt2mLEU3ixCEFvIX54AaABAg,UC8DIj5YZrWY9C-qNoSGZ0YA,"Fetched 05/24/2026, 8:08:10 PM GMT+8"
13180,@TrishaTrishaArabejo,5 days ago,Good morning everyone Happy viewing Mula sa Aurora Hill Benguet 🇮🇹 🇮🇹,https://www.youtube.com/watch?v=ROa3kbG5M0U&lc=UgxgaPCyUvR136rtzZV4AaABAg,UgxgaPCyUvR136rtzZV4AaABAg,UCKlOVCTsGeeM5vsdFrFRA-g,"Fetched 05/24/2026, 8:08:10 PM GMT+8"
13181,@cherrydevera8251,5 days ago,Happy lunch time po sa maagang manananghalian mga kapatid. /  / Lokal ng Baguio City,https://www.youtube.com/watch?v=ROa3kbG5M0U&lc=UgzLMgZgl-vAmt2kA514AaABAg,UgzLMgZgl-vAmt2kA514AaABAg,UCrod3zHPNdFZBv-HyVuLJ3g,"Fetched 05/24/2026, 8:08:10 PM GMT+8"
13182,@jefllienb,5 days ago,"Go, Benguet! From Local of Tublay, gives their unwavering support! Mabuhay! 💚🤍❤️",https://www.youtube.com/watch?v=ROa3kbG5M0U&lc=Ugxx5bXf__qblGqUNS14AaABAg,Ugxx5bXf__qblGqUNS14AaABAg,UCEdehtqDJCa-ZPhrpA8Wz8Q,"Fetched 05/24/2026, 8:08:10 PM GMT+8"
13183,@jefllienb,5 days ago,"Go, Benguet! From Local of Tublay, gives their unwavering support! Mabuhay! 💚🤍❤️",https://www.youtube.com/watch?v=ROa3kbG5M0U&lc=Ugz5XJJuBKv4X3fXBAJ4AaABAg,Ugz5XJJuBKv4X3fXBAJ4AaABAg,UCEdehtqDJCa-ZPhrpA8Wz8Q,"Fetched 05/24/2026, 8:08:10 PM GMT+8"
13184,@jefllienb,5 days ago,"Go, Benguet! From Local of Tublay, gives their unwavering support! Mabuhay! 💚🤍❤️",https://www.youtube.com/watch?v=ROa3kbG5M0U&lc=UgxQV0nbS837zgkeGlF4AaABAg,UgxQV0nbS837zgkeGlF4AaABAg,UCEdehtqDJCa-ZPhrpA8Wz8Q,"Fetched 05/24/2026, 8:08:10 PM GMT+8"
13185,@RoelJoshArabejo,5 days ago,Road to Top 1 Benguet!!!🎉🎉🎉,https://www.youtube.com/watch?v=ROa3kbG5M0U&lc=Ugz--o2jdZ4rrySVasx4AaABAg,Ugz--o2jdZ4rrySVasx4AaABAg,UC_5rEJfoFzwKQH9Tvh4VPmw,"Fetched 05/24/2026, 8:08:10 PM GMT+8"
13186,@jefllienb,5 days ago,"Go, Benguet! From Local of Tublay, gives their unwavering support! Mabuhay! 💚🤍❤️",https://www.youtube.com/watch?v=ROa3kbG5M0U&lc=UgzMbdfgmB6ajO3pB6R4AaABAg,UgzMbdfgmB6ajO3pB6R4AaABAg,UCEdehtqDJCa-ZPhrpA8Wz8Q,"Fetched 05/24/2026, 8:08:10 PM GMT+8"
13187,@RhyndylynAlmazan,5 days ago,Fight!!! Fight!!!! Fight!!!!  / Go go Benguet❤❤❤ /  / ❤ Lokal ng Norcar / ❤ Kadiwa,https://www.youtube.com/watch?v=ROa3kbG5M0U&lc=Ugx_JR2JIHhaK3H5HHx4AaABAg,Ugx_JR2JIHhaK3H5HHx4AaABAg,UCMghc-KkDEZPqnTXiV0hZfw,"Fetched 05/24/2026, 8:08:10 PM GMT+8"
13188,@PELITANJennyClaireT,5 days ago,"Just as the famous kids' movie imply: ""..we're going up, up, up, it's our moment.."" -- Go Benguet. / - La Trinidad",https://www.youtube.com/watch?v=ROa3kbG5M0U&lc=Ugyplptu7OaqcxdxvhV4AaABAg,Ugyplptu7OaqcxdxvhV4AaABAg,UCsVZgGkRnNqeIIOLxHiFR7A,"Fetched 05/24/2026, 8:08:10 PM GMT+8"
13189,@Cha.Prestoza,5 days ago,Good afternoon po! / Watching from lokal ng Aurora Hill!,https://www.youtube.com/watch?v=ROa3kbG5M0U&lc=UgwcbsyCFZ3ap8BL7tZ4AaABAg,UgwcbsyCFZ3ap8BL7tZ4AaABAg,UCJtyzfAzuXuJrdJ47hXS3qg,"Fetched 05/24/2026, 8:08:10 PM GMT+8"
13190,@Cha.Prestoza,5 days ago,Pagbati po sa lahat ng Buklod sa Benguet!  / From Aurora Hill!,https://www.youtube.com/watch?v=ROa3kbG5M0U&lc=UgwnrPky9a4KBAz0lvp4AaABAg,UgwnrPky9a4KBAz0lvp4AaABAg,UCJtyzfAzuXuJrdJ47hXS3qg,"Fetched 05/24/2026, 8:08:10 PM GMT+8"
13191,@Cha.Prestoza,5 days ago,Let’s go #1 Benguet!  / - Aurora Hill,https://www.youtube.com/watch?v=ROa3kbG5M0U&lc=Ugy0e8gBjcR7IC9ymRl4AaABAg,Ugy0e8gBjcR7IC9ymRl4AaABAg,UCJtyzfAzuXuJrdJ47hXS3qg,"Fetched 05/24/2026, 8:08:10 PM GMT+8"
13192,@PELITANJennyClaireT,5 days ago,"Sweating buckets as of the moment, but our support for you is the sweetest! / - Locale Congregation of La Trinidad",https://www.youtube.com/watch?v=ROa3kbG5M0U&lc=UgzS8JYWwXTfSLQXwYB4AaABAg,UgzS8JYWwXTfSLQXwYB4AaABAg,UCsVZgGkRnNqeIIOLxHiFR7A,"Fetched 05/24/2026, 8:08:10 PM GMT+8"
13193,@ambrosioanofojr4444,5 days ago,Pagbati po sa KDO at Lokal ng Norcar,https://www.youtube.com/watch?v=ROa3kbG5M0U&lc=Ugy2C7VQ4VCY9BMHxK94AaABAg,Ugy2C7VQ4VCY9BMHxK94AaABAg,UCQACOM5LJpxnKpV1DM1bwew,"Fetched 05/24/2026, 8:08:10 PM GMT+8"
13194,@PELITANJennyClaireT,5 days ago,Sweet supports from the locale of La Trinidad. A sweet MV deserves a sweet attention 🤞. / - La Trinidad,https://www.youtube.com/watch?v=ROa3kbG5M0U&lc=UgzRVGnjFEbv7YjqKOV4AaABAg,UgzRVGnjFEbv7YjqKOV4AaABAg,UCsVZgGkRnNqeIIOLxHiFR7A,"Fetched 05/24/2026, 8:08:10 PM GMT+8"
13195,@gwynethcayabyab5981,5 days ago,Lets go benguet🎉 fight fight fight lang po❤ / -kadiwa,https://www.youtube.com/watch?v=ROa3kbG5M0U&lc=UgwPKGOJeENEf-TEVS94AaABAg,UgwPKGOJeENEf-TEVS94AaABAg,UCouodNvhL1bfJC2Fz0B_Rcw,"Fetched 05/24/2026, 8:08:10 PM GMT+8"
13196,@agnesguiniguin1491,5 days ago,"Happy viewing from Lokal ng Philex Mines, Distrito ng Benguet",https://www.youtube.com/watch?v=ROa3kbG5M0U&lc=UgxYTxt_m5p9KG6xlv14AaABAg,UgxYTxt_m5p9KG6xlv14AaABAg,UC3e1NH3BF80vqSCKkeZNhLA,"Fetched 05/24/2026, 8:08:10 PM GMT+8"
13197,@PELITANJennyClaireT,5 days ago,"To the top we go, Benguet 🌲 / - La Trinidad",https://www.youtube.com/watch?v=ROa3kbG5M0U&lc=UgyXFWbE6B3yJ6o2lmN4AaABAg,UgyXFWbE6B3yJ6o2lmN4AaABAg,UCsVZgGkRnNqeIIOLxHiFR7A,"Fetched 05/24/2026, 8:08:10 PM GMT+8"
13198,@kapawsori4903,5 days ago,Magandang tanghali po sa lahat. Watching po mula sa lokal ng GUISAD,https://www.youtube.com/watch?v=ROa3kbG5M0U&lc=UgxWdeJyouYb6my8-0R4AaABAg,UgxWdeJyouYb6my8-0R4AaABAg,UCBGKw5lDVT-IdHkbfdEHing,"Fetched 05/24/2026, 8:08:10 PM GMT+8"
13199,@PELITANJennyClaireT,5 days ago,"Ang suporta mula sa lokal ng La Trinidad ay parang yung tiyan ko, tumutunog 🔊 / - La Trinidad",https://www.youtube.com/watch?v=ROa3kbG5M0U&lc=UgwUhQV97uXLjT7FSF94AaABAg,UgwUhQV97uXLjT7FSF94AaABAg,UCsVZgGkRnNqeIIOLxHiFR7A,"Fetched 05/24/2026, 8:08:10 PM GMT+8"
13200,@henrycaranto2644,5 days ago,Mga Kasama namin sa Benguet / Konte nalang po No.1 na tayo❤🎉🎉 /  / Let’s Go Benguet🎉 /  / From Lokal ng Baguio City and Kadiwa Officers🎉,https://www.youtube.com/watch?v=ROa3kbG5M0U&lc=UgzlE4XHO9_YVtu0eOp4AaABAg,UgzlE4XHO9_YVtu0eOp4AaABAg,UCFilTOy22FklSkBIgwVPVaQ,"Fetched 05/24/2026, 8:08:10 PM GMT+8"
13201,@PELITANJennyClaireT,5 days ago,Go go gow.  / - La Trinidad,https://www.youtube.com/watch?v=ROa3kbG5M0U&lc=UgwQ1MOpZ1hdsgFZvqZ4AaABAg,UgwQ1MOpZ1hdsgFZvqZ4AaABAg,UCsVZgGkRnNqeIIOLxHiFR7A,"Fetched 05/24/2026, 8:08:10 PM GMT+8"
13202,@Kate-l7p3n,5 days ago,Happy watching po from lokal  ng Guisad ❤!!,https://www.youtube.com/watch?v=ROa3kbG5M0U&lc=Ugys-OLGc6fnvA8lwFh4AaABAg,Ugys-OLGc6fnvA8lwFh4AaABAg,UCGxGooHWGHIT8dm8aRYPXdw,"Fetched 05/24/2026, 8:08:10 PM GMT+8"
13203,@PELITANJennyClaireT,5 days ago (edited),"INC MV's are the best! Benguet as the best, of course (for the La Trinidad peeps) / - La Trinidad",https://www.youtube.com/watch?v=ROa3kbG5M0U&lc=UgyhWL1vPGHZEWLdosV4AaABAg,UgyhWL1vPGHZEWLdosV4AaABAg,UCsVZgGkRnNqeIIOLxHiFR7A,"Fetched 05/24/2026, 8:08:10 PM GMT+8"
13204,@PELITANJennyClaireT,5 days ago,"The atmosphere is hot, like the locale of La Trinidad's support!  / - La Trinidad",https://www.youtube.com/watch?v=ROa3kbG5M0U&lc=UgyTLPMOddwadFxylwN4AaABAg,UgyTLPMOddwadFxylwN4AaABAg,UCsVZgGkRnNqeIIOLxHiFR7A,"Fetched 05/24/2026, 8:08:10 PM GMT+8"
13205,@agudongdencebaylorb.6757,5 days ago,"Sending positivity your way from Baguio City, Benguet!",https://www.youtube.com/watch?v=ROa3kbG5M0U&lc=Ugyue6Ar0UFx6Y9JUI14AaABAg,Ugyue6Ar0UFx6Y9JUI14AaABAg,UCk7OB5KugstrmQSDU7Q4lDQ,"Fetched 05/24/2026, 8:08:10 PM GMT+8"
13206,@agudongdencebaylorb.6757,5 days ago,"Enjoy the moment from Baguio City, Benguet!",https://www.youtube.com/watch?v=ROa3kbG5M0U&lc=UgxfXd2buAn-wEnVkmB4AaABAg,UgxfXd2buAn-wEnVkmB4AaABAg,UCk7OB5KugstrmQSDU7Q4lDQ,"Fetched 05/24/2026, 8:08:10 PM GMT+8"
13207,@PELITANJennyClaireT,5 days ago,"Masayang panonood para sa masarap na ulam 🍳. / - Kadiwa, La Trinidad, Benguet",https://www.youtube.com/watch?v=ROa3kbG5M0U&lc=UgzwK90DPra2DYQGTwJ4AaABAg,UgzwK90DPra2DYQGTwJ4AaABAg,UCsVZgGkRnNqeIIOLxHiFR7A,"Fetched 05/24/2026, 8:08:10 PM GMT+8"
13208,@agudongdencebaylorb.6757,5 days ago,"Stay cool and blessed from Baguio City, Benguet!",https://www.youtube.com/watch?v=ROa3kbG5M0U&lc=UgxGMsnHPrmJL3uuPTx4AaABAg,UgxGMsnHPrmJL3uuPTx4AaABAg,UCk7OB5KugstrmQSDU7Q4lDQ,"Fetched 05/24/2026, 8:08:10 PM GMT+8"
13209,@agudongdencebaylorb.6757,5 days ago,"Keep spreading kindness from Baguio City, Benguet!",https://www.youtube.com/watch?v=ROa3kbG5M0U&lc=UgxjUDQl45vcaeauM_54AaABAg,UgxjUDQl45vcaeauM_54AaABAg,UCk7OB5KugstrmQSDU7Q4lDQ,"Fetched 05/24/2026, 8:08:10 PM GMT+8"
13210,@agudongdencebaylorb.6757,5 days ago,"Relax and enjoy your day from Baguio City, Benguet!",https://www.youtube.com/watch?v=ROa3kbG5M0U&lc=UgzTVCixRpACpxAFVXR4AaABAg,UgzTVCixRpACpxAFVXR4AaABAg,UCk7OB5KugstrmQSDU7Q4lDQ,"Fetched 05/24/2026, 8:08:10 PM GMT+8"
13211,@agudongdencebaylorb.6757,5 days ago,"Blessed Sunday everyone from Baguio City, Benguet!",https://www.youtube.com/watch?v=ROa3kbG5M0U&lc=Ugz95ZKi-vixhCPj03Z4AaABAg,Ugz95ZKi-vixhCPj03Z4AaABAg,UCk7OB5KugstrmQSDU7Q4lDQ,"Fetched 05/24/2026, 8:08:10 PM GMT+8"
13212,@agudongdencebaylorb.6757,5 days ago,"Sending sweet greetings from Baguio City, Benguet!",https://www.youtube.com/watch?v=ROa3kbG5M0U&lc=Ugy8-ApKmpvSHSXOgYV4AaABAg,Ugy8-ApKmpvSHSXOgYV4AaABAg,UCk7OB5KugstrmQSDU7Q4lDQ,"Fetched 05/24/2026, 8:08:10 PM GMT+8"
13213,@PELITANJennyClaireT,5 days ago,Happi early lunch at viewing po. / - La Trinidad,https://www.youtube.com/watch?v=ROa3kbG5M0U&lc=Ugzg44ucT77CTsUQIcZ4AaABAg,Ugzg44ucT77CTsUQIcZ4AaABAg,UCsVZgGkRnNqeIIOLxHiFR7A,"Fetched 05/24/2026, 8:08:10 PM GMT+8"
13214,@agudongdencebaylorb.6757,5 days ago,"Another cozy day in Baguio City, Benguet!",https://www.youtube.com/watch?v=ROa3kbG5M0U&lc=UgwqDQuH5nRUUl_WoP54AaABAg,UgwqDQuH5nRUUl_WoP54AaABAg,UCk7OB5KugstrmQSDU7Q4lDQ,"Fetched 05/24/2026, 8:08:10 PM GMT+8"
13215,@agudongdencebaylorb.6757,5 days ago,"Hope you’re doing well from Baguio City, Benguet!",https://www.youtube.com/watch?v=ROa3kbG5M0U&lc=UgxcjBj84Xeb2zKqaZV4AaABAg,UgxcjBj84Xeb2zKqaZV4AaABAg,UCk7OB5KugstrmQSDU7Q4lDQ,"Fetched 05/24/2026, 8:08:10 PM GMT+8"
13216,@PELITANJennyClaireT,5 days ago,"Beyond 7k views, we go. Go Benguet. / - La Trinidad",https://www.youtube.com/watch?v=ROa3kbG5M0U&lc=UgxOJJ8XyZdYOvLBoRN4AaABAg,UgxOJJ8XyZdYOvLBoRN4AaABAg,UCsVZgGkRnNqeIIOLxHiFR7A,"Fetched 05/24/2026, 8:08:10 PM GMT+8"
13217,@AlizaBatino,5 days ago,"Good morning pooooo,  Mula po sa kapisanang binhi happy viewing po mula po sa lokal ng Megaroyale Village Distrito ng Benguet! ❤",https://www.youtube.com/watch?v=ROa3kbG5M0U&lc=UgzfL-FCdwlauEfbfZN4AaABAg,UgzfL-FCdwlauEfbfZN4AaABAg,UCg-VuGuJ31HgYmRB8MjzeZw,"Fetched 05/24/2026, 8:08:10 PM GMT+8"
13218,@luibustamante9493,5 days ago,"God's love is bigger than the ocean and brighter than the stars.✨️🎵✨️ /  / Happy viewing po mga kapatid, esp sa mga Kadiwa District Officers na sobrang solid ng support 🔥🔥 /  / -Lokal ng tuba",https://www.youtube.com/watch?v=ROa3kbG5M0U&lc=UgxgaPlKZo6NoXj91Px4AaABAg,UgxgaPlKZo6NoXj91Px4AaABAg,UCFAmrhDmv6rvZrQoYp-IS9w,"Fetched 05/24/2026, 8:08:10 PM GMT+8"
13219,@ivymorenomaravilla,5 days ago,Hello po sa lahat mula sa Baguio City ❤❤,https://www.youtube.com/watch?v=ROa3kbG5M0U&lc=Ugzvf6jJkVmsMwRZRUF4AaABAg,Ugzvf6jJkVmsMwRZRUF4AaABAg,UC32rXNkKQhO9c-YLliCwYLg,"Fetched 05/24/2026, 8:08:10 PM GMT+8"
13220,@lanlani.eaaaahn,5 days ago,masayang panonood po mula sa lokal ng la trinidad!!!,https://www.youtube.com/watch?v=ROa3kbG5M0U&lc=UgyTYGyH7tDJTWfA42V4AaABAg,UgyTYGyH7tDJTWfA42V4AaABAg,UCxRF5ldmYBJWNlgtayRoTHg,"Fetched 05/24/2026, 8:08:10 PM GMT+8"
13221,@agudongdencebaylorb.6757,5 days ago,"Good morning sa lahat ng viewers from Baguio City, Benguet!",https://www.youtube.com/watch?v=ROa3kbG5M0U&lc=UgwN0bjsxqxDMfaHs1p4AaABAg,UgwN0bjsxqxDMfaHs1p4AaABAg,UCk7OB5KugstrmQSDU7Q4lDQ,"Fetched 05/24/2026, 8:08:10 PM GMT+8"
13222,@agudongdencebaylorb.6757,5 days ago,"Stay cheerful and positive from Baguio City, Benguet!",https://www.youtube.com/watch?v=ROa3kbG5M0U&lc=UgycH5adkDenVmHtvQJ4AaABAg,UgycH5adkDenVmHtvQJ4AaABAg,UCk7OB5KugstrmQSDU7Q4lDQ,"Fetched 05/24/2026, 8:08:10 PM GMT+8"
13223,@agudongdencebaylorb.6757,5 days ago,"Keep safe always from Baguio City, Benguet!",https://www.youtube.com/watch?v=ROa3kbG5M0U&lc=UgwrGdJhI1Knpmc2si54AaABAg,UgwrGdJhI1Knpmc2si54AaABAg,UCk7OB5KugstrmQSDU7Q4lDQ,"Fetched 05/24/2026, 8:08:10 PM GMT+8"
13224,@agudongdencebaylorb.6757,5 days ago,"Sending support from Baguio City, Benguet!",https://www.youtube.com/watch?v=ROa3kbG5M0U&lc=Ugy7tiTBGlTWj6GzyO54AaABAg,Ugy7tiTBGlTWj6GzyO54AaABAg,UCk7OB5KugstrmQSDU7Q4lDQ,"Fetched 05/24/2026, 8:08:10 PM GMT+8"
13225,@agudongdencebaylorb.6757,5 days ago,"Enjoy your coffee and relax from Baguio City, Benguet!",https://www.youtube.com/watch?v=ROa3kbG5M0U&lc=UgyIwJN7zXXZG7txBHJ4AaABAg,UgyIwJN7zXXZG7txBHJ4AaABAg,UCk7OB5KugstrmQSDU7Q4lDQ,"Fetched 05/24/2026, 8:08:10 PM GMT+8"
13226,@agudongdencebaylorb.6757,5 days ago,"Warm hearts from the cold Baguio City, Benguet!",https://www.youtube.com/watch?v=ROa3kbG5M0U&lc=UgxiO61WiWfTSmv61JV4AaABAg,UgxiO61WiWfTSmv61JV4AaABAg,UCk7OB5KugstrmQSDU7Q4lDQ,"Fetched 05/24/2026, 8:08:10 PM GMT+8"
13227,@agudongdencebaylorb.6757,5 days ago,"Sending blessings and smiles from Baguio City, Benguet!",https://www.youtube.com/watch?v=ROa3kbG5M0U&lc=UgwXQRg2oBRqSQS3pQ14AaABAg,UgwXQRg2oBRqSQS3pQ14AaABAg,UCk7OB5KugstrmQSDU7Q4lDQ,"Fetched 05/24/2026, 8:08:10 PM GMT+8"
13228,@agudongdencebaylorb.6757,5 days ago,"Happy and peaceful day from Baguio City, Benguet!",https://www.youtube.com/watch?v=ROa3kbG5M0U&lc=Ugw3qkZwUXZ0wrML_214AaABAg,Ugw3qkZwUXZ0wrML_214AaABAg,UCk7OB5KugstrmQSDU7Q4lDQ,"Fetched 05/24/2026, 8:08:10 PM GMT+8"
13229,@agudongdencebaylorb.6757,5 days ago,"Chill and enjoy life from Baguio City, Benguet!",https://www.youtube.com/watch?v=ROa3kbG5M0U&lc=UgyCNivVRjivadWOtpx4AaABAg,UgyCNivVRjivadWOtpx4AaABAg,UCk7OB5KugstrmQSDU7Q4lDQ,"Fetched 05/24/2026, 8:08:10 PM GMT+8"
13230,@agudongdencebaylorb.6757,5 days ago,"Have a successful day from Baguio City, Benguet!",https://www.youtube.com/watch?v=ROa3kbG5M0U&lc=UgySuZtTL3adHgUCPel4AaABAg,UgySuZtTL3adHgUCPel4AaABAg,UCk7OB5KugstrmQSDU7Q4lDQ,"Fetched 05/24/2026, 8:08:10 PM GMT+8"
13231,@rejomartayaban,5 days ago,Letss goo Benguettt INCMV😍 / Supporting always from Lokal ng La Trinidad,https://www.youtube.com/watch?v=ROa3kbG5M0U&lc=UgxdGLk7paPJSsoEOiZ4AaABAg,UgxdGLk7paPJSsoEOiZ4AaABAg,UCi7RYRPFL6HTFaScpYFJMJQ,"Fetched 05/24/2026, 8:08:10 PM GMT+8"
13232,@alonamaynogoy3411,5 days ago,Naka support po palagi..😊😊 /  / Go Benguet!!!! / Lokal ng Baguio City!!!,https://www.youtube.com/watch?v=ROa3kbG5M0U&lc=UgyrOZZJ_r1bBs42R_R4AaABAg,UgyrOZZJ_r1bBs42R_R4AaABAg,UCAbyNtMC3vcQ7sF3M8ZKNEg,"Fetched 05/24/2026, 8:08:10 PM GMT+8"
13233,@giloribello,5 days ago,BAGUIO GOGOGO  /  /  / ❤❤❤❤❤❤❤,https://www.youtube.com/watch?v=ROa3kbG5M0U&lc=Ugzfmzc5EaXBMmmNzEB4AaABAg,Ugzfmzc5EaXBMmmNzEB4AaABAg,UCDoxrvwIaC8g19_zJaWhluQ,"Fetched 05/24/2026, 8:08:10 PM GMT+8"
13234,@PHEBIE-f7h,5 days ago,Happy viewing po. / Journey to 37k views / Fighting! Benguet! /  /  /  / ❤❤BINHI OF ATOKGOLD❤❤,https://www.youtube.com/watch?v=ROa3kbG5M0U&lc=UgylhsZlRt_NgxwEuo94AaABAg,UgylhsZlRt_NgxwEuo94AaABAg,UCNkJMMXP19AJSsNov8Fp3Ag,"Fetched 05/24/2026, 8:08:10 PM GMT+8"
13235,@Kristine-b4u,5 days ago,"Napaka galing po ninyong lahat 👏 Watching from lokal ng Megaroyale Village, Distrito ng Benguet",https://www.youtube.com/watch?v=ROa3kbG5M0U&lc=UgwOhrcqKhmL7dX4zc54AaABAg,UgwOhrcqKhmL7dX4zc54AaABAg,UCujTXsOFflNfbqWflOgMnjA,"Fetched 05/24/2026, 8:08:10 PM GMT+8"
13236,@alonamaynogoy3411,5 days ago,Always Happy and blessed..😊😊😇😇😇 /  / Great day Baguio City.😊,https://www.youtube.com/watch?v=ROa3kbG5M0U&lc=Ugyy9fEMaaZ6KlRyRmR4AaABAg,Ugyy9fEMaaZ6KlRyRmR4AaABAg,UCAbyNtMC3vcQ7sF3M8ZKNEg,"Fetched 05/24/2026, 8:08:10 PM GMT+8"
13237,@alonamaynogoy3411,5 days ago,Keep on watching po...😊😊 / Benguet!!! / Benguet!!! /  / Lokal ng Baguio City😊,https://www.youtube.com/watch?v=ROa3kbG5M0U&lc=UgxSUyTzJn_Qb-HX3M14AaABAg,UgxSUyTzJn_Qb-HX3M14AaABAg,UCAbyNtMC3vcQ7sF3M8ZKNEg,"Fetched 05/24/2026, 8:08:10 PM GMT+8"
13238,@ValentinBalmonte,5 days ago,Happy viewing mga kpatid philex benguet,https://www.youtube.com/watch?v=ROa3kbG5M0U&lc=UgyQEs1GDHXKIaCdTYx4AaABAg,UgyQEs1GDHXKIaCdTYx4AaABAg,UC3xoaoK2u01Wt-CTyQpm7Cg,"Fetched 05/24/2026, 8:08:10 PM GMT+8"
13239,@agudongdencebaylorb.6757,5 days ago,"Stay grateful from Baguio City, Benguet!",https://www.youtube.com/watch?v=ROa3kbG5M0U&lc=UgwBlQsDMPIBRIhWDGl4AaABAg,UgwBlQsDMPIBRIhWDGl4AaABAg,UCk7OB5KugstrmQSDU7Q4lDQ,"Fetched 05/24/2026, 8:08:10 PM GMT+8"
13240,@agudongdencebaylorb.6757,5 days ago,"Sending all the love from Baguio City, Benguet!",https://www.youtube.com/watch?v=ROa3kbG5M0U&lc=UgwMf9N5AGg_Ej0z3Nt4AaABAg,UgwMf9N5AGg_Ej0z3Nt4AaABAg,UCk7OB5KugstrmQSDU7Q4lDQ,"Fetched 05/24/2026, 8:08:10 PM GMT+8"
13241,@agudongdencebaylorb.6757,5 days ago,"Good vibes this morning from Baguio City, Benguet!",https://www.youtube.com/watch?v=ROa3kbG5M0U&lc=UgwG92sfnQMaONGavgN4AaABAg,UgwG92sfnQMaONGavgN4AaABAg,UCk7OB5KugstrmQSDU7Q4lDQ,"Fetched 05/24/2026, 8:08:10 PM GMT+8"
13242,@agudongdencebaylorb.6757,5 days ago,"Keep your faith strong from Baguio City, Benguet!",https://www.youtube.com/watch?v=ROa3kbG5M0U&lc=UgykX74fOI3rSHFNBQh4AaABAg,UgykX74fOI3rSHFNBQh4AaABAg,UCk7OB5KugstrmQSDU7Q4lDQ,"Fetched 05/24/2026, 8:08:10 PM GMT+8"
13243,@agudongdencebaylorb.6757,5 days ago,"Enjoy the fresh air from Baguio City, Benguet!",https://www.youtube.com/watch?v=ROa3kbG5M0U&lc=UgxtXtQ4Tx7CWbBeR3x4AaABAg,UgxtXtQ4Tx7CWbBeR3x4AaABAg,UCk7OB5KugstrmQSDU7Q4lDQ,"Fetched 05/24/2026, 8:08:10 PM GMT+8"
13244,@alonamaynogoy3411,5 days ago,Goodmorning po mga kapatid..😊😊😊 / Ha /  / Happy watching po😊😊❤ / Baguio city😊,https://www.youtube.com/watch?v=ROa3kbG5M0U&lc=UgzZZSAEjqTxjz22Otx4AaABAg,UgzZZSAEjqTxjz22Otx4AaABAg,UCAbyNtMC3vcQ7sF3M8ZKNEg,"Fetched 05/24/2026, 8:08:10 PM GMT+8"
13245,@agudongdencebaylorb.6757,5 days ago,"Positive mindset from Baguio City, Benguet!",https://www.youtube.com/watch?v=ROa3kbG5M0U&lc=Ugyos1rF3VCsZ87ePN14AaABAg,Ugyos1rF3VCsZ87ePN14AaABAg,UCk7OB5KugstrmQSDU7Q4lDQ,"Fetched 05/24/2026, 8:08:10 PM GMT+8"
13246,@agudongdencebaylorb.6757,5 days ago,"Keep dreaming big from Baguio City, Benguet!",https://www.youtube.com/watch?v=ROa3kbG5M0U&lc=UgwvOw3_hwZKji0n3kp4AaABAg,UgwvOw3_hwZKji0n3kp4AaABAg,UCk7OB5KugstrmQSDU7Q4lDQ,"Fetched 05/24/2026, 8:08:10 PM GMT+8"
13247,@agudongdencebaylorb.6757,5 days ago,"Happy and blessed life from Baguio City, Benguet!",https://www.youtube.com/watch?v=ROa3kbG5M0U&lc=UgxviN33_vGE9k61DRd4AaABAg,UgxviN33_vGE9k61DRd4AaABAg,UCk7OB5KugstrmQSDU7Q4lDQ,"Fetched 05/24/2026, 8:08:10 PM GMT+8"
13248,@agudongdencebaylorb.6757,5 days ago,"Have an amazing night from Baguio City, Benguet!",https://www.youtube.com/watch?v=ROa3kbG5M0U&lc=UgwCdI9sboNp3kUtb2x4AaABAg,UgwCdI9sboNp3kUtb2x4AaABAg,UCk7OB5KugstrmQSDU7Q4lDQ,"Fetched 05/24/2026, 8:08:10 PM GMT+8"
13249,@agudongdencebaylorb.6757,5 days ago,"Sending happy thoughts from Baguio City, Benguet!",https://www.youtube.com/watch?v=ROa3kbG5M0U&lc=UgzOvL1xBkIsfMqDWWR4AaABAg,UgzOvL1xBkIsfMqDWWR4AaABAg,UCk7OB5KugstrmQSDU7Q4lDQ,"Fetched 05/24/2026, 8:08:10 PM GMT+8"
13250,@rolinabautista1668,5 days ago (edited),#God's Love / #GoBenguet..mula po sa lokal ng Citycamp,https://www.youtube.com/watch?v=ROa3kbG5M0U&lc=UgwQGwcY5eoDFGsPSAV4AaABAg,UgwQGwcY5eoDFGsPSAV4AaABAg,UCWe_JqXHI6vjNDzPBrxHQ3A,"Fetched 05/24/2026, 8:08:10 PM GMT+8"
13251,@jasminedaludado7262,5 days ago,Stream God's Love❤ /  / Mula po sa KADIWA at PNK maytungkulin ng Lokal ng Guisad,https://www.youtube.com/watch?v=ROa3kbG5M0U&lc=UgyT569M64l7uA8H_dZ4AaABAg,UgyT569M64l7uA8H_dZ4AaABAg,UCA4HVmdH2Xj67gK8nZmpiZg,"Fetched 05/24/2026, 8:08:10 PM GMT+8"
13252,@magdalenaanod3083,5 days ago,Happy Viewing From Local ng Penged Distrito ng BEnguet po😇,https://www.youtube.com/watch?v=ROa3kbG5M0U&lc=UgyiKOBy0tlpGFb0adN4AaABAg,UgyiKOBy0tlpGFb0adN4AaABAg,UCjQceReU9dpuK6BQh04M2FA,"Fetched 05/24/2026, 8:08:10 PM GMT+8"
13253,@Osmund1226,5 days ago,Watching #BaguioCity #Benguet,https://www.youtube.com/watch?v=ROa3kbG5M0U&lc=UgwYY5gRlcYkq4IaOkp4AaABAg,UgwYY5gRlcYkq4IaOkp4AaABAg,UCeg9alL6uLA-NYJz-8k_-bw,"Fetched 05/24/2026, 8:08:10 PM GMT+8"
13254,@AlvieMangsat-c4m,5 days ago,Go Go Benguet! pagbati po sa kasamahang binhi at kadiwa District Officers! Happy Viewing po from local ng Megaroyale Village💖,https://www.youtube.com/watch?v=ROa3kbG5M0U&lc=UgzJphoqPgNgJ74DgUB4AaABAg,UgzJphoqPgNgJ74DgUB4AaABAg,UCe2qidW_pQ1iCUkpjLZCXUA,"Fetched 05/24/2026, 8:08:10 PM GMT+8"
13255,@MohiniFelix-i7e,5 days ago,💚🤍❤️ La Trinidad local po,https://www.youtube.com/watch?v=ROa3kbG5M0U&lc=UgwxzVlwf-99yBismDl4AaABAg,UgwxzVlwf-99yBismDl4AaABAg,UCNHHaFZiJkC9jyHWnmaisWw,"Fetched 05/24/2026, 8:08:10 PM GMT+8"
13256,@godoybenidictjohn7654,5 days ago,"Lets go, Another round of View mga taga Norcar, before maglunch 😊",https://www.youtube.com/watch?v=ROa3kbG5M0U&lc=UgwqM3p9LGfoY75jA1t4AaABAg,UgwqM3p9LGfoY75jA1t4AaABAg,UCB42ziNyHQV4YV2qJwFrUiQ,"Fetched 05/24/2026, 8:08:10 PM GMT+8"
13257,@jonieyonga-an5239,5 days ago,Let's gooo Benguettt!!🎉 / Greeting sa mga Kadiwa at binhi natin jan!! /  / Mula Po sa lokal Ng NORCAR!!,https://www.youtube.com/watch?v=ROa3kbG5M0U&lc=UgxJ7vUpNu3p-S-_Ilx4AaABAg,UgxJ7vUpNu3p-S-_Ilx4AaABAg,UCgUo3JP_Fffuctza4bUumJg,"Fetched 05/24/2026, 8:08:10 PM GMT+8"
13258,@Its_Handsome_Kurtzky5442,5 days ago,Letzz gooo Benguet /  / Fight! Fight! Fight! /  / Pagbati mula sa Lokal ng Tuba Distrito ng Benguet,https://www.youtube.com/watch?v=ROa3kbG5M0U&lc=UgzDt3yYGlLNnNfoHTd4AaABAg,UgzDt3yYGlLNnNfoHTd4AaABAg,UC8-5OKyruhxurhAkxdT5SlQ,"Fetched 05/24/2026, 8:08:10 PM GMT+8"
13259,@MohiniFelix-i7e,5 days ago,Watching from local ng LA TRINIDAD po ❤️,https://www.youtube.com/watch?v=ROa3kbG5M0U&lc=Ugx8uz0jOthcSiMP9X54AaABAg,Ugx8uz0jOthcSiMP9X54AaABAg,UCNHHaFZiJkC9jyHWnmaisWw,"Fetched 05/24/2026, 8:08:10 PM GMT+8"
13260,@MayaSterling-b1y,5 days ago,Napaka-creative ng shots 📸 Lokal ng Baguio City 🌟,https://www.youtube.com/watch?v=ROa3kbG5M0U&lc=UgyIagbMEOME4Ghlf9F4AaABAg,UgyIagbMEOME4Ghlf9F4AaABAg,UCv-VK0Sum0z4uLoa_r5UZ9A,"Fetched 05/24/2026, 8:08:10 PM GMT+8"
13261,@ivymorenomaravilla,5 days ago,Watching from Baguio City 🎉🎉🎉,https://www.youtube.com/watch?v=ROa3kbG5M0U&lc=UgwLVceJCmZvmVGlMAd4AaABAg,UgwLVceJCmZvmVGlMAd4AaABAg,UC32rXNkKQhO9c-YLliCwYLg,"Fetched 05/24/2026, 8:08:10 PM GMT+8"
13262,@ivymorenomaravilla,5 days ago,Full support ang Baguio City ❤❤❤❤,https://www.youtube.com/watch?v=ROa3kbG5M0U&lc=UgwAhDnZBOmTdE2BIxB4AaABAg,UgwAhDnZBOmTdE2BIxB4AaABAg,UC32rXNkKQhO9c-YLliCwYLg,"Fetched 05/24/2026, 8:08:10 PM GMT+8"
13263,@BaguioCentralUniversityJuniorH,5 days ago,God bless you po LOKAL ng BAGUIO CITY #BaguioBenguet #GodsLove,https://www.youtube.com/watch?v=ROa3kbG5M0U&lc=UgyiPVEfbX5PTo2gpaR4AaABAg,UgyiPVEfbX5PTo2gpaR4AaABAg,UCGjFIyesnGRAg0_mJoQierQ,"Fetched 05/24/2026, 8:08:10 PM GMT+8"
13264,@kristine7303,5 days ago,More powers Benguet! Push na natin to sa Top 1 💪🏻 / - Greetings po from KADIWA ng Marcos Highway w,https://www.youtube.com/watch?v=ROa3kbG5M0U&lc=UgwKf2fJT-ZsSk9xuhR4AaABAg,UgwKf2fJT-ZsSk9xuhR4AaABAg,UCJnlqat5vcPuV6GiDugaBnA,"Fetched 05/24/2026, 8:08:10 PM GMT+8"
13265,@MayaSterling-b1y,5 days ago,Worth sharing talaga 📲 Lokal ng Baguio City ❤🎵,https://www.youtube.com/watch?v=ROa3kbG5M0U&lc=Ugwp6JpEzkv4WTaft1V4AaABAg,Ugwp6JpEzkv4WTaft1V4AaABAg,UCv-VK0Sum0z4uLoa_r5UZ9A,"Fetched 05/24/2026, 8:08:10 PM GMT+8"
13266,@Osmund1226,5 days ago,good morning po muli sa ating mga kabagis na walang sawang nanonood ng #GodsLove #GoBenguet #GoBaguio,https://www.youtube.com/watch?v=ROa3kbG5M0U&lc=UgzpakxngQxU8x94sUR4AaABAg,UgzpakxngQxU8x94sUR4AaABAg,UCeg9alL6uLA-NYJz-8k_-bw,"Fetched 05/24/2026, 8:08:10 PM GMT+8"
13267,@agudongdencebaylorb.6757,5 days ago,"Stay kind and humble from Baguio City, Benguet!",https://www.youtube.com/watch?v=ROa3kbG5M0U&lc=UgwKhkxhNlWo7fnXf8x4AaABAg,UgwKhkxhNlWo7fnXf8x4AaABAg,UCk7OB5KugstrmQSDU7Q4lDQ,"Fetched 05/24/2026, 8:08:10 PM GMT+8"
13268,@agudongdencebaylorb.6757,5 days ago,"Good morning and God bless from Baguio City, Benguet!",https://www.youtube.com/watch?v=ROa3kbG5M0U&lc=UgwbbA0im1u_gn0oym94AaABAg,UgwbbA0im1u_gn0oym94AaABAg,UCk7OB5KugstrmQSDU7Q4lDQ,"Fetched 05/24/2026, 8:08:10 PM GMT+8"
13269,@agudongdencebaylorb.6757,5 days ago,"Keep your smile bright from Baguio City, Benguet!",https://www.youtube.com/watch?v=ROa3kbG5M0U&lc=Ugw8kN-UKxKc9wgKHaJ4AaABAg,Ugw8kN-UKxKc9wgKHaJ4AaABAg,UCk7OB5KugstrmQSDU7Q4lDQ,"Fetched 05/24/2026, 8:08:10 PM GMT+8"
13270,@agudongdencebaylorb.6757,5 days ago,"Enjoy every blessing from Baguio City, Benguet!",https://www.youtube.com/watch?v=ROa3kbG5M0U&lc=UgwMj5vHzCocFJJL-TZ4AaABAg,UgwMj5vHzCocFJJL-TZ4AaABAg,UCk7OB5KugstrmQSDU7Q4lDQ,"Fetched 05/24/2026, 8:08:10 PM GMT+8"
13271,@agudongdencebaylorb.6757,5 days ago,"Sending endless support from Baguio City, Benguet!",https://www.youtube.com/watch?v=ROa3kbG5M0U&lc=Ugw3gs29r11-2cdB8aJ4AaABAg,Ugw3gs29r11-2cdB8aJ4AaABAg,UCk7OB5KugstrmQSDU7Q4lDQ,"Fetched 05/24/2026, 8:08:10 PM GMT+8"
13272,@agudongdencebaylorb.6757,5 days ago,"Happy vibes all around from Baguio City, Benguet!",https://www.youtube.com/watch?v=ROa3kbG5M0U&lc=UgwdeqGPGdLSzTewDap4AaABAg,UgwdeqGPGdLSzTewDap4AaABAg,UCk7OB5KugstrmQSDU7Q4lDQ,"Fetched 05/24/2026, 8:08:10 PM GMT+8"
13273,@agudongdencebaylorb.6757,5 days ago,"Stay safe and healthy from Baguio City, Benguet!",https://www.youtube.com/watch?v=ROa3kbG5M0U&lc=Ugz83k5ve8q07Ze5fbd4AaABAg,Ugz83k5ve8q07Ze5fbd4AaABAg,UCk7OB5KugstrmQSDU7Q4lDQ,"Fetched 05/24/2026, 8:08:10 PM GMT+8"
13274,@agudongdencebaylorb.6757,5 days ago,"Wishing everyone success from Baguio City, Benguet!",https://www.youtube.com/watch?v=ROa3kbG5M0U&lc=UgyC0QtDinOUznvRXU14AaABAg,UgyC0QtDinOUznvRXU14AaABAg,UCk7OB5KugstrmQSDU7Q4lDQ,"Fetched 05/24/2026, 8:08:10 PM GMT+8"
13275,@agudongdencebaylorb.6757,5 days ago,"Keep spreading positivity from Baguio City, Benguet!",https://www.youtube.com/watch?v=ROa3kbG5M0U&lc=UgzCOqSUStBsrsMOQDB4AaABAg,UgzCOqSUStBsrsMOQDB4AaABAg,UCk7OB5KugstrmQSDU7Q4lDQ,"Fetched 05/24/2026, 8:08:10 PM GMT+8"
13276,@agudongdencebaylorb.6757,5 days ago,"Have a wonderful day from Baguio City, Benguet!",https://www.youtube.com/watch?v=ROa3kbG5M0U&lc=UgxDSqxdb768Fz1_gIJ4AaABAg,UgxDSqxdb768Fz1_gIJ4AaABAg,UCk7OB5KugstrmQSDU7Q4lDQ,"Fetched 05/24/2026, 8:08:10 PM GMT+8"
13277,@agudongdencebaylorb.6757,5 days ago,"Final greetings with love from Baguio City, Benguet!",https://www.youtube.com/watch?v=ROa3kbG5M0U&lc=Ugweax5Rcg__VvwLcW14AaABAg,Ugweax5Rcg__VvwLcW14AaABAg,UCk7OB5KugstrmQSDU7Q4lDQ,"Fetched 05/24/2026, 8:08:10 PM GMT+8"
13278,@mariacristinajimenez8705,5 days ago,🎉Go benguet❤,https://www.youtube.com/watch?v=ROa3kbG5M0U&lc=UgzowByWuRyvMDNdqIZ4AaABAg,UgzowByWuRyvMDNdqIZ4AaABAg,UCVbarTHUnbNGC654gSVH8Zg,"Fetched 05/24/2026, 8:08:10 PM GMT+8"
13279,@MayaSterling-b1y,5 days ago,Super entertaining 👏 Lokal ng Baguio City 🎬✨,https://www.youtube.com/watch?v=ROa3kbG5M0U&lc=UgxnzrrLIqe_s2cmNAl4AaABAg,UgxnzrrLIqe_s2cmNAl4AaABAg,UCv-VK0Sum0z4uLoa_r5UZ9A,"Fetched 05/24/2026, 8:08:10 PM GMT+8"
13280,@lourdesardan8711,5 days ago,"Viewing from Local of Marcos Highway,,,,, / Wishing all the best to make it to the top🎈🎈🎈🥰🥰🥰❤️❤️❤️",https://www.youtube.com/watch?v=ROa3kbG5M0U&lc=UgxiqoyZDRyxP76ktDF4AaABAg,UgxiqoyZDRyxP76ktDF4AaABAg,UCK8PnAio5o7ZFqM7Cs8S0tQ,"Fetched 05/24/2026, 8:08:10 PM GMT+8"
13281,@cherrydevera8251,5 days ago,Happy watching po sa lahat.. Enjoy po / Lokal ng Baguio City,https://www.youtube.com/watch?v=ROa3kbG5M0U&lc=UgzwCNegLKv4Zku5M-d4AaABAg,UgzwCNegLKv4Zku5M-d4AaABAg,UCrod3zHPNdFZBv-HyVuLJ3g,"Fetched 05/24/2026, 8:08:10 PM GMT+8"
13282,@Jazz-k6s,5 days ago,Happy viewing po 😊 /  / La Trinidad ❤,https://www.youtube.com/watch?v=ROa3kbG5M0U&lc=Ugz8UphGmFiCZMClKSJ4AaABAg,Ugz8UphGmFiCZMClKSJ4AaABAg,UCjmyu8zkVg7bQQCs4HypxNQ,"Fetched 05/24/2026, 8:08:10 PM GMT+8"
13283,@JoshbactaoUllah,5 days ago,Happy  viewing,https://www.youtube.com/watch?v=ROa3kbG5M0U&lc=UgwgmOth-6ueM-6hW0Z4AaABAg,UgwgmOth-6ueM-6hW0Z4AaABAg,UC7tKal8tJxgoG20ZSA1IevA,"Fetched 05/24/2026, 8:08:10 PM GMT+8"
13284,@RhyndylynAlmazan,5 days ago,Go go Benguet....❤❤❤ / Labaaan!!!!!! /  / Happy listening po. /  / Mula sa Lokal ng Norcar at kapisanang Kadiwa,https://www.youtube.com/watch?v=ROa3kbG5M0U&lc=UgyJWYnmvUjzv-471Tl4AaABAg,UgyJWYnmvUjzv-471Tl4AaABAg,UCMghc-KkDEZPqnTXiV0hZfw,"Fetched 05/24/2026, 8:08:10 PM GMT+8"
13285,@cherrydevera8251,5 days ago,Helo po mga kapatid good morning.. ❤❤ / Lokal ng Baguio City,https://www.youtube.com/watch?v=ROa3kbG5M0U&lc=Ugxw7HQlw0Dg7figkNd4AaABAg,Ugxw7HQlw0Dg7figkNd4AaABAg,UCrod3zHPNdFZBv-HyVuLJ3g,"Fetched 05/24/2026, 8:08:10 PM GMT+8"
13286,@MayaSterling-b1y,5 days ago,Ang ganda ng message ng song 💯 Lokal ng Baguio City 🎶,https://www.youtube.com/watch?v=ROa3kbG5M0U&lc=Ugy3P4YQDyRdmPmXugZ4AaABAg,Ugy3P4YQDyRdmPmXugZ4AaABAg,UCv-VK0Sum0z4uLoa_r5UZ9A,"Fetched 05/24/2026, 8:08:10 PM GMT+8"
13287,@MonicaFonseca-ko8oq,5 days ago,LOKAL NG BAGUIO CITY #Kalihiman💚🤍❤️ Good morning brethren🇮🇹 Benguet Ang Galing👏❣️,https://www.youtube.com/watch?v=ROa3kbG5M0U&lc=Ugxx0kBV8dv8Ou2wWrp4AaABAg,Ugxx0kBV8dv8Ou2wWrp4AaABAg,UCJwqkDoV1GOs_guF9AHdCDQ,"Fetched 05/24/2026, 8:08:10 PM GMT+8"
13288,@MayaSterling-b1y,5 days ago,Grabe yung talent 😍 Lokal ng Baguio City 🎵🔥,https://www.youtube.com/watch?v=ROa3kbG5M0U&lc=Ugx0yHDWdzP0UNwur914AaABAg,Ugx0yHDWdzP0UNwur914AaABAg,UCv-VK0Sum0z4uLoa_r5UZ9A,"Fetched 05/24/2026, 8:08:10 PM GMT+8"
13289,@Yana_Cax_3yyy,5 days ago,Go Benguet! Happy Viewing po from kapisanang binhi lokal ng megaroyale village. Pagbati rin po sa mga kasama po naming binhi at kadiwa district officers🤎,https://www.youtube.com/watch?v=ROa3kbG5M0U&lc=UgypzAq3j03nZ2OeW494AaABAg,UgypzAq3j03nZ2OeW494AaABAg,UCdy8uW-rntsBTXOfRU0mC6A,"Fetched 05/24/2026, 8:08:10 PM GMT+8"
13290,@PELITANJennyClaireT,5 days ago,"Road to 100k views na dis. Efforts weren't in vain.  / - La Trinidad, Benguet district",https://www.youtube.com/watch?v=ROa3kbG5M0U&lc=UgwtL56bgOyRq1vnciR4AaABAg,UgwtL56bgOyRq1vnciR4AaABAg,UCsVZgGkRnNqeIIOLxHiFR7A,"Fetched 05/24/2026, 8:08:10 PM GMT+8"
13291,@MayaSterling-b1y,5 days ago,Nakaka-inspire ang music video 🌈 Lokal ng Baguio City ❤,https://www.youtube.com/watch?v=ROa3kbG5M0U&lc=Ugxq_KypxrtQUayjjVh4AaABAg,Ugxq_KypxrtQUayjjVh4AaABAg,UCv-VK0Sum0z4uLoa_r5UZ9A,"Fetched 05/24/2026, 8:08:10 PM GMT+8"
13292,@PELITANJennyClaireT,5 days ago,"Perfect as always. Numba wann in our harts 🤞 / - Kadiwa, La Trinidad, Benguet",https://www.youtube.com/watch?v=ROa3kbG5M0U&lc=UgwYwZXJq2yMypHDmzt4AaABAg,UgwYwZXJq2yMypHDmzt4AaABAg,UCsVZgGkRnNqeIIOLxHiFR7A,"Fetched 05/24/2026, 8:08:10 PM GMT+8"
13293,@PELITANJennyClaireT,5 days ago,Unrivaled love and support from your locale of La Trinidad brethrens. / - La Trinidad,https://www.youtube.com/watch?v=ROa3kbG5M0U&lc=UgzV7BDOEGc9yXhcLUx4AaABAg,UgzV7BDOEGc9yXhcLUx4AaABAg,UCsVZgGkRnNqeIIOLxHiFR7A,"Fetched 05/24/2026, 8:08:10 PM GMT+8"
13294,@IeshaObana,5 days ago,"go benguet, pagbati po sa mga kapisanang binhi na nanonood, mula po sa lokal ng mirador hillss",https://www.youtube.com/watch?v=ROa3kbG5M0U&lc=UgwZwt7HhKC2Zp-Zfn54AaABAg,UgwZwt7HhKC2Zp-Zfn54AaABAg,UCipT-3PF6TAIBDln8IkDgkA,"Fetched 05/24/2026, 8:08:10 PM GMT+8"
13295,@PELITANJennyClaireT,5 days ago,The locale congregation of La Trinidad is never absent for you! Let's get it Benguet.  / - La Trinidad,https://www.youtube.com/watch?v=ROa3kbG5M0U&lc=Ugw1BniRFExCStoMrOV4AaABAg,Ugw1BniRFExCStoMrOV4AaABAg,UCsVZgGkRnNqeIIOLxHiFR7A,"Fetched 05/24/2026, 8:08:10 PM GMT+8"
13296,@PELITANJennyClaireT,5 days ago,Road to 37k! / - Benguet,https://www.youtube.com/watch?v=ROa3kbG5M0U&lc=UgwTmrzwuAYCSl9Rjwl4AaABAg,UgwTmrzwuAYCSl9Rjwl4AaABAg,UCsVZgGkRnNqeIIOLxHiFR7A,"Fetched 05/24/2026, 8:08:10 PM GMT+8"
13297,@drewbatinay1449,5 days ago,Let’s Go Benguet! Sending support from the Kadiwas of La Trinidad ❤,https://www.youtube.com/watch?v=ROa3kbG5M0U&lc=Ugyl04GMcX8oXISK8al4AaABAg,Ugyl04GMcX8oXISK8al4AaABAg,UCQgz35ptm_7_RPT-Pc80itg,"Fetched 05/24/2026, 8:08:10 PM GMT+8"
13298,@BnHydn_3,5 days ago,Sabi ko na eh !! Paggising ko top 1 na Benguet ♥️  / Goooo Benguet ♥️  / Lokal ng La Trinidad ♥️,https://www.youtube.com/watch?v=ROa3kbG5M0U&lc=Ugyk0fHAMzpdKUtERZ94AaABAg,Ugyk0fHAMzpdKUtERZ94AaABAg,UCKZxY6b5mH_zsnldMnxGIpQ,"Fetched 05/24/2026, 8:08:10 PM GMT+8"
13299,@Jayvie-z9m,5 days ago,time to rewatch!❤ go Benguet from baguio city,https://www.youtube.com/watch?v=ROa3kbG5M0U&lc=Ugzc1tlO8EFG3kwP9-l4AaABAg,Ugzc1tlO8EFG3kwP9-l4AaABAg,UCZeSyCsFwepYwgNm9YvWCmg,"Fetched 05/24/2026, 8:08:10 PM GMT+8"
13300,@Jazz-k6s,5 days ago,Talagang nakakapalakas ng pananampalataya😊 /  / La Trinidad 🪷,https://www.youtube.com/watch?v=ROa3kbG5M0U&lc=Ugxka0CeVDIYOYySUC94AaABAg,Ugxka0CeVDIYOYySUC94AaABAg,UCjmyu8zkVg7bQQCs4HypxNQ,"Fetched 05/24/2026, 8:08:10 PM GMT+8"
13301,@Jayvie-z9m,5 days ago,patuloy po sa pagsuporta!! mula po sa lokal ng baguio cityy!❤,https://www.youtube.com/watch?v=ROa3kbG5M0U&lc=UgxAdLX04_QAKRL3wwl4AaABAg,UgxAdLX04_QAKRL3wwl4AaABAg,UCZeSyCsFwepYwgNm9YvWCmg,"Fetched 05/24/2026, 8:08:10 PM GMT+8"
13302,@gelo4828,5 days ago,Happy Viewing From Lokal ng San Luis! / -kadiwa,https://www.youtube.com/watch?v=ROa3kbG5M0U&lc=UgzQlDdQIFWoSmVxX454AaABAg,UgzQlDdQIFWoSmVxX454AaABAg,UCydnW0LoOckk7rQFQbEbI_g,"Fetched 05/24/2026, 8:08:10 PM GMT+8"
13303,@Jayvie-z9m,5 days ago,reviewing po! super solidd from baguio cityy!!❤,https://www.youtube.com/watch?v=ROa3kbG5M0U&lc=UgyKe0U3u65TPjwcNRx4AaABAg,UgyKe0U3u65TPjwcNRx4AaABAg,UCZeSyCsFwepYwgNm9YvWCmg,"Fetched 05/24/2026, 8:08:10 PM GMT+8"
13304,@lanlani.eaaaahn,5 days ago,patuloy na sumusuporta mula sa lokal ng la trinidad!!!,https://www.youtube.com/watch?v=ROa3kbG5M0U&lc=UgxF6rQ_U600GDWyZ-94AaABAg,UgxF6rQ_U600GDWyZ-94AaABAg,UCxRF5ldmYBJWNlgtayRoTHg,"Fetched 05/24/2026, 8:08:10 PM GMT+8"
13305,@henrycaranto2644,5 days ago,Paulit ulit man mapakinggan e hinding hindi ka magsasawa❤🎉 /  / Happy Watching everyone🎉 /  / Mula po sa Lokal ng Baguio City at Kadiwa District Officers❤,https://www.youtube.com/watch?v=ROa3kbG5M0U&lc=UgyNY-N_CEgn_zKtib14AaABAg,UgyNY-N_CEgn_zKtib14AaABAg,UCFilTOy22FklSkBIgwVPVaQ,"Fetched 05/24/2026, 8:08:10 PM GMT+8"
13306,@haielei2869,5 days ago,"Gigising na Top 1 ang BENGUET!  / lets go BENGUET, FIGHT! FIGHT! FIGHT!  / Greetings from Norcar",https://www.youtube.com/watch?v=ROa3kbG5M0U&lc=UgyAKzMKwQaVQqB_13p4AaABAg,UgyAKzMKwQaVQqB_13p4AaABAg,UCf3PWHW8mj2mncX07kw9ZQw,"Fetched 05/24/2026, 8:08:10 PM GMT+8"
13307,@haielei2869,5 days ago,Road to 37k na po mga kabagis  / Greetings from Norcar po,https://www.youtube.com/watch?v=ROa3kbG5M0U&lc=UgwuFySFXKIaNZVdP794AaABAg,UgwuFySFXKIaNZVdP794AaABAg,UCf3PWHW8mj2mncX07kw9ZQw,"Fetched 05/24/2026, 8:08:10 PM GMT+8"
13308,@haielei2869,5 days ago,Road to 37k na po mga kabagis  / Greetings from Norcar po,https://www.youtube.com/watch?v=ROa3kbG5M0U&lc=UgyrkH7liFRi8-WI7EN4AaABAg,UgyrkH7liFRi8-WI7EN4AaABAg,UCf3PWHW8mj2mncX07kw9ZQw,"Fetched 05/24/2026, 8:08:10 PM GMT+8"
13309,@haielei2869,5 days ago,"Gigising na Top 1 ang BENGUET!  / lets go BENGUET, FIGHT! FIGHT! FIGHT!  / Greetings from Norcar",https://www.youtube.com/watch?v=ROa3kbG5M0U&lc=Ugw0u5dLFP3S_0T2xgx4AaABAg,Ugw0u5dLFP3S_0T2xgx4AaABAg,UCf3PWHW8mj2mncX07kw9ZQw,"Fetched 05/24/2026, 8:08:10 PM GMT+8"
13310,@haielei2869,5 days ago,Road to 37k na po mga kabagis  / Greetings from Norcar po,https://www.youtube.com/watch?v=ROa3kbG5M0U&lc=Ugysztlr7I2akjBKlKl4AaABAg,Ugysztlr7I2akjBKlKl4AaABAg,UCf3PWHW8mj2mncX07kw9ZQw,"Fetched 05/24/2026, 8:08:10 PM GMT+8"
13311,@haielei2869,5 days ago,"Gigising na Top 1 ang BENGUET!  / lets go BENGUET, FIGHT! FIGHT! FIGHT!  / Greetings from Norcar",https://www.youtube.com/watch?v=ROa3kbG5M0U&lc=UgwApgBgdciTtjnEpad4AaABAg,UgwApgBgdciTtjnEpad4AaABAg,UCf3PWHW8mj2mncX07kw9ZQw,"Fetched 05/24/2026, 8:08:10 PM GMT+8"
13312,@haielei2869,5 days ago,Road to 37k na po mga kabagis  / Greetings from Norcar po,https://www.youtube.com/watch?v=ROa3kbG5M0U&lc=UgyyTRPC30xm3E8DfD94AaABAg,UgyyTRPC30xm3E8DfD94AaABAg,UCf3PWHW8mj2mncX07kw9ZQw,"Fetched 05/24/2026, 8:08:10 PM GMT+8"
13313,@haielei2869,5 days ago,"Gigising na Top 1 ang BENGUET!  / lets go BENGUET, FIGHT! FIGHT! FIGHT!  / Greetings from Norcar",https://www.youtube.com/watch?v=ROa3kbG5M0U&lc=UgzDIe_1iFwtAu5I9Oh4AaABAg,UgzDIe_1iFwtAu5I9Oh4AaABAg,UCf3PWHW8mj2mncX07kw9ZQw,"Fetched 05/24/2026, 8:08:10 PM GMT+8"
13314,@haielei2869,5 days ago,Road to 37k na po mga kabagis  / Greetings from Norcar po,https://www.youtube.com/watch?v=ROa3kbG5M0U&lc=UgyXF4LmfNKrFj5CAi54AaABAg,UgyXF4LmfNKrFj5CAi54AaABAg,UCf3PWHW8mj2mncX07kw9ZQw,"Fetched 05/24/2026, 8:08:10 PM GMT+8"
13315,@haielei2869,5 days ago,"Gigising na Top 1 ang BENGUET!  / lets go BENGUET, FIGHT! FIGHT! FIGHT!  / Greetings from Norcar",https://www.youtube.com/watch?v=ROa3kbG5M0U&lc=Ugzz5phybnxwtXLFCB94AaABAg,Ugzz5phybnxwtXLFCB94AaABAg,UCf3PWHW8mj2mncX07kw9ZQw,"Fetched 05/24/2026, 8:08:10 PM GMT+8"
13316,@haielei2869,5 days ago,Road to 37k na po mga kabagis  / Greetings from Norcar po,https://www.youtube.com/watch?v=ROa3kbG5M0U&lc=UgxiZ29ImZLRgGWAkyF4AaABAg,UgxiZ29ImZLRgGWAkyF4AaABAg,UCf3PWHW8mj2mncX07kw9ZQw,"Fetched 05/24/2026, 8:08:10 PM GMT+8"
13317,@haielei2869,5 days ago,"Gigising na Top 1 ang BENGUET!  / lets go BENGUET, FIGHT! FIGHT! FIGHT!  / Greetings from Norcar",https://www.youtube.com/watch?v=ROa3kbG5M0U&lc=Ugx3HKjFEkDgJP3FN_h4AaABAg,Ugx3HKjFEkDgJP3FN_h4AaABAg,UCf3PWHW8mj2mncX07kw9ZQw,"Fetched 05/24/2026, 8:08:10 PM GMT+8"
13318,@haielei2869,5 days ago,Road to 37k na po mga kabagis  / Greetings from Norcar po,https://www.youtube.com/watch?v=ROa3kbG5M0U&lc=UgxXAUV32tZO91U9nKx4AaABAg,UgxXAUV32tZO91U9nKx4AaABAg,UCf3PWHW8mj2mncX07kw9ZQw,"Fetched 05/24/2026, 8:08:10 PM GMT+8"
13319,@haielei2869,5 days ago,"Gigising na Top 1 ang BENGUET!  / lets go BENGUET, FIGHT! FIGHT! FIGHT!  / Greetings from Norcar",https://www.youtube.com/watch?v=ROa3kbG5M0U&lc=UgzU3LD6PerNEUcIXWZ4AaABAg,UgzU3LD6PerNEUcIXWZ4AaABAg,UCf3PWHW8mj2mncX07kw9ZQw,"Fetched 05/24/2026, 8:08:10 PM GMT+8"
13320,@haielei2869,5 days ago,Road to 37k na po mga kabagis  / Greetings from Norcar po,https://www.youtube.com/watch?v=ROa3kbG5M0U&lc=UgxtFPn5k4lSh3ibWPF4AaABAg,UgxtFPn5k4lSh3ibWPF4AaABAg,UCf3PWHW8mj2mncX07kw9ZQw,"Fetched 05/24/2026, 8:08:10 PM GMT+8"
13321,@haielei2869,5 days ago,"Gigising na Top 1 ang BENGUET!  / lets go BENGUET, FIGHT! FIGHT! FIGHT!  / Greetings from Norcar",https://www.youtube.com/watch?v=ROa3kbG5M0U&lc=UgzaiPSymQkVzw2BnHl4AaABAg,UgzaiPSymQkVzw2BnHl4AaABAg,UCf3PWHW8mj2mncX07kw9ZQw,"Fetched 05/24/2026, 8:08:10 PM GMT+8"
13322,@haielei2869,5 days ago,Road to 37k na po mga kabagis  / Greetings from Norcar po,https://www.youtube.com/watch?v=ROa3kbG5M0U&lc=UgzUpGJydPCMnZZC5AZ4AaABAg,UgzUpGJydPCMnZZC5AZ4AaABAg,UCf3PWHW8mj2mncX07kw9ZQw,"Fetched 05/24/2026, 8:08:10 PM GMT+8"
13323,@haielei2869,5 days ago,Road to 37k na po mga kabagis  / Greetings from Norcar po,https://www.youtube.com/watch?v=ROa3kbG5M0U&lc=Ugz68Gxh0TvqPrYyStp4AaABAg,Ugz68Gxh0TvqPrYyStp4AaABAg,UCf3PWHW8mj2mncX07kw9ZQw,"Fetched 05/24/2026, 8:08:10 PM GMT+8"
13324,@haielei2869,5 days ago,"Gigising na Top 1 ang BENGUET!  / lets go BENGUET, FIGHT! FIGHT! FIGHT!  / Greetings from Norcar",https://www.youtube.com/watch?v=ROa3kbG5M0U&lc=Ugwph4pxYv6aZQKLFH54AaABAg,Ugwph4pxYv6aZQKLFH54AaABAg,UCf3PWHW8mj2mncX07kw9ZQw,"Fetched 05/24/2026, 8:08:10 PM GMT+8"
13325,@haielei2869,5 days ago,"Gigising na Top 1 ang BENGUET!  / lets go BENGUET, FIGHT! FIGHT! FIGHT!  / Greetings from Norcar",https://www.youtube.com/watch?v=ROa3kbG5M0U&lc=UgwEPSHHAW_5hwTFkjh4AaABAg,UgwEPSHHAW_5hwTFkjh4AaABAg,UCf3PWHW8mj2mncX07kw9ZQw,"Fetched 05/24/2026, 8:08:10 PM GMT+8"
13326,@haielei2869,5 days ago,"Gigising na Top 1 ang BENGUET!  / lets go BENGUET, FIGHT! FIGHT! FIGHT!  / Greetings from Norcar",https://www.youtube.com/watch?v=ROa3kbG5M0U&lc=UgzaVrIIz0qEJ88td1h4AaABAg,UgzaVrIIz0qEJ88td1h4AaABAg,UCf3PWHW8mj2mncX07kw9ZQw,"Fetched 05/24/2026, 8:08:10 PM GMT+8"
13327,@daisycastaneda7972,5 days ago,GREETINGS PO SA LAHAT NG MGA KALIHIM SA DISTRITO NG BENGUET. HAPPY WATCHING TO ALL PO. / BAGUIO  CITY .,https://www.youtube.com/watch?v=ROa3kbG5M0U&lc=UgzLvs4MHG1IH7vNKJ54AaABAg,UgzLvs4MHG1IH7vNKJ54AaABAg,UCD3NlGp4eLYcR2RGC7FwnKQ,"Fetched 05/24/2026, 8:08:10 PM GMT+8"
13328,@luningningpescoso4921,5 days ago,Magandang umaga po tara po manood na Go Go Go Benguet mula po sa Lokal Ng Lourdes Distrito Ng Benguet,https://www.youtube.com/watch?v=ROa3kbG5M0U&lc=UgzulUW9Z5PF-j_lUUp4AaABAg,UgzulUW9Z5PF-j_lUUp4AaABAg,UCNEFZJBC-8ZcT-q6hyiB7Dg,"Fetched 05/24/2026, 8:08:10 PM GMT+8"
13329,@JocelynTabile-w5w,5 days ago,Happ watching po mula sa lokal ng kias distrito ng benguet,https://www.youtube.com/watch?v=ROa3kbG5M0U&lc=UgzI3OF-xr7uQdHGOAt4AaABAg,UgzI3OF-xr7uQdHGOAt4AaABAg,UCKs3wcZcll5RRYVW0gLDvbw,"Fetched 05/24/2026, 8:08:10 PM GMT+8"
13330,@daisycastaneda7972,5 days ago,"SHOUT  OUT  PO SA AMING ENERGETIC NA DESTINADO KAPATID NA NORBERTO L MISLANG, KASAMA NG KANYANG BUONG  SAMBAHAYAN , MALIGAYANG PANONOOD PO .PAGBATI MULA  DITO SA LOKAL NG BAGUIO  CITY / KALIHIMAN/ REGISTRY.",https://www.youtube.com/watch?v=ROa3kbG5M0U&lc=UgwWo1pMx87_KEriEVR4AaABAg,UgwWo1pMx87_KEriEVR4AaABAg,UCD3NlGp4eLYcR2RGC7FwnKQ,"Fetched 05/24/2026, 8:08:10 PM GMT+8"
13331,@kimberlysarmiento1034,5 days ago,"Happy viewing po / Best regards, Tuba",https://www.youtube.com/watch?v=ROa3kbG5M0U&lc=UgwYyt3Jw6WwXMuZu7p4AaABAg,UgwYyt3Jw6WwXMuZu7p4AaABAg,UCds_RyKfMX7Xzg4PQRhf9NQ,"Fetched 05/24/2026, 8:08:10 PM GMT+8"
13332,@Julskie28,5 days ago,Another hour has passed.  Time to rewatch! /  / Let's Go Benguet 🎉 /  / Happy viewing po sa ating lahat! /  / From KADIWAs of benguet 🎉 / Lokal ng Guisad ❤,https://www.youtube.com/watch?v=ROa3kbG5M0U&lc=UgycAe8v3g7eRjT3NzF4AaABAg,UgycAe8v3g7eRjT3NzF4AaABAg,UC1nz0UiWHV8lyoQdZtJejeg,"Fetched 05/24/2026, 8:08:10 PM GMT+8"
13333,@NorilynBayawoc-c7q,5 days ago,Happy viewing from Lokal Ng Camp 6 Distrito Ng Benguet ❤,https://www.youtube.com/watch?v=ROa3kbG5M0U&lc=Ugyw4Je98CZpLkixMMJ4AaABAg,Ugyw4Je98CZpLkixMMJ4AaABAg,UCXkASA6a4yyCYLFoeCbdz9A,"Fetched 05/24/2026, 8:08:10 PM GMT+8"
13334,@PamangelaGarlitos,5 days ago,What an exciting program to watch❤,https://www.youtube.com/watch?v=ROa3kbG5M0U&lc=Ugzp_KtAc3sWYCXtXuB4AaABAg,Ugzp_KtAc3sWYCXtXuB4AaABAg,UCeN6hRYwO2TxD9VFxxav8eg,"Fetched 05/24/2026, 8:08:10 PM GMT+8"
13335,@PamangelaGarlitos,5 days ago,Team Benguet in front! 🎉,https://www.youtube.com/watch?v=ROa3kbG5M0U&lc=UgxjmxFSocREz1EmiWB4AaABAg,UgxjmxFSocREz1EmiWB4AaABAg,UCeN6hRYwO2TxD9VFxxav8eg,"Fetched 05/24/2026, 8:08:10 PM GMT+8"
13336,@PamangelaGarlitos,5 days ago,Distrito ng Benguet sa tuktok! 🎉,https://www.youtube.com/watch?v=ROa3kbG5M0U&lc=UgwO4aeq0wfTb64NTQB4AaABAg,UgwO4aeq0wfTb64NTQB4AaABAg,UCeN6hRYwO2TxD9VFxxav8eg,"Fetched 05/24/2026, 8:08:10 PM GMT+8"
13337,@daisycastaneda7972,5 days ago,"PASUGO  DRIVE PO BUKAS  WEDNESDSY LETS GO MGA KAPATID SA AMING PUROK  4,10,12, .6 AM PO AT 6PM  / HAPPY WATCHING BENGUET  ENTRY ,GOD'S LOVE, INCVM AWARDS. / KALIHIMAN / REGISTRY / BAGUIO  CITY.",https://www.youtube.com/watch?v=ROa3kbG5M0U&lc=UgxELJuDxOEiuN2lz7F4AaABAg,UgxELJuDxOEiuN2lz7F4AaABAg,UCD3NlGp4eLYcR2RGC7FwnKQ,"Fetched 05/24/2026, 8:08:10 PM GMT+8"
13338,@PamangelaGarlitos,5 days ago,"Ang layunin sa Distrito ng Benguet, makuha ang top 1!❤Kaya yan🎉",https://www.youtube.com/watch?v=ROa3kbG5M0U&lc=UgxJvE4sYtSKI1FjsNd4AaABAg,UgxJvE4sYtSKI1FjsNd4AaABAg,UCeN6hRYwO2TxD9VFxxav8eg,"Fetched 05/24/2026, 8:08:10 PM GMT+8"
13339,@PamangelaGarlitos,5 days ago,Abutin ang tagumpay mga kapatid sa Distrito ng Benguet!,https://www.youtube.com/watch?v=ROa3kbG5M0U&lc=UgwjwP8jyKMM-4YUU8p4AaABAg,UgwjwP8jyKMM-4YUU8p4AaABAg,UCeN6hRYwO2TxD9VFxxav8eg,"Fetched 05/24/2026, 8:08:10 PM GMT+8"
13340,@PamangelaGarlitos,5 days ago,Para sa bayan ng Benguet mga kapatid! ❤,https://www.youtube.com/watch?v=ROa3kbG5M0U&lc=Ugxu3_tq2o011xXox554AaABAg,Ugxu3_tq2o011xXox554AaABAg,UCeN6hRYwO2TxD9VFxxav8eg,"Fetched 05/24/2026, 8:08:10 PM GMT+8"
13341,@cherrydevera8251,5 days ago,Good morning po sa lahat ng kapatid sa buong mundo.. Gogogo Benguet / Lokal ng Baguio City,https://www.youtube.com/watch?v=ROa3kbG5M0U&lc=UgxVZjljs0jj0NGpJUJ4AaABAg,UgxVZjljs0jj0NGpJUJ4AaABAg,UCrod3zHPNdFZBv-HyVuLJ3g,"Fetched 05/24/2026, 8:08:10 PM GMT+8"
13342,@PamangelaGarlitos,5 days ago,"Distrito ng Benguet, hindi pababayaan!",https://www.youtube.com/watch?v=ROa3kbG5M0U&lc=Ugxco7PZtAAD8X8HItB4AaABAg,Ugxco7PZtAAD8X8HItB4AaABAg,UCeN6hRYwO2TxD9VFxxav8eg,"Fetched 05/24/2026, 8:08:10 PM GMT+8"
13343,@PamangelaGarlitos,5 days ago,Ipaglaban ang Distrito ng Benguet,https://www.youtube.com/watch?v=ROa3kbG5M0U&lc=Ugwrga9VQkcu_8XY4pp4AaABAg,Ugwrga9VQkcu_8XY4pp4AaABAg,UCeN6hRYwO2TxD9VFxxav8eg,"Fetched 05/24/2026, 8:08:10 PM GMT+8"
13344,@iya-k7j,5 days ago,😊It’s through His / L❤VE / That you are Now  / Who You Are😊 / Kapisanang Binhi / Lokal ng Atok Gold,https://www.youtube.com/watch?v=ROa3kbG5M0U&lc=Ugw8_Dtq26XWP-ZHYHh4AaABAg,Ugw8_Dtq26XWP-ZHYHh4AaABAg,UC_R2GfmFAjE8k8DgEjmtv7g,"Fetched 05/24/2026, 8:08:10 PM GMT+8"
13345,@PamangelaGarlitos,5 days ago,"Stand tall, District of Benguet! Local of Baguio City ❤",https://www.youtube.com/watch?v=ROa3kbG5M0U&lc=UgzDf3APIoc_f-xc8ux4AaABAg,UgzDf3APIoc_f-xc8ux4AaABAg,UCeN6hRYwO2TxD9VFxxav8eg,"Fetched 05/24/2026, 8:08:10 PM GMT+8"
13346,@PamangelaGarlitos,5 days ago,Our district won't be ignored Local of Baguio City ❤,https://www.youtube.com/watch?v=ROa3kbG5M0U&lc=UgxifX0XK11__kLJ6CR4AaABAg,UgxifX0XK11__kLJ6CR4AaABAg,UCeN6hRYwO2TxD9VFxxav8eg,"Fetched 05/24/2026, 8:08:10 PM GMT+8"
13347,@PamangelaGarlitos,5 days ago,"Never back down, Team Benguet! Local of Baguio City",https://www.youtube.com/watch?v=ROa3kbG5M0U&lc=Ugxa4Pw7h79fj1i95xN4AaABAg,Ugxa4Pw7h79fj1i95xN4AaABAg,UCeN6hRYwO2TxD9VFxxav8eg,"Fetched 05/24/2026, 8:08:10 PM GMT+8"
13348,@BnHydn_3,5 days ago,"Great morning to all!!! Keep on watching mga kapatid 📺 / MULA SA Lokal ng La Trinidad, Kapisanang Binhi 🌱🌿🐑",https://www.youtube.com/watch?v=ROa3kbG5M0U&lc=UgzRJHtKVnILSGHyodB4AaABAg,UgzRJHtKVnILSGHyodB4AaABAg,UCKZxY6b5mH_zsnldMnxGIpQ,"Fetched 05/24/2026, 8:08:10 PM GMT+8"
13349,@ambrosioanofojr4444,5 days ago,Happy viewing po ulet! /  / Let' Go Benguet! /  / frm Kadiwa at Lokal ng Norcar,https://www.youtube.com/watch?v=ROa3kbG5M0U&lc=UgzqAAuvWWP_wNQ03up4AaABAg,UgzqAAuvWWP_wNQ03up4AaABAg,UCQACOM5LJpxnKpV1DM1bwew,"Fetched 05/24/2026, 8:08:10 PM GMT+8"
13350,@PamangelaGarlitos,5 days ago,Rise up District of Benguet! 🎉,https://www.youtube.com/watch?v=ROa3kbG5M0U&lc=UgyQy3WuaB1tEaqkuZ94AaABAg,UgyQy3WuaB1tEaqkuZ94AaABAg,UCeN6hRYwO2TxD9VFxxav8eg,"Fetched 05/24/2026, 8:08:10 PM GMT+8"
13351,@PamangelaGarlitos,5 days ago,"Win or lose, we fight as one! Local of Baguio City ❤",https://www.youtube.com/watch?v=ROa3kbG5M0U&lc=UgzCXiQp3nUTCahH2KN4AaABAg,UgzCXiQp3nUTCahH2KN4AaABAg,UCeN6hRYwO2TxD9VFxxav8eg,"Fetched 05/24/2026, 8:08:10 PM GMT+8"
13352,@daisycastaneda7972,5 days ago,"REST DAY GUYS  SO MAKE TIME TO MAKE A FULL  SUPPORT  WATCH AND  TYPE COMMENTS. / BAGUIO  CITY, BENGUET.",https://www.youtube.com/watch?v=ROa3kbG5M0U&lc=UgzKFmUqAhju8OOy8pZ4AaABAg,UgzKFmUqAhju8OOy8pZ4AaABAg,UCD3NlGp4eLYcR2RGC7FwnKQ,"Fetched 05/24/2026, 8:08:10 PM GMT+8"
13353,@PamangelaGarlitos,5 days ago,"When this song hits high notes, it was flawless and wonderful from Local of Baguio City ❤",https://www.youtube.com/watch?v=ROa3kbG5M0U&lc=UgxIyB96lxVe-LSExSV4AaABAg,UgxIyB96lxVe-LSExSV4AaABAg,UCeN6hRYwO2TxD9VFxxav8eg,"Fetched 05/24/2026, 8:08:10 PM GMT+8"
13354,@iya-k7j,5 days ago,God's  LOVE / His /        wondrous. /                 L❤VE / 😊😊🎉🎉🎉😊😊 / Kapisanang Binhi / Lokal ng Atok Gold,https://www.youtube.com/watch?v=ROa3kbG5M0U&lc=Ugw9KrKaMkulsJ1dKLt4AaABAg,Ugw9KrKaMkulsJ1dKLt4AaABAg,UC_R2GfmFAjE8k8DgEjmtv7g,"Fetched 05/24/2026, 8:08:10 PM GMT+8"
13355,@iya-k7j,5 days ago,It’s through / His L❤VE / That your days / Are Bright as / The Sun☀ / Kapisanang Binhi / Lokal ng Atok Gold,https://www.youtube.com/watch?v=ROa3kbG5M0U&lc=UgxUNHRJJrO_2Xx7wHh4AaABAg,UgxUNHRJJrO_2Xx7wHh4AaABAg,UC_R2GfmFAjE8k8DgEjmtv7g,"Fetched 05/24/2026, 8:08:10 PM GMT+8"
13356,@PamangelaGarlitos,5 days ago,This song lights up a room for me! ❤,https://www.youtube.com/watch?v=ROa3kbG5M0U&lc=UgyA4Ccf5SmrPQ1PZlR4AaABAg,UgyA4Ccf5SmrPQ1PZlR4AaABAg,UCeN6hRYwO2TxD9VFxxav8eg,"Fetched 05/24/2026, 8:08:10 PM GMT+8"
13357,@proudinc30,5 days ago,Happy viewing po mula po sa lokal ng megaroyale distrito ng benguet🇮🇹,https://www.youtube.com/watch?v=ROa3kbG5M0U&lc=UgxmSmbxCEaOly7qrqZ4AaABAg,UgxmSmbxCEaOly7qrqZ4AaABAg,UCCxuia5xRHTb3_q2LpAa8ZA,"Fetched 05/24/2026, 8:08:10 PM GMT+8"
13358,@PamangelaGarlitos,5 days ago,This beat is out of the world! ❤,https://www.youtube.com/watch?v=ROa3kbG5M0U&lc=UgzRzezD2i0ZdMSc0qZ4AaABAg,UgzRzezD2i0ZdMSc0qZ4AaABAg,UCeN6hRYwO2TxD9VFxxav8eg,"Fetched 05/24/2026, 8:08:10 PM GMT+8"
13359,@iya-k7j,5 days ago,"Let God / set you Free / and you'll find out / exactly where / you're meant to be"" / Kapisanang Binhi / ❤lokal ng atok gold❤",https://www.youtube.com/watch?v=ROa3kbG5M0U&lc=UgzRFjV4RPFc07666554AaABAg,UgzRFjV4RPFc07666554AaABAg,UC_R2GfmFAjE8k8DgEjmtv7g,"Fetched 05/24/2026, 8:08:10 PM GMT+8"
13360,@PamangelaGarlitos,5 days ago,Nagiging makulay ang buhay ko! Local of Baguio City❤,https://www.youtube.com/watch?v=ROa3kbG5M0U&lc=UgyUG3hn-jaBRx9GjpB4AaABAg,UgyUG3hn-jaBRx9GjpB4AaABAg,UCeN6hRYwO2TxD9VFxxav8eg,"Fetched 05/24/2026, 8:08:10 PM GMT+8"
13361,@iya-k7j,5 days ago,☀☀a new  / Day.brings / HOPE / For a change / In the weather🌦☀ / Kapisanang Buklod / Lokal ng atok gold,https://www.youtube.com/watch?v=ROa3kbG5M0U&lc=UgwflzYTvep9yDX62lh4AaABAg,UgwflzYTvep9yDX62lh4AaABAg,UC_R2GfmFAjE8k8DgEjmtv7g,"Fetched 05/24/2026, 8:08:10 PM GMT+8"
13362,@iya-k7j,5 days ago,😊 / I know / But I swear / It gets better…. / Kapisanang Binhi / 😊lokal ng atok gold😊,https://www.youtube.com/watch?v=ROa3kbG5M0U&lc=Ugw_H2ZNa0ETmQ5jByp4AaABAg,Ugw_H2ZNa0ETmQ5jByp4AaABAg,UC_R2GfmFAjE8k8DgEjmtv7g,"Fetched 05/24/2026, 8:08:10 PM GMT+8"
13363,@PamangelaGarlitos,5 days ago,The lyrics is so meaningful❤,https://www.youtube.com/watch?v=ROa3kbG5M0U&lc=UgwyCfMK7MWUQFQlSHd4AaABAg,UgwyCfMK7MWUQFQlSHd4AaABAg,UCeN6hRYwO2TxD9VFxxav8eg,"Fetched 05/24/2026, 8:08:10 PM GMT+8"
13364,@iya-k7j,5 days ago,and when / LIFE / Brings you / To you knees… / 😢😢😢 / Kapisanang Binhi / Lokal ng atok gold,https://www.youtube.com/watch?v=ROa3kbG5M0U&lc=UgxAq4pFwD8CqAFX-Kt4AaABAg,UgxAq4pFwD8CqAFX-Kt4AaABAg,UC_R2GfmFAjE8k8DgEjmtv7g,"Fetched 05/24/2026, 8:08:10 PM GMT+8"
13365,@PamangelaGarlitos,5 days ago,Ramdam ko tlga ang emosyon kapag pinapakinggan ito❤,https://www.youtube.com/watch?v=ROa3kbG5M0U&lc=UgxW-7oBAWPiHf4GU-t4AaABAg,UgxW-7oBAWPiHf4GU-t4AaABAg,UCeN6hRYwO2TxD9VFxxav8eg,"Fetched 05/24/2026, 8:08:10 PM GMT+8"
13366,@iya-k7j,5 days ago,Hold on / to your / Faith❤ / 😇😇😇 / Kapisanang Binhi / lokal ng atok gold,https://www.youtube.com/watch?v=ROa3kbG5M0U&lc=UgyS82nT4pBZGluzcaN4AaABAg,UgyS82nT4pBZGluzcaN4AaABAg,UC_R2GfmFAjE8k8DgEjmtv7g,"Fetched 05/24/2026, 8:08:10 PM GMT+8"
13367,@PamangelaGarlitos,5 days ago,This song makes me feel alive🎉,https://www.youtube.com/watch?v=ROa3kbG5M0U&lc=UgyAFw6WRCemvthaI7J4AaABAg,UgyAFw6WRCemvthaI7J4AaABAg,UCeN6hRYwO2TxD9VFxxav8eg,"Fetched 05/24/2026, 8:08:10 PM GMT+8"
13368,@daisycastaneda7972,5 days ago,"TEAM BENGUET  ,GO ! FOR THE WIN. / KALIHIMAN/ REGISTRY / BAGUIO  CITY.",https://www.youtube.com/watch?v=ROa3kbG5M0U&lc=UgzkzKiFHJaLzPt8BZh4AaABAg,UgzkzKiFHJaLzPt8BZh4AaABAg,UCD3NlGp4eLYcR2RGC7FwnKQ,"Fetched 05/24/2026, 8:08:10 PM GMT+8"
13369,@PamangelaGarlitos,5 days ago,There's a pure happiness in every note❤,https://www.youtube.com/watch?v=ROa3kbG5M0U&lc=UgyGByb6I424NJ_5tEl4AaABAg,UgyGByb6I424NJ_5tEl4AaABAg,UCeN6hRYwO2TxD9VFxxav8eg,"Fetched 05/24/2026, 8:08:10 PM GMT+8"
13370,@PamangelaGarlitos,5 days ago,This is fire! So much talent in this program❤,https://www.youtube.com/watch?v=ROa3kbG5M0U&lc=UgyhPEqTefQzoCwc_Up4AaABAg,UgyhPEqTefQzoCwc_Up4AaABAg,UCeN6hRYwO2TxD9VFxxav8eg,"Fetched 05/24/2026, 8:08:10 PM GMT+8"
13371,@daisycastaneda7972,5 days ago,SHOUT  OUT  PO SA LAHAT NG MGA MASISIPAG NA KAWANI SA DISTRITO NG BENGUET . / KALHIMAN/REGISTRY  / BAGUIO CITY.,https://www.youtube.com/watch?v=ROa3kbG5M0U&lc=UgzDjlQDqlKy89Sa0kh4AaABAg,UgzDjlQDqlKy89Sa0kh4AaABAg,UCD3NlGp4eLYcR2RGC7FwnKQ,"Fetched 05/24/2026, 8:08:10 PM GMT+8"
13372,@Altheamay18,5 days ago,"Watching po, kalihim (LCRC) ng lokal ng Megaroyale Village Distrito ng Benguet po 😄",https://www.youtube.com/watch?v=ROa3kbG5M0U&lc=Ugwrfjo3Q-jEWNYB-XF4AaABAg,Ugwrfjo3Q-jEWNYB-XF4AaABAg,UC_uXcDgwZnPo7AAQqssaEcA,"Fetched 05/24/2026, 8:08:10 PM GMT+8"
13373,@PamangelaGarlitos,5 days ago,Such a vibe! Can't get enough❤🎉,https://www.youtube.com/watch?v=ROa3kbG5M0U&lc=Ugxgjnu90wAq6cWOQl14AaABAg,Ugxgjnu90wAq6cWOQl14AaABAg,UCeN6hRYwO2TxD9VFxxav8eg,"Fetched 05/24/2026, 8:08:10 PM GMT+8"
13374,@PamangelaGarlitos,5 days ago,Every beat hits perfectly,https://www.youtube.com/watch?v=ROa3kbG5M0U&lc=UgzrHK4J6HghomjpWoJ4AaABAg,UgzrHK4J6HghomjpWoJ4AaABAg,UCeN6hRYwO2TxD9VFxxav8eg,"Fetched 05/24/2026, 8:08:10 PM GMT+8"
13375,@AmaiajozaSarao,5 days ago,Go! Benguet!,https://www.youtube.com/watch?v=ROa3kbG5M0U&lc=UgwKt4wxIgcxWtD6B2t4AaABAg,UgwKt4wxIgcxWtD6B2t4AaABAg,UCfEXCcxVZaAaiLLmC1liv0w,"Fetched 05/24/2026, 8:08:10 PM GMT+8"
13376,@PamangelaGarlitos,5 days ago,What a treasure of music and heart❤,https://www.youtube.com/watch?v=ROa3kbG5M0U&lc=UgzyR39vg_sK8F6pkcN4AaABAg,UgzyR39vg_sK8F6pkcN4AaABAg,UCeN6hRYwO2TxD9VFxxav8eg,"Fetched 05/24/2026, 8:08:10 PM GMT+8"
13377,@PamangelaGarlitos,5 days ago,I feel so connected to this music❤local of Baguio City,https://www.youtube.com/watch?v=ROa3kbG5M0U&lc=UgwjXwDsXCg2HOPtTQt4AaABAg,UgwjXwDsXCg2HOPtTQt4AaABAg,UCeN6hRYwO2TxD9VFxxav8eg,"Fetched 05/24/2026, 8:08:10 PM GMT+8"
13378,@johnreylucio8970,5 days ago,SNACK TIME! / while Watching this Nice MV! / GO BENGUET!! /  / Mula po sa Lokal ng LaTrinidad ❤,https://www.youtube.com/watch?v=ROa3kbG5M0U&lc=UgyWNH8GgQqpuUWzXGJ4AaABAg,UgyWNH8GgQqpuUWzXGJ4AaABAg,UCNMupRD4ySrN336KZpy29OA,"Fetched 05/24/2026, 8:08:10 PM GMT+8"
13379,@daisycastaneda7972,5 days ago,FULL  SUPPORT GO! BENGUET TEAM FOR THE WIN / KALHIMAN/REGISTRY  / BAGUIO  CITY.,https://www.youtube.com/watch?v=ROa3kbG5M0U&lc=UgwjcraVQ3G2T-XuyDB4AaABAg,UgwjcraVQ3G2T-XuyDB4AaABAg,UCD3NlGp4eLYcR2RGC7FwnKQ,"Fetched 05/24/2026, 8:08:10 PM GMT+8"
13380,@PamangelaGarlitos,5 days ago,I could listen to that all day❤,https://www.youtube.com/watch?v=ROa3kbG5M0U&lc=Ugzks1l4-k_KkTUQl6h4AaABAg,Ugzks1l4-k_KkTUQl6h4AaABAg,UCeN6hRYwO2TxD9VFxxav8eg,"Fetched 05/24/2026, 8:08:10 PM GMT+8"
13381,@PamangelaGarlitos,5 days ago,I love the melody of this!,https://www.youtube.com/watch?v=ROa3kbG5M0U&lc=Ugw6wHCF7IlWs0U7A0Z4AaABAg,Ugw6wHCF7IlWs0U7A0Z4AaABAg,UCeN6hRYwO2TxD9VFxxav8eg,"Fetched 05/24/2026, 8:08:10 PM GMT+8"
13382,@joyjasminpalangdao4169,5 days ago,"pagbating muli mula sa Lokal ng Irisan, Benguet",https://www.youtube.com/watch?v=ROa3kbG5M0U&lc=Ugy_DX8VSdnnUcNnHs54AaABAg,Ugy_DX8VSdnnUcNnHs54AaABAg,UCt8fAwy2t__tiNcSHV0sL8Q,"Fetched 05/24/2026, 8:08:10 PM GMT+8"
13383,@PamangelaGarlitos,5 days ago,These lyrics tell such a beautiful and wonderful story❤ local of Baguio City,https://www.youtube.com/watch?v=ROa3kbG5M0U&lc=UgwCXf4ZAAsxfS4onHR4AaABAg,UgwCXf4ZAAsxfS4onHR4AaABAg,UCeN6hRYwO2TxD9VFxxav8eg,"Fetched 05/24/2026, 8:08:10 PM GMT+8"
13384,@PamangelaGarlitos,5 days ago,They have so much power and presence behind their vocals... Local of Baguio City ❤,https://www.youtube.com/watch?v=ROa3kbG5M0U&lc=Ugyix6uuy0M08aAo5Mt4AaABAg,Ugyix6uuy0M08aAo5Mt4AaABAg,UCeN6hRYwO2TxD9VFxxav8eg,"Fetched 05/24/2026, 8:08:10 PM GMT+8"
13385,@PamangelaGarlitos,5 days ago,Maganda tlga ang mga pasyalan ng Benguet in this Program!,https://www.youtube.com/watch?v=ROa3kbG5M0U&lc=UgwkJbd08ZQkanmbYZt4AaABAg,UgwkJbd08ZQkanmbYZt4AaABAg,UCeN6hRYwO2TxD9VFxxav8eg,"Fetched 05/24/2026, 8:08:10 PM GMT+8"
13386,@jellyannperez22,5 days ago,This is what teamwork looks like👏,https://www.youtube.com/watch?v=ROa3kbG5M0U&lc=Ugzv6R5cb5yqgk8MZ154AaABAg,Ugzv6R5cb5yqgk8MZ154AaABAg,UCTSBNE6g9859jcHD_BhlU-g,"Fetched 05/24/2026, 8:08:10 PM GMT+8"
13387,@PamangelaGarlitos,5 days ago,District of Benguet deserves to win! So let's begin! Local of Baguio City❤,https://www.youtube.com/watch?v=ROa3kbG5M0U&lc=UgxcfPrKA4Er7uua5Xp4AaABAg,UgxcfPrKA4Er7uua5Xp4AaABAg,UCeN6hRYwO2TxD9VFxxav8eg,"Fetched 05/24/2026, 8:08:10 PM GMT+8"
13388,@PamangelaGarlitos,5 days ago,Team Benguet! ACTIVATEEE!,https://www.youtube.com/watch?v=ROa3kbG5M0U&lc=UgwzEbpVMyDZZLBiUR94AaABAg,UgwzEbpVMyDZZLBiUR94AaABAg,UCeN6hRYwO2TxD9VFxxav8eg,"Fetched 05/24/2026, 8:08:10 PM GMT+8"
13389,@PamangelaGarlitos,5 days ago,"Benguet wins, we own the fight",https://www.youtube.com/watch?v=ROa3kbG5M0U&lc=Ugwq399GJ4KUZurY94B4AaABAg,Ugwq399GJ4KUZurY94B4AaABAg,UCeN6hRYwO2TxD9VFxxav8eg,"Fetched 05/24/2026, 8:08:10 PM GMT+8"
13390,@PamangelaGarlitos,5 days ago,This song brightens my day❤,https://www.youtube.com/watch?v=ROa3kbG5M0U&lc=UgxTTUypOjilF067I4B4AaABAg,UgxTTUypOjilF067I4B4AaABAg,UCeN6hRYwO2TxD9VFxxav8eg,"Fetched 05/24/2026, 8:08:10 PM GMT+8"
13391,@alibacelonia6681,5 days ago,"Mabuhay, Benguet! Buong suporta ang hatid ng Lokal ng Quezon Hill. Maligayang panonood 💗",https://www.youtube.com/watch?v=ROa3kbG5M0U&lc=UgxOSW3nu9s-5h9Rytp4AaABAg,UgxOSW3nu9s-5h9Rytp4AaABAg,UC4Jmh5ItMYDiPIuVLOLfr-g,"Fetched 05/24/2026, 8:08:10 PM GMT+8"
13392,@alibacelonia6681,5 days ago,Taos-pusong pagbati po sa lahat ng may tungkulin sa Lokal ng Quezon Hill. Maligayang panonood po 🥰,https://www.youtube.com/watch?v=ROa3kbG5M0U&lc=UgwOe9wIiF0aAQF04ah4AaABAg,UgwOe9wIiF0aAQF04ah4AaABAg,UC4Jmh5ItMYDiPIuVLOLfr-g,"Fetched 05/24/2026, 8:08:10 PM GMT+8"
13393,@alibacelonia6681,5 days ago,"Taos-pusong pagbati po sa aming masipag at mabait na Destinado sa Lokal ng Quezon Hill, Ka Val Lanuza. Maligayang panonood po 😁",https://www.youtube.com/watch?v=ROa3kbG5M0U&lc=UgzENuD2xUDqNejLiA14AaABAg,UgzENuD2xUDqNejLiA14AaABAg,UC4Jmh5ItMYDiPIuVLOLfr-g,"Fetched 05/24/2026, 8:08:10 PM GMT+8"
13394,@alibacelonia6681,5 days ago,Binabati rin po namin ang aming masisipag at magigiting na Tagapangasiwa at Pangalawang Tagapangasiwa—Kapatid na Ardy Mendoza at Kapatid na Ian Manalata. Happy viewing po mula sa Lokal ng Quezon Hill 🥰,https://www.youtube.com/watch?v=ROa3kbG5M0U&lc=Ugx9Ikgx2W-BBNYVgEd4AaABAg,Ugx9Ikgx2W-BBNYVgEd4AaABAg,UC4Jmh5ItMYDiPIuVLOLfr-g,"Fetched 05/24/2026, 8:08:10 PM GMT+8"
13395,@PamangelaGarlitos,5 days ago (edited),Enjoy your coffee and relax while listening to this song❤,https://www.youtube.com/watch?v=ROa3kbG5M0U&lc=UgyzhgzmmMNGQWdnK5B4AaABAg,UgyzhgzmmMNGQWdnK5B4AaABAg,UCeN6hRYwO2TxD9VFxxav8eg,"Fetched 05/24/2026, 8:08:10 PM GMT+8"
13396,@alibacelonia6681,5 days ago,"Taos-pusong pagbati po sa aming napakapogi at masigasig na KSKP, Kapatid na John Felix Dungan. Maligayang panonood po mula sa Lokal ng Quezon Hill 🥳",https://www.youtube.com/watch?v=ROa3kbG5M0U&lc=UgysDA09viauDCBpVAt4AaABAg,UgysDA09viauDCBpVAt4AaABAg,UC4Jmh5ItMYDiPIuVLOLfr-g,"Fetched 05/24/2026, 8:08:10 PM GMT+8"
13397,@alibacelonia6681,5 days ago,"Let’s go, Benguet! Buong pusong sumusuporta ang Lokal ng Quezon Hill. Happy viewing 💗",https://www.youtube.com/watch?v=ROa3kbG5M0U&lc=UgyhzaCjPthejXMaJeZ4AaABAg,UgyhzaCjPthejXMaJeZ4AaABAg,UC4Jmh5ItMYDiPIuVLOLfr-g,"Fetched 05/24/2026, 8:08:10 PM GMT+8"
13398,@alibacelonia6681,5 days ago,Isang pagbati po sa lahat ng may tungkulin sa Lokal ng Quezon Hill. Happy viewing po 🥰,https://www.youtube.com/watch?v=ROa3kbG5M0U&lc=UgyU08g_KpaJmHwpxUp4AaABAg,UgyU08g_KpaJmHwpxUp4AaABAg,UC4Jmh5ItMYDiPIuVLOLfr-g,"Fetched 05/24/2026, 8:08:10 PM GMT+8"
13399,@PamangelaGarlitos,5 days ago,I hope you're wtill watching Local of Baguio City❤,https://www.youtube.com/watch?v=ROa3kbG5M0U&lc=UgztugyedQWYduZcy8l4AaABAg,UgztugyedQWYduZcy8l4AaABAg,UCeN6hRYwO2TxD9VFxxav8eg,"Fetched 05/24/2026, 8:08:10 PM GMT+8"
13400,@alibacelonia6681,5 days ago,"Isang pagbati po sa aming napakasipag at napakabait na Destinado sa Lokal ng Quezon Hill, Ka Val Lanuza. Happy viewing po 😁",https://www.youtube.com/watch?v=ROa3kbG5M0U&lc=UgzTHH9sPvX9FJaC_ld4AaABAg,UgzTHH9sPvX9FJaC_ld4AaABAg,UC4Jmh5ItMYDiPIuVLOLfr-g,"Fetched 05/24/2026, 8:08:10 PM GMT+8"
13401,@PELITANJennyClaireT,5 days ago,Benguet on top 🤞 / - La Trinidad,https://www.youtube.com/watch?v=ROa3kbG5M0U&lc=UgzqU5Jbq1PnteTEpvN4AaABAg,UgzqU5Jbq1PnteTEpvN4AaABAg,UCsVZgGkRnNqeIIOLxHiFR7A,"Fetched 05/24/2026, 8:08:10 PM GMT+8"
13402,@alibacelonia6681,5 days ago,"Isang taos-pusong pagbati po sa aming magigiting at masisipag na Tagapangasiwa at Pangalawang Tagapangasiwa, Kapatid na Ardy Mendoza at Kapatid na Ian Manalata. Happy viewing po mula sa Lokal ng Quezon Hill 🥰",https://www.youtube.com/watch?v=ROa3kbG5M0U&lc=Ugx56phNSOmRPmjD-Ql4AaABAg,Ugx56phNSOmRPmjD-Ql4AaABAg,UC4Jmh5ItMYDiPIuVLOLfr-g,"Fetched 05/24/2026, 8:08:10 PM GMT+8"
13403,@PamangelaGarlitos,5 days ago,Let's get this program started,https://www.youtube.com/watch?v=ROa3kbG5M0U&lc=UgxX-Akl348rq8jqqHB4AaABAg,UgxX-Akl348rq8jqqHB4AaABAg,UCeN6hRYwO2TxD9VFxxav8eg,"Fetched 05/24/2026, 8:08:10 PM GMT+8"
13404,@alibacelonia6681,5 days ago,"Isang pagbati rin po sa aming pogi at napakasipag na KSKP, Kapatid na John Felix Dungan. Happy viewing po mula sa Lokal ng Quezon Hill 🥳",https://www.youtube.com/watch?v=ROa3kbG5M0U&lc=UgyZ_lWOno48spy8JZR4AaABAg,UgyZ_lWOno48spy8JZR4AaABAg,UC4Jmh5ItMYDiPIuVLOLfr-g,"Fetched 05/24/2026, 8:08:10 PM GMT+8"
13405,@PELITANJennyClaireT,5 days ago,Go Benguet! / - La Trinidad,https://www.youtube.com/watch?v=ROa3kbG5M0U&lc=UgwqXuw4llAuDxzKW2d4AaABAg,UgwqXuw4llAuDxzKW2d4AaABAg,UCsVZgGkRnNqeIIOLxHiFR7A,"Fetched 05/24/2026, 8:08:10 PM GMT+8"
13406,@alibacelonia6681,5 days ago,"Laban, Benguet! Ipinapahatid ng Lokal ng Quezon Hill ang kanilang buong suporta. Happy viewing 💗",https://www.youtube.com/watch?v=ROa3kbG5M0U&lc=UgyaUwDP1aaQmEB0THl4AaABAg,UgyaUwDP1aaQmEB0THl4AaABAg,UC4Jmh5ItMYDiPIuVLOLfr-g,"Fetched 05/24/2026, 8:08:10 PM GMT+8"
13407,@PamangelaGarlitos,5 days ago,This INCMV is so incredible while watching it today❤,https://www.youtube.com/watch?v=ROa3kbG5M0U&lc=UgwQbVULBKK2Tgl9QDB4AaABAg,UgwQbVULBKK2Tgl9QDB4AaABAg,UCeN6hRYwO2TxD9VFxxav8eg,"Fetched 05/24/2026, 8:08:10 PM GMT+8"
13408,@alibacelonia6681,5 days ago,Binabati po namin ang lahat ng may tungkulin sa Lokal ng Quezon Hill. Maligayang panonood po 🥰,https://www.youtube.com/watch?v=ROa3kbG5M0U&lc=UgwBrJIm2S7pHp4rg0h4AaABAg,UgwBrJIm2S7pHp4rg0h4AaABAg,UC4Jmh5ItMYDiPIuVLOLfr-g,"Fetched 05/24/2026, 8:08:10 PM GMT+8"
13409,@alibacelonia6681,5 days ago,"Binabati po namin ang aming napakasipag at napakabait na Destinado sa Lokal ng Quezon Hill, Ka Val Lanuza. Maligayang panonood po 😁",https://www.youtube.com/watch?v=ROa3kbG5M0U&lc=UgxoJ4cguO3J-dQOUYl4AaABAg,UgxoJ4cguO3J-dQOUYl4AaABAg,UC4Jmh5ItMYDiPIuVLOLfr-g,"Fetched 05/24/2026, 8:08:10 PM GMT+8"
13410,@alibacelonia6681,5 days ago,Binabati po namin ang aming magigiting at masisipag na Tagapangasiwa at Pangalawang Tagapangasiwa—Kapatid na Ardy Mendoza at Kapatid na Ian Manalata. Maligayang panonood po mula sa Lokal ng Quezon Hill 🥰,https://www.youtube.com/watch?v=ROa3kbG5M0U&lc=UgyIpf-9mleS6afmKyJ4AaABAg,UgyIpf-9mleS6afmKyJ4AaABAg,UC4Jmh5ItMYDiPIuVLOLfr-g,"Fetched 05/24/2026, 8:08:10 PM GMT+8"
13411,@alibacelonia6681,5 days ago,"Binabati rin po namin ang aming guwapo at masipag na KSKP, Kapatid na John Felix Dungan. Maligayang panonood po mula sa Lokal ng Quezon Hill 🥳",https://www.youtube.com/watch?v=ROa3kbG5M0U&lc=UgyDXtyvLetYwuEPYqd4AaABAg,UgyDXtyvLetYwuEPYqd4AaABAg,UC4Jmh5ItMYDiPIuVLOLfr-g,"Fetched 05/24/2026, 8:08:10 PM GMT+8"
13412,@PamangelaGarlitos,5 days ago,A pleasant morning to all of us❤,https://www.youtube.com/watch?v=ROa3kbG5M0U&lc=UgybT7SDIhxnAXDfdUh4AaABAg,UgybT7SDIhxnAXDfdUh4AaABAg,UCeN6hRYwO2TxD9VFxxav8eg,"Fetched 05/24/2026, 8:08:10 PM GMT+8"
13413,@jepjep9698,5 days ago,Go benguet. From lokal ng sayatan,https://www.youtube.com/watch?v=ROa3kbG5M0U&lc=Ugz_BLzlzrayfv4IpHB4AaABAg,Ugz_BLzlzrayfv4IpHB4AaABAg,UCEcs8evyYbz6BONzJbrCT7g,"Fetched 05/24/2026, 8:08:10 PM GMT+8"
13414,@PikaMea,5 days ago,"Happy watching !! Quezon Hill, Benguet. <3",https://www.youtube.com/watch?v=ROa3kbG5M0U&lc=UgylTl1oZIuzWb6MhCB4AaABAg,UgylTl1oZIuzWb6MhCB4AaABAg,UCiIOG4wcGv9SZokMWsi_hLA,"Fetched 05/24/2026, 8:08:10 PM GMT+8"
13415,@joymaylee-e9o,5 days ago,❤God’s L❤VE is bigger /  Than the ocean / And / Brighter than the stars / ⭐🌟⭐🌟 / Mula po sa Kapisanang Buklod / 😊😊Lokal ng Atok Gold😊,https://www.youtube.com/watch?v=ROa3kbG5M0U&lc=UgwuwG-Ym2x0vPjbZ794AaABAg,UgwuwG-Ym2x0vPjbZ794AaABAg,UCVNaOxPbc9ZEHqlMp6TAgMA,"Fetched 05/24/2026, 8:08:10 PM GMT+8"
13416,@joymaylee-e9o,5 days ago,😍we L❤VE INCMV😊 / Shout out po sa mga  / Masigasig na Kadiwa / Sa aming lokal🏆🥇🏅🎖 / Mula po sa Kapisanang Buklod / 😊Lokal ng Atok Gold😊g,https://www.youtube.com/watch?v=ROa3kbG5M0U&lc=Ugz57JXMazNdhBfHD_Z4AaABAg,Ugz57JXMazNdhBfHD_Z4AaABAg,UCVNaOxPbc9ZEHqlMp6TAgMA,"Fetched 05/24/2026, 8:08:10 PM GMT+8"
13417,@joymaylee-e9o,5 days ago,😇Blessed day po / Shout out po sa mga / Maliliksing Binhi  / Sa aming lokal😊😊 / Mula po sa Kapisanang Buklod / ❤lokal ng atok gold😊,https://www.youtube.com/watch?v=ROa3kbG5M0U&lc=UgwE-Az9ayIZatVz1Pt4AaABAg,UgwE-Az9ayIZatVz1Pt4AaABAg,UCVNaOxPbc9ZEHqlMp6TAgMA,"Fetched 05/24/2026, 8:08:10 PM GMT+8"
13418,@BaguioCentralUniversityJuniorH,5 days ago,Shoutout po sa mga kapatid namin sa lokal ng baguio city! specially sa kanilang magiting na destinado ang kapatid na Norberto Mislang! 💚🤍♥ mabuhay po kayo mga kapatid /  / #LOKALNGBAGUIOCITY #DISTRITONGBENGUET,https://www.youtube.com/watch?v=ROa3kbG5M0U&lc=Ugyu-pxsRvcgnl9hM5N4AaABAg,Ugyu-pxsRvcgnl9hM5N4AaABAg,UCGjFIyesnGRAg0_mJoQierQ,"Fetched 05/24/2026, 8:08:10 PM GMT+8"
13419,@BaguioCentralUniversityJuniorH,5 days ago,Shoutout po sa mga kapatid namin sa lokal ng baguio city! specially sa kanilang magiting na destinado ang kapatid na Norberto Mislang! 💚🤍♥ mabuhay po kayo mga kapatid /  / #LOKALNGBAGUIOCITY #DISTRITONGBENGUET,https://www.youtube.com/watch?v=ROa3kbG5M0U&lc=UgyFu74Y7atlhQb0MJd4AaABAg,UgyFu74Y7atlhQb0MJd4AaABAg,UCGjFIyesnGRAg0_mJoQierQ,"Fetched 05/24/2026, 8:08:10 PM GMT+8"
13420,@joymaylee-e9o,5 days ago,📱📺Lovely viewing po / Always Happy😊 / Shout out po sa  / Mones Family❤ / Mula po sa Kapisanang Buklod / ❤❤Lokal ng Atok Gold❤,https://www.youtube.com/watch?v=ROa3kbG5M0U&lc=UgwjlGJ6vw1Xi5hF4uJ4AaABAg,UgwjlGJ6vw1Xi5hF4uJ4AaABAg,UCVNaOxPbc9ZEHqlMp6TAgMA,"Fetched 05/24/2026, 8:08:10 PM GMT+8"
13421,@BaguioCentralUniversityJuniorH,5 days ago,Shoutout po sa mga kapatid namin sa lokal ng baguio city! specially sa kanilang magiting na destinado ang kapatid na Norberto Mislang! 💚🤍♥ mabuhay po kayo mga kapatid /  / #LOKALNGBAGUIOCITY #DISTRITONGBENGUET,https://www.youtube.com/watch?v=ROa3kbG5M0U&lc=Ugx88Dd0J1U_t6lxEdt4AaABAg,Ugx88Dd0J1U_t6lxEdt4AaABAg,UCGjFIyesnGRAg0_mJoQierQ,"Fetched 05/24/2026, 8:08:10 PM GMT+8"
13422,@BaguioCentralUniversityJuniorH,5 days ago,Shoutout po sa mga kapatid namin sa lokal ng baguio city! specially sa kanilang magiting na destinado ang kapatid na Norberto Mislang! 💚🤍♥ mabuhay po kayo mga kapatid /  / #LOKALNGBAGUIOCITY #DISTRITONGBENGUET,https://www.youtube.com/watch?v=ROa3kbG5M0U&lc=Ugwer4wQ_QVqZe4tnoR4AaABAg,Ugwer4wQ_QVqZe4tnoR4AaABAg,UCGjFIyesnGRAg0_mJoQierQ,"Fetched 05/24/2026, 8:08:10 PM GMT+8"
13423,@BaguioCentralUniversityJuniorH,5 days ago,Shoutout po sa mga kapatid namin sa lokal ng baguio city! specially sa kanilang magiting na destinado ang kapatid na Norberto Mislang! 💚🤍♥ mabuhay po kayo mga kapatid /  / #LOKALNGBAGUIOCITY #DISTRITONGBENGUET,https://www.youtube.com/watch?v=ROa3kbG5M0U&lc=UgzgorlnQUhGukuCMVZ4AaABAg,UgzgorlnQUhGukuCMVZ4AaABAg,UCGjFIyesnGRAg0_mJoQierQ,"Fetched 05/24/2026, 8:08:10 PM GMT+8"
13424,@MylaGarcia-y3p,5 days ago,Happy viewing po! / Greetings po sa lahat ng Kadiwa at Binhi District Officers.,https://www.youtube.com/watch?v=ROa3kbG5M0U&lc=UgzdXU5c1R7vnVLYXEx4AaABAg,UgzdXU5c1R7vnVLYXEx4AaABAg,UC986iCV8EIPka_wTNMTpeBw,"Fetched 05/24/2026, 8:08:10 PM GMT+8"
13425,@BaguioCentralUniversityJuniorH,5 days ago,Shoutout po sa mga kapatid namin sa lokal ng baguio city! specially sa kanilang magiting na destinado ang kapatid na Norberto Mislang! 💚🤍♥ mabuhay po kayo mga kapatid /  / #LOKALNGBAGUIOCITY #DISTRITONGBENGUET,https://www.youtube.com/watch?v=ROa3kbG5M0U&lc=UgyEk4kwv5B5xIYIjtt4AaABAg,UgyEk4kwv5B5xIYIjtt4AaABAg,UCGjFIyesnGRAg0_mJoQierQ,"Fetched 05/24/2026, 8:08:10 PM GMT+8"
13426,@joymaylee-e9o,5 days ago,❤happy hearts po😊 / 😂shout out po sa  / Sanil Family / Sa aming lokal / Mula po sa Kapisanang Buklod / 😊😊lokal ng atok gold😊,https://www.youtube.com/watch?v=ROa3kbG5M0U&lc=Ugy3DWRyxI1pRX_N5IN4AaABAg,Ugy3DWRyxI1pRX_N5IN4AaABAg,UCVNaOxPbc9ZEHqlMp6TAgMA,"Fetched 05/24/2026, 8:08:10 PM GMT+8"
13427,@BaguioCentralUniversityJuniorH,5 days ago,Shoutout po sa mga kapatid namin sa lokal ng baguio city! specially sa kanilang magiting na destinado ang kapatid na Norberto Mislang! 💚🤍♥ mabuhay po kayo mga kapatid /  / #LOKALNGBAGUIOCITY #DISTRITONGBENGUET,https://www.youtube.com/watch?v=ROa3kbG5M0U&lc=Ugyec_K2hb3mR_4CQoZ4AaABAg,Ugyec_K2hb3mR_4CQoZ4AaABAg,UCGjFIyesnGRAg0_mJoQierQ,"Fetched 05/24/2026, 8:08:10 PM GMT+8"
13428,@joymaylee-e9o,5 days ago,Refreshing day po / ❤INCMV❤ / 😂shout out po sa  / Capones Family.. / Mula po sa Kapisanang Buklod / 😊😊Lokal ng Atok Gold❤,https://www.youtube.com/watch?v=ROa3kbG5M0U&lc=UgwJlokldzEh5RK4Hd94AaABAg,UgwJlokldzEh5RK4Hd94AaABAg,UCVNaOxPbc9ZEHqlMp6TAgMA,"Fetched 05/24/2026, 8:08:10 PM GMT+8"
13429,@BaguioCentralUniversityJuniorH,5 days ago,Shoutout po sa mga kapatid namin sa lokal ng baguio city! specially sa kanilang magiting na destinado ang kapatid na Norberto Mislang! 💚🤍♥ mabuhay po kayo mga kapatid /  / #LOKALNGBAGUIOCITY #DISTRITONGBENGUET,https://www.youtube.com/watch?v=ROa3kbG5M0U&lc=UgzzHJTiGBAFAOISJ9l4AaABAg,UgzzHJTiGBAFAOISJ9l4AaABAg,UCGjFIyesnGRAg0_mJoQierQ,"Fetched 05/24/2026, 8:08:10 PM GMT+8"
13430,@BaguioCentralUniversityJuniorH,5 days ago,Shoutout po sa mga kapatid namin sa lokal ng baguio city! specially sa kanilang magiting na destinado ang kapatid na Norberto Mislang! 💚🤍♥ mabuhay po kayo mga kapatid /  / #LOKALNGBAGUIOCITY #DISTRITONGBENGUET,https://www.youtube.com/watch?v=ROa3kbG5M0U&lc=UgzbEQcpstoZPmAPlIF4AaABAg,UgzbEQcpstoZPmAPlIF4AaABAg,UCGjFIyesnGRAg0_mJoQierQ,"Fetched 05/24/2026, 8:08:10 PM GMT+8"
13431,@BaguioCentralUniversityJuniorH,5 days ago,Shoutout po sa mga kapatid namin sa lokal ng baguio city! specially sa kanilang magiting na destinado ang kapatid na Norberto Mislang! 💚🤍♥ mabuhay po kayo mga kapatid /  / #LOKALNGBAGUIOCITY #DISTRITONGBENGUET,https://www.youtube.com/watch?v=ROa3kbG5M0U&lc=UgylSs-gAgiRgt7io5V4AaABAg,UgylSs-gAgiRgt7io5V4AaABAg,UCGjFIyesnGRAg0_mJoQierQ,"Fetched 05/24/2026, 8:08:10 PM GMT+8"
13432,@BaguioCentralUniversityJuniorH,5 days ago,Shoutout po sa mga kapatid namin sa lokal ng baguio city! specially sa kanilang magiting na destinado ang kapatid na Norberto Mislang! 💚🤍♥ mabuhay po kayo mga kapatid /  / #LOKALNGBAGUIOCITY #DISTRITONGBENGUET,https://www.youtube.com/watch?v=ROa3kbG5M0U&lc=UgwqMqMiFmC_29tWKwd4AaABAg,UgwqMqMiFmC_29tWKwd4AaABAg,UCGjFIyesnGRAg0_mJoQierQ,"Fetched 05/24/2026, 8:08:10 PM GMT+8"
13433,@BaguioCentralUniversityJuniorH,5 days ago,Shoutout po sa mga kapatid namin sa lokal ng baguio city! specially sa kanilang magiting na destinado ang kapatid na Norberto Mislang! 💚🤍♥ mabuhay po kayo mga kapatid /  / #LOKALNGBAGUIOCITY #DISTRITONGBENGUET,https://www.youtube.com/watch?v=ROa3kbG5M0U&lc=UgzduOWLn3eb1OPf_E94AaABAg,UgzduOWLn3eb1OPf_E94AaABAg,UCGjFIyesnGRAg0_mJoQierQ,"Fetched 05/24/2026, 8:08:10 PM GMT+8"
13434,@joymaylee-e9o,5 days ago,Masayang panonood po📺📱 / Shout out po sa /  Cornel Family / Sa aming lokal😊😊😊 / Mula po sa Kapisanang Buklod / ❤lokal ng atok gold❤,https://www.youtube.com/watch?v=ROa3kbG5M0U&lc=UgxaTSKD7E2QfULOLeh4AaABAg,UgxaTSKD7E2QfULOLeh4AaABAg,UCVNaOxPbc9ZEHqlMp6TAgMA,"Fetched 05/24/2026, 8:08:10 PM GMT+8"
13435,@BaguioCentralUniversityJuniorH,5 days ago,Shoutout po sa mga kapatid namin sa lokal ng baguio city! specially sa kanilang magiting na destinado ang kapatid na Norberto Mislang! 💚🤍♥ mabuhay po kayo mga kapatid /  / #LOKALNGBAGUIOCITY #DISTRITONGBENGUET,https://www.youtube.com/watch?v=ROa3kbG5M0U&lc=UgypjtjBDI7OYlFlVed4AaABAg,UgypjtjBDI7OYlFlVed4AaABAg,UCGjFIyesnGRAg0_mJoQierQ,"Fetched 05/24/2026, 8:08:10 PM GMT+8"
13436,@BaguioCentralUniversityJuniorH,5 days ago,Shoutout po sa mga kapatid namin sa lokal ng baguio city! specially sa kanilang magiting na destinado ang kapatid na Norberto Mislang! 💚🤍♥ mabuhay po kayo mga kapatid /  / #LOKALNGBAGUIOCITY #DISTRITONGBENGUET,https://www.youtube.com/watch?v=ROa3kbG5M0U&lc=UgzqPulUEPLQlxfjw894AaABAg,UgzqPulUEPLQlxfjw894AaABAg,UCGjFIyesnGRAg0_mJoQierQ,"Fetched 05/24/2026, 8:08:10 PM GMT+8"
13437,@daisycastaneda7972,5 days ago,"GO! FOR THE WIN BENGUET  / WATCHING ALL THE WAY FROM MY HOME  LA TRINIDAD, BENGUET,  FULL SUPPORT, MLA SA LOKAL NG BAGUIO  CITY / KALIHIMAN/ REGISTRY.",https://www.youtube.com/watch?v=ROa3kbG5M0U&lc=Ugz5Cw2JlyGKP9JRMB14AaABAg,Ugz5Cw2JlyGKP9JRMB14AaABAg,UCD3NlGp4eLYcR2RGC7FwnKQ,"Fetched 05/24/2026, 8:08:10 PM GMT+8"
13438,@joymaylee-e9o,5 days ago,Patuloy pong nakikiisa😊 / shout out po sa Sambahayan  / ng aming gwapong Tito Rowney  / at magandang Tita Jade Miguel / Mula po sa Kapisanang Buklod / ❤❤Lokal ng Atok Gold❤,https://www.youtube.com/watch?v=ROa3kbG5M0U&lc=UgyMTuf3dihiyu-oLV94AaABAg,UgyMTuf3dihiyu-oLV94AaABAg,UCVNaOxPbc9ZEHqlMp6TAgMA,"Fetched 05/24/2026, 8:08:10 PM GMT+8"
13439,@BaguioCentralUniversityJuniorH,5 days ago,Shoutout po sa mga kapatid namin sa lokal ng baguio city! specially sa kanilang magiting na destinado ang kapatid na Norberto Mislang! 💚🤍♥ mabuhay po kayo mga kapatid /  / #LOKALNGBAGUIOCITY #DISTRITONGBENGUET,https://www.youtube.com/watch?v=ROa3kbG5M0U&lc=Ugyzu559jG-0lq3Vbdd4AaABAg,Ugyzu559jG-0lq3Vbdd4AaABAg,UCGjFIyesnGRAg0_mJoQierQ,"Fetched 05/24/2026, 8:08:10 PM GMT+8"
13440,@BaguioCentralUniversityJuniorH,5 days ago,Shoutout po sa mga kapatid namin sa lokal ng baguio city! specially sa kanilang magiting na destinado ang kapatid na Norberto Mislang! 💚🤍♥ mabuhay po kayo mga kapatid /  / #LOKALNGBAGUIOCITY #DISTRITONGBENGUET,https://www.youtube.com/watch?v=ROa3kbG5M0U&lc=Ugyn7-c_IjVTmsQ1BoV4AaABAg,Ugyn7-c_IjVTmsQ1BoV4AaABAg,UCGjFIyesnGRAg0_mJoQierQ,"Fetched 05/24/2026, 8:08:10 PM GMT+8"
13441,@BaguioCentralUniversityJuniorH,5 days ago,Shoutout po sa mga kapatid namin sa lokal ng baguio city! specially sa kanilang magiting na destinado ang kapatid na Norberto Mislang! 💚🤍♥ mabuhay po kayo mga kapatid /  / #LOKALNGBAGUIOCITY #DISTRITONGBENGUET,https://www.youtube.com/watch?v=ROa3kbG5M0U&lc=UgwRBwmDybWxsJbT36d4AaABAg,UgwRBwmDybWxsJbT36d4AaABAg,UCGjFIyesnGRAg0_mJoQierQ,"Fetched 05/24/2026, 8:08:10 PM GMT+8"
13442,@joymaylee-e9o,5 days ago,👨‍👩‍👧Happy Family Bonding po / Shout out po sa Sambahayan  / ng aming LSO at LSO sec. / Ka Julius at Ka Sarah  Ydio / Mula po sa Kapisanang Buklod / 😊Lokal ng Atok Gold,https://www.youtube.com/watch?v=ROa3kbG5M0U&lc=Ugxwc-uDuRpQ7maiQAF4AaABAg,Ugxwc-uDuRpQ7maiQAF4AaABAg,UCVNaOxPbc9ZEHqlMp6TAgMA,"Fetched 05/24/2026, 8:08:10 PM GMT+8"
13443,@BaguioCentralUniversityJuniorH,5 days ago,Shoutout po sa mga kapatid namin sa lokal ng baguio city! specially sa kanilang magiting na destinado ang kapatid na Norberto Mislang! 💚🤍♥ mabuhay po kayo mga kapatid /  / #LOKALNGBAGUIOCITY #DISTRITONGBENGUET,https://www.youtube.com/watch?v=ROa3kbG5M0U&lc=Ugx_9yV8vDvYcc-Ykfd4AaABAg,Ugx_9yV8vDvYcc-Ykfd4AaABAg,UCGjFIyesnGRAg0_mJoQierQ,"Fetched 05/24/2026, 8:08:10 PM GMT+8"
13444,@BaguioCentralUniversityJuniorH,5 days ago,Shoutout po sa mga kapatid namin sa lokal ng baguio city! specially sa kanilang magiting na destinado ang kapatid na Norberto Mislang! 💚🤍♥ mabuhay po kayo mga kapatid /  / #LOKALNGBAGUIOCITY #DISTRITONGBENGUET,https://www.youtube.com/watch?v=ROa3kbG5M0U&lc=UgxbRNmPcq4WNdiGlIJ4AaABAg,UgxbRNmPcq4WNdiGlIJ4AaABAg,UCGjFIyesnGRAg0_mJoQierQ,"Fetched 05/24/2026, 8:08:10 PM GMT+8"
13445,@joymaylee-e9o,5 days ago,😂masayang nanonood  po  / Habang nagkakape☕☕☕ / ❤INCMV❤ / Shout out po sa Sicmaten Family / Mula po sa Kapisanang Buklod / 😊😊😊Lokal ng Atok Gold😊,https://www.youtube.com/watch?v=ROa3kbG5M0U&lc=UgytCI3eVRa1el7xYuJ4AaABAg,UgytCI3eVRa1el7xYuJ4AaABAg,UCVNaOxPbc9ZEHqlMp6TAgMA,"Fetched 05/24/2026, 8:08:10 PM GMT+8"
13446,@joymaylee-e9o,5 days ago,😊watching po😊 / Shout out sa Sambahayan po ng  / Masigla naming PD4 / Ka Elberto Cosil Sr. / Mula po sa Kapisanang Buklod / 😊Lokal ng Atok Gold😊,https://www.youtube.com/watch?v=ROa3kbG5M0U&lc=UgwiLMaeGiiN1FyuO6N4AaABAg,UgwiLMaeGiiN1FyuO6N4AaABAg,UCVNaOxPbc9ZEHqlMp6TAgMA,"Fetched 05/24/2026, 8:08:10 PM GMT+8"
13447,@joymaylee-e9o,5 days ago,Magandang umaga po🌕🌝 / Shout out po sa Sambahayan / ng aming mabait na PD3 / Ka Joel Bulah / Mula po sa Kapisanang Buklod / 😊Lokal ng Atok Gold😊,https://www.youtube.com/watch?v=ROa3kbG5M0U&lc=UgwnqpO8cCNKpVY4LQp4AaABAg,UgwnqpO8cCNKpVY4LQp4AaABAg,UCVNaOxPbc9ZEHqlMp6TAgMA,"Fetched 05/24/2026, 8:08:10 PM GMT+8"
13448,@joymaylee-e9o,5 days ago,Happy watching po / shout out po sa Sambahayan ng aming /  masipag na PD2  / Ka Danilo Bautista😊 / Mula po sa Kapisanang Buklod / ❤Lokal ng Atok Gold,https://www.youtube.com/watch?v=ROa3kbG5M0U&lc=UgwvdIjGFjCIQWKkanB4AaABAg,UgwvdIjGFjCIQWKkanB4AaABAg,UCVNaOxPbc9ZEHqlMp6TAgMA,"Fetched 05/24/2026, 8:08:10 PM GMT+8"
13449,@joymaylee-e9o,5 days ago,🎉Go Benguet!!! / shout out po sa sambahayan ng  / masigasig naming PD1 / Tatay Miguel Bautista Sr. / Mula po sa Kapisanang Buklod / ❤❤❤Lokal ng Atok Gold❤,https://www.youtube.com/watch?v=ROa3kbG5M0U&lc=UgwF4yJKeU86YZXxLn54AaABAg,UgwF4yJKeU86YZXxLn54AaABAg,UCVNaOxPbc9ZEHqlMp6TAgMA,"Fetched 05/24/2026, 8:08:10 PM GMT+8"
13450,@joanamariebaglao6150,5 days ago,"Happy viewing po mga kapatid., mula sa lokal ng Irisan Distrito ng Benguet 😇😊❤️",https://www.youtube.com/watch?v=ROa3kbG5M0U&lc=Ugw8hdi1DFsbT3wgF_J4AaABAg,Ugw8hdi1DFsbT3wgF_J4AaABAg,UC-zCvZnuK2qPyWhXnGLIRGw,"Fetched 05/24/2026, 8:08:10 PM GMT+8"
13451,@joymaylee-e9o,5 days ago,happy watching  po  / Family bonding 📺📱👨‍👩‍👧 / shout out po sa Marinias Family / sa aming  lokal / Mula po sa Kapisanang Buklod / 😊😊😊Lokal ng Atok Gold😊,https://www.youtube.com/watch?v=ROa3kbG5M0U&lc=UgyFk-yseCbCZH5W3qZ4AaABAg,UgyFk-yseCbCZH5W3qZ4AaABAg,UCVNaOxPbc9ZEHqlMp6TAgMA,"Fetched 05/24/2026, 8:08:10 PM GMT+8"
13452,@joymaylee-e9o,5 days ago,masayang panonood  po  / Habang nagkakape😂 / ❤INCMV❤ / Shout out po sa Lazaro Family / Mula po sa Kapisanang Buklod / 😊😊😊Lokal ng Atok Gold😊,https://www.youtube.com/watch?v=ROa3kbG5M0U&lc=UgzAY5lu4AcQWpzyxop4AaABAg,UgzAY5lu4AcQWpzyxop4AaABAg,UCVNaOxPbc9ZEHqlMp6TAgMA,"Fetched 05/24/2026, 8:08:10 PM GMT+8"
13453,@ConeyLictawa,5 days ago,"Masayang panonood po / Tuloy tuloy na suporta mula sa lokal ng Baguio city,Distrito ng Benguet",https://www.youtube.com/watch?v=ROa3kbG5M0U&lc=Ugyu625LTIaJL8_eHnh4AaABAg,Ugyu625LTIaJL8_eHnh4AaABAg,UC0Bso7cZ9ifKQKZlEPIzLHw,"Fetched 05/24/2026, 8:08:10 PM GMT+8"
13454,@joymaylee-e9o,5 days ago,Good day po..😊 / Happy ang Tuesday / Lalo at nanonood ng / INCMV / Mula po sa Kapisanang Buklod / ❤lokal ng atok gold😊,https://www.youtube.com/watch?v=ROa3kbG5M0U&lc=Ugwju0nmzfZjBj3o5gR4AaABAg,Ugwju0nmzfZjBj3o5gR4AaABAg,UCVNaOxPbc9ZEHqlMp6TAgMA,"Fetched 05/24/2026, 8:08:10 PM GMT+8"
13455,@Osmund1226,5 days ago,#INCMV2026 Lokal ng Baguio City 💚🤍❤,https://www.youtube.com/watch?v=ROa3kbG5M0U&lc=UgyB5-PPefn6sX_Gh5h4AaABAg,UgyB5-PPefn6sX_Gh5h4AaABAg,UCeg9alL6uLA-NYJz-8k_-bw,"Fetched 05/24/2026, 8:08:10 PM GMT+8"
13456,@joymaylee-e9o,5 days ago,Hello po😊 / Shout out po sa napakasipag naming Pangulong Kalihim 😊Tita Jeanie Tugad.Buong tiyaga na sinisinop po ang mga ulatan.🖥🖨⏰☎🗂📋 / Mula po sa Kapisanang Buklod / ❤Lokal ng Atok,https://www.youtube.com/watch?v=ROa3kbG5M0U&lc=UgwcpkbUoXjO-9LNafB4AaABAg,UgwcpkbUoXjO-9LNafB4AaABAg,UCVNaOxPbc9ZEHqlMp6TAgMA,"Fetched 05/24/2026, 8:08:10 PM GMT+8"
13457,@Osmund1226,5 days ago,#INCMV2026 Lokal ng Baguio City 💚🤍❤,https://www.youtube.com/watch?v=ROa3kbG5M0U&lc=UgyyMnPeuhrm8uKlKut4AaABAg,UgyyMnPeuhrm8uKlKut4AaABAg,UCeg9alL6uLA-NYJz-8k_-bw,"Fetched 05/24/2026, 8:08:10 PM GMT+8"
13458,@Osmund1226,5 days ago,#INCMV2026 Lokal ng Baguio City 💚🤍❤,https://www.youtube.com/watch?v=ROa3kbG5M0U&lc=UgxZF1GHlYxExPLLq354AaABAg,UgxZF1GHlYxExPLLq354AaABAg,UCeg9alL6uLA-NYJz-8k_-bw,"Fetched 05/24/2026, 8:08:10 PM GMT+8"
13459,@daisycastaneda7972,5 days ago,"GREETINGS PO SA LAHAT NG MGA KALIHIMA SA LOKAL NG BAGUIO  CITY, HAPPY WATCHING TO ALL.",https://www.youtube.com/watch?v=ROa3kbG5M0U&lc=UgyuEP-eOXAhVJXWz3p4AaABAg,UgyuEP-eOXAhVJXWz3p4AaABAg,UCD3NlGp4eLYcR2RGC7FwnKQ,"Fetched 05/24/2026, 8:08:10 PM GMT+8"
13460,@joymaylee-e9o,5 days ago,❤manood aming bahagi / INCMV palagi❤ / Amin ding ipamahagi / Yan ang aming bahagi😊 / ❤❤❤ / Mula po sa Kapisanang Buklod / Lokal ng Atok Gold,https://www.youtube.com/watch?v=ROa3kbG5M0U&lc=Ugz-CAA-rlz_laGlxSl4AaABAg,Ugz-CAA-rlz_laGlxSl4AaABAg,UCVNaOxPbc9ZEHqlMp6TAgMA,"Fetched 05/24/2026, 8:08:10 PM GMT+8"
13461,@ivymorenomaravilla,5 days ago,watching from Baguio City ❤❤❤,https://www.youtube.com/watch?v=ROa3kbG5M0U&lc=UgwTvP8ZYzN5zI78e254AaABAg,UgwTvP8ZYzN5zI78e254AaABAg,UC32rXNkKQhO9c-YLliCwYLg,"Fetched 05/24/2026, 8:08:10 PM GMT+8"
13462,@joymaylee-e9o,5 days ago,❤❤❤ / Happy watching po / Di po pahahadlang / Umaraw man o umulan / Patuloy po sa panonood / 😊😊😊 / Mula po sa Kapisanang Buklod / Lokal ng atok gold❤,https://www.youtube.com/watch?v=ROa3kbG5M0U&lc=UgzLaU-a9sZF7M94Ryx4AaABAg,UgzLaU-a9sZF7M94Ryx4AaABAg,UCVNaOxPbc9ZEHqlMp6TAgMA,"Fetched 05/24/2026, 8:08:10 PM GMT+8"
13463,@Osmund1226,5 days ago,#INCMV2026 Lokal ng Baguio City 💚🤍❤,https://www.youtube.com/watch?v=ROa3kbG5M0U&lc=UgxJfISjSAHHOjSYfQt4AaABAg,UgxJfISjSAHHOjSYfQt4AaABAg,UCeg9alL6uLA-NYJz-8k_-bw,"Fetched 05/24/2026, 8:08:10 PM GMT+8"
13464,@joymaylee-e9o,5 days ago,Maligayang panonood po mga kapatid / shout out po sa mga makikisig at masayahing  / Pamunuan sa aming lokal… / Salamat po sa inyo / Mula po sa Kapisanang Buklod / ❤lokal ng Atok Gold❤,https://www.youtube.com/watch?v=ROa3kbG5M0U&lc=UgybWqIEvfwZDEj6Gml4AaABAg,UgybWqIEvfwZDEj6Gml4AaABAg,UCVNaOxPbc9ZEHqlMp6TAgMA,"Fetched 05/24/2026, 8:08:10 PM GMT+8"
13465,@Osmund1226,5 days ago,#INCMV2026 Lokal ng Baguio City 💚🤍❤,https://www.youtube.com/watch?v=ROa3kbG5M0U&lc=UgzCmuUWGEEvhYa-_7N4AaABAg,UgzCmuUWGEEvhYa-_7N4AaABAg,UCeg9alL6uLA-NYJz-8k_-bw,"Fetched 05/24/2026, 8:08:10 PM GMT+8"
13466,@jellyannperez22,5 days ago,Go Benguet🎉,https://www.youtube.com/watch?v=ROa3kbG5M0U&lc=UgwuLK-ogofXZuwHxB54AaABAg,UgwuLK-ogofXZuwHxB54AaABAg,UCTSBNE6g9859jcHD_BhlU-g,"Fetched 05/24/2026, 8:08:10 PM GMT+8"
13467,@joymaylee-e9o,5 days ago,Happy watching po😊😊 / Laging masaya / Nakakabata😂 / INCMV na🎉🎉🎉 / Mula po sa Kapisanang Buklod / Lokal ng atok gold,https://www.youtube.com/watch?v=ROa3kbG5M0U&lc=UgzJY9LQZDhoZPI6JN54AaABAg,UgzJY9LQZDhoZPI6JN54AaABAg,UCVNaOxPbc9ZEHqlMp6TAgMA,"Fetched 05/24/2026, 8:08:10 PM GMT+8"
13468,@Its_Handsome_Kurtzky5442,5 days ago,#incmv / Tuloy parin ang pakikiisa at supporta ng mga PNK at Kadiwa sa Lokal ng Tuba Distrito ng Benguet 🎉🎉🎉 /  / Fight! Fight! Fight!,https://www.youtube.com/watch?v=ROa3kbG5M0U&lc=UgyJysiIp-5kyRa6mMd4AaABAg,UgyJysiIp-5kyRa6mMd4AaABAg,UC8-5OKyruhxurhAkxdT5SlQ,"Fetched 05/24/2026, 8:08:10 PM GMT+8"
13469,@joymaylee-e9o,5 days ago,😂happy Tuesday po😊 / Maligayang nakikiisa / INCMV -Benguet / 😊😊😊😊 / Mula po sa Kapisanang Buklod / ❤lokal ng Atok Gold🇮🇹,https://www.youtube.com/watch?v=ROa3kbG5M0U&lc=UgxKlgY-Qvo6TM3gITF4AaABAg,UgxKlgY-Qvo6TM3gITF4AaABAg,UCVNaOxPbc9ZEHqlMp6TAgMA,"Fetched 05/24/2026, 8:08:10 PM GMT+8"
13470,@daisycastaneda7972,5 days ago,"GREETINGS TO ALL HAPPY VIEWING , / KALIHIMAN / REGISTRY / BAGUIO  CITY .",https://www.youtube.com/watch?v=ROa3kbG5M0U&lc=Ugxv9rAWHBM8il93h9t4AaABAg,Ugxv9rAWHBM8il93h9t4AaABAg,UCD3NlGp4eLYcR2RGC7FwnKQ,"Fetched 05/24/2026, 8:08:10 PM GMT+8"
13471,@Osmund1226,5 days ago,#IncMV2026 Go Benguet! Go Baguio! 💚🤍❤,https://www.youtube.com/watch?v=ROa3kbG5M0U&lc=UgzFbXPTkKgFFD8pUCJ4AaABAg,UgzFbXPTkKgFFD8pUCJ4AaABAg,UCeg9alL6uLA-NYJz-8k_-bw,"Fetched 05/24/2026, 8:08:10 PM GMT+8"
13472,@Osmund1226,5 days ago,#IncMV2026 Go Benguet! Go Baguio! 💚🤍❤,https://www.youtube.com/watch?v=ROa3kbG5M0U&lc=UgxlULC3qWEktqwjejx4AaABAg,UgxlULC3qWEktqwjejx4AaABAg,UCeg9alL6uLA-NYJz-8k_-bw,"Fetched 05/24/2026, 8:08:10 PM GMT+8"
13473,@joymaylee-e9o,5 days ago,Happy viewing po / Masayang panonood po / Shout out po sa masisigla / at masisipag na mga maytungkulin❤❤❤ / Mula po sa Kapisanang Buklod / Lokal ng atok gold,https://www.youtube.com/watch?v=ROa3kbG5M0U&lc=UgzqoEzlbhR3TyUmjNx4AaABAg,UgzqoEzlbhR3TyUmjNx4AaABAg,UCVNaOxPbc9ZEHqlMp6TAgMA,"Fetched 05/24/2026, 8:08:10 PM GMT+8"
13474,@Osmund1226,5 days ago,#IncMV2026 Go Benguet! Go Baguio! 💚🤍❤,https://www.youtube.com/watch?v=ROa3kbG5M0U&lc=UgzkYrhmyA9fD0azeaR4AaABAg,UgzkYrhmyA9fD0azeaR4AaABAg,UCeg9alL6uLA-NYJz-8k_-bw,"Fetched 05/24/2026, 8:08:10 PM GMT+8"
13475,@Osmund1226,5 days ago,#IncMV2026 Go Benguet! Go Baguio! 💚🤍❤,https://www.youtube.com/watch?v=ROa3kbG5M0U&lc=UgxZDsYjbgu_pUFEG8t4AaABAg,UgxZDsYjbgu_pUFEG8t4AaABAg,UCeg9alL6uLA-NYJz-8k_-bw,"Fetched 05/24/2026, 8:08:10 PM GMT+8"
13476,@Osmund1226,5 days ago,#IncMV2026 Go Benguet! Go Baguio! 💚🤍❤,https://www.youtube.com/watch?v=ROa3kbG5M0U&lc=Ugyez4gwc1vCva60CRV4AaABAg,Ugyez4gwc1vCva60CRV4AaABAg,UCeg9alL6uLA-NYJz-8k_-bw,"Fetched 05/24/2026, 8:08:10 PM GMT+8"
13477,@Osmund1226,5 days ago,#IncMV2026 Go Benguet! Go Baguio! 💚🤍❤,https://www.youtube.com/watch?v=ROa3kbG5M0U&lc=UgzLgRTnT3WL1MDI29p4AaABAg,UgzLgRTnT3WL1MDI29p4AaABAg,UCeg9alL6uLA-NYJz-8k_-bw,"Fetched 05/24/2026, 8:08:10 PM GMT+8"
13478,@Osmund1226,5 days ago,#IncMV2026 Go Benguet! Go Baguio! 💚🤍❤,https://www.youtube.com/watch?v=ROa3kbG5M0U&lc=UgzTX17Xb86tfG0V2CB4AaABAg,UgzTX17Xb86tfG0V2CB4AaABAg,UCeg9alL6uLA-NYJz-8k_-bw,"Fetched 05/24/2026, 8:08:10 PM GMT+8"
13479,@Osmund1226,5 days ago,#IncMV2026 Go Benguet! Go Baguio! 💚🤍❤,https://www.youtube.com/watch?v=ROa3kbG5M0U&lc=UgwtOoAdQ7szUTd_ASd4AaABAg,UgwtOoAdQ7szUTd_ASd4AaABAg,UCeg9alL6uLA-NYJz-8k_-bw,"Fetched 05/24/2026, 8:08:10 PM GMT+8"
13480,@joymaylee-e9o,5 days ago,Blessed morning po / 😂shout out po sa /  Pangulong Buklod namin / Ka Jonathan Lazaro / 😊😊😊 / Mula po sa Kapisanang Buklod / 😊Lokal ng Atok Gold,https://www.youtube.com/watch?v=ROa3kbG5M0U&lc=Ugxp1MXLsEBs_Gg0_qh4AaABAg,Ugxp1MXLsEBs_Gg0_qh4AaABAg,UCVNaOxPbc9ZEHqlMp6TAgMA,"Fetched 05/24/2026, 8:08:10 PM GMT+8"
13481,@Osmund1226,5 days ago,#IncMV2026 Go Benguet! Go Baguio! 💚🤍❤,https://www.youtube.com/watch?v=ROa3kbG5M0U&lc=Ugy_WJreUrTD0r5c7QZ4AaABAg,Ugy_WJreUrTD0r5c7QZ4AaABAg,UCeg9alL6uLA-NYJz-8k_-bw,"Fetched 05/24/2026, 8:08:10 PM GMT+8"
13482,@joymaylee-e9o,5 days ago,Masayang morning po😊 / 😂shout out po sa /  Pangulong Kadiwa namin / Ate Joely Bulah / 😊😊😊 / Mula po sa Kapisanang Buklod / 😊Lokal ng Atok Gold,https://www.youtube.com/watch?v=ROa3kbG5M0U&lc=UgwUpW08d1dAkkJt1kN4AaABAg,UgwUpW08d1dAkkJt1kN4AaABAg,UCVNaOxPbc9ZEHqlMp6TAgMA,"Fetched 05/24/2026, 8:08:10 PM GMT+8"
13483,@Osmund1226,5 days ago,Happy viewing po lokal ng baguio city!,https://www.youtube.com/watch?v=ROa3kbG5M0U&lc=UgwcpC_xtRioddqoIoB4AaABAg,UgwcpC_xtRioddqoIoB4AaABAg,UCeg9alL6uLA-NYJz-8k_-bw,"Fetched 05/24/2026, 8:08:10 PM GMT+8"
13484,@Osmund1226,5 days ago,Happy viewing po lokal ng baguio city!,https://www.youtube.com/watch?v=ROa3kbG5M0U&lc=UgxRgq3zhFekBMF_KI14AaABAg,UgxRgq3zhFekBMF_KI14AaABAg,UCeg9alL6uLA-NYJz-8k_-bw,"Fetched 05/24/2026, 8:08:10 PM GMT+8"
13485,@joymaylee-e9o,5 days ago,"Energetic Tuesday po😊 / Shout out po sa masipag,mabait,masigla at maganda naming tita Jade / Salamat po sa inyo tita / ❤❤❤❤ / Mula po sa Kapisanang Buklod / Lokal ng atok gold",https://www.youtube.com/watch?v=ROa3kbG5M0U&lc=UgzZjs2rWW1c7UaJJx54AaABAg,UgzZjs2rWW1c7UaJJx54AaABAg,UCVNaOxPbc9ZEHqlMp6TAgMA,"Fetched 05/24/2026, 8:08:10 PM GMT+8"
13486,@kristine7303,5 days ago,"Walang humpay sa pagsuporta, let’s go benguet! 💪🏻 / Lagi pong nanonood ang mga Kadiwa mula sa Lokal ng Marcos Highway 😊",https://www.youtube.com/watch?v=ROa3kbG5M0U&lc=Ugz4q54NNemFRMFpjnF4AaABAg,Ugz4q54NNemFRMFpjnF4AaABAg,UCJnlqat5vcPuV6GiDugaBnA,"Fetched 05/24/2026, 8:08:10 PM GMT+8"
13487,@jellyannperez22,5 days ago,Ang gaganda ng mga dancers🤩,https://www.youtube.com/watch?v=ROa3kbG5M0U&lc=Ugx-ex7Exr3LFzq5HzR4AaABAg,Ugx-ex7Exr3LFzq5HzR4AaABAg,UCTSBNE6g9859jcHD_BhlU-g,"Fetched 05/24/2026, 8:08:10 PM GMT+8"
13488,@daisycastaneda7972,5 days ago,MASAYANG AGAHAN WHILE WATCHING BENGUET INCVM'S AWARD ENTRY  / LOKAL NG BAGUIO  CITY / KALIHIMAN/REGISTRY.,https://www.youtube.com/watch?v=ROa3kbG5M0U&lc=UgzkdANU8qN85Vy_6_l4AaABAg,UgzkdANU8qN85Vy_6_l4AaABAg,UCD3NlGp4eLYcR2RGC7FwnKQ,"Fetched 05/24/2026, 8:08:10 PM GMT+8"
13489,@joymaylee-e9o,5 days ago,"Energetic Tuesday po😊 /  / Shout out po sa masipag,mabait,masigla at maganda naming tita Jade /  / Salamat po sa inyo tita /  / ❤❤❤❤ /  / Mula po sa Kapisanang Buklod /  / Lokal ng atok gold",https://www.youtube.com/watch?v=ROa3kbG5M0U&lc=UgwiD8wlqUazB9Xu3AV4AaABAg,UgwiD8wlqUazB9Xu3AV4AaABAg,UCVNaOxPbc9ZEHqlMp6TAgMA,"Fetched 05/24/2026, 8:08:10 PM GMT+8"
13490,@joymaylee-e9o,5 days ago,masayang nakikiisa po / 😂shout out po sa /  Pangulong Binhi namin / Ka Alexia Ydio / Mula po sa Kapisanang Buklod / 😊Lokal ng Atok Gold,https://www.youtube.com/watch?v=ROa3kbG5M0U&lc=UgzzZ2MBUwOdIDbULQ14AaABAg,UgzzZ2MBUwOdIDbULQ14AaABAg,UCVNaOxPbc9ZEHqlMp6TAgMA,"Fetched 05/24/2026, 8:08:10 PM GMT+8"
13491,@jellyannperez22,5 days ago,Labadami while Listening po.. nakaka uplift ng Mood🥰,https://www.youtube.com/watch?v=ROa3kbG5M0U&lc=UgzQ8SVBZdR_W4bQSLV4AaABAg,UgzQ8SVBZdR_W4bQSLV4AaABAg,UCTSBNE6g9859jcHD_BhlU-g,"Fetched 05/24/2026, 8:08:10 PM GMT+8"
13492,@joymaylee-e9o,5 days ago,Happy viewing po / 😁shout out po sa  / Masigasig naming PD2 / Ka Danilo Bautista / 🌟🌟🌟🌟 / Mula po sa Kapisanang Buklod / #Lokal ng Atok Gold,https://www.youtube.com/watch?v=ROa3kbG5M0U&lc=UgxZq2qoTmGfO056pmh4AaABAg,UgxZq2qoTmGfO056pmh4AaABAg,UCVNaOxPbc9ZEHqlMp6TAgMA,"Fetched 05/24/2026, 8:08:10 PM GMT+8"
13493,@joymaylee-e9o,5 days ago,Happy watching po / 😁shout out po sa  / Masigasig naming PD3 / Ka Joel Bulah / 🎉🎉🎉 / Kapisanang Buklod / #Lokal ng Atok Gold,https://www.youtube.com/watch?v=ROa3kbG5M0U&lc=Ugw9g4DK475cW2VE1Nd4AaABAg,Ugw9g4DK475cW2VE1Nd4AaABAg,UCVNaOxPbc9ZEHqlMp6TAgMA,"Fetched 05/24/2026, 8:08:10 PM GMT+8"
13494,@joymaylee-e9o,5 days ago,Happy viewing po / 😁shout out po sa  / masigasig naming PD4 / Lolo Elberto Cosil Sr. / Kapisanang Buklod / #Lokal ng Atok Gold,https://www.youtube.com/watch?v=ROa3kbG5M0U&lc=UgwyiPUWnImtaqH3jjB4AaABAg,UgwyiPUWnImtaqH3jjB4AaABAg,UCVNaOxPbc9ZEHqlMp6TAgMA,"Fetched 05/24/2026, 8:08:10 PM GMT+8"
13495,@joymaylee-e9o,5 days ago,Watching po😊 / Shout out po sa magiting naming PD1 😊Tatay Miguel Bautista Sr. / Sa kabila po ng kanilang katandaan pinapangunahan pa rin po ang aming lokal / Kapisanang Buklod / 😊Lokal ng Atok Gold😊,https://www.youtube.com/watch?v=ROa3kbG5M0U&lc=UgynSyUlEJiDL_50eDx4AaABAg,UgynSyUlEJiDL_50eDx4AaABAg,UCVNaOxPbc9ZEHqlMp6TAgMA,"Fetched 05/24/2026, 8:08:10 PM GMT+8"
13496,@joymaylee-e9o,5 days ago,Magandang umaga po😊 / Shout out po sa napakasipag naming Pangulong Kalihim 😊Tita Jeanie Tugad.Buong tiyaga na sinisinop po ang mga ulatan. / Kapisanang Buklod / ❤Lokal ng Atok Gold❤,https://www.youtube.com/watch?v=ROa3kbG5M0U&lc=Ugy8stpSUpkok4qRJFx4AaABAg,Ugy8stpSUpkok4qRJFx4AaABAg,UCVNaOxPbc9ZEHqlMp6TAgMA,"Fetched 05/24/2026, 8:08:10 PM GMT+8"
13497,@ConeyLictawa,5 days ago,#INCMV GOD'S LOVE / GO BAGUIO / GO BENGUET,https://www.youtube.com/watch?v=ROa3kbG5M0U&lc=UgxOu7iVbrbZgrYkmBN4AaABAg,UgxOu7iVbrbZgrYkmBN4AaABAg,UC0Bso7cZ9ifKQKZlEPIzLHw,"Fetched 05/24/2026, 8:08:10 PM GMT+8"
13498,@joymaylee-e9o,5 days ago,Happy Tuesday po😂 / ❤shout out po sa mga masisipag pong mga mang-aawit.Buong-puso pong umaawit sa pangunguna sa mga pagpupuri sa Ama.Salamat po sa inyo❤ / Kapisanang Buklod / 😊Lokal ng Atok Gold😊,https://www.youtube.com/watch?v=ROa3kbG5M0U&lc=UgwWyK4hFyM0TplXdpZ4AaABAg,UgwWyK4hFyM0TplXdpZ4AaABAg,UCVNaOxPbc9ZEHqlMp6TAgMA,"Fetched 05/24/2026, 8:08:10 PM GMT+8"
13499,@joymaylee-e9o,5 days ago,Happy Tiesday po😂 / ❤shout out po sa mga masisipag pong mga mang-aawit.Buong-puso pong umaawit sa pangunguna sa mga pagpupuri sa Ama.Salamat po sa inyo❤ / Kapisanang Buklod / 😊Lokal ng Atok Gold😊,https://www.youtube.com/watch?v=ROa3kbG5M0U&lc=UgxXNVvQFLGEpJa1gbR4AaABAg,UgxXNVvQFLGEpJa1gbR4AaABAg,UCVNaOxPbc9ZEHqlMp6TAgMA,"Fetched 05/24/2026, 8:08:10 PM GMT+8"
13500,@Shianne-t2x,5 days ago,Hello po mga kapatid..... Lokal ng Bangho,https://www.youtube.com/watch?v=ROa3kbG5M0U&lc=Ugwdb8CoUW2q48TuDBt4AaABAg,Ugwdb8CoUW2q48TuDBt4AaABAg,UC5602rd4O3MR4KZkTh0wT1A,"Fetched 05/24/2026, 8:08:10 PM GMT+8"
13501,@joymaylee-e9o,5 days ago,Masayang panonood po mga kapatid😂shout out po sa mga magigiting po na  / Pamunuan sa aming lokal...laging nakangiti po sa mga pagtupad.sa kabila po ng.maghapong paggawa.kahit pagod na pagod.Nakangiti pa rin po sila / Kapisanang Buklod / ❤lokal ng Atok Gold❤,https://www.youtube.com/watch?v=ROa3kbG5M0U&lc=UgzG7O_Qqj8lPZIrkQR4AaABAg,UgzG7O_Qqj8lPZIrkQR4AaABAg,UCVNaOxPbc9ZEHqlMp6TAgMA,"Fetched 05/24/2026, 8:08:10 PM GMT+8"
13502,@joymaylee-e9o,5 days ago,sweet day po😊 / Shout out po sa mga / Masisipag naming / Diakonesa❤ / Ka emily at ka ella / Kapisanang Buklod / ❤lokal ng Atok Gold❤,https://www.youtube.com/watch?v=ROa3kbG5M0U&lc=Ugyu4VQxwmqKN8snlsZ4AaABAg,Ugyu4VQxwmqKN8snlsZ4AaABAg,UCVNaOxPbc9ZEHqlMp6TAgMA,"Fetched 05/24/2026, 8:08:10 PM GMT+8"
13503,@joymaylee-e9o,5 days ago,😊😊 / happy watching po / 🎉🎉🎉 / sumusuporta sa ating distrito / ❤❤❤ / Kapisanang Buklod / lokal ng atok gold,https://www.youtube.com/watch?v=ROa3kbG5M0U&lc=UgwdNph257zGqE1LyQJ4AaABAg,UgwdNph257zGqE1LyQJ4AaABAg,UCVNaOxPbc9ZEHqlMp6TAgMA,"Fetched 05/24/2026, 8:08:10 PM GMT+8"
13504,@joymaylee-e9o,5 days ago,masayang 😁😆morning po / 🎉🎉happy viewing po mga kapatid / Patuloy pong sumusuporta at nakikiisa /  ang aming lokal / Kapisanang Buklod / ❤lokal ng atok gold❤,https://www.youtube.com/watch?v=ROa3kbG5M0U&lc=UgwWbmq3QIyDMKNW2yN4AaABAg,UgwWbmq3QIyDMKNW2yN4AaABAg,UCVNaOxPbc9ZEHqlMp6TAgMA,"Fetched 05/24/2026, 8:08:10 PM GMT+8"
13505,@joymaylee-e9o,5 days ago,Good day po / masayang panonood po / shout out po sa mga masisipag na /  mga maytungkulin❤❤❤ / Kapisanang Buklod / lokal ng atok gold,https://www.youtube.com/watch?v=ROa3kbG5M0U&lc=Ugw2WXR2NqJdfd6bx5h4AaABAg,Ugw2WXR2NqJdfd6bx5h4AaABAg,UCVNaOxPbc9ZEHqlMp6TAgMA,"Fetched 05/24/2026, 8:08:10 PM GMT+8"
13506,@daisycastaneda7972,5 days ago,"FIGHT! FIGHT! FIGHT! / BENGUET.  / LOKAL NG BAGUIO  CITY / KALIHIMAN/ REGISTRY ,FULL  SUPPORT.",https://www.youtube.com/watch?v=ROa3kbG5M0U&lc=UgwYvS-ZbeRQWIeX7j14AaABAg,UgwYvS-ZbeRQWIeX7j14AaABAg,UCD3NlGp4eLYcR2RGC7FwnKQ,"Fetched 05/24/2026, 8:08:10 PM GMT+8"
13507,@deity_almea27,5 days ago,"Galing, galingg Benguet!! Happy Watching po mula sa Lokal ng Quezon Hill 😍👏🏻",https://www.youtube.com/watch?v=ROa3kbG5M0U&lc=UgxyaDltnIMM35gxRYt4AaABAg,UgxyaDltnIMM35gxRYt4AaABAg,UCsq1Hv_TOUWITYnw2YsQX8g,"Fetched 05/24/2026, 8:08:10 PM GMT+8"
13508,@rejomartayaban,5 days ago,"Goodmorning po Benguetttt!! Happy viewing po sa mga kasamang kadiwa at sa mga patuloy na sumusuporta, mula po sa lokal ng La Trinidad",https://www.youtube.com/watch?v=ROa3kbG5M0U&lc=UgwdY7Ehn97XxASUYbR4AaABAg,UgwdY7Ehn97XxASUYbR4AaABAg,UCi7RYRPFL6HTFaScpYFJMJQ,"Fetched 05/24/2026, 8:08:10 PM GMT+8"
13509,@daisycastaneda7972,5 days ago,"MAGANDANG UMAGA  PO HAPPY VIEWING INCVM AWARDS GOD'S LOVE,  / LOKAL NG BAGUIO  CITY / KALIHIMAN/ REGISTRY",https://www.youtube.com/watch?v=ROa3kbG5M0U&lc=Ugx5Jvd9NCUQLnZPayp4AaABAg,Ugx5Jvd9NCUQLnZPayp4AaABAg,UCD3NlGp4eLYcR2RGC7FwnKQ,"Fetched 05/24/2026, 8:08:10 PM GMT+8"
13510,@j-elfym,5 days ago,😊 / I know / But I swear / It gets better…. / PNK / 😊lokal ng atok gold😊,https://www.youtube.com/watch?v=ROa3kbG5M0U&lc=Ugz_o4D_n7e8EnoD0RN4AaABAg,Ugz_o4D_n7e8EnoD0RN4AaABAg,UCQSZMpTel4mf79JxQGEU3rg,"Fetched 05/24/2026, 8:08:10 PM GMT+8"
13511,@MaribelChagwaten,5 days ago,"Happy watching po sa lahat.... mula po dto sa lokal ng Penged, Distrito ng Benguet po 😊❤",https://www.youtube.com/watch?v=ROa3kbG5M0U&lc=Ugwn6y8Jw5QiIuLRQIR4AaABAg,Ugwn6y8Jw5QiIuLRQIR4AaABAg,UCAXSXMmqKP_XGyTcp0gMY1A,"Fetched 05/24/2026, 8:08:10 PM GMT+8"
13512,@j-elfym,5 days ago,😊and / brighter / than the / stars⭐🌟✨ / PNK / 😄lokal ng atok gold😊,https://www.youtube.com/watch?v=ROa3kbG5M0U&lc=UgzGzbwSq0LfhMESSw14AaABAg,UgzGzbwSq0LfhMESSw14AaABAg,UCQSZMpTel4mf79JxQGEU3rg,"Fetched 05/24/2026, 8:08:10 PM GMT+8"
13513,@BnHydn_3,5 days ago,Let's go Benguet ♥️ patuloy ang suporta mula po sa lokal ng La Trinidad 🌟💐 /  / Enjoy viewing,https://www.youtube.com/watch?v=ROa3kbG5M0U&lc=Ugy9GJJItP3bmHgZbXN4AaABAg,Ugy9GJJItP3bmHgZbXN4AaABAg,UCKZxY6b5mH_zsnldMnxGIpQ,"Fetched 05/24/2026, 8:08:10 PM GMT+8"
13514,@reynaldoferrer7945,5 days ago,Good morning lrisan,https://www.youtube.com/watch?v=ROa3kbG5M0U&lc=UgzhgKPzo7hKf0vR6il4AaABAg,UgzhgKPzo7hKf0vR6il4AaABAg,UCuFMy5nUteaB1Ky10l5xpbw,"Fetched 05/24/2026, 8:08:10 PM GMT+8"
13515,@Jazz-k6s,5 days ago,Worth it panoorin hanggang dulo! /  / La Trinidad 😊,https://www.youtube.com/watch?v=ROa3kbG5M0U&lc=Ugy16RujgaRKsU6MdYx4AaABAg,Ugy16RujgaRKsU6MdYx4AaABAg,UCjmyu8zkVg7bQQCs4HypxNQ,"Fetched 05/24/2026, 8:08:10 PM GMT+8"
13516,@Julskie28,5 days ago,Happy rewatching po sa ating lahat! /  / Tuloy tuloy tayo sa pagsuporta! /  / Road to top 1! /  / Let's Go Benguet 🍓 🎉 /  / From KADIWAs of benguet 🎉 / Lokal ng Guisad❤,https://www.youtube.com/watch?v=ROa3kbG5M0U&lc=UgyoYwGQvOUqBfq5bDp4AaABAg,UgyoYwGQvOUqBfq5bDp4AaABAg,UC1nz0UiWHV8lyoQdZtJejeg,"Fetched 05/24/2026, 8:08:10 PM GMT+8"
13517,@dys70cas,5 days ago,"GOOD MORNING  PO WATCHING  INCVM'S AWARD  GOD' S LOVE,  / LOKAL NG BAGUIO CITY / KALIHIMAN REGISTRY",https://www.youtube.com/watch?v=ROa3kbG5M0U&lc=UgzFWNAPWEUtETxZxkZ4AaABAg,UgzFWNAPWEUtETxZxkZ4AaABAg,UC8ABmlftEZQE160bX_k2WWQ,"Fetched 05/24/2026, 8:08:10 PM GMT+8"
13518,@ConeyLictawa,5 days ago,"Happy viewing po sa lahat /  / Go,go Baguio,Go Benguet",https://www.youtube.com/watch?v=ROa3kbG5M0U&lc=UgyabwptTBW_mADFIwR4AaABAg,UgyabwptTBW_mADFIwR4AaABAg,UC0Bso7cZ9ifKQKZlEPIzLHw,"Fetched 05/24/2026, 8:08:10 PM GMT+8"
13519,@johnreylucio8970,5 days ago,Tuloy tuloy po ang aming suporta sa Lokal ng La Trinidad ❤ / Go BENGUET🎉,https://www.youtube.com/watch?v=ROa3kbG5M0U&lc=Ugw1lFlIn7wqFOSrpk94AaABAg,Ugw1lFlIn7wqFOSrpk94AaABAg,UCNMupRD4ySrN336KZpy29OA,"Fetched 05/24/2026, 8:08:10 PM GMT+8"
13520,@mayflorramos5496,5 days ago,Happy watching from Distrito nang Benguet Lokal nang Tuba,https://www.youtube.com/watch?v=ROa3kbG5M0U&lc=UgxYRhPwcg6O8r17zKh4AaABAg,UgxYRhPwcg6O8r17zKh4AaABAg,UCobGJb_w3hRF2kV4IxChP5g,"Fetched 05/24/2026, 8:08:10 PM GMT+8"
13521,@conchitadollente6818,5 days ago,Happy viewing po mga kapatid mula po sa lokal ng camp7 good morning po mga kapatid💚🤍♥️🥰🙏,https://www.youtube.com/watch?v=ROa3kbG5M0U&lc=UgwFQ9SqTd__9K8vIdB4AaABAg,UgwFQ9SqTd__9K8vIdB4AaABAg,UCWLRcdRYVlFV2k7kSlYxIcg,"Fetched 05/24/2026, 8:08:10 PM GMT+8"
13522,@alfredoballesteros745,5 days ago,"Hi to everyone, happy viewing. From Camp 7 locale.",https://www.youtube.com/watch?v=ROa3kbG5M0U&lc=UgyYfM649VQcm2Q2oiF4AaABAg,UgyYfM649VQcm2Q2oiF4AaABAg,UC8Clwiwgns8a5zgfmRsHDnw,"Fetched 05/24/2026, 8:08:10 PM GMT+8"
13523,@henrycaranto2644,5 days ago,Go Benguet!❤❤ / Tuloy ang ating Suporta😊🎉 /  / Shoutout sa lahat ng Benguet Kadiwa  District and Locale Officers❤❤ /  / From Lokal ng Baguio City😊,https://www.youtube.com/watch?v=ROa3kbG5M0U&lc=Ugw_yuydw98tKkVwZNx4AaABAg,Ugw_yuydw98tKkVwZNx4AaABAg,UCFilTOy22FklSkBIgwVPVaQ,"Fetched 05/24/2026, 8:08:10 PM GMT+8"
13524,@GreySantino,5 days ago,happy viewing po dito sa lokal ng baguio city 🎉,https://www.youtube.com/watch?v=ROa3kbG5M0U&lc=Ugy5icAbEmC6M-RgHGJ4AaABAg,Ugy5icAbEmC6M-RgHGJ4AaABAg,UCgmH8Vmu8sdTmagiLke9JGA,"Fetched 05/24/2026, 8:08:10 PM GMT+8"
13525,@kimmieson5621,5 days ago,Happy Viewing po from Lokal ng Kiaaaaaass ❤😊,https://www.youtube.com/watch?v=ROa3kbG5M0U&lc=UgxMm6Gzh31VYAk9yOJ4AaABAg,UgxMm6Gzh31VYAk9yOJ4AaABAg,UC_xpPQ8QQ0whKaH_oGDMMww,"Fetched 05/24/2026, 8:08:10 PM GMT+8"
13526,@susancostales8489,5 days ago,Go go BENGUET! Fight fight fight  shout out po sa mga Finance officers Ng lokal Ng Baguio City....,https://www.youtube.com/watch?v=ROa3kbG5M0U&lc=UgxKvKvZmHqRuKLu-dN4AaABAg,UgxKvKvZmHqRuKLu-dN4AaABAg,UCFKcrbpMSec4O6QwhRxv9mg,"Fetched 05/24/2026, 8:08:10 PM GMT+8"
13527,@gwynethcayabyab5981,5 days ago,Tuloy tuloy po sa panonood at pag supporta  mula sa lokal ng Megaroyale🎉,https://www.youtube.com/watch?v=ROa3kbG5M0U&lc=UgwlV4R3y6bk15PPc-94AaABAg,UgwlV4R3y6bk15PPc-94AaABAg,UCouodNvhL1bfJC2Fz0B_Rcw,"Fetched 05/24/2026, 8:08:10 PM GMT+8"
13528,@luibustamante9493,5 days ago,"Let's Go Benguet🎉🍓🍓 /  / Let's Go Kadiwa /  /  / Fight Fight Fight /  / -Lokal ng Tuba, Happy viewing po mga kapatid",https://www.youtube.com/watch?v=ROa3kbG5M0U&lc=Ugy2XB1CaI9Xjcum1bR4AaABAg,Ugy2XB1CaI9Xjcum1bR4AaABAg,UCFAmrhDmv6rvZrQoYp-IS9w,"Fetched 05/24/2026, 8:08:10 PM GMT+8"
13529,@kimberlysarmiento1034,5 days ago (edited),Let’s go Benguet!!!  / -Tuba,https://www.youtube.com/watch?v=ROa3kbG5M0U&lc=UgxNjl4u8fTIv3ujL9B4AaABAg,UgxNjl4u8fTIv3ujL9B4AaABAg,UCds_RyKfMX7Xzg4PQRhf9NQ,"Fetched 05/24/2026, 8:08:10 PM GMT+8"
13530,@elizabethbaydon7502,5 days ago,"Happy Tuesday mga kapatid! Viewing from lokal ng Quezon Hill, Distrito ng Benguet.",https://www.youtube.com/watch?v=ROa3kbG5M0U&lc=UgwnXJ00Ypwp_zYT7ER4AaABAg,UgwnXJ00Ypwp_zYT7ER4AaABAg,UCBKjNdjb_67LmT7NiTkexuw,"Fetched 05/24/2026, 8:08:10 PM GMT+8"
13531,@ConeyLictawa,5 days ago,"Tuloy tuloy na panonood mula sa lokal ng Baguio city,Distrito ng Benguet😊",https://www.youtube.com/watch?v=ROa3kbG5M0U&lc=Ugyd5jApenzI9q1qV2B4AaABAg,Ugyd5jApenzI9q1qV2B4AaABAg,UC0Bso7cZ9ifKQKZlEPIzLHw,"Fetched 05/24/2026, 8:08:10 PM GMT+8"
13532,@jasminedaludado7262,5 days ago,Happy viewing po mga kapatid❤ /  / Mula po sa mga maytungkuling KADIWA at PNK sa Lokal ng Guisad /  / Have a great day ahead po❤,https://www.youtube.com/watch?v=ROa3kbG5M0U&lc=UgwuxKzwS6OO6taiFpp4AaABAg,UgwuxKzwS6OO6taiFpp4AaABAg,UCA4HVmdH2Xj67gK8nZmpiZg,"Fetched 05/24/2026, 8:08:10 PM GMT+8"
13533,@JessicaCardenas-k6m,5 days ago,Go benguet! Happy viewing from Lokal ng Penged po. Distrito ng Benguet!,https://www.youtube.com/watch?v=ROa3kbG5M0U&lc=Ugywg7c8WaXEy5voFlF4AaABAg,Ugywg7c8WaXEy5voFlF4AaABAg,UCTT1Y2UitCnt3rllytWVdnw,"Fetched 05/24/2026, 8:08:10 PM GMT+8"
13534,@MaeleanorSanpedro,5 days ago,Happy viewing po mula sa lokal NG Marcos Highway❤️❤️❤️,https://www.youtube.com/watch?v=ROa3kbG5M0U&lc=UgwTmmeCDQqPgn2XkSp4AaABAg,UgwTmmeCDQqPgn2XkSp4AaABAg,UCviuSYS5SvDMXyKKzFUGumg,"Fetched 05/24/2026, 8:08:10 PM GMT+8"
13535,@LorealLagdao,5 days ago,Happy viewing po sa ating lahat. Pagbati po mula sa kalihiman ng Balatoc ❤,https://www.youtube.com/watch?v=ROa3kbG5M0U&lc=UgzC8mN9J_oDVtTnRGR4AaABAg,UgzC8mN9J_oDVtTnRGR4AaABAg,UCBJ-tIjN8X7cn9Pa6oZNvpQ,"Fetched 05/24/2026, 8:08:10 PM GMT+8"
13536,@RhyndylynAlmazan,5 days ago,To the Top 🏆🏆🏆 / Laban Benguet ⚔️⚔️⚔️ /  / Patuloy na nakasuporta at laging nakikipagkaisa mula sa Lokal ng Norcar. /  / Presebt din po mula sa Kapisanang Kadiwa❤❤❤,https://www.youtube.com/watch?v=ROa3kbG5M0U&lc=Ugx2d2WxKWefdy39Wct4AaABAg,Ugx2d2WxKWefdy39Wct4AaABAg,UCMghc-KkDEZPqnTXiV0hZfw,"Fetched 05/24/2026, 8:08:10 PM GMT+8"
13537,@ConeyLictawa,5 days ago,Good morning po ka susan😊,https://www.youtube.com/watch?v=ROa3kbG5M0U&lc=UgxKvKvZmHqRuKLu-dN4AaABAg.AWycU199laxAWydBEJM2K8,UgxKvKvZmHqRuKLu-dN4AaABAg.AWycU199laxAWydBEJM2K8,UC0Bso7cZ9ifKQKZlEPIzLHw,"Fetched 05/24/2026, 8:08:10 PM GMT+8"
13538,@Iancyr-s3s,5 days ago,Happy viewing po from local ng Camp 7,https://www.youtube.com/watch?v=ROa3kbG5M0U&lc=Ugxky_xMsB2P1pO9VF94AaABAg,Ugxky_xMsB2P1pO9VF94AaABAg,UClHAQveX30VQjQl4O_j1S0w,"Fetched 05/24/2026, 8:08:10 PM GMT+8"
13539,@HappyCabin-gg9wn,5 days ago,#DistritongBenguet / #LokalngSayatan / 💚🤍♥️,https://www.youtube.com/watch?v=ROa3kbG5M0U&lc=UgwyT_LZb0NzRxWGYwp4AaABAg,UgwyT_LZb0NzRxWGYwp4AaABAg,UCTBUc6cdZaoZ0a32xGc_-5A,"Fetched 05/24/2026, 8:08:10 PM GMT+8"
13540,@LorieLagdao,5 days ago,More Power BENGUET !! / Watching from Balatoc :),https://www.youtube.com/watch?v=ROa3kbG5M0U&lc=UgyPYdauGnKAKUPbZXR4AaABAg,UgyPYdauGnKAKUPbZXR4AaABAg,UCfiRFvIphoqGY8SQoXFpgww,"Fetched 05/24/2026, 8:08:10 PM GMT+8"
13541,@jonieyonga-an5239,5 days ago,Good morning Benguetttt!!! /  / Watching all the way from The Mountains Of Mountain Province!!❤,https://www.youtube.com/watch?v=ROa3kbG5M0U&lc=UgzNz8eTtuKDzOR_JMR4AaABAg,UgzNz8eTtuKDzOR_JMR4AaABAg,UCgUo3JP_Fffuctza4bUumJg,"Fetched 05/24/2026, 8:08:10 PM GMT+8"
13542,@EthanMislang3,5 days ago,Happy Viewing po From the Lokal ng Baguio City🎉,https://www.youtube.com/watch?v=ROa3kbG5M0U&lc=Ugzc0SdIcAl1iKBOtjN4AaABAg,Ugzc0SdIcAl1iKBOtjN4AaABAg,UCPGKpSnscn6R1tkPW5YC7tQ,"Fetched 05/24/2026, 8:08:10 PM GMT+8"
13543,@RoelJoshArabejo,5 days ago,Good morning! Happy Viewing po from Aurora Hill Benguet ❤,https://www.youtube.com/watch?v=ROa3kbG5M0U&lc=UgxcDwkk2G_ssET7dY54AaABAg,UgxcDwkk2G_ssET7dY54AaABAg,UC_5rEJfoFzwKQH9Tvh4VPmw,"Fetched 05/24/2026, 8:08:10 PM GMT+8"
13544,@JhunJhii,5 days ago,Together we rise /  / Balatoc,https://www.youtube.com/watch?v=ROa3kbG5M0U&lc=UgxzBG9VaAJCAuhJtu14AaABAg,UgxzBG9VaAJCAuhJtu14AaABAg,UCLW8q2x3lIOGiwH0OpfDXzw,"Fetched 05/24/2026, 8:08:10 PM GMT+8"
13545,@ConeyLictawa,5 days ago,"Road to No.1 / FIGHT! FIGHT! FIGHT!!! / GO BAGUIO,GO BENGUET!!!",https://www.youtube.com/watch?v=ROa3kbG5M0U&lc=UgwKaozlu-B2oUlYhJZ4AaABAg,UgwKaozlu-B2oUlYhJZ4AaABAg,UC0Bso7cZ9ifKQKZlEPIzLHw,"Fetched 05/24/2026, 8:08:10 PM GMT+8"
13546,@EthanMislang3,5 days ago,Go Benguet🎉🎉🎉🎉 / Lokal ng Baguio City,https://www.youtube.com/watch?v=ROa3kbG5M0U&lc=Ugx19eNjyVSB5lc3VW14AaABAg,Ugx19eNjyVSB5lc3VW14AaABAg,UCPGKpSnscn6R1tkPW5YC7tQ,"Fetched 05/24/2026, 8:08:10 PM GMT+8"
13547,@JhunJhii,5 days ago,Everyday supporting and viewing po /  / FrOm LOkAL ng Balatoc,https://www.youtube.com/watch?v=ROa3kbG5M0U&lc=UgyCrEa60SzNc4gwIOB4AaABAg,UgyCrEa60SzNc4gwIOB4AaABAg,UCLW8q2x3lIOGiwH0OpfDXzw,"Fetched 05/24/2026, 8:08:10 PM GMT+8"
13548,@giloribello,5 days ago,Go go go BAGUIO CITY  /  / 😂😂😂 /  /  / ❤❤❤,https://www.youtube.com/watch?v=ROa3kbG5M0U&lc=UgycuESq_cTwdeMohHV4AaABAg,UgycuESq_cTwdeMohHV4AaABAg,UCDoxrvwIaC8g19_zJaWhluQ,"Fetched 05/24/2026, 8:08:10 PM GMT+8"
13549,@BaguioCentralUniversityJuniorH,5 days ago,good morning po lokal ng baguio city,https://www.youtube.com/watch?v=ROa3kbG5M0U&lc=UgytqC6CSJ-rMIfZLx54AaABAg,UgytqC6CSJ-rMIfZLx54AaABAg,UCGjFIyesnGRAg0_mJoQierQ,"Fetched 05/24/2026, 8:08:10 PM GMT+8"
13550,@ConeyLictawa,5 days ago,Keep watching po😊 / -Baguio,https://www.youtube.com/watch?v=ROa3kbG5M0U&lc=Ugw7vpVbNArMjjgnS314AaABAg,Ugw7vpVbNArMjjgnS314AaABAg,UC0Bso7cZ9ifKQKZlEPIzLHw,"Fetched 05/24/2026, 8:08:10 PM GMT+8"
13551,@ambrosioanofojr4444,5 days ago,"Patuloy na pagsuporta po, Let's Go Benguet! /  / Frm Kadiwa! / Lokal ng Norcar!",https://www.youtube.com/watch?v=ROa3kbG5M0U&lc=UgxGhJucIFKrzgdWO394AaABAg,UgxGhJucIFKrzgdWO394AaABAg,UCQACOM5LJpxnKpV1DM1bwew,"Fetched 05/24/2026, 8:08:10 PM GMT+8"
13552,@CoreanaLeeTv,5 days ago,🎉 happy viewing from Lourdes Baguio City,https://www.youtube.com/watch?v=ROa3kbG5M0U&lc=Ugys3LKVwang4oJWLx94AaABAg,Ugys3LKVwang4oJWLx94AaABAg,UCjFjA6qh85n9YSNVVvKF7nQ,"Fetched 05/24/2026, 8:08:10 PM GMT+8"
13553,@lanlani.eaaaahn,5 days ago (edited),sinakripisyo ko ung ligo ko at nanood para ipakita ang walang sawa kong pagsuporta ❤️❤️❤️❤️  /  / - lokal ng la trinidad,https://www.youtube.com/watch?v=ROa3kbG5M0U&lc=UgyQhde2vaS2J2X6bzB4AaABAg,UgyQhde2vaS2J2X6bzB4AaABAg,UCxRF5ldmYBJWNlgtayRoTHg,"Fetched 05/24/2026, 8:08:10 PM GMT+8"
13554,@janengo1283,5 days ago,"God’s LOVE is thicker than the ocean❤,Happy viewing po mula po sa FINANCE ng lokal ng BAGUIO CITY!!!",https://www.youtube.com/watch?v=ROa3kbG5M0U&lc=Ugybht8HIehlzKNdAgR4AaABAg,Ugybht8HIehlzKNdAgR4AaABAg,UCQzK0PCPt6Nt4Wh9WQ68a0g,"Fetched 05/24/2026, 8:08:10 PM GMT+8"
13555,@lanlani.eaaaahn,5 days ago,"let’s go, benguetttttt!!! sumusuporta mula sa lokal ng la trinidad!!!",https://www.youtube.com/watch?v=ROa3kbG5M0U&lc=UgzwmUyPvLfEpuAyf5N4AaABAg,UgzwmUyPvLfEpuAyf5N4AaABAg,UCxRF5ldmYBJWNlgtayRoTHg,"Fetched 05/24/2026, 8:08:10 PM GMT+8"
13556,@jasmineanne_69,5 days ago,Happy viewing po Mula sa lokal Ng Megaroyale Village Distrito Ng Benguet!,https://www.youtube.com/watch?v=ROa3kbG5M0U&lc=UgxXga0yWdWN-bkRoBV4AaABAg,UgxXga0yWdWN-bkRoBV4AaABAg,UCqNakYwIH-2JfxT8o4KpLPg,"Fetched 05/24/2026, 8:08:10 PM GMT+8"
13557,@janengo1283,5 days ago,"Magandang umaga po ,hindi ka maboboring sa panonood nito😊from Baguio city po!",https://www.youtube.com/watch?v=ROa3kbG5M0U&lc=UgzerIhO-AGCJNL2DTp4AaABAg,UgzerIhO-AGCJNL2DTp4AaABAg,UCQzK0PCPt6Nt4Wh9WQ68a0g,"Fetched 05/24/2026, 8:08:10 PM GMT+8"
13558,@Jazz-k6s,5 days ago,❤❤❤ po sa inyong lahat mga kapatid Mula po sa lokal ng La Trinidad kapisanang binhi 🌱🐑🍓,https://www.youtube.com/watch?v=ROa3kbG5M0U&lc=Ugx1K6sDrMiym6gG5Ah4AaABAg,Ugx1K6sDrMiym6gG5Ah4AaABAg,UCjmyu8zkVg7bQQCs4HypxNQ,"Fetched 05/24/2026, 8:08:10 PM GMT+8"
13559,@AlexBangnan,5 days ago,Enjoy watching po from local ng loakan airport,https://www.youtube.com/watch?v=ROa3kbG5M0U&lc=Ugz6lQQuvPq90D-kVJF4AaABAg,Ugz6lQQuvPq90D-kVJF4AaABAg,UCLBuvCdsn4Sdp12UGvevMPA,"Fetched 05/24/2026, 8:08:10 PM GMT+8"
13560,@BnHydn_3,5 days ago,Have an enjoyable viewing session 🌟 / Lokal ng La Trinidad ❤ / Kapisanang Binhi 🌱🌿,https://www.youtube.com/watch?v=ROa3kbG5M0U&lc=UgzRnsLir0aQG1_Q2Bl4AaABAg,UgzRnsLir0aQG1_Q2Bl4AaABAg,UCKZxY6b5mH_zsnldMnxGIpQ,"Fetched 05/24/2026, 8:08:10 PM GMT+8"
13561,@josephdulay9738,5 days ago,🎉😮 on a hot day this cools my Day hello po mula sa Lokal ng Marcos Highway Benguet,https://www.youtube.com/watch?v=ROa3kbG5M0U&lc=UgxyMM4p1_XJTeBnx-l4AaABAg,UgxyMM4p1_XJTeBnx-l4AaABAg,UCwvvvRliliMsTWa0NSEeWPg,"Fetched 05/24/2026, 8:08:10 PM GMT+8"
13562,@AlexBangnan,5 days ago,Happy viewing po from local ng loakan airport,https://www.youtube.com/watch?v=ROa3kbG5M0U&lc=UgxAgqv8keQm6kHdv0V4AaABAg,UgxAgqv8keQm6kHdv0V4AaABAg,UCLBuvCdsn4Sdp12UGvevMPA,"Fetched 05/24/2026, 8:08:10 PM GMT+8"
13563,@ehdwow318,5 days ago,"Go Benguet! Let’s make it to the number one spot! Amazing production, talent, and creativity all around. Happy viewing from lokal ng Megaroyale, Distrito ng Benguet 🎉",https://www.youtube.com/watch?v=ROa3kbG5M0U&lc=UgyRCthzDE0oSkARgcR4AaABAg,UgyRCthzDE0oSkARgcR4AaABAg,UCiwATwwRZ8TCez4FYmw9s0Q,"Fetched 05/24/2026, 8:08:10 PM GMT+8"
13564,@KylieRamos-q3d,5 days ago,"Happy viewing po to everyone,  / from all of us here at Lokal ng Hillside, Benguet 🌲💚",https://www.youtube.com/watch?v=ROa3kbG5M0U&lc=UgyvjzYNM9ML-BBbwDd4AaABAg,UgyvjzYNM9ML-BBbwDd4AaABAg,UCYFWBngUOA9XYEwjO5OJs-w,"Fetched 05/24/2026, 8:08:10 PM GMT+8"
13565,@mariacorazongarces7560,5 days ago,Happy viewing po lokal ng Lourdes,https://www.youtube.com/watch?v=ROa3kbG5M0U&lc=Ugz1Y6xwHkbuYTEWP9x4AaABAg,Ugz1Y6xwHkbuYTEWP9x4AaABAg,UCKqLe-tLRRlp_EY39S6tmww,"Fetched 05/24/2026, 8:08:10 PM GMT+8"
13566,@kristine7303,5 days ago,Good morning po! Happy Viewing mula po sa Lokal ng Marcos Highway 💪🏻 / Shoutout po sa mga KADIWA ❤❤,https://www.youtube.com/watch?v=ROa3kbG5M0U&lc=UgyC6AI7v5DripLULnp4AaABAg,UgyC6AI7v5DripLULnp4AaABAg,UCJnlqat5vcPuV6GiDugaBnA,"Fetched 05/24/2026, 8:08:10 PM GMT+8"
13567,@gelo4828,5 days ago,Goo benguett! tuloy tuloy lang po ang ating pagsuporta ng mga kapatid at sa Lahat ng kapisanan lalong lalo na sa Kadiwa sa Entry ng Ating Distrito. HAPPY VIEWING POOO❤,https://www.youtube.com/watch?v=ROa3kbG5M0U&lc=Ugw41o5FCD2fM-wNcT14AaABAg,Ugw41o5FCD2fM-wNcT14AaABAg,UCydnW0LoOckk7rQFQbEbI_g,"Fetched 05/24/2026, 8:08:10 PM GMT+8"
13568,@ConeyLictawa,5 days ago,Baguio City /  / Fight until the end,https://www.youtube.com/watch?v=ROa3kbG5M0U&lc=UgxjwfZ78KY3GzJJh1p4AaABAg,UgxjwfZ78KY3GzJJh1p4AaABAg,UC0Bso7cZ9ifKQKZlEPIzLHw,"Fetched 05/24/2026, 8:08:10 PM GMT+8"
13569,@Yroh999,5 days ago,"Happy Tuesday po sa ng KALIHIM! /  / #from lokal ng Tuba, Benguet",https://www.youtube.com/watch?v=ROa3kbG5M0U&lc=UgxY_b2beh_whTYE-YZ4AaABAg,UgxY_b2beh_whTYE-YZ4AaABAg,UCERUpQTowu4C1Sa4B5ew8pw,"Fetched 05/24/2026, 8:08:10 PM GMT+8"
13570,@annyeongaseo9936,5 days ago,Always supporting mula po sa lokal ng Baguio City❤,https://www.youtube.com/watch?v=ROa3kbG5M0U&lc=Ugyc0g4TFpN9WisZqQx4AaABAg,Ugyc0g4TFpN9WisZqQx4AaABAg,UCPrt0ehYglJLiL3eWsX25ew,"Fetched 05/24/2026, 8:08:10 PM GMT+8"
13571,@akolangtoguyzz1016,5 days ago,GO GO Benguet🎉 watching and Supporting po from BAGUIO CITY lokal,https://www.youtube.com/watch?v=ROa3kbG5M0U&lc=Ugxcu72-GLUqw4yKyL14AaABAg,Ugxcu72-GLUqw4yKyL14AaABAg,UC2gdA8kcpBudKZ6hLEWrZ0w,"Fetched 05/24/2026, 8:08:10 PM GMT+8"
13572,@Nezuko-chan-o7j,5 days ago,Goodmorning mga kapatid❤ happy viewing po mula sa lokal ng Baguio City🎉,https://www.youtube.com/watch?v=ROa3kbG5M0U&lc=UgwiAbk2A-eOLQygTuV4AaABAg,UgwiAbk2A-eOLQygTuV4AaABAg,UCc_v7eCrraLV4fJT2oQHZvA,"Fetched 05/24/2026, 8:08:10 PM GMT+8"
13573,@user-cg4nk7bt7k,5 days ago,Happy viewing mula po sa lokal ng Lourdes distrito ng Benguet,https://www.youtube.com/watch?v=ROa3kbG5M0U&lc=UgwL2vnz2WEQNks8ZyR4AaABAg,UgwL2vnz2WEQNks8ZyR4AaABAg,UCLqBLPGbszFdtNkjEBUkHoA,"Fetched 05/24/2026, 8:08:10 PM GMT+8"
13574,@nathanielmendoza2970,5 days ago,Goodmorning po happy viewing po mula sa lokal ng guisad distrito ng benguet,https://www.youtube.com/watch?v=ROa3kbG5M0U&lc=UgydKI6f6Nh_kpVFlt54AaABAg,UgydKI6f6Nh_kpVFlt54AaABAg,UC2UFWkXVuVAW7xGR8_lWcsg,"Fetched 05/24/2026, 8:08:10 PM GMT+8"
13575,@agathajewel6556,5 days ago,Go Benguet,https://www.youtube.com/watch?v=ROa3kbG5M0U&lc=Ugw51HGLugoa2cYfmAF4AaABAg,Ugw51HGLugoa2cYfmAF4AaABAg,UCEmXLtq64CymltdByaiVJ6g,"Fetched 05/24/2026, 8:08:10 PM GMT+8"
13576,@ConeyLictawa,5 days ago,Truly an inspiration  /  / Go Baguio,https://www.youtube.com/watch?v=ROa3kbG5M0U&lc=UgwcguuOmPSdl_HZc_l4AaABAg,UgwcguuOmPSdl_HZc_l4AaABAg,UC0Bso7cZ9ifKQKZlEPIzLHw,"Fetched 05/24/2026, 8:08:10 PM GMT+8"
13577,@cristymorales6399,5 days ago,Happy viewing ngayong Martes ng umaga mula sa registry at kalihiman lokal ng Gibraltar,https://www.youtube.com/watch?v=ROa3kbG5M0U&lc=UgxUa_75weTSJx6d8mF4AaABAg,UgxUa_75weTSJx6d8mF4AaABAg,UCy4vhZGOT49XaOmm4ruS6OQ,"Fetched 05/24/2026, 8:08:10 PM GMT+8"
13578,@ConeyLictawa,5 days ago,"Amazing Baguio / Amazing Benguet / Fight,fight,fight",https://www.youtube.com/watch?v=ROa3kbG5M0U&lc=UgyMRY6Q5z1KNPrbNjN4AaABAg,UgyMRY6Q5z1KNPrbNjN4AaABAg,UC0Bso7cZ9ifKQKZlEPIzLHw,"Fetched 05/24/2026, 8:08:10 PM GMT+8"
13579,@ElPrimo-z9p,5 days ago,#BAGUIO CITY BENGUET / #HAPPY VIEWING PO,https://www.youtube.com/watch?v=ROa3kbG5M0U&lc=UgyjVHR2tTewNyb_4FR4AaABAg,UgyjVHR2tTewNyb_4FR4AaABAg,UCrbm_HDL1YQeBGR2PEsuGCQ,"Fetched 05/24/2026, 8:08:10 PM GMT+8"
13580,@ligayalucas9053,5 days ago,"Go Benguet! Greetings po mula sa Lokal ng Irisan, Distrito ng Benguet. Enjoy watching ☺",https://www.youtube.com/watch?v=ROa3kbG5M0U&lc=UgyVzFHw-yAI6D6F7XV4AaABAg,UgyVzFHw-yAI6D6F7XV4AaABAg,UCBpa2MC8GAiak5W7830Y6Yw,"Fetched 05/24/2026, 8:08:10 PM GMT+8"
13581,@calleighmhaybonzo4301,5 days ago,Happyy viewing po mula sa megaroyale village distrito ng benguet 🫶🏻,https://www.youtube.com/watch?v=ROa3kbG5M0U&lc=UgxVOKpmSEH2e7TpES54AaABAg,UgxVOKpmSEH2e7TpES54AaABAg,UCVxc7RDsnr9JwCkWI_lyEzQ,"Fetched 05/24/2026, 8:08:10 PM GMT+8"
13582,@NOLIPineda-r9k,5 days ago,Happy viewing po!,https://www.youtube.com/watch?v=ROa3kbG5M0U&lc=UgxJvwpZpwjaUduJfmt4AaABAg,UgxJvwpZpwjaUduJfmt4AaABAg,UCiJJ9RG6YH6JlZD1CUZVt_g,"Fetched 05/24/2026, 8:08:10 PM GMT+8"
13583,@ConeyLictawa,5 days ago,In our lord GOD'S power we must believe🇮🇹 /  / Go Baguio,https://www.youtube.com/watch?v=ROa3kbG5M0U&lc=Ugw833Ld78dNbIIyf854AaABAg,Ugw833Ld78dNbIIyf854AaABAg,UC0Bso7cZ9ifKQKZlEPIzLHw,"Fetched 05/24/2026, 8:08:10 PM GMT+8"
13584,@jojovillamor1162,5 days ago,Magandang araw at  / Maligayang panonood po.  / Mula sa lokal ng Baguio city. / Let’s go Benguet..36k views..Fight..Fight..Fight,https://www.youtube.com/watch?v=ROa3kbG5M0U&lc=UgykT3zMvTwcdG7Y9gp4AaABAg,UgykT3zMvTwcdG7Y9gp4AaABAg,UCsX0DAm3QC9n23HR6kbFodQ,"Fetched 05/24/2026, 8:08:10 PM GMT+8"
13585,@ElPrimo-z9p,5 days ago,#BAGUIO CITY BENGUET / #HAPPY VIEWING PO,https://www.youtube.com/watch?v=ROa3kbG5M0U&lc=Ugznvj_dswQ77n2f6FR4AaABAg,Ugznvj_dswQ77n2f6FR4AaABAg,UCrbm_HDL1YQeBGR2PEsuGCQ,"Fetched 05/24/2026, 8:08:10 PM GMT+8"
13586,@ConeyLictawa,5 days ago,A new day bring hope😊,https://www.youtube.com/watch?v=ROa3kbG5M0U&lc=Ugw5iIizuPK-XH3TKK54AaABAg,Ugw5iIizuPK-XH3TKK54AaABAg,UC0Bso7cZ9ifKQKZlEPIzLHw,"Fetched 05/24/2026, 8:08:10 PM GMT+8"
13587,@RoelJoshArabejo,5 days ago,Fight fight fight Benguet! 🎉,https://www.youtube.com/watch?v=ROa3kbG5M0U&lc=Ugx6rGMzXxFNdvcrkih4AaABAg,Ugx6rGMzXxFNdvcrkih4AaABAg,UC_5rEJfoFzwKQH9Tvh4VPmw,"Fetched 05/24/2026, 8:08:10 PM GMT+8"
13588,@ConeyLictawa,5 days ago,"Fight,fight,fight / Lokal ng Baguio City / Distrito ng Benguet",https://www.youtube.com/watch?v=ROa3kbG5M0U&lc=UgyrF2zMrruIOPXYdPx4AaABAg,UgyrF2zMrruIOPXYdPx4AaABAg,UC0Bso7cZ9ifKQKZlEPIzLHw,"Fetched 05/24/2026, 8:08:10 PM GMT+8"
13589,@Julskie28,5 days ago,Good morning po sa ating lahat! /  / Happy rewatching po from KADIWAs of benguet 🎉 /  / Let's Go Benguet /  / Lokal ng Guisad ❤,https://www.youtube.com/watch?v=ROa3kbG5M0U&lc=UgyE8UIjtzsVip477iB4AaABAg,UgyE8UIjtzsVip477iB4AaABAg,UC1nz0UiWHV8lyoQdZtJejeg,"Fetched 05/24/2026, 8:08:10 PM GMT+8"
13590,@ConeyLictawa,5 days ago,A beautiful tuesday everyone / Go Baguio / Go Benguet,https://www.youtube.com/watch?v=ROa3kbG5M0U&lc=UgyrlcfiGp4eOhwHtUF4AaABAg,UgyrlcfiGp4eOhwHtUF4AaABAg,UC0Bso7cZ9ifKQKZlEPIzLHw,"Fetched 05/24/2026, 8:08:10 PM GMT+8"
13591,@akongapopalasipips,5 days ago,Mula po sa lokal ng Marcos Highway! Good day to all of us po!,https://www.youtube.com/watch?v=ROa3kbG5M0U&lc=UgySHe9RJgpy7YrW-f54AaABAg,UgySHe9RJgpy7YrW-f54AaABAg,UCQG0kuFYYfY_o7VPo6YOlgQ,"Fetched 05/24/2026, 8:08:10 PM GMT+8"
13592,@luibustamante9493,5 days ago,"In our Lord God's great power, you must believe🎶🎵 /  / When in doubt, always trust God. Have a great morning mga kapatid🤗🤗 /  / Pagbati mula po sa Lokal ng Tuba, Kadiwa MT",https://www.youtube.com/watch?v=ROa3kbG5M0U&lc=UgyF1Qx849SeNSCYMI94AaABAg,UgyF1Qx849SeNSCYMI94AaABAg,UCFAmrhDmv6rvZrQoYp-IS9w,"Fetched 05/24/2026, 8:08:10 PM GMT+8"
13593,@gwynethcayabyab5981,5 days ago,"Happy viewing po sa lahat ng nanonood, good morning po sa lahat🎉 /  / Lets go kadiwa",https://www.youtube.com/watch?v=ROa3kbG5M0U&lc=UgzuIIen_wGdEaP1SLt4AaABAg,UgzuIIen_wGdEaP1SLt4AaABAg,UCouodNvhL1bfJC2Fz0B_Rcw,"Fetched 05/24/2026, 8:08:10 PM GMT+8"
13594,@cherrydevera8251,5 days ago,Happy viewing po sa lahat ng kalihim dito sa Lokal ng baguio city,https://www.youtube.com/watch?v=ROa3kbG5M0U&lc=Ugx69IkC1mUGAkc5HK14AaABAg,Ugx69IkC1mUGAkc5HK14AaABAg,UCrod3zHPNdFZBv-HyVuLJ3g,"Fetched 05/24/2026, 8:08:10 PM GMT+8"
13595,@ConeyLictawa,5 days ago,"Goodmorning po s lahat,happy watching.... / Go Baguio",https://www.youtube.com/watch?v=ROa3kbG5M0U&lc=Ugx_gHaWzM14VZP7-x54AaABAg,Ugx_gHaWzM14VZP7-x54AaABAg,UC0Bso7cZ9ifKQKZlEPIzLHw,"Fetched 05/24/2026, 8:08:10 PM GMT+8"
13596,@2052-w9f,5 days ago,Happy Tuesday po mga kapatid  / -Lokal ng Gibraltar,https://www.youtube.com/watch?v=ROa3kbG5M0U&lc=UgzdNtm704M9e0q8FVV4AaABAg,UgzdNtm704M9e0q8FVV4AaABAg,UC7jfgS5wA6fsgmvd23K6SQg,"Fetched 05/24/2026, 8:08:10 PM GMT+8"
13597,@joanamariebaglao6150,5 days ago,"Lokal ng irisan, Distrito ng Benguet,. FIGHT, FIGHT, FIGHT ❤😊",https://www.youtube.com/watch?v=ROa3kbG5M0U&lc=UgzB8gORGy4tzt5K9FR4AaABAg,UgzB8gORGy4tzt5K9FR4AaABAg,UC-zCvZnuK2qPyWhXnGLIRGw,"Fetched 05/24/2026, 8:08:10 PM GMT+8"
13598,@cherrydevera8251,5 days ago,Good morning Benguet gogogo🎉🎉 / Lokal ng Baguio City,https://www.youtube.com/watch?v=ROa3kbG5M0U&lc=UgyDUBja8BswWj3P55B4AaABAg,UgyDUBja8BswWj3P55B4AaABAg,UCrod3zHPNdFZBv-HyVuLJ3g,"Fetched 05/24/2026, 8:08:10 PM GMT+8"
13599,@joannevillamor5443,5 days ago,"Happy Tuesday!!! GO! GO! GO! /  / Baguio City, Benguet.",https://www.youtube.com/watch?v=ROa3kbG5M0U&lc=UgyTzCN97Dp3IsFfEdB4AaABAg,UgyTzCN97Dp3IsFfEdB4AaABAg,UCUdqvb0fY6NruOlHUfvBFMA,"Fetched 05/24/2026, 8:08:10 PM GMT+8"
13600,@joannevillamor5443,5 days ago,"Happy Tuesday!!! GO! GO! GO! /  / Baguio City, Benguet.",https://www.youtube.com/watch?v=ROa3kbG5M0U&lc=UgzzwxopW7EZlG6ixpp4AaABAg,UgzzwxopW7EZlG6ixpp4AaABAg,UCUdqvb0fY6NruOlHUfvBFMA,"Fetched 05/24/2026, 8:08:10 PM GMT+8"
13601,@joannevillamor5443,5 days ago,"Happy Tuesday!!! GO! GO! GO! /  / Baguio City, Benguet.",https://www.youtube.com/watch?v=ROa3kbG5M0U&lc=Ugy4SWjZ19S1hq0kxB54AaABAg,Ugy4SWjZ19S1hq0kxB54AaABAg,UCUdqvb0fY6NruOlHUfvBFMA,"Fetched 05/24/2026, 8:08:10 PM GMT+8"
13602,@geneprado-ro1lf,5 days ago,Happy viewing po! Fight lokal ng Baguio City!!!,https://www.youtube.com/watch?v=ROa3kbG5M0U&lc=UgxMLrm8EcsXtUR2TFN4AaABAg,UgxMLrm8EcsXtUR2TFN4AaABAg,UC2Z9rmo043mQs6MJc9yF7XA,"Fetched 05/24/2026, 8:08:10 PM GMT+8"
13603,@joannevillamor5443,5 days ago,"Happy Tuesday!!! GO! GO! GO! /  / Baguio City, Benguet.",https://www.youtube.com/watch?v=ROa3kbG5M0U&lc=UgymO41rTTwqw4XVkCt4AaABAg,UgymO41rTTwqw4XVkCt4AaABAg,UCUdqvb0fY6NruOlHUfvBFMA,"Fetched 05/24/2026, 8:08:10 PM GMT+8"
13604,@joannevillamor5443,5 days ago,"Happy Tuesday!!! GO! GO! GO! /  / Baguio City, Benguet.",https://www.youtube.com/watch?v=ROa3kbG5M0U&lc=UgzTvHTmtqhFoRXcUsh4AaABAg,UgzTvHTmtqhFoRXcUsh4AaABAg,UCUdqvb0fY6NruOlHUfvBFMA,"Fetched 05/24/2026, 8:08:10 PM GMT+8"
13605,@joannevillamor5443,5 days ago,"Happy Tuesday!!! GO! GO! GO! /  / Baguio City, Benguet.",https://www.youtube.com/watch?v=ROa3kbG5M0U&lc=Ugz64sh9oZWwmNAQcBt4AaABAg,Ugz64sh9oZWwmNAQcBt4AaABAg,UCUdqvb0fY6NruOlHUfvBFMA,"Fetched 05/24/2026, 8:08:10 PM GMT+8"
13606,@joannevillamor5443,5 days ago,"Happy Tuesday!!! GO! GO! GO! /  / Baguio City, Benguet.",https://www.youtube.com/watch?v=ROa3kbG5M0U&lc=UgzoIoRdHfMKM3hkjNR4AaABAg,UgzoIoRdHfMKM3hkjNR4AaABAg,UCUdqvb0fY6NruOlHUfvBFMA,"Fetched 05/24/2026, 8:08:10 PM GMT+8"
13607,@joannevillamor5443,5 days ago,"Happy Tuesday!!! GO! GO! GO! /  / Baguio City, Benguet.",https://www.youtube.com/watch?v=ROa3kbG5M0U&lc=UgywvLUAX9p5jtbxF-B4AaABAg,UgywvLUAX9p5jtbxF-B4AaABAg,UCUdqvb0fY6NruOlHUfvBFMA,"Fetched 05/24/2026, 8:08:10 PM GMT+8"
13608,@joannevillamor5443,5 days ago,"Happy Tuesday!!! GO! GO! GO! /  / Baguio City, Benguet.",https://www.youtube.com/watch?v=ROa3kbG5M0U&lc=UgyncwvfBDee7k7qNAl4AaABAg,UgyncwvfBDee7k7qNAl4AaABAg,UCUdqvb0fY6NruOlHUfvBFMA,"Fetched 05/24/2026, 8:08:10 PM GMT+8"
13609,@michaelcastillo3672,5 days ago,Let's Go Benguet.. Happy Viewing po sa  lahat. From the locale of Marcos Highway.,https://www.youtube.com/watch?v=ROa3kbG5M0U&lc=UgxhLHkK_e3IsVbmLmp4AaABAg,UgxhLHkK_e3IsVbmLmp4AaABAg,UC8-4ulFkpJ9vez6g71axiGQ,"Fetched 05/24/2026, 8:08:10 PM GMT+8"
13610,@michaelcastillo3672,5 days ago,Let's Go Benguet.. Happy Viewing po sa  lahat. From the locale of Marcos Highway.,https://www.youtube.com/watch?v=ROa3kbG5M0U&lc=UgxvyEHmK9ZlpQTmo6R4AaABAg,UgxvyEHmK9ZlpQTmo6R4AaABAg,UC8-4ulFkpJ9vez6g71axiGQ,"Fetched 05/24/2026, 8:08:10 PM GMT+8"
13611,@MaryannGarlitos,5 days ago,Happy tuesday po...Benguet pa more❤,https://www.youtube.com/watch?v=ROa3kbG5M0U&lc=UgxDjKmBGn29ZqyPEJh4AaABAg,UgxDjKmBGn29ZqyPEJh4AaABAg,UCHzN0f0aVdyEx5DWA_plw0w,"Fetched 05/24/2026, 8:08:10 PM GMT+8"
13612,@gam3rg1rl,5 days ago,Let's welcome God's unfailing love again today. Good morning from the Local Congregation of Megaroyale :),https://www.youtube.com/watch?v=ROa3kbG5M0U&lc=Ugx8fcGtL_aqZRpXyBR4AaABAg,Ugx8fcGtL_aqZRpXyBR4AaABAg,UC5IQqBTUAu9qmpEtOMJeRrQ,"Fetched 05/24/2026, 8:08:10 PM GMT+8"
13613,@AngelSayangda,5 days ago,Pagbati po mula sa lokal ng tuba Distrito ng Benguet  / ❤,https://www.youtube.com/watch?v=ROa3kbG5M0U&lc=UgzfZKUG71l9qQsAYOF4AaABAg,UgzfZKUG71l9qQsAYOF4AaABAg,UCBYrNwCYGHkX-UDtBRzR4nw,"Fetched 05/24/2026, 8:08:10 PM GMT+8"
13614,@joanamariebaglao6150,5 days ago,"Lokal ng irisan, Distrito ng Benguet,. FIGHT, FIGHT, FIGHT ❤😊",https://www.youtube.com/watch?v=ROa3kbG5M0U&lc=UgyzZX8RRCsRrJfjDaV4AaABAg,UgyzZX8RRCsRrJfjDaV4AaABAg,UC-zCvZnuK2qPyWhXnGLIRGw,"Fetched 05/24/2026, 8:08:10 PM GMT+8"
13615,@joanamariebaglao6150,5 days ago,"Lokal ng irisan, Distrito ng Benguet,. FIGHT, FIGHT, FIGHT ❤😊",https://www.youtube.com/watch?v=ROa3kbG5M0U&lc=UgxWRbnDguxEOTMso_94AaABAg,UgxWRbnDguxEOTMso_94AaABAg,UC-zCvZnuK2qPyWhXnGLIRGw,"Fetched 05/24/2026, 8:08:10 PM GMT+8"
13616,@PrinceJayronePjCluster3Tipay,5 days ago,Lesgo city camp lesgo benguet!!,https://www.youtube.com/watch?v=ROa3kbG5M0U&lc=UgzM6h6X76dBSeSEfE14AaABAg,UgzM6h6X76dBSeSEfE14AaABAg,UCnfdFTgfH1Tjj5yUnNjCBcQ,"Fetched 05/24/2026, 8:08:10 PM GMT+8"
13617,@CarloLapuz-d9j,5 days ago,Magandang umaga po mga kapatid. Greeting po from lokal ng penged at tadiangan. Ingat po tayo sa buong araw ng paggawa 😊,https://www.youtube.com/watch?v=ROa3kbG5M0U&lc=UgzEDcwCqk5eYBbDglp4AaABAg,UgzEDcwCqk5eYBbDglp4AaABAg,UCV3ywPI2qSbNPfDTvol4gtA,"Fetched 05/24/2026, 8:08:10 PM GMT+8"
13618,@jeffymateus1010,5 days ago,"Pagbati po sa pamilya po ng aming Tagapangasiwa Kapatid na Ardy D. Mendoza at gayundin po sa sambahayan ng aming Pangalawang Tagapangasiwa Kapatid na Ian Manalata, Good morning po. Mula po sa Lokal ng Guisad 🎉🎉🎉🎉🎉 Distrito ng Benguet !!!! FIGHT FIGHT FIGHT!!!!",https://www.youtube.com/watch?v=ROa3kbG5M0U&lc=UgyAOwzbTVjYmsZCnkp4AaABAg,UgyAOwzbTVjYmsZCnkp4AaABAg,UCHtVwXfuaXFwMM2E8FuKkjg,"Fetched 05/24/2026, 8:08:10 PM GMT+8"
13619,@kimberlysarmiento1034,5 days ago,Have a nice day ahead brethren /  / -tuba,https://www.youtube.com/watch?v=ROa3kbG5M0U&lc=Ugwdac6ZA7JHb7kOY6Z4AaABAg,Ugwdac6ZA7JHb7kOY6Z4AaABAg,UCds_RyKfMX7Xzg4PQRhf9NQ,"Fetched 05/24/2026, 8:08:10 PM GMT+8"
13620,@BnHydn_3,5 days ago,"Lokal ng La Trinidad, Still here, with overwhelming support 🙌🙌🙌",https://www.youtube.com/watch?v=ROa3kbG5M0U&lc=Ugz_4xpOocq276FdeLd4AaABAg,Ugz_4xpOocq276FdeLd4AaABAg,UCKZxY6b5mH_zsnldMnxGIpQ,"Fetched 05/24/2026, 8:08:10 PM GMT+8"
13621,@MichaelCastillo-xn6dn,5 days ago,"Good Day po.  / Let's Go Benguet, Happy Viewing po. Mula sa Lokal ng Marcos Highway.",https://www.youtube.com/watch?v=ROa3kbG5M0U&lc=UgziJkDNySFySn5TR314AaABAg,UgziJkDNySFySn5TR314AaABAg,UChmoyBnJ8G98pXu8PpN1tzA,"Fetched 05/24/2026, 8:08:10 PM GMT+8"
13622,@j-elfym,5 days ago,Magandang umaga po😊 / Shout out po sa napakasipag naming Pangulong Kalihim 😊Tita Jeanie Tugad.Buong tiyaga na sinisinop po ang mga ulatan. / Kapisanang Buklod / ❤Lokal ng Atok Gold❤,https://www.youtube.com/watch?v=ROa3kbG5M0U&lc=Ugx-F09z_dyxBm2X6yZ4AaABAg,Ugx-F09z_dyxBm2X6yZ4AaABAg,UCQSZMpTel4mf79JxQGEU3rg,"Fetched 05/24/2026, 8:08:10 PM GMT+8"
13623,@MichaelCastillo-xn6dn,5 days ago,"Let's Go Benguet, Happy Viewing po. Mula sa Lokal ng Marcos Highway.",https://www.youtube.com/watch?v=ROa3kbG5M0U&lc=Ugy73X5HwTV6wENJ3eF4AaABAg,Ugy73X5HwTV6wENJ3eF4AaABAg,UChmoyBnJ8G98pXu8PpN1tzA,"Fetched 05/24/2026, 8:08:10 PM GMT+8"
13624,@j-elfym,5 days ago,Happy Tuesday po😂 / ❤shout out po sa mga masisipag pong mga mang-aawit.Buong-puso pong umaawit sa pangunguna sa mga pagpupuri sa Ama.Salamat po sa inyo❤ / Kapisanang Buklod / 😊Lokal ng Atok Gold😊,https://www.youtube.com/watch?v=ROa3kbG5M0U&lc=UgypaIBzx5lkoLLZSMJ4AaABAg,UgypaIBzx5lkoLLZSMJ4AaABAg,UCQSZMpTel4mf79JxQGEU3rg,"Fetched 05/24/2026, 8:08:10 PM GMT+8"
13625,@j-elfym,5 days ago,Happy Tiesday po😂 / ❤shout out po sa mga masisipag pong mga mang-aawit.Buong-puso pong umaawit sa pangunguna sa mga pagpupuri sa Ama.Salamat po sa inyo❤ / Kapisanang Buklod / 😊Lokal ng Atok Gold😊,https://www.youtube.com/watch?v=ROa3kbG5M0U&lc=UgwnlM1n9yks43qlNjB4AaABAg,UgwnlM1n9yks43qlNjB4AaABAg,UCQSZMpTel4mf79JxQGEU3rg,"Fetched 05/24/2026, 8:08:10 PM GMT+8"
13626,@AdliselbAoad,5 days ago,Huwag po Tayong titigil mga Kapatid / Go Lokal ng Baguio City,https://www.youtube.com/watch?v=ROa3kbG5M0U&lc=UgxjUgLEY-DIwrMfGbx4AaABAg,UgxjUgLEY-DIwrMfGbx4AaABAg,UCDFkFpLctdryYbzB6sMOn3A,"Fetched 05/24/2026, 8:08:10 PM GMT+8"
13627,@PHEBIE-f7h,5 days ago,Atok Gold continues to support our District. / Go Benguet!!!,https://www.youtube.com/watch?v=ROa3kbG5M0U&lc=UgztWAJ05QH0HlDGfW14AaABAg,UgztWAJ05QH0HlDGfW14AaABAg,UCNkJMMXP19AJSsNov8Fp3Ag,"Fetched 05/24/2026, 8:08:10 PM GMT+8"
13628,@henrycaranto2644,5 days ago,Shoutout po sa lahat ng Kadiwa sa Distrito ng Benguet ❤🎉 /  / From Lokal ng Baguio City❤😊,https://www.youtube.com/watch?v=ROa3kbG5M0U&lc=Ugw0IDx02yIRSTS8Cmt4AaABAg,Ugw0IDx02yIRSTS8Cmt4AaABAg,UCFilTOy22FklSkBIgwVPVaQ,"Fetched 05/24/2026, 8:08:10 PM GMT+8"
13629,@ElPrimo-z9p,5 days ago,#BAGUIO CITY / #BENGUET / # HAPPY VIEWING PO,https://www.youtube.com/watch?v=ROa3kbG5M0U&lc=Ugxb_WTlXn3_MfwWqJR4AaABAg,Ugxb_WTlXn3_MfwWqJR4AaABAg,UCrbm_HDL1YQeBGR2PEsuGCQ,"Fetched 05/24/2026, 8:08:10 PM GMT+8"
13630,@rejomartayaban,5 days ago,"Happy viewing happy tuesday mga kapatid, mula po sa Lokal ng La Trinidad!! Have a good day🤍",https://www.youtube.com/watch?v=ROa3kbG5M0U&lc=UgzeRkCrP7l7RM6M7El4AaABAg,UgzeRkCrP7l7RM6M7El4AaABAg,UCi7RYRPFL6HTFaScpYFJMJQ,"Fetched 05/24/2026, 8:08:10 PM GMT+8"
13631,@AdliselbAoad,5 days ago,Patuloy Nakasuporta ang Lokal ng Baguio City / Good Morning po sa Lahat,https://www.youtube.com/watch?v=ROa3kbG5M0U&lc=UgwqFKy4eG635GroEIN4AaABAg,UgwqFKy4eG635GroEIN4AaABAg,UCDFkFpLctdryYbzB6sMOn3A,"Fetched 05/24/2026, 8:08:10 PM GMT+8"
13632,@PHEBIE-f7h,5 days ago,Happy viewing po mga kapatid / ENJOY WATCHING! / Journey to 36k views / LET'S GO BENGUET! /  / ❤❤BUKLOD OF ATOKGOLD❤❤,https://www.youtube.com/watch?v=ROa3kbG5M0U&lc=UgwI2bbjxa9ELzqa1px4AaABAg,UgwI2bbjxa9ELzqa1px4AaABAg,UCNkJMMXP19AJSsNov8Fp3Ag,"Fetched 05/24/2026, 8:08:10 PM GMT+8"
13633,@NorbertoMislang-k1f,5 days ago,God's Love Benguet..  / Lokal ng Baguio  City❤❤❤,https://www.youtube.com/watch?v=ROa3kbG5M0U&lc=UgxtuVkexXU_7g14kdx4AaABAg,UgxtuVkexXU_7g14kdx4AaABAg,UCHrMwbP6cIZPIlWf5nvI8dA,"Fetched 05/24/2026, 8:08:10 PM GMT+8"
13634,@josielegaspi9135,5 days ago,Go benguet..never tired watching from lokal Ng Quezon hill,https://www.youtube.com/watch?v=ROa3kbG5M0U&lc=UgzphnV7RBWQAjeQcxN4AaABAg,UgzphnV7RBWQAjeQcxN4AaABAg,UCNG962I1TEufQSHWYhzmWqA,"Fetched 05/24/2026, 8:08:10 PM GMT+8"
13635,@PHEBIE-f7h,5 days ago,"Habang nagkakape☕️, nakikinig pa rin sa ating entry. / FIGHTING BENGUET! /  /  / ❤BUKLOD FROM AtokGold❤",https://www.youtube.com/watch?v=ROa3kbG5M0U&lc=Ugzc-29sWiDgYZQzqch4AaABAg,Ugzc-29sWiDgYZQzqch4AaABAg,UCNkJMMXP19AJSsNov8Fp3Ag,"Fetched 05/24/2026, 8:08:10 PM GMT+8"
13636,@jenelynlegaspi5472,5 days ago,Happy viewing po sa lahat / Go BENGUET / #QUEZONHILL💚🤍❤️,https://www.youtube.com/watch?v=ROa3kbG5M0U&lc=UgzaQr5JuVpJXpNH5BZ4AaABAg,UgzaQr5JuVpJXpNH5BZ4AaABAg,UCLjU_xM1oUxJ0N9ClfCcPjQ,"Fetched 05/24/2026, 8:08:10 PM GMT+8"
13637,@jenelynlegaspi5472,5 days ago,Happy morning po mga kapatid💚🤍❤️ / #QUEZONHILLBENGUET,https://www.youtube.com/watch?v=ROa3kbG5M0U&lc=UgxsHMPD4m3GxepTq114AaABAg,UgxsHMPD4m3GxepTq114AaABAg,UCLjU_xM1oUxJ0N9ClfCcPjQ,"Fetched 05/24/2026, 8:08:10 PM GMT+8"
13638,@BnHydn_3,5 days ago,Nananatiling kaisa ❤ Mula sa lokal ng La Trinidad!! / Happy watching 📱,https://www.youtube.com/watch?v=ROa3kbG5M0U&lc=UgyHb8uRCtXzZoZcyCF4AaABAg,UgyHb8uRCtXzZoZcyCF4AaABAg,UCKZxY6b5mH_zsnldMnxGIpQ,"Fetched 05/24/2026, 8:08:10 PM GMT+8"
13639,@j-elfym,5 days ago,😊It’s through His / L❤VE / That you are Now  / Who You Are😊 / 😊 /  / Kapisanang Buklod / Lokal ng Atok Gold,https://www.youtube.com/watch?v=ROa3kbG5M0U&lc=UgxTPX_yKpz16xW2xHR4AaABAg,UgxTPX_yKpz16xW2xHR4AaABAg,UCQSZMpTel4mf79JxQGEU3rg,"Fetched 05/24/2026, 8:08:10 PM GMT+8"
13640,@EleanorMislang,5 days ago,Keep supporting po mga kapatid.from Baguio city,https://www.youtube.com/watch?v=ROa3kbG5M0U&lc=Ugxqal2l6txekTCvZVh4AaABAg,Ugxqal2l6txekTCvZVh4AaABAg,UC-SX89r34HKuT1KlN8J7WTA,"Fetched 05/24/2026, 8:08:10 PM GMT+8"
13641,@j-elfym,5 days ago,A brigth morning to all po / full of inspiration po / moving all the way po / so blissfull po / mula.po sa.Kapisanang buklod / 🫶Lokal.ng Atok Gold😇😇😇,https://www.youtube.com/watch?v=ROa3kbG5M0U&lc=UgwGoNb9VmFH2JE_kcl4AaABAg,UgwGoNb9VmFH2JE_kcl4AaABAg,UCQSZMpTel4mf79JxQGEU3rg,"Fetched 05/24/2026, 8:08:10 PM GMT+8"
13642,@j-elfym,5 days ago,😊 / I know / But I swear / It gets better…. / Kapisanang Buklod / 😊lokal ng atok gold😊,https://www.youtube.com/watch?v=ROa3kbG5M0U&lc=UgwcZEp5t8mRYtfxzSp4AaABAg,UgwcZEp5t8mRYtfxzSp4AaABAg,UCQSZMpTel4mf79JxQGEU3rg,"Fetched 05/24/2026, 8:08:10 PM GMT+8"
13643,@j-elfym,5 days ago,and when / LIFE / Brings you / To you knees… / 😢😢😢 / Kapisanang Buklod / Lokal ng atok gold,https://www.youtube.com/watch?v=ROa3kbG5M0U&lc=Ugxs1to2V6GfP6VLPjx4AaABAg,Ugxs1to2V6GfP6VLPjx4AaABAg,UCQSZMpTel4mf79JxQGEU3rg,"Fetched 05/24/2026, 8:08:10 PM GMT+8"
13644,@johnreylucio8970,5 days ago,"Distrito ng BENGUET! /  / FIGHT FIGHT FIGHT! /  / Kaisa kami, lokal ng La Trinidad",https://www.youtube.com/watch?v=ROa3kbG5M0U&lc=UgwBUIH5T7k3DLpQ6nt4AaABAg,UgwBUIH5T7k3DLpQ6nt4AaABAg,UCNMupRD4ySrN336KZpy29OA,"Fetched 05/24/2026, 8:08:10 PM GMT+8"
13645,@j-elfym,5 days ago,Hold on / to your / Faith❤ / 😇😇😇 / Kapisanang Buklod / lokal ng atok gold,https://www.youtube.com/watch?v=ROa3kbG5M0U&lc=UgwXd15Snykc83PjphV4AaABAg,UgwXd15Snykc83PjphV4AaABAg,UCQSZMpTel4mf79JxQGEU3rg,"Fetched 05/24/2026, 8:08:10 PM GMT+8"
13646,@jaimegabriel2115,5 days ago,from Lokal ng Quezon Hill Distrito ng Benguet,https://www.youtube.com/watch?v=ROa3kbG5M0U&lc=UgyncbsC7TPGOUYVCTx4AaABAg,UgyncbsC7TPGOUYVCTx4AaABAg,UCoaJINYQMe9Q8GAjCPoVMXQ,"Fetched 05/24/2026, 8:08:10 PM GMT+8"
13647,@jazzherflawless6982,5 days ago,Road to #1! Nood lang po tayo mga kapatid! Greetings po mula sa Lokal ng Guisad ❤,https://www.youtube.com/watch?v=ROa3kbG5M0U&lc=UgzXGSfSrjcCgwJhunR4AaABAg,UgzXGSfSrjcCgwJhunR4AaABAg,UCa-rZI9R7bRXxaVdHV3qBxQ,"Fetched 05/24/2026, 8:08:10 PM GMT+8"
13648,@jaimegabriel2115,5 days ago,from Lokal ng Quezon Hill Distrito ng Benguet,https://www.youtube.com/watch?v=ROa3kbG5M0U&lc=UgxEtqoAThSzoo2OzbF4AaABAg,UgxEtqoAThSzoo2OzbF4AaABAg,UCoaJINYQMe9Q8GAjCPoVMXQ,"Fetched 05/24/2026, 8:08:10 PM GMT+8"
13649,@BnHydn_3,5 days ago,#INCPC / Love this MV 🎶 Enjoy viewing fellow brethren 🌄  / Lokal ng La Trinidad,https://www.youtube.com/watch?v=ROa3kbG5M0U&lc=Ugye-ag7nbxwJe9LJs14AaABAg,Ugye-ag7nbxwJe9LJs14AaABAg,UCKZxY6b5mH_zsnldMnxGIpQ,"Fetched 05/24/2026, 8:08:10 PM GMT+8"
13650,@CasseySGonzales,5 days ago,Patuloy po nating suportahan🏋‍♀️ ang ating Distrito mga kapatid🐑❤ / -Lokal ng La Trinidad🍓Distrito ng Benguet⛰️,https://www.youtube.com/watch?v=ROa3kbG5M0U&lc=Ugwn_g87R0Gx1W5r0Rx4AaABAg,Ugwn_g87R0Gx1W5r0Rx4AaABAg,UCZ_1zJtZfWs6L_NdfNJCvtQ,"Fetched 05/24/2026, 8:08:10 PM GMT+8"
13651,@RuthLubin-u4o,5 days ago,"Magandang Umaga po sa lahat, happy Tuesday!  From lokal ng HILLSIDE, BENGUET",https://www.youtube.com/watch?v=ROa3kbG5M0U&lc=UgxIuDSWhVWtHJm52m14AaABAg,UgxIuDSWhVWtHJm52m14AaABAg,UC_uf6eNpjGA4ra2-XeZeq7Q,"Fetched 05/24/2026, 8:08:10 PM GMT+8"
13652,@ALLIBANGDELIA,5 days ago,Amazing Benguet... fight fight fight po😍. From lokal ng Quezon hill,https://www.youtube.com/watch?v=ROa3kbG5M0U&lc=UgwEgzG1BSDKp60enkx4AaABAg,UgwEgzG1BSDKp60enkx4AaABAg,UCDDIiqS0-pQy6Jstw7RPg4A,"Fetched 05/24/2026, 8:08:10 PM GMT+8"
13653,@Jazz-k6s,5 days ago,Proud to be INC 🤍💚❤️ /  / La Trinidad 🪷,https://www.youtube.com/watch?v=ROa3kbG5M0U&lc=UgzMeWM7KDr1behVtDt4AaABAg,UgzMeWM7KDr1behVtDt4AaABAg,UCjmyu8zkVg7bQQCs4HypxNQ,"Fetched 05/24/2026, 8:08:10 PM GMT+8"
13654,@elmapalacay8027,5 days ago,Greetings from lokal NG Loakan Airport...,https://www.youtube.com/watch?v=ROa3kbG5M0U&lc=UgydFIj1TGj8ovt3Ofd4AaABAg,UgydFIj1TGj8ovt3Ofd4AaABAg,UCixzsLRhuZfAcvJLdw2fToQ,"Fetched 05/24/2026, 8:08:10 PM GMT+8"
13655,@jaimegabriel2115,5 days ago,from Lokal ng Quezon Hill Distrito ng Benguet,https://www.youtube.com/watch?v=ROa3kbG5M0U&lc=UgyeFxvRLUZL5Bzk1CB4AaABAg,UgyeFxvRLUZL5Bzk1CB4AaABAg,UCoaJINYQMe9Q8GAjCPoVMXQ,"Fetched 05/24/2026, 8:08:10 PM GMT+8"
13656,@imeldaaustria4444,5 days ago,God's Love For Benguet!,https://www.youtube.com/watch?v=ROa3kbG5M0U&lc=UgzJvBpTlkGFpbBTnDd4AaABAg,UgzJvBpTlkGFpbBTnDd4AaABAg,UCLLWsg_hvNpBXnxsI2TjusQ,"Fetched 05/24/2026, 8:08:10 PM GMT+8"
13657,@aldyne.mendoza,5 days ago,"Good morning po Ka Distrito ng Benguet / Shout out po sa lahat lalong lalo po sa aming Tagapangasiwa ng  Distrito ng Benguet  ang ka Ardy Mendoza po .. At sa destinado po namin ka Bryan Panis, mga kasama po sa Lokal ka Alfred Guiang at ka Kiel Marquez .... Magiging TOP 1 na po tayo 😃🙏❤❤❤",https://www.youtube.com/watch?v=ROa3kbG5M0U&lc=UgxPk8_yX4vzM8IOdAV4AaABAg,UgxPk8_yX4vzM8IOdAV4AaABAg,UC4xjaKxixMnSP2omy_lWRtw,"Fetched 05/24/2026, 8:08:10 PM GMT+8"
13658,@lanlani.eaaaahn,5 days ago,"magandang umaga po, mga kapatid!!! sumusuporta mula sa lokal ng la trinidad!!!",https://www.youtube.com/watch?v=ROa3kbG5M0U&lc=UgyFJPZcEJ8AS0SU5rh4AaABAg,UgyFJPZcEJ8AS0SU5rh4AaABAg,UCxRF5ldmYBJWNlgtayRoTHg,"Fetched 05/24/2026, 8:08:10 PM GMT+8"
13659,@susandumaguing,5 days ago,"Now watching here at Balatoc Benguet,,, ❤❤",https://www.youtube.com/watch?v=ROa3kbG5M0U&lc=UgwvLlHD9V-WrouF0PZ4AaABAg,UgwvLlHD9V-WrouF0PZ4AaABAg,UCZnsNFAH9DZWGnlEbpDCYGQ,"Fetched 05/24/2026, 8:08:10 PM GMT+8"
13660,@lorenadayrit717,5 days ago,Go for Number 1 Benguet! Mula po sa Lokal ng Marcos Highway.,https://www.youtube.com/watch?v=ROa3kbG5M0U&lc=UgwzROs1v8PL0lOwK_d4AaABAg,UgwzROs1v8PL0lOwK_d4AaABAg,UCrPPwaufcYIiawsIhyRnlZQ,"Fetched 05/24/2026, 8:08:10 PM GMT+8"
13661,@renatoaustria8843,5 days ago,Winners po tayo lahat!,https://www.youtube.com/watch?v=ROa3kbG5M0U&lc=UgzYKxMKKz5KU4iaqXB4AaABAg,UgzYKxMKKz5KU4iaqXB4AaABAg,UCvOSVWbT2WlhpFMQbj44Fvg,"Fetched 05/24/2026, 8:08:10 PM GMT+8"
13662,@SofieAganon,5 days ago,Magandang umaga po sa lahat ng kapatid sa Distrito ng Benguet na walang sawang nanonood at sumusuporta .❤❤❤,https://www.youtube.com/watch?v=ROa3kbG5M0U&lc=UgyGFwaaImjXdv8UwRV4AaABAg,UgyGFwaaImjXdv8UwRV4AaABAg,UCK04bzGbR1DvFu4IG-6BWcg,"Fetched 05/24/2026, 8:08:10 PM GMT+8"
13663,@sylviaaquino1402,5 days ago,Happy viewing po mula sa Baguio City,https://www.youtube.com/watch?v=ROa3kbG5M0U&lc=UgxLn2VYmwNJt0Z8l5N4AaABAg,UgxLn2VYmwNJt0Z8l5N4AaABAg,UCYnj0QipEvxHgMbwQaySmZA,"Fetched 05/24/2026, 8:08:10 PM GMT+8"
13664,@joymaylee-e9o,5 days ago,INCMV / God's Love / Inspire every viewers / to continue to hold our / Faith... / God is always with Us / 😇Lokal ng Atok Gold / buklod,https://www.youtube.com/watch?v=ROa3kbG5M0U&lc=Ugx5nY0UBzO3yTywEy14AaABAg,Ugx5nY0UBzO3yTywEy14AaABAg,UCVNaOxPbc9ZEHqlMp6TAgMA,"Fetched 05/24/2026, 8:08:10 PM GMT+8"
13665,@sylviaaquino1402,5 days ago,Greeting po Baguio local,https://www.youtube.com/watch?v=ROa3kbG5M0U&lc=UgyetVVV6cT7yghVfLV4AaABAg,UgyetVVV6cT7yghVfLV4AaABAg,UCYnj0QipEvxHgMbwQaySmZA,"Fetched 05/24/2026, 8:08:10 PM GMT+8"
13666,@joymaylee-e9o,5 days ago,Tayong nasa Kapisanang Buklod / inaasahang makapagnigay lugod / makipagkaisa sa Panonood / sa INCMV tayo'y  manood❤❤ / mula po sa Kapisanang Buklod / Lokal ng Atok Gold,https://www.youtube.com/watch?v=ROa3kbG5M0U&lc=Ugy-8ZrMYP4-oPCTKmV4AaABAg,Ugy-8ZrMYP4-oPCTKmV4AaABAg,UCVNaOxPbc9ZEHqlMp6TAgMA,"Fetched 05/24/2026, 8:08:10 PM GMT+8"
13667,@joymaylee-e9o,5 days ago,Tayo ang inaasahan / Distrito'y ating suportahan / panonood ating pangunahan / Kahit saan man ang puntahan / ❤mula po sa Kapisanang Buklod / Lokal ng Atok Gold❤,https://www.youtube.com/watch?v=ROa3kbG5M0U&lc=UgzMF_wGOoOMhFljzgp4AaABAg,UgzMF_wGOoOMhFljzgp4AaABAg,UCVNaOxPbc9ZEHqlMp6TAgMA,"Fetched 05/24/2026, 8:08:10 PM GMT+8"
13668,@BnHydn_4,5 days ago,#BenguetNumber1 Wishing everyone a great watch / Lokal ng La Trinidad,https://www.youtube.com/watch?v=ROa3kbG5M0U&lc=UgxnZ3hptJfqo0rLUnx4AaABAg,UgxnZ3hptJfqo0rLUnx4AaABAg,UCBGtwATEAOhJaVSd9_AsgFw,"Fetched 05/24/2026, 8:08:10 PM GMT+8"
13669,@joymaylee-e9o,5 days ago,Beautiful morning po / 🫶halina ituloy po / ang pakikipagkaisa po / huwag magsawa po / 😁😆Lokal ng Atok Gold / buklod po,https://www.youtube.com/watch?v=ROa3kbG5M0U&lc=UgzzCwrQVwPYTDkSG354AaABAg,UgzzCwrQVwPYTDkSG354AaABAg,UCVNaOxPbc9ZEHqlMp6TAgMA,"Fetched 05/24/2026, 8:08:10 PM GMT+8"
13670,@joymaylee-e9o,5 days ago,😊and / brighter / than the / stars⭐🌟✨ / 😄lokal ng atok gold😊,https://www.youtube.com/watch?v=ROa3kbG5M0U&lc=UgzFW0UpJWtvADDCxu14AaABAg,UgzFW0UpJWtvADDCxu14AaABAg,UCVNaOxPbc9ZEHqlMp6TAgMA,"Fetched 05/24/2026, 8:08:10 PM GMT+8"
13671,@aileensygonzales698,5 days ago,It makes my day electrified 🥰 enjoy watching po mula po sa lokal ng La Trinidad ❤,https://www.youtube.com/watch?v=ROa3kbG5M0U&lc=Ugz9LjDEA49AuwO9szV4AaABAg,Ugz9LjDEA49AuwO9szV4AaABAg,UCFnUHQGDSZBZoSWfCcbp7ZA,"Fetched 05/24/2026, 8:08:10 PM GMT+8"
13672,@joymaylee-e9o,5 days ago,happy  / ang  / morning  / 😊INCMV😀 / Lokal ng Atok Gold / Buklod,https://www.youtube.com/watch?v=ROa3kbG5M0U&lc=Ugw9LXCdNQs6pw9Ho0l4AaABAg,Ugw9LXCdNQs6pw9Ho0l4AaABAg,UCVNaOxPbc9ZEHqlMp6TAgMA,"Fetched 05/24/2026, 8:08:10 PM GMT+8"
13673,@maritesstalledo8924,5 days ago,Greetings po mula sa lokal ng megaroyale distrito ng benguet,https://www.youtube.com/watch?v=ROa3kbG5M0U&lc=Ugw2WA3pv1aKioWUxHZ4AaABAg,Ugw2WA3pv1aKioWUxHZ4AaABAg,UCXrFwU9B905gqc5sVTbxukg,"Fetched 05/24/2026, 8:08:10 PM GMT+8"
13674,@joymaylee-e9o,5 days ago (edited),😊It’s through His / L❤VE / That you are Now  / Who You Are😊 / Lokal ng Atok Gold / buklod,https://www.youtube.com/watch?v=ROa3kbG5M0U&lc=UgxX7vW8VcCzasfvKzt4AaABAg,UgxX7vW8VcCzasfvKzt4AaABAg,UCVNaOxPbc9ZEHqlMp6TAgMA,"Fetched 05/24/2026, 8:08:10 PM GMT+8"
13675,@judithGaoan,5 days ago,Enjoy the viewing / Lokal ng La Trinidad,https://www.youtube.com/watch?v=ROa3kbG5M0U&lc=UgytrJH3HlzquJvXPUF4AaABAg,UgytrJH3HlzquJvXPUF4AaABAg,UCRorSeBrDC02x6GWPC4AB4Q,"Fetched 05/24/2026, 8:08:10 PM GMT+8"
13676,@ElPrimo-z9p,5 days ago,#baguio city / #benguet / happy viewing po sa lahat,https://www.youtube.com/watch?v=ROa3kbG5M0U&lc=UgxVCu7N8p35-4ZJFAt4AaABAg,UgxVCu7N8p35-4ZJFAt4AaABAg,UCrbm_HDL1YQeBGR2PEsuGCQ,"Fetched 05/24/2026, 8:08:10 PM GMT+8"
13677,@BnHydn_4,5 days ago,Happy viewing 🎊  / Lokal ng La Trinidad,https://www.youtube.com/watch?v=ROa3kbG5M0U&lc=UgySNaFaEos_B3aKUWd4AaABAg,UgySNaFaEos_B3aKUWd4AaABAg,UCBGtwATEAOhJaVSd9_AsgFw,"Fetched 05/24/2026, 8:08:10 PM GMT+8"
13678,@VillalonChristineIris,5 days ago,Happyyyy viewing poooo sa lahat ng mga kapatid namin ❤ mula po sa lokal ng Quezon Hill distrito ng Benguet 🎉❤,https://www.youtube.com/watch?v=ROa3kbG5M0U&lc=UgyNtUQIfqt8frOu72p4AaABAg,UgyNtUQIfqt8frOu72p4AaABAg,UCf375rkFISCYDWp-lczbJZw,"Fetched 05/24/2026, 8:08:10 PM GMT+8"
13679,@VillalonChristineIris,5 days ago,Happyyyy viewing poooo sa lahat ng mga kapatid namin ❤ mula po sa lokal ng Quezon Hill distrito ng Benguet 🎉❤,https://www.youtube.com/watch?v=ROa3kbG5M0U&lc=UgxCaIaDregqZrd3Dsl4AaABAg,UgxCaIaDregqZrd3Dsl4AaABAg,UCf375rkFISCYDWp-lczbJZw,"Fetched 05/24/2026, 8:08:10 PM GMT+8"
13680,@VillalonChristineIris,5 days ago,Happyyyy viewing poooo sa lahat ng mga kapatid namin ❤ mula po sa lokal ng Quezon Hill distrito ng Benguet 🎉❤,https://www.youtube.com/watch?v=ROa3kbG5M0U&lc=UgzhkJ_9SXsv-8nQmJV4AaABAg,UgzhkJ_9SXsv-8nQmJV4AaABAg,UCf375rkFISCYDWp-lczbJZw,"Fetched 05/24/2026, 8:08:10 PM GMT+8"
13681,@VillalonChristineIris,5 days ago,Happyyyy viewing poooo sa lahat ng mga kapatid namin ❤ mula po sa lokal ng Quezon Hill distrito ng Benguet 🎉❤,https://www.youtube.com/watch?v=ROa3kbG5M0U&lc=UgzsTl_wsb1Wu3deuzd4AaABAg,UgzsTl_wsb1Wu3deuzd4AaABAg,UCf375rkFISCYDWp-lczbJZw,"Fetched 05/24/2026, 8:08:10 PM GMT+8"
13682,@Bnhydn_5,5 days ago,"Patuloy ang panonood ‼️👏  / Binhi watchers, mula po sa lokal ng La Trinidad",https://www.youtube.com/watch?v=ROa3kbG5M0U&lc=UgzerxYAAjWDdu2vz8l4AaABAg,UgzerxYAAjWDdu2vz8l4AaABAg,UCFHEYFlsmd9j3CJVNeyyLqw,"Fetched 05/24/2026, 8:08:10 PM GMT+8"
13683,@VillalonChristineIris,5 days ago,Happyyyy viewing poooo sa lahat ng mga kapatid namin ❤ mula po sa lokal ng Quezon Hill distrito ng Benguet 🎉❤,https://www.youtube.com/watch?v=ROa3kbG5M0U&lc=Ugx3R60B0Gtr1kBJdlB4AaABAg,Ugx3R60B0Gtr1kBJdlB4AaABAg,UCf375rkFISCYDWp-lczbJZw,"Fetched 05/24/2026, 8:08:10 PM GMT+8"
13684,@sylviaaquino1402,5 days ago,Greetings po sa lahat ng kapatid mula sa lokal bg Baguio,https://www.youtube.com/watch?v=ROa3kbG5M0U&lc=UgxYJ-5uU1OqDIsDIj54AaABAg,UgxYJ-5uU1OqDIsDIj54AaABAg,UCYnj0QipEvxHgMbwQaySmZA,"Fetched 05/24/2026, 8:08:10 PM GMT+8"
13685,@VillalonChristineIris,5 days ago,Happyyyy viewing poooo sa lahat ng mga kapatid namin ❤ mula po sa lokal ng Quezon Hill distrito ng Benguet 🎉❤,https://www.youtube.com/watch?v=ROa3kbG5M0U&lc=UgzCYsFur2TnDOYQgxR4AaABAg,UgzCYsFur2TnDOYQgxR4AaABAg,UCf375rkFISCYDWp-lczbJZw,"Fetched 05/24/2026, 8:08:10 PM GMT+8"
13686,@VillalonChristineIris,5 days ago,Happyyyy viewing poooo sa lahat ng mga kapatid namin ❤ mula po sa lokal ng Quezon Hill distrito ng Benguet 🎉❤,https://www.youtube.com/watch?v=ROa3kbG5M0U&lc=UgxBBjIw7k2IctNC4qd4AaABAg,UgxBBjIw7k2IctNC4qd4AaABAg,UCf375rkFISCYDWp-lczbJZw,"Fetched 05/24/2026, 8:08:10 PM GMT+8"
13687,@VillalonChristineIris,5 days ago,Happyyyy viewing poooo sa lahat ng mga kapatid namin ❤ mula po sa lokal ng Quezon Hill distrito ng Benguet 🎉❤,https://www.youtube.com/watch?v=ROa3kbG5M0U&lc=Ugz_fB3bCbBS52JtUOJ4AaABAg,Ugz_fB3bCbBS52JtUOJ4AaABAg,UCf375rkFISCYDWp-lczbJZw,"Fetched 05/24/2026, 8:08:10 PM GMT+8"
13688,@CasseySGonzales,5 days ago,FIGGHHHHHTTTT!!! 💪BENGUETT⛰️🫶 / FROM LOKAL NG La Trinidad🍓 kapisanang Binhi🌱,https://www.youtube.com/watch?v=ROa3kbG5M0U&lc=UgyAEDCWmeTBeVeSZcJ4AaABAg,UgyAEDCWmeTBeVeSZcJ4AaABAg,UCZ_1zJtZfWs6L_NdfNJCvtQ,"Fetched 05/24/2026, 8:08:10 PM GMT+8"
13689,@sylviaaquino1402,5 days ago,Gandang umaga po mula sa lokal ng Baguio,https://www.youtube.com/watch?v=ROa3kbG5M0U&lc=UgxvsLmhNyqCJpJtYzB4AaABAg,UgxvsLmhNyqCJpJtYzB4AaABAg,UCYnj0QipEvxHgMbwQaySmZA,"Fetched 05/24/2026, 8:08:10 PM GMT+8"
13690,@Its_Handsome_Kurtzky5442,5 days ago,Road to top 1 / Letzzz goooo Benguet / Fight! Fight! Fight! 🎉 / Pagbati mula sa Lokal ng Tuba Distrito ng Benguet,https://www.youtube.com/watch?v=ROa3kbG5M0U&lc=UgzjAa42r1snayROitV4AaABAg,UgzjAa42r1snayROitV4AaABAg,UC8-5OKyruhxurhAkxdT5SlQ,"Fetched 05/24/2026, 8:08:10 PM GMT+8"
13691,@sylviaaquino1402,5 days ago,Greetings po from lokal ng Baguio,https://www.youtube.com/watch?v=ROa3kbG5M0U&lc=Ugypj4IMlwNIBggyPmN4AaABAg,Ugypj4IMlwNIBggyPmN4AaABAg,UCYnj0QipEvxHgMbwQaySmZA,"Fetched 05/24/2026, 8:08:10 PM GMT+8"
13692,@sylviaaquino1402,5 days ago,"God's Love ang saya saya.,lokal po ng Baguio City",https://www.youtube.com/watch?v=ROa3kbG5M0U&lc=UgwoXLlLKkRNqcI8-zZ4AaABAg,UgwoXLlLKkRNqcI8-zZ4AaABAg,UCYnj0QipEvxHgMbwQaySmZA,"Fetched 05/24/2026, 8:08:10 PM GMT+8"
13693,@jorelgabriel8324,5 days ago,Road to Top 1! Go Benguet! Binhi Lokal ng Quezon Hill,https://www.youtube.com/watch?v=ROa3kbG5M0U&lc=Ugz9RtYWsnhH7Dm4AVR4AaABAg,Ugz9RtYWsnhH7Dm4AVR4AaABAg,UCBIE7jhUBWUPdWVLZoRrNYA,"Fetched 05/24/2026, 8:08:10 PM GMT+8"
13694,@NorbertoMislang-k1f,5 days ago,God's Love Benguet..  / Lokal ng Baguio  City❤❤❤,https://www.youtube.com/watch?v=ROa3kbG5M0U&lc=UgwsfYLXcvlq11Cdfh94AaABAg,UgwsfYLXcvlq11Cdfh94AaABAg,UCHrMwbP6cIZPIlWf5nvI8dA,"Fetched 05/24/2026, 8:08:10 PM GMT+8"
13695,@CasseySGonzales,5 days ago,Mula po sa Kapisanang BINHI 🌱 ng Lokal ng La Trinidad 🍓 / Mag umagahan po muna tayo🍲🥗☕️habang nanonood,https://www.youtube.com/watch?v=ROa3kbG5M0U&lc=UgxdXClblZ_99W3nHBF4AaABAg,UgxdXClblZ_99W3nHBF4AaABAg,UCZ_1zJtZfWs6L_NdfNJCvtQ,"Fetched 05/24/2026, 8:08:10 PM GMT+8"
13696,@judithGaoan,5 days ago,Go go go Benguet  / Mula po sa lokal ng La Trinidad ✨,https://www.youtube.com/watch?v=ROa3kbG5M0U&lc=Ugzq7HqjdLmc7PJM7Tt4AaABAg,Ugzq7HqjdLmc7PJM7Tt4AaABAg,UCRorSeBrDC02x6GWPC4AB4Q,"Fetched 05/24/2026, 8:08:10 PM GMT+8"
13697,@jasminedaludado7262,5 days ago,Gising gising mga KADIWA jan / Nood na po ulit tayo mga kapatid❤ /  / From Lokal ng Guisad,https://www.youtube.com/watch?v=ROa3kbG5M0U&lc=Ugw3x4Xay6mdqJrbAK14AaABAg,Ugw3x4Xay6mdqJrbAK14AaABAg,UCA4HVmdH2Xj67gK8nZmpiZg,"Fetched 05/24/2026, 8:08:10 PM GMT+8"
13698,@sylviaaquino1402,5 days ago,"God's love, ang saya mula sa lokal ng Baguio",https://www.youtube.com/watch?v=ROa3kbG5M0U&lc=Ugyhlzh52zQJlRWwMrZ4AaABAg,Ugyhlzh52zQJlRWwMrZ4AaABAg,UCYnj0QipEvxHgMbwQaySmZA,"Fetched 05/24/2026, 8:08:10 PM GMT+8"
13699,@judithGaoan,5 days ago,Happy viewing po sa lahat mula po sa lokal ng La Trinidad,https://www.youtube.com/watch?v=ROa3kbG5M0U&lc=UgxbpBIMcxfQF8BLVi14AaABAg,UgxbpBIMcxfQF8BLVi14AaABAg,UCRorSeBrDC02x6GWPC4AB4Q,"Fetched 05/24/2026, 8:08:10 PM GMT+8"
13700,@AlvieMangsat-c4m,5 days ago,Happy Viewing po Binhi and Kadiwa District Officers!,https://www.youtube.com/watch?v=ROa3kbG5M0U&lc=UgxlHR6m62DpVqfh3F14AaABAg,UgxlHR6m62DpVqfh3F14AaABAg,UCe2qidW_pQ1iCUkpjLZCXUA,"Fetched 05/24/2026, 8:08:10 PM GMT+8"
13701,@CasseySGonzales,5 days ago,"Very Inspiring po 👏👏👏 / Just by listening to this song, buong buo na po ang araw ko🌄 / Greetings po from lokal ng La Trinidad, Benguet❤kapisanang Binhi",https://www.youtube.com/watch?v=ROa3kbG5M0U&lc=UgyAI8F4TIYzX8Wdexd4AaABAg,UgyAI8F4TIYzX8Wdexd4AaABAg,UCZ_1zJtZfWs6L_NdfNJCvtQ,"Fetched 05/24/2026, 8:08:10 PM GMT+8"
13702,@LeanneAnele,5 days ago,Happy viewing and dancing mga kapatid from Marcos Highway po,https://www.youtube.com/watch?v=ROa3kbG5M0U&lc=UgyfFBUkOl9r1kKDgu94AaABAg,UgyfFBUkOl9r1kKDgu94AaABAg,UCDM40hEfyLHj1QYV6Ilwbvg,"Fetched 05/24/2026, 8:08:10 PM GMT+8"
13703,@AlvieMangsat-c4m,5 days ago,Go Benguet!! close to number onee na tayoo!! Happy Viewing po Lokal ng Megaroyale Village!,https://www.youtube.com/watch?v=ROa3kbG5M0U&lc=UgwbBO5SMRvEEc3buUZ4AaABAg,UgwbBO5SMRvEEc3buUZ4AaABAg,UCe2qidW_pQ1iCUkpjLZCXUA,"Fetched 05/24/2026, 8:08:10 PM GMT+8"
13704,@CasseySGonzales,5 days ago,"Very energizing ⚡️and inspirational🌟po, perfect na perfect🤌 pakinggan 🎧 lalo na sa Umaga🌄 / From lokal ng La Trinidad🍓 kapisanang Binhi🌱",https://www.youtube.com/watch?v=ROa3kbG5M0U&lc=UgzLEOGdJt67h02_vTR4AaABAg,UgzLEOGdJt67h02_vTR4AaABAg,UCZ_1zJtZfWs6L_NdfNJCvtQ,"Fetched 05/24/2026, 8:08:10 PM GMT+8"
13705,@sylviaaquino1402,5 days ago,watching from Baguio city,https://www.youtube.com/watch?v=ROa3kbG5M0U&lc=UgyOBlwUKD76IjAIAK54AaABAg,UgyOBlwUKD76IjAIAK54AaABAg,UCYnj0QipEvxHgMbwQaySmZA,"Fetched 05/24/2026, 8:08:10 PM GMT+8"
13706,@rachelmariemaniacup6084,5 days ago,"Magandang umaga po mga kapatid! Let's all watch na po! From Marcos Highway, district of Benguet.🥰",https://www.youtube.com/watch?v=ROa3kbG5M0U&lc=UgxsbVnyY6A8dF1brkp4AaABAg,UgxsbVnyY6A8dF1brkp4AaABAg,UCgg3xBQl1TPBsKjNibQRmaA,"Fetched 05/24/2026, 8:08:10 PM GMT+8"
13707,@nonagabriel-d9o,5 days ago,Happy viewing po! from Lokal ng Quezon HIll-Buklod,https://www.youtube.com/watch?v=ROa3kbG5M0U&lc=UgzhTUGKylfXLUc0IJN4AaABAg,UgzhTUGKylfXLUc0IJN4AaABAg,UCjwb4svioLk_cg-vhI91Uaw,"Fetched 05/24/2026, 8:08:10 PM GMT+8"
13708,@sylviaaquino1402,5 days ago,"Go Benguet, Baguio",https://www.youtube.com/watch?v=ROa3kbG5M0U&lc=UgzcjE6N-rQmyn-B7DB4AaABAg,UgzcjE6N-rQmyn-B7DB4AaABAg,UCYnj0QipEvxHgMbwQaySmZA,"Fetched 05/24/2026, 8:08:10 PM GMT+8"
13709,@jeffymateus1010,5 days ago,"Pagbati po sa aming Tagapamahalang Pangkahalatan po, Kapatid na EDUARDO V. MANALO at sa amin pong Pangalawang Tagapamahalang Pangkalahatan po, Kapatid na Angelo Eran̈o Manalo Good morning po, mahal na mahal po namin kayo po.",https://www.youtube.com/watch?v=ROa3kbG5M0U&lc=UgyY1XRjb-c5rpzte0t4AaABAg,UgyY1XRjb-c5rpzte0t4AaABAg,UCHtVwXfuaXFwMM2E8FuKkjg,"Fetched 05/24/2026, 8:08:10 PM GMT+8"
13710,@josephdulay9738,5 days ago,Good morning sa lahat mula sa Lokal ng Marcos Highway Benguet,https://www.youtube.com/watch?v=ROa3kbG5M0U&lc=UgywzLV3KojgnIzzKm94AaABAg,UgywzLV3KojgnIzzKm94AaABAg,UCwvvvRliliMsTWa0NSEeWPg,"Fetched 05/24/2026, 8:08:10 PM GMT+8"
13711,@aileensygonzales698,5 days ago,Good morning po mula po sa lokal ng La Trinidad ❤,https://www.youtube.com/watch?v=ROa3kbG5M0U&lc=UgytfXy4zrkX_e2kedV4AaABAg,UgytfXy4zrkX_e2kedV4AaABAg,UCFnUHQGDSZBZoSWfCcbp7ZA,"Fetched 05/24/2026, 8:08:10 PM GMT+8"
13712,@Kate-l7p3n,5 days ago,Go Benguet!! happy watching po mula sa PnK officers sa lokal ng Guisad ❤,https://www.youtube.com/watch?v=ROa3kbG5M0U&lc=UgwEtGXc71hnRoeRM1t4AaABAg,UgwEtGXc71hnRoeRM1t4AaABAg,UCGxGooHWGHIT8dm8aRYPXdw,"Fetched 05/24/2026, 8:08:10 PM GMT+8"
13713,@Savage_TP_TP,5 days ago,Go Benguet / #Mirador_Hills,https://www.youtube.com/watch?v=ROa3kbG5M0U&lc=Ugx5Svao4UWt7kuFQKR4AaABAg,Ugx5Svao4UWt7kuFQKR4AaABAg,UC5-9JkIGyDd8BadvA32sl9g,"Fetched 05/24/2026, 8:08:10 PM GMT+8"
13714,@maricardeocampo8626,5 days ago,"Happy watching po sa mga masisipag at pogi Kong kuya sa opis, kuya Noli, kuya Dysny, at kuya Romer 😊",https://www.youtube.com/watch?v=ROa3kbG5M0U&lc=UgwBi9tpCKSYMuoNuR14AaABAg,UgwBi9tpCKSYMuoNuR14AaABAg,UCWn1vNfL-igvBrAXguDf1CQ,"Fetched 05/24/2026, 8:08:10 PM GMT+8"
13715,@rovellnogoy4494,5 days ago,Now watching po.. Good morning po mga kapatid!  Go Benguet!:finger-red-number-one:,https://www.youtube.com/watch?v=ROa3kbG5M0U&lc=UgwdgOt3leo854DWU4p4AaABAg,UgwdgOt3leo854DWU4p4AaABAg,UCbbPvglLW77Mviuv-BL0C_w,"Fetched 05/24/2026, 8:08:10 PM GMT+8"
13716,@judithGaoan,5 days ago,Good morning po sa lahat... / La Trinidad,https://www.youtube.com/watch?v=ROa3kbG5M0U&lc=UgztkJhej07d7t4fHJh4AaABAg,UgztkJhej07d7t4fHJh4AaABAg,UCRorSeBrDC02x6GWPC4AB4Q,"Fetched 05/24/2026, 8:08:10 PM GMT+8"
13717,@elaizaveniceantonio8756,5 days ago,blessed viewing po mula sa lokal ng Baguio City ! 🎉,https://www.youtube.com/watch?v=ROa3kbG5M0U&lc=Ugww1CCmKLaOwYaV6qh4AaABAg,Ugww1CCmKLaOwYaV6qh4AaABAg,UCWG0uMJfrHKBymnZPaLYV8w,"Fetched 05/24/2026, 8:08:10 PM GMT+8"
13718,@Dekudeku-w6h,5 days ago,Road to Top :finger-red-number-one:,https://www.youtube.com/watch?v=ROa3kbG5M0U&lc=UgwdgOt3leo854DWU4p4AaABAg.AWyRS3IoZpDAWyRhkEO7SC,UgwdgOt3leo854DWU4p4AaABAg.AWyRS3IoZpDAWyRhkEO7SC,UCM4Mu-nbuSNSgbg8URGZjpg,"Fetched 05/24/2026, 8:08:10 PM GMT+8"
13719,@Kate-l7p3n,5 days ago,Happy viewing mga kapatid muka po sa PnK sa lokal ng Guisad!!,https://www.youtube.com/watch?v=ROa3kbG5M0U&lc=UgzRTntInyUy1L5pEbl4AaABAg,UgzRTntInyUy1L5pEbl4AaABAg,UCGxGooHWGHIT8dm8aRYPXdw,"Fetched 05/24/2026, 8:08:10 PM GMT+8"
13720,@Jazz-k6s,5 days ago,May more people be inspired by this😊❤ /  / La Trinidad 🪷🍓,https://www.youtube.com/watch?v=ROa3kbG5M0U&lc=UgymOMV0TwqbixH_LtN4AaABAg,UgymOMV0TwqbixH_LtN4AaABAg,UCjmyu8zkVg7bQQCs4HypxNQ,"Fetched 05/24/2026, 8:08:10 PM GMT+8"
13721,@elaizaveniceantonio8756,5 days ago,FIGHT FIGHT FIGHT BENGUET ! LET'S CLAIM THE NUMBER 1 SPOT ❤  /  / - mula po sa lokal ng Baguio City,https://www.youtube.com/watch?v=ROa3kbG5M0U&lc=UgwJRIgWH-y2e949-v94AaABAg,UgwJRIgWH-y2e949-v94AaABAg,UCWG0uMJfrHKBymnZPaLYV8w,"Fetched 05/24/2026, 8:08:10 PM GMT+8"
13722,@merwinmaiz4972,5 days ago,"Magandang umaga po sa lahat ng mga kapatid , Happy viewing  po ❤❤❤",https://www.youtube.com/watch?v=ROa3kbG5M0U&lc=UgzMdICx2fFTutLdWVt4AaABAg,UgzMdICx2fFTutLdWVt4AaABAg,UCAFUUNBV7hZ0l_w24cyu2lg,"Fetched 05/24/2026, 8:08:10 PM GMT+8"
13723,@carinasolano1737,5 days ago,Good morning Happy viewing po from Distrito Ng Benguet ❤,https://www.youtube.com/watch?v=ROa3kbG5M0U&lc=UgxselYCQJDCzDtNPEF4AaABAg,UgxselYCQJDCzDtNPEF4AaABAg,UCFLLJvd7xaU6SbGQLNbGw-g,"Fetched 05/24/2026, 8:08:10 PM GMT+8"
13724,@BnHydn_2,5 days ago,#INCMV / #BENGUETONTOP / Reach top 1 👆 / -Lokal ng La Trinidad,https://www.youtube.com/watch?v=ROa3kbG5M0U&lc=UgyFwafmVK7jK17p7ix4AaABAg,UgyFwafmVK7jK17p7ix4AaABAg,UCFiIuFtStNyId62JOmMovbw,"Fetched 05/24/2026, 8:08:10 PM GMT+8"
13725,@Julskie28,5 days ago,Happy viewing po sa ating lahat! /  / Let's Go Benguet 🍓 🎉 /  / From KADIWAs of benguet 🎉 / Lokal ng Guisad❤,https://www.youtube.com/watch?v=ROa3kbG5M0U&lc=UgxzDUAZ7nRj8EQGphB4AaABAg,UgxzDUAZ7nRj8EQGphB4AaABAg,UC1nz0UiWHV8lyoQdZtJejeg,"Fetched 05/24/2026, 8:08:10 PM GMT+8"
13726,@levimabutas6628,5 days ago,Manood po habang nagkakape mga kapatid...lokal ng baguio city  po,https://www.youtube.com/watch?v=ROa3kbG5M0U&lc=Ugz0rPnKZuMoi1OQcKl4AaABAg,Ugz0rPnKZuMoi1OQcKl4AaABAg,UC5QGmbYttC7jRxZsWK-3kew,"Fetched 05/24/2026, 8:08:10 PM GMT+8"
13727,@mayukitamura3220,5 days ago,"Good morning to all! Happy Viewing po. Let's push this to #1 Spot po! /  / Go, Benguet! / Fight, Benguet! /  / Greetings to all Kadiwa out there 😘 /  / From Registry/Kalihiman ng Lokal ng Marcos Highway!",https://www.youtube.com/watch?v=ROa3kbG5M0U&lc=UgxF5W1_LLhM-pzUSi14AaABAg,UgxF5W1_LLhM-pzUSi14AaABAg,UCorWwIWI1IWJ_K3BzI2hjnQ,"Fetched 05/24/2026, 8:08:10 PM GMT+8"
13728,@primegarlitos4166,5 days ago,Baguio City / Benguet Finance Team!,https://www.youtube.com/watch?v=ROa3kbG5M0U&lc=UgzDbKLYHF2dSRq-MLV4AaABAg,UgzDbKLYHF2dSRq-MLV4AaABAg,UCCLVWodbPklUEkhu-BVHHMw,"Fetched 05/24/2026, 8:08:10 PM GMT+8"
13729,@DindeeFeCaiquep,5 days ago,Happy Viewing po from Kalihiman ng Distrito🎉🇮🇹,https://www.youtube.com/watch?v=ROa3kbG5M0U&lc=Ugwfil9Ca0CZ1DFzh-h4AaABAg,Ugwfil9Ca0CZ1DFzh-h4AaABAg,UCiU4kzrL_Eyj7uSdJCVfOHg,"Fetched 05/24/2026, 8:08:10 PM GMT+8"
13730,@elaizaveniceantonio8756,5 days ago,"let's go, Benguet ! ❤ /  / mula po sa lokal ng Baguio City",https://www.youtube.com/watch?v=ROa3kbG5M0U&lc=UgwLx4Snb_W9d_9MlL54AaABAg,UgwLx4Snb_W9d_9MlL54AaABAg,UCWG0uMJfrHKBymnZPaLYV8w,"Fetched 05/24/2026, 8:08:10 PM GMT+8"
13731,@maricardeocampo8626,5 days ago,Happy viewing po distrito Ng Benguet! 😊🤗,https://www.youtube.com/watch?v=ROa3kbG5M0U&lc=UgzAXrygZ7gCCSZHSVV4AaABAg,UgzAXrygZ7gCCSZHSVV4AaABAg,UCWn1vNfL-igvBrAXguDf1CQ,"Fetched 05/24/2026, 8:08:10 PM GMT+8"
13732,@minervagalliguez3904,5 days ago,Happy viewing po  sa ating lahat  mula sa Lokal ng Baguio City,https://www.youtube.com/watch?v=ROa3kbG5M0U&lc=Ugxzz3onvrwFZQwn1Q94AaABAg,Ugxzz3onvrwFZQwn1Q94AaABAg,UCKCUtXlJdzzjvHNBNDKkHjQ,"Fetched 05/24/2026, 8:08:10 PM GMT+8"
13733,@jsartworkproductions,5 days ago,Go go go Benguet!!!,https://www.youtube.com/watch?v=ROa3kbG5M0U&lc=UgybQ4jlwyCK7R23OAB4AaABAg,UgybQ4jlwyCK7R23OAB4AaABAg,UC2g-c8I4WvFH2C0IOvF_W6g,"Fetched 05/24/2026, 8:08:10 PM GMT+8"
13734,@DindeeFeCaiquep,5 days ago,Go! Benguet!.. Happy Viewing from lokal ng Camp 6🎉🇮🇹,https://www.youtube.com/watch?v=ROa3kbG5M0U&lc=UgzLLpCTzEF1fNGXpch4AaABAg,UgzLLpCTzEF1fNGXpch4AaABAg,UCiU4kzrL_Eyj7uSdJCVfOHg,"Fetched 05/24/2026, 8:08:10 PM GMT+8"
13735,@elaizaveniceantonio8756,5 days ago,"Happy viewing mula sa Lokal ng Baguio City! 🌟 Binabati ko po ang mga sumusunod na mga kapatid: Ka Julianne Chloe De Guzman, Ka Annedrea Louize Diaz Cacanindin, Ka Alexa Garcia Canta, Ka Bea Cassandra Alcantara Sanglay, Ka Alena Carisse Abaja Austria, Ka Allen Andrie Belen Angeles, Ka Crystal Baltazar Guinto, Ka Divine Grace Lim Viernes, Ka Jonner Jazz Sagantiyoc Guilod, Ka Karla Jerah Opulento, Ka Jake Bad-ey, Ka Lei Jasper Rivera Mendoza, Ka Jonner Jaz Sagantiyoc Guilod at Ka Methoselah Sotto Barrato ! 🎉",https://www.youtube.com/watch?v=ROa3kbG5M0U&lc=Ugxaj0Ts4l3gvqwZOuB4AaABAg,Ugxaj0Ts4l3gvqwZOuB4AaABAg,UCWG0uMJfrHKBymnZPaLYV8w,"Fetched 05/24/2026, 8:08:10 PM GMT+8"
13736,@giloribello,5 days ago,Baguio City it is  ....  /  / ❤❤❤,https://www.youtube.com/watch?v=ROa3kbG5M0U&lc=UgyTtIb1qYi1o4AEtDB4AaABAg,UgyTtIb1qYi1o4AEtDB4AaABAg,UCDoxrvwIaC8g19_zJaWhluQ,"Fetched 05/24/2026, 8:08:10 PM GMT+8"
13737,@Jerald-z6n,5 days ago,"Good Morning po sa Lahat  mula po sa Lokal ng Baguio City, Distrito ng Benguet",https://www.youtube.com/watch?v=ROa3kbG5M0U&lc=UgzpVBEHnqN0O6PTCOV4AaABAg,UgzpVBEHnqN0O6PTCOV4AaABAg,UC8g_QZnHM6Ifblgpu6cGOqQ,"Fetched 05/24/2026, 8:08:10 PM GMT+8"
13738,@primegarlitos4166,5 days ago,Baguio City / Benguet Boom na Boom!,https://www.youtube.com/watch?v=ROa3kbG5M0U&lc=UgwBvDMaSbBKy0HYGz54AaABAg,UgwBvDMaSbBKy0HYGz54AaABAg,UCCLVWodbPklUEkhu-BVHHMw,"Fetched 05/24/2026, 8:08:10 PM GMT+8"
13739,@primegarlitos4166,5 days ago,Baguio City / Gudluck ka Albert INCPC!,https://www.youtube.com/watch?v=ROa3kbG5M0U&lc=UgwUShcmT7AOmBQAfEV4AaABAg,UgwUShcmT7AOmBQAfEV4AaABAg,UCCLVWodbPklUEkhu-BVHHMw,"Fetched 05/24/2026, 8:08:10 PM GMT+8"
13740,@BnHydn_2,5 days ago,Keep watching and reach top 1 ⚡ Fight Benguet 🍓  / Lokal ng La Trinidad 🎉,https://www.youtube.com/watch?v=ROa3kbG5M0U&lc=UgyVu1kwAlHf71mYi8Z4AaABAg,UgyVu1kwAlHf71mYi8Z4AaABAg,UCFiIuFtStNyId62JOmMovbw,"Fetched 05/24/2026, 8:08:10 PM GMT+8"
13741,@pheobegrace6093,5 days ago,Happy viewing mula po sa Kalihiman/ Registry Section ng Lokal ng Quezon Hill,https://www.youtube.com/watch?v=ROa3kbG5M0U&lc=UgxJbt1iwACgXPoiCrJ4AaABAg,UgxJbt1iwACgXPoiCrJ4AaABAg,UCy8CoWHMsd4pO7wvD9D_9Ng,"Fetched 05/24/2026, 8:08:10 PM GMT+8"
13742,@blairgatulla6335,5 days ago,Mabuhay ang Benguet! Mabuhay ang Lokal ng Baguio City! Happy Viewing po sa lahat..,https://www.youtube.com/watch?v=ROa3kbG5M0U&lc=UgyXdi6Bex7ND7Upq_54AaABAg,UgyXdi6Bex7ND7Upq_54AaABAg,UCIhKHo-Qqok8t5094AbqWpg,"Fetched 05/24/2026, 8:08:10 PM GMT+8"
13743,@orlandobanaga4425,5 days ago,"Good Morning po sa ating lahat, watching po from Baguio City, Benguet",https://www.youtube.com/watch?v=ROa3kbG5M0U&lc=UgyxYrE4fNu-rUvY-nV4AaABAg,UgyxYrE4fNu-rUvY-nV4AaABAg,UCjUaYfJZBUS1BcQ9TakUusg,"Fetched 05/24/2026, 8:08:10 PM GMT+8"
13744,@redtiamson4129,5 days ago,"Lets Go BENGUET, Lets go AURORA HILL!!! 🎉🎉🎉",https://www.youtube.com/watch?v=ROa3kbG5M0U&lc=Ugzl8kUTyLTCOiOD_tp4AaABAg,Ugzl8kUTyLTCOiOD_tp4AaABAg,UCRYX3xWspYYmd66NPiJvU5Q,"Fetched 05/24/2026, 8:08:10 PM GMT+8"
13745,@godoybenidictjohn7654,5 days ago,Lets go ..Top 1 Top 1🎉🎉,https://www.youtube.com/watch?v=ROa3kbG5M0U&lc=Ugx5teu_q4PODQHV7yh4AaABAg,Ugx5teu_q4PODQHV7yh4AaABAg,UCB42ziNyHQV4YV2qJwFrUiQ,"Fetched 05/24/2026, 8:08:10 PM GMT+8"
13746,@carmelamaniti9792,5 days ago,Road to top 1,https://www.youtube.com/watch?v=ROa3kbG5M0U&lc=UgyPK1cCH2NeCGYXc6R4AaABAg,UgyPK1cCH2NeCGYXc6R4AaABAg,UCmYj7QIghwHCe7mPJrRZDEQ,"Fetched 05/24/2026, 8:08:10 PM GMT+8"
13747,@pawsor-c5r,5 days ago,Goodmorning po sa lahat ng mga kawani sa distrito ng BENGUET mula po sa lokal ng GUISAD.,https://www.youtube.com/watch?v=ROa3kbG5M0U&lc=UgziW5vWbmb9RbhrnXx4AaABAg,UgziW5vWbmb9RbhrnXx4AaABAg,UC63oHUIkxnjinVIy6M96bMA,"Fetched 05/24/2026, 8:08:10 PM GMT+8"
13748,@EleanorMislang,5 days ago,Magandang Umaga s mga kapatid n patuloy n nanonood at sumusuporta.mula po s lokal ng Baguio city,https://www.youtube.com/watch?v=ROa3kbG5M0U&lc=UgwEtyzkCdkA44332lZ4AaABAg,UgwEtyzkCdkA44332lZ4AaABAg,UC-SX89r34HKuT1KlN8J7WTA,"Fetched 05/24/2026, 8:08:10 PM GMT+8"
13749,@markcharlessolano2183,5 days ago,Road to top 1 BENGUET 🙏 / Happy Viewing everyone from GREENWATER.,https://www.youtube.com/watch?v=ROa3kbG5M0U&lc=UgyZSH456GCjl-XHqqt4AaABAg,UgyZSH456GCjl-XHqqt4AaABAg,UCz9t0Q2OOQ38ZqNFg4Sg4wQ,"Fetched 05/24/2026, 8:08:10 PM GMT+8"
13750,@KazhleeJoy,5 days ago,"Go go go benguet... 😊😊 Watching from lokal ng Lourdes, Benguet. 🎉🎉❤",https://www.youtube.com/watch?v=ROa3kbG5M0U&lc=UgyWyvKxYNx0pXHzqi94AaABAg,UgyWyvKxYNx0pXHzqi94AaABAg,UCcIzM4oWDWhYWFBuMCniK1w,"Fetched 05/24/2026, 8:08:10 PM GMT+8"
13751,@neiljeffersonfortin7735,5 days ago,From Lokal ng Balatoc,https://www.youtube.com/watch?v=ROa3kbG5M0U&lc=UgwZqzS-1B3xFvh6iAd4AaABAg,UgwZqzS-1B3xFvh6iAd4AaABAg,UCzMhyS9XhK6L7iy3bwA1bfw,"Fetched 05/24/2026, 8:08:10 PM GMT+8"
13752,@BnHydn_2,5 days ago,Never ending support Mula po sa lokal ng La Trinidad. Happy viewing po!! 🙌,https://www.youtube.com/watch?v=ROa3kbG5M0U&lc=UgwjaqyNdIgZ93yb9X94AaABAg,UgwjaqyNdIgZ93yb9X94AaABAg,UCFiIuFtStNyId62JOmMovbw,"Fetched 05/24/2026, 8:08:10 PM GMT+8"
13753,@neiljeffersonfortin7735,5 days ago,Lets go benguet,https://www.youtube.com/watch?v=ROa3kbG5M0U&lc=UgzAuVBGQpuJwK7NP-t4AaABAg,UgzAuVBGQpuJwK7NP-t4AaABAg,UCzMhyS9XhK6L7iy3bwA1bfw,"Fetched 05/24/2026, 8:08:10 PM GMT+8"
13754,@axeliee-m5u,5 days ago,maligayang panonood po mga kapatid 👋👋  /  / Pagbati po mula sa Lokal ng La Trinidad 🙌,https://www.youtube.com/watch?v=ROa3kbG5M0U&lc=Ugwptkr428LVkm0AR4V4AaABAg,Ugwptkr428LVkm0AR4V4AaABAg,UCxjmGS0yLlCMs4Fe-AqbHFw,"Fetched 05/24/2026, 8:08:10 PM GMT+8"
13755,@VenusBalite,5 days ago,Goodmorning po😊 / Watching from lokal ng Posos🫶,https://www.youtube.com/watch?v=ROa3kbG5M0U&lc=Ugz4YvWXkL0EL5ljq_94AaABAg,Ugz4YvWXkL0EL5ljq_94AaABAg,UCUKkJqciOO_uazQJMUCTMug,"Fetched 05/24/2026, 8:08:10 PM GMT+8"
13756,@Pogi-s7v,5 days ago,Benguet number 1 ☝️  /  / From: Taloy Sur,https://www.youtube.com/watch?v=ROa3kbG5M0U&lc=UgwYEIIJk2GfQkuzsdN4AaABAg,UgwYEIIJk2GfQkuzsdN4AaABAg,UCUoKQr0Va6g_r-CxNXipYEg,"Fetched 05/24/2026, 8:08:10 PM GMT+8"
13757,@AlizaBatino,5 days ago,Mula po sa kapisanang binhi happy viewing po mula po sa lokal ng Megaroyale Village Distrito ng Benguet!❤,https://www.youtube.com/watch?v=ROa3kbG5M0U&lc=UgzgDO51_Q8Xr8ksq0d4AaABAg,UgzgDO51_Q8Xr8ksq0d4AaABAg,UCg-VuGuJ31HgYmRB8MjzeZw,"Fetched 05/24/2026, 8:08:10 PM GMT+8"
13758,@BnHydn_2,5 days ago,Beautifully made with sincerity and devotion 💧 / -Lokal ng La Trinidad 👏,https://www.youtube.com/watch?v=ROa3kbG5M0U&lc=UgwTpTWxcddczwhrzXp4AaABAg,UgwTpTWxcddczwhrzXp4AaABAg,UCFiIuFtStNyId62JOmMovbw,"Fetched 05/24/2026, 8:08:10 PM GMT+8"
13759,@romeojun9918,5 days ago,Magandang⁵ Umaga Po sa LAHAT ng Kapatid sa buong Mundo.. lubus na sumusuporta Po Mula Po sa lokal ng Marcos high way distrito ng benguet 🤗🇮🇹,https://www.youtube.com/watch?v=ROa3kbG5M0U&lc=UgzZU-6AlN7qMQEcTVt4AaABAg,UgzZU-6AlN7qMQEcTVt4AaABAg,UC78hWlC55LWXXfjHcWXsXZw,"Fetched 05/24/2026, 8:08:10 PM GMT+8"
13760,@BnHydn_2,5 days ago,Such a strong and uplifting message 🌠 🙌 / -Lokal ng La Trinidad 🍓,https://www.youtube.com/watch?v=ROa3kbG5M0U&lc=UgxkAt3nqrKImGjqLaF4AaABAg,UgxkAt3nqrKImGjqLaF4AaABAg,UCFiIuFtStNyId62JOmMovbw,"Fetched 05/24/2026, 8:08:10 PM GMT+8"
13761,@EleanorMislang,5 days ago,Go Benguet! Road to #1.from Baguio city,https://www.youtube.com/watch?v=ROa3kbG5M0U&lc=UgwcOH6xQBHd7Jt2Jjx4AaABAg,UgwcOH6xQBHd7Jt2Jjx4AaABAg,UC-SX89r34HKuT1KlN8J7WTA,"Fetched 05/24/2026, 8:08:10 PM GMT+8"
13762,@glyzabanna7194,5 days ago,From La trinidad yeeyyy,https://www.youtube.com/watch?v=ROa3kbG5M0U&lc=UgwQwgYpnUs6SjUSwDF4AaABAg,UgwQwgYpnUs6SjUSwDF4AaABAg,UCzWm2AkblGXVz9KgvNhIehQ,"Fetched 05/24/2026, 8:08:10 PM GMT+8"
13763,@AdoraCasem,5 days ago,Happy viewing from lokal ng marcos highway,https://www.youtube.com/watch?v=ROa3kbG5M0U&lc=Ugx8Pca4lR7M5Gt1-N54AaABAg,Ugx8Pca4lR7M5Gt1-N54AaABAg,UCtg9Af3GsVHxAYSdgHGxriA,"Fetched 05/24/2026, 8:08:10 PM GMT+8"
13764,@jonieyonga-an5239,5 days ago,Good morning Benguetttt!!! /  / Kape habang nanonood❤ / Pagbati Po sa mga Kadiwa at binhi natin jan!!🎉 /  / Mula Po sa lokal Ng NORCAR!!!,https://www.youtube.com/watch?v=ROa3kbG5M0U&lc=UgyDaDvm10fjkfity5R4AaABAg,UgyDaDvm10fjkfity5R4AaABAg,UCgUo3JP_Fffuctza4bUumJg,"Fetched 05/24/2026, 8:08:10 PM GMT+8"
13765,@neiljeffersonfortin3339,5 days ago,🎉🎉🎉 From lokal ng Balatoc,https://www.youtube.com/watch?v=ROa3kbG5M0U&lc=UgwoB4WVm3h84_z9VPF4AaABAg,UgwoB4WVm3h84_z9VPF4AaABAg,UCb3Vat0eVelsW8XLhD7pILA,"Fetched 05/24/2026, 8:08:10 PM GMT+8"
13766,@Kate-l7p3n,5 days ago,Lets go Benguet!! watching po from PnK officers ng lokal ng Guisad!❤,https://www.youtube.com/watch?v=ROa3kbG5M0U&lc=UgxuLjKTZx9LdqWHJI94AaABAg,UgxuLjKTZx9LdqWHJI94AaABAg,UCGxGooHWGHIT8dm8aRYPXdw,"Fetched 05/24/2026, 8:08:10 PM GMT+8"
13767,@BnHydn_2,5 days ago,Ang awiting ito ay tunay na nakakapagbigay lakas ng loob 🙏💪 watching Mula po sa lokal ng La Trinidad 🎉,https://www.youtube.com/watch?v=ROa3kbG5M0U&lc=UgxD8YlcwbQJYq225q94AaABAg,UgxD8YlcwbQJYq225q94AaABAg,UCFiIuFtStNyId62JOmMovbw,"Fetched 05/24/2026, 8:08:10 PM GMT+8"
13768,@Yana_Cax_3yyy,5 days ago,Happy Morning everyone! Go Bengueeeet! Watching from lokal po ng Megaroyale Village kapisanang Binhi pagbati rin po sa kasamahan ko pong Kadiwa at Binhi District Officers❤️‍🔥,https://www.youtube.com/watch?v=ROa3kbG5M0U&lc=UgzS1wvofltkQZnD7yt4AaABAg,UgzS1wvofltkQZnD7yt4AaABAg,UCdy8uW-rntsBTXOfRU0mC6A,"Fetched 05/24/2026, 8:08:10 PM GMT+8"
13769,@joselitotomita1029,5 days ago,Go Benguet kalihim Lokal ng Bangho 😊😊😊,https://www.youtube.com/watch?v=ROa3kbG5M0U&lc=Ugzop3F3cMtNBljZ7IF4AaABAg,Ugzop3F3cMtNBljZ7IF4AaABAg,UCyzbu0RN6bsQ88Mspf9VvQQ,"Fetched 05/24/2026, 8:08:10 PM GMT+8"
13770,@gwynethcayabyab5981,5 days ago,Go Benguet! Let's make it to the number one spot! / Happy viewing from lokal ng Megaroyale🎉,https://www.youtube.com/watch?v=ROa3kbG5M0U&lc=UgxtJYUAqlQdu0K6AEt4AaABAg,UgxtJYUAqlQdu0K6AEt4AaABAg,UCouodNvhL1bfJC2Fz0B_Rcw,"Fetched 05/24/2026, 8:08:10 PM GMT+8"
13771,@luibustamante9493,5 days ago,"Good morning and happy viewing po mga kapatid. Pagbati po mula sa Mang-aawit at Kadiwa Mt, Lokal ng Tuba Distrito ng Benguet🤗🤗🤗 /  /  / Have a great day ahead po. 🥰",https://www.youtube.com/watch?v=ROa3kbG5M0U&lc=UgxfdPMBTZ9_JjsPYbl4AaABAg,UgxfdPMBTZ9_JjsPYbl4AaABAg,UCFAmrhDmv6rvZrQoYp-IS9w,"Fetched 05/24/2026, 8:08:10 PM GMT+8"
13772,@godoybenidictjohn7654,5 days ago,"Lets go, Fight Fight Fight 💪💪💪 /  / From Norcar, Benguet",https://www.youtube.com/watch?v=ROa3kbG5M0U&lc=UgzsFd7IESPlIwfEZYB4AaABAg,UgzsFd7IESPlIwfEZYB4AaABAg,UCB42ziNyHQV4YV2qJwFrUiQ,"Fetched 05/24/2026, 8:08:10 PM GMT+8"
13773,@Cielinh,5 days ago,Good morning po viewing from lokal ng Atok Gold❤❤,https://www.youtube.com/watch?v=ROa3kbG5M0U&lc=UgwGX42BIzwHYcti1OJ4AaABAg,UgwGX42BIzwHYcti1OJ4AaABAg,UCCaZtqji_s6jqDoVERM6D1w,"Fetched 05/24/2026, 8:08:10 PM GMT+8"
13774,@Dekudeku-w6h,5 days ago,Happy viewing po sa lahat 🥳🥳🥳🥳,https://www.youtube.com/watch?v=ROa3kbG5M0U&lc=UgxMcH9-2qUpjHVDEDZ4AaABAg,UgxMcH9-2qUpjHVDEDZ4AaABAg,UCM4Mu-nbuSNSgbg8URGZjpg,"Fetched 05/24/2026, 8:08:10 PM GMT+8"
13775,@IeshaObana,5 days ago,"goodmorning po sa mga kasama kong binhi at kadiwa  district officer na nanonood, mula po sa lokal ng mirador hills",https://www.youtube.com/watch?v=ROa3kbG5M0U&lc=Ugxsza4hQ3KjF7rSzYp4AaABAg,Ugxsza4hQ3KjF7rSzYp4AaABAg,UCipT-3PF6TAIBDln8IkDgkA,"Fetched 05/24/2026, 8:08:10 PM GMT+8"
13776,@BnHydn_2,5 days ago,Such a powerful and soul-touching masterpiece 🔑💚 Still watching Mula po sa lokal ng La Trinidad 🩶🤍,https://www.youtube.com/watch?v=ROa3kbG5M0U&lc=Ugy2flhpNjQy-bEkn9x4AaABAg,Ugy2flhpNjQy-bEkn9x4AaABAg,UCFiIuFtStNyId62JOmMovbw,"Fetched 05/24/2026, 8:08:10 PM GMT+8"
13777,@rosendabauzon2025,5 days ago,# GODS LOVE❤❤ / #LOKAL NG IRISAN❤❤❤,https://www.youtube.com/watch?v=ROa3kbG5M0U&lc=UgzlHmJIyUILW-B7yEx4AaABAg,UgzlHmJIyUILW-B7yEx4AaABAg,UCIxunIag4Pkjs9AwwMi_KOw,"Fetched 05/24/2026, 8:08:10 PM GMT+8"
13778,@EleanorMislang,5 days ago,A brandnew day to support our district 's entry.go Benguet! Much love from Baguio city,https://www.youtube.com/watch?v=ROa3kbG5M0U&lc=UgyjSs7gDIkMOZIhTY94AaABAg,UgyjSs7gDIkMOZIhTY94AaABAg,UC-SX89r34HKuT1KlN8J7WTA,"Fetched 05/24/2026, 8:08:10 PM GMT+8"
13779,@godoybenidictjohn7654,5 days ago,"Happy Viewing po from Norcar, Benguet 😊",https://www.youtube.com/watch?v=ROa3kbG5M0U&lc=UgxmmaeVsS1YQ0mtCBF4AaABAg,UgxmmaeVsS1YQ0mtCBF4AaABAg,UCB42ziNyHQV4YV2qJwFrUiQ,"Fetched 05/24/2026, 8:08:10 PM GMT+8"
13780,@mylaesguerra8003,5 days ago,Good morning po sa lahat ng mga kapatid at sa lahat ng mga staff po s distrito ng benguet. Mula po s lokal ng baguio city,https://www.youtube.com/watch?v=ROa3kbG5M0U&lc=UgwzU-2fcwyeIZUv81t4AaABAg,UgwzU-2fcwyeIZUv81t4AaABAg,UCXQBbKp1DYz9dmG3EyMMX3Q,"Fetched 05/24/2026, 8:08:10 PM GMT+8"
13781,@BnHydn_2,5 days ago,Every word felt like a blessing 💞 Mula po sa lokal ng La Trinidad 💕,https://www.youtube.com/watch?v=ROa3kbG5M0U&lc=UgxsQhsy2ubeGiLLOJl4AaABAg,UgxsQhsy2ubeGiLLOJl4AaABAg,UCFiIuFtStNyId62JOmMovbw,"Fetched 05/24/2026, 8:08:10 PM GMT+8"
13782,@ambrosioanofojr4444,5 days ago,Goodmorning po sa Lahat! / Let's Go Benguet! / -kadiwa at lokal ng Norcar,https://www.youtube.com/watch?v=ROa3kbG5M0U&lc=UgzgpelQsHN2QD4TbX94AaABAg,UgzgpelQsHN2QD4TbX94AaABAg,UCQACOM5LJpxnKpV1DM1bwew,"Fetched 05/24/2026, 8:08:10 PM GMT+8"
13783,@rejomartayaban,5 days ago,Patuloy na panonood po mula sa kapisanang kadiwa sa Lokal ng La Trinidad,https://www.youtube.com/watch?v=ROa3kbG5M0U&lc=Ugyu5hvsLurEzzXCmsp4AaABAg,Ugyu5hvsLurEzzXCmsp4AaABAg,UCi7RYRPFL6HTFaScpYFJMJQ,"Fetched 05/24/2026, 8:08:10 PM GMT+8"
13784,@ivymorenomaravilla,5 days ago,"Congrats po sa lahat ng bumuo ng MV, napakagaling po! Greetings mula sa Baguio City ❤❤❤",https://www.youtube.com/watch?v=ROa3kbG5M0U&lc=UgwVlNPmo-Ksgo6s65Z4AaABAg,UgwVlNPmo-Ksgo6s65Z4AaABAg,UC32rXNkKQhO9c-YLliCwYLg,"Fetched 05/24/2026, 8:08:10 PM GMT+8"
13785,@BnHydn_2,5 days ago,The message of God shines so brightly here 🌟✨ Mula po sa lokal ng La Trinidad 🐏🌱,https://www.youtube.com/watch?v=ROa3kbG5M0U&lc=UgxFYnaYRO3vm5E6NLp4AaABAg,UgxFYnaYRO3vm5E6NLp4AaABAg,UCFiIuFtStNyId62JOmMovbw,"Fetched 05/24/2026, 8:08:10 PM GMT+8"
13786,@ivymorenomaravilla,5 days ago,Happy Viewing po sa lahat mula sa Baguio City ❤,https://www.youtube.com/watch?v=ROa3kbG5M0U&lc=Ugzd5UouYu_fGHp9JP14AaABAg,Ugzd5UouYu_fGHp9JP14AaABAg,UC32rXNkKQhO9c-YLliCwYLg,"Fetched 05/24/2026, 8:08:10 PM GMT+8"
13787,@ivymorenomaravilla,5 days ago,Full support po lagi ang Baguio City ❤,https://www.youtube.com/watch?v=ROa3kbG5M0U&lc=UgxupGVSMDDmILsNlTV4AaABAg,UgxupGVSMDDmILsNlTV4AaABAg,UC32rXNkKQhO9c-YLliCwYLg,"Fetched 05/24/2026, 8:08:10 PM GMT+8"
13788,@EleanorMislang,5 days ago,Good morning po.from lokal ng Baguio city,https://www.youtube.com/watch?v=ROa3kbG5M0U&lc=UgwPpnJNoMYZU8UwBDt4AaABAg,UgwPpnJNoMYZU8UwBDt4AaABAg,UC-SX89r34HKuT1KlN8J7WTA,"Fetched 05/24/2026, 8:08:10 PM GMT+8"
13789,@ivymorenomaravilla,5 days ago,Watching po from Baguio City 🎉🎉🎉,https://www.youtube.com/watch?v=ROa3kbG5M0U&lc=UgwQQi9-7CCjJ8J-91F4AaABAg,UgwQQi9-7CCjJ8J-91F4AaABAg,UC32rXNkKQhO9c-YLliCwYLg,"Fetched 05/24/2026, 8:08:10 PM GMT+8"
13790,@FranzHermann-v4p,5 days ago,"Isang napakahusay na entry mula sa ating Distrito! Happy viewing from Lokal ng Lourdes, Distrito ng Benguet.",https://www.youtube.com/watch?v=ROa3kbG5M0U&lc=Ugwad-TbE7WFIGwpMfJ4AaABAg,Ugwad-TbE7WFIGwpMfJ4AaABAg,UCTWD93RpRARRUegiboHtafA,"Fetched 05/24/2026, 8:08:10 PM GMT+8"
13791,@FranzHermann-v4p,5 days ago,"Solid at napakahusay! Happy viewing from Lokal ng Lourdes, Distrito ng Benguet.",https://www.youtube.com/watch?v=ROa3kbG5M0U&lc=UgynZRyWEt9shXiKiTp4AaABAg,UgynZRyWEt9shXiKiTp4AaABAg,UCTWD93RpRARRUegiboHtafA,"Fetched 05/24/2026, 8:08:10 PM GMT+8"
13792,@levimabutas6628,5 days ago,Good morning po sa lahat ng kapatid mula po dito sa lokal ng baguio city,https://www.youtube.com/watch?v=ROa3kbG5M0U&lc=UgzSJDrI2jfY6-JqUCN4AaABAg,UgzSJDrI2jfY6-JqUCN4AaABAg,UC5QGmbYttC7jRxZsWK-3kew,"Fetched 05/24/2026, 8:08:10 PM GMT+8"
13793,@axeliee-m5u,5 days ago,Patuloy pa po kaming naka-suporta 💯  / Pagbati po mula sa Lokal ng La Trinidad 💐,https://www.youtube.com/watch?v=ROa3kbG5M0U&lc=Ugxqvl_68-8qTGCqgmt4AaABAg,Ugxqvl_68-8qTGCqgmt4AaABAg,UCxjmGS0yLlCMs4Fe-AqbHFw,"Fetched 05/24/2026, 8:08:10 PM GMT+8"
13794,@BnHydn_2,5 days ago,This song truly brings peace to the heart ❤  Mula po sa lokal ng La Trinidad 🫀,https://www.youtube.com/watch?v=ROa3kbG5M0U&lc=UgwE-vglXsXFnniQhp54AaABAg,UgwE-vglXsXFnniQhp54AaABAg,UCFiIuFtStNyId62JOmMovbw,"Fetched 05/24/2026, 8:08:10 PM GMT+8"
13795,@FranzHermann-v4p,5 days ago,"Isang napakalaking tagumpay ang produksyon na ito para sa INCMV Awards. Happy viewing from Lokal ng Lourdes, Distrito ng Benguet",https://www.youtube.com/watch?v=ROa3kbG5M0U&lc=Ugx_ZlN3aS3NcQ4XFIl4AaABAg,Ugx_ZlN3aS3NcQ4XFIl4AaABAg,UCTWD93RpRARRUegiboHtafA,"Fetched 05/24/2026, 8:08:10 PM GMT+8"
13796,@BnHydn_2,5 days ago,"Napakagandang awitin, talagang nakakatagos sa puso❤ Mula po sa lokal ng La Trinidad 💛",https://www.youtube.com/watch?v=ROa3kbG5M0U&lc=UgyrPd5C_aefMEYTLIJ4AaABAg,UgyrPd5C_aefMEYTLIJ4AaABAg,UCFiIuFtStNyId62JOmMovbw,"Fetched 05/24/2026, 8:08:10 PM GMT+8"
13797,@FranzHermann-v4p,5 days ago,"Napaka-creative ng pagkakagawa. Happy viewing from Lokal ng Lourdes, Distrito ng Benguet.",https://www.youtube.com/watch?v=ROa3kbG5M0U&lc=UgxLbIspeUmHu1xleHR4AaABAg,UgxLbIspeUmHu1xleHR4AaABAg,UCTWD93RpRARRUegiboHtafA,"Fetched 05/24/2026, 8:08:10 PM GMT+8"
13798,@marneliebatalla8117,5 days ago,"Good morning po, happy viewing po mga kapatid, from lokal ng Baguio City 🩷",https://www.youtube.com/watch?v=ROa3kbG5M0U&lc=UgxsF8EBM2-TBxd7dKJ4AaABAg,UgxsF8EBM2-TBxd7dKJ4AaABAg,UCGZeqKpiLqcjH02gBjGj7kQ,"Fetched 05/24/2026, 8:08:10 PM GMT+8"
13799,@brixgatulla5495,5 days ago,"Good morning and happy viewing po sa lahat ng kapatid mula po dito sa lokal ng baguio city, distrito ng benguet. Enjoy watching mga kapatid 🎉",https://www.youtube.com/watch?v=ROa3kbG5M0U&lc=UgyoTJ8bXtB_1nLa3qp4AaABAg,UgyoTJ8bXtB_1nLa3qp4AaABAg,UChuRJ4t77k773F8B-f5dcSA,"Fetched 05/24/2026, 8:08:10 PM GMT+8"
13800,@BnHydn_2,5 days ago,Road to 37k views⚡ / Happy viewing 💐  / LOKAL NG La Trinidad 🌱,https://www.youtube.com/watch?v=ROa3kbG5M0U&lc=Ugx-5-Zd1A0Ewr-zRtZ4AaABAg,Ugx-5-Zd1A0Ewr-zRtZ4AaABAg,UCFiIuFtStNyId62JOmMovbw,"Fetched 05/24/2026, 8:08:10 PM GMT+8"
13801,@henrycaranto2644,5 days ago,Breakfast na po Team Benguet🎉😊 /  / Let’s Go Benguet❤ / Salamat po sa lahat ng Patuloy na Sumusuporta😊🎉 /  / From lokal ng Baguio City and Kadiwa District and Locale Officers❤🎉,https://www.youtube.com/watch?v=ROa3kbG5M0U&lc=UgwHFqQy2Rn8E9h2Q6h4AaABAg,UgwHFqQy2Rn8E9h2Q6h4AaABAg,UCFilTOy22FklSkBIgwVPVaQ,"Fetched 05/24/2026, 8:08:10 PM GMT+8"
13802,@FranzHermann-v4p,5 days ago,"napakahusay ng buong production team. Happy viewing from Lokal ng Lourdes, Distrito ng Benguet.",https://www.youtube.com/watch?v=ROa3kbG5M0U&lc=UgwcYsboY0cXFJn1RFR4AaABAg,UgwcYsboY0cXFJn1RFR4AaABAg,UCTWD93RpRARRUegiboHtafA,"Fetched 05/24/2026, 8:08:10 PM GMT+8"
13803,@FranzHermann-v4p,5 days ago,"Isang napakahusay na pag-awit na nagpapakita ng tunay na galing ng ating Distrito. Happy viewing from Lokal ng Lourdes, Distrito ng Benguet.",https://www.youtube.com/watch?v=ROa3kbG5M0U&lc=UgyqMBK3wWa4i6lq51h4AaABAg,UgyqMBK3wWa4i6lq51h4AaABAg,UCTWD93RpRARRUegiboHtafA,"Fetched 05/24/2026, 8:08:10 PM GMT+8"
13804,@BnHydn_2,5 days ago,A truly anointed performance 👏 Mula po sa lokal ng La Trinidad ✴️,https://www.youtube.com/watch?v=ROa3kbG5M0U&lc=UgxnITT1oJf4EzSZoSZ4AaABAg,UgxnITT1oJf4EzSZoSZ4AaABAg,UCFiIuFtStNyId62JOmMovbw,"Fetched 05/24/2026, 8:08:10 PM GMT+8"
13805,@FranzHermann-v4p,5 days ago,"Ang ganda ng vocal arrangement, napakalinis ng kinalabasan. Happy viewing from Lokal ng Lourdes, Distrito ng Benguet.",https://www.youtube.com/watch?v=ROa3kbG5M0U&lc=Ugx_8_YndGwt9l5_5Eh4AaABAg,Ugx_8_YndGwt9l5_5Eh4AaABAg,UCTWD93RpRARRUegiboHtafA,"Fetched 05/24/2026, 8:08:10 PM GMT+8"
13806,@FranzHermann-v4p,5 days ago,"Walang kupas ang galing ng mga kabataan at kapatid sa ating Distrito. Happy viewing from Lokal ng Lourdes, Distrito ng Benguet.",https://www.youtube.com/watch?v=ROa3kbG5M0U&lc=UgzOaeuRID63KjZPoux4AaABAg,UgzOaeuRID63KjZPoux4AaABAg,UCTWD93RpRARRUegiboHtafA,"Fetched 05/24/2026, 8:08:10 PM GMT+8"
13807,@Trinidadgranil,5 days ago,"go benguet.😊 watching from lokal ng lourdes,distrito ng benguet. Happy viewing po sa lahat🎉😊❤",https://www.youtube.com/watch?v=ROa3kbG5M0U&lc=UgyrP1Z2UejtWg6U6Xx4AaABAg,UgyrP1Z2UejtWg6U6Xx4AaABAg,UC8V-gsPRkWo9aObsUNGpqig,"Fetched 05/24/2026, 8:08:10 PM GMT+8"
13808,@FranzHermann-v4p,5 days ago,"Isang napakalaking biyaya ang mapakinggan ang ganito MV entry. Happy viewing from Lokal ng Lourdes, Distrito ng Benguet.",https://www.youtube.com/watch?v=ROa3kbG5M0U&lc=UgwATBpW-MrrKDjWDEt4AaABAg,UgwATBpW-MrrKDjWDEt4AaABAg,UCTWD93RpRARRUegiboHtafA,"Fetched 05/24/2026, 8:08:10 PM GMT+8"
13809,@tremusic_6590,5 days ago,GO Benguuet.... Happy Viewing po sa lahat po ng kapatid mula sa Lokal ng Buyagan Distrito ng Benguet...,https://www.youtube.com/watch?v=ROa3kbG5M0U&lc=UgxUlU9BoIODdv6YSwt4AaABAg,UgxUlU9BoIODdv6YSwt4AaABAg,UCs7zUdhdJCpuBXk99O6IMyw,"Fetched 05/24/2026, 8:08:10 PM GMT+8"
13810,@yzabelgayadan6013,5 days ago,"Good morning po sa lahat, bagong araw ng pagsuporta po muli mula sa Marcos Highway at Kadiwa",https://www.youtube.com/watch?v=ROa3kbG5M0U&lc=Ugz9F1gXWO7y7VuTBjN4AaABAg,Ugz9F1gXWO7y7VuTBjN4AaABAg,UCdZGb4w25RyQ_9_blAErBaQ,"Fetched 05/24/2026, 8:08:10 PM GMT+8"
13811,@alberttomz6400,5 days ago,Magandang umaga po mga kapatid  happy viewing po sa ating  lahat ..gogogo baguio,https://www.youtube.com/watch?v=ROa3kbG5M0U&lc=Ugw7fM46vAPp-8OK3h94AaABAg,Ugw7fM46vAPp-8OK3h94AaABAg,UCDt5s7NJvNJY7TP_QP5UHUw,"Fetched 05/24/2026, 8:08:10 PM GMT+8"
13812,@FranzHermann-v4p,5 days ago,"Ang sarap pakinggan paulit-ulit, hindi nakakasawang namnamin ang mensahe. Happy viewing from Lokal ng Lourdes, Distrito ng Benguet",https://www.youtube.com/watch?v=ROa3kbG5M0U&lc=Ugz1VETHeU3_7KJWTXZ4AaABAg,Ugz1VETHeU3_7KJWTXZ4AaABAg,UCTWD93RpRARRUegiboHtafA,"Fetched 05/24/2026, 8:08:10 PM GMT+8"
13813,@BnHydn_2,5 days ago,Heavenly vocals and meaningful lyrics 🎶  Mula po sa lokal ng La Trinidad🌟,https://www.youtube.com/watch?v=ROa3kbG5M0U&lc=UgwAkswBn04jnjOvwhN4AaABAg,UgwAkswBn04jnjOvwhN4AaABAg,UCFiIuFtStNyId62JOmMovbw,"Fetched 05/24/2026, 8:08:10 PM GMT+8"
13814,@jellyannperez22,5 days ago,Harmonies + Choreo = Benguet👏 / Supporting po fr Lokal ng Camp8,https://www.youtube.com/watch?v=ROa3kbG5M0U&lc=Ugwls0CW0zqax9jowox4AaABAg,Ugwls0CW0zqax9jowox4AaABAg,UCTSBNE6g9859jcHD_BhlU-g,"Fetched 05/24/2026, 8:08:10 PM GMT+8"
13815,@FranzHermann-v4p,5 days ago,"Napakagandang inspirasyon para lalo pang magtalaga sa ating mga tungkulin. Happy viewing from Lokal ng Lourdes, Distrito ng Benguet.",https://www.youtube.com/watch?v=ROa3kbG5M0U&lc=Ugysujn6pf1VG3hsOyB4AaABAg,Ugysujn6pf1VG3hsOyB4AaABAg,UCTWD93RpRARRUegiboHtafA,"Fetched 05/24/2026, 8:08:10 PM GMT+8"
13816,@BnHydn_2,5 days ago,Pure talent guided by faith 🙏 Mula po sa lokal ng La Trinidad❤,https://www.youtube.com/watch?v=ROa3kbG5M0U&lc=Ugyfgm78Tnm5j-pbsoZ4AaABAg,Ugyfgm78Tnm5j-pbsoZ4AaABAg,UCFiIuFtStNyId62JOmMovbw,"Fetched 05/24/2026, 8:08:10 PM GMT+8"
13817,@FranzHermann-v4p,5 days ago,"Punong-puno ng pag-asa at biyaya ang bawat linyang binitawan. Happy viewing from Lokal ng Lourdes, Distrito ng Benguet",https://www.youtube.com/watch?v=ROa3kbG5M0U&lc=UgwdYyltKB-cVhFktx14AaABAg,UgwdYyltKB-cVhFktx14AaABAg,UCTWD93RpRARRUegiboHtafA,"Fetched 05/24/2026, 8:08:10 PM GMT+8"
13818,@reeseroxas8473,5 days ago,Magandang araw po sa lahat mula po sa Lokal ng Baguio City!,https://www.youtube.com/watch?v=ROa3kbG5M0U&lc=Ugwge6qEuQbXO0UeVbp4AaABAg,Ugwge6qEuQbXO0UeVbp4AaABAg,UCKaOpMA1QPpOjmS7FBdl8Yw,"Fetched 05/24/2026, 8:08:10 PM GMT+8"
13819,@kimberlysarmiento1034,5 days ago,"Good morning po mga kapatid, let’s start our day listening to this masterpiece.. /  / -Tuba",https://www.youtube.com/watch?v=ROa3kbG5M0U&lc=Ugyj-jLGWHldKxDODFJ4AaABAg,Ugyj-jLGWHldKxDODFJ4AaABAg,UCds_RyKfMX7Xzg4PQRhf9NQ,"Fetched 05/24/2026, 8:08:10 PM GMT+8"
13820,@FranzHermann-v4p,5 days ago,"Nakakapawi ng lahat ng bigat at pagod ang mensahe ng awit na ito. Happy viewing from Lokal ng Lourdes, Distrito ng Benguet",https://www.youtube.com/watch?v=ROa3kbG5M0U&lc=UgzShpKfgLqtkx2eW3F4AaABAg,UgzShpKfgLqtkx2eW3F4AaABAg,UCTWD93RpRARRUegiboHtafA,"Fetched 05/24/2026, 8:08:10 PM GMT+8"
13821,@danielsangalang4416,5 days ago,GOD'S LOVE,https://www.youtube.com/watch?v=ROa3kbG5M0U&lc=Ugy6nMxKuSMK_am218Z4AaABAg,Ugy6nMxKuSMK_am218Z4AaABAg,UCd83g5cGg_Es6Qyl02u7jdw,"Fetched 05/24/2026, 8:08:10 PM GMT+8"
13822,@Unnamed_218,5 days ago,Happy Viewing po lahat ng mga kapatid mula po Lokal ng Buyagan Distrito ng Benguet,https://www.youtube.com/watch?v=ROa3kbG5M0U&lc=Ugyhw9poy1mrByTBwjh4AaABAg,Ugyhw9poy1mrByTBwjh4AaABAg,UC_yFX77sKLao4lGWJ-uC5EA,"Fetched 05/24/2026, 8:08:10 PM GMT+8"
13823,@jellyannperez22,5 days ago,Every member brought something unique and & clicked perfectly 👏👏,https://www.youtube.com/watch?v=ROa3kbG5M0U&lc=UgxU3DEq4yJe7iGQ0td4AaABAg,UgxU3DEq4yJe7iGQ0td4AaABAg,UCTSBNE6g9859jcHD_BhlU-g,"Fetched 05/24/2026, 8:08:10 PM GMT+8"
13824,@danielsangalang4416,5 days ago,Gooo BENGUET!!!!,https://www.youtube.com/watch?v=ROa3kbG5M0U&lc=UgxdMmLQa4kuAgWqWQt4AaABAg,UgxdMmLQa4kuAgWqWQt4AaABAg,UCd83g5cGg_Es6Qyl02u7jdw,"Fetched 05/24/2026, 8:08:10 PM GMT+8"
13825,@FranzHermann-v4p,5 days ago (edited),"Napakaganda ng visual effects, editing, at cinematography ng music entry na ito. Happy viewing from Lokal ng Lourdes, Distrito ng Benguet",https://www.youtube.com/watch?v=ROa3kbG5M0U&lc=UgxW9GGqb_CKOXHXI-d4AaABAg,UgxW9GGqb_CKOXHXI-d4AaABAg,UCTWD93RpRARRUegiboHtafA,"Fetched 05/24/2026, 8:08:10 PM GMT+8"
13826,@BnHydn_2,5 days ago,Go Benguet 🍓  / Go La Trinidad ❤ / Go Binhi 🌀,https://www.youtube.com/watch?v=ROa3kbG5M0U&lc=UgwecDpPHyPKud3ldKd4AaABAg,UgwecDpPHyPKud3ldKd4AaABAg,UCFiIuFtStNyId62JOmMovbw,"Fetched 05/24/2026, 8:08:10 PM GMT+8"
13827,@Jazz-k6s,5 days ago,"Grabe ang ganda nman tlaga, nakaka inspire panoorin 😊❤ /  / Lokal ng La Trinidad 🪷🍓🐑",https://www.youtube.com/watch?v=ROa3kbG5M0U&lc=UgzsDGlfXzMJddE66Vh4AaABAg,UgzsDGlfXzMJddE66Vh4AaABAg,UCjmyu8zkVg7bQQCs4HypxNQ,"Fetched 05/24/2026, 8:08:10 PM GMT+8"
13828,@danielsangalang4416,5 days ago,Goodmorning po sa lahat ng mga kapatid. / From Baguio City,https://www.youtube.com/watch?v=ROa3kbG5M0U&lc=Ugy1IW2Q92Q-BGfjmhF4AaABAg,Ugy1IW2Q92Q-BGfjmhF4AaABAg,UCd83g5cGg_Es6Qyl02u7jdw,"Fetched 05/24/2026, 8:08:10 PM GMT+8"
13829,@elenabustos-z8z,5 days ago,Happy viewing po... Quezon Hill Benguet,https://www.youtube.com/watch?v=ROa3kbG5M0U&lc=Ugy1wByDEisGnMUWPRF4AaABAg,Ugy1wByDEisGnMUWPRF4AaABAg,UC6cMOj_hSOZ7mrX0dYdHplQ,"Fetched 05/24/2026, 8:08:10 PM GMT+8"
13830,@MagieFavila,5 days ago,Lets go Benguet. Happy viewing po. Fight fight fight. 😅😅😅😅😅,https://www.youtube.com/watch?v=ROa3kbG5M0U&lc=UgxObChV01-yERCur2B4AaABAg,UgxObChV01-yERCur2B4AaABAg,UCPxgWF_X8vdxjB9cYpQ6Lew,"Fetched 05/24/2026, 8:08:10 PM GMT+8"
13831,@judithGaoan,5 days ago,Walang sawang nanonood po mula sa Lokal ng La Trinidad ✨,https://www.youtube.com/watch?v=ROa3kbG5M0U&lc=UgzHTvOo9y3rsLX-97h4AaABAg,UgzHTvOo9y3rsLX-97h4AaABAg,UCRorSeBrDC02x6GWPC4AB4Q,"Fetched 05/24/2026, 8:08:10 PM GMT+8"
13832,@jellyannperez22,5 days ago,🎶His Wondrous love 🎶...  / Watching po fr Camp8🫶,https://www.youtube.com/watch?v=ROa3kbG5M0U&lc=Ugyr7L6uIk3rzwl9ypJ4AaABAg,Ugyr7L6uIk3rzwl9ypJ4AaABAg,UCTSBNE6g9859jcHD_BhlU-g,"Fetched 05/24/2026, 8:08:10 PM GMT+8"
13833,@MarkAnthonyAlvior-dm8pq,5 days ago,Go go go distrito ng Benguet ♥️🙏 #GODS LOVE,https://www.youtube.com/watch?v=ROa3kbG5M0U&lc=UgxX1dyzt2xMsnxG7OB4AaABAg,UgxX1dyzt2xMsnxG7OB4AaABAg,UC0cg01D5crTJKa0gjb0tVzg,"Fetched 05/24/2026, 8:08:10 PM GMT+8"
13834,@ehdwow318,5 days ago,"Go Benguet! Let’s make it to the number one spot! Amazing production, talent, and creativity all around. Happy viewing from lokal ng Megaroyale, Distrito ng Benguet ❤",https://www.youtube.com/watch?v=ROa3kbG5M0U&lc=UgyICM0DYMybv9qn5d14AaABAg,UgyICM0DYMybv9qn5d14AaABAg,UCiwATwwRZ8TCez4FYmw9s0Q,"Fetched 05/24/2026, 8:08:10 PM GMT+8"
13835,@johnreylucio8970,5 days ago,"Keep on Watching guys,❤ / Happy viewing po mula sa Kadiwa sa Lokal ng La Trinidad ❤",https://www.youtube.com/watch?v=ROa3kbG5M0U&lc=UgyBBJVFT6FcCHmqMoF4AaABAg,UgyBBJVFT6FcCHmqMoF4AaABAg,UCNMupRD4ySrN336KZpy29OA,"Fetched 05/24/2026, 8:08:10 PM GMT+8"
13836,@elaizaveniceantonio8756,5 days ago,"amazing production po, let's keep up the good work po ! /  / - mula po sa lokal ng Baguio",https://www.youtube.com/watch?v=ROa3kbG5M0U&lc=UgzMDJrK3VvDZe0VkL94AaABAg,UgzMDJrK3VvDZe0VkL94AaABAg,UCWG0uMJfrHKBymnZPaLYV8w,"Fetched 05/24/2026, 8:08:10 PM GMT+8"
13837,@maryannfernandez9408,5 days ago,"Happy bday po sa maybahay ng aming manggagawa,ka Daphne Mateus. Mula po sa lokal ng Guisad🎉🎉🎉❤❤",https://www.youtube.com/watch?v=ROa3kbG5M0U&lc=UgzzbMssGN0Zf4Qkvj94AaABAg,UgzzbMssGN0Zf4Qkvj94AaABAg,UC6QnYlqIsg0WPmOKL74vIPg,"Fetched 05/24/2026, 8:08:10 PM GMT+8"
13838,@elaizaveniceantonio8756,5 days ago,happy viewing po mula po sa lokal ng Baguio City ! 🎉❤,https://www.youtube.com/watch?v=ROa3kbG5M0U&lc=Ugx5S7UfxpbFhD2KeM54AaABAg,Ugx5S7UfxpbFhD2KeM54AaABAg,UCWG0uMJfrHKBymnZPaLYV8w,"Fetched 05/24/2026, 8:08:10 PM GMT+8"
13839,@maryannfernandez9408,5 days ago,"good morning po sa lahat,mula po sa lokal ng Guisad hanggang sa lahat ng mga kalihim at registry clerks,good day po ❤❤😊😊😊",https://www.youtube.com/watch?v=ROa3kbG5M0U&lc=UgyvFcxel05dm8I91_N4AaABAg,UgyvFcxel05dm8I91_N4AaABAg,UC6QnYlqIsg0WPmOKL74vIPg,"Fetched 05/24/2026, 8:08:10 PM GMT+8"
13840,@aimoth8799,5 days ago,DISTRICT OF BENGUET!!!📢 / — We ain’t done yet! / — Rise and don’t forget! / — Stronger yet! / — Full of spirit set! / for GOD'S LOVE. / Local of Baguio City ⭐🇮🇹,https://www.youtube.com/watch?v=ROa3kbG5M0U&lc=UgyuF80CZ-fpAG44q4t4AaABAg,UgyuF80CZ-fpAG44q4t4AaABAg,UCdpyBtbTRbuwZiRRLRsiOyQ,"Fetched 05/24/2026, 8:08:10 PM GMT+8"
13841,@Lxzaaaaa,5 days ago,Good morning to all po!😊 happy viewing po mula sa Lokal ng Atok Gold✨🌷,https://www.youtube.com/watch?v=ROa3kbG5M0U&lc=UgxeeHfodUse5N8xG2Z4AaABAg,UgxeeHfodUse5N8xG2Z4AaABAg,UC-MTBqslPrXeabiRe4UpQxw,"Fetched 05/24/2026, 8:08:10 PM GMT+8"
13842,@Lxzaaaaa,5 days ago,Good morning to all po!😊 happy viewing po mula sa Lokal ng Atok Gold✨🌷,https://www.youtube.com/watch?v=ROa3kbG5M0U&lc=UgxVIs_G_B6MN8pbZih4AaABAg,UgxVIs_G_B6MN8pbZih4AaABAg,UC-MTBqslPrXeabiRe4UpQxw,"Fetched 05/24/2026, 8:08:10 PM GMT+8"
13843,@jellyannperez22,5 days ago,Happy Tuesday Morning po mga Kapatid👋 Let's start our day with a Prayer & tune in agad sa INCMV natin🥰,https://www.youtube.com/watch?v=ROa3kbG5M0U&lc=UgyXwYp3fNj7DdG7k854AaABAg,UgyXwYp3fNj7DdG7k854AaABAg,UCTSBNE6g9859jcHD_BhlU-g,"Fetched 05/24/2026, 8:08:10 PM GMT+8"
13844,@ErdsAlibno,5 days ago,"Good morning, from KIAS Benguet ❤",https://www.youtube.com/watch?v=ROa3kbG5M0U&lc=UgxDAoFFUWLP0JipBdB4AaABAg,UgxDAoFFUWLP0JipBdB4AaABAg,UCQdRsrnmfo5kZd6JdeIvUQQ,"Fetched 05/24/2026, 8:08:10 PM GMT+8"
13845,@shiiii_jeax,5 days ago,"Good morning po, happy viewing from lokal ng baguio city",https://www.youtube.com/watch?v=ROa3kbG5M0U&lc=Ugz4qPEnDIuTDgDPj9R4AaABAg,Ugz4qPEnDIuTDgDPj9R4AaABAg,UC2cuYXq15jN1fZOvvKbzb0g,"Fetched 05/24/2026, 8:08:10 PM GMT+8"
13846,@elaizaveniceantonio8756,5 days ago,"full support po mula sa ""last na 'to squad"" sa lokal ng Baguio City !",https://www.youtube.com/watch?v=ROa3kbG5M0U&lc=UgyydpIRZAdE3-IABZZ4AaABAg,UgyydpIRZAdE3-IABZZ4AaABAg,UCWG0uMJfrHKBymnZPaLYV8w,"Fetched 05/24/2026, 8:08:10 PM GMT+8"
13847,@luibustamante9493,5 days ago (edited),"Let's Go Benguet🎉🍓🍓 /  / Nood bago matulog, and now bago magprepare for duty. /  / Konti nalang po mga kapatid. Benguet on top! Tuloy-tuloy lang po tayo.  /  /  / -kadiwa MT, Lokal ng Tuba",https://www.youtube.com/watch?v=ROa3kbG5M0U&lc=UgybJNI3HBblPRjQBM94AaABAg,UgybJNI3HBblPRjQBM94AaABAg,UCFAmrhDmv6rvZrQoYp-IS9w,"Fetched 05/24/2026, 8:08:10 PM GMT+8"
13848,@Jazz-k6s,5 days ago,Happy viewing po ulit mga kapatid let's keep watching po mula sa lokal ng La Trinidad 🌱🐑🍓,https://www.youtube.com/watch?v=ROa3kbG5M0U&lc=Ugzng7aoI53rEWXdjQ54AaABAg,Ugzng7aoI53rEWXdjQ54AaABAg,UCjmyu8zkVg7bQQCs4HypxNQ,"Fetched 05/24/2026, 8:08:10 PM GMT+8"
13849,@TheEmzthine,5 days ago,Good morning everyone from Lokal ng Irisan Distrito ng Benguet 🇮🇹🇮🇹,https://www.youtube.com/watch?v=ROa3kbG5M0U&lc=Ugw-nZc6o_E3MqhCaXJ4AaABAg,Ugw-nZc6o_E3MqhCaXJ4AaABAg,UCxLUxuNrB5SEVcJFtEZauDw,"Fetched 05/24/2026, 8:08:10 PM GMT+8"
13850,@SamuelDeguzman-f1v,5 days ago,Hindi pahuhuli ang Baguio go go go,https://www.youtube.com/watch?v=ROa3kbG5M0U&lc=UgzBGD53PO_oDxdLfwt4AaABAg,UgzBGD53PO_oDxdLfwt4AaABAg,UCB-dHue-pR3SD5YjDUMTPNw,"Fetched 05/24/2026, 8:08:10 PM GMT+8"
13851,@gelo4828,5 days ago,"Full Support po From all kadiwa and Local Of San Luis, Happy Viewing po sa lahat❤",https://www.youtube.com/watch?v=ROa3kbG5M0U&lc=UgyB6Ey160GInxJgHZx4AaABAg,UgyB6Ey160GInxJgHZx4AaABAg,UCydnW0LoOckk7rQFQbEbI_g,"Fetched 05/24/2026, 8:08:10 PM GMT+8"
13852,@elaizaveniceantonio8756,5 days ago,"greetings to all po, mula po sa lokal ng Baguio City ! ❤",https://www.youtube.com/watch?v=ROa3kbG5M0U&lc=UgxDhZIjGJqtl4S_hwB4AaABAg,UgxDhZIjGJqtl4S_hwB4AaABAg,UCWG0uMJfrHKBymnZPaLYV8w,"Fetched 05/24/2026, 8:08:10 PM GMT+8"
13853,@elaizaveniceantonio8756,5 days ago,GO BENGUET ! 🎉  /  / MULA PO SA LOKAL NG BAGUIO CITY,https://www.youtube.com/watch?v=ROa3kbG5M0U&lc=UgywYj33_4lo-nm67Rd4AaABAg,UgywYj33_4lo-nm67Rd4AaABAg,UCWG0uMJfrHKBymnZPaLYV8w,"Fetched 05/24/2026, 8:08:10 PM GMT+8"
13854,@SamuelDeguzman-f1v,5 days ago,Mabuhay Baguio,https://www.youtube.com/watch?v=ROa3kbG5M0U&lc=UgxGjFuu5VFwh41OCid4AaABAg,UgxGjFuu5VFwh41OCid4AaABAg,UCB-dHue-pR3SD5YjDUMTPNw,"Fetched 05/24/2026, 8:08:10 PM GMT+8"
13855,@keilynverairang3188,5 days ago,Greetings po from lokal ng Hillside! 🫶🫶🫰🫰,https://www.youtube.com/watch?v=ROa3kbG5M0U&lc=Ugz6FiMfgs4FF-vPYg54AaABAg,Ugz6FiMfgs4FF-vPYg54AaABAg,UCaKcINZU7uj6tMXX92L9dLg,"Fetched 05/24/2026, 8:08:10 PM GMT+8"
13856,@SamuelDeguzman-f1v,5 days ago,Nice one Baguio,https://www.youtube.com/watch?v=ROa3kbG5M0U&lc=Ugx_PO7JO4EblRvRbjZ4AaABAg,Ugx_PO7JO4EblRvRbjZ4AaABAg,UCB-dHue-pR3SD5YjDUMTPNw,"Fetched 05/24/2026, 8:08:10 PM GMT+8"
13857,@elaizaveniceantonio8756,5 days ago,good morning po mula po sa lokal ng Baguio City ! 🥰,https://www.youtube.com/watch?v=ROa3kbG5M0U&lc=UgwDtrYXubKGArARCkR4AaABAg,UgwDtrYXubKGArARCkR4AaABAg,UCWG0uMJfrHKBymnZPaLYV8w,"Fetched 05/24/2026, 8:08:10 PM GMT+8"
13858,@NancyMoyano-r7u,5 days ago,Happy viewing pong muli  / Let's go Benguet to the top 🙏🙏🙏  / Baguio City...,https://www.youtube.com/watch?v=ROa3kbG5M0U&lc=Ugyz6ca6xhqzJfF9NrJ4AaABAg,Ugyz6ca6xhqzJfF9NrJ4AaABAg,UCIZH5g0o-lHJidrq7pdjV5w,"Fetched 05/24/2026, 8:08:10 PM GMT+8"
13859,@jovencaranto4565,5 days ago,Gud am po fr city camp lokal,https://www.youtube.com/watch?v=ROa3kbG5M0U&lc=UgyAysoj8QaVTadrba54AaABAg,UgyAysoj8QaVTadrba54AaABAg,UCQaxdyDeS0lejlrNLMvOx_w,"Fetched 05/24/2026, 8:08:10 PM GMT+8"
13860,@keilynverairang3188,5 days ago,Good morning po mga Kapatid! Go Benguet!!,https://www.youtube.com/watch?v=ROa3kbG5M0U&lc=Ugxp24_zr7QaquxlkVx4AaABAg,Ugxp24_zr7QaquxlkVx4AaABAg,UCaKcINZU7uj6tMXX92L9dLg,"Fetched 05/24/2026, 8:08:10 PM GMT+8"
13861,@johnreylucio8970,5 days ago,"Naimbag nga agsapa kenyatayo amin, Keep on Watching po, Suporta ti La Trinidad",https://www.youtube.com/watch?v=ROa3kbG5M0U&lc=UgxjBArHbgWHQIHh5e94AaABAg,UgxjBArHbgWHQIHh5e94AaABAg,UCNMupRD4ySrN336KZpy29OA,"Fetched 05/24/2026, 8:08:10 PM GMT+8"
13862,@johnreylucio8970,5 days ago,"Greetings to all po, mula sa Lokal ng Kadiwa ❤",https://www.youtube.com/watch?v=ROa3kbG5M0U&lc=UgwU2YKzb18kOpPSOjt4AaABAg,UgwU2YKzb18kOpPSOjt4AaABAg,UCNMupRD4ySrN336KZpy29OA,"Fetched 05/24/2026, 8:08:10 PM GMT+8"
13863,@matetmansi6077,5 days ago,"Good morning po, watching  from lokal ng balatoc distrito ng benguet",https://www.youtube.com/watch?v=ROa3kbG5M0U&lc=UgwRaFlDLkljtRTyC5V4AaABAg,UgwRaFlDLkljtRTyC5V4AaABAg,UCRkiXBl9sHHZDAIXCVRwxww,"Fetched 05/24/2026, 8:08:10 PM GMT+8"
13864,@gwynethcayabyab5981,5 days ago,Good morning po sa lahat ng na nonood keep on watching po🎉,https://www.youtube.com/watch?v=ROa3kbG5M0U&lc=UgxyefFu9vXivJg80gx4AaABAg,UgxyefFu9vXivJg80gx4AaABAg,UCouodNvhL1bfJC2Fz0B_Rcw,"Fetched 05/24/2026, 8:08:10 PM GMT+8"
13865,@RandyPatanao-j1z,5 days ago,"Hi to my family from Lokal ng Kias , Distrito ng Benguet....",https://www.youtube.com/watch?v=ROa3kbG5M0U&lc=UgzIo9uM0LVTuKx-I4B4AaABAg,UgzIo9uM0LVTuKx-I4B4AaABAg,UCKTSLsY9588Pf-pMYB48irg,"Fetched 05/24/2026, 8:08:10 PM GMT+8"
13866,@rejomartayaban,5 days ago,"Happy morning viewing sa inyong lahat kga kapatid, mula po sw lokal ng La Trinidad",https://www.youtube.com/watch?v=ROa3kbG5M0U&lc=UgzyHju8Y2o6lsQkdY14AaABAg,UgzyHju8Y2o6lsQkdY14AaABAg,UCi7RYRPFL6HTFaScpYFJMJQ,"Fetched 05/24/2026, 8:08:10 PM GMT+8"
13867,@axeliee-m5u,5 days ago,pagbati po mula sa Lokal ng La Trinidad 🎉,https://www.youtube.com/watch?v=ROa3kbG5M0U&lc=UgwFhvra4Ngmmon_l6d4AaABAg,UgwFhvra4Ngmmon_l6d4AaABAg,UCxjmGS0yLlCMs4Fe-AqbHFw,"Fetched 05/24/2026, 8:08:10 PM GMT+8"
13868,@NancyMoyano-r7u,5 days ago,Benguet to the top 🙏🙏🙏  / Happy viewing po sa lahat  / Baguio City...,https://www.youtube.com/watch?v=ROa3kbG5M0U&lc=Ugz7RJ9u7dXTBAFRAU94AaABAg,Ugz7RJ9u7dXTBAFRAU94AaABAg,UCIZH5g0o-lHJidrq7pdjV5w,"Fetched 05/24/2026, 8:08:10 PM GMT+8"
13869,@xanderbagwan5733,5 days ago,Let's go Team Benguet!!!! Greetings po mula lokal ng Kias ❤❤❤❤❤,https://www.youtube.com/watch?v=ROa3kbG5M0U&lc=UgwuELM3wN_-v34oxvB4AaABAg,UgwuELM3wN_-v34oxvB4AaABAg,UCoLTA-IPF8fwIqLOCGi2BlA,"Fetched 05/24/2026, 8:08:10 PM GMT+8"
13870,@bernadetteligew9074,5 days ago,"Good morning everyone,happy viewing po,from Lokal ng Kias,...",https://www.youtube.com/watch?v=ROa3kbG5M0U&lc=UgwIxtgT0YpUGrcdRLN4AaABAg,UgwIxtgT0YpUGrcdRLN4AaABAg,UC6vn09nux_X-v6--dq0mSGQ,"Fetched 05/24/2026, 8:08:10 PM GMT+8"
13871,@TheaCamba,5 days ago,Happy viewing po mula sa lokal ng city camp❤❤❤,https://www.youtube.com/watch?v=ROa3kbG5M0U&lc=Ugyqg-nki-eEkdzkuTN4AaABAg,Ugyqg-nki-eEkdzkuTN4AaABAg,UCsaAXxBGdUkAnz-EdAnHCMQ,"Fetched 05/24/2026, 8:08:10 PM GMT+8"
13872,@aimoth8799,5 days ago,"Believe in GOD’S LOVE, / He is watching over you from above. / 🟢⚪🔴Local of Baguio City🟢⚪🔴",https://www.youtube.com/watch?v=ROa3kbG5M0U&lc=UgyVRMBCKi_bJW3y1E14AaABAg,UgyVRMBCKi_bJW3y1E14AaABAg,UCdpyBtbTRbuwZiRRLRsiOyQ,"Fetched 05/24/2026, 8:08:10 PM GMT+8"
13873,@henrycaranto2644,5 days ago,Good morning Team Benguet🎉😊 /  / Tara na ulet a sumuporta😊😊🎉 /  / Goodmorning sa lahat ng KADIWA at BINHI District and Locale Officers /  / From lokal ng Baguio City❤🎉,https://www.youtube.com/watch?v=ROa3kbG5M0U&lc=UgwuoEL4pv8lsgyESut4AaABAg,UgwuoEL4pv8lsgyESut4AaABAg,UCFilTOy22FklSkBIgwVPVaQ,"Fetched 05/24/2026, 8:08:10 PM GMT+8"
13874,@kristonleefuchigami3643,5 days ago,Go Benguet mula sa Lokal Ng Quezon Hill,https://www.youtube.com/watch?v=ROa3kbG5M0U&lc=UgzBmmUGyaO_Kjb5rkt4AaABAg,UgzBmmUGyaO_Kjb5rkt4AaABAg,UCOZ4eM5oab1qQPoV6luV52w,"Fetched 05/24/2026, 8:08:10 PM GMT+8"
13875,@SoniaPatanao,5 days ago,Good morning po from lokal ng kias Distrito ng Benguet❤️,https://www.youtube.com/watch?v=ROa3kbG5M0U&lc=Ugx1oDV-e0Q0N3Oknw14AaABAg,Ugx1oDV-e0Q0N3Oknw14AaABAg,UC7f-vK-CSxv4BinMqgIHx9w,"Fetched 05/24/2026, 8:08:10 PM GMT+8"
13876,@jaysonchagwaten2284,5 days ago,Happy viewing po. Go benguet  pagbati po mula sa local ng guisad,https://www.youtube.com/watch?v=ROa3kbG5M0U&lc=UgwVYlvaGY-RBVOBV6B4AaABAg,UgwVYlvaGY-RBVOBV6B4AaABAg,UCGh5R3Wd_0TxbsDcinjC8lw,"Fetched 05/24/2026, 8:08:10 PM GMT+8"
13877,@aizelfuchigami842,5 days ago,Go Benguet!  / God's Love 🇮🇹🎼🎵🎶 / Lokal ng Quezon Hill,https://www.youtube.com/watch?v=ROa3kbG5M0U&lc=UgyCwzoi6zvu6tQvQRZ4AaABAg,UgyCwzoi6zvu6tQvQRZ4AaABAg,UCAxDQnCZxAvsB6YgYjSR1nQ,"Fetched 05/24/2026, 8:08:10 PM GMT+8"
13878,@aizelfuchigami842,5 days ago,Happy viewing po mula sa Lokal ng Quezon Hill Distrito ng Benguet.,https://www.youtube.com/watch?v=ROa3kbG5M0U&lc=UgzD0QCkGxT0AT2bpTB4AaABAg,UgzD0QCkGxT0AT2bpTB4AaABAg,UCAxDQnCZxAvsB6YgYjSR1nQ,"Fetched 05/24/2026, 8:08:10 PM GMT+8"
13879,@aizelfuchigami842,5 days ago,Fighting Benguet! / Lokal ng Quezon Hill,https://www.youtube.com/watch?v=ROa3kbG5M0U&lc=UgypwY8xFWyEXr1JnBN4AaABAg,UgypwY8xFWyEXr1JnBN4AaABAg,UCAxDQnCZxAvsB6YgYjSR1nQ,"Fetched 05/24/2026, 8:08:10 PM GMT+8"
13880,@demetrioiiitorres2259,5 days ago,Masyang panonood mga kapatid kasabay ng almusal!,https://www.youtube.com/watch?v=ROa3kbG5M0U&lc=Ugx8227BDrYyCGPcm5R4AaABAg,Ugx8227BDrYyCGPcm5R4AaABAg,UCX5TQu936ZOjCT-ekemw4XA,"Fetched 05/24/2026, 8:08:10 PM GMT+8"
13881,@BnHydn_2,5 days ago,Splendid day everyone 🙌  / Watching from Locale Congregation of La Trinidad 💕📱,https://www.youtube.com/watch?v=ROa3kbG5M0U&lc=UgwoDm9rGBXUJnSDopB4AaABAg,UgwoDm9rGBXUJnSDopB4AaABAg,UCFiIuFtStNyId62JOmMovbw,"Fetched 05/24/2026, 8:08:10 PM GMT+8"
13882,@aizelfuchigami842,5 days ago,Goodmorning Benguet!  / Mula po Lokal ng Quezon Hill!  / 🇮🇹🎼🎵🎶,https://www.youtube.com/watch?v=ROa3kbG5M0U&lc=UgwqpZFPwf7wC25tUKx4AaABAg,UgwqpZFPwf7wC25tUKx4AaABAg,UCAxDQnCZxAvsB6YgYjSR1nQ,"Fetched 05/24/2026, 8:08:10 PM GMT+8"
13883,@denvertuggadcachero1476,5 days ago,❤❤❤,https://www.youtube.com/watch?v=ROa3kbG5M0U&lc=UgwcYMCT7JpuZ8VyssF4AaABAg,UgwcYMCT7JpuZ8VyssF4AaABAg,UCxBe3aUv8-9TexGjraB3Vmw,"Fetched 05/24/2026, 8:08:10 PM GMT+8"
13884,@BnHydn_2,5 days ago,"Happy vieWing mga kapatid 👋  / Lokal ng La Trinidad, still supporting 💖",https://www.youtube.com/watch?v=ROa3kbG5M0U&lc=UgzcrtG95X3XxPqq7uN4AaABAg,UgzcrtG95X3XxPqq7uN4AaABAg,UCFiIuFtStNyId62JOmMovbw,"Fetched 05/24/2026, 8:08:10 PM GMT+8"
13885,@GemmaDeGuzman-o6g,5 days ago,Benguet go go go,https://www.youtube.com/watch?v=ROa3kbG5M0U&lc=UgyzBT00Rdn4mKOpe_F4AaABAg,UgyzBT00Rdn4mKOpe_F4AaABAg,UCu2TXIyVo7sOueFvX-c-kGQ,"Fetched 05/24/2026, 8:08:10 PM GMT+8"
13886,@axeliee-m5u,5 days ago,Good morning everyone 🌅  / Happy viewing po mula sa Lokal ng La Trinidad 💞,https://www.youtube.com/watch?v=ROa3kbG5M0U&lc=UgygSDzJjSZrwlxonNl4AaABAg,UgygSDzJjSZrwlxonNl4AaABAg,UCxjmGS0yLlCMs4Fe-AqbHFw,"Fetched 05/24/2026, 8:08:10 PM GMT+8"
13887,@GemmaDeGuzman-o6g,5 days ago,Benguet the best,https://www.youtube.com/watch?v=ROa3kbG5M0U&lc=UgwfJFMr2HVHovNe7Pl4AaABAg,UgwfJFMr2HVHovNe7Pl4AaABAg,UCu2TXIyVo7sOueFvX-c-kGQ,"Fetched 05/24/2026, 8:08:10 PM GMT+8"
13888,@coto-onglheanaajc.3303,5 days ago,Happy Viewing po from Lokal ng Hillside ❤,https://www.youtube.com/watch?v=ROa3kbG5M0U&lc=UgyaEnRQJK_oyBuwrA94AaABAg,UgyaEnRQJK_oyBuwrA94AaABAg,UCepvdbDlLD3XhIPriTXriCw,"Fetched 05/24/2026, 8:08:10 PM GMT+8"
13889,@christiancachero2578,5 days ago,❤❤❤❤,https://www.youtube.com/watch?v=ROa3kbG5M0U&lc=UgyIPERCECct13YoI094AaABAg,UgyIPERCECct13YoI094AaABAg,UClM0NkLKjNEocLcKhdbga7A,"Fetched 05/24/2026, 8:08:10 PM GMT+8"
13890,@GemmaDeGuzman-o6g,5 days ago,❤️❤️❤️,https://www.youtube.com/watch?v=ROa3kbG5M0U&lc=UgxFigpxd7GBdULfpJ54AaABAg,UgxFigpxd7GBdULfpJ54AaABAg,UCu2TXIyVo7sOueFvX-c-kGQ,"Fetched 05/24/2026, 8:08:10 PM GMT+8"
13891,@AlmaPuno-x5w,5 days ago,"Happy tuesday po mga kabagis. Mula sa lok ng Baguio City, Benguet",https://www.youtube.com/watch?v=ROa3kbG5M0U&lc=UgwDQiVvEQqvwRwwRKd4AaABAg,UgwDQiVvEQqvwRwwRKd4AaABAg,UCYLlgV22-uLTjBK6x49BeHg,"Fetched 05/24/2026, 8:08:10 PM GMT+8"
13892,@GemmaDeGuzman-o6g,5 days ago,Bemguet mabuhay,https://www.youtube.com/watch?v=ROa3kbG5M0U&lc=Ugya8QBYcaCeJ1CSvd14AaABAg,Ugya8QBYcaCeJ1CSvd14AaABAg,UCu2TXIyVo7sOueFvX-c-kGQ,"Fetched 05/24/2026, 8:08:10 PM GMT+8"
13893,@JohnAndreiBautista-x7k,5 days ago,"Goodmorning po sa lahat.  /  / ""Our God always has your back""  /  / Lokal ng Quezon Hill / Go Benguet",https://www.youtube.com/watch?v=ROa3kbG5M0U&lc=Ugwv3ijkBEbnnm7h9GR4AaABAg,Ugwv3ijkBEbnnm7h9GR4AaABAg,UC588CU0WPb3Pn6bQRyPIIiw,"Fetched 05/24/2026, 8:08:10 PM GMT+8"
13894,@GemmaDeGuzman-o6g,5 days ago,Go go benguet,https://www.youtube.com/watch?v=ROa3kbG5M0U&lc=UgzZjbITcPknv6RfFat4AaABAg,UgzZjbITcPknv6RfFat4AaABAg,UCu2TXIyVo7sOueFvX-c-kGQ,"Fetched 05/24/2026, 8:08:10 PM GMT+8"
13895,@ramcelc.lorezco3335,5 days ago,Goodmorning Brethren happy watching from Loacan❤,https://www.youtube.com/watch?v=ROa3kbG5M0U&lc=UgydfkFDk7fkLlNPGWJ4AaABAg,UgydfkFDk7fkLlNPGWJ4AaABAg,UC1VNPpgapsCm-OX-ZQjROUw,"Fetched 05/24/2026, 8:08:10 PM GMT+8"
13896,@ramcelc.lorezco3335,5 days ago,Goodmorning Brethren happy watching from Loacan❤,https://www.youtube.com/watch?v=ROa3kbG5M0U&lc=UgwtiDqA8d5TzXv24ax4AaABAg,UgwtiDqA8d5TzXv24ax4AaABAg,UC1VNPpgapsCm-OX-ZQjROUw,"Fetched 05/24/2026, 8:08:10 PM GMT+8"
13897,@ManuelTabile-r4f,5 days ago,Gud morning po sa lahat pagbati mula sa lokal Ng kias distrito Ng benguet,https://www.youtube.com/watch?v=ROa3kbG5M0U&lc=UgyGPYAXuK1B_qigKWh4AaABAg,UgyGPYAXuK1B_qigKWh4AaABAg,UCylmb_Ks5cJ5UTdV_ysbMOA,"Fetched 05/24/2026, 8:08:10 PM GMT+8"
13898,@cristymorales6399,5 days ago,"Mabiyayang umaga po at happy viewing mula sa Registry at Kalihiman ng lokal ng Gibraltar, distrito ng Benguet",https://www.youtube.com/watch?v=ROa3kbG5M0U&lc=Ugx-mci0AWnqLOT8m8R4AaABAg,Ugx-mci0AWnqLOT8m8R4AaABAg,UCy4vhZGOT49XaOmm4ruS6OQ,"Fetched 05/24/2026, 8:08:10 PM GMT+8"
13899,@AdliselbAoad,5 days ago,Maligayang Panonood po / Tuloy Tuloy po / Tayo.... /  / Go Baguio Citu,https://www.youtube.com/watch?v=ROa3kbG5M0U&lc=Ugxwlz9XdTV574YNe6t4AaABAg,Ugxwlz9XdTV574YNe6t4AaABAg,UCDFkFpLctdryYbzB6sMOn3A,"Fetched 05/24/2026, 8:08:10 PM GMT+8"
13900,@theacamba-z6q,5 days ago,Full suppprt po from lokal ng city camp,https://www.youtube.com/watch?v=ROa3kbG5M0U&lc=UgyrXSFX4w2iEw4QYf14AaABAg,UgyrXSFX4w2iEw4QYf14AaABAg,UCV572zTQRRxPwvT8x1baNxw,"Fetched 05/24/2026, 8:08:10 PM GMT+8"
13901,@jasminedaludado7262,5 days ago (edited),Good morning po mga kapatid!!! /  / Happy viewing po mula sa Lokal ng Guisad❤ / Pagbati po ng mga KADIWA at mga maytungkulin sa PNK,https://www.youtube.com/watch?v=ROa3kbG5M0U&lc=UgxurMKW268_PXuup8t4AaABAg,UgxurMKW268_PXuup8t4AaABAg,UCA4HVmdH2Xj67gK8nZmpiZg,"Fetched 05/24/2026, 8:08:10 PM GMT+8"
13902,@aimoth8799,5 days ago,"LOCAL OF BAGUIO CITY, WAVE YOUR FLAG 🇮🇹!!! / WHAT’S YOUR MISSION?!!!!!!! / AWU! AWU! AWU! / SING “GOD’S LOVE!” 🎶🔥",https://www.youtube.com/watch?v=ROa3kbG5M0U&lc=UgwYRUOoC6AC3KeDChh4AaABAg,UgwYRUOoC6AC3KeDChh4AaABAg,UCdpyBtbTRbuwZiRRLRsiOyQ,"Fetched 05/24/2026, 8:08:10 PM GMT+8"
13903,@NorbertoMislang-k1f,5 days ago,God's Love Benguet..  / Lokal ng Baguio  City❤❤❤,https://www.youtube.com/watch?v=ROa3kbG5M0U&lc=Ugxi1Ceg0ChGn_4a4iN4AaABAg,Ugxi1Ceg0ChGn_4a4iN4AaABAg,UCHrMwbP6cIZPIlWf5nvI8dA,"Fetched 05/24/2026, 8:08:10 PM GMT+8"
13904,@BnHydn_2,5 days ago,God's Love 💖  / Let's go Benguet ♥️  / -Lokal ng La Trinidad 💛,https://www.youtube.com/watch?v=ROa3kbG5M0U&lc=UgxmadQjbkm6P4zG1Jt4AaABAg,UgxmadQjbkm6P4zG1Jt4AaABAg,UCFiIuFtStNyId62JOmMovbw,"Fetched 05/24/2026, 8:08:10 PM GMT+8"
13905,@NancyMoyano-r7u,5 days ago,"Blessed 🙏 day, feeling better 🙂 / Go Benguet ❤❤❤ / Go Baguio City 💖",https://www.youtube.com/watch?v=ROa3kbG5M0U&lc=UgzFY39CcMfYfJtmk_54AaABAg,UgzFY39CcMfYfJtmk_54AaABAg,UCIZH5g0o-lHJidrq7pdjV5w,"Fetched 05/24/2026, 8:08:10 PM GMT+8"
13906,@Adliselb,5 days ago,😊😊good morning po sa lahat.... Baguio city,https://www.youtube.com/watch?v=ROa3kbG5M0U&lc=Ugy85fYtujFW3YmXCCJ4AaABAg,Ugy85fYtujFW3YmXCCJ4AaABAg,UCqdcIovy1nUIY294NOXH8LQ,"Fetched 05/24/2026, 8:08:10 PM GMT+8"
13907,@aedianneestrada1723,5 days ago,God's Love ♥️ go Benguet 👏👏,https://www.youtube.com/watch?v=ROa3kbG5M0U&lc=UgxxrJ1QFEVqdQM0wgR4AaABAg,UgxxrJ1QFEVqdQM0wgR4AaABAg,UCR2wrZ5IeWNNkRYVaGcEfkA,"Fetched 05/24/2026, 8:08:10 PM GMT+8"
13908,@BnHydn_2,5 days ago,36k views reached 🎉  / Keep on watching mga kapatid ‼️ / Mula sa Lokal ng La Trinidad,https://www.youtube.com/watch?v=ROa3kbG5M0U&lc=Ugzbt4HaqzkcdES8v8B4AaABAg,Ugzbt4HaqzkcdES8v8B4AaABAg,UCFiIuFtStNyId62JOmMovbw,"Fetched 05/24/2026, 8:08:10 PM GMT+8"
13909,@NorbertoMislang-k1f,5 days ago,God's Love Benguet..  / Lokal ng Baguio  City❤❤❤,https://www.youtube.com/watch?v=ROa3kbG5M0U&lc=UgyakmZGeL111BkIbBt4AaABAg,UgyakmZGeL111BkIbBt4AaABAg,UCHrMwbP6cIZPIlWf5nvI8dA,"Fetched 05/24/2026, 8:08:10 PM GMT+8"
13910,@BnHydn_2,5 days ago,Good day brethren ✨ / Happy watching poooo 👋 / Mula po sa lokal ng La Trinidad 🌱,https://www.youtube.com/watch?v=ROa3kbG5M0U&lc=UgyLvfrHi0otPRegk654AaABAg,UgyLvfrHi0otPRegk654AaABAg,UCFiIuFtStNyId62JOmMovbw,"Fetched 05/24/2026, 8:08:10 PM GMT+8"
13911,@NorbertoMislang-k1f,5 days ago,God's Love Benguet..  / Lokal ng Baguio  City❤❤❤,https://www.youtube.com/watch?v=ROa3kbG5M0U&lc=Ugwfba3ioWO5UDzAymp4AaABAg,Ugwfba3ioWO5UDzAymp4AaABAg,UCHrMwbP6cIZPIlWf5nvI8dA,"Fetched 05/24/2026, 8:08:10 PM GMT+8"
13912,@frederickcauso,5 days ago,Go Benguet❤,https://www.youtube.com/watch?v=ROa3kbG5M0U&lc=UgwDLf-ztwPzNvFqK5p4AaABAg,UgwDLf-ztwPzNvFqK5p4AaABAg,UC9UKrTFjf2vc1tt5ZiTpOFw,"Fetched 05/24/2026, 8:08:10 PM GMT+8"
13913,@chanelalejandro_pnk,5 days ago,"Good morning mga kabagis! Breakfast time at panunuod ng God’Love CMV --- perfect combo 🫶 /  / 🇮🇹 PNK Lokal ng Kias, Distrito ng Benguet",https://www.youtube.com/watch?v=ROa3kbG5M0U&lc=UgzVRsTiD_LMnQPo-td4AaABAg,UgzVRsTiD_LMnQPo-td4AaABAg,UCTWPGTQOGr1EpY3c3e2tsVw,"Fetched 05/24/2026, 8:08:10 PM GMT+8"
13914,@aimoth8799,5 days ago,"Because GOD’S LOVE is bigger than the ocean, nothing can stop us — we’ll make it through!!!! Never flight, just FIIIIIIIIIIIIGHT!!!!!!! _ Local of Baguio City🇮🇹",https://www.youtube.com/watch?v=ROa3kbG5M0U&lc=UgxwjPqzXTtOiibrBa14AaABAg,UgxwjPqzXTtOiibrBa14AaABAg,UCdpyBtbTRbuwZiRRLRsiOyQ,"Fetched 05/24/2026, 8:08:10 PM GMT+8"
13915,@Its_Handsome_Kurtzky5442,5 days ago,Patuloy parin po ang Supporta ng Lokal ng Tuba Distrito ng Benguet 🎉,https://www.youtube.com/watch?v=ROa3kbG5M0U&lc=UgzFpmaD06WP908lxDF4AaABAg,UgzFpmaD06WP908lxDF4AaABAg,UC8-5OKyruhxurhAkxdT5SlQ,"Fetched 05/24/2026, 8:08:10 PM GMT+8"
13916,@racqueldaludado1779,5 days ago,"Magandang umaga po mga kapatid. Happy viewing po. From Lokal ng Guisad, Distrito ng Benguet",https://www.youtube.com/watch?v=ROa3kbG5M0U&lc=UgyTl_kEqUUI-HUe_5V4AaABAg,UgyTl_kEqUUI-HUe_5V4AaABAg,UCgZwecFPuKOLF2FdCfR99dw,"Fetched 05/24/2026, 8:08:10 PM GMT+8"
13917,@WennyBio,5 days ago,Full support poang mga Taga lokal Ng Baguio City❤❤❤,https://www.youtube.com/watch?v=ROa3kbG5M0U&lc=UgwSkoLG3LHDLrQqEIR4AaABAg,UgwSkoLG3LHDLrQqEIR4AaABAg,UCtHQcr0sDWbXd0kOghih6PQ,"Fetched 05/24/2026, 8:08:10 PM GMT+8"
13918,@NancyMoyano-r7u,5 days ago,"God's Love 💖💖💖  / "" A new day brings hope for a change in the weather."" / Watching from Baguio City...",https://www.youtube.com/watch?v=ROa3kbG5M0U&lc=UgxGR8227BQu_8Jiqbl4AaABAg,UgxGR8227BQu_8Jiqbl4AaABAg,UCIZH5g0o-lHJidrq7pdjV5w,"Fetched 05/24/2026, 8:08:10 PM GMT+8"
13919,@rosendabauzon2025,5 days ago,Full support po mula sa finance department LOKAL  NG IRISAN❤❤❤,https://www.youtube.com/watch?v=ROa3kbG5M0U&lc=Ugzl9FniVgqNlmPYqS54AaABAg,Ugzl9FniVgqNlmPYqS54AaABAg,UCIxunIag4Pkjs9AwwMi_KOw,"Fetched 05/24/2026, 8:08:10 PM GMT+8"
13920,@Julskie28,5 days ago,Good morning po sa ating lahat! /  / Let's start our day with God's love ❤️ /  / Let's Go Benguet 🎉 / From KADIWAs of benguet ❤ / Lokal ng Guisad,https://www.youtube.com/watch?v=ROa3kbG5M0U&lc=UgyALZA03RGWvgDeyqZ4AaABAg,UgyALZA03RGWvgDeyqZ4AaABAg,UC1nz0UiWHV8lyoQdZtJejeg,"Fetched 05/24/2026, 8:08:10 PM GMT+8"
13921,@rubygallardo-oribello8846,5 days ago,Good day po from Baguio City locale 💚🤍❤ happy wtching po😊❤,https://www.youtube.com/watch?v=ROa3kbG5M0U&lc=Ugzw3DN8SA8kG-SBd6N4AaABAg,Ugzw3DN8SA8kG-SBd6N4AaABAg,UCvXHuFOxcNepXQz7uhe8qfQ,"Fetched 05/24/2026, 8:08:10 PM GMT+8"
13922,@Jerald-z6n,5 days ago,Happy Viewing po mula sa Lokal ng Baguio City,https://www.youtube.com/watch?v=ROa3kbG5M0U&lc=UgzEwQn5uxWKlHWhRqV4AaABAg,UgzEwQn5uxWKlHWhRqV4AaABAg,UC8g_QZnHM6Ifblgpu6cGOqQ,"Fetched 05/24/2026, 8:08:10 PM GMT+8"
13923,@TheaCamba,5 days ago,Full support po from lokal ng City Camp! Shout out po sa mga Binhi out theree!!,https://www.youtube.com/watch?v=ROa3kbG5M0U&lc=UgzdMh3ohf2gjZyE5d94AaABAg,UgzdMh3ohf2gjZyE5d94AaABAg,UCsaAXxBGdUkAnz-EdAnHCMQ,"Fetched 05/24/2026, 8:08:10 PM GMT+8"
13924,@NancyMoyano-r7u,5 days ago,God's Love 💖💖💖  / Masayang panonood po sa lahat  / Go Benguet to the top 🙏🙏 🙏  / Go Baguio City❤❤❤,https://www.youtube.com/watch?v=ROa3kbG5M0U&lc=UgxA9OrdrNPNWiEBXUt4AaABAg,UgxA9OrdrNPNWiEBXUt4AaABAg,UCIZH5g0o-lHJidrq7pdjV5w,"Fetched 05/24/2026, 8:08:10 PM GMT+8"
13925,@meryllsagampod7982,5 days ago,Good morning sa lahat.  /  / Happy viewing po.  / Lokal ng Kias.  / Distrito ng Benguet.,https://www.youtube.com/watch?v=ROa3kbG5M0U&lc=Ugx9C2GM-2y8d9cKPnx4AaABAg,Ugx9C2GM-2y8d9cKPnx4AaABAg,UCVkLACK3Y8LbTZhVrCb88CA,"Fetched 05/24/2026, 8:08:10 PM GMT+8"
13926,@alfredoguiang5819,5 days ago,"Gud day po mga kapatid ,iba talaga ang Benguet! Go lang ng go...",https://www.youtube.com/watch?v=ROa3kbG5M0U&lc=Ugx_tE-VrDv9aeTKTX14AaABAg,Ugx_tE-VrDv9aeTKTX14AaABAg,UCXcicHIgZXlT4gvXtL9-mqg,"Fetched 05/24/2026, 8:08:10 PM GMT+8"
13927,@johnreylucio8970,5 days ago,"Happy Viewing po God's Love, BENGUET! / LOkal ng La Trinidad",https://www.youtube.com/watch?v=ROa3kbG5M0U&lc=UgwU5bTE1sEusMbjd9R4AaABAg,UgwU5bTE1sEusMbjd9R4AaABAg,UCNMupRD4ySrN336KZpy29OA,"Fetched 05/24/2026, 8:08:10 PM GMT+8"
13928,@rosendabauzon2025,5 days ago,Morning po sa lahat❤❤ / Lokal ng IRISAN❤❤❤,https://www.youtube.com/watch?v=ROa3kbG5M0U&lc=UgyGauxn3p_WVmkhk3N4AaABAg,UgyGauxn3p_WVmkhk3N4AaABAg,UCIxunIag4Pkjs9AwwMi_KOw,"Fetched 05/24/2026, 8:08:10 PM GMT+8"
13929,@NancyMoyano-r7u,5 days ago,Blessed Tuesday po sa ating lahat  / Still here watching God's Love 💖  / Baguio City...,https://www.youtube.com/watch?v=ROa3kbG5M0U&lc=Ugw2l1Q8RUuClGhYa154AaABAg,Ugw2l1Q8RUuClGhYa154AaABAg,UCIZH5g0o-lHJidrq7pdjV5w,"Fetched 05/24/2026, 8:08:10 PM GMT+8"
13930,@johnreylucio8970,5 days ago,Full support po ang mga tga lokal ng La Trinidad,https://www.youtube.com/watch?v=ROa3kbG5M0U&lc=UgxfFl2cM-B9BuQj4Gt4AaABAg,UgxfFl2cM-B9BuQj4Gt4AaABAg,UCNMupRD4ySrN336KZpy29OA,"Fetched 05/24/2026, 8:08:10 PM GMT+8"
13931,@johnreylucio8970,5 days ago,Good Morning mga Kapatid!! / Mas sasarap ang Agahan at Pagakakape natin kapag sinabayan natin ng Panonood nito ❤ / GO BENGUET!! / - Mula po sa mga Kadiwa sa lokal ng La Trinidad,https://www.youtube.com/watch?v=ROa3kbG5M0U&lc=UgzkTfXEMitI_bJA0Ud4AaABAg,UgzkTfXEMitI_bJA0Ud4AaABAg,UCNMupRD4ySrN336KZpy29OA,"Fetched 05/24/2026, 8:08:10 PM GMT+8"
13932,@boholhazeline05,5 days ago,Full support po mga kapatid sa Lokal ng Baguio City,https://www.youtube.com/watch?v=ROa3kbG5M0U&lc=UgwWxDQDE7D3nExAYu94AaABAg,UgwWxDQDE7D3nExAYu94AaABAg,UCNxuEnfuDgIEBwBrpx_Pl3w,"Fetched 05/24/2026, 8:08:10 PM GMT+8"
13933,@aimoth8799,5 days ago,A new day with GOD's LOVE 🔥🎶🎹 / Gooooooooo! 📣 Local of Baguio City,https://www.youtube.com/watch?v=ROa3kbG5M0U&lc=UgyhehZvU41MHqvOKjJ4AaABAg,UgyhehZvU41MHqvOKjJ4AaABAg,UCdpyBtbTRbuwZiRRLRsiOyQ,"Fetched 05/24/2026, 8:08:10 PM GMT+8"
13934,@BnHydn_2,5 days ago,"Another day, another viewing 🎉🎉 / Happy viewing po mga kapatid 🍓🌻 / Lokal ng La Trinidad",https://www.youtube.com/watch?v=ROa3kbG5M0U&lc=UgwcjUBXrtzsszTYf5t4AaABAg,UgwcjUBXrtzsszTYf5t4AaABAg,UCFiIuFtStNyId62JOmMovbw,"Fetched 05/24/2026, 8:08:10 PM GMT+8"
13935,@AdliselbAoad,5 days ago,Good Morning Po mga Kapatid... / Happy Viewing po /  / Lokal ng Baguio City,https://www.youtube.com/watch?v=ROa3kbG5M0U&lc=Ugy-weyiZ_KiHs9YeIh4AaABAg,Ugy-weyiZ_KiHs9YeIh4AaABAg,UCDFkFpLctdryYbzB6sMOn3A,"Fetched 05/24/2026, 8:08:10 PM GMT+8"
13936,@boholhazeline05,5 days ago,Magandang umaga po mga kapatid pagbati po sa aming Destinado Ka Norbert Mislang Fight Fight Fight!! / Lokal ng Baguio City ang saya saya.❤,https://www.youtube.com/watch?v=ROa3kbG5M0U&lc=Ugyy8XJmUrJ2jyB05lB4AaABAg,Ugyy8XJmUrJ2jyB05lB4AaABAg,UCNxuEnfuDgIEBwBrpx_Pl3w,"Fetched 05/24/2026, 8:08:10 PM GMT+8"
13937,@WennyBio,5 days ago,Happy viewing INCMV Mula po sa Lokal Ng Baguio City Distrito Ng benguet.,https://www.youtube.com/watch?v=ROa3kbG5M0U&lc=Ugwe2e_xnqIt93h25VF4AaABAg,Ugwe2e_xnqIt93h25VF4AaABAg,UCtHQcr0sDWbXd0kOghih6PQ,"Fetched 05/24/2026, 8:08:10 PM GMT+8"
13938,@rosendabauzon2025,5 days ago,"HappybTuessday at happy viewing po mga kapatid..,mula sa LOKAL NG IRISAN❤❤",https://www.youtube.com/watch?v=ROa3kbG5M0U&lc=UgyYBWtnr5Mmd3G5mlt4AaABAg,UgyYBWtnr5Mmd3G5mlt4AaABAg,UCIxunIag4Pkjs9AwwMi_KOw,"Fetched 05/24/2026, 8:08:10 PM GMT+8"
13939,@NancyMoyano-r7u,5 days ago,Happy viewing God's Love 💖💖💖  / Greetings from Baguio City ❤❤❤,https://www.youtube.com/watch?v=ROa3kbG5M0U&lc=UgxpmdbWsO15_B9Me0J4AaABAg,UgxpmdbWsO15_B9Me0J4AaABAg,UCIZH5g0o-lHJidrq7pdjV5w,"Fetched 05/24/2026, 8:08:10 PM GMT+8"
13940,@boholhazeline05,5 days ago,Magandang umaga po mga kapatid sa Lokal ng Baguio City,https://www.youtube.com/watch?v=ROa3kbG5M0U&lc=UgzudP6DLbO4ZEElRYN4AaABAg,UgzudP6DLbO4ZEElRYN4AaABAg,UCNxuEnfuDgIEBwBrpx_Pl3w,"Fetched 05/24/2026, 8:08:10 PM GMT+8"
13941,@boholhazeline05,5 days ago,Gods love Benguet on the Top  / Fight Fight Fight Full support po mga kapatid sa Lokal ng Baguio City,https://www.youtube.com/watch?v=ROa3kbG5M0U&lc=Ugyx2_HxcfblIJeuEu94AaABAg,Ugyx2_HxcfblIJeuEu94AaABAg,UCNxuEnfuDgIEBwBrpx_Pl3w,"Fetched 05/24/2026, 8:08:10 PM GMT+8"
13942,@JohnRayMatabang,5 days ago,Happy Viewing Mula sa Lokal ng Loacan Distrito ng Benguet 🇮🇹,https://www.youtube.com/watch?v=ROa3kbG5M0U&lc=Ugy7aFfxUQ1nrjYAipp4AaABAg,Ugy7aFfxUQ1nrjYAipp4AaABAg,UC4Wg_mO5HJeJN5OgcLxMgPA,"Fetched 05/24/2026, 8:08:10 PM GMT+8"
13943,@AdliselbAoad,5 days ago,Masayang Umagang Panonood mga Kapatid / Mula sa Lokal ng Baguio City😄,https://www.youtube.com/watch?v=ROa3kbG5M0U&lc=UgyGib4ll5zjyKLY6Q14AaABAg,UgyGib4ll5zjyKLY6Q14AaABAg,UCDFkFpLctdryYbzB6sMOn3A,"Fetched 05/24/2026, 8:08:10 PM GMT+8"
13944,@boholhazeline05,5 days ago,"Masarap mag-almusal habang nanonood God's Love"" Full support po mga kapatid sa Lokal ng Baguio City  / Ang saya2x..... BENGUET Fight Fight Fight",https://www.youtube.com/watch?v=ROa3kbG5M0U&lc=UgxjWmK8--0nBbizQ-54AaABAg,UgxjWmK8--0nBbizQ-54AaABAg,UCNxuEnfuDgIEBwBrpx_Pl3w,"Fetched 05/24/2026, 8:08:10 PM GMT+8"
13945,@LennyLardizabal,5 days ago,"happy Tuesday po sa lahat,go Baguio city ❤❤❤❤",https://www.youtube.com/watch?v=ROa3kbG5M0U&lc=UgxvRXKxmy_wRi1Ql6p4AaABAg,UgxvRXKxmy_wRi1Ql6p4AaABAg,UCWi4lSDQKNpAUv0fFowsqsQ,"Fetched 05/24/2026, 8:08:10 PM GMT+8"
13946,@Jazz-k6s,5 days ago,Magandang umag po mga kapatid from Lokal ng La Trinidad 🌱🐑🍓,https://www.youtube.com/watch?v=ROa3kbG5M0U&lc=Ugz3zI2ie7jnsYd1ljB4AaABAg,Ugz3zI2ie7jnsYd1ljB4AaABAg,UCjmyu8zkVg7bQQCs4HypxNQ,"Fetched 05/24/2026, 8:08:10 PM GMT+8"
13947,@NancyMoyano-r7u,5 days ago,Happy viewing God's Love 💖💖💖  / Greetings from Baguio City ❤❤❤,https://www.youtube.com/watch?v=ROa3kbG5M0U&lc=UgxC8kH50vh3gX8R8ZR4AaABAg,UgxC8kH50vh3gX8R8ZR4AaABAg,UCIZH5g0o-lHJidrq7pdjV5w,"Fetched 05/24/2026, 8:08:10 PM GMT+8"
13948,@LennyLardizabal,5 days ago,"happy viewing po, Mula po sa lokal Ng baguio city ❤❤❤",https://www.youtube.com/watch?v=ROa3kbG5M0U&lc=UgxXnWJhe7fY8mY_hKh4AaABAg,UgxXnWJhe7fY8mY_hKh4AaABAg,UCWi4lSDQKNpAUv0fFowsqsQ,"Fetched 05/24/2026, 8:08:10 PM GMT+8"
13949,@NancyMoyano-r7u,5 days ago,Happy viewing po sa lahat  / Go Benguet ❤❤❤ / Go Baguio City 💖,https://www.youtube.com/watch?v=ROa3kbG5M0U&lc=Ugz3AknnoQ0xU8WlN-h4AaABAg,Ugz3AknnoQ0xU8WlN-h4AaABAg,UCIZH5g0o-lHJidrq7pdjV5w,"Fetched 05/24/2026, 8:08:10 PM GMT+8"
13950,@LennyLardizabal,5 days ago,"go,go,go, go, Baguio city ❤❤❤",https://www.youtube.com/watch?v=ROa3kbG5M0U&lc=Ugx4xdxE7jJE7YNziCt4AaABAg,Ugx4xdxE7jJE7YNziCt4AaABAg,UCWi4lSDQKNpAUv0fFowsqsQ,"Fetched 05/24/2026, 8:08:10 PM GMT+8"
13951,@aimoth8799,5 days ago,Let's keep it UP UP UP💪 to the TOP!!! /  / @Local of Baguio City🐳,https://www.youtube.com/watch?v=ROa3kbG5M0U&lc=UgzCcZmh7rzinvlcy-x4AaABAg,UgzCcZmh7rzinvlcy-x4AaABAg,UCdpyBtbTRbuwZiRRLRsiOyQ,"Fetched 05/24/2026, 8:08:10 PM GMT+8"
13952,@boholhazeline05,5 days ago,Full support po mga kapatid  / Pagbati po mula sa Lokal ng Baguio City,https://www.youtube.com/watch?v=ROa3kbG5M0U&lc=Ugzfz793hCk8NU8uqxp4AaABAg,Ugzfz793hCk8NU8uqxp4AaABAg,UCNxuEnfuDgIEBwBrpx_Pl3w,"Fetched 05/24/2026, 8:08:10 PM GMT+8"
13953,@LennyLardizabal,5 days ago,Morning po Mula sa Baguio city ❤❤❤,https://www.youtube.com/watch?v=ROa3kbG5M0U&lc=UgxLkTdXXMcAXdpMA914AaABAg,UgxLkTdXXMcAXdpMA914AaABAg,UCWi4lSDQKNpAUv0fFowsqsQ,"Fetched 05/24/2026, 8:08:10 PM GMT+8"
13954,@worldofhighlights,5 days ago,Love it benguet mula sa lokal ng La trinidad,https://www.youtube.com/watch?v=ROa3kbG5M0U&lc=UgygBairnf6aDOtC5xx4AaABAg,UgygBairnf6aDOtC5xx4AaABAg,UCgD2jHQsYSdsOpztHM-Du5A,"Fetched 05/24/2026, 8:08:10 PM GMT+8"
13955,@boholhazeline05,5 days ago,Happy veiwing po mga kapatid  / Pagbati po mula sa Lokal ng Baguio City,https://www.youtube.com/watch?v=ROa3kbG5M0U&lc=Ugw4dI7jNLeB76YUisJ4AaABAg,Ugw4dI7jNLeB76YUisJ4AaABAg,UCNxuEnfuDgIEBwBrpx_Pl3w,"Fetched 05/24/2026, 8:08:10 PM GMT+8"
13956,@boholhazeline05,5 days ago,Gods love Benguet  / Masayang panunuod po mga kapatid  / Lokal ng Baguio City,https://www.youtube.com/watch?v=ROa3kbG5M0U&lc=Ugzmq46-K_5epFnylmN4AaABAg,Ugzmq46-K_5epFnylmN4AaABAg,UCNxuEnfuDgIEBwBrpx_Pl3w,"Fetched 05/24/2026, 8:08:10 PM GMT+8"
13957,@NancyMoyano-r7u,5 days ago,Happy viewing po sa lahat  / Greetings from Baguio City 💖,https://www.youtube.com/watch?v=ROa3kbG5M0U&lc=Ugytfg3Ukmm7theNwLZ4AaABAg,Ugytfg3Ukmm7theNwLZ4AaABAg,UCIZH5g0o-lHJidrq7pdjV5w,"Fetched 05/24/2026, 8:08:10 PM GMT+8"
13958,@ezrah8637,5 days ago,Good morning po sa lahat ng mga kapatid na sumusuporta sa DISTRITO NG BENGUET! Happy Tuesday po sa lahat! Greetings po mula sa LOKAL NG BAGUIO CITY😊🎉,https://www.youtube.com/watch?v=ROa3kbG5M0U&lc=UgwauR7rYFixhQMtZvN4AaABAg,UgwauR7rYFixhQMtZvN4AaABAg,UCoIa8U2n-EOwrHviBH3s7mQ,"Fetched 05/24/2026, 8:08:10 PM GMT+8"
13959,@boholhazeline05,5 days ago,Gods love Benguet on the Top 🔝  /  Lokal ng Baguio City,https://www.youtube.com/watch?v=ROa3kbG5M0U&lc=Ugw_WcBdQ4jj97sBDAl4AaABAg,Ugw_WcBdQ4jj97sBDAl4AaABAg,UCNxuEnfuDgIEBwBrpx_Pl3w,"Fetched 05/24/2026, 8:08:10 PM GMT+8"
13960,@boholhazeline05,5 days ago,Happy veiwing po mga kapatid pagbati po mula po sa Lokal ng Baguio City Distrito ng Benguet,https://www.youtube.com/watch?v=ROa3kbG5M0U&lc=UgwnkZJpJAyv8JPDcfJ4AaABAg,UgwnkZJpJAyv8JPDcfJ4AaABAg,UCNxuEnfuDgIEBwBrpx_Pl3w,"Fetched 05/24/2026, 8:08:10 PM GMT+8"
13961,@boholhazeline05,5 days ago,Go Benguet on the Top  /  Lokal ng Baguio City 💚🤍❤,https://www.youtube.com/watch?v=ROa3kbG5M0U&lc=UgzPuyFmmR-uvqIRa0R4AaABAg,UgzPuyFmmR-uvqIRa0R4AaABAg,UCNxuEnfuDgIEBwBrpx_Pl3w,"Fetched 05/24/2026, 8:08:10 PM GMT+8"
13962,@LevitaTrinidad,5 days ago,Benguet lokal ng quezon hill,https://www.youtube.com/watch?v=ROa3kbG5M0U&lc=UgyBnIn0KKhj9bGhzI14AaABAg,UgyBnIn0KKhj9bGhzI14AaABAg,UC6AilCcCyQBn7b8HL5bLClQ,"Fetched 05/24/2026, 8:08:10 PM GMT+8"
13963,@boholhazeline05,5 days ago,Happy veiwing po mga kapatid mula po sa Lokal ng Baguio City,https://www.youtube.com/watch?v=ROa3kbG5M0U&lc=UgzSexxc_I1hTEKrdiV4AaABAg,UgzSexxc_I1hTEKrdiV4AaABAg,UCNxuEnfuDgIEBwBrpx_Pl3w,"Fetched 05/24/2026, 8:08:10 PM GMT+8"
13964,@boholhazeline05,5 days ago,Hello po mga kapatid kapatid from Lokal ng Baguio City,https://www.youtube.com/watch?v=ROa3kbG5M0U&lc=UgzikeKFXmcwBv5BZQh4AaABAg,UgzikeKFXmcwBv5BZQh4AaABAg,UCNxuEnfuDgIEBwBrpx_Pl3w,"Fetched 05/24/2026, 8:08:10 PM GMT+8"
13965,@LevitaTrinidad,5 days ago,From lokal of quezon hill,https://www.youtube.com/watch?v=ROa3kbG5M0U&lc=Ugy7HSxQCPGRUnZe5zl4AaABAg,Ugy7HSxQCPGRUnZe5zl4AaABAg,UC6AilCcCyQBn7b8HL5bLClQ,"Fetched 05/24/2026, 8:08:10 PM GMT+8"
13966,@NancyMoyano-r7u,5 days ago,"Good morning po mga kapatid  / Happy viewing po  / Baguio City, Benguet",https://www.youtube.com/watch?v=ROa3kbG5M0U&lc=UgzGFd4mLFoNTyGjMCF4AaABAg,UgzGFd4mLFoNTyGjMCF4AaABAg,UCIZH5g0o-lHJidrq7pdjV5w,"Fetched 05/24/2026, 8:08:10 PM GMT+8"
13967,@boholhazeline05,5 days ago,Watching po from Lokal ng Baguio City,https://www.youtube.com/watch?v=ROa3kbG5M0U&lc=Ugx5wOhuJ72AHsTzuWp4AaABAg,Ugx5wOhuJ72AHsTzuWp4AaABAg,UCNxuEnfuDgIEBwBrpx_Pl3w,"Fetched 05/24/2026, 8:08:10 PM GMT+8"
13968,@boholhazeline05,5 days ago,Magandang umaga po mga kapatid  / Gods love Benguet  / Pagbati po mula sa Lokal ng Baguio City,https://www.youtube.com/watch?v=ROa3kbG5M0U&lc=Ugxi2RFqh0J_bTpmN5x4AaABAg,Ugxi2RFqh0J_bTpmN5x4AaABAg,UCNxuEnfuDgIEBwBrpx_Pl3w,"Fetched 05/24/2026, 8:08:10 PM GMT+8"
13969,@MargieAsuncion-h8z,5 days ago,Morning po mula po sa lokal ng Quezon hill distrito ng benguet hapi viewing po sa lahat,https://www.youtube.com/watch?v=ROa3kbG5M0U&lc=Ugxyb_GKgPjojmpM6854AaABAg,Ugxyb_GKgPjojmpM6854AaABAg,UCD-xtzJz0bi91PIYAQIOFsA,"Fetched 05/24/2026, 8:08:10 PM GMT+8"
13970,@LevitaTrinidad,5 days ago,Hello po from lokal quezon hill po.,https://www.youtube.com/watch?v=ROa3kbG5M0U&lc=UgwMqLatLx4X3Ww1v8x4AaABAg,UgwMqLatLx4X3Ww1v8x4AaABAg,UC6AilCcCyQBn7b8HL5bLClQ,"Fetched 05/24/2026, 8:08:10 PM GMT+8"
13971,@carmencitacariazo1074,5 days ago,"Watching from Lokal ng Irisan, Benguet . .shoutout to our beloved  destinado Bro. Salvador B. Rulloda! . .",https://www.youtube.com/watch?v=ROa3kbG5M0U&lc=UgzMt1pIQjCa3Yuga7d4AaABAg,UgzMt1pIQjCa3Yuga7d4AaABAg,UCbnUDokwq5YmijSnowovKUg,"Fetched 05/24/2026, 8:08:10 PM GMT+8"
13972,@NorbertoMislang-k1f,5 days ago,Happy viewing po sa ating lahat❤❤❤ / Baguio City...,https://www.youtube.com/watch?v=ROa3kbG5M0U&lc=UgxTNihTndt3VFAfRSl4AaABAg,UgxTNihTndt3VFAfRSl4AaABAg,UCHrMwbP6cIZPIlWf5nvI8dA,"Fetched 05/24/2026, 8:08:10 PM GMT+8"
13973,@NorbertoMislang-k1f,5 days ago,Happy viewing po sa ating lahat❤❤❤ / Baguio City...,https://www.youtube.com/watch?v=ROa3kbG5M0U&lc=UgzmIW88EGNhzASq-n54AaABAg,UgzmIW88EGNhzASq-n54AaABAg,UCHrMwbP6cIZPIlWf5nvI8dA,"Fetched 05/24/2026, 8:08:10 PM GMT+8"
13974,@DinaShuntogan,5 days ago,Gogo Benguet from Lokal ng Tublay❤,https://www.youtube.com/watch?v=ROa3kbG5M0U&lc=UgxmkuvCspPwfpa0mjx4AaABAg,UgxmkuvCspPwfpa0mjx4AaABAg,UCzK1-nP8TJTvlx35vN6RJ1A,"Fetched 05/24/2026, 8:08:10 PM GMT+8"
13975,@ryukfortress280,5 days ago,"Go Benguet,,from Lokal ng Tublay",https://www.youtube.com/watch?v=ROa3kbG5M0U&lc=UgwdpG6oTnajB2z-Hi14AaABAg,UgwdpG6oTnajB2z-Hi14AaABAg,UCzOZDs_8SYjFJSrSageysYg,"Fetched 05/24/2026, 8:08:10 PM GMT+8"
13976,@dindofavila7833,5 days ago,Magandang umaga po sa lahat ng mga kapatid dito sa distrito ng Benguet. Pagbati ay mula sa mga kapatid sa lokal ng Posos,https://www.youtube.com/watch?v=ROa3kbG5M0U&lc=UgwSGzpCR70v4cOkwOd4AaABAg,UgwSGzpCR70v4cOkwOd4AaABAg,UCGLQ_x6NrwmKL5xcB9ABYjQ,"Fetched 05/24/2026, 8:08:10 PM GMT+8"
13977,@NOLIPineda-r9k,5 days ago,Good Morning po,https://www.youtube.com/watch?v=ROa3kbG5M0U&lc=UgzQpHLR6p7c41DDaC54AaABAg,UgzQpHLR6p7c41DDaC54AaABAg,UCiJJ9RG6YH6JlZD1CUZVt_g,"Fetched 05/24/2026, 8:08:10 PM GMT+8"
13978,@mybrethtabayoyong,5 days ago,Good morning / Gods love / Tublay,https://www.youtube.com/watch?v=ROa3kbG5M0U&lc=UgzDvfoCnnq9TH50IFx4AaABAg,UgzDvfoCnnq9TH50IFx4AaABAg,UC46wbMs5OsXtQl89zpsCo7w,"Fetched 05/24/2026, 8:08:10 PM GMT+8"
13979,@BenjaminTabayoyong,5 days ago,Happy viewing ..from tublay po..,https://www.youtube.com/watch?v=ROa3kbG5M0U&lc=UgwVOxpYm3Wg69zW4Vh4AaABAg,UgwVOxpYm3Wg69zW4Vh4AaABAg,UCE5P_WZLmFIcSoeRaQxPFbw,"Fetched 05/24/2026, 8:08:10 PM GMT+8"
13980,@luningningpescoso4921,5 days ago,Happy viewing po sa Lahat Ng mga kapatid sa buong mundo lalo na po sa Lokal Ng Lourdes Distrito Ng Benguet,https://www.youtube.com/watch?v=ROa3kbG5M0U&lc=UgxuMO963xPR3kSKzl14AaABAg,UgxuMO963xPR3kSKzl14AaABAg,UCNEFZJBC-8ZcT-q6hyiB7Dg,"Fetched 05/24/2026, 8:08:10 PM GMT+8"
13981,@maritesstalledo8924,5 days ago,Mula po sa lokal ng megaroyale distrito ng benguet happy morning po sa lahat,https://www.youtube.com/watch?v=ROa3kbG5M0U&lc=UgyGlxHO2wI13ApS4EF4AaABAg,UgyGlxHO2wI13ApS4EF4AaABAg,UCXrFwU9B905gqc5sVTbxukg,"Fetched 05/24/2026, 8:08:10 PM GMT+8"
13982,@JoshbactaoUllah,5 days ago,Happy viewing from registry buyagan,https://www.youtube.com/watch?v=ROa3kbG5M0U&lc=UgxOdvi7jQ1FgGLeYfd4AaABAg,UgxOdvi7jQ1FgGLeYfd4AaABAg,UC7tKal8tJxgoG20ZSA1IevA,"Fetched 05/24/2026, 8:08:10 PM GMT+8"
13983,@clydeenesumilep3406,5 days ago,Happy viewing po... / Go Benguet!!! Kalihiman and Registry Section - Lokal ng Quezon Hill Distrito ng Benguet.,https://www.youtube.com/watch?v=ROa3kbG5M0U&lc=UgwOfHHcM9NEUKN37Ih4AaABAg,UgwOfHHcM9NEUKN37Ih4AaABAg,UCGiYXJkA-whqFHZIOFfELjQ,"Fetched 05/24/2026, 8:08:10 PM GMT+8"
13984,@MaryRoseSismundoPerez,5 days ago,Happy Happy Viewing po / ..Watching from Lokal Ng Irisan Distrito Ng Benguet❤❤❤,https://www.youtube.com/watch?v=ROa3kbG5M0U&lc=UgzO8KFZx-GVya1Fw_J4AaABAg,UgzO8KFZx-GVya1Fw_J4AaABAg,UC059Z7nvMdVFCi5sg-aB4zw,"Fetched 05/24/2026, 8:08:10 PM GMT+8"
13985,@RosalieTomita,5 days ago,"Happy viewing po mula sa  distrito ng benguet lokal ng sayatan  kalihiman at registry go go go,",https://www.youtube.com/watch?v=ROa3kbG5M0U&lc=UgwXzEBMmRh6lhE9Ghx4AaABAg,UgwXzEBMmRh6lhE9Ghx4AaABAg,UCH-Y-TmjSLa8eecoq7zhOhw,"Fetched 05/24/2026, 8:08:10 PM GMT+8"
13986,@JosephLambino-l9d,5 days ago,Happy viewing po from lokal NG philex mines district of benguet,https://www.youtube.com/watch?v=ROa3kbG5M0U&lc=Ugz5_ugWVn744GbUluR4AaABAg,Ugz5_ugWVn744GbUluR4AaABAg,UCi4OFAO8CWqxrvlfLCLAgKw,"Fetched 05/24/2026, 8:08:10 PM GMT+8"
13987,@PHEBIE-f7h,5 days ago,Magandang umaga po sa ating lahat. /  /  /  / ❤Buklod of AtokGold❤,https://www.youtube.com/watch?v=ROa3kbG5M0U&lc=Ugzw97Dgm4CjXuAhyMl4AaABAg,Ugzw97Dgm4CjXuAhyMl4AaABAg,UCNkJMMXP19AJSsNov8Fp3Ag,"Fetched 05/24/2026, 8:08:10 PM GMT+8"
13988,@liezelbangsiel1099,5 days ago,"Let's go mga kapatid, road to no.1!!!🥰🇮🇪",https://www.youtube.com/watch?v=ROa3kbG5M0U&lc=UgyeMZh_5DSsORPQBwd4AaABAg,UgyeMZh_5DSsORPQBwd4AaABAg,UCIY-LGp-hkQPT2puc_eYUwg,"Fetched 05/24/2026, 8:08:10 PM GMT+8"
13989,@ivymorenomaravilla,5 days ago,Full support po mula sa Baguio City ❤,https://www.youtube.com/watch?v=ROa3kbG5M0U&lc=Ugz6rJp11dbox-f7lYd4AaABAg,Ugz6rJp11dbox-f7lYd4AaABAg,UC32rXNkKQhO9c-YLliCwYLg,"Fetched 05/24/2026, 8:08:10 PM GMT+8"
13990,@johnreylucio8970,5 days ago,"Good Morning everyone ❤ Happy Viewing po / Patuloy po kaming nakasuporta, mga Kadiwa at May  TUNGKULIN,  Sa Lokal ng La Trinidad ❤",https://www.youtube.com/watch?v=ROa3kbG5M0U&lc=UgzE7JNXqOzGEiOITql4AaABAg,UgzE7JNXqOzGEiOITql4AaABAg,UCNMupRD4ySrN336KZpy29OA,"Fetched 05/24/2026, 8:08:10 PM GMT+8"
13991,@JuliusBarrientos-h7t,5 days ago,Happy viewing po...go fyt fyt fyt...benguet.lokal ng baguio city,https://www.youtube.com/watch?v=ROa3kbG5M0U&lc=UgxB0J1GncaUEInNUh54AaABAg,UgxB0J1GncaUEInNUh54AaABAg,UCZLx_TATdO3weAvmQcZISBw,"Fetched 05/24/2026, 8:08:10 PM GMT+8"
13992,@BELLEZAWinnieG,5 days ago,Magandang morning mga kapatid . Happy viewing po .. GO BENGUET ❤ From local ng SAYATAN,https://www.youtube.com/watch?v=ROa3kbG5M0U&lc=UgwiZ-LBVdfthDxSRmB4AaABAg,UgwiZ-LBVdfthDxSRmB4AaABAg,UCb1yUxTrer1cK7waKLEboEQ,"Fetched 05/24/2026, 8:08:10 PM GMT+8"
13993,@jepjep9698,5 days ago,Good morning po.. Watching from lokal ng sayatan.,https://www.youtube.com/watch?v=ROa3kbG5M0U&lc=UgyesRKu7UpLceqxt9t4AaABAg,UgyesRKu7UpLceqxt9t4AaABAg,UCEcs8evyYbz6BONzJbrCT7g,"Fetched 05/24/2026, 8:08:10 PM GMT+8"
13994,@JuliusBarrientos-h7t,5 days ago,Happy viewing po.go fight.lokal ng baguio city,https://www.youtube.com/watch?v=ROa3kbG5M0U&lc=UgxB_TAFlqNUJZTgJuV4AaABAg,UgxB_TAFlqNUJZTgJuV4AaABAg,UCZLx_TATdO3weAvmQcZISBw,"Fetched 05/24/2026, 8:08:10 PM GMT+8"
13995,@nonagabriel8139,5 days ago,Happy warching from Lokal ng Quezon Hill- Buklod,https://www.youtube.com/watch?v=ROa3kbG5M0U&lc=Ugza27bFi232Dr_PunV4AaABAg,Ugza27bFi232Dr_PunV4AaABAg,UC_dkXH53dziGaXnvaMHUMcA,"Fetched 05/24/2026, 8:08:10 PM GMT+8"
13996,@ehdwow318,5 days ago,"Go Benguet! Let’s make it to the number one spot! Amazing production, talent, and creativity all around. Happy viewing from lokal ng Megaroyale, Distrito ng Benguet ❤",https://www.youtube.com/watch?v=ROa3kbG5M0U&lc=UgzFlDhr4lL8_OmUm314AaABAg,UgzFlDhr4lL8_OmUm314AaABAg,UCiwATwwRZ8TCez4FYmw9s0Q,"Fetched 05/24/2026, 8:08:10 PM GMT+8"
13997,@nonagabriel8139,5 days ago,Mapagpalang umaga po sa lahat from Lokal ng Quezon Hill,https://www.youtube.com/watch?v=ROa3kbG5M0U&lc=UgwiXhFXwQaRyAcwRWx4AaABAg,UgwiXhFXwQaRyAcwRWx4AaABAg,UC_dkXH53dziGaXnvaMHUMcA,"Fetched 05/24/2026, 8:08:10 PM GMT+8"
13998,@camelitapasag6018,5 days ago,BELIEVE IT! BENGUET FOR THE WIN!,https://www.youtube.com/watch?v=ROa3kbG5M0U&lc=UgyppLaQ3SBx3Dsmrvl4AaABAg,UgyppLaQ3SBx3Dsmrvl4AaABAg,UCIqVoAJs6UNYwI635HYBiEQ,"Fetched 05/24/2026, 8:08:10 PM GMT+8"
13999,@rhaegardangelocariazo9849,5 days ago,Watching from Irisan  KALIHIM/REGISTRY ! 😊😊😊,https://www.youtube.com/watch?v=ROa3kbG5M0U&lc=Ugw1S4_V4aCLfQVRE6Z4AaABAg,Ugw1S4_V4aCLfQVRE6Z4AaABAg,UCo4O_WeHgcTY4MtfhONblcA,"Fetched 05/24/2026, 8:08:10 PM GMT+8"
14000,@marjjram2564,5 days ago,Agbuya tayo adi sakbay maturog :eyes-pink-heart-shape: from Irisan - KALIHIM/REGISTRY,https://www.youtube.com/watch?v=ROa3kbG5M0U&lc=UgwcM_14WHrMNG5TMyJ4AaABAg,UgwcM_14WHrMNG5TMyJ4AaABAg,UCDwjKO298z81OBfpzmclVWw,"Fetched 05/24/2026, 8:08:10 PM GMT+8"
