34001,@jasminedaludado7262,12 days ago,Galing talagaaaaa!!!🙌 /  / Supporting po ang mga KADIWA sa Distrito ng Benguet at ang mga maytungkulin sa PNK ng Lokal ng Guisad❤,https://www.youtube.com/watch?v=ROa3kbG5M0U&lc=UgwbfX3aXIroOZKvDGp4AaABAg,UgwbfX3aXIroOZKvDGp4AaABAg,UCA4HVmdH2Xj67gK8nZmpiZg,"Fetched 05/23/2026, 9:00:03 PM GMT+8"
34002,@henrycaranto2644,12 days ago,Go Benguet!!🎉 /  / Shoutout sa mga KADIWA na tuloy tuloy parin sa Pag suporta🎉🎉 /  / Pagbati po mula sa Lokal ng Baguio City🎉❤,https://www.youtube.com/watch?v=ROa3kbG5M0U&lc=UgxFs_ch6Wcgnc9LDVV4AaABAg,UgxFs_ch6Wcgnc9LDVV4AaABAg,UCFilTOy22FklSkBIgwVPVaQ,"Fetched 05/23/2026, 9:00:03 PM GMT+8"
34003,@elle.1914,12 days ago,Happy viewing po from Lokal ng Gibraltar! ☺️ /  / Pagbati po sa mga Kadiwa-Binhi Officers ng Distrito! 💙💚,https://www.youtube.com/watch?v=ROa3kbG5M0U&lc=UgxSxrF1TRXVOfJZZm94AaABAg,UgxSxrF1TRXVOfJZZm94AaABAg,UCTpq1TVl2hklh10PE8QqVhw,"Fetched 05/23/2026, 9:00:03 PM GMT+8"
34004,@winkdelarosa2397,12 days ago,Happy Monday po sa Lahat! Mula sa Lokal ng La Trinidad at Benguet KDO❤,https://www.youtube.com/watch?v=ROa3kbG5M0U&lc=Ugx8rrP3AgFxsRU1g4V4AaABAg,Ugx8rrP3AgFxsRU1g4V4AaABAg,UCcSUir_e5wTvoTFR6eQepyQ,"Fetched 05/23/2026, 9:00:03 PM GMT+8"
34005,@gelo4828,12 days ago,Go BENGUET❤,https://www.youtube.com/watch?v=ROa3kbG5M0U&lc=UgwIbZyTacB2a1kCvg14AaABAg,UgwIbZyTacB2a1kCvg14AaABAg,UCydnW0LoOckk7rQFQbEbI_g,"Fetched 05/23/2026, 9:00:03 PM GMT+8"
34006,@axeliee-m5u,12 days ago,Let's goo Benguet 🎉 /  / Happy viewing from La Trii 🥀 /  / Pagbati po mula sa mga Binhi ng Lokal ng La Trinidad 🫶,https://www.youtube.com/watch?v=ROa3kbG5M0U&lc=UgyN8s4T6lmU6O_9tXN4AaABAg,UgyN8s4T6lmU6O_9tXN4AaABAg,UCxjmGS0yLlCMs4Fe-AqbHFw,"Fetched 05/23/2026, 9:00:03 PM GMT+8"
34007,@jazz-m7b,12 days ago,"Let's go BENGUET!!!!  / Happy viewing po ulit from kapisanang binhi, Lokal ng La Trinidad",https://www.youtube.com/watch?v=ROa3kbG5M0U&lc=UgxkqAzsFsUnvkBYKN14AaABAg,UgxkqAzsFsUnvkBYKN14AaABAg,UCNB-zyitm7U6Yt835DEKclA,"Fetched 05/23/2026, 9:00:03 PM GMT+8"
34008,@rejomartayaban,12 days ago,Enjoy viewing 'GOD'S LOVE' mga kapatiddd!!🤍🤍 / Greetings po sa lokal ng La Trinidad at lahat ng mga KADIWA sa Distrito ng Benguet!!,https://www.youtube.com/watch?v=ROa3kbG5M0U&lc=UgxWHnKTQdW9MMoIeOx4AaABAg,UgxWHnKTQdW9MMoIeOx4AaABAg,UCi7RYRPFL6HTFaScpYFJMJQ,"Fetched 05/23/2026, 9:00:03 PM GMT+8"
34009,@johnreylucio8970,12 days ago,YOHOO.. Happy Viewing it Againnnn!! Go BENGUETTTT!! /  / -LA TRINIDAD KLO's / -BENGUET KDO's,https://www.youtube.com/watch?v=ROa3kbG5M0U&lc=Ugx8ANe2iN5dKzxnjfd4AaABAg,Ugx8ANe2iN5dKzxnjfd4AaABAg,UCNMupRD4ySrN336KZpy29OA,"Fetched 05/23/2026, 9:00:03 PM GMT+8"
34010,@clarkpiloneo6778,12 days ago,"FROM KAPISANANG KADIWA, Lokal ng La Trinidad, HAPPYY VIEWWING PO SA LAHATT",https://www.youtube.com/watch?v=ROa3kbG5M0U&lc=Ugxo3_Re_ULY5jEmnR94AaABAg,Ugxo3_Re_ULY5jEmnR94AaABAg,UC-rMw-abFKutSmzfhWFDgJw,"Fetched 05/23/2026, 9:00:03 PM GMT+8"
34011,@KaJaz-r3n,12 days ago,"Happy Monday Po mga kapatid! Mula Po sa mga KADIWA aming distrito, Happy viewing!",https://www.youtube.com/watch?v=ROa3kbG5M0U&lc=UgzvfTYWlrKp8iNfyyl4AaABAg,UgzvfTYWlrKp8iNfyyl4AaABAg,UC4BTg4L19kJ77hFPPBce71g,"Fetched 05/23/2026, 9:00:03 PM GMT+8"
34012,@EricaArgamaso-v2w,12 days ago,"Happy viewing, Lokal ng Buyagan Distrito ng Benguet.",https://www.youtube.com/watch?v=ROa3kbG5M0U&lc=UgxPkhywTmqHTAX7wFx4AaABAg,UgxPkhywTmqHTAX7wFx4AaABAg,UCqKa0MDKZWknB79NyXVDRow,"Fetched 05/23/2026, 9:00:03 PM GMT+8"
34013,@MideMarkAnthony,12 days ago,Happy viewing po sa lahat mula po sa lokal ng Megaroyale at lahat ng may Tungkulin sa KADIWA at PNK,https://www.youtube.com/watch?v=ROa3kbG5M0U&lc=UgyLcTR_B4dIikijUa54AaABAg,UgyLcTR_B4dIikijUa54AaABAg,UCzhh_UJC8nDt1y499QiU6Ew,"Fetched 05/23/2026, 9:00:03 PM GMT+8"
34014,@almazanrhyndylyn,12 days ago,Another round of support from the Kadiwa District Officers.  / Happy listening po everyone from Local Congregation of Norcar District of Benguet. /  / Go Benguet Go,https://www.youtube.com/watch?v=ROa3kbG5M0U&lc=Ugx-Sa_OaOYBuGbSvQ94AaABAg,Ugx-Sa_OaOYBuGbSvQ94AaABAg,UCEoQCNgytnJxjJnAQLSzFeA,"Fetched 05/23/2026, 9:00:03 PM GMT+8"
34015,@yzabelgayadan6013,12 days ago,"Loud and proud po ang Lokal ng Marcos Highway! / Hello po sa lahat ng Kadiwa District Officers! / LET’S GO BENGUET, KAYA NATIN ’TO! 💚",https://www.youtube.com/watch?v=ROa3kbG5M0U&lc=Ugyuh_2tLwm1er9mAP94AaABAg,Ugyuh_2tLwm1er9mAP94AaABAg,UCdZGb4w25RyQ_9_blAErBaQ,"Fetched 05/23/2026, 9:00:03 PM GMT+8"
34016,@winkdelarosa2397,12 days ago,"Happy viewing po mga Kapatid! Hello po sa lahat ng nasa kapisanang Kadiwa, pagbati po sa mula sa Lokal ng La Trinidad~ /  / LET'S GO BENGUET!",https://www.youtube.com/watch?v=ROa3kbG5M0U&lc=UgzmhBur1qzrxEZdI3F4AaABAg,UgzmhBur1qzrxEZdI3F4AaABAg,UCcSUir_e5wTvoTFR6eQepyQ,"Fetched 05/23/2026, 9:00:03 PM GMT+8"
34017,@gwynethcayabyab5981,12 days ago,Happy viewing po mga kapatid / Mula sa lokal ng megaroyale at kadiwa officers,https://www.youtube.com/watch?v=ROa3kbG5M0U&lc=UgxRvXCJP04oXctC4U94AaABAg,UgxRvXCJP04oXctC4U94AaABAg,UCouodNvhL1bfJC2Fz0B_Rcw,"Fetched 05/23/2026, 9:00:03 PM GMT+8"
34018,@JackieLegaspi-y9u,12 days ago,Magandang umaga po mga kapatid / Pagbati po mula sa Lokal ng QUEZON HILL DISTRITO NG BENGUET,https://www.youtube.com/watch?v=ROa3kbG5M0U&lc=UgzRL3C9rMVZddxJcaB4AaABAg,UgzRL3C9rMVZddxJcaB4AaABAg,UC9JeH1Y1DgOPr9l_3fFFAXw,"Fetched 05/23/2026, 9:00:03 PM GMT+8"
34019,@jenelynlegaspi5472,12 days ago,Magandang umaga po mga kapatid / Pagbati po mula sa Lokal ng QUEZON HILL DISTRITO NG BENGUET,https://www.youtube.com/watch?v=ROa3kbG5M0U&lc=Ugyb3ffhU-FOMIO1GB14AaABAg,Ugyb3ffhU-FOMIO1GB14AaABAg,UCLjU_xM1oUxJ0N9ClfCcPjQ,"Fetched 05/23/2026, 9:00:03 PM GMT+8"
34020,@KaJaz-r3n,12 days ago,Good morning po!❤ Happy viewing Po mula sa local ng Gibraltar. Patuloy ang panonood at pagsuporta ng mga KADIWA sa distrito,https://www.youtube.com/watch?v=ROa3kbG5M0U&lc=UgxqUMUvX4vB0ysfz2N4AaABAg,UgxqUMUvX4vB0ysfz2N4AaABAg,UC4BTg4L19kJ77hFPPBce71g,"Fetched 05/23/2026, 9:00:03 PM GMT+8"
34021,@jhonejushdelacruz6710,12 days ago (edited),"Let's go Benguet! From locale of La Trinidad, Ecclesiastical District of Benguet! ❤",https://www.youtube.com/watch?v=ROa3kbG5M0U&lc=Ugw1sgThohq5FxPNuXp4AaABAg,Ugw1sgThohq5FxPNuXp4AaABAg,UCDTfJS_e7_UVpYsFdtAWzVw,"Fetched 05/23/2026, 9:00:03 PM GMT+8"
34022,@jhonejushdelacruz6710,12 days ago,"Good morning po! Happy viewing po mula sa kapisanang Kadiwa ng lokal ng La Trinidad, distrito ng Benguet. ❤",https://www.youtube.com/watch?v=ROa3kbG5M0U&lc=UgwxRG0zmtQJlWkrXdV4AaABAg,UgwxRG0zmtQJlWkrXdV4AaABAg,UCDTfJS_e7_UVpYsFdtAWzVw,"Fetched 05/23/2026, 9:00:03 PM GMT+8"
34023,@henrycaranto2644,12 days ago,Shoutout po sa lahat ng Lokal sa Distrito ng Benguet❤🎉 /  / Pagbati po mula sa lahat ng KADIWA District Officers🎉❤,https://www.youtube.com/watch?v=ROa3kbG5M0U&lc=Ugzld7QAWSF3H91QPY14AaABAg,Ugzld7QAWSF3H91QPY14AaABAg,UCFilTOy22FklSkBIgwVPVaQ,"Fetched 05/23/2026, 9:00:03 PM GMT+8"
34024,@kristine7303,12 days ago,"Greetings po mula sa Lokal ng Marcos Highway, distrito ng Benguet at KADIWA District Officers ❤🎉",https://www.youtube.com/watch?v=ROa3kbG5M0U&lc=UgwKmvgvj3fu-tXiXfV4AaABAg,UgwKmvgvj3fu-tXiXfV4AaABAg,UCJnlqat5vcPuV6GiDugaBnA,"Fetched 05/23/2026, 9:00:03 PM GMT+8"
34025,@BnHydn,12 days ago,"A radiant morning to everyone. Happy viewing po sa lahat!🎉 /  / Mula po sa KAPISANANG BINHI, lokal ng La Trinidad.♥️ /  / LETS GOOO BENGUET!! 🔥",https://www.youtube.com/watch?v=ROa3kbG5M0U&lc=UgxCyhwCJfM34KbVnsJ4AaABAg,UgxCyhwCJfM34KbVnsJ4AaABAg,UCbVqbfs9vjTS-hPNArDNcFQ,"Fetched 05/23/2026, 9:00:03 PM GMT+8"
34026,@drewbatinay1449,12 days ago,"Let’s Go Benguet! Mula sa kapisanang Kadiwa; from the locale of La Trinidad, Ecclesiastical District of Benguet❤️❤️‼️",https://www.youtube.com/watch?v=ROa3kbG5M0U&lc=UgxIWBHuCcQjBauEqgZ4AaABAg,UgxIWBHuCcQjBauEqgZ4AaABAg,UCQgz35ptm_7_RPT-Pc80itg,"Fetched 05/23/2026, 9:00:03 PM GMT+8"
34027,@rejomartayaban,12 days ago,"Magandang morning po sa lahat😁😁 Happy viewing pooo!!  / - Lokal ng La Trinidad Distrito ng Benguet / - Kadiwa, MT-PNK/M'awit",https://www.youtube.com/watch?v=ROa3kbG5M0U&lc=Ugy1QPsC5lASiv6eWXh4AaABAg,Ugy1QPsC5lASiv6eWXh4AaABAg,UCi7RYRPFL6HTFaScpYFJMJQ,"Fetched 05/23/2026, 9:00:03 PM GMT+8"
34028,@jonieyonga-an5239,12 days ago,Happy viewing Po sa lahat Ng nkasubaybay🎉  /  / Shout out Po sa mga Kadiwa at binhi na nanonood ngayon🎉 /  / Mula Po sa lokal Ng Norcar Distrito Ng Benguet 🎉,https://www.youtube.com/watch?v=ROa3kbG5M0U&lc=Ugw0DNHTBkVo_YCbw8J4AaABAg,Ugw0DNHTBkVo_YCbw8J4AaABAg,UCgUo3JP_Fffuctza4bUumJg,"Fetched 05/23/2026, 9:00:03 PM GMT+8"
34029,@jazz-m7b,12 days ago,"Good morning po, mula sa mga kapisanang binhi sa lokal ng La Trinidad!  / Let's go BENGUET!",https://www.youtube.com/watch?v=ROa3kbG5M0U&lc=UgwMIsnhD1bvrzJXN9J4AaABAg,UgwMIsnhD1bvrzJXN9J4AaABAg,UCNB-zyitm7U6Yt835DEKclA,"Fetched 05/23/2026, 9:00:03 PM GMT+8"
34030,@axeliee-m5u,12 days ago (edited),happy viewing po sa lahat 🫶 /  / Pagbati po muli mula sa mga may tungkulin sa kapisanang Binhi Lokal ng La Trinidad Distrito ng Benguet 🥀🥀,https://www.youtube.com/watch?v=ROa3kbG5M0U&lc=UgxZEvyQqyeBirTYW2J4AaABAg,UgxZEvyQqyeBirTYW2J4AaABAg,UCxjmGS0yLlCMs4Fe-AqbHFw,"Fetched 05/23/2026, 9:00:03 PM GMT+8"
34031,@johnreylucio8970,12 days ago,"Happy Viewing as always ang mga NASA kapisanang KADIWA ,, Mapa Distrito man o Lokal.. / Greetings po Mula sa Lokal nga LA TRINIDAD🥦🐑🍓",https://www.youtube.com/watch?v=ROa3kbG5M0U&lc=Ugw4AZ-GZ0dopC3xp_h4AaABAg,Ugw4AZ-GZ0dopC3xp_h4AaABAg,UCNMupRD4ySrN336KZpy29OA,"Fetched 05/23/2026, 9:00:03 PM GMT+8"
34032,@clarkpiloneo6778,12 days ago,Sheeesh Lets go Benguet🔥🔥 From lokal ng La Trinidad,https://www.youtube.com/watch?v=ROa3kbG5M0U&lc=UgwWuI7duPFh0sSkBCt4AaABAg,UgwWuI7duPFh0sSkBCt4AaABAg,UC-rMw-abFKutSmzfhWFDgJw,"Fetched 05/23/2026, 9:00:03 PM GMT+8"
34033,@williedidulo2687,12 days ago,Happy viewing po mula sa lokal ng aurora hill distrito ng Benguet binabati po namin aming taga pangsiwa ng distrito ang kapatid na ardy Mendoza ganun din ang aming guapo na destinado / Kapatid na redentor Tiamzon jr,https://www.youtube.com/watch?v=ROa3kbG5M0U&lc=UgzYiZhf4rw2ObvJWhF4AaABAg,UgzYiZhf4rw2ObvJWhF4AaABAg,UC9o8BGbjllY0nOWnBSn75pg,"Fetched 05/23/2026, 9:00:03 PM GMT+8"
34034,@tayabanrt,12 days ago,"Good morning po, patuloy pong sumusuporta ang mga MT ng PNK sa Lokal ng LA TRINIDAD! Let's go BENGUET!🎉",https://www.youtube.com/watch?v=ROa3kbG5M0U&lc=Ugzz3W-3_Jm9GZpnzSx4AaABAg,Ugzz3W-3_Jm9GZpnzSx4AaABAg,UCCpOKu7HxJqnWctZ5fG9DZg,"Fetched 05/23/2026, 9:00:03 PM GMT+8"
34035,@Vey_B,12 days ago,Magandang umaga po. Happy Viewing po sa lahat mula po sa lokal ng Camp 8 Distrito po ng Benguet! ❤,https://www.youtube.com/watch?v=ROa3kbG5M0U&lc=UgzujezqYCTNs2zLq_l4AaABAg,UgzujezqYCTNs2zLq_l4AaABAg,UCs0ieULo51Fa89D7xPRNENg,"Fetched 05/23/2026, 9:00:03 PM GMT+8"
34036,@Julskie28,12 days ago,Another wave of viewing sa ating lahat! /  / Greetings from KADIWAs of Benguet,https://www.youtube.com/watch?v=ROa3kbG5M0U&lc=UgzUkko63EvxWy2Iws94AaABAg,UgzUkko63EvxWy2Iws94AaABAg,UC1nz0UiWHV8lyoQdZtJejeg,"Fetched 05/23/2026, 9:00:03 PM GMT+8"
34037,@luibustamante9493,12 days ago,"Happy monday, Happy morning / Happy viewing sa lahat ng Maytungkulin esp mga Kadiwa at KDO na oras-oras ay laging sumusuporta at nanoond ng God's Love /  /  / Pagbati mula po sa Lokal ng Tuba",https://www.youtube.com/watch?v=ROa3kbG5M0U&lc=UgyC5iq9t0RAxs24adt4AaABAg,UgyC5iq9t0RAxs24adt4AaABAg,UCFAmrhDmv6rvZrQoYp-IS9w,"Fetched 05/23/2026, 9:00:03 PM GMT+8"
34038,@jasminedaludado7262,12 days ago,Let's go Benguet!!! /  / Greetings from KADIWA po from Lokal ng Guisad❤,https://www.youtube.com/watch?v=ROa3kbG5M0U&lc=UgwELrNyfS7eOxmydql4AaABAg,UgwELrNyfS7eOxmydql4AaABAg,UCA4HVmdH2Xj67gK8nZmpiZg,"Fetched 05/23/2026, 9:00:03 PM GMT+8"
34039,@lanlani.eaaaahn,12 days ago,Maligayang pagbati po mula sa mga kapisanang binhi sa lokal ng La Trinidad!!! LET’S GO BENGUETTTTT!!!,https://www.youtube.com/watch?v=ROa3kbG5M0U&lc=Ugw21xin3SsbWEGkAQt4AaABAg,Ugw21xin3SsbWEGkAQt4AaABAg,UCxRF5ldmYBJWNlgtayRoTHg,"Fetched 05/23/2026, 9:00:03 PM GMT+8"
34040,@vhladbunag1121,12 days ago,"New week!  / New great opportunities!  / Greetings from Locale of Quezon Hill,  / District of Benguet",https://www.youtube.com/watch?v=ROa3kbG5M0U&lc=UgzUGurr_MqM6K5iwh54AaABAg,UgzUGurr_MqM6K5iwh54AaABAg,UCHH_VRtlJD6DzNISAPGErTg,"Fetched 05/23/2026, 9:00:03 PM GMT+8"
34041,@drewbatinay1449,12 days ago,"Magandang Umaga po mga kapatid! Enjoy watching mula sa kapisanang Kadiwa; Lokal ng La Trinidad, Distrito ng Benguet!🤍🤍",https://www.youtube.com/watch?v=ROa3kbG5M0U&lc=UgyHtUUSrrFVXvO2s9x4AaABAg,UgyHtUUSrrFVXvO2s9x4AaABAg,UCQgz35ptm_7_RPT-Pc80itg,"Fetched 05/23/2026, 9:00:03 PM GMT+8"
34042,@lanlani.eaaaahn,12 days ago,"Happy viewing po sa ating lahat, mga kapatid! Greetings po mula sa kapisanang binhi from the Local of La Trinidad!!! Let’s go, Benguettttttt! 💕💕💕",https://www.youtube.com/watch?v=ROa3kbG5M0U&lc=UgyTg7gXsqS4AD0FAPB4AaABAg,UgyTg7gXsqS4AD0FAPB4AaABAg,UCxRF5ldmYBJWNlgtayRoTHg,"Fetched 05/23/2026, 9:00:03 PM GMT+8"
34043,@kimberlysarmiento1034,12 days ago,"Happy Monday and happy viewing to all brethren, greetings from Tuba, district of Benguet🎉❤",https://www.youtube.com/watch?v=ROa3kbG5M0U&lc=UgzPTynU7f8YH77EwCJ4AaABAg,UgzPTynU7f8YH77EwCJ4AaABAg,UCds_RyKfMX7Xzg4PQRhf9NQ,"Fetched 05/23/2026, 9:00:03 PM GMT+8"
34044,@rejomartayaban,12 days ago,Mula po sa mga Kadiwa ng Lokal ng La Trinidad ay patuloy parin po sa pag support.. Happy viewing and happy Monday😁😁,https://www.youtube.com/watch?v=ROa3kbG5M0U&lc=UgxJzdJa0TkDW6niBnV4AaABAg,UgxJzdJa0TkDW6niBnV4AaABAg,UCi7RYRPFL6HTFaScpYFJMJQ,"Fetched 05/23/2026, 9:00:03 PM GMT+8"
34045,@axeliee-m5u,12 days ago,Pagbati po may tungkulin sa kapisanang Binhi mula sa lokal ng La Trinidad Distrito ng Benguet 🎉🥀,https://www.youtube.com/watch?v=ROa3kbG5M0U&lc=UgxZsXPfij_YE_1PKCB4AaABAg,UgxZsXPfij_YE_1PKCB4AaABAg,UCxjmGS0yLlCMs4Fe-AqbHFw,"Fetched 05/23/2026, 9:00:03 PM GMT+8"
34046,@stiffilee3772,12 days ago,"Happy Viewing po sa ating lahat, Greetings po mula sa Mga May tungkulin sa Kapisanan sa Lokal ng La Trinidad🍓🍓🍓",https://www.youtube.com/watch?v=ROa3kbG5M0U&lc=Ugx3Q2rqWp1rhxH-uYF4AaABAg,Ugx3Q2rqWp1rhxH-uYF4AaABAg,UCGYiTiWTT8mrMBLKCxQJfpA,"Fetched 05/23/2026, 9:00:03 PM GMT+8"
34047,@gwynethcayabyab5981,12 days ago,"Magandang umaga po sa lahat ng na nonood, keep on watching po /  / Mula po sa lokal ng Megaroyal at kadiwa officers🎉",https://www.youtube.com/watch?v=ROa3kbG5M0U&lc=UgzCNEDn995ECj5_pwZ4AaABAg,UgzCNEDn995ECj5_pwZ4AaABAg,UCouodNvhL1bfJC2Fz0B_Rcw,"Fetched 05/23/2026, 9:00:03 PM GMT+8"
34048,@boholhazeline05,12 days ago,"Magandang umaga po mga kapatid, masiglang pagbati po mula sa Lokal ng Baguio City❤",https://www.youtube.com/watch?v=ROa3kbG5M0U&lc=UgziX2asnOjjlZVxZlN4AaABAg,UgziX2asnOjjlZVxZlN4AaABAg,UCNxuEnfuDgIEBwBrpx_Pl3w,"Fetched 05/23/2026, 9:00:03 PM GMT+8"
34049,@LourizDainiel,12 days ago,"-Let's Go Benguet, Pagbati po mula sa Kapisanang Binhi sa Lokal ng La Trinidad🥦🐑🍓",https://www.youtube.com/watch?v=ROa3kbG5M0U&lc=UgzX-IfsXG9AJkAO8lp4AaABAg,UgzX-IfsXG9AJkAO8lp4AaABAg,UCl27_TVQwFVeYsRUXy_X54g,"Fetched 05/23/2026, 9:00:03 PM GMT+8"
34050,@daisycastaneda7972,12 days ago,"Happy watching to all BRETHREN, greetings from Baguio City locale, Eccleciastical Distric of Benguet.",https://www.youtube.com/watch?v=ROa3kbG5M0U&lc=UgwyQ8mEPgndKicWAxt4AaABAg,UgwyQ8mEPgndKicWAxt4AaABAg,UCD3NlGp4eLYcR2RGC7FwnKQ,"Fetched 05/23/2026, 9:00:03 PM GMT+8"
34051,@henrycaranto2644,12 days ago,Kain po mga Kapatid Habang Nanunuod🎉 /  / Hello po sa lahat ng KADIWA at BINHI❤❤ /  / FROM Loka ng Baguio City❤🎉🎉,https://www.youtube.com/watch?v=ROa3kbG5M0U&lc=UgxHtO35XBsnDA0vjdB4AaABAg,UgxHtO35XBsnDA0vjdB4AaABAg,UCFilTOy22FklSkBIgwVPVaQ,"Fetched 05/23/2026, 9:00:03 PM GMT+8"
34052,@daisycastaneda7972,12 days ago,"Magandang umaga po sa Lahat ng mga kapatid ,happy watching po ,GO FOR THE WIN BENGUET .GREETINGS PO MUILA SA LOKAL NG BAGUIO CITY.",https://www.youtube.com/watch?v=ROa3kbG5M0U&lc=Ugwilv6uWbaU0FZZzul4AaABAg,Ugwilv6uWbaU0FZZzul4AaABAg,UCD3NlGp4eLYcR2RGC7FwnKQ,"Fetched 05/23/2026, 9:00:03 PM GMT+8"
34053,@yzabelgayadan6013,12 days ago,Breakfast habang nakikinig ng God’s Love🎶… Happy viewing po sa lahat! have a great day ahead po sa mga Kadiwa na walang kapaguran sa pagsuporta!  /  / Happiest Birthday din po pogi  naming KSKP ka John Felix Dungan!🎉💕 /  / -marcos highway,https://www.youtube.com/watch?v=ROa3kbG5M0U&lc=UgwH9Vzw9PPvLTuVZIl4AaABAg,UgwH9Vzw9PPvLTuVZIl4AaABAg,UCdZGb4w25RyQ_9_blAErBaQ,"Fetched 05/23/2026, 9:00:03 PM GMT+8"
34054,@daisycastaneda7972,12 days ago,"Magandang umaga po sa lahat MALAIGAYANG panonood po sa lahat ,PAGBATI mula sa lokal ng Baguio City ,Distrito ng ,Benguet.",https://www.youtube.com/watch?v=ROa3kbG5M0U&lc=Ugxdlh4gMWxenXJiEGJ4AaABAg,Ugxdlh4gMWxenXJiEGJ4AaABAg,UCD3NlGp4eLYcR2RGC7FwnKQ,"Fetched 05/23/2026, 9:00:03 PM GMT+8"
34055,@maritesstalledo8924,12 days ago,Love watching mula po sa lokal ng Megaroyale Village distrito ng Benguet,https://www.youtube.com/watch?v=ROa3kbG5M0U&lc=Ugzbn-xHCygpz-jY2Yd4AaABAg,Ugzbn-xHCygpz-jY2Yd4AaABAg,UCXrFwU9B905gqc5sVTbxukg,"Fetched 05/23/2026, 9:00:03 PM GMT+8"
34056,@jmfellon,12 days ago,"Greetings po from Locale of Megaroyale Village, Distrito ng Benguet ❤",https://www.youtube.com/watch?v=ROa3kbG5M0U&lc=UgyhJgQe2RCCXh6Mdpl4AaABAg,UgyhJgQe2RCCXh6Mdpl4AaABAg,UCZ8idIpZ3xFeZGtMIjgqtEQ,"Fetched 05/23/2026, 9:00:03 PM GMT+8"
34057,@kristine7303,12 days ago,"Good morning po! Happy Viewing mula sa Lokal ng Marcos Highway, distrito ng Benguet! /  / Shoutout sa mga Kadiwa na kagigising lang, God's Love agad ang musika 😂❤",https://www.youtube.com/watch?v=ROa3kbG5M0U&lc=UgzMppZhUPCk7fxzsO94AaABAg,UgzMppZhUPCk7fxzsO94AaABAg,UCJnlqat5vcPuV6GiDugaBnA,"Fetched 05/23/2026, 9:00:03 PM GMT+8"
34058,@luibustamante9493,12 days ago,"Good morning and happy viewing po sa lahat ng kapatid saan mang panig ng mundo.  /  /  / Maligayang kaarawan po sa ating masipag, makisig at nakapoging KSKP Ka John Felix Dungan, Happiest birthday po 🥳🎂🎂🥳🥳 /  /  / Gising na po mga Kadiwa, ready na ulit sumuporta 🔥🔥 /  /  / -Lokal ng Tuba",https://www.youtube.com/watch?v=ROa3kbG5M0U&lc=UgwVIeawDMvGqJec_xd4AaABAg,UgwVIeawDMvGqJec_xd4AaABAg,UCFAmrhDmv6rvZrQoYp-IS9w,"Fetched 05/23/2026, 9:00:03 PM GMT+8"
34059,@jasminedaludado7262,12 days ago,Rewatch muna bago pumasok😁 / Happy viewing po mga kapatid. Happy birthday din po sa aming KSKP na si Ka John Felix Dungan💛 /  / Mula po sa Lokal ng Guisad,https://www.youtube.com/watch?v=ROa3kbG5M0U&lc=Ugz-mY5vakWPpGrJFTV4AaABAg,Ugz-mY5vakWPpGrJFTV4AaABAg,UCA4HVmdH2Xj67gK8nZmpiZg,"Fetched 05/23/2026, 9:00:03 PM GMT+8"
34060,@RaquelAntipuesto-y6t,12 days ago,Happy viewing po!From Camp7,https://www.youtube.com/watch?v=ROa3kbG5M0U&lc=Ugx4kK88tXFkSSlHQm54AaABAg,Ugx4kK88tXFkSSlHQm54AaABAg,UCj6kgzj6V5CF4X2Gf0CFh5A,"Fetched 05/23/2026, 9:00:03 PM GMT+8"
34061,@clarkpiloneo6778,12 days ago,"Mula po sa kapisanang kadiwa, HAPPYY VIEWING PO FROM LOKAL NG LA TRINIDAD🫶🫶🫶",https://www.youtube.com/watch?v=ROa3kbG5M0U&lc=UgxYd7VnwMQ5hQgMeSx4AaABAg,UgxYd7VnwMQ5hQgMeSx4AaABAg,UC-rMw-abFKutSmzfhWFDgJw,"Fetched 05/23/2026, 9:00:03 PM GMT+8"
34062,@AleiliCaisip-f3g,12 days ago,Masayang pagbati po sa lahat ng MT sa buong distrito ng Benguet mula po  sa lokal ng baguio City,https://www.youtube.com/watch?v=ROa3kbG5M0U&lc=Ugw3uUFkEYF3IcsKTkl4AaABAg,Ugw3uUFkEYF3IcsKTkl4AaABAg,UC6_X5vAPAhfo9Z2M4PLKJ1A,"Fetched 05/23/2026, 9:00:03 PM GMT+8"
34063,@AleiliCaisip-f3g,12 days ago,Muli magandang umaga po sa ating lahat mga kapatid. Pagbati mula po sa lokal ng Baguio City Distrito ng Benguet,https://www.youtube.com/watch?v=ROa3kbG5M0U&lc=UgzQ2pBVX2F-QBk6bZd4AaABAg,UgzQ2pBVX2F-QBk6bZd4AaABAg,UC6_X5vAPAhfo9Z2M4PLKJ1A,"Fetched 05/23/2026, 9:00:03 PM GMT+8"
34064,@elenamercado703,12 days ago,"Shout out sa Benguet, Baguio City Go! Go! Go!",https://www.youtube.com/watch?v=ROa3kbG5M0U&lc=UgyF38vmHoPg15xzc_N4AaABAg,UgyF38vmHoPg15xzc_N4AaABAg,UCNozFZrWKHQlsgIMWyFmFIA,"Fetched 05/23/2026, 9:00:03 PM GMT+8"
34065,@johnreylucio8970,12 days ago,"Yow yow yow,, !! Happy happy Viewing po sa ating lahattt!!  /  / Patuloy ang aming pagbati mula sa Lokal ng LA TRINIDAD at Benguet KDO'S",https://www.youtube.com/watch?v=ROa3kbG5M0U&lc=UgyJ91N7Ctt8fGyQzEF4AaABAg,UgyJ91N7Ctt8fGyQzEF4AaABAg,UCNMupRD4ySrN336KZpy29OA,"Fetched 05/23/2026, 9:00:03 PM GMT+8"
34066,@Julskie28,12 days ago,Hello po mga kapatid! Happy viewing po /  / Happy birthday din po sa aming KSKP ka John Felix Dungan. /  / From Kadiwa District Officers and Lokal ng Guisad ❤,https://www.youtube.com/watch?v=ROa3kbG5M0U&lc=Ugy-nB5j6UZlHfloFQd4AaABAg,Ugy-nB5j6UZlHfloFQd4AaABAg,UC1nz0UiWHV8lyoQdZtJejeg,"Fetched 05/23/2026, 9:00:03 PM GMT+8"
34067,@reeseroxas8473,12 days ago,Happy Viewing po sa lahat ng mga kapatid mula po sa mga mang-aawit ng Lokal ng Baguio City!,https://www.youtube.com/watch?v=ROa3kbG5M0U&lc=UgxTtmHANqvzO2lBgl54AaABAg,UgxTtmHANqvzO2lBgl54AaABAg,UCKaOpMA1QPpOjmS7FBdl8Yw,"Fetched 05/23/2026, 9:00:03 PM GMT+8"
34068,@almazanrhyndylyn,12 days ago,Happy viewing po sa lahat ng nanonood ngayong umaga. /  / Binabati din po namin ang ating KSKP ng Distrito ang Ka John Felix Dungan ng Maligayang Kaarawan po 🎉🎉. Mula po sa Kapisanang Kadiwa sa Distrito. /  / - Lokal ng Norcar,https://www.youtube.com/watch?v=ROa3kbG5M0U&lc=Ugwl5NecMd7bzbO3lmV4AaABAg,Ugwl5NecMd7bzbO3lmV4AaABAg,UCEoQCNgytnJxjJnAQLSzFeA,"Fetched 05/23/2026, 9:00:03 PM GMT+8"
34069,@elenamercado703,12 days ago,Morning sa lahat ng mga kapatid dito po mula sa lokal Baguio City Benguet,https://www.youtube.com/watch?v=ROa3kbG5M0U&lc=UgziQc_NwwtrIIns0xV4AaABAg,UgziQc_NwwtrIIns0xV4AaABAg,UCNozFZrWKHQlsgIMWyFmFIA,"Fetched 05/23/2026, 9:00:03 PM GMT+8"
34070,@Julskie28,12 days ago,Good morning po sa ating lahat! /  / Another day of viewing! /  / Hello po sa mga kadiwa jan. Gising gising /  /  / Mula sa Lokal ng Guisad❤,https://www.youtube.com/watch?v=ROa3kbG5M0U&lc=Ugz162D30hMejSgm7P94AaABAg,Ugz162D30hMejSgm7P94AaABAg,UC1nz0UiWHV8lyoQdZtJejeg,"Fetched 05/23/2026, 9:00:03 PM GMT+8"
34071,@almazanrhyndylyn,12 days ago,Magandang umaga po. / Muling pakikinig at panonood po. /  / Patuloy pong pakikipagkaisa mula sa Lokal ng Norcar Distrito ng Benguet at ng Kadiwa District Officers.,https://www.youtube.com/watch?v=ROa3kbG5M0U&lc=UgyFMiMVYnTgoStjbZx4AaABAg,UgyFMiMVYnTgoStjbZx4AaABAg,UCEoQCNgytnJxjJnAQLSzFeA,"Fetched 05/23/2026, 9:00:03 PM GMT+8"
34072,@emersonsrrivera8499,12 days ago,Good morning po mga kapatid.... Happy Monday.... Happy viewing po sa lahat... Megaroyale Village,https://www.youtube.com/watch?v=ROa3kbG5M0U&lc=Ugx4cn0RovYxIRK8jyl4AaABAg,Ugx4cn0RovYxIRK8jyl4AaABAg,UCEwD1sGs1TBK_FclZJYDoEw,"Fetched 05/23/2026, 9:00:03 PM GMT+8"
34073,@AltheaEstephanieJaballa,12 days ago,Good morning po! Happy viewing po from La Trinidad,https://www.youtube.com/watch?v=ROa3kbG5M0U&lc=UgwWWp8D_7ghIZKPdgZ4AaABAg,UgwWWp8D_7ghIZKPdgZ4AaABAg,UCIr2XT0yhBj05SQv0YCD_vQ,"Fetched 05/23/2026, 9:00:03 PM GMT+8"
34074,@jajahowhow34,12 days ago,Magandang umaga po mga kapatid! 🙋‍♀️ / Happy viewing po mula sa Lokal ng La Trinidad!🫶,https://www.youtube.com/watch?v=ROa3kbG5M0U&lc=UgxKdnSJiKFkZA4NxDx4AaABAg,UgxKdnSJiKFkZA4NxDx4AaABAg,UCZqjXW2bq-iFGhee5WzpbBQ,"Fetched 05/23/2026, 9:00:03 PM GMT+8"
34075,@jonieyonga-an5239,12 days ago,"Good morning poooo🎉🎉 / Happy viewing Po sa inyong lahatt🎉 /  / Binabati Po namin ang aming KSKP Ng Distrito, ang Ka John Felix Dungan Po, / Happy Birthday Po Ka john🎉🎉 /  / Pagbati sa mga kadiwaa Po natin jann na maagang maaga ay nkasubaybay na🎉🎉",https://www.youtube.com/watch?v=ROa3kbG5M0U&lc=UgzRv434oFOlSy8Gnc54AaABAg,UgzRv434oFOlSy8Gnc54AaABAg,UCgUo3JP_Fffuctza4bUumJg,"Fetched 05/23/2026, 9:00:03 PM GMT+8"
34076,@giloribello,12 days ago,I love it. Singing from BAGUIO CITY LOCALE / 😮😮😮😮😮😮😮😮,https://www.youtube.com/watch?v=ROa3kbG5M0U&lc=UgzFqkt45Et4pTPc_rN4AaABAg,UgzFqkt45Et4pTPc_rN4AaABAg,UCDoxrvwIaC8g19_zJaWhluQ,"Fetched 05/23/2026, 9:00:03 PM GMT+8"
34077,@rejomartayaban,12 days ago,"Good morning po mga kapatid, happy viewing po from Lokal ng La Trinidad.. Have a good dayy",https://www.youtube.com/watch?v=ROa3kbG5M0U&lc=UgzgeuWSNgQ1A-3srS54AaABAg,UgzgeuWSNgQ1A-3srS54AaABAg,UCi7RYRPFL6HTFaScpYFJMJQ,"Fetched 05/23/2026, 9:00:03 PM GMT+8"
34078,@clarkpiloneo6778,12 days ago,"Mula po sa kapisanang kadiwa, HAPPYY VIEWING PO FROM LOKAL NG LA TRINIDAD🫶🫶🫶",https://www.youtube.com/watch?v=ROa3kbG5M0U&lc=UgynOgnF1i8Hq4nR2m94AaABAg,UgynOgnF1i8Hq4nR2m94AaABAg,UC-rMw-abFKutSmzfhWFDgJw,"Fetched 05/23/2026, 9:00:03 PM GMT+8"
34079,@johnreylucio8970,12 days ago,"Goood Morning poo to all Kadiwa Out there,, Happy Viewing po!! /  / Pagbati po mula sa Lokal ng LA TRINIDAD At CFO Officers🥦🐑🍓",https://www.youtube.com/watch?v=ROa3kbG5M0U&lc=UgwnKCJjp55rk_nINn94AaABAg,UgwnKCJjp55rk_nINn94AaABAg,UCNMupRD4ySrN336KZpy29OA,"Fetched 05/23/2026, 9:00:03 PM GMT+8"
34080,@jasminedaludado7262,12 days ago,Good morning po!! Happy viewing po mula sa Lokal ng Guisad. Binabati ko din po ang mga KADIWA sa Distrito ng Benguet,https://www.youtube.com/watch?v=ROa3kbG5M0U&lc=UgzDC2LaxksOSmt25kV4AaABAg,UgzDC2LaxksOSmt25kV4AaABAg,UCA4HVmdH2Xj67gK8nZmpiZg,"Fetched 05/23/2026, 9:00:03 PM GMT+8"
34081,@gwynethcayabyab5981,12 days ago,Good morning po sa lahat ng kapatid na nanonood❤ / Mula po sa mga kadiwa,https://www.youtube.com/watch?v=ROa3kbG5M0U&lc=UgzNsAZYLmOii_llE7d4AaABAg,UgzNsAZYLmOii_llE7d4AaABAg,UCouodNvhL1bfJC2Fz0B_Rcw,"Fetched 05/23/2026, 9:00:03 PM GMT+8"
34082,@henrycaranto2644,12 days ago,Magandng Umaga po sa lahat☺️🎉🎉 /  / Pagbati po mula sa lahat ng KADIWA dito po sa Distrito ng Benguet❤🎉🎉,https://www.youtube.com/watch?v=ROa3kbG5M0U&lc=UgwPMDZ__EB7mWkwXA54AaABAg,UgwPMDZ__EB7mWkwXA54AaABAg,UCFilTOy22FklSkBIgwVPVaQ,"Fetched 05/23/2026, 9:00:03 PM GMT+8"
34083,@yzabelgayadan6013,12 days ago,Good morning po sa lahat! Isang masiglang pagbati mula sa Lokal ng Marcos Highway!  / Tuloy-tuloy lang po tayo sa pagsuporta / Shoutout po sa lahat ng KDO / LET’S GO BENGUET! 🎉,https://www.youtube.com/watch?v=ROa3kbG5M0U&lc=Ugys18Rqbi_Qr1FDuVF4AaABAg,Ugys18Rqbi_Qr1FDuVF4AaABAg,UCdZGb4w25RyQ_9_blAErBaQ,"Fetched 05/23/2026, 9:00:03 PM GMT+8"
34084,@CasseySGonzales,12 days ago,Happy Viewing po mga kapatid🐑  from Lokal ng La Trinidad Distrito ng Benguet🍓  / Binabati ko rin po ang Destinado at ang mga nasa Kapisanang Binhi🌱ng La Trinidad,https://www.youtube.com/watch?v=ROa3kbG5M0U&lc=UgzlYiJS8_UEwhGOHXB4AaABAg,UgzlYiJS8_UEwhGOHXB4AaABAg,UCZ_1zJtZfWs6L_NdfNJCvtQ,"Fetched 05/23/2026, 9:00:03 PM GMT+8"
34085,@gladysabad8665,12 days ago,Happy viewing po.... /  / Shout out sa lokal ng camp 8,https://www.youtube.com/watch?v=ROa3kbG5M0U&lc=Ugw7WszJOMEe2TpBa2d4AaABAg,Ugw7WszJOMEe2TpBa2d4AaABAg,UCp31Lwos5f6VPnIY9zaFbRA,"Fetched 05/23/2026, 9:00:03 PM GMT+8"
34086,@dianaroseinfantedejesus1479,12 days ago,Happy viewing po from la tri,https://www.youtube.com/watch?v=ROa3kbG5M0U&lc=UgyaUc2iP0bT-SCUWhV4AaABAg,UgyaUc2iP0bT-SCUWhV4AaABAg,UCBQdv6hUNcBq-xg-j4z6gwA,"Fetched 05/23/2026, 9:00:03 PM GMT+8"
34087,@jellyjellyy4487,12 days ago,Wazzuup mga kapatid!! Happy viewing po from lokal ng Irisan distrito ng Benguet 💚🤍❤️  /  / time check: 12:31am,https://www.youtube.com/watch?v=ROa3kbG5M0U&lc=UgxvGYQ-ygMzHWECkxN4AaABAg,UgxvGYQ-ygMzHWECkxN4AaABAg,UCmgyKpMUz-H7XcLZdn4GUoQ,"Fetched 05/23/2026, 9:00:03 PM GMT+8"
34088,@RommelPaulin-w9q,12 days ago,isa po ito sa magkaka-award,https://www.youtube.com/watch?v=ROa3kbG5M0U&lc=Ugx5qUmV-M9wC9zoBdV4AaABAg,Ugx5qUmV-M9wC9zoBdV4AaABAg,UCUr6oFFM0hs3F9n9djsKngg,"Fetched 05/23/2026, 9:00:03 PM GMT+8"
34089,@JonnerGuilod-ye5rs,12 days ago,"Happy Watching po from Lokal ng Baguio City! /  / Binabati ko nga po pala ang aming Katuwang sa Kapisanang Pansambahayan Ka. John Felix Dungan,Happy Happy Birthday po! 🎉🎉🎉",https://www.youtube.com/watch?v=ROa3kbG5M0U&lc=UgwA80HSkWldTSuKTdF4AaABAg,UgwA80HSkWldTSuKTdF4AaABAg,UCqAZvKcFKWAYBEWjNAhZEZw,"Fetched 05/23/2026, 9:00:03 PM GMT+8"
34090,@juliansicmaten4936,12 days ago,happy viewing po mga kpatid.. from local of atok gold,https://www.youtube.com/watch?v=ROa3kbG5M0U&lc=UgwKEg73uLb419U7ZSh4AaABAg,UgwKEg73uLb419U7ZSh4AaABAg,UCJaCCnvNXDW3QqufbXJYLog,"Fetched 05/23/2026, 9:00:03 PM GMT+8"
34091,@PHEBIE-f7h,12 days ago,A very inspiring song indeed. HAPPY VIEWING PO mula sa lokal ng Atok Gold.,https://www.youtube.com/watch?v=ROa3kbG5M0U&lc=Ugy8n8AXmrCBVFBrQhZ4AaABAg,Ugy8n8AXmrCBVFBrQhZ4AaABAg,UCNkJMMXP19AJSsNov8Fp3Ag,"Fetched 05/23/2026, 9:00:03 PM GMT+8"
34092,@almazanrhyndylyn,12 days ago,Ayon po last viewing po for tonight. /  / Bukas po uli. /  / From: Lokal ng Norcar Distrito ng Benguet and Benguet Kadiwa District Officers,https://www.youtube.com/watch?v=ROa3kbG5M0U&lc=UgxpCMnmbkFIsuFYR1R4AaABAg,UgxpCMnmbkFIsuFYR1R4AaABAg,UCEoQCNgytnJxjJnAQLSzFeA,"Fetched 05/23/2026, 9:00:03 PM GMT+8"
34093,@jonieyonga-an5239,12 days ago,Gabiingg Gabi naaa active parin Ang mga supporters 🎉🎉 /  / Shout out sa mga nakasubaybay paring mga Kadiwa jan🎉 / Magandang Gabi sa mga Maytungkulin sa kapisanan g kadiwaa🎉🎉,https://www.youtube.com/watch?v=ROa3kbG5M0U&lc=UgzFCoSSkJf0-bnkQOh4AaABAg,UgzFCoSSkJf0-bnkQOh4AaABAg,UCgUo3JP_Fffuctza4bUumJg,"Fetched 05/23/2026, 9:00:03 PM GMT+8"
34094,@EleanorMislang,12 days ago,Happy viewing po mga kapatid.pagbati po mula s lokal ng Baguio city.,https://www.youtube.com/watch?v=ROa3kbG5M0U&lc=Ugz00H16gUPyuyKV83F4AaABAg,Ugz00H16gUPyuyKV83F4AaABAg,UC-SX89r34HKuT1KlN8J7WTA,"Fetched 05/23/2026, 9:00:03 PM GMT+8"
34095,@gelo4828,12 days ago,"Seeing thousands united in faith, joy, and love at the INCMV truly feels inspiring and heartwarming ❤️ greetings from district of benguet local of san luis, happy viewing and great night to all.",https://www.youtube.com/watch?v=ROa3kbG5M0U&lc=UgzgHdtkXH8z3s-Zbtd4AaABAg,UgzgHdtkXH8z3s-Zbtd4AaABAg,UCydnW0LoOckk7rQFQbEbI_g,"Fetched 05/23/2026, 9:00:03 PM GMT+8"
34096,@eliassobrepenagarcia2075,12 days ago,Magandang gabi po sa lahat ng kapatid na nanonood ng INCMV  / Mula po sa lokal ng Camp7 Distrito ng Benguet,https://www.youtube.com/watch?v=ROa3kbG5M0U&lc=UgztVud2K7vi3jilXvh4AaABAg,UgztVud2K7vi3jilXvh4AaABAg,UCJeJeDb3_CmpyFU_WjPVdCA,"Fetched 05/23/2026, 9:00:03 PM GMT+8"
34097,@MelgieDacilloTallongen,12 days ago,greetings po from lokal ng camp 8 distrito ng benguet,https://www.youtube.com/watch?v=ROa3kbG5M0U&lc=UgyROF4uOIKrTqxSXI54AaABAg,UgyROF4uOIKrTqxSXI54AaABAg,UCrbqEcagtWAVY6FNC8ZQ5_A,"Fetched 05/23/2026, 9:00:03 PM GMT+8"
34098,@MelgieDacilloTallongen,12 days ago,greetings po from lokal ng camp 8 distrito ng benguet,https://www.youtube.com/watch?v=ROa3kbG5M0U&lc=UgxAserN7xRWKABqEah4AaABAg,UgxAserN7xRWKABqEah4AaABAg,UCrbqEcagtWAVY6FNC8ZQ5_A,"Fetched 05/23/2026, 9:00:03 PM GMT+8"
34099,@MelgieDacilloTallongen,12 days ago,greetings po from lokal ng camp 8 distrito ng benguet,https://www.youtube.com/watch?v=ROa3kbG5M0U&lc=UgwJEv9kltgwy9pmk2h4AaABAg,UgwJEv9kltgwy9pmk2h4AaABAg,UCrbqEcagtWAVY6FNC8ZQ5_A,"Fetched 05/23/2026, 9:00:03 PM GMT+8"
34100,@gelo4828,12 days ago,Maligayang pakikipagkaisa po! Hello po sa mga KDO dito sa Distrito ng Benguet❤❤❤,https://www.youtube.com/watch?v=ROa3kbG5M0U&lc=UgzIUPDXJqn_73PrXD94AaABAg,UgzIUPDXJqn_73PrXD94AaABAg,UCydnW0LoOckk7rQFQbEbI_g,"Fetched 05/23/2026, 9:00:03 PM GMT+8"
34101,@luibustamante9493,12 days ago,"God's Love perfect song to end the day 🌙 As bedtime comes and the night gets late, this song gives peace and comfort that stays in my mind.  /  /  / Goodnight everyone. Salamat po sa pakikiisa at pagsuporta. Big 👏👏👏 sa lahat ng MT at Kadiwa district Officers. Bukas ulit 🔥🫡 /  / -Lokal ng Tuba",https://www.youtube.com/watch?v=ROa3kbG5M0U&lc=UgzSuKt6O6W4L5jX5SN4AaABAg,UgzSuKt6O6W4L5jX5SN4AaABAg,UCFAmrhDmv6rvZrQoYp-IS9w,"Fetched 05/23/2026, 9:00:03 PM GMT+8"
34102,@jhenvilla,12 days ago,"Greetings from lokal ng Irisan., Distrito ng Benguet",https://www.youtube.com/watch?v=ROa3kbG5M0U&lc=UgxOTZasOGMK-8AbDC94AaABAg,UgxOTZasOGMK-8AbDC94AaABAg,UC90D8WgzR-Jy721Vx5lejzg,"Fetched 05/23/2026, 9:00:03 PM GMT+8"
34103,@AgustinGamboa-h1e,12 days ago,Happy viewing po from lokal ng camp 8 district of benguet,https://www.youtube.com/watch?v=ROa3kbG5M0U&lc=Ugz8V1j1uEn-6owxSoh4AaABAg,Ugz8V1j1uEn-6owxSoh4AaABAg,UCYhFWDe-9xDMHYpipAuwhsw,"Fetched 05/23/2026, 9:00:03 PM GMT+8"
34104,@jhenvilla,12 days ago,"Happy viewing from lokal ng Irisan., Distrito ng Benguet",https://www.youtube.com/watch?v=ROa3kbG5M0U&lc=UgwwOWfEbik6OAR5o9F4AaABAg,UgwwOWfEbik6OAR5o9F4AaABAg,UC90D8WgzR-Jy721Vx5lejzg,"Fetched 05/23/2026, 9:00:03 PM GMT+8"
34105,@kristine7303,12 days ago,"Goodnight po KDO! Tindi niyo HAHAHA /  / Lokal ng Marcos Highway, distrito ng Benguet / KADIWA District Officer❤",https://www.youtube.com/watch?v=ROa3kbG5M0U&lc=UgzV1jnHpcSAw7V0ZJ14AaABAg,UgzV1jnHpcSAw7V0ZJ14AaABAg,UCJnlqat5vcPuV6GiDugaBnA,"Fetched 05/23/2026, 9:00:03 PM GMT+8"
34106,@yzabelgayadan6013,12 days ago,Happy viewing po mula sa Marcos Highway! Hello po sa mga KDO /  / Lezzgoo Benguet!,https://www.youtube.com/watch?v=ROa3kbG5M0U&lc=Ugy6-_yGE9pQ2theasx4AaABAg,Ugy6-_yGE9pQ2theasx4AaABAg,UCdZGb4w25RyQ_9_blAErBaQ,"Fetched 05/23/2026, 9:00:03 PM GMT+8"
34107,@KaJaz-r3n,12 days ago,Yes naman. Sound trip ko bago mag sleep hehe. Go Benguet! Goodnight mga kasama kong kadiwa at Binhi na Patuloy ang supporta! ❤,https://www.youtube.com/watch?v=ROa3kbG5M0U&lc=UgyBt8UjML7CMdLbsYh4AaABAg,UgyBt8UjML7CMdLbsYh4AaABAg,UC4BTg4L19kJ77hFPPBce71g,"Fetched 05/23/2026, 9:00:03 PM GMT+8"
34108,@jonieyonga-an5239,12 days ago,Palaban HAHAHHAAH,https://www.youtube.com/watch?v=ROa3kbG5M0U&lc=UgzgHdtkXH8z3s-Zbtd4AaABAg.AWcpDcBZvf5AWcqMc4pQle,UgzgHdtkXH8z3s-Zbtd4AaABAg.AWcpDcBZvf5AWcqMc4pQle,UCgUo3JP_Fffuctza4bUumJg,"Fetched 05/23/2026, 9:00:03 PM GMT+8"
34109,@gardillopascua2848,12 days ago,"Happy viewing mga kapatid sa buong mundo, mula po sa Lokal ng Camp 7 , Benguet / 💚🤍❤️",https://www.youtube.com/watch?v=ROa3kbG5M0U&lc=Ugysz2i5RZGsXd2d40h4AaABAg.AWFZxmBuBfrAWf30mrAYD0,Ugysz2i5RZGsXd2d40h4AaABAg.AWFZxmBuBfrAWf30mrAYD0,UC6xHofKo5OwyxCMuigzspiQ,"Fetched 05/23/2026, 9:00:03 PM GMT+8"
34110,@FloryneCADWISING,13 days ago,Viewing from Hillside Benguet,https://www.youtube.com/watch?v=ROa3kbG5M0U&lc=UgxsJXaggclgwPEKaFZ4AaABAg.AWV7UbgozV6AWcLmOwTm_V,UgxsJXaggclgwPEKaFZ4AaABAg.AWV7UbgozV6AWcLmOwTm_V,UCq_3fsMRJfqV4W3ds2cnwFQ,"Fetched 05/23/2026, 9:00:03 PM GMT+8"
34111,@FloryneCADWISING,13 days ago,Viewing from Hillside Benguet,https://www.youtube.com/watch?v=ROa3kbG5M0U&lc=UgxsJXaggclgwPEKaFZ4AaABAg.AWV7UbgozV6AWcLnxbRKya,UgxsJXaggclgwPEKaFZ4AaABAg.AWV7UbgozV6AWcLnxbRKya,UCq_3fsMRJfqV4W3ds2cnwFQ,"Fetched 05/23/2026, 9:00:03 PM GMT+8"
34112,@FloryneCADWISING,13 days ago,Viewing from Hillside Benguet,https://www.youtube.com/watch?v=ROa3kbG5M0U&lc=UgxsJXaggclgwPEKaFZ4AaABAg.AWV7UbgozV6AWcLogFCih8,UgxsJXaggclgwPEKaFZ4AaABAg.AWV7UbgozV6AWcLogFCih8,UCq_3fsMRJfqV4W3ds2cnwFQ,"Fetched 05/23/2026, 9:00:03 PM GMT+8"
34113,@marilynlagare9840,13 days ago,"Greetings from local of guisad ,district of benguet",https://www.youtube.com/watch?v=ROa3kbG5M0U&lc=UgztdclVY2KuakRr6ft4AaABAg.AWYbWfNx4KEAWcM7J8wskG,UgztdclVY2KuakRr6ft4AaABAg.AWYbWfNx4KEAWcM7J8wskG,UCWhLcSlaXZEVKvcfe1y_Dvg,"Fetched 05/23/2026, 9:00:03 PM GMT+8"
34114,@camillesiblag-c5c9s,13 days ago,"HAPPY VIEWING PO FROM LOKAL NG IRISAN, DISTRITO NG BENGUETTT!!!!!🥰",https://www.youtube.com/watch?v=ROa3kbG5M0U&lc=Ugzn5iwjRtTrfbPe1DV4AaABAg,Ugzn5iwjRtTrfbPe1DV4AaABAg,UCLoyYovoCss251WWX-KGizA,"Fetched 05/23/2026, 9:00:03 PM GMT+8"
34115,@johnreylucio8970,13 days ago (edited),"Orayts , Bago matulog,, Manood ulit tayo,, / Good Night, KDO's, /  / Greetings From Lokal ng La Trinidad",https://www.youtube.com/watch?v=ROa3kbG5M0U&lc=Ugx-REu_8-2RatZKldd4AaABAg,Ugx-REu_8-2RatZKldd4AaABAg,UCNMupRD4ySrN336KZpy29OA,"Fetched 05/23/2026, 9:00:03 PM GMT+8"
34116,@jonieyonga-an5239,13 days ago,Good evening magandang Gabi mga kapatid 🎉 /  / Happy viewing Po Mula Sa Lokal Ng Norcar Distrito Ng Benguet 🎉 /  / Hello Po sa mga Kadiwa natin jann!!!🎉,https://www.youtube.com/watch?v=ROa3kbG5M0U&lc=Ugyd5PfaG41iP3aGMuV4AaABAg,Ugyd5PfaG41iP3aGMuV4AaABAg,UCgUo3JP_Fffuctza4bUumJg,"Fetched 05/23/2026, 9:00:03 PM GMT+8"
34117,@Julskie28,13 days ago,Last wave of viewing! Let's go Benguet🎉 /  / Good night po sa lahat lalo na po sa mga nasa kapisanang Kadiwa! /  / Mula po sa Lokal ng Guisad,https://www.youtube.com/watch?v=ROa3kbG5M0U&lc=UgxwsQjxDV1z0VEaQa54AaABAg,UgxwsQjxDV1z0VEaQa54AaABAg,UC1nz0UiWHV8lyoQdZtJejeg,"Fetched 05/23/2026, 9:00:03 PM GMT+8"
34118,@soniaa.saydoven7401,13 days ago (edited),"Greetings po to all INC brethren !Happy viewing po from the Local Congregation of Buyagan,District of Benguet.",https://www.youtube.com/watch?v=ROa3kbG5M0U&lc=UgzXBRmqi3YK7PFGjLF4AaABAg,UgzXBRmqi3YK7PFGjLF4AaABAg,UCRgsqgk4f0hmONKZAU1dxsw,"Fetched 05/23/2026, 9:00:03 PM GMT+8"
34119,@almazanrhyndylyn,13 days ago,Last few views before taking a good night sleep. /  / Still listening po from the Local Congregation of Norcar  District of Benguet.  /  / Continous support and views from Kadiwas of Benguet. ❤❤❤,https://www.youtube.com/watch?v=ROa3kbG5M0U&lc=UgzGUprkDFJ4SIoIi0R4AaABAg,UgzGUprkDFJ4SIoIi0R4AaABAg,UCEoQCNgytnJxjJnAQLSzFeA,"Fetched 05/23/2026, 9:00:03 PM GMT+8"
34120,@henrycaranto2644,13 days ago,Andyan pb nga KADIWA NG BENGUET ?🎉🎉🎉🎉 /  / Happy Happy Watching pos a lahat 🎉🎉🎉 /  / Mula po sa KADIWA BENGUET❤🎉,https://www.youtube.com/watch?v=ROa3kbG5M0U&lc=UgxWZvqVL1TeGOE__px4AaABAg,UgxWZvqVL1TeGOE__px4AaABAg,UCFilTOy22FklSkBIgwVPVaQ,"Fetched 05/23/2026, 9:00:03 PM GMT+8"
34121,@criseldavillenagatchalian9885,13 days ago,"Happy viewing everyone, from Locale of Gibraltar..",https://www.youtube.com/watch?v=ROa3kbG5M0U&lc=UgzIpFXMbT1MCvFUZz94AaABAg,UgzIpFXMbT1MCvFUZz94AaABAg,UCP7DKiUJtpD2ErpWYH0aDig,"Fetched 05/23/2026, 9:00:03 PM GMT+8"
34122,@gwynethcayabyab5981,13 days ago,"Goodnight mga kapatid, tuloy parin po ang supporta bukas /  / Mula sa kadiwa officers ng Benguet 🎉",https://www.youtube.com/watch?v=ROa3kbG5M0U&lc=UgwzsdF6xRHFP3tXDA14AaABAg,UgwzsdF6xRHFP3tXDA14AaABAg,UCouodNvhL1bfJC2Fz0B_Rcw,"Fetched 05/23/2026, 9:00:03 PM GMT+8"
34123,@aizelfuchigami842,13 days ago,Good evening po! Happy viewing mula po sa Lokal ng Quezon Hill Distrito ng Benguet. 🇮🇹🎼🎵🎶,https://www.youtube.com/watch?v=ROa3kbG5M0U&lc=UgywT_0g9VNnZH9yZ-N4AaABAg,UgywT_0g9VNnZH9yZ-N4AaABAg,UCAxDQnCZxAvsB6YgYjSR1nQ,"Fetched 05/23/2026, 9:00:03 PM GMT+8"
34124,@KASHUMIII和美,13 days ago,Happy viewing po mula sa Lokal Ng Quezon Hill Distrito Ng Benguet,https://www.youtube.com/watch?v=ROa3kbG5M0U&lc=Ugy_ukS3qzATcfWDPlF4AaABAg,Ugy_ukS3qzATcfWDPlF4AaABAg,UCbYjai8x68L62h_z_EBSXqw,"Fetched 05/23/2026, 9:00:03 PM GMT+8"
34125,@ritaembang6761,13 days ago,Viewing lokal Ng Irisan,https://www.youtube.com/watch?v=ROa3kbG5M0U&lc=UgyVModqu46oCpsDxBZ4AaABAg,UgyVModqu46oCpsDxBZ4AaABAg,UC6X7NUMcP3mHELkFlnR-1Tw,"Fetched 05/23/2026, 9:00:03 PM GMT+8"
34126,@shermanesaydoven4730,13 days ago,"Greetings from lokal ng Buyagan, Distrito ng Benguet! ❤️ Happy viewing! 💞",https://www.youtube.com/watch?v=ROa3kbG5M0U&lc=UgzE9fBVhgSxhm5SU5B4AaABAg,UgzE9fBVhgSxhm5SU5B4AaABAg,UCfoMPY6CZKoFjQ_sXMyMNyA,"Fetched 05/23/2026, 9:00:03 PM GMT+8"
34127,@gelo4828,13 days ago,Happy Viewingg po ❤❤❤🎉🎉🎉🎉,https://www.youtube.com/watch?v=ROa3kbG5M0U&lc=UgySvxCxjlP0j2XRRV94AaABAg,UgySvxCxjlP0j2XRRV94AaABAg,UCydnW0LoOckk7rQFQbEbI_g,"Fetched 05/23/2026, 9:00:03 PM GMT+8"
34128,@jenelynlegaspi5472,13 days ago,Lets go BENGUET 🍓🍓🍓🎉 / Happy viewing po mga kapatid..Pagbati po mula po sa Lokal bg QUEZON HILL Distrito ng BENGUET💚🤍❤️,https://www.youtube.com/watch?v=ROa3kbG5M0U&lc=UgwlqRroNuU0y_BDUaR4AaABAg,UgwlqRroNuU0y_BDUaR4AaABAg,UCLjU_xM1oUxJ0N9ClfCcPjQ,"Fetched 05/23/2026, 9:00:03 PM GMT+8"
34129,@jenelynlegaspi5472,13 days ago,Happy viewing po mga kapatid..Pagbati po mula po sa Lokal bg QUEZON HILL Distrito ng BENGUET💚🤍❤️,https://www.youtube.com/watch?v=ROa3kbG5M0U&lc=UgxEHPNNeyY7fBIKKI94AaABAg,UgxEHPNNeyY7fBIKKI94AaABAg,UCLjU_xM1oUxJ0N9ClfCcPjQ,"Fetched 05/23/2026, 9:00:03 PM GMT+8"
34130,@haielei2869,13 days ago,Ang Lokal ng Norcar ay patuloy po sa pagsuporta at pakikinig ng INCMV ng Distrito. Enjoy watching po,https://www.youtube.com/watch?v=ROa3kbG5M0U&lc=UgyAqySX7lkIKLgi1rt4AaABAg,UgyAqySX7lkIKLgi1rt4AaABAg,UCf3PWHW8mj2mncX07kw9ZQw,"Fetched 05/23/2026, 9:00:03 PM GMT+8"
34131,@annielagdao,13 days ago,"Happy Viewing po mula sa Lokal ng Kias, Distrito ng Benguet❤😊",https://www.youtube.com/watch?v=ROa3kbG5M0U&lc=UgwYluFm8EVcVb0DeeR4AaABAg,UgwYluFm8EVcVb0DeeR4AaABAg,UCuwovRF9CmqvTfanO6cCieg,"Fetched 05/23/2026, 9:00:03 PM GMT+8"
34132,@Julskie28,13 days ago,Let's Go Benguet 🍓 🎉 /  / Happy viewing while eating! /  / From Kadiwa district officers of Benguet,https://www.youtube.com/watch?v=ROa3kbG5M0U&lc=UgyK5s7q66Xqwz-hx0Z4AaABAg,UgyK5s7q66Xqwz-hx0Z4AaABAg,UC1nz0UiWHV8lyoQdZtJejeg,"Fetched 05/23/2026, 9:00:03 PM GMT+8"
34133,@junelpanidar9122,13 days ago,Happy viewing po from mirador Hills benguet,https://www.youtube.com/watch?v=ROa3kbG5M0U&lc=UgzU4jK7ZoSW9WLCZc14AaABAg,UgzU4jK7ZoSW9WLCZc14AaABAg,UCtxYNkbeWlhHwYz1_q6lJlg,"Fetched 05/23/2026, 9:00:03 PM GMT+8"
34134,@aubreybolleser7680,13 days ago,"Pagbati po mula sa Lokal ng La Trinidad,Benguet.❤",https://www.youtube.com/watch?v=ROa3kbG5M0U&lc=UgwrwoZehpbyE56fXGx4AaABAg,UgwrwoZehpbyE56fXGx4AaABAg,UCiZ8P_gc_F8quQAUrKJk7Eg,"Fetched 05/23/2026, 9:00:03 PM GMT+8"
34135,@criseldavillenagatchalian9885,13 days ago,Distrito po ng Benguet..,https://www.youtube.com/watch?v=ROa3kbG5M0U&lc=UgzIpFXMbT1MCvFUZz94AaABAg.AWcgcnZ5sE0AWcgnBImfAh,UgzIpFXMbT1MCvFUZz94AaABAg.AWcgcnZ5sE0AWcgnBImfAh,UCP7DKiUJtpD2ErpWYH0aDig,"Fetched 05/23/2026, 9:00:03 PM GMT+8"
34136,@franciscabustarde8966,13 days ago,Watching from Local of Irisan,https://www.youtube.com/watch?v=ROa3kbG5M0U&lc=Ugxj7NqnG1ahdJMrO0F4AaABAg,Ugxj7NqnG1ahdJMrO0F4AaABAg,UCcH6Yu2dmyeK3LxytkVzwpg,"Fetched 05/23/2026, 9:00:03 PM GMT+8"
34137,@rositabusto,13 days ago,"Pagbati mula po sa Lokal ng Guisad, Distrito ng Benguet",https://www.youtube.com/watch?v=ROa3kbG5M0U&lc=UgxfaKu94T8k8XdVy_t4AaABAg,UgxfaKu94T8k8XdVy_t4AaABAg,UCz0vdkylCFLWrvVnBkEAz1Q,"Fetched 05/23/2026, 9:00:03 PM GMT+8"
34138,@meryllsagampod7982,13 days ago,Good evening.  /  / Enjoying our dinner while watching!! /  / Happy viewing po sa patuloy na mga sumusubaybay. 😊❤ /  / Mula po sa lokal ng Kias. ☺️,https://www.youtube.com/watch?v=ROa3kbG5M0U&lc=Ugyr-viXqnDtggZq-s94AaABAg,Ugyr-viXqnDtggZq-s94AaABAg,UCVkLACK3Y8LbTZhVrCb88CA,"Fetched 05/23/2026, 9:00:03 PM GMT+8"
34139,@rosendabauzon2025,13 days ago,"Maligayang panonod po., / Mula sa LOKAL NG IRISAN DISTRITO NG BENGUET❤❤",https://www.youtube.com/watch?v=ROa3kbG5M0U&lc=UgzqGGIIcDM3Xgd06Ch4AaABAg,UgzqGGIIcDM3Xgd06Ch4AaABAg,UCIxunIag4Pkjs9AwwMi_KOw,"Fetched 05/23/2026, 9:00:03 PM GMT+8"
34140,@RectoBumahit,13 days ago,Happy viewing po from locale ng Irisan,https://www.youtube.com/watch?v=ROa3kbG5M0U&lc=UgxupkLtTEkiEEuamiJ4AaABAg,UgxupkLtTEkiEEuamiJ4AaABAg,UCZYkeR3h-44nnvlmLoxF2dQ,"Fetched 05/23/2026, 9:00:03 PM GMT+8"
34141,@cristymorales6399,13 days ago,"muli isang mainit na pagbati sa lahat ng mga manonod mula po sa kalihiman at registry ng lokal ng Gibraltar, distrito ng Benguet",https://www.youtube.com/watch?v=ROa3kbG5M0U&lc=UgwaZzV4gGKZAeonk994AaABAg,UgwaZzV4gGKZAeonk994AaABAg,UCy4vhZGOT49XaOmm4ruS6OQ,"Fetched 05/23/2026, 9:00:03 PM GMT+8"
34142,@kantahanna24,13 days ago,Happy viewing po from lokal  po ng Irisan Distrito ng Benguet,https://www.youtube.com/watch?v=ROa3kbG5M0U&lc=UgyK2n31te8ao_FfiEd4AaABAg,UgyK2n31te8ao_FfiEd4AaABAg,UCJ8bwG8sSW_UCh_JWqIjB1w,"Fetched 05/23/2026, 9:00:03 PM GMT+8"
34143,@rosendabauzon2025,13 days ago,Watching po from LOKAL NG IRISAN LOKA NG BENGUET,https://www.youtube.com/watch?v=ROa3kbG5M0U&lc=Ugx4BU83wWxflBflg-J4AaABAg,Ugx4BU83wWxflBflg-J4AaABAg,UCIxunIag4Pkjs9AwwMi_KOw,"Fetched 05/23/2026, 9:00:03 PM GMT+8"
34144,@joselitotomita1029,13 days ago,Happy viewing po mula sa Lokal ng Bangho district of Benguet kalihim reg department,https://www.youtube.com/watch?v=ROa3kbG5M0U&lc=UgwcJxU6rOvedXf6DTF4AaABAg,UgwcJxU6rOvedXf6DTF4AaABAg,UCyzbu0RN6bsQ88Mspf9VvQQ,"Fetched 05/23/2026, 9:00:03 PM GMT+8"
34145,@quezonangeline9442,13 days ago,"Watching from the locale of Irisan, Benguet District",https://www.youtube.com/watch?v=ROa3kbG5M0U&lc=UgyZIgykcy9FELdIvc94AaABAg,UgyZIgykcy9FELdIvc94AaABAg,UCLyWsbCHxMVPto5EjrggXIA,"Fetched 05/23/2026, 9:00:03 PM GMT+8"
34146,@gwynethcayabyab5981,13 days ago,Lets go Benguet🎉 / Shout out po sa mga Kadiwa jan / Hapoy viewing po ❤,https://www.youtube.com/watch?v=ROa3kbG5M0U&lc=Ugz5Wg_tfqT8hKkt_SF4AaABAg,Ugz5Wg_tfqT8hKkt_SF4AaABAg,UCouodNvhL1bfJC2Fz0B_Rcw,"Fetched 05/23/2026, 9:00:03 PM GMT+8"
34147,@luibustamante9493,13 days ago,Good evening po mga madlang Kadiwa at KDO. Happy dinner time po sa ating lahat.  /  / Pagbati po mula sa Lokal ng Tuba. /  / Lets's Go Benguet. Let's go KDO malapit na hahaha,https://www.youtube.com/watch?v=ROa3kbG5M0U&lc=Ugyn70IS7xeLQTcosYJ4AaABAg,Ugyn70IS7xeLQTcosYJ4AaABAg,UCFAmrhDmv6rvZrQoYp-IS9w,"Fetched 05/23/2026, 9:00:03 PM GMT+8"
34148,@henrycaranto2644,13 days ago,Isang malamig na Gabe sa lahat ng taga Benguet ☺️ /  / Pagbati po sa lahat ng Kapatid lalo na sa lahat ng KADIWA at Binhi  /  / From Lokal ng Baguio City ☺️❤,https://www.youtube.com/watch?v=ROa3kbG5M0U&lc=UgxJ_15InfBRKYLScgV4AaABAg,UgxJ_15InfBRKYLScgV4AaABAg,UCFilTOy22FklSkBIgwVPVaQ,"Fetched 05/23/2026, 9:00:03 PM GMT+8"
34149,@KaJaz-r3n,13 days ago,Let's go Benguet! Happy viewing Po mula sa lokal ng Gibraltar. 🎉 Shout out sa mga KADIWA Jan,https://www.youtube.com/watch?v=ROa3kbG5M0U&lc=UgwKlFOotzbLqrqIpLN4AaABAg,UgwKlFOotzbLqrqIpLN4AaABAg,UC4BTg4L19kJ77hFPPBce71g,"Fetched 05/23/2026, 9:00:03 PM GMT+8"
34150,@jonieyonga-an5239,13 days ago,Watching Po Mula Sa Lokal Ng Norcar Distrito Ng Benguet 🎉 /  / Pagbati Po sa mga Kadiwa at binhi Jan na nkasubaybay ngayon🎉,https://www.youtube.com/watch?v=ROa3kbG5M0U&lc=Ugykc5BgbQADehK9yHB4AaABAg,Ugykc5BgbQADehK9yHB4AaABAg,UCgUo3JP_Fffuctza4bUumJg,"Fetched 05/23/2026, 9:00:03 PM GMT+8"
34151,@johnreylucio8970,13 days ago,"Good Evening to all of Us,, Happy Viewing always, COMMENT na nga ksamang Kadiwa, From Lokal ng LA TRINIDAD🥦🐑🍓",https://www.youtube.com/watch?v=ROa3kbG5M0U&lc=UgykfthBGUXGdz3Hzp54AaABAg,UgykfthBGUXGdz3Hzp54AaABAg,UCNMupRD4ySrN336KZpy29OA,"Fetched 05/23/2026, 9:00:03 PM GMT+8"
34152,@almazanrhyndylyn,13 days ago,Good evening and happy dinner to everyone whose listening to this as their sound track.  /  / From KDO Benguet and Local Congregation of Norcar District of Benguet 💕💕,https://www.youtube.com/watch?v=ROa3kbG5M0U&lc=Ugz07rtQl4W6ZH5xIWl4AaABAg,Ugz07rtQl4W6ZH5xIWl4AaABAg,UCEoQCNgytnJxjJnAQLSzFeA,"Fetched 05/23/2026, 9:00:03 PM GMT+8"
34153,@JaysonAdriano-p7o,13 days ago,Happy watching po.. From lokal ng buyagan distrito ng Benguet.,https://www.youtube.com/watch?v=ROa3kbG5M0U&lc=Ugx5PO1LycoriIfo6HF4AaABAg,Ugx5PO1LycoriIfo6HF4AaABAg,UCx45n4DtNJ2OiOPQr_aSqYg,"Fetched 05/23/2026, 9:00:03 PM GMT+8"
34154,@yzabelgayadan6013,13 days ago,"Happy watching from lokal ng Marcos Highway, Benguet /  / Shouout po mga masisipag na KDO ng Benguet! Let’s Go Benguet!",https://www.youtube.com/watch?v=ROa3kbG5M0U&lc=Ugwb-7OBLpA7kXvjt4B4AaABAg,Ugwb-7OBLpA7kXvjt4B4AaABAg,UCdZGb4w25RyQ_9_blAErBaQ,"Fetched 05/23/2026, 9:00:03 PM GMT+8"
34155,@Slay-v5u,13 days ago,"Happy viewing po, mula sa lokal ng Irisan🎉🎉🎉🎉",https://www.youtube.com/watch?v=ROa3kbG5M0U&lc=UgzmwzeIxoZOP4EbENh4AaABAg,UgzmwzeIxoZOP4EbENh4AaABAg,UCBuPlCQ2zy4l16V4RXeWeSw,"Fetched 05/23/2026, 9:00:03 PM GMT+8"
34156,@jesiecoloma943,13 days ago,"Mapagpalang gabi Po mga kapatid, happy viewing Po from lokal Ng Irisan ❤",https://www.youtube.com/watch?v=ROa3kbG5M0U&lc=UgzPDtbnx7AwB_jzCrR4AaABAg,UgzPDtbnx7AwB_jzCrR4AaABAg,UCm4E1qHqKRwXk9usrtmb4BA,"Fetched 05/23/2026, 9:00:03 PM GMT+8"
34157,@luibustamante9493,13 days ago,"Good evening po.  /  / Happy viewing po sa lahat ng Maytungkulin saan mang panig ng mundo.  /  / Pagbati po mula sa Lokal ng Tuba, Kadiwa District officer 🫡",https://www.youtube.com/watch?v=ROa3kbG5M0U&lc=Ugwnjiyj77xkblBAMIJ4AaABAg,Ugwnjiyj77xkblBAMIJ4AaABAg,UCFAmrhDmv6rvZrQoYp-IS9w,"Fetched 05/23/2026, 9:00:03 PM GMT+8"
34158,@MmagePark-wg4yg,13 days ago,Happy watching from lokal ng Buyagan,https://www.youtube.com/watch?v=ROa3kbG5M0U&lc=UgxiYT_BUoiu1wZ8rAB4AaABAg,UgxiYT_BUoiu1wZ8rAB4AaABAg,UC76-aD8aQeUl_JpfZaJnC2g,"Fetched 05/23/2026, 9:00:03 PM GMT+8"
34159,@jaysonAdriano-z7y,13 days ago,Happy Watching mga  Kapatid  from local Ng buyagan,https://www.youtube.com/watch?v=ROa3kbG5M0U&lc=Ugz8-ybykHVPy0zp41B4AaABAg,Ugz8-ybykHVPy0zp41B4AaABAg,UCC4FCkjRLS-roRT7JfR3BXw,"Fetched 05/23/2026, 9:00:03 PM GMT+8"
34160,@KaJaz-r3n,13 days ago,Happy viewing po🎉 Binabati Po namin kayo Mula sa aming mga kabilang sa kapisanangg kdiwa. Patuloy ang pagsuporta mga Kapatid. Let's go benguet,https://www.youtube.com/watch?v=ROa3kbG5M0U&lc=UgwKb9V8TPenQvmlXsx4AaABAg,UgwKb9V8TPenQvmlXsx4AaABAg,UC4BTg4L19kJ77hFPPBce71g,"Fetched 05/23/2026, 9:00:03 PM GMT+8"
34161,@ElaneObias,13 days ago (edited),Happy viewing Po s mga Kapatid lokal Ng irisan Baguio Ditstro ng Benguet,https://www.youtube.com/watch?v=ROa3kbG5M0U&lc=UgwP43_r_gRA_l2wtjN4AaABAg,UgwP43_r_gRA_l2wtjN4AaABAg,UCbmeftsdwT3wRVSVPAwd7Ow,"Fetched 05/23/2026, 9:00:03 PM GMT+8"
34162,@almazanrhyndylyn,13 days ago,Naimbag a rabie kada tayo amin karo t kakadwa nga ada rumbengen na iti Kadiwa.  /  / Agtultuloy a agdingdingeg kn agsupsuporta manipod t Lokal iti Norcar Distrito iti Benguet.  /  / #Benguet / #GodsLove,https://www.youtube.com/watch?v=ROa3kbG5M0U&lc=Ugyfi92oea04oAMLOvx4AaABAg,Ugyfi92oea04oAMLOvx4AaABAg,UCEoQCNgytnJxjJnAQLSzFeA,"Fetched 05/23/2026, 9:00:03 PM GMT+8"
34163,@DianaAdriano-n7v,13 days ago,Happy watching mga Kapatid from lokal Ng buyagan😊😊😊❤❤,https://www.youtube.com/watch?v=ROa3kbG5M0U&lc=UgyMh9KmK8s0XNiwkFl4AaABAg,UgyMh9KmK8s0XNiwkFl4AaABAg,UCvCZvwq17MZidCVOpXaSm4g,"Fetched 05/23/2026, 9:00:03 PM GMT+8"
34164,@Ma.SophiaObias,13 days ago,"Happy viewing po mga Kapatid 😊, Mula sa lokal ng purok Ng irisan distrito Ng benguet",https://www.youtube.com/watch?v=ROa3kbG5M0U&lc=UgxK4E5cRP20ZTZzhAh4AaABAg,UgxK4E5cRP20ZTZzhAh4AaABAg,UCRLvHuKgCHhLNQAkA0hcNjQ,"Fetched 05/23/2026, 9:00:03 PM GMT+8"
34165,@gelo4828,13 days ago,❤🎉❤🎉❤🎉❤🎉❤🎉❤🎉❤🎉❤🎉❤,https://www.youtube.com/watch?v=ROa3kbG5M0U&lc=UgzmjTdxenJL-n0akot4AaABAg,UgzmjTdxenJL-n0akot4AaABAg,UCydnW0LoOckk7rQFQbEbI_g,"Fetched 05/23/2026, 9:00:03 PM GMT+8"
34166,@AngeloTique-b8s,13 days ago,Happy watching mga kapatid from lokal ng buyagan distrito ng benguet,https://www.youtube.com/watch?v=ROa3kbG5M0U&lc=UgzgoA1B_0TnsruPMtB4AaABAg,UgzgoA1B_0TnsruPMtB4AaABAg,UCmyTSPFBtjh8ep--WEeyyTQ,"Fetched 05/23/2026, 9:00:03 PM GMT+8"
34167,@ivhieestrada6829,13 days ago,"Happy viewing po mga kapatid😊. / Mula sa lokal Ng Buyagan,Distrito Ng Benquet 😊❤",https://www.youtube.com/watch?v=ROa3kbG5M0U&lc=UgywFAS-qztCpZkOUNV4AaABAg,UgywFAS-qztCpZkOUNV4AaABAg,UCdM_DBUVn7BM-NXfcPpn2Ow,"Fetched 05/23/2026, 9:00:03 PM GMT+8"
34168,@zebzeb3103,13 days ago,"Happy viewing po mula sa purok ng Irisan, distrito ng Benguet",https://www.youtube.com/watch?v=ROa3kbG5M0U&lc=UgzJDh0jOF-U4pihGQt4AaABAg,UgzJDh0jOF-U4pihGQt4AaABAg,UCHXAwbps7L6LllnOeJkLxgA,"Fetched 05/23/2026, 9:00:03 PM GMT+8"
34169,@jonieyonga-an5239,13 days ago,Magandang Gabi Po mga Kapatid!!🎉 / Happy viewing parin Po sainyo🎉 /  / Pagbati Po Mula Sa Lokal Ng Norcar Distrito Ng Benguet 🎉 / Hello Po sa ga maytungkulin natin sa kadiwa na nanonood🎉,https://www.youtube.com/watch?v=ROa3kbG5M0U&lc=Ugwdq-jsWJculOTtNNF4AaABAg,Ugwdq-jsWJculOTtNNF4AaABAg,UCgUo3JP_Fffuctza4bUumJg,"Fetched 05/23/2026, 9:00:03 PM GMT+8"
34170,@honeybemrulloda23,13 days ago,"Happy viewing po from Locale of Irisan, District of Benguet 🇮🇹",https://www.youtube.com/watch?v=ROa3kbG5M0U&lc=UgzIjlwAteWO_3R0Nqp4AaABAg,UgzIjlwAteWO_3R0Nqp4AaABAg,UCYD70sMX8WgeZhBz0zgbN1w,"Fetched 05/23/2026, 9:00:03 PM GMT+8"
34171,@tayabanrt,13 days ago,"Happy viewing po mga kapatid, patuloy pong sinusuporta ang mga taga lokal ng LA TRINIDAD. /  / LET'S GO BENGUET🎉",https://www.youtube.com/watch?v=ROa3kbG5M0U&lc=Ugznerfx1iaA02e0QM54AaABAg,Ugznerfx1iaA02e0QM54AaABAg,UCCpOKu7HxJqnWctZ5fG9DZg,"Fetched 05/23/2026, 9:00:03 PM GMT+8"
34172,@mherlyrulloda9531,13 days ago,"Happy watching po! From Lokal ng Irisan, Distrito ng Benguet❤️",https://www.youtube.com/watch?v=ROa3kbG5M0U&lc=UgyK57k1BteONYae93V4AaABAg,UgyK57k1BteONYae93V4AaABAg,UCD8X_AKL622eY2UonrxB0_g,"Fetched 05/23/2026, 9:00:03 PM GMT+8"
34173,@rickebeyns1370,13 days ago,"Happy Viewing po from Lokal ng Irisan! WASHOUT PO SAINYO KUYA RAHAM, UNO, ATE REG, CAMS, JAMS, JULS, GELO, KUYA ALLEN, ATE MARG, GELO LIIT, BONCHOY!!! Atbp WOHH!!✨✨✨",https://www.youtube.com/watch?v=ROa3kbG5M0U&lc=Ugz8ZiwmRP8FJhe41Ep4AaABAg,Ugz8ZiwmRP8FJhe41Ep4AaABAg,UC8rmJ3wznEJOdkWXxFpVcTg,"Fetched 05/23/2026, 9:00:03 PM GMT+8"
34174,@SarahQuezon-t1x,13 days ago,"Happy viewing po!  /  / Lokal ng Irisan, Distrito ng Benguet💚🤍♥️",https://www.youtube.com/watch?v=ROa3kbG5M0U&lc=Ugz0DKOk3L4iMXw43Sp4AaABAg,Ugz0DKOk3L4iMXw43Sp4AaABAg,UCEjn0D9_CApfZHothYNj17Q,"Fetched 05/23/2026, 9:00:03 PM GMT+8"
34175,@jennylineorden8043,13 days ago,"yeheehh,, Happy Viewing poooo,, Happy birthday din po sa aming Destinado, Ka Kenner Bokilis, / greetings po mula sa Lokal ng LA TRINIDAD",https://www.youtube.com/watch?v=ROa3kbG5M0U&lc=Ugwdv9tHWuukTQapv-t4AaABAg,Ugwdv9tHWuukTQapv-t4AaABAg,UCICWDfpXYa5HI0Af7esoADw,"Fetched 05/23/2026, 9:00:03 PM GMT+8"
34176,@aeddanganan,13 days ago,Happy Viewing po from lokal ng Irisan Distrito ng Benguet♥️,https://www.youtube.com/watch?v=ROa3kbG5M0U&lc=UgwB3qx5ftUftRwv6-p4AaABAg,UgwB3qx5ftUftRwv6-p4AaABAg,UCBCcOH71k1Esby18xFX-V_Q,"Fetched 05/23/2026, 9:00:03 PM GMT+8"
34177,@VemDeGuzman,13 days ago,"Let's Go Benguet 💪. Happy Viewing po mga Kapatid mula po sa Lokal ng Irisan, Distrito ng Benguet 🥰😁",https://www.youtube.com/watch?v=ROa3kbG5M0U&lc=Ugxk46EsG2xsDM4u62d4AaABAg,Ugxk46EsG2xsDM4u62d4AaABAg,UC5v7Vmg4QveGOvqjlBdP_dg,"Fetched 05/23/2026, 9:00:03 PM GMT+8"
34178,@ReynanteBauzon,13 days ago,Lokal ng Irisan Distrito ng Benguet masayang nanonood po💚🤍♥️,https://www.youtube.com/watch?v=ROa3kbG5M0U&lc=UgyFYU3W6pbpzuSu5UJ4AaABAg,UgyFYU3W6pbpzuSu5UJ4AaABAg,UCW4izpxy03rvPFmI2RjSP7Q,"Fetched 05/23/2026, 9:00:03 PM GMT+8"
34179,@JcBanquite-y3l,13 days ago (edited),shout out from local ng districto ng irisan,https://www.youtube.com/watch?v=ROa3kbG5M0U&lc=Ugzi_W9CrRBhMNaaocZ4AaABAg,Ugzi_W9CrRBhMNaaocZ4AaABAg,UCNZ7fWoVTqTZA4t9CfAoiwA,"Fetched 05/23/2026, 9:00:03 PM GMT+8"
34180,@VilmaLazaga,13 days ago,from lokal po ng irisan magndang gabi po ..,https://www.youtube.com/watch?v=ROa3kbG5M0U&lc=UgxdnzHHeEIK6L4wIqV4AaABAg,UgxdnzHHeEIK6L4wIqV4AaABAg,UCXDL6IYDEXOFR5JC0nOtOaw,"Fetched 05/23/2026, 9:00:03 PM GMT+8"
34181,@dionisioeleazartuvera2039,13 days ago,Happy watching po mula sa Lokal ng City Camp.,https://www.youtube.com/watch?v=ROa3kbG5M0U&lc=UgzbKIUm9o3NRWvW6al4AaABAg,UgzbKIUm9o3NRWvW6al4AaABAg,UC265acmIIsRDAArhF6HcpSw,"Fetched 05/23/2026, 9:00:03 PM GMT+8"
34182,@bauzonshendyyy,13 days ago,"Happy watching po, from Lokal ng Irisan, Distrito ng Benguet",https://www.youtube.com/watch?v=ROa3kbG5M0U&lc=UgzkNPK5XHc7CVXKZgl4AaABAg,UgzkNPK5XHc7CVXKZgl4AaABAg,UCsNZj2uYzZtRmG77MDM9mng,"Fetched 05/23/2026, 9:00:03 PM GMT+8"
34183,@dentarker,13 days ago,Greetings po and Happy Viewing from lokal ng Irisan Distrito po ng Benguet☺️,https://www.youtube.com/watch?v=ROa3kbG5M0U&lc=UgwCM06pzMwWxl8zI8B4AaABAg,UgwCM06pzMwWxl8zI8B4AaABAg,UC_drrJgRbzfYl8e3gCucQJw,"Fetched 05/23/2026, 9:00:03 PM GMT+8"
34184,@AlbertoKclhou7-Amazing,13 days ago,LOKAL NG IRISAN  / DISTRITO NG BENGUET,https://www.youtube.com/watch?v=ROa3kbG5M0U&lc=UgyTcr4S6akQRrKFCCN4AaABAg,UgyTcr4S6akQRrKFCCN4AaABAg,UCE1NXwn-9nBQFQ0s7ctU62A,"Fetched 05/23/2026, 9:00:03 PM GMT+8"
34185,@VilmaLazaga,13 days ago,nice singing,https://www.youtube.com/watch?v=ROa3kbG5M0U&lc=UgwbnD4J6bDNCZUAB_d4AaABAg,UgwbnD4J6bDNCZUAB_d4AaABAg,UCXDL6IYDEXOFR5JC0nOtOaw,"Fetched 05/23/2026, 9:00:03 PM GMT+8"
34186,@JOEFREANAAAA,13 days ago (edited),"Happy viewing po from lokal ng Irisan., Destrito ng Benguet 🇮🇹., Shout out nga po pla sa aming destinado KA BUDDYYYYY✨",https://www.youtube.com/watch?v=ROa3kbG5M0U&lc=UgxPWRsNB5We4XEjpY54AaABAg,UgxPWRsNB5We4XEjpY54AaABAg,UCLAPrjnfkbt8GZ97nwxHWyw,"Fetched 05/23/2026, 9:00:03 PM GMT+8"
34187,@carmencitacariazo1074,13 days ago,Shout out from lokal ng irisan benguet,https://www.youtube.com/watch?v=ROa3kbG5M0U&lc=UgzB53ziL7Pr_6pQuOJ4AaABAg,UgzB53ziL7Pr_6pQuOJ4AaABAg,UCbnUDokwq5YmijSnowovKUg,"Fetched 05/23/2026, 9:00:03 PM GMT+8"
34188,@rudyquezon5965,13 days ago,"Happy Viewing po from lokal ng Irisan, Distrito ng Benguet.❤ Shoutout po kay ka recto!",https://www.youtube.com/watch?v=ROa3kbG5M0U&lc=UgzuzeJk6eFloIEmrox4AaABAg,UgzuzeJk6eFloIEmrox4AaABAg,UC-bfeU_uNa4pZaEgHhynqGg,"Fetched 05/23/2026, 9:00:03 PM GMT+8"
34189,@reynaldoferrer7945,13 days ago,"PAGBATI PO MULA SA LOKAL NG IRISAN, DISTRITO NG BENGUET. MAHAL KO KAU❤❤❤❤❤",https://www.youtube.com/watch?v=ROa3kbG5M0U&lc=UgyBlkc6MgtXvYBVWX54AaABAg,UgyBlkc6MgtXvYBVWX54AaABAg,UCuFMy5nUteaB1Ky10l5xpbw,"Fetched 05/23/2026, 9:00:03 PM GMT+8"
34190,@セルフ好き,13 days ago,Happy Viewing po sa lokal ng Irisan Distrito po ng Benguet ☺️🫶,https://www.youtube.com/watch?v=ROa3kbG5M0U&lc=UgwbPA4BH9VptOPIbAB4AaABAg,UgwbPA4BH9VptOPIbAB4AaABAg,UCoJMCxdFYucu3GqH6TpkceQ,"Fetched 05/23/2026, 9:00:03 PM GMT+8"
34191,@chezburg1111,13 days ago,"Happy viewing from Lokal ng Irisan, Distrito ng Benguet 🎉🥳🎉🥳🎉🥳🎉🥳🎉🥳",https://www.youtube.com/watch?v=ROa3kbG5M0U&lc=Ugyq8z4k5Qzx5ZpAb3p4AaABAg,Ugyq8z4k5Qzx5ZpAb3p4AaABAg,UCmeAJRQoaFoO335Sny3p1YA,"Fetched 05/23/2026, 9:00:03 PM GMT+8"
34192,@neirobates1594,13 days ago,"Shout po sa aming destinado ng aming lokal ,lokal ng irisan Distrito ng beguet",https://www.youtube.com/watch?v=ROa3kbG5M0U&lc=UgxnAx3-woOvZRAvhpN4AaABAg,UgxnAx3-woOvZRAvhpN4AaABAg,UCxMwh4mPO1Pp7qHdk6ebROg,"Fetched 05/23/2026, 9:00:03 PM GMT+8"
34193,@TheEmzthine,13 days ago,"Maligayang araw sa among Mahal na pangulong Kalihim, Kapatid na Carolina V. Flores mula sa Lokal ng Irisan Distrito ng Benguet 🎉🎉🎉",https://www.youtube.com/watch?v=ROa3kbG5M0U&lc=Ugx8wUG99vx5-4GLJnN4AaABAg,Ugx8wUG99vx5-4GLJnN4AaABAg,UCxLUxuNrB5SEVcJFtEZauDw,"Fetched 05/23/2026, 9:00:03 PM GMT+8"
34194,@jazminee_p,13 days ago,"Happy viewing po mula po sa Lokal ng Irisan, Distrito ng Benguet🙂",https://www.youtube.com/watch?v=ROa3kbG5M0U&lc=UgzkwlNo3_NvhASJUAZ4AaABAg,UgzkwlNo3_NvhASJUAZ4AaABAg,UCGwrvqBA6xaNX8fv6LVPFWg,"Fetched 05/23/2026, 9:00:03 PM GMT+8"
34195,@BbelleM007,13 days ago,Magandang gabi po mga kapatid!! Happy viewing po mga Kapatid!! / Mula po sa / #LokalngIrisan / #DistritongBenguet🇮🇹 / #LokalNgIrisan / #DistritoNgBenguet,https://www.youtube.com/watch?v=ROa3kbG5M0U&lc=Ugx02Ie6H_E_eweosb14AaABAg,Ugx02Ie6H_E_eweosb14AaABAg,UCRXx4yujTBME5kcit-7X3xA,"Fetched 05/23/2026, 9:00:03 PM GMT+8"
34196,@cadsapsteven7555,13 days ago,paki mahal po ito mwehehehe,https://www.youtube.com/watch?v=ROa3kbG5M0U&lc=UgyBlkc6MgtXvYBVWX54AaABAg.AWcVVhc2TB2AWcW-9nfpft,UgyBlkc6MgtXvYBVWX54AaABAg.AWcVVhc2TB2AWcW-9nfpft,UCHCAc0UIDgD0zd1P7f3Ce_w,"Fetched 05/23/2026, 9:00:03 PM GMT+8"
34197,@janelishalabial2492,13 days ago,"Happy viewing po mula sa Lokal Irisan, Distrito ng Benguet😊",https://www.youtube.com/watch?v=ROa3kbG5M0U&lc=Ugx-QVv9E-ab60HBxe54AaABAg,Ugx-QVv9E-ab60HBxe54AaABAg,UCZfpPx1kwL4PFoCKz12AfEQ,"Fetched 05/23/2026, 9:00:03 PM GMT+8"
34198,@JunelPlaza-tr9tj,13 days ago,HAPPY VIEWING FROM LOKAL NG IRISAN DISTRITO NG BENGUET,https://www.youtube.com/watch?v=ROa3kbG5M0U&lc=UgwjZNSU8NLoNOAm6EJ4AaABAg,UgwjZNSU8NLoNOAm6EJ4AaABAg,UCAFnfqPMp5AuxLO8jKHs9Ww,"Fetched 05/23/2026, 9:00:03 PM GMT+8"
34199,@AlvinGuina-ao,13 days ago,Gods love shout out Po s lahat Ng kapatid from lokal Po Ng irisan,https://www.youtube.com/watch?v=ROa3kbG5M0U&lc=Ugz36M0DaSlQcsjX_9p4AaABAg,Ugz36M0DaSlQcsjX_9p4AaABAg,UCr0Oox0j0n4XKrxtTPtySvg,"Fetched 05/23/2026, 9:00:03 PM GMT+8"
34200,@BbelleM007,13 days ago,Magandang gabi po mga kapatid!! Happy viewing po mga Kapatid!! / Mula po sa / #LokalNgIrisan / #DistritoNgBenguet,https://www.youtube.com/watch?v=ROa3kbG5M0U&lc=Ugz4DlpCeRLVg7KKyT54AaABAg,Ugz4DlpCeRLVg7KKyT54AaABAg,UCRXx4yujTBME5kcit-7X3xA,"Fetched 05/23/2026, 9:00:03 PM GMT+8"
34201,@rejomartayaban,13 days ago,Bengueeetttt!!😍  / Enjoy viewing po sa lahat.. / - mula sa kapisanang KADIWA ng Lokal ng La Trinidad Benguet,https://www.youtube.com/watch?v=ROa3kbG5M0U&lc=UgyuCuD9zX9sT4zeWeN4AaABAg,UgyuCuD9zX9sT4zeWeN4AaABAg,UCi7RYRPFL6HTFaScpYFJMJQ,"Fetched 05/23/2026, 9:00:03 PM GMT+8"
34202,@rdc0908,13 days ago,Happy viewing po sa lahat from Irisan Benguet,https://www.youtube.com/watch?v=ROa3kbG5M0U&lc=Ugw_HVYSpLvDUdLN0Hx4AaABAg,Ugw_HVYSpLvDUdLN0Hx4AaABAg,UCciGokp29hDKlCQD4QTMyAQ,"Fetched 05/23/2026, 9:00:03 PM GMT+8"
34203,@ariannadelacruz1754,13 days ago,Happy viewing from local of irisan distrito ng benguet,https://www.youtube.com/watch?v=ROa3kbG5M0U&lc=UgwyNUuomCMPIL-SQsR4AaABAg,UgwyNUuomCMPIL-SQsR4AaABAg,UCY_Wvqhv9GwihN6_BC3qDsQ,"Fetched 05/23/2026, 9:00:03 PM GMT+8"
34204,@BbelleM007,13 days ago,Magandang gabi po mga kapatid!! Happy viewing po mga Kapatid!! / Mula po sa / #LokalNgIrisan / #DistritoNgBenguet,https://www.youtube.com/watch?v=ROa3kbG5M0U&lc=UgwHpLAmCMgF0oB-3vd4AaABAg,UgwHpLAmCMgF0oB-3vd4AaABAg,UCRXx4yujTBME5kcit-7X3xA,"Fetched 05/23/2026, 9:00:03 PM GMT+8"
34205,@lyn.evngelista1994,13 days ago,Happy viewing po mula sa lokal ng Irisan,https://www.youtube.com/watch?v=ROa3kbG5M0U&lc=UgwfhAfA5vQ9oFdWKSN4AaABAg,UgwfhAfA5vQ9oFdWKSN4AaABAg,UCEp14BChs4gLXxoonswsx-Q,"Fetched 05/23/2026, 9:00:03 PM GMT+8"
34206,@cadsapsteven7555,13 days ago,"Greetings po from LOKAL NG IRISAN, DISTRITo NG BENGUET. ENJOY WATCHINGGGGG😊❤",https://www.youtube.com/watch?v=ROa3kbG5M0U&lc=Ugxrm9bIFa0nEICncFZ4AaABAg,Ugxrm9bIFa0nEICncFZ4AaABAg,UCHCAc0UIDgD0zd1P7f3Ce_w,"Fetched 05/23/2026, 9:00:03 PM GMT+8"
34207,@TheEmzthine,13 days ago,"Maligayang bati sa lahat ng Kalihim ng Ilaw, Ka Blessie Mae Garcia at Ka Rhonalyn Santos mula sa Lokal ng Irisan Distrito ng Benguet 🇮🇹🇮🇹🇮🇹🇮🇹",https://www.youtube.com/watch?v=ROa3kbG5M0U&lc=UgxehK6lbd59Xurtyxh4AaABAg,UgxehK6lbd59Xurtyxh4AaABAg,UCxLUxuNrB5SEVcJFtEZauDw,"Fetched 05/23/2026, 9:00:03 PM GMT+8"
34208,@cyruzjomarimanangan168,13 days ago,"Good day and happy watchings to our all brethrens, watching from locale of irisan District of Benguet happy viewing po 🫶✨",https://www.youtube.com/watch?v=ROa3kbG5M0U&lc=UgxnJXabsWQ4IF1NZaB4AaABAg,UgxnJXabsWQ4IF1NZaB4AaABAg,UCNXlOlshhWAHuIXIwWsjYfg,"Fetched 05/23/2026, 9:00:03 PM GMT+8"
34209,@sidroevangelista8085,13 days ago,"Happy watching from Lokal ng Irisan, Distrito ng Benguet!",https://www.youtube.com/watch?v=ROa3kbG5M0U&lc=UgzTmMkkeLNhkFTsYLZ4AaABAg,UgzTmMkkeLNhkFTsYLZ4AaABAg,UCbPr8EfQBtWX27l0nfQAkEw,"Fetched 05/23/2026, 9:00:03 PM GMT+8"
34210,@angelopaet2704,13 days ago,"Happy Viewing po from lokal ng Irisan, Distrito ng Benguet!☝🏼",https://www.youtube.com/watch?v=ROa3kbG5M0U&lc=UgxJLCmEFKfntKmAe2V4AaABAg,UgxJLCmEFKfntKmAe2V4AaABAg,UCZRCehOSKIP7us2QfPBjkkg,"Fetched 05/23/2026, 9:00:03 PM GMT+8"
34211,@bitesizeziggy4724,13 days ago,"Nice one, from Irisan Benguet po.",https://www.youtube.com/watch?v=ROa3kbG5M0U&lc=UgxaFA9T2AXzXMFS2mR4AaABAg,UgxaFA9T2AXzXMFS2mR4AaABAg,UC1FFS4XOggLLTEBcgB0H1xA,"Fetched 05/23/2026, 9:00:03 PM GMT+8"
34212,@BbelleM007,13 days ago,Happy viewing po mga Kapatid!! Greetings from: / #LokalngIrisan / #DistritongBenguet,https://www.youtube.com/watch?v=ROa3kbG5M0U&lc=UgwMdTYGl31aV2qDk_x4AaABAg,UgwMdTYGl31aV2qDk_x4AaABAg,UCRXx4yujTBME5kcit-7X3xA,"Fetched 05/23/2026, 9:00:03 PM GMT+8"
34213,@soulpage2852,13 days ago,"Happy viewing from Lokal ng Irisan, Distrito ng Benguet. Lovelots☺️❤️",https://www.youtube.com/watch?v=ROa3kbG5M0U&lc=UgxHpy934NY7ZTEWD1J4AaABAg,UgxHpy934NY7ZTEWD1J4AaABAg,UCTr2jAO_2tAvNH6c9LM3W7w,"Fetched 05/23/2026, 9:00:03 PM GMT+8"
34214,@SarahJaneSiblag,13 days ago,happy viewing po from Lokal ng Irisan Distrito ng Benguet,https://www.youtube.com/watch?v=ROa3kbG5M0U&lc=UgxBjzOXeESmnmMBnRN4AaABAg,UgxBjzOXeESmnmMBnRN4AaABAg,UC9k8_yxQfMvy2K1e7DgfDZw,"Fetched 05/23/2026, 9:00:03 PM GMT+8"
34215,@rahamedcariazo9027,13 days ago,Watching po from lokal ng Irisan.,https://www.youtube.com/watch?v=ROa3kbG5M0U&lc=Ugxps_RyPFdMtqxso7B4AaABAg,Ugxps_RyPFdMtqxso7B4AaABAg,UC6MO0KacDo5YCNJMTdWQ4nQ,"Fetched 05/23/2026, 9:00:03 PM GMT+8"
34216,@TheEmzthine,13 days ago,Happy Birthday po Ka Marjorie Cariazo mula sa Lokal ng Irisan Distrito ng Benguet 🇮🇹🇮🇹🇮🇹,https://www.youtube.com/watch?v=ROa3kbG5M0U&lc=UgwredaMRLYrD1ztGQh4AaABAg,UgwredaMRLYrD1ztGQh4AaABAg,UCxLUxuNrB5SEVcJFtEZauDw,"Fetched 05/23/2026, 9:00:03 PM GMT+8"
34217,@elizabethhima831,13 days ago,Watching from lokal ng irisan distrito ng benguet! ❤,https://www.youtube.com/watch?v=ROa3kbG5M0U&lc=UgzlZ6HH_1iQ1vGRenZ4AaABAg,UgzlZ6HH_1iQ1vGRenZ4AaABAg,UC66fSytQ0ojpQ2Ta7mN_Ujg,"Fetched 05/23/2026, 9:00:03 PM GMT+8"
34218,@ramosjonalynl.7154,13 days ago,"Happy viewing po mga kapatid❤. Pagbati po mula sa Lokal ng Irisan, Distrito ng Benguet ❤",https://www.youtube.com/watch?v=ROa3kbG5M0U&lc=Ugy_oVq-xhsw1dmW7jd4AaABAg,Ugy_oVq-xhsw1dmW7jd4AaABAg,UC977GiNM_HEPgQxLhx-FBVQ,"Fetched 05/23/2026, 9:00:03 PM GMT+8"
34219,@ariannadelacruz1754,13 days ago,happy viewing po / mula po sa / Lokal Ng Irisan / Distrito Ng Benguet,https://www.youtube.com/watch?v=ROa3kbG5M0U&lc=Ugy6qT2jUzk-mDLRY0h4AaABAg,Ugy6qT2jUzk-mDLRY0h4AaABAg,UCY_Wvqhv9GwihN6_BC3qDsQ,"Fetched 05/23/2026, 9:00:03 PM GMT+8"
34220,@anim3world143,13 days ago,watching from lokal ng irisan district of benguet.,https://www.youtube.com/watch?v=ROa3kbG5M0U&lc=UgzG_JvISrhY85MiP8x4AaABAg,UgzG_JvISrhY85MiP8x4AaABAg,UCFJMvW-_eqFzpF-7ZypGU2g,"Fetched 05/23/2026, 9:00:03 PM GMT+8"
34221,@rickebeyns1370,13 days ago,Happy Viewing po from Lokal ng Irisan! Distrito ng Benguet🇮🇹❤️,https://www.youtube.com/watch?v=ROa3kbG5M0U&lc=Ugwu95FFOmCZGxOtcyJ4AaABAg,Ugwu95FFOmCZGxOtcyJ4AaABAg,UC8rmJ3wznEJOdkWXxFpVcTg,"Fetched 05/23/2026, 9:00:03 PM GMT+8"
34222,@johnreylucio8970,13 days ago,"Happy Viewing po sa ating lahat,, Happy Birthday po Sa Aming Mahal na Destinado, Ka Kenner Bokilis,   /  / Pagbati po mula sa Lokal ng La Trinidad, / And All KadiwA",https://www.youtube.com/watch?v=ROa3kbG5M0U&lc=Ugz5-vh_KHDuOFltd4V4AaABAg,Ugz5-vh_KHDuOFltd4V4AaABAg,UCNMupRD4ySrN336KZpy29OA,"Fetched 05/23/2026, 9:00:03 PM GMT+8"
34223,@ているをし,13 days ago,Happy Viewing po sa lokal ng Irisan Distrito po ng Benguet!!☺️,https://www.youtube.com/watch?v=ROa3kbG5M0U&lc=UgznIVxOOd09zkEg1Nh4AaABAg,UgznIVxOOd09zkEg1Nh4AaABAg,UC2CFOqDCkYtVASLz3hQd__w,"Fetched 05/23/2026, 9:00:03 PM GMT+8"
34224,@Julskie28,13 days ago,Happy evening viewing po sa ating lahat lalo na sa lahat ng kadiwa at binhi! /  / Let's Go Benguet 🍓 🎉,https://www.youtube.com/watch?v=ROa3kbG5M0U&lc=UgySUh_kMgAPZzvXUCF4AaABAg,UgySUh_kMgAPZzvXUCF4AaABAg,UC1nz0UiWHV8lyoQdZtJejeg,"Fetched 05/23/2026, 9:00:03 PM GMT+8"
34225,@neirobates1594,13 days ago,Happy viewing from local ng irisan distrito ng benguet,https://www.youtube.com/watch?v=ROa3kbG5M0U&lc=UgyTqMYOe-QvT05bilZ4AaABAg,UgyTqMYOe-QvT05bilZ4AaABAg,UCxMwh4mPO1Pp7qHdk6ebROg,"Fetched 05/23/2026, 9:00:03 PM GMT+8"
34226,@mayvehn,13 days ago,Mgandang gabi po..Nanonood po mula sa Lokal ng Atok Gold,https://www.youtube.com/watch?v=ROa3kbG5M0U&lc=UgzwIZz0_wuidSTPr654AaABAg,UgzwIZz0_wuidSTPr654AaABAg,UCivhdJ2CQeLK8tlG7Wh2BSQ,"Fetched 05/23/2026, 9:00:03 PM GMT+8"
34227,@mayvehn,13 days ago,Happy watching po mula sa Lokal ng Atok Gold,https://www.youtube.com/watch?v=ROa3kbG5M0U&lc=UgzAmGvGiOlj7SdA2mJ4AaABAg,UgzAmGvGiOlj7SdA2mJ4AaABAg,UCivhdJ2CQeLK8tlG7Wh2BSQ,"Fetched 05/23/2026, 9:00:03 PM GMT+8"
34228,@iya-k7j,13 days ago,Magandang gabi po mga kapatid...Mula po sa Lokal ng Atok Gold,https://www.youtube.com/watch?v=ROa3kbG5M0U&lc=Ugwqq-ZkvW-ZHNroxZV4AaABAg,Ugwqq-ZkvW-ZHNroxZV4AaABAg,UC_R2GfmFAjE8k8DgEjmtv7g,"Fetched 05/23/2026, 9:00:03 PM GMT+8"
34229,@iya-k7j,13 days ago,"Watching po mula sa Kapisanang Binhi, Lokal ng Atok Gold",https://www.youtube.com/watch?v=ROa3kbG5M0U&lc=Ugx-vkYPjEqN5R1TwSZ4AaABAg,Ugx-vkYPjEqN5R1TwSZ4AaABAg,UC_R2GfmFAjE8k8DgEjmtv7g,"Fetched 05/23/2026, 9:00:03 PM GMT+8"
34230,@iya-k7j,13 days ago,happy viewing po mula sa lokal ng atok gold,https://www.youtube.com/watch?v=ROa3kbG5M0U&lc=UgwGnaYV_2QITLtVi214AaABAg,UgwGnaYV_2QITLtVi214AaABAg,UC_R2GfmFAjE8k8DgEjmtv7g,"Fetched 05/23/2026, 9:00:03 PM GMT+8"
34231,@alfeotadifa6957,13 days ago,"Happy Viewing po mula sa Lokal ng City Camp, Distrito ng Benguet.",https://www.youtube.com/watch?v=ROa3kbG5M0U&lc=UgyQmV_-4Rp0hVA13KV4AaABAg,UgyQmV_-4Rp0hVA13KV4AaABAg,UCc6xDLun7Fl2t2_QbJOrnIQ,"Fetched 05/23/2026, 9:00:03 PM GMT+8"
34232,@gloriaantonio-k2k,13 days ago,"Happy viewing po mga kapatid, mula sa lokal ng Buyagan, Distrito ng Benguet!",https://www.youtube.com/watch?v=ROa3kbG5M0U&lc=UgyWmFB8Q6EaI41SZtd4AaABAg,UgyWmFB8Q6EaI41SZtd4AaABAg,UCtI72j5ivzwM5x-4t-iedlA,"Fetched 05/23/2026, 9:00:03 PM GMT+8"
34233,@gloriaantonio-k2k,13 days ago,"Happy viewing po mga kapatid, mula sa lokal ng Buyagan, Distrito ng Benguet!",https://www.youtube.com/watch?v=ROa3kbG5M0U&lc=Ugwdf8cJ31Q1EKX5Bth4AaABAg,Ugwdf8cJ31Q1EKX5Bth4AaABAg,UCtI72j5ivzwM5x-4t-iedlA,"Fetched 05/23/2026, 9:00:03 PM GMT+8"
34234,@henrycaranto2644,13 days ago,Magandang Gabi po sa lahat🎉 / Maligayang panunuod po sa lahat. /  / Mula po sa lahat ng KADIWA sa Distrito ng Benguet❤️ / At mula po sa Lokal ng Baguio City 🎉,https://www.youtube.com/watch?v=ROa3kbG5M0U&lc=UgwXgaoePI5_kcjOidZ4AaABAg,UgwXgaoePI5_kcjOidZ4AaABAg,UCFilTOy22FklSkBIgwVPVaQ,"Fetched 05/23/2026, 9:00:03 PM GMT+8"
34235,@gloriaantonio-k2k,13 days ago,"Happy viewing po mga kapatid, mula sa lokal ng Buyagan, Distrito ng Benguet! :)",https://www.youtube.com/watch?v=ROa3kbG5M0U&lc=UgycRX4w5b6oMwDIs3x4AaABAg,UgycRX4w5b6oMwDIs3x4AaABAg,UCtI72j5ivzwM5x-4t-iedlA,"Fetched 05/23/2026, 9:00:03 PM GMT+8"
34236,@gwynethcayabyab5981,13 days ago,Magandang gabi po sa ating lahat❤ / Happy viewing po / From lokal ng Megaroyale / -Kadiwa district officer,https://www.youtube.com/watch?v=ROa3kbG5M0U&lc=UgzcMOCuklcSCpXO3HV4AaABAg,UgzcMOCuklcSCpXO3HV4AaABAg,UCouodNvhL1bfJC2Fz0B_Rcw,"Fetched 05/23/2026, 9:00:03 PM GMT+8"
34237,@JoelVecino-ze3lw,13 days ago,Gud eve po mula sa lokal ng atok gold,https://www.youtube.com/watch?v=ROa3kbG5M0U&lc=UgwQakM_1nOxIVqyQJ94AaABAg,UgwQakM_1nOxIVqyQJ94AaABAg,UCodECGwDicuDfCWfQSOxr0g,"Fetched 05/23/2026, 9:00:03 PM GMT+8"
34238,@davieannpalomeno6447,13 days ago,Happy viewing from locale of Pinsao district of benguet,https://www.youtube.com/watch?v=ROa3kbG5M0U&lc=UgzBGF7jHR_rKfWkzVV4AaABAg,UgzBGF7jHR_rKfWkzVV4AaABAg,UCKeNr6g1p5fDfJBexDjmiOg,"Fetched 05/23/2026, 9:00:03 PM GMT+8"
34239,@JhadeVecino,13 days ago,Good evening Po Mula sa LoKAL NG ATOK GOLD BENGUET ❤❤❤ blessed night,https://www.youtube.com/watch?v=ROa3kbG5M0U&lc=UgwPQsoqPd-Z9s2xKhV4AaABAg,UgwPQsoqPd-Z9s2xKhV4AaABAg,UC6G7aKYeoTFEdZdzsafEppQ,"Fetched 05/23/2026, 9:00:03 PM GMT+8"
34240,@Jhun-r2p,13 days ago,Happy viewing po mula po sa lokal ng tomay distrito po ng Benguet,https://www.youtube.com/watch?v=ROa3kbG5M0U&lc=UgzvPTMPTGtSRvk64QB4AaABAg,UgzvPTMPTGtSRvk64QB4AaABAg,UC2MakSjk2ns5d6b4cWK__Dg,"Fetched 05/23/2026, 9:00:03 PM GMT+8"
34241,@luibustamante9493,13 days ago,Magandang gabi po sa lahat ng Kadiwa at KDOs. Happy viewing po.  /  /  / Rewatching mula po sa Lokal ng Tuba,https://www.youtube.com/watch?v=ROa3kbG5M0U&lc=UgyvHrFVgSRxICarQZx4AaABAg,UgyvHrFVgSRxICarQZx4AaABAg,UCFAmrhDmv6rvZrQoYp-IS9w,"Fetched 05/23/2026, 9:00:03 PM GMT+8"
34242,@iya-k7j,13 days ago,Masayang nanonood po mula sa Lokal ng Atok Gold,https://www.youtube.com/watch?v=ROa3kbG5M0U&lc=Ugw2oGoke5Xat7J_AGt4AaABAg,Ugw2oGoke5Xat7J_AGt4AaABAg,UC_R2GfmFAjE8k8DgEjmtv7g,"Fetched 05/23/2026, 9:00:03 PM GMT+8"
34243,@MariaYhelenCamba,13 days ago,"Happy Viewing po mula sa lokal NG City Camp, Distrito NG Benguet!!",https://www.youtube.com/watch?v=ROa3kbG5M0U&lc=UgxtrbZ_rmVqML6v7UN4AaABAg,UgxtrbZ_rmVqML6v7UN4AaABAg,UCCsRjIJH6U3sG49Y2RPJHnQ,"Fetched 05/23/2026, 9:00:03 PM GMT+8"
34244,@iya-k7j,13 days ago,Patuloy po na nanonood ....Lokal ng Atok Gold,https://www.youtube.com/watch?v=ROa3kbG5M0U&lc=Ugy70olnYYvKSxTkveB4AaABAg,Ugy70olnYYvKSxTkveB4AaABAg,UC_R2GfmFAjE8k8DgEjmtv7g,"Fetched 05/23/2026, 9:00:03 PM GMT+8"
34245,@iya-k7j,13 days ago,Happy viewing po mula sa Lokal ng Atok Gold,https://www.youtube.com/watch?v=ROa3kbG5M0U&lc=UgyhgLzXkP0Erpxl_yh4AaABAg,UgyhgLzXkP0Erpxl_yh4AaABAg,UC_R2GfmFAjE8k8DgEjmtv7g,"Fetched 05/23/2026, 9:00:03 PM GMT+8"
34246,@iya-k7j,13 days ago,"bumabati po.mula sa kapisanang binhi,lokal ng atok gold",https://www.youtube.com/watch?v=ROa3kbG5M0U&lc=UgwpqwdsnONLLajKMnp4AaABAg,UgwpqwdsnONLLajKMnp4AaABAg,UC_R2GfmFAjE8k8DgEjmtv7g,"Fetched 05/23/2026, 9:00:03 PM GMT+8"
34247,@michelledayao857,13 days ago (edited),Greeting from local of Kias District of Benguet 😇🤍,https://www.youtube.com/watch?v=ROa3kbG5M0U&lc=Ugxj71gbt1t49XOzcX14AaABAg,Ugxj71gbt1t49XOzcX14AaABAg,UCVlJqqj71ZRBepgKmWYf3WQ,"Fetched 05/23/2026, 9:00:03 PM GMT+8"
34248,@FloranteButacJr,13 days ago,Happy Watching,https://www.youtube.com/watch?v=ROa3kbG5M0U&lc=Ugy5Llbt_WVntVaS7n94AaABAg,Ugy5Llbt_WVntVaS7n94AaABAg,UCkxioMPVbrmsBu7PtCBWjaw,"Fetched 05/23/2026, 9:00:03 PM GMT+8"
34249,@rickyboylucena3734,13 days ago,Happy viewing po sa local Ng city camp,https://www.youtube.com/watch?v=ROa3kbG5M0U&lc=Ugw6VJIEQIdk-Z0gXMp4AaABAg,Ugw6VJIEQIdk-Z0gXMp4AaABAg,UCaRPnqBPKwlkEBiHbfTJq6Q,"Fetched 05/23/2026, 9:00:03 PM GMT+8"
34250,@Jhun-r2p,13 days ago,Happy viewing po mula po sa lokal ng tomay distrito po ng Benguet,https://www.youtube.com/watch?v=ROa3kbG5M0U&lc=UgxOLcelyk2kBssftEV4AaABAg,UgxOLcelyk2kBssftEV4AaABAg,UC2MakSjk2ns5d6b4cWK__Dg,"Fetched 05/23/2026, 9:00:03 PM GMT+8"
34251,@joylee1468,13 days ago,Watching from Locale of Atok Gold,https://www.youtube.com/watch?v=ROa3kbG5M0U&lc=UgwxBIaTdA4_b7mryeB4AaABAg,UgwxBIaTdA4_b7mryeB4AaABAg,UC7UWPgNV4p4GGKzoeFbHS8g,"Fetched 05/23/2026, 9:00:03 PM GMT+8"
34252,@joylee1468,13 days ago,Happy Viewing po mula po sa Lokal ng Atok Gold,https://www.youtube.com/watch?v=ROa3kbG5M0U&lc=UgwwwigGID4-Z7JiLvF4AaABAg,UgwwwigGID4-Z7JiLvF4AaABAg,UC7UWPgNV4p4GGKzoeFbHS8g,"Fetched 05/23/2026, 9:00:03 PM GMT+8"
34253,@yvonnemarinas7993,13 days ago,"happy viewing po, watching from lokal ng city camp, Distrito ng Benguet ☺️",https://www.youtube.com/watch?v=ROa3kbG5M0U&lc=UgybFXdI6E_3Xt9H0A94AaABAg,UgybFXdI6E_3Xt9H0A94AaABAg,UCUBjRGBU0kqOy3d0Ii5n-Cw,"Fetched 05/23/2026, 9:00:03 PM GMT+8"
34254,@joylee1468,13 days ago,Hello po mga kapati...Mula po sa Lokal ng Atok Gold,https://www.youtube.com/watch?v=ROa3kbG5M0U&lc=UgwCyIyXtqsWlQqOa_J4AaABAg,UgwCyIyXtqsWlQqOa_J4AaABAg,UC7UWPgNV4p4GGKzoeFbHS8g,"Fetched 05/23/2026, 9:00:03 PM GMT+8"
34255,@jennyangara9271,13 days ago,Happy viewing po from Local ng City Camp❤,https://www.youtube.com/watch?v=ROa3kbG5M0U&lc=Ugx2sDIgYLqeTx0RvgF4AaABAg,Ugx2sDIgYLqeTx0RvgF4AaABAg,UCGje1RbPgUrCGrUvLsNKeTA,"Fetched 05/23/2026, 9:00:03 PM GMT+8"
34256,@den_paul9252,13 days ago,Artista na pala ung anak ni Ka Lulu,https://www.youtube.com/watch?v=ROa3kbG5M0U&lc=UgxAK5g59cRiZLJVRnJ4AaABAg,UgxAK5g59cRiZLJVRnJ4AaABAg,UCnxpBBUzMmnqKpJCxdxLpCA,"Fetched 05/23/2026, 9:00:03 PM GMT+8"
34257,@den_paul9252,13 days ago,Artista na pala ung anak ni Ka Lulu,https://www.youtube.com/watch?v=ROa3kbG5M0U&lc=Ugyi2mfv2bN16KNieCZ4AaABAg,Ugyi2mfv2bN16KNieCZ4AaABAg,UCnxpBBUzMmnqKpJCxdxLpCA,"Fetched 05/23/2026, 9:00:03 PM GMT+8"
34258,@erralynmanzano9629,13 days ago,Happy Viewing po,https://www.youtube.com/watch?v=ROa3kbG5M0U&lc=UgzzZyyYNtC6fOzfqDN4AaABAg,UgzzZyyYNtC6fOzfqDN4AaABAg,UCUZ0mZRevGP-btuuVbeLD4A,"Fetched 05/23/2026, 9:00:03 PM GMT+8"
34259,@janessapurganan,13 days ago,"Happy viewing po! Greetings to all MT and specially to Kalihiman/Registry hehe /  / From Lokal Ng Kias, Distrito Ng Benguet/ Kalihiman/Registry",https://www.youtube.com/watch?v=ROa3kbG5M0U&lc=UgwbZ0XCm6GzpMjsD1d4AaABAg,UgwbZ0XCm6GzpMjsD1d4AaABAg,UCCYCMDeiimBLhf1Fq3Qv7NA,"Fetched 05/23/2026, 9:00:03 PM GMT+8"
34260,@mayvehn,13 days ago,Magandang gabi po...❤❤❤❤Bumabati po mula sa Lokal ng Atok Gold,https://www.youtube.com/watch?v=ROa3kbG5M0U&lc=UgyQ60EqwkKA34D5x1F4AaABAg,UgyQ60EqwkKA34D5x1F4AaABAg,UCivhdJ2CQeLK8tlG7Wh2BSQ,"Fetched 05/23/2026, 9:00:03 PM GMT+8"
34261,@evangelinedomingo3096,13 days ago,Happy viewing po from Lokal ng City Camp. .,https://www.youtube.com/watch?v=ROa3kbG5M0U&lc=UgyaDkjTZ2cFedIhkBJ4AaABAg,UgyaDkjTZ2cFedIhkBJ4AaABAg,UC2N0YT_sTOyNJyLR0SZBDUA,"Fetched 05/23/2026, 9:00:03 PM GMT+8"
34262,@rizaldylacangan7311,13 days ago,Kumusta po mga kapatid,https://www.youtube.com/watch?v=ROa3kbG5M0U&lc=UgygqKgeepFCrv4luOV4AaABAg,UgygqKgeepFCrv4luOV4AaABAg,UCeJsBhPv99YVlS3dZF4jpqA,"Fetched 05/23/2026, 9:00:03 PM GMT+8"
34263,@mayvehn,13 days ago,happy viewing po mula po sa Lokal ng Atok Gold,https://www.youtube.com/watch?v=ROa3kbG5M0U&lc=Ugy62MqVNu72txI4wAN4AaABAg,Ugy62MqVNu72txI4wAN4AaABAg,UCivhdJ2CQeLK8tlG7Wh2BSQ,"Fetched 05/23/2026, 9:00:03 PM GMT+8"
34264,@CristyOlario,13 days ago,"Happy viewing po mula sa aming lokal ng City Camp, Distrito ng Benguet. ❤❤❤",https://www.youtube.com/watch?v=ROa3kbG5M0U&lc=UgzfpswptOZ3t814oHF4AaABAg,UgzfpswptOZ3t814oHF4AaABAg,UCR3KGRCfP0duLczBo1zAfpA,"Fetched 05/23/2026, 9:00:03 PM GMT+8"
34265,@PrinceCaranto-j7z4f,13 days ago,Happy viewing po mula sa lokal ng  / City camp,https://www.youtube.com/watch?v=ROa3kbG5M0U&lc=UgzFrrijV6dhyMHAqs94AaABAg,UgzFrrijV6dhyMHAqs94AaABAg,UCJx2bD0b4G6qf3O53Tm4KGg,"Fetched 05/23/2026, 9:00:03 PM GMT+8"
34266,@LyndonSaydoven-p6z,13 days ago,"Happy viewing po mga Kapatid, mula sa Lokal ng Buyagan, Distrito ng Benguet ;)",https://www.youtube.com/watch?v=ROa3kbG5M0U&lc=UgwUuyE7K4D8-nP5yRV4AaABAg,UgwUuyE7K4D8-nP5yRV4AaABAg,UC6e1YMXILrPkzMhilx8FaTA,"Fetched 05/23/2026, 9:00:03 PM GMT+8"
34267,@carmelitasiapno7123,13 days ago (edited),Happy viewing from local ng city camp.Distrito ng benguet! ❤❤❤,https://www.youtube.com/watch?v=ROa3kbG5M0U&lc=UgxZxqTspF_smgXamC14AaABAg,UgxZxqTspF_smgXamC14AaABAg,UCrEteUdLhshvE8koe5sb0Ng,"Fetched 05/23/2026, 9:00:03 PM GMT+8"
34268,@deliamanuel7634,13 days ago,Kumusta mga kapatid happy viewing enjoy,https://www.youtube.com/watch?v=ROa3kbG5M0U&lc=UgypUZdyM1XpPXeKCq14AaABAg,UgypUZdyM1XpPXeKCq14AaABAg,UCCdUKOFPDUu8k1jR2R7MOdw,"Fetched 05/23/2026, 9:00:03 PM GMT+8"
34269,@HermeniaBurgos,13 days ago,Nakikinig po ang Lokal ng Norcar. Happy watching Po sa ating lahat !,https://www.youtube.com/watch?v=ROa3kbG5M0U&lc=Ugx5aeUvPRMTe8D-qS94AaABAg,Ugx5aeUvPRMTe8D-qS94AaABAg,UC0pdkEU5A7kafS24ezIewAA,"Fetched 05/23/2026, 9:00:03 PM GMT+8"
34270,@rovelintipay7457,13 days ago,Pagbati po mula po sa Lokal ng City Camp,https://www.youtube.com/watch?v=ROa3kbG5M0U&lc=UgzfLFoy_n-i7qYsRTN4AaABAg,UgzfLFoy_n-i7qYsRTN4AaABAg,UCK6aIH06PIgctrC72wMsdAg,"Fetched 05/23/2026, 9:00:03 PM GMT+8"
34271,@Joe-ArPurganan,13 days ago,"Happy viewing po! Greetings to all Kalihiman/Registry, Diakono Diakonesa at mga NASA kapisanang Buklod! From Lokal ng Kias Distrito ng Benguet",https://www.youtube.com/watch?v=ROa3kbG5M0U&lc=UgwDykr6q6G1DkcRUeJ4AaABAg,UgwDykr6q6G1DkcRUeJ4AaABAg,UCZcbaLxmvzG8liPnPFKO4EA,"Fetched 05/23/2026, 9:00:03 PM GMT+8"
34272,@jenniferbautista2545,13 days ago,"Happy Viewing po from lokal ng City Camp,Distrito ng Benguet",https://www.youtube.com/watch?v=ROa3kbG5M0U&lc=UgxcnmLtKiCmifstL8p4AaABAg,UgxcnmLtKiCmifstL8p4AaABAg,UCxCpFTwnkoV14QuZlAzs23Q,"Fetched 05/23/2026, 9:00:03 PM GMT+8"
34273,@erwincaranto3550,13 days ago,"Happy viewing po mga kapatid , mula po sa lokal ng city camp , benguet",https://www.youtube.com/watch?v=ROa3kbG5M0U&lc=Ugxx_dFDTxIe5XoXSQR4AaABAg,Ugxx_dFDTxIe5XoXSQR4AaABAg,UCtyGCbWrRC64j4bcFtfuHNQ,"Fetched 05/23/2026, 9:00:03 PM GMT+8"
34274,@mayvehn,13 days ago,magandang gabi po mga kapatid...happy viewing po mula po sa lokal ng atok gold❤❤,https://www.youtube.com/watch?v=ROa3kbG5M0U&lc=UgwVhgyQeDNPfwvHLip4AaABAg,UgwVhgyQeDNPfwvHLip4AaABAg,UCivhdJ2CQeLK8tlG7Wh2BSQ,"Fetched 05/23/2026, 9:00:03 PM GMT+8"
34275,@singsonprincessabigail63,13 days ago,Happy Watching po mula po sa lokal ng CITY CAMP distrito ng BENGUET,https://www.youtube.com/watch?v=ROa3kbG5M0U&lc=UgwfPMeb2e6XeG956_V4AaABAg,UgwfPMeb2e6XeG956_V4AaABAg,UC20F0Hqq3jvWvmbVQR0u7eA,"Fetched 05/23/2026, 9:00:03 PM GMT+8"
34276,@tomlodharryjet2014,13 days ago (edited),"Maligayang pag bati po mula sa local ng city camp, distrito ng Benguet",https://www.youtube.com/watch?v=ROa3kbG5M0U&lc=UgwHGmNdR5tGopRBSnh4AaABAg,UgwHGmNdR5tGopRBSnh4AaABAg,UCLpIHu50BCUdKEqCKUvTRGQ,"Fetched 05/23/2026, 9:00:03 PM GMT+8"
34277,@JenaelDeniseCemente,13 days ago,"Happy viewing po mula sa lokal ng City Camp, Distrito ng Benguet 🥰",https://www.youtube.com/watch?v=ROa3kbG5M0U&lc=Ugxp0YMYjcYjqw0JGbV4AaABAg,Ugxp0YMYjcYjqw0JGbV4AaABAg,UCmLt3-AkjDFlfFV5Uj3X7Vg,"Fetched 05/23/2026, 9:00:03 PM GMT+8"
34278,@luigi8568,13 days ago,HAPPY VIEWING PO FROM LOCAL NG CITY CAMP🫶🏼,https://www.youtube.com/watch?v=ROa3kbG5M0U&lc=Ugzm8fpGYv5MykwMn894AaABAg,Ugzm8fpGYv5MykwMn894AaABAg,UC0-i7TnHpNiCjd2kDFiy67g,"Fetched 05/23/2026, 9:00:03 PM GMT+8"
34279,@TheaCamba,13 days ago,Happy viewing from local ng City Camp Distrito ng Benguet!,https://www.youtube.com/watch?v=ROa3kbG5M0U&lc=UgwrTSK5nkG3FCoSQk14AaABAg,UgwrTSK5nkG3FCoSQk14AaABAg,UCsaAXxBGdUkAnz-EdAnHCMQ,"Fetched 05/23/2026, 9:00:03 PM GMT+8"
34280,@delmarlandingin2735,13 days ago,"Happy watching from Lokal ng City Camp , District of BENGUET 😊",https://www.youtube.com/watch?v=ROa3kbG5M0U&lc=Ugwqq42XZtVe8GrzXcN4AaABAg,Ugwqq42XZtVe8GrzXcN4AaABAg,UCoRMjnJOAN9mZFy9q-5H8wA,"Fetched 05/23/2026, 9:00:03 PM GMT+8"
34281,@rolinabautista1668,13 days ago,God's Love..kamusta po lokal ng Citycamp sabay sabay po tayong mag view like and share na po..,https://www.youtube.com/watch?v=ROa3kbG5M0U&lc=UgxPIvnkrvpFLWqzFgN4AaABAg,UgxPIvnkrvpFLWqzFgN4AaABAg,UCWe_JqXHI6vjNDzPBrxHQ3A,"Fetched 05/23/2026, 9:00:03 PM GMT+8"
34282,@rajeferddeguzman6414,13 days ago,Good evening po from City Camp. Benguet❤🇮🇹,https://www.youtube.com/watch?v=ROa3kbG5M0U&lc=Ugwf6GdUBr4GHM3kRkR4AaABAg,Ugwf6GdUBr4GHM3kRkR4AaABAg,UCTBj1fkUN7Dy0tb3YYinyKQ,"Fetched 05/23/2026, 9:00:03 PM GMT+8"
34283,@ellenverceles8945,13 days ago,Patuloy pong nakikipagkaisa sa pag-view!!!! /  /  / Mula sa Lokal ng NORCAR😍😍,https://www.youtube.com/watch?v=ROa3kbG5M0U&lc=UgxhvbYT3caez0VXYqZ4AaABAg,UgxhvbYT3caez0VXYqZ4AaABAg,UCy20gJdU3cOx_uV_Wq4o9TA,"Fetched 05/23/2026, 9:00:03 PM GMT+8"
34284,@cmi24,13 days ago,happy viewing po mula po sa Lokal ng City Camp ❤,https://www.youtube.com/watch?v=ROa3kbG5M0U&lc=UgysK-MpDXyYUeQ5amB4AaABAg,UgysK-MpDXyYUeQ5amB4AaABAg,UCX-XE7Kl4Xlg48Og8RWbHfg,"Fetched 05/23/2026, 9:00:03 PM GMT+8"
34285,@rovelintipay7457,13 days ago,Happy viewing po from Lokal ng City Camp Distrito ng Benguet,https://www.youtube.com/watch?v=ROa3kbG5M0U&lc=Ugx58zqcxodkGQ1Tyod4AaABAg,Ugx58zqcxodkGQ1Tyod4AaABAg,UCK6aIH06PIgctrC72wMsdAg,"Fetched 05/23/2026, 9:00:03 PM GMT+8"
34286,@axy_24-7,13 days ago,"Happy viewing po, mga Kapatid 🎊🎊🎊 From lokal po ng City Camp 🤗",https://www.youtube.com/watch?v=ROa3kbG5M0U&lc=Ugz7dlAsWwTty7aosKJ4AaABAg,Ugz7dlAsWwTty7aosKJ4AaABAg,UCA3SZEcWISmChdZw_Rz-lJw,"Fetched 05/23/2026, 9:00:03 PM GMT+8"
34287,@jonieyonga-an5239,13 days ago,Let's gooo Benguettt!!,https://www.youtube.com/watch?v=ROa3kbG5M0U&lc=UgxabQd-LvQT4NVqp-F4AaABAg,UgxabQd-LvQT4NVqp-F4AaABAg,UCgUo3JP_Fffuctza4bUumJg,"Fetched 05/23/2026, 9:00:03 PM GMT+8"
34288,@christinemacario-m3e,13 days ago,"Blessed sunday po,watching from lokal ng norcar,distrito ng benguet",https://www.youtube.com/watch?v=ROa3kbG5M0U&lc=UgySuMAuX7inYv9jnwt4AaABAg,UgySuMAuX7inYv9jnwt4AaABAg,UC3UsA2GPznUUbrxdR8By_Kg,"Fetched 05/23/2026, 9:00:03 PM GMT+8"
34289,@jenniferbautista2545,13 days ago,Happy watching po mula sa lokal ng City Camp Distrito ng Benguet.❤,https://www.youtube.com/watch?v=ROa3kbG5M0U&lc=UgzqB-VBa4H7KxD2wb54AaABAg,UgzqB-VBa4H7KxD2wb54AaABAg,UCxCpFTwnkoV14QuZlAzs23Q,"Fetched 05/23/2026, 9:00:03 PM GMT+8"
34290,@carmelitasiapno7123,13 days ago,Happy viewing from local ng city camp Distrito ng benguet❤❤,https://www.youtube.com/watch?v=ROa3kbG5M0U&lc=UgwMTFfbdYPhTNqfNuJ4AaABAg,UgwMTFfbdYPhTNqfNuJ4AaABAg,UCrEteUdLhshvE8koe5sb0Ng,"Fetched 05/23/2026, 9:00:03 PM GMT+8"
34291,@bernardbravo8820,13 days ago,"Maligayang panonood po sa lahat. Pagbati po mula sa lokal ng City Camp , Distrito ng Benguet❤",https://www.youtube.com/watch?v=ROa3kbG5M0U&lc=UgyvqYjb36eJjy4-iFZ4AaABAg,UgyvqYjb36eJjy4-iFZ4AaABAg,UCCJA65jDIldp6hrjplcaf9w,"Fetched 05/23/2026, 9:00:03 PM GMT+8"
34292,@kitikitimi3748,13 days ago,"hello everyone! ❤ Lokal ng City Camp, Distrito ng Benguet",https://www.youtube.com/watch?v=ROa3kbG5M0U&lc=Ugz5QXrEVhF3WBv79QB4AaABAg,Ugz5QXrEVhF3WBv79QB4AaABAg,UCfF1MqDQeMrkEo8qPRQ5Uyw,"Fetched 05/23/2026, 9:00:03 PM GMT+8"
34293,@hectorrivera-u5s,13 days ago,Godbless po sa ating lahat,https://www.youtube.com/watch?v=ROa3kbG5M0U&lc=UgwSVufnnOZgzyt6b9J4AaABAg,UgwSVufnnOZgzyt6b9J4AaABAg,UCRlLwe6pbVNVZbs16q-eHxQ,"Fetched 05/23/2026, 9:00:03 PM GMT+8"
34294,@jasonxofficial1870,13 days ago,Greetings po mga kapatid mula sa lokal ng city camp distrito ng Benguet,https://www.youtube.com/watch?v=ROa3kbG5M0U&lc=UgxzCfnYBWmiUPb1DIt4AaABAg,UgxzCfnYBWmiUPb1DIt4AaABAg,UCH5PTqFb2Mwjh4BIrZ1da0A,"Fetched 05/23/2026, 9:00:03 PM GMT+8"
34295,@JohnDenverTangonan,13 days ago,Happy viewing po from Lokal ng Kias Distrito ng Benguet.!❤  congratulations po mga Kapatid!,https://www.youtube.com/watch?v=ROa3kbG5M0U&lc=Ugx3wADuxuJK3oQ3gBx4AaABAg,Ugx3wADuxuJK3oQ3gBx4AaABAg,UCKyUR4cPOdqEBIqE6CYCyxA,"Fetched 05/23/2026, 9:00:03 PM GMT+8"
34296,@ArianeLizTalavera-n6i,13 days ago,Happy Viewing po❤ Mula sa lokal Ng City Camp ❤,https://www.youtube.com/watch?v=ROa3kbG5M0U&lc=UgxRJywjioJLM3FmsXp4AaABAg,UgxRJywjioJLM3FmsXp4AaABAg,UCTuhwhwxi8q2jtv9qaB-E-A,"Fetched 05/23/2026, 9:00:03 PM GMT+8"
34297,@jasonxofficial1870,13 days ago,Happy Viewing po mga kapatid mula po sa lokal ng city camp distrito ng Benguet,https://www.youtube.com/watch?v=ROa3kbG5M0U&lc=Ugwpiae8VjI71HOeYfF4AaABAg,Ugwpiae8VjI71HOeYfF4AaABAg,UCH5PTqFb2Mwjh4BIrZ1da0A,"Fetched 05/23/2026, 9:00:03 PM GMT+8"
34298,@ArianeLizTalavera-n6i,13 days ago,Happy Viewing po❤ Mula sa lokal Ng City Camp ❤,https://www.youtube.com/watch?v=ROa3kbG5M0U&lc=UgwjqIa__K8ljBYft-h4AaABAg,UgwjqIa__K8ljBYft-h4AaABAg,UCTuhwhwxi8q2jtv9qaB-E-A,"Fetched 05/23/2026, 9:00:03 PM GMT+8"
34299,@faithanncalabson1963,13 days ago,Happy viewing po from lokal ng Norcar ❤❤❤,https://www.youtube.com/watch?v=ROa3kbG5M0U&lc=Ugyid8Kkn6wp1JEf_gJ4AaABAg,Ugyid8Kkn6wp1JEf_gJ4AaABAg,UCg1KuvbLYEEG0l0M1Rl0Raw,"Fetched 05/23/2026, 9:00:03 PM GMT+8"
34300,@ArianeLizTalavera-n6i,13 days ago,Happy Viewing po❤ Mula sa lokal Ng City Camp ❤,https://www.youtube.com/watch?v=ROa3kbG5M0U&lc=Ugwqy_4Sjpt5K21VL-Z4AaABAg,Ugwqy_4Sjpt5K21VL-Z4AaABAg,UCTuhwhwxi8q2jtv9qaB-E-A,"Fetched 05/23/2026, 9:00:03 PM GMT+8"
34301,@ArianeLizTalavera-n6i,13 days ago,Happy Viewing po❤ Mula sa lokal Ng City Camp ❤,https://www.youtube.com/watch?v=ROa3kbG5M0U&lc=UgzdW72fKwt5Je9saEV4AaABAg,UgzdW72fKwt5Je9saEV4AaABAg,UCTuhwhwxi8q2jtv9qaB-E-A,"Fetched 05/23/2026, 9:00:03 PM GMT+8"
34302,@JohnCaragay,13 days ago,Happy Viewing po mga Kapatid Mula po sa Lokal Ng City Camp Distrito Ng Benguet❤,https://www.youtube.com/watch?v=ROa3kbG5M0U&lc=UgzVo4_HWLJSOJWF7LV4AaABAg,UgzVo4_HWLJSOJWF7LV4AaABAg,UCCe5Tsfb9sP4B07Vaya3qqQ,"Fetched 05/23/2026, 9:00:03 PM GMT+8"
34303,@ambrosioanofojr4444,13 days ago,Pagbati po mula sa KDO at lokal ng Norcar! / Let's Go! Benguet!!,https://www.youtube.com/watch?v=ROa3kbG5M0U&lc=UgxTllpzZxDnK-7t_vV4AaABAg,UgxTllpzZxDnK-7t_vV4AaABAg,UCQACOM5LJpxnKpV1DM1bwew,"Fetched 05/23/2026, 9:00:03 PM GMT+8"
34304,@ArianeLizTalavera-n6i,13 days ago,Happy Viewing po❤ Mula sa lokal Ng City Camp ❤,https://www.youtube.com/watch?v=ROa3kbG5M0U&lc=UgxokdRX6_I8EbmmD894AaABAg,UgxokdRX6_I8EbmmD894AaABAg,UCTuhwhwxi8q2jtv9qaB-E-A,"Fetched 05/23/2026, 9:00:03 PM GMT+8"
34305,@ArianeLizTalavera-n6i,13 days ago,Happy Viewing po❤ Mula sa lokal Ng City Camp ❤,https://www.youtube.com/watch?v=ROa3kbG5M0U&lc=UgxyqQENikXp4DcRgDd4AaABAg,UgxyqQENikXp4DcRgDd4AaABAg,UCTuhwhwxi8q2jtv9qaB-E-A,"Fetched 05/23/2026, 9:00:03 PM GMT+8"
34306,@ArianeLizTalavera-n6i,13 days ago,Happy Viewing po❤ Mula sa lokal Ng City Camp ❤,https://www.youtube.com/watch?v=ROa3kbG5M0U&lc=UgwrUKeZuoBMaBmweC14AaABAg,UgwrUKeZuoBMaBmweC14AaABAg,UCTuhwhwxi8q2jtv9qaB-E-A,"Fetched 05/23/2026, 9:00:03 PM GMT+8"
34307,@ArianeLizTalavera-n6i,13 days ago,Happy Viewing po❤ Mula sa lokal Ng City Camp ❤,https://www.youtube.com/watch?v=ROa3kbG5M0U&lc=UgwkwOFTvIpaCVzvTTh4AaABAg,UgwkwOFTvIpaCVzvTTh4AaABAg,UCTuhwhwxi8q2jtv9qaB-E-A,"Fetched 05/23/2026, 9:00:03 PM GMT+8"
34308,@jonieyonga-an5239,13 days ago,Happy viewing Po mga Kapatid!!🎉 / Mula Po sa Lokal Ng Norcar Distrito Ng Benguet 🎉 /  / Pagbati Po sa mga Kadiwa na kasamang nanonood🎉,https://www.youtube.com/watch?v=ROa3kbG5M0U&lc=Ugz060r4BuVt2StI2zt4AaABAg,Ugz060r4BuVt2StI2zt4AaABAg,UCgUo3JP_Fffuctza4bUumJg,"Fetched 05/23/2026, 9:00:03 PM GMT+8"
34309,@CrispinaLayuganpedroCrispinaLa,13 days ago,"Happy viewing from  local of Tomay, Benguet",https://www.youtube.com/watch?v=ROa3kbG5M0U&lc=UgwAeMWgGwgzk1kHabF4AaABAg,UgwAeMWgGwgzk1kHabF4AaABAg,UCd4Q4WOJIxZvcc8bd8UFj_g,"Fetched 05/23/2026, 9:00:03 PM GMT+8"
34310,@gwynethcayabyab5981,13 days ago,"Good evening po mga kapatid, keep on watching po / - megaroyale, kadiwa district officers",https://www.youtube.com/watch?v=ROa3kbG5M0U&lc=UgxLZvkmqFBoNvOqAjh4AaABAg,UgxLZvkmqFBoNvOqAjh4AaABAg,UCouodNvhL1bfJC2Fz0B_Rcw,"Fetched 05/23/2026, 9:00:03 PM GMT+8"
34311,@daisycastillo7985,13 days ago,"Happy viewing po from lokal ng Quezon Hill, Benguet..",https://www.youtube.com/watch?v=ROa3kbG5M0U&lc=UgyV0z2zL2-vusHfHrt4AaABAg,UgyV0z2zL2-vusHfHrt4AaABAg,UCMrjU45y0h9JC9PkHny6qGA,"Fetched 05/23/2026, 9:00:03 PM GMT+8"
34312,@ViolySibayan,13 days ago,100%  Loka balatoc,https://www.youtube.com/watch?v=ROa3kbG5M0U&lc=Ugywz5xN-EF1AGqhF5x4AaABAg,Ugywz5xN-EF1AGqhF5x4AaABAg,UCA2RP44PHe5dzI6MDthj4Ag,"Fetched 05/23/2026, 9:00:03 PM GMT+8"
34313,@jonalynduran2283,13 days ago,Happy Watching po! From Lokal ng Irisan ❤,https://www.youtube.com/watch?v=ROa3kbG5M0U&lc=UgxeYb6dM7z5EZ0Yzyx4AaABAg,UgxeYb6dM7z5EZ0Yzyx4AaABAg,UC2EDkwSssjZXm6ibnmdYPjw,"Fetched 05/23/2026, 9:00:03 PM GMT+8"
34314,@candiceerorita9505,13 days ago,"Happy viewing po from Lokal ng Irisan, Distrito ng Benguet!! 🇮🇹🇮🇹",https://www.youtube.com/watch?v=ROa3kbG5M0U&lc=Ugwc-AW7PKq0tzOlR294AaABAg,Ugwc-AW7PKq0tzOlR294AaABAg,UCVJwegtEEBYGCdu7mkGk7kw,"Fetched 05/23/2026, 9:00:03 PM GMT+8"
34315,@paciniancorpuscles,13 days ago,Pagbati mula sa Lokal ng Irisan! Maligayang panonood mga kapatid💚🤍❤️,https://www.youtube.com/watch?v=ROa3kbG5M0U&lc=UgxaAGeMc7mXfpKgmAd4AaABAg,UgxaAGeMc7mXfpKgmAd4AaABAg,UC8naP6Vtsccsu3wImOglAYQ,"Fetched 05/23/2026, 9:00:03 PM GMT+8"
34316,@MoniqueJane-t1z6y,13 days ago,Happy viewing po Mula sa lokal ng atok gold ❤❤❤❤,https://www.youtube.com/watch?v=ROa3kbG5M0U&lc=UgyLvaVJs5H0Y9kYCo94AaABAg,UgyLvaVJs5H0Y9kYCo94AaABAg,UCJ_Jiz4VZK22n1hCnE_OvIA,"Fetched 05/23/2026, 9:00:03 PM GMT+8"
34317,@RoelJoshArabejo,13 days ago,Happy Viewing po ❤,https://www.youtube.com/watch?v=ROa3kbG5M0U&lc=Ugyw-PojbG2jxWk2zyJ4AaABAg,Ugyw-PojbG2jxWk2zyJ4AaABAg,UC_5rEJfoFzwKQH9Tvh4VPmw,"Fetched 05/23/2026, 9:00:03 PM GMT+8"
34318,@rayle-aks,13 days ago,"Happy viewing po mga Kapatid, mula sa Lokal ng Buyagan, Distrito ng Benguet!",https://www.youtube.com/watch?v=ROa3kbG5M0U&lc=UgxPQVTjVgLGxdWp4BR4AaABAg,UgxPQVTjVgLGxdWp4BR4AaABAg,UCsNB_qJN7ND2MNk8HV4uXbA,"Fetched 05/23/2026, 9:00:03 PM GMT+8"
34319,@yzabelgayadan6013,13 days ago,Isang energetic na pagbati po mula sa Lokal ng Marcos Highway! /  / Hello po sa mga astig na Kadiwa District Officers! /  / LET’S GO BENGUET! 🤍,https://www.youtube.com/watch?v=ROa3kbG5M0U&lc=Ugzf4eDPhUVizhTUzpB4AaABAg,Ugzf4eDPhUVizhTUzpB4AaABAg,UCdZGb4w25RyQ_9_blAErBaQ,"Fetched 05/23/2026, 9:00:03 PM GMT+8"
34320,@bernadetteligew9074,13 days ago,Happy viewing brethren  ❤from Kias-Benguet,https://www.youtube.com/watch?v=ROa3kbG5M0U&lc=Ugwcp_J68ZqrVHoMQpp4AaABAg,Ugwcp_J68ZqrVHoMQpp4AaABAg,UC6vn09nux_X-v6--dq0mSGQ,"Fetched 05/23/2026, 9:00:03 PM GMT+8"
34321,@vanessacanillas,13 days ago,"Happy Viewing po  sa lahat.. mula po s Lokal ng Camp7,Benguet ❤️🤍💚",https://www.youtube.com/watch?v=ROa3kbG5M0U&lc=UgycbY7v4JhPoycqNTl4AaABAg,UgycbY7v4JhPoycqNTl4AaABAg,UCpN92WQc-06KhfnrRPDiPJw,"Fetched 05/23/2026, 9:00:03 PM GMT+8"
34322,@ramosjonalynl.7154,13 days ago (edited),"Happy viewing po mga kapatid 🥰 /  / Mula sa Lokal ng Irisan, Distrito ng Benguet❤ /  / -Kalihiman/Registry",https://www.youtube.com/watch?v=ROa3kbG5M0U&lc=Ugz4zWp_8W1Ts8MJ_A54AaABAg,Ugz4zWp_8W1Ts8MJ_A54AaABAg,UC977GiNM_HEPgQxLhx-FBVQ,"Fetched 05/23/2026, 9:00:03 PM GMT+8"
34323,@user-xx7ce2is8y,13 days ago,Good afternoon po. Happy Watching po. / Irisan/Benguet,https://www.youtube.com/watch?v=ROa3kbG5M0U&lc=UgyFY3PwQDa0Psq_KdR4AaABAg,UgyFY3PwQDa0Psq_KdR4AaABAg,UCArrp0Z0pmV00i54_fjEc2g,"Fetched 05/23/2026, 9:00:03 PM GMT+8"
34324,@grayzienacleo593,13 days ago,Watching from lokal ng kias distrito ng benguet🇮🇹🇮🇹🇮🇹,https://www.youtube.com/watch?v=ROa3kbG5M0U&lc=UgzzxNe3pLSYVCRCLTF4AaABAg,UgzzxNe3pLSYVCRCLTF4AaABAg,UCvLTgSSGN0F3SVs4MTdDpxQ,"Fetched 05/23/2026, 9:00:03 PM GMT+8"
34325,@LloydBenosa-m9l,13 days ago,"Pagbati po mula sa lokal ng Marcos Highway, Distrito ng Benguet! ❤",https://www.youtube.com/watch?v=ROa3kbG5M0U&lc=Ugz_bQEmkB-cUJnpcql4AaABAg,Ugz_bQEmkB-cUJnpcql4AaABAg,UCRLBI8L6AWaZbX3o55A2Bsw,"Fetched 05/23/2026, 9:00:03 PM GMT+8"
34326,@rsrdiaries,13 days ago,"Pagbati po mula sa Lokal ng Irisan, Distrito ng Benguet 💚🤍♥️",https://www.youtube.com/watch?v=ROa3kbG5M0U&lc=Ugxu0gmLg1fB_gNOPr94AaABAg,Ugxu0gmLg1fB_gNOPr94AaABAg,UC0NvTXIkxeUTEbCP8mlq3aw,"Fetched 05/23/2026, 9:00:03 PM GMT+8"
34327,@dianadiga4077,13 days ago,"Happy viewing po! Pagbati po mula sa Lokal ng Camp 7, Benguet! ❤",https://www.youtube.com/watch?v=ROa3kbG5M0U&lc=Ugxns9fmG7F4NJpHe454AaABAg,Ugxns9fmG7F4NJpHe454AaABAg,UCY0G-VoEjdNzmyXY4s0Qwcg,"Fetched 05/23/2026, 9:00:03 PM GMT+8"
34328,@almazanrhyndylyn,13 days ago,Patuloy pong nakasubaybay.  /  / Happy Rewatching po mula sa Kapisanang Kadiwa at Lokal ng Norcar Distrito ng Benguet,https://www.youtube.com/watch?v=ROa3kbG5M0U&lc=UgyTT1IobS9PyxKnOx14AaABAg,UgyTT1IobS9PyxKnOx14AaABAg,UCEoQCNgytnJxjJnAQLSzFeA,"Fetched 05/23/2026, 9:00:03 PM GMT+8"
34329,@sherwintadifa,13 days ago,Happy viewing po mga kapatid. Mula po sa lokal ng Marcos highway. Distrito ng Benguet.,https://www.youtube.com/watch?v=ROa3kbG5M0U&lc=UgwbZHOCbvUMFFWXfHJ4AaABAg,UgwbZHOCbvUMFFWXfHJ4AaABAg,UCj_NZlM_66erdOWcPIZtdcw,"Fetched 05/23/2026, 9:00:03 PM GMT+8"
34330,@lemarlagaban5093,13 days ago,Happy Viewing po / Lokal ng Kias,https://www.youtube.com/watch?v=ROa3kbG5M0U&lc=UgwclPm8VXaZscDkI8p4AaABAg,UgwclPm8VXaZscDkI8p4AaABAg,UCu-lzewg0rRz1C1KFNCYQVg,"Fetched 05/23/2026, 9:00:03 PM GMT+8"
34331,@Unnamed_218,13 days ago,Happy Viewing sa lahat ng Kapatid po mula po s Lokal ng Buyagan Distrito Ng Benguet,https://www.youtube.com/watch?v=ROa3kbG5M0U&lc=UgwBi1vXINQ5ZFGXJh14AaABAg,UgwBi1vXINQ5ZFGXJh14AaABAg,UC_yFX77sKLao4lGWJ-uC5EA,"Fetched 05/23/2026, 9:00:03 PM GMT+8"
34332,@VeronicaMarzan-h4p,13 days ago,Happy waching po to all brethen & enjoy your moment / From CRYSTAL CAVE EXT(CCE),https://www.youtube.com/watch?v=ROa3kbG5M0U&lc=Ugzx3WZ7Z-ty6SAq7l94AaABAg,Ugzx3WZ7Z-ty6SAq7l94AaABAg,UC5gb4qMub-Uvglb8YMn-bQA,"Fetched 05/23/2026, 9:00:03 PM GMT+8"
34333,@ashleypatetico2782,13 days ago,"Happy viewing po mga kapatid! Pagbati po mula sa lokal ng Marcos Highway, Distrito ng Benguet❤",https://www.youtube.com/watch?v=ROa3kbG5M0U&lc=Ugzx-j4o_TrglkGZ8Xh4AaABAg,Ugzx-j4o_TrglkGZ8Xh4AaABAg,UC_glP5Un90BsP-xqh70d84g,"Fetched 05/23/2026, 9:00:03 PM GMT+8"
34334,@ligayalucas9053,13 days ago,"Watching po from Lokal ng Irisan, Distrito ng Benguet.",https://www.youtube.com/watch?v=ROa3kbG5M0U&lc=UgyaZ3bIMuf-if8Yfed4AaABAg,UgyaZ3bIMuf-if8Yfed4AaABAg,UCBpa2MC8GAiak5W7830Y6Yw,"Fetched 05/23/2026, 9:00:03 PM GMT+8"
34335,@kristine7303,13 days ago,"Hindi papatinag, hindi magsasawa! Keep on streaming po mga Kapatid! /  / Mula po sa Lokal ng Marcos Highway, distrito po ng Benguet ❤ /  / Shoutout po sa mga nangunguna sa aming lokal, Ka Bryan Panis, Ka Alfredo Guiang, at Ka Kiel Marquez! /  / More powers din po sa mga KADIWA!🎉🎉",https://www.youtube.com/watch?v=ROa3kbG5M0U&lc=UgxAeedZiUuD01-S78F4AaABAg,UgxAeedZiUuD01-S78F4AaABAg,UCJnlqat5vcPuV6GiDugaBnA,"Fetched 05/23/2026, 9:00:03 PM GMT+8"
34336,@angelicabanoslopez6420,13 days ago,Greetings from Lokal Ng Marcos highway ❤,https://www.youtube.com/watch?v=ROa3kbG5M0U&lc=UgzAam4bX8ZyQVlxpgB4AaABAg,UgzAam4bX8ZyQVlxpgB4AaABAg,UCRYfPKKs_2GkyG4-USk3G3w,"Fetched 05/23/2026, 9:00:03 PM GMT+8"
34337,@raymundlaluan6258,13 days ago,"Happy Viewing po ❤ / Mula po sa lokal ng Marcos Highway, Distrito ng Benguet ❤️",https://www.youtube.com/watch?v=ROa3kbG5M0U&lc=UgzIIQ5nX_1PNGDADr14AaABAg,UgzIIQ5nX_1PNGDADr14AaABAg,UCd90_7SI3CJbAhquRna-8RQ,"Fetched 05/23/2026, 9:00:03 PM GMT+8"
34338,@rowenasevero7191,13 days ago,"Warm greetings again and happy viewing! Masayang pagbati mula po sa Lokal ng Camp 7, Distrito ng Benguet🤗",https://www.youtube.com/watch?v=ROa3kbG5M0U&lc=UgxmFJw6sbp7bdTEk4N4AaABAg,UgxmFJw6sbp7bdTEk4N4AaABAg,UCgORXj0bc83FPBE86ZB3zFQ,"Fetched 05/23/2026, 9:00:03 PM GMT+8"
34339,@JelouMaeSa-ong,13 days ago,Happy viewing po! From Lokal ng Marcos Highway. Distrito ng Benguet! /  / REGISTRY/KALIHIMAN,https://www.youtube.com/watch?v=ROa3kbG5M0U&lc=Ugwl7enMDb4-kspSV9R4AaABAg,Ugwl7enMDb4-kspSV9R4AaABAg,UCZ-851vepVl9jhfL8WZ3HVQ,"Fetched 05/23/2026, 9:00:03 PM GMT+8"
34340,@mayukitamura3220,13 days ago,"Enjoy watching po to all! /  / Shout out po sa aming DRC ng Benguet, Ka Rovell 🎉 /  / From Registry/Kalihiman ng Lokal ng Marcos Highway ❤",https://www.youtube.com/watch?v=ROa3kbG5M0U&lc=UgyVgSaKsP2kB7sSCeB4AaABAg,UgyVgSaKsP2kB7sSCeB4AaABAg,UCorWwIWI1IWJ_K3BzI2hjnQ,"Fetched 05/23/2026, 9:00:03 PM GMT+8"
34341,@Leamay-b7g4u,13 days ago (edited),Enjoying watching po to all  /   / shout out po sa aming lokal ng Marcos Highway Distrito ng Benguet,https://www.youtube.com/watch?v=ROa3kbG5M0U&lc=UgxHNTCgMgfVI9Hon754AaABAg,UgxHNTCgMgfVI9Hon754AaABAg,UCqc5pxg54WDRjQXbBzKvDxA,"Fetched 05/23/2026, 9:00:03 PM GMT+8"
34342,@m-g4marquezkield.475,13 days ago,happy viewing po from lokal ng marcos highway,https://www.youtube.com/watch?v=ROa3kbG5M0U&lc=UgzuADbR52QrNwPaZjd4AaABAg,UgzuADbR52QrNwPaZjd4AaABAg,UCbFQ0ju-gwRJ-dX__BlbN7Q,"Fetched 05/23/2026, 9:00:03 PM GMT+8"
34343,@leilatan14,13 days ago,"Happy viewing po from Lokal ng IRISAN, Distrito ng Benguet",https://www.youtube.com/watch?v=ROa3kbG5M0U&lc=UgxRu_9SDtkkicffbqF4AaABAg,UgxRu_9SDtkkicffbqF4AaABAg,UC8n9Ak2r4s-Jl-dxukSMmoQ,"Fetched 05/23/2026, 9:00:03 PM GMT+8"
34344,@jaejean9133,13 days ago,"Viewing from Lokal ng Buyagan, Distrito ng Benguet! ❤",https://www.youtube.com/watch?v=ROa3kbG5M0U&lc=Ugx9jqsOERB4XNhH5nJ4AaABAg,Ugx9jqsOERB4XNhH5nJ4AaABAg,UCqvbsJ58BYk88d70NWoAAbQ,"Fetched 05/23/2026, 9:00:03 PM GMT+8"
34345,@connyancheta,13 days ago,Happy viewing mga kapatid 🎉🎉🎉  /  / Lokal ng Megaroyale,https://www.youtube.com/watch?v=ROa3kbG5M0U&lc=UgyVGrpbEohrkLitWf14AaABAg,UgyVGrpbEohrkLitWf14AaABAg,UCZTws1BcP5zfDqmYxrFFOSQ,"Fetched 05/23/2026, 9:00:03 PM GMT+8"
34346,@MalouGutierrez-m2f,13 days ago,"Maligayang panunuod po mula sa Lokal ng Camp 7, Distrito ng Benguet",https://www.youtube.com/watch?v=ROa3kbG5M0U&lc=UgwaIJVxV0JubB9lKL54AaABAg,UgwaIJVxV0JubB9lKL54AaABAg,UC_cyUhZiJ0rtL01Fs4TDQ5g,"Fetched 05/23/2026, 9:00:03 PM GMT+8"
34347,@Julskie28,13 days ago,Hello po ulit mga kapatid! /  / Let's Go Benguet 🍓 🎉 /  / Pabati po sa mga Kadiwa Officers all over the world,https://www.youtube.com/watch?v=ROa3kbG5M0U&lc=UgxevdhjwvWTPL8PJYh4AaABAg,UgxevdhjwvWTPL8PJYh4AaABAg,UC1nz0UiWHV8lyoQdZtJejeg,"Fetched 05/23/2026, 9:00:03 PM GMT+8"
34348,@ReynanteBauzon,13 days ago,Mula po sa pananalapi sa Lokal ng Irisan Distrito ng Benguet.. / Happy watching po..💚🤍♥️,https://www.youtube.com/watch?v=ROa3kbG5M0U&lc=UgwjM773F0PlJghVl4d4AaABAg,UgwjM773F0PlJghVl4d4AaABAg,UCW4izpxy03rvPFmI2RjSP7Q,"Fetched 05/23/2026, 9:00:03 PM GMT+8"
34349,@NoliGipa,13 days ago,Bomabati po sa lokal ng tomay,https://www.youtube.com/watch?v=ROa3kbG5M0U&lc=UgxVqUfLeS7KhOt-gbx4AaABAg,UgxVqUfLeS7KhOt-gbx4AaABAg,UCbKRZRqy-kQJRG2PnMpQAmg,"Fetched 05/23/2026, 9:00:03 PM GMT+8"
34350,@distz4354,13 days ago,Mula sa lokal ng tomay happy viewing,https://www.youtube.com/watch?v=ROa3kbG5M0U&lc=Ugy1ISxSI58iJy9KsBl4AaABAg,Ugy1ISxSI58iJy9KsBl4AaABAg,UCopcB7FP5s_86MOWXL858uQ,"Fetched 05/23/2026, 9:00:03 PM GMT+8"
34351,@johnreylucio8970,13 days ago,"Watching po Mula sa Lokal ng La Trinidad,, Shawt Awt po sa mga KDO'S Keep watching guysss",https://www.youtube.com/watch?v=ROa3kbG5M0U&lc=UgzIQAvi9RIhmpKRiIl4AaABAg,UgzIQAvi9RIhmpKRiIl4AaABAg,UCNMupRD4ySrN336KZpy29OA,"Fetched 05/23/2026, 9:00:03 PM GMT+8"
34352,@ClentBembolSegundo,13 days ago,Mula sa local ng Tomay! Happy viewing po mga kapatid!!,https://www.youtube.com/watch?v=ROa3kbG5M0U&lc=UgxXqnAYeEqrBR9AQRJ4AaABAg,UgxXqnAYeEqrBR9AQRJ4AaABAg,UCcgo31DdFVkGlIOcgAFJWJA,"Fetched 05/23/2026, 9:00:03 PM GMT+8"
34353,@rosendabauzon2025,13 days ago,Nanonood  po mula sa LOKAL NG IRISAN DISTRITO NG BENGUET,https://www.youtube.com/watch?v=ROa3kbG5M0U&lc=UgySqOw70BaaCYm2nuB4AaABAg,UgySqOw70BaaCYm2nuB4AaABAg,UCIxunIag4Pkjs9AwwMi_KOw,"Fetched 05/23/2026, 9:00:03 PM GMT+8"
34354,@CherryLouNana,13 days ago,Lokal ng Pinsao Distrito ng Benguet,https://www.youtube.com/watch?v=ROa3kbG5M0U&lc=UgwtrhJH-vyJeL2RpLV4AaABAg,UgwtrhJH-vyJeL2RpLV4AaABAg,UC-iRmTW_kRqPBqymwQwRVYQ,"Fetched 05/23/2026, 9:00:03 PM GMT+8"
34355,@JocelynAngsofan,13 days ago,"happy viewing po from lokal ng Pinsao, Distrio ng Benguet",https://www.youtube.com/watch?v=ROa3kbG5M0U&lc=UgzdP0v99yjuJdHQN654AaABAg,UgzdP0v99yjuJdHQN654AaABAg,UCQuHB6XVkmo3wL7uCy2bF5w,"Fetched 05/23/2026, 9:00:03 PM GMT+8"
34356,@henrycaranto2644,13 days ago,Matatapos ang Araw na todo padin ang Supporta ng mga KADIWA ng Benguet ☺️ /  / Pagbati po sa lahat ng KADIWA at Binhi🎉❤,https://www.youtube.com/watch?v=ROa3kbG5M0U&lc=UgwBgEKe_oMGrZ41hcZ4AaABAg,UgwBgEKe_oMGrZ41hcZ4AaABAg,UCFilTOy22FklSkBIgwVPVaQ,"Fetched 05/23/2026, 9:00:03 PM GMT+8"
34357,@JhadeVecino,13 days ago,Happy viewing Po.. from LOKAL NG ATOK GOLD BENGUET.,https://www.youtube.com/watch?v=ROa3kbG5M0U&lc=UgzJCldGauX1zAqQ3Q14AaABAg,UgzJCldGauX1zAqQ3Q14AaABAg,UC6G7aKYeoTFEdZdzsafEppQ,"Fetched 05/23/2026, 9:00:03 PM GMT+8"
34358,@gelo4828,13 days ago,❤❤❤❤❤❤❤❤❤❤❤❤❤❤,https://www.youtube.com/watch?v=ROa3kbG5M0U&lc=Ugwu5cni3oJSWdRx6Ip4AaABAg,Ugwu5cni3oJSWdRx6Ip4AaABAg,UCydnW0LoOckk7rQFQbEbI_g,"Fetched 05/23/2026, 9:00:03 PM GMT+8"
34359,@dextermagno1869,13 days ago,Hellow po lokal Ng tomay,https://www.youtube.com/watch?v=ROa3kbG5M0U&lc=UgzFiR5Vx8M4769veZ54AaABAg,UgzFiR5Vx8M4769veZ54AaABAg,UC2bF8FOW9eM823hIhTZuGNQ,"Fetched 05/23/2026, 9:00:03 PM GMT+8"
34360,@VemDeGuzman,13 days ago,"Happy viewing po mga kapatid mula po sa Lokal ng Irisan, Distrito ng Benguet 🥰",https://www.youtube.com/watch?v=ROa3kbG5M0U&lc=UgzX1ORPIJnbWrE_oCh4AaABAg,UgzX1ORPIJnbWrE_oCh4AaABAg,UC5v7Vmg4QveGOvqjlBdP_dg,"Fetched 05/23/2026, 9:00:03 PM GMT+8"
34361,@rowiejenne1167,13 days ago,Happy viewing from Lokal ng Loakan Airport,https://www.youtube.com/watch?v=ROa3kbG5M0U&lc=Ugxcv9YnYX2rdElxR514AaABAg,Ugxcv9YnYX2rdElxR514AaABAg,UCOCUFJt549VY7lDeTTw4_vg,"Fetched 05/23/2026, 9:00:03 PM GMT+8"
34362,@adrianaroseee,13 days ago,"happy watching po! from Quezon Hill, Benguet! 🫶🏻🇮🇹",https://www.youtube.com/watch?v=ROa3kbG5M0U&lc=UgxpFsUxE13i6h7FX-V4AaABAg,UgxpFsUxE13i6h7FX-V4AaABAg,UCh8ya2Ux_Er6KdJE0ZoYpRA,"Fetched 05/23/2026, 9:00:03 PM GMT+8"
34363,@JhadeVecino,13 days ago,Happy viewing mga Kapatid from LOKAL NG ATOK GOLD BENGUET,https://www.youtube.com/watch?v=ROa3kbG5M0U&lc=Ugz_g9laH50OrmokOWt4AaABAg,Ugz_g9laH50OrmokOWt4AaABAg,UC6G7aKYeoTFEdZdzsafEppQ,"Fetched 05/23/2026, 9:00:03 PM GMT+8"
34364,@DwyaneUrix,13 days ago,HAPPY VIEWING PO LOKAL NG HILLSIDE PO,https://www.youtube.com/watch?v=ROa3kbG5M0U&lc=UgxVionaoWR9KFfl9wl4AaABAg,UgxVionaoWR9KFfl9wl4AaABAg,UC43hjWcL9N-Hd2D-3pyoXDw,"Fetched 05/23/2026, 9:00:03 PM GMT+8"
34365,@JhadeVecino,13 days ago,Blessed day ahead my Kapatid from LOKAL NG ATOK GOLD BENGUET,https://www.youtube.com/watch?v=ROa3kbG5M0U&lc=UgxU2pOxOPOiaxA3MGB4AaABAg,UgxU2pOxOPOiaxA3MGB4AaABAg,UC6G7aKYeoTFEdZdzsafEppQ,"Fetched 05/23/2026, 9:00:03 PM GMT+8"
34366,@luibustamante9493,13 days ago,"Magandang Hapon po mga kapatid. /  Tuloy-tuloy lamang po natin ang pagsuporta para sa God's Love.  /  / -Pagbati mula sa Lokal ng Tuba, Kadiwa District Officer",https://www.youtube.com/watch?v=ROa3kbG5M0U&lc=UgwzPtWAkC-OR_C1x2R4AaABAg,UgwzPtWAkC-OR_C1x2R4AaABAg,UCFAmrhDmv6rvZrQoYp-IS9w,"Fetched 05/23/2026, 9:00:03 PM GMT+8"
34367,@LeonidesSido,13 days ago,"Happy viewing po sa lahat, mula sa Lokal ng Hillside Distrito ng Benguet. Binabati po namin ang aming gwapong destinado Kapatid na Jhon Alvin Capulong. Binabati rin po namin ang aming pinaka mamahal na Tagapangasiwa Kapatid na Ardy Mendoza.",https://www.youtube.com/watch?v=ROa3kbG5M0U&lc=UgwNa2y2TAnEwarV_WF4AaABAg,UgwNa2y2TAnEwarV_WF4AaABAg,UCboTr9D0eo38S7pgk-D1D4Q,"Fetched 05/23/2026, 9:00:03 PM GMT+8"
34368,@apriljoymason7323,13 days ago,"Binabati ko po si ka Gerry Forteza at ang pogi namin na destinado ng Hillside  ang ka Alvin,,❤",https://www.youtube.com/watch?v=ROa3kbG5M0U&lc=UgyT9nCLObwExl8RxcN4AaABAg,UgyT9nCLObwExl8RxcN4AaABAg,UC5bkc0zRrd5t6mUbGSAIu2A,"Fetched 05/23/2026, 9:00:03 PM GMT+8"
34369,@shafftdeguzman962,13 days ago,Shoutout po sa Masipag naming Pangulong Kalihim Ka Ruth Lubin mula po sa lokal ng Hillside🎉 Distrito,https://www.youtube.com/watch?v=ROa3kbG5M0U&lc=Ugy0O9rURAqenquN0dF4AaABAg,Ugy0O9rURAqenquN0dF4AaABAg,UCCloNO6Hsgkd-e_gsv8oBcg,"Fetched 05/23/2026, 9:00:03 PM GMT+8"
34370,@jespherramos8658,13 days ago,Happy Viewing po! From Lokal ng Hillside!!,https://www.youtube.com/watch?v=ROa3kbG5M0U&lc=Ugz4FAchZ1ihki88TWh4AaABAg,Ugz4FAchZ1ihki88TWh4AaABAg,UCSuDHfNPXmPd-4FvRDPymVg,"Fetched 05/23/2026, 9:00:03 PM GMT+8"
34371,@Eranantiza,13 days ago,Hello po sa poging destinado ng hillside ❤❤❤😅😅😅,https://www.youtube.com/watch?v=ROa3kbG5M0U&lc=UgwZLzwDKPKugnoCLbh4AaABAg,UgwZLzwDKPKugnoCLbh4AaABAg,UCJKZDDP-QbMDjHqcR_Wc3nA,"Fetched 05/23/2026, 9:00:03 PM GMT+8"
34372,@deity_almea27,13 days ago,"Happy watching po mula sa Lokal ng Quezon Hill, Distrito ng Benguet 😍😍",https://www.youtube.com/watch?v=ROa3kbG5M0U&lc=UgyHqldD1ZqEUH0eJzh4AaABAg,UgyHqldD1ZqEUH0eJzh4AaABAg,UCsq1Hv_TOUWITYnw2YsQX8g,"Fetched 05/23/2026, 9:00:03 PM GMT+8"
34373,@kathleenjoyceforteza4317,13 days ago,"Happy viewing po from Lokal ng Hillside, Distrito ng Benguet🫶🏼",https://www.youtube.com/watch?v=ROa3kbG5M0U&lc=UgwouaYFCVgZvCBhrud4AaABAg,UgwouaYFCVgZvCBhrud4AaABAg,UCooOf95z85K1ceIDGOr6Q5A,"Fetched 05/23/2026, 9:00:03 PM GMT+8"
34374,@imeldaebalobo4721,13 days ago,Happy viewing  mula sa lokal ng Hilkside.,https://www.youtube.com/watch?v=ROa3kbG5M0U&lc=Ugys2YEE8GAmpa2a3zV4AaABAg,Ugys2YEE8GAmpa2a3zV4AaABAg,UC8ZBxgbD6I9UKYMVxcKIt-w,"Fetched 05/23/2026, 9:00:03 PM GMT+8"
34375,@jeremiahforteza2493,13 days ago,Happy viewing po mga kapatid...pagbati mula sa Lokal ng Hillside Benguet,https://www.youtube.com/watch?v=ROa3kbG5M0U&lc=UgzPydgF9Pk6YLs_xvh4AaABAg,UgzPydgF9Pk6YLs_xvh4AaABAg,UClBVcxireTFGdDNnQ_i9dXA,"Fetched 05/23/2026, 9:00:03 PM GMT+8"
34376,@JenyPalermo,13 days ago,Happy viewing Po! / Mula Po sa lokal ng Tomay / Distrito ng Benguet,https://www.youtube.com/watch?v=ROa3kbG5M0U&lc=Ugw9K9n87WMLa-kwYuZ4AaABAg,Ugw9K9n87WMLa-kwYuZ4AaABAg,UCmaChuNpvtpoScJOcJrxpnA,"Fetched 05/23/2026, 9:00:03 PM GMT+8"
34377,@rositabusto,13 days ago,"Masayang panonood mga kapatid. Mula po sa Lokal ng Guisad, Distrito ng Benguet",https://www.youtube.com/watch?v=ROa3kbG5M0U&lc=UgzZQsVXS_LZgFVC8sB4AaABAg,UgzZQsVXS_LZgFVC8sB4AaABAg,UCz0vdkylCFLWrvVnBkEAz1Q,"Fetched 05/23/2026, 9:00:03 PM GMT+8"
34378,@Takoshenchie,13 days ago,LET’S GO BENGUET!!! LET’S REACH THE TOP!!! 🎉🎉🎉 /  / -GUISAD KADIWA & PNK,https://www.youtube.com/watch?v=ROa3kbG5M0U&lc=Ugysb0_QVia2OfxeH1p4AaABAg,Ugysb0_QVia2OfxeH1p4AaABAg,UCKL_3QOCN0VtAPkwus5A6Gw,"Fetched 05/23/2026, 9:00:03 PM GMT+8"
34379,@dynachenamydiwan7756,13 days ago,"Happy viewing po from Lokal ng Crystal Cave Ext. Marcos Highway, Distrito ng Benguet! 🎉",https://www.youtube.com/watch?v=ROa3kbG5M0U&lc=Ugx21vgpXIXEm6jTlQl4AaABAg,Ugx21vgpXIXEm6jTlQl4AaABAg,UCovZ5NDvbfuxIiA8zk-GHBA,"Fetched 05/23/2026, 9:00:03 PM GMT+8"
34380,@MarjorieBlanco-z8l,13 days ago,Pagbati po mula sa Lokal ng Tomay Distrito ng Benguet.❤,https://www.youtube.com/watch?v=ROa3kbG5M0U&lc=UgyW9UoDHPPZ32V7q914AaABAg,UgyW9UoDHPPZ32V7q914AaABAg,UC7NGmlBEDlKxTY1jxyIzfSw,"Fetched 05/23/2026, 9:00:03 PM GMT+8"
34381,@shafftdeguzman962,13 days ago,Magandang magandang magandang Hapon po sa ating lahat mga kapatid! Mula po sa Lokal ng Hillside Distrito,https://www.youtube.com/watch?v=ROa3kbG5M0U&lc=UgxqjL1y9zWVDVZwjT94AaABAg,UgxqjL1y9zWVDVZwjT94AaABAg,UCCloNO6Hsgkd-e_gsv8oBcg,"Fetched 05/23/2026, 9:00:03 PM GMT+8"
34382,@HrmyndCoto-ong,13 days ago,Happy viewing po mula sa lokal ng HILLSIDE,https://www.youtube.com/watch?v=ROa3kbG5M0U&lc=Ugy4mK_0nvmrfpejeTZ4AaABAg,Ugy4mK_0nvmrfpejeTZ4AaABAg,UCbCAqWMOZcLATjTPEQjzgLg,"Fetched 05/23/2026, 9:00:03 PM GMT+8"
34383,@maryannfernandez9408,13 days ago,Hello po sa mga taga lokal ng Guisad Distrito ng Benguet. Hi din po sa lahat ng mga Kalihim at registry clerk sa distrito ng Benguet. ❤❤❤❤,https://www.youtube.com/watch?v=ROa3kbG5M0U&lc=Ugz-taRooKqvLSG_vOt4AaABAg,Ugz-taRooKqvLSG_vOt4AaABAg,UC6QnYlqIsg0WPmOKL74vIPg,"Fetched 05/23/2026, 9:00:03 PM GMT+8"
34384,@MiracleRoseGalad-l7n8m,13 days ago,"Shout out po sa mga kapatid, from Crystal Cave extension lokal ng Marcos Highway po...",https://www.youtube.com/watch?v=ROa3kbG5M0U&lc=Ugzex-DyiuFh-tzTTFF4AaABAg,Ugzex-DyiuFh-tzTTFF4AaABAg,UCqZgw4IOKVBm9sAdW5PqpCw,"Fetched 05/23/2026, 9:00:03 PM GMT+8"
34385,@EchoesBeyond-p7p,13 days ago,"Happy Viewing from lokal ng Marcos Highway, Crystal Cave Ext, Distrito ng Benguet",https://www.youtube.com/watch?v=ROa3kbG5M0U&lc=UgxoaqDD0acT3_YXSzR4AaABAg,UgxoaqDD0acT3_YXSzR4AaABAg,UCG_He5vuAFQv_kMN_8e1qFg,"Fetched 05/23/2026, 9:00:03 PM GMT+8"
34386,@elaabanes814,13 days ago,"Happy viewing po from Lokal ng Guisad, Benguet",https://www.youtube.com/watch?v=ROa3kbG5M0U&lc=Ugz5biHWdeO7qAAgfER4AaABAg,Ugz5biHWdeO7qAAgfER4AaABAg,UC-EskCWDTr0Q2_FXhFoJ7Jw,"Fetched 05/23/2026, 9:00:03 PM GMT+8"
34387,@coto-onglheanaajc.3303,13 days ago,Happy Viewing po from Lokal ng Hillside  / LET'S GO BENGUET ❤,https://www.youtube.com/watch?v=ROa3kbG5M0U&lc=UgylIGsreDrmOvM18jN4AaABAg,UgylIGsreDrmOvM18jN4AaABAg,UCepvdbDlLD3XhIPriTXriCw,"Fetched 05/23/2026, 9:00:03 PM GMT+8"
34388,@LorealLagdao,13 days ago,Masayang panonood muli mga kapatid! Pagbati po mula sa Lokal ng Balatoc 💛,https://www.youtube.com/watch?v=ROa3kbG5M0U&lc=Ugx2qKw9ajYOHCe5xiV4AaABAg,Ugx2qKw9ajYOHCe5xiV4AaABAg,UCBJ-tIjN8X7cn9Pa6oZNvpQ,"Fetched 05/23/2026, 9:00:03 PM GMT+8"
34389,@amynerona,13 days ago,"Happy viewing po mula po sa Lokal ng Hillside, Distrito ng Benguet 🇮🇹",https://www.youtube.com/watch?v=ROa3kbG5M0U&lc=UgwgG4vfr3TK1gAbg3Z4AaABAg,UgwgG4vfr3TK1gAbg3Z4AaABAg,UCLoEKKoP2cwE-0hPBHSSgtg,"Fetched 05/23/2026, 9:00:03 PM GMT+8"
34390,@Jujayyy,13 days ago,"happy viewing pooo, from local ng Crystal Cave Extension, Baguio City, Benguet🫶🏻",https://www.youtube.com/watch?v=ROa3kbG5M0U&lc=UgxRF-8fFyMlLRE35tt4AaABAg,UgxRF-8fFyMlLRE35tt4AaABAg,UCdhxTVxlHaBkBt9pIdOoTvA,"Fetched 05/23/2026, 9:00:03 PM GMT+8"
34391,@yinaluvUverymuch,13 days ago,"Happy viewing po, from local ng Marcos highway, crystal cave extension! 💞💞  Binabati ko po ang destinado namin at ang mga may tungkulin sa aming local🥰💞",https://www.youtube.com/watch?v=ROa3kbG5M0U&lc=Ugw-DaJjoBlSxfqJESR4AaABAg,Ugw-DaJjoBlSxfqJESR4AaABAg,UCOa40rL5JvJnKODb9otcXBA,"Fetched 05/23/2026, 9:00:03 PM GMT+8"
34392,@coto-ongnesrionardc.9972,13 days ago,"Happy viewing po mga Kapatid ❤ from Lokal ng Hillside, Distrito ng Benguet",https://www.youtube.com/watch?v=ROa3kbG5M0U&lc=UgzheNyxlyGf30rYkSB4AaABAg,UgzheNyxlyGf30rYkSB4AaABAg,UC3mnqkvRsOe5VmjM8q7mu3A,"Fetched 05/23/2026, 9:00:03 PM GMT+8"
34393,@rositabusto,13 days ago,"Happy viewing to all breathren from Local of Guosad, District of Benguet",https://www.youtube.com/watch?v=ROa3kbG5M0U&lc=Ugzi2Nlrv6eX0Mr-met4AaABAg,Ugzi2Nlrv6eX0Mr-met4AaABAg,UCz0vdkylCFLWrvVnBkEAz1Q,"Fetched 05/23/2026, 9:00:03 PM GMT+8"
34394,@jeremiahforteza2493,13 days ago,Happy viewing po mga kapatid.. pagbati mula sa Lokal ng Hillside Benguet,https://www.youtube.com/watch?v=ROa3kbG5M0U&lc=UgzSM5pfm0GYPY8saf94AaABAg,UgzSM5pfm0GYPY8saf94AaABAg,UClBVcxireTFGdDNnQ_i9dXA,"Fetched 05/23/2026, 9:00:03 PM GMT+8"
34395,@gracebackian9622,13 days ago,Watching from Local Congregation of Tomay Ecclesiastical District of Benguet,https://www.youtube.com/watch?v=ROa3kbG5M0U&lc=UgwzwnCK4wH3x5nCuIN4AaABAg,UgwzwnCK4wH3x5nCuIN4AaABAg,UC-7r9ZU9YbPnab3yohFBPzw,"Fetched 05/23/2026, 9:00:03 PM GMT+8"
34396,@shafftdeguzman962,13 days ago (edited),Shoutout po sa Matangkad na Pangulong Kadiwa ng Lokal ng Hillside Ka Jillian Samchao,https://www.youtube.com/watch?v=ROa3kbG5M0U&lc=UgxEntRO3kGVClaoGNN4AaABAg,UgxEntRO3kGVClaoGNN4AaABAg,UCCloNO6Hsgkd-e_gsv8oBcg,"Fetched 05/23/2026, 9:00:03 PM GMT+8"
34397,@Rein_Cloud21,13 days ago,"Happy Viewing pooo mula po sa Lokal ng Hillside, Distrito ng Benguet. Binabati po namin ang pinakapoging LSO ng aming Lokal, Kapatid na Edson Avejero",https://www.youtube.com/watch?v=ROa3kbG5M0U&lc=Ugy72b6WygPVvJS-NOd4AaABAg,Ugy72b6WygPVvJS-NOd4AaABAg,UC5rg4j7hTkuXyqZkZdntTXQ,"Fetched 05/23/2026, 9:00:03 PM GMT+8"
34398,@merylkatepascual4635,13 days ago,Pag bati po sa lahat ng kapatid. Happy viewing po mula sa lokal ng Hillside. ♥️,https://www.youtube.com/watch?v=ROa3kbG5M0U&lc=UgxFtOuIovA_GIgFuu94AaABAg,UgxFtOuIovA_GIgFuu94AaABAg,UCDZ4uF1fafAtNaS5iYhBomg,"Fetched 05/23/2026, 9:00:03 PM GMT+8"
34399,@kimberlyroseforteza6690,13 days ago,"Happy viewing po mga kapatid, mula po sa Lokal ng Hillside, Distrito ng Benguet ❤️☺️",https://www.youtube.com/watch?v=ROa3kbG5M0U&lc=Ugw4V1H9-Iz45Zk1CBp4AaABAg,Ugw4V1H9-Iz45Zk1CBp4AaABAg,UCUEC3rCfLlijXl518wy26lg,"Fetched 05/23/2026, 9:00:03 PM GMT+8"
34400,@mariviclubin2330,13 days ago,happy viewinh from.hillside benguet,https://www.youtube.com/watch?v=ROa3kbG5M0U&lc=UgxiuiaKBJFb4IUiFXt4AaABAg,UgxiuiaKBJFb4IUiFXt4AaABAg,UCfhgxl5DDMycJaVvH7Jd3jw,"Fetched 05/23/2026, 9:00:03 PM GMT+8"
34401,@jeffreyjapson251,13 days ago,"Happy viewing po da lahat ng mga kapatid sa buong mundo. Mula sa Lokal ng Hillside, Distrito ng Benguet!",https://www.youtube.com/watch?v=ROa3kbG5M0U&lc=Ugwn93zjZyZL6QspiKN4AaABAg,Ugwn93zjZyZL6QspiKN4AaABAg,UCPlic24Ajro9hQFdXxfJIgQ,"Fetched 05/23/2026, 9:00:03 PM GMT+8"
34402,@arlenesocnayan223,13 days ago,"From Hillside Locale with love, happy viewing po..❤❤❤",https://www.youtube.com/watch?v=ROa3kbG5M0U&lc=UgzpHutcJxsiTHOrXEd4AaABAg,UgzpHutcJxsiTHOrXEd4AaABAg,UC5fO8HMJdfQwqXQg7Bxm0Xg,"Fetched 05/23/2026, 9:00:03 PM GMT+8"
34403,@lanitorres8012,13 days ago,Happy viewing po.. mula s lokal ng hillside,https://www.youtube.com/watch?v=ROa3kbG5M0U&lc=UgyByWCgmStt6xiwJ9d4AaABAg,UgyByWCgmStt6xiwJ9d4AaABAg,UCTTzQ93WliUqRokBR_d4iQQ,"Fetched 05/23/2026, 9:00:03 PM GMT+8"
34404,@leonoragarcia2049,13 days ago,Happy viewing mula po sa lokal ng Tomay,https://www.youtube.com/watch?v=ROa3kbG5M0U&lc=Ugzmoh0FGyzXO_YV4ex4AaABAg,Ugzmoh0FGyzXO_YV4ex4AaABAg,UC-PjD6F2F8Hyef2CCpY9tgg,"Fetched 05/23/2026, 9:00:03 PM GMT+8"
34405,@XhandraSabado,13 days ago,Happy Viewing po mula po sa Lokal ng Tomay. ❤,https://www.youtube.com/watch?v=ROa3kbG5M0U&lc=Ugxw35PkFNj5IJE55v54AaABAg,Ugxw35PkFNj5IJE55v54AaABAg,UCpnVfCfcE1DJ3pT292DFDdA,"Fetched 05/23/2026, 9:00:03 PM GMT+8"
34406,@wilfredpaulino918,13 days ago,"Happy viewing po mula sa lokal ng Hillside,Distrito ng Benguet😇",https://www.youtube.com/watch?v=ROa3kbG5M0U&lc=UgydTzBLK8ZVHP9dltR4AaABAg,UgydTzBLK8ZVHP9dltR4AaABAg,UCSSli_6JObLOHAdGcvQlgsA,"Fetched 05/23/2026, 9:00:03 PM GMT+8"
34407,@kylieramos7366,13 days ago,"👋 watching po from Hillside, Benguet",https://www.youtube.com/watch?v=ROa3kbG5M0U&lc=UgzuFKuCc84zcHbGI9l4AaABAg,UgzuFKuCc84zcHbGI9l4AaABAg,UCqtXKG9VHeuNL2-vV3E6x7g,"Fetched 05/23/2026, 9:00:03 PM GMT+8"
34408,@Eranantiza,13 days ago,Hi lokal po ng hillside hello po❤❤❤,https://www.youtube.com/watch?v=ROa3kbG5M0U&lc=UgzMhM0kx0bRS9FMV154AaABAg,UgzMhM0kx0bRS9FMV154AaABAg,UCJKZDDP-QbMDjHqcR_Wc3nA,"Fetched 05/23/2026, 9:00:03 PM GMT+8"
34409,@imeldaebalobo4721,13 days ago,Binabati po namin m I la sa lokal ng Hillside Distrito ng Benguet ang. Lahat NG kapatid sa distrito NG benguet at mga may tungkulin.,https://www.youtube.com/watch?v=ROa3kbG5M0U&lc=UgyUSOEavCtCxZcr25N4AaABAg,UgyUSOEavCtCxZcr25N4AaABAg,UC8ZBxgbD6I9UKYMVxcKIt-w,"Fetched 05/23/2026, 9:00:03 PM GMT+8"
34410,@elma.deguzman2749,13 days ago (edited),"Greetings po mula sa lokal Ng Hillside, Happy viewing po",https://www.youtube.com/watch?v=ROa3kbG5M0U&lc=UgxnU9fFrbRjPNGflmx4AaABAg,UgxnU9fFrbRjPNGflmx4AaABAg,UC3uLYcTZbv9EbGbBy95fRRg,"Fetched 05/23/2026, 9:00:03 PM GMT+8"
34411,@johnwendell4206,13 days ago,Greetings po from Lokal ng Hillside Distrito ng Benguet 🥳💙💙,https://www.youtube.com/watch?v=ROa3kbG5M0U&lc=UgycQ2ExgvHwI5CZDB94AaABAg,UgycQ2ExgvHwI5CZDB94AaABAg,UCgF5njP1dcUDxqfVs9mcX6A,"Fetched 05/23/2026, 9:00:03 PM GMT+8"
34412,@miasy-RL,13 days ago,"Let’s Go Benguet!! 🇮🇹 / Happy Viewing po mula sa Lokal ng Hillside, Distrito ng Benguet🫶🏻",https://www.youtube.com/watch?v=ROa3kbG5M0U&lc=Ugy3GUGuEdUsf4A-5714AaABAg,Ugy3GUGuEdUsf4A-5714AaABAg,UCE4qpM5SGKSbx589elFLOkw,"Fetched 05/23/2026, 9:00:03 PM GMT+8"
34413,@stephaniearingo978,13 days ago,Pagbati po mula sa Lokal ng Tomay  Distrito ng Benguet... Happy watching mga Kapatid 💚,https://www.youtube.com/watch?v=ROa3kbG5M0U&lc=UgwWGODagkBAWslvhhB4AaABAg,UgwWGODagkBAWslvhhB4AaABAg,UCBPs4W_3yigGF-hKfZimPSw,"Fetched 05/23/2026, 9:00:03 PM GMT+8"
34414,@LeonidesSido,13 days ago (edited),"Happy viewing po sa lahat, mula po sa Lokal ng Hillside Distrito ng Benguet. Binabati ko po ang aming destinado Ka Jhon Alvin Capulong. Binabati rin po namin ang aming Tagapangasiwa ng Distrito Ka Ardy Mendoza",https://www.youtube.com/watch?v=ROa3kbG5M0U&lc=UgwGPSRyoONHi7An7UJ4AaABAg,UgwGPSRyoONHi7An7UJ4AaABAg,UCboTr9D0eo38S7pgk-D1D4Q,"Fetched 05/23/2026, 9:00:03 PM GMT+8"
34415,@kimchionboard,13 days ago,Greetings to every Brethren from Crystal Cave Extension 🎉❤❤❤,https://www.youtube.com/watch?v=ROa3kbG5M0U&lc=UgzofhPnFlor3aznmSZ4AaABAg,UgzofhPnFlor3aznmSZ4AaABAg,UCkuk4-3G2dHIYEerjNXbZxg,"Fetched 05/23/2026, 9:00:03 PM GMT+8"
34416,@cristinaemaguin-h3i,13 days ago,enjoy watching😊 from tomay locale,https://www.youtube.com/watch?v=ROa3kbG5M0U&lc=Ugy3rTarJnccD6lsDOV4AaABAg,Ugy3rTarJnccD6lsDOV4AaABAg,UCLa6dFJQPWV9NT_VJjY6JJA,"Fetched 05/23/2026, 9:00:03 PM GMT+8"
34417,@GelbertTan,13 days ago,Pagbati po sa lokal nang tomay ❤,https://www.youtube.com/watch?v=ROa3kbG5M0U&lc=UgxpF54qaYWbgZwq85l4AaABAg,UgxpF54qaYWbgZwq85l4AaABAg,UCwecHPL2UbWIgML8d0LWx8g,"Fetched 05/23/2026, 9:00:03 PM GMT+8"
34418,@angelamayramos4712,13 days ago,"Viewing po mula sa lokal Ng Megaroyale Village, Baguio City",https://www.youtube.com/watch?v=ROa3kbG5M0U&lc=UgypAVDd79zuPNdldR94AaABAg,UgypAVDd79zuPNdldR94AaABAg,UCCx8guWwM33n9MAoUPnAmBA,"Fetched 05/23/2026, 9:00:03 PM GMT+8"
34419,@jmfellon,13 days ago,Happy virwing po from Megaroyale Locale Distrito ng Benguet,https://www.youtube.com/watch?v=ROa3kbG5M0U&lc=Ugx5vHcX1cfRx1DP6C14AaABAg,Ugx5vHcX1cfRx1DP6C14AaABAg,UCZ8idIpZ3xFeZGtMIjgqtEQ,"Fetched 05/23/2026, 9:00:03 PM GMT+8"
34420,@hollyannsabado,13 days ago,happy viewing from lokal ng tomay.❤❤❤,https://www.youtube.com/watch?v=ROa3kbG5M0U&lc=UgxPeZx3UMqtjOedBiR4AaABAg,UgxPeZx3UMqtjOedBiR4AaABAg,UCP4CiHQHI5zdqv1zUzWgHOA,"Fetched 05/23/2026, 9:00:03 PM GMT+8"
34421,@kathleenjoyceforteza4317,13 days ago,"Happy viewing po, mula sa Lokal ng Hillside Distrito ng Benguet ❤️",https://www.youtube.com/watch?v=ROa3kbG5M0U&lc=UgwAhPNy4t4eIC7cJ_p4AaABAg,UgwAhPNy4t4eIC7cJ_p4AaABAg,UCooOf95z85K1ceIDGOr6Q5A,"Fetched 05/23/2026, 9:00:03 PM GMT+8"
34422,@emersonsrrivera8499,13 days ago,Happy Viewing mga kapatid greatings mula po sa lokal ng Megaroyale Village...,https://www.youtube.com/watch?v=ROa3kbG5M0U&lc=Ugw4EeIja32t4922pol4AaABAg,Ugw4EeIja32t4922pol4AaABAg,UCEwD1sGs1TBK_FclZJYDoEw,"Fetched 05/23/2026, 9:00:03 PM GMT+8"
34423,@shafftdeguzman962,13 days ago,Shout po sa Dancer ng Distrito mula po sa Lokal ng Hillside Ka Krisha Forteza❤❤,https://www.youtube.com/watch?v=ROa3kbG5M0U&lc=UgzjM7FEJ_u3T0xJqTN4AaABAg,UgzjM7FEJ_u3T0xJqTN4AaABAg,UCCloNO6Hsgkd-e_gsv8oBcg,"Fetched 05/23/2026, 9:00:03 PM GMT+8"
34424,@ericemaguin7874,13 days ago,"Happy viewing po mula sa MT's ng Finance, Lokal ng Tomay❤",https://www.youtube.com/watch?v=ROa3kbG5M0U&lc=UgzfeWY3vc9IxkbsbRx4AaABAg,UgzfeWY3vc9IxkbsbRx4AaABAg,UCvaMPAkqfWfZCe9UpDuz0Tg,"Fetched 05/23/2026, 9:00:03 PM GMT+8"
34425,@ehdwow318,13 days ago,"Happy watching po from lokal ng Megaroyale Village, Distrito ng Benguet",https://www.youtube.com/watch?v=ROa3kbG5M0U&lc=UgwHKO1KT1lgkyaLYI54AaABAg,UgwHKO1KT1lgkyaLYI54AaABAg,UCiwATwwRZ8TCez4FYmw9s0Q,"Fetched 05/23/2026, 9:00:03 PM GMT+8"
34426,@AdamSocnayan-w8j,13 days ago,Happy viewing po mga kapatid mula po sa lokal ng hillside distrito ng benguet more power po,https://www.youtube.com/watch?v=ROa3kbG5M0U&lc=UgwYgjvyywTOCZLs5HV4AaABAg,UgwYgjvyywTOCZLs5HV4AaABAg,UCObQ0gkLmwSDEjxkTaq3_FQ,"Fetched 05/23/2026, 9:00:03 PM GMT+8"
34427,@amynerona,13 days ago,"Happy viewing po mula po sa Lokal ng Hillside, Distrito ng Benguet 🇮🇹",https://www.youtube.com/watch?v=ROa3kbG5M0U&lc=Ugz0nRd_N8nTj33tWQB4AaABAg,Ugz0nRd_N8nTj33tWQB4AaABAg,UCLoEKKoP2cwE-0hPBHSSgtg,"Fetched 05/23/2026, 9:00:03 PM GMT+8"
34428,@VangieSegundo,13 days ago,Happy veiwing po mga kapatid!! Mula po sa local ng Tomay.,https://www.youtube.com/watch?v=ROa3kbG5M0U&lc=UgyV4ELGFowhAQ_TBcl4AaABAg,UgyV4ELGFowhAQ_TBcl4AaABAg,UC2bwAzUTORdF1YZbTSpVqbw,"Fetched 05/23/2026, 9:00:03 PM GMT+8"
34429,@WilberSaley,13 days ago (edited),Happy Viewing po mula po sa Lokal ng Buyagan -  Distrito ng Benguet 🫡🫡,https://www.youtube.com/watch?v=ROa3kbG5M0U&lc=UgwMoTFOjrpJV__AGw94AaABAg,UgwMoTFOjrpJV__AGw94AaABAg,UCs87DoiD3FDO6I6oSuL6NHQ,"Fetched 05/23/2026, 9:00:03 PM GMT+8"
34430,@beverlynbackian3904,13 days ago (edited),"God's love is bigger than the ocean and brighter than the stars❤ /  / Happy viewing po mula sa Lokal ng Tomay, Distrito ng Benguet",https://www.youtube.com/watch?v=ROa3kbG5M0U&lc=Ugwg1Z6R2uziGlsFhRZ4AaABAg,Ugwg1Z6R2uziGlsFhRZ4AaABAg,UCTXTtrs7jg9nPci0Q4h5q0g,"Fetched 05/23/2026, 9:00:03 PM GMT+8"
34431,@emersonsrrivera8499,13 days ago,HAPPY VIEWING PO /  / MULA SA LOKAL NG MEGAROYALE VILLAGE  / DISTRITO NG BENGUET❤,https://www.youtube.com/watch?v=ROa3kbG5M0U&lc=Ugw7Agb7AhWsbQFVkal4AaABAg,Ugw7Agb7AhWsbQFVkal4AaABAg,UCEwD1sGs1TBK_FclZJYDoEw,"Fetched 05/23/2026, 9:00:03 PM GMT+8"
34432,@kristonleefuchigami3643,13 days ago,Happy viewing mula po sa Lokal ng Quezon Hill Distrito ng Benguet.,https://www.youtube.com/watch?v=ROa3kbG5M0U&lc=UgzuVnM07C8KnN6uGah4AaABAg,UgzuVnM07C8KnN6uGah4AaABAg,UCOZ4eM5oab1qQPoV6luV52w,"Fetched 05/23/2026, 9:00:03 PM GMT+8"
34433,@Rein_Cloud21,13 days ago,"Happy Viewing pooo! Mula po sa Lokal ng Hillside, Distrito ng Benguet 🤍",https://www.youtube.com/watch?v=ROa3kbG5M0U&lc=UgxtTcU6M71Fr19LQhl4AaABAg,UgxtTcU6M71Fr19LQhl4AaABAg,UC5rg4j7hTkuXyqZkZdntTXQ,"Fetched 05/23/2026, 9:00:03 PM GMT+8"
34434,@ren2077z,13 days ago,"Pagbati po mula sa Lokal ng Irisan, Distrito ng Benguet.",https://www.youtube.com/watch?v=ROa3kbG5M0U&lc=UgzZsqZpUmrPDTkNK8l4AaABAg,UgzZsqZpUmrPDTkNK8l4AaABAg,UCZOiqGm7KSCDybRSy06ov4A,"Fetched 05/23/2026, 9:00:03 PM GMT+8"
34435,@shafftdeguzman962,13 days ago,Magandang hapon po mga Kapatid! Bumabati po mula sa Lokal ng Hillside Distrito ng Benguet,https://www.youtube.com/watch?v=ROa3kbG5M0U&lc=UgzlvtTBfVpJhaX84ZB4AaABAg,UgzlvtTBfVpJhaX84ZB4AaABAg,UCCloNO6Hsgkd-e_gsv8oBcg,"Fetched 05/23/2026, 9:00:03 PM GMT+8"
34436,@ElnarTorres,13 days ago,Viewing po mula po sa lokal ng hillside ...distrito po ng benguet,https://www.youtube.com/watch?v=ROa3kbG5M0U&lc=UgwhKu84StSwfESmxOR4AaABAg,UgwhKu84StSwfESmxOR4AaABAg,UCJeIXfUPv9RPK0HM-mk2y_A,"Fetched 05/23/2026, 9:00:03 PM GMT+8"
34437,@jilliansamchao,13 days ago,Happy Viewing po sa mga KADIWA ng Lokal ng Hillside,https://www.youtube.com/watch?v=ROa3kbG5M0U&lc=Ugy5jmHuuQDdtJKVLrV4AaABAg,Ugy5jmHuuQDdtJKVLrV4AaABAg,UCRnvVcjVsXveWDHJS-10OWg,"Fetched 05/23/2026, 9:00:03 PM GMT+8"
34438,@aizelfuchigami842,13 days ago,Happy viewing mula po sa Lokal ng Quezon Hill Distrito ng Benguet. 🇮🇹❤️🎼🎵🎶,https://www.youtube.com/watch?v=ROa3kbG5M0U&lc=Ugyr6iH_XpBAMTOnfPd4AaABAg,Ugyr6iH_XpBAMTOnfPd4AaABAg,UCAxDQnCZxAvsB6YgYjSR1nQ,"Fetched 05/23/2026, 9:00:03 PM GMT+8"
34439,@jilliansamchao,13 days ago,"Magandang Hapon po sa mga KADIWA ng Distrito ng BENGUET, mula po sa Lokal ng HILLSIDE",https://www.youtube.com/watch?v=ROa3kbG5M0U&lc=UgxqtHwNkZDblyzrNyJ4AaABAg,UgxqtHwNkZDblyzrNyJ4AaABAg,UCRnvVcjVsXveWDHJS-10OWg,"Fetched 05/23/2026, 9:00:03 PM GMT+8"
34440,@shafftdeguzman962,13 days ago,"Happy viewing po mga kapatid!  Mula sa Lokal ng Hiilside, Distrito ng Benguet❤",https://www.youtube.com/watch?v=ROa3kbG5M0U&lc=UgxkWz59_Kdxpuz2lKZ4AaABAg,UgxkWz59_Kdxpuz2lKZ4AaABAg,UCCloNO6Hsgkd-e_gsv8oBcg,"Fetched 05/23/2026, 9:00:03 PM GMT+8"
34441,@Wilbertpaulino-nb8fm,13 days ago,Happy viewing po mula po sa lokal ng Hillside Distrito ng Benguet ❤,https://www.youtube.com/watch?v=ROa3kbG5M0U&lc=UgxO3H13y3T_D0ptfHZ4AaABAg,UgxO3H13y3T_D0ptfHZ4AaABAg,UCWBtQHrKMlD_eK3wi-wWTlQ,"Fetched 05/23/2026, 9:00:03 PM GMT+8"
34442,@jilliansamchao,13 days ago,"Magandang Hapon po mga Kapatid, mula po sa Lokal ng Hillside",https://www.youtube.com/watch?v=ROa3kbG5M0U&lc=UgxmS-ya0xxpmiwe4at4AaABAg,UgxmS-ya0xxpmiwe4at4AaABAg,UCRnvVcjVsXveWDHJS-10OWg,"Fetched 05/23/2026, 9:00:03 PM GMT+8"
34443,@rejomartayaban,13 days ago,"Happy viewing poo sa ating lahat, Greetings mula po sa lokal ng La Trinidad distrito ng Benguet",https://www.youtube.com/watch?v=ROa3kbG5M0U&lc=UgykVVZDo29BSNZ_pnJ4AaABAg,UgykVVZDo29BSNZ_pnJ4AaABAg,UCi7RYRPFL6HTFaScpYFJMJQ,"Fetched 05/23/2026, 9:00:03 PM GMT+8"
34444,@johnreylucio8970,13 days ago,"Greetings po mula sa kapisanang KADIWA, Dito po sa Lokal ng La Trinidad❤ Keep Supporting po",https://www.youtube.com/watch?v=ROa3kbG5M0U&lc=Ugw4BSAGwDAl8GVebVN4AaABAg,Ugw4BSAGwDAl8GVebVN4AaABAg,UCNMupRD4ySrN336KZpy29OA,"Fetched 05/23/2026, 9:00:03 PM GMT+8"
34445,@chichialvarezn,13 days ago,"Happy watching po mga kabagis! , from locale of Aurora Hill, District of Benguet. Binabati rin po namin ang aming poging Destinado na si Kapatid na Redentor Tiamson Jr.",https://www.youtube.com/watch?v=ROa3kbG5M0U&lc=Ugz4I0x2vBOaQhx4DOp4AaABAg,Ugz4I0x2vBOaQhx4DOp4AaABAg,UCCqRQErQw1h8719fX878FDA,"Fetched 05/23/2026, 9:00:03 PM GMT+8"
34446,@chichialvarezn,13 days ago,"Happy watching po mga kabagis, from locale of Aurora Hill, District of Benguet. Binabati rin po namin ang aming poging Destinado na si Kapatid na Redentor Tiamson Jr.❤",https://www.youtube.com/watch?v=ROa3kbG5M0U&lc=UgyCNYLh9FFnTSUkAXx4AaABAg,UgyCNYLh9FFnTSUkAXx4AaABAg,UCCqRQErQw1h8719fX878FDA,"Fetched 05/23/2026, 9:00:03 PM GMT+8"
34447,@sadonii1876,13 days ago,Happy viewing po! From lokal ng aurora hill,https://www.youtube.com/watch?v=ROa3kbG5M0U&lc=UgyLK9cEZWcB3z6SXdx4AaABAg,UgyLK9cEZWcB3z6SXdx4AaABAg,UCJ3VBopdslKOulr2ox3I-YQ,"Fetched 05/23/2026, 9:00:03 PM GMT+8"
34448,@KristineBeaArenas,13 days ago,"Pagbati po mula sa lokal ng Aurora Hill, Distrito ng Benguet 💗💗",https://www.youtube.com/watch?v=ROa3kbG5M0U&lc=UgythRvIWk4_D4reebR4AaABAg,UgythRvIWk4_D4reebR4AaABAg,UCs3H_9liw6Ou9wWUdG-o9hQ,"Fetched 05/23/2026, 9:00:03 PM GMT+8"
34449,@strawberrytaho16,13 days ago,"Pagabati po mula sa lokal ng Aurora Hill, Distrito ng Benguet  🥰🥰 Hello po mga kabagis! ❤️❤️",https://www.youtube.com/watch?v=ROa3kbG5M0U&lc=UgxDqT0Hl_PRrWYvmkF4AaABAg,UgxDqT0Hl_PRrWYvmkF4AaABAg,UCKrJxTQVZLmSHU1AmjE2khw,"Fetched 05/23/2026, 9:00:03 PM GMT+8"
34450,@henrycaranto2644,13 days ago,Kamusta po kayo mga kapatid☺️❤️ / Happy Watching po 🎉🎉 /  / Pagbati po mula sa Lokal ng Baguio City at mga Kadiwa Officers 🎉❤,https://www.youtube.com/watch?v=ROa3kbG5M0U&lc=UgxTzwgcMfn5rEgI0X54AaABAg,UgxTzwgcMfn5rEgI0X54AaABAg,UCFilTOy22FklSkBIgwVPVaQ,"Fetched 05/23/2026, 9:00:03 PM GMT+8"
34451,@evangelinequirimit1804,13 days ago,"Happy viewing po mula Quezon hill, benguet",https://www.youtube.com/watch?v=ROa3kbG5M0U&lc=Ugz_AiK2XD2AMnyhR2h4AaABAg,Ugz_AiK2XD2AMnyhR2h4AaABAg,UC1J79Wn2XfjpKeCbtL-ekbw,"Fetched 05/23/2026, 9:00:03 PM GMT+8"
34452,@FranceHayes-l9u,13 days ago,"Happy viewing po.❤❤Mula po sa Lokal ng Posos, Distrito ng Benguet😊😊😊😊😊",https://www.youtube.com/watch?v=ROa3kbG5M0U&lc=UgwF0UPIOXWa_EXPIkt4AaABAg,UgwF0UPIOXWa_EXPIkt4AaABAg,UCcRr3qmmoSYQOO5FKDlXRRQ,"Fetched 05/23/2026, 9:00:03 PM GMT+8"
34453,@arnoldcaldito8298,13 days ago,Happy watching po from lokal ng  la trinidad  distrito ng benguet,https://www.youtube.com/watch?v=ROa3kbG5M0U&lc=UgxeDuOuTOdOpOsfsxZ4AaABAg,UgxeDuOuTOdOpOsfsxZ4AaABAg,UC4omxmklnKQfv_VSv32zGdw,"Fetched 05/23/2026, 9:00:03 PM GMT+8"
34454,@clarkpiloneo6778,13 days ago,HAPPPYYY VIEWINGGG POOO! Mulaa po sa Lokal Ng La Trinidad🫶🫶🫶,https://www.youtube.com/watch?v=ROa3kbG5M0U&lc=UgyMZT7fx7MJkKcc2w94AaABAg,UgyMZT7fx7MJkKcc2w94AaABAg,UC-rMw-abFKutSmzfhWFDgJw,"Fetched 05/23/2026, 9:00:03 PM GMT+8"
34455,@jonieyonga-an5239,13 days ago,Good afternoon parin mga kapatidd🎉 / Let's continue watching🎉 /  / Greetings from the Local Congregation of Norcar Ecclesiastical District of Benguet 🎉 /  / Pagbati dn Po sa mga Maytungkulin sa Kadiwa na patuloy na nkasubaybay🎉,https://www.youtube.com/watch?v=ROa3kbG5M0U&lc=UgzgRlbcP4gHiC9_e9t4AaABAg,UgzgRlbcP4gHiC9_e9t4AaABAg,UCgUo3JP_Fffuctza4bUumJg,"Fetched 05/23/2026, 9:00:03 PM GMT+8"
34456,@rjhayvaldez,13 days ago,Happy Viewing po mula sa Lokal ng Gibraltar ❤❤❤,https://www.youtube.com/watch?v=ROa3kbG5M0U&lc=UgxhySyynlpK1XgDCqZ4AaABAg,UgxhySyynlpK1XgDCqZ4AaABAg,UC4MepxpRf7PEvAD3HR8UYwA,"Fetched 05/23/2026, 9:00:03 PM GMT+8"
34457,@juvelynolego7285,13 days ago,Pagbati po mula sa lokal ng Norcar,https://www.youtube.com/watch?v=ROa3kbG5M0U&lc=Ugyvv1PwlO-TAeKtl694AaABAg,Ugyvv1PwlO-TAeKtl694AaABAg,UC3QWuTkj9eZDTb7WBeYuNfw,"Fetched 05/23/2026, 9:00:03 PM GMT+8"
34458,@gelo4828,13 days ago,Happy Viewing po mga kapatidd❤❤❤❤❤,https://www.youtube.com/watch?v=ROa3kbG5M0U&lc=Ugxl2jwXgJpDYuVJsrl4AaABAg,Ugxl2jwXgJpDYuVJsrl4AaABAg,UCydnW0LoOckk7rQFQbEbI_g,"Fetched 05/23/2026, 9:00:03 PM GMT+8"
34459,@meryllsagampod7982,13 days ago,Happy viewing po. Patuloy pong sumusubaybay.  /  / Lokal po ng Kias.,https://www.youtube.com/watch?v=ROa3kbG5M0U&lc=UgzKBxXFiF4kgaDoxAt4AaABAg,UgzKBxXFiF4kgaDoxAt4AaABAg,UCVkLACK3Y8LbTZhVrCb88CA,"Fetched 05/23/2026, 9:00:03 PM GMT+8"
34460,@CasseySGonzales,13 days ago,"Happy Viewing po mga kapatid!🐑 / From Kapisanang BINHI ng lokal ng La Trinidad, Distrito ng Benguet🍓⛰️ /  / Very inspirational po👏👏👏",https://www.youtube.com/watch?v=ROa3kbG5M0U&lc=UgxGR0eMmfSHKWiWftF4AaABAg,UgxGR0eMmfSHKWiWftF4AaABAg,UCZ_1zJtZfWs6L_NdfNJCvtQ,"Fetched 05/23/2026, 9:00:03 PM GMT+8"
34461,@PaulMilan_trailburner,13 days ago,Pagbati po / mula sa lokal ng La Trinidad,https://www.youtube.com/watch?v=ROa3kbG5M0U&lc=UgxEvsTd2u1Ch8roDo14AaABAg,UgxEvsTd2u1Ch8roDo14AaABAg,UCh2N4YmqxnOKRy7_CG-kW-A,"Fetched 05/23/2026, 9:00:03 PM GMT+8"
34462,@MagieFavila,13 days ago,Happy viewing po sa lahat ng mga kapatid sa distrito ng benguet. Mula po sa lokal ng posos🎉🎉,https://www.youtube.com/watch?v=ROa3kbG5M0U&lc=UgywsFPRpVH7ywUjQIh4AaABAg,UgywsFPRpVH7ywUjQIh4AaABAg,UCPxgWF_X8vdxjB9cYpQ6Lew,"Fetched 05/23/2026, 9:00:03 PM GMT+8"
34463,@valdezjoyantonettep.434,13 days ago,Happy viewing po from lokal ng la Trinidad ❤,https://www.youtube.com/watch?v=ROa3kbG5M0U&lc=UgwhlhFvNVeIedNcsKJ4AaABAg,UgwhlhFvNVeIedNcsKJ4AaABAg,UCDDz7pvk3dfpxLt4H1zUmIA,"Fetched 05/23/2026, 9:00:03 PM GMT+8"
34464,@kristine7303,13 days ago,Continuous support po mula sa Lokal ng Marcos Highway at KADIWA District Officer ng Benguet❤🎉,https://www.youtube.com/watch?v=ROa3kbG5M0U&lc=UgyHtfcCH3fJDSva57J4AaABAg,UgyHtfcCH3fJDSva57J4AaABAg,UCJnlqat5vcPuV6GiDugaBnA,"Fetched 05/23/2026, 9:00:03 PM GMT+8"
34465,@dindofavila7833,13 days ago,Hello sa mga kapatis sa cagayan south,https://www.youtube.com/watch?v=ROa3kbG5M0U&lc=UgxuwIoIK9l46CE3ejd4AaABAg,UgxuwIoIK9l46CE3ejd4AaABAg,UCGLQ_x6NrwmKL5xcB9ABYjQ,"Fetched 05/23/2026, 9:00:03 PM GMT+8"
34466,@MinervaDayaon,13 days ago,"Happy viewing from  / Lokal ng Loakan Airport,Distrito ng Benguet😊",https://www.youtube.com/watch?v=ROa3kbG5M0U&lc=UgzSNFlpIjDhX_K-lC94AaABAg,UgzSNFlpIjDhX_K-lC94AaABAg,UCylBRepKKgwDlDOzcXz0vaw,"Fetched 05/23/2026, 9:00:03 PM GMT+8"
34467,@MyrnaTabones-o9t,13 days ago,happy viewing po.mula po sa lokal ng La trinidad❤❤,https://www.youtube.com/watch?v=ROa3kbG5M0U&lc=UgzJlhncYpIKAVj0FUJ4AaABAg,UgzJlhncYpIKAVj0FUJ4AaABAg,UCmdzZPXn2UQ1RbFqa7YmDjA,"Fetched 05/23/2026, 9:00:03 PM GMT+8"
34468,@valdezjoyantonettep.434,13 days ago,Go Benguet mula po sa lokal ng la Trinidad ❤,https://www.youtube.com/watch?v=ROa3kbG5M0U&lc=UgwwOFT9MseFhtlZnpJ4AaABAg,UgwwOFT9MseFhtlZnpJ4AaABAg,UCDDz7pvk3dfpxLt4H1zUmIA,"Fetched 05/23/2026, 9:00:03 PM GMT+8"
34469,@aileensygonzales698,13 days ago,Happy viewing po mga Kapatid..pagbati po mula sa lokal ng La Trinidad Distrito ng Benguet ❤️,https://www.youtube.com/watch?v=ROa3kbG5M0U&lc=UgwH5xm9_dC3uoCpU_J4AaABAg,UgwH5xm9_dC3uoCpU_J4AaABAg,UCFnUHQGDSZBZoSWfCcbp7ZA,"Fetched 05/23/2026, 9:00:03 PM GMT+8"
34470,@winkdelarosa2397,13 days ago,LET'S GO BENGUET!,https://www.youtube.com/watch?v=ROa3kbG5M0U&lc=Ugwg5tL1borkbb-68sJ4AaABAg,Ugwg5tL1borkbb-68sJ4AaABAg,UCcSUir_e5wTvoTFR6eQepyQ,"Fetched 05/23/2026, 9:00:03 PM GMT+8"
34471,@Gibsonjc-174,13 days ago,Happy viewing po. Mula po sa lokal ng LA Trinidad Benguet,https://www.youtube.com/watch?v=ROa3kbG5M0U&lc=UgxopfiKxLBHFeI2d0V4AaABAg,UgxopfiKxLBHFeI2d0V4AaABAg,UC-H53iUPOrfAE_d2clRc3sg,"Fetched 05/23/2026, 9:00:03 PM GMT+8"
34472,@Kris-t2c3w,13 days ago,"Happy viewing po sa ating lahat, pagbati po mula sa Lokal ng La Trinidad",https://www.youtube.com/watch?v=ROa3kbG5M0U&lc=Ugyc4azem2V64ykh3BJ4AaABAg,Ugyc4azem2V64ykh3BJ4AaABAg,UC2lYdlqDj3_tl0-uR11174A,"Fetched 05/23/2026, 9:00:03 PM GMT+8"
34473,@JenniferValdez-c5d,13 days ago,Happy viewing po pagbati po mula sa lokal ng la trinidad ❤,https://www.youtube.com/watch?v=ROa3kbG5M0U&lc=UgwbE8MtEBps6FLRcoJ4AaABAg,UgwbE8MtEBps6FLRcoJ4AaABAg,UCiN6DGY8eQ2sfl_8iyFTlZg,"Fetched 05/23/2026, 9:00:03 PM GMT+8"
34474,@rejomartayaban,13 days ago,Bumabati po ang mga Kadiwa mula sa Lokal ng La Trinidad Distrito ng Benguet.. Happy happy viewing po😁😁,https://www.youtube.com/watch?v=ROa3kbG5M0U&lc=UgyyLmH3n6JA7OihCpd4AaABAg,UgyyLmH3n6JA7OihCpd4AaABAg,UCi7RYRPFL6HTFaScpYFJMJQ,"Fetched 05/23/2026, 9:00:03 PM GMT+8"
34475,@Julskie28,13 days ago,Re viewing! /  / Let's go benguet 🎉 /  / From KADIWA,https://www.youtube.com/watch?v=ROa3kbG5M0U&lc=UgxkZBXpW6JvCf3H2tV4AaABAg,UgxkZBXpW6JvCf3H2tV4AaABAg,UC1nz0UiWHV8lyoQdZtJejeg,"Fetched 05/23/2026, 9:00:03 PM GMT+8"
34476,@BrandoCollado,13 days ago,Watching from Baguio City po,https://www.youtube.com/watch?v=ROa3kbG5M0U&lc=UgwyH73M_qHe6fn3Fa94AaABAg,UgwyH73M_qHe6fn3Fa94AaABAg,UCznJNvjWgU4yJiilEem9PXw,"Fetched 05/23/2026, 9:00:03 PM GMT+8"
34477,@PELITANJennyClaireT,13 days ago,"HAPPY VIEWINGG PO. MULA PO SA LOKAL NG LA TRINIDAD, BENGUET.",https://www.youtube.com/watch?v=ROa3kbG5M0U&lc=Ugx0RfrXXOOYHhBUgEp4AaABAg,Ugx0RfrXXOOYHhBUgEp4AaABAg,UCsVZgGkRnNqeIIOLxHiFR7A,"Fetched 05/23/2026, 9:00:03 PM GMT+8"
34478,@gwynethcayabyab5981,13 days ago,Keep on watching po mgakapatid! / Mula sa mga kadiwa🎉,https://www.youtube.com/watch?v=ROa3kbG5M0U&lc=UgxQO7A8VS-v8vvIR5l4AaABAg,UgxQO7A8VS-v8vvIR5l4AaABAg,UCouodNvhL1bfJC2Fz0B_Rcw,"Fetched 05/23/2026, 9:00:03 PM GMT+8"
34479,@EvelynAsuncion-o2n,13 days ago,Happy viewing po from lokal ng La Trinidad,https://www.youtube.com/watch?v=ROa3kbG5M0U&lc=UgwlyCoFB1ip1Pfz3sZ4AaABAg,UgwlyCoFB1ip1Pfz3sZ4AaABAg,UChXuuuWeR3M-EB5CrACz3sA,"Fetched 05/23/2026, 9:00:03 PM GMT+8"
34480,@Lily00w4,13 days ago,Happy viewing po! From lokal ng La Trinidad po ❤,https://www.youtube.com/watch?v=ROa3kbG5M0U&lc=UgwlG4-DTpmLRraPDKJ4AaABAg,UgwlG4-DTpmLRraPDKJ4AaABAg,UCHl8Pldv8Fblg_vCsH_o5Vg,"Fetched 05/23/2026, 9:00:03 PM GMT+8"
34481,@Lily00w4,13 days ago,Happy viewing po! From lokal ng La Trinidad po ❤,https://www.youtube.com/watch?v=ROa3kbG5M0U&lc=Ugwst2NhynYg5RfzK1R4AaABAg,Ugwst2NhynYg5RfzK1R4AaABAg,UCHl8Pldv8Fblg_vCsH_o5Vg,"Fetched 05/23/2026, 9:00:03 PM GMT+8"
34482,@Lily00w4,13 days ago,Happy viewing po! From lokal ng La Trinidad ❤,https://www.youtube.com/watch?v=ROa3kbG5M0U&lc=Ugzq72nYcMBi5yf72IZ4AaABAg,Ugzq72nYcMBi5yf72IZ4AaABAg,UCHl8Pldv8Fblg_vCsH_o5Vg,"Fetched 05/23/2026, 9:00:03 PM GMT+8"
34483,@karlamaeleongson9864,13 days ago,Happy viewing from lokal ng la Trinidad,https://www.youtube.com/watch?v=ROa3kbG5M0U&lc=Ugwd1RzH3aD3wyHbzih4AaABAg,Ugwd1RzH3aD3wyHbzih4AaABAg,UCNHkoYqgQUbLAW8cTM2pWCg,"Fetched 05/23/2026, 9:00:03 PM GMT+8"
34484,@almazanrhyndylyn,13 days ago,Muli pong pagbati at pagsuporta sa ating entry ng Distrito. /  / Solido at patuloy po ang pagsuporta ng mga nasa Kadiwa.  /  / ❤ Lokal ng Norcar Distrito ng Benguet ❤,https://www.youtube.com/watch?v=ROa3kbG5M0U&lc=UgyyMHAxtrJJ1WDeF2p4AaABAg,UgyyMHAxtrJJ1WDeF2p4AaABAg,UCEoQCNgytnJxjJnAQLSzFeA,"Fetched 05/23/2026, 9:00:03 PM GMT+8"
34485,@Rochellebalingao,13 days ago,Happy Watching po from Kalihiman ng Loakan Airport🎉🎉🎉,https://www.youtube.com/watch?v=ROa3kbG5M0U&lc=Ugw04Pqfb9m7ptOGvOd4AaABAg,Ugw04Pqfb9m7ptOGvOd4AaABAg,UCn2RLDeoruL1TzAnGu5V1og,"Fetched 05/23/2026, 9:00:03 PM GMT+8"
34486,@DainaEstrada,13 days ago,Happy Viewing po.. from Lokal ng Loakan Airport Distrito Ng Benguet😊,https://www.youtube.com/watch?v=ROa3kbG5M0U&lc=UgwE1avcY_Air8dNXsd4AaABAg,UgwE1avcY_Air8dNXsd4AaABAg,UChS1_1G4M3dw-kLlk0QaHzQ,"Fetched 05/23/2026, 9:00:03 PM GMT+8"
34487,@elenabustos-z8z,13 days ago,Hello po mga kapatid mula sa lokal ng Quezon Hill Benguet,https://www.youtube.com/watch?v=ROa3kbG5M0U&lc=UgwXLEOS1usWFuI5e914AaABAg,UgwXLEOS1usWFuI5e914AaABAg,UC6cMOj_hSOZ7mrX0dYdHplQ,"Fetched 05/23/2026, 9:00:03 PM GMT+8"
34488,@gwynethcayabyab5981,13 days ago,God’s love is bigger than the ocean and brighter than the stars! /  / Mula po sa lokal ng Megaroyale at kadiwa district officers,https://www.youtube.com/watch?v=ROa3kbG5M0U&lc=UgzfEZs2mv9OjMpNLDR4AaABAg,UgzfEZs2mv9OjMpNLDR4AaABAg,UCouodNvhL1bfJC2Fz0B_Rcw,"Fetched 05/23/2026, 9:00:03 PM GMT+8"
34489,@KaJaz-r3n,13 days ago,Happy Viewing Po mula sa lokal ng Gibraltar. Binabati ko din Po lahat ng kasama kong kadiwang sumusubaybay at patuloy na sumusuporta!❤ Let's Go Benguet,https://www.youtube.com/watch?v=ROa3kbG5M0U&lc=Ugy7rOUUcv6YqmV5oCl4AaABAg,Ugy7rOUUcv6YqmV5oCl4AaABAg,UC4BTg4L19kJ77hFPPBce71g,"Fetched 05/23/2026, 9:00:03 PM GMT+8"
34490,@almazanrhyndylyn,13 days ago,Good afternoon po. /  / Another hour has passed po but still here listening.  /  / Greetings to all sisters and brethren especially to the KADIWA District Officers. /  / --Local Congregation of Norcar District of Benguet,https://www.youtube.com/watch?v=ROa3kbG5M0U&lc=Ugwf-K4d2hmHXqYd0514AaABAg,Ugwf-K4d2hmHXqYd0514AaABAg,UCEoQCNgytnJxjJnAQLSzFeA,"Fetched 05/23/2026, 9:00:03 PM GMT+8"
34491,@axeliee-m5u,13 days ago,happy viewing po mula sa lokal ng La Trinidad Distrito ng Benguet 🍀☁️🍓,https://www.youtube.com/watch?v=ROa3kbG5M0U&lc=Ugz2ClJn7yuawhUcdn54AaABAg,Ugz2ClJn7yuawhUcdn54AaABAg,UCxjmGS0yLlCMs4Fe-AqbHFw,"Fetched 05/23/2026, 9:00:03 PM GMT+8"
34492,@PrincedeMesa-m7l,13 days ago,"Happy viewing po sa lahat from lokal ng La Trinidad, distrito ng benguet",https://www.youtube.com/watch?v=ROa3kbG5M0U&lc=Ugzg_8V0LYhAmJqQ1wR4AaABAg,Ugzg_8V0LYhAmJqQ1wR4AaABAg,UCsSkODfVZQzVunDvyG6XSlg,"Fetched 05/23/2026, 9:00:03 PM GMT+8"
34493,@alexissumilep-akitan,13 days ago,"Pagbati po mula sa lokal at Registry Clerks  ng Quezon Hill, Distrito ng Benguet",https://www.youtube.com/watch?v=ROa3kbG5M0U&lc=UgwhT1KgigrdTqAcJRJ4AaABAg,UgwhT1KgigrdTqAcJRJ4AaABAg,UCjLw8KfZA1ZX3DYq3aCogsQ,"Fetched 05/23/2026, 9:00:03 PM GMT+8"
34494,@kristine7303,13 days ago,"Tuloy tuloy pa rin ang suporta ng KADIWA district officer! /  / Greetings po mula sa Lokal ng Marcos Highway, distrito po ng Benguet! 🎉❤",https://www.youtube.com/watch?v=ROa3kbG5M0U&lc=Ugyl1MdnUdSYAYERMOR4AaABAg,Ugyl1MdnUdSYAYERMOR4AaABAg,UCJnlqat5vcPuV6GiDugaBnA,"Fetched 05/23/2026, 9:00:03 PM GMT+8"
34495,@henrycaranto2644,13 days ago,Solid Support From KADIWA BENGUET 🎉🎉 /  / Let’s Go Benguet 🎉 / ❤ /  / From Lokal ng Baguio City,https://www.youtube.com/watch?v=ROa3kbG5M0U&lc=UgxgQmhqKJi125XoEex4AaABAg,UgxgQmhqKJi125XoEex4AaABAg,UCFilTOy22FklSkBIgwVPVaQ,"Fetched 05/23/2026, 9:00:03 PM GMT+8"
34496,@jonieyonga-an5239,13 days ago,Rewatching Po from lokal Ng Norcar Distrito Ng Benguet 🎉 /  / Greetings to all Kadiwa Officers out there!!🎉,https://www.youtube.com/watch?v=ROa3kbG5M0U&lc=UgzAItR3WpN7Npa_9iR4AaABAg,UgzAItR3WpN7Npa_9iR4AaABAg,UCgUo3JP_Fffuctza4bUumJg,"Fetched 05/23/2026, 9:00:03 PM GMT+8"
34497,@Its_Handsome_Kurtzky5442,13 days ago,"Happy Viewing po mga minamahal na Kapatid!  /  / Mula po sa Lokal ng Tuba, Distrito ng Benguet, kami po ay taos-pusong bumabati sa lahat ng mga KDO at PNK sa ating distrito. /  / Nawa’y maging masaya, makabuluhan, at kapupulutan ng inspirasyon ang ating panonood ngayon. Sama-sama po nating suportahan at pahalagahan ang bawat gawain para sa ikalulugod ng ating Panginoong Diyos. /  /  Pagbati ng pagmamahal at pagkakaisa mula sa Lokal ng Tuba! 💚",https://www.youtube.com/watch?v=ROa3kbG5M0U&lc=Ugy_InoAh7CoCxDUoCF4AaABAg,Ugy_InoAh7CoCxDUoCF4AaABAg,UC8-5OKyruhxurhAkxdT5SlQ,"Fetched 05/23/2026, 9:00:03 PM GMT+8"
34498,@drewbatinay1449,13 days ago,"Magandang Hapon po! Happy viewing mula sa kapisanan ng Kadiwa; Lokal ng La Trinidad, Distrito ng Benguet!❤",https://www.youtube.com/watch?v=ROa3kbG5M0U&lc=Ugyc26aANNlmo1RjPOx4AaABAg,Ugyc26aANNlmo1RjPOx4AaABAg,UCQgz35ptm_7_RPT-Pc80itg,"Fetched 05/23/2026, 9:00:03 PM GMT+8"
34499,@rejomartayaban,13 days ago (edited),"Hello po mga kapatid magandang hapon sa ating lahat, happy viewing po mula sa mga Kadiwa ng Lokal ng La Trinidad",https://www.youtube.com/watch?v=ROa3kbG5M0U&lc=UgzczqiRH-cTFVcFFbx4AaABAg,UgzczqiRH-cTFVcFFbx4AaABAg,UCi7RYRPFL6HTFaScpYFJMJQ,"Fetched 05/23/2026, 9:00:03 PM GMT+8"
34500,@jhonejushdelacruz6710,13 days ago,GO BENGUET!!!!!!! /  / Mula po sa lokal ng La Trinidad,https://www.youtube.com/watch?v=ROa3kbG5M0U&lc=UgxJF7QplFKHKQ9GPad4AaABAg,UgxJF7QplFKHKQ9GPad4AaABAg,UCDTfJS_e7_UVpYsFdtAWzVw,"Fetched 05/23/2026, 9:00:03 PM GMT+8"
34501,@tayabanrt,13 days ago,"Let's go BENGUET🎉, sumusuporta po ang mga Maytungkulin ng PNK sa Lokal ng LA TRINIDAD ❤❤❤",https://www.youtube.com/watch?v=ROa3kbG5M0U&lc=UgzUUchWNrqBA5tUPpp4AaABAg,UgzUUchWNrqBA5tUPpp4AaABAg,UCCpOKu7HxJqnWctZ5fG9DZg,"Fetched 05/23/2026, 9:00:03 PM GMT+8"
34502,@winkdelarosa2397,13 days ago,"Happy viewing po mga kapatid, hello din po sa lahat ng mga Kadiwa sa buong mundo. Pagbati po mula sa Lokal ng La Trinidad, distrito ng Benguet! /  / LET'S GO BENGUET!🎉🍓",https://www.youtube.com/watch?v=ROa3kbG5M0U&lc=UgxZeArhYwMztIMIeUF4AaABAg,UgxZeArhYwMztIMIeUF4AaABAg,UCcSUir_e5wTvoTFR6eQepyQ,"Fetched 05/23/2026, 9:00:03 PM GMT+8"
34503,@gelo4828,13 days ago,"Greetings po from local congregational of san luis, ecclesiastical district of benguettt🎉🎉❤❤❤🎉🎉🎉🎉🎉❤❤❤❤🎉🎉",https://www.youtube.com/watch?v=ROa3kbG5M0U&lc=UgxDKmuDiJW8GI3ovmR4AaABAg,UgxDKmuDiJW8GI3ovmR4AaABAg,UCydnW0LoOckk7rQFQbEbI_g,"Fetched 05/23/2026, 9:00:03 PM GMT+8"
34504,@jhonejushdelacruz6710,13 days ago,"Magandang hapon po mga kapatid, happy viewing po mula sa Lokal ng La Trinidad!!!!",https://www.youtube.com/watch?v=ROa3kbG5M0U&lc=Ugylj-M3pfMzjM_ckbF4AaABAg,Ugylj-M3pfMzjM_ckbF4AaABAg,UCDTfJS_e7_UVpYsFdtAWzVw,"Fetched 05/23/2026, 9:00:03 PM GMT+8"
34505,@AltheaEstephanieJaballa,13 days ago,Happy viewing po mula sa kapisanang kadiwa lokal ng La Trinidad ❤,https://www.youtube.com/watch?v=ROa3kbG5M0U&lc=Ugy26SPERxMM_wLouM14AaABAg,Ugy26SPERxMM_wLouM14AaABAg,UCIr2XT0yhBj05SQv0YCD_vQ,"Fetched 05/23/2026, 9:00:03 PM GMT+8"
34506,@dianarosedejesus2783,13 days ago,Greetings from la tri ❤,https://www.youtube.com/watch?v=ROa3kbG5M0U&lc=UgzCx1m0y7Tir4-7i5d4AaABAg,UgzCx1m0y7Tir4-7i5d4AaABAg,UCjc_gaLO7YZrg_UEBl6267w,"Fetched 05/23/2026, 9:00:03 PM GMT+8"
34507,@luibustamante9493,13 days ago,Let's Go Benguet🍓🍓 / Let's Go Kadiwa District Officers💪💪🤗 /  / Another round ng panonood at patuloy na pagsuporta /  / -Lokal ng Tuba,https://www.youtube.com/watch?v=ROa3kbG5M0U&lc=UgwyTt9ALD2Rtlg6vVd4AaABAg,UgwyTt9ALD2Rtlg6vVd4AaABAg,UCFAmrhDmv6rvZrQoYp-IS9w,"Fetched 05/23/2026, 9:00:03 PM GMT+8"
34508,@johnreylucio8970,13 days ago,"Let's Gooo BENGUETTT!! /  / Greetings po mula sa Lokal ng La Trinidad,",https://www.youtube.com/watch?v=ROa3kbG5M0U&lc=Ugxk5_T78SftLWdGeix4AaABAg,Ugxk5_T78SftLWdGeix4AaABAg,UCNMupRD4ySrN336KZpy29OA,"Fetched 05/23/2026, 9:00:03 PM GMT+8"
34509,@Julskie28,13 days ago,"Happy re viewing po 😊.  /  / Hello po sa mga maytungkulin sa kapisanang kadiwa! /  / Mula po sa lokal ng Guisad, Distrito ng Benguet❤",https://www.youtube.com/watch?v=ROa3kbG5M0U&lc=UgzPBHgfkYYfOp6Pm6R4AaABAg,UgzPBHgfkYYfOp6Pm6R4AaABAg,UC1nz0UiWHV8lyoQdZtJejeg,"Fetched 05/23/2026, 9:00:03 PM GMT+8"
34510,@ShinChougaming,13 days ago,"Happy Viewing po from local ng loacan, distrito ng Benguet",https://www.youtube.com/watch?v=ROa3kbG5M0U&lc=UgzWAUszfNdmYfYdBAh4AaABAg,UgzWAUszfNdmYfYdBAh4AaABAg,UCjVAnoFeGMXpV8Xv2uINq2A,"Fetched 05/23/2026, 9:00:03 PM GMT+8"
34511,@JongMintar,13 days ago,Happy viewing po from lokal ng loacan distrito ng benguet,https://www.youtube.com/watch?v=ROa3kbG5M0U&lc=UgzKRC7IG7M7O6wYefp4AaABAg,UgzKRC7IG7M7O6wYefp4AaABAg,UCB9TM80YjMctGhYDBlkxL2A,"Fetched 05/23/2026, 9:00:03 PM GMT+8"
34512,@luibustamante9493,13 days ago,Happy viewing po sa lahat ng Maytungkulin at nasa Kapisanang Kadiwa /  /  / Pagbati mula sa Lokal ng Tuba,https://www.youtube.com/watch?v=ROa3kbG5M0U&lc=UgyRrZOBaYOPA_PlTHt4AaABAg,UgyRrZOBaYOPA_PlTHt4AaABAg,UCFAmrhDmv6rvZrQoYp-IS9w,"Fetched 05/23/2026, 9:00:03 PM GMT+8"
34513,@kristine7303,13 days ago,Happy viewing po and Greetings mula sa Lokal ng Marcos Highway at KADIWA District Officers❤❤,https://www.youtube.com/watch?v=ROa3kbG5M0U&lc=Ugy8oYjCCMNZwSsPGcl4AaABAg,Ugy8oYjCCMNZwSsPGcl4AaABAg,UCJnlqat5vcPuV6GiDugaBnA,"Fetched 05/23/2026, 9:00:03 PM GMT+8"
34514,@gwynethcayabyab5981,13 days ago,Happy viewing po from lokal ng Megaroyale at Kadiwa disctrict officers,https://www.youtube.com/watch?v=ROa3kbG5M0U&lc=UgxIaiCVOKld8UZDPI94AaABAg,UgxIaiCVOKld8UZDPI94AaABAg,UCouodNvhL1bfJC2Fz0B_Rcw,"Fetched 05/23/2026, 9:00:03 PM GMT+8"
34515,@Julskie28,13 days ago,"Patuloy po kaming nakikipag kaisa sa pag viview! /  / Hello po mga kasamang kadiwa! Tuloy tuloy tayo! /  / Mula po sa lokal ng guisad, distrito ng benguet❤",https://www.youtube.com/watch?v=ROa3kbG5M0U&lc=Ugw--F7oRW3X0iiTIf54AaABAg,Ugw--F7oRW3X0iiTIf54AaABAg,UC1nz0UiWHV8lyoQdZtJejeg,"Fetched 05/23/2026, 9:00:03 PM GMT+8"
34516,@meryllsagampod7982,13 days ago,Happy viewing po sa mga patuloy na sumusubaybay.  /  / Mula po sa kapisanang Kadiwa sa Lokal ng Kias.,https://www.youtube.com/watch?v=ROa3kbG5M0U&lc=UgwIaJuJ5MMNENwKFGB4AaABAg,UgwIaJuJ5MMNENwKFGB4AaABAg,UCVkLACK3Y8LbTZhVrCb88CA,"Fetched 05/23/2026, 9:00:03 PM GMT+8"
34517,@FELIXCASTILLO-d6k,13 days ago,Greetings Po from the local congregation of Baguio City... Baguio gising na gising....,https://www.youtube.com/watch?v=ROa3kbG5M0U&lc=UgxASuhVVYYrz3ERbLx4AaABAg,UgxASuhVVYYrz3ERbLx4AaABAg,UCzYZJSgSHmHSChay7k3DlyA,"Fetched 05/23/2026, 9:00:03 PM GMT+8"
34518,@jonieyonga-an5239,13 days ago,Continue watching mga kapatid 🎉 /  / Mula Po sa Lokal Ng Norcar 🎉 /  / Shout out sa mga Kadiwa at binhi na nkasilubaybay🎉,https://www.youtube.com/watch?v=ROa3kbG5M0U&lc=Ugym212iUa7mYope4uF4AaABAg,Ugym212iUa7mYope4uF4AaABAg,UCgUo3JP_Fffuctza4bUumJg,"Fetched 05/23/2026, 9:00:03 PM GMT+8"
34519,@krizeloyao6787,13 days ago,"Magandang hapon po mga kapatid. happy viewing po mula sa mga kapatid sa PNK dito po sa lokal ng Binanga,Benguet.",https://www.youtube.com/watch?v=ROa3kbG5M0U&lc=UgyLiPWkKRc5k64co_54AaABAg,UgyLiPWkKRc5k64co_54AaABAg,UC8swQ5S2bNcbNpJhpMKg7Bw,"Fetched 05/23/2026, 9:00:03 PM GMT+8"
34520,@curlinapril,13 days ago,"Happy watching to all brethren from Yadan family locale of San Luis Maulberry-GWS,  district of Benguet",https://www.youtube.com/watch?v=ROa3kbG5M0U&lc=Ugwi7sCfLXVKwl-CHB14AaABAg,Ugwi7sCfLXVKwl-CHB14AaABAg,UC2wWDNSQgQGpOC0tm9yc0Fg,"Fetched 05/23/2026, 9:00:03 PM GMT+8"
34521,@johnreylucio8970,13 days ago,Keep Watching to all of Us!! / From La Trinidad,https://www.youtube.com/watch?v=ROa3kbG5M0U&lc=Ugw6PH_LwhMU-3kzhHJ4AaABAg,Ugw6PH_LwhMU-3kzhHJ4AaABAg,UCNMupRD4ySrN336KZpy29OA,"Fetched 05/23/2026, 9:00:03 PM GMT+8"
34522,@yzabelgayadan6013,13 days ago,Pagbati po sa inyong lahat mula sa Lokal ng Marcos Highway! / Special hello po sa mga Kadiwa District Officers!,https://www.youtube.com/watch?v=ROa3kbG5M0U&lc=UgzvoSVOZsbg_bBSoZp4AaABAg,UgzvoSVOZsbg_bBSoZp4AaABAg,UCdZGb4w25RyQ_9_blAErBaQ,"Fetched 05/23/2026, 9:00:03 PM GMT+8"
34523,@gelo4828,13 days ago,benguet benguet benguet benguett🎉🎉🎉🎉🎉,https://www.youtube.com/watch?v=ROa3kbG5M0U&lc=UgzJRsLumpJCAWl-n1h4AaABAg,UgzJRsLumpJCAWl-n1h4AaABAg,UCydnW0LoOckk7rQFQbEbI_g,"Fetched 05/23/2026, 9:00:03 PM GMT+8"
34524,@almazanrhyndylyn,13 days ago,Present po uli mula sa Lokal ng Norcar Distrito ng Benguet at sa Kapisanang Kadiwa po. /  / Maligayang pakikinig at muling panonood.  /  / Tuloy-tuloy po ang aming suporta.  /  / #LabanBenguet / #GodsLove,https://www.youtube.com/watch?v=ROa3kbG5M0U&lc=UgxocGg6sPIiw6rzDgp4AaABAg,UgxocGg6sPIiw6rzDgp4AaABAg,UCEoQCNgytnJxjJnAQLSzFeA,"Fetched 05/23/2026, 9:00:03 PM GMT+8"
34525,@gopztube,13 days ago,Go Benguet!!!!,https://www.youtube.com/watch?v=ROa3kbG5M0U&lc=UgxtQggzFmzBWU6Ki354AaABAg,UgxtQggzFmzBWU6Ki354AaABAg,UCBNAZe--4uLCW6tEzJ63D-A,"Fetched 05/23/2026, 9:00:03 PM GMT+8"
34526,@henrycaranto2644,13 days ago,Let’s go Benguet🎉 / Pagbati po sa lahat ng Kadiwa ❤🎉🎉 /  / From lokal po ng Baguio City❤❤,https://www.youtube.com/watch?v=ROa3kbG5M0U&lc=UgwD1lA448QgdV4mLJF4AaABAg,UgwD1lA448QgdV4mLJF4AaABAg,UCFilTOy22FklSkBIgwVPVaQ,"Fetched 05/23/2026, 9:00:03 PM GMT+8"
34527,@gwynethcayabyab5981,13 days ago,"Salamat sa tuloy tuloy po panonood natin mga kapatid / Mula sa lokal ng megaroyale, kadiwa",https://www.youtube.com/watch?v=ROa3kbG5M0U&lc=UgxA21oPIZuQmeUmmcx4AaABAg,UgxA21oPIZuQmeUmmcx4AaABAg,UCouodNvhL1bfJC2Fz0B_Rcw,"Fetched 05/23/2026, 9:00:03 PM GMT+8"
34528,@jonieyonga-an5239,13 days ago,"Greetings Po from the Local Congregation of Norcar, Ecclesiastical District of Benguet!!!🎉 /  / Keep watching and happy viewing Beloved Brethren🎉🎉 /  / Greetings to all Kadiwa officers out there watchinggg!!!",https://www.youtube.com/watch?v=ROa3kbG5M0U&lc=UgxaWSsW2aG_rKrxx-x4AaABAg,UgxaWSsW2aG_rKrxx-x4AaABAg,UCgUo3JP_Fffuctza4bUumJg,"Fetched 05/23/2026, 9:00:03 PM GMT+8"
34529,@DyanAbad1217,13 days ago,"Greetings po from Lokal ng Camp 8, Benguet 😍",https://www.youtube.com/watch?v=ROa3kbG5M0U&lc=Ugw52qHCGIIu6451CO14AaABAg,Ugw52qHCGIIu6451CO14AaABAg,UCSC1iiVtu2vCa8fzN_pBflA,"Fetched 05/23/2026, 9:00:03 PM GMT+8"
34530,@jazz-m7b,13 days ago,Let's Go Benguet! 🍓🎉❤,https://www.youtube.com/watch?v=ROa3kbG5M0U&lc=UgwKFN3fYUyuaVcI5Ot4AaABAg,UgwKFN3fYUyuaVcI5Ot4AaABAg,UCNB-zyitm7U6Yt835DEKclA,"Fetched 05/23/2026, 9:00:03 PM GMT+8"
34531,@kristine7303,13 days ago,"Go Benguet! 🎉❤ Hello po sa lahat ng KADIWA! Good afternoon po mula Marcos Highway, distrito ng Benguet!",https://www.youtube.com/watch?v=ROa3kbG5M0U&lc=UgwWLJZmSlWmCYfJDU14AaABAg,UgwWLJZmSlWmCYfJDU14AaABAg,UCJnlqat5vcPuV6GiDugaBnA,"Fetched 05/23/2026, 9:00:03 PM GMT+8"
34532,@Takoshenchie,13 days ago,GO BENGUET!!! CHEERING ENDLESSLY FROM GUISAD PNK AND KADIWA OFFICERS🎉🎉,https://www.youtube.com/watch?v=ROa3kbG5M0U&lc=UgyGMqSGVaVwi4cGICV4AaABAg,UgyGMqSGVaVwi4cGICV4AaABAg,UCKL_3QOCN0VtAPkwus5A6Gw,"Fetched 05/23/2026, 9:00:03 PM GMT+8"
34533,@JennilynLazaro-y5x6v,13 days ago,"happy viewing po sa lokal,lokal ng atok gold po",https://www.youtube.com/watch?v=ROa3kbG5M0U&lc=UgxSlviZjaLR01x7tP14AaABAg,UgxSlviZjaLR01x7tP14AaABAg,UCItB-k__Z6a289WuGtIxsbw,"Fetched 05/23/2026, 9:00:03 PM GMT+8"
34534,@gelo4828,13 days ago,Go BENGUETTTTT🎉🎉🎉🎉🎉🎉🎉🎉,https://www.youtube.com/watch?v=ROa3kbG5M0U&lc=UgxPgNRSGDGTxdUTK5Z4AaABAg,UgxPgNRSGDGTxdUTK5Z4AaABAg,UCydnW0LoOckk7rQFQbEbI_g,"Fetched 05/23/2026, 9:00:03 PM GMT+8"
34535,@yzabelgayadan6013,13 days ago,"Warm greetings po sa lahat ng Kadiwa District Officers! from Marcos Highway, Benguet",https://www.youtube.com/watch?v=ROa3kbG5M0U&lc=Ugys8WaOFYiEzgO6M894AaABAg,Ugys8WaOFYiEzgO6M894AaABAg,UCdZGb4w25RyQ_9_blAErBaQ,"Fetched 05/23/2026, 9:00:03 PM GMT+8"
34536,@meryllsagampod7982,13 days ago,Mainit po na hapon sa lahat.  /  / Happy viewing po sa lahat ng mga patuloy na sumusubaybay.  /  / Mainit man po ang panahon ay tuloy tuloy parin po ang pagsubaybay!! /  / Pagbati po mula sa mga Kadiwa ng Distrito ng Benguet!!,https://www.youtube.com/watch?v=ROa3kbG5M0U&lc=UgwEUbi2XgSyJ5Sq7P14AaABAg,UgwEUbi2XgSyJ5Sq7P14AaABAg,UCVkLACK3Y8LbTZhVrCb88CA,"Fetched 05/23/2026, 9:00:03 PM GMT+8"
34537,@luibustamante9493,13 days ago,"Good afternoon po mga Kapatid sa bawat Kapisanan-Buklod, Kadiwa, binhi. /  / Happy viewing po 🤗🤗 /  / -Pagbati mula sa Lokal ng Tuba",https://www.youtube.com/watch?v=ROa3kbG5M0U&lc=UgxssU_xcWJQAyyQXoZ4AaABAg,UgxssU_xcWJQAyyQXoZ4AaABAg,UCFAmrhDmv6rvZrQoYp-IS9w,"Fetched 05/23/2026, 9:00:03 PM GMT+8"
34538,@johnreylucio8970,13 days ago,"Hello There, Kapisanang Binhi at Kadiwa /  / Happy viewing po sa ating lahat!! /  / From KADIWA of BEnguet / Lokal ng La Trinidad",https://www.youtube.com/watch?v=ROa3kbG5M0U&lc=UgyqZQE5H-ERMO3594J4AaABAg,UgyqZQE5H-ERMO3594J4AaABAg,UCNMupRD4ySrN336KZpy29OA,"Fetched 05/23/2026, 9:00:03 PM GMT+8"
34539,@almazanrhyndylyn,13 days ago,Lezzz Goooo Benguet!!!!!!! /  / Good aftiee po. Enjoying the MV po. ❤❤ /  / Sana kayo rin po mga kasamang Kadiwa at Binhi. /  / Maraming salamat po sa ating mga editors and production team na bumuo po ng entry ng ating Distrito. /  / - Mula po sa Lokal ng Norcar Distrito ng Benguet.,https://www.youtube.com/watch?v=ROa3kbG5M0U&lc=UgwBbtN__OMi0cZeerJ4AaABAg,UgwBbtN__OMi0cZeerJ4AaABAg,UCEoQCNgytnJxjJnAQLSzFeA,"Fetched 05/23/2026, 9:00:03 PM GMT+8"
34540,@Julskie28,13 days ago,Hello mga nasa kapisanang Kadiwa binhi!! /  / Happy viewing sa ating lahat /  / From KADIWAs of Benguet,https://www.youtube.com/watch?v=ROa3kbG5M0U&lc=UgywumxRzhe7It2ag7R4AaABAg,UgywumxRzhe7It2ag7R4AaABAg,UC1nz0UiWHV8lyoQdZtJejeg,"Fetched 05/23/2026, 9:00:03 PM GMT+8"
34541,@KaJaz-r3n,13 days ago,Hello mga Kapatid! Shout out sa mga kasama kong kadiwa na Patuloy ang supporta ❤ LET'S GO BENGUEEET,https://www.youtube.com/watch?v=ROa3kbG5M0U&lc=Ugzu4MWBPS2WLa4rOzZ4AaABAg,Ugzu4MWBPS2WLa4rOzZ4AaABAg,UC4BTg4L19kJ77hFPPBce71g,"Fetched 05/23/2026, 9:00:03 PM GMT+8"
34542,@gwynethcayabyab5981,13 days ago,Lets go benguet / Mula sa mga kadiwa ng benguet,https://www.youtube.com/watch?v=ROa3kbG5M0U&lc=Ugyhrir39P8yjEEvP554AaABAg,Ugyhrir39P8yjEEvP554AaABAg,UCouodNvhL1bfJC2Fz0B_Rcw,"Fetched 05/23/2026, 9:00:03 PM GMT+8"
34543,@AnnPamelaYumul,13 days ago,Happy viewing po mga kapatid! Ingat po parati. / - From Lokal ng Buyagan,https://www.youtube.com/watch?v=ROa3kbG5M0U&lc=UgzN32PBsGKfYhDsZ8V4AaABAg,UgzN32PBsGKfYhDsZ8V4AaABAg,UCcUkyKVnoJzq3bS5BgWNhFA,"Fetched 05/23/2026, 9:00:03 PM GMT+8"
34544,@KaJaz-r3n,13 days ago,Good afternoon mga Kapatid! Patuloy Po Ang panonood ng nga KADIWA mula sa distrito ng Benguet. Patuloy ang supporta! Happy viewing Po!❤❤,https://www.youtube.com/watch?v=ROa3kbG5M0U&lc=Ugx261WfgRNn_xtQC6Z4AaABAg,Ugx261WfgRNn_xtQC6Z4AaABAg,UC4BTg4L19kJ77hFPPBce71g,"Fetched 05/23/2026, 9:00:03 PM GMT+8"
34545,@Julskie28,13 days ago,Let's Go Benguet 🎉 /  / Support from KADIWAs of Benguet ❤,https://www.youtube.com/watch?v=ROa3kbG5M0U&lc=UgzZ5h59nO2qywyjb454AaABAg,UgzZ5h59nO2qywyjb454AaABAg,UC1nz0UiWHV8lyoQdZtJejeg,"Fetched 05/23/2026, 9:00:03 PM GMT+8"
34546,@meryllsagampod7982,13 days ago,Pagbati sa lahat ng mga kapatid mula po sa mga KADIWA ng BENGUET !! /  / Happy Viewing po sa lahat ng ptiloy na nakasubaybay!! /  / Mula po sa Lokal ng Kias !!,https://www.youtube.com/watch?v=ROa3kbG5M0U&lc=UgxND04OUbcC1_Jej1l4AaABAg,UgxND04OUbcC1_Jej1l4AaABAg,UCVkLACK3Y8LbTZhVrCb88CA,"Fetched 05/23/2026, 9:00:03 PM GMT+8"
34547,@jonathanlazaro-lr3tw,13 days ago,Masaya po kaming nakikipagkaisa mula po sa LOKAL NG ATOK GOLD. Let's Go! BENGUET!,https://www.youtube.com/watch?v=ROa3kbG5M0U&lc=Ugyh76Q5fYbxGss4NW94AaABAg,Ugyh76Q5fYbxGss4NW94AaABAg,UCFqvjRjbTvQSzxX4Cw-_bZw,"Fetched 05/23/2026, 9:00:03 PM GMT+8"
34548,@jonathanlazaro-lr3tw,13 days ago,Masaya po kaming nakikipagkaisa mula po sa LOKAL NG ATOK GOLD. Let's Go! BENGUET!,https://www.youtube.com/watch?v=ROa3kbG5M0U&lc=Ugwd_h4Gzoakn9fFwhN4AaABAg,Ugwd_h4Gzoakn9fFwhN4AaABAg,UCFqvjRjbTvQSzxX4Cw-_bZw,"Fetched 05/23/2026, 9:00:03 PM GMT+8"
34549,@JennilynLazaro-y5x6v,13 days ago,Masayang panonood po sa lahat at sa mga kasama po naming mga organista.  / Mula po sa LOKAL NG ATOK GOLD,https://www.youtube.com/watch?v=ROa3kbG5M0U&lc=UgwIhc3O8gI9tm-cDcZ4AaABAg,UgwIhc3O8gI9tm-cDcZ4AaABAg,UCItB-k__Z6a289WuGtIxsbw,"Fetched 05/23/2026, 9:00:03 PM GMT+8"
34550,@JennilynLazaro-y5x6v,13 days ago,Happy viewing po / - atok gold,https://www.youtube.com/watch?v=ROa3kbG5M0U&lc=Ugw7yQUnixR1TK79QAB4AaABAg,Ugw7yQUnixR1TK79QAB4AaABAg,UCItB-k__Z6a289WuGtIxsbw,"Fetched 05/23/2026, 9:00:03 PM GMT+8"
34551,@almazanrhyndylyn,13 days ago,Congratulations po sa lahat ng kabahagi sa pagbuo sa music video 🎶🎶 /  / Go! Benguet Go!❤❤,https://www.youtube.com/watch?v=ROa3kbG5M0U&lc=UgyZlf9e_LM5TZsslTp4AaABAg,UgyZlf9e_LM5TZsslTp4AaABAg,UCEoQCNgytnJxjJnAQLSzFeA,"Fetched 05/23/2026, 9:00:03 PM GMT+8"
34552,@Vien.Bella-vu5rh4pz8b,13 days ago,Let's Go Benguet! / from Atok Gold😊😊😊😊,https://www.youtube.com/watch?v=ROa3kbG5M0U&lc=UgzhtzM7lvhhvP5FYJt4AaABAg,UgzhtzM7lvhhvP5FYJt4AaABAg,UCB9NRJMQHTIobGeD1zbmbYA,"Fetched 05/23/2026, 9:00:03 PM GMT+8"
34553,@kristine7303,13 days ago,"KADIWA District Officer ng Benguet, mag-ingay! ❤❤ / Enjoy listening po sa lahat!",https://www.youtube.com/watch?v=ROa3kbG5M0U&lc=Ugyj34m3OagvTGrsR_x4AaABAg,Ugyj34m3OagvTGrsR_x4AaABAg,UCJnlqat5vcPuV6GiDugaBnA,"Fetched 05/23/2026, 9:00:03 PM GMT+8"
34554,@almazanrhyndylyn,13 days ago,Kaway kaway (👋👋👋) sa lahat ng mga nakikinig.... /  / Magandang hapon po sa lahat ng mga nakasubaybay na Kadiwa at Binhi. /  / Mula po sa Lokal ng Norcar Distrito ng Benguet. /  / #Benguet / #GodsLove,https://www.youtube.com/watch?v=ROa3kbG5M0U&lc=UgzwNdjNKw3xNis0trR4AaABAg,UgzwNdjNKw3xNis0trR4AaABAg,UCEoQCNgytnJxjJnAQLSzFeA,"Fetched 05/23/2026, 9:00:03 PM GMT+8"
34555,@jonieyonga-an5239,13 days ago,"Hello Benguet 🎉 / Good afternoon again!! /  / Kumusta Po ang mga Kadiwa nating nakasubaybay Jan, hello Po sainyoo!!!🎉 /  / Mula Po sa lokal Ng Norcar Distrito Ng Benguet 🎉",https://www.youtube.com/watch?v=ROa3kbG5M0U&lc=UgxVzx10G7e2M1-RLkN4AaABAg,UgxVzx10G7e2M1-RLkN4AaABAg,UCgUo3JP_Fffuctza4bUumJg,"Fetched 05/23/2026, 9:00:03 PM GMT+8"
34556,@yzabelgayadan6013,13 days ago,Isang masiglang pagbati po muli mula sa Lokal ng Marcos Highway! / Hello po sa ating mga solid na Kadiwa District Officers. Let’s Go Benguet!💪,https://www.youtube.com/watch?v=ROa3kbG5M0U&lc=UgzZDA5e8Dm-x_yxded4AaABAg,UgzZDA5e8Dm-x_yxded4AaABAg,UCdZGb4w25RyQ_9_blAErBaQ,"Fetched 05/23/2026, 9:00:03 PM GMT+8"
34557,@jonathanlazaro-lr3tw,13 days ago,Masaya po kaming nakikipagkaisa mula po sa LOKAL NG ATOK GOLD. Let's Go! BENGUET!,https://www.youtube.com/watch?v=ROa3kbG5M0U&lc=UgynVq7jujJJDAUpz1Z4AaABAg,UgynVq7jujJJDAUpz1Z4AaABAg,UCFqvjRjbTvQSzxX4Cw-_bZw,"Fetched 05/23/2026, 9:00:03 PM GMT+8"
34558,@johnreylucio8970,13 days ago,"LET'S GOOO BENGUET,, THE BEST!! / HAPPY VIEWING PO SA LAHAT!! / Mula po sa Kapisanang Kadiwa sa Lokal ng LA TRINIDAD!!",https://www.youtube.com/watch?v=ROa3kbG5M0U&lc=UgwlIvGVGFDGyu567_V4AaABAg,UgwlIvGVGFDGyu567_V4AaABAg,UCNMupRD4ySrN336KZpy29OA,"Fetched 05/23/2026, 9:00:03 PM GMT+8"
34559,@kristine7303,13 days ago,"Happy Viewing po mula sa Lokal ng Marcos Highway, Distrito ng Benguet! 💪🏻💪🏻 Shoutout po sa mga Kadiwa District Officers diyan na naglalunch habang nakikinig ng God’s Love🎉",https://www.youtube.com/watch?v=ROa3kbG5M0U&lc=UgxsgzOfyMJAaAzdC-J4AaABAg,UgxsgzOfyMJAaAzdC-J4AaABAg,UCJnlqat5vcPuV6GiDugaBnA,"Fetched 05/23/2026, 9:00:03 PM GMT+8"
34560,@danielsangalang4416,13 days ago,Binabati ko po lahat ng Kadiwa sa aming Lokal at sa amin pong Destinado ang ka Norbert Mislang. / Baguio City 🇮🇹,https://www.youtube.com/watch?v=ROa3kbG5M0U&lc=UgxtDMAxfTYWT5XxLM54AaABAg,UgxtDMAxfTYWT5XxLM54AaABAg,UCd83g5cGg_Es6Qyl02u7jdw,"Fetched 05/23/2026, 9:00:03 PM GMT+8"
34561,@gelo4828,13 days ago,Pagbati po sa Lokal ng San Luis Distrito ng Benguet! Happy Viewing po sa mga kapatid sa buong mundo! ❤🎉❤🎉❤🎉❤🎉❤🎉,https://www.youtube.com/watch?v=ROa3kbG5M0U&lc=UgwK0Z1Pu5f6vK5HEmJ4AaABAg,UgwK0Z1Pu5f6vK5HEmJ4AaABAg,UCydnW0LoOckk7rQFQbEbI_g,"Fetched 05/23/2026, 9:00:03 PM GMT+8"
34562,@danielsangalang4416,13 days ago,Happy watching po sa lahat ng may tungkulin sa Lokal Ng Baguio City,https://www.youtube.com/watch?v=ROa3kbG5M0U&lc=UgwGwoY_EXW0dEk8uIF4AaABAg,UgwGwoY_EXW0dEk8uIF4AaABAg,UCd83g5cGg_Es6Qyl02u7jdw,"Fetched 05/23/2026, 9:00:03 PM GMT+8"
34563,@gladysabad8665,13 days ago,Happy lunch mga kapatid.... /  / Nood na po tayo...support natin ang entry ng benguet... /  / Hello po sa lahat especially sa mga taga LOKAL CAMP 8 😊😊😊,https://www.youtube.com/watch?v=ROa3kbG5M0U&lc=Ugw7vwirwLuvPK16AEd4AaABAg,Ugw7vwirwLuvPK16AEd4AaABAg,UCp31Lwos5f6VPnIY9zaFbRA,"Fetched 05/23/2026, 9:00:03 PM GMT+8"
34564,@yzabelgayadan6013,13 days ago,Pagbati po mula sa Lokal ng Marcos Highway! / Hello po sa ating masisipag na Kadiwa District Officers! / LET’S GO BENGUET! 💚,https://www.youtube.com/watch?v=ROa3kbG5M0U&lc=UgyTMLXSdwCnBobSqAl4AaABAg,UgyTMLXSdwCnBobSqAl4AaABAg,UCdZGb4w25RyQ_9_blAErBaQ,"Fetched 05/23/2026, 9:00:03 PM GMT+8"
34565,@henrycaranto2644,13 days ago,Pagbati po sa lahat ng kasamang KADIWA sa Distrito ng Benguet  / ❤❤🎉 /  / Happy Watching po ❤❤,https://www.youtube.com/watch?v=ROa3kbG5M0U&lc=UgwxGbZg6RNd1jSKvYZ4AaABAg,UgwxGbZg6RNd1jSKvYZ4AaABAg,UCFilTOy22FklSkBIgwVPVaQ,"Fetched 05/23/2026, 9:00:03 PM GMT+8"
34566,@JennilynLazaro-y5x6v,13 days ago,Masayang panonood po sa lahat at sa mga kasama po naming mga organista.  / Mula po sa LOKAL NG ATOK GOLD,https://www.youtube.com/watch?v=ROa3kbG5M0U&lc=UgxjF1qd2zYMmFZoz9B4AaABAg,UgxjF1qd2zYMmFZoz9B4AaABAg,UCItB-k__Z6a289WuGtIxsbw,"Fetched 05/23/2026, 9:00:03 PM GMT+8"
34567,@JennilynLazaro-y5x6v,13 days ago,Happy viewing po / - atok gold,https://www.youtube.com/watch?v=ROa3kbG5M0U&lc=UgxMJCDEHtmZffkxIwZ4AaABAg,UgxMJCDEHtmZffkxIwZ4AaABAg,UCItB-k__Z6a289WuGtIxsbw,"Fetched 05/23/2026, 9:00:03 PM GMT+8"
34568,@jonathanlazaro-lr3tw,13 days ago,Masaya po kaming nakikipagkaisa mula po sa LOKAL NG ATOK GOLD. Let's Go! BENGUET!,https://www.youtube.com/watch?v=ROa3kbG5M0U&lc=UgzWBT8KYynVmhpdP-F4AaABAg,UgzWBT8KYynVmhpdP-F4AaABAg,UCFqvjRjbTvQSzxX4Cw-_bZw,"Fetched 05/23/2026, 9:00:03 PM GMT+8"
34569,@jonathanlazaro-lr3tw,13 days ago,Pagbati po sa lahat ng nanonood mula po sa Lokal ng Atok Gold,https://www.youtube.com/watch?v=ROa3kbG5M0U&lc=UgzSRZm4TDFH_Veu7a54AaABAg,UgzSRZm4TDFH_Veu7a54AaABAg,UCFqvjRjbTvQSzxX4Cw-_bZw,"Fetched 05/23/2026, 9:00:03 PM GMT+8"
34570,@Vien.Bella-vu5rh4pz8b,13 days ago,Masaya po kami nakikiisa mula po dito sa LOKAL NG ATOK GOLD ❤,https://www.youtube.com/watch?v=ROa3kbG5M0U&lc=UgxW0ZGznCYxEIaLpLF4AaABAg,UgxW0ZGznCYxEIaLpLF4AaABAg,UCB9NRJMQHTIobGeD1zbmbYA,"Fetched 05/23/2026, 9:00:03 PM GMT+8"
34571,@winkdelarosa2397,13 days ago,LET'S GO BENGUET! /  / happy happy Lunch po sa Lahat~ from Lokal ng La Trinidad!,https://www.youtube.com/watch?v=ROa3kbG5M0U&lc=UgzhURxMMrZbPF_PyIp4AaABAg,UgzhURxMMrZbPF_PyIp4AaABAg,UCcSUir_e5wTvoTFR6eQepyQ,"Fetched 05/23/2026, 9:00:03 PM GMT+8"
34572,@JennilynLazaro-y5x6v,13 days ago,Happy viewing po / - atok gold,https://www.youtube.com/watch?v=ROa3kbG5M0U&lc=UgziNXTYowCEqDDIXLN4AaABAg,UgziNXTYowCEqDDIXLN4AaABAg,UCItB-k__Z6a289WuGtIxsbw,"Fetched 05/23/2026, 9:00:03 PM GMT+8"
34573,@jonieyonga-an5239,13 days ago,Happy lunchh.. / Magandang tanghali po.. / Naimbag nga pangaldaw.. / Amin kinyayu kakabsat🎉 /  / Happy watching Po Mula Sa Lokal Ng Norcar Distrito Ng Benguet 🎉 /  / Pagbati dn Po sa mga nakasubaybay sa kapisanang Kadiwa at Binhi🎉,https://www.youtube.com/watch?v=ROa3kbG5M0U&lc=Ugx4U9S3iGBOboTKpdV4AaABAg,Ugx4U9S3iGBOboTKpdV4AaABAg,UCgUo3JP_Fffuctza4bUumJg,"Fetched 05/23/2026, 9:00:03 PM GMT+8"
34574,@marjmarj6407,13 days ago,Good day to y'all! -from KALIHIMAN/REGISTRY of IRISAN,https://www.youtube.com/watch?v=ROa3kbG5M0U&lc=UgysJ1ypKQaAOdbDGaR4AaABAg,UgysJ1ypKQaAOdbDGaR4AaABAg,UCYzbUdqGTtRY7JAuSVMOioQ,"Fetched 05/23/2026, 9:00:03 PM GMT+8"
34575,@Vien.Bella-vu5rh4pz8b,13 days ago,Happy viewing po mula sa lokal ng Atok Gold❤😊😊😊,https://www.youtube.com/watch?v=ROa3kbG5M0U&lc=UgwCkszj89rklK_B8-V4AaABAg,UgwCkszj89rklK_B8-V4AaABAg,UCB9NRJMQHTIobGeD1zbmbYA,"Fetched 05/23/2026, 9:00:03 PM GMT+8"
34576,@Vien.Bella-vu5rh4pz8b,13 days ago,Happy viewing po mula sa lokal ng Atok Gold❤❤❤❤❤,https://www.youtube.com/watch?v=ROa3kbG5M0U&lc=Ugyd-In2DI2J60E56594AaABAg,Ugyd-In2DI2J60E56594AaABAg,UCB9NRJMQHTIobGeD1zbmbYA,"Fetched 05/23/2026, 9:00:03 PM GMT+8"
34577,@JennilynLazaro-y5x6v,13 days ago,Masayang panonood po sa lahat at sa mga kasama po naming mga organista.  / Mula po sa LOKAL NG ATOK GOLD,https://www.youtube.com/watch?v=ROa3kbG5M0U&lc=Ugz13MU8UeZIEueyUbt4AaABAg,Ugz13MU8UeZIEueyUbt4AaABAg,UCItB-k__Z6a289WuGtIxsbw,"Fetched 05/23/2026, 9:00:03 PM GMT+8"
34578,@JennilynLazaro-y5x6v,13 days ago,Kami po ay bumabati ng maligayang panonood sa lahat mula po sa Kagawaran ng mga Mang-aawit 🎶 sa Lokal ng Atok Gold🇮🇹,https://www.youtube.com/watch?v=ROa3kbG5M0U&lc=UgzhAx64t-p4SFNkz1p4AaABAg,UgzhAx64t-p4SFNkz1p4AaABAg,UCItB-k__Z6a289WuGtIxsbw,"Fetched 05/23/2026, 9:00:03 PM GMT+8"
34579,@jonathanlazaro-lr3tw,13 days ago,Pagbati po sa lahat ng nanonood mula po sa Lokal ng Atok Gold,https://www.youtube.com/watch?v=ROa3kbG5M0U&lc=UgybxqstHKJ7jD0NRAF4AaABAg,UgybxqstHKJ7jD0NRAF4AaABAg,UCFqvjRjbTvQSzxX4Cw-_bZw,"Fetched 05/23/2026, 9:00:03 PM GMT+8"
34580,@jonathanlazaro-lr3tw,13 days ago,Pagbati po sa lahat ng nanonood mula po sa Lokal ng Atok Gold 💚🤍❤,https://www.youtube.com/watch?v=ROa3kbG5M0U&lc=UgzDMdsxTUE2guwLEs54AaABAg,UgzDMdsxTUE2guwLEs54AaABAg,UCFqvjRjbTvQSzxX4Cw-_bZw,"Fetched 05/23/2026, 9:00:03 PM GMT+8"
34581,@NylraMango,13 days ago,Happy viewing po from La Trinidad...,https://www.youtube.com/watch?v=ROa3kbG5M0U&lc=UgxwVNMOUGi-3E-2hjt4AaABAg,UgxwVNMOUGi-3E-2hjt4AaABAg,UCMwaLhn2A3Q-Mb81T8gd54Q,"Fetched 05/23/2026, 9:00:03 PM GMT+8"
34582,@JennilynLazaro-y5x6v,13 days ago,Masayang panonood po sa lahat at sa mga kasama po naming mga organista.  / Mula po sa LOKAL NG ATOK GOLD,https://www.youtube.com/watch?v=ROa3kbG5M0U&lc=Ugz5HdrGgKn8kwXcO154AaABAg,Ugz5HdrGgKn8kwXcO154AaABAg,UCItB-k__Z6a289WuGtIxsbw,"Fetched 05/23/2026, 9:00:03 PM GMT+8"
34583,@CherryOpeña-d5j,13 days ago (edited),Happy viewing po sa lahat! /  -from KALIHIMAN/REGISTRY ng IRISAN,https://www.youtube.com/watch?v=ROa3kbG5M0U&lc=Ugyyp99Bif2lQob-yq54AaABAg,Ugyyp99Bif2lQob-yq54AaABAg,UCDqDljma-VrPg7QSa05vfzg,"Fetched 05/23/2026, 9:00:03 PM GMT+8"
34584,@alfeotadifa6957,13 days ago,Mula po sa lokal ng City Camp distrito ng Benguet happy Viewing po sa lahat ng mga kapatid sa buong mundo.,https://www.youtube.com/watch?v=ROa3kbG5M0U&lc=UgzLz4t8J93HdUV42o94AaABAg,UgzLz4t8J93HdUV42o94AaABAg,UCc6xDLun7Fl2t2_QbJOrnIQ,"Fetched 05/23/2026, 9:00:03 PM GMT+8"
34585,@worldofhighlights,13 days ago,Enjoy watching po mula sa lokal ng la trinidad,https://www.youtube.com/watch?v=ROa3kbG5M0U&lc=UgxBrmTWu11DKcmj3aF4AaABAg,UgxBrmTWu11DKcmj3aF4AaABAg,UCgD2jHQsYSdsOpztHM-Du5A,"Fetched 05/23/2026, 9:00:03 PM GMT+8"
34586,@royfritz2614,13 days ago,"Happy Happy Birthday po sa magiting na Destinado po ng Lokal ng La Trinidad, ang Ka KENNER BOKILIS! masayang bumabati po mula sa Lokal ng #GIBRALTAR #BENGUET #INCMV2026",https://www.youtube.com/watch?v=ROa3kbG5M0U&lc=Ugyz6MiDwhgE6kCLjlt4AaABAg,Ugyz6MiDwhgE6kCLjlt4AaABAg,UCKx5s7zLGT6I3I3BYBTIQSg,"Fetched 05/23/2026, 9:00:03 PM GMT+8"
34587,@royfritz2614,13 days ago,"Happy Happy Birthday po sa magiting na Destinado po ng Lokal ng La Trinidad, ang Ka KENNER BOKILIS! masayang bumabati po mula sa Lokal ng #GIBRALTAR #BENGUET #INCMV2026",https://www.youtube.com/watch?v=ROa3kbG5M0U&lc=Ugz32syUOnTwA5Sm90Z4AaABAg,Ugz32syUOnTwA5Sm90Z4AaABAg,UCKx5s7zLGT6I3I3BYBTIQSg,"Fetched 05/23/2026, 9:00:03 PM GMT+8"
34588,@royfritz2614,13 days ago,"Happy Happy Birthday po sa magiting na Destinado po ng Lokal ng La Trinidad, ang Ka KENNER BOKILIS! masayang bumabati po mula sa Lokal ng #GIBRALTAR #BENGUET #INCMV2026",https://www.youtube.com/watch?v=ROa3kbG5M0U&lc=Ugws6dYsIctAf8C6yHZ4AaABAg,Ugws6dYsIctAf8C6yHZ4AaABAg,UCKx5s7zLGT6I3I3BYBTIQSg,"Fetched 05/23/2026, 9:00:03 PM GMT+8"
34589,@royfritz2614,13 days ago,"Happy Happy Birthday po sa magiting na Destinado po ng Lokal ng La Trinidad, ang Ka KENNER BOKILIS! masayang bumabati po mula sa Lokal ng #GIBRALTAR #BENGUET #INCMV2026",https://www.youtube.com/watch?v=ROa3kbG5M0U&lc=UgwtxJ_XXWf9EvAa-C94AaABAg,UgwtxJ_XXWf9EvAa-C94AaABAg,UCKx5s7zLGT6I3I3BYBTIQSg,"Fetched 05/23/2026, 9:00:03 PM GMT+8"
34590,@royfritz2614,13 days ago,"Happy Happy Birthday po sa magiting na Destinado po ng Lokal ng La Trinidad, ang Ka KENNER BOKILIS! masayang bumabati po mula sa Lokal ng #GIBRALTAR #BENGUET #INCMV2026",https://www.youtube.com/watch?v=ROa3kbG5M0U&lc=Ugy5I6p6y_ULBAedxXx4AaABAg,Ugy5I6p6y_ULBAedxXx4AaABAg,UCKx5s7zLGT6I3I3BYBTIQSg,"Fetched 05/23/2026, 9:00:03 PM GMT+8"
34591,@royfritz2614,13 days ago,"Happy Happy Birthday po sa magiting na Destinado po ng Lokal ng La Trinidad, ang Ka KENNER BOKILIS! masayang bumabati po mula sa Lokal ng #GIBRALTAR #BENGUET #INCMV2026",https://www.youtube.com/watch?v=ROa3kbG5M0U&lc=Ugy6yoy__MXSDxLx_zN4AaABAg,Ugy6yoy__MXSDxLx_zN4AaABAg,UCKx5s7zLGT6I3I3BYBTIQSg,"Fetched 05/23/2026, 9:00:03 PM GMT+8"
34592,@royfritz2614,13 days ago,"Happy Happy Birthday po sa magiting na Destinado po ng Lokal ng La Trinidad, ang Ka KENNER BOKILIS! masayang bumabati po mula sa Lokal ng #GIBRALTAR #BENGUET #INCMV2026",https://www.youtube.com/watch?v=ROa3kbG5M0U&lc=UgwDmXeiH6CbM2oU2MB4AaABAg,UgwDmXeiH6CbM2oU2MB4AaABAg,UCKx5s7zLGT6I3I3BYBTIQSg,"Fetched 05/23/2026, 9:00:03 PM GMT+8"
34593,@royfritz2614,13 days ago,"Happy Happy Birthday po sa magiting na Destinado po ng Lokal ng La Trinidad, ang Ka KENNER BOKILIS! masayang bumabati po mula sa Lokal ng #GIBRALTAR #BENGUET #INCMV2026",https://www.youtube.com/watch?v=ROa3kbG5M0U&lc=UgyUbwTlfoRclBOsWEB4AaABAg,UgyUbwTlfoRclBOsWEB4AaABAg,UCKx5s7zLGT6I3I3BYBTIQSg,"Fetched 05/23/2026, 9:00:03 PM GMT+8"
34594,@royfritz2614,13 days ago,"Happy Happy Birthday po sa magiting na Destinado po ng Lokal ng La Trinidad, ang Ka KENNER BOKILIS! masayang bumabati po mula sa Lokal ng #GIBRALTAR #BENGUET #INCMV2026",https://www.youtube.com/watch?v=ROa3kbG5M0U&lc=Ugw3r09nR7j6TdJDlVB4AaABAg,Ugw3r09nR7j6TdJDlVB4AaABAg,UCKx5s7zLGT6I3I3BYBTIQSg,"Fetched 05/23/2026, 9:00:03 PM GMT+8"
34595,@royfritz2614,13 days ago,"Happy Happy Birthday po sa magiting na Destinado po ng Lokal ng La Trinidad, ang Ka KENNER BOKILIS! masayang bumabati po mula sa Lokal ng #GIBRALTAR #BENGUET #INCMV2026",https://www.youtube.com/watch?v=ROa3kbG5M0U&lc=UgxdDMI8RQB7isz5NfJ4AaABAg,UgxdDMI8RQB7isz5NfJ4AaABAg,UCKx5s7zLGT6I3I3BYBTIQSg,"Fetched 05/23/2026, 9:00:03 PM GMT+8"
34596,@royfritz2614,13 days ago,"Happy Happy Birthday po sa magiting na Destinado po ng Lokal ng La Trinidad, ang Ka KENNER BOKILIS! masayang bumabati po mula sa Lokal ng #GIBRALTAR #BENGUET #INCMV2026",https://www.youtube.com/watch?v=ROa3kbG5M0U&lc=Ugx0VusalK1y1Za7U3B4AaABAg,Ugx0VusalK1y1Za7U3B4AaABAg,UCKx5s7zLGT6I3I3BYBTIQSg,"Fetched 05/23/2026, 9:00:03 PM GMT+8"
34597,@royfritz2614,13 days ago,"Happy Happy Birthday po sa magiting na Destinado po ng Lokal ng La Trinidad, ang Ka KENNER BOKILIS! masayang bumabati po mula sa Lokal ng #GIBRALTAR #BENGUET #INCMV2026",https://www.youtube.com/watch?v=ROa3kbG5M0U&lc=UgzVAELybPUeKro5h9d4AaABAg,UgzVAELybPUeKro5h9d4AaABAg,UCKx5s7zLGT6I3I3BYBTIQSg,"Fetched 05/23/2026, 9:00:03 PM GMT+8"
34598,@royfritz2614,13 days ago,"Happy Happy Birthday po sa magiting na Destinado po ng Lokal ng La Trinidad, ang Ka KENNER BOKILIS! masayang bumabati po mula sa Lokal ng #GIBRALTAR #BENGUET #INCMV2026",https://www.youtube.com/watch?v=ROa3kbG5M0U&lc=UgxIuDouQFA2vrRmMSR4AaABAg,UgxIuDouQFA2vrRmMSR4AaABAg,UCKx5s7zLGT6I3I3BYBTIQSg,"Fetched 05/23/2026, 9:00:03 PM GMT+8"
34599,@JonnerGuilod-ye5rs,13 days ago,Magandang Hapon po! / Watching po mula sa Lokal ng Baguio City! /  / Shout out po sa mga Binhi ng Atok Gold! /  / -Binhi DO,https://www.youtube.com/watch?v=ROa3kbG5M0U&lc=UgxtD_4UNYxHH45QYBJ4AaABAg,UgxtD_4UNYxHH45QYBJ4AaABAg,UCqAZvKcFKWAYBEWjNAhZEZw,"Fetched 05/23/2026, 9:00:03 PM GMT+8"
34600,@ALEXIASOPHIAYDIO,13 days ago,"Maligayang panonood po🫶 , Mula po sa lokal ng Atok Gold",https://www.youtube.com/watch?v=ROa3kbG5M0U&lc=UgxdCugeuEyFX9qP6Lh4AaABAg,UgxdCugeuEyFX9qP6Lh4AaABAg,UC806ht4k_AHuzg4k_rkDPJw,"Fetched 05/23/2026, 9:00:03 PM GMT+8"
34601,@johnreylucio8970,13 days ago,God's Love is Bigger than the ocean!! / Blessed Blessed Sunday po sa ating lahatt!! /  / Pagbati po mula sa Lokal ng LA TRINIDAD!!🥦🐑🍓,https://www.youtube.com/watch?v=ROa3kbG5M0U&lc=Ugw3RxTWs_tHHITZFpF4AaABAg,Ugw3RxTWs_tHHITZFpF4AaABAg,UCNMupRD4ySrN336KZpy29OA,"Fetched 05/23/2026, 9:00:03 PM GMT+8"
34602,@milandenisejoys.6340,13 days ago,Love mula sa local ng Cam 8,https://www.youtube.com/watch?v=ROa3kbG5M0U&lc=UgyenVuzRx7gAv7wQMR4AaABAg,UgyenVuzRx7gAv7wQMR4AaABAg,UCtQixE7z8Uznds0NG5uuBFw,"Fetched 05/23/2026, 9:00:03 PM GMT+8"
34603,@Julskie28,13 days ago,Happy lunch po sa ating lahat! /  / Another viewing tayo!  /  / Mula po sa mga kadiwa ng Lokal ng Guisad❤ /  / Let's Go Benguet 🍓,https://www.youtube.com/watch?v=ROa3kbG5M0U&lc=UgwPnr4q7fq7DnJOv9h4AaABAg,UgwPnr4q7fq7DnJOv9h4AaABAg,UC1nz0UiWHV8lyoQdZtJejeg,"Fetched 05/23/2026, 9:00:03 PM GMT+8"
34604,@jazz-m7b,13 days ago,"Let's Go Benguet! 🥀🥀🥀 / Binabati ko po ang aming Destinado, Kapatid na KENNER BOKILIS, HAPPY BIRTHDAY PO mula sa lokal ng LA TRINIDAD, distrito ng BENGUET",https://www.youtube.com/watch?v=ROa3kbG5M0U&lc=UgyEIe2rE4FAXxv48qJ4AaABAg,UgyEIe2rE4FAXxv48qJ4AaABAg,UCNB-zyitm7U6Yt835DEKclA,"Fetched 05/23/2026, 9:00:03 PM GMT+8"
34605,@meryllsagampod7982,13 days ago,Happy lunch po sa lahat.  /  / Patuloy padin po naka subabay mga KDO ng Benguet!! /  / Lokal ng Kias. Lagi pong kaisa !!  /  / 😊,https://www.youtube.com/watch?v=ROa3kbG5M0U&lc=Ugz13EbohaCL468BB-54AaABAg,Ugz13EbohaCL468BB-54AaABAg,UCVkLACK3Y8LbTZhVrCb88CA,"Fetched 05/23/2026, 9:00:03 PM GMT+8"
34606,@johnreylucio8970,13 days ago,"Shout Out pooh,,   Binabati ko po aming Destinado, Kapatid na KENNER BOKILIS,, HAPPY HAPPY BIRTHDAY PO,❤LOKAL NG LA TRINIDAD",https://www.youtube.com/watch?v=ROa3kbG5M0U&lc=Ugxr4adMI_8vJ3jkacZ4AaABAg,Ugxr4adMI_8vJ3jkacZ4AaABAg,UCNMupRD4ySrN336KZpy29OA,"Fetched 05/23/2026, 9:00:03 PM GMT+8"
34607,@KaJaz-r3n,13 days ago,Happy viewing Po mga kapatid. 12:00 pm LET'S GO BENGUEEET!🎉❤ Mula sa lokal ng Gibraltar. KADIWA,https://www.youtube.com/watch?v=ROa3kbG5M0U&lc=UgzfgRZq1F2aBzXYmQV4AaABAg,UgzfgRZq1F2aBzXYmQV4AaABAg,UC4BTg4L19kJ77hFPPBce71g,"Fetched 05/23/2026, 9:00:03 PM GMT+8"
34608,@johnreylucio8970,13 days ago,Happy Viewing po sa ating lahaattt,https://www.youtube.com/watch?v=ROa3kbG5M0U&lc=UgwRTQ8HM-rU1lpbTuV4AaABAg,UgwRTQ8HM-rU1lpbTuV4AaABAg,UCNMupRD4ySrN336KZpy29OA,"Fetched 05/23/2026, 9:00:03 PM GMT+8"
34609,@johnreylucio8970,13 days ago,"Hello to all KADIWA out there!! / Ansarap pala ksbay ng MV na ito sa Lunch natin,,  / Pagbati po Mula sa lokal ng LA TRINIDAD, Distrito ng BENGUET❤🐑🍓",https://www.youtube.com/watch?v=ROa3kbG5M0U&lc=UgxuGDOmK_Sdla99STl4AaABAg,UgxuGDOmK_Sdla99STl4AaABAg,UCNMupRD4ySrN336KZpy29OA,"Fetched 05/23/2026, 9:00:03 PM GMT+8"
34610,@gwynethcayabyab5981,13 days ago,Happy lunch po mgakapatid🎉 / Greetings po sa lahat ng mga kadiwa,https://www.youtube.com/watch?v=ROa3kbG5M0U&lc=UgyFvv2wmEAWw4E0sVh4AaABAg,UgyFvv2wmEAWw4E0sVh4AaABAg,UCouodNvhL1bfJC2Fz0B_Rcw,"Fetched 05/23/2026, 9:00:03 PM GMT+8"
34611,@JennilynLazaro-y5x6v,13 days ago,Masayang panonood po sa lahat at sa mga kasama po naming mga organista. Happy Lunch din po mula po sa LOKAL NG ATOK GOLD🌻,https://www.youtube.com/watch?v=ROa3kbG5M0U&lc=UgxkRTQtCVfIjV92pVF4AaABAg,UgxkRTQtCVfIjV92pVF4AaABAg,UCItB-k__Z6a289WuGtIxsbw,"Fetched 05/23/2026, 9:00:03 PM GMT+8"
34612,@almazanrhyndylyn,13 days ago,"Magandang tanghali po. /  / Pagbati po sa aming Tagapangasiwa ng Distrito ang Ka Ardy D. Mendoza, II Tagapangasiwa ang Kapatid na Ian Manalata, KSKP ang Kapatid na John Felix Dungan at sa kanilang sambahayan lalo na po ang kanilang may bahay. /  / Happy Mother's Day din po.  /  / Patuloy pong sumusuporta at nakatutok ang mga nasa Kapisanang Kadiwa at Lokal ng Norcar Distrito ng Benguet.  /  / Laban Benguet🎶💕",https://www.youtube.com/watch?v=ROa3kbG5M0U&lc=UgzL1XxWv3LVfROcqb54AaABAg,UgzL1XxWv3LVfROcqb54AaABAg,UCEoQCNgytnJxjJnAQLSzFeA,"Fetched 05/23/2026, 9:00:03 PM GMT+8"
34613,@Vien.Bella-vu5rh4pz8b,13 days ago (edited),Happy viewing po sa lahat 😊 / - atok gold,https://www.youtube.com/watch?v=ROa3kbG5M0U&lc=UgzeMxBnAKsnQ-J8e2d4AaABAg,UgzeMxBnAKsnQ-J8e2d4AaABAg,UCB9NRJMQHTIobGeD1zbmbYA,"Fetched 05/23/2026, 9:00:03 PM GMT+8"
34614,@jelmarsabanaltaub2379,13 days ago,Happy watching po mula lokal ng sablan,https://www.youtube.com/watch?v=ROa3kbG5M0U&lc=UgxZOo0TiyVe0pSxjtl4AaABAg,UgxZOo0TiyVe0pSxjtl4AaABAg,UCUH9AULNwrGojXwjN-ulQFQ,"Fetched 05/23/2026, 9:00:03 PM GMT+8"
34615,@gelo4828,13 days ago,❤❤❤❤❤❤ BENGUET BENGUET BENGUET ❤❤❤❤❤❤❤❤ ❤❤❤❤❤❤ BENGUET BENGUET BENGUET ❤❤❤❤❤❤❤❤,https://www.youtube.com/watch?v=ROa3kbG5M0U&lc=UgwUetwDZgFLXQQdzKN4AaABAg,UgwUetwDZgFLXQQdzKN4AaABAg,UCydnW0LoOckk7rQFQbEbI_g,"Fetched 05/23/2026, 9:00:03 PM GMT+8"
34616,@Vien.Bella-vu5rh4pz8b,13 days ago,Happy viewing po mula sa lokal ng Atok Gold❤,https://www.youtube.com/watch?v=ROa3kbG5M0U&lc=UgzuJA-TgkA7VAVJ9-14AaABAg,UgzuJA-TgkA7VAVJ9-14AaABAg,UCB9NRJMQHTIobGeD1zbmbYA,"Fetched 05/23/2026, 9:00:03 PM GMT+8"
34617,@johnreylucio8970,13 days ago,Tapusin mo teh...hahaha,https://www.youtube.com/watch?v=ROa3kbG5M0U&lc=UgwPnr4q7fq7DnJOv9h4AaABAg.AWbkM3HGymFAWbkeMF9O87,UgwPnr4q7fq7DnJOv9h4AaABAg.AWbkM3HGymFAWbkeMF9O87,UCNMupRD4ySrN336KZpy29OA,"Fetched 05/23/2026, 9:00:03 PM GMT+8"
34618,@jonathanlazaro-lr3tw,13 days ago,Masaya po kaming nakikipagkaisa mula po sa LOKAL NG ATOK GOLD. Let's Go! BENGUET!:finger-red-number-one:,https://www.youtube.com/watch?v=ROa3kbG5M0U&lc=UgxufTPYw1viduAInzx4AaABAg,UgxufTPYw1viduAInzx4AaABAg,UCFqvjRjbTvQSzxX4Cw-_bZw,"Fetched 05/23/2026, 9:00:03 PM GMT+8"
34619,@henrycaranto2644,13 days ago,Pagbati po sa lahat ng Kadiwa at Binhi sa Distrito ng Benguet❤❤,https://www.youtube.com/watch?v=ROa3kbG5M0U&lc=UgyrAuhilJvIIIspWNN4AaABAg,UgyrAuhilJvIIIspWNN4AaABAg,UCFilTOy22FklSkBIgwVPVaQ,"Fetched 05/23/2026, 9:00:03 PM GMT+8"
34620,@winkdelarosa2397,13 days ago,"Happy viewing po mga Kapatid! Blessed Sunday po sa lahat~ pagbati po mula sa Lokal ng La Trinidad, Distrito ng Benguet. /  /  / LET'S GO BENGUET!🍓",https://www.youtube.com/watch?v=ROa3kbG5M0U&lc=UgwawC1TDc-kGJh9a4B4AaABAg,UgwawC1TDc-kGJh9a4B4AaABAg,UCcSUir_e5wTvoTFR6eQepyQ,"Fetched 05/23/2026, 9:00:03 PM GMT+8"
34621,@KaJaz-r3n,13 days ago,"Happy Viewing Po! Mula sa lokal ng Gibraltar, kapisanang kadiwa. Let's go benguet🎉",https://www.youtube.com/watch?v=ROa3kbG5M0U&lc=Ugzy4-j0DwFt7EZrUPZ4AaABAg,Ugzy4-j0DwFt7EZrUPZ4AaABAg,UC4BTg4L19kJ77hFPPBce71g,"Fetched 05/23/2026, 9:00:03 PM GMT+8"
34622,@branzylreignp.monzon8245,13 days ago,Happy viewiing po mga kapatid,https://www.youtube.com/watch?v=ROa3kbG5M0U&lc=UgyMIRnJbktPbIvaij94AaABAg,UgyMIRnJbktPbIvaij94AaABAg,UCrgnALfuYg1iEM9L9jhSZnw,"Fetched 05/23/2026, 9:00:03 PM GMT+8"
34623,@yanaur1819,13 days ago,"Hppy watching po mula sa mga maytungkulin ng PNK sa Lokal ng Guisad, Distrito ng Benguet🤍",https://www.youtube.com/watch?v=ROa3kbG5M0U&lc=UgyG9vb4LT-maAVHuoR4AaABAg,UgyG9vb4LT-maAVHuoR4AaABAg,UC_R6veoOSVFlGo6mHkmhiPQ,"Fetched 05/23/2026, 9:00:03 PM GMT+8"
34624,@dwightdeleon-d7y,13 days ago,Happy Watching po From lokal ng Guisad Distrito ng Benguet ❤,https://www.youtube.com/watch?v=ROa3kbG5M0U&lc=Ugxs8KRPcR7_Ytb2Ekl4AaABAg,Ugxs8KRPcR7_Ytb2Ekl4AaABAg,UCsk0co1aZZHc7IcJGzPJ-6g,"Fetched 05/23/2026, 9:00:03 PM GMT+8"
34625,@xaidiaz8634,13 days ago,"happy watching po! greetings po from  lokal ng Guisad, MT ng PNK 🫶",https://www.youtube.com/watch?v=ROa3kbG5M0U&lc=UgxWtuNllAx4etghYch4AaABAg,UgxWtuNllAx4etghYch4AaABAg,UCLUjSLl0rkFOXoQ95xmnG_w,"Fetched 05/23/2026, 9:00:03 PM GMT+8"
34626,@JennilynLazaro-y5x6v,13 days ago,Kami po ay bumabati ng maligayang panonood sa lahat mula po sa Kagawaran ng mga Mang-aawit 🎶 sa Lokal ng Atok Gold🇮🇹,https://www.youtube.com/watch?v=ROa3kbG5M0U&lc=UgzbHPx4fppbUhFuOAR4AaABAg,UgzbHPx4fppbUhFuOAR4AaABAg,UCItB-k__Z6a289WuGtIxsbw,"Fetched 05/23/2026, 9:00:03 PM GMT+8"
34627,@Vien.Bella-vu5rh4pz8b,13 days ago,Happy viewing po mula sa lokal ng Atok Gold❤,https://www.youtube.com/watch?v=ROa3kbG5M0U&lc=UgyAti5gSnBTQbrhLsJ4AaABAg,UgyAti5gSnBTQbrhLsJ4AaABAg,UCB9NRJMQHTIobGeD1zbmbYA,"Fetched 05/23/2026, 9:00:03 PM GMT+8"
34628,@jonathanlazaro-lr3tw,13 days ago,Pagbati po sa lahat ng nanonood mula po sa Lokal ng Atok Gold 💚🤍❤,https://www.youtube.com/watch?v=ROa3kbG5M0U&lc=UgyxQK9d8n7Ris5hC5h4AaABAg,UgyxQK9d8n7Ris5hC5h4AaABAg,UCFqvjRjbTvQSzxX4Cw-_bZw,"Fetched 05/23/2026, 9:00:03 PM GMT+8"
34629,@meryllsagampod7982,13 days ago,“Gods love is bigger than the ocean” /  /  / Go Benguet!! /  / Mula sa lokal ng Kias!!  /  / Pagbati mula sa kapisananng Kadiwa po !! 😊,https://www.youtube.com/watch?v=ROa3kbG5M0U&lc=Ugyd1-348I0kcJQ5hmJ4AaABAg,Ugyd1-348I0kcJQ5hmJ4AaABAg,UCVkLACK3Y8LbTZhVrCb88CA,"Fetched 05/23/2026, 9:00:03 PM GMT+8"
34630,@Julskie28,13 days ago,Let's watch ulit po mga kapatid! /  / Hello po ulit sa mga kadiwa jan. Rewatch na! /  / Let's Go Benguet 🍓 🎉🎉 /  / From Lokal ng Guisad❤,https://www.youtube.com/watch?v=ROa3kbG5M0U&lc=UgyxWTzZf_JI2TLdpBp4AaABAg,UgyxWTzZf_JI2TLdpBp4AaABAg,UC1nz0UiWHV8lyoQdZtJejeg,"Fetched 05/23/2026, 9:00:03 PM GMT+8"
34631,@luibustamante9493,13 days ago,"Happy viewing po sa lahat ng mga maytungkulin, lalo na po sa Kapisanang Kadiwa at sa mga Kadiwa District Officers na muling umaarangkada! /  / KDO unity truly reigns — solid, inspiring, and full of love! 👏❤️🔥 /  /  / Mula po sa Lokal ng Tuba 🤗🤗",https://www.youtube.com/watch?v=ROa3kbG5M0U&lc=UgzYHuyS8dZUvgw-mbx4AaABAg,UgzYHuyS8dZUvgw-mbx4AaABAg,UCFAmrhDmv6rvZrQoYp-IS9w,"Fetched 05/23/2026, 9:00:03 PM GMT+8"
34632,@johnreylucio8970,13 days ago,"Happy and Blessed Sunday mga Kapatidd all over the World!! /  / Pagbati po Mula sa Kapisanang Kadiwa, / Lokal ng LA TRINIDAD!!🥦🐑🍓",https://www.youtube.com/watch?v=ROa3kbG5M0U&lc=UgxeuCs6kh31WYWLTZN4AaABAg,UgxeuCs6kh31WYWLTZN4AaABAg,UCNMupRD4ySrN336KZpy29OA,"Fetched 05/23/2026, 9:00:03 PM GMT+8"
34633,@jeanietugad4595,13 days ago,"...Pagbati po kay  kapatid na Rovell Nogoy,, magiting at gwapong DRC ng Benguet,,,Maligayang panonood po kasama ang kanyang Sambahayan,,,, Atok Gold,,, Kalihiman/Registry.",https://www.youtube.com/watch?v=ROa3kbG5M0U&lc=UgzmHCt28LiI85qqtmx4AaABAg,UgzmHCt28LiI85qqtmx4AaABAg,UC4-hT99A9u-aH7hnm5JCSfg,"Fetched 05/23/2026, 9:00:03 PM GMT+8"
34634,@Its_Handsome_Kurtzky5442,13 days ago,Happy Mornings po / Happy Viewing po mula sa Lokal ng Tuba Distrito ng Benguet /  / Binabati ko po mga kadiwa at PNK po 🎉,https://www.youtube.com/watch?v=ROa3kbG5M0U&lc=Ugx8PercWN4oev0Q7bF4AaABAg,Ugx8PercWN4oev0Q7bF4AaABAg,UC8-5OKyruhxurhAkxdT5SlQ,"Fetched 05/23/2026, 9:00:03 PM GMT+8"
34635,@gwynethcayabyab5981,13 days ago,Hello po sa mga kadiwa na laging sumusupporta🎉 / - megaroyale,https://www.youtube.com/watch?v=ROa3kbG5M0U&lc=UgylhkRNU1Lk7ssabr14AaABAg,UgylhkRNU1Lk7ssabr14AaABAg,UCouodNvhL1bfJC2Fz0B_Rcw,"Fetched 05/23/2026, 9:00:03 PM GMT+8"
34636,@RonRyanValdez-b7v,13 days ago,Happy viewing po mula sa lokal Ng la Trinidad Benguet,https://www.youtube.com/watch?v=ROa3kbG5M0U&lc=UgwGS5epjjs0TQafjzB4AaABAg,UgwGS5epjjs0TQafjzB4AaABAg,UC8YTcg0ufCQY73Rrtr3E6MA,"Fetched 05/23/2026, 9:00:03 PM GMT+8"
34637,@jonieyonga-an5239,13 days ago,Good morning parin Po mga kapatiddd!!!🎉 /  / Taraa nood ulitt🎉 / Pagbati Po Mula Sa Lokal Ng Binanga Distrito Ng Benguet 🎉 /  / Magandang Umaga Po sa mga Kadiwa at binhi natin jan na wlang sawang nanonood🎉🎉,https://www.youtube.com/watch?v=ROa3kbG5M0U&lc=UgxDZ_kj-CQayUibtnN4AaABAg,UgxDZ_kj-CQayUibtnN4AaABAg,UCgUo3JP_Fffuctza4bUumJg,"Fetched 05/23/2026, 9:00:03 PM GMT+8"
34638,@jeanietugad4595,13 days ago,"❤❤❤ Maligayang panonood po,,, Kalihiman/Registry,,,Atok Gold..❤❤",https://www.youtube.com/watch?v=ROa3kbG5M0U&lc=Ugyl49lxdFyE3ZOXbMN4AaABAg,Ugyl49lxdFyE3ZOXbMN4AaABAg,UC4-hT99A9u-aH7hnm5JCSfg,"Fetched 05/23/2026, 9:00:03 PM GMT+8"
34639,@jonathanlazaro-lr3tw,13 days ago,Masaya po kaming nakikipagkaisa mula po sa LOKAL NG ATOK GOLD. Let's Go! BENGUET!:finger-red-number-one:,https://www.youtube.com/watch?v=ROa3kbG5M0U&lc=Ugx-SUd2VsjAf4UfFcZ4AaABAg,Ugx-SUd2VsjAf4UfFcZ4AaABAg,UCFqvjRjbTvQSzxX4Cw-_bZw,"Fetched 05/23/2026, 9:00:03 PM GMT+8"
34640,@jeanietugad4595,13 days ago,"....Mga kapatid sa Distrito ng Benguet,,, Happy viewing po,,, from Atok Gold,,, Kalihiman/Registry..",https://www.youtube.com/watch?v=ROa3kbG5M0U&lc=UgybJ5IPbYflWriPoNl4AaABAg,UgybJ5IPbYflWriPoNl4AaABAg,UC4-hT99A9u-aH7hnm5JCSfg,"Fetched 05/23/2026, 9:00:03 PM GMT+8"
34641,@Vien.Bella-vu5rh4pz8b,13 days ago,Happy viewing po mula sa lokal ng Atok Gold😊😊😊😊😊,https://www.youtube.com/watch?v=ROa3kbG5M0U&lc=UgypDby3QUNjnXCa7k54AaABAg,UgypDby3QUNjnXCa7k54AaABAg,UCB9NRJMQHTIobGeD1zbmbYA,"Fetched 05/23/2026, 9:00:03 PM GMT+8"
34642,@MaritesNgaya-an,13 days ago,Happy viewing po mula po sa lokal ng balakbak-kibungan extension.,https://www.youtube.com/watch?v=ROa3kbG5M0U&lc=UgxISANpEtxwQCcQkeB4AaABAg,UgxISANpEtxwQCcQkeB4AaABAg,UCkbF-IRJ8hwqSiE1uv_oMhw,"Fetched 05/23/2026, 9:00:03 PM GMT+8"
34643,@jonathanlazaro-lr3tw,13 days ago,Pagbati po sa lahat ng nanonood mula po sa Lokal ng Atok Gold 💚🤍❤,https://www.youtube.com/watch?v=ROa3kbG5M0U&lc=UgwoblxmdrM4dQvICHd4AaABAg,UgwoblxmdrM4dQvICHd4AaABAg,UCFqvjRjbTvQSzxX4Cw-_bZw,"Fetched 05/23/2026, 9:00:03 PM GMT+8"
34644,@JennilynLazaro-y5x6v,13 days ago,HAPPY Sunday po sa lahat ng nanonood mula po sa LOKAL NG ATOK GOLD  🌼,https://www.youtube.com/watch?v=ROa3kbG5M0U&lc=Ugzt9HAvA3WHjCqVPfh4AaABAg,Ugzt9HAvA3WHjCqVPfh4AaABAg,UCItB-k__Z6a289WuGtIxsbw,"Fetched 05/23/2026, 9:00:03 PM GMT+8"
34645,@Vien.Bella-vu5rh4pz8b,13 days ago,Happy viewing po mula sa lokal ng Atok Gold❤,https://www.youtube.com/watch?v=ROa3kbG5M0U&lc=UgzrBFNS01HTg2qEU9l4AaABAg,UgzrBFNS01HTg2qEU9l4AaABAg,UCB9NRJMQHTIobGeD1zbmbYA,"Fetched 05/23/2026, 9:00:03 PM GMT+8"
34646,@FRIANJOYBOADILLA,13 days ago,Happy Viewing po from Lokal ng Balakbak - Kibungan Extension Distrito ng Benguet❤🎉,https://www.youtube.com/watch?v=ROa3kbG5M0U&lc=Ugxb27vPrj7E73IfgEJ4AaABAg,Ugxb27vPrj7E73IfgEJ4AaABAg,UCQkzdUjb2Wm1agNOWFy5VfQ,"Fetched 05/23/2026, 9:00:03 PM GMT+8"
34647,@almazanrhyndylyn,13 days ago,Naimbag nga aldaw kada tayo gagayyem nga agtultuloy nga agsupsuporta kn agdingdingeg.  /  / Itultuloy tayo garud kuma t panagbuya kakadwa nga Binhi kn Kadiwa t nadumaduma nga Lokal. /  / -- Magapo iti Kapisanang Kadiwa kn Lokal t Norcar Distrito t Benguet 💕💕,https://www.youtube.com/watch?v=ROa3kbG5M0U&lc=UgxhFEDT4CvTgG64uiB4AaABAg,UgxhFEDT4CvTgG64uiB4AaABAg,UCEoQCNgytnJxjJnAQLSzFeA,"Fetched 05/23/2026, 9:00:03 PM GMT+8"
34648,@user-oe4ii6ey8u,13 days ago,"Happy viewing po. /  / Mula po sa Lokal ng Balakbak, Kinungan Extension",https://www.youtube.com/watch?v=ROa3kbG5M0U&lc=UgyLQ2NT33s-IubJpr94AaABAg,UgyLQ2NT33s-IubJpr94AaABAg,UCvWCkl_7OY5EbPZp2TGwzMw,"Fetched 05/23/2026, 9:00:03 PM GMT+8"
34649,@JennilynLazaro-y5x6v,13 days ago,Kami po ay bumabati ng maligayang panonood sa lahat mula po sa Kagawaran ng mga Mang-aawit 🎶 sa Lokal ng Atok Gold🇮🇹,https://www.youtube.com/watch?v=ROa3kbG5M0U&lc=UgwA_EKyYhpZ6kw69HF4AaABAg,UgwA_EKyYhpZ6kw69HF4AaABAg,UCItB-k__Z6a289WuGtIxsbw,"Fetched 05/23/2026, 9:00:03 PM GMT+8"
34650,@ligayaboadilla761,13 days ago,happy viewing pi mula sa balakbak kibungan extension,https://www.youtube.com/watch?v=ROa3kbG5M0U&lc=Ugz_3PO6zlQDz2I7jtJ4AaABAg,Ugz_3PO6zlQDz2I7jtJ4AaABAg,UCKKyl-SO2DOSqYEdYQecS1g,"Fetched 05/23/2026, 9:00:03 PM GMT+8"
34651,@jonathanlazaro-lr3tw,13 days ago,Pagbati po sa lahat ng nanonood mula po sa LOKAL NG ATOK GOLD,https://www.youtube.com/watch?v=ROa3kbG5M0U&lc=Ugynm75Ou8mmB_fa8gV4AaABAg,Ugynm75Ou8mmB_fa8gV4AaABAg,UCFqvjRjbTvQSzxX4Cw-_bZw,"Fetched 05/23/2026, 9:00:03 PM GMT+8"
34652,@JhadeVecino,13 days ago,Gudmorning Po.. Mula sa LOKAL NG ATOK GOLD BENGUET. Pagbati sa kawarang mga mang aawit,https://www.youtube.com/watch?v=ROa3kbG5M0U&lc=Ugy8SjCmYABvOsGBR_94AaABAg,Ugy8SjCmYABvOsGBR_94AaABAg,UC6G7aKYeoTFEdZdzsafEppQ,"Fetched 05/23/2026, 9:00:03 PM GMT+8"
34653,@jaymaratam938,13 days ago,"Happy viewing po mula sa lokal ng balakbak, kibungan ext.",https://www.youtube.com/watch?v=ROa3kbG5M0U&lc=UgzBwzr0gwn_W3Rxoj54AaABAg,UgzBwzr0gwn_W3Rxoj54AaABAg,UCscFgVwrWZtVoHzfKYjX-jA,"Fetched 05/23/2026, 9:00:03 PM GMT+8"
34654,@CloudRubis-b4s,13 days ago,Good day..happy viewing Po from locale balakbak-kibungan ext... District of benguet❤,https://www.youtube.com/watch?v=ROa3kbG5M0U&lc=Ugw_Fawsg_EQMYWnrLx4AaABAg,Ugw_Fawsg_EQMYWnrLx4AaABAg,UCs3ZfXp5F1tgo0T1NjP-I7w,"Fetched 05/23/2026, 9:00:03 PM GMT+8"
34655,@RichardBoadilla-c9x,13 days ago,Happy viewing Balakbak Kibungan Ext.,https://www.youtube.com/watch?v=ROa3kbG5M0U&lc=UgzJViEDZ9qMdxN8XXh4AaABAg,UgzJViEDZ9qMdxN8XXh4AaABAg,UCNIAMtQdWtiXjfaG8D1RQhw,"Fetched 05/23/2026, 9:00:03 PM GMT+8"
34656,@Ermida-z8i,13 days ago,Happy viewing Po Mula Po sa  lokal Ng balakbak kibungan extension po,https://www.youtube.com/watch?v=ROa3kbG5M0U&lc=Ugw9tCv0U3_uR4aenpB4AaABAg,Ugw9tCv0U3_uR4aenpB4AaABAg,UC2-gVy-SeybxaSrYtuG6Bgg,"Fetched 05/23/2026, 9:00:03 PM GMT+8"
34657,@Vien.Bella-vu5rh4pz8b,13 days ago,Happy viewing po mula sa lokal ng Atok Gold❤,https://www.youtube.com/watch?v=ROa3kbG5M0U&lc=UgxAoa_WnmK5IlQmlVR4AaABAg,UgxAoa_WnmK5IlQmlVR4AaABAg,UCB9NRJMQHTIobGeD1zbmbYA,"Fetched 05/23/2026, 9:00:03 PM GMT+8"
34658,@AtamlenieA,13 days ago (edited),HAPPY VIEWING PO  / MULA PO SA LOKAL NG BALAKBAK - KIBUNGAN EXTENSION,https://www.youtube.com/watch?v=ROa3kbG5M0U&lc=UgwnJxM_qerTfJwnbF54AaABAg,UgwnJxM_qerTfJwnbF54AaABAg,UCvGbuhwopeLtI-hBsve9e6w,"Fetched 05/23/2026, 9:00:03 PM GMT+8"
34659,@jhemerandio8439,13 days ago,Happy viewing po mula sa balakbak-kibungan Extension,https://www.youtube.com/watch?v=ROa3kbG5M0U&lc=UgyWcwNf4FLUPM8xmtt4AaABAg,UgyWcwNf4FLUPM8xmtt4AaABAg,UCLvQx-uEuvI9hthWEOgBuiQ,"Fetched 05/23/2026, 9:00:03 PM GMT+8"
34660,@VinceBEANS-t6f,13 days ago,"Happy viewings po, mula po sa Balakbak Kibungan Ext.",https://www.youtube.com/watch?v=ROa3kbG5M0U&lc=UgyQSAeb0AVUuRiOtNN4AaABAg,UgyQSAeb0AVUuRiOtNN4AaABAg,UCEtYOd1s5urnzWoZDSBDcjw,"Fetched 05/23/2026, 9:00:03 PM GMT+8"
34661,@JurgensonTelio,13 days ago,Watching here from KIBUNGAN EXTENSION DISTRICT OF BENGUET.  / Happy viewing po mga kapatid 😊,https://www.youtube.com/watch?v=ROa3kbG5M0U&lc=UgyOmYuWFgP5iuoLksB4AaABAg,UgyOmYuWFgP5iuoLksB4AaABAg,UC4aasZFLmnSLMt1nGQXel3w,"Fetched 05/23/2026, 9:00:03 PM GMT+8"
34662,@jeanietugad4595,13 days ago,".....PAGBATI po sa mga kasamang nanonood,,,,Kalihiman/Registry.....Atok Gold...",https://www.youtube.com/watch?v=ROa3kbG5M0U&lc=Ugx_eyRM5VCFxx_-b914AaABAg,Ugx_eyRM5VCFxx_-b914AaABAg,UC4-hT99A9u-aH7hnm5JCSfg,"Fetched 05/23/2026, 9:00:03 PM GMT+8"
34663,@jeanietugad4595,13 days ago,"Happy viewing po,,, Lokal ng Atok Gold,, Kalihiman/Registry...",https://www.youtube.com/watch?v=ROa3kbG5M0U&lc=UgwVPp1M0DofB9PjWcd4AaABAg,UgwVPp1M0DofB9PjWcd4AaABAg,UC4-hT99A9u-aH7hnm5JCSfg,"Fetched 05/23/2026, 9:00:03 PM GMT+8"
34664,@JennilynLazaro-y5x6v,13 days ago (edited),HAPPY Sunday po sa lahat ng nanonood mula po sa LOKAL NG ATOK GOLD  🌼,https://www.youtube.com/watch?v=ROa3kbG5M0U&lc=UgzpLOANmN4ZTrTwpn94AaABAg,UgzpLOANmN4ZTrTwpn94AaABAg,UCItB-k__Z6a289WuGtIxsbw,"Fetched 05/23/2026, 9:00:03 PM GMT+8"
34665,@JhadeVecino,13 days ago,Blessed Sunday to all Mula sa LOKAL NG ATOK GOLD BENGUET,https://www.youtube.com/watch?v=ROa3kbG5M0U&lc=UgxDGRT5SYDKahEYf7l4AaABAg,UgxDGRT5SYDKahEYf7l4AaABAg,UC6G7aKYeoTFEdZdzsafEppQ,"Fetched 05/23/2026, 9:00:03 PM GMT+8"
34666,@jonathanlazaro-lr3tw,13 days ago,Pagbati po sa lahat ng nanonood mula po sa Lokal ng Atok Gold 💚🤍❤,https://www.youtube.com/watch?v=ROa3kbG5M0U&lc=Ugymo9r4nCJTWdQPDAx4AaABAg,Ugymo9r4nCJTWdQPDAx4AaABAg,UCFqvjRjbTvQSzxX4Cw-_bZw,"Fetched 05/23/2026, 9:00:03 PM GMT+8"
34667,@gelo4828,13 days ago,"Pagbati po kasama po ang mga nasa Kapisanang KADIWA, at buong kapatid sa buong mundo. Happy Viewing po🎉🎉🎉❤❤",https://www.youtube.com/watch?v=ROa3kbG5M0U&lc=UgzbLWN2bv_o9sYQY-x4AaABAg,UgzbLWN2bv_o9sYQY-x4AaABAg,UCydnW0LoOckk7rQFQbEbI_g,"Fetched 05/23/2026, 9:00:03 PM GMT+8"
34668,@Vien.Bella-vu5rh4pz8b,13 days ago,Happy viewing po mula sa lokal ng Atok Gold❤❤❤,https://www.youtube.com/watch?v=ROa3kbG5M0U&lc=UgytzYcAeMlQtzowbZZ4AaABAg,UgytzYcAeMlQtzowbZZ4AaABAg,UCB9NRJMQHTIobGeD1zbmbYA,"Fetched 05/23/2026, 9:00:03 PM GMT+8"
34669,@jonieyonga-an5239,13 days ago,"Naimbag nga aldaw u kakabsat🎉 /  / Manipud dtoi lokal ti Binanga, Distrito ti Benguet, mayat bga aldaw u kakabsat🎉 /  / Kasta met kadagiti Kadiwa ken binhi nga patuloy sumupsuporta, ituloy tayo pay kuma🎉🎉",https://www.youtube.com/watch?v=ROa3kbG5M0U&lc=UgzfJDEa2QUGYInsCqZ4AaABAg,UgzfJDEa2QUGYInsCqZ4AaABAg,UCgUo3JP_Fffuctza4bUumJg,"Fetched 05/23/2026, 9:00:03 PM GMT+8"
34670,@Julskie28,13 days ago,Let's Go Benguet 🍓 🎉🎉 /  / Hello po sa ating lahat especially sa mga nasa KADIWA at Binhi sa buong mundo! /  / Mula po sa lokal ng guisad,https://www.youtube.com/watch?v=ROa3kbG5M0U&lc=UgwwuML9GfsS0hvzRWx4AaABAg,UgwwuML9GfsS0hvzRWx4AaABAg,UC1nz0UiWHV8lyoQdZtJejeg,"Fetched 05/23/2026, 9:00:03 PM GMT+8"
34671,@JennilynLazaro-y5x6v,13 days ago,Happy Sunday po sa lahat :hand-pink-waving:,https://www.youtube.com/watch?v=ROa3kbG5M0U&lc=UgwVPCI-mPEPh3iVPwl4AaABAg,UgwVPCI-mPEPh3iVPwl4AaABAg,UCItB-k__Z6a289WuGtIxsbw,"Fetched 05/23/2026, 9:00:03 PM GMT+8"
34672,@JennilynLazaro-y5x6v,13 days ago,Kami po ay bumabati ng maligayang panonood sa lahat mula po sa Kagawaran ng mga Mang-aawit 🎶 sa Lokal ng Atok Gold🇮🇹,https://www.youtube.com/watch?v=ROa3kbG5M0U&lc=UgxxWhmO4mbxjWeVaN14AaABAg,UgxxWhmO4mbxjWeVaN14AaABAg,UCItB-k__Z6a289WuGtIxsbw,"Fetched 05/23/2026, 9:00:03 PM GMT+8"
34673,@jonathanlazaro-lr3tw,13 days ago,Pagbati po sa lahat ng nanonood mula po sa Lokal ng Atok Gold 💚🤍❤,https://www.youtube.com/watch?v=ROa3kbG5M0U&lc=UgwS1VAQ4po1M47PJod4AaABAg,UgwS1VAQ4po1M47PJod4AaABAg,UCFqvjRjbTvQSzxX4Cw-_bZw,"Fetched 05/23/2026, 9:00:03 PM GMT+8"
34674,@Vien.Bella-vu5rh4pz8b,13 days ago,Happy viewing po mula sa lokal ng Atok Gold❤,https://www.youtube.com/watch?v=ROa3kbG5M0U&lc=UgyGBGBe60qMgrqiv8d4AaABAg,UgyGBGBe60qMgrqiv8d4AaABAg,UCB9NRJMQHTIobGeD1zbmbYA,"Fetched 05/23/2026, 9:00:03 PM GMT+8"
34675,@gwynethcayabyab5981,13 days ago,"Happy sunday po mga kapatid🎉 / Keep on watching po / - Megaroyale, kadiwa❤",https://www.youtube.com/watch?v=ROa3kbG5M0U&lc=UgxHaxRtkRQs4Cs79Lx4AaABAg,UgxHaxRtkRQs4Cs79Lx4AaABAg,UCouodNvhL1bfJC2Fz0B_Rcw,"Fetched 05/23/2026, 9:00:03 PM GMT+8"
34676,@almazanrhyndylyn,13 days ago,It truly shows that God's wondrous love was able to reach us with our calling to the church and how we are blessed being officers.  /  / Still here watching and cheering for our District's Entry - God's Love /  / From the Local Congregation of Norcar District of Benguet and Kapisanang Kadiwa. /  / #GodsLove / #FYM140,https://www.youtube.com/watch?v=ROa3kbG5M0U&lc=UgyNNPV8fZ8ZfvgRW6t4AaABAg,UgyNNPV8fZ8ZfvgRW6t4AaABAg,UCEoQCNgytnJxjJnAQLSzFeA,"Fetched 05/23/2026, 9:00:03 PM GMT+8"
34677,@luibustamante9493,13 days ago (edited),"Let's Go Benguet 🎉 / Let's Go Kadiwa 💪 /  / We're back again 🤗🤗🤗Sama-sama sa pagsuporta, Solid 😎 💪💪 /  / Tara na po mag-ingay mga Kadiwa District Officers 🔊🔊 /  /  / -Lokal ng Tuba",https://www.youtube.com/watch?v=ROa3kbG5M0U&lc=UgzLGLNrSuLK-X1whPJ4AaABAg,UgzLGLNrSuLK-X1whPJ4AaABAg,UCFAmrhDmv6rvZrQoYp-IS9w,"Fetched 05/23/2026, 9:00:03 PM GMT+8"
34678,@henrycaranto2644,13 days ago,Ready na po ulet sa pag Supporta lahat ng Benguet KADIWA Officers❤🎉 /  / Pagbati po sa lahat mula sa Lokal ng Baguio City🎉🎉❤❤,https://www.youtube.com/watch?v=ROa3kbG5M0U&lc=Ugwrn_KbS7-8cFRimuV4AaABAg,Ugwrn_KbS7-8cFRimuV4AaABAg,UCFilTOy22FklSkBIgwVPVaQ,"Fetched 05/23/2026, 9:00:03 PM GMT+8"
34679,@JennilynLazaro-y5x6v,13 days ago,"Mula po sa Kagawaran ng mga Mang-aawit 🎶 sa Lokal ng Atok Gold, Distrito ng Benguet 🇮🇹  / kami po ay bumabati ng maligayang panonood ☺",https://www.youtube.com/watch?v=ROa3kbG5M0U&lc=UgzoLfiL7drRFuDKYXZ4AaABAg,UgzoLfiL7drRFuDKYXZ4AaABAg,UCItB-k__Z6a289WuGtIxsbw,"Fetched 05/23/2026, 9:00:03 PM GMT+8"
34680,@jonathanlazaro-lr3tw,13 days ago,Pagbati po sa lahat ng nanonood mula po sa Lokal ng Atok Gold 💚🤍❤,https://www.youtube.com/watch?v=ROa3kbG5M0U&lc=UgwJWiUmeHF7gNzV6hh4AaABAg,UgwJWiUmeHF7gNzV6hh4AaABAg,UCFqvjRjbTvQSzxX4Cw-_bZw,"Fetched 05/23/2026, 9:00:03 PM GMT+8"
34681,@krishamaeforteza3076,13 days ago,"🎶God's Love is bigger that the entire universe of stars🎶 / Happy Viewing po! Greetings po from Lokal ng Hillside, Distrito ng Benguet🤍",https://www.youtube.com/watch?v=ROa3kbG5M0U&lc=UgzuTqp4vPFJ3gGruQt4AaABAg,UgzuTqp4vPFJ3gGruQt4AaABAg,UCkuSQ0_Ec77rx_qcK_O7wyw,"Fetched 05/23/2026, 9:00:03 PM GMT+8"
34682,@Vien.Bella-vu5rh4pz8b,13 days ago,Happy viewing po mula sa lokal ng Atok Gold❤,https://www.youtube.com/watch?v=ROa3kbG5M0U&lc=Ugwrnjq3pJmwieXg6ah4AaABAg,Ugwrnjq3pJmwieXg6ah4AaABAg,UCB9NRJMQHTIobGeD1zbmbYA,"Fetched 05/23/2026, 9:00:03 PM GMT+8"
34683,@jonieyonga-an5239,13 days ago,Let's gooo let's go let's gooooo Benguettt!!!🎉 /  / Eto na nmn mangungulit sa comment section 🎉 /  / Happy viewing Po mga Kapatid Mula Po sa lokal Ng Norcar Distrito Ng Benguet 🎉 /  / Hello Po sa mga Kadiwa at binhi na nakasubaybay🎉,https://www.youtube.com/watch?v=ROa3kbG5M0U&lc=UgxZsvi0k3mqTAwoYPx4AaABAg,UgxZsvi0k3mqTAwoYPx4AaABAg,UCgUo3JP_Fffuctza4bUumJg,"Fetched 05/23/2026, 9:00:03 PM GMT+8"
34684,@almazanrhyndylyn,13 days ago,Another wave of support from the Kadiwa District Officers and the Local Congregation of Norcar District of Benguet. /  / Let's keep it up Benguet💕💕,https://www.youtube.com/watch?v=ROa3kbG5M0U&lc=UgwmTUz8oc7BCFQ1CKt4AaABAg,UgwmTUz8oc7BCFQ1CKt4AaABAg,UCEoQCNgytnJxjJnAQLSzFeA,"Fetched 05/23/2026, 9:00:03 PM GMT+8"
34685,@gwynethcayabyab5981,13 days ago,"Gods love is bigger than the ocean talaga /  / - lokal ng megaroyal, kadiwa",https://www.youtube.com/watch?v=ROa3kbG5M0U&lc=UgwGzip05TC6dxJ3mq94AaABAg,UgwGzip05TC6dxJ3mq94AaABAg,UCouodNvhL1bfJC2Fz0B_Rcw,"Fetched 05/23/2026, 9:00:03 PM GMT+8"
34686,@kimberlysarmiento1034,13 days ago (edited),Best regards po sa lahat ng KADIWA DISTRICT OFFICERS ng distrito ng BENGUET ❤❤❤ /  / From lokal ng Tuba🎉,https://www.youtube.com/watch?v=ROa3kbG5M0U&lc=Ugx1r5ZAilu-zD_f9LB4AaABAg,Ugx1r5ZAilu-zD_f9LB4AaABAg,UCds_RyKfMX7Xzg4PQRhf9NQ,"Fetched 05/23/2026, 9:00:03 PM GMT+8"
34687,@luibustamante9493,13 days ago,"Magandang umaga po sa ating lahat. Happy viewing po mga kapatid. 🤗 /  / Pinabati ko po ang Kadiwa Pres. Ka Henry na sobrang sipag magising ng maaga at di maawat sa pagsuporta at panonood.  /  / -KDO, Lokal ng tuba",https://www.youtube.com/watch?v=ROa3kbG5M0U&lc=UgxhpHozbdtFxZoGF5x4AaABAg,UgxhpHozbdtFxZoGF5x4AaABAg,UCFAmrhDmv6rvZrQoYp-IS9w,"Fetched 05/23/2026, 9:00:03 PM GMT+8"
34688,@Julskie28,13 days ago,Greetings po mula sa lokal ng Guisad distrito ng benguet /  / Let's Go BENGUET / Let's Gp KADIWA,https://www.youtube.com/watch?v=ROa3kbG5M0U&lc=UgyvS3aGJgQokiD3nBZ4AaABAg,UgyvS3aGJgQokiD3nBZ4AaABAg,UC1nz0UiWHV8lyoQdZtJejeg,"Fetched 05/23/2026, 9:00:03 PM GMT+8"
34689,@henrycaranto2644,13 days ago,"Happy Sunday po sa Lahat❤️ /  / Binabati po namin lahat ng Buklod,KADIWA at Binhi na patuloy na nakasubaybay❤❤🎉🎉 /  / Pagbati po mula sa KDO’Benguet / At Lokal ng Baguio City😊😊❤",https://www.youtube.com/watch?v=ROa3kbG5M0U&lc=UgwxVr5kArsU_ILGd_F4AaABAg,UgwxVr5kArsU_ILGd_F4AaABAg,UCFilTOy22FklSkBIgwVPVaQ,"Fetched 05/23/2026, 9:00:03 PM GMT+8"
34690,@KaJaz-r3n,13 days ago,"Good morning po mga kapatid. Greetings Po mula sa lokal ng Gibraltar, kapisanang kadiwa. Happy viewing po🎉",https://www.youtube.com/watch?v=ROa3kbG5M0U&lc=UgwhKc47gSK0dAj1qxB4AaABAg,UgwhKc47gSK0dAj1qxB4AaABAg,UC4BTg4L19kJ77hFPPBce71g,"Fetched 05/23/2026, 9:00:03 PM GMT+8"
34691,@johnreylucio8970,13 days ago,"Happy Viewing po, sa mga Kadiwa,,Mula sa Lokal ng LA TRINIDAD,",https://www.youtube.com/watch?v=ROa3kbG5M0U&lc=UgzkBe62k1Ht2Klp0Nl4AaABAg,UgzkBe62k1Ht2Klp0Nl4AaABAg,UCNMupRD4ySrN336KZpy29OA,"Fetched 05/23/2026, 9:00:03 PM GMT+8"
34692,@jonieyonga-an5239,13 days ago,Happy viewing Po muli mga kapatid🎉 / Shout out Po sa mga Kadiwa at binhi na nanonood jan🎉 /  / Pagbati Po Mula Sa Lokal Ng Norcar Distrito Ng Benguet 🎉,https://www.youtube.com/watch?v=ROa3kbG5M0U&lc=Ugwl6VM0jJhjV_chehZ4AaABAg,Ugwl6VM0jJhjV_chehZ4AaABAg,UCgUo3JP_Fffuctza4bUumJg,"Fetched 05/23/2026, 9:00:03 PM GMT+8"
34693,@JethroMarconi,13 days ago,Happy viewing po mula po SA Lokal la Trinidad distrito Ng BENGUET ❤❤❤,https://www.youtube.com/watch?v=ROa3kbG5M0U&lc=Ugzm_P8UECB6uKv8SpR4AaABAg,Ugzm_P8UECB6uKv8SpR4AaABAg,UCZLQFZ9UEZ43qu4MWzaKCVg,"Fetched 05/23/2026, 9:00:03 PM GMT+8"
34694,@JecelOchavillo,13 days ago,Happy viewing po mula po sa lokal ng la trinidad distrito ng benguet,https://www.youtube.com/watch?v=ROa3kbG5M0U&lc=UgyYbOjRMr75xXVu97p4AaABAg,UgyYbOjRMr75xXVu97p4AaABAg,UCrdRBZAwC3mB5jOEEQailgA,"Fetched 05/23/2026, 9:00:03 PM GMT+8"
34695,@marlongerona4597,13 days ago,Happy viewing po mula po sa Lokal ng La Trinidad distrito ng Benguet,https://www.youtube.com/watch?v=ROa3kbG5M0U&lc=UgxM2opGMolrj24e30J4AaABAg,UgxM2opGMolrj24e30J4AaABAg,UCluBCaj2TCJ96Yz_2faQ1og,"Fetched 05/23/2026, 9:00:03 PM GMT+8"
34696,@emysacyaten9475,13 days ago,Happy viewing po mula sa Lokal Ng La Trinidad Distrito ng Benguet,https://www.youtube.com/watch?v=ROa3kbG5M0U&lc=Ugz9JR_FZfajhNSxoP54AaABAg,Ugz9JR_FZfajhNSxoP54AaABAg,UCvj25Z1H0yiVBksFdms9X6Q,"Fetched 05/23/2026, 9:00:03 PM GMT+8"
34697,@EvelynAsuncion-o2n,13 days ago,Happy viewing Po Mula Po sa La Trinidad distrito ng benguet,https://www.youtube.com/watch?v=ROa3kbG5M0U&lc=UgyLCd9Hnoxbny-A9-54AaABAg,UgyLCd9Hnoxbny-A9-54AaABAg,UChXuuuWeR3M-EB5CrACz3sA,"Fetched 05/23/2026, 9:00:03 PM GMT+8"
34698,@RAyVen-m5y,13 days ago,happy viewing mula po sa locaL nanG La trinidad Distrito nanG bengueT,https://www.youtube.com/watch?v=ROa3kbG5M0U&lc=UgxiYDtq75U9RY6xSSZ4AaABAg,UgxiYDtq75U9RY6xSSZ4AaABAg,UCpaD94o1nBFoUcJ0lFQOP6Q,"Fetched 05/23/2026, 9:00:03 PM GMT+8"
34699,@janjandeguzman,13 days ago,"happy viewing po, greetings from local ng La Trinidad distrito ng benguet",https://www.youtube.com/watch?v=ROa3kbG5M0U&lc=UgyMbLBl0N_ynSAa7lR4AaABAg,UgyMbLBl0N_ynSAa7lR4AaABAg,UCAz5ZOxU4-d0J5i8iIjIcSg,"Fetched 05/23/2026, 9:00:03 PM GMT+8"
34700,@PrincedeMesa-m7l,13 days ago,Happy viewing po mula po sa lokal ng La Trinidad distrito ng benguet,https://www.youtube.com/watch?v=ROa3kbG5M0U&lc=UgytSeOYVKWN3TVavGJ4AaABAg,UgytSeOYVKWN3TVavGJ4AaABAg,UCsSkODfVZQzVunDvyG6XSlg,"Fetched 05/23/2026, 9:00:03 PM GMT+8"
34701,@johnreylucio8970,13 days ago,"Nananatili kaming kaisa!! Happy Viewing po sa ating lahat,, Greetings From Kadiwa, Dito po sa Lokal ng La Trinidad, Maging ang mga Benguet  KDO,, Keep on watching guysss",https://www.youtube.com/watch?v=ROa3kbG5M0U&lc=UgzmkphD8cOKsGSJBFh4AaABAg,UgzmkphD8cOKsGSJBFh4AaABAg,UCNMupRD4ySrN336KZpy29OA,"Fetched 05/23/2026, 9:00:03 PM GMT+8"
34702,@luibustamante9493,13 days ago,"Hold on to your faith, let God set you free🎶🎵🎵 /  / Keep on watching po tayo mga kapatid.  /  / -Pagbati mula sa Kapisanan ng Kadiwa at Mang-aawit, Lokal ng Tuba 🤗🤗🤗",https://www.youtube.com/watch?v=ROa3kbG5M0U&lc=Ugy57OfNosY-9sqtXtN4AaABAg,Ugy57OfNosY-9sqtXtN4AaABAg,UCFAmrhDmv6rvZrQoYp-IS9w,"Fetched 05/23/2026, 9:00:03 PM GMT+8"
34703,@gwynethcayabyab5981,13 days ago,Keep on watching po mga kapatid / Mula po sa megaroyale at kadiwa officers 🎉,https://www.youtube.com/watch?v=ROa3kbG5M0U&lc=UgzDu8c1Kh82gSTSgeF4AaABAg,UgzDu8c1Kh82gSTSgeF4AaABAg,UCouodNvhL1bfJC2Fz0B_Rcw,"Fetched 05/23/2026, 9:00:03 PM GMT+8"
34704,@KaJaz-r3n,13 days ago,Good morning po ulit! Greetings Po from lokal ng Gibraltar. Binabati din Po ng lahat ng Kadiwa at Binhi Ang lahat ng mga Kapatid na Patuloy na nanonood at sumusuporta. 🎉❤ Let's go Benguet!,https://www.youtube.com/watch?v=ROa3kbG5M0U&lc=UgxZRUgPQ3cJAwylQkZ4AaABAg,UgxZRUgPQ3cJAwylQkZ4AaABAg,UC4BTg4L19kJ77hFPPBce71g,"Fetched 05/23/2026, 9:00:03 PM GMT+8"
34705,@kimberlysarmiento1034,13 days ago,"Happy viewing po to all choir members al around the world, especially po sa mga kapatid sa lokal ng Tuba, Distrito ng Benguet",https://www.youtube.com/watch?v=ROa3kbG5M0U&lc=UgyxHhgonWIFF6wvG4Z4AaABAg,UgyxHhgonWIFF6wvG4Z4AaABAg,UCds_RyKfMX7Xzg4PQRhf9NQ,"Fetched 05/23/2026, 9:00:03 PM GMT+8"
34706,@Julskie28,13 days ago,Happy breakfast po mga kapatid! Lalo na sa mga kasamang kadiwa jan /  / Habang kumakain tara nood! /  / From Lokal ng Guisad❤,https://www.youtube.com/watch?v=ROa3kbG5M0U&lc=UgxdBkv0ZMKmEsAZgOd4AaABAg,UgxdBkv0ZMKmEsAZgOd4AaABAg,UC1nz0UiWHV8lyoQdZtJejeg,"Fetched 05/23/2026, 9:00:03 PM GMT+8"
34707,@almazanrhyndylyn,13 days ago,Masayang panonood at pakikinig po mula sa Lokal ng Norcar Distrito ng Benguet. /  / Pagbati po sa lahat ng sumusubaybay lalo na po sa mga nasa Kapisanang Kadiwa. /  / Goooooo Bengueeeeeet ❤❤❤,https://www.youtube.com/watch?v=ROa3kbG5M0U&lc=UgwQBZgVZOQKUN63IfB4AaABAg,UgwQBZgVZOQKUN63IfB4AaABAg,UCEoQCNgytnJxjJnAQLSzFeA,"Fetched 05/23/2026, 9:00:03 PM GMT+8"
34708,@worldofhighlights,13 days ago,"Mula sa lokal ng La trinidad, maligayang panunuod po",https://www.youtube.com/watch?v=ROa3kbG5M0U&lc=UgyfuBNHtngsSAGpHjV4AaABAg,UgyfuBNHtngsSAGpHjV4AaABAg,UCgD2jHQsYSdsOpztHM-Du5A,"Fetched 05/23/2026, 9:00:03 PM GMT+8"
34709,@henrycaranto2644,13 days ago,Breakfast habang nakasubaybay🎉🎉 /  / Pagbati po sa lahat ng Kadiwa sa bawat lokal 😊🎉 /  / From Lokal ng Baguio City❤,https://www.youtube.com/watch?v=ROa3kbG5M0U&lc=UgznD5Iw4wNvz8ulchZ4AaABAg,UgznD5Iw4wNvz8ulchZ4AaABAg,UCFilTOy22FklSkBIgwVPVaQ,"Fetched 05/23/2026, 9:00:03 PM GMT+8"
34710,@mayvehn,13 days ago,Masayang panonood po mula sa Lokal ng Atok Gold❤❤,https://www.youtube.com/watch?v=ROa3kbG5M0U&lc=Ugw65ghNYeietnvq4pt4AaABAg,Ugw65ghNYeietnvq4pt4AaABAg,UCivhdJ2CQeLK8tlG7Wh2BSQ,"Fetched 05/23/2026, 9:00:03 PM GMT+8"
34711,@mayvehn,13 days ago,❤❤❤❤Good morning po......Happy viewing po mula sa Lokal ngbAtok Gold❤❤❤,https://www.youtube.com/watch?v=ROa3kbG5M0U&lc=Ugz3kwCyeUYRzfLfl4d4AaABAg,Ugz3kwCyeUYRzfLfl4d4AaABAg,UCivhdJ2CQeLK8tlG7Wh2BSQ,"Fetched 05/23/2026, 9:00:03 PM GMT+8"
34712,@Julskie28,13 days ago,A blessed sunday po sa ating lahat!  /  / Hello po sa ating lahat mga kapatid! Let's start rewatching! /  / Let's go mga kasamang Kadiwa ❤ /  / From lokal ng Guisad ❤,https://www.youtube.com/watch?v=ROa3kbG5M0U&lc=Ugx3KoG8tvrlg4iLHGx4AaABAg,Ugx3KoG8tvrlg4iLHGx4AaABAg,UC1nz0UiWHV8lyoQdZtJejeg,"Fetched 05/23/2026, 9:00:03 PM GMT+8"
34713,@jeanietugad4595,13 days ago,",,,,  District of BENGUET,,, Happy viewing po,,, from Atok Gold,,, Kalihiman/Registry....",https://www.youtube.com/watch?v=ROa3kbG5M0U&lc=UgypxIPh0VU8UYD7CKd4AaABAg,UgypxIPh0VU8UYD7CKd4AaABAg,UC4-hT99A9u-aH7hnm5JCSfg,"Fetched 05/23/2026, 9:00:03 PM GMT+8"
34714,@danielsangalang4416,13 days ago,Go Benguet from Kadiwa ng Baguio City,https://www.youtube.com/watch?v=ROa3kbG5M0U&lc=UgyyVt0l_RL2DKqbJv14AaABAg,UgyyVt0l_RL2DKqbJv14AaABAg,UCd83g5cGg_Es6Qyl02u7jdw,"Fetched 05/23/2026, 9:00:03 PM GMT+8"
34715,@danielsangalang4416,13 days ago,Happy watching po. / Kalihiman/Registry  / Lokal Ng Baguio City,https://www.youtube.com/watch?v=ROa3kbG5M0U&lc=UgwbmFTu-SrB3s5rpvB4AaABAg,UgwbmFTu-SrB3s5rpvB4AaABAg,UCd83g5cGg_Es6Qyl02u7jdw,"Fetched 05/23/2026, 9:00:03 PM GMT+8"
34716,@danielsangalang4416,13 days ago,"Maligayang panonood po,mula po sa Lokal Ng Baguio City!!!Gising na gising!!!",https://www.youtube.com/watch?v=ROa3kbG5M0U&lc=Ugwv70CxZ2M_SW1vJXV4AaABAg,Ugwv70CxZ2M_SW1vJXV4AaABAg,UCd83g5cGg_Es6Qyl02u7jdw,"Fetched 05/23/2026, 9:00:03 PM GMT+8"
34717,@danielsangalang4416,13 days ago,"Maligayang panonood po,mula po sa Lokal Ng Baguio City!!!Gising na gising!!!",https://www.youtube.com/watch?v=ROa3kbG5M0U&lc=UgwyaG7PMU0ItFf5KCZ4AaABAg,UgwyaG7PMU0ItFf5KCZ4AaABAg,UCd83g5cGg_Es6Qyl02u7jdw,"Fetched 05/23/2026, 9:00:03 PM GMT+8"
34718,@johnreylucio8970,13 days ago,"Happy Happy Blessed Sunday po sa ating lahat,,  Happy Viewing po sa lahat /  / Muli po Pagbati mula sa mga Kadiwa, at mga Maytungkulin sa Lokal ng LA TRINIDAD maging ang mga Benguet District Officers",https://www.youtube.com/watch?v=ROa3kbG5M0U&lc=UgxZLOm7Hn21zJonADF4AaABAg,UgxZLOm7Hn21zJonADF4AaABAg,UCNMupRD4ySrN336KZpy29OA,"Fetched 05/23/2026, 9:00:03 PM GMT+8"
34719,@luibustamante9493,13 days ago,Blessed sunday po sa lahat ng kapatid lalo na po sa mga masisipag na kadiwa at KDO /  / Pagbati mula sa Lokal ng Tuba,https://www.youtube.com/watch?v=ROa3kbG5M0U&lc=UgwtNg7a3W2D1bGuo_54AaABAg,UgwtNg7a3W2D1bGuo_54AaABAg,UCFAmrhDmv6rvZrQoYp-IS9w,"Fetched 05/23/2026, 9:00:03 PM GMT+8"
34720,@almazanrhyndylyn,13 days ago,Good morning po mga kapatid.  /  / Pagbati po mula sa Lokal ng Norcar Distrito ng Benguet.  /  / Present po uli mula sa Kapisanang KADIWA💕💕,https://www.youtube.com/watch?v=ROa3kbG5M0U&lc=UgwThVjApEzJPFPTYrp4AaABAg,UgwThVjApEzJPFPTYrp4AaABAg,UCEoQCNgytnJxjJnAQLSzFeA,"Fetched 05/23/2026, 9:00:03 PM GMT+8"
34721,@aizelfuchigami842,13 days ago,Greetings mula po sa Lokal ng Quezon Hill Distrito ng Benguet. Happy viewing po. 🇮🇹❤️🎼🎵🎶,https://www.youtube.com/watch?v=ROa3kbG5M0U&lc=UgzRBi3XmVF3iAJuo_N4AaABAg,UgzRBi3XmVF3iAJuo_N4AaABAg,UCAxDQnCZxAvsB6YgYjSR1nQ,"Fetched 05/23/2026, 9:00:03 PM GMT+8"
34722,@henrycaranto2644,13 days ago,Magandang Umaga po sa lahat 🎉🎉😂 /  / Hello po sa lahat ng KADIWA at BINHI 😊❤ /  / From Lokal po ng Baguio City🎉🎉,https://www.youtube.com/watch?v=ROa3kbG5M0U&lc=Ugyvxh2Ykkjjdsce9Ph4AaABAg,Ugyvxh2Ykkjjdsce9Ph4AaABAg,UCFilTOy22FklSkBIgwVPVaQ,"Fetched 05/23/2026, 9:00:03 PM GMT+8"
34723,@jonieyonga-an5239,13 days ago,Good morning Po mga kapatidd🎉 /  / Hello Po sa mga maaagang Kadiwa at binhi natin jan🎉 /  / Pagbati Po Mula Sa Lokal Ng Norcar Distrito Ng Benguet 🎉,https://www.youtube.com/watch?v=ROa3kbG5M0U&lc=UgyaR8lPq5RXIzgZnRp4AaABAg,UgyaR8lPq5RXIzgZnRp4AaABAg,UCgUo3JP_Fffuctza4bUumJg,"Fetched 05/23/2026, 9:00:03 PM GMT+8"
34724,@gwynethcayabyab5981,13 days ago,"Salamat po sa walang supporta mga kapatid, wag po sana mag sawa /  / Lets go po mga Kadiwa 🎉",https://www.youtube.com/watch?v=ROa3kbG5M0U&lc=UgxPochvwie0kxF-8TZ4AaABAg,UgxPochvwie0kxF-8TZ4AaABAg,UCouodNvhL1bfJC2Fz0B_Rcw,"Fetched 05/23/2026, 9:00:03 PM GMT+8"
34725,@gwynethcayabyab5981,13 days ago,Good morning sa lahat ng kapatid🎉 / Keep in watching po / Mula sa lokal ng megaroyal at kadiwa officers 🎉,https://www.youtube.com/watch?v=ROa3kbG5M0U&lc=Ugx_9-ctyAjZ5kBbeSh4AaABAg,Ugx_9-ctyAjZ5kBbeSh4AaABAg,UCouodNvhL1bfJC2Fz0B_Rcw,"Fetched 05/23/2026, 9:00:03 PM GMT+8"
34726,@jeanietugad4595,13 days ago,".....HALINA mga kapatid ko,, maligayang panonood,,, Kalihiman/Registry..... ATOK GOLD...",https://www.youtube.com/watch?v=ROa3kbG5M0U&lc=Ugzxv1J4eZSK9BJkGK14AaABAg,Ugzxv1J4eZSK9BJkGK14AaABAg,UC4-hT99A9u-aH7hnm5JCSfg,"Fetched 05/23/2026, 9:00:03 PM GMT+8"
34727,@han08123,13 days ago,Happy viewing po from local of city camp,https://www.youtube.com/watch?v=ROa3kbG5M0U&lc=UgzQ7uRee0hZ5AjTL_94AaABAg,UgzQ7uRee0hZ5AjTL_94AaABAg,UC6AMYoAtvRWyDQnyxBO4rwA,"Fetched 05/23/2026, 9:00:03 PM GMT+8"
34728,@KaJaz-r3n,13 days ago,Happy viewing Po mga kapatid namin sa Distrito! Good morning po sa lahat ng Kadiwa at Binhing gising na at kasama kong Patuloy ang supporta🎉❤ LET'S GO BENGUEEET!,https://www.youtube.com/watch?v=ROa3kbG5M0U&lc=UgxIdCk2gzydEXEODvB4AaABAg,UgxIdCk2gzydEXEODvB4AaABAg,UC4BTg4L19kJ77hFPPBce71g,"Fetched 05/23/2026, 9:00:03 PM GMT+8"
34729,@KaJaz-r3n,13 days ago,Good Morning mga Kapatid! New day new views and tuloy ang panonood✊ LET'S GO BENGUEEET! Good morning Kdo Benguet,https://www.youtube.com/watch?v=ROa3kbG5M0U&lc=UgzPdo5D4Rkuupccs-V4AaABAg,UgzPdo5D4Rkuupccs-V4AaABAg,UC4BTg4L19kJ77hFPPBce71g,"Fetched 05/23/2026, 9:00:03 PM GMT+8"
34730,@jeanietugad4595,13 days ago,"❤❤❤  Good morning po mga kapatid,,, maligaya pong panonood,,, mula po sa Atok Gold,, Kalihiman/Registry..❤❤",https://www.youtube.com/watch?v=ROa3kbG5M0U&lc=UgxQw53cEScEPWteYBl4AaABAg,UgxQw53cEScEPWteYBl4AaABAg,UC4-hT99A9u-aH7hnm5JCSfg,"Fetched 05/23/2026, 9:00:03 PM GMT+8"
34731,@almazanrhyndylyn,13 days ago,Good morning po.  /  / God's Love is bigger than the ocean and brighter than the stars 🎶🎶 /  / Another day of listening and continous support from the Local Congregation of Norcar District of Benguet.  /  / Shout out to all Kadiwa and Binhi especially to our District Officers ❤❤.,https://www.youtube.com/watch?v=ROa3kbG5M0U&lc=Ugy7rxm9qNSJWYwOQ3R4AaABAg,Ugy7rxm9qNSJWYwOQ3R4AaABAg,UCEoQCNgytnJxjJnAQLSzFeA,"Fetched 05/23/2026, 9:00:03 PM GMT+8"
34732,@meryllsagampod7982,13 days ago,While working. Makikiisa padin po kami.  /  / Shoutout sa mga KAKADIWA namin!! /  / Happy Viewing po !!  /  / Lokal ng Kias. 😊,https://www.youtube.com/watch?v=ROa3kbG5M0U&lc=UgxZrZxE0YVlr9fUOiZ4AaABAg,UgxZrZxE0YVlr9fUOiZ4AaABAg,UCVkLACK3Y8LbTZhVrCb88CA,"Fetched 05/23/2026, 9:00:03 PM GMT+8"
34733,@XschelleYb,13 days ago,"Happy  Viewing po, mula sa Lokal ng Norcar.",https://www.youtube.com/watch?v=ROa3kbG5M0U&lc=Ugxbxa9cRMjzd1eCcjV4AaABAg,Ugxbxa9cRMjzd1eCcjV4AaABAg,UCer0sIOb700hbN8sHbztYuw,"Fetched 05/23/2026, 9:00:03 PM GMT+8"
34734,@RommelPaulin-w9q,13 days ago,"ang saya po para ding nasa ibang bansa. viewing po from Lokal ng Tanza, Distrito ng Trece Martirez City, Cavite",https://www.youtube.com/watch?v=ROa3kbG5M0U&lc=UgzcaeBB-nDNGQaQY2h4AaABAg,UgzcaeBB-nDNGQaQY2h4AaABAg,UCUr6oFFM0hs3F9n9djsKngg,"Fetched 05/23/2026, 9:00:03 PM GMT+8"
34735,@Lynne-o5y,13 days ago,"Happy viewing po mula po sa Lokal ng Baguio City, Benguet",https://www.youtube.com/watch?v=ROa3kbG5M0U&lc=Ugw4mFzP2jTn2zZ2-JZ4AaABAg,Ugw4mFzP2jTn2zZ2-JZ4AaABAg,UCUrbEAzg1p6b2-FsmH1btpg,"Fetched 05/23/2026, 9:00:03 PM GMT+8"
34736,@haielei2869,13 days ago,Shoutout po sa ating mga binhi sa Lokal ng Norcar at sa buong Distrito ng Benguet! 🤗 Patuloy po kami sa pagsuporta at pakikinig ng ating INCMV.  /  / Lets Go BENGUET / #BENGUET 💚🤍❤️,https://www.youtube.com/watch?v=ROa3kbG5M0U&lc=Ugw4rAAD7SXO-m-RQAd4AaABAg,Ugw4rAAD7SXO-m-RQAd4AaABAg,UCf3PWHW8mj2mncX07kw9ZQw,"Fetched 05/23/2026, 9:00:03 PM GMT+8"
34737,@haielei2869,13 days ago,Greetings to all brethren po 🤗. Rewatching God's Love. Enjoy po ang ating INCMV 🥰,https://www.youtube.com/watch?v=ROa3kbG5M0U&lc=UgyUfWSEkk1Y_A2d9Ht4AaABAg,UgyUfWSEkk1Y_A2d9Ht4AaABAg,UCf3PWHW8mj2mncX07kw9ZQw,"Fetched 05/23/2026, 9:00:03 PM GMT+8"
34738,@NancyMoyano-r7u,13 days ago,"""You go on with courage the world thinks you lack, / But in His love so divine, God always has your back."" /  / Happy viewing po mula sa Lokal ng Baguio City...",https://www.youtube.com/watch?v=ROa3kbG5M0U&lc=UgyGn-9MZE_36DJ9dbx4AaABAg,UgyGn-9MZE_36DJ9dbx4AaABAg,UCIZH5g0o-lHJidrq7pdjV5w,"Fetched 05/23/2026, 9:00:03 PM GMT+8"
34739,@joylee1468,13 days ago,❤❤❤Magandang gabi po....Shout out po sa masipag na TSV ng aming lokal....Happy happy birthday po Ka Liza.....mula po sa masayang pamilya ng Lokal ng Atok Gold❤❤❤❤,https://www.youtube.com/watch?v=ROa3kbG5M0U&lc=UgyrodzqJI8k8jnD-6J4AaABAg,UgyrodzqJI8k8jnD-6J4AaABAg,UC7UWPgNV4p4GGKzoeFbHS8g,"Fetched 05/23/2026, 9:00:03 PM GMT+8"
34740,@joylee1468,13 days ago,Magandang gabi po mga kapatid...Shout out po sa mga MT ng Lokal ng Atok Gold...Salamat po ng napakarami po,https://www.youtube.com/watch?v=ROa3kbG5M0U&lc=UgyfbAV64sSHu_LZHKB4AaABAg,UgyfbAV64sSHu_LZHKB4AaABAg,UC7UWPgNV4p4GGKzoeFbHS8g,"Fetched 05/23/2026, 9:00:03 PM GMT+8"
34741,@jeanietugad4595,13 days ago,",,,Mula po sa Lokal ng Atok Gold,, Kalihiman/Registry,,, happy viewing po sa lahat..",https://www.youtube.com/watch?v=ROa3kbG5M0U&lc=UgwtnQQ4cdwMNFHagMd4AaABAg,UgwtnQQ4cdwMNFHagMd4AaABAg,UC4-hT99A9u-aH7hnm5JCSfg,"Fetched 05/23/2026, 9:00:03 PM GMT+8"
34742,@danielsangalang4416,13 days ago,"Happy watching po sa lahat. /  / Kalihiman/Registry, / Lokal Ng Baguio City",https://www.youtube.com/watch?v=ROa3kbG5M0U&lc=UgyGfsltc2k4Hv2szfV4AaABAg,UgyGfsltc2k4Hv2szfV4AaABAg,UCd83g5cGg_Es6Qyl02u7jdw,"Fetched 05/23/2026, 9:00:03 PM GMT+8"
34743,@danielsangalang4416,13 days ago,Maligayang panonood po sa lahat ng mga kapatid sa buong mundo maging sa mga nasa kapisanang KADIWA mula po sa Lokal Ng Baguio City!!! Gising na gising!!!,https://www.youtube.com/watch?v=ROa3kbG5M0U&lc=UgzvwoNTUr7iZfRGATh4AaABAg,UgzvwoNTUr7iZfRGATh4AaABAg,UCd83g5cGg_Es6Qyl02u7jdw,"Fetched 05/23/2026, 9:00:03 PM GMT+8"
34744,@almazanrhyndylyn,13 days ago,"Last view po for today bago matulog.  /  / Continue supporting po our district's entry. /  / To those with night shift while listening po to this, keep safe po. /  / Bukas po uli 🤗. /  / ❤ From Lokal ng Norcar Distrito ng Benguet and KADIWA District Officer",https://www.youtube.com/watch?v=ROa3kbG5M0U&lc=UgyapJz2oJbiB_b2XY14AaABAg,UgyapJz2oJbiB_b2XY14AaABAg,UCEoQCNgytnJxjJnAQLSzFeA,"Fetched 05/23/2026, 9:00:03 PM GMT+8"
34745,@Rachel_Camp_Lorezco2327,13 days ago,Shawraaaawt po sa Ka Ramcel Lorezco na nag share sakin netong song. Super nice po Distrito ng Benguet‼️🥰,https://www.youtube.com/watch?v=ROa3kbG5M0U&lc=UgyoKuRZdQ75xyy-fP54AaABAg,UgyoKuRZdQ75xyy-fP54AaABAg,UCrLcN6Xgur2_C-U6Jc1gODA,"Fetched 05/23/2026, 9:00:03 PM GMT+8"
34746,@eliassobrepenagarcia2075,13 days ago,Pagbati po sa lahat ng manonood ng INCMV  entry ng bawat Distrito. / Magandang gabi po. / Mula po sa lokal ng Camp 7 Distrito  ng Benguet,https://www.youtube.com/watch?v=ROa3kbG5M0U&lc=Ugy5hBznd3xKHxHnt8p4AaABAg,Ugy5hBznd3xKHxHnt8p4AaABAg,UCJeJeDb3_CmpyFU_WjPVdCA,"Fetched 05/23/2026, 9:00:03 PM GMT+8"
34747,@teresitaamado5010,13 days ago,Maligayang panonood po,https://www.youtube.com/watch?v=ROa3kbG5M0U&lc=Ugwa5wqVUJaKapZ0kzN4AaABAg,Ugwa5wqVUJaKapZ0kzN4AaABAg,UCz8cInjeJhxl4YI3glwhO0A,"Fetched 05/23/2026, 9:00:03 PM GMT+8"
34748,@henrycaranto2644,13 days ago,Happy Watching po sa Lahat. /  / Mula po sa KADIWA  / From Lokal ng Baguio City🎉🎉,https://www.youtube.com/watch?v=ROa3kbG5M0U&lc=Ugz2u-9wQbKcrmAUnJt4AaABAg,Ugz2u-9wQbKcrmAUnJt4AaABAg,UCFilTOy22FklSkBIgwVPVaQ,"Fetched 05/23/2026, 9:00:03 PM GMT+8"
34749,@CharmynePelayo,13 days ago,Congrats mga kapatid mula po sa lokal ng Camp6 Distrito ng Benguet,https://www.youtube.com/watch?v=ROa3kbG5M0U&lc=UgwtqavgOEEVcY93Ta94AaABAg,UgwtqavgOEEVcY93Ta94AaABAg,UCgQVzYQ0MtmmXMrh-mq76WQ,"Fetched 05/23/2026, 9:00:03 PM GMT+8"
34750,@jencirey,13 days ago,Good evening po mga kapatid! Enjoy watching po! Pagbati po from lokal ng Quezon hill! ❤😊,https://www.youtube.com/watch?v=ROa3kbG5M0U&lc=UgxxtImZ8UEf2FyS1sN4AaABAg,UgxxtImZ8UEf2FyS1sN4AaABAg,UCvElCgW8k03hNWpFOLmo8PA,"Fetched 05/23/2026, 9:00:03 PM GMT+8"
34751,@Rachel_Camp_Lorezco2327,13 days ago,our God always has your back 🎶🎙️🥰,https://www.youtube.com/watch?v=ROa3kbG5M0U&lc=UgwJuUMLGGc-58jZIUJ4AaABAg,UgwJuUMLGGc-58jZIUJ4AaABAg,UCrLcN6Xgur2_C-U6Jc1gODA,"Fetched 05/23/2026, 9:00:03 PM GMT+8"
34752,@jeanietugad4595,13 days ago,"Magandang gabi po mga kapatid,,,maligayang panood,, mula sa Atok Gold....Kalihiman/Registry..",https://www.youtube.com/watch?v=ROa3kbG5M0U&lc=UgwAPNSiLLtmJXEW5894AaABAg,UgwAPNSiLLtmJXEW5894AaABAg,UC4-hT99A9u-aH7hnm5JCSfg,"Fetched 05/23/2026, 9:00:03 PM GMT+8"
34753,@siblingstambayan3173,13 days ago,"Maligayang panonood po mula sa Registry Section/Kalihiman sa Lokal ng Taloy Sur, Distrito ng Benguet",https://www.youtube.com/watch?v=ROa3kbG5M0U&lc=UgyQ7-QuuNsVicbYb154AaABAg,UgyQ7-QuuNsVicbYb154AaABAg,UCp8GEpeaN81l3_Q13FZGv2Q,"Fetched 05/23/2026, 9:00:03 PM GMT+8"
34754,@kristine7303,13 days ago,"Good evening po! Pagbati mula sa Marcos Highway, Distrito ng Benguet at sa KADIWA District Officers 🎉❤ /  / Rewatching po!! Let’s go Benguet! 🥁🥁",https://www.youtube.com/watch?v=ROa3kbG5M0U&lc=Ugz_N2nOUGG2Qyn7veN4AaABAg,Ugz_N2nOUGG2Qyn7veN4AaABAg,UCJnlqat5vcPuV6GiDugaBnA,"Fetched 05/23/2026, 9:00:03 PM GMT+8"
34755,@winkdelarosa2397,13 days ago,"Gud evening po mga Kapatid! Happy viewing po sa lahat ng Kadiwa~ pagbati po mula sa Lokal ng La Trinidad, Distrito po ng Benguet. /  / LET'S GO BENGUET!🎉🍓",https://www.youtube.com/watch?v=ROa3kbG5M0U&lc=UgzfLeSSqpcpZvQVQ8d4AaABAg,UgzfLeSSqpcpZvQVQ8d4AaABAg,UCcSUir_e5wTvoTFR6eQepyQ,"Fetched 05/23/2026, 9:00:03 PM GMT+8"
34756,@jazz-m7b,13 days ago,"Let's Go Benguet! 🥀🥀🥀 / Rewatching po mga kapatid mula po sa lokal ng LA TRINIDAD, distrito ng BENGUET",https://www.youtube.com/watch?v=ROa3kbG5M0U&lc=Ugz-HcocqcruTDQycKB4AaABAg,Ugz-HcocqcruTDQycKB4AaABAg,UCNB-zyitm7U6Yt835DEKclA,"Fetched 05/23/2026, 9:00:03 PM GMT+8"
34757,@TinyEnchanters,2 weeks ago (edited),"Happy viewing po! /  / From KALIHIM/REGISTRY (Irisan) /  / Hello po kay Ka Rovell 😄, ang masipag na DRC namin 🙌🏻👏🏻",https://www.youtube.com/watch?v=ROa3kbG5M0U&lc=Ugwk2BxKqV7_EjOIYCB4AaABAg,Ugwk2BxKqV7_EjOIYCB4AaABAg,UCIYazOuVxb5StkuFYFMoMsg,"Fetched 05/23/2026, 9:00:03 PM GMT+8"
34758,@JennilynLazaro-y5x6v,2 weeks ago,God's love is bigger than the ocean and brighter than the stars ❤❤ / Happy viewing po from Lokal ng ATOK GOLD 😊😊,https://www.youtube.com/watch?v=ROa3kbG5M0U&lc=UgwW6rNcuJ_G8HZOywh4AaABAg,UgwW6rNcuJ_G8HZOywh4AaABAg,UCItB-k__Z6a289WuGtIxsbw,"Fetched 05/23/2026, 9:00:03 PM GMT+8"
34759,@rovellnogoy7927,2 weeks ago,Greetings po para sa mga Kalihim at mga Registry Clerks ng Distrito ng Benguet. 🎉❤️🥳,https://www.youtube.com/watch?v=ROa3kbG5M0U&lc=UgyHracVXAVtRZe--r14AaABAg,UgyHracVXAVtRZe--r14AaABAg,UCpcSI6VtzfqsSR4H63AKV0w,"Fetched 05/23/2026, 9:00:03 PM GMT+8"
34760,@rovellnogoy7927,2 weeks ago (edited),"Greetings po sa mga taga lokal ng Hillside at City Camp, at sa lahat ng mga kalihim at registry clerks sa Distrito ng Benguet. Happy watching po! ❤ / Happy viewing din po sa aming mahal na Tagapangasiwa, Kapatid na Ardy Mendoza at II Tagapangasiwa, Ka Ian Manalata 🥰",https://www.youtube.com/watch?v=ROa3kbG5M0U&lc=UgzyNAb6UB9zffPrg9B4AaABAg,UgzyNAb6UB9zffPrg9B4AaABAg,UCpcSI6VtzfqsSR4H63AKV0w,"Fetched 05/23/2026, 9:00:03 PM GMT+8"
34761,@marjmarj6407,2 weeks ago,🔥🔥🔥,https://www.youtube.com/watch?v=ROa3kbG5M0U&lc=UgyHracVXAVtRZe--r14AaABAg.AWSedrTNps8AWSgUCyjm6H,UgyHracVXAVtRZe--r14AaABAg.AWSedrTNps8AWSgUCyjm6H,UCYzbUdqGTtRY7JAuSVMOioQ,"Fetched 05/23/2026, 9:00:03 PM GMT+8"
34762,@alonamaynogoy3411,2 weeks ago,Now watching po,https://www.youtube.com/watch?v=ROa3kbG5M0U&lc=UgyHracVXAVtRZe--r14AaABAg.AWSedrTNps8AWTQJ3T7G75,UgyHracVXAVtRZe--r14AaABAg.AWSedrTNps8AWTQJ3T7G75,UCAbyNtMC3vcQ7sF3M8ZKNEg,"Fetched 05/23/2026, 9:00:03 PM GMT+8"
34763,@Dekudeku-w6h,2 weeks ago,:hands-yellow-heart-red:,https://www.youtube.com/watch?v=ROa3kbG5M0U&lc=UgzyNAb6UB9zffPrg9B4AaABAg.AWUQbS9C3C5AWUcvfulbeT,UgzyNAb6UB9zffPrg9B4AaABAg.AWUQbS9C3C5AWUcvfulbeT,UCM4Mu-nbuSNSgbg8URGZjpg,"Fetched 05/23/2026, 9:00:03 PM GMT+8"
34764,@alonamaynogoy3411,2 weeks ago,Hello po sa lahat. Happy watching po,https://www.youtube.com/watch?v=ROa3kbG5M0U&lc=UgzyNAb6UB9zffPrg9B4AaABAg.AWUQbS9C3C5AWUfmi1Cfs2,UgzyNAb6UB9zffPrg9B4AaABAg.AWUQbS9C3C5AWUfmi1Cfs2,UCAbyNtMC3vcQ7sF3M8ZKNEg,"Fetched 05/23/2026, 9:00:03 PM GMT+8"
34765,@Dekudeku-w6h,2 weeks ago,:popcorn-yellow-striped-smile:,https://www.youtube.com/watch?v=ROa3kbG5M0U&lc=UgzyNAb6UB9zffPrg9B4AaABAg.AWUQbS9C3C5AWUjJKPm2wR,UgzyNAb6UB9zffPrg9B4AaABAg.AWUQbS9C3C5AWUjJKPm2wR,UCM4Mu-nbuSNSgbg8URGZjpg,"Fetched 05/23/2026, 9:00:03 PM GMT+8"
34766,@TinyEnchanters,2 weeks ago (edited),"Happy viewing from Lokal ng Irisan, Distrito ng Benguet 🇮🇹 / -KALIHIM/REGISTRY",https://www.youtube.com/watch?v=ROa3kbG5M0U&lc=UgzCbvrUcwoPZRQdISZ4AaABAg,UgzCbvrUcwoPZRQdISZ4AaABAg,UCIYazOuVxb5StkuFYFMoMsg,"Fetched 05/23/2026, 9:00:03 PM GMT+8"
34767,@ALEXIASOPHIAYDIO,2 weeks ago,"Happy Viewing po ,mula sa lokal ng Atok Gold🫶🤍",https://www.youtube.com/watch?v=ROa3kbG5M0U&lc=UgxsJXaggclgwPEKaFZ4AaABAg,UgxsJXaggclgwPEKaFZ4AaABAg,UC806ht4k_AHuzg4k_rkDPJw,"Fetched 05/23/2026, 9:00:03 PM GMT+8"
34768,@JennilynLazaro-y5x6v,2 weeks ago,"Mula po sa Kagawaran ng mga Mang-aawit 🎶 sa Lokal ng Atok Gold, Distrito ng Benguet 🇮🇹  / kami po ay bumabati ng maligayang panonood sa aming mga magigiting na Tagapagturo - Ka Leo Cuaresma at Assistant Tagapagturo Ka Cedie Serafica at Ka Archievald Ingco 😊❤❤ / Maligayang panonood din po sa aming Destinado, Ka Elvin Lee. Advance Happy Birthday po sa kanilang maybahay Ka Joy Lee 🎉🎉",https://www.youtube.com/watch?v=ROa3kbG5M0U&lc=UgzIy0pNKR-Ej-DHf5N4AaABAg,UgzIy0pNKR-Ej-DHf5N4AaABAg,UCItB-k__Z6a289WuGtIxsbw,"Fetched 05/23/2026, 9:00:03 PM GMT+8"
34769,@arthurpassian36,2 weeks ago,hlo po INCMV Maligayang panonood .mga kptd mula po dto sa lokal ng Queson hill dstrito ng Benguet.,https://www.youtube.com/watch?v=ROa3kbG5M0U&lc=UgzL5WefA_J-MVjV9d54AaABAg,UgzL5WefA_J-MVjV9d54AaABAg,UCcnaUWfdvobP-90ZBk8Zy7g,"Fetched 05/23/2026, 9:00:03 PM GMT+8"
34770,@Vien.Bella-vu5rh4pz8b,2 weeks ago,God's Love is bigger than the ocean and brighter than the stars 🎶🎵 Greetings to all Brethren👋 / mula po sa Lokal ng ATOK GOLD🇮🇹,https://www.youtube.com/watch?v=ROa3kbG5M0U&lc=UgztdclVY2KuakRr6ft4AaABAg,UgztdclVY2KuakRr6ft4AaABAg,UCB9NRJMQHTIobGeD1zbmbYA,"Fetched 05/23/2026, 9:00:03 PM GMT+8"
34771,@JennilynLazaro-y5x6v,2 weeks ago,"Maligayang panonood sa sambahayan po ng aming Destinado, KA ELVIN LEE. / At Advance Happy Birthday na din po sa kanilang butihing maybahay, KA JOY LEE 🎉🎉 Mula po sa Lokal ng ATOK GOLD 🇮🇹",https://www.youtube.com/watch?v=ROa3kbG5M0U&lc=Ugz10yZgcCnvxQK_iwt4AaABAg,Ugz10yZgcCnvxQK_iwt4AaABAg,UCItB-k__Z6a289WuGtIxsbw,"Fetched 05/23/2026, 9:00:03 PM GMT+8"
34772,@shiiii_jeax,2 weeks ago (edited),"Happy Viewing po mula sa Lokal Ng Baguio City Distrito Ng Benguet! Binabati ko rin po sina kapatid na Elaiza Venice Carreon Antonio, Allen Andrei Belen Angeles, Crystal Baltazar Guinto, Divine Grace Lim Viernes, Alexa Canta, Bea Cassandra Alcantara Sanglay, Alena Carisse Abaja Austria, Karla Jerah Opulento, Jake Bad-ey, Jonner Jaz Sagantiyoc Guilod, Lei Jasper Rivera Mendoza, Methoselah Sotto Barrato, Edralix Pescoso at syempre ang pogi naming destinado na si ka Norberto Mislang🥳🥳",https://www.youtube.com/watch?v=ROa3kbG5M0U&lc=UgyaRuQyOBvYSwQN1Nh4AaABAg,UgyaRuQyOBvYSwQN1Nh4AaABAg,UC2cuYXq15jN1fZOvvKbzb0g,"Fetched 05/23/2026, 9:00:03 PM GMT+8"
34773,@marjjram2564,2 weeks ago,Magandang gabi po sa lahat ng nanonood! / ~~~~KALIHIMAN/REGISTRY (IRISAN)~~~~~,https://www.youtube.com/watch?v=ROa3kbG5M0U&lc=UgzblGYfqvBAbF3PCcx4AaABAg,UgzblGYfqvBAbF3PCcx4AaABAg,UCDwjKO298z81OBfpzmclVWw,"Fetched 05/23/2026, 9:00:03 PM GMT+8"
34774,@CherryOpeña-d5j,2 weeks ago,Happy viewing! / from Lokal ng Irisan / Distrito ng Benguet  / -KALIHIMAN/REGISTRY,https://www.youtube.com/watch?v=ROa3kbG5M0U&lc=UgzZAazMSaY-PHe-xQZ4AaABAg,UgzZAazMSaY-PHe-xQZ4AaABAg,UCDqDljma-VrPg7QSa05vfzg,"Fetched 05/23/2026, 9:00:03 PM GMT+8"
34775,@daisycastaneda7972,2 weeks ago,"PAGBATI PO  SA  AMING DRC  NG DISTRITO KAPATID NA ROVELL  NOGOY,  AT SA KANYANG SAMBAHAYAN , MALIGAYANG PANONOOD PO. GREETINGS FROM LOKAL NG BAGUIO  CITY, DISTRITO NG BENGUET  PO.",https://www.youtube.com/watch?v=ROa3kbG5M0U&lc=UgxzXqVK52n4cIA9ywh4AaABAg,UgxzXqVK52n4cIA9ywh4AaABAg,UCD3NlGp4eLYcR2RGC7FwnKQ,"Fetched 05/23/2026, 9:00:03 PM GMT+8"
34776,@MagieFavila,2 weeks ago,Maligayang pakikipagkaisa po . Mula sa lokal ng posos. Happy viewing po.,https://www.youtube.com/watch?v=ROa3kbG5M0U&lc=UgyGIRg73UDomtk2Xvt4AaABAg.AWGYyNrfp9RAWRtdJ24WcF,UgyGIRg73UDomtk2Xvt4AaABAg.AWGYyNrfp9RAWRtdJ24WcF,UCPxgWF_X8vdxjB9cYpQ6Lew,"Fetched 05/23/2026, 9:00:03 PM GMT+8"
34777,@EdralixPescoso09,2 weeks ago,ay thankyou sa pagbati boss,https://www.youtube.com/watch?v=ROa3kbG5M0U&lc=UgyaRuQyOBvYSwQN1Nh4AaABAg.AWSXnTI7SkrAWSZNcT4cR_,UgyaRuQyOBvYSwQN1Nh4AaABAg.AWSXnTI7SkrAWSZNcT4cR_,UCZkdHzsrBxdfwRgWYx2x7RQ,"Fetched 05/23/2026, 9:00:03 PM GMT+8"
34778,@Jonnerguilod,2 weeks ago,Thank You po sa Pagbati,https://www.youtube.com/watch?v=ROa3kbG5M0U&lc=UgyaRuQyOBvYSwQN1Nh4AaABAg.AWSXnTI7SkrAWTNUcgqj9p,UgyaRuQyOBvYSwQN1Nh4AaABAg.AWSXnTI7SkrAWTNUcgqj9p,UCUziou_rMXx7lIZ3VI2K55Q,"Fetched 05/23/2026, 9:00:03 PM GMT+8"
34779,@rovellnogoy7927,2 weeks ago,Happy watching po 😇👍,https://www.youtube.com/watch?v=ROa3kbG5M0U&lc=UgxzXqVK52n4cIA9ywh4AaABAg.AWTYocYpJ_3AWTaqXW5d9e,UgxzXqVK52n4cIA9ywh4AaABAg.AWTYocYpJ_3AWTaqXW5d9e,UCpcSI6VtzfqsSR4H63AKV0w,"Fetched 05/23/2026, 9:00:03 PM GMT+8"
34780,@Dekudeku-w6h,2 weeks ago,:popcorn-yellow-striped-smile:,https://www.youtube.com/watch?v=ROa3kbG5M0U&lc=UgxzXqVK52n4cIA9ywh4AaABAg.AWTYocYpJ_3AWUiXfHTJvb,UgxzXqVK52n4cIA9ywh4AaABAg.AWTYocYpJ_3AWUiXfHTJvb,UCM4Mu-nbuSNSgbg8URGZjpg,"Fetched 05/23/2026, 9:00:03 PM GMT+8"
34781,@jonieyonga-an5239,2 weeks ago,Let's goo Benguettt!!! / Happy viewing Po sa mga KADIWA na nanjan pang naka subaybay🎉 /  / Pagbati Po Mula Sa Lokal Ng Norcar Distrito Ng Benguet 🎉,https://www.youtube.com/watch?v=ROa3kbG5M0U&lc=UgzcgAA_deuJSY_I4sh4AaABAg,UgzcgAA_deuJSY_I4sh4AaABAg,UCgUo3JP_Fffuctza4bUumJg,"Fetched 05/23/2026, 9:00:03 PM GMT+8"
34782,@bansot7129,2 weeks ago,Power up Viewing from Lokal ng Camp 6,https://www.youtube.com/watch?v=ROa3kbG5M0U&lc=UgyGo-xKLw66trsyExZ4AaABAg,UgyGo-xKLw66trsyExZ4AaABAg,UCN58Z-nvFTr5i6UpLAN6pHA,"Fetched 05/23/2026, 9:00:03 PM GMT+8"
34783,@jeanietugad4595,2 weeks ago,"❤❤❤  Go Go  Go Benguet..Happy viewing,,, Atok Gold..Kalihiman/Registry.❤❤❤",https://www.youtube.com/watch?v=ROa3kbG5M0U&lc=Ugx_I7ard1Tm4CeQ2_Z4AaABAg,Ugx_I7ard1Tm4CeQ2_Z4AaABAg,UC4-hT99A9u-aH7hnm5JCSfg,"Fetched 05/23/2026, 9:00:03 PM GMT+8"
34784,@luibustamante9493,2 weeks ago,"Let's go Benguet, Lets go Kadiwa /  /  / Good evening po mga kapatid, salamat po sa walang humpay na pagsuporta. Tuloy-tuloy lang po tayo hanggat kaya  /  /  /  / -KDO, lokal ng Tuba",https://www.youtube.com/watch?v=ROa3kbG5M0U&lc=Ugzqj3i6qKwjTMPikf14AaABAg,Ugzqj3i6qKwjTMPikf14AaABAg,UCFAmrhDmv6rvZrQoYp-IS9w,"Fetched 05/23/2026, 9:00:03 PM GMT+8"
34785,@meryllsagampod7982,2 weeks ago,"Go Benguet!! /  / KADIWA ng PAMAMAHALA. /  /  / Lokal ng Kias, lagi po kaming kaisa😁",https://www.youtube.com/watch?v=ROa3kbG5M0U&lc=Ugxs_8TG7YqccD0f2aN4AaABAg,Ugxs_8TG7YqccD0f2aN4AaABAg,UCVkLACK3Y8LbTZhVrCb88CA,"Fetched 05/23/2026, 9:00:03 PM GMT+8"
34786,@tayabanrt,2 weeks ago,"Let's gooo ooh, ooh, ooh BENGUETTTTTT🎉. Happy Watching ulit mga kapatid, mula po sa Lokal ng LA TRINIDAD, Distrito ng BENGUET.",https://www.youtube.com/watch?v=ROa3kbG5M0U&lc=UgysF5aghSYr1QRBfnR4AaABAg,UgysF5aghSYr1QRBfnR4AaABAg,UCCpOKu7HxJqnWctZ5fG9DZg,"Fetched 05/23/2026, 9:00:03 PM GMT+8"
34787,@gwynethcayabyab5981,2 weeks ago,"Good night po  mga kapatid🎉 salamat sa pag supporta niyo today, bukas ulit! / Lets go mga Kadiwa!",https://www.youtube.com/watch?v=ROa3kbG5M0U&lc=UgyjC9IgyFRfOSnegM14AaABAg,UgyjC9IgyFRfOSnegM14AaABAg,UCouodNvhL1bfJC2Fz0B_Rcw,"Fetched 05/23/2026, 9:00:03 PM GMT+8"
34788,@Julskie28,2 weeks ago,"Good evening po sa ating lahat! Push na natin to! /  / Happy viewing po sa ating lahat lalo na sa mga Kadiwa na anjan lang sa mga gilid 😂 /  / Mula po sa lokal ng Guisad, Distrito ng Benguet  /  / Let's Go Benguet 🍓 🎉🎉",https://www.youtube.com/watch?v=ROa3kbG5M0U&lc=UgwjtIkIITLTjEdXsEh4AaABAg,UgwjtIkIITLTjEdXsEh4AaABAg,UC1nz0UiWHV8lyoQdZtJejeg,"Fetched 05/23/2026, 9:00:03 PM GMT+8"
34789,@elenamercado703,2 weeks ago,"Benguet. Baguio City, GO! 2X",https://www.youtube.com/watch?v=ROa3kbG5M0U&lc=UgxCttWwA7iK0_LzaHZ4AaABAg,UgxCttWwA7iK0_LzaHZ4AaABAg,UCNozFZrWKHQlsgIMWyFmFIA,"Fetched 05/23/2026, 9:00:03 PM GMT+8"
34790,@rejomartayaban,2 weeks ago,Magandang gabi po mga kapatid happy viewing po sa atin.. Bumabati po ang mga Taga lokal mg La Trinidad at Kadiwa officers ng distrito ng Benguet!!🤍🤍,https://www.youtube.com/watch?v=ROa3kbG5M0U&lc=Ugw42cM_FEiJ9OPHEN94AaABAg,Ugw42cM_FEiJ9OPHEN94AaABAg,UCi7RYRPFL6HTFaScpYFJMJQ,"Fetched 05/23/2026, 9:00:03 PM GMT+8"
34791,@henrycaranto2644,2 weeks ago,“ATE RHYNDYLYN GISING PA PO KAMI”😂😂 /  / Mga Kasama naming KADIWA COMMENT na 😂🎉🎉 /  / Isang magandang gabi po sa lahat😊 /  / Let’s Go Benguet🎉🎉 /  / Pagbati po sa lahat mula sa Benguet KADIWA District Officers ❤ /  / At mula po sa Lokal ng Baguio City❤❤🎉🎉,https://www.youtube.com/watch?v=ROa3kbG5M0U&lc=UgwVJgx5hBEfnyJQi6Z4AaABAg,UgwVJgx5hBEfnyJQi6Z4AaABAg,UCFilTOy22FklSkBIgwVPVaQ,"Fetched 05/23/2026, 9:00:03 PM GMT+8"
34792,@elenamercado703,2 weeks ago,"GO! GO! Benguet, Baguio City ❤❤❤❤ happy viewing sa lahat ng MAYTUNGKULIN NG Benguet",https://www.youtube.com/watch?v=ROa3kbG5M0U&lc=UgzWxCSAVR_VtsQA6hF4AaABAg,UgzWxCSAVR_VtsQA6hF4AaABAg,UCNozFZrWKHQlsgIMWyFmFIA,"Fetched 05/23/2026, 9:00:03 PM GMT+8"
34793,@almazanrhyndylyn,2 weeks ago,Good evening po sa lahat ng mga nanonood at nakikinig. /  / Lagi at araw-araw pong pagsuporta mula sa Lokal ng Norcar Distrito ng Benguet at mula po sa Kapisanang Kadiwa. /  / Go Benguet,https://www.youtube.com/watch?v=ROa3kbG5M0U&lc=Ugw05XppTgNaCZb8U3x4AaABAg,Ugw05XppTgNaCZb8U3x4AaABAg,UCEoQCNgytnJxjJnAQLSzFeA,"Fetched 05/23/2026, 9:00:03 PM GMT+8"
34794,@KaJaz-r3n,2 weeks ago,LET'S GO BENGUEEET! Greetings Po from lokal ng Gibraltar. Happy watching Po sa lahat ng Kadiwa at Binhing nanonood! 🎉❤ Patuloy ang panonood✊,https://www.youtube.com/watch?v=ROa3kbG5M0U&lc=UgwcdVTHHjwTpOrhoJl4AaABAg,UgwcdVTHHjwTpOrhoJl4AaABAg,UC4BTg4L19kJ77hFPPBce71g,"Fetched 05/23/2026, 9:00:03 PM GMT+8"
34795,@elenamercado703,2 weeks ago,"Shout out po sa lokal ng Baguio City Benguet ❤❤, sa destinado po namin c Ka Bert Mislang",https://www.youtube.com/watch?v=ROa3kbG5M0U&lc=UgwGAGM_4AzW9yK9ovh4AaABAg,UgwGAGM_4AzW9yK9ovh4AaABAg,UCNozFZrWKHQlsgIMWyFmFIA,"Fetched 05/23/2026, 9:00:03 PM GMT+8"
34796,@ceciliaemper2823,2 weeks ago,"Maligayang panood! mula po sa lokal ng Sayatan, Distrito ng Benguet 😊❤",https://www.youtube.com/watch?v=ROa3kbG5M0U&lc=UgzUcFwFt5PHaWM2gHl4AaABAg,UgzUcFwFt5PHaWM2gHl4AaABAg,UCyz958gkft8vPtQyXguHXSQ,"Fetched 05/23/2026, 9:00:03 PM GMT+8"
34797,@marjjram2564,2 weeks ago,Buenas noches! :face-turquoise-music-note: /  / Sintonizando desde IRISAN / Kalihiman/Registry,https://www.youtube.com/watch?v=ROa3kbG5M0U&lc=Ugw0AmqkQ51fPCdwqc14AaABAg,Ugw0AmqkQ51fPCdwqc14AaABAg,UCDwjKO298z81OBfpzmclVWw,"Fetched 05/23/2026, 9:00:03 PM GMT+8"
34798,@miasy-RL,2 weeks ago,"Happy viewing po, mula sa Lokal ng Hillside, Distrito ng Benguet🫶🏻",https://www.youtube.com/watch?v=ROa3kbG5M0U&lc=UgzjgoFaXJRzSAi4aAZ4AaABAg,UgzjgoFaXJRzSAi4aAZ4AaABAg,UCE4qpM5SGKSbx589elFLOkw,"Fetched 05/23/2026, 9:00:03 PM GMT+8"
34799,@Wilbertpaulino-nb8fm,2 weeks ago,Pagbati po mula sa lokal ng Hillside Distrito ng Benguet❤️🇮🇹,https://www.youtube.com/watch?v=ROa3kbG5M0U&lc=UgyNn-IwXTZ78E6g3rB4AaABAg,UgyNn-IwXTZ78E6g3rB4AaABAg,UCWBtQHrKMlD_eK3wi-wWTlQ,"Fetched 05/23/2026, 9:00:03 PM GMT+8"
34800,@markcharlessolano2183,2 weeks ago,Happy Viewing po mula sa Lokal ng GREENWATER.,https://www.youtube.com/watch?v=ROa3kbG5M0U&lc=Ugx8IY06bzkdWoT3NEx4AaABAg,Ugx8IY06bzkdWoT3NEx4AaABAg,UCz9t0Q2OOQ38ZqNFg4Sg4wQ,"Fetched 05/23/2026, 9:00:03 PM GMT+8"
34801,@YU-fg6qk,2 weeks ago,Happy viewing po mula po sa Lokal ng Hillside Distrito ng Benguet!,https://www.youtube.com/watch?v=ROa3kbG5M0U&lc=Ugx8NP7AvM-kLSihXKp4AaABAg,Ugx8NP7AvM-kLSihXKp4AaABAg,UCKzIYGwm8vG5CswcOQLyGlA,"Fetched 05/23/2026, 9:00:03 PM GMT+8"
34802,@YU-fg6qk,2 weeks ago,Happy viewing po mula po sa Lokal ng Hillside Distrito ng Benguet!,https://www.youtube.com/watch?v=ROa3kbG5M0U&lc=UgzUzqfX-k17uO8GQsp4AaABAg,UgzUzqfX-k17uO8GQsp4AaABAg,UCKzIYGwm8vG5CswcOQLyGlA,"Fetched 05/23/2026, 9:00:03 PM GMT+8"
34803,@Wilbertpaulino-nb8fm,2 weeks ago,Happy viewing po pagbati po mula sa lokal ng Hillside Distrito ng Benguet❤️🇮🇹,https://www.youtube.com/watch?v=ROa3kbG5M0U&lc=Ugx57i7e2MWs84fIqdt4AaABAg,Ugx57i7e2MWs84fIqdt4AaABAg,UCWBtQHrKMlD_eK3wi-wWTlQ,"Fetched 05/23/2026, 9:00:03 PM GMT+8"
34804,@wilfredpaulino918,2 weeks ago,"Happy viewing po mula po sa lokal Hillside, Distrito ng Benguet😇",https://www.youtube.com/watch?v=ROa3kbG5M0U&lc=Ugyfp7kH7ZPQs9SrhvZ4AaABAg,Ugyfp7kH7ZPQs9SrhvZ4AaABAg,UCSSli_6JObLOHAdGcvQlgsA,"Fetched 05/23/2026, 9:00:03 PM GMT+8"
34805,@HarleneAtazar,2 weeks ago,Happy viewing po mula sa lokal ng sayatan,https://www.youtube.com/watch?v=ROa3kbG5M0U&lc=UgwsJuuNPFqRIC4HDrZ4AaABAg,UgwsJuuNPFqRIC4HDrZ4AaABAg,UC_OsdueJ3bshtJccaXzaOdQ,"Fetched 05/23/2026, 9:00:03 PM GMT+8"
34806,@Laila-e4n1c,2 weeks ago (edited),Happy viewing from lokal ng camp 6  / 💚🤍❤️,https://www.youtube.com/watch?v=ROa3kbG5M0U&lc=UgxphemQqJbaOVCyl7V4AaABAg,UgxphemQqJbaOVCyl7V4AaABAg,UCDld-DLGbDqpjTTBhp-myjw,"Fetched 05/23/2026, 9:00:03 PM GMT+8"
34807,@johnreysabado3966,2 weeks ago,happy viewing po mula dito sa lokal ng sayatan,https://www.youtube.com/watch?v=ROa3kbG5M0U&lc=UgxQztdoy0jfSk00KaV4AaABAg,UgxQztdoy0jfSk00KaV4AaABAg,UCa3Lttaz6VOaIOf13Fp-Y6A,"Fetched 05/23/2026, 9:00:03 PM GMT+8"
34808,@jonieyonga-an5239,2 weeks ago,Pagbati Po Mula Sa Lokal Ng Norcar Distrito Ng Benguet 🎉 /  / Pagbati dn Po sa lahat Ng mga Maytungkulin sa Kadiwa Mula Po sa mga Pandistrito Hanggang sa mga kasama sa lokal 🎉🎉 /  / Happy viewing po🎉,https://www.youtube.com/watch?v=ROa3kbG5M0U&lc=UgxieTYkei5z7YuJUqZ4AaABAg,UgxieTYkei5z7YuJUqZ4AaABAg,UCgUo3JP_Fffuctza4bUumJg,"Fetched 05/23/2026, 9:00:03 PM GMT+8"
34809,@almazanrhyndylyn,2 weeks ago,GO! GO! BENGUET! /  / Cheering mula sa Lokal ng Norcar Distrito ng Benguet. /  / Gising pa ba mga nasa KADIWA? /  / Pagbati sa lahat ng Kadiwa at Binhing patuloy na sumusuporta. /  / Still present 👋,https://www.youtube.com/watch?v=ROa3kbG5M0U&lc=Ugzjb5dHxzh9hdQodEh4AaABAg,Ugzjb5dHxzh9hdQodEh4AaABAg,UCEoQCNgytnJxjJnAQLSzFeA,"Fetched 05/23/2026, 9:00:03 PM GMT+8"
34810,@daisycastaneda7972,2 weeks ago,MALIGAYANG PANONOOD SA LAHAT NG MGA KALIHIM  SA DISTRITO NG BENGUET.,https://www.youtube.com/watch?v=ROa3kbG5M0U&lc=UgxM8W4U__50YLsVvVd4AaABAg,UgxM8W4U__50YLsVvVd4AaABAg,UCD3NlGp4eLYcR2RGC7FwnKQ,"Fetched 05/23/2026, 9:00:03 PM GMT+8"
34811,@daisycastaneda7972,2 weeks ago,"HAPPY WATCHING TO ALL BRETHREN , GREETINGS PO MULA  SA LOKAL NG BAGUIO  CITY ,DISTRITO  NG BENGUET.",https://www.youtube.com/watch?v=ROa3kbG5M0U&lc=UgxX7apyf-HBkKxuMrR4AaABAg,UgxX7apyf-HBkKxuMrR4AaABAg,UCD3NlGp4eLYcR2RGC7FwnKQ,"Fetched 05/23/2026, 9:00:03 PM GMT+8"
34812,@luibustamante9493,2 weeks ago,Good evening po. Nandito na naman mga Kadiwa sama-sama sa pagsuporta.  /  / Shoutout po sa mga Kadiwa at KDO /  / -pagbati mula sa Lokal ng Tuba,https://www.youtube.com/watch?v=ROa3kbG5M0U&lc=Ugzycwxc679Nv0m6UnF4AaABAg,Ugzycwxc679Nv0m6UnF4AaABAg,UCFAmrhDmv6rvZrQoYp-IS9w,"Fetched 05/23/2026, 9:00:03 PM GMT+8"
34813,@jazerashleypacardo8593,2 weeks ago,Good evening po mga kapatid! Happy viewing po sa inyo! Mula po sa mga Kadiwa District Officers ng Distrito ng Benguet. LET's GO BENGUET!,https://www.youtube.com/watch?v=ROa3kbG5M0U&lc=UgwWJsYRXpKWw3MuezN4AaABAg,UgwWJsYRXpKWw3MuezN4AaABAg,UCcGmrC4cEosbMeRpoJqI1hA,"Fetched 05/23/2026, 9:00:03 PM GMT+8"
34814,@gwynethcayabyab5981,2 weeks ago,"LETS GO BENGUET / Mula sa megaroyale, Kadiwa District officers",https://www.youtube.com/watch?v=ROa3kbG5M0U&lc=UgwG690lxqEQy2HY07R4AaABAg,UgwG690lxqEQy2HY07R4AaABAg,UCouodNvhL1bfJC2Fz0B_Rcw,"Fetched 05/23/2026, 9:00:03 PM GMT+8"
34815,@henrycaranto2644,2 weeks ago,Nandito parin po kami nakasuporta 🎉🎉❤ /  / Mga Kasamang KADIWA Mag comment na po tayo ❤😊😊 /  / Pagbati po mula sa Lokal ng  / Baguio City😊❤,https://www.youtube.com/watch?v=ROa3kbG5M0U&lc=Ugw-4E9fRP1GgG375pt4AaABAg,Ugw-4E9fRP1GgG375pt4AaABAg,UCFilTOy22FklSkBIgwVPVaQ,"Fetched 05/23/2026, 9:00:03 PM GMT+8"
34816,@NorilynBayawoc-c7q,2 weeks ago,Happy viewing po from Lokal Ng Camp 6 Distrito Ng Benguet,https://www.youtube.com/watch?v=ROa3kbG5M0U&lc=UgytHIuAB6RpDhGRSsp4AaABAg,UgytHIuAB6RpDhGRSsp4AaABAg,UCXkASA6a4yyCYLFoeCbdz9A,"Fetched 05/23/2026, 9:00:03 PM GMT+8"
34817,@rolinabautista1668,2 weeks ago,Keep on watching po and like and share na rin po...from lokal ng Citycamp Distrito ng Benguet😊,https://www.youtube.com/watch?v=ROa3kbG5M0U&lc=Ugzz0iVdSsPex7h_Ftx4AaABAg,Ugzz0iVdSsPex7h_Ftx4AaABAg,UCWe_JqXHI6vjNDzPBrxHQ3A,"Fetched 05/23/2026, 9:00:03 PM GMT+8"
34818,@joannevillamor5443,2 weeks ago,Magandang gabi po sa lahat ng nanunuod sa Lokal ng Baguio City,https://www.youtube.com/watch?v=ROa3kbG5M0U&lc=UgxH65duQA7iUIaBVbp4AaABAg,UgxH65duQA7iUIaBVbp4AaABAg,UCUdqvb0fY6NruOlHUfvBFMA,"Fetched 05/23/2026, 9:00:03 PM GMT+8"
34819,@danielsangalang4416,2 weeks ago,Maligayang panonood po sa lahat ng mga kapatid sa buong mundo maging sa mga nasa kapisanang KADIWA mula po sa Lokal Ng Baguio City!!! Gising na gising!!!,https://www.youtube.com/watch?v=ROa3kbG5M0U&lc=Ugw9PKLmzLgq2LRPSoB4AaABAg,Ugw9PKLmzLgq2LRPSoB4AaABAg,UCd83g5cGg_Es6Qyl02u7jdw,"Fetched 05/23/2026, 9:00:03 PM GMT+8"
34820,@danielsangalang4416,2 weeks ago,Maligayang panonood po sa lahat ng mga kapatid sa buong mundo maging sa mga nasa kapisanang KADIWA mula po sa Lokal Ng Baguio City!!! Gising na gising!!!,https://www.youtube.com/watch?v=ROa3kbG5M0U&lc=UgwKFSUcJoTf9D0SBoB4AaABAg,UgwKFSUcJoTf9D0SBoB4AaABAg,UCd83g5cGg_Es6Qyl02u7jdw,"Fetched 05/23/2026, 9:00:03 PM GMT+8"
34821,@danizamaevaldez,2 weeks ago,"happy watching po, mula sa lokal ng camp 8 po",https://www.youtube.com/watch?v=ROa3kbG5M0U&lc=Ugxkb-ynSlH1LviQweh4AaABAg,Ugxkb-ynSlH1LviQweh4AaABAg,UC112ZCZpJD-lYPwWVGGstag,"Fetched 05/23/2026, 9:00:03 PM GMT+8"
34822,@danielsangalang4416,2 weeks ago,Maligayang panonood po sa lahat ng mga kapatid sa buong mundo maging sa mga nasa kapisanang KADIWA mula po sa Lokal Ng Baguio City!!! Gising na gising!!!,https://www.youtube.com/watch?v=ROa3kbG5M0U&lc=Ugwd-O18UdTTKcoDXz14AaABAg,Ugwd-O18UdTTKcoDXz14AaABAg,UCd83g5cGg_Es6Qyl02u7jdw,"Fetched 05/23/2026, 9:00:03 PM GMT+8"
34823,@boholhazeline05,2 weeks ago,"Magandang gabi po mga kapatid Happy viewing po sa ating lahat, Shout out po sa aming Destinado Ka Norbert Mislang. / Pagbati po mula sa Lokal ng Baguio City Gising na gising!!",https://www.youtube.com/watch?v=ROa3kbG5M0U&lc=Ugy49baAVdoRugCF4154AaABAg,Ugy49baAVdoRugCF4154AaABAg,UCNxuEnfuDgIEBwBrpx_Pl3w,"Fetched 05/23/2026, 9:00:03 PM GMT+8"
34824,@luibustamante9493,2 weeks ago,"Good evening po sa lahat ng kapatid sa lahat saan mang panig ng mumdo.  /  / Happy viewing po sa inyo lalo na sa mga masigasig na Kadiwa at KDO. Ilaban natin tu guys 💪💪🎉 /  /  / -KDO, Lokal ng Tuba",https://www.youtube.com/watch?v=ROa3kbG5M0U&lc=UgxQ6d88WvdeSxTC0uJ4AaABAg,UgxQ6d88WvdeSxTC0uJ4AaABAg,UCFAmrhDmv6rvZrQoYp-IS9w,"Fetched 05/23/2026, 9:00:03 PM GMT+8"
34825,@carmichaeldaligan4338,2 weeks ago,Magandang gabi po from Loakan Airport. Laban pa Banguet,https://www.youtube.com/watch?v=ROa3kbG5M0U&lc=UgxbgBVms7HXihmwQJd4AaABAg,UgxbgBVms7HXihmwQJd4AaABAg,UC3beFEbw3Ob7lxJMsEas9yw,"Fetched 05/23/2026, 9:00:03 PM GMT+8"
34826,@kristine7303,2 weeks ago,"Back at it again! Present parin mula sa Lokal ng Marcos Highway, distrito ng Benguet! / Greetings po mula sa Kadiwa District Officers!",https://www.youtube.com/watch?v=ROa3kbG5M0U&lc=UgwCSGGDtKBoBjbpw1N4AaABAg,UgwCSGGDtKBoBjbpw1N4AaABAg,UCJnlqat5vcPuV6GiDugaBnA,"Fetched 05/23/2026, 9:00:03 PM GMT+8"
34827,@jazerashleypacardo8593,2 weeks ago,Shout out sa lahat ng kadiwa at mga kapatid na patuloy na sumusubaybay! Happy Viewing po! LET'S GO BENGUET!,https://www.youtube.com/watch?v=ROa3kbG5M0U&lc=UgwShfKs8URoDgt5HbR4AaABAg,UgwShfKs8URoDgt5HbR4AaABAg,UCcGmrC4cEosbMeRpoJqI1hA,"Fetched 05/23/2026, 9:00:03 PM GMT+8"
34828,@gwynethcayabyab5981,2 weeks ago,Good evening po sa lahat  / Happy viewing po  / - Kadiwa district officers🎉,https://www.youtube.com/watch?v=ROa3kbG5M0U&lc=UgzYOSce1XdwXKR39Hh4AaABAg,UgzYOSce1XdwXKR39Hh4AaABAg,UCouodNvhL1bfJC2Fz0B_Rcw,"Fetched 05/23/2026, 9:00:03 PM GMT+8"
34829,@almazanrhyndylyn,2 weeks ago,Magandang gabi po sa lahat ng nakatutok at oras-oras sumusuporta lalo na po sa mga kasamang Kadiwa at sa Lokal ng Norcar Distrito ng Benguet. /  / Goooo Gooooo Bengueeeet 📣📣,https://www.youtube.com/watch?v=ROa3kbG5M0U&lc=UgyOE8PlofOWpQ_ydGN4AaABAg,UgyOE8PlofOWpQ_ydGN4AaABAg,UCEoQCNgytnJxjJnAQLSzFeA,"Fetched 05/23/2026, 9:00:03 PM GMT+8"
34830,@henrycaranto2644,2 weeks ago,Shoutout po sa lahat ng KADIWA at BINHI na hanggang ngayon ay nakasuporta.🎉🎉🎉 /  / Pagbati po mula sa Lokal ng Baguio City🎉❤,https://www.youtube.com/watch?v=ROa3kbG5M0U&lc=UgwAnYqFqL_N0_KCeiJ4AaABAg,UgwAnYqFqL_N0_KCeiJ4AaABAg,UCFilTOy22FklSkBIgwVPVaQ,"Fetched 05/23/2026, 9:00:03 PM GMT+8"
34831,@jonieyonga-an5239,2 weeks ago,Rewatch rewatch Po mga kapatiddd🎉🎉 /  / Mula Po sa lokal Ng Norcar Distrito Ng Benguet 🎉,https://www.youtube.com/watch?v=ROa3kbG5M0U&lc=UgwzleUeVM2bxck_KK94AaABAg,UgwzleUeVM2bxck_KK94AaABAg,UCgUo3JP_Fffuctza4bUumJg,"Fetched 05/23/2026, 9:00:03 PM GMT+8"
34832,@axy_24-7,2 weeks ago (edited),Lezzgooo Benguet🎉🎉🎉 LSS Soaferrrr~ 🎧🤍🎧 Greetings po sa mga taga City Camp 🤗,https://www.youtube.com/watch?v=ROa3kbG5M0U&lc=Ugyr0PsWF4s0G09FTqF4AaABAg,Ugyr0PsWF4s0G09FTqF4AaABAg,UCA3SZEcWISmChdZw_Rz-lJw,"Fetched 05/23/2026, 9:00:03 PM GMT+8"
34833,@aizelfuchigami842,2 weeks ago,Good evening po. Happy viewing mula po sa Lokal ng Quezon Hill Distrito ng Benguet. 🇮🇹❤️🎼🎵🎶,https://www.youtube.com/watch?v=ROa3kbG5M0U&lc=UgwduAkWN9Nq6Z-lClF4AaABAg,UgwduAkWN9Nq6Z-lClF4AaABAg,UCAxDQnCZxAvsB6YgYjSR1nQ,"Fetched 05/23/2026, 9:00:03 PM GMT+8"
34834,@henrycaranto2644,2 weeks ago,Still Here  / Benguet KDO Full Support🎉☺️ / Let’s Go Benguet ❤️❤️ /  / Hello po sa lahat ng Kadiwa at Binhi lalo na sa Benguet ☺️ /  / Mula po sa Lokal ng Baguio city❤❤,https://www.youtube.com/watch?v=ROa3kbG5M0U&lc=Ugw3D_9i-4PMLxeA7Pp4AaABAg,Ugw3D_9i-4PMLxeA7Pp4AaABAg,UCFilTOy22FklSkBIgwVPVaQ,"Fetched 05/23/2026, 9:00:03 PM GMT+8"
34835,@KaJaz-r3n,2 weeks ago,"Good evening Po. Greetings Po from lokal ng Gibraltar, Distrito ng Benguet. LET'S GO BENGUEEET!🎉 Happy watching mga ka maytungkulin namin sa Kadiwaa",https://www.youtube.com/watch?v=ROa3kbG5M0U&lc=Ugx2bCscyGnihCXeB-N4AaABAg,Ugx2bCscyGnihCXeB-N4AaABAg,UC4BTg4L19kJ77hFPPBce71g,"Fetched 05/23/2026, 9:00:03 PM GMT+8"
34836,@joeryarana9810,2 weeks ago,Watching Lokal ng tomay being.,https://www.youtube.com/watch?v=ROa3kbG5M0U&lc=UgxB5DuZ16X2miZRqWd4AaABAg,UgxB5DuZ16X2miZRqWd4AaABAg,UC390PBB4_d0TAjjcEAr6FNQ,"Fetched 05/23/2026, 9:00:03 PM GMT+8"
34837,@almazanrhyndylyn,2 weeks ago,Still here💕💕 /  / Happy watching from Local Congregation of Norcar District of Benguet. /  / Present po uli from KDO Benguet 🫶🫶,https://www.youtube.com/watch?v=ROa3kbG5M0U&lc=UgyZTAaNxrX7KsZuwyl4AaABAg,UgyZTAaNxrX7KsZuwyl4AaABAg,UCEoQCNgytnJxjJnAQLSzFeA,"Fetched 05/23/2026, 9:00:03 PM GMT+8"
34838,@gwynethcayabyab5981,2 weeks ago,Good evening mgakapatid  keep on watching po  /  / -KDO benguet,https://www.youtube.com/watch?v=ROa3kbG5M0U&lc=UgytFL0s1vDCgGDVlKh4AaABAg,UgytFL0s1vDCgGDVlKh4AaABAg,UCouodNvhL1bfJC2Fz0B_Rcw,"Fetched 05/23/2026, 9:00:03 PM GMT+8"
34839,@beverlynbackian3904,2 weeks ago,"Happy viewing po mga kapatid! /  / Mula sa Lokal ng Tomay, Distrito ng Benguet😊",https://www.youtube.com/watch?v=ROa3kbG5M0U&lc=UgzIMR3cL_3BEbIzuRR4AaABAg,UgzIMR3cL_3BEbIzuRR4AaABAg,UCTXTtrs7jg9nPci0Q4h5q0g,"Fetched 05/23/2026, 9:00:03 PM GMT+8"
34840,@micahangelacamba7672,2 weeks ago,Happy viewing po Mula lokal ng City Camp distrito ng Benguet!,https://www.youtube.com/watch?v=ROa3kbG5M0U&lc=UgwoWXYZJgcEwA3lygR4AaABAg,UgwoWXYZJgcEwA3lygR4AaABAg,UC8zbWf6_dyt-eiWl2vT8kxQ,"Fetched 05/23/2026, 9:00:03 PM GMT+8"
34841,@TheaCamba,2 weeks ago,Happy viewing po muli mula sa lokal ng city camp distrito ng benguet!!,https://www.youtube.com/watch?v=ROa3kbG5M0U&lc=UgzP5dsuPZHNROsq8Tl4AaABAg,UgzP5dsuPZHNROsq8Tl4AaABAg,UCsaAXxBGdUkAnz-EdAnHCMQ,"Fetched 05/23/2026, 9:00:03 PM GMT+8"
34842,@joylee1468,2 weeks ago,Happy viewing po ...mula po sa Lokal ng Atok Gold❤❤❤,https://www.youtube.com/watch?v=ROa3kbG5M0U&lc=UgyHinjElIzP8MdwYjJ4AaABAg,UgyHinjElIzP8MdwYjJ4AaABAg,UC7UWPgNV4p4GGKzoeFbHS8g,"Fetched 05/23/2026, 9:00:03 PM GMT+8"
34843,@joylee1468,2 weeks ago,🎉🎉🎉Go Benguet!!!🎉🎉🎉🎉 / Patuloy po na nanonood mula po sa Lokal ng Atok Gold❤❤❤,https://www.youtube.com/watch?v=ROa3kbG5M0U&lc=UgyLD7qmeVu3KcY-72Z4AaABAg,UgyLD7qmeVu3KcY-72Z4AaABAg,UC7UWPgNV4p4GGKzoeFbHS8g,"Fetched 05/23/2026, 9:00:03 PM GMT+8"
34844,@joylee1468,2 weeks ago,❤❤❤God's Love❤❤❤ / ❤❤❤Love is so divine❤❤❤ / ❤❤❤❤Lokal ng Atok Gold❤❤❤❤,https://www.youtube.com/watch?v=ROa3kbG5M0U&lc=UgyVTFoIWWRIO5VTkg54AaABAg,UgyVTFoIWWRIO5VTkg54AaABAg,UC7UWPgNV4p4GGKzoeFbHS8g,"Fetched 05/23/2026, 9:00:03 PM GMT+8"
34845,@almazanrhyndylyn,2 weeks ago,Good evening po.  / Greetings from Benguet Kadiwa District Officers. /  / All cheers and support po from the Local Congregation of Norcar District of Benguet. /  / Go! Go! Benguet 💕💕,https://www.youtube.com/watch?v=ROa3kbG5M0U&lc=UgxFbEAmhIQ6P2FSK8p4AaABAg,UgxFbEAmhIQ6P2FSK8p4AaABAg,UCEoQCNgytnJxjJnAQLSzFeA,"Fetched 05/23/2026, 9:00:03 PM GMT+8"
34846,@gladysabad8665,2 weeks ago,Good evening po... /  / Agbuya tayon kakabsat... /  / Mula sa lokal ng camp 8 po ... happy viewing 😊,https://www.youtube.com/watch?v=ROa3kbG5M0U&lc=Ugxq9d700DoXbrxtNIZ4AaABAg,Ugxq9d700DoXbrxtNIZ4AaABAg,UCp31Lwos5f6VPnIY9zaFbRA,"Fetched 05/23/2026, 9:00:03 PM GMT+8"
34847,@jonieyonga-an5239,2 weeks ago,Magandang hapon parin Po mga kapatiddd🎉🎉 /  / Hello sa mga Kadiwa at binhi na wlang sawang sumusuporta 🎉 / Happy watching Po sainyo🎉 /  / Mula Po sa lokal Ng Norcar Distrito Ng Benguet 🎉,https://www.youtube.com/watch?v=ROa3kbG5M0U&lc=UgxrssEN7qlDICF67Vp4AaABAg,UgxrssEN7qlDICF67Vp4AaABAg,UCgUo3JP_Fffuctza4bUumJg,"Fetched 05/23/2026, 9:00:03 PM GMT+8"
34848,@joylee1468,2 weeks ago,Hello po mga kapatid...Patuloy pong nanonood mula po sa Lokal ng Atok Gold,https://www.youtube.com/watch?v=ROa3kbG5M0U&lc=UgznLrIaHXK1d71_jnZ4AaABAg,UgznLrIaHXK1d71_jnZ4AaABAg,UC7UWPgNV4p4GGKzoeFbHS8g,"Fetched 05/23/2026, 9:00:03 PM GMT+8"
34849,@joylee1468,2 weeks ago,Happy viewing po mga kapatid..mula po sa Kapisanang Buklod sa Lokal ng Atok Gold,https://www.youtube.com/watch?v=ROa3kbG5M0U&lc=Ugws8Ha-ZZemqmijqqB4AaABAg,Ugws8Ha-ZZemqmijqqB4AaABAg,UC7UWPgNV4p4GGKzoeFbHS8g,"Fetched 05/23/2026, 9:00:03 PM GMT+8"
34850,@iya-k7j,2 weeks ago,Masayang panonood po mula po sa Lokal ng Atok Gold,https://www.youtube.com/watch?v=ROa3kbG5M0U&lc=UgzBUxiJEJdf8FVIKql4AaABAg,UgzBUxiJEJdf8FVIKql4AaABAg,UC_R2GfmFAjE8k8DgEjmtv7g,"Fetched 05/23/2026, 9:00:03 PM GMT+8"
34851,@henrycaranto2644,2 weeks ago,Bumabati po kami sa lahat ng nakatutok lalo na po sa Buong Distrito ng Benguet❤🎉🎉 /  / Hello po sa mga kasamang KADIWA Officers na kanina pa nakatutok🎉 /  / Mula po sa Lokal ng Baguio city,https://www.youtube.com/watch?v=ROa3kbG5M0U&lc=Ugy6lLjfIV9vXh1-Ik94AaABAg,Ugy6lLjfIV9vXh1-Ik94AaABAg,UCFilTOy22FklSkBIgwVPVaQ,"Fetched 05/23/2026, 9:00:03 PM GMT+8"
34852,@KaJaz-r3n,2 weeks ago,LET'S GO BENGUEEET!🎉 Happy viewing  Po mga kapatid! Shout out sa mga ka-KDO namin sa distrito,https://www.youtube.com/watch?v=ROa3kbG5M0U&lc=UgyT7ZJToiwIzp-YyXR4AaABAg,UgyT7ZJToiwIzp-YyXR4AaABAg,UC4BTg4L19kJ77hFPPBce71g,"Fetched 05/23/2026, 9:00:03 PM GMT+8"
34853,@rejomartayaban,2 weeks ago,Letss goo Bengueetttt!!😍  / Greetings from lokal ng La trinidad at Kadiwa officers ng Benguettt!! Enjoy viewing poo .,https://www.youtube.com/watch?v=ROa3kbG5M0U&lc=UgxDm9TRm9fpM3_nDnB4AaABAg,UgxDm9TRm9fpM3_nDnB4AaABAg,UCi7RYRPFL6HTFaScpYFJMJQ,"Fetched 05/23/2026, 9:00:03 PM GMT+8"
34854,@luibustamante9493,2 weeks ago,Let's Go Benguet🍓💪💪 /  / Hello po sa mga Kadiwa at Mga Mang-aawit. Pagbati po mula sa lokal ng Tuba. /  / Shoutout po aa mga KDO na patuloy sa panonod.,https://www.youtube.com/watch?v=ROa3kbG5M0U&lc=Ugyq3-skY6AP-Blf0Xd4AaABAg,Ugyq3-skY6AP-Blf0Xd4AaABAg,UCFAmrhDmv6rvZrQoYp-IS9w,"Fetched 05/23/2026, 9:00:03 PM GMT+8"
34855,@iya-k7j,2 weeks ago,❤❤❤We love watching God's Love......from Locale of Atok Gold❤❤❤,https://www.youtube.com/watch?v=ROa3kbG5M0U&lc=UgzOxhFyQPZ3itRaR5F4AaABAg,UgzOxhFyQPZ3itRaR5F4AaABAg,UC_R2GfmFAjE8k8DgEjmtv7g,"Fetched 05/23/2026, 9:00:03 PM GMT+8"
34856,@iya-k7j,2 weeks ago,"Happy watching po..mula po sa Kapisanang Binhi, Lokal ng Atok Gold❤❤❤",https://www.youtube.com/watch?v=ROa3kbG5M0U&lc=UgxtsLv_TPBDV-yKv1t4AaABAg,UgxtsLv_TPBDV-yKv1t4AaABAg,UC_R2GfmFAjE8k8DgEjmtv7g,"Fetched 05/23/2026, 9:00:03 PM GMT+8"
34857,@ronniejucar-p8v,2 weeks ago,"happy viewing po Mula s Lokal ng Taloy Sur, Distrito ng Benguet...",https://www.youtube.com/watch?v=ROa3kbG5M0U&lc=UgxVot083s4IXKKO-bl4AaABAg,UgxVot083s4IXKKO-bl4AaABAg,UCjo50U83BHzY7ln8p0-3LuQ,"Fetched 05/23/2026, 9:00:03 PM GMT+8"
34858,@iya-k7j,2 weeks ago,Magandang hapon po  .Lokal ng Atok Gold po,https://www.youtube.com/watch?v=ROa3kbG5M0U&lc=Ugxsxovh30CX4m0QMBN4AaABAg,Ugxsxovh30CX4m0QMBN4AaABAg,UC_R2GfmFAjE8k8DgEjmtv7g,"Fetched 05/23/2026, 9:00:03 PM GMT+8"
34859,@daisycastillo7985,2 weeks ago,Happy viewing po from lokal ng Quezon Hill distrito ng Benguet,https://www.youtube.com/watch?v=ROa3kbG5M0U&lc=UgyHYpSRAg7K7uBlGCJ4AaABAg,UgyHYpSRAg7K7uBlGCJ4AaABAg,UCMrjU45y0h9JC9PkHny6qGA,"Fetched 05/23/2026, 9:00:03 PM GMT+8"
34860,@joy-d3n4u,2 weeks ago,Patuloy po na nanonood...mula po sa Lokal ng Atok Gold❤❤❤,https://www.youtube.com/watch?v=ROa3kbG5M0U&lc=UgxUz4EcVMY9rHpIW-p4AaABAg,UgxUz4EcVMY9rHpIW-p4AaABAg,UCdSHn503pqXwdsqmLKce88g,"Fetched 05/23/2026, 9:00:03 PM GMT+8"
34861,@joy-d3n4u,2 weeks ago,❤❤❤God's Love❤❤❤ / Lokal ng Atok Gold,https://www.youtube.com/watch?v=ROa3kbG5M0U&lc=UgxxV_wDv1IH70h5OFR4AaABAg,UgxxV_wDv1IH70h5OFR4AaABAg,UCdSHn503pqXwdsqmLKce88g,"Fetched 05/23/2026, 9:00:03 PM GMT+8"
34862,@joy-d3n4u,2 weeks ago,❤❤❤magandang hapon po.mga kapatid.....mula po sa Lokal ng Atok Gold❤❤❤,https://www.youtube.com/watch?v=ROa3kbG5M0U&lc=Ugx1G3P33PWAJ4ezai94AaABAg,Ugx1G3P33PWAJ4ezai94AaABAg,UCdSHn503pqXwdsqmLKce88g,"Fetched 05/23/2026, 9:00:03 PM GMT+8"
34863,@jencirey,2 weeks ago,Good afternoon po sa lahat ng watchers! Happy viewing po from lokal ng Quezon Hill!! ❤,https://www.youtube.com/watch?v=ROa3kbG5M0U&lc=Ugyew-Pd47jTNVtOFcx4AaABAg,Ugyew-Pd47jTNVtOFcx4AaABAg,UCvElCgW8k03hNWpFOLmo8PA,"Fetched 05/23/2026, 9:00:03 PM GMT+8"
34864,@gwynethcayabyab5981,2 weeks ago,Support lang po ng support mga kapatid🎉 / Mula sa lokal ng megaroyale / At kadiwa district officers,https://www.youtube.com/watch?v=ROa3kbG5M0U&lc=UgzbWCRXfUX6jR9AKLx4AaABAg,UgzbWCRXfUX6jR9AKLx4AaABAg,UCouodNvhL1bfJC2Fz0B_Rcw,"Fetched 05/23/2026, 9:00:03 PM GMT+8"
34865,@jenelynlegaspi5472,2 weeks ago,"Magandang hapon po mg kapatid,pagbati po mula sa LOKAL NG QUEZON HILL / GO BENGUET💚🤍❤️",https://www.youtube.com/watch?v=ROa3kbG5M0U&lc=UgzVtN8k9FkRs6On3wZ4AaABAg,UgzVtN8k9FkRs6On3wZ4AaABAg,UCLjU_xM1oUxJ0N9ClfCcPjQ,"Fetched 05/23/2026, 9:00:03 PM GMT+8"
34866,@gwynethcayabyab5981,2 weeks ago,Wag po sana mag sasawang sumupporta mga kapatid🎉 /  / Mula sa mga kadiwa district officers❤,https://www.youtube.com/watch?v=ROa3kbG5M0U&lc=Ugzzb7qcb-CwWrACCUN4AaABAg,Ugzzb7qcb-CwWrACCUN4AaABAg,UCouodNvhL1bfJC2Fz0B_Rcw,"Fetched 05/23/2026, 9:00:03 PM GMT+8"
34867,@yzabelgayadan6013,2 weeks ago (edited),"Maligayang pagbati po mula sa lokal ng Marcos Highway! 💚 /  / Sa aming mga pogi at magagandang Kadiwa Officers, / maligayang panonood po sa inyong lahat!  /  / Sabay-sabay nating isigaw… / LET’S GO BENGUET! 🔥",https://www.youtube.com/watch?v=ROa3kbG5M0U&lc=UgxxKpYh3hF5FbUKv1B4AaABAg,UgxxKpYh3hF5FbUKv1B4AaABAg,UCdZGb4w25RyQ_9_blAErBaQ,"Fetched 05/23/2026, 9:00:03 PM GMT+8"
34868,@Vey_B,2 weeks ago,Enjoy viewing po mula po sa lokal ng Camp 8 Distrito ng Benguet!,https://www.youtube.com/watch?v=ROa3kbG5M0U&lc=Ugy854MsK5uMKvSSu654AaABAg,Ugy854MsK5uMKvSSu654AaABAg,UCs0ieULo51Fa89D7xPRNENg,"Fetched 05/23/2026, 9:00:03 PM GMT+8"
34869,@jilliansamchao,2 weeks ago,"Magandang hapon po mga Kapatid, mula po sa Lokal ng HILLSIDE",https://www.youtube.com/watch?v=ROa3kbG5M0U&lc=Ugx7G-p5W9UWN8iciaZ4AaABAg,Ugx7G-p5W9UWN8iciaZ4AaABAg,UCRnvVcjVsXveWDHJS-10OWg,"Fetched 05/23/2026, 9:00:03 PM GMT+8"
34870,@Jonnerguilod,2 weeks ago,Magandang Hapon po! / Watching po mula lokal ng Baguio City! /  / Shout out po sa lahat ng Binhi sa Distrito ng Benguet!,https://www.youtube.com/watch?v=ROa3kbG5M0U&lc=UgzuHN_M2eHxS3G2GNN4AaABAg,UgzuHN_M2eHxS3G2GNN4AaABAg,UCUziou_rMXx7lIZ3VI2K55Q,"Fetched 05/23/2026, 9:00:03 PM GMT+8"
34871,@JonnerGuilod-ye5rs,2 weeks ago,"Magandang Hapon po! / Watching po mula sa Lokal ng Baguio City! /  / Shout out po sa mga Binhi ng Lokal ng Ambiong sa pangunguna po ng kanilang Pangulong Binhi Ka. Dee Jay Daniwis! /  / -Binhi DO, Baguio City",https://www.youtube.com/watch?v=ROa3kbG5M0U&lc=UgwXcUYyFo1G2517k554AaABAg,UgwXcUYyFo1G2517k554AaABAg,UCqAZvKcFKWAYBEWjNAhZEZw,"Fetched 05/23/2026, 9:00:03 PM GMT+8"
34872,@jonieyonga-an5239,2 weeks ago,Tuloy Po sa pagsuporta mga Kapatid 🎉🎉 /  / Let's goo Benguettt!! / Greetings Mula Po sa lokal Ng Norcar Distrito Ng Benguet 🎉🎉,https://www.youtube.com/watch?v=ROa3kbG5M0U&lc=UgyOCNoA5LF5zoTyHBt4AaABAg,UgyOCNoA5LF5zoTyHBt4AaABAg,UCgUo3JP_Fffuctza4bUumJg,"Fetched 05/23/2026, 9:00:03 PM GMT+8"
34873,@luibustamante9493,2 weeks ago,"Let's Go Benguet, Let's go mga Kadiwa. Tuloy-tuloy lang po ang panonood.  /  / -KDO, Lokal ng Tuba",https://www.youtube.com/watch?v=ROa3kbG5M0U&lc=UgwkX_H4cMx8sDGHzs14AaABAg,UgwkX_H4cMx8sDGHzs14AaABAg,UCFAmrhDmv6rvZrQoYp-IS9w,"Fetched 05/23/2026, 9:00:03 PM GMT+8"
34874,@LynMintar,2 weeks ago,Happy viewing po mga Kapatid. From lokal ng loacan benguet,https://www.youtube.com/watch?v=ROa3kbG5M0U&lc=UgxscBz62ebKieHLWpR4AaABAg,UgxscBz62ebKieHLWpR4AaABAg,UCz5a-iYhPN-5VEJ2F-1QV2g,"Fetched 05/23/2026, 9:00:03 PM GMT+8"
34875,@jazerashleypacardo8593,2 weeks ago,LET'S GO BAGUIO! Shout out po sa mga kasama kong kadiwa jan. Happy watching mga kapatid!,https://www.youtube.com/watch?v=ROa3kbG5M0U&lc=UgxJoSND_pXhaYQd_hl4AaABAg,UgxJoSND_pXhaYQd_hl4AaABAg,UCcGmrC4cEosbMeRpoJqI1hA,"Fetched 05/23/2026, 9:00:03 PM GMT+8"
34876,@henrycaranto2644,2 weeks ago,Happy Watching po sa Lahat ☺️❤️🎉🎉 / Let’s Go Benguet. /  / Mula po sa lahat ng KDO Benguet at Lokal ng Baguio City ❤🎉,https://www.youtube.com/watch?v=ROa3kbG5M0U&lc=UgyuGs9QNGV5cnDpy5B4AaABAg,UgyuGs9QNGV5cnDpy5B4AaABAg,UCFilTOy22FklSkBIgwVPVaQ,"Fetched 05/23/2026, 9:00:03 PM GMT+8"
34877,@RhyndylynAlmazan,2 weeks ago,Lezzz Go Benguet.  /  / Patuloy at nananatiling nakasubaybay mula sa Lokal ng Norcar Distrito ng Benguet. /  / Tuloy tuloy na panonood at pagsuporta mula sa Kapisanang Pansambahayan lalo na po ang mga nasa Kadiwa.,https://www.youtube.com/watch?v=ROa3kbG5M0U&lc=UgzPBanYPg3mMmKPcaN4AaABAg,UgzPBanYPg3mMmKPcaN4AaABAg,UCMghc-KkDEZPqnTXiV0hZfw,"Fetched 05/23/2026, 9:00:03 PM GMT+8"
34878,@Vien.Bella-vu5rh4pz8b,2 weeks ago,Let's Go Benguet! / Mula po sa Lokal ng Atok Gold ❤❤❤❤❤❤,https://www.youtube.com/watch?v=ROa3kbG5M0U&lc=Ugx5gZ4PWl3mbyQoqkJ4AaABAg,Ugx5gZ4PWl3mbyQoqkJ4AaABAg,UCB9NRJMQHTIobGeD1zbmbYA,"Fetched 05/23/2026, 9:00:03 PM GMT+8"
34879,@jonathanlazaro-lr3tw,2 weeks ago,Pagbati po sa lahat ng nanonood mula po sa Lokal ng Atok Gold,https://www.youtube.com/watch?v=ROa3kbG5M0U&lc=UgzyYJV5Sa52RoTSSX14AaABAg,UgzyYJV5Sa52RoTSSX14AaABAg,UCFqvjRjbTvQSzxX4Cw-_bZw,"Fetched 05/23/2026, 9:00:03 PM GMT+8"
34880,@jonieyonga-an5239,2 weeks ago,Helloo poo happy watching again Mula Po sa lokal Ng Norcar Distrito Ng Benguet 🎉 /  / Shout out mga Kadiwa at binhi Jan!!!🎉🎉,https://www.youtube.com/watch?v=ROa3kbG5M0U&lc=Ugx7cgQBoBSRMJF5S0V4AaABAg,Ugx7cgQBoBSRMJF5S0V4AaABAg,UCgUo3JP_Fffuctza4bUumJg,"Fetched 05/23/2026, 9:00:03 PM GMT+8"
34881,@luisabinayan,2 weeks ago,❤ Happy Viewing po sa inyo mga kapatid . Lokal Ng Camp 7 Distrito Ng Benguet,https://www.youtube.com/watch?v=ROa3kbG5M0U&lc=Ugwr5cb5t36IwTz3hgJ4AaABAg,Ugwr5cb5t36IwTz3hgJ4AaABAg,UCAJHqUZIvL5qWL3ieUilChw,"Fetched 05/23/2026, 9:00:03 PM GMT+8"
34882,@Vien.Bella-vu5rh4pz8b,2 weeks ago,Let's Go Benguet! / Mula po sa Lokal ng Atok Gold 🇮🇹 / Kagawaran ng Mang-aawit 🎶🎵,https://www.youtube.com/watch?v=ROa3kbG5M0U&lc=Ugyp_wvXvFATmWajBhd4AaABAg,Ugyp_wvXvFATmWajBhd4AaABAg,UCB9NRJMQHTIobGeD1zbmbYA,"Fetched 05/23/2026, 9:00:03 PM GMT+8"
34883,@jonathanlazaro-lr3tw,2 weeks ago,Pagbati po sa lahat ng nanonood mula po sa Lokal ng Atok Gold,https://www.youtube.com/watch?v=ROa3kbG5M0U&lc=Ugyr7JmzeNaxiTWkK7J4AaABAg,Ugyr7JmzeNaxiTWkK7J4AaABAg,UCFqvjRjbTvQSzxX4Cw-_bZw,"Fetched 05/23/2026, 9:00:03 PM GMT+8"
34884,@luibustamante9493,2 weeks ago,Let's Go Benguet. Stay tuned po lagi tayo. /  / -Kadiwa district officers keep on watching 3pm na 🤗🤗🤗🤗  /  / -Lokal ng Tuba,https://www.youtube.com/watch?v=ROa3kbG5M0U&lc=UgwgZre4CCf_VcDlFux4AaABAg,UgwgZre4CCf_VcDlFux4AaABAg,UCFAmrhDmv6rvZrQoYp-IS9w,"Fetched 05/23/2026, 9:00:03 PM GMT+8"
34885,@Vien.Bella-vu5rh4pz8b,2 weeks ago,Let's Go Benguet! / Mula po sa Lokal ng Atok Gold 🇮🇹 / Kagawaran ng Mang-aawit 🎶🎵,https://www.youtube.com/watch?v=ROa3kbG5M0U&lc=Ugx97MBtRBONXNSQbJZ4AaABAg,Ugx97MBtRBONXNSQbJZ4AaABAg,UCB9NRJMQHTIobGeD1zbmbYA,"Fetched 05/23/2026, 9:00:03 PM GMT+8"
34886,@jonathanlazaro-lr3tw,2 weeks ago,Pagbati po sa lahat ng nanonood mula po sa Lokal ng Atok Gold,https://www.youtube.com/watch?v=ROa3kbG5M0U&lc=UgwlJkK1_ER5XnOJVkt4AaABAg,UgwlJkK1_ER5XnOJVkt4AaABAg,UCFqvjRjbTvQSzxX4Cw-_bZw,"Fetched 05/23/2026, 9:00:03 PM GMT+8"
34887,@almazanrhyndylyn,2 weeks ago,Malamig na hapon po. /  / Masiglang sumusuporta po mula sa Lokal ng Norcar Distrito ng Benguet at Kapisanang Kadiwa. /  / #GoBenguet / #God's Love,https://www.youtube.com/watch?v=ROa3kbG5M0U&lc=UgzSV8K61TcHTeqLbTp4AaABAg,UgzSV8K61TcHTeqLbTp4AaABAg,UCEoQCNgytnJxjJnAQLSzFeA,"Fetched 05/23/2026, 9:00:03 PM GMT+8"
34888,@Vien.Bella-vu5rh4pz8b,2 weeks ago,Let's Go Benguet! / Mula po sa Lokal ng Atok Gold 🇮🇹 / Kagawaran ng Mang-aawit 🎶🎵,https://www.youtube.com/watch?v=ROa3kbG5M0U&lc=UgyvOI7EyqXGIiPaidB4AaABAg,UgyvOI7EyqXGIiPaidB4AaABAg,UCB9NRJMQHTIobGeD1zbmbYA,"Fetched 05/23/2026, 9:00:03 PM GMT+8"
34889,@Vien.Bella-vu5rh4pz8b,2 weeks ago,Let's Go Benguet! / Mula po sa Lokal ng Atok Gold 🇮🇹 / Kagawaran ng Mang-aawit 🎶🎵,https://www.youtube.com/watch?v=ROa3kbG5M0U&lc=Ugy6RF3bViCYMRWnrXJ4AaABAg,Ugy6RF3bViCYMRWnrXJ4AaABAg,UCB9NRJMQHTIobGeD1zbmbYA,"Fetched 05/23/2026, 9:00:03 PM GMT+8"
34890,@gwynethcayabyab5981,2 weeks ago,LETS GO BENGUET / - kadiwa district officers,https://www.youtube.com/watch?v=ROa3kbG5M0U&lc=UgxeQ3NIfZ589n7ifkB4AaABAg,UgxeQ3NIfZ589n7ifkB4AaABAg,UCouodNvhL1bfJC2Fz0B_Rcw,"Fetched 05/23/2026, 9:00:03 PM GMT+8"
34891,@meryllsagampod7982,2 weeks ago,Sa lahat po ng mga KADIWA at BINHI!!!  /  / HAPPY VIEWING PO!! /  / Mula po sa Lokal ng Kias!! 😇,https://www.youtube.com/watch?v=ROa3kbG5M0U&lc=UgxZPriw79VcQn4-QXB4AaABAg,UgxZPriw79VcQn4-QXB4AaABAg,UCVkLACK3Y8LbTZhVrCb88CA,"Fetched 05/23/2026, 9:00:03 PM GMT+8"
34892,@Vien.Bella-vu5rh4pz8b,2 weeks ago,Let's Go Benguet! / Mula po sa Lokal ng Atok Gold 🇮🇹 / Kagawaran ng Mang-aawit 🎶🎵,https://www.youtube.com/watch?v=ROa3kbG5M0U&lc=Ugz8N3mSKNpSrOxrxs54AaABAg,Ugz8N3mSKNpSrOxrxs54AaABAg,UCB9NRJMQHTIobGeD1zbmbYA,"Fetched 05/23/2026, 9:00:03 PM GMT+8"
34893,@Vien.Bella-vu5rh4pz8b,2 weeks ago,Let's Go Benguet! / Mula po sa Lokal ng Atok Gold 🇮🇹 / Kagawaran ng Mang-aawit 🎶🎵,https://www.youtube.com/watch?v=ROa3kbG5M0U&lc=UgxyB4bOVhzx3p8QjQh4AaABAg,UgxyB4bOVhzx3p8QjQh4AaABAg,UCB9NRJMQHTIobGeD1zbmbYA,"Fetched 05/23/2026, 9:00:03 PM GMT+8"
34894,@Vien.Bella-vu5rh4pz8b,2 weeks ago,Happy viewing po! Mula sa Lokal ng Atok Gold 😊😊😊,https://www.youtube.com/watch?v=ROa3kbG5M0U&lc=UgzNCSavMDsJzq4VM894AaABAg,UgzNCSavMDsJzq4VM894AaABAg,UCB9NRJMQHTIobGeD1zbmbYA,"Fetched 05/23/2026, 9:00:03 PM GMT+8"
34895,@JennicaTugad,2 weeks ago,happy viewing po mula sa lokal ng Atok Gold,https://www.youtube.com/watch?v=ROa3kbG5M0U&lc=UgxhjgKlo7JG56vdrm54AaABAg,UgxhjgKlo7JG56vdrm54AaABAg,UCLyEXPF1FKcXeXauBpyYV-A,"Fetched 05/23/2026, 9:00:03 PM GMT+8"
34896,@Vien.Bella-vu5rh4pz8b,2 weeks ago,Happy viewing po! Mula sa Lokal ng Atok Gold 😊😊😊,https://www.youtube.com/watch?v=ROa3kbG5M0U&lc=UgwFPzFRh11Oc8FHfQZ4AaABAg,UgwFPzFRh11Oc8FHfQZ4AaABAg,UCB9NRJMQHTIobGeD1zbmbYA,"Fetched 05/23/2026, 9:00:03 PM GMT+8"
34897,@yzabelgayadan6013,2 weeks ago,"Maligayang panunuod po muli sa lahat, mula po sa lokal ng Marcos Highway /  / Pagbati po sa lahat ng KADIWA /  / LET’S GOO BENGUETTT!!💪🤍",https://www.youtube.com/watch?v=ROa3kbG5M0U&lc=UgwpDFwvPBDn6QtepEp4AaABAg,UgwpDFwvPBDn6QtepEp4AaABAg,UCdZGb4w25RyQ_9_blAErBaQ,"Fetched 05/23/2026, 9:00:03 PM GMT+8"
34898,@yzabelgayadan6013,2 weeks ago,"Maligayang panunuod po muli sa lahat, mula po sa lokal ng Marcos Highway /  / Pagbati po sa lahat ng KADIWA /  / LET’S GOO BENGUETTT!!💪🤍",https://www.youtube.com/watch?v=ROa3kbG5M0U&lc=UgzBX2mqbRHJvZc6y614AaABAg,UgzBX2mqbRHJvZc6y614AaABAg,UCdZGb4w25RyQ_9_blAErBaQ,"Fetched 05/23/2026, 9:00:03 PM GMT+8"
34899,@Vien.Bella-vu5rh4pz8b,2 weeks ago,Maligayang panonood po from lokal ng ATOK GOLD ❤❤❤❤,https://www.youtube.com/watch?v=ROa3kbG5M0U&lc=UgzxxfwR-63863Zh0K14AaABAg,UgzxxfwR-63863Zh0K14AaABAg,UCB9NRJMQHTIobGeD1zbmbYA,"Fetched 05/23/2026, 9:00:03 PM GMT+8"
34900,@Vien.Bella-vu5rh4pz8b,2 weeks ago,Happy viewing po mula sa Lokal ng Atok Gold 😊,https://www.youtube.com/watch?v=ROa3kbG5M0U&lc=Ugxbt9HGh-IY8p9wSUZ4AaABAg,Ugxbt9HGh-IY8p9wSUZ4AaABAg,UCB9NRJMQHTIobGeD1zbmbYA,"Fetched 05/23/2026, 9:00:03 PM GMT+8"
34901,@henrycaranto2644,2 weeks ago,Hello po sa lahat 😊🎉 /  / Shoutout po sa Lahat ng KADIWA 🎉😊 / Comment na po 🎉 /  / From lokal ng Baguio City❤❤,https://www.youtube.com/watch?v=ROa3kbG5M0U&lc=UgxzWwWbk0dDxmTktZp4AaABAg,UgxzWwWbk0dDxmTktZp4AaABAg,UCFilTOy22FklSkBIgwVPVaQ,"Fetched 05/23/2026, 9:00:03 PM GMT+8"
34902,@itzjazmegacha,2 weeks ago,"Happy watching po sa lahat ng mga kamaytungkulin ko sa Kapisanand Kadiwa. D nakakasawa pakinggan hehe. LET""S GO BENGUET!😄",https://www.youtube.com/watch?v=ROa3kbG5M0U&lc=UgwNEpfgiKT1QNudHgd4AaABAg,UgwNEpfgiKT1QNudHgd4AaABAg,UChOp7W4eOfG4K8dXsHWSioA,"Fetched 05/23/2026, 9:00:03 PM GMT+8"
34903,@jonieyonga-an5239,2 weeks ago,Shout out Po sa lahat Ng Kadiwa at binhi na nanonood jan🎉🎉 / Mga masigasig na walang sawang sumusuporta🎉 /  /  / Happy viewing Mula Po sa lokal Ng Norcar Distrito Ng Benguet 🎉,https://www.youtube.com/watch?v=ROa3kbG5M0U&lc=UgzpKXXt849A0a6RJY14AaABAg,UgzpKXXt849A0a6RJY14AaABAg,UCgUo3JP_Fffuctza4bUumJg,"Fetched 05/23/2026, 9:00:03 PM GMT+8"
34904,@ALEXIASOPHIAYDIO,2 weeks ago,"Happy Viewing po mga kapatid🫶, Mula po sa lokal ng Atok Gold",https://www.youtube.com/watch?v=ROa3kbG5M0U&lc=UgwvaQjY9rvZ-yIr7q94AaABAg,UgwvaQjY9rvZ-yIr7q94AaABAg,UC806ht4k_AHuzg4k_rkDPJw,"Fetched 05/23/2026, 9:00:03 PM GMT+8"
34905,@Dondon-n6n,2 weeks ago,Happy Viewing po mga kabagis mula po sa lokal ng loacan sa Distrito po ng Benguet,https://www.youtube.com/watch?v=ROa3kbG5M0U&lc=Ugz6sJyrvWlr3P9bFK14AaABAg,Ugz6sJyrvWlr3P9bFK14AaABAg,UC-KpXZLj98-A9XNg091kY1Q,"Fetched 05/23/2026, 9:00:03 PM GMT+8"
34906,@itzjazmegacha,2 weeks ago,Good afternoon po mga kapatid. Binabati ko po lahat ng mga nasa kapisanang kadiwa. HAPPY VIEWING PO SAINYO. LET'S GO BENGUET!,https://www.youtube.com/watch?v=ROa3kbG5M0U&lc=UgzMvZtzEJb-DebdKZZ4AaABAg,UgzMvZtzEJb-DebdKZZ4AaABAg,UChOp7W4eOfG4K8dXsHWSioA,"Fetched 05/23/2026, 9:00:03 PM GMT+8"
34907,@joy-d3n4u,2 weeks ago,#God's Love / #A new day brings hope.... / #Lokal ng Atok Gold,https://www.youtube.com/watch?v=ROa3kbG5M0U&lc=UgxMleMiabk1i6p9WZx4AaABAg,UgxMleMiabk1i6p9WZx4AaABAg,UCdSHn503pqXwdsqmLKce88g,"Fetched 05/23/2026, 9:00:03 PM GMT+8"
34908,@joy-d3n4u,2 weeks ago,#God's Love / #Benguet / #Lokal ng Atok Gold,https://www.youtube.com/watch?v=ROa3kbG5M0U&lc=UgxAJp3fZwDtAsDj_PB4AaABAg,UgxAJp3fZwDtAsDj_PB4AaABAg,UCdSHn503pqXwdsqmLKce88g,"Fetched 05/23/2026, 9:00:03 PM GMT+8"
34909,@joy-d3n4u,2 weeks ago,Magandang hapon po.mga kapatid❤❤❤❤ / Happy viewing po / ❤❤❤❤❤ / mula po sa Lokal ng Atok Gold,https://www.youtube.com/watch?v=ROa3kbG5M0U&lc=UgxCtxj1XDhx1GP-lP94AaABAg,UgxCtxj1XDhx1GP-lP94AaABAg,UCdSHn503pqXwdsqmLKce88g,"Fetched 05/23/2026, 9:00:03 PM GMT+8"
34910,@mayvehn,2 weeks ago,Patuloy pong nanonood...mula po sa Lokal ng Atok Gold,https://www.youtube.com/watch?v=ROa3kbG5M0U&lc=UgwrVX0I7XNYfb2v-3N4AaABAg,UgwrVX0I7XNYfb2v-3N4AaABAg,UCivhdJ2CQeLK8tlG7Wh2BSQ,"Fetched 05/23/2026, 9:00:03 PM GMT+8"
34911,@mayvehn,2 weeks ago,hello po mga kapatid!!!!Lokal ng Atok Gold,https://www.youtube.com/watch?v=ROa3kbG5M0U&lc=UgyPr7BW1WW8vfcuaz94AaABAg,UgyPr7BW1WW8vfcuaz94AaABAg,UCivhdJ2CQeLK8tlG7Wh2BSQ,"Fetched 05/23/2026, 9:00:03 PM GMT+8"
34912,@luibustamante9493,2 weeks ago,Let's go Benguet 🍓💪🤗 /  / Hello po sa mga Kadiwa at KDO na tuloy-tuloy ang pakikiisa at panonood /  /  / Rewatching mula po sa lokal ng Tuba 🤗🤗🤗,https://www.youtube.com/watch?v=ROa3kbG5M0U&lc=Ugznkt4nXLMUXBh-88x4AaABAg,Ugznkt4nXLMUXBh-88x4AaABAg,UCFAmrhDmv6rvZrQoYp-IS9w,"Fetched 05/23/2026, 9:00:03 PM GMT+8"
34913,@henrycaranto2644,2 weeks ago,“God’s Love Is Bigger than the ocean” / -LSS /  / Shoutout po sa lahat ng nakatutok padin. Lalo na sa Benguet KADIWA District Officers❤❤🎉🎉 /  / Pagbati po mula sa Lokal Ng Baguio City 🎉🎉,https://www.youtube.com/watch?v=ROa3kbG5M0U&lc=Ugy_RG9p73nCD04QYV14AaABAg,Ugy_RG9p73nCD04QYV14AaABAg,UCFilTOy22FklSkBIgwVPVaQ,"Fetched 05/23/2026, 9:00:03 PM GMT+8"
34914,@almazanrhyndylyn,2 weeks ago,Maulang hapon po. /  / Maligayang pakikinig mula sa Lokal ng Norcar Distrito ng Benguet. /  / Go go Benguet masiglang pagsuporta mula po sa Kapisanang Kadiwa.,https://www.youtube.com/watch?v=ROa3kbG5M0U&lc=UgyHzKIiqqAAQnk3RiN4AaABAg,UgyHzKIiqqAAQnk3RiN4AaABAg,UCEoQCNgytnJxjJnAQLSzFeA,"Fetched 05/23/2026, 9:00:03 PM GMT+8"
34915,@gwynethcayabyab5981,2 weeks ago,Lets go benguet🎉 nood lang po ng nood / - kadiwa district officers 🎉,https://www.youtube.com/watch?v=ROa3kbG5M0U&lc=UgykOURx3O2-kD18jIN4AaABAg,UgykOURx3O2-kD18jIN4AaABAg,UCouodNvhL1bfJC2Fz0B_Rcw,"Fetched 05/23/2026, 9:00:03 PM GMT+8"
34916,@mayvehn,2 weeks ago,magandang hapon po ...mula po sa lokal ng Atok Gold🎉🎉🎉,https://www.youtube.com/watch?v=ROa3kbG5M0U&lc=UgxK-xMCUHeCaRFvYOx4AaABAg,UgxK-xMCUHeCaRFvYOx4AaABAg,UCivhdJ2CQeLK8tlG7Wh2BSQ,"Fetched 05/23/2026, 9:00:03 PM GMT+8"
34917,@mayvehn,2 weeks ago,❤❤❤❤ / Go Benguet!!!! / Lokal ng Atok Gold. / ❤❤❤❤,https://www.youtube.com/watch?v=ROa3kbG5M0U&lc=UgybqGy-Xm7ciKnKntx4AaABAg,UgybqGy-Xm7ciKnKntx4AaABAg,UCivhdJ2CQeLK8tlG7Wh2BSQ,"Fetched 05/23/2026, 9:00:03 PM GMT+8"
34918,@mayvehn,2 weeks ago,watching po mula sa Lokal ng Atok Gold❤❤❤❤,https://www.youtube.com/watch?v=ROa3kbG5M0U&lc=UgydoMcRMdVXmbyR8YJ4AaABAg,UgydoMcRMdVXmbyR8YJ4AaABAg,UCivhdJ2CQeLK8tlG7Wh2BSQ,"Fetched 05/23/2026, 9:00:03 PM GMT+8"
34919,@sophiadaludado3673,2 weeks ago (edited),"So amazing Distrito ng Benguet! Greetings po from Kadiwa officers sa Lokal ng Guisad, Distrito ng Benguet!",https://www.youtube.com/watch?v=ROa3kbG5M0U&lc=Ugxi_Z78MKEcQuvE5_x4AaABAg,Ugxi_Z78MKEcQuvE5_x4AaABAg,UCpMfZ58h2kLpXWYHpkVFtVA,"Fetched 05/23/2026, 9:00:03 PM GMT+8"
34920,@SOPHIAANNEDALUDADO,2 weeks ago,"Happy viewing po dear brethren! Greetings po from KDO and sa Lokal ng Guisad, Distrito ng Benguet ❤",https://www.youtube.com/watch?v=ROa3kbG5M0U&lc=Ugw2ns97HTkcfMkNjQF4AaABAg,Ugw2ns97HTkcfMkNjQF4AaABAg,UCUCjBvbRX3uNQNApi6KDXyA,"Fetched 05/23/2026, 9:00:03 PM GMT+8"
34921,@emmylousanchez,2 weeks ago,Watching from Melbourne!!! Enjoy sharing and watching together po!!!,https://www.youtube.com/watch?v=ROa3kbG5M0U&lc=Ugx73i0Rq9quLmDQzT94AaABAg,Ugx73i0Rq9quLmDQzT94AaABAg,UCoC8dd1wSr9AUCVGrMknB0A,"Fetched 05/23/2026, 9:00:03 PM GMT+8"
34922,@emmylousanchez,2 weeks ago,"Shoutout to  Ching, Karl, and Ruby!!!! Great INCMV!!! I can tell that the whole crew enjoyed producing this po",https://www.youtube.com/watch?v=ROa3kbG5M0U&lc=UgxkbIRmkXwtJ2gvT4p4AaABAg,UgxkbIRmkXwtJ2gvT4p4AaABAg,UCoC8dd1wSr9AUCVGrMknB0A,"Fetched 05/23/2026, 9:00:03 PM GMT+8"
34923,@Vien.Bella-vu5rh4pz8b,2 weeks ago,Maligayang Panonood po😊 / mula po sa Lokal ng Atok Gold 🇮🇹,https://www.youtube.com/watch?v=ROa3kbG5M0U&lc=UgwUyUU5UNIjAlqmIIp4AaABAg,UgwUyUU5UNIjAlqmIIp4AaABAg,UCB9NRJMQHTIobGeD1zbmbYA,"Fetched 05/23/2026, 9:00:03 PM GMT+8"
34924,@Vien.Bella-vu5rh4pz8b,2 weeks ago,Maligayang Panonood po😊 / mula po sa Lokal ng Atok Gold 🇮🇹,https://www.youtube.com/watch?v=ROa3kbG5M0U&lc=Ugyug6M67Sima9svxsR4AaABAg,Ugyug6M67Sima9svxsR4AaABAg,UCB9NRJMQHTIobGeD1zbmbYA,"Fetched 05/23/2026, 9:00:03 PM GMT+8"
34925,@ambrosioanofojr4444,2 weeks ago,Happy viewing po mula sa kapisanang kadiwa! / Let's Go! Benguet / mula sa lokal ng Norcar!,https://www.youtube.com/watch?v=ROa3kbG5M0U&lc=UgyjTjUcUJwa9p_2bg14AaABAg,UgyjTjUcUJwa9p_2bg14AaABAg,UCQACOM5LJpxnKpV1DM1bwew,"Fetched 05/23/2026, 9:00:03 PM GMT+8"
34926,@luibustamante9493,2 weeks ago,"Magandanag tanghali at masayang panonood po ng INCMV entry na God's love. 🎉🎉🍓🍓 /  / Pagbati mula sa Kadiwa District Officer, Lokal ng Tuba 🤗🤗🍽",https://www.youtube.com/watch?v=ROa3kbG5M0U&lc=Ugx4LUqDXe3zbF1D-l14AaABAg,Ugx4LUqDXe3zbF1D-l14AaABAg,UCFAmrhDmv6rvZrQoYp-IS9w,"Fetched 05/23/2026, 9:00:03 PM GMT+8"
34927,@almazanrhyndylyn,2 weeks ago,Patuloy na nakikinig at sumusuporta mula po sa Lokal ng Norcar Distrito ng Benguet. /  / Lets Go Kadiwa Benguet!!! / Lets Go Benguet!!,https://www.youtube.com/watch?v=ROa3kbG5M0U&lc=Ugxjhspk93SO4fIbCtl4AaABAg,Ugxjhspk93SO4fIbCtl4AaABAg,UCEoQCNgytnJxjJnAQLSzFeA,"Fetched 05/23/2026, 9:00:03 PM GMT+8"
34928,@remelinnabua5518,2 weeks ago,Happy watching po to all the brethren around the world! Greetings from the locale of Camp 7 Benguet,https://www.youtube.com/watch?v=ROa3kbG5M0U&lc=UgzKcS8Bp88VsFIUL9V4AaABAg,UgzKcS8Bp88VsFIUL9V4AaABAg,UCH0YNCy1HRa8W7XncYmccXw,"Fetched 05/23/2026, 9:00:03 PM GMT+8"
34929,@jonieyonga-an5239,2 weeks ago,Hello Po sa mga Kadiwa at binhi na nanonood jan🎉🎉 / Happy viewing Po /  / From lokal Ng NORCAR Distrito Ng Benguet 🎉,https://www.youtube.com/watch?v=ROa3kbG5M0U&lc=UgxKzmEvvp8LVcyWTTR4AaABAg,UgxKzmEvvp8LVcyWTTR4AaABAg,UCgUo3JP_Fffuctza4bUumJg,"Fetched 05/23/2026, 9:00:03 PM GMT+8"
34930,@gwynethcayabyab5981,2 weeks ago,"Happy viewing po sa lahat ng kapatid sa buong mundo, salamat po sa supporta /  / Mula po sa kadiwa district officers ng benguet",https://www.youtube.com/watch?v=ROa3kbG5M0U&lc=UgwRcBW9qtNQEBaWeEh4AaABAg,UgwRcBW9qtNQEBaWeEh4AaABAg,UCouodNvhL1bfJC2Fz0B_Rcw,"Fetched 05/23/2026, 9:00:03 PM GMT+8"
34931,@henrycaranto2644,2 weeks ago,Happy Watching po sa lahat 🎉☺️ / Happy watching po sa lahat ng KADIWA at Binhi 🎉🎉 /  / Shoutout sa lahat ng Benguet KDO’s❤❤ /  / From Lokal ng Baguio City,https://www.youtube.com/watch?v=ROa3kbG5M0U&lc=Ugyi2PrnVxoOVUUKecN4AaABAg,Ugyi2PrnVxoOVUUKecN4AaABAg,UCFilTOy22FklSkBIgwVPVaQ,"Fetched 05/23/2026, 9:00:03 PM GMT+8"
34932,@ZosimaSaley-m2n,2 weeks ago (edited),Happy lunch and happy viewing  / po mga kapatid!❤ / Mula sa Lokal ng Kapangan - Bolinsak GWS,https://www.youtube.com/watch?v=ROa3kbG5M0U&lc=UgxdV5my0FbeEaYYdiZ4AaABAg,UgxdV5my0FbeEaYYdiZ4AaABAg,UCNpXml0nxy8U5FHplvYO0Lg,"Fetched 05/23/2026, 9:00:03 PM GMT+8"
34933,@divinagraciadaniwis4276,2 weeks ago,mula po sa kagawaran ng Diakonesa Happy viewing po mga kapatid mula po sa lokal ng Ambiong Distrito ng Benguet 🎉❤,https://www.youtube.com/watch?v=ROa3kbG5M0U&lc=UgxR8ViC-iWt7bjP-vl4AaABAg,UgxR8ViC-iWt7bjP-vl4AaABAg,UCzta0FIJPJZHc8ILhVhRsrw,"Fetched 05/23/2026, 9:00:03 PM GMT+8"
34934,@IGjustaGuy,2 weeks ago,Happy viewing Po mga Kapatid!! ❤,https://www.youtube.com/watch?v=ROa3kbG5M0U&lc=UgwTEw4Ldb0RsRcfKkV4AaABAg,UgwTEw4Ldb0RsRcfKkV4AaABAg,UCuND0nse4xEKcQwfQ_fhQPw,"Fetched 05/23/2026, 9:00:03 PM GMT+8"
34935,@elleinehz,2 weeks ago (edited),"Happy viewing po mga kasamang nasa kapisanang KADIWA! / Lokal ng Kapangan, Distrito ng Benguet",https://www.youtube.com/watch?v=ROa3kbG5M0U&lc=UgyEb8ctLcCyQ6rqOrl4AaABAg,UgyEb8ctLcCyQ6rqOrl4AaABAg,UCYswZPer6VDlrQHiWHmMpnw,"Fetched 05/23/2026, 9:00:03 PM GMT+8"
34936,@divinagraciadaniwis4276,2 weeks ago,Magandang tanghali po mga kapatid pagbati po mula sa lokal ng Ambiong Distrito ng Benguet 💚🤍❤️,https://www.youtube.com/watch?v=ROa3kbG5M0U&lc=UgzZR_DftS1mh_HJuuV4AaABAg,UgzZR_DftS1mh_HJuuV4AaABAg,UCzta0FIJPJZHc8ILhVhRsrw,"Fetched 05/23/2026, 9:00:03 PM GMT+8"
34937,@Vien.Bella-vu5rh4pz8b,2 weeks ago,Maligayang Panonood po😊 / mula po sa Lokal ng Atok Gold 🇮🇹,https://www.youtube.com/watch?v=ROa3kbG5M0U&lc=UgxdWsk4k9E0ndMgPYZ4AaABAg,UgxdWsk4k9E0ndMgPYZ4AaABAg,UCB9NRJMQHTIobGeD1zbmbYA,"Fetched 05/23/2026, 9:00:03 PM GMT+8"
34938,@Vien.Bella-vu5rh4pz8b,2 weeks ago,Maligayang Panonood po😊 / mula po sa Lokal ng Atok Gold 🇮🇹,https://www.youtube.com/watch?v=ROa3kbG5M0U&lc=UgzU3EkzfNV7sPFxood4AaABAg,UgzU3EkzfNV7sPFxood4AaABAg,UCB9NRJMQHTIobGeD1zbmbYA,"Fetched 05/23/2026, 9:00:03 PM GMT+8"
34939,@luibustamante9493,2 weeks ago,"Take a bite, have your lunch 🍽 while watching/listening for our INCMV entry God's Love mga kapatid.  /  /  / Hello po sa mga Ka-Maytungkulin sa Kapisanang Kadiwa at mga Mang-aawit sa Lokal ng Tuba at sa iba't ibang Lokal na nagsisipanood 🤗🤗🤗 /  / Great afternoon po! Pagbati mula sa Lokal ng Tuba, Distrito ng Benguet 🍓",https://www.youtube.com/watch?v=ROa3kbG5M0U&lc=UgxX67BUSwi4JunDDYN4AaABAg,UgxX67BUSwi4JunDDYN4AaABAg,UCFAmrhDmv6rvZrQoYp-IS9w,"Fetched 05/23/2026, 9:00:03 PM GMT+8"
34940,@nymphabalite-d9s,2 weeks ago,"Happy viewing mga kbgis from Lokal po ng Posos, distrito ng Benguet",https://www.youtube.com/watch?v=ROa3kbG5M0U&lc=Ugy4xEoMHAlK6ssFSJl4AaABAg,Ugy4xEoMHAlK6ssFSJl4AaABAg,UC1PiC1UfpyLIGUfOyLOourQ,"Fetched 05/23/2026, 9:00:03 PM GMT+8"
34941,@joanamaeburgos6418,2 weeks ago,Happyyy Viewingg pooo from lokal ng Norcar!!! ❤❤,https://www.youtube.com/watch?v=ROa3kbG5M0U&lc=UgxsQlqQkME1YiWAsrV4AaABAg,UgxsQlqQkME1YiWAsrV4AaABAg,UC_bT0kSVN6fHaf3nJQ5BMqA,"Fetched 05/23/2026, 9:00:03 PM GMT+8"
34942,@NenaSolomon,2 weeks ago,Happy watching po from lokal ng Caticlan Distrito ng Aklan🎉🎉🎉,https://www.youtube.com/watch?v=ROa3kbG5M0U&lc=UgypZL-VXCMJxJcMnPR4AaABAg,UgypZL-VXCMJxJcMnPR4AaABAg,UCKdvHoYwoAsFpWsMSrFXaHQ,"Fetched 05/23/2026, 9:00:03 PM GMT+8"
34943,@Vien.Bella-vu5rh4pz8b,2 weeks ago,Happy viewing po sa lahat at sa mga ka-mang-aawit po namin sa Lokal ng ATOK GOLD ❤❤,https://www.youtube.com/watch?v=ROa3kbG5M0U&lc=UgyMuFNIeUR1TfZxTsd4AaABAg,UgyMuFNIeUR1TfZxTsd4AaABAg,UCB9NRJMQHTIobGeD1zbmbYA,"Fetched 05/23/2026, 9:00:03 PM GMT+8"
34944,@sophiadaludado3673,2 weeks ago,"KDO represent! Greetings po from Locale of Guisad, District of Benguet",https://www.youtube.com/watch?v=ROa3kbG5M0U&lc=UgwupxgPXLsngwENFyZ4AaABAg,UgwupxgPXLsngwENFyZ4AaABAg,UCpMfZ58h2kLpXWYHpkVFtVA,"Fetched 05/23/2026, 9:00:03 PM GMT+8"
34945,@SOPHIAANNEDALUDADO,2 weeks ago,"Greeting po from KDO and mula po sa lokal ng Guisad, Distrito ng Benguet!",https://www.youtube.com/watch?v=ROa3kbG5M0U&lc=Ugwjx6BYApRt916-6Ul4AaABAg,Ugwjx6BYApRt916-6Ul4AaABAg,UCUCjBvbRX3uNQNApi6KDXyA,"Fetched 05/23/2026, 9:00:03 PM GMT+8"
34946,@Vien.Bella-vu5rh4pz8b,2 weeks ago (edited),"Happy viewing po sa lahat at happy birthday na rin po sa maybahay po ng aming destinado, Ka Joy Lee ❤ mula po sa lokal ng ATOK GOLD",https://www.youtube.com/watch?v=ROa3kbG5M0U&lc=UgwxzKmWFm8uuKoNEzF4AaABAg,UgwxzKmWFm8uuKoNEzF4AaABAg,UCB9NRJMQHTIobGeD1zbmbYA,"Fetched 05/23/2026, 9:00:03 PM GMT+8"
34947,@meriamdaniwis7940,2 weeks ago,"Happy viewing po,mula sa lokal ng Ambiong,Disttito ng Benguet",https://www.youtube.com/watch?v=ROa3kbG5M0U&lc=UgwHDBfi8PJ7WLirkvN4AaABAg,UgwHDBfi8PJ7WLirkvN4AaABAg,UCJd30xrIZSKtM-TXmHe02WQ,"Fetched 05/23/2026, 9:00:03 PM GMT+8"
34948,@Vien.Bella-vu5rh4pz8b,2 weeks ago,Maligayang Panonood po😊 / mula po sa Lokal ng Atok Gold 🇮🇹,https://www.youtube.com/watch?v=ROa3kbG5M0U&lc=UgwHU2REAUbsNFCAC014AaABAg,UgwHU2REAUbsNFCAC014AaABAg,UCB9NRJMQHTIobGeD1zbmbYA,"Fetched 05/23/2026, 9:00:03 PM GMT+8"
34949,@dindofavila7833,2 weeks ago,Happy viewing po mga kapatid mula po sa lokal ng posos.Distrito  ng Benguet,https://www.youtube.com/watch?v=ROa3kbG5M0U&lc=UgyUuJXM7Yod1uw5xLl4AaABAg,UgyUuJXM7Yod1uw5xLl4AaABAg,UCGLQ_x6NrwmKL5xcB9ABYjQ,"Fetched 05/23/2026, 9:00:03 PM GMT+8"
34950,@dindofavila7833,2 weeks ago,🎉🎉🎉,https://www.youtube.com/watch?v=ROa3kbG5M0U&lc=UgwObAlCTe8x1ipmqF14AaABAg,UgwObAlCTe8x1ipmqF14AaABAg,UCGLQ_x6NrwmKL5xcB9ABYjQ,"Fetched 05/23/2026, 9:00:03 PM GMT+8"
34951,@gelo4828,2 weeks ago,GO! GO! GO! BENGUET 🎉🎉🎉🎉❤❤❤❤,https://www.youtube.com/watch?v=ROa3kbG5M0U&lc=UgzjVnPnqsXqQ3SXeqJ4AaABAg,UgzjVnPnqsXqQ3SXeqJ4AaABAg,UCydnW0LoOckk7rQFQbEbI_g,"Fetched 05/23/2026, 9:00:03 PM GMT+8"
34952,@TinePelayo,2 weeks ago,"Happy Viewing po mga mahal na kapatid. Salamat po sainyo! Mula po sa lokal ng Camp 6, Distrito ng Benguet. Mula din po sa mga maytungkulin sa PNK at KADIWA.",https://www.youtube.com/watch?v=ROa3kbG5M0U&lc=UgzIjCxC41wq_QEMtMx4AaABAg,UgzIjCxC41wq_QEMtMx4AaABAg,UCMPhqX_u0IYBtK4MIhnqFQw,"Fetched 05/23/2026, 9:00:03 PM GMT+8"
34953,@GimapelayoImang,2 weeks ago,"happy viewing po, greetings po from local ng camp 6 PNK🎊🎉",https://www.youtube.com/watch?v=ROa3kbG5M0U&lc=UgwISLYdM6t3mWZYZg94AaABAg,UgwISLYdM6t3mWZYZg94AaABAg,UCKaIpr_YddtQqY6cpw-fonA,"Fetched 05/23/2026, 9:00:03 PM GMT+8"
34954,@elovzbandong,2 weeks ago,Happy lunch viewing po mga kapatid / From Lokal ng Baguio City Distrito ng Benguet..Finance🇮🇹♥️🙂,https://www.youtube.com/watch?v=ROa3kbG5M0U&lc=UgwLeteUWeuX-Hcsyr94AaABAg,UgwLeteUWeuX-Hcsyr94AaABAg,UC7Ubr0w78loLhVVx1_lhWcA,"Fetched 05/23/2026, 9:00:03 PM GMT+8"
34955,@TinePelayo,2 weeks ago,"Happy Viewing po mga mahal na kapatid. Salamat po sainyo! Mula po sa lokal ng Camp 6, Distrito ng Benguet. Mula din po sa mga maytungkulin sa PNK at KADIWA.",https://www.youtube.com/watch?v=ROa3kbG5M0U&lc=UgwGEAr3HWT3ivgnadd4AaABAg,UgwGEAr3HWT3ivgnadd4AaABAg,UCMPhqX_u0IYBtK4MIhnqFQw,"Fetched 05/23/2026, 9:00:03 PM GMT+8"
34956,@jonieyonga-an5239,2 weeks ago,Happy lunch mga Kapatid / Happy viewing parin pooo🎉🎉 /  / Hello Benguet District Officers 🎉🎉,https://www.youtube.com/watch?v=ROa3kbG5M0U&lc=UgyTgufXQrieUfCrS8l4AaABAg,UgyTgufXQrieUfCrS8l4AaABAg,UCgUo3JP_Fffuctza4bUumJg,"Fetched 05/23/2026, 9:00:03 PM GMT+8"
34957,@elenamercado703,2 weeks ago,Go! Go! Benguet ❤ Baguio City,https://www.youtube.com/watch?v=ROa3kbG5M0U&lc=UgwKcpYAeRSzU3il4rh4AaABAg,UgwKcpYAeRSzU3il4rh4AaABAg,UCNozFZrWKHQlsgIMWyFmFIA,"Fetched 05/23/2026, 9:00:03 PM GMT+8"
34958,@gwynethcayabyab5981,2 weeks ago,"Happy lunch po mga kapatid! Keep on watching po, muka po sa mga Kadiwa district officer ng Benguet",https://www.youtube.com/watch?v=ROa3kbG5M0U&lc=UgxXmQgZv9cjbCz3wyV4AaABAg,UgxXmQgZv9cjbCz3wyV4AaABAg,UCouodNvhL1bfJC2Fz0B_Rcw,"Fetched 05/23/2026, 9:00:03 PM GMT+8"
34959,@almazanrhyndylyn,2 weeks ago,Happy Lunch po. /  / Continous support po from KDO Benguet and Local Congregation of Norcar and District of Benguet. /  / Greetings to our District Minister Brother Ardy Mendoza and II District Minister Brother Ian Manalata.  /  / #GoBenguet / #GodsLove,https://www.youtube.com/watch?v=ROa3kbG5M0U&lc=UgxNOrcacliUwZA9iPd4AaABAg,UgxNOrcacliUwZA9iPd4AaABAg,UCEoQCNgytnJxjJnAQLSzFeA,"Fetched 05/23/2026, 9:00:03 PM GMT+8"
34960,@unicoomorpe6056,2 weeks ago,"Happy viewing po mula sa lokal ng baguio city, distrito ng benguet",https://www.youtube.com/watch?v=ROa3kbG5M0U&lc=UgzbZdP8-WKaax8RkSR4AaABAg,UgzbZdP8-WKaax8RkSR4AaABAg,UCoOWm-6nwzcuBuCj9ns-Z4w,"Fetched 05/23/2026, 9:00:03 PM GMT+8"
34961,@henrycaranto2644,2 weeks ago,Lunch Break na 🎉🎉 / Music Break muna tayo  / “God’s Love”❤ / Habang Kumakain☺️ /  / Shout po sa lahat ng KADIWA at BINHI na nakatutok ngayon🎉🎉 /  / From Lokal po ng BAGUIO CITY❤,https://www.youtube.com/watch?v=ROa3kbG5M0U&lc=Ugzvx4nqjO4YLKF8wKB4AaABAg,Ugzvx4nqjO4YLKF8wKB4AaABAg,UCFilTOy22FklSkBIgwVPVaQ,"Fetched 05/23/2026, 9:00:03 PM GMT+8"
34962,@KASHUMIII和美,2 weeks ago,Happy viewing po mula sa Lokal Ng Quezon Hill Distrito Ng Benguet,https://www.youtube.com/watch?v=ROa3kbG5M0U&lc=UgwPuvRfTy4mXMMUEcp4AaABAg,UgwPuvRfTy4mXMMUEcp4AaABAg,UCbYjai8x68L62h_z_EBSXqw,"Fetched 05/23/2026, 9:00:03 PM GMT+8"
34963,@aizelfuchigami842,2 weeks ago,Happy lunch Happy viewing po mula sa Lokal ng Quezon Hill Distrito ng Benguet. 🇮🇹❤️🎼🎵🎶,https://www.youtube.com/watch?v=ROa3kbG5M0U&lc=Ugzv6h3WIfh_eulKa4J4AaABAg,Ugzv6h3WIfh_eulKa4J4AaABAg,UCAxDQnCZxAvsB6YgYjSR1nQ,"Fetched 05/23/2026, 9:00:03 PM GMT+8"
34964,@romulodeverajr.9937,2 weeks ago,Magandang tanghali po mula sa lokal ng Baguio City.,https://www.youtube.com/watch?v=ROa3kbG5M0U&lc=UgyM8JrH34ZQdQNtj5x4AaABAg,UgyM8JrH34ZQdQNtj5x4AaABAg,UCp-gBjV5Wh420GHK3cminkw,"Fetched 05/23/2026, 9:00:03 PM GMT+8"
34965,@sierazurcaled8803,2 weeks ago,Happy viewing po mula sa lokal ng hillside distrito ng benguet,https://www.youtube.com/watch?v=ROa3kbG5M0U&lc=UgwutVhdfaSo-kotYF14AaABAg,UgwutVhdfaSo-kotYF14AaABAg,UCdRND2f2r1HhP_s8QJNw3Xw,"Fetched 05/23/2026, 9:00:03 PM GMT+8"
34966,@cherrydevera8251,2 weeks ago,Maligayang panunuod sa lahat ng mga kapatid.. From Lokal ng Baguio City distrito ng Benguet,https://www.youtube.com/watch?v=ROa3kbG5M0U&lc=Ugy2FMD8OjtIwVIf8594AaABAg,Ugy2FMD8OjtIwVIf8594AaABAg,UCrod3zHPNdFZBv-HyVuLJ3g,"Fetched 05/23/2026, 9:00:03 PM GMT+8"
34967,@williamdefermin7216,2 weeks ago,"Happy Viewing po! mula sa Lokal ng Camp 7, Distrito ng Benguet",https://www.youtube.com/watch?v=ROa3kbG5M0U&lc=UgzaDHAzsCuXPIKvcwN4AaABAg,UgzaDHAzsCuXPIKvcwN4AaABAg,UC1q52pAx01WoBi_3CbOJF-w,"Fetched 05/23/2026, 9:00:03 PM GMT+8"
34968,@carmichaeldaligan4338,2 weeks ago,Go  Benguet go. Mula sa lokal ng Loakan airport,https://www.youtube.com/watch?v=ROa3kbG5M0U&lc=Ugz6On4ASroJZg2BxkR4AaABAg,Ugz6On4ASroJZg2BxkR4AaABAg,UC3beFEbw3Ob7lxJMsEas9yw,"Fetched 05/23/2026, 9:00:03 PM GMT+8"
34969,@KhrisTine-s3v,2 weeks ago,Happy viewing po mga Kapatid.. mula po sa Lokal ng QUEZON HILL Distrito ng BENGUET..💚🤍♥️,https://www.youtube.com/watch?v=ROa3kbG5M0U&lc=UgwHI0zbyo0mZM2TX8R4AaABAg,UgwHI0zbyo0mZM2TX8R4AaABAg,UC_2DYqACA69r_65O1l6wlyw,"Fetched 05/23/2026, 9:00:03 PM GMT+8"
34970,@meriamdaniwis7940,2 weeks ago,"Happy viewing mula da Lokal ng Ambiong,Distrito ng Benguet",https://www.youtube.com/watch?v=ROa3kbG5M0U&lc=UgxE3e05CRuygXYIc054AaABAg,UgxE3e05CRuygXYIc054AaABAg,UCJd30xrIZSKtM-TXmHe02WQ,"Fetched 05/23/2026, 9:00:03 PM GMT+8"
34971,@itzjazmegacha,2 weeks ago,LET'S GO BENGUET! happy watching po mga kapatid namin sa distrito ng Benguet,https://www.youtube.com/watch?v=ROa3kbG5M0U&lc=UgxKXNHTvNXew8JwGW14AaABAg,UgxKXNHTvNXew8JwGW14AaABAg,UChOp7W4eOfG4K8dXsHWSioA,"Fetched 05/23/2026, 9:00:03 PM GMT+8"
34972,@norbertogines1481,2 weeks ago,Maligayang panonood po from local po nang Baguio ❤,https://www.youtube.com/watch?v=ROa3kbG5M0U&lc=UgyWJhT4H1xWeewfT_d4AaABAg,UgyWJhT4H1xWeewfT_d4AaABAg,UCq3nPr8wAkpSRZWQkuNWEaA,"Fetched 05/23/2026, 9:00:03 PM GMT+8"
34973,@emersonsrrivera8499,2 weeks ago,Happy weekends ! Happy watching po... Greetings from Megaroyale Village....,https://www.youtube.com/watch?v=ROa3kbG5M0U&lc=UgyROrH1YbrCcap43Up4AaABAg,UgyROrH1YbrCcap43Up4AaABAg,UCEwD1sGs1TBK_FclZJYDoEw,"Fetched 05/23/2026, 9:00:03 PM GMT+8"
34974,@daisycastillo7985,2 weeks ago,"Happy viewing po from John Dainel- pnk lokal ng Quezon Hill, distrito ng Benguet",https://www.youtube.com/watch?v=ROa3kbG5M0U&lc=UgzvBN5lFXnjNw9kQ_l4AaABAg,UgzvBN5lFXnjNw9kQ_l4AaABAg,UCMrjU45y0h9JC9PkHny6qGA,"Fetched 05/23/2026, 9:00:03 PM GMT+8"
34975,@JhadeVecino,2 weeks ago,Pagbati sa mga Mang aawit Ng LOKAL NG ATOK GOLD BENGUET.. / At pagbati po kaarawan ng napaka supportive na may Bahay Ng aming distinado. Joy Lee,https://www.youtube.com/watch?v=ROa3kbG5M0U&lc=Ugy9jbv8OfNWg9mbKid4AaABAg,Ugy9jbv8OfNWg9mbKid4AaABAg,UC6G7aKYeoTFEdZdzsafEppQ,"Fetched 05/23/2026, 9:00:03 PM GMT+8"
34976,@JhadeVecino,2 weeks ago,Gudnoon mga Kapatid Mula sa LoKAL NG ATOK GOLD BENGUET.. / ❤❤❤❤,https://www.youtube.com/watch?v=ROa3kbG5M0U&lc=UgxtD--MYUA3-7NW0pl4AaABAg,UgxtD--MYUA3-7NW0pl4AaABAg,UC6G7aKYeoTFEdZdzsafEppQ,"Fetched 05/23/2026, 9:00:03 PM GMT+8"
34977,@Julskie28,2 weeks ago,Happy rewatching again po sa atin! /  / Hello po sa mga Kadiwa sa iba't ibang distrito! Happy viewing po,https://www.youtube.com/watch?v=ROa3kbG5M0U&lc=Ugyf0_v4Y3SJJ8OhisF4AaABAg,Ugyf0_v4Y3SJJ8OhisF4AaABAg,UC1nz0UiWHV8lyoQdZtJejeg,"Fetched 05/23/2026, 9:00:03 PM GMT+8"
34978,@TinyEnchanters,2 weeks ago,Annyeong! :hand-pink-waving:Irisan-eseo sicheonghago itseumnida!  / KALIHIM/REGISTRY of IRISAN :eyes-pink-heart-shape:,https://www.youtube.com/watch?v=ROa3kbG5M0U&lc=UgzJy8HYesgiruWp6I14AaABAg,UgzJy8HYesgiruWp6I14AaABAg,UCIYazOuVxb5StkuFYFMoMsg,"Fetched 05/23/2026, 9:00:03 PM GMT+8"
34979,@gwynethcayabyab5981,2 weeks ago,Rewatching po mula sa lokal ng Megaroyale /  / Hello po sa Mga kadiwa ❤,https://www.youtube.com/watch?v=ROa3kbG5M0U&lc=UgwpQ3CswY5vsaxMfU94AaABAg,UgwpQ3CswY5vsaxMfU94AaABAg,UCouodNvhL1bfJC2Fz0B_Rcw,"Fetched 05/23/2026, 9:00:03 PM GMT+8"
34980,@sophiadaludado3673,2 weeks ago,Let's go Benguet! Greetings po from Lokal ng Guisad!,https://www.youtube.com/watch?v=ROa3kbG5M0U&lc=UgwIHE61XIPS2XZbElx4AaABAg,UgwIHE61XIPS2XZbElx4AaABAg,UCpMfZ58h2kLpXWYHpkVFtVA,"Fetched 05/23/2026, 9:00:03 PM GMT+8"
34981,@almazanrhyndylyn,2 weeks ago,Patuloy pong pagsuporta mula sa Lokal ng Norcar Distrito ng Benguet sa pangunguna po ng aming Destinado Ka Benidict John Godoy. /  / Shout out to all Kadiwa Distritct Officers Benguet. /  / Fighting Benguet💕💕,https://www.youtube.com/watch?v=ROa3kbG5M0U&lc=UgwXXHbI_FK0GeAV-mN4AaABAg,UgwXXHbI_FK0GeAV-mN4AaABAg,UCEoQCNgytnJxjJnAQLSzFeA,"Fetched 05/23/2026, 9:00:03 PM GMT+8"
34982,@SOPHIAANNEDALUDADO,2 weeks ago,"Go Benguet! Go Benguet! GO GO GO! Pagabati po mula sa lokal ng Guisad, Distrito ng Benguet!",https://www.youtube.com/watch?v=ROa3kbG5M0U&lc=UgyUrCIWj3dLMpnSJ054AaABAg,UgyUrCIWj3dLMpnSJ054AaABAg,UCUCjBvbRX3uNQNApi6KDXyA,"Fetched 05/23/2026, 9:00:03 PM GMT+8"
34983,@kristine7303,2 weeks ago,Shoutout po sa mga taga Marcos Highway! ❤🎉 / Lakas talaga ng Benguet! 💪🏻,https://www.youtube.com/watch?v=ROa3kbG5M0U&lc=UgzwwU_dXcfHo8bp9wl4AaABAg,UgzwwU_dXcfHo8bp9wl4AaABAg,UCJnlqat5vcPuV6GiDugaBnA,"Fetched 05/23/2026, 9:00:03 PM GMT+8"
34984,@valsisonlanuza9005,2 weeks ago,"watching po frm Quezon Hill, Benguet",https://www.youtube.com/watch?v=ROa3kbG5M0U&lc=UgxYt69PeYunavwx9B14AaABAg,UgxYt69PeYunavwx9B14AaABAg,UCw8tE9N_NVwFiXFI5fcgc7w,"Fetched 05/23/2026, 9:00:03 PM GMT+8"
34985,@valsisonlanuza9005,2 weeks ago,"watching po frm Quezon Hill, Benguet",https://www.youtube.com/watch?v=ROa3kbG5M0U&lc=UgwFwI5a8NCtJbHwzKd4AaABAg,UgwFwI5a8NCtJbHwzKd4AaABAg,UCw8tE9N_NVwFiXFI5fcgc7w,"Fetched 05/23/2026, 9:00:03 PM GMT+8"
34986,@valsisonlanuza9005,2 weeks ago,"happy Saturday po to all...frm Quezon Hill, Benguet...enjoy watching po",https://www.youtube.com/watch?v=ROa3kbG5M0U&lc=Ugwch2K2YIMSUTILesV4AaABAg,Ugwch2K2YIMSUTILesV4AaABAg,UCw8tE9N_NVwFiXFI5fcgc7w,"Fetched 05/23/2026, 9:00:03 PM GMT+8"
34987,@valsisonlanuza9005,2 weeks ago,"happy Saturday po to all...frm Quezon Hill, Benguet...enjoy watching po",https://www.youtube.com/watch?v=ROa3kbG5M0U&lc=UgwpcRbwddCIjLUAbT14AaABAg,UgwpcRbwddCIjLUAbT14AaABAg,UCw8tE9N_NVwFiXFI5fcgc7w,"Fetched 05/23/2026, 9:00:03 PM GMT+8"
34988,@henrycaranto2644,2 weeks ago,Shoutout po sa lahat ng Taga lokal ng BAGUIO CITY.❤🎉 / Sa Pangunguna po ng Aming masipag na Destinado Ka Bert Mislang 🎉 /  / Comment na mga Kasama naming KADIWA 🎉🇮🇹 /  / Pagbati po sa lahat mula sa Lokal ng Baguio City.,https://www.youtube.com/watch?v=ROa3kbG5M0U&lc=Ugz4mMF0qBKh8XEyjyl4AaABAg,Ugz4mMF0qBKh8XEyjyl4AaABAg,UCFilTOy22FklSkBIgwVPVaQ,"Fetched 05/23/2026, 9:00:03 PM GMT+8"
34989,@luibustamante9493,2 weeks ago,God's Love the newest fave music of Benguet🎶🎵💃🕺 /  / Rewatching from Tuba Benguet. /  / Keep on watching mga kapatid 🍓💪 /  / Hello po sa mga Kadiwa sa lahat ng Lokal 🤗🤗🤗,https://www.youtube.com/watch?v=ROa3kbG5M0U&lc=UgxiTY88BhIEiFdsVod4AaABAg,UgxiTY88BhIEiFdsVod4AaABAg,UCFAmrhDmv6rvZrQoYp-IS9w,"Fetched 05/23/2026, 9:00:03 PM GMT+8"
34990,@gelo4828,2 weeks ago,Happy Viewing sa lahat po ng mga Kapatid sa Buong Mundo❤❤❤❤❤❤❤❤❤❤❤❤,https://www.youtube.com/watch?v=ROa3kbG5M0U&lc=UgxxvaBPE35qGlNZkNd4AaABAg,UgxxvaBPE35qGlNZkNd4AaABAg,UCydnW0LoOckk7rQFQbEbI_g,"Fetched 05/23/2026, 9:00:03 PM GMT+8"
34991,@mayvehn,2 weeks ago,God's Love / happy viewing po mula po sa Lokal ng Atok Gold❤❤,https://www.youtube.com/watch?v=ROa3kbG5M0U&lc=Ugxr23i_n692gp5-3SF4AaABAg,Ugxr23i_n692gp5-3SF4AaABAg,UCivhdJ2CQeLK8tlG7Wh2BSQ,"Fetched 05/23/2026, 9:00:03 PM GMT+8"
34992,@mayvehn,2 weeks ago,Happy viewing po mula po sa lokal ng atok gold❤❤,https://www.youtube.com/watch?v=ROa3kbG5M0U&lc=UgwdIzzdYiAUyB64ymJ4AaABAg,UgwdIzzdYiAUyB64ymJ4AaABAg,UCivhdJ2CQeLK8tlG7Wh2BSQ,"Fetched 05/23/2026, 9:00:03 PM GMT+8"
34993,@erdsalibno6674,2 weeks ago,Happy viewing po mga Kapatid...mula po sa Lokal ng Kias Distrito ng Benguet,https://www.youtube.com/watch?v=ROa3kbG5M0U&lc=UgzuFkejMXE0JnZh1jJ4AaABAg,UgzuFkejMXE0JnZh1jJ4AaABAg,UCMLzSDZ7SfaJQDopS7nKULw,"Fetched 05/23/2026, 9:00:03 PM GMT+8"
34994,@ambrosioanofojr4444,2 weeks ago,Let's Go Benguet!! Happy viewing po mula sa lokal ng Norcar,https://www.youtube.com/watch?v=ROa3kbG5M0U&lc=UgzB7e1sOQb2q2dryDd4AaABAg,UgzB7e1sOQb2q2dryDd4AaABAg,UCQACOM5LJpxnKpV1DM1bwew,"Fetched 05/23/2026, 9:00:03 PM GMT+8"
34995,@arjaybecyagen1623,2 weeks ago,"🎉HAPPY VIEWING!!!! mula po sa Lokal ng San Carlos Heights, Distrito ng Benguet🎉",https://www.youtube.com/watch?v=ROa3kbG5M0U&lc=UgxtmDuU2gF-p8Y4KYJ4AaABAg,UgxtmDuU2gF-p8Y4KYJ4AaABAg,UCwA7ULySGCL6yBwXEDRQJ6g,"Fetched 05/23/2026, 9:00:03 PM GMT+8"
34996,@jeremiahforteza2493,2 weeks ago,"Happy viewing mga kapatid, pagbati mula sa Lokal ng Hillside Benguet 🇮🇪",https://www.youtube.com/watch?v=ROa3kbG5M0U&lc=Ugz1Kul1fTmyP8meC214AaABAg,Ugz1Kul1fTmyP8meC214AaABAg,UClBVcxireTFGdDNnQ_i9dXA,"Fetched 05/23/2026, 9:00:03 PM GMT+8"
34997,@elenamercado703,2 weeks ago,Happy viewing po mula sa lokal ng Baguio City Benguet,https://www.youtube.com/watch?v=ROa3kbG5M0U&lc=UgwQH_vCyEy2YJHyceJ4AaABAg,UgwQH_vCyEy2YJHyceJ4AaABAg,UCNozFZrWKHQlsgIMWyFmFIA,"Fetched 05/23/2026, 9:00:03 PM GMT+8"
34998,@nelmacaganda7734,2 weeks ago,"Happy Viewing po From Megaroyale Village, Distrito ng Benguet 🇮🇪",https://www.youtube.com/watch?v=ROa3kbG5M0U&lc=Ugxq9ve826p_IHpoLZd4AaABAg,Ugxq9ve826p_IHpoLZd4AaABAg,UCXf4yWkyTkEZESbzF52KJuQ,"Fetched 05/23/2026, 9:00:03 PM GMT+8"
34999,@jonathanlazaro-lr3tw,2 weeks ago,Hello sa lahat ng mga ka mang aawit nmin na nakatutok sa panonood ngayon. Mula sa lokal ng atok gold❤❤❤,https://www.youtube.com/watch?v=ROa3kbG5M0U&lc=Ugybb2Hw0QyMHoDyRYJ4AaABAg,Ugybb2Hw0QyMHoDyRYJ4AaABAg,UCFqvjRjbTvQSzxX4Cw-_bZw,"Fetched 05/23/2026, 9:00:03 PM GMT+8"
35000,@luibustamante9493,2 weeks ago,"From the mountains of Benguet echoes a powerful reminder of God's Love /  /  / Happy viewing po sa lahat ng Kapatid, esp sa kapinan ng Kadiwa at kagawaran ng mga Mang-aawit. /  /  / Pagbati mula sa Lokal ng Tuba 🎉🤗🤗🤗",https://www.youtube.com/watch?v=ROa3kbG5M0U&lc=UgxBlIMF-ASWu2gDD354AaABAg,UgxBlIMF-ASWu2gDD354AaABAg,UCFAmrhDmv6rvZrQoYp-IS9w,"Fetched 05/23/2026, 9:00:03 PM GMT+8"
35001,@gladysabad8665,2 weeks ago,Sa mga hindi pa po nakakapanood...nood na po.. /  / Shout out po sa Abad Family... /  / Mula po sa lokal ng camp 8,https://www.youtube.com/watch?v=ROa3kbG5M0U&lc=UgzO8WJGfIS3-kVtsV94AaABAg,UgzO8WJGfIS3-kVtsV94AaABAg,UCp31Lwos5f6VPnIY9zaFbRA,"Fetched 05/23/2026, 9:00:03 PM GMT+8"
35002,@henrycaranto2644,2 weeks ago,Kayang kaya na po Kantahin ng aming II Pangulong KADIWA ang GOD’S LOVE 😂😂,https://www.youtube.com/watch?v=ROa3kbG5M0U&lc=UgxiTY88BhIEiFdsVod4AaABAg.AW_22BNzXRfAW_3dyAAZHx,UgxiTY88BhIEiFdsVod4AaABAg.AW_22BNzXRfAW_3dyAAZHx,UCFilTOy22FklSkBIgwVPVaQ,"Fetched 05/23/2026, 9:00:03 PM GMT+8"
35003,@MarkAnthonyAlvior-dm8pq,2 weeks ago,"Hello po kabagis kabagis, salamat sa Pamamahala sa mga ganitong aktibidad, itong mga awiting ito nagbibigay inspirasyon ung magpatuloy, Mula po dito sa lokal ng Greenwater # Gods love",https://www.youtube.com/watch?v=ROa3kbG5M0U&lc=UgzxFu-685tIJ2kof0R4AaABAg,UgzxFu-685tIJ2kof0R4AaABAg,UC0cg01D5crTJKa0gjb0tVzg,"Fetched 05/23/2026, 9:00:03 PM GMT+8"
35004,@jonathanlazaro-lr3tw,2 weeks ago,Mga taga lokal ng atok gold jan maligayang panonood po 🎉🎉🎉❤❤❤,https://www.youtube.com/watch?v=ROa3kbG5M0U&lc=UgyfTVqcSy_0BUG17wN4AaABAg,UgyfTVqcSy_0BUG17wN4AaABAg,UCFqvjRjbTvQSzxX4Cw-_bZw,"Fetched 05/23/2026, 9:00:03 PM GMT+8"
35005,@KaJaz-r3n,2 weeks ago,LET'S GO BENGUEEET!🎉 happy viewing Po mga kapatid,https://www.youtube.com/watch?v=ROa3kbG5M0U&lc=Ugy58_1rn3cRioXopzB4AaABAg,Ugy58_1rn3cRioXopzB4AaABAg,UC4BTg4L19kJ77hFPPBce71g,"Fetched 05/23/2026, 9:00:03 PM GMT+8"
35006,@johnreylucio8970,2 weeks ago,"Happy Watching to all po, / Mula po sa Benguet KDO / AT LA TRINIDAD KLO",https://www.youtube.com/watch?v=ROa3kbG5M0U&lc=Ugy6xzWSNX3LYwmwG6d4AaABAg,Ugy6xzWSNX3LYwmwG6d4AaABAg,UCNMupRD4ySrN336KZpy29OA,"Fetched 05/23/2026, 9:00:03 PM GMT+8"
35007,@henrycaranto2644,2 weeks ago,Hello sa mga KADIWA District Officers ng Benguet na nakatutok ngayon 😊❤ / At sa lahat po ng KADIWA na nakasubaybay . /  / Lets go Benguet🎉🎉 /  / Pagbati po mula sa Lokal ng BAGUIO CITY ❤❤,https://www.youtube.com/watch?v=ROa3kbG5M0U&lc=Ugx5d9FS5I9XgFmYHjt4AaABAg,Ugx5d9FS5I9XgFmYHjt4AaABAg,UCFilTOy22FklSkBIgwVPVaQ,"Fetched 05/23/2026, 9:00:03 PM GMT+8"
35008,@gwynethcayabyab5981,2 weeks ago,Happy viewing po mga kapatid🫶🏻 / Greetings po from KDO Benguet 🎉,https://www.youtube.com/watch?v=ROa3kbG5M0U&lc=UgxVTuMayMrgmu7Mcw14AaABAg,UgxVTuMayMrgmu7Mcw14AaABAg,UCouodNvhL1bfJC2Fz0B_Rcw,"Fetched 05/23/2026, 9:00:03 PM GMT+8"
35009,@sophiadaludado3673,2 weeks ago,"Go Benguet! Pagbati po mula sa  mga KDO at sa Lokal ng Guisad, Distrito ng Benguet <3",https://www.youtube.com/watch?v=ROa3kbG5M0U&lc=UgyAm1wzSrpC3mpDK-V4AaABAg,UgyAm1wzSrpC3mpDK-V4AaABAg,UCpMfZ58h2kLpXWYHpkVFtVA,"Fetched 05/23/2026, 9:00:03 PM GMT+8"
35010,@almazanrhyndylyn,2 weeks ago,His wondrous Love 🎶🎶 /  / Pagbati po sa aming KSKP Kapatid na John Felix Dungan at kaniya pong sambahayan mula po sa mga nasa Kapisanang Kadiwa ng Distrito ng Benguet. /  / Pagbati din po sa mga kasamang taga-Lokal ng Norcar na patuloy na sumusuporta.,https://www.youtube.com/watch?v=ROa3kbG5M0U&lc=UgwQiqEqKbkbtx75RMB4AaABAg,UgwQiqEqKbkbtx75RMB4AaABAg,UCEoQCNgytnJxjJnAQLSzFeA,"Fetched 05/23/2026, 9:00:03 PM GMT+8"
35011,@jonieyonga-an5239,2 weeks ago,Happy viewing poo mga Kapatid 🎉 / Pagbati Po Mula Sa Lokal Ng Norcar Distrito Ng Benguet 🎉 /  / Enjoyyyyyy!!,https://www.youtube.com/watch?v=ROa3kbG5M0U&lc=Ugwsv6EdntTgQwsu9JB4AaABAg,Ugwsv6EdntTgQwsu9JB4AaABAg,UCgUo3JP_Fffuctza4bUumJg,"Fetched 05/23/2026, 9:00:03 PM GMT+8"
35012,@SOPHIAANNEDALUDADO,2 weeks ago,"Happy viewing po mga Kabagis! Greetings po from KDO and sa Lokal  ng Guisad, Distrito ng Benguet! <3",https://www.youtube.com/watch?v=ROa3kbG5M0U&lc=UgxzBtmJ8TDoj6VabOd4AaABAg,UgxzBtmJ8TDoj6VabOd4AaABAg,UCUCjBvbRX3uNQNApi6KDXyA,"Fetched 05/23/2026, 9:00:03 PM GMT+8"
35013,@ArnielynLanuza,2 weeks ago,"Good morning brethren, From CITY CAMP ❤",https://www.youtube.com/watch?v=ROa3kbG5M0U&lc=UgwNsMBZjecxzX4L1b54AaABAg,UgwNsMBZjecxzX4L1b54AaABAg,UCKyQgamco-WoZ3U5_2dju8g,"Fetched 05/23/2026, 9:00:03 PM GMT+8"
35014,@jonathanlazaro-lr3tw,2 weeks ago,Happy viewing po mula sa lokal ng atok gold❤❤❤,https://www.youtube.com/watch?v=ROa3kbG5M0U&lc=UgznkdLc4FuQWQ_1f454AaABAg,UgznkdLc4FuQWQ_1f454AaABAg,UCFqvjRjbTvQSzxX4Cw-_bZw,"Fetched 05/23/2026, 9:00:03 PM GMT+8"
35015,@sandraferrer8034,2 weeks ago,"Go Benguet, from lokal ng Tuba.",https://www.youtube.com/watch?v=ROa3kbG5M0U&lc=UgzsuR4RX5G8BNaDeuR4AaABAg,UgzsuR4RX5G8BNaDeuR4AaABAg,UCsVWFqvcyktYV0e47A-9Hcw,"Fetched 05/23/2026, 9:00:03 PM GMT+8"
35016,@LheanBaje,2 weeks ago,Happy viewing po from lokal ng loacan🥰,https://www.youtube.com/watch?v=ROa3kbG5M0U&lc=Ugw5yw_vgM9p7hLP6D94AaABAg,Ugw5yw_vgM9p7hLP6D94AaABAg,UCnz644bGTP0cuMH083V0eeA,"Fetched 05/23/2026, 9:00:03 PM GMT+8"
35017,@Vien.Bella-vu5rh4pz8b,2 weeks ago,"Maligayang Panonood po sa lahat at Maligayang Kaarawan din po sa maybahay po ng aming destinado, Ka Joy ‎⁨ @joylee1468   🎉🎉",https://www.youtube.com/watch?v=ROa3kbG5M0U&lc=Ugz7hdOMQIDBc7lSs654AaABAg,Ugz7hdOMQIDBc7lSs654AaABAg,UCB9NRJMQHTIobGeD1zbmbYA,"Fetched 05/23/2026, 9:00:03 PM GMT+8"
35018,@almazanrhyndylyn,2 weeks ago,Maligayang panonood po mula sa mga may tungkulin sa Distrito lalo na po sa nasa Kapisanang Kadiwa.  /  / - Lokal ng Norcar Distrito ng Benguet /  / #GoBenguet / #GodsLove,https://www.youtube.com/watch?v=ROa3kbG5M0U&lc=UgxhDAzpww4BhlI1kW54AaABAg,UgxhDAzpww4BhlI1kW54AaABAg,UCEoQCNgytnJxjJnAQLSzFeA,"Fetched 05/23/2026, 9:00:03 PM GMT+8"
35019,@LexisanilYdio,2 weeks ago (edited),"Good morning po, Happy Viewing mula po sa Lokal ng Atok Gold🤍",https://www.youtube.com/watch?v=ROa3kbG5M0U&lc=Ugw_BMzk4S4vOUGLDw54AaABAg,Ugw_BMzk4S4vOUGLDw54AaABAg,UCRNjRGHe9CYsKvj5wAPyf9g,"Fetched 05/23/2026, 9:00:03 PM GMT+8"
35020,@kristine7303,2 weeks ago,"Pagbati po mula sa Lokal ng Marcos Highway, Distrito ng Benguet❤🎉 happy viewing sa mga kasama ng KDO ng Benguet na oras oras present 💪🏻",https://www.youtube.com/watch?v=ROa3kbG5M0U&lc=UgzBy0APKDXz71PSeeN4AaABAg,UgzBy0APKDXz71PSeeN4AaABAg,UCJnlqat5vcPuV6GiDugaBnA,"Fetched 05/23/2026, 9:00:03 PM GMT+8"
35021,@marjjram2564,2 weeks ago,Jaemi itge boseyo! :face-fuchsia-flower-shape: Irisan-eseo sicheonghago itseumnida!  KALIHIM/REGISTRY (IRISAN),https://www.youtube.com/watch?v=ROa3kbG5M0U&lc=UgzvXxT1AEs1wM34fqF4AaABAg,UgzvXxT1AEs1wM34fqF4AaABAg,UCDwjKO298z81OBfpzmclVWw,"Fetched 05/23/2026, 9:00:03 PM GMT+8"
35022,@Vien.Bella-vu5rh4pz8b,2 weeks ago (edited),"Maligayang Panonood po sa lahat at Maligayang Kaarawan din po sa maybahay po ng aming destinado, Ka Joy ‎⁨ @joylee1468   🎉🎉",https://www.youtube.com/watch?v=ROa3kbG5M0U&lc=UgzE-3WS3EO00hIaYP94AaABAg,UgzE-3WS3EO00hIaYP94AaABAg,UCB9NRJMQHTIobGeD1zbmbYA,"Fetched 05/23/2026, 9:00:03 PM GMT+8"
35023,@jenelynlegaspi5472,2 weeks ago,#QUEZONHILLBENGUET,https://www.youtube.com/watch?v=ROa3kbG5M0U&lc=UgwPuQaU0t9plXRVMgx4AaABAg,UgwPuQaU0t9plXRVMgx4AaABAg,UCLjU_xM1oUxJ0N9ClfCcPjQ,"Fetched 05/23/2026, 9:00:03 PM GMT+8"
35024,@Vien.Bella-vu5rh4pz8b,2 weeks ago,Let's Go! Benguet! 🇮🇹 / mula po sa Lokal ng Atok Gold❤,https://www.youtube.com/watch?v=ROa3kbG5M0U&lc=UgxIf8MflcBeDeuht3R4AaABAg,UgxIf8MflcBeDeuht3R4AaABAg,UCB9NRJMQHTIobGeD1zbmbYA,"Fetched 05/23/2026, 9:00:03 PM GMT+8"
35025,@gelo4828,2 weeks ago,Pagbati po sa mga Kapatid sa Buong Mundo at lahat ng mga Kapatid sa aming Distrito ng Benguet! Happy Viewing po❤,https://www.youtube.com/watch?v=ROa3kbG5M0U&lc=UgyEmrq3j_CXnJ8nHt94AaABAg,UgyEmrq3j_CXnJ8nHt94AaABAg,UCydnW0LoOckk7rQFQbEbI_g,"Fetched 05/23/2026, 9:00:03 PM GMT+8"
35026,@Vien.Bella-vu5rh4pz8b,2 weeks ago,"Maligayang Panonood po sa lahat at Maligayang Kaarawan din po sa maybahay po ng aming destinado, Ka Joy  @joylee1468  🎉🎉",https://www.youtube.com/watch?v=ROa3kbG5M0U&lc=Ugz76aSZN-f5OQueDR14AaABAg,Ugz76aSZN-f5OQueDR14AaABAg,UCB9NRJMQHTIobGeD1zbmbYA,"Fetched 05/23/2026, 9:00:03 PM GMT+8"
35027,@lourdesardan8711,2 weeks ago,Ang ganda po ng presentation po❤❤❤congratulations po for a very entertaining and inspiring message❤❤❤happy viewing to all brethren,https://www.youtube.com/watch?v=ROa3kbG5M0U&lc=UgzW_FSyVD5AaCJgSch4AaABAg,UgzW_FSyVD5AaCJgSch4AaABAg,UCK8PnAio5o7ZFqM7Cs8S0tQ,"Fetched 05/23/2026, 9:00:03 PM GMT+8"
35028,@Vien.Bella-vu5rh4pz8b,2 weeks ago,Happy viewing po from Lokal ng Atok Gold,https://www.youtube.com/watch?v=ROa3kbG5M0U&lc=UgyCvIw9XGTPGSyIVxF4AaABAg,UgyCvIw9XGTPGSyIVxF4AaABAg,UCB9NRJMQHTIobGeD1zbmbYA,"Fetched 05/23/2026, 9:00:03 PM GMT+8"
35029,@Vien.Bella-vu5rh4pz8b,2 weeks ago,"Magandang umaga po. Maligayang panonood po mula sa Lokal ng Atok Gold 😊 Happy Birthday na rin po sa Mrs. po ng aming destinado, Ka Joy Lee ❤❤",https://www.youtube.com/watch?v=ROa3kbG5M0U&lc=Ugy3iah_-Leg2aLYqJN4AaABAg,Ugy3iah_-Leg2aLYqJN4AaABAg,UCB9NRJMQHTIobGeD1zbmbYA,"Fetched 05/23/2026, 9:00:03 PM GMT+8"
35030,@JhadeVecino,2 weeks ago,good morning to all.. Mula sa LOKAL NG ATOK GOLD BENGUET. 🎉🎉🎉🎉happy birthday Po sa napakabait na may Bahay Ng aming distinado.. JOY LEE. See u later Po.,https://www.youtube.com/watch?v=ROa3kbG5M0U&lc=UgyAFpwsfMgN8x5P81x4AaABAg,UgyAFpwsfMgN8x5P81x4AaABAg,UC6G7aKYeoTFEdZdzsafEppQ,"Fetched 05/23/2026, 9:00:03 PM GMT+8"
35031,@Vien.Bella-vu5rh4pz8b,2 weeks ago,"Magandang umaga po. Maligayang panonood po mula sa Lokal ng Atok Gold 😊 Happy Birthday na rin po sa Mrs. po ng aming destinado, Ka Joy Lee ❤❤",https://www.youtube.com/watch?v=ROa3kbG5M0U&lc=UgymR5GTisRDzZee9xN4AaABAg,UgymR5GTisRDzZee9xN4AaABAg,UCB9NRJMQHTIobGeD1zbmbYA,"Fetched 05/23/2026, 9:00:03 PM GMT+8"
35032,@Vien.Bella-vu5rh4pz8b,2 weeks ago,"Magandang umaga po. Maligayang panonood po mula sa Lokal ng Atok Gold 😊 Happy Birthday na rin po sa Mrs. po ng aming destinado, Ka Joy Lee ❤❤",https://www.youtube.com/watch?v=ROa3kbG5M0U&lc=Ugy9kI-6XM0GSuesUTV4AaABAg,Ugy9kI-6XM0GSuesUTV4AaABAg,UCB9NRJMQHTIobGeD1zbmbYA,"Fetched 05/23/2026, 9:00:03 PM GMT+8"
35033,@JhadeVecino,2 weeks ago,Blessed day to all brethren Mula sa LOKAL NG ATOK GOLD BENGUET. Kami Po ay bumabati Ng happy happy blessed birthday sa butihing may Bahay Ng aming distinado..,https://www.youtube.com/watch?v=ROa3kbG5M0U&lc=UgzugxZDmKPQpOlI5G54AaABAg,UgzugxZDmKPQpOlI5G54AaABAg,UC6G7aKYeoTFEdZdzsafEppQ,"Fetched 05/23/2026, 9:00:03 PM GMT+8"
35034,@johnreylucio8970,2 weeks ago,"Nakaka miss panuorin,, hindi kami papayag na lilipas ang isang Oras na hindi nmin naPapanuod,, Happy Viewing to all po,, Shout Out po sa Aming Magiting na KSKP Ka John Felix Dungan🩶 /  / Pagbati po mula s lokal ng LA TRINIDAD, Distrito ng BENGUET, 🥦🐑🍓",https://www.youtube.com/watch?v=ROa3kbG5M0U&lc=UgzpzSCXY-zuef3L6Ol4AaABAg,UgzpzSCXY-zuef3L6Ol4AaABAg,UCNMupRD4ySrN336KZpy29OA,"Fetched 05/23/2026, 9:00:03 PM GMT+8"
35035,@Yroh999,2 weeks ago,Happy Saturday po to all KALIHIM sa distrito ng Benguet! /  / #from Lokal ng Tuba,https://www.youtube.com/watch?v=ROa3kbG5M0U&lc=UgwohENDQ3yupqnh4QN4AaABAg,UgwohENDQ3yupqnh4QN4AaABAg,UCERUpQTowu4C1Sa4B5ew8pw,"Fetched 05/23/2026, 9:00:03 PM GMT+8"
35036,@luibustamante9493,2 weeks ago,"The lyrics stay in my memory, and the rhythm keeps playing deep in my mind — carrying such a beautiful vibe to start the day right. Truly an inspiring piece of music. /  / LET'S GO BENGUET 💪🥳🥳🥳🍓🍓 /  / Keep on supporting po, rewatching mula sa Lokal ng Tuba Distrito ng Benguet. /  / Good morning po sa lahat ng Kadiwa at Mang-aawit sa lahat ng Lokal 🤗🤗🤗",https://www.youtube.com/watch?v=ROa3kbG5M0U&lc=UgyuZ81pXCPLuIB3xt94AaABAg,UgyuZ81pXCPLuIB3xt94AaABAg,UCFAmrhDmv6rvZrQoYp-IS9w,"Fetched 05/23/2026, 9:00:03 PM GMT+8"
35037,@Takoshenchie,2 weeks ago,"Happy morning brethren! Another day, another blessing. Go Benguet!! /  / ~Guisad Kadiwa & PNK Officers",https://www.youtube.com/watch?v=ROa3kbG5M0U&lc=UgzK5_KCwJh56_hySjR4AaABAg,UgzK5_KCwJh56_hySjR4AaABAg,UCKL_3QOCN0VtAPkwus5A6Gw,"Fetched 05/23/2026, 9:00:03 PM GMT+8"
35038,@luibustamante9493,2 weeks ago,"I know it's hard now, but I swear it gets better. / A new day brings hope for a change in the weather. / Hold on to your faith. Let God set you free, / and you'll find out exactly where you're meant to be. /  / LSS na malala. Malapit ko na mamemorize.  /  / Keep on watching po, fighting KDO 💪💪💪🥳🥳🥳 /  /  / -Pagbati mula sa Kadiwa District Officers, Lokal ng Tuba",https://www.youtube.com/watch?v=ROa3kbG5M0U&lc=UgwaE-5zwihodVFPtyx4AaABAg,UgwaE-5zwihodVFPtyx4AaABAg,UCFAmrhDmv6rvZrQoYp-IS9w,"Fetched 05/23/2026, 9:00:03 PM GMT+8"
35039,@Julskie28,2 weeks ago,Continue to rewatch po mga kapatid! /  / From kadiwa district officers of benguet /  / Let's Go Benguet 🎉,https://www.youtube.com/watch?v=ROa3kbG5M0U&lc=UgwzEePOlMO3hNbmvEN4AaABAg,UgwzEePOlMO3hNbmvEN4AaABAg,UC1nz0UiWHV8lyoQdZtJejeg,"Fetched 05/23/2026, 9:00:03 PM GMT+8"
35040,@jasminedaludado7262,2 weeks ago,Patuloy na sumusuporta po ang mga kapatid sa Lokal ng Guisad💛 /  / Shout out po sa mga KADIWA sa Distrito ng Benguet❤,https://www.youtube.com/watch?v=ROa3kbG5M0U&lc=UgxQy_Wc-jtPxnvsFMl4AaABAg,UgxQy_Wc-jtPxnvsFMl4AaABAg,UCA4HVmdH2Xj67gK8nZmpiZg,"Fetched 05/23/2026, 9:00:03 PM GMT+8"
35041,@gwynethcayabyab5981,2 weeks ago,"Pagbati po sa lahat ng nanonood, tuloy tuloy lang po tayo /  / - kadiwa district officer, lokal ng megaroyale",https://www.youtube.com/watch?v=ROa3kbG5M0U&lc=UgznHwik6qkxPGG21gd4AaABAg,UgznHwik6qkxPGG21gd4AaABAg,UCouodNvhL1bfJC2Fz0B_Rcw,"Fetched 05/23/2026, 9:00:03 PM GMT+8"
35042,@jonieyonga-an5239,2 weeks ago,Rewatching Po Mula Sa Lokal Ng Norcar Distrito Ng Benguet 🎉 /  / Happy watching Po mga kapatidd🎉🎉,https://www.youtube.com/watch?v=ROa3kbG5M0U&lc=Ugw9V1Q-bvVcx6ZTg2N4AaABAg,Ugw9V1Q-bvVcx6ZTg2N4AaABAg,UCgUo3JP_Fffuctza4bUumJg,"Fetched 05/23/2026, 9:00:03 PM GMT+8"
35043,@henrycaranto2644,2 weeks ago,Good morning po sa lahat❤ / Simulan na ulet natin ang pakikinig ng BENGUET INCMV Entry ''God's Love''❤ /  / Good morning sa lahat ng KADIWA at BINHI sa Distrito ng Benguet. Shoutout po sa mga KDO ng Benguet🎉🎉 /  / From Lokal ng Baguio City,https://www.youtube.com/watch?v=ROa3kbG5M0U&lc=UgydStMvybKsP172myB4AaABAg,UgydStMvybKsP172myB4AaABAg,UCFilTOy22FklSkBIgwVPVaQ,"Fetched 05/23/2026, 9:00:03 PM GMT+8"
35044,@kristine7303,2 weeks ago,Let’s go Benguet🎉❤ Shoutout sa mga nakatambay na KDO ng Benguet nyahaha🎉,https://www.youtube.com/watch?v=ROa3kbG5M0U&lc=Ugw1nNT46G7Tm_K3aRt4AaABAg,Ugw1nNT46G7Tm_K3aRt4AaABAg,UCJnlqat5vcPuV6GiDugaBnA,"Fetched 05/23/2026, 9:00:03 PM GMT+8"
35045,@johnreylucio8970,2 weeks ago,"Good Morningggg,,, Happy Always Viewing po kami,, Support From all Kadiwa , Pangunguna ng Maytungkulin sa Lokal ng LA TRINIDAD, Distrito ng BENGUET🥦🐑🍓",https://www.youtube.com/watch?v=ROa3kbG5M0U&lc=UgzmBbqKuivNHUhDWE94AaABAg,UgzmBbqKuivNHUhDWE94AaABAg,UCNMupRD4ySrN336KZpy29OA,"Fetched 05/23/2026, 9:00:03 PM GMT+8"
35046,@luibustamante9493,2 weeks ago,Good morning po mga kapatid🤗🤗 /  / Rewatching po mula sa Lokal ng Tuba Distrito ng Benguet /  /  / Shoutout po sa mga Kadiwa District Officers na ki- aaaga nandito na  🤗🤗🤗👏👏 /  /  / Have a good day ahead po.,https://www.youtube.com/watch?v=ROa3kbG5M0U&lc=Ugx_LuN8nnsQ0pnjVH54AaABAg,Ugx_LuN8nnsQ0pnjVH54AaABAg,UCFAmrhDmv6rvZrQoYp-IS9w,"Fetched 05/23/2026, 9:00:03 PM GMT+8"
35047,@mayvehn,2 weeks ago,Good morning po mga kapatid.Lokal ng Atok Gold po❤,https://www.youtube.com/watch?v=ROa3kbG5M0U&lc=Ugy7xwEB_scHja-MYRt4AaABAg,Ugy7xwEB_scHja-MYRt4AaABAg,UCivhdJ2CQeLK8tlG7Wh2BSQ,"Fetched 05/23/2026, 9:00:03 PM GMT+8"
35048,@JongMintar,2 weeks ago,Happy viewing po mga Kapatid. Lokal ng loacan distrito ng Benguet,https://www.youtube.com/watch?v=ROa3kbG5M0U&lc=UgylSenMRWQIB-jaKSF4AaABAg,UgylSenMRWQIB-jaKSF4AaABAg,UCB9TM80YjMctGhYDBlkxL2A,"Fetched 05/23/2026, 9:00:03 PM GMT+8"
35049,@janengo1283,2 weeks ago,"Shout out po sa lahat ng MAYTUNGKULIN sa lokal ng BAGUIO CITY,Happy veiwing po!",https://www.youtube.com/watch?v=ROa3kbG5M0U&lc=UgwTNfJEjeI0bU5zV8Z4AaABAg,UgwTNfJEjeI0bU5zV8Z4AaABAg,UCQzK0PCPt6Nt4Wh9WQ68a0g,"Fetched 05/23/2026, 9:00:03 PM GMT+8"
35050,@RommelOcampo-p2j,2 weeks ago,"Truly inspiring! Lokal ng Lagro, Quezon City District",https://www.youtube.com/watch?v=ROa3kbG5M0U&lc=UgwhI-oMbB2SIYNSELF4AaABAg,UgwhI-oMbB2SIYNSELF4AaABAg,UCkzTG2mocNkE10S9StgKtmA,"Fetched 05/23/2026, 9:00:03 PM GMT+8"
35051,@jonieyonga-an5239,2 weeks ago,Good morning mga kapatidd🎉 / Happy re watching Po ulitt🎉 /  / Pagbati Po Mula Sa Lokal Ng Norcar Distrito Ng Benguet 🎉 / Greetings Po sa mga Maytungkulin sa kapisanan 🎉,https://www.youtube.com/watch?v=ROa3kbG5M0U&lc=Ugz-4-YnZp-zmA5GT7Z4AaABAg,Ugz-4-YnZp-zmA5GT7Z4AaABAg,UCgUo3JP_Fffuctza4bUumJg,"Fetched 05/23/2026, 9:00:03 PM GMT+8"
35052,@jasminedaludado7262,2 weeks ago,Happy re-listening po!! /  / Mula po sa kapisanang KADIWA ng Distrito ng Benguet!!❤,https://www.youtube.com/watch?v=ROa3kbG5M0U&lc=UgyRyHaoqBqODM7XuU94AaABAg,UgyRyHaoqBqODM7XuU94AaABAg,UCA4HVmdH2Xj67gK8nZmpiZg,"Fetched 05/23/2026, 9:00:03 PM GMT+8"
35053,@Julskie28,2 weeks ago,Happy re viewing po ulit mga kapatid! /  /  / From Kadiwa Officers /  / Let's Go Benguet🎉,https://www.youtube.com/watch?v=ROa3kbG5M0U&lc=UgxPCosbhuA_CXqKkxp4AaABAg,UgxPCosbhuA_CXqKkxp4AaABAg,UC1nz0UiWHV8lyoQdZtJejeg,"Fetched 05/23/2026, 9:00:03 PM GMT+8"
35054,@mayvehn,2 weeks ago,Patuloy po na sumusuporta mula po sa Lokal ng Atok Gold❤,https://www.youtube.com/watch?v=ROa3kbG5M0U&lc=UgxZDMHF4VpwTP8fCzx4AaABAg,UgxZDMHF4VpwTP8fCzx4AaABAg,UCivhdJ2CQeLK8tlG7Wh2BSQ,"Fetched 05/23/2026, 9:00:03 PM GMT+8"
35055,@gwynethcayabyab5981,2 weeks ago,Tuloy tuloy po sana ang supporta natin mga kapatid🎉 happy viewing po mula sa Kadiwa district officer❤,https://www.youtube.com/watch?v=ROa3kbG5M0U&lc=UgyD3SZTPyipmREK7S54AaABAg,UgyD3SZTPyipmREK7S54AaABAg,UCouodNvhL1bfJC2Fz0B_Rcw,"Fetched 05/23/2026, 9:00:03 PM GMT+8"
35056,@mayvehn,2 weeks ago,happy viewing po..mula po sa Lokal ng Atok Gold,https://www.youtube.com/watch?v=ROa3kbG5M0U&lc=Ugz2HXMkEZzXEOB_E554AaABAg,Ugz2HXMkEZzXEOB_E554AaABAg,UCivhdJ2CQeLK8tlG7Wh2BSQ,"Fetched 05/23/2026, 9:00:03 PM GMT+8"
35057,@almazanrhyndylyn,2 weeks ago,Happy on repeat listening. / Greetings from KDO Benguet / Lokal ng Norcar Distrito ng Benguet /  / Lezz Go Benguet 🎶 /  / #God'sLove / #Benguet,https://www.youtube.com/watch?v=ROa3kbG5M0U&lc=UgyYJjmrzLS9U1JIn7t4AaABAg,UgyYJjmrzLS9U1JIn7t4AaABAg,UCEoQCNgytnJxjJnAQLSzFeA,"Fetched 05/23/2026, 9:00:03 PM GMT+8"
35058,@mayvehn,2 weeks ago,❤❤❤hello po mga kapatid❤❤❤happy watching po❤❤❤mula po sa Lokal ng Atok Gold❤❤❤,https://www.youtube.com/watch?v=ROa3kbG5M0U&lc=UgxYw16BzMfIRrHgitV4AaABAg,UgxYw16BzMfIRrHgitV4AaABAg,UCivhdJ2CQeLK8tlG7Wh2BSQ,"Fetched 05/23/2026, 9:00:03 PM GMT+8"
35059,@joylee1468,2 weeks ago,Happy watching po..Mula po sa Lokal ng Atok Gold,https://www.youtube.com/watch?v=ROa3kbG5M0U&lc=UgwO81XHOpCfKzJVBW94AaABAg,UgwO81XHOpCfKzJVBW94AaABAg,UC7UWPgNV4p4GGKzoeFbHS8g,"Fetched 05/23/2026, 9:00:03 PM GMT+8"
35060,@joylee1468,2 weeks ago,God's Love / Lokal ng Atok Gold / ❤❤❤,https://www.youtube.com/watch?v=ROa3kbG5M0U&lc=UgyY7gLsgUMvrbijJQ14AaABAg,UgyY7gLsgUMvrbijJQ14AaABAg,UC7UWPgNV4p4GGKzoeFbHS8g,"Fetched 05/23/2026, 9:00:03 PM GMT+8"
35061,@joylee1468,2 weeks ago,Good morning po❤❤❤❤mula po sa Lokal ng Atok Gold❤❤❤,https://www.youtube.com/watch?v=ROa3kbG5M0U&lc=UgydZMaJ02CdCITyaA54AaABAg,UgydZMaJ02CdCITyaA54AaABAg,UC7UWPgNV4p4GGKzoeFbHS8g,"Fetched 05/23/2026, 9:00:03 PM GMT+8"
35062,@kristonleefuchigami3643,2 weeks ago,Happy viewing mula po sa Lokal ng Quezon Hill Distrito ng Benguet.,https://www.youtube.com/watch?v=ROa3kbG5M0U&lc=Ugy7P5USq95CpmM-KeF4AaABAg,Ugy7P5USq95CpmM-KeF4AaABAg,UCOZ4eM5oab1qQPoV6luV52w,"Fetched 05/23/2026, 9:00:03 PM GMT+8"
35063,@iya-k7j,2 weeks ago,Happy watching mga kapatid.. / Lokal ng Atok Gold ❤❤,https://www.youtube.com/watch?v=ROa3kbG5M0U&lc=UgzwmCmC1JYaLr8HLCV4AaABAg,UgzwmCmC1JYaLr8HLCV4AaABAg,UC_R2GfmFAjE8k8DgEjmtv7g,"Fetched 05/23/2026, 9:00:03 PM GMT+8"
35064,@iya-k7j,2 weeks ago,Good.morning po..Happy viewing po mula sa Lokal ng Atok Gold❤❤❤,https://www.youtube.com/watch?v=ROa3kbG5M0U&lc=Ugy0mD0jmI3xw7i6FnZ4AaABAg,Ugy0mD0jmI3xw7i6FnZ4AaABAg,UC_R2GfmFAjE8k8DgEjmtv7g,"Fetched 05/23/2026, 9:00:03 PM GMT+8"
35065,@Kashumi_和美,2 weeks ago,Happy viewing po mula po sa Lokal Ng Quezon Hill Distrito NG Benguet.,https://www.youtube.com/watch?v=ROa3kbG5M0U&lc=UgyG-ecox0AYBKxczmJ4AaABAg,UgyG-ecox0AYBKxczmJ4AaABAg,UCRfR-dERK8rC-UT9E3zTR_w,"Fetched 05/23/2026, 9:00:03 PM GMT+8"
35066,@joy-d3n4u,2 weeks ago,good morning po mga kapatid❤❤mula po sa Lokal ng Atok Gold❤,https://www.youtube.com/watch?v=ROa3kbG5M0U&lc=Ugx5ARogJakxNQm90U14AaABAg,Ugx5ARogJakxNQm90U14AaABAg,UCdSHn503pqXwdsqmLKce88g,"Fetched 05/23/2026, 9:00:03 PM GMT+8"
35067,@aizelfuchigami842,2 weeks ago,Goodmorning po! Happy viewing mula po sa Lokal ng Quezon Hill Distrito ng Benguet. 🇮🇹❤️🎼🎵🎶,https://www.youtube.com/watch?v=ROa3kbG5M0U&lc=UgwVLarGkCL2uCZesX94AaABAg,UgwVLarGkCL2uCZesX94AaABAg,UCAxDQnCZxAvsB6YgYjSR1nQ,"Fetched 05/23/2026, 9:00:03 PM GMT+8"
35068,@joy-d3n4u,2 weeks ago,magandang umaga po mga kapatid😊😊😊 / mula po sa Lokal ng Atok Gold,https://www.youtube.com/watch?v=ROa3kbG5M0U&lc=Ugwgi4oZXc87IfUSIN54AaABAg,Ugwgi4oZXc87IfUSIN54AaABAg,UCdSHn503pqXwdsqmLKce88g,"Fetched 05/23/2026, 9:00:03 PM GMT+8"
35069,@mayvehn,2 weeks ago,Go Benguet!!!!! / Go Atok Gold🎉🎉🎉🎉,https://www.youtube.com/watch?v=ROa3kbG5M0U&lc=UgxodVLUQJfNEdQnCwl4AaABAg,UgxodVLUQJfNEdQnCwl4AaABAg,UCivhdJ2CQeLK8tlG7Wh2BSQ,"Fetched 05/23/2026, 9:00:03 PM GMT+8"
35070,@mayvehn,2 weeks ago,Patuloy pong nanonood..... / mula po sa Lokal ng Atok Gold / ❤❤❤❤❤,https://www.youtube.com/watch?v=ROa3kbG5M0U&lc=UgyS0R-2RFZa4mLXQCh4AaABAg,UgyS0R-2RFZa4mLXQCh4AaABAg,UCivhdJ2CQeLK8tlG7Wh2BSQ,"Fetched 05/23/2026, 9:00:03 PM GMT+8"
35071,@CasseySGonzales,2 weeks ago,"Good Morning poo mga kapatid, /  / Go Benguet❤",https://www.youtube.com/watch?v=ROa3kbG5M0U&lc=UgwfF6wyCdsHbopzQhd4AaABAg,UgwfF6wyCdsHbopzQhd4AaABAg,UCZ_1zJtZfWs6L_NdfNJCvtQ,"Fetched 05/23/2026, 9:00:03 PM GMT+8"
35072,@almazanrhyndylyn,2 weeks ago,Good morning po.  /  / Go! Benguet Go! /  / 📣📣 Patuloy pong pagsuporta mula sa Kapisanang Kadiwa sa Distrito at Lokal ng Norcar Distrito ng Benguet.,https://www.youtube.com/watch?v=ROa3kbG5M0U&lc=Ugwfckc0tG5WiCucHJ54AaABAg,Ugwfckc0tG5WiCucHJ54AaABAg,UCEoQCNgytnJxjJnAQLSzFeA,"Fetched 05/23/2026, 9:00:03 PM GMT+8"
35073,@giloribello,2 weeks ago,Greetings from PENGED 🎉🎉,https://www.youtube.com/watch?v=ROa3kbG5M0U&lc=UgwkhpX7Ef-k_uR7UpR4AaABAg,UgwkhpX7Ef-k_uR7UpR4AaABAg,UCDoxrvwIaC8g19_zJaWhluQ,"Fetched 05/23/2026, 9:00:03 PM GMT+8"
35074,@mayvehn,2 weeks ago,magandang  umaga po ..mula po sa kapisanang buklod / mula po sa  / Lokal ng Atok Gold❤❤❤,https://www.youtube.com/watch?v=ROa3kbG5M0U&lc=UgwkI47L5hLjQDz17ap4AaABAg,UgwkI47L5hLjQDz17ap4AaABAg,UCivhdJ2CQeLK8tlG7Wh2BSQ,"Fetched 05/23/2026, 9:00:03 PM GMT+8"
35075,@giloribello,2 weeks ago,BAGUIO CITY go go go!,https://www.youtube.com/watch?v=ROa3kbG5M0U&lc=UgzYEnjtmIRbawMC74F4AaABAg,UgzYEnjtmIRbawMC74F4AaABAg,UCDoxrvwIaC8g19_zJaWhluQ,"Fetched 05/23/2026, 9:00:03 PM GMT+8"
35076,@joylee1468,2 weeks ago,"God's Love / ""His wondrous Love"" / 🎉🎉🎉 / ❤❤Lokal ng Atok Gold❤❤",https://www.youtube.com/watch?v=ROa3kbG5M0U&lc=UgzVgWIZCoDNW5Ixful4AaABAg,UgzVgWIZCoDNW5Ixful4AaABAg,UC7UWPgNV4p4GGKzoeFbHS8g,"Fetched 05/23/2026, 9:00:03 PM GMT+8"
35077,@joylee1468,2 weeks ago,"God's Love / ""It's His precious Gift to us..."" / ❤❤❤ / Lokal ng Atok Gold / ❤❤❤",https://www.youtube.com/watch?v=ROa3kbG5M0U&lc=UgzX1QJYS3kR1PM7kBp4AaABAg,UgzX1QJYS3kR1PM7kBp4AaABAg,UC7UWPgNV4p4GGKzoeFbHS8g,"Fetched 05/23/2026, 9:00:03 PM GMT+8"
35078,@kristine7303,2 weeks ago,Good morning po❤❤ patuloy pa rin sa mainit na pagsuporta ang mga Kadiwa District Officer mula sa Distrito ng Benguet 💪🏻 Let's Go Benguet! 🩵🩵,https://www.youtube.com/watch?v=ROa3kbG5M0U&lc=Ugz6DTcdF8R_U-nPTP54AaABAg,Ugz6DTcdF8R_U-nPTP54AaABAg,UCJnlqat5vcPuV6GiDugaBnA,"Fetched 05/23/2026, 9:00:03 PM GMT+8"
35079,@joylee1468,2 weeks ago,"God's Love / ""It's through His Love that your days are bright as the sun""😊😊 / Lokal ng Atok Gold",https://www.youtube.com/watch?v=ROa3kbG5M0U&lc=UgwDNxEz09_hWwW49QN4AaABAg,UgwDNxEz09_hWwW49QN4AaABAg,UC7UWPgNV4p4GGKzoeFbHS8g,"Fetched 05/23/2026, 9:00:03 PM GMT+8"
35080,@Julskie28,2 weeks ago,"Good morning po sa ating lahat! /  / Another day of viewing!  /  / Hello po ulit sa mga kasama ko sa Kadiwa ng Benguet! /  / Mula po sa Lokal ng Guisad, Distrito ng Benguet 🎉 /  / Let's Go Benguet🎉",https://www.youtube.com/watch?v=ROa3kbG5M0U&lc=UgzKTj1U4Za6kpv62R94AaABAg,UgzKTj1U4Za6kpv62R94AaABAg,UC1nz0UiWHV8lyoQdZtJejeg,"Fetched 05/23/2026, 9:00:03 PM GMT+8"
35081,@joylee1468,2 weeks ago,"God's Love / ""And when life brings you to your knees,  in our Lord God's great power, you must believe....."" / ❤❤❤Lokal ng Atok Gold❤❤❤❤❤❤❤",https://www.youtube.com/watch?v=ROa3kbG5M0U&lc=Ugz1IzdexMTGvK2iL6N4AaABAg,Ugz1IzdexMTGvK2iL6N4AaABAg,UC7UWPgNV4p4GGKzoeFbHS8g,"Fetched 05/23/2026, 9:00:03 PM GMT+8"
35082,@joylee1468,2 weeks ago,Magandang umaga po❤mula po sa Lokal ng Atok Gold❤,https://www.youtube.com/watch?v=ROa3kbG5M0U&lc=UgwB6eGRR6YaoWOHKOB4AaABAg,UgwB6eGRR6YaoWOHKOB4AaABAg,UC7UWPgNV4p4GGKzoeFbHS8g,"Fetched 05/23/2026, 9:00:03 PM GMT+8"
35083,@iya-k7j,2 weeks ago,kumusta po mga kapatid???tuloy po natin ang panonood ....mula po sa lokal ng atok gold,https://www.youtube.com/watch?v=ROa3kbG5M0U&lc=Ugw7mlIaWb2HD2i-UO54AaABAg,Ugw7mlIaWb2HD2i-UO54AaABAg,UC_R2GfmFAjE8k8DgEjmtv7g,"Fetched 05/23/2026, 9:00:03 PM GMT+8"
35084,@iya-k7j,2 weeks ago,patuloy po ang panonood....mula po sa lokal ng atok gold❤❤,https://www.youtube.com/watch?v=ROa3kbG5M0U&lc=UgzR3cp6GF3zOO6Ijkd4AaABAg,UgzR3cp6GF3zOO6Ijkd4AaABAg,UC_R2GfmFAjE8k8DgEjmtv7g,"Fetched 05/23/2026, 9:00:03 PM GMT+8"
35085,@iya-k7j,2 weeks ago,magandang umaga po.mula po sa kapisanang binhi sa lokal ng atok gold❤,https://www.youtube.com/watch?v=ROa3kbG5M0U&lc=Ugx9Sj4Uqlj21OraBPN4AaABAg,Ugx9Sj4Uqlj21OraBPN4AaABAg,UC_R2GfmFAjE8k8DgEjmtv7g,"Fetched 05/23/2026, 9:00:03 PM GMT+8"
35086,@rejomartayaban,2 weeks ago,"Good morning mga kapsss, happy happy viewing po sating lahat.. Mula sa lokal ng La Trinidad at Kadiwa officers ng Distrito ng Benguet",https://www.youtube.com/watch?v=ROa3kbG5M0U&lc=Ugwe9TLhSR1S12tN3bR4AaABAg,Ugwe9TLhSR1S12tN3bR4AaABAg,UCi7RYRPFL6HTFaScpYFJMJQ,"Fetched 05/23/2026, 9:00:03 PM GMT+8"
35087,@iya-k7j,2 weeks ago,happy viewing po mga kapatid❤❤❤ / Lokal ng Atok Gold,https://www.youtube.com/watch?v=ROa3kbG5M0U&lc=Ugz9SXmffGBNYw9W1jh4AaABAg,Ugz9SXmffGBNYw9W1jh4AaABAg,UC_R2GfmFAjE8k8DgEjmtv7g,"Fetched 05/23/2026, 9:00:03 PM GMT+8"
35088,@sylviaaquino1402,2 weeks ago,Gandang umaga po,https://www.youtube.com/watch?v=ROa3kbG5M0U&lc=Ugx1Tr0Nlypff7J9tB54AaABAg,Ugx1Tr0Nlypff7J9tB54AaABAg,UCYnj0QipEvxHgMbwQaySmZA,"Fetched 05/23/2026, 9:00:03 PM GMT+8"
35089,@iya-k7j,2 weeks ago,"magandang umaga po..mula po sa kapisanang binhi, Lokal ng Atok Gold",https://www.youtube.com/watch?v=ROa3kbG5M0U&lc=UgxmNJcFjktkEM2fOwt4AaABAg,UgxmNJcFjktkEM2fOwt4AaABAg,UC_R2GfmFAjE8k8DgEjmtv7g,"Fetched 05/23/2026, 9:00:03 PM GMT+8"
35090,@joy-d3n4u,2 weeks ago,magandang umaga po❤❤❤ / mula po sa lokal ng atok gold❤❤❤,https://www.youtube.com/watch?v=ROa3kbG5M0U&lc=Ugxi6fl98boIeRsJvft4AaABAg,Ugxi6fl98boIeRsJvft4AaABAg,UCdSHn503pqXwdsqmLKce88g,"Fetched 05/23/2026, 9:00:03 PM GMT+8"
35091,@gwynethcayabyab5981,2 weeks ago,"Lets go po mga kapatid 🎉happy viewing po, muka sa lokal ng megaroyale at kadiwa district officer",https://www.youtube.com/watch?v=ROa3kbG5M0U&lc=UgzE_NTk3FGftmL2jnt4AaABAg,UgzE_NTk3FGftmL2jnt4AaABAg,UCouodNvhL1bfJC2Fz0B_Rcw,"Fetched 05/23/2026, 9:00:03 PM GMT+8"
35092,@danielsangalang4416,2 weeks ago,Magandang umaga po Kalihiman/Registry Lokal Ng Baguio City Ditsrito Ng Benguet,https://www.youtube.com/watch?v=ROa3kbG5M0U&lc=UgyamImKP1yahHlrUst4AaABAg,UgyamImKP1yahHlrUst4AaABAg,UCd83g5cGg_Es6Qyl02u7jdw,"Fetched 05/23/2026, 9:00:03 PM GMT+8"
35093,@sylviaaquino1402,2 weeks ago,Good morning po,https://www.youtube.com/watch?v=ROa3kbG5M0U&lc=Ugyem1HVskB8P59tnNZ4AaABAg,Ugyem1HVskB8P59tnNZ4AaABAg,UCYnj0QipEvxHgMbwQaySmZA,"Fetched 05/23/2026, 9:00:03 PM GMT+8"
35094,@sylviaaquino1402,2 weeks ago,Gagaling po ninyo mga kapatid...local ng Baguio,https://www.youtube.com/watch?v=ROa3kbG5M0U&lc=UgwINlt91HjcHZuh1TJ4AaABAg,UgwINlt91HjcHZuh1TJ4AaABAg,UCYnj0QipEvxHgMbwQaySmZA,"Fetched 05/23/2026, 9:00:03 PM GMT+8"
35095,@joy-d3n4u,2 weeks ago,"#God's Love / #""Hold on to your faith / #Lokal ng Atok Gold",https://www.youtube.com/watch?v=ROa3kbG5M0U&lc=UgxSAFksteNhrykcLWh4AaABAg,UgxSAFksteNhrykcLWh4AaABAg,UCdSHn503pqXwdsqmLKce88g,"Fetched 05/23/2026, 9:00:03 PM GMT+8"
35096,@sylviaaquino1402,2 weeks ago,Helo. Po,https://www.youtube.com/watch?v=ROa3kbG5M0U&lc=UgweceCC4u7qx_BkaPp4AaABAg,UgweceCC4u7qx_BkaPp4AaABAg,UCYnj0QipEvxHgMbwQaySmZA,"Fetched 05/23/2026, 9:00:03 PM GMT+8"
35097,@sylviaaquino1402,2 weeks ago,Shout out congrats po sa mga cast ng local bg Baguio,https://www.youtube.com/watch?v=ROa3kbG5M0U&lc=UgwQvZg1hY73LoQ14Tt4AaABAg,UgwQvZg1hY73LoQ14Tt4AaABAg,UCYnj0QipEvxHgMbwQaySmZA,"Fetched 05/23/2026, 9:00:03 PM GMT+8"
35098,@noedulay,2 weeks ago,Good morning Po happy viewing Po Mula sa lokal ng baguio city distrito ng benguet kalihim ng lokal at Kagawad sa pnk Po,https://www.youtube.com/watch?v=ROa3kbG5M0U&lc=UgxvLqyNnXRR6Rx6M1B4AaABAg,UgxvLqyNnXRR6Rx6M1B4AaABAg,UCXhwmp6dOr8fjMmxQrm84Jg,"Fetched 05/23/2026, 9:00:03 PM GMT+8"
35099,@joy-d3n4u,2 weeks ago,"❤❤❤ / ""A new day brings a hope...."" / ❤❤❤ / Lokal ng Atok Gold / ❤❤❤",https://www.youtube.com/watch?v=ROa3kbG5M0U&lc=UgzBoKYN2-P7vikF5M94AaABAg,UgzBoKYN2-P7vikF5M94AaABAg,UCdSHn503pqXwdsqmLKce88g,"Fetched 05/23/2026, 9:00:03 PM GMT+8"
35100,@sylviaaquino1402,2 weeks ago,Good morning po,https://www.youtube.com/watch?v=ROa3kbG5M0U&lc=UgxfKuZA86mK7q2ip3Z4AaABAg,UgxfKuZA86mK7q2ip3Z4AaABAg,UCYnj0QipEvxHgMbwQaySmZA,"Fetched 05/23/2026, 9:00:03 PM GMT+8"
35101,@NorbertoMislang-k1f,2 weeks ago,Happy viewing sa lahat ng mga kapatid sa lokal ng Baguio City na walang sawang sumusuporta. Mabuhay po tayong lahat. Ang pagbati ay mula sa inyong  mahal na destinado..,https://www.youtube.com/watch?v=ROa3kbG5M0U&lc=Ugy4TY7JaEVj_4hUFjV4AaABAg,Ugy4TY7JaEVj_4hUFjV4AaABAg,UCHrMwbP6cIZPIlWf5nvI8dA,"Fetched 05/23/2026, 9:00:03 PM GMT+8"
35102,@ivymorenomaravilla,2 weeks ago,"Magandang umaga po sa lahat! Pag bati po mula sa Lokal ng Baguio City, Distrito ng Benguet! ❤❤❤❤",https://www.youtube.com/watch?v=ROa3kbG5M0U&lc=Ugw6oWX7TihWSs3d5U94AaABAg,Ugw6oWX7TihWSs3d5U94AaABAg,UC32rXNkKQhO9c-YLliCwYLg,"Fetched 05/23/2026, 9:00:03 PM GMT+8"
35103,@ivymorenomaravilla,2 weeks ago,"Magandang umaga po sa lahat! Pag bati po mula sa Lokal ng Baguio City, Distrito ng Benguet! ❤❤❤❤",https://www.youtube.com/watch?v=ROa3kbG5M0U&lc=Ugz-RUE-Q19-Fi6uZ614AaABAg,Ugz-RUE-Q19-Fi6uZ614AaABAg,UC32rXNkKQhO9c-YLliCwYLg,"Fetched 05/23/2026, 9:00:03 PM GMT+8"
35104,@joelaganon6952,2 weeks ago,Magandang morning po sa lahat! Lokal ng Baguio City Happy Viewing po.😊,https://www.youtube.com/watch?v=ROa3kbG5M0U&lc=Ugw4d4EnTeUYci5N8Vx4AaABAg,Ugw4d4EnTeUYci5N8Vx4AaABAg,UChevvJfd5L6E5s2G__kuKtA,"Fetched 05/23/2026, 9:00:03 PM GMT+8"
35105,@jasminedaludado7262,2 weeks ago,"Magandang umaga po sa lahat!!! / Another day, another re-stream. Pagbati po mula sa mga KADIWA District Officers ng Benguet at mga kapatid mula po sa Lokal ng Guisad❤️ /  / LET'S GO BENGUET!!🍓",https://www.youtube.com/watch?v=ROa3kbG5M0U&lc=UgzTppQFIGDn7ZDhR314AaABAg,UgzTppQFIGDn7ZDhR314AaABAg,UCA4HVmdH2Xj67gK8nZmpiZg,"Fetched 05/23/2026, 9:00:03 PM GMT+8"
35106,@joy-d3n4u,2 weeks ago,Umpisahan ang araw sa panonood ng God's Love / ❤❤❤Lokal ng Atok Gold,https://www.youtube.com/watch?v=ROa3kbG5M0U&lc=UgwH1HXR7vATio31Oyd4AaABAg,UgwH1HXR7vATio31Oyd4AaABAg,UCdSHn503pqXwdsqmLKce88g,"Fetched 05/23/2026, 9:00:03 PM GMT+8"
35107,@yolandamabutas145,2 weeks ago,Good Morning po! from Kalihiman/Registry-Baguio City,https://www.youtube.com/watch?v=ROa3kbG5M0U&lc=UgxIMdTrkoHSMn_kgWV4AaABAg,UgxIMdTrkoHSMn_kgWV4AaABAg,UCFxShhg-2vQOCSqTUkGfxkA,"Fetched 05/23/2026, 9:00:03 PM GMT+8"
35108,@yolandamabutas145,2 weeks ago,Good Morning po! Greetings from locale cong. of Baguio City!,https://www.youtube.com/watch?v=ROa3kbG5M0U&lc=Ugx5moJzARb7fDoZf7l4AaABAg,Ugx5moJzARb7fDoZf7l4AaABAg,UCFxShhg-2vQOCSqTUkGfxkA,"Fetched 05/23/2026, 9:00:03 PM GMT+8"
35109,@joy-d3n4u,2 weeks ago,Magandang umaga po mga kapatid❤❤❤Lokal ng Atok Gold❤❤❤,https://www.youtube.com/watch?v=ROa3kbG5M0U&lc=UgyHFi2HKvRUInE0fuV4AaABAg,UgyHFi2HKvRUInE0fuV4AaABAg,UCdSHn503pqXwdsqmLKce88g,"Fetched 05/23/2026, 9:00:03 PM GMT+8"
35110,@gwynethcayabyab5981,2 weeks ago,"Good morning po mga kapatid, tuloy tuloy po ang pa nonood🫶🏻 /  / - lets go kadiwa district officers🎉",https://www.youtube.com/watch?v=ROa3kbG5M0U&lc=UgzY18ulAU7EEvGW0Ix4AaABAg,UgzY18ulAU7EEvGW0Ix4AaABAg,UCouodNvhL1bfJC2Fz0B_Rcw,"Fetched 05/23/2026, 9:00:03 PM GMT+8"
35111,@aulsenplays7478,2 weeks ago,Happy viewing po sa lahat tuloy parin po ang mainit na suporta ng mga maytungkulin sa kapisanang kadiwa dito sa distrito ng benguet❤️❤️,https://www.youtube.com/watch?v=ROa3kbG5M0U&lc=UgzfLCJHoc4MEfPPUxh4AaABAg,UgzfLCJHoc4MEfPPUxh4AaABAg,UC0q4h4afOdRctXCQdqEo_ZQ,"Fetched 05/23/2026, 9:00:03 PM GMT+8"
35112,@Jerald-z6n,2 weeks ago,"Happy Viewing po mula sa Lokal ng Baguio City, Distrito ng Benguet",https://www.youtube.com/watch?v=ROa3kbG5M0U&lc=Ugw3HwZlZbf9ZJJo2ah4AaABAg,Ugw3HwZlZbf9ZJJo2ah4AaABAg,UC8g_QZnHM6Ifblgpu6cGOqQ,"Fetched 05/23/2026, 9:00:03 PM GMT+8"
35113,@FELIXCASTILLO-d6k,2 weeks ago,Happy watching po... From Baguio City,https://www.youtube.com/watch?v=ROa3kbG5M0U&lc=UgyfGSCvQlQ7pKJ3tql4AaABAg,UgyfGSCvQlQ7pKJ3tql4AaABAg,UCzYZJSgSHmHSChay7k3DlyA,"Fetched 05/23/2026, 9:00:03 PM GMT+8"
35114,@emilynay-yokad8101,2 weeks ago,Pagbati po mula sa lokal ng Quezon Hill Distrito ng Benguet,https://www.youtube.com/watch?v=ROa3kbG5M0U&lc=UgxUdCyLMJbYCaoALZJ4AaABAg,UgxUdCyLMJbYCaoALZJ4AaABAg,UCYRWlcb4P8MG22QL1p_2Gvg,"Fetched 05/23/2026, 9:00:03 PM GMT+8"
35115,@JhadeVecino,2 weeks ago,Goodnight and sweet dreams to all brethren.. from LOKAL NG ATOK GOLD ❤❤❤❤,https://www.youtube.com/watch?v=ROa3kbG5M0U&lc=Ugy53Ezi7c4v525pPKt4AaABAg,Ugy53Ezi7c4v525pPKt4AaABAg,UC6G7aKYeoTFEdZdzsafEppQ,"Fetched 05/23/2026, 9:00:03 PM GMT+8"
35116,@joy-d3n4u,2 weeks ago (edited),End the day watching God's Love / Blessed night po mga kapatid / mula po sa Lokal ng Atok Gold,https://www.youtube.com/watch?v=ROa3kbG5M0U&lc=UgyG0IUqsyYZmJWDouZ4AaABAg,UgyG0IUqsyYZmJWDouZ4AaABAg,UCdSHn503pqXwdsqmLKce88g,"Fetched 05/23/2026, 9:00:03 PM GMT+8"
35117,@joy-d3n4u,2 weeks ago,"#God's Love / #""You go on with the courage..."" / #Distrito ng Benguet / #Lokal ng Atok Gold / #God bless to all po",https://www.youtube.com/watch?v=ROa3kbG5M0U&lc=Ugwpms7ZKDIvx_A_amp4AaABAg,Ugwpms7ZKDIvx_A_amp4AaABAg,UCdSHn503pqXwdsqmLKce88g,"Fetched 05/23/2026, 9:00:03 PM GMT+8"
35118,@joy-d3n4u,2 weeks ago,"#""Like a little sail in the middle of the sea...."" / #Lokal ng Atok Gold / ❤❤❤",https://www.youtube.com/watch?v=ROa3kbG5M0U&lc=Ugxt8krWj5ARtoi4QNR4AaABAg,Ugxt8krWj5ARtoi4QNR4AaABAg,UCdSHn503pqXwdsqmLKce88g,"Fetched 05/23/2026, 9:00:03 PM GMT+8"
35119,@JhadeVecino,2 weeks ago,Gudnyt ❤❤❤ mga Kapatid from the land of GOLD.. LOKAL NG ATOK GOLD BENGUET.. 🥇🏆🥇🏆🥇,https://www.youtube.com/watch?v=ROa3kbG5M0U&lc=UgxYCuAcYjuklEFJ8Il4AaABAg,UgxYCuAcYjuklEFJ8Il4AaABAg,UC6G7aKYeoTFEdZdzsafEppQ,"Fetched 05/23/2026, 9:00:03 PM GMT+8"
35120,@joy-d3n4u,2 weeks ago,"❤❤❤ / ""It's His never ending mercy, a light from above""... / ❤❤❤ / Lokal ng Atok Gold / ❤❤❤",https://www.youtube.com/watch?v=ROa3kbG5M0U&lc=UgzP0XTalvuEIpS29sd4AaABAg,UgzP0XTalvuEIpS29sd4AaABAg,UCdSHn503pqXwdsqmLKce88g,"Fetched 05/23/2026, 9:00:03 PM GMT+8"
35121,@joy-d3n4u,2 weeks ago,#God's Love / #A new life that lasts till forever... / #Lokal ng Atok Gold / ❤❤❤❤❤,https://www.youtube.com/watch?v=ROa3kbG5M0U&lc=Ugyg6tATgX9O3QySAAd4AaABAg,Ugyg6tATgX9O3QySAAd4AaABAg,UCdSHn503pqXwdsqmLKce88g,"Fetched 05/23/2026, 9:00:03 PM GMT+8"
35122,@joy-d3n4u,2 weeks ago,magandang gabi po mga kapatid....mula po sa Lokal ng Atok Gold❤❤❤,https://www.youtube.com/watch?v=ROa3kbG5M0U&lc=UgyM5xgpf50Ey-BVyLN4AaABAg,UgyM5xgpf50Ey-BVyLN4AaABAg,UCdSHn503pqXwdsqmLKce88g,"Fetched 05/23/2026, 9:00:03 PM GMT+8"
35123,@lornasabado6182,2 weeks ago,Magandang gabi po sa lahat..mula po lokal ng Quezonhill Benguet,https://www.youtube.com/watch?v=ROa3kbG5M0U&lc=UgwM3bMOrYyzaMZS2MZ4AaABAg,UgwM3bMOrYyzaMZS2MZ4AaABAg,UCszNbLwmDIE8Lpoy7hzu60A,"Fetched 05/23/2026, 9:00:03 PM GMT+8"
35124,@luibustamante9493,2 weeks ago,"LSS na matindi, keep on watching/listening mga kakabsat.  /  / Let's go Benguet🎉🎉  / Watching frime locale od Tuba 🤗🤗🤗",https://www.youtube.com/watch?v=ROa3kbG5M0U&lc=UgzsShEQS2vOTAcdNiV4AaABAg,UgzsShEQS2vOTAcdNiV4AaABAg,UCFAmrhDmv6rvZrQoYp-IS9w,"Fetched 05/23/2026, 9:00:03 PM GMT+8"
35125,@mayvehn,2 weeks ago,❤❤❤magandang gabi po.mula po sa Lokal ng Atok Gold❤❤❤,https://www.youtube.com/watch?v=ROa3kbG5M0U&lc=Ugz8hArkfvlwcNtsEyl4AaABAg,Ugz8hArkfvlwcNtsEyl4AaABAg,UCivhdJ2CQeLK8tlG7Wh2BSQ,"Fetched 05/23/2026, 9:00:03 PM GMT+8"
35126,@almazanrhyndylyn,2 weeks ago,Bago matulog. Happy last view for today.  /  / Continous support from Local of Norcar District of Benguet and from KDO Benguet. /  / Lezzzzz go Benguet 🍓🍓,https://www.youtube.com/watch?v=ROa3kbG5M0U&lc=UgxdoIiOrSg10Qshazp4AaABAg,UgxdoIiOrSg10Qshazp4AaABAg,UCEoQCNgytnJxjJnAQLSzFeA,"Fetched 05/23/2026, 9:00:03 PM GMT+8"
35127,@Vien.Bella-vu5rh4pz8b,2 weeks ago,"Let's Go, Benguet! 🇮🇹 / Happy viewing po mula sa kagawaran ng mga Mang-aawit🎶🎵 sa Lokal ng Atok Gold❤❤",https://www.youtube.com/watch?v=ROa3kbG5M0U&lc=UgzWEfAhxjD9xCmuEtJ4AaABAg,UgzWEfAhxjD9xCmuEtJ4AaABAg,UCB9NRJMQHTIobGeD1zbmbYA,"Fetched 05/23/2026, 9:00:03 PM GMT+8"
35128,@johnreylucio8970,2 weeks ago,"Happy Viewing po sa Ating lahatt,, Good Evening po , Mula po sa Grupo ng Bantayan sa Lokal ng La Trinidad, Masaya po kami nakikipagkaisa, Shawt Awt sa co-KDO's  nmin, haha, TULOY TULOY LANGGG",https://www.youtube.com/watch?v=ROa3kbG5M0U&lc=Ugw68eV-s5-1BYcCfyF4AaABAg,Ugw68eV-s5-1BYcCfyF4AaABAg,UCNMupRD4ySrN336KZpy29OA,"Fetched 05/23/2026, 9:00:03 PM GMT+8"
35129,@mayvehn,2 weeks ago,happy viewing po mula sa Lokal ng Atok Gold,https://www.youtube.com/watch?v=ROa3kbG5M0U&lc=UgwhtBFvYbhtEIY2Eu94AaABAg,UgwhtBFvYbhtEIY2Eu94AaABAg,UCivhdJ2CQeLK8tlG7Wh2BSQ,"Fetched 05/23/2026, 9:00:03 PM GMT+8"
35130,@Vien.Bella-vu5rh4pz8b,2 weeks ago,"Let's Go, Benguet! 🇮🇹 / Happy viewing po mula sa kagawaran ng mga Mang-aawit🎶🎵 sa Lokal ng Atok Gold❤❤",https://www.youtube.com/watch?v=ROa3kbG5M0U&lc=UgwK5lm9LpkpPJ8jA7l4AaABAg,UgwK5lm9LpkpPJ8jA7l4AaABAg,UCB9NRJMQHTIobGeD1zbmbYA,"Fetched 05/23/2026, 9:00:03 PM GMT+8"
35131,@ramcelc.lorezco3335,2 weeks ago,🎉❤,https://www.youtube.com/watch?v=ROa3kbG5M0U&lc=Ugz4EvQdwcOJw9FRa3B4AaABAg,Ugz4EvQdwcOJw9FRa3B4AaABAg,UC1VNPpgapsCm-OX-ZQjROUw,"Fetched 05/23/2026, 9:00:03 PM GMT+8"
35132,@Vien.Bella-vu5rh4pz8b,2 weeks ago,"Let's Go, Benguet! 🇮🇹 / Happy viewing po mula sa kagawaran ng mga Mang-aawit🎶🎵 sa Lokal ng Atok Gold❤❤",https://www.youtube.com/watch?v=ROa3kbG5M0U&lc=Ugza5GdC5qreE7j0_5h4AaABAg,Ugza5GdC5qreE7j0_5h4AaABAg,UCB9NRJMQHTIobGeD1zbmbYA,"Fetched 05/23/2026, 9:00:03 PM GMT+8"
35133,@Vien.Bella-vu5rh4pz8b,2 weeks ago,Maligayang panonood po mula sa Lokal ng Atok Gold😊,https://www.youtube.com/watch?v=ROa3kbG5M0U&lc=UgxRo8FsKpxEZBHJH1F4AaABAg,UgxRo8FsKpxEZBHJH1F4AaABAg,UCB9NRJMQHTIobGeD1zbmbYA,"Fetched 05/23/2026, 9:00:03 PM GMT+8"
35134,@joy-d3n4u,2 weeks ago,Patuloy po na sumusuporta mula po sa Lokal ng Atok Gold❤❤❤❤,https://www.youtube.com/watch?v=ROa3kbG5M0U&lc=UgwIqmsFOGJna9DgKIV4AaABAg,UgwIqmsFOGJna9DgKIV4AaABAg,UCdSHn503pqXwdsqmLKce88g,"Fetched 05/23/2026, 9:00:03 PM GMT+8"
35135,@Vien.Bella-vu5rh4pz8b,2 weeks ago,"Let's Go, Benguet! 🇮🇹 / Happy viewing po mula sa kagawaran ng mga Mang-aawit🎶🎵 / sa Lokal ng Atok Gold❤❤",https://www.youtube.com/watch?v=ROa3kbG5M0U&lc=UgzKz7uFtDRXXNjE59R4AaABAg,UgzKz7uFtDRXXNjE59R4AaABAg,UCB9NRJMQHTIobGeD1zbmbYA,"Fetched 05/23/2026, 9:00:03 PM GMT+8"
35136,@Vien.Bella-vu5rh4pz8b,2 weeks ago,"Let's Go, Benguet! 🇮🇹 / Happy viewing po mula sa kagawaran ng mga Mang-aawit🎶🎵 / sa Lokal ng Atok Gold❤❤",https://www.youtube.com/watch?v=ROa3kbG5M0U&lc=UgzahYwUyuy6aDS0Q3d4AaABAg,UgzahYwUyuy6aDS0Q3d4AaABAg,UCB9NRJMQHTIobGeD1zbmbYA,"Fetched 05/23/2026, 9:00:03 PM GMT+8"
35137,@Rochellebalingao,2 weeks ago,Shout out po sa Kalihiman at Registry ng Benguet at sa buong mundo🎉❤❤.Happy viewing po mga Kapatid..from Loakan ng Loakan Airport🎉🎉,https://www.youtube.com/watch?v=ROa3kbG5M0U&lc=UgzsW1IBdyFYZTESfdd4AaABAg,UgzsW1IBdyFYZTESfdd4AaABAg,UCn2RLDeoruL1TzAnGu5V1og,"Fetched 05/23/2026, 9:00:03 PM GMT+8"
35138,@joy-d3n4u,2 weeks ago,Magandang gabi po mga kapatid.Mula po sa Kapisanang Buklod sa Lokal ng Atok Gold❤❤❤❤,https://www.youtube.com/watch?v=ROa3kbG5M0U&lc=UgyN0cwje6135JC36vl4AaABAg,UgyN0cwje6135JC36vl4AaABAg,UCdSHn503pqXwdsqmLKce88g,"Fetched 05/23/2026, 9:00:03 PM GMT+8"
35139,@joy-d3n4u,2 weeks ago,❤❤❤happy viewing po mula sa Lokal ng Atok Gold❤❤❤❤,https://www.youtube.com/watch?v=ROa3kbG5M0U&lc=UgxAOd2VEhMu-T0Q1mZ4AaABAg,UgxAOd2VEhMu-T0Q1mZ4AaABAg,UCdSHn503pqXwdsqmLKce88g,"Fetched 05/23/2026, 9:00:03 PM GMT+8"
35140,@KennethcarlArzadon,2 weeks ago,Buong puso pong nakikiisa sa panonood mula sa lokal ng LA TRINIDAD BENGUET,https://www.youtube.com/watch?v=ROa3kbG5M0U&lc=UgzdxJBEr3RHPsgGLAl4AaABAg,UgzdxJBEr3RHPsgGLAl4AaABAg,UCALJEZ9F2LscqhLo7ZAOpbg,"Fetched 05/23/2026, 9:00:03 PM GMT+8"
35141,@joy-d3n4u,2 weeks ago,happy viewing po mula sa Lokal ng Atok Gold,https://www.youtube.com/watch?v=ROa3kbG5M0U&lc=UgzxKRzpXt_cJSFz0ih4AaABAg,UgzxKRzpXt_cJSFz0ih4AaABAg,UCdSHn503pqXwdsqmLKce88g,"Fetched 05/23/2026, 9:00:03 PM GMT+8"
35142,@RICHARDPALOMARES-m9h,2 weeks ago,"Masayang panonood po sa lahat ng mga kapatid sa Lokal ng Megaroyale Village, distrito ng Benguet",https://www.youtube.com/watch?v=ROa3kbG5M0U&lc=Ugy1vRyKvZ-6bupPExB4AaABAg,Ugy1vRyKvZ-6bupPExB4AaABAg,UCkdkQy0THkETGLUYDKlfj5A,"Fetched 05/23/2026, 9:00:03 PM GMT+8"
35143,@Vien.Bella-vu5rh4pz8b,2 weeks ago,"Let's Go, Benguet! 🇮🇹 / Happy viewing po mula sa kagawaran ng mga Mang-aawit🎶🎵 / sa Lokal ng Atok Gold❤❤",https://www.youtube.com/watch?v=ROa3kbG5M0U&lc=Ugzx7STOGk5qfBrtzW54AaABAg,Ugzx7STOGk5qfBrtzW54AaABAg,UCB9NRJMQHTIobGeD1zbmbYA,"Fetched 05/23/2026, 9:00:03 PM GMT+8"
35144,@Vien.Bella-vu5rh4pz8b,2 weeks ago,"Let's Go, Benguet! 🇮🇹 / Happy viewing po mula sa kagawaran ng mga Mang-aawit sa Lokal ng Atok Gold❤❤",https://www.youtube.com/watch?v=ROa3kbG5M0U&lc=UgzxrsoEtvUQNQIsOot4AaABAg,UgzxrsoEtvUQNQIsOot4AaABAg,UCB9NRJMQHTIobGeD1zbmbYA,"Fetched 05/23/2026, 9:00:03 PM GMT+8"
35145,@aulsenplays7478,2 weeks ago,Happy viewing po lahat sa mga nanonood from kdo benguet❤️❤️,https://www.youtube.com/watch?v=ROa3kbG5M0U&lc=UgwQSabBhKgKDmtv9bZ4AaABAg,UgwQSabBhKgKDmtv9bZ4AaABAg,UC0q4h4afOdRctXCQdqEo_ZQ,"Fetched 05/23/2026, 9:00:03 PM GMT+8"
35146,@aizelfuchigami842,2 weeks ago,Happy viewing po mula po sa Lokal ng Quezon Hill Distrito ng Benguet. 🇮🇹❤️🎼🎵🎶,https://www.youtube.com/watch?v=ROa3kbG5M0U&lc=UgxQ4P_y7WrXvd9CLAt4AaABAg,UgxQ4P_y7WrXvd9CLAt4AaABAg,UCAxDQnCZxAvsB6YgYjSR1nQ,"Fetched 05/23/2026, 9:00:03 PM GMT+8"
35147,@Vien.Bella-vu5rh4pz8b,2 weeks ago,Pagbati po sa mga kasama po naming nanood ❤❤ mula po sa lokal ng Atok Gold 😊,https://www.youtube.com/watch?v=ROa3kbG5M0U&lc=Ugy20qNJCMWv88yiQzp4AaABAg,Ugy20qNJCMWv88yiQzp4AaABAg,UCB9NRJMQHTIobGeD1zbmbYA,"Fetched 05/23/2026, 9:00:03 PM GMT+8"
35148,@Vien.Bella-vu5rh4pz8b,2 weeks ago,God's Love is bigger than the ocean and brighter than the stars 🎶🎵 Greetings to all Brethren👋 / mula po sa Lokal ng ATOK GOLD🇮🇹,https://www.youtube.com/watch?v=ROa3kbG5M0U&lc=Ugw73tMkBc2VxcseQe94AaABAg,Ugw73tMkBc2VxcseQe94AaABAg,UCB9NRJMQHTIobGeD1zbmbYA,"Fetched 05/23/2026, 9:00:03 PM GMT+8"
35149,@Vien.Bella-vu5rh4pz8b,2 weeks ago,God's Love is bigger than the ocean and brighter than the stars 🎶🎵 Greetings to all Brethren👋 / mula po sa Lokal ng ATOK GOLD🇮🇹,https://www.youtube.com/watch?v=ROa3kbG5M0U&lc=UgwDnFlsV0kfQk-b2OR4AaABAg,UgwDnFlsV0kfQk-b2OR4AaABAg,UCB9NRJMQHTIobGeD1zbmbYA,"Fetched 05/23/2026, 9:00:03 PM GMT+8"
35150,@itzjazmegacha,2 weeks ago,LET'S GO BENGUEEEETT! hello po ka maytungkilin ko sa distrito! Happy viewing po!,https://www.youtube.com/watch?v=ROa3kbG5M0U&lc=UgytkcFuTpbNAeymfGl4AaABAg,UgytkcFuTpbNAeymfGl4AaABAg,UChOp7W4eOfG4K8dXsHWSioA,"Fetched 05/23/2026, 9:00:03 PM GMT+8"
35151,@Julskie28,2 weeks ago,"Let's Go Benguet 🍓 🎉!! /  / Good evening po sa ating lahat! /  / Happy viewing again po sa ating lahat lalo na po sa mga nasa kapisanang Kadiwa! /  / Mula po sa Lokal ng Guisad, Distrito ng Benguet ❤",https://www.youtube.com/watch?v=ROa3kbG5M0U&lc=Ugyva15cg4i1KLwRbGF4AaABAg,Ugyva15cg4i1KLwRbGF4AaABAg,UC1nz0UiWHV8lyoQdZtJejeg,"Fetched 05/23/2026, 9:00:03 PM GMT+8"
35152,@AnaLizaValdez-x4j,2 weeks ago,Pagbati mula sa lokal po ng camp 8 Distrito ng Benguet,https://www.youtube.com/watch?v=ROa3kbG5M0U&lc=UgwsGrzT0AaHALnT2bJ4AaABAg,UgwsGrzT0AaHALnT2bJ4AaABAg,UCHMQcHdI0vT_vOntrA_i6tg,"Fetched 05/23/2026, 9:00:03 PM GMT+8"
35153,@jasminedaludado7262,2 weeks ago,"Magandang gabi po sa lahat!! Happy viewing po mula sa Lokal ng Guisad, Distrito ng Benguet❤",https://www.youtube.com/watch?v=ROa3kbG5M0U&lc=UgxP07fQych2IrAPoz54AaABAg,UgxP07fQych2IrAPoz54AaABAg,UCA4HVmdH2Xj67gK8nZmpiZg,"Fetched 05/23/2026, 9:00:03 PM GMT+8"
35154,@Vien.Bella-vu5rh4pz8b,2 weeks ago,God's Love is bigger than the ocean and brighter than the stars 🎶🎵 Greetings to all Brethren👋 / mula po sa Lokal ng ATOK GOLD🇮🇹,https://www.youtube.com/watch?v=ROa3kbG5M0U&lc=UgzSTVAiD-CxXmbl0iJ4AaABAg,UgzSTVAiD-CxXmbl0iJ4AaABAg,UCB9NRJMQHTIobGeD1zbmbYA,"Fetched 05/23/2026, 9:00:03 PM GMT+8"
35155,@cristalsolanoy,2 weeks ago,"happy viewing po mga kapatid! 🤍 / mula po sa Lokal ng Camp 7, Distrito ng Benguet",https://www.youtube.com/watch?v=ROa3kbG5M0U&lc=UgxlNtH-R_LRflymtJB4AaABAg,UgxlNtH-R_LRflymtJB4AaABAg,UC373OL7FL4ojeJcbMf4NT1Q,"Fetched 05/23/2026, 9:00:03 PM GMT+8"
35156,@henrycaranto2644,2 weeks ago,"Bago matulog ay Suporta muna tayo❤️🎉☺️ /  / Let’s Go Benguet ❤🎉 /  / Salamat po sa lahat ng BUKLOD, KADIWA, BINHI na nakasama buong araw para Sa pag suporta❤🎉 /  / Shoutout po sa lahat ng Benguet KADIWA District Officers nakasama namin sa Buong araw na pag suporta.🎉🎉❤ /  / From lokal ng Baguio City❤❤🎉",https://www.youtube.com/watch?v=ROa3kbG5M0U&lc=UgwiL5kxUCweN3Al8TV4AaABAg,UgwiL5kxUCweN3Al8TV4AaABAg,UCFilTOy22FklSkBIgwVPVaQ,"Fetched 05/23/2026, 9:00:03 PM GMT+8"
35157,@musicandme9513,2 weeks ago,Maligayang pagbati po sa lahat...from lokal ng Kias 😊,https://www.youtube.com/watch?v=ROa3kbG5M0U&lc=UgzRvY-LxUvZFDvN9xh4AaABAg,UgzRvY-LxUvZFDvN9xh4AaABAg,UC2hjl44nnXZBsDg_0ftUcqg,"Fetched 05/23/2026, 9:00:03 PM GMT+8"
35158,@Vien.Bella-vu5rh4pz8b,2 weeks ago,God's Love is bigger than the ocean and brighter than the stars 🎶🎵 Greetings to all Brethren👋 / mula po sa Lokal ng ATOK GOLD🇮🇹,https://www.youtube.com/watch?v=ROa3kbG5M0U&lc=Ugxa3e26k66LIjexhkV4AaABAg,Ugxa3e26k66LIjexhkV4AaABAg,UCB9NRJMQHTIobGeD1zbmbYA,"Fetched 05/23/2026, 9:00:03 PM GMT+8"
35159,@Its_Handsome_Kurtzky5442,2 weeks ago,Happy Viewing po mula sa mga May Tungkulin ng PNK at Kadiwa /  / Patuloy pong pagsuporta /  / Letzzz Gooooo Benguet 🎉,https://www.youtube.com/watch?v=ROa3kbG5M0U&lc=UgzPtVXCfuxuMWb6c194AaABAg,UgzPtVXCfuxuMWb6c194AaABAg,UC8-5OKyruhxurhAkxdT5SlQ,"Fetched 05/23/2026, 9:00:03 PM GMT+8"
35160,@jhoelhopealtero9210,2 weeks ago,Happy viewing po mga kaptid❤️❤️pagbati mula po sa lokal ng Norcar distrito ng Benguet 💚🤍♥️,https://www.youtube.com/watch?v=ROa3kbG5M0U&lc=Ugwup5vzf3mLX8Q5w9Z4AaABAg,Ugwup5vzf3mLX8Q5w9Z4AaABAg,UCvM66CUu4E9SdMsMK1oOeVA,"Fetched 05/23/2026, 9:00:03 PM GMT+8"
35161,@kristine7303,2 weeks ago,"Matutulog na God’s Love ang tumatakbo sa isip 😂 LSS masyado! /  / Let’s Go BENGUET! 🎉❤ Shawarawt sa poging Pangulong KADIWA ng Benguet, Kuya Henry Caranto! 💙 single pa yan siya guys~",https://www.youtube.com/watch?v=ROa3kbG5M0U&lc=UgyMxkyoJtVaPvVdDBF4AaABAg,UgyMxkyoJtVaPvVdDBF4AaABAg,UCJnlqat5vcPuV6GiDugaBnA,"Fetched 05/23/2026, 9:00:03 PM GMT+8"
35162,@Vien.Bella-vu5rh4pz8b,2 weeks ago,Happy Viewing po mula sa Lokal ng Atok Gold❤,https://www.youtube.com/watch?v=ROa3kbG5M0U&lc=UgzF1VfYyMlb12qFn8N4AaABAg,UgzF1VfYyMlb12qFn8N4AaABAg,UCB9NRJMQHTIobGeD1zbmbYA,"Fetched 05/23/2026, 9:00:03 PM GMT+8"
35163,@Flyskidaa,2 weeks ago,"Happy Viewing po from Lokal ng Norcar,Benguet",https://www.youtube.com/watch?v=ROa3kbG5M0U&lc=UgxengtB3GEYTl7eUq14AaABAg,UgxengtB3GEYTl7eUq14AaABAg,UC-LAdZzegodwIYLGfpjgLlw,"Fetched 05/23/2026, 9:00:03 PM GMT+8"
35164,@daryllprado1566,2 weeks ago,Di po nakakasawang panoorin ❤️❤️ /  / FROM LOCAL NG NORCAR DISTRITO NG BENGUET 😊😊❤️❤️,https://www.youtube.com/watch?v=ROa3kbG5M0U&lc=UgwuYKu0uneXfMQnnSJ4AaABAg,UgwuYKu0uneXfMQnnSJ4AaABAg,UCAIxrZeWKE80i_ewfNBLw-g,"Fetched 05/23/2026, 9:00:03 PM GMT+8"
35165,@johnchristianjuquiana9747,2 weeks ago,Happy Happy Viewing po from lokal ng Pinsao Distrito ng Benguet 🎉🥰,https://www.youtube.com/watch?v=ROa3kbG5M0U&lc=UgyB9x7-fPe9TUK3PBp4AaABAg,UgyB9x7-fPe9TUK3PBp4AaABAg,UCA0bY-SzZOVVQw0JfgmXfdg,"Fetched 05/23/2026, 9:00:03 PM GMT+8"
35166,@PreciousAmante,2 weeks ago,Galing po mga kapatid,https://www.youtube.com/watch?v=ROa3kbG5M0U&lc=UgxyQXKn_vBwNnj22XZ4AaABAg,UgxyQXKn_vBwNnj22XZ4AaABAg,UCQIfQBv8GHa6DbaQ0LwM3NA,"Fetched 05/23/2026, 9:00:03 PM GMT+8"
35167,@PreciousAmante,2 weeks ago,❤ ang saya naman po❤,https://www.youtube.com/watch?v=ROa3kbG5M0U&lc=UgyeDR-wDrYMczBsRYZ4AaABAg,UgyeDR-wDrYMczBsRYZ4AaABAg,UCQIfQBv8GHa6DbaQ0LwM3NA,"Fetched 05/23/2026, 9:00:03 PM GMT+8"
35168,@goldieap7650,2 weeks ago,"Happy viewing po sa lahat ng kapatid at mga kalihim!  :virtualhug:#from lokal ng Tuba, Benguet",https://www.youtube.com/watch?v=ROa3kbG5M0U&lc=UgwKQmovEjMeVgX-Tip4AaABAg,UgwKQmovEjMeVgX-Tip4AaABAg,UCW5aE_1W9fTLSM28o3BrzZg,"Fetched 05/23/2026, 9:00:03 PM GMT+8"
35169,@almazanrhyndylyn,2 weeks ago,"Happy viewing po mula sa mga may tungkulin sa Distrito ng Kadiwa.  /  / Patuloy pong pagsuporta. /  / Go go Benguet💕💕 /  / Pagbati din po sa ating Tagapangasiwa ng Distrito ang Kapatid na Ardy Mendoza, II Tagapangasiwa ang Kapatid na Ian Manalata, at sa ating KSKP ang Kapatid na John Felix Dungan.",https://www.youtube.com/watch?v=ROa3kbG5M0U&lc=UgwF1RPyNSZb3nerKZF4AaABAg,UgwF1RPyNSZb3nerKZF4AaABAg,UCEoQCNgytnJxjJnAQLSzFeA,"Fetched 05/23/2026, 9:00:03 PM GMT+8"
35170,@josieantonio3498,2 weeks ago,Gooooo Benguet...💚🤍❤️,https://www.youtube.com/watch?v=ROa3kbG5M0U&lc=UgzCYnnWFaXa9tq14mt4AaABAg,UgzCYnnWFaXa9tq14mt4AaABAg,UCoQIlgNkXOZWRq8XZrqtgXA,"Fetched 05/23/2026, 9:00:03 PM GMT+8"
35171,@josieantonio3498,2 weeks ago,💚🤍❤️,https://www.youtube.com/watch?v=ROa3kbG5M0U&lc=UgxoNO6dxvncBZ4eIhx4AaABAg,UgxoNO6dxvncBZ4eIhx4AaABAg,UCoQIlgNkXOZWRq8XZrqtgXA,"Fetched 05/23/2026, 9:00:03 PM GMT+8"
35172,@josieantonio3498,2 weeks ago,"""God's Love"" / Happy viewing po... / Lokal ng Camp 6💚🤍❤️",https://www.youtube.com/watch?v=ROa3kbG5M0U&lc=UgyVWJGTshP_RonU5dR4AaABAg,UgyVWJGTshP_RonU5dR4AaABAg,UCoQIlgNkXOZWRq8XZrqtgXA,"Fetched 05/23/2026, 9:00:03 PM GMT+8"
35173,@jonieyonga-an5239,2 weeks ago,"Magandang Gabi pooo!!! / Happy viewing Po muli mga kapatidd🎉🎉 / Mula Po sa lokal Ng Norcar Distrito Ng Benguet 🎉 / Pagbati dn Po sa lahat Ng mga maytungkulin Mula Po sa mga Pandistrito, Hanggang sa mga lokal po🎉🎉 /  / Happy watchingg po",https://www.youtube.com/watch?v=ROa3kbG5M0U&lc=Ugwq8JbYItr93KQK6VZ4AaABAg,Ugwq8JbYItr93KQK6VZ4AaABAg,UCgUo3JP_Fffuctza4bUumJg,"Fetched 05/23/2026, 9:00:03 PM GMT+8"
35174,@gwynethcayabyab5981,2 weeks ago,Happy viewing po sa lahat🎉 Shout out po sa sobrang sipag namin na pangulong kadiwa henry caranto🎉,https://www.youtube.com/watch?v=ROa3kbG5M0U&lc=UgzkDImrkhL88QtlwER4AaABAg,UgzkDImrkhL88QtlwER4AaABAg,UCouodNvhL1bfJC2Fz0B_Rcw,"Fetched 05/23/2026, 9:00:03 PM GMT+8"
35175,@elahdemonyitah1296,2 weeks ago,Happy birthday norcar,https://www.youtube.com/watch?v=ROa3kbG5M0U&lc=UgwzmUf9dprZvdLY6W94AaABAg,UgwzmUf9dprZvdLY6W94AaABAg,UCLRjJzvyuMI-UHwZLPnJ0Pw,"Fetched 05/23/2026, 9:00:03 PM GMT+8"
35176,@joy-d3n4u,2 weeks ago,Happy viewing po mga kapatid❤❤❤❤ / mula po sa Lokal ng Atok Gold,https://www.youtube.com/watch?v=ROa3kbG5M0U&lc=Ugx0jqzpfBwtXsI5sWh4AaABAg,Ugx0jqzpfBwtXsI5sWh4AaABAg,UCdSHn503pqXwdsqmLKce88g,"Fetched 05/23/2026, 9:00:03 PM GMT+8"
35177,@jenelynlegaspi5472,2 weeks ago,Magandang gabi po mga kapatid!!!happy viewing po sa lahat pagbati po mula sa LOKAL NG QUEZON HILL DISTRITO NG BENGUET / 💚🤍❤️.,https://www.youtube.com/watch?v=ROa3kbG5M0U&lc=Ugw9n7E0FLy802Kjqpd4AaABAg,Ugw9n7E0FLy802Kjqpd4AaABAg,UCLjU_xM1oUxJ0N9ClfCcPjQ,"Fetched 05/23/2026, 9:00:03 PM GMT+8"
35178,@luibustamante9493,2 weeks ago,Hello po sa mga kadiwa na masiglang nanonood. 🤗🤗🤗,https://www.youtube.com/watch?v=ROa3kbG5M0U&lc=Ugzb84WWC7LfdqX1E_t4AaABAg,Ugzb84WWC7LfdqX1E_t4AaABAg,UCFAmrhDmv6rvZrQoYp-IS9w,"Fetched 05/23/2026, 9:00:03 PM GMT+8"
35179,@eliassobrepenagarcia2075,2 weeks ago (edited),Malugod pong bumabati ng magandang gabi sa lahat po ng kptd. na  nanonood ng INCMV entry ng bawat Distrito ng buong mundo / Mula po sa lokal ng Camp7 Distrito ng Benguet,https://www.youtube.com/watch?v=ROa3kbG5M0U&lc=UgydijzVeFLo2OqblYd4AaABAg,UgydijzVeFLo2OqblYd4AaABAg,UCJeJeDb3_CmpyFU_WjPVdCA,"Fetched 05/23/2026, 9:00:03 PM GMT+8"
35180,@luibustamante9493,2 weeks ago (edited),Rewatching po from Lokal ng Tuba Distrito ng Benguet /  /  / Stay connected po tayo thru watching this MV 🤗🤗🤗,https://www.youtube.com/watch?v=ROa3kbG5M0U&lc=Ugxp3OKJksi5SoRZkWJ4AaABAg,Ugxp3OKJksi5SoRZkWJ4AaABAg,UCFAmrhDmv6rvZrQoYp-IS9w,"Fetched 05/23/2026, 9:00:03 PM GMT+8"
35181,@luibustamante9493,2 weeks ago,Let's Go Benguet 💪💪💪🍓🍓🍓,https://www.youtube.com/watch?v=ROa3kbG5M0U&lc=Ugx5BiWTCSVA271iUDR4AaABAg,Ugx5BiWTCSVA271iUDR4AaABAg,UCFAmrhDmv6rvZrQoYp-IS9w,"Fetched 05/23/2026, 9:00:03 PM GMT+8"
35182,@danielsangalang4416,2 weeks ago,Maligayang panonood po sa lahat ng mga kapatid sa buong mundo maging sa mga nasa kapisanang KADIWA mula po sa Lokal Ng Baguio City Ditsrito Ng Benguet 🇮🇹,https://www.youtube.com/watch?v=ROa3kbG5M0U&lc=UgyaSWs-hvfC2VjEZJ54AaABAg,UgyaSWs-hvfC2VjEZJ54AaABAg,UCd83g5cGg_Es6Qyl02u7jdw,"Fetched 05/23/2026, 9:00:03 PM GMT+8"
35183,@danielsangalang4416,2 weeks ago,Maligayang panonood po sa lahat ng mga kapatid sa buong mundo maging sa mga nasa kapisanang KADIWA mula po sa Lokal Ng Baguio City Ditsrito Ng Benguet 🇮🇹,https://www.youtube.com/watch?v=ROa3kbG5M0U&lc=Ugwcqc64wcO7GUb7Wl94AaABAg,Ugwcqc64wcO7GUb7Wl94AaABAg,UCd83g5cGg_Es6Qyl02u7jdw,"Fetched 05/23/2026, 9:00:03 PM GMT+8"
35184,@danielsangalang4416,2 weeks ago,Maligayang panonood po sa lahat ng mga kapatid sa buong mundo maging sa mga nasa kapisanang KADIWA mula po sa Lokal Ng Baguio City Ditsrito Ng Benguet 🇮🇹,https://www.youtube.com/watch?v=ROa3kbG5M0U&lc=UgzQmQteksBw0IFJwZt4AaABAg,UgzQmQteksBw0IFJwZt4AaABAg,UCd83g5cGg_Es6Qyl02u7jdw,"Fetched 05/23/2026, 9:00:03 PM GMT+8"
35185,@joynelvarela555,2 weeks ago,Happy viewing po mula sa lokal ng Loakan Airport Distrito ng Benguet 🇮🇹,https://www.youtube.com/watch?v=ROa3kbG5M0U&lc=Ugy6sfVjW4TeXLZO0L54AaABAg,Ugy6sfVjW4TeXLZO0L54AaABAg,UCeAUWk9jY5E9km7BSWrVrjg,"Fetched 05/23/2026, 9:00:03 PM GMT+8"
35186,@vhladbunag1121,2 weeks ago,Happy viewing po Mula sa local ng Quezon Hill,https://www.youtube.com/watch?v=ROa3kbG5M0U&lc=UgxD3U-Aajqinx2-aPR4AaABAg,UgxD3U-Aajqinx2-aPR4AaABAg,UCHH_VRtlJD6DzNISAPGErTg,"Fetched 05/23/2026, 9:00:03 PM GMT+8"
35187,@joy-d3n4u,2 weeks ago,hello po mga kapatid..happy viewing po mula sa Lokal ng Atok Gold,https://www.youtube.com/watch?v=ROa3kbG5M0U&lc=UgwPawZyEfFtLZQcC4F4AaABAg,UgwPawZyEfFtLZQcC4F4AaABAg,UCdSHn503pqXwdsqmLKce88g,"Fetched 05/23/2026, 9:00:03 PM GMT+8"
35188,@mayvehn,2 weeks ago,❤❤❤❤❤ / Lokal ng Atok Gold,https://www.youtube.com/watch?v=ROa3kbG5M0U&lc=UgyPvG3-_ATaaa_scaN4AaABAg,UgyPvG3-_ATaaa_scaN4AaABAg,UCivhdJ2CQeLK8tlG7Wh2BSQ,"Fetched 05/23/2026, 9:00:03 PM GMT+8"
35189,@grayvalentine770,2 weeks ago,"Happy viewing po sa mga kapatid,, binabati ko po ang aming distinado ng lokal ng baguio city ka Norbert mislang at aming PD1 ka levi mabutas",https://www.youtube.com/watch?v=ROa3kbG5M0U&lc=UgySfNndGjbKR2-Qq7x4AaABAg,UgySfNndGjbKR2-Qq7x4AaABAg,UCA8J9BuI7nPbZ3E1OSaMTeg,"Fetched 05/23/2026, 9:00:03 PM GMT+8"
35190,@florenciopidot9993,2 weeks ago,Pagbati po mula sa lokal Ng Quezon Hill,https://www.youtube.com/watch?v=ROa3kbG5M0U&lc=UgzutPaTyqRttFBgtYZ4AaABAg,UgzutPaTyqRttFBgtYZ4AaABAg,UCzOgn_EZFPRIjhFVdh4bYSA,"Fetched 05/23/2026, 9:00:03 PM GMT+8"
35191,@levimabutas6628,2 weeks ago,Magandang gabi po sa lahat maligayang panonood po mula po dito sa lojal ng baguio city,https://www.youtube.com/watch?v=ROa3kbG5M0U&lc=Ugw9gKgKBqGOsI7lKzZ4AaABAg,Ugw9gKgKBqGOsI7lKzZ4AaABAg,UC5QGmbYttC7jRxZsWK-3kew,"Fetched 05/23/2026, 9:00:03 PM GMT+8"
35192,@NorbertoMislang-k1f,2 weeks ago,Happy viewing po Baguio City buhay na buhay...,https://www.youtube.com/watch?v=ROa3kbG5M0U&lc=Ugy7I8HhnXOiUYz6vcB4AaABAg,Ugy7I8HhnXOiUYz6vcB4AaABAg,UCHrMwbP6cIZPIlWf5nvI8dA,"Fetched 05/23/2026, 9:00:03 PM GMT+8"
35193,@JocelynAngsofan,2 weeks ago,"happy viewing po mula sa lokal ng Pinsao, Distrito ng Benguet☺️",https://www.youtube.com/watch?v=ROa3kbG5M0U&lc=UgwWLkBrJVw84AMREW54AaABAg,UgwWLkBrJVw84AMREW54AaABAg,UCQuHB6XVkmo3wL7uCy2bF5w,"Fetched 05/23/2026, 9:00:03 PM GMT+8"
35194,@caselynmosqueda1826,2 weeks ago,Pagbati po mula sa lokal ng Quezon Hill...,https://www.youtube.com/watch?v=ROa3kbG5M0U&lc=Ugz34QOobkMskKvubU14AaABAg,Ugz34QOobkMskKvubU14AaABAg,UCiBxvMgZCmS-j7PwstIktEw,"Fetched 05/23/2026, 9:00:03 PM GMT+8"
35195,@mayvehn,2 weeks ago,always watching from Locale of Atok Gold❤,https://www.youtube.com/watch?v=ROa3kbG5M0U&lc=UgyjyTpPbEjkOOiRW-N4AaABAg,UgyjyTpPbEjkOOiRW-N4AaABAg,UCivhdJ2CQeLK8tlG7Wh2BSQ,"Fetched 05/23/2026, 9:00:03 PM GMT+8"
35196,@mayvehn,2 weeks ago,Maligayang panonood po mula sa Lokal ng Atok Gold,https://www.youtube.com/watch?v=ROa3kbG5M0U&lc=UgwGHsF0r6QSYrID_XN4AaABAg,UgwGHsF0r6QSYrID_XN4AaABAg,UCivhdJ2CQeLK8tlG7Wh2BSQ,"Fetched 05/23/2026, 9:00:03 PM GMT+8"
35197,@mayvehn,2 weeks ago,happy viewing po mga kapatid mula po sa lokal ng atok gold,https://www.youtube.com/watch?v=ROa3kbG5M0U&lc=UgxHEs86xukyvWef51h4AaABAg,UgxHEs86xukyvWef51h4AaABAg,UCivhdJ2CQeLK8tlG7Wh2BSQ,"Fetched 05/23/2026, 9:00:03 PM GMT+8"
35198,@joy-d3n4u,2 weeks ago,#God's Love / #Lokal ng Atok Gold,https://www.youtube.com/watch?v=ROa3kbG5M0U&lc=UgxxT6qTsKwS1hEi_Ll4AaABAg,UgxxT6qTsKwS1hEi_Ll4AaABAg,UCdSHn503pqXwdsqmLKce88g,"Fetched 05/23/2026, 9:00:03 PM GMT+8"
35199,@joy-d3n4u,2 weeks ago,magandang gabi po...viewing mula po sa Lokal ng Atok Gold,https://www.youtube.com/watch?v=ROa3kbG5M0U&lc=UgyeVk2Kzz1gH4_Jjwd4AaABAg,UgyeVk2Kzz1gH4_Jjwd4AaABAg,UCdSHn503pqXwdsqmLKce88g,"Fetched 05/23/2026, 9:00:03 PM GMT+8"
35200,@iya-k7j,2 weeks ago,happy viewing po.. / Lokal ng Atok Gold❤,https://www.youtube.com/watch?v=ROa3kbG5M0U&lc=UgzjMSVpyNLEt8xBSEF4AaABAg,UgzjMSVpyNLEt8xBSEF4AaABAg,UC_R2GfmFAjE8k8DgEjmtv7g,"Fetched 05/23/2026, 9:00:03 PM GMT+8"
35201,@iya-k7j,2 weeks ago,magandang gabi po mula po sa Lokal ng Atok Gold❤❤❤,https://www.youtube.com/watch?v=ROa3kbG5M0U&lc=UgxGDEtw7WbHqFF0uOl4AaABAg,UgxGDEtw7WbHqFF0uOl4AaABAg,UC_R2GfmFAjE8k8DgEjmtv7g,"Fetched 05/23/2026, 9:00:03 PM GMT+8"
35202,@rejomartayaban,2 weeks ago,Magandang gabi po mga kapatid happy viewing poo!!😍😍  / Greetings po mula sa lokal ng La Trinidad at mga Kadiwa officers ng Benguet!!,https://www.youtube.com/watch?v=ROa3kbG5M0U&lc=Ugwp7mW5ENGfdRYOJ8B4AaABAg,Ugwp7mW5ENGfdRYOJ8B4AaABAg,UCi7RYRPFL6HTFaScpYFJMJQ,"Fetched 05/23/2026, 9:00:03 PM GMT+8"
35203,@kevinleung106,2 weeks ago,"Happy Viewing po mga kapatid, mula po dito sa Lokal ng Norcar, Distrito ng Benguet😇😇",https://www.youtube.com/watch?v=ROa3kbG5M0U&lc=UgwgmAHIQzsK55qMKy94AaABAg,UgwgmAHIQzsK55qMKy94AaABAg,UCznOSsI5faJnCwc0v0LAnKA,"Fetched 05/23/2026, 9:00:03 PM GMT+8"
35204,@VicenteEsguerra,2 weeks ago,Happy viewing po mula po sa lokal ng aurora hill,https://www.youtube.com/watch?v=ROa3kbG5M0U&lc=Ugy8m4ljuqk6KcCd01B4AaABAg,Ugy8m4ljuqk6KcCd01B4AaABAg,UCuOkdiEDUWNVKttJIkMjdhw,"Fetched 05/23/2026, 9:00:03 PM GMT+8"
35205,@LhexieTindo,2 weeks ago (edited),"Happy viewing po sa lahat, shout out po saaming napakasipag at supportive na KSKP ka John Felix!! 🎉☺️ /  / from lokal po ng Baguio City, let's Go BENGUET 🍓",https://www.youtube.com/watch?v=ROa3kbG5M0U&lc=UgxwIjE2t18Yrut2icZ4AaABAg,UgxwIjE2t18Yrut2icZ4AaABAg,UCJ8gw3BSS_9BNm6KDY9I-ng,"Fetched 05/23/2026, 9:00:03 PM GMT+8"
35206,@JonnerGuilod-ye5rs,2 weeks ago,Magandang Gabi po! / Watching po mula sa Lokal ng Baguio City! /  / Shout out po sa / Pinakamasipag at Pinakamabait naming Katuwang sa Kapisanang Pansambahayan ng Distrito ng Benguet Ka. John Felix Dungan! /  / Let's go Benguet! 🍓🍓🍓,https://www.youtube.com/watch?v=ROa3kbG5M0U&lc=UgyiFQo4_ro-sDSQ2mR4AaABAg,UgyiFQo4_ro-sDSQ2mR4AaABAg,UCqAZvKcFKWAYBEWjNAhZEZw,"Fetched 05/23/2026, 9:00:03 PM GMT+8"
35207,@clarissarb8511,2 weeks ago,"Pagbati po mula sa Lokal ng Norcar, Distrito ng Benguet😊",https://www.youtube.com/watch?v=ROa3kbG5M0U&lc=Ugx9JtD34GnZpIkd2xh4AaABAg,Ugx9JtD34GnZpIkd2xh4AaABAg,UCpN6a1Fq8y1AvfqQg7kBgdw,"Fetched 05/23/2026, 9:00:03 PM GMT+8"
35208,@johnreylucio8970,2 weeks ago,"Happy Viewing to all,, Good Evening, From Lokal ng La Trinidad🥦🐑🍓",https://www.youtube.com/watch?v=ROa3kbG5M0U&lc=UgxAkqVdfmpRzkmeAKp4AaABAg,UgxAkqVdfmpRzkmeAKp4AaABAg,UCNMupRD4ySrN336KZpy29OA,"Fetched 05/23/2026, 9:00:03 PM GMT+8"
35209,@MCHAD-b2s,2 weeks ago,Pagbati po mula sa Lokal ng Norcar. Happy viewing at magandang gabi po sa ating lahat,https://www.youtube.com/watch?v=ROa3kbG5M0U&lc=UgyfdUtmjBYcVOCyinZ4AaABAg,UgyfdUtmjBYcVOCyinZ4AaABAg,UCPkRRDeKOT76aizPsMC4_qA,"Fetched 05/23/2026, 9:00:03 PM GMT+8"
35210,@clarissarb8511,2 weeks ago,"Pagbati po mula sa Lokal ng Norcar, Distrito ng Benguet😊",https://www.youtube.com/watch?v=ROa3kbG5M0U&lc=UgzGNZa57TIBEFBUADd4AaABAg,UgzGNZa57TIBEFBUADd4AaABAg,UCpN6a1Fq8y1AvfqQg7kBgdw,"Fetched 05/23/2026, 9:00:03 PM GMT+8"
35211,@mariloujucar3208,2 weeks ago,"Gandang gabi po... Happy viewing po mula s Lokal NG Taloy SUR, Distrito ng Benguet...",https://www.youtube.com/watch?v=ROa3kbG5M0U&lc=UgzUB_9fInouVxYfIYd4AaABAg,UgzUB_9fInouVxYfIYd4AaABAg,UCMbn31xrNEnulUG5fdpH82w,"Fetched 05/23/2026, 9:00:03 PM GMT+8"
35212,@abegaillacangan5453,2 weeks ago,Happy viewing po Mula sa lokal Ng norcar distrito Ng benguet ❤❤,https://www.youtube.com/watch?v=ROa3kbG5M0U&lc=UgyCCMBn80k7grnWwqp4AaABAg,UgyCCMBn80k7grnWwqp4AaABAg,UCByUzcMNN3HySJuVGoiOR9w,"Fetched 05/23/2026, 9:00:03 PM GMT+8"
35213,@godoybenidictjohn7654,2 weeks ago,"Happy Viewing po from lokal ng Norcar, Benguet😊😊😊❤",https://www.youtube.com/watch?v=ROa3kbG5M0U&lc=Ugy_mxG7EQL_uOs4KMl4AaABAg,Ugy_mxG7EQL_uOs4KMl4AaABAg,UCB42ziNyHQV4YV2qJwFrUiQ,"Fetched 05/23/2026, 9:00:03 PM GMT+8"
35214,@pheobegrace6093,2 weeks ago,"Pagbati po mula sa mga Kalihim at Registry Clerks mula sa Lokal Ng Quezon Hill, Distrito ng Benguet",https://www.youtube.com/watch?v=ROa3kbG5M0U&lc=Ugx4-7SoR7cf29iHvGx4AaABAg,Ugx4-7SoR7cf29iHvGx4AaABAg,UCy8CoWHMsd4pO7wvD9D_9Ng,"Fetched 05/23/2026, 9:00:03 PM GMT+8"
35215,@aznarepse_1914,2 weeks ago,Happy viewing to all the brethren across the Globe❤ /  / Greetings from the Locale Congregation of Norcar / District of Benguet❤🎉,https://www.youtube.com/watch?v=ROa3kbG5M0U&lc=UgyowRFG1tI-dbmvX_B4AaABAg,UgyowRFG1tI-dbmvX_B4AaABAg,UCR-g9wIE9iD30T2qgFGQL_Q,"Fetched 05/23/2026, 9:00:03 PM GMT+8"
35216,@jackeeeinc6527,2 weeks ago,Good evening po! Happy viewing! Greetings from the Locale congregation of Norcar! ❤️🇮🇹,https://www.youtube.com/watch?v=ROa3kbG5M0U&lc=UgzaERdNSSxLqGa0Scd4AaABAg,UgzaERdNSSxLqGa0Scd4AaABAg,UCIZMiqFewY6TnwNOUtbYa2A,"Fetched 05/23/2026, 9:00:03 PM GMT+8"
35217,@FrederickCorpuz-em4dm,2 weeks ago,Salute kaming scan local ng buyagan.. mabuhay ang distrito ng Benguet,https://www.youtube.com/watch?v=ROa3kbG5M0U&lc=UgzBJ8NBHRrs_7OxJpN4AaABAg,UgzBJ8NBHRrs_7OxJpN4AaABAg,UCA35GiLSKDBTSkbJ4GkEPqA,"Fetched 05/23/2026, 9:00:03 PM GMT+8"
35218,@TinePelayo,2 weeks ago,"Happy Viewing po mga mahal na kapatid. Salamat po sainyo! Mula po sa lokal ng Camp 6, Distrito ng Benguet. Mula din po sa mga maytungkulin sa PNK at KADIWA.",https://www.youtube.com/watch?v=ROa3kbG5M0U&lc=UgyxvsRz39ICq2B0Rrp4AaABAg,UgyxvsRz39ICq2B0Rrp4AaABAg,UCMPhqX_u0IYBtK4MIhnqFQw,"Fetched 05/23/2026, 9:00:03 PM GMT+8"
35219,@FrederickCorpuz-em4dm,2 weeks ago,Awesome,https://www.youtube.com/watch?v=ROa3kbG5M0U&lc=UgweGKc1PZ86xrxwchx4AaABAg,UgweGKc1PZ86xrxwchx4AaABAg,UCA35GiLSKDBTSkbJ4GkEPqA,"Fetched 05/23/2026, 9:00:03 PM GMT+8"
35220,@almazanrhyndylyn,2 weeks ago,Magandang magandang gabi po.  /  / Pagbati mula po sa mga may tungkulin ng Kadiwa sa Distrito at Lokal ng Norcar Distrito ng Benguet. /  / Go Benguet❤❤❤,https://www.youtube.com/watch?v=ROa3kbG5M0U&lc=UgwOKsTX9j4gCfkhi_94AaABAg,UgwOKsTX9j4gCfkhi_94AaABAg,UCEoQCNgytnJxjJnAQLSzFeA,"Fetched 05/23/2026, 9:00:03 PM GMT+8"
35221,@JoshbactaoUllah,2 weeks ago,Mula po sa lokal ng buyagan happy viewing po,https://www.youtube.com/watch?v=ROa3kbG5M0U&lc=UgzrGrU0Kkhba6_mYgR4AaABAg,UgzrGrU0Kkhba6_mYgR4AaABAg,UC7tKal8tJxgoG20ZSA1IevA,"Fetched 05/23/2026, 9:00:03 PM GMT+8"
35222,@FrancesArabelleCItaas,2 weeks ago,"Magandang gabi po! From Lokal ng La Trinidad, Distrito ng Benguet",https://www.youtube.com/watch?v=ROa3kbG5M0U&lc=UgzokTv2weLQkBtuwYp4AaABAg,UgzokTv2weLQkBtuwYp4AaABAg,UCllFzD1EqJQppBAKd2APDSw,"Fetched 05/23/2026, 9:00:03 PM GMT+8"
35223,@gwynethcayabyab5981,2 weeks ago,Magandang gabi po sa ating lahat happy viewing po /  / Greetings po sa mga kadiwa district officers ❤,https://www.youtube.com/watch?v=ROa3kbG5M0U&lc=Ugx64bu4yfxPL01Vw9d4AaABAg,Ugx64bu4yfxPL01Vw9d4AaABAg,UCouodNvhL1bfJC2Fz0B_Rcw,"Fetched 05/23/2026, 9:00:03 PM GMT+8"
35224,@tonycastro6678,2 weeks ago,Shout out po ka Bert local ng Baguio City,https://www.youtube.com/watch?v=ROa3kbG5M0U&lc=UgxK4f6UoupdL0WMi9h4AaABAg,UgxK4f6UoupdL0WMi9h4AaABAg,UCDMkEtVeXE5saqrnXHufSPg,"Fetched 05/23/2026, 9:00:03 PM GMT+8"
35225,@luibustamante9493,2 weeks ago,Happy viewing po sa lahat. Lakas ng Benguet 💪💪💪 /  / Shoutout sa Lahat ng Kadiwa District Officers at sa ever supportive at matikas nating KSKP Ka John Felix Dungan at kanyang sambahayan. Hello po Ka Mariel 🤗🤗 /  / Mula po sa KDO ng Tuba Benguet 🤗🤗🤗,https://www.youtube.com/watch?v=ROa3kbG5M0U&lc=UgwqYhSyVCUTcrOAjuZ4AaABAg,UgwqYhSyVCUTcrOAjuZ4AaABAg,UCFAmrhDmv6rvZrQoYp-IS9w,"Fetched 05/23/2026, 9:00:03 PM GMT+8"
35226,@KaJaz-r3n,2 weeks ago,LET'S GO BENGUEEET! Binabati ko po lahat ng mga Kapatid! HAPPY VIEWING PO🎉,https://www.youtube.com/watch?v=ROa3kbG5M0U&lc=UgxbB0BUdQtaqysvFrN4AaABAg,UgxbB0BUdQtaqysvFrN4AaABAg,UC4BTg4L19kJ77hFPPBce71g,"Fetched 05/23/2026, 9:00:03 PM GMT+8"
35227,@Julskie28,2 weeks ago,"Magandang gabi po sa ating lahat! /  / Happy viewing po sa ating lahat lalo na sa mga kadiwa! /  / Mula po sa Lokal ng Guisad, Distrito ng Benguet ❤🎉 /  / Let's Go Benguet 🎉",https://www.youtube.com/watch?v=ROa3kbG5M0U&lc=Ugwo6QhqC1WXzSRzBqZ4AaABAg,Ugwo6QhqC1WXzSRzBqZ4AaABAg,UC1nz0UiWHV8lyoQdZtJejeg,"Fetched 05/23/2026, 9:00:03 PM GMT+8"
35228,@jonieyonga-an5239,2 weeks ago,Pagbati pooo Mula sa Lokal Ng Norcar Distrito Ng Benguet 🎉🎉 / Hello Po sa mga Kadiwa District Officers 🎉,https://www.youtube.com/watch?v=ROa3kbG5M0U&lc=Ugxqv4ZRkRmlwKIrcAx4AaABAg,Ugxqv4ZRkRmlwKIrcAx4AaABAg,UCgUo3JP_Fffuctza4bUumJg,"Fetched 05/23/2026, 9:00:03 PM GMT+8"
35229,@jilliansamchao,2 weeks ago,"Happy Viewing po mga Kapatid, Binabati ko din po ang Ka Rovell Nogoy at Ka Alona Nogoy. /  / Mula po sa Lokal ng HILLSIDE",https://www.youtube.com/watch?v=ROa3kbG5M0U&lc=UgyUJyrtdqOsw98m8DZ4AaABAg,UgyUJyrtdqOsw98m8DZ4AaABAg,UCRnvVcjVsXveWDHJS-10OWg,"Fetched 05/23/2026, 9:00:03 PM GMT+8"
35230,@jamaicagonzaga7887,2 weeks ago,"Happy Viewing, Pagbati mula po sa Loakan Airport 🥰🥰🥰.",https://www.youtube.com/watch?v=ROa3kbG5M0U&lc=Ugwypn4H2sJkv-v6wpV4AaABAg,Ugwypn4H2sJkv-v6wpV4AaABAg,UCokH9nOJc6k74T1j9wAuSSQ,"Fetched 05/23/2026, 9:00:03 PM GMT+8"
35231,@shafftdeguzman962,2 weeks ago,Binabati po namin ang Poging DRC ng Benguet Ka Rovell Nogoy👋🏼🥳,https://www.youtube.com/watch?v=ROa3kbG5M0U&lc=UgzRyN8Ft-VpexvnUuV4AaABAg,UgzRyN8Ft-VpexvnUuV4AaABAg,UCCloNO6Hsgkd-e_gsv8oBcg,"Fetched 05/23/2026, 9:00:03 PM GMT+8"
35232,@alonalaud1173,2 weeks ago,Mala-Hapi ang Buhay ang production 🎉 congratulations po 🎉,https://www.youtube.com/watch?v=ROa3kbG5M0U&lc=UgzVEPYAlmg1Q_YTTJF4AaABAg,UgzVEPYAlmg1Q_YTTJF4AaABAg,UCsSz5ZUi1cU4uz9oq5Gq4HQ,"Fetched 05/23/2026, 9:00:03 PM GMT+8"
35233,@luibustamante9493,2 weeks ago,Good evening po sa lahat ng mga Maytungkulin sa Kapisanang Kadiwa at mga Mang-aawit.  /  /  / Binabati po namin ang very supportive po naming Tagapangasiwa Ka Ardy Mendoza at sa aming Pangalawang Tagapangasiwa Ka Ian Manalata.  /  / Pagbati po mula sa Lokal ng Tuba Distrito ng Benguet,https://www.youtube.com/watch?v=ROa3kbG5M0U&lc=UgxZYH4cQYHeaZqWySt4AaABAg,UgxZYH4cQYHeaZqWySt4AaABAg,UCFAmrhDmv6rvZrQoYp-IS9w,"Fetched 05/23/2026, 9:00:03 PM GMT+8"
35234,@jilliansamchao,2 weeks ago,"Binabati ko po lahat ng mga KADIWA sa Distrito ng BENGUET, mula po sa Lokal ng HILLSIDE",https://www.youtube.com/watch?v=ROa3kbG5M0U&lc=Ugy5mhcUU2EoPKPEzwp4AaABAg,Ugy5mhcUU2EoPKPEzwp4AaABAg,UCRnvVcjVsXveWDHJS-10OWg,"Fetched 05/23/2026, 9:00:03 PM GMT+8"
35235,@jilliansamchao,2 weeks ago,"Binabati ko po lahat ng mga KADIWA sa lokal ng HILLSIDE, Distrito ng BENGUET",https://www.youtube.com/watch?v=ROa3kbG5M0U&lc=Ugzsv-KOUcreC526tkx4AaABAg,Ugzsv-KOUcreC526tkx4AaABAg,UCRnvVcjVsXveWDHJS-10OWg,"Fetched 05/23/2026, 9:00:03 PM GMT+8"
35236,@kristine7303,2 weeks ago,"Happy viewing po sa lahat! Pagbati mula po sa Kadiwa Distrtic Officer ng Benguet! 💙 / Shoutout po sa aming napaka-poging KSKP, Ka John Felix Dungan 💪🏻💪🏻",https://www.youtube.com/watch?v=ROa3kbG5M0U&lc=UgwaLMQs9hnd6Nk6Pxp4AaABAg,UgwaLMQs9hnd6Nk6Pxp4AaABAg,UCJnlqat5vcPuV6GiDugaBnA,"Fetched 05/23/2026, 9:00:03 PM GMT+8"
35237,@RavenSolanoy,2 weeks ago,"Happyyyy Viewing po mga kapatid! ❤️ watching po from District of Benguet, Locale of Camp 7-Twin Peaks GWS.🥰",https://www.youtube.com/watch?v=ROa3kbG5M0U&lc=UgwNIENAH34ueryGR-14AaABAg,UgwNIENAH34ueryGR-14AaABAg,UCmW50mE4puVOTBrjA87FJZQ,"Fetched 05/23/2026, 9:00:03 PM GMT+8"
35238,@aulsenplays7478,2 weeks ago,Happy viewing po sa lahat binabati po namin from KDO benguet ang aming tagapangasiwa ng distrito na si ka Ardy Mendoza at ang aming II tagapangasiwa na si ka Ian Manalata pati rin po ang aming KSKP na si ka John Felix Dungan at pati narin po sa mga kasama ko sa lokal ng Megaroyale Village,https://www.youtube.com/watch?v=ROa3kbG5M0U&lc=UgyhXR7oBvcQ1FdkqWN4AaABAg,UgyhXR7oBvcQ1FdkqWN4AaABAg,UC0q4h4afOdRctXCQdqEo_ZQ,"Fetched 05/23/2026, 9:00:03 PM GMT+8"
35239,@EdsonAvejero,2 weeks ago,Happy Viewing po sa lahat ng  mga kapatid sa buong mundo binabati ko po ang   Aming mahal na distinado Ka Jhon Alvin Capulong.,https://www.youtube.com/watch?v=ROa3kbG5M0U&lc=Ugx5mO_rkEXj1Tr7HlV4AaABAg,Ugx5mO_rkEXj1Tr7HlV4AaABAg,UCB7n0RbygknOlXf4SRQQSYA,"Fetched 05/23/2026, 9:00:03 PM GMT+8"
35240,@shafftdeguzman962,2 weeks ago,Happy viewing po mula sa Lokal ng Hillside! Shoutout po sa Pangulong Kalihim namin Ka Ruth na nag-oopisina sa oras po na ito😊,https://www.youtube.com/watch?v=ROa3kbG5M0U&lc=UgyV9dDmx59BErO0kYF4AaABAg,UgyV9dDmx59BErO0kYF4AaABAg,UCCloNO6Hsgkd-e_gsv8oBcg,"Fetched 05/23/2026, 9:00:03 PM GMT+8"
35241,@amynerona,2 weeks ago,Happy viewing po❤ /  from Lokal ng Hillside 💚🤍❤ /  Distrito ng Benguet 🇮🇹,https://www.youtube.com/watch?v=ROa3kbG5M0U&lc=UgzqMly7DVWt4tEjRFF4AaABAg,UgzqMly7DVWt4tEjRFF4AaABAg,UCLoEKKoP2cwE-0hPBHSSgtg,"Fetched 05/23/2026, 9:00:03 PM GMT+8"
35242,@shafftdeguzman962,2 weeks ago (edited),Happy viewing po sa mga Kapatid sa Lokal ng Hillside na kakatapos lang maglandscaping😊,https://www.youtube.com/watch?v=ROa3kbG5M0U&lc=UgxxbHqEn79O0ZfIynB4AaABAg,UgxxbHqEn79O0ZfIynB4AaABAg,UCCloNO6Hsgkd-e_gsv8oBcg,"Fetched 05/23/2026, 9:00:03 PM GMT+8"
35243,@Wilbertpaulino-nb8fm,2 weeks ago,Happy viewing po binabati kopo ung taga camp 7🤭 from Locale of Hillside District of Benguet 🇮🇹❤️,https://www.youtube.com/watch?v=ROa3kbG5M0U&lc=UgzrVeNiBKuB5NAMcH94AaABAg,UgzrVeNiBKuB5NAMcH94AaABAg,UCWBtQHrKMlD_eK3wi-wWTlQ,"Fetched 05/23/2026, 9:00:03 PM GMT+8"
35244,@HannahMikaSido,2 weeks ago,"Maligayang panonood po mga kapatid, maligayang bati po sa Lokal ng Hillside Distrito po ng Benguet!",https://www.youtube.com/watch?v=ROa3kbG5M0U&lc=UgwsdNrAjSHvXxlFb2Z4AaABAg,UgwsdNrAjSHvXxlFb2Z4AaABAg,UCyGmNyKiKOpQjJBpGdSEwsg,"Fetched 05/23/2026, 9:00:03 PM GMT+8"
35245,@VardenjamesDeGuzman,2 weeks ago,"Happy viewing po! From lokal ng Hillside, Distrito ng Benguet🇮🇹",https://www.youtube.com/watch?v=ROa3kbG5M0U&lc=UgymN6Jy87ERPzQ6EJx4AaABAg,UgymN6Jy87ERPzQ6EJx4AaABAg,UCfnROPikyYd3JkOsuG-zRWw,"Fetched 05/23/2026, 9:00:03 PM GMT+8"
35246,@VardenjamesDeGuzman,2 weeks ago,"Happy viewing po! From lokal ng Hillside, Distrito ng Benguet🇮🇹",https://www.youtube.com/watch?v=ROa3kbG5M0U&lc=Ugyoa-CELOPU0KBiI_N4AaABAg,Ugyoa-CELOPU0KBiI_N4AaABAg,UCfnROPikyYd3JkOsuG-zRWw,"Fetched 05/23/2026, 9:00:03 PM GMT+8"
35247,@VardenjamesDeGuzman,2 weeks ago,"Happy viewing po! From lokal ng Hillside, Distrito ng Benguet🇮🇹",https://www.youtube.com/watch?v=ROa3kbG5M0U&lc=UgycA6joFTKq5J-9S0t4AaABAg,UgycA6joFTKq5J-9S0t4AaABAg,UCfnROPikyYd3JkOsuG-zRWw,"Fetched 05/23/2026, 9:00:03 PM GMT+8"
35248,@VardenjamesDeGuzman,2 weeks ago,"Happy viewing po! From lokal ng Hillside, Distrito ng Benguet🇮🇹",https://www.youtube.com/watch?v=ROa3kbG5M0U&lc=Ugz9QBLTTWKO4Zkr_y14AaABAg,Ugz9QBLTTWKO4Zkr_y14AaABAg,UCfnROPikyYd3JkOsuG-zRWw,"Fetched 05/23/2026, 9:00:03 PM GMT+8"
35249,@VardenjamesDeGuzman,2 weeks ago,"Happy viewing po! From lokal ng Hillside, Distrito ng Benguet🇮🇹",https://www.youtube.com/watch?v=ROa3kbG5M0U&lc=Ugym2RhdZlq7SrHv-5N4AaABAg,Ugym2RhdZlq7SrHv-5N4AaABAg,UCfnROPikyYd3JkOsuG-zRWw,"Fetched 05/23/2026, 9:00:03 PM GMT+8"
35250,@miasy-RL,2 weeks ago,Binabati ko rin po ang maganda naming Pangulong Kadiwa Ka Jillian Samchao!!,https://www.youtube.com/watch?v=ROa3kbG5M0U&lc=Ugx7z6vH2AV2d06NAyl4AaABAg,Ugx7z6vH2AV2d06NAyl4AaABAg,UCE4qpM5SGKSbx589elFLOkw,"Fetched 05/23/2026, 9:00:03 PM GMT+8"
35251,@jeffreyjapson251,2 weeks ago,"❤❤❤ Blessed and happy viewing to all brethren! From Locale Congregation of Hillside, Ecclesiastical District of Benguet.",https://www.youtube.com/watch?v=ROa3kbG5M0U&lc=UgxDApiqZK5llOGGH9R4AaABAg,UgxDApiqZK5llOGGH9R4AaABAg,UCPlic24Ajro9hQFdXxfJIgQ,"Fetched 05/23/2026, 9:00:03 PM GMT+8"
35252,@HannahMikaSido,2 weeks ago,"Maligayang panonood po mga kapatid, maligayang bati po sa Lokal ng Hillside Distrito po ng Benguet!",https://www.youtube.com/watch?v=ROa3kbG5M0U&lc=UgzV_1q99d24oEZc5DZ4AaABAg,UgzV_1q99d24oEZc5DZ4AaABAg,UCyGmNyKiKOpQjJBpGdSEwsg,"Fetched 05/23/2026, 9:00:03 PM GMT+8"
35253,@kimberlyroseforteza6690,2 weeks ago,"Happy Viewing po! Mula po sa Lokal ng Hillside, Distrito ng Benguet 😊❤",https://www.youtube.com/watch?v=ROa3kbG5M0U&lc=UgzBB9ge-fy4Ss2tO754AaABAg,UgzBB9ge-fy4Ss2tO754AaABAg,UCUEC3rCfLlijXl518wy26lg,"Fetched 05/23/2026, 9:00:03 PM GMT+8"
35254,@melissavaldez25,2 weeks ago,"Happy viewing po mga kapatid.Pagbati po mula sa Lokal ng Hillside, Distrito ng Benguet.",https://www.youtube.com/watch?v=ROa3kbG5M0U&lc=UgxBYRX2jeaOagx2NxN4AaABAg,UgxBYRX2jeaOagx2NxN4AaABAg,UC1eC2xOks9F80dDzFmLTQ3Q,"Fetched 05/23/2026, 9:00:03 PM GMT+8"
35255,@AriesAbalos-rb7kq,2 weeks ago,Happy Viewing po mula po sa Lokal ng Hillside Distrito ng benguet at sa pinaka gwapong Pangulong mang aawit po sa lokal.,https://www.youtube.com/watch?v=ROa3kbG5M0U&lc=Ugxsp1gZue23rVs5j754AaABAg,Ugxsp1gZue23rVs5j754AaABAg,UC338zB93t23RNSI8C-HI5hw,"Fetched 05/23/2026, 9:00:03 PM GMT+8"
35256,@AriesAbalos-rb7kq,2 weeks ago,Happy Viewing po mula po sa Lokal ng Hillside Distrito ng benguet at sa pinaka gwapong Pangulong mang aawit po sa lokal.,https://www.youtube.com/watch?v=ROa3kbG5M0U&lc=UgziTczERnKL2Y_mgid4AaABAg,UgziTczERnKL2Y_mgid4AaABAg,UC338zB93t23RNSI8C-HI5hw,"Fetched 05/23/2026, 9:00:03 PM GMT+8"
35257,@shafftdeguzman962,2 weeks ago,Shoutout din po sa Pangulong Mang-aawit  sa Lokal ng Hillside! Ka Elnar👋🏼,https://www.youtube.com/watch?v=ROa3kbG5M0U&lc=UgxSTGrpE_S1rXFtR454AaABAg,UgxSTGrpE_S1rXFtR454AaABAg,UCCloNO6Hsgkd-e_gsv8oBcg,"Fetched 05/23/2026, 9:00:03 PM GMT+8"
35258,@ernestovaldez-s3b,2 weeks ago,Happy viewing binabati kopo si kapatid na Jeff❤,https://www.youtube.com/watch?v=ROa3kbG5M0U&lc=UgxwXeg49ZhsuRbrHmt4AaABAg,UgxwXeg49ZhsuRbrHmt4AaABAg,UCJ9TeKl-glRPptCKIKGKk7Q,"Fetched 05/23/2026, 9:00:03 PM GMT+8"
35259,@wilfredpaulino918,2 weeks ago,"Happy viewing po mula sa lokal ng Hillside, Distrito ng Benguet",https://www.youtube.com/watch?v=ROa3kbG5M0U&lc=UgyZfntcxj0o2pyj5Al4AaABAg,UgyZfntcxj0o2pyj5Al4AaABAg,UCSSli_6JObLOHAdGcvQlgsA,"Fetched 05/23/2026, 9:00:03 PM GMT+8"
35260,@DwyaneUrix,2 weeks ago,Happy viewing Po lokal Ng hillside po distrito Ng benget Po ❤,https://www.youtube.com/watch?v=ROa3kbG5M0U&lc=UgxxiWZhK5V8yEqiA6x4AaABAg,UgxxiWZhK5V8yEqiA6x4AaABAg,UC43hjWcL9N-Hd2D-3pyoXDw,"Fetched 05/23/2026, 9:00:03 PM GMT+8"
35261,@miasy-RL,2 weeks ago,"Happy viewing po, Mula sa Lokal ng Hillside Distrito ng Benguet🫶🏻",https://www.youtube.com/watch?v=ROa3kbG5M0U&lc=UgwNZHBktjSaz5jOcmJ4AaABAg,UgwNZHBktjSaz5jOcmJ4AaABAg,UCE4qpM5SGKSbx589elFLOkw,"Fetched 05/23/2026, 9:00:03 PM GMT+8"
35262,@Wilbertpaulino-nb8fm,2 weeks ago,Happy viewing po from Locale of Hillside District of Benguet🇮🇹❤️❤️❤️,https://www.youtube.com/watch?v=ROa3kbG5M0U&lc=UgwuXJ8Vuv4-FDW0EZ54AaABAg,UgwuXJ8Vuv4-FDW0EZ54AaABAg,UCWBtQHrKMlD_eK3wi-wWTlQ,"Fetched 05/23/2026, 9:00:03 PM GMT+8"
35263,@melissavaldez25,2 weeks ago,"Happy viewing po mga kapatid.Pagbati po mula sa Lokal ng Hillside, Distrito ng Benguet.",https://www.youtube.com/watch?v=ROa3kbG5M0U&lc=UgwKYZ-iKACT5nwRoJN4AaABAg,UgwKYZ-iKACT5nwRoJN4AaABAg,UC1eC2xOks9F80dDzFmLTQ3Q,"Fetched 05/23/2026, 9:00:03 PM GMT+8"
35264,@henrycaranto2644,2 weeks ago,Binabati po namin ang masipag naming BINHI District President Ate Lhexie at mga Binhi DO ng Benguet 🎉🎉❤ /  / From KDO Benguet ❤❤,https://www.youtube.com/watch?v=ROa3kbG5M0U&lc=UgxjcJfdjre8dUIRrht4AaABAg,UgxjcJfdjre8dUIRrht4AaABAg,UCFilTOy22FklSkBIgwVPVaQ,"Fetched 05/23/2026, 9:00:03 PM GMT+8"
35265,@YU-fg6qk,2 weeks ago,Happy viewing po! mula sa Lokal ng Hillside Distrito ng Benguet!,https://www.youtube.com/watch?v=ROa3kbG5M0U&lc=Ugz9GNSigX6IMEWRwjt4AaABAg,Ugz9GNSigX6IMEWRwjt4AaABAg,UCKzIYGwm8vG5CswcOQLyGlA,"Fetched 05/23/2026, 9:00:03 PM GMT+8"
35266,@jespherramos3144,2 weeks ago,Pagbatia po mula sa Lokal ng Hillside!!,https://www.youtube.com/watch?v=ROa3kbG5M0U&lc=UgxVZWpnrzqVAfXpVKN4AaABAg,UgxVZWpnrzqVAfXpVKN4AaABAg,UCdIr9DDFs9yLOxxOgDtrFyA,"Fetched 05/23/2026, 9:00:03 PM GMT+8"
35267,@YU-fg6qk,2 weeks ago,Happy viewing po! mula sa Lokal ng Hillside Distrito ng Benguet!,https://www.youtube.com/watch?v=ROa3kbG5M0U&lc=UgzlULX7iTA38kaAtDN4AaABAg,UgzlULX7iTA38kaAtDN4AaABAg,UCKzIYGwm8vG5CswcOQLyGlA,"Fetched 05/23/2026, 9:00:03 PM GMT+8"
35268,@mariaceciliaforteza6971,2 weeks ago,Happy Viewing po mula po sa Lokal ng Hillside Distrito po ng Benguet,https://www.youtube.com/watch?v=ROa3kbG5M0U&lc=Ugz5eOyWmadptJDFEel4AaABAg,Ugz5eOyWmadptJDFEel4AaABAg,UCHphHiOJmRF_bpL-tZ3lCSA,"Fetched 05/23/2026, 9:00:03 PM GMT+8"
35269,@YU-fg6qk,2 weeks ago,Happy viewing po! mula sa Lokal ng Hillside Distrito ng Benguet!,https://www.youtube.com/watch?v=ROa3kbG5M0U&lc=UgxEECO0I67ebF2q21N4AaABAg,UgxEECO0I67ebF2q21N4AaABAg,UCKzIYGwm8vG5CswcOQLyGlA,"Fetched 05/23/2026, 9:00:03 PM GMT+8"
35270,@HannahMikaSido,2 weeks ago,"Happy viewings po! Greeting po mula sa Lokal ng Hillside, Distrito ng Benguet!!",https://www.youtube.com/watch?v=ROa3kbG5M0U&lc=UgwedgxfZc24xWTtcaV4AaABAg,UgwedgxfZc24xWTtcaV4AaABAg,UCyGmNyKiKOpQjJBpGdSEwsg,"Fetched 05/23/2026, 9:00:03 PM GMT+8"
35271,@shafftdeguzman962,2 weeks ago,Binabati ko din po ang Pangulong Kadiwa ng Lokal ng Hillside Ka Jillian Samchao❤ Napakasigla po nyan🎉🎉,https://www.youtube.com/watch?v=ROa3kbG5M0U&lc=UgzxRIw2gH6Jn9LS5314AaABAg,UgzxRIw2gH6Jn9LS5314AaABAg,UCCloNO6Hsgkd-e_gsv8oBcg,"Fetched 05/23/2026, 9:00:03 PM GMT+8"
35272,@Wilbertpaulino-nb8fm,2 weeks ago,Happy viewing po binabati kopo ang aming mahal na Destinado Ka Alvin from Locale of Hillside District of Benguet!🇮🇹,https://www.youtube.com/watch?v=ROa3kbG5M0U&lc=UgwsWGugAumVbEPztVx4AaABAg,UgwsWGugAumVbEPztVx4AaABAg,UCWBtQHrKMlD_eK3wi-wWTlQ,"Fetched 05/23/2026, 9:00:03 PM GMT+8"
35273,@YU-fg6qk,2 weeks ago,Happy viewing po! mula sa Lokal ng Hillside Distrito ng Benguet!,https://www.youtube.com/watch?v=ROa3kbG5M0U&lc=Ugyxhrfhyt0A-a_CQ414AaABAg,Ugyxhrfhyt0A-a_CQ414AaABAg,UCKzIYGwm8vG5CswcOQLyGlA,"Fetched 05/23/2026, 9:00:03 PM GMT+8"
35274,@AriesAbalos-rb7kq,2 weeks ago,Happy viewing po mula po sa Lokal lokal ng Hillside Distrito ng benguet ❤️ .,https://www.youtube.com/watch?v=ROa3kbG5M0U&lc=UgwL48gcG4w6jGbYCs14AaABAg,UgwL48gcG4w6jGbYCs14AaABAg,UC338zB93t23RNSI8C-HI5hw,"Fetched 05/23/2026, 9:00:03 PM GMT+8"
35275,@jespherramos3144,2 weeks ago,Happy viewing po from Lokal ng Hillside!,https://www.youtube.com/watch?v=ROa3kbG5M0U&lc=UgzSXNz1cIfoNUa8Zsh4AaABAg,UgzSXNz1cIfoNUa8Zsh4AaABAg,UCdIr9DDFs9yLOxxOgDtrFyA,"Fetched 05/23/2026, 9:00:03 PM GMT+8"
35276,@shafftdeguzman962,2 weeks ago,Binabati ko po lahat ng Kadiwa sa Lokal na Hillside🎉❤,https://www.youtube.com/watch?v=ROa3kbG5M0U&lc=UgwZf0mbWFC4trQ8x9R4AaABAg,UgwZf0mbWFC4trQ8x9R4AaABAg,UCCloNO6Hsgkd-e_gsv8oBcg,"Fetched 05/23/2026, 9:00:03 PM GMT+8"
35277,@Takoshenchie,2 weeks ago,Big shoutout po sa aming napakapoging KSKP Ka John Felix at sa aming magiting at magandang lalaking Pangulong Kadiwa ng Distrito ng Benguet Ka Henry Caranto /  / ~Guisad Kadiwa and PNK officers,https://www.youtube.com/watch?v=ROa3kbG5M0U&lc=UgwYTnLvD1XxZA_5Q6V4AaABAg,UgwYTnLvD1XxZA_5Q6V4AaABAg,UCKL_3QOCN0VtAPkwus5A6Gw,"Fetched 05/23/2026, 9:00:03 PM GMT+8"
35278,@henrycaranto2644,2 weeks ago,"Grabeee kana Benguet!!LSS na to❤❤ /  / Binabati po namin ang Aming supportive na Tagapangasiwa Ka Ardy Mendoza , pati po ang aming II Tagapangasiwa ka Ian Manalata❤😊 /  / Ganun din po sa aming Masipag AT supportive na KSKP Ka John Felix Dungan 🎉 /  / Mula po sa lahat ng Benguet District at Locale KADIWA Officers🍓🍓 /  / From Lokal ng Baguio City❤",https://www.youtube.com/watch?v=ROa3kbG5M0U&lc=UgyCTFy0mpY07xBz5H54AaABAg,UgyCTFy0mpY07xBz5H54AaABAg,UCFilTOy22FklSkBIgwVPVaQ,"Fetched 05/23/2026, 9:00:03 PM GMT+8"
35279,@JonnerGuilod-ye5rs,2 weeks ago,Magandang Gabi po! Happy Watching po mula sa Lokal ng Baguio City! /  / Binabati po naming mga Binhi District Officers ang pinakamasipag na Pangulong Binhi ng Distrito ng Benguet ang Sis. Lhexie Lynn Z. Tindo!,https://www.youtube.com/watch?v=ROa3kbG5M0U&lc=UgzjY-JPBOyf6L7_dEp4AaABAg,UgzjY-JPBOyf6L7_dEp4AaABAg,UCqAZvKcFKWAYBEWjNAhZEZw,"Fetched 05/23/2026, 9:00:03 PM GMT+8"
35280,@ZosimaSaley-m2n,2 weeks ago,"Happy viewing po mga kapatid! Mula sa Lokal ng Kapangan, Bolinsak GWS",https://www.youtube.com/watch?v=ROa3kbG5M0U&lc=Ugx80Sm_ZKX23fIaHz94AaABAg,Ugx80Sm_ZKX23fIaHz94AaABAg,UCNpXml0nxy8U5FHplvYO0Lg,"Fetched 05/23/2026, 9:00:03 PM GMT+8"
35281,@elleinehz,2 weeks ago,"Maligayang panonood mula sa Lokal ng Kapangan, Distrito ng Benguet!",https://www.youtube.com/watch?v=ROa3kbG5M0U&lc=Ugzr9qZsJ9CQ5NwCYFZ4AaABAg,Ugzr9qZsJ9CQ5NwCYFZ4AaABAg,UCYswZPer6VDlrQHiWHmMpnw,"Fetched 05/23/2026, 9:00:03 PM GMT+8"
35282,@henrycaranto2644,2 weeks ago,On Fire ang Support ng Aming KADIWA ELC- Chairperson kuya Yancyyy🎉❤️❤️,https://www.youtube.com/watch?v=ROa3kbG5M0U&lc=UgwYTnLvD1XxZA_5Q6V4AaABAg.AWYRD1wo4dlAWYRbK2chnB,UgwYTnLvD1XxZA_5Q6V4AaABAg.AWYRD1wo4dlAWYRbK2chnB,UCFilTOy22FklSkBIgwVPVaQ,"Fetched 05/23/2026, 9:00:03 PM GMT+8"
35283,@AhlivienBohol,2 weeks ago,Happy viewing po mga kapatid pagbati po mula sa Lokal ng Baguio City❤,https://www.youtube.com/watch?v=ROa3kbG5M0U&lc=Ugzy2Pjhu2q7D7LJh2B4AaABAg,Ugzy2Pjhu2q7D7LJh2B4AaABAg,UCRev6fWBQis-wPLaaRpVyiw,"Fetched 05/23/2026, 9:00:03 PM GMT+8"
35284,@rosebrykhiankhyle434,2 weeks ago,happy viewing po / mula sa lokal ng camp8 / distrito ng benguet / ingat po ang lahat....❤❤❤,https://www.youtube.com/watch?v=ROa3kbG5M0U&lc=Ugx9X1wdEXhsgOAPpv54AaABAg,Ugx9X1wdEXhsgOAPpv54AaABAg,UCXHpejHfyhl9SZOe8bI9pzA,"Fetched 05/23/2026, 9:00:03 PM GMT+8"
35285,@elenamercado703,2 weeks ago,Go! Go! Benguet  Mula po sa lokal ng Baguio City . Kumusta po sa  Lokal ng UAQ at AJMAN Distrito ng UAE North❤❤❤,https://www.youtube.com/watch?v=ROa3kbG5M0U&lc=UgwosSL5rikANgHL7U14AaABAg,UgwosSL5rikANgHL7U14AaABAg,UCNozFZrWKHQlsgIMWyFmFIA,"Fetched 05/23/2026, 9:00:03 PM GMT+8"
35286,@danielsangalang4416,2 weeks ago,Maligayang panonood po sa lahat ng mga kapatid sa buong mundo maging sa mga nasa kapisanang KADIWA mula po sa Lokal Ng Baguio City Ditsrito Ng Benguet 🇮🇹,https://www.youtube.com/watch?v=ROa3kbG5M0U&lc=UgxPHC3GOaUWpUpQOUx4AaABAg,UgxPHC3GOaUWpUpQOUx4AaABAg,UCd83g5cGg_Es6Qyl02u7jdw,"Fetched 05/23/2026, 9:00:03 PM GMT+8"
35287,@Julskie28,2 weeks ago,"Hello po ulit sa ating lahat! Lalo na po sa lahat ng mga Kadiwa jan! /  / Mula po sa Lokal ng Guisad, Distrito ng Benguet ❤ /  / Let's Go Benguet 🍓 🎉",https://www.youtube.com/watch?v=ROa3kbG5M0U&lc=UgyWo7eiuJAJ1MRapU94AaABAg,UgyWo7eiuJAJ1MRapU94AaABAg,UC1nz0UiWHV8lyoQdZtJejeg,"Fetched 05/23/2026, 9:00:03 PM GMT+8"
35288,@gladysabad8665,2 weeks ago,Mula sa lokal ng CAMP8 happy viewing po... /  / Shout out sa ABAD familu po,https://www.youtube.com/watch?v=ROa3kbG5M0U&lc=UgyWFvnCMWYMUBaIRqN4AaABAg,UgyWFvnCMWYMUBaIRqN4AaABAg,UCp31Lwos5f6VPnIY9zaFbRA,"Fetched 05/23/2026, 9:00:03 PM GMT+8"
35289,@mernelantonio776,2 weeks ago,"I know it's hard now, but I swear it gets better 🥰🥰🥰  / For God's Love we can do it💚🤍❤️.. Lokal ng Camp 6",https://www.youtube.com/watch?v=ROa3kbG5M0U&lc=Ugz5fchbYR9t0bsyJ1Z4AaABAg,Ugz5fchbYR9t0bsyJ1Z4AaABAg,UCuvU9-9a12fDWd5vOsCsjQA,"Fetched 05/23/2026, 9:00:03 PM GMT+8"
35290,@CristyOlario,2 weeks ago,"Lokal ng City Camp, Distrito ng Benguet / Binabati din po namin ang aming mahal na  Destinado ang ka Alfeo Tadifa po. Happy Viewing po 💚🤍❤️",https://www.youtube.com/watch?v=ROa3kbG5M0U&lc=UgzrS4ufZoIpRyR_3Ax4AaABAg,UgzrS4ufZoIpRyR_3Ax4AaABAg,UCR3KGRCfP0duLczBo1zAfpA,"Fetched 05/23/2026, 9:00:03 PM GMT+8"
35291,@saffrhina,2 weeks ago,"Happy viewing po mula po sa Lokal ng City Camp, Benguet! 🤍",https://www.youtube.com/watch?v=ROa3kbG5M0U&lc=Ugz1n7si3qrPR7znsBR4AaABAg,Ugz1n7si3qrPR7znsBR4AaABAg,UCeRzv2ekj_d1qGg0CFXNlGw,"Fetched 05/23/2026, 9:00:03 PM GMT+8"
35292,@RichAnneAAncheta-r3o,2 weeks ago,"Happy Viewing po mula sa Lokal ng City Camp, Benguet 💙💙💙",https://www.youtube.com/watch?v=ROa3kbG5M0U&lc=Ugwv5aNGzO-eNnW4L-R4AaABAg,Ugwv5aNGzO-eNnW4L-R4AaABAg,UCMrgP6PgHlhpFgqUiV6QwVQ,"Fetched 05/23/2026, 9:00:03 PM GMT+8"
35293,@rolinabautista1668,2 weeks ago,Huwag po nating pagsawaang panoorin ang sariling atin..Hapoy watching po ..greetings po mula sa lokal ng Citycamp Distrito ng Benguet..😘,https://www.youtube.com/watch?v=ROa3kbG5M0U&lc=UgzpBXd5OPpS5me1o1J4AaABAg,UgzpBXd5OPpS5me1o1J4AaABAg,UCWe_JqXHI6vjNDzPBrxHQ3A,"Fetched 05/23/2026, 9:00:03 PM GMT+8"
35294,@alfeotadifa6957,2 weeks ago,"Lokal ng City Camp, Distrito ng Benguet. Happy Viewing po. 😊",https://www.youtube.com/watch?v=ROa3kbG5M0U&lc=UgxtvrrwYNNAgRTCg8B4AaABAg,UgxtvrrwYNNAgRTCg8B4AaABAg,UCc6xDLun7Fl2t2_QbJOrnIQ,"Fetched 05/23/2026, 9:00:03 PM GMT+8"
35295,@iya-k7j,2 weeks ago,"masayang panonood po.mula sa kapisanang binhi,lokal ng atok gold❤❤❤❤",https://www.youtube.com/watch?v=ROa3kbG5M0U&lc=UgwwjTwPaxKIRNoI-Kx4AaABAg,UgwwjTwPaxKIRNoI-Kx4AaABAg,UC_R2GfmFAjE8k8DgEjmtv7g,"Fetched 05/23/2026, 9:00:03 PM GMT+8"
35296,@iya-k7j,2 weeks ago,happy viewing po...mula po sa lokal ng atok gold,https://www.youtube.com/watch?v=ROa3kbG5M0U&lc=UgzRT75o-8hkW7ferpB4AaABAg,UgzRT75o-8hkW7ferpB4AaABAg,UC_R2GfmFAjE8k8DgEjmtv7g,"Fetched 05/23/2026, 9:00:03 PM GMT+8"
35297,@luibustamante9493,2 weeks ago,Go Benguet 🎉🍓🍓🍓 /  / Road to 13k na tayo guys 👏👏🫶 /  /  / Salute sa mga Kadiwa at mga KDOs. Salamat po sa pakikipagkaisa.  /  / Mula po sa Lokal ng Tuba distrito ng Benguet 🤗🤗🤗,https://www.youtube.com/watch?v=ROa3kbG5M0U&lc=UgyWEiPVt7XY2jPjUdJ4AaABAg,UgyWEiPVt7XY2jPjUdJ4AaABAg,UCFAmrhDmv6rvZrQoYp-IS9w,"Fetched 05/23/2026, 9:00:03 PM GMT+8"
35298,@cherrysurita1883,2 weeks ago,Go... kabagis   🎉🎉from local ng Latrinidad benguet,https://www.youtube.com/watch?v=ROa3kbG5M0U&lc=UgyY1FugoCkBquvCG8t4AaABAg,UgyY1FugoCkBquvCG8t4AaABAg,UCsVNmiTGsIY_1k8MQRZlQnA,"Fetched 05/23/2026, 9:00:03 PM GMT+8"
35299,@joy-d3n4u,2 weeks ago,magandang gabi po...masayang panonood po mula sa lokal ng atok gold po❤❤❤❤❤,https://www.youtube.com/watch?v=ROa3kbG5M0U&lc=UgzrqEmFg_Q4idViTL54AaABAg,UgzrqEmFg_Q4idViTL54AaABAg,UCdSHn503pqXwdsqmLKce88g,"Fetched 05/23/2026, 9:00:03 PM GMT+8"
35300,@joy-d3n4u,2 weeks ago,❤❤❤Lokal ng Atok Gold❤❤❤,https://www.youtube.com/watch?v=ROa3kbG5M0U&lc=UgzejJ_cBFhi9FLXdnJ4AaABAg,UgzejJ_cBFhi9FLXdnJ4AaABAg,UCdSHn503pqXwdsqmLKce88g,"Fetched 05/23/2026, 9:00:03 PM GMT+8"
35301,@kristine7303,2 weeks ago,Walang magsasawa!❤🎉 Let’s Go Benguet💪🏻 Let’s Go KADIWA 💙💙,https://www.youtube.com/watch?v=ROa3kbG5M0U&lc=UgzA1rGb4_LDleGhB5p4AaABAg,UgzA1rGb4_LDleGhB5p4AaABAg,UCJnlqat5vcPuV6GiDugaBnA,"Fetched 05/23/2026, 9:00:03 PM GMT+8"
35302,@jasminedaludado7262,2 weeks ago,Rewatching and relistening🫶 /  / Patuloy po na pagsuporta ng mga KADIWA District Officers at mga maytungkulin ng Benguet!!❤,https://www.youtube.com/watch?v=ROa3kbG5M0U&lc=Ugxqt157r5d7B5s4gFp4AaABAg,Ugxqt157r5d7B5s4gFp4AaABAg,UCA4HVmdH2Xj67gK8nZmpiZg,"Fetched 05/23/2026, 9:00:03 PM GMT+8"
35303,@jonieyonga-an5239,2 weeks ago,"Hello Po ka Luisa Bustamante, / II- Pangulong Kadiwa Po Sa Distrito🎉🎉",https://www.youtube.com/watch?v=ROa3kbG5M0U&lc=UgwT8QbJgG2xjhE1GiV4AaABAg,UgwT8QbJgG2xjhE1GiV4AaABAg,UCgUo3JP_Fffuctza4bUumJg,"Fetched 05/23/2026, 9:00:03 PM GMT+8"
35304,@BrandoCollado,2 weeks ago,Watching from Baguio City po 🇮🇹,https://www.youtube.com/watch?v=ROa3kbG5M0U&lc=UgxGB2kltmzZ94oiqgp4AaABAg,UgxGB2kltmzZ94oiqgp4AaABAg,UCznJNvjWgU4yJiilEem9PXw,"Fetched 05/23/2026, 9:00:03 PM GMT+8"
35305,@johnreylucio8970,2 weeks ago,"Happy Viewing po sa ating lahattt,,, From BENGUET KDO'S Greetings🍓",https://www.youtube.com/watch?v=ROa3kbG5M0U&lc=Ugx2GRDCjjyND1GMif54AaABAg,Ugx2GRDCjjyND1GMif54AaABAg,UCNMupRD4ySrN336KZpy29OA,"Fetched 05/23/2026, 9:00:03 PM GMT+8"
35306,@gam3rg1rl,2 weeks ago,It's through His love our days are bright as the sun 🌞 His precious gift to us ✨️ ❤️  / Watching again from Megaroyale Benguet 😊,https://www.youtube.com/watch?v=ROa3kbG5M0U&lc=UgzwRckXemZa4rR-S8h4AaABAg,UgzwRckXemZa4rR-S8h4AaABAg,UC5IQqBTUAu9qmpEtOMJeRrQ,"Fetched 05/23/2026, 9:00:03 PM GMT+8"
35307,@joy-d3n4u,2 weeks ago,"🎉🎉🎉"" In God's great power you must believe❤❤❤❤❤❤ / Lokal ng Atok Gold",https://www.youtube.com/watch?v=ROa3kbG5M0U&lc=Ugz8soIoJFNu-9hGXbd4AaABAg,Ugz8soIoJFNu-9hGXbd4AaABAg,UCdSHn503pqXwdsqmLKce88g,"Fetched 05/23/2026, 9:00:03 PM GMT+8"
35308,@rahamedcariazo9027,2 weeks ago,Happy viewing po mula sa Lokal ng Irisan,https://www.youtube.com/watch?v=ROa3kbG5M0U&lc=UgyWpqBwpbdMLiALPeN4AaABAg,UgyWpqBwpbdMLiALPeN4AaABAg,UC6MO0KacDo5YCNJMTdWQ4nQ,"Fetched 05/23/2026, 9:00:03 PM GMT+8"
35309,@henrycaranto2644,2 weeks ago,BENGUET LET’s Go!!! 🎉❤️❤️ /  / Shoutout po sa Aming II- Pangulong KADIWA na Mula Umaga ay nakatutok na Ka Ma.Luisa Bustamante.  /  / Shout out Din sa Lahat Ng KDO Benguet at mga KADIWA sa lokal ng BAGUIO CITY🎉❤️ /  / From Lokal ng Baguio City❤️❤️,https://www.youtube.com/watch?v=ROa3kbG5M0U&lc=Ugxiw7Dshcj2YxxOBX14AaABAg,Ugxiw7Dshcj2YxxOBX14AaABAg,UCFilTOy22FklSkBIgwVPVaQ,"Fetched 05/23/2026, 9:00:03 PM GMT+8"
35310,@joy-d3n4u,2 weeks ago,#INCMV  / #God's Love / #Distrito ng Benguet / #Lokal ng Atok Gold,https://www.youtube.com/watch?v=ROa3kbG5M0U&lc=UgwwlXnuJ-v_415lcoB4AaABAg,UgwwlXnuJ-v_415lcoB4AaABAg,UCdSHn503pqXwdsqmLKce88g,"Fetched 05/23/2026, 9:00:03 PM GMT+8"
35311,@Jhovdgla,2 weeks ago,"Mula Po sa Local Ng Camp8,distrito Ng Benguet♥️Maligayang panunuod Po mga Kapatid♥️ / Magandang Gabi Po sa lahat Ng nasa Pananalapi",https://www.youtube.com/watch?v=ROa3kbG5M0U&lc=UgyANZaLdonrytxcpm14AaABAg,UgyANZaLdonrytxcpm14AaABAg,UC7RzLrLmzz3iwk_eLLTNvqQ,"Fetched 05/23/2026, 9:00:03 PM GMT+8"
35312,@jonieyonga-an5239,2 weeks ago,"Binabati Po namin ang Masipag, mabait at poging Pangulong Kadiwa Ng Distrito Ng Benguet, ang Kapatid na Henry Caranto po🎉",https://www.youtube.com/watch?v=ROa3kbG5M0U&lc=Ugx1KTliKjvOqNUDs854AaABAg,Ugx1KTliKjvOqNUDs854AaABAg,UCgUo3JP_Fffuctza4bUumJg,"Fetched 05/23/2026, 9:00:03 PM GMT+8"
35313,@mayvehn,2 weeks ago,God's Love / Watching po❤❤❤ / Lokal ng Atok Gold❤❤❤,https://www.youtube.com/watch?v=ROa3kbG5M0U&lc=Ugwb0116ZvQ7bItXkOR4AaABAg,Ugwb0116ZvQ7bItXkOR4AaABAg,UCivhdJ2CQeLK8tlG7Wh2BSQ,"Fetched 05/23/2026, 9:00:03 PM GMT+8"
35314,@jonieyonga-an5239,2 weeks ago,Rewatching Po ulitttt!! / Soliddd Benguet!! /  / Greetings Po sa lahat Ng District Officers 🎉 / Maging Po sa lahat Ng nga Lokal Officers🎉 /  / From lokal Ng Norcar Distrito Ng Benguet Po!!!,https://www.youtube.com/watch?v=ROa3kbG5M0U&lc=Ugxsb4r3a8t-nLmj0Mt4AaABAg,Ugxsb4r3a8t-nLmj0Mt4AaABAg,UCgUo3JP_Fffuctza4bUumJg,"Fetched 05/23/2026, 9:00:03 PM GMT+8"
35315,@Takoshenchie,2 weeks ago,IT’S 7PM NA GUYS!! FULL SUPPORT PARIN FROM GUISAD KADIWA AND PNK OFFICERS!! GO BENGUET!!!,https://www.youtube.com/watch?v=ROa3kbG5M0U&lc=UgzJYl2Z3_l6pt_H72J4AaABAg,UgzJYl2Z3_l6pt_H72J4AaABAg,UCKL_3QOCN0VtAPkwus5A6Gw,"Fetched 05/23/2026, 9:00:03 PM GMT+8"
35316,@mayvehn,2 weeks ago,happy watching po mga kapatid / Lokal ng Atok Gold❤❤,https://www.youtube.com/watch?v=ROa3kbG5M0U&lc=Ugwk7EQIDBS8aIN-xyJ4AaABAg,Ugwk7EQIDBS8aIN-xyJ4AaABAg,UCivhdJ2CQeLK8tlG7Wh2BSQ,"Fetched 05/23/2026, 9:00:03 PM GMT+8"
35317,@luibustamante9493,2 weeks ago,"Let's go Benguet 🎉🍓🍓 /  / Good evening mga kapatid. Masiyang panonood po sa inyo-inyong tahanan.  /  / Pagbati mula sa kapisanang Kadiwa.  /  / Shoutout po sa Kadiwa Pres. Ka Henry na laging nakatutok at nanood.  /  / Mula po sa KDO sa lokal ng Tuba, Distrito ng Benguet 🤗🤗🤗",https://www.youtube.com/watch?v=ROa3kbG5M0U&lc=UgyKuGkw7Z7vfBaccNN4AaABAg,UgyKuGkw7Z7vfBaccNN4AaABAg,UCFAmrhDmv6rvZrQoYp-IS9w,"Fetched 05/23/2026, 9:00:03 PM GMT+8"
35318,@mayvehn,2 weeks ago,magandang gabi po❤❤❤❤watching from Locale of Atok Gold❤❤❤,https://www.youtube.com/watch?v=ROa3kbG5M0U&lc=UgzEn5Ohi131gvC4ax54AaABAg,UgzEn5Ohi131gvC4ax54AaABAg,UCivhdJ2CQeLK8tlG7Wh2BSQ,"Fetched 05/23/2026, 9:00:03 PM GMT+8"
35319,@mayvehn,2 weeks ago,happy viewing po mula sa Lokal ng Atok Gold❤❤,https://www.youtube.com/watch?v=ROa3kbG5M0U&lc=UgxHt6ie4z1HHYKanoV4AaABAg,UgxHt6ie4z1HHYKanoV4AaABAg,UCivhdJ2CQeLK8tlG7Wh2BSQ,"Fetched 05/23/2026, 9:00:03 PM GMT+8"
35320,@Hi-cv8nx,2 weeks ago,"Watching po from Lokal ng Camp 8, Distrito ng Benguet!!",https://www.youtube.com/watch?v=ROa3kbG5M0U&lc=Ugw5e8lD23hfc_jf82x4AaABAg,Ugw5e8lD23hfc_jf82x4AaABAg,UC8ThrAXaCGmJ4Pwgk50KxSw,"Fetched 05/23/2026, 9:00:03 PM GMT+8"
35321,@Vey_B,2 weeks ago,Happy watching po mula sa lokal ng Camp 8 Distrito po ng Benguet 1,https://www.youtube.com/watch?v=ROa3kbG5M0U&lc=UgxCMyWQp6J5MlGsBG94AaABAg,UgxCMyWQp6J5MlGsBG94AaABAg,UCs0ieULo51Fa89D7xPRNENg,"Fetched 05/23/2026, 9:00:03 PM GMT+8"
35322,@rhaegardangelocariazo9849,2 weeks ago,Magandang  hapon po sa lahat ng viewers! /  / ~~~~KALIHIMAN/REGISTRY (IRISAN)~~~~~,https://www.youtube.com/watch?v=ROa3kbG5M0U&lc=UgwG2Q2m8iuoqKmaEG54AaABAg,UgwG2Q2m8iuoqKmaEG54AaABAg,UCo4O_WeHgcTY4MtfhONblcA,"Fetched 05/23/2026, 9:00:03 PM GMT+8"
35323,@luibustamante9493,2 weeks ago,Hello po sa Masigasig na Joshua Garcia at EPC Chairman ng KDO 🤗🤗🤗,https://www.youtube.com/watch?v=ROa3kbG5M0U&lc=UgwT8QbJgG2xjhE1GiV4AaABAg.AWYKk1QymKpAWYVGikb0be,UgwT8QbJgG2xjhE1GiV4AaABAg.AWYKk1QymKpAWYVGikb0be,UCFAmrhDmv6rvZrQoYp-IS9w,"Fetched 05/23/2026, 9:00:03 PM GMT+8"
35324,@jonieyonga-an5239,2 weeks ago,Grabe HAHAHAAH nireplyan tlga ate,https://www.youtube.com/watch?v=ROa3kbG5M0U&lc=UgwT8QbJgG2xjhE1GiV4AaABAg.AWYKk1QymKpAWYWk6_GeB2,UgwT8QbJgG2xjhE1GiV4AaABAg.AWYKk1QymKpAWYWk6_GeB2,UCgUo3JP_Fffuctza4bUumJg,"Fetched 05/23/2026, 9:00:03 PM GMT+8"
35325,@luibustamante9493,2 weeks ago,Let's Go Benguet🍓🍓🍓 Fighting KDO ilaban natin tu 💪💪💪,https://www.youtube.com/watch?v=ROa3kbG5M0U&lc=Ugxiw7Dshcj2YxxOBX14AaABAg.AWYKGAFPpxYAWYVRwKR61M,Ugxiw7Dshcj2YxxOBX14AaABAg.AWYKGAFPpxYAWYVRwKR61M,UCFAmrhDmv6rvZrQoYp-IS9w,"Fetched 05/23/2026, 9:00:03 PM GMT+8"
35326,@henrycaranto2644,2 weeks ago,Woii . Hahaha  / Full support ang Aming KADIWA EPC- Chairperson👊🏻🇮🇹🎉,https://www.youtube.com/watch?v=ROa3kbG5M0U&lc=Ugx1KTliKjvOqNUDs854AaABAg.AWYK8rgaZS5AWYK_gkPRwq,Ugx1KTliKjvOqNUDs854AaABAg.AWYK8rgaZS5AWYK_gkPRwq,UCFilTOy22FklSkBIgwVPVaQ,"Fetched 05/23/2026, 9:00:03 PM GMT+8"
35327,@jonieyonga-an5239,2 weeks ago,HAHAHAHAH labann kuyaaaa!,https://www.youtube.com/watch?v=ROa3kbG5M0U&lc=Ugx1KTliKjvOqNUDs854AaABAg.AWYK8rgaZS5AWYKmMenT-Y,Ugx1KTliKjvOqNUDs854AaABAg.AWYK8rgaZS5AWYKmMenT-Y,UCgUo3JP_Fffuctza4bUumJg,"Fetched 05/23/2026, 9:00:03 PM GMT+8"
35328,@henrycaranto2644,2 weeks ago,Yown!!! On Fire sa pag support ang Aming II- Pangulo 🎉🥰👊🏻👊🏻,https://www.youtube.com/watch?v=ROa3kbG5M0U&lc=UgyKuGkw7Z7vfBaccNN4AaABAg.AWYJjlbZBPkAWYKfKoAlve,UgyKuGkw7Z7vfBaccNN4AaABAg.AWYJjlbZBPkAWYKfKoAlve,UCFilTOy22FklSkBIgwVPVaQ,"Fetched 05/23/2026, 9:00:03 PM GMT+8"
35329,@luibustamante9493,2 weeks ago,​ @henrycaranto2644 syempre Ka Alden yan ehhh. Ay ka Henry pala ehh,https://www.youtube.com/watch?v=ROa3kbG5M0U&lc=UgyKuGkw7Z7vfBaccNN4AaABAg.AWYJjlbZBPkAWYLbDY0U-Z,UgyKuGkw7Z7vfBaccNN4AaABAg.AWYJjlbZBPkAWYLbDY0U-Z,UCFAmrhDmv6rvZrQoYp-IS9w,"Fetched 05/23/2026, 9:00:03 PM GMT+8"
35330,@marjjram2564,2 weeks ago,Magandang  hapon po sa lahat ng viewers! /  / ~~~~KALIHIMAN/REGISTRY (IRISAN)~~~~~,https://www.youtube.com/watch?v=ROa3kbG5M0U&lc=UgzVW8tTFwnzM1qzkAt4AaABAg,UgzVW8tTFwnzM1qzkAt4AaABAg,UCDwjKO298z81OBfpzmclVWw,"Fetched 05/23/2026, 9:00:03 PM GMT+8"
35331,@TinyEnchanters,2 weeks ago (edited),Magandang hapon po  sa lahat ng viewers! /  / ~~~~KALIHIM/REGISTRY (IRISAN)~~~~~,https://www.youtube.com/watch?v=ROa3kbG5M0U&lc=Ugyiy2UvbECp4efEY6R4AaABAg,Ugyiy2UvbECp4efEY6R4AaABAg,UCIYazOuVxb5StkuFYFMoMsg,"Fetched 05/23/2026, 9:00:03 PM GMT+8"
35332,@Jonnerguilod,2 weeks ago,Magandang Gabi po Happy Watching po! /  / Shout out po sa mga kasama po naming mga Binhi District Officers: / Lhexie Tindo / Scofield Alibno / Simone Caracas / Rhey Tolentino / Prince Tipay / Dee Jay Dsniwis / Mayla Garcia / Arian Casey Dee / Alvie Mangsat / Brylle Enriquez / Amaia Sarao / Iesha Obaña / Zaijohn De Vera / Rashta Dris / Grendel Atleb / Shynee Galleta / Vhanna Mariano /  / Mula po sa Lokal ng Baguio City! /  / Mga Binhi Comment na po! /  / Let's go Benguet! 🍓🍓🍓,https://www.youtube.com/watch?v=ROa3kbG5M0U&lc=UgxcTXUpdg4ejWt0e-p4AaABAg,UgxcTXUpdg4ejWt0e-p4AaABAg,UCUziou_rMXx7lIZ3VI2K55Q,"Fetched 05/23/2026, 9:00:03 PM GMT+8"
35333,@alfredoballesteros745,2 weeks ago,"Very nice, well- performed. From Camp 7 locale.",https://www.youtube.com/watch?v=ROa3kbG5M0U&lc=UgwLjqUuDjZv3lPSJH54AaABAg,UgwLjqUuDjZv3lPSJH54AaABAg,UC8Clwiwgns8a5zgfmRsHDnw,"Fetched 05/23/2026, 9:00:03 PM GMT+8"
35334,@JonnerGuilod-ye5rs,2 weeks ago,Magandang Gabi po Happy Watching po! /   / Shout out po sa mga kasama po naming mga Binhi District Officers: Lhexie Tindo / Scofield Alibno / Simone Caracas / Rhey Tolentino / Prince Tipay / Dee Jay Dsniwis / Mayla Garcia / Arian Casey Dee / Alvie Mangsat / Brylle Enriquez / Amaia Sarao / Iesha Obaña / Zaijohn De Vera / Rashta Dris / Grendel Atleb / Shynee Galleta / Vhanna Mariano /  / Mula po sa Lokal ng Baguio City! /  / Mga Binhi Comment na po! /  / Let's go Benguet! 🍓🍓🍓,https://www.youtube.com/watch?v=ROa3kbG5M0U&lc=Ugz4no4uCnEDIpeOz814AaABAg,Ugz4no4uCnEDIpeOz814AaABAg,UCqAZvKcFKWAYBEWjNAhZEZw,"Fetched 05/23/2026, 9:00:03 PM GMT+8"
35335,@Vien.Bella-vu5rh4pz8b,2 weeks ago,maligayang panonood po mula sa lokal ng Atok Gold,https://www.youtube.com/watch?v=ROa3kbG5M0U&lc=Ugyzqa7vzk3NXa65Hzh4AaABAg,Ugyzqa7vzk3NXa65Hzh4AaABAg,UCB9NRJMQHTIobGeD1zbmbYA,"Fetched 05/23/2026, 9:00:03 PM GMT+8"
35336,@Vien.Bella-vu5rh4pz8b,2 weeks ago,maligayang panonood po mula sa lokal ng Atok Gold,https://www.youtube.com/watch?v=ROa3kbG5M0U&lc=Ugzmn9fLjD9IJTHIrdJ4AaABAg,Ugzmn9fLjD9IJTHIrdJ4AaABAg,UCB9NRJMQHTIobGeD1zbmbYA,"Fetched 05/23/2026, 9:00:03 PM GMT+8"
35337,@MylaGarcia-y3p,2 weeks ago,"Magandang Gabi po, Happy Watching po mula sa mga Binhi District Officer!🎉 /  / From Lokal po ng La Trinidad!",https://www.youtube.com/watch?v=ROa3kbG5M0U&lc=UgxhDj2bi_OB5RHS_7N4AaABAg,UgxhDj2bi_OB5RHS_7N4AaABAg,UC986iCV8EIPka_wTNMTpeBw,"Fetched 05/23/2026, 9:00:03 PM GMT+8"
35338,@jhoncarsellcaranto2276,2 weeks ago,Pag bati po mula sa NG CITY CAMP DISTRITO NG BENGUET   / magandang Hapon po salahat ng mga may tungkulin. Lets goo BENGUET 🎉🎉🎉❤❤,https://www.youtube.com/watch?v=ROa3kbG5M0U&lc=Ugw9Dlf6jZ-Y4YRYSCZ4AaABAg,Ugw9Dlf6jZ-Y4YRYSCZ4AaABAg,UCKvO6RphCSCsVH8NMQOYQ1A,"Fetched 05/23/2026, 9:00:03 PM GMT+8"
35339,@Vien.Bella-vu5rh4pz8b,2 weeks ago,God's Love is bigger than the ocean and brighter than the stars 🎶🎵  / #BenguetINCMV / Greetings to all Brethren 👋👋  / From Lokal ng ATOK GOLD🇮🇹,https://www.youtube.com/watch?v=ROa3kbG5M0U&lc=UgyiRj0FsrpcJC_-rJV4AaABAg,UgyiRj0FsrpcJC_-rJV4AaABAg,UCB9NRJMQHTIobGeD1zbmbYA,"Fetched 05/23/2026, 9:00:03 PM GMT+8"
35340,@Vien.Bella-vu5rh4pz8b,2 weeks ago,God's Love is bigger than the ocean and brighter than the stars 🎶🎵  / #BenguetINCMV / Greetings to all Brethren 👋👋  / From Lokal ng ATOK GOLD🇮🇹,https://www.youtube.com/watch?v=ROa3kbG5M0U&lc=UgzSSlMOazlB5EfMQ554AaABAg,UgzSSlMOazlB5EfMQ554AaABAg,UCB9NRJMQHTIobGeD1zbmbYA,"Fetched 05/23/2026, 9:00:03 PM GMT+8"
35341,@alfeotadifa6957,2 weeks ago,Mula po sa Lokal ng City Camp distrito ng Benguet...Happy Viewing po sa lahat ng MT at kapatid sa aming Lokal at sa buong Mundo.,https://www.youtube.com/watch?v=ROa3kbG5M0U&lc=Ugxg3ZAkHQPRbTnhoCR4AaABAg,Ugxg3ZAkHQPRbTnhoCR4AaABAg,UCc6xDLun7Fl2t2_QbJOrnIQ,"Fetched 05/23/2026, 9:00:03 PM GMT+8"
35342,@Vien.Bella-vu5rh4pz8b,2 weeks ago,God's Love is bigger than the ocean and brighter than the stars 🎶🎵  / #BenguetINCMV / Greetings to all Brethren 👋👋  / From Lokal ng ATOK GOLD🇮🇹,https://www.youtube.com/watch?v=ROa3kbG5M0U&lc=Ugx5zK8tDCpLwOt3rQJ4AaABAg,Ugx5zK8tDCpLwOt3rQJ4AaABAg,UCB9NRJMQHTIobGeD1zbmbYA,"Fetched 05/23/2026, 9:00:03 PM GMT+8"
35343,@jeanietugad4595,2 weeks ago,"❤ Mga kapatid sa Lokal ng Atok Gold,, maligayang panonood po,, Kalihiman/Registry..❤❤❤",https://www.youtube.com/watch?v=ROa3kbG5M0U&lc=UgwLBi4S7r0vW5DCIWN4AaABAg,UgwLBi4S7r0vW5DCIWN4AaABAg,UC4-hT99A9u-aH7hnm5JCSfg,"Fetched 05/23/2026, 9:00:03 PM GMT+8"
35344,@Jonnerguilod,2 weeks ago,Magandang Hapon po watching from Lokal ng Baguio City! /  / Shout po sa mga Binhi Local officer sa Lokal ng Baguio City!,https://www.youtube.com/watch?v=ROa3kbG5M0U&lc=UgwNyvFfiC2jSAhujUh4AaABAg,UgwNyvFfiC2jSAhujUh4AaABAg,UCUziou_rMXx7lIZ3VI2K55Q,"Fetched 05/23/2026, 9:00:03 PM GMT+8"
35345,@JonnerGuilod-ye5rs,2 weeks ago,Magandang Hapon po watching from Lokal ng Baguio City! /  / Shout po sa mga Binhi Local officer sa Lokal ng Baguio City!,https://www.youtube.com/watch?v=ROa3kbG5M0U&lc=UgxrGMzGkd5wypALlWx4AaABAg,UgxrGMzGkd5wypALlWx4AaABAg,UCqAZvKcFKWAYBEWjNAhZEZw,"Fetched 05/23/2026, 9:00:03 PM GMT+8"
35346,@Vien.Bella-vu5rh4pz8b,2 weeks ago,Go! Go! Benguet / from Atok Gold 😊,https://www.youtube.com/watch?v=ROa3kbG5M0U&lc=Ugxr13JhCqXmQTsStad4AaABAg,Ugxr13JhCqXmQTsStad4AaABAg,UCB9NRJMQHTIobGeD1zbmbYA,"Fetched 05/23/2026, 9:00:03 PM GMT+8"
35347,@jeanietugad4595,2 weeks ago,"Maligayang panonood po sa lahat ng mga Kalihim sa Distrito ng Benguet,,Lokal ng Atok Gold, Kalihiman/Registry..",https://www.youtube.com/watch?v=ROa3kbG5M0U&lc=Ugy_ALIzH1qJKv3bXmh4AaABAg,Ugy_ALIzH1qJKv3bXmh4AaABAg,UC4-hT99A9u-aH7hnm5JCSfg,"Fetched 05/23/2026, 9:00:03 PM GMT+8"
35348,@Vien.Bella-vu5rh4pz8b,2 weeks ago,God's Love is bigger than the ocean and brighter than the stars 🎶🎵  / #BenguetINCMV / Greetings to all Brethren 👋👋  / From Lokal ng ATOK GOLD🇮🇹,https://www.youtube.com/watch?v=ROa3kbG5M0U&lc=UgyucbqaAn_u6ZozPSV4AaABAg,UgyucbqaAn_u6ZozPSV4AaABAg,UCB9NRJMQHTIobGeD1zbmbYA,"Fetched 05/23/2026, 9:00:03 PM GMT+8"
35349,@almazanrhyndylyn,2 weeks ago,Good evening po. /  / Greetings from Kadiwa District Officers of Benguet /  / Local of Norcar District of Benguet💕💕 /  / Go go Benguet!!!,https://www.youtube.com/watch?v=ROa3kbG5M0U&lc=UgxseKwnXD65QX6mDuF4AaABAg,UgxseKwnXD65QX6mDuF4AaABAg,UCEoQCNgytnJxjJnAQLSzFeA,"Fetched 05/23/2026, 9:00:03 PM GMT+8"
35350,@jasminedaludado7262,2 weeks ago,Happy viewing po sa mga KADIWA ng Distrito ng Benguet!! Binabati ko din po ang mga maytungkulin sa Lokal ng Guisad💛,https://www.youtube.com/watch?v=ROa3kbG5M0U&lc=UgyFd9nOkz6wu3RpnE54AaABAg,UgyFd9nOkz6wu3RpnE54AaABAg,UCA4HVmdH2Xj67gK8nZmpiZg,"Fetched 05/23/2026, 9:00:03 PM GMT+8"
35351,@johnreylucio8970,2 weeks ago,"Grabe kana BENGUET !! /  / Rewatching again,,  kasi hindi nakakasawa,,  / Maligayang pagbati po, mula sa Kadiwa Local Officers ng La TRINIDAD, Benguet,🥦🐑🍓",https://www.youtube.com/watch?v=ROa3kbG5M0U&lc=UgwyEejG7olc0w7GVDJ4AaABAg,UgwyEejG7olc0w7GVDJ4AaABAg,UCNMupRD4ySrN336KZpy29OA,"Fetched 05/23/2026, 9:00:03 PM GMT+8"
35352,@Takoshenchie,2 weeks ago,"Sending love from Guisad, Benguet Kadiwa and PNK Officers",https://www.youtube.com/watch?v=ROa3kbG5M0U&lc=UgzIoRJ4nZJ6Z5MM7xp4AaABAg,UgzIoRJ4nZJ6Z5MM7xp4AaABAg,UCKL_3QOCN0VtAPkwus5A6Gw,"Fetched 05/23/2026, 9:00:03 PM GMT+8"
35353,@gwynethcayabyab5981,2 weeks ago,"Lets go benguet, maligayang panonood po /  / -Megaroyale and kadiwa district officer",https://www.youtube.com/watch?v=ROa3kbG5M0U&lc=UgygJB_vmy5J7mJ0Kz54AaABAg,UgygJB_vmy5J7mJ0Kz54AaABAg,UCouodNvhL1bfJC2Fz0B_Rcw,"Fetched 05/23/2026, 9:00:03 PM GMT+8"
35354,@jonieyonga-an5239,2 weeks ago,Happy watchingggg Po mga Kapatid!! / Sa lahat Po Ng mga District Officers sa Distrito Ng Benguet 🎉🎉 / Let's gooo Benguettt!!!!!,https://www.youtube.com/watch?v=ROa3kbG5M0U&lc=UgxbbNaGUj6OuNIlleF4AaABAg,UgxbbNaGUj6OuNIlleF4AaABAg,UCgUo3JP_Fffuctza4bUumJg,"Fetched 05/23/2026, 9:00:03 PM GMT+8"
35355,@Julskie28,2 weeks ago,"Happy watching again po!! /  / From a Kadiwa Officer of the Locale Congregation of Guisad, District of Benguet ❤ /  / Let's Go Benguet 🍓 🎉",https://www.youtube.com/watch?v=ROa3kbG5M0U&lc=UgxVYjqJWzn6xP0kMVN4AaABAg,UgxVYjqJWzn6xP0kMVN4AaABAg,UC1nz0UiWHV8lyoQdZtJejeg,"Fetched 05/23/2026, 9:00:03 PM GMT+8"
35356,@henrycaranto2644,2 weeks ago,Shoutout po sa lahat ng KADIWA at BINHI sa Distrito ng Benguet. 🎉🎉 / From Lokal ng Baguio City 🥰,https://www.youtube.com/watch?v=ROa3kbG5M0U&lc=Ugzm2TvuvEBTtnVVP314AaABAg,Ugzm2TvuvEBTtnVVP314AaABAg,UCFilTOy22FklSkBIgwVPVaQ,"Fetched 05/23/2026, 9:00:03 PM GMT+8"
35357,@jeanietugad4595,2 weeks ago,"❤❤❤Go Go Go Benguet, Happy watching, Atok Gold,, Kalhiman/Registry..❤❤",https://www.youtube.com/watch?v=ROa3kbG5M0U&lc=UgwU_-Z9l-4kWDBqeq54AaABAg,UgwU_-Z9l-4kWDBqeq54AaABAg,UC4-hT99A9u-aH7hnm5JCSfg,"Fetched 05/23/2026, 9:00:03 PM GMT+8"
35358,@JhadeVecino,2 weeks ago,Happy viewing Mula sa LOKAL NG ATOK GOLD BENGUET ❤❤❤❤,https://www.youtube.com/watch?v=ROa3kbG5M0U&lc=Ugy3PtzZSwlxaroSrSR4AaABAg,Ugy3PtzZSwlxaroSrSR4AaABAg,UC6G7aKYeoTFEdZdzsafEppQ,"Fetched 05/23/2026, 9:00:03 PM GMT+8"
35359,@luibustamante9493,2 weeks ago,Before it gets dark. Let's rewatch again this great mv again and again.. /  /  /  / Happy viewing po mga kapatid esp sa lahat ng Kadiwa District Officers. /  /  / Fighting guys 🫶💪💪,https://www.youtube.com/watch?v=ROa3kbG5M0U&lc=UgxdofrEoJ29kisERRh4AaABAg,UgxdofrEoJ29kisERRh4AaABAg,UCFAmrhDmv6rvZrQoYp-IS9w,"Fetched 05/23/2026, 9:00:03 PM GMT+8"
35360,@KenJudeGaming,2 weeks ago,Happy viewing po from Lokal ng Buyagan🤗🤗,https://www.youtube.com/watch?v=ROa3kbG5M0U&lc=UgxYOjD6JIEWkuZ7Jg94AaABAg,UgxYOjD6JIEWkuZ7Jg94AaABAg,UCSEd6quIUbklAWvx9z4LNNA,"Fetched 05/23/2026, 9:00:03 PM GMT+8"
35361,@jeanietugad4595,2 weeks ago,"❤❤❤ Mga kapatid sa Distrito ng Benguet, Maligayang panonood po,,mula sa lokal ng Atok Gold, Kalihiman/Registry.❤.❤❤",https://www.youtube.com/watch?v=ROa3kbG5M0U&lc=UgwqBudi-IrkMbYbIlF4AaABAg,UgwqBudi-IrkMbYbIlF4AaABAg,UC4-hT99A9u-aH7hnm5JCSfg,"Fetched 05/23/2026, 9:00:03 PM GMT+8"
35362,@haielei2869,2 weeks ago,Masayang panunuod po Mula po sa Lokal ng Norcar Distrito ng Benguet,https://www.youtube.com/watch?v=ROa3kbG5M0U&lc=Ugz24fmywgh_dPecf_F4AaABAg,Ugz24fmywgh_dPecf_F4AaABAg,UCf3PWHW8mj2mncX07kw9ZQw,"Fetched 05/23/2026, 9:00:03 PM GMT+8"
35363,@Vien.Bella-vu5rh4pz8b,2 weeks ago,God's Love is bigger than the ocean and brighter than the stars 🎶🎵  / #BenguetINCMV / Greetings to all Brethren 👋👋  / From Lokal ng ATOK GOLD🇮🇹,https://www.youtube.com/watch?v=ROa3kbG5M0U&lc=UgwHXXxmLNkaSPLqAnZ4AaABAg,UgwHXXxmLNkaSPLqAnZ4AaABAg,UCB9NRJMQHTIobGeD1zbmbYA,"Fetched 05/23/2026, 9:00:03 PM GMT+8"
35364,@curlinapril,2 weeks ago,"Mula po sa lokal ng San Luis Maulberry-GWS distrito ng Benguet, bumabati po ang aming sambahayan, YADAN family ng Happy watching",https://www.youtube.com/watch?v=ROa3kbG5M0U&lc=Ugxvp3_NhE-Ezwja4GZ4AaABAg,Ugxvp3_NhE-Ezwja4GZ4AaABAg,UC2wWDNSQgQGpOC0tm9yc0Fg,"Fetched 05/23/2026, 9:00:03 PM GMT+8"
35365,@mayvehn,2 weeks ago,masayang panonood po.mula sa Lokal ng Atok Gold,https://www.youtube.com/watch?v=ROa3kbG5M0U&lc=UgxH2SbB3QXdgksEN3t4AaABAg,UgxH2SbB3QXdgksEN3t4AaABAg,UCivhdJ2CQeLK8tlG7Wh2BSQ,"Fetched 05/23/2026, 9:00:03 PM GMT+8"
35366,@aulsenplays7478,2 weeks ago,Pagbati po mula sa mga maytungkulin ng kapisanang kadiwa ng benguet and from lokal ng megaroyale village🎉🎉,https://www.youtube.com/watch?v=ROa3kbG5M0U&lc=UgzZOhrQaW6NXVJ9A7d4AaABAg,UgzZOhrQaW6NXVJ9A7d4AaABAg,UC0q4h4afOdRctXCQdqEo_ZQ,"Fetched 05/23/2026, 9:00:03 PM GMT+8"
35367,@haielei2869,2 weeks ago,"""God's Love is bigger than the entire Universe of stars"" 🫶🏻🥰",https://www.youtube.com/watch?v=ROa3kbG5M0U&lc=UgwuWLgZenEW9K0BYdd4AaABAg,UgwuWLgZenEW9K0BYdd4AaABAg,UCf3PWHW8mj2mncX07kw9ZQw,"Fetched 05/23/2026, 9:00:03 PM GMT+8"
35368,@mayvehn,2 weeks ago,happy viewing po mula po sa lokal ng atok gold,https://www.youtube.com/watch?v=ROa3kbG5M0U&lc=Ugxn7Xy937zbe5whEMF4AaABAg,Ugxn7Xy937zbe5whEMF4AaABAg,UCivhdJ2CQeLK8tlG7Wh2BSQ,"Fetched 05/23/2026, 9:00:03 PM GMT+8"
35369,@joy-d3n4u,2 weeks ago,magandang hapon po mga kapatid..mula po sa Lokal ng Atok Gold😊,https://www.youtube.com/watch?v=ROa3kbG5M0U&lc=UgxkdcVd5gee8UvO-L94AaABAg,UgxkdcVd5gee8UvO-L94AaABAg,UCdSHn503pqXwdsqmLKce88g,"Fetched 05/23/2026, 9:00:03 PM GMT+8"
35370,@jeanietugad4595,2 weeks ago,"Happy viewing po sa lahat. mula sa Lokal ng Atok Gold, Kalihiman/Registry...Congratulations po in advance kapatid na Carmichael M. Daligan.❤",https://www.youtube.com/watch?v=ROa3kbG5M0U&lc=Ugy4XTOZ9sewl_Oy7n54AaABAg,Ugy4XTOZ9sewl_Oy7n54AaABAg,UC4-hT99A9u-aH7hnm5JCSfg,"Fetched 05/23/2026, 9:00:03 PM GMT+8"
35371,@Vien.Bella-vu5rh4pz8b,2 weeks ago,"Happy viewing from Atok Gold, Benguet😊",https://www.youtube.com/watch?v=ROa3kbG5M0U&lc=UgwHb7JXvlk1gnTogHN4AaABAg,UgwHb7JXvlk1gnTogHN4AaABAg,UCB9NRJMQHTIobGeD1zbmbYA,"Fetched 05/23/2026, 9:00:03 PM GMT+8"
35372,@Vien.Bella-vu5rh4pz8b,2 weeks ago,God's Love is bigger than the ocean and brighter than the stars 🎶🎵  / #BenguetINCMV / Greetings to all Brethren 👋👋  / From Lokal ng ATOK GOLD🇮🇹,https://www.youtube.com/watch?v=ROa3kbG5M0U&lc=UgyzZTuG8bisCaT6a7F4AaABAg,UgyzZTuG8bisCaT6a7F4AaABAg,UCB9NRJMQHTIobGeD1zbmbYA,"Fetched 05/23/2026, 9:00:03 PM GMT+8"
35373,@CasseySGonzales,2 weeks ago,Happy Viewing po mga kapatid🐑  from Lokal ng La Trinidad Distrito ng Benguet🍓  / Binabati ko rin po ang Destinado at ang mga nasa Kapisanang Binhi🌱ng La Trinidad,https://www.youtube.com/watch?v=ROa3kbG5M0U&lc=UgwywucJFXjhTbQWc2h4AaABAg,UgwywucJFXjhTbQWc2h4AaABAg,UCZ_1zJtZfWs6L_NdfNJCvtQ,"Fetched 05/23/2026, 9:00:03 PM GMT+8"
35374,@jeanietugad4595,2 weeks ago,"❤❤ Hello mga kapatid, maligayang panonood po,   Kalihiman/Registry, Lokal ng Atok Gold.❤❤❤",https://www.youtube.com/watch?v=ROa3kbG5M0U&lc=UgwUOnnbR23GXP_EePZ4AaABAg,UgwUOnnbR23GXP_EePZ4AaABAg,UC4-hT99A9u-aH7hnm5JCSfg,"Fetched 05/23/2026, 9:00:03 PM GMT+8"
35375,@Vien.Bella-vu5rh4pz8b,2 weeks ago,God's Love is bigger than the ocean and brighter than the stars 🎶🎵  / #BenguetINCMV / Greetings to all Brethren 👋👋  / From Lokal ng ATOK GOLD🇮🇹,https://www.youtube.com/watch?v=ROa3kbG5M0U&lc=UgyHxu0e_AoHcLkJqJV4AaABAg,UgyHxu0e_AoHcLkJqJV4AaABAg,UCB9NRJMQHTIobGeD1zbmbYA,"Fetched 05/23/2026, 9:00:03 PM GMT+8"
35376,@jecevelpes-et8510,2 weeks ago,Happy viewing from lokal ng Buyagan 🫶🇮🇹🇮🇹,https://www.youtube.com/watch?v=ROa3kbG5M0U&lc=UgzT27JnMZ1wlMwYTLR4AaABAg,UgzT27JnMZ1wlMwYTLR4AaABAg,UCkT29tkp90TH1Je3cirbz0w,"Fetched 05/23/2026, 9:00:03 PM GMT+8"
35377,@ronniejucar-p8v,2 weeks ago,"happy viewing po Mula s Lokal ng Taloy Sur,Distrito ng Benguet",https://www.youtube.com/watch?v=ROa3kbG5M0U&lc=Ugw-gJRx2YoXuXh-8iN4AaABAg,Ugw-gJRx2YoXuXh-8iN4AaABAg,UCjo50U83BHzY7ln8p0-3LuQ,"Fetched 05/23/2026, 9:00:03 PM GMT+8"
35378,@valsisonlanuza9005,2 weeks ago,"happy viewing po, frm Quezon Hill, Benguet",https://www.youtube.com/watch?v=ROa3kbG5M0U&lc=UgyDZkxXL1PVaYYNPU54AaABAg,UgyDZkxXL1PVaYYNPU54AaABAg,UCw8tE9N_NVwFiXFI5fcgc7w,"Fetched 05/23/2026, 9:00:03 PM GMT+8"
35379,@valsisonlanuza9005,2 weeks ago,"happy viewing po, frm Quezon Hill, Benguet",https://www.youtube.com/watch?v=ROa3kbG5M0U&lc=Ugy3t7H2qC8-iJKtqvF4AaABAg,Ugy3t7H2qC8-iJKtqvF4AaABAg,UCw8tE9N_NVwFiXFI5fcgc7w,"Fetched 05/23/2026, 9:00:03 PM GMT+8"
35380,@joy-d3n4u,2 weeks ago,Happy watching po / Lokal ng Atok Gold❤❤,https://www.youtube.com/watch?v=ROa3kbG5M0U&lc=Ugxj78GPzOPRsqdlBdR4AaABAg,Ugxj78GPzOPRsqdlBdR4AaABAg,UCdSHn503pqXwdsqmLKce88g,"Fetched 05/23/2026, 9:00:03 PM GMT+8"
35381,@Vien.Bella-vu5rh4pz8b,2 weeks ago,"Maligayang Panonood po mula sa ATOK GOLD, Benguet",https://www.youtube.com/watch?v=ROa3kbG5M0U&lc=Ugy13qtngV5SSowJF0R4AaABAg,Ugy13qtngV5SSowJF0R4AaABAg,UCB9NRJMQHTIobGeD1zbmbYA,"Fetched 05/23/2026, 9:00:03 PM GMT+8"
35382,@valsisonlanuza9005,2 weeks ago,"happpy viewing po...frm Quezon Hill, Benguet",https://www.youtube.com/watch?v=ROa3kbG5M0U&lc=UgxZ2hY3LpvxCJ_boe54AaABAg,UgxZ2hY3LpvxCJ_boe54AaABAg,UCw8tE9N_NVwFiXFI5fcgc7w,"Fetched 05/23/2026, 9:00:03 PM GMT+8"
35383,@joy-d3n4u,2 weeks ago,Magandang hapon po...Masayang nanonood po mula sa Lokal ng Atok Gold😊,https://www.youtube.com/watch?v=ROa3kbG5M0U&lc=UgwdZdVdIgE6OQJJflp4AaABAg,UgwdZdVdIgE6OQJJflp4AaABAg,UCdSHn503pqXwdsqmLKce88g,"Fetched 05/23/2026, 9:00:03 PM GMT+8"
35384,@jeanietugad4595,2 weeks ago,"Happy viewing to all brethrens, from Atok Gold, Kalihiman/Registry..",https://www.youtube.com/watch?v=ROa3kbG5M0U&lc=UgwTx3Ax09iFj43S5LN4AaABAg,UgwTx3Ax09iFj43S5LN4AaABAg,UC4-hT99A9u-aH7hnm5JCSfg,"Fetched 05/23/2026, 9:00:03 PM GMT+8"
35385,@joy-d3n4u,2 weeks ago,❤❤❤❤God's Love❤❤❤❤ / ❤❤❤Lokal ng Atok Gold❤❤❤,https://www.youtube.com/watch?v=ROa3kbG5M0U&lc=UgyJfUluK5Xp3fpYNnp4AaABAg,UgyJfUluK5Xp3fpYNnp4AaABAg,UCdSHn503pqXwdsqmLKce88g,"Fetched 05/23/2026, 9:00:03 PM GMT+8"
35386,@Vien.Bella-vu5rh4pz8b,2 weeks ago,God's Love is bigger than the ocean and brighter than the stars 🎶🎵  / #BenguetOnTop / #BenguetINCMV / Greetings to all Brethren 👋👋  / From Lokal ng ATOK GOLD🇮🇹,https://www.youtube.com/watch?v=ROa3kbG5M0U&lc=UgyJGMl1tuqRRmeRIpB4AaABAg,UgyJGMl1tuqRRmeRIpB4AaABAg,UCB9NRJMQHTIobGeD1zbmbYA,"Fetched 05/23/2026, 9:00:03 PM GMT+8"
35387,@iya-k7j,2 weeks ago,❤❤❤Lokal ng Atok Gold❤❤❤ / Go BENGUET!!!!🎉🎉🎉🎉🎉,https://www.youtube.com/watch?v=ROa3kbG5M0U&lc=UgwfzWKe8Lafj5ZKWLx4AaABAg,UgwfzWKe8Lafj5ZKWLx4AaABAg,UC_R2GfmFAjE8k8DgEjmtv7g,"Fetched 05/23/2026, 9:00:03 PM GMT+8"
35388,@iya-k7j,2 weeks ago,😊😊masayang panonood po. / lokal ng atok gold😊😊,https://www.youtube.com/watch?v=ROa3kbG5M0U&lc=Ugw_VbXFxrFKxrKi6ox4AaABAg,Ugw_VbXFxrFKxrKi6ox4AaABAg,UC_R2GfmFAjE8k8DgEjmtv7g,"Fetched 05/23/2026, 9:00:03 PM GMT+8"
35389,@MoniqueJane-t1z6y,2 weeks ago,Happy viewing po Mula sa lokal ng atok gold.❤❤❤,https://www.youtube.com/watch?v=ROa3kbG5M0U&lc=UgyUJpr53QzVYeh-yi54AaABAg,UgyUJpr53QzVYeh-yi54AaABAg,UCJ_Jiz4VZK22n1hCnE_OvIA,"Fetched 05/23/2026, 9:00:03 PM GMT+8"
35390,@Vien.Bella-vu5rh4pz8b,2 weeks ago,#BenguetOnTop / Greetings to all Brethren 👋👋  / From Lokal ng ATOK GOLD🇮🇹,https://www.youtube.com/watch?v=ROa3kbG5M0U&lc=UgywyeDkFGo8JVSlTnx4AaABAg,UgywyeDkFGo8JVSlTnx4AaABAg,UCB9NRJMQHTIobGeD1zbmbYA,"Fetched 05/23/2026, 9:00:03 PM GMT+8"
35391,@rovellnogoy7927,2 weeks ago,Happy watching po sa lahat ng mga kapatid sa buong mundo!:trophy-yellow-smiling::popcorn-yellow-striped-smile::medal-yellow-first-red:,https://www.youtube.com/watch?v=ROa3kbG5M0U&lc=UgyMGAvc0JU-dSfIB_14AaABAg,UgyMGAvc0JU-dSfIB_14AaABAg,UCpcSI6VtzfqsSR4H63AKV0w,"Fetched 05/23/2026, 9:00:03 PM GMT+8"
35392,@iya-k7j,2 weeks ago,🎉🎉🎉 / Distrito ng Benguet / ❤❤❤ / Lokal ng Atok Gold / 🎉🎉🎉,https://www.youtube.com/watch?v=ROa3kbG5M0U&lc=UgwsUbhuLY6mlANV7JB4AaABAg,UgwsUbhuLY6mlANV7JB4AaABAg,UC_R2GfmFAjE8k8DgEjmtv7g,"Fetched 05/23/2026, 9:00:03 PM GMT+8"
35393,@iya-k7j,2 weeks ago,magandang hapon po / ❤❤lokal ng atok gold❤❤,https://www.youtube.com/watch?v=ROa3kbG5M0U&lc=UgzMsNX32aOwztHwRoJ4AaABAg,UgzMsNX32aOwztHwRoJ4AaABAg,UC_R2GfmFAjE8k8DgEjmtv7g,"Fetched 05/23/2026, 9:00:03 PM GMT+8"
35394,@mayvehn,2 weeks ago,magandang hapon...happy viewing po mula sa lokal ng atok gold,https://www.youtube.com/watch?v=ROa3kbG5M0U&lc=UgwdMhKMa1a9zevVSh54AaABAg,UgwdMhKMa1a9zevVSh54AaABAg,UCivhdJ2CQeLK8tlG7Wh2BSQ,"Fetched 05/23/2026, 9:00:03 PM GMT+8"
35395,@Vien.Bella-vu5rh4pz8b,2 weeks ago,God's Love is bigger than the ocean and brighter than the stars 🎶🎵  / #BenguetOnTop / Greetings to all Brethren 👋👋 From Lokal ng ATOK GOLD🇮🇹,https://www.youtube.com/watch?v=ROa3kbG5M0U&lc=UgxWfco0NLGC5mFEVNl4AaABAg,UgxWfco0NLGC5mFEVNl4AaABAg,UCB9NRJMQHTIobGeD1zbmbYA,"Fetched 05/23/2026, 9:00:03 PM GMT+8"
35396,@mayvehn,2 weeks ago,Go Benguet!!!! / ❤❤❤Lokal ng Atok Gold❤❤❤,https://www.youtube.com/watch?v=ROa3kbG5M0U&lc=UgyngrE2LT89tdZNKmF4AaABAg,UgyngrE2LT89tdZNKmF4AaABAg,UCivhdJ2CQeLK8tlG7Wh2BSQ,"Fetched 05/23/2026, 9:00:03 PM GMT+8"
35397,@mayvehn,2 weeks ago,masayang nanonood po.mula sa lokal ng atok gold,https://www.youtube.com/watch?v=ROa3kbG5M0U&lc=UgyouKlo3Gw-xw1CKEx4AaABAg,UgyouKlo3Gw-xw1CKEx4AaABAg,UCivhdJ2CQeLK8tlG7Wh2BSQ,"Fetched 05/23/2026, 9:00:03 PM GMT+8"
35398,@jasminedaludado7262,2 weeks ago,"Hello po sa mga KADIWA jan👋 / Happy rewatching po mula po sa Lokal ng Guisad, Distrito ng Benguet",https://www.youtube.com/watch?v=ROa3kbG5M0U&lc=UgyzFNrKSW3MEGOhfVh4AaABAg,UgyzFNrKSW3MEGOhfVh4AaABAg,UCA4HVmdH2Xj67gK8nZmpiZg,"Fetched 05/23/2026, 9:00:03 PM GMT+8"
35399,@Vien.Bella-vu5rh4pz8b,2 weeks ago,God's Love is bigger than the ocean and brighter than the stars 🎶🎵  / Greetings to all Brethren 👋👋 ---ATOK GOLD🇮🇹,https://www.youtube.com/watch?v=ROa3kbG5M0U&lc=UgzJRXL3egQo2YAjASJ4AaABAg,UgzJRXL3egQo2YAjASJ4AaABAg,UCB9NRJMQHTIobGeD1zbmbYA,"Fetched 05/23/2026, 9:00:03 PM GMT+8"
35400,@daisycastillo7985,2 weeks ago,Happy viewing po from lokal ng quezon hill..❤❤,https://www.youtube.com/watch?v=ROa3kbG5M0U&lc=UgwC9DPiTe3BhdbQs154AaABAg,UgwC9DPiTe3BhdbQs154AaABAg,UCMrjU45y0h9JC9PkHny6qGA,"Fetched 05/23/2026, 9:00:03 PM GMT+8"
35401,@joylee1468,2 weeks ago,#God's Love / #Distrito ng Benguet / #Lokal ng Atok Gold / #,https://www.youtube.com/watch?v=ROa3kbG5M0U&lc=Ugx7rW-Lzwf6bqf5iAl4AaABAg,Ugx7rW-Lzwf6bqf5iAl4AaABAg,UC7UWPgNV4p4GGKzoeFbHS8g,"Fetched 05/23/2026, 9:00:03 PM GMT+8"
35402,@joylee1468,2 weeks ago,"❤❤❤❤❤Lokal ng Atok Gold❤❤❤❤❤ / ""Our GOD ALWAYS HAS YOUR BACK...""",https://www.youtube.com/watch?v=ROa3kbG5M0U&lc=UgwKv374GkKbU7qhrBl4AaABAg,UgwKv374GkKbU7qhrBl4AaABAg,UC7UWPgNV4p4GGKzoeFbHS8g,"Fetched 05/23/2026, 9:00:03 PM GMT+8"
35403,@joylee1468,2 weeks ago,God's Love / #Distrito ng Benguet / #Lokal ng Atok Gold / ❤❤❤❤❤❤❤,https://www.youtube.com/watch?v=ROa3kbG5M0U&lc=UgyG5UcuGI3f29YmUVR4AaABAg,UgyG5UcuGI3f29YmUVR4AaABAg,UC7UWPgNV4p4GGKzoeFbHS8g,"Fetched 05/23/2026, 9:00:03 PM GMT+8"
35404,@mariloujucar3208,2 weeks ago,"Gandang hapon po mula s Lokal NG Taloy SUR, Distrito ng Benguet...",https://www.youtube.com/watch?v=ROa3kbG5M0U&lc=UgyXwNipErmLgfsR6hR4AaABAg,UgyXwNipErmLgfsR6hR4AaABAg,UCMbn31xrNEnulUG5fdpH82w,"Fetched 05/23/2026, 9:00:03 PM GMT+8"
35405,@joylee1468,2 weeks ago,"""You go with the courage..."" / # Lokal ng Atok Gold",https://www.youtube.com/watch?v=ROa3kbG5M0U&lc=UgxccKpNDZ5ol9ByZmJ4AaABAg,UgxccKpNDZ5ol9ByZmJ4AaABAg,UC7UWPgNV4p4GGKzoeFbHS8g,"Fetched 05/23/2026, 9:00:03 PM GMT+8"
35406,@joylee1468,2 weeks ago,masayang nanonood po.mula sa Lokal ng Atok Gold❤❤❤❤❤❤❤🎉🎉🎉🎉,https://www.youtube.com/watch?v=ROa3kbG5M0U&lc=Ugzt1p6QQVYbEJ66ViF4AaABAg,Ugzt1p6QQVYbEJ66ViF4AaABAg,UC7UWPgNV4p4GGKzoeFbHS8g,"Fetched 05/23/2026, 9:00:03 PM GMT+8"
35407,@meriamdaniwis7940,2 weeks ago,"Happy Viewing po.mula po sa Lokal ng Ambiong, Distrito ng Benguet",https://www.youtube.com/watch?v=ROa3kbG5M0U&lc=UgxRgHp4f5Fm-HWw80l4AaABAg,UgxRgHp4f5Fm-HWw80l4AaABAg,UCJd30xrIZSKtM-TXmHe02WQ,"Fetched 05/23/2026, 9:00:03 PM GMT+8"
35408,@Vien.Bella-vu5rh4pz8b,2 weeks ago,Happy happy viewing po mga kapatid. Maligayang Pagbati po sa inyo mula sa Lokal po ng Atok Gold ❤❤,https://www.youtube.com/watch?v=ROa3kbG5M0U&lc=UgzkY85KTPbdR__2idx4AaABAg,UgzkY85KTPbdR__2idx4AaABAg,UCB9NRJMQHTIobGeD1zbmbYA,"Fetched 05/23/2026, 9:00:03 PM GMT+8"
35409,@arthurpassian36,2 weeks ago,magandang hapon mga kptd happy vieweng mula po sa lokal ng Queson hill dstrito ng Benguet.,https://www.youtube.com/watch?v=ROa3kbG5M0U&lc=UgyRvBJaJvKY1sUTFwp4AaABAg,UgyRvBJaJvKY1sUTFwp4AaABAg,UCcnaUWfdvobP-90ZBk8Zy7g,"Fetched 05/23/2026, 9:00:03 PM GMT+8"
35410,@Dekudeku-w6h,2 weeks ago,🍿,https://www.youtube.com/watch?v=ROa3kbG5M0U&lc=UgyMGAvc0JU-dSfIB_14AaABAg.AWY9Dwk7WwEAWYBphgqL1t,UgyMGAvc0JU-dSfIB_14AaABAg.AWY9Dwk7WwEAWYBphgqL1t,UCM4Mu-nbuSNSgbg8URGZjpg,"Fetched 05/23/2026, 9:00:03 PM GMT+8"
35411,@Julskie28,2 weeks ago,"Happy rewatching!!! /  / Go go go Kadiwa Officers! /  / Mula po sa lokal ng Guisad, Distrito ng Benguet",https://www.youtube.com/watch?v=ROa3kbG5M0U&lc=UgzCHxR-KKAKce8Bz_V4AaABAg,UgzCHxR-KKAKce8Bz_V4AaABAg,UC1nz0UiWHV8lyoQdZtJejeg,"Fetched 05/23/2026, 9:00:03 PM GMT+8"
35412,@carmichaeldaligan4338,2 weeks ago,Go Benguet from Loakan airport,https://www.youtube.com/watch?v=ROa3kbG5M0U&lc=UgwEOYHm75OSloBN_Nd4AaABAg,UgwEOYHm75OSloBN_Nd4AaABAg,UC3beFEbw3Ob7lxJMsEas9yw,"Fetched 05/23/2026, 9:00:03 PM GMT+8"
35413,@johnreylucio8970,2 weeks ago,"Congratulations po Distrito ng BENGUET!!🥦🐑🍓 Masaya po kaming Bumabati, mula sa Benguet KDO's , at mga May TUNGKULIN sa aming lokal, LA TRINIDAD, Soliddddd❤",https://www.youtube.com/watch?v=ROa3kbG5M0U&lc=Ugy2Kt-DUEmU1R-57DR4AaABAg,Ugy2Kt-DUEmU1R-57DR4AaABAg,UCNMupRD4ySrN336KZpy29OA,"Fetched 05/23/2026, 9:00:03 PM GMT+8"
35414,@JessieEspinueva,2 weeks ago,❤ ❤❤happy viewing po sa lahat kapatid sa buong mundo mula po dito sa Lokal ng Lacaan Distrito ng Benguet.❤❤❤,https://www.youtube.com/watch?v=ROa3kbG5M0U&lc=Ugw_Hkrg2kM9mq4jpLd4AaABAg,Ugw_Hkrg2kM9mq4jpLd4AaABAg,UCVIFn1oY77C-ncqb4kh8inQ,"Fetched 05/23/2026, 9:00:03 PM GMT+8"
35415,@RJTBootshop,2 weeks ago,San Carlos Heights Baguio City happy Viewing😊❤❤❤,https://www.youtube.com/watch?v=ROa3kbG5M0U&lc=Ugx0RddaIM1gYDSr2ZJ4AaABAg,Ugx0RddaIM1gYDSr2ZJ4AaABAg,UC1cQlQEfkfsqrYaghGEeMXA,"Fetched 05/23/2026, 9:00:03 PM GMT+8"
35416,@primegarlitos4166,2 weeks ago,Helo Baguio City❤,https://www.youtube.com/watch?v=ROa3kbG5M0U&lc=Ugznd1zgo0FMArlxQ-F4AaABAg,Ugznd1zgo0FMArlxQ-F4AaABAg,UCCLVWodbPklUEkhu-BVHHMw,"Fetched 05/23/2026, 9:00:03 PM GMT+8"
35417,@gwynethcayabyab5981,2 weeks ago,Go Benguet /  / Lets go po mga kasamang Kadiwa officers🎉 / From lokal ng Megaroyale,https://www.youtube.com/watch?v=ROa3kbG5M0U&lc=UgwTOkZnVAy0cb7RQ2N4AaABAg,UgwTOkZnVAy0cb7RQ2N4AaABAg,UCouodNvhL1bfJC2Fz0B_Rcw,"Fetched 05/23/2026, 9:00:03 PM GMT+8"
35418,@Vien.Bella-vu5rh4pz8b,2 weeks ago,"Happy Viewing to all Brethren 🇮🇹 / from Lokal ng Atok Gold, Benguet",https://www.youtube.com/watch?v=ROa3kbG5M0U&lc=UgyWJR6QS5qy9Up4zMB4AaABAg,UgyWJR6QS5qy9Up4zMB4AaABAg,UCB9NRJMQHTIobGeD1zbmbYA,"Fetched 05/23/2026, 9:00:03 PM GMT+8"
35419,@KingArthurCarandang-fx9tc,2 weeks ago,Let's go Benguet  /  / Greeting for local ng GIBLARTAR: distrito ng Benguet,https://www.youtube.com/watch?v=ROa3kbG5M0U&lc=UgySJEOhbtxjxt63xEV4AaABAg,UgySJEOhbtxjxt63xEV4AaABAg,UCDrGsGsZZPOByra9demzjUw,"Fetched 05/23/2026, 9:00:03 PM GMT+8"
35420,@BlessPeralta,2 weeks ago,LETS GOO BENGUETTT!! /  / From Lokal ng Gibraltar,https://www.youtube.com/watch?v=ROa3kbG5M0U&lc=Ugw4QC25D4qfR1XhJrt4AaABAg,Ugw4QC25D4qfR1XhJrt4AaABAg,UCCBdv9NQuGR9wwKcICUMuwg,"Fetched 05/23/2026, 9:00:03 PM GMT+8"
35421,@lindsayabanag3272,2 weeks ago,Happy viewing from lokal Ng Gibraltar distrito Ng Benguet!,https://www.youtube.com/watch?v=ROa3kbG5M0U&lc=UgwtgUsdBQysm_1EHk14AaABAg,UgwtgUsdBQysm_1EHk14AaABAg,UCbxwqivvFFyEWYe-M1vBM7g,"Fetched 05/23/2026, 9:00:03 PM GMT+8"
35422,@elle.1914,2 weeks ago,"LETS GO BENGUET!! 🍓 /  / Greetings po from Lokal ng Gibraltar, Distrito ng Benguet!",https://www.youtube.com/watch?v=ROa3kbG5M0U&lc=UgzbIp1vWzp4MmuFirV4AaABAg,UgzbIp1vWzp4MmuFirV4AaABAg,UCTpq1TVl2hklh10PE8QqVhw,"Fetched 05/23/2026, 9:00:03 PM GMT+8"
35423,@KaJaz-r3n,2 weeks ago,LET'S GO BENGUEEET! Happy watching po from lokal ng GIBRALTAR. GO GO ATE PAT AND KA CHRIS❤🎉,https://www.youtube.com/watch?v=ROa3kbG5M0U&lc=Ugz_S1MI46ERidnaVBl4AaABAg,Ugz_S1MI46ERidnaVBl4AaABAg,UC4BTg4L19kJ77hFPPBce71g,"Fetched 05/23/2026, 9:00:03 PM GMT+8"
35424,@estellefrancescaroman5878,2 weeks ago,"Happy Watching po, from Lokal ng Gibraltar! 🫶🏻",https://www.youtube.com/watch?v=ROa3kbG5M0U&lc=UgzTaizAJarGc9wOFct4AaABAg,UgzTaizAJarGc9wOFct4AaABAg,UCeO61EfVEquuZSPvshgvZIA,"Fetched 05/23/2026, 9:00:03 PM GMT+8"
35425,@aizelfuchigami842,2 weeks ago,Greetings mula po sa Lokal ng Quezon Hill Distrito ng Benguet. Happy viewing po. 🇮🇹❤️🎼🎵🎶,https://www.youtube.com/watch?v=ROa3kbG5M0U&lc=Ugz8kP1WPCwOXh_YBMx4AaABAg,Ugz8kP1WPCwOXh_YBMx4AaABAg,UCAxDQnCZxAvsB6YgYjSR1nQ,"Fetched 05/23/2026, 9:00:03 PM GMT+8"
35426,@ChrisJhaydenDimalanta,2 weeks ago,Happy Viewing po from local ng Girbaltar!  LET'S GO BENGUET!,https://www.youtube.com/watch?v=ROa3kbG5M0U&lc=UgyzRQ0kTqEh693K_PB4AaABAg,UgyzRQ0kTqEh693K_PB4AaABAg,UChIV88HrxuZROXoSQA0jgsw,"Fetched 05/23/2026, 9:00:03 PM GMT+8"
35427,@yzabelgayadan6013,2 weeks ago,LEZZGOO BENGUET!💪 /  / Pagbati po sa lahat ng Maytungkulin sa distrito ng Benguet lalo na po sa lahat ng Benguet KDO!😊,https://www.youtube.com/watch?v=ROa3kbG5M0U&lc=UgyMfJfSj3s0_ZIB74F4AaABAg,UgyMfJfSj3s0_ZIB74F4AaABAg,UCdZGb4w25RyQ_9_blAErBaQ,"Fetched 05/23/2026, 9:00:03 PM GMT+8"
35428,@FelixRedobke,2 weeks ago,Happy Viewing po.... From local ng Baguio City.... Binabati ko lahat ng kalhiman🎉🎉,https://www.youtube.com/watch?v=ROa3kbG5M0U&lc=Ugxj_Z5J7VmWzkdtPTx4AaABAg,Ugxj_Z5J7VmWzkdtPTx4AaABAg,UC69kzuTTr6AUqEWFKTVo1Kw,"Fetched 05/23/2026, 9:00:03 PM GMT+8"
35429,@MargieAsuncion-h8z,2 weeks ago,Happy viewing po mula sa lokal ng quezon hill distrito ng benguet,https://www.youtube.com/watch?v=ROa3kbG5M0U&lc=Ugw_qPbO2n1mqVTDm5Z4AaABAg,Ugw_qPbO2n1mqVTDm5Z4AaABAg,UCD-xtzJz0bi91PIYAQIOFsA,"Fetched 05/23/2026, 9:00:03 PM GMT+8"
35430,@almazanrhyndylyn,2 weeks ago,Let's Go Benguet 🍓🍓🍓 /  / Naimbag nga malem kada tau amin karo iti kakadwa nga ada karbingan na iti Distrito iti Benguet kn Lokal iti Norcar karo mt kadagiti KaKadiwa t Distrito.,https://www.youtube.com/watch?v=ROa3kbG5M0U&lc=UgxIFMRi840fHv2X8VN4AaABAg,UgxIFMRi840fHv2X8VN4AaABAg,UCEoQCNgytnJxjJnAQLSzFeA,"Fetched 05/23/2026, 9:00:03 PM GMT+8"
35431,@Vien.Bella-vu5rh4pz8b,2 weeks ago (edited),advance congratulations po ka mickey🎉🎉 from atok gold po / - Jelyn and Jo 😊😊,https://www.youtube.com/watch?v=ROa3kbG5M0U&lc=UgwEOYHm75OSloBN_Nd4AaABAg.AWY7VRvAH8OAWY7ggdxBxJ,UgwEOYHm75OSloBN_Nd4AaABAg.AWY7VRvAH8OAWY7ggdxBxJ,UCB9NRJMQHTIobGeD1zbmbYA,"Fetched 05/23/2026, 9:00:03 PM GMT+8"
35432,@aileensygonzales698,2 weeks ago,Shout-out po mga Kapatid..Go BENGUET! Pagbati po mula sa lokal ng La Trinidad Distrito ng Benguet❤,https://www.youtube.com/watch?v=ROa3kbG5M0U&lc=UgyFFk8kwfIBAehpsJB4AaABAg,UgyFFk8kwfIBAehpsJB4AaABAg,UCFnUHQGDSZBZoSWfCcbp7ZA,"Fetched 05/23/2026, 9:00:03 PM GMT+8"
35433,@jonieyonga-an5239,2 weeks ago,"Pagbati Po sa aming destinado Ng Lokal, sa lokal Ng Norcar Distrito Ng Benguet, ang Kapatid na Benidict Godoy 🎉🎉🎉",https://www.youtube.com/watch?v=ROa3kbG5M0U&lc=Ugx3HDe0L6DWx956rhR4AaABAg,Ugx3HDe0L6DWx956rhR4AaABAg,UCgUo3JP_Fffuctza4bUumJg,"Fetched 05/23/2026, 9:00:03 PM GMT+8"
35434,@Takoshenchie,2 weeks ago,"GO GO GO GO BENGUET!!! TRULY AN INSPIRATION TO ALL! / ~~KADIWA AND PNK OFFICERS~~ / Guisad, Benguet",https://www.youtube.com/watch?v=ROa3kbG5M0U&lc=UgyNB8Z7A7uv5YhD-WN4AaABAg,UgyNB8Z7A7uv5YhD-WN4AaABAg,UCKL_3QOCN0VtAPkwus5A6Gw,"Fetched 05/23/2026, 9:00:03 PM GMT+8"
35435,@jonathancatiggay-j6y,2 weeks ago,"Happy viewing po from lokal ng pinsao, distrito Ng Benguet.",https://www.youtube.com/watch?v=ROa3kbG5M0U&lc=UgzlwwIx1Gj8RQKXkdh4AaABAg,UgzlwwIx1Gj8RQKXkdh4AaABAg,UCNLAwztd3VgOpHznyW7NcMw,"Fetched 05/23/2026, 9:00:03 PM GMT+8"
35436,@henrycaranto2644,2 weeks ago,5pm na!! Benguet Let’s Go🎉🎉❤️☺️ /  / Mga Kasamang KADIWA manuod at magComment na 🎉🎉 /  / Hello po sa lahat ng KADIWA at BINHI Locale and District Officers.🎉🎉☺️🇮🇹 /  / From Lokal ng Baguio City.❤❤,https://www.youtube.com/watch?v=ROa3kbG5M0U&lc=UgwxHDyiA6wj4YEgpRd4AaABAg,UgwxHDyiA6wj4YEgpRd4AaABAg,UCFilTOy22FklSkBIgwVPVaQ,"Fetched 05/23/2026, 9:00:03 PM GMT+8"
35437,@jonieyonga-an5239,2 weeks ago,Good afternoonnnnnnnn Benguet!!!! 🎉🎉 / Rewatchinggggg again / Greetings KDO Benguettt🎉,https://www.youtube.com/watch?v=ROa3kbG5M0U&lc=UgzWXPHg7UHkZBzp4IZ4AaABAg,UgzWXPHg7UHkZBzp4IZ4AaABAg,UCgUo3JP_Fffuctza4bUumJg,"Fetched 05/23/2026, 9:00:03 PM GMT+8"
35438,@Vien.Bella-vu5rh4pz8b,2 weeks ago,"Happy Viewing to all Brethren 🇮🇹 / from Lokal ng Atok Gold, Benguet❤❤❤",https://www.youtube.com/watch?v=ROa3kbG5M0U&lc=UgygCMHFya8ZYcgA7Mx4AaABAg,UgygCMHFya8ZYcgA7Mx4AaABAg,UCB9NRJMQHTIobGeD1zbmbYA,"Fetched 05/23/2026, 9:00:03 PM GMT+8"
35439,@eddienadiahan1842,2 weeks ago,Happy viewing po mula sa lokal ng lacaan.,https://www.youtube.com/watch?v=ROa3kbG5M0U&lc=UgzQGPTF7ato_qZBZzl4AaABAg,UgzQGPTF7ato_qZBZzl4AaABAg,UCFGy-w2ZcvliKW5A41Bha5w,"Fetched 05/23/2026, 9:00:03 PM GMT+8"
35440,@JhadeVecino,2 weeks ago,Happy viewing from LOKAL NG ATOK GOLD BENGUET,https://www.youtube.com/watch?v=ROa3kbG5M0U&lc=Ugx6S5fR4LPdQVCWbVt4AaABAg,Ugx6S5fR4LPdQVCWbVt4AaABAg,UC6G7aKYeoTFEdZdzsafEppQ,"Fetched 05/23/2026, 9:00:03 PM GMT+8"
35441,@felixredoble3487,2 weeks ago,Happy viewing po.... From Baguio City,https://www.youtube.com/watch?v=ROa3kbG5M0U&lc=UgwYklROqlaeHTzb-0l4AaABAg,UgwYklROqlaeHTzb-0l4AaABAg,UCxLxeALq8PdNtV_FjSW7xdA,"Fetched 05/23/2026, 9:00:03 PM GMT+8"
35442,@nelmacaganda7734,2 weeks ago,"Happy Viewing po From Megaroyale Village, Distrito ng Benguet",https://www.youtube.com/watch?v=ROa3kbG5M0U&lc=Ugxj47bsO91ONK8Sdrx4AaABAg,Ugxj47bsO91ONK8Sdrx4AaABAg,UCXf4yWkyTkEZESbzF52KJuQ,"Fetched 05/23/2026, 9:00:03 PM GMT+8"
35443,@CasseySGonzales,2 weeks ago,Happy Viewing po mga kapatid🐑  from Lokal ng La Trinidad Distrito ng Benguet🍓  / Binabati ko rin po ang Destinado at ang mga nasa Kapisanang Binhi🌱ng La Trinidad,https://www.youtube.com/watch?v=ROa3kbG5M0U&lc=UgygW-p5y2Zhbx52VXV4AaABAg,UgygW-p5y2Zhbx52VXV4AaABAg,UCZ_1zJtZfWs6L_NdfNJCvtQ,"Fetched 05/23/2026, 9:00:03 PM GMT+8"
35444,@arjaybecyagen1623,2 weeks ago,"🎉HAPPY VIEWING!!!! mula po sa Lokal ng San Carlos Heights, Distrito ng Benguet",https://www.youtube.com/watch?v=ROa3kbG5M0U&lc=Ugy6mCgavPfKF_m6TsZ4AaABAg,Ugy6mCgavPfKF_m6TsZ4AaABAg,UCwA7ULySGCL6yBwXEDRQJ6g,"Fetched 05/23/2026, 9:00:03 PM GMT+8"
35445,@Vien.Bella-vu5rh4pz8b,2 weeks ago,Pagbati po sa lahat ng kapatid. Mula po sa Lokal ng Atok Gold ❤❤,https://www.youtube.com/watch?v=ROa3kbG5M0U&lc=UgzIWhdR6UiG7N3Q0GV4AaABAg,UgzIWhdR6UiG7N3Q0GV4AaABAg,UCB9NRJMQHTIobGeD1zbmbYA,"Fetched 05/23/2026, 9:00:03 PM GMT+8"
35446,@jeanietugad4595,2 weeks ago,"Mula po sa Lokal ng Atok, maligayang panonood po mga kapatid, Kalihiman/Registry..",https://www.youtube.com/watch?v=ROa3kbG5M0U&lc=Ugw34YyMKQk0fHWU53t4AaABAg,Ugw34YyMKQk0fHWU53t4AaABAg,UC4-hT99A9u-aH7hnm5JCSfg,"Fetched 05/23/2026, 9:00:03 PM GMT+8"
35447,@michelletipay9680,2 weeks ago,happy viewing from locale of City Camp,https://www.youtube.com/watch?v=ROa3kbG5M0U&lc=UgzgWUUa0KL_aC8fa3N4AaABAg,UgzgWUUa0KL_aC8fa3N4AaABAg,UC6LkTTZSJ6-jAbLZerKSoQg,"Fetched 05/23/2026, 9:00:03 PM GMT+8"
35448,@Vien.Bella-vu5rh4pz8b,2 weeks ago (edited),Happy Viewing po mula sa Lokal ng Atok Gold😊,https://www.youtube.com/watch?v=ROa3kbG5M0U&lc=UgxxhIyd8hXWfw2ETnd4AaABAg,UgxxhIyd8hXWfw2ETnd4AaABAg,UCB9NRJMQHTIobGeD1zbmbYA,"Fetched 05/23/2026, 9:00:03 PM GMT+8"
35449,@jenelynlegaspi5472,2 weeks ago,Go BENGUET!!! / #QUEZONHILL,https://www.youtube.com/watch?v=ROa3kbG5M0U&lc=Ugz_J89YPxJABySiKdZ4AaABAg,Ugz_J89YPxJABySiKdZ4AaABAg,UCLjU_xM1oUxJ0N9ClfCcPjQ,"Fetched 05/23/2026, 9:00:03 PM GMT+8"
35450,@jeanietugad4595,2 weeks ago,happy viewing po from lokal ng atok gold / -kalihiman/registry,https://www.youtube.com/watch?v=ROa3kbG5M0U&lc=Ugy1Xy2rmOniDAZwH5p4AaABAg,Ugy1Xy2rmOniDAZwH5p4AaABAg,UC4-hT99A9u-aH7hnm5JCSfg,"Fetched 05/23/2026, 9:00:03 PM GMT+8"
35451,@joymaylee-e9o,2 weeks ago,Happy viewing po mga kapatid...mula po sa Lokal ng Atok Gold❤❤❤❤,https://www.youtube.com/watch?v=ROa3kbG5M0U&lc=Ugx-Xn3CZHGxNej8qG94AaABAg,Ugx-Xn3CZHGxNej8qG94AaABAg,UCVNaOxPbc9ZEHqlMp6TAgMA,"Fetched 05/23/2026, 9:00:03 PM GMT+8"
35452,@joymaylee-e9o,2 weeks ago,kumusta po mga kapatid....patuloy po sa panonood mula po sa Lokal ng Atok Gold,https://www.youtube.com/watch?v=ROa3kbG5M0U&lc=UgxoLqvZNBiNbP7iKFF4AaABAg,UgxoLqvZNBiNbP7iKFF4AaABAg,UCVNaOxPbc9ZEHqlMp6TAgMA,"Fetched 05/23/2026, 9:00:03 PM GMT+8"
35453,@iya-k7j,2 weeks ago,"happy viewing po mula sa kapisanang binhi,lokal ng atok gold",https://www.youtube.com/watch?v=ROa3kbG5M0U&lc=UgzL50CH83DtQS2qqS54AaABAg,UgzL50CH83DtQS2qqS54AaABAg,UC_R2GfmFAjE8k8DgEjmtv7g,"Fetched 05/23/2026, 9:00:03 PM GMT+8"
35454,@iya-k7j,2 weeks ago,magandang hapon po..mula po sa lokal ng atok gold,https://www.youtube.com/watch?v=ROa3kbG5M0U&lc=Ugy1upmHkd0G1jSidol4AaABAg,Ugy1upmHkd0G1jSidol4AaABAg,UC_R2GfmFAjE8k8DgEjmtv7g,"Fetched 05/23/2026, 9:00:03 PM GMT+8"
35455,@RJAnekang,2 weeks ago,FROM KALIHIMAN/REGISTRY LOKAL NG TADIANGAN ❤❤❤,https://www.youtube.com/watch?v=ROa3kbG5M0U&lc=UgyIXVqwJ49F680frxh4AaABAg,UgyIXVqwJ49F680frxh4AaABAg,UCEvFqx6z7OMIm2nQo4CgQFA,"Fetched 05/23/2026, 9:00:03 PM GMT+8"
35456,@JhadeVecino,2 weeks ago,Magandanh hapon Po. Mula sa LOKAL NG ATOK GOLD BENGUET,https://www.youtube.com/watch?v=ROa3kbG5M0U&lc=UgziaTS1KobH7dqQl-J4AaABAg,UgziaTS1KobH7dqQl-J4AaABAg,UC6G7aKYeoTFEdZdzsafEppQ,"Fetched 05/23/2026, 9:00:03 PM GMT+8"
35457,@gwynethcayabyab5981,2 weeks ago,"Good afternoon po! , Mula po sa lokal ng Megaroyale  /  / Binabati ko din po lahat ng kadiwa district officers 🫶🏻",https://www.youtube.com/watch?v=ROa3kbG5M0U&lc=Ugyyl-20nGbqovlkWMF4AaABAg,Ugyyl-20nGbqovlkWMF4AaABAg,UCouodNvhL1bfJC2Fz0B_Rcw,"Fetched 05/23/2026, 9:00:03 PM GMT+8"
35458,@luibustamante9493,2 weeks ago,Keep on watching po mga Kapatid. LET'S GO BENGUET 🍓🫶💪💪💪 /  / Binabati ko po lahat ng mga MTs lalo na mga kasamang Kadiwa at KDO 🤗🤗🤗 /  / Rewatching from lokal ng tuba Distrito ng Benguet,https://www.youtube.com/watch?v=ROa3kbG5M0U&lc=Ugxcn43BoxberaEzH3l4AaABAg,Ugxcn43BoxberaEzH3l4AaABAg,UCFAmrhDmv6rvZrQoYp-IS9w,"Fetched 05/23/2026, 9:00:03 PM GMT+8"
35459,@kristine7303,2 weeks ago,"Kulang na lang gawing ringtone 😂😂 / Let's Go BENGUET!❤🎉 Mula sa D.O ng KADIWA, at Lokal ng Marcos Highway yey!!!🎉",https://www.youtube.com/watch?v=ROa3kbG5M0U&lc=UgzcC_xKH4DupXBaOnh4AaABAg,UgzcC_xKH4DupXBaOnh4AaABAg,UCJnlqat5vcPuV6GiDugaBnA,"Fetched 05/23/2026, 9:00:03 PM GMT+8"
35460,@JhadeVecino,2 weeks ago,Naimbag a malem ti am Amin nga kakabsat magapo ti LOKAL NG ATOK GOLD BENGUET.,https://www.youtube.com/watch?v=ROa3kbG5M0U&lc=UgxQ648ZRIuk1FIVGSh4AaABAg,UgxQ648ZRIuk1FIVGSh4AaABAg,UC6G7aKYeoTFEdZdzsafEppQ,"Fetched 05/23/2026, 9:00:03 PM GMT+8"
35461,@JhadeVecino,2 weeks ago,Happy viewing from LOKAL NG ATOK GOLD BENGUET..,https://www.youtube.com/watch?v=ROa3kbG5M0U&lc=Ugx80hAjyMPd0AC_ojJ4AaABAg,Ugx80hAjyMPd0AC_ojJ4AaABAg,UC6G7aKYeoTFEdZdzsafEppQ,"Fetched 05/23/2026, 9:00:03 PM GMT+8"
35462,@rejomartayaban,2 weeks ago,Gooo Bengueettt!! Enjoy viewing poo mga kapatid from Lokal ng La Trinidad Distrito ng Benguet at mula sa KADIWA's of Benguet✨,https://www.youtube.com/watch?v=ROa3kbG5M0U&lc=UgxTICoyIGF_ou7v2794AaABAg,UgxTICoyIGF_ou7v2794AaABAg,UCi7RYRPFL6HTFaScpYFJMJQ,"Fetched 05/23/2026, 9:00:03 PM GMT+8"
35463,@jeanietugad4595,2 weeks ago,"Magandang hapon po sa lahat ng nanonood, Kalihiman/Registry, Atok Gold.....",https://www.youtube.com/watch?v=ROa3kbG5M0U&lc=UgxOpGD_vUS_-26PlPF4AaABAg,UgxOpGD_vUS_-26PlPF4AaABAg,UC4-hT99A9u-aH7hnm5JCSfg,"Fetched 05/23/2026, 9:00:03 PM GMT+8"
35464,@iya-k7j,2 weeks ago,magandang hapon po / Lokal ng Atok Gold,https://www.youtube.com/watch?v=ROa3kbG5M0U&lc=Ugw1EVIRsLipj-262pV4AaABAg,Ugw1EVIRsLipj-262pV4AaABAg,UC_R2GfmFAjE8k8DgEjmtv7g,"Fetched 05/23/2026, 9:00:03 PM GMT+8"
35465,@Takoshenchie,2 weeks ago,Best of the best! Go Benguet! - PNK/Kadiwa officers from Guisad,https://www.youtube.com/watch?v=ROa3kbG5M0U&lc=UgwGyjdWgnHQ-Yf1_K14AaABAg,UgwGyjdWgnHQ-Yf1_K14AaABAg,UCKL_3QOCN0VtAPkwus5A6Gw,"Fetched 05/23/2026, 9:00:03 PM GMT+8"
35466,@jeanietugad4595,2 weeks ago,"Happy viewing po, mula sa Kalihiman/Registry, Lokal ng Atok Gold, Distrito ng Benguet, pagbati po ky kapatid na Ramil Toledo, magiting na KSM ng Distrito ng Benguet.",https://www.youtube.com/watch?v=ROa3kbG5M0U&lc=UgzBPzl0BtphJMF5FD94AaABAg,UgzBPzl0BtphJMF5FD94AaABAg,UC4-hT99A9u-aH7hnm5JCSfg,"Fetched 05/23/2026, 9:00:03 PM GMT+8"
35467,@joymaylee-e9o,2 weeks ago,masayang panonood po mga kapatid / mula po sa Kapisanang Buklod / Lokal ng Atok Gold❤❤❤,https://www.youtube.com/watch?v=ROa3kbG5M0U&lc=UgzQEP4-MdAu2ieDagR4AaABAg,UgzQEP4-MdAu2ieDagR4AaABAg,UCVNaOxPbc9ZEHqlMp6TAgMA,"Fetched 05/23/2026, 9:00:03 PM GMT+8"
35468,@joymaylee-e9o,2 weeks ago,❤❤patuloy po na sumusubaybay...mula po sa lokal ng atok gold❤❤,https://www.youtube.com/watch?v=ROa3kbG5M0U&lc=UgzP-TUxDaNPaXKeZQx4AaABAg,UgzP-TUxDaNPaXKeZQx4AaABAg,UCVNaOxPbc9ZEHqlMp6TAgMA,"Fetched 05/23/2026, 9:00:03 PM GMT+8"
35469,@YancyNacion-n5u,2 weeks ago,Walang humpay na pagsuporta mula sa mga MT ng KADIWA at PNK ng Lokal ng Guisad! Go Benguet,https://www.youtube.com/watch?v=ROa3kbG5M0U&lc=UgwywZK9Nu-tTne_tA54AaABAg,UgwywZK9Nu-tTne_tA54AaABAg,UCYckAsE9mXU3rKaPquzzOUw,"Fetched 05/23/2026, 9:00:03 PM GMT+8"
35470,@jonieyonga-an5239,2 weeks ago,Pagbati Po sa lahat Ng mga maytungkulin sa Kapisanang pansambahayan Distrito Ng Benguet!!🎉🎉,https://www.youtube.com/watch?v=ROa3kbG5M0U&lc=Ugx4ql8uUfoa7kGXBkR4AaABAg,Ugx4ql8uUfoa7kGXBkR4AaABAg,UCgUo3JP_Fffuctza4bUumJg,"Fetched 05/23/2026, 9:00:03 PM GMT+8"
35471,@YancyNacion,2 weeks ago (edited),THE BEST IS FROM BENGUET!!! /  / KADIWA AND PNK FR. GUISAD,https://www.youtube.com/watch?v=ROa3kbG5M0U&lc=UgwPS82HPIzDqt2ERdF4AaABAg,UgwPS82HPIzDqt2ERdF4AaABAg,UCuw89WWxZcWIx30Lr7e3jyQ,"Fetched 05/23/2026, 9:00:03 PM GMT+8"
35472,@jeanietugad4595,2 weeks ago,"Greetings po, mula sa Lokal ng Atok Gold, Distrito ng Benguet, Kalihiman/Registry.",https://www.youtube.com/watch?v=ROa3kbG5M0U&lc=UgwSu-IZJVOgVs11kKp4AaABAg,UgwSu-IZJVOgVs11kKp4AaABAg,UC4-hT99A9u-aH7hnm5JCSfg,"Fetched 05/23/2026, 9:00:03 PM GMT+8"
35473,@jonieyonga-an5239,2 weeks ago,Greetings Po KDO Benguettt!!🎉,https://www.youtube.com/watch?v=ROa3kbG5M0U&lc=UgyacPGI5nQA75mO0MJ4AaABAg,UgyacPGI5nQA75mO0MJ4AaABAg,UCgUo3JP_Fffuctza4bUumJg,"Fetched 05/23/2026, 9:00:03 PM GMT+8"
35474,@jasminedaludado7262,2 weeks ago,"Magandang hapon po sa lahat!! /  / Rewatching po from Lokal ng Guisad, Distrito ng Benguet /  / Let's go Benguet!!❤❤",https://www.youtube.com/watch?v=ROa3kbG5M0U&lc=Ugy5__nmbRMPq99EN6J4AaABAg,Ugy5__nmbRMPq99EN6J4AaABAg,UCA4HVmdH2Xj67gK8nZmpiZg,"Fetched 05/23/2026, 9:00:03 PM GMT+8"
35475,@jonieyonga-an5239,2 weeks ago,Gooooo Benguettt!!!!!!🎉,https://www.youtube.com/watch?v=ROa3kbG5M0U&lc=Ugx6NdX5XAZIZat8p9l4AaABAg,Ugx6NdX5XAZIZat8p9l4AaABAg,UCgUo3JP_Fffuctza4bUumJg,"Fetched 05/23/2026, 9:00:03 PM GMT+8"
35476,@YibbyAi,2 weeks ago (edited),Benguet’s best. Let’s go!!!  /  / ——KADIWA & PNK FROM GUISAD——,https://www.youtube.com/watch?v=ROa3kbG5M0U&lc=UgyXIyP-_K6voeuRfch4AaABAg,UgyXIyP-_K6voeuRfch4AaABAg,UC5YNUnawyUZ6ZBsAlhms20g,"Fetched 05/23/2026, 9:00:03 PM GMT+8"
35477,@aulsenplays7478,2 weeks ago,"Happy viewing po mga kapatid mula po sa KDO Benguet, rewatching po from Lokal ng Megaroyale Village Distrito ng Benguet",https://www.youtube.com/watch?v=ROa3kbG5M0U&lc=UgyvhMn1iFRUbhYzpqN4AaABAg,UgyvhMn1iFRUbhYzpqN4AaABAg,UC0q4h4afOdRctXCQdqEo_ZQ,"Fetched 05/23/2026, 9:00:03 PM GMT+8"
35478,@KaJaz-r3n,2 weeks ago,LSS talagaaaa. Hindi din nakakasawa panoorin. SUPER GALINGG! LET'S GO BENGUEEET! HELLO PO DISTRICT OFFICERS! 🎉,https://www.youtube.com/watch?v=ROa3kbG5M0U&lc=UgyJOVn2pSfWIzBh4Hl4AaABAg,UgyJOVn2pSfWIzBh4Hl4AaABAg,UC4BTg4L19kJ77hFPPBce71g,"Fetched 05/23/2026, 9:00:03 PM GMT+8"
35479,@almazanrhyndylyn,2 weeks ago,Patuloy po na pagsuporta at pakikinig mula sa Lokal ng Norcar Distrito ng Benguet.  / Magandang hapon po uli sa lahat ng mga kasamang may tungkulin sa Distrito lalo na po sa mga nasa Kapisanang Kadiwa. /  / ❤❤,https://www.youtube.com/watch?v=ROa3kbG5M0U&lc=UgyK7zuCYCFIdd1y1Il4AaABAg,UgyK7zuCYCFIdd1y1Il4AaABAg,UCEoQCNgytnJxjJnAQLSzFeA,"Fetched 05/23/2026, 9:00:03 PM GMT+8"
35480,@henrycaranto2644,2 weeks ago,"Hello po sa lahat ng nakasubaybay. /  / Hello po sa mga KADIWA at BINHI District Officers ng Benguet na kaninang Umaga pa ay nakasuporta na 🥰🥰 /  / Pagbati din po sa lahat ng Kapisanan sa Distrito ng Benguet 🇮🇹🥰🎉 /  / Let’s Go Benguet / 🎉🎉 /  / From lokal ng Baguio City,Benguet ❤",https://www.youtube.com/watch?v=ROa3kbG5M0U&lc=UgwJ8FHwJljI-bNxsZt4AaABAg,UgwJ8FHwJljI-bNxsZt4AaABAg,UCFilTOy22FklSkBIgwVPVaQ,"Fetched 05/23/2026, 9:00:03 PM GMT+8"
35481,@Julskie28,2 weeks ago,"Happy rewatching po ulit sa ating lahat! /  / Shout out po ulit sa lahat ng nasa Kapisanang Kadiwa jan! /  /  / Mula po sa Lokal ng Guisad, Distrito ng Benguet /  / Let's Go Benguet 🎉🍓🍓",https://www.youtube.com/watch?v=ROa3kbG5M0U&lc=Ugw19WUUgxfrGczTKlh4AaABAg,Ugw19WUUgxfrGczTKlh4AaABAg,UC1nz0UiWHV8lyoQdZtJejeg,"Fetched 05/23/2026, 9:00:03 PM GMT+8"
35482,@JennilynLazaro-y5x6v,2 weeks ago,Happy viewing po sa lahat mula po sa Lokal ng Atok Gold,https://www.youtube.com/watch?v=ROa3kbG5M0U&lc=UgyQN04nwTNU6duZGvZ4AaABAg,UgyQN04nwTNU6duZGvZ4AaABAg,UCItB-k__Z6a289WuGtIxsbw,"Fetched 05/23/2026, 9:00:03 PM GMT+8"
35483,@wilbersaley580,2 weeks ago,Happy viewing lokal ng buyagan.,https://www.youtube.com/watch?v=ROa3kbG5M0U&lc=Ugzkfhv7hfZh6HqVWAd4AaABAg,Ugzkfhv7hfZh6HqVWAd4AaABAg,UCCn0fPnOeb1XlErQn265puQ,"Fetched 05/23/2026, 9:00:03 PM GMT+8"
35484,@johnreylucio8970,2 weeks ago,"Happy Viewing po sa lahat ng kapatid sa buong Mundo, Kaisa po kaming lahat na Maytungkulin sa Lokal ng LA TRINIDAD, Binabati ko din po lahat ng KADIWA , Ingat po palagi🥦🐑🍓",https://www.youtube.com/watch?v=ROa3kbG5M0U&lc=UgzkM-aPp1uxibwl3TF4AaABAg,UgzkM-aPp1uxibwl3TF4AaABAg,UCNMupRD4ySrN336KZpy29OA,"Fetched 05/23/2026, 9:00:03 PM GMT+8"
35485,@joymaylee-e9o,2 weeks ago,"#God's Love / ""His wondrous Love""❤❤❤❤#Lokal ng Atok Gold",https://www.youtube.com/watch?v=ROa3kbG5M0U&lc=UgyIiO30WP3qCaXxc814AaABAg,UgyIiO30WP3qCaXxc814AaABAg,UCVNaOxPbc9ZEHqlMp6TAgMA,"Fetched 05/23/2026, 9:00:03 PM GMT+8"
35486,@jeanietugad4595,2 weeks ago,"Happy viewing po sa lahat, mula sa Kalihiman/Registry ng Lokal ng Atok Gold, Distrito ng Benguet, binabati ko po ang butihing maybahay ng aming destinado ng Happy happy Birthday sa Sabado, kapatid na Joy Lee..❤",https://www.youtube.com/watch?v=ROa3kbG5M0U&lc=UgzTWkm5HGKPDHTRc6R4AaABAg,UgzTWkm5HGKPDHTRc6R4AaABAg,UC4-hT99A9u-aH7hnm5JCSfg,"Fetched 05/23/2026, 9:00:03 PM GMT+8"
35487,@joymaylee-e9o,2 weeks ago,"God's Love / ""It's his precious gift to us"" / ❤❤❤❤❤❤❤❤❤❤ / Lokal ng Atok Gold",https://www.youtube.com/watch?v=ROa3kbG5M0U&lc=UgyQBZd659lvDlJpn5l4AaABAg,UgyQBZd659lvDlJpn5l4AaABAg,UCVNaOxPbc9ZEHqlMp6TAgMA,"Fetched 05/23/2026, 9:00:03 PM GMT+8"
35488,@wilbersaley580,2 weeks ago,Mula po sa aking sambahayan maligayang panonood WLS. Sa lokal ng buyagan.,https://www.youtube.com/watch?v=ROa3kbG5M0U&lc=UgzLzQIvRSEA-YzaTwB4AaABAg,UgzLzQIvRSEA-YzaTwB4AaABAg,UCCn0fPnOeb1XlErQn265puQ,"Fetched 05/23/2026, 9:00:03 PM GMT+8"
35489,@iya-k7j,2 weeks ago,maligayang panonood mula po sa lokal ng atok gold,https://www.youtube.com/watch?v=ROa3kbG5M0U&lc=Ugw55QyaTanBuetjdbl4AaABAg,Ugw55QyaTanBuetjdbl4AaABAg,UC_R2GfmFAjE8k8DgEjmtv7g,"Fetched 05/23/2026, 9:00:03 PM GMT+8"
35490,@iya-k7j,2 weeks ago,magandang hapon po mula sa lokal ng atok gold,https://www.youtube.com/watch?v=ROa3kbG5M0U&lc=UgxMOb7E89fx3Pu8OBl4AaABAg,UgxMOb7E89fx3Pu8OBl4AaABAg,UC_R2GfmFAjE8k8DgEjmtv7g,"Fetched 05/23/2026, 9:00:03 PM GMT+8"
35491,@wilbersaley580,2 weeks ago,Mga mt.sa lokal ng buyagan happy viewng.,https://www.youtube.com/watch?v=ROa3kbG5M0U&lc=UgxPbTICUWc88Gtg2j54AaABAg,UgxPbTICUWc88Gtg2j54AaABAg,UCCn0fPnOeb1XlErQn265puQ,"Fetched 05/23/2026, 9:00:03 PM GMT+8"
35492,@JhadeVecino,2 weeks ago,Greetings from may mga Golden hearts.. LOKAL NG ATOK GOLD BENGUET. Happy viewing.,https://www.youtube.com/watch?v=ROa3kbG5M0U&lc=UgwbO1jZAfb9yvFSj354AaABAg,UgwbO1jZAfb9yvFSj354AaABAg,UC6G7aKYeoTFEdZdzsafEppQ,"Fetched 05/23/2026, 9:00:03 PM GMT+8"
35493,@JennilynLazaro-y5x6v,2 weeks ago,Happy watching po mula sa Lokal ng Atok Gold 😊😊,https://www.youtube.com/watch?v=ROa3kbG5M0U&lc=Ugy63le1udzIPWlM_c94AaABAg,Ugy63le1udzIPWlM_c94AaABAg,UCItB-k__Z6a289WuGtIxsbw,"Fetched 05/23/2026, 9:00:03 PM GMT+8"
35494,@iya-k7j,2 weeks ago,"pagbati po mula sa kapisanang binhi,lokal ng atok gold❤❤❤❤",https://www.youtube.com/watch?v=ROa3kbG5M0U&lc=UgxC_XyayKojg85mENt4AaABAg,UgxC_XyayKojg85mENt4AaABAg,UC_R2GfmFAjE8k8DgEjmtv7g,"Fetched 05/23/2026, 9:00:03 PM GMT+8"
35495,@gladysannponseca7828,2 weeks ago,Happy Viewing po sa lahat ng mga Kapatid sa Buong Mundo 😇🤗 / Pagbati po mula sa lokal ng Lourdes / Distrito ng Benguet 👋👋,https://www.youtube.com/watch?v=ROa3kbG5M0U&lc=UgxqZ9cv0f1n_HjD9Xd4AaABAg,UgxqZ9cv0f1n_HjD9Xd4AaABAg,UClgvbvdc0yYQEQGfa8KWZVg,"Fetched 05/23/2026, 9:00:03 PM GMT+8"
35496,@JennilynLazaro-y5x6v,2 weeks ago,"Mula po sa Kagawaran ng mga Mang-aawit 🎶 sa Lokal ng Atok Gold, Distrito ng Benguet 🇮🇹  / kami po ay bumabati ng maligayang panonood sa aming mga magigiting na Tagapagturo - Ka Leo Cuaresma at Assistant Tagapagturo Ka Cedie Serafica at Ka Archievald Ingco 😊❤❤",https://www.youtube.com/watch?v=ROa3kbG5M0U&lc=UgyeFUMlHCDQn5o2ASl4AaABAg,UgyeFUMlHCDQn5o2ASl4AaABAg,UCItB-k__Z6a289WuGtIxsbw,"Fetched 05/23/2026, 9:00:03 PM GMT+8"
35497,@wilbersaley580,2 weeks ago,Happy viewing pamunoan lokal ng buyagan.,https://www.youtube.com/watch?v=ROa3kbG5M0U&lc=UgzMDlzf-ERRS-bHcTd4AaABAg,UgzMDlzf-ERRS-bHcTd4AaABAg,UCCn0fPnOeb1XlErQn265puQ,"Fetched 05/23/2026, 9:00:03 PM GMT+8"
35498,@iya-k7j,2 weeks ago,❤❤❤❤happy viewing po❤❤❤❤mula po sa lokal ng atok gold,https://www.youtube.com/watch?v=ROa3kbG5M0U&lc=UgwKU70cRaU8n9WRO9J4AaABAg,UgwKU70cRaU8n9WRO9J4AaABAg,UC_R2GfmFAjE8k8DgEjmtv7g,"Fetched 05/23/2026, 9:00:03 PM GMT+8"
35499,@MylaGarcia-y3p,2 weeks ago,Let's Go Benguet!!🎉🎉 / Pagbati po mula sa kapisanang Binhi Lokal and District Officers.🫶🎉,https://www.youtube.com/watch?v=ROa3kbG5M0U&lc=Ugwrwu8dISUe8e7UMdx4AaABAg,Ugwrwu8dISUe8e7UMdx4AaABAg,UC986iCV8EIPka_wTNMTpeBw,"Fetched 05/23/2026, 9:00:03 PM GMT+8"
35500,@iya-k7j,2 weeks ago,magandang hapon.....mula sa Lokal ng Atok Gold,https://www.youtube.com/watch?v=ROa3kbG5M0U&lc=UgznOASY07-xAv_n-O54AaABAg,UgznOASY07-xAv_n-O54AaABAg,UC_R2GfmFAjE8k8DgEjmtv7g,"Fetched 05/23/2026, 9:00:03 PM GMT+8"
35501,@JennilynLazaro-y5x6v,2 weeks ago,"Maligayang panonood sa sambahayan po ng aming Destinado, KA ELVIN LEE. / At Advance Happy Birthday na din po sa kanilang butihing maybahay, KA JOY LEE 🎉🎉 Mula po sa Lokal ng ATOK GOLD 🇮🇹",https://www.youtube.com/watch?v=ROa3kbG5M0U&lc=UgybsgBbnOTJCc-r62N4AaABAg,UgybsgBbnOTJCc-r62N4AaABAg,UCItB-k__Z6a289WuGtIxsbw,"Fetched 05/23/2026, 9:00:03 PM GMT+8"
35502,@wilbersaley580,2 weeks ago,Maligayang panonood mula sa lokal ng buyagan.distrito ng benguet.,https://www.youtube.com/watch?v=ROa3kbG5M0U&lc=Ugy7gJgFffLpCXG_SOF4AaABAg,Ugy7gJgFffLpCXG_SOF4AaABAg,UCCn0fPnOeb1XlErQn265puQ,"Fetched 05/23/2026, 9:00:03 PM GMT+8"
35503,@joymaylee-e9o,2 weeks ago,Happy watching po mga kapatid mula po sa Lokal ng Atok Gold,https://www.youtube.com/watch?v=ROa3kbG5M0U&lc=UgwP25HEeYvgyrCMIdh4AaABAg,UgwP25HEeYvgyrCMIdh4AaABAg,UCVNaOxPbc9ZEHqlMp6TAgMA,"Fetched 05/23/2026, 9:00:03 PM GMT+8"
35504,@JhadeVecino,2 weeks ago,Happy day Po Mula sa LOKAL NG ATOK GOLD.pagbati Po sa mga magigiting namin TSV..,https://www.youtube.com/watch?v=ROa3kbG5M0U&lc=Ugyzg5Hlcr4FxjhNI0h4AaABAg,Ugyzg5Hlcr4FxjhNI0h4AaABAg,UC6G7aKYeoTFEdZdzsafEppQ,"Fetched 05/23/2026, 9:00:03 PM GMT+8"
35505,@joymaylee-e9o,2 weeks ago,##Lokal ng Atok Gold / Shout out po sa pinakamasipag po naming Pangulong Kalihim Kapatid na Jeanie Tugad❤❤❤,https://www.youtube.com/watch?v=ROa3kbG5M0U&lc=Ugxmj7Q4ycEaSNWwIhd4AaABAg,Ugxmj7Q4ycEaSNWwIhd4AaABAg,UCVNaOxPbc9ZEHqlMp6TAgMA,"Fetched 05/23/2026, 9:00:03 PM GMT+8"
35506,@darryljamesdulay5838,2 weeks ago,Happy viewing po mula sa Distrito ng Benguet Lokal ng Tublay.,https://www.youtube.com/watch?v=ROa3kbG5M0U&lc=UgwF_-fySTbfWMX1Rqt4AaABAg,UgwF_-fySTbfWMX1Rqt4AaABAg,UCnGJZQ1U6wgW0MMDs13xx1Q,"Fetched 05/23/2026, 9:00:03 PM GMT+8"
35507,@joymaylee-e9o,2 weeks ago,###Lokal ng Atok Gold / shout out po sa pinakamasipag na organista namin / KAPATID NA JENNILYN LAZARO,https://www.youtube.com/watch?v=ROa3kbG5M0U&lc=UgxI8-Ktt2m_73mqLc54AaABAg,UgxI8-Ktt2m_73mqLc54AaABAg,UCVNaOxPbc9ZEHqlMp6TAgMA,"Fetched 05/23/2026, 9:00:03 PM GMT+8"
35508,@JennilynLazaro-y5x6v,2 weeks ago,Happy Viewing po mula sa Lokal ng Atok Gold ❤,https://www.youtube.com/watch?v=ROa3kbG5M0U&lc=UgyPd0OdKdKmQRnh-0l4AaABAg,UgyPd0OdKdKmQRnh-0l4AaABAg,UCItB-k__Z6a289WuGtIxsbw,"Fetched 05/23/2026, 9:00:03 PM GMT+8"
35509,@YibbyAi,2 weeks ago,"The best comes from Benguet!! Maximum support from Kadiwa and PNK officers of Guisad, Benguet",https://www.youtube.com/watch?v=ROa3kbG5M0U&lc=UgysW_Np-Visv9Khvlh4AaABAg,UgysW_Np-Visv9Khvlh4AaABAg,UC5YNUnawyUZ6ZBsAlhms20g,"Fetched 05/23/2026, 9:00:03 PM GMT+8"
35510,@JennilynLazaro-y5x6v,2 weeks ago,"Maligayang panonood sa sambahayan po ng aming Destinado, KA ELVIN LEE. / At Advance Happy Birthday na din po sa kanilang butihing maybahay, KA JOY LEE 🎉🎉 Mula po sa Lokal ng ATOK GOLD 🇮🇹",https://www.youtube.com/watch?v=ROa3kbG5M0U&lc=UgzLVUUJwOUP1Yb6cqZ4AaABAg,UgzLVUUJwOUP1Yb6cqZ4AaABAg,UCItB-k__Z6a289WuGtIxsbw,"Fetched 05/23/2026, 9:00:03 PM GMT+8"
35511,@johnreylucio8970,2 weeks ago,"Happy Viewing po sa ating lahat,, Pagbati po Mula sa KDO's ng BENGUET, sa Pangunguna ng Poging Pangulong Kadiwa, Ka HENRY CARANTO",https://www.youtube.com/watch?v=ROa3kbG5M0U&lc=UgxPDMGADLRmtpwq_et4AaABAg,UgxPDMGADLRmtpwq_et4AaABAg,UCNMupRD4ySrN336KZpy29OA,"Fetched 05/23/2026, 9:00:03 PM GMT+8"
35512,@henrycaranto2644,2 weeks ago,Happy Viewing sa Isa sa pinaka gwapo naming KDO kuya Anle!!!! 👊🏻👊🏻,https://www.youtube.com/watch?v=ROa3kbG5M0U&lc=UgxPDMGADLRmtpwq_et4AaABAg.AWXxRO0ResYAWXxrPycDyx,UgxPDMGADLRmtpwq_et4AaABAg.AWXxRO0ResYAWXxrPycDyx,UCFilTOy22FklSkBIgwVPVaQ,"Fetched 05/23/2026, 9:00:03 PM GMT+8"
35513,@YancyNacion-n5u,2 weeks ago,LET'S GO BENGUET!! FROM GUISAD KADIWA AND PNK OFFICERS,https://www.youtube.com/watch?v=ROa3kbG5M0U&lc=UgxPafX_s80F0OFEn_p4AaABAg,UgxPafX_s80F0OFEn_p4AaABAg,UCYckAsE9mXU3rKaPquzzOUw,"Fetched 05/23/2026, 9:00:03 PM GMT+8"
35514,@JhadeVecino,2 weeks ago,Happy viewing Po Mula sa LOKAL NG ATOK GOLD BENGUET. Pagbati din sa aming napaka matyagahing organista..❤❤❤.,https://www.youtube.com/watch?v=ROa3kbG5M0U&lc=Ugzr40IBjWbiyi2n-nR4AaABAg,Ugzr40IBjWbiyi2n-nR4AaABAg,UC6G7aKYeoTFEdZdzsafEppQ,"Fetched 05/23/2026, 9:00:03 PM GMT+8"
35515,@joymaylee-e9o,2 weeks ago (edited),"God's Love / ""It's His never ending mercy, a light from above"" / Lokal ng Atok Gold❤❤❤God's Love / ""It's His never ending mercy, a light from above"" / Lokal ng Atok Gold❤❤❤",https://www.youtube.com/watch?v=ROa3kbG5M0U&lc=UgyxK1yP3y10F2slGNh4AaABAg,UgyxK1yP3y10F2slGNh4AaABAg,UCVNaOxPbc9ZEHqlMp6TAgMA,"Fetched 05/23/2026, 9:00:03 PM GMT+8"
35516,@JennilynLazaro-y5x6v,2 weeks ago,Go! go! go! po Distrito ng Benguet. / Mula po sa lokal ng ATOK GOLD❤,https://www.youtube.com/watch?v=ROa3kbG5M0U&lc=UgwJxSlkrGW9-Pr5PrZ4AaABAg,UgwJxSlkrGW9-Pr5PrZ4AaABAg,UCItB-k__Z6a289WuGtIxsbw,"Fetched 05/23/2026, 9:00:03 PM GMT+8"
35517,@JennilynLazaro-y5x6v,2 weeks ago,"Maligayang panonood sa sambahayan po ng aming Destinado, KA ELVIN LEE. / At Advance Happy Birthday na din po sa kanilang butihing maybahay, KA JOY LEE 🎉🎉 Mula po sa Lokal ng ATOK GOLD 🇮🇹",https://www.youtube.com/watch?v=ROa3kbG5M0U&lc=Ugy66IPefPEdx4P2OQd4AaABAg,Ugy66IPefPEdx4P2OQd4AaABAg,UCItB-k__Z6a289WuGtIxsbw,"Fetched 05/23/2026, 9:00:03 PM GMT+8"
35518,@kristine7303,2 weeks ago,"LET'S GO BENGUET! ❤💪🏻 / Present oras-oras ang KADIWA District Officers 🩵 Present din Marcos Highway, distrito ng Benguet hihi 🎉🎉",https://www.youtube.com/watch?v=ROa3kbG5M0U&lc=UgzIoSQVu3jON1sz9XJ4AaABAg,UgzIoSQVu3jON1sz9XJ4AaABAg,UCJnlqat5vcPuV6GiDugaBnA,"Fetched 05/23/2026, 9:00:03 PM GMT+8"
35519,@joymaylee-e9o,2 weeks ago,"God's Love / ""His wondrous Love..."" / #Lokal ng Atok Gold",https://www.youtube.com/watch?v=ROa3kbG5M0U&lc=Ugx7D_xrOKk06Vs0jUp4AaABAg,Ugx7D_xrOKk06Vs0jUp4AaABAg,UCVNaOxPbc9ZEHqlMp6TAgMA,"Fetched 05/23/2026, 9:00:03 PM GMT+8"
35520,@JennilynLazaro-y5x6v,2 weeks ago,"Mula po sa Kagawaran ng mga Mang-aawit 🎶 sa Lokal ng Atok Gold, Distrito ng Benguet 🇮🇹  / kami po ay bumabati ng maligayang panonood sa aming mga magigiting na Tagapagturo - Ka Leo Cuaresma at Assistant Tagapagturo Ka Cedie Serafica at Ka Archievald Ingco 😊❤❤",https://www.youtube.com/watch?v=ROa3kbG5M0U&lc=Ugzz3J4z8T1pveU0wLl4AaABAg,Ugzz3J4z8T1pveU0wLl4AaABAg,UCItB-k__Z6a289WuGtIxsbw,"Fetched 05/23/2026, 9:00:03 PM GMT+8"
35521,@joymaylee-e9o,2 weeks ago,❤❤❤❤❤happy watching po mga kapatid❤❤❤mula po sa  / Lokal ng Atok Gold,https://www.youtube.com/watch?v=ROa3kbG5M0U&lc=UgxjM21aLwUWrbTjVfd4AaABAg,UgxjM21aLwUWrbTjVfd4AaABAg,UCVNaOxPbc9ZEHqlMp6TAgMA,"Fetched 05/23/2026, 9:00:03 PM GMT+8"
35522,@YancyNacion,2 weeks ago,"Watching from Guisad, Benguet with Kadiwa Officers",https://www.youtube.com/watch?v=ROa3kbG5M0U&lc=Ugyrg_DX1y1lvljvG114AaABAg,Ugyrg_DX1y1lvljvG114AaABAg,UCuw89WWxZcWIx30Lr7e3jyQ,"Fetched 05/23/2026, 9:00:03 PM GMT+8"
35523,@JhadeVecino,2 weeks ago,Pagbati po Mula sa LOKAL NG ATOK GOLD BENGUET. Gud aftie mga Kapatid. Bumbati din Po kami Ng advance happy birthday sa butihing may Bahay Ng aming distinado.. ❤❤🎉🎉😊,https://www.youtube.com/watch?v=ROa3kbG5M0U&lc=UgxsQ4pwL5hbwWTm-0p4AaABAg,UgxsQ4pwL5hbwWTm-0p4AaABAg,UC6G7aKYeoTFEdZdzsafEppQ,"Fetched 05/23/2026, 9:00:03 PM GMT+8"
35524,@joymaylee-e9o,2 weeks ago,❤❤❤❤Lokal ng Atok Gold❤❤❤❤ / Maligayang panonood po mga kapatid❤❤❤❤,https://www.youtube.com/watch?v=ROa3kbG5M0U&lc=UgzR8r6vt9qS7ypBUaN4AaABAg,UgzR8r6vt9qS7ypBUaN4AaABAg,UCVNaOxPbc9ZEHqlMp6TAgMA,"Fetched 05/23/2026, 9:00:03 PM GMT+8"
35525,@johnreylucio8970,2 weeks ago,"Go Go Go BENGUET ,, ❤",https://www.youtube.com/watch?v=ROa3kbG5M0U&lc=UgxH_6n0m7uPdigCs2N4AaABAg,UgxH_6n0m7uPdigCs2N4AaABAg,UCNMupRD4ySrN336KZpy29OA,"Fetched 05/23/2026, 9:00:03 PM GMT+8"
35526,@joymaylee-e9o,2 weeks ago,#God's Love / #Lokal ng Atok Gold / #Distrito ng Benguet,https://www.youtube.com/watch?v=ROa3kbG5M0U&lc=UgzidTITQL9aDMz0bIV4AaABAg,UgzidTITQL9aDMz0bIV4AaABAg,UCVNaOxPbc9ZEHqlMp6TAgMA,"Fetched 05/23/2026, 9:00:03 PM GMT+8"
35527,@JOELY_BULAH,2 weeks ago,good afternoon po! happy viewing mula sa aming lokal “Atok Gold”,https://www.youtube.com/watch?v=ROa3kbG5M0U&lc=UgyCHkNW7xTqZRS-_F54AaABAg,UgyCHkNW7xTqZRS-_F54AaABAg,UCyMUAMSBQpACjkUS0f9sykQ,"Fetched 05/23/2026, 9:00:03 PM GMT+8"
35528,@joymaylee-e9o,2 weeks ago,Magandang hapon po...Patuloy po na nanonood mula po sa lokal.ng Atok Gold❤❤❤,https://www.youtube.com/watch?v=ROa3kbG5M0U&lc=Ugxcr_svA4dRqn1hLKB4AaABAg,Ugxcr_svA4dRqn1hLKB4AaABAg,UCVNaOxPbc9ZEHqlMp6TAgMA,"Fetched 05/23/2026, 9:00:03 PM GMT+8"
35529,@joymaylee-e9o,2 weeks ago,❤❤❤# Lokal ng Atok Gold❤❤❤,https://www.youtube.com/watch?v=ROa3kbG5M0U&lc=UgyYl5G1poH2RzUJlBF4AaABAg,UgyYl5G1poH2RzUJlBF4AaABAg,UCVNaOxPbc9ZEHqlMp6TAgMA,"Fetched 05/23/2026, 9:00:03 PM GMT+8"
35530,@joymaylee-e9o,2 weeks ago,"""Let God set you free, and you'll find out exactly where you're meant to be...."" / Lokal ng Atok Gold",https://www.youtube.com/watch?v=ROa3kbG5M0U&lc=UgwNDM_JLdJlGsCi0wt4AaABAg,UgwNDM_JLdJlGsCi0wt4AaABAg,UCVNaOxPbc9ZEHqlMp6TAgMA,"Fetched 05/23/2026, 9:00:03 PM GMT+8"
35531,@elle.1914,2 weeks ago,Greetings po to all KADIWA members mula sa Distrito ng Benguet! 💙,https://www.youtube.com/watch?v=ROa3kbG5M0U&lc=UgyMN2CNRJXVhc0PDyl4AaABAg,UgyMN2CNRJXVhc0PDyl4AaABAg,UCTpq1TVl2hklh10PE8QqVhw,"Fetched 05/23/2026, 9:00:03 PM GMT+8"
35532,@joymaylee-e9o,2 weeks ago,Happy viewing po.mula sa Lokal ng Atok Gold❤❤❤,https://www.youtube.com/watch?v=ROa3kbG5M0U&lc=UgwXQUlEaCNs2OgoWGR4AaABAg,UgwXQUlEaCNs2OgoWGR4AaABAg,UCVNaOxPbc9ZEHqlMp6TAgMA,"Fetched 05/23/2026, 9:00:03 PM GMT+8"
35533,@JhadeVecino,2 weeks ago,Happy viewing. From LOKAL NG ATOK GOLD BENGUET. Specially sa kagawarang Ng mga may magagandang tinig.. / Advance happy birthday ate joy ang napakabuting may Bahay ng aming napakabait na distinado.❤❤❤,https://www.youtube.com/watch?v=ROa3kbG5M0U&lc=UgxJ6A7tRtjsaDv8Hq54AaABAg,UgxJ6A7tRtjsaDv8Hq54AaABAg,UC6G7aKYeoTFEdZdzsafEppQ,"Fetched 05/23/2026, 9:00:03 PM GMT+8"
35534,@JennilynLazaro-y5x6v,2 weeks ago,"Maligayang panonood sa sambahayan po ng aming Destinado, KA ELVIN LEE. / At Advance Happy Birthday na din po sa kanilang butihing maybahay, KA JOY LEE 🎉🎉 Mula po sa Lokal ng ATOK GOLD 🇮🇹",https://www.youtube.com/watch?v=ROa3kbG5M0U&lc=UgzYLc3HSVqKVpTBkNt4AaABAg,UgzYLc3HSVqKVpTBkNt4AaABAg,UCItB-k__Z6a289WuGtIxsbw,"Fetched 05/23/2026, 9:00:03 PM GMT+8"
35535,@joymaylee-e9o,2 weeks ago,Maligayang panonood po mula.sa Lokal ng Atok Gold❤❤❤,https://www.youtube.com/watch?v=ROa3kbG5M0U&lc=UgzmWzc5xR3S8aA-u9Z4AaABAg,UgzmWzc5xR3S8aA-u9Z4AaABAg,UCVNaOxPbc9ZEHqlMp6TAgMA,"Fetched 05/23/2026, 9:00:03 PM GMT+8"
35536,@Julskie28,2 weeks ago,"Another hour of viewing!! /  / Hello po sa mga Kadiwa ng Benguet /  / Happy viewing po ulit mula sa lokal ng Guisad, Distrito ng Benguet!",https://www.youtube.com/watch?v=ROa3kbG5M0U&lc=Ugx64d9xYbSC-oBDu8N4AaABAg,Ugx64d9xYbSC-oBDu8N4AaABAg,UC1nz0UiWHV8lyoQdZtJejeg,"Fetched 05/23/2026, 9:00:03 PM GMT+8"
35537,@mayvehn,2 weeks ago,❤❤❤❤let's go benguet❤❤❤❤Lokal ng Atok Gold❤❤❤,https://www.youtube.com/watch?v=ROa3kbG5M0U&lc=Ugx1vyPHSZfG6Z8S_fJ4AaABAg,Ugx1vyPHSZfG6Z8S_fJ4AaABAg,UCivhdJ2CQeLK8tlG7Wh2BSQ,"Fetched 05/23/2026, 9:00:03 PM GMT+8"
35538,@JennilynLazaro-y5x6v,2 weeks ago,"Maligayang panonood sa sambahayan po ng aming Destinado, KA ELVIN LEE. / At Advance Happy Birthday na din po sa kanilang butihing maybahay, KA JOY LEE 🎉🎉 Mula po sa Lokal ng ATOK GOLD 🇮🇹",https://www.youtube.com/watch?v=ROa3kbG5M0U&lc=UgxATBdc4FuYtZIl4pB4AaABAg,UgxATBdc4FuYtZIl4pB4AaABAg,UCItB-k__Z6a289WuGtIxsbw,"Fetched 05/23/2026, 9:00:03 PM GMT+8"
35539,@mayvehn,2 weeks ago,magandang hapon po mga kapatid...mula po sa lokal ng atok gold,https://www.youtube.com/watch?v=ROa3kbG5M0U&lc=Ugz5xcIaVrwpFyL-eAt4AaABAg,Ugz5xcIaVrwpFyL-eAt4AaABAg,UCivhdJ2CQeLK8tlG7Wh2BSQ,"Fetched 05/23/2026, 9:00:03 PM GMT+8"
35540,@luibustamante9493,2 weeks ago,Mapagpalang hapon po sa lahat. Rewatching po mula sa Lokal ng Tuba distrito ng Benguet🍓🍓🍓 /  / Shoutout po sa mga Kadiwa District Officers na on fire sa panonood 🫶🫶🫶,https://www.youtube.com/watch?v=ROa3kbG5M0U&lc=UgyKU6P7a75DYvex0fl4AaABAg,UgyKU6P7a75DYvex0fl4AaABAg,UCFAmrhDmv6rvZrQoYp-IS9w,"Fetched 05/23/2026, 9:00:03 PM GMT+8"
35541,@mayvehn,2 weeks ago,HAPPY VIEWING PO MULA SA LOKAL NG ATOK GOLD❤❤❤,https://www.youtube.com/watch?v=ROa3kbG5M0U&lc=UgyAxxTFpeh4brG4lXV4AaABAg,UgyAxxTFpeh4brG4lXV4AaABAg,UCivhdJ2CQeLK8tlG7Wh2BSQ,"Fetched 05/23/2026, 9:00:03 PM GMT+8"
35542,@aulsenplays7478,2 weeks ago,Maligayang panonood po mula sa mga maytungkulin ng kapisanang kadiwa ng benguet,https://www.youtube.com/watch?v=ROa3kbG5M0U&lc=Ugw_QM99UE1K9GCdCft4AaABAg,Ugw_QM99UE1K9GCdCft4AaABAg,UC0q4h4afOdRctXCQdqEo_ZQ,"Fetched 05/23/2026, 9:00:03 PM GMT+8"
35543,@jasminedaludado7262,2 weeks ago,GO BENGUET!!! /  / Rewatching po from Lokal ng Guisad💙,https://www.youtube.com/watch?v=ROa3kbG5M0U&lc=UgyQNFyzCWLPfUZLFCV4AaABAg,UgyQNFyzCWLPfUZLFCV4AaABAg,UCA4HVmdH2Xj67gK8nZmpiZg,"Fetched 05/23/2026, 9:00:03 PM GMT+8"
35544,@JhadeVecino,2 weeks ago,Happy viewing Po. from LOKAL NG ATOK GOLD.Pagbati Po Ng advance happy birthday sa butihing may Bahay Ng aming distinado na si ate joy.. see u tommorow🎉😂❤,https://www.youtube.com/watch?v=ROa3kbG5M0U&lc=Ugwc4HAzz8BTunViC9V4AaABAg,Ugwc4HAzz8BTunViC9V4AaABAg,UC6G7aKYeoTFEdZdzsafEppQ,"Fetched 05/23/2026, 9:00:03 PM GMT+8"
35545,@KaJaz-r3n,2 weeks ago,LET'S GO BENGUEEET🎉,https://www.youtube.com/watch?v=ROa3kbG5M0U&lc=UgwjpalTIJllZcGUD5p4AaABAg,UgwjpalTIJllZcGUD5p4AaABAg,UC4BTg4L19kJ77hFPPBce71g,"Fetched 05/23/2026, 9:00:03 PM GMT+8"
35546,@almazanrhyndylyn,2 weeks ago,GO BENGUET!!!!,https://www.youtube.com/watch?v=ROa3kbG5M0U&lc=UgyYyGdPhvQf6xktHjZ4AaABAg,UgyYyGdPhvQf6xktHjZ4AaABAg,UCEoQCNgytnJxjJnAQLSzFeA,"Fetched 05/23/2026, 9:00:03 PM GMT+8"
35547,@henrycaranto2644,2 weeks ago,"3pm na! Miryenda Break na!  / Pamusic muna tayo 🎉☺️ /  / “God’s Love” /  / -Shoutout sa Lahat ng KADIWA District Officers at KADIWA Locale Officer ng BENGUET☺️🥰 /  / Let’s Go Benguet 🎉🍓🍓 /  / From Lokal ng BAGUIO CITY,Benguet❤️❤️",https://www.youtube.com/watch?v=ROa3kbG5M0U&lc=Ugxe6MF1GDe4sBMmSCx4AaABAg,Ugxe6MF1GDe4sBMmSCx4AaABAg,UCFilTOy22FklSkBIgwVPVaQ,"Fetched 05/23/2026, 9:00:03 PM GMT+8"
35548,@jonieyonga-an5239,2 weeks ago,Pagbati Po sa mga Masisiglang maytungkulin sa kapisanang Kadiwa sa Distrito Ng Benguet!!!🎉 🎉,https://www.youtube.com/watch?v=ROa3kbG5M0U&lc=UgxVuUeLwa5djoJumBh4AaABAg,UgxVuUeLwa5djoJumBh4AaABAg,UCgUo3JP_Fffuctza4bUumJg,"Fetched 05/23/2026, 9:00:03 PM GMT+8"
35549,@jonieyonga-an5239,2 weeks ago,Good afternoon Benguet!! / Happy viewing pooo🎉🎉,https://www.youtube.com/watch?v=ROa3kbG5M0U&lc=UgzqfUdxad66vkw90pB4AaABAg,UgzqfUdxad66vkw90pB4AaABAg,UCgUo3JP_Fffuctza4bUumJg,"Fetched 05/23/2026, 9:00:03 PM GMT+8"
35550,@Takoshenchie,2 weeks ago,"Another support from Guisad, Benguet and all District and Local Kadiwa Officers!!",https://www.youtube.com/watch?v=ROa3kbG5M0U&lc=UgyAeyTeUZNG0QIifE94AaABAg,UgyAeyTeUZNG0QIifE94AaABAg,UCKL_3QOCN0VtAPkwus5A6Gw,"Fetched 05/23/2026, 9:00:03 PM GMT+8"
35551,@JennilynLazaro-y5x6v,2 weeks ago,"Mula po sa Kagawaran ng mga Mang-aawit 🎶 sa Lokal ng Atok Gold, Distrito ng Benguet 🇮🇹  / kami po ay bumabati ng maligayang panonood sa aming mga magigiting na Tagapagturo - Ka Leo Cuaresma at Assistant Tagapagturo Ka Cedie Serafica at Ka Archievald Ingco 😊❤❤",https://www.youtube.com/watch?v=ROa3kbG5M0U&lc=Ugx8apyol_ljyPIs9S54AaABAg,Ugx8apyol_ljyPIs9S54AaABAg,UCItB-k__Z6a289WuGtIxsbw,"Fetched 05/23/2026, 9:00:03 PM GMT+8"
35552,@adrianarosesabado287,2 weeks ago,"happy viewing po! warmest greetings mula po sa lokal ng Quezon Hill, distrito ng Benguet 🇮🇹❤️",https://www.youtube.com/watch?v=ROa3kbG5M0U&lc=Ugxkc7mA9RA9smQOfcR4AaABAg,Ugxkc7mA9RA9smQOfcR4AaABAg,UCMQ0yVJyYl5nt4zGXg88n6g,"Fetched 05/23/2026, 9:00:03 PM GMT+8"
35553,@AbegailBalolong,2 weeks ago,Go go goooooow🫶 LOCAL OF BAGUIO CITY DISTRICT OF BENGUET 🇮🇹,https://www.youtube.com/watch?v=ROa3kbG5M0U&lc=UgzQCpn6LxS0DErBL2Z4AaABAg,UgzQCpn6LxS0DErBL2Z4AaABAg,UChiZf3rJgQqRwuAE-ZCS6UQ,"Fetched 05/23/2026, 9:00:03 PM GMT+8"
35554,@hygeacortavista8272,2 weeks ago,Happy viewing po from Lokal ng Buyagan ❤,https://www.youtube.com/watch?v=ROa3kbG5M0U&lc=UgyZHzHW0b1lR_cAOyx4AaABAg,UgyZHzHW0b1lR_cAOyx4AaABAg,UCnjVA73uDtWb4WFHr7SkxFA,"Fetched 05/23/2026, 9:00:03 PM GMT+8"
35555,@meryllsagampod7982,2 weeks ago (edited),"HAPPY VIEWING PO, GO GO GO BENGUET!!!🥰 MULA PO SA LOKAL NG KIAS.",https://www.youtube.com/watch?v=ROa3kbG5M0U&lc=UgxJzYIMsM1u_qvEsKN4AaABAg,UgxJzYIMsM1u_qvEsKN4AaABAg,UCVkLACK3Y8LbTZhVrCb88CA,"Fetched 05/23/2026, 9:00:03 PM GMT+8"
35556,@JennilynLazaro-y5x6v,2 weeks ago,"Mula po sa Kagawaran ng mga Mang-aawit 🎶 sa Lokal ng Atok Gold, Distrito ng Benguet 🇮🇹  / kami po ay bumabati sa aming mga magigiting na Tagapagturo - Ka Leo Cuaresma at Assistant Tagapagturo Ka Cedie Serafica at Ka Archievald Ingco 😊❤❤",https://www.youtube.com/watch?v=ROa3kbG5M0U&lc=Ugzh4LcVGv_cqbOn5Ix4AaABAg,Ugzh4LcVGv_cqbOn5Ix4AaABAg,UCItB-k__Z6a289WuGtIxsbw,"Fetched 05/23/2026, 9:00:03 PM GMT+8"
35557,@JennilynLazaro-y5x6v,2 weeks ago,"Mula po sa Kagawaran ng mga Mang-aawit 🎶 sa Lokal ng Atok Gold, Distrito ng Benguet 🇮🇹  / kami po ay bumabati sa aming mga magigiting na Tagapagturo - Ka Leo Cuaresma at Assistant Tagapagturo Ka Cedie Serafica at Ka Archievald Ingco 😊❤❤",https://www.youtube.com/watch?v=ROa3kbG5M0U&lc=Ugz-6H7iP5xv0j5UDbl4AaABAg,Ugz-6H7iP5xv0j5UDbl4AaABAg,UCItB-k__Z6a289WuGtIxsbw,"Fetched 05/23/2026, 9:00:03 PM GMT+8"
35558,@felixredoble3487,2 weeks ago,Happy viewing po... From Baguio City.. Kalihim,https://www.youtube.com/watch?v=ROa3kbG5M0U&lc=UgzVKrP09B89_OVyT1N4AaABAg,UgzVKrP09B89_OVyT1N4AaABAg,UCxLxeALq8PdNtV_FjSW7xdA,"Fetched 05/23/2026, 9:00:03 PM GMT+8"
35559,@aulsenplays7478,2 weeks ago,Maligayang panonood mga kabagis mula sa lokal ng Megaroyale Village,https://www.youtube.com/watch?v=ROa3kbG5M0U&lc=Ugwu2F_L995tRW3nfHN4AaABAg,Ugwu2F_L995tRW3nfHN4AaABAg,UC0q4h4afOdRctXCQdqEo_ZQ,"Fetched 05/23/2026, 9:00:03 PM GMT+8"
35560,@jonieyonga-an5239,2 weeks ago,"Pagbati dn Po sa mga mababait, masisipag, pogi at magaganda naming mga maytungkulin sa kadiwa sa Distrito Ng Benguet!!!!!🎉 / Happy viewing Poooo!!",https://www.youtube.com/watch?v=ROa3kbG5M0U&lc=UgwyuCteNkUYpO1Xl4N4AaABAg,UgwyuCteNkUYpO1Xl4N4AaABAg,UCgUo3JP_Fffuctza4bUumJg,"Fetched 05/23/2026, 9:00:03 PM GMT+8"
35561,@rejomartayaban,2 weeks ago,"Happy viewing po mula sa Lokal ng La Trinidad, Distrito ng Benguet.. Magandang Hapon po sa ating lahat",https://www.youtube.com/watch?v=ROa3kbG5M0U&lc=UgwlZq8sRoltCD_ylFB4AaABAg,UgwlZq8sRoltCD_ylFB4AaABAg,UCi7RYRPFL6HTFaScpYFJMJQ,"Fetched 05/23/2026, 9:00:03 PM GMT+8"
35562,@jonieyonga-an5239,2 weeks ago,Good afternoon Po / Happy viewing Po Mula Sa Lokal Ng Norcar Distrito Ng Benguet 🎉🎉,https://www.youtube.com/watch?v=ROa3kbG5M0U&lc=Ugx7lej23FuaXwbLPPt4AaABAg,Ugx7lej23FuaXwbLPPt4AaABAg,UCgUo3JP_Fffuctza4bUumJg,"Fetched 05/23/2026, 9:00:03 PM GMT+8"
35563,@jonieyonga-an5239,2 weeks ago,Solidddddd Benguetttt!!!,https://www.youtube.com/watch?v=ROa3kbG5M0U&lc=UgwjNi_yfiP2LD0eoJl4AaABAg,UgwjNi_yfiP2LD0eoJl4AaABAg,UCgUo3JP_Fffuctza4bUumJg,"Fetched 05/23/2026, 9:00:03 PM GMT+8"
35564,@alhzean8860,2 weeks ago,Happy viewing from the lokal of Baguio po,https://www.youtube.com/watch?v=ROa3kbG5M0U&lc=UgyzdqJkk2aZaViwqZJ4AaABAg,UgyzdqJkk2aZaViwqZJ4AaABAg,UCs2-X-Rw_iL_gcejMDwTdAg,"Fetched 05/23/2026, 9:00:03 PM GMT+8"
35565,@JennilynLazaro-y5x6v,2 weeks ago,"Mula po sa Kagawaran ng mga Mang-aawit 🎵🎶 sa Lokal po ng Atok Gold 🇮🇹, kami po ay bumabati  ng maligayang panonood sa aming mga magigiting na Tagapagturo - Ka Leo Cuaresma at mga Assistant Tagapagturo Ka Cedie Serafica at Ka Archievald Ingco 😊😊",https://www.youtube.com/watch?v=ROa3kbG5M0U&lc=UgwI16WMxekRGpT-TQV4AaABAg,UgwI16WMxekRGpT-TQV4AaABAg,UCItB-k__Z6a289WuGtIxsbw,"Fetched 05/23/2026, 9:00:03 PM GMT+8"
35566,@jeanietugad4595,2 weeks ago,"Maligayang panonood at pagbati sa aming mahal na Destinado ng Atok Gold, Distrito ng Benguet, kapatid na Elvin Lee Jr, mula po sa Kalihiman/Registry.",https://www.youtube.com/watch?v=ROa3kbG5M0U&lc=UgxoG2EvHz0PvU0V1vJ4AaABAg,UgxoG2EvHz0PvU0V1vJ4AaABAg,UC4-hT99A9u-aH7hnm5JCSfg,"Fetched 05/23/2026, 9:00:03 PM GMT+8"
35567,@kristine7303,2 weeks ago,"Happy viewing po everyone! Mula po sa Lokal ng Marcos Highway, Distrito ng Benguet❤🎉",https://www.youtube.com/watch?v=ROa3kbG5M0U&lc=UgyaPm_dbA6U-kpAxo94AaABAg,UgyaPm_dbA6U-kpAxo94AaABAg,UCJnlqat5vcPuV6GiDugaBnA,"Fetched 05/23/2026, 9:00:03 PM GMT+8"
35568,@MoniqueJane-t1z6y,2 weeks ago,Happy viewing po Mula sa lokal ng atok gold.nakikiisa po kaming mga sinusubok sa lokal ❤🎉❤🎉,https://www.youtube.com/watch?v=ROa3kbG5M0U&lc=Ugww6k4alDthukgocmF4AaABAg,Ugww6k4alDthukgocmF4AaABAg,UCJ_Jiz4VZK22n1hCnE_OvIA,"Fetched 05/23/2026, 9:00:03 PM GMT+8"
35569,@AbegailBalolong,2 weeks ago,Goooo BAGUIO CITY DISTRICT OF BENGUET 🇮🇹,https://www.youtube.com/watch?v=ROa3kbG5M0U&lc=UgzBVBnkRqFkOTNc0Hl4AaABAg,UgzBVBnkRqFkOTNc0Hl4AaABAg,UChiZf3rJgQqRwuAE-ZCS6UQ,"Fetched 05/23/2026, 9:00:03 PM GMT+8"
35570,@luibustamante9493,2 weeks ago,Good afternoon po. Happy viewing po sa lahat ng Kapatid.  /  / Shoutout po sa lahat ng Kadiwa District Officers na masigasig at laging nanonood.  /  / Pagbati mula sa lokal ng Tuba Distrito ng Benguet🤗🤗🤗 /  /  / #GodsLove,https://www.youtube.com/watch?v=ROa3kbG5M0U&lc=UgyxsuvSlpujzgwgII54AaABAg,UgyxsuvSlpujzgwgII54AaABAg,UCFAmrhDmv6rvZrQoYp-IS9w,"Fetched 05/23/2026, 9:00:03 PM GMT+8"
35571,@Its_Handsome_Kurtzky5442,2 weeks ago,Happy Viewing po mula sa Lokal ng Tuba,https://www.youtube.com/watch?v=ROa3kbG5M0U&lc=UgzW-SiV9M0S4jynbQp4AaABAg,UgzW-SiV9M0S4jynbQp4AaABAg,UC8-5OKyruhxurhAkxdT5SlQ,"Fetched 05/23/2026, 9:00:03 PM GMT+8"
35572,@JennilynLazaro-y5x6v,2 weeks ago (edited),"Mula po sa Kagawaran ng mga Mang-aawit sa Lokal ng Atok Gold, kami po ay bumabati sa aming mga magigiting na Tagapagturo - Ka Leo Cuaresma at Assistant Tagapagturo Ka Cedie Serafica at Ka Archievald Ingco 😊😊",https://www.youtube.com/watch?v=ROa3kbG5M0U&lc=Ugz-qzjd7NWx-6KUxNN4AaABAg,Ugz-qzjd7NWx-6KUxNN4AaABAg,UCItB-k__Z6a289WuGtIxsbw,"Fetched 05/23/2026, 9:00:03 PM GMT+8"
35573,@akolangto1615,2 weeks ago,"Bumabati po sa lahat ng kapatid mula sa Lokal ng Baguio City, Distrito ng Benguet /  / -Ka Ato Austria",https://www.youtube.com/watch?v=ROa3kbG5M0U&lc=UgyXpxfhaTa58CA2g2J4AaABAg,UgyXpxfhaTa58CA2g2J4AaABAg,UCr98qNZNxTLicI-7q7NKqAw,"Fetched 05/23/2026, 9:00:03 PM GMT+8"
35574,@coleenbasatan4141,2 weeks ago,"Maligayang panonood po mula sa Lokal ng AMBIONG, BENGUET.",https://www.youtube.com/watch?v=ROa3kbG5M0U&lc=UgzeVaFJAU_juBwOM9h4AaABAg,UgzeVaFJAU_juBwOM9h4AaABAg,UCW0XO-uiIGX69AFQCeTm22A,"Fetched 05/23/2026, 9:00:03 PM GMT+8"
35575,@jeanietugad4595,2 weeks ago,"Maligayang panonood po at pagbati kay kapatid na Rovell Nogoy, Benguet DRC, mula po sa Kalihiman/ Registry,, Lokal ng Atok Gold, Distrito ng Benguet..❤",https://www.youtube.com/watch?v=ROa3kbG5M0U&lc=Ugwf_Xx8QWueimW0CPx4AaABAg,Ugwf_Xx8QWueimW0CPx4AaABAg,UC4-hT99A9u-aH7hnm5JCSfg,"Fetched 05/23/2026, 9:00:03 PM GMT+8"
35576,@maurensoledad3889,2 weeks ago,"happy Viewing po, day 5 po ng panunuod mula sa  lokal ng Aurora Hill, distrito ng benguet""",https://www.youtube.com/watch?v=ROa3kbG5M0U&lc=UgyGZ0DkxLy6af5uoE54AaABAg,UgyGZ0DkxLy6af5uoE54AaABAg,UCrVKRovxkYaFMwfCISYrQWQ,"Fetched 05/23/2026, 9:00:03 PM GMT+8"
35577,@JennilynLazaro-y5x6v,2 weeks ago,Pagbati po mula sa lokal ng ATOK GOLD 😊😊,https://www.youtube.com/watch?v=ROa3kbG5M0U&lc=UgyXss5z9yLmwzce4al4AaABAg,UgyXss5z9yLmwzce4al4AaABAg,UCItB-k__Z6a289WuGtIxsbw,"Fetched 05/23/2026, 9:00:03 PM GMT+8"
35578,@micotadeo3276,2 weeks ago,Happy viewing mula po sa lokal ng baguio city,https://www.youtube.com/watch?v=ROa3kbG5M0U&lc=UgwqclmndIBo6A9mKZV4AaABAg,UgwqclmndIBo6A9mKZV4AaABAg,UC3zJZ5JFT_70LzDuwr0cW0w,"Fetched 05/23/2026, 9:00:03 PM GMT+8"
35579,@mayvehn,2 weeks ago,patuloy po na nanonood mula sa lokal ng atok gold,https://www.youtube.com/watch?v=ROa3kbG5M0U&lc=Ugw7fTqTp06nGA45vHF4AaABAg,Ugw7fTqTp06nGA45vHF4AaABAg,UCivhdJ2CQeLK8tlG7Wh2BSQ,"Fetched 05/23/2026, 9:00:03 PM GMT+8"
35580,@mayvehn,2 weeks ago,Maligayang panonood po mula sa kapisanang Buklod sa Lokal ng Atok Gold❤❤❤,https://www.youtube.com/watch?v=ROa3kbG5M0U&lc=UgyUCtkjDhq9hWRcOoF4AaABAg,UgyUCtkjDhq9hWRcOoF4AaABAg,UCivhdJ2CQeLK8tlG7Wh2BSQ,"Fetched 05/23/2026, 9:00:03 PM GMT+8"
35581,@jeanietugad4595,2 weeks ago,"Happy viewing po, from Lokal ng Atok Gold, Distrito ng Benguet, Kalihiman/Registry..",https://www.youtube.com/watch?v=ROa3kbG5M0U&lc=UgxqkWETNBRp_gBUo614AaABAg,UgxqkWETNBRp_gBUo614AaABAg,UC4-hT99A9u-aH7hnm5JCSfg,"Fetched 05/23/2026, 9:00:03 PM GMT+8"
35582,@joylee1468,2 weeks ago,pagbati po mula sa Lokal ng Atok Gold,https://www.youtube.com/watch?v=ROa3kbG5M0U&lc=UgwEAMMCM60Oi81wDgF4AaABAg,UgwEAMMCM60Oi81wDgF4AaABAg,UC7UWPgNV4p4GGKzoeFbHS8g,"Fetched 05/23/2026, 9:00:03 PM GMT+8"
35583,@joylee1468,2 weeks ago,happy viewing po / Lokal ng Atok Gold,https://www.youtube.com/watch?v=ROa3kbG5M0U&lc=Ugx1Jh3nv9hZeZ1jQzB4AaABAg,Ugx1Jh3nv9hZeZ1jQzB4AaABAg,UC7UWPgNV4p4GGKzoeFbHS8g,"Fetched 05/23/2026, 9:00:03 PM GMT+8"
35584,@iya-k7j,2 weeks ago,❤❤❤we love benguet district / ❤❤❤we love atok gold locale❤❤❤,https://www.youtube.com/watch?v=ROa3kbG5M0U&lc=UgyA5j2h9wkI7XVm9aJ4AaABAg,UgyA5j2h9wkI7XVm9aJ4AaABAg,UC_R2GfmFAjE8k8DgEjmtv7g,"Fetched 05/23/2026, 9:00:03 PM GMT+8"
35585,@johnreylucio8970,2 weeks ago,Dabest Distrito ng BENGUET🥦🐑🍓 /  / Mula po sa Lokal ng LA TRINIDAD,https://www.youtube.com/watch?v=ROa3kbG5M0U&lc=UgyGIhYNSNbcbZ9VU694AaABAg,UgyGIhYNSNbcbZ9VU694AaABAg,UCNMupRD4ySrN336KZpy29OA,"Fetched 05/23/2026, 9:00:03 PM GMT+8"
35586,@KaJaz-r3n,2 weeks ago,LET'S GO BENGUEEET! 0:39 BAKA WILMAR NAMIN YAAAAAN! Shout out Po sa mga KADIWA DISTRICT OFFICERS BENGUET AND CBI BENGUET!,https://www.youtube.com/watch?v=ROa3kbG5M0U&lc=UgyBbhIqpZWfguXw2Cd4AaABAg,UgyBbhIqpZWfguXw2Cd4AaABAg,UC4BTg4L19kJ77hFPPBce71g,"Fetched 05/23/2026, 9:00:03 PM GMT+8"
35587,@Julskie28,2 weeks ago,"Keep on viewing po!! /  / Happy viewing po ulit sa ating lahat! /  / Hello po sa lahat ng mga nasa Kapisanang Kadiwa! /  / Mula po sa Lokal ng Guisad, Distrito ng Benguet ❤",https://www.youtube.com/watch?v=ROa3kbG5M0U&lc=UgybaEiG4FycEe6FnjR4AaABAg,UgybaEiG4FycEe6FnjR4AaABAg,UC1nz0UiWHV8lyoQdZtJejeg,"Fetched 05/23/2026, 9:00:03 PM GMT+8"
35588,@joylee1468,2 weeks ago,maligayang panonood po / mula sa Lokal ng Atok Gold,https://www.youtube.com/watch?v=ROa3kbG5M0U&lc=UgyiivClQ5g9jKESJDV4AaABAg,UgyiivClQ5g9jKESJDV4AaABAg,UC7UWPgNV4p4GGKzoeFbHS8g,"Fetched 05/23/2026, 9:00:03 PM GMT+8"
35589,@jasminedaludado7262,2 weeks ago,Iba talaga ang Benguet!! /  / Supporting po from Lokal ng Guisad❤,https://www.youtube.com/watch?v=ROa3kbG5M0U&lc=Ugx7DhW-6AbwjXEIiv14AaABAg,Ugx7DhW-6AbwjXEIiv14AaABAg,UCA4HVmdH2Xj67gK8nZmpiZg,"Fetched 05/23/2026, 9:00:03 PM GMT+8"
35590,@joylee1468,2 weeks ago,greetings!!!! / 😊Lokal ng Atok Gold❤,https://www.youtube.com/watch?v=ROa3kbG5M0U&lc=Ugypao0TT_O5xfhjA7Z4AaABAg,Ugypao0TT_O5xfhjA7Z4AaABAg,UC7UWPgNV4p4GGKzoeFbHS8g,"Fetched 05/23/2026, 9:00:03 PM GMT+8"
35591,@almazanrhyndylyn,2 weeks ago,Happy relistening po💕💕. on repeat,https://www.youtube.com/watch?v=ROa3kbG5M0U&lc=UgxiDokr-o7nDvOT5MV4AaABAg,UgxiDokr-o7nDvOT5MV4AaABAg,UCEoQCNgytnJxjJnAQLSzFeA,"Fetched 05/23/2026, 9:00:03 PM GMT+8"
35592,@henrycaranto2644,2 weeks ago,Nandito pa po ba lahat ng KADIWA at BINHI ng Benguet☺️ / Comment na po.☺️ / At Hello po sainyong Lahat🎉🎉 / Let’s Go Benguet 🎉❤️ /  / From Lokal po ng Baguio City❤️❤️,https://www.youtube.com/watch?v=ROa3kbG5M0U&lc=Ugza58OdAPnpgiNOXXF4AaABAg,Ugza58OdAPnpgiNOXXF4AaABAg,UCFilTOy22FklSkBIgwVPVaQ,"Fetched 05/23/2026, 9:00:03 PM GMT+8"
35593,@joy-d3n4u,2 weeks ago,magandang hapon po / Lokal ng Atok Gold,https://www.youtube.com/watch?v=ROa3kbG5M0U&lc=Ugwa_Y2vr9bb7_UibUR4AaABAg,Ugwa_Y2vr9bb7_UibUR4AaABAg,UCdSHn503pqXwdsqmLKce88g,"Fetched 05/23/2026, 9:00:03 PM GMT+8"
35594,@joy-d3n4u,2 weeks ago,happy watching po!!!!Lokal ng Atok Gold,https://www.youtube.com/watch?v=ROa3kbG5M0U&lc=UgxKNNv4NsYc5XAOhF54AaABAg,UgxKNNv4NsYc5XAOhF54AaABAg,UCdSHn503pqXwdsqmLKce88g,"Fetched 05/23/2026, 9:00:03 PM GMT+8"
35595,@mayvehn,2 weeks ago,magandang hapon po  / Lokal ng Atok Gold❤❤❤,https://www.youtube.com/watch?v=ROa3kbG5M0U&lc=UgwjkC9zgPzWXAwT2tN4AaABAg,UgwjkC9zgPzWXAwT2tN4AaABAg,UCivhdJ2CQeLK8tlG7Wh2BSQ,"Fetched 05/23/2026, 9:00:03 PM GMT+8"
35596,@unicoomorpe6056,2 weeks ago,"Happy watching po mula sa lokal ng baguio city, distrito ng benguet",https://www.youtube.com/watch?v=ROa3kbG5M0U&lc=Ugxf43Td_PEruj956ph4AaABAg,Ugxf43Td_PEruj956ph4AaABAg,UCoOWm-6nwzcuBuCj9ns-Z4w,"Fetched 05/23/2026, 9:00:03 PM GMT+8"
35597,@mayvehn,2 weeks ago,😊maligayang panonood po😊mula sa lokal ng atok gold,https://www.youtube.com/watch?v=ROa3kbG5M0U&lc=UgxETXcwlFNETMoP0jR4AaABAg,UgxETXcwlFNETMoP0jR4AaABAg,UCivhdJ2CQeLK8tlG7Wh2BSQ,"Fetched 05/23/2026, 9:00:03 PM GMT+8"
35598,@mayvehn,2 weeks ago,😊maligayang panonood po😊mula sa lokal ng atok gold,https://www.youtube.com/watch?v=ROa3kbG5M0U&lc=Ugzy7l_ePgeyjaSt6N54AaABAg,Ugzy7l_ePgeyjaSt6N54AaABAg,UCivhdJ2CQeLK8tlG7Wh2BSQ,"Fetched 05/23/2026, 9:00:03 PM GMT+8"
35599,@mayvehn,2 weeks ago,happy watching po.mula  sa mga masisipag na maytungkulin sa lokal ng atok gold,https://www.youtube.com/watch?v=ROa3kbG5M0U&lc=UgzNgTditJenInxUO9R4AaABAg,UgzNgTditJenInxUO9R4AaABAg,UCivhdJ2CQeLK8tlG7Wh2BSQ,"Fetched 05/23/2026, 9:00:03 PM GMT+8"
35600,@mayvehn,2 weeks ago,#Lokal ng Atok Gold / happy watching po❤❤,https://www.youtube.com/watch?v=ROa3kbG5M0U&lc=UgwCjT3Z_pn4msKOIN94AaABAg,UgwCjT3Z_pn4msKOIN94AaABAg,UCivhdJ2CQeLK8tlG7Wh2BSQ,"Fetched 05/23/2026, 9:00:03 PM GMT+8"
35601,@mayvehn,2 weeks ago,happy watching po ...Lokal ng Atok Gold,https://www.youtube.com/watch?v=ROa3kbG5M0U&lc=UgxmecuM7cpqxSXU4jt4AaABAg,UgxmecuM7cpqxSXU4jt4AaABAg,UCivhdJ2CQeLK8tlG7Wh2BSQ,"Fetched 05/23/2026, 9:00:03 PM GMT+8"
35602,@iya-k7j,2 weeks ago,❤❤❤buong-puso na nakikiisa sa panonood  mula po sa Lokal ng Atok Gold,https://www.youtube.com/watch?v=ROa3kbG5M0U&lc=UgwzyNf-X7alVJh9acF4AaABAg,UgwzyNf-X7alVJh9acF4AaABAg,UC_R2GfmFAjE8k8DgEjmtv7g,"Fetched 05/23/2026, 9:00:03 PM GMT+8"
35603,@iya-k7j,2 weeks ago,masayang panonood po mula sa Lokal ng Atok Gold,https://www.youtube.com/watch?v=ROa3kbG5M0U&lc=UgzUJjBsZw0Pjza1Dft4AaABAg,UgzUJjBsZw0Pjza1Dft4AaABAg,UC_R2GfmFAjE8k8DgEjmtv7g,"Fetched 05/23/2026, 9:00:03 PM GMT+8"
35604,@aulsenplays7478,2 weeks ago,Happy viewing po mula sa lokal ng megaroyale village distrito ng benguet🎉,https://www.youtube.com/watch?v=ROa3kbG5M0U&lc=UgygtHVCrDpzeAXh8dR4AaABAg,UgygtHVCrDpzeAXh8dR4AaABAg,UC0q4h4afOdRctXCQdqEo_ZQ,"Fetched 05/23/2026, 9:00:03 PM GMT+8"
35605,@chanelalejandro_pnk,2 weeks ago,"Truly, God’s love is wondrous! Greetings from PNK Lokal ng Kias, Distrito ng Benguet 💚🤍❤️",https://www.youtube.com/watch?v=ROa3kbG5M0U&lc=UgywVhE1-3E7-wJkgiZ4AaABAg,UgywVhE1-3E7-wJkgiZ4AaABAg,UCTWPGTQOGr1EpY3c3e2tsVw,"Fetched 05/23/2026, 9:00:03 PM GMT+8"
35606,@JennilynLazaro-y5x6v,2 weeks ago,maligayang panonood po mula po sa lokal ng ATOK GOLD,https://www.youtube.com/watch?v=ROa3kbG5M0U&lc=Ugyjx2cFYmp-qwYLyMJ4AaABAg,Ugyjx2cFYmp-qwYLyMJ4AaABAg,UCItB-k__Z6a289WuGtIxsbw,"Fetched 05/23/2026, 9:00:03 PM GMT+8"
35607,@iya-k7j,2 weeks ago,happy viewing po mula sa Lokal ng Atok Gold,https://www.youtube.com/watch?v=ROa3kbG5M0U&lc=UgywFD8mKtFlDlFCzcp4AaABAg,UgywFD8mKtFlDlFCzcp4AaABAg,UC_R2GfmFAjE8k8DgEjmtv7g,"Fetched 05/23/2026, 9:00:03 PM GMT+8"
35608,@ivymorenomaravilla,2 weeks ago,Happy watching po!!! Baguio City Benguet ❤❤❤❤,https://www.youtube.com/watch?v=ROa3kbG5M0U&lc=UgwX0Yu3XrEfjFMP8rV4AaABAg,UgwX0Yu3XrEfjFMP8rV4AaABAg,UC32rXNkKQhO9c-YLliCwYLg,"Fetched 05/23/2026, 9:00:03 PM GMT+8"
35609,@demetrioiiitorres2259,2 weeks ago,#Aurora Hill,https://www.youtube.com/watch?v=ROa3kbG5M0U&lc=UgzYf9ql2Moaxjyperd4AaABAg,UgzYf9ql2Moaxjyperd4AaABAg,UCX5TQu936ZOjCT-ekemw4XA,"Fetched 05/23/2026, 9:00:03 PM GMT+8"
35610,@ivymorenomaravilla,2 weeks ago,Happy watching po!!! Baguio City Benguet ❤❤❤❤,https://www.youtube.com/watch?v=ROa3kbG5M0U&lc=UgxfeFZxJP6Ks5af6VV4AaABAg,UgxfeFZxJP6Ks5af6VV4AaABAg,UC32rXNkKQhO9c-YLliCwYLg,"Fetched 05/23/2026, 9:00:03 PM GMT+8"
35611,@eduarderanfelixtorres3705,2 weeks ago,#Aurora Hill,https://www.youtube.com/watch?v=ROa3kbG5M0U&lc=UgwqG7AQMm41_KKVzgd4AaABAg,UgwqG7AQMm41_KKVzgd4AaABAg,UCMmK2TW3DFVCFe5qD8vqmrw,"Fetched 05/23/2026, 9:00:03 PM GMT+8"
35612,@iya-k7j,2 weeks ago,maligayang panonood po mga kapatid...mula po sa Lokal ng Atok Gold,https://www.youtube.com/watch?v=ROa3kbG5M0U&lc=UgzV3ZMVOCA1Fipu7TJ4AaABAg,UgzV3ZMVOCA1Fipu7TJ4AaABAg,UC_R2GfmFAjE8k8DgEjmtv7g,"Fetched 05/23/2026, 9:00:03 PM GMT+8"
35613,@Takoshenchie,2 weeks ago,Happy watching po from all Kadiwa officers mula po sa Lokal ng Guisad. Go Benguet!!,https://www.youtube.com/watch?v=ROa3kbG5M0U&lc=UgwhrCYYfAFtpkUA_GF4AaABAg,UgwhrCYYfAFtpkUA_GF4AaABAg,UCKL_3QOCN0VtAPkwus5A6Gw,"Fetched 05/23/2026, 9:00:03 PM GMT+8"
35614,@iya-k7j,2 weeks ago,Bumabati po sa inyong lahat mga kapatid.mula po sa Lokal ng Atok Gold,https://www.youtube.com/watch?v=ROa3kbG5M0U&lc=UgyTg25VzSRx29Uz9714AaABAg,UgyTg25VzSRx29Uz9714AaABAg,UC_R2GfmFAjE8k8DgEjmtv7g,"Fetched 05/23/2026, 9:00:03 PM GMT+8"
35615,@carmiatorres60,2 weeks ago,"Benguet, Aurora Hill",https://www.youtube.com/watch?v=ROa3kbG5M0U&lc=UgxCkYWmE6hu8bL5P0x4AaABAg,UgxCkYWmE6hu8bL5P0x4AaABAg,UCVbYrfHQw1WYEAnX7xN3TtQ,"Fetched 05/23/2026, 9:00:03 PM GMT+8"
35616,@zionangelotorres3905,2 weeks ago,"Benguet, Aurora Hill",https://www.youtube.com/watch?v=ROa3kbG5M0U&lc=UgzI_i-0TQGl-fJm0NJ4AaABAg,UgzI_i-0TQGl-fJm0NJ4AaABAg,UCDa5BQmgiRyCwP06Oah7rrQ,"Fetched 05/23/2026, 9:00:03 PM GMT+8"
35617,@nazramragde,2 weeks ago (edited),Happy watching po..mula sa lokal ng quezon hill..d😊😊,https://www.youtube.com/watch?v=ROa3kbG5M0U&lc=Ugyglzm4t-MxeFF_joJ4AaABAg,Ugyglzm4t-MxeFF_joJ4AaABAg,UC7RidxCmzD3p630bxEMOCQQ,"Fetched 05/23/2026, 9:00:03 PM GMT+8"
35618,@joy-d3n4u,2 weeks ago,"❤❤❤""It's his never-ending mercy, a light from above....""❤❤❤inspired brethren from the  Locale of Atok Gold🎉🎉🎉🎉",https://www.youtube.com/watch?v=ROa3kbG5M0U&lc=Ugz1s_Y4pjiD49RsCRZ4AaABAg,Ugz1s_Y4pjiD49RsCRZ4AaABAg,UCdSHn503pqXwdsqmLKce88g,"Fetched 05/23/2026, 9:00:03 PM GMT+8"
35619,@ArminaBuenaobra,2 weeks ago,Happy viewing po mula po sa LOKAL NG AURORA HILL DISTRITO NG BENGUET 🤍🤍,https://www.youtube.com/watch?v=ROa3kbG5M0U&lc=UgzGa5SYl06E23aHJHl4AaABAg,UgzGa5SYl06E23aHJHl4AaABAg,UC4gSRRKvLluXqRB35OBdCrw,"Fetched 05/23/2026, 9:00:03 PM GMT+8"
35620,@joy-d3n4u,2 weeks ago,"""A new day a new life that lasts till forever....."" / Lokal ng Atok Gold",https://www.youtube.com/watch?v=ROa3kbG5M0U&lc=UgzNUogGgXPOUFFMZDx4AaABAg,UgzNUogGgXPOUFFMZDx4AaABAg,UCdSHn503pqXwdsqmLKce88g,"Fetched 05/23/2026, 9:00:03 PM GMT+8"
35621,@JennilynLazaro-y5x6v,2 weeks ago,Pagbati po mula sa lokal ng ATOK GOLD 😊😊,https://www.youtube.com/watch?v=ROa3kbG5M0U&lc=UgxGo1LibjF6xhoDa2B4AaABAg,UgxGo1LibjF6xhoDa2B4AaABAg,UCItB-k__Z6a289WuGtIxsbw,"Fetched 05/23/2026, 9:00:03 PM GMT+8"
35622,@joy-d3n4u,2 weeks ago,"""I know its hard now but I swear it gets better""......... / ❤❤❤❤Lokal ng Atok Gold❤❤❤❤❤",https://www.youtube.com/watch?v=ROa3kbG5M0U&lc=UgyFOvCW_uDqwNxhawF4AaABAg,UgyFOvCW_uDqwNxhawF4AaABAg,UCdSHn503pqXwdsqmLKce88g,"Fetched 05/23/2026, 9:00:03 PM GMT+8"
35623,@erwincaranto3550,2 weeks ago,"Happy viewing po mga kapatid, mula po sa lokal ng city camp, benguet",https://www.youtube.com/watch?v=ROa3kbG5M0U&lc=UgwkMnxkdxqAP17sHa14AaABAg,UgwkMnxkdxqAP17sHa14AaABAg,UCtyGCbWrRC64j4bcFtfuHNQ,"Fetched 05/23/2026, 9:00:03 PM GMT+8"
35624,@joy-d3n4u,2 weeks ago,amazing performance!!!! / let's continue to support our district of benguet / from locale of atok gold❤❤❤❤,https://www.youtube.com/watch?v=ROa3kbG5M0U&lc=Ugxs2Im-lWvLVYlOfM14AaABAg,Ugxs2Im-lWvLVYlOfM14AaABAg,UCdSHn503pqXwdsqmLKce88g,"Fetched 05/23/2026, 9:00:03 PM GMT+8"
35625,@winkdelarosa2397,2 weeks ago,"Hello po sa lahat ng Kadiwa sa buong Mundo! Bumabati po mula sa Lokal ng La Trinidad, distrito po ng Benguet.  /  / LET'S GO BENGUET!❤",https://www.youtube.com/watch?v=ROa3kbG5M0U&lc=UgxzR7M1-TSDBHRLrmB4AaABAg,UgxzR7M1-TSDBHRLrmB4AaABAg,UCcSUir_e5wTvoTFR6eQepyQ,"Fetched 05/23/2026, 9:00:03 PM GMT+8"
35626,@vincenavidad3366,2 weeks ago,Happy viewing po from Lokal ng Ambiong,https://www.youtube.com/watch?v=ROa3kbG5M0U&lc=Ugx0zDVuYDEfyG1JN4p4AaABAg,Ugx0zDVuYDEfyG1JN4p4AaABAg,UChAD-BIMp8SCgp1sYLH-XYw,"Fetched 05/23/2026, 9:00:03 PM GMT+8"
35627,@JennilynLazaro-y5x6v,2 weeks ago,Happy viewing po mga kapatid sa kapisanang Buklod 😊😊 Mula po sa Lokal ng Atok Gold 😊😊,https://www.youtube.com/watch?v=ROa3kbG5M0U&lc=UgyiRcEi82GbiyhYj0Z4AaABAg,UgyiRcEi82GbiyhYj0Z4AaABAg,UCItB-k__Z6a289WuGtIxsbw,"Fetched 05/23/2026, 9:00:03 PM GMT+8"
35628,@racqueldaludado1779,2 weeks ago,"Happy Viewing po sa lahat mga kapatid. Mula po sa kapisanang BUKLOD ng Lokal ng Guisad, Distrito ng Benguet",https://www.youtube.com/watch?v=ROa3kbG5M0U&lc=Ugw8qlwngf1jpR_vjUR4AaABAg,Ugw8qlwngf1jpR_vjUR4AaABAg,UCgZwecFPuKOLF2FdCfR99dw,"Fetched 05/23/2026, 9:00:03 PM GMT+8"
35629,@joy-d3n4u,2 weeks ago,"""It's through His Love that your days are bright as the sun""...❤❤❤❤❤Lokal ng Atok Gold",https://www.youtube.com/watch?v=ROa3kbG5M0U&lc=Ugy-72RU7A16ZjgJ6Qh4AaABAg,Ugy-72RU7A16ZjgJ6Qh4AaABAg,UCdSHn503pqXwdsqmLKce88g,"Fetched 05/23/2026, 9:00:03 PM GMT+8"
35630,@jazz-m7b,2 weeks ago,"Magandang Hapon mga kapatid, pagbati po mula sa lokal ng LA TRINIDAD, distrito ng BENGUET / Let's Go Benguet! 🥀🥀🥀",https://www.youtube.com/watch?v=ROa3kbG5M0U&lc=UgzYwlQ3ZNd_giTlnzx4AaABAg,UgzYwlQ3ZNd_giTlnzx4AaABAg,UCNB-zyitm7U6Yt835DEKclA,"Fetched 05/23/2026, 9:00:03 PM GMT+8"
35631,@joy-d3n4u,2 weeks ago,Magandang hapon po❤❤❤mula po sa Lokal ng Atok Gold❤❤❤,https://www.youtube.com/watch?v=ROa3kbG5M0U&lc=Ugw3SrH_sg9x62UizUN4AaABAg,Ugw3SrH_sg9x62UizUN4AaABAg,UCdSHn503pqXwdsqmLKce88g,"Fetched 05/23/2026, 9:00:03 PM GMT+8"
35632,@joy-d3n4u,2 weeks ago,🎉🎉🎉🎉Go Benguet!!!🎉🎉 / Lokal ng Atok Gold,https://www.youtube.com/watch?v=ROa3kbG5M0U&lc=UgwIjoGjOxInfdKAQmp4AaABAg,UgwIjoGjOxInfdKAQmp4AaABAg,UCdSHn503pqXwdsqmLKce88g,"Fetched 05/23/2026, 9:00:03 PM GMT+8"
35633,@JennilynLazaro-y5x6v,2 weeks ago,Hello po mga taga lokal po ng ATOK GOLD 😊😊,https://www.youtube.com/watch?v=ROa3kbG5M0U&lc=UgxLVOKzz4DUPwFLqO14AaABAg,UgxLVOKzz4DUPwFLqO14AaABAg,UCItB-k__Z6a289WuGtIxsbw,"Fetched 05/23/2026, 9:00:03 PM GMT+8"
35634,@crisologomhelrose8909,2 weeks ago,"Happy viewing po mga kapatid! Mula po sa lokal ng Aurora Hill, Benguet🫶",https://www.youtube.com/watch?v=ROa3kbG5M0U&lc=UgxM73jjlJBL10GRKNt4AaABAg,UgxM73jjlJBL10GRKNt4AaABAg,UCs9wz_fVyFXKS0NH2PH29Wg,"Fetched 05/23/2026, 9:00:03 PM GMT+8"
35635,@sarahmirenobedoza5995,2 weeks ago,Pagbati po mula sa lokal ng aurora hill,https://www.youtube.com/watch?v=ROa3kbG5M0U&lc=UgwObo7WcG_iwxTcZXB4AaABAg,UgwObo7WcG_iwxTcZXB4AaABAg,UCJVjE6ShTHHCB1B7L2tJKVA,"Fetched 05/23/2026, 9:00:03 PM GMT+8"
35636,@johnreylucio8970,2 weeks ago,"Happy Viewing po sa ating lahat,, Binabati din po namin ang mga Kadiwa  at D.O ng Benguet, /  / Mula po sa lokal ng LA TRINIDAD, Distrito ng BENGUET🥦🐑🍓",https://www.youtube.com/watch?v=ROa3kbG5M0U&lc=UgwPc_58DaKRq39_VoF4AaABAg,UgwPc_58DaKRq39_VoF4AaABAg,UCNMupRD4ySrN336KZpy29OA,"Fetched 05/23/2026, 9:00:03 PM GMT+8"
35637,@JennilynLazaro-y5x6v,2 weeks ago,Shoutout po mga sa taga lokal po ng ATOK GOLD na nanonood po ngayon ☺☺,https://www.youtube.com/watch?v=ROa3kbG5M0U&lc=UgxklPe7L7DNzdEbAop4AaABAg,UgxklPe7L7DNzdEbAop4AaABAg,UCItB-k__Z6a289WuGtIxsbw,"Fetched 05/23/2026, 9:00:03 PM GMT+8"
35638,@joy-d3n4u,2 weeks ago,bumabati po mula sa Lokal ng Atok Gold,https://www.youtube.com/watch?v=ROa3kbG5M0U&lc=Ugw371jF_BRuNxzPwOt4AaABAg,Ugw371jF_BRuNxzPwOt4AaABAg,UCdSHn503pqXwdsqmLKce88g,"Fetched 05/23/2026, 9:00:03 PM GMT+8"
35639,@JennilynLazaro-y5x6v,2 weeks ago,"Mula po sa Lokal ng Atok Gold, Kagawaran po ng mga Mang-aawit 🎹🎶. Happy viewing po sa inyong lahat ❤",https://www.youtube.com/watch?v=ROa3kbG5M0U&lc=Ugxgyz9BBLfYxFr64p94AaABAg,Ugxgyz9BBLfYxFr64p94AaABAg,UCItB-k__Z6a289WuGtIxsbw,"Fetched 05/23/2026, 9:00:03 PM GMT+8"
35640,@gracenacatab1314,2 weeks ago,Happy viewing po mula masisipag na kalihim ng registry section sa lokal ng Aurora Hill distrito ng Benguet at sa aming napaka poging DRC kapatid na Rovell Nogoy😊😊,https://www.youtube.com/watch?v=ROa3kbG5M0U&lc=UgzQX67-LqxdS3nHydl4AaABAg,UgzQX67-LqxdS3nHydl4AaABAg,UCTbiGgjs1MoMl8m72OnqCHg,"Fetched 05/23/2026, 9:00:03 PM GMT+8"
35641,@michelleannhull3783,2 weeks ago,Happy watching po lalo na po sa mga Kalihim at mga  Registry Clerks ng Distrito ng Benguet..❤,https://www.youtube.com/watch?v=ROa3kbG5M0U&lc=UgzCNbE7_-dGQ3sSnq14AaABAg,UgzCNbE7_-dGQ3sSnq14AaABAg,UCFV0sl7gvPyNJeo3vjnLAAA,"Fetched 05/23/2026, 9:00:03 PM GMT+8"
35642,@tayabanrt,2 weeks ago,"Magandang Hapon mga kapatid, Shout out sa mga nanood ulit diyan🎉, pagbati po mula sa lokal ng LA TRINIDAD, distrito ng BENGUET",https://www.youtube.com/watch?v=ROa3kbG5M0U&lc=UgwRhw62TfV6npsF9wh4AaABAg,UgwRhw62TfV6npsF9wh4AaABAg,UCCpOKu7HxJqnWctZ5fG9DZg,"Fetched 05/23/2026, 9:00:03 PM GMT+8"
35643,@JennilynLazaro-y5x6v,2 weeks ago,Happy viewing mula po sa LOKAL NG ATOK GOLD 😊😊,https://www.youtube.com/watch?v=ROa3kbG5M0U&lc=Ugwyz6RC9pkaDB7UDqJ4AaABAg,Ugwyz6RC9pkaDB7UDqJ4AaABAg,UCItB-k__Z6a289WuGtIxsbw,"Fetched 05/23/2026, 9:00:03 PM GMT+8"
35644,@JennilynLazaro-y5x6v,2 weeks ago,"Mula po sa Lokal ng Atok Gold, Kagawaran po ng mga Mang-aawit 🎹🎶. Happy viewing po sa inyong lahat ❤",https://www.youtube.com/watch?v=ROa3kbG5M0U&lc=UgwLbdq4NlsC7cP48JJ4AaABAg,UgwLbdq4NlsC7cP48JJ4AaABAg,UCItB-k__Z6a289WuGtIxsbw,"Fetched 05/23/2026, 9:00:03 PM GMT+8"
35645,@JennilynLazaro-y5x6v,2 weeks ago,"Mula po sa Lokal ng Atok Gold, Kagawaran po ng mga Mang-aawit 🎹🎶. Happy viewing po sa inyong lahat ❤",https://www.youtube.com/watch?v=ROa3kbG5M0U&lc=Ugw-E2VtnpMBv8spjxt4AaABAg,Ugw-E2VtnpMBv8spjxt4AaABAg,UCItB-k__Z6a289WuGtIxsbw,"Fetched 05/23/2026, 9:00:03 PM GMT+8"
35646,@shairaana15,2 weeks ago,#GoBENGUET / Greetings po mula sa Lokal ng  #BALATOC... Pagbati din po sa #KalihimanRegistrySection...,https://www.youtube.com/watch?v=ROa3kbG5M0U&lc=UgyOIorhEAXSnNRB4mp4AaABAg,UgyOIorhEAXSnNRB4mp4AaABAg,UCz66lo1aiQBEDoc-M9U3rmw,"Fetched 05/23/2026, 9:00:03 PM GMT+8"
35647,@shairaana15,2 weeks ago,Greetings po mula sa Lokal ng  #BALATOC... Pagbati din po sa #KalihimanRegistrySection... / #GOBenguet,https://www.youtube.com/watch?v=ROa3kbG5M0U&lc=UgyIxI9QeAcNgCD3lpJ4AaABAg,UgyIxI9QeAcNgCD3lpJ4AaABAg,UCz66lo1aiQBEDoc-M9U3rmw,"Fetched 05/23/2026, 9:00:03 PM GMT+8"
35648,@Melowqt,2 weeks ago,"Happy viewing po mula sa lokal ng Aurora Hill, Distrito ng Benguet. At sa amin pong mahal at poging destinado, Ka. Redentor D. Tiamson Jr. 🥰❤",https://www.youtube.com/watch?v=ROa3kbG5M0U&lc=UgzT6l1M4LxgNV6bWht4AaABAg,UgzT6l1M4LxgNV6bWht4AaABAg,UCIhEvHguSXStIOMkrCjFRtw,"Fetched 05/23/2026, 9:00:03 PM GMT+8"
35649,@shairaana15,2 weeks ago,Greetings po mula sa Lokal ng  #BALATOC... Pagbati din po sa #KalihimanRegistrySection... / #GOBenguet,https://www.youtube.com/watch?v=ROa3kbG5M0U&lc=UgzFuW_W3w-QBSVIB154AaABAg,UgzFuW_W3w-QBSVIB154AaABAg,UCz66lo1aiQBEDoc-M9U3rmw,"Fetched 05/23/2026, 9:00:03 PM GMT+8"
35650,@jazerashleypacardo8593,2 weeks ago,"HAPPY WATCHING PO! LET""S GO BENGUET!",https://www.youtube.com/watch?v=ROa3kbG5M0U&lc=Ugzr1lerpDNT-Ew9sY54AaABAg,Ugzr1lerpDNT-Ew9sY54AaABAg,UCcGmrC4cEosbMeRpoJqI1hA,"Fetched 05/23/2026, 9:00:03 PM GMT+8"
35651,@rovellnogoy7927,2 weeks ago,Happy viewing din po sa mga kalihim sa Lokal ng Aurora Hill na magaganda at gwapo at masisipag 😇🥳,https://www.youtube.com/watch?v=ROa3kbG5M0U&lc=UgzQX67-LqxdS3nHydl4AaABAg.AWXhpIINFj7AWXlJSCSTzV,UgzQX67-LqxdS3nHydl4AaABAg.AWXhpIINFj7AWXlJSCSTzV,UCpcSI6VtzfqsSR4H63AKV0w,"Fetched 05/23/2026, 9:00:03 PM GMT+8"
35652,@Julskie28,2 weeks ago,"Happy viewing po sa ating lahat! /  / Greetings po sa lahat ng nasa kapisanang kadiwa sa buong mundo! /  / Mula po sa Lokal ng Guisad, Distrito ng Benguet ❤ /  / Let's Go Benguet 🎉🍓🍓",https://www.youtube.com/watch?v=ROa3kbG5M0U&lc=UgwhyIFgRQdO6hTtUIF4AaABAg,UgwhyIFgRQdO6hTtUIF4AaABAg,UC1nz0UiWHV8lyoQdZtJejeg,"Fetched 05/23/2026, 9:00:03 PM GMT+8"
35653,@DeltonreyDeltonrey,2 weeks ago (edited),"Happy Viewing po,from Locale of Buyagan District of Benguet",https://www.youtube.com/watch?v=ROa3kbG5M0U&lc=UgxD0Vgz0cE71Z-Xwj94AaABAg,UgxD0Vgz0cE71Z-Xwj94AaABAg,UC10s1KhUeJmlnwhheCHOc-Q,"Fetched 05/23/2026, 9:00:03 PM GMT+8"
35654,@jasminedaludado7262,2 weeks ago (edited),Happy viewing po mga kapatid!! / Binabati ko din po ang mga KADIWA District Officers ng Benguet🍓,https://www.youtube.com/watch?v=ROa3kbG5M0U&lc=Ugw32KvL0p32JyVaHmJ4AaABAg,Ugw32KvL0p32JyVaHmJ4AaABAg,UCA4HVmdH2Xj67gK8nZmpiZg,"Fetched 05/23/2026, 9:00:03 PM GMT+8"
35655,@KaJaz-r3n,2 weeks ago,hindi nakakasawang pakinggan hehe. FROM LOKAL NG GIBRALTAR DISTRITO NG BENGUET. LET'S GO BENGUET.!!!!,https://www.youtube.com/watch?v=ROa3kbG5M0U&lc=UgznBJEDAMt5uf_tC654AaABAg,UgznBJEDAMt5uf_tC654AaABAg,UC4BTg4L19kJ77hFPPBce71g,"Fetched 05/23/2026, 9:00:03 PM GMT+8"
35656,@kristine7303,2 weeks ago,Happy viewing po sa lahat ng KADIWA sa Distrito ng Benguet 💙💙💙,https://www.youtube.com/watch?v=ROa3kbG5M0U&lc=UgypQTZKVlNzpJBDJc14AaABAg,UgypQTZKVlNzpJBDJc14AaABAg,UCJnlqat5vcPuV6GiDugaBnA,"Fetched 05/23/2026, 9:00:03 PM GMT+8"
35657,@joy-d3n4u,2 weeks ago,happy viewing po mula sa Lokal ng Atok Gold,https://www.youtube.com/watch?v=ROa3kbG5M0U&lc=UgzKY6tKElageErLlS94AaABAg,UgzKY6tKElageErLlS94AaABAg,UCdSHn503pqXwdsqmLKce88g,"Fetched 05/23/2026, 9:00:03 PM GMT+8"
35658,@MugglesOut,2 weeks ago,"GOOD AFTERNOON PO! LET""S GO BENGUEEET!  shout out po sa mga KADIWA DISTRICT OFFICERS NG BENGUET!",https://www.youtube.com/watch?v=ROa3kbG5M0U&lc=UgwKHELlOsJbCTFGea14AaABAg,UgwKHELlOsJbCTFGea14AaABAg,UCIkZ_t57YBFd8tkjFWUojrw,"Fetched 05/23/2026, 9:00:03 PM GMT+8"
35659,@joy-d3n4u,2 weeks ago,"""...His love so divine..Our God always has your back..."" / Lokal ng Atok Gold❤❤❤",https://www.youtube.com/watch?v=ROa3kbG5M0U&lc=UgwXx-QAIDFw7brAPOZ4AaABAg,UgwXx-QAIDFw7brAPOZ4AaABAg,UCdSHn503pqXwdsqmLKce88g,"Fetched 05/23/2026, 9:00:03 PM GMT+8"
35660,@itzjazmegacha,2 weeks ago,LET'S GO BENGUETTTTT. greetings po from lokal ng Gibraltar!,https://www.youtube.com/watch?v=ROa3kbG5M0U&lc=Ugx3wlHydIML9clBh794AaABAg,Ugx3wlHydIML9clBh794AaABAg,UChOp7W4eOfG4K8dXsHWSioA,"Fetched 05/23/2026, 9:00:03 PM GMT+8"
35661,@Jonnerguilod,2 weeks ago,Shout out po sa masipag na Pangulong Kadiwa ng Distrito ng Benguet Kuya Henry Caranto! /  / Happy watching po from lokal ng Baguio City!,https://www.youtube.com/watch?v=ROa3kbG5M0U&lc=UgxmUnmlo5CliBf-oW14AaABAg,UgxmUnmlo5CliBf-oW14AaABAg,UCUziou_rMXx7lIZ3VI2K55Q,"Fetched 05/23/2026, 9:00:03 PM GMT+8"
35662,@joymaylee-e9o,2 weeks ago,Kumusta po sa inyong lahat mga kapatid...patuloy po na masayang  nanonood mula po sa Lokal ng Atok Gold❤❤❤,https://www.youtube.com/watch?v=ROa3kbG5M0U&lc=UgxMTK_X8OvaG2rF2ih4AaABAg,UgxMTK_X8OvaG2rF2ih4AaABAg,UCVNaOxPbc9ZEHqlMp6TAgMA,"Fetched 05/23/2026, 9:00:03 PM GMT+8"
35663,@almazanrhyndylyn,2 weeks ago (edited),Magandang hapon po. /  / Pagbati po sa lahat ng may tungkulin sa kapisanang Kadiwa sa Distrito ng Benguet.  /  / Binabati ko din po ang ating Tagapangasiwa sa Distrito ang Kapatid na Ardy D. Mendoza at ang ating KSKP ang Kapatid na John Felix Dungan kasama po ng kanilang sambahayan. /  / Mula po sa Lokal ng Norcar Distrito ng Benguet,https://www.youtube.com/watch?v=ROa3kbG5M0U&lc=Ugwzremf1cXShCt7Cth4AaABAg,Ugwzremf1cXShCt7Cth4AaABAg,UCEoQCNgytnJxjJnAQLSzFeA,"Fetched 05/23/2026, 9:00:03 PM GMT+8"
35664,@gracenacatab1314,2 weeks ago,Happy viewing po from lokal ng Aurora Hill distrito ng Benguet at sa aming mahal at pinaka poging destinado😊,https://www.youtube.com/watch?v=ROa3kbG5M0U&lc=UgyTmhE3wkVcAfp-rzp4AaABAg,UgyTmhE3wkVcAfp-rzp4AaABAg,UCTbiGgjs1MoMl8m72OnqCHg,"Fetched 05/23/2026, 9:00:03 PM GMT+8"
35665,@joymaylee-e9o,2 weeks ago,maligayang panonood po sa ating lahat mga kapatid...mula po sa Lokal ng Atok Gold,https://www.youtube.com/watch?v=ROa3kbG5M0U&lc=UgxEMjubEO7uJYLMPux4AaABAg,UgxEMjubEO7uJYLMPux4AaABAg,UCVNaOxPbc9ZEHqlMp6TAgMA,"Fetched 05/23/2026, 9:00:03 PM GMT+8"
35666,@joymaylee-e9o,2 weeks ago,❤❤❤happy viewing po..mula po sa Lokal ng Atok Gold❤❤❤❤❤,https://www.youtube.com/watch?v=ROa3kbG5M0U&lc=UgzVEeOuYIeEsZguzSl4AaABAg,UgzVEeOuYIeEsZguzSl4AaABAg,UCVNaOxPbc9ZEHqlMp6TAgMA,"Fetched 05/23/2026, 9:00:03 PM GMT+8"
35667,@henrycaranto2644,2 weeks ago,"Happy Watching po sa lahat. / Lets Go Benguet🎉🎉🍓🍓 /  / Mga KADIWA/BINHI  ng Benguet support na po tayo ☺️ /  / From Lokal ng BAGUIO CITY,Benguet",https://www.youtube.com/watch?v=ROa3kbG5M0U&lc=UgwC2kcmHWYMeMiQxqV4AaABAg,UgwC2kcmHWYMeMiQxqV4AaABAg,UCFilTOy22FklSkBIgwVPVaQ,"Fetched 05/23/2026, 9:00:03 PM GMT+8"
35668,@JennilynLazaro-y5x6v,2 weeks ago,"Mula po sa Lokal ng Atok Gold, Kagawaran po ng mga Mang-aawit 🎹🎶. Happy viewing po sa inyong lahat ❤",https://www.youtube.com/watch?v=ROa3kbG5M0U&lc=UgyVitOYwJRcmy0nktZ4AaABAg,UgyVitOYwJRcmy0nktZ4AaABAg,UCItB-k__Z6a289WuGtIxsbw,"Fetched 05/23/2026, 9:00:03 PM GMT+8"
35669,@JennilynLazaro-y5x6v,2 weeks ago,"Mula po sa Lokal ng Atok Gold, Kagawaran po ng mga Mang-aawit 🎹🎶. Happy viewing po sa inyong lahat ❤",https://www.youtube.com/watch?v=ROa3kbG5M0U&lc=UgzlcRVpgRXT3bDAxll4AaABAg,UgzlcRVpgRXT3bDAxll4AaABAg,UCItB-k__Z6a289WuGtIxsbw,"Fetched 05/23/2026, 9:00:03 PM GMT+8"
35670,@JennilynLazaro-y5x6v,2 weeks ago,"Mula po sa Lokal ng Atok Gold, Kagawaran po ng mga Mang-aawit 🎹🎶. Happy viewing po sa inyong lahat ❤",https://www.youtube.com/watch?v=ROa3kbG5M0U&lc=UgzKFlg9XRYfVJVu-1l4AaABAg,UgzKFlg9XRYfVJVu-1l4AaABAg,UCItB-k__Z6a289WuGtIxsbw,"Fetched 05/23/2026, 9:00:03 PM GMT+8"
35671,@luibustamante9493,2 weeks ago,Happy lunch po sa lahat ng masisiglang kapatid 🤗🤗🤗 /  / Binabati ko po lahat ng Kadiwa District officers at lahat ng kadiwa sa lahat ng lokal sa loob at labas ng bansa 🤗🤗🤗 /  / Watching from locale of Tuba District of Benguet 🍓🍓 /  /  / Keep on watching po 🤗🤗 /  / Let's go Benguet 🍓🍓🍓🍓💪,https://www.youtube.com/watch?v=ROa3kbG5M0U&lc=Ugza96hKmdIKg_n-N1V4AaABAg,Ugza96hKmdIKg_n-N1V4AaABAg,UCFAmrhDmv6rvZrQoYp-IS9w,"Fetched 05/23/2026, 9:00:03 PM GMT+8"
35672,@henrycaranto2644,2 weeks ago,Halaaaa!! Hahaha shout out po sa mga masisipag na BINHI District Officer namin!!! COMMENT NAAAAA☺️☺️,https://www.youtube.com/watch?v=ROa3kbG5M0U&lc=UgxmUnmlo5CliBf-oW14AaABAg.AWXgJbFJYnSAWXhJZPmRtC,UgxmUnmlo5CliBf-oW14AaABAg.AWXgJbFJYnSAWXhJZPmRtC,UCFilTOy22FklSkBIgwVPVaQ,"Fetched 05/23/2026, 9:00:03 PM GMT+8"
35673,@ReneImperial-u5t,2 weeks ago,"Maligayang pagbati po Sa lahat Ng Kapatid, mula Sa lokal Ng Lourdes, / Kalihiman/Registry Ng Lourdes.",https://www.youtube.com/watch?v=ROa3kbG5M0U&lc=UgwotMdssU7rrj4otQ14AaABAg,UgwotMdssU7rrj4otQ14AaABAg,UC7RhxessTgRMDoleTYEQLtA,"Fetched 05/23/2026, 9:00:03 PM GMT+8"
35674,@bervondaquisio4596,2 weeks ago,"Greeting po mga Kapatid!!! Watching from Lokal ng Binanga, Benguet❤❤",https://www.youtube.com/watch?v=ROa3kbG5M0U&lc=UgxAN7awdnkMzc4firB4AaABAg,UgxAN7awdnkMzc4firB4AaABAg,UC1lQcloLlUzpjaeG2pEcTYQ,"Fetched 05/23/2026, 9:00:03 PM GMT+8"
35675,@joylee1468,2 weeks ago,"""It's His never-ending mercy, a light from above...."" / Lokal ng Atok Gold❤❤❤❤❤",https://www.youtube.com/watch?v=ROa3kbG5M0U&lc=Ugx_IdQ4dIJ2x5jccdF4AaABAg,Ugx_IdQ4dIJ2x5jccdF4AaABAg,UC7UWPgNV4p4GGKzoeFbHS8g,"Fetched 05/23/2026, 9:00:03 PM GMT+8"
35676,@djs8750,2 weeks ago,"Happy viewing po Mga Kapatid sa Distrito ng Benguet , Greetings po sa mga Kaptid sa Lokal ng Aurora Hill",https://www.youtube.com/watch?v=ROa3kbG5M0U&lc=Ugw1BWMa9fJryzNKeiB4AaABAg,Ugw1BWMa9fJryzNKeiB4AaABAg,UCeWxYZLGI1qgzAfW11EqtaA,"Fetched 05/23/2026, 9:00:03 PM GMT+8"
35677,@joylee1468,2 weeks ago,"""His wondrous love..."" / Lokal ng Atok Gold po❤❤❤❤",https://www.youtube.com/watch?v=ROa3kbG5M0U&lc=Ugx5QywgZtKPzZeiLGN4AaABAg,Ugx5QywgZtKPzZeiLGN4AaABAg,UC7UWPgNV4p4GGKzoeFbHS8g,"Fetched 05/23/2026, 9:00:03 PM GMT+8"
35678,@JennilynLazaro-y5x6v,2 weeks ago,maligayang panonood po mula sa lokal ng ATOK GOLD❤,https://www.youtube.com/watch?v=ROa3kbG5M0U&lc=UgyV91mItz43sy8cI354AaABAg,UgyV91mItz43sy8cI354AaABAg,UCItB-k__Z6a289WuGtIxsbw,"Fetched 05/23/2026, 9:00:03 PM GMT+8"
35679,@JennilynLazaro-y5x6v,2 weeks ago,maligayang panonood po mula sa lokal ng ATOK GOLD❤,https://www.youtube.com/watch?v=ROa3kbG5M0U&lc=Ugwr-x4qQMGsiE20i594AaABAg,Ugwr-x4qQMGsiE20i594AaABAg,UCItB-k__Z6a289WuGtIxsbw,"Fetched 05/23/2026, 9:00:03 PM GMT+8"
35680,@joylee1468,2 weeks ago,hello po mga kapatid❤❤❤❤❤ / patuloy po nating suportahan ang ating Distrito / mula po sa Lokal ng Atok Gold❤❤❤❤,https://www.youtube.com/watch?v=ROa3kbG5M0U&lc=UgzXQADKf01WyWNSjt54AaABAg,UgzXQADKf01WyWNSjt54AaABAg,UC7UWPgNV4p4GGKzoeFbHS8g,"Fetched 05/23/2026, 9:00:03 PM GMT+8"
35681,@JennilynLazaro-y5x6v,2 weeks ago,God's love is bigger than the ocean and brighter than the stars ❤❤ / Happy viewing po from Lokal ng ATOK GOLD 😊😊,https://www.youtube.com/watch?v=ROa3kbG5M0U&lc=UgxILwWWSrWjhd7FeyJ4AaABAg,UgxILwWWSrWjhd7FeyJ4AaABAg,UCItB-k__Z6a289WuGtIxsbw,"Fetched 05/23/2026, 9:00:03 PM GMT+8"
35682,@JennilynLazaro-y5x6v,2 weeks ago,God's love is bigger than the ocean and brighter than the stars ❤❤ / Happy viewing po from Lokal ng ATOK GOLD 😊😊,https://www.youtube.com/watch?v=ROa3kbG5M0U&lc=UgxG1OKKyxdJ2kWvQU94AaABAg,UgxG1OKKyxdJ2kWvQU94AaABAg,UCItB-k__Z6a289WuGtIxsbw,"Fetched 05/23/2026, 9:00:03 PM GMT+8"
35683,@iya-k7j,2 weeks ago,God's Love❤❤❤❤❤ / go Benguet!!!! / Lokal ng Atok Gold,https://www.youtube.com/watch?v=ROa3kbG5M0U&lc=UgyeuaVFz1c2fC87nQ94AaABAg,UgyeuaVFz1c2fC87nQ94AaABAg,UC_R2GfmFAjE8k8DgEjmtv7g,"Fetched 05/23/2026, 9:00:03 PM GMT+8"
35684,@JennilynLazaro-y5x6v,2 weeks ago,God's love is bigger than the ocean and brighter than the stars ❤❤ / Happy viewing po from Lokal ng ATOK GOLD 😊😊,https://www.youtube.com/watch?v=ROa3kbG5M0U&lc=UgyKmyactvne8nrl4fx4AaABAg,UgyKmyactvne8nrl4fx4AaABAg,UCItB-k__Z6a289WuGtIxsbw,"Fetched 05/23/2026, 9:00:03 PM GMT+8"
35685,@chichialvarezn,2 weeks ago,"Happy watching po mga kabagis, from locale of Aurora Hill, District of Benguet. Binabati rin po namin ang aming poging Destinado na si Kapatid na Redentor Tiamson Jr.",https://www.youtube.com/watch?v=ROa3kbG5M0U&lc=UgxfQO-rLfDSRHkoo_d4AaABAg,UgxfQO-rLfDSRHkoo_d4AaABAg,UCCqRQErQw1h8719fX878FDA,"Fetched 05/23/2026, 9:00:03 PM GMT+8"
35686,@iya-k7j,2 weeks ago,pagbati po mula sa Lokal ng Atok Gold🎉🎉🎉🎉🎉🎉,https://www.youtube.com/watch?v=ROa3kbG5M0U&lc=UgyzLWsqAPvS72scf3N4AaABAg,UgyzLWsqAPvS72scf3N4AaABAg,UC_R2GfmFAjE8k8DgEjmtv7g,"Fetched 05/23/2026, 9:00:03 PM GMT+8"
35687,@mirapakipac674,2 weeks ago,Happy viewing po sa lahat.  / Shout out po sa mga masisipag na MT ng PNK sa lokal ng Baguio City 🥰,https://www.youtube.com/watch?v=ROa3kbG5M0U&lc=Ugzrzw5-GSLDDkalwpR4AaABAg,Ugzrzw5-GSLDDkalwpR4AaABAg,UCoWuM8c4gFub3KUeNOE1D3Q,"Fetched 05/23/2026, 9:00:03 PM GMT+8"
35688,@mayvehn,2 weeks ago,happy viewing po....mula po sa Lokal ng Atok Gold,https://www.youtube.com/watch?v=ROa3kbG5M0U&lc=Ugx7VR4kHxvlhR9k38Z4AaABAg,Ugx7VR4kHxvlhR9k38Z4AaABAg,UCivhdJ2CQeLK8tlG7Wh2BSQ,"Fetched 05/23/2026, 9:00:03 PM GMT+8"
35689,@JennilynLazaro-y5x6v,2 weeks ago,Happy viewing po sa mga kasama po naming nanonood mula po sa Lokal ng Atok Gold 😇,https://www.youtube.com/watch?v=ROa3kbG5M0U&lc=Ugxd_bOO-aQ6ycezWdR4AaABAg,Ugxd_bOO-aQ6ycezWdR4AaABAg,UCItB-k__Z6a289WuGtIxsbw,"Fetched 05/23/2026, 9:00:03 PM GMT+8"
35690,@AdliselbAoad,2 weeks ago,HAPPY WATCHING...... /  / KALIHIMAN/REGISTRY(BAGUIO CITY),https://www.youtube.com/watch?v=ROa3kbG5M0U&lc=UgyhiTxnk2eNLhBRXZZ4AaABAg,UgyhiTxnk2eNLhBRXZZ4AaABAg,UCDFkFpLctdryYbzB6sMOn3A,"Fetched 05/23/2026, 9:00:03 PM GMT+8"
35691,@mayvehn,2 weeks ago,❤❤❤❤❤Lokal ng Atok Gold❤❤❤❤❤❤,https://www.youtube.com/watch?v=ROa3kbG5M0U&lc=UgwQFYgPdcI7eUEnloV4AaABAg,UgwQFYgPdcI7eUEnloV4AaABAg,UCivhdJ2CQeLK8tlG7Wh2BSQ,"Fetched 05/23/2026, 9:00:03 PM GMT+8"
35692,@JemerlynPacis,2 weeks ago,"Happy viewing po mula sa Lokal ng Aurora Hill, Distrito ng Benguet! At binabati po namin ang amin pong mahal at poging Destinado, Kapatid na Redentor Tiamson Jr. 🤍",https://www.youtube.com/watch?v=ROa3kbG5M0U&lc=Ugypjcw0amnMX5QLinx4AaABAg,Ugypjcw0amnMX5QLinx4AaABAg,UCIJ01y_md3h4quxSbGkW0Fw,"Fetched 05/23/2026, 9:00:03 PM GMT+8"
35693,@JemerlynPacis,2 weeks ago,"Happy viewing po mula sa Lokal ng Aurora Hill, Distrito ng Benguet! At binabati po namin ang amin pong mahal at poging Destinado, Kapatid na Redentor Tiamson Jr. 🤍",https://www.youtube.com/watch?v=ROa3kbG5M0U&lc=UgzuIm-S6aHj0Nig22h4AaABAg,UgzuIm-S6aHj0Nig22h4AaABAg,UCIJ01y_md3h4quxSbGkW0Fw,"Fetched 05/23/2026, 9:00:03 PM GMT+8"
35694,@JemerlynPacis,2 weeks ago,"Happy viewing po mula sa Lokal ng Aurora Hill, Distrito ng Benguet! At binabati po namin ang amin pong mahal at poging Destinado, Kapatid na Redentor Tiamson Jr. 🤍",https://www.youtube.com/watch?v=ROa3kbG5M0U&lc=Ugw7-VZJxg3L4PWoeIp4AaABAg,Ugw7-VZJxg3L4PWoeIp4AaABAg,UCIJ01y_md3h4quxSbGkW0Fw,"Fetched 05/23/2026, 9:00:03 PM GMT+8"
35695,@JemerlynPacis,2 weeks ago,"Happy viewing po mula sa Lokal ng Aurora Hill, Distrito ng Benguet! At binabati po namin ang amin pong mahal at poging Destinado, Kapatid na Redentor Tiamson Jr. 🤍",https://www.youtube.com/watch?v=ROa3kbG5M0U&lc=UgzCepXcPZoZ7yzvIyp4AaABAg,UgzCepXcPZoZ7yzvIyp4AaABAg,UCIJ01y_md3h4quxSbGkW0Fw,"Fetched 05/23/2026, 9:00:03 PM GMT+8"
35696,@mayvehn,2 weeks ago,happy viewing po mula sa Lokal ng Atok Gold,https://www.youtube.com/watch?v=ROa3kbG5M0U&lc=UgzCUxXmQa0VVSXjoK54AaABAg,UgzCUxXmQa0VVSXjoK54AaABAg,UCivhdJ2CQeLK8tlG7Wh2BSQ,"Fetched 05/23/2026, 9:00:03 PM GMT+8"
35697,@marneliebatalla8117,2 weeks ago,"Happy viewing po, mula po sa kalihiman ng Baguio 🫶",https://www.youtube.com/watch?v=ROa3kbG5M0U&lc=Ugx5zErgOxac1qPEutV4AaABAg,Ugx5zErgOxac1qPEutV4AaABAg,UCGZeqKpiLqcjH02gBjGj7kQ,"Fetched 05/23/2026, 9:00:03 PM GMT+8"
35698,@jonathanlazaro-lr3tw,2 weeks ago,Maligayang panonood po mula sa lokal ng atok Golf,https://www.youtube.com/watch?v=ROa3kbG5M0U&lc=UgyubxKA5FJe03KRD7N4AaABAg,UgyubxKA5FJe03KRD7N4AaABAg,UCFqvjRjbTvQSzxX4Cw-_bZw,"Fetched 05/23/2026, 9:00:03 PM GMT+8"
35699,@agudongdencebaylorb.6757,2 weeks ago,"happy viewing po, mula sa lokal ng Baguio City Distrito ng Benguet",https://www.youtube.com/watch?v=ROa3kbG5M0U&lc=UgzLhNTV8lJ4UUne2Ox4AaABAg,UgzLhNTV8lJ4UUne2Ox4AaABAg,UCk7OB5KugstrmQSDU7Q4lDQ,"Fetched 05/23/2026, 9:00:03 PM GMT+8"
35700,@FELIXCASTILLO-d6k,2 weeks ago,Happy viewing po.... Binabati ko po lahat ng kalihim dito sa Baguio City,https://www.youtube.com/watch?v=ROa3kbG5M0U&lc=UgzgmFkZTtkSRmc_uU14AaABAg,UgzgmFkZTtkSRmc_uU14AaABAg,UCzYZJSgSHmHSChay7k3DlyA,"Fetched 05/23/2026, 9:00:03 PM GMT+8"
35701,@chichialvarezn,2 weeks ago,"Happy viewing po mga Kapatid, mula po sa lokal ng Aurora Hill, District of Benguet. Binabati po namin ang aming Destinado, kapatid na Redenter Tiamson Jr.💞💞✨",https://www.youtube.com/watch?v=ROa3kbG5M0U&lc=UgxbTgDWRgKoUYfzlal4AaABAg,UgxbTgDWRgKoUYfzlal4AaABAg,UCCqRQErQw1h8719fX878FDA,"Fetched 05/23/2026, 9:00:03 PM GMT+8"
35702,@chichialvarezn,2 weeks ago,"Happy viewing po mga Kapatid, mula po sa lokal ng Aurora Hill, District of Benguet. Binabati po namin ang aming poging Destinado, kapatid na Redenter Tiamson Jr.💞💞✨",https://www.youtube.com/watch?v=ROa3kbG5M0U&lc=UgyRfWUFFdDWeP0NApR4AaABAg,UgyRfWUFFdDWeP0NApR4AaABAg,UCCqRQErQw1h8719fX878FDA,"Fetched 05/23/2026, 9:00:03 PM GMT+8"
35703,@chichialvarezn,2 weeks ago,"Happy viewing po mga Kapatid, mula po sa lokal ng Aurora Hill, District of Benguet. Binabati po namin ang aming poging Destinado, kapatid na Redenter Tiamson Jr.💞💞✨",https://www.youtube.com/watch?v=ROa3kbG5M0U&lc=UgyF1s7nxnXwlzfTQiV4AaABAg,UgyF1s7nxnXwlzfTQiV4AaABAg,UCCqRQErQw1h8719fX878FDA,"Fetched 05/23/2026, 9:00:03 PM GMT+8"
35704,@KristineBeaArenas,2 weeks ago,"Happy viewing po mula sa lokal ng Aurora Hill, Distrito ng Benguet. At sa amin pong mahal at poging destinado, Ka. Redentor D. Tiamson Jr. 💗💗",https://www.youtube.com/watch?v=ROa3kbG5M0U&lc=UgxVPMjQ-3dbfyw8vCF4AaABAg,UgxVPMjQ-3dbfyw8vCF4AaABAg,UCs3H_9liw6Ou9wWUdG-o9hQ,"Fetched 05/23/2026, 9:00:03 PM GMT+8"
35705,@KristineBeaArenas,2 weeks ago,"Happy viewing po mula sa lokal ng Aurora Hill, Distrito ng Benguet. At sa amin pong mahal at poging destinado, Ka. Redentor D. Tiamson Jr. 💗💗",https://www.youtube.com/watch?v=ROa3kbG5M0U&lc=Ugz46MxdbxV00IOCzxl4AaABAg,Ugz46MxdbxV00IOCzxl4AaABAg,UCs3H_9liw6Ou9wWUdG-o9hQ,"Fetched 05/23/2026, 9:00:03 PM GMT+8"
35706,@KristineBeaArenas,2 weeks ago,"Happy viewing po mula sa lokal ng Aurora Hill, Distrito ng Benguet. At sa amin pong mahal at poging destinado, Ka. Redentor D. Tiamson Jr. 🤍🫰",https://www.youtube.com/watch?v=ROa3kbG5M0U&lc=UgykvjOgq8EgM4y0U_14AaABAg,UgykvjOgq8EgM4y0U_14AaABAg,UCs3H_9liw6Ou9wWUdG-o9hQ,"Fetched 05/23/2026, 9:00:03 PM GMT+8"
35707,@cristymorales6399,2 weeks ago,"Mainit na pagbati mula sa kalihiman at registry lokal ng Gibraltar, distrito ng Benguet",https://www.youtube.com/watch?v=ROa3kbG5M0U&lc=UgyY4KsdrjXe5CbGKTN4AaABAg,UgyY4KsdrjXe5CbGKTN4AaABAg,UCy4vhZGOT49XaOmm4ruS6OQ,"Fetched 05/23/2026, 9:00:03 PM GMT+8"
35708,@JonnerGuilod-ye5rs,2 weeks ago,Magandang Hapon po watching from Lokal ng Baguio City! /  / Shout out po sa mga kasama naming PNK officer sa Lokal ng Baguio City!,https://www.youtube.com/watch?v=ROa3kbG5M0U&lc=UgxlT6G8Fut-NGFePeN4AaABAg,UgxlT6G8Fut-NGFePeN4AaABAg,UCqAZvKcFKWAYBEWjNAhZEZw,"Fetched 05/23/2026, 9:00:03 PM GMT+8"
35709,@maryannfernandez9408,2 weeks ago,Happy lunch po sa lahat ng mga kalihim at registry clerks sa distrito ng Benguet. Watching po mula sa lokal ng Guisad❤❤❤❤,https://www.youtube.com/watch?v=ROa3kbG5M0U&lc=UgzGw64xiHvpoelnLk14AaABAg,UgzGw64xiHvpoelnLk14AaABAg,UC6QnYlqIsg0WPmOKL74vIPg,"Fetched 05/23/2026, 9:00:03 PM GMT+8"
35710,@ArleenLana-l3o,2 weeks ago,Happy viewing especially po sa mga Kalihim ng Lokal ng Tomay...,https://www.youtube.com/watch?v=ROa3kbG5M0U&lc=Ugzg3kHv-0B5RVuveZx4AaABAg,Ugzg3kHv-0B5RVuveZx4AaABAg,UCATdNCToNYN5w0MfQphk92g,"Fetched 05/23/2026, 9:00:03 PM GMT+8"
35711,@Jonnerguilod,2 weeks ago,Magandang Hapon po Watching from Lokal ng Baguio City! /  / Shout out po sa mga kasama po naming PNK Officer sa Lokal ng Baguio City!,https://www.youtube.com/watch?v=ROa3kbG5M0U&lc=UgzAI4uq6ivNJyrppGt4AaABAg,UgzAI4uq6ivNJyrppGt4AaABAg,UCUziou_rMXx7lIZ3VI2K55Q,"Fetched 05/23/2026, 9:00:03 PM GMT+8"
35712,@karenpagaduan7447,2 weeks ago,Greetings to all choir members of the Locale Congregation of Baguio City! Happy viewing po! 🎉,https://www.youtube.com/watch?v=ROa3kbG5M0U&lc=UgxTnvs4gS5DI1UQFOl4AaABAg,UgxTnvs4gS5DI1UQFOl4AaABAg,UC6-F0wGRyOUm1Vqv7OTu1Ew,"Fetched 05/23/2026, 9:00:03 PM GMT+8"
35713,@karenpagaduan7447,2 weeks ago,"Binabati ko po ang aming destinado sa Lokal ng Baguio City, ang Ka Norberto Mislang. Happy viewing po sa ating lahat! ❤",https://www.youtube.com/watch?v=ROa3kbG5M0U&lc=UgzMpAxuHDT-b6lBFHx4AaABAg,UgzMpAxuHDT-b6lBFHx4AaABAg,UC6-F0wGRyOUm1Vqv7OTu1Ew,"Fetched 05/23/2026, 9:00:03 PM GMT+8"
35714,@albertobidoza,2 weeks ago (edited),happy viewing po from lokal ng aurora hill,https://www.youtube.com/watch?v=ROa3kbG5M0U&lc=UgzC5D-lPT6vgwF44tV4AaABAg,UgzC5D-lPT6vgwF44tV4AaABAg,UCY8nOX5sdFJDr5AemIlk8HQ,"Fetched 05/23/2026, 9:00:03 PM GMT+8"
35715,@ArianeLizTalavera-n6i,2 weeks ago,Happy Viewing po ❤ Mula sa lokal Ng City Camp ❤,https://www.youtube.com/watch?v=ROa3kbG5M0U&lc=UgyNZ0rd2gyEtl83kvN4AaABAg,UgyNZ0rd2gyEtl83kvN4AaABAg,UCTuhwhwxi8q2jtv9qaB-E-A,"Fetched 05/23/2026, 9:00:03 PM GMT+8"
35716,@karenpagaduan7447,2 weeks ago,Happy viewing po! Binabati ko po lahat ng mga MT ng PNK sa Lokal ng Baguio City! ❤,https://www.youtube.com/watch?v=ROa3kbG5M0U&lc=UgzDYQoq5e5-UaPCIex4AaABAg,UgzDYQoq5e5-UaPCIex4AaABAg,UC6-F0wGRyOUm1Vqv7OTu1Ew,"Fetched 05/23/2026, 9:00:03 PM GMT+8"
35717,@Yroh999,2 weeks ago,"Greetings po to all masisipag na KALIHIM/REGISTRY CLERKS around the world! /  / #HisWondrousLove❤ /  / 😊from Tuba Kalihiman, District of Benguet",https://www.youtube.com/watch?v=ROa3kbG5M0U&lc=UgxzGxVSSJrQbf0idIl4AaABAg,UgxzGxVSSJrQbf0idIl4AaABAg,UCERUpQTowu4C1Sa4B5ew8pw,"Fetched 05/23/2026, 9:00:03 PM GMT+8"
35718,@JennilynLazaro-y5x6v,2 weeks ago,Happy viewing po from Lokal ng ATOK GOLD,https://www.youtube.com/watch?v=ROa3kbG5M0U&lc=UgzrCm66_mBr7_ZIZgF4AaABAg,UgzrCm66_mBr7_ZIZgF4AaABAg,UCItB-k__Z6a289WuGtIxsbw,"Fetched 05/23/2026, 9:00:03 PM GMT+8"
35719,@catalystavenue,2 weeks ago,Happy Viewing Po ❤ Mula Po sa Lokal Ng City Camp ❤️,https://www.youtube.com/watch?v=ROa3kbG5M0U&lc=Ugxi969IDsdFjNddUfx4AaABAg,Ugxi969IDsdFjNddUfx4AaABAg,UCaf6nZoEQaKzbPHZ139KXGw,"Fetched 05/23/2026, 9:00:03 PM GMT+8"
35720,@JennilynLazaro-y5x6v,2 weeks ago,God's love is bigger than the ocean and brighter than the stars ❤❤ / Happy viewing po from Lokal ng ATOK GOLD 😊😊,https://www.youtube.com/watch?v=ROa3kbG5M0U&lc=UgxvDwtGln0FJBFEpB54AaABAg,UgxvDwtGln0FJBFEpB54AaABAg,UCItB-k__Z6a289WuGtIxsbw,"Fetched 05/23/2026, 9:00:03 PM GMT+8"
35721,@shielaobedoza4566,2 weeks ago,Happy rewatching from lokal ng Aurora hill ❤❤,https://www.youtube.com/watch?v=ROa3kbG5M0U&lc=UgxEMGXYUnM338tgo-p4AaABAg,UgxEMGXYUnM338tgo-p4AaABAg,UC5GuRIIr2KfiREziOEaOCrw,"Fetched 05/23/2026, 9:00:03 PM GMT+8"
35722,@joanamariedelacruz8055,2 weeks ago,"Happy viewing po mula sa lokal ng Aurora Hill, Distrito ng Benguet. At sa amin pong mahal at poging destinado, Ka. Redentor D. Tiamson Jr.🥰❤️",https://www.youtube.com/watch?v=ROa3kbG5M0U&lc=UgxQ1HkXpP-qU9Ikyy94AaABAg,UgxQ1HkXpP-qU9Ikyy94AaABAg,UCmuLBkSZtqqyk4WYBZZuPVw,"Fetched 05/23/2026, 9:00:03 PM GMT+8"
35723,@joanamariedelacruz8055,2 weeks ago,"Happy viewing po mula sa lokal ng Aurora Hill, Distrito ng Benguet. At sa amin pong mahal at poging destinado, Ka. Redentor D. Tiamson Jr.🥰❤️",https://www.youtube.com/watch?v=ROa3kbG5M0U&lc=UgxDfznoauQrXXKND1t4AaABAg,UgxDfznoauQrXXKND1t4AaABAg,UCmuLBkSZtqqyk4WYBZZuPVw,"Fetched 05/23/2026, 9:00:03 PM GMT+8"
35724,@daisycastaneda7972,2 weeks ago,"SHOUT OUT TO KAPATID NA KLAIZA  AND FAMILY CIRCLE IN NEW ZEALAND, HAPPY WATCHING PO ,GREETINGS FROM BAGUIO CITY, BENGUET.",https://www.youtube.com/watch?v=ROa3kbG5M0U&lc=Ugz6R12fZfBLxbEUTzB4AaABAg,Ugz6R12fZfBLxbEUTzB4AaABAg,UCD3NlGp4eLYcR2RGC7FwnKQ,"Fetched 05/23/2026, 9:00:03 PM GMT+8"
35725,@kathleenanncorpuz4044,2 weeks ago,Happy viewing po sa lahat. Mula po sa Kalihiman/Registry ng lokal ng Loakan Airport❤,https://www.youtube.com/watch?v=ROa3kbG5M0U&lc=Ugw3KVdEnHWIZYZ3BJx4AaABAg,Ugw3KVdEnHWIZYZ3BJx4AaABAg,UCqhAPXo2ji2iKnsSOgtXH6g,"Fetched 05/23/2026, 9:00:03 PM GMT+8"
35726,@JennilynLazaro-y5x6v,2 weeks ago,Happy viewing po from Lokal ng ATOK GOLD 🇮🇹,https://www.youtube.com/watch?v=ROa3kbG5M0U&lc=UgyvytHyIX3VYClOVWh4AaABAg,UgyvytHyIX3VYClOVWh4AaABAg,UCItB-k__Z6a289WuGtIxsbw,"Fetched 05/23/2026, 9:00:03 PM GMT+8"
35727,@daisycastaneda7972,2 weeks ago,"HAPPY VIEWING TO ALL MY RELATIVES IN BANGCAGAN , ABRA, GREETINGS PO ,MULA DITO SA LOKAL NG BAGUIO CITY ,DISTRITO NG BENGUET.",https://www.youtube.com/watch?v=ROa3kbG5M0U&lc=UgxDWOHXwBaa9n-eceF4AaABAg,UgxDWOHXwBaa9n-eceF4AaABAg,UCD3NlGp4eLYcR2RGC7FwnKQ,"Fetched 05/23/2026, 9:00:03 PM GMT+8"
35728,@JennilynLazaro-y5x6v,2 weeks ago,God's love is bigger than the ocean and brighter than the stars ❤❤ / Happy viewing po from Lokal ng ATOK GOLD 😊😊,https://www.youtube.com/watch?v=ROa3kbG5M0U&lc=Ugzb1p2FQX6KXiCU8n14AaABAg,Ugzb1p2FQX6KXiCU8n14AaABAg,UCItB-k__Z6a289WuGtIxsbw,"Fetched 05/23/2026, 9:00:03 PM GMT+8"
35729,@armicassandragarcia8955,2 weeks ago,"Happy viewing po mula sa lokal ng Aurora Hill, Distrito ng Benguet ❤",https://www.youtube.com/watch?v=ROa3kbG5M0U&lc=UgxjycXdw0KQLrqL1N94AaABAg,UgxjycXdw0KQLrqL1N94AaABAg,UCZ3mXwiXib5dyLSRSaSt9sA,"Fetched 05/23/2026, 9:00:03 PM GMT+8"
35730,@armicassandragarcia8955,2 weeks ago,"Happy viewing po mula sa lokal ng Aurora Hill, Distrito ng Benguet 🥰❤️",https://www.youtube.com/watch?v=ROa3kbG5M0U&lc=Ugza-I55weDbstsqZJV4AaABAg,Ugza-I55weDbstsqZJV4AaABAg,UCZ3mXwiXib5dyLSRSaSt9sA,"Fetched 05/23/2026, 9:00:03 PM GMT+8"
35731,@armicassandragarcia8955,2 weeks ago,"Happy viewing po mula sa lokal ng Aurora Hill, Distrito ng Benguet 🥰❤️",https://www.youtube.com/watch?v=ROa3kbG5M0U&lc=UgyBXredUVcoXfIPS1t4AaABAg,UgyBXredUVcoXfIPS1t4AaABAg,UCZ3mXwiXib5dyLSRSaSt9sA,"Fetched 05/23/2026, 9:00:03 PM GMT+8"
35732,@deejmags3203,2 weeks ago,"Happy viewing from Lokal ng Aurora Hill, Distrito ng Benguet! / -Kalihiman/TSV",https://www.youtube.com/watch?v=ROa3kbG5M0U&lc=UgxJrnHsfQK0fQPpcE94AaABAg,UgxJrnHsfQK0fQPpcE94AaABAg,UCB6CJq9oAW1TITpFKm3OVEQ,"Fetched 05/23/2026, 9:00:03 PM GMT+8"
35733,@daisycastaneda7972,2 weeks ago,"SHOUIT OUT TO MY BELOVED SON IN JEJU ISLAND ,SOUTH KOREA.",https://www.youtube.com/watch?v=ROa3kbG5M0U&lc=UgwvZ27wHb10UjDwo9B4AaABAg,UgwvZ27wHb10UjDwo9B4AaABAg,UCD3NlGp4eLYcR2RGC7FwnKQ,"Fetched 05/23/2026, 9:00:03 PM GMT+8"
35734,@NathanielBendillo,2 weeks ago,Happy viewing po mula po sa lokal ng Aurora Hill,https://www.youtube.com/watch?v=ROa3kbG5M0U&lc=UgxLuCortKxwLE6EFrN4AaABAg,UgxLuCortKxwLE6EFrN4AaABAg,UCbWs7X8HVrATOrD0CjjHTtA,"Fetched 05/23/2026, 9:00:03 PM GMT+8"
35735,@jeanietugad4595,2 weeks ago,"Mula sa Lokal ng Atok Gold, Distrito ng Benguet, Kalihiman/Registry, Maligayang panonood po. ❤",https://www.youtube.com/watch?v=ROa3kbG5M0U&lc=UgxKUceEM_JotxvzgM54AaABAg,UgxKUceEM_JotxvzgM54AaABAg,UC4-hT99A9u-aH7hnm5JCSfg,"Fetched 05/23/2026, 9:00:03 PM GMT+8"
35736,@ethangabriel-l9e,2 weeks ago,"happy watching everyone! From aurora hill, benguet",https://www.youtube.com/watch?v=ROa3kbG5M0U&lc=Ugz5Xfa3sRyRYDhIpvx4AaABAg,Ugz5Xfa3sRyRYDhIpvx4AaABAg,UCb07GNZhRuxqZHZ6lIYDgQQ,"Fetched 05/23/2026, 9:00:03 PM GMT+8"
35737,@shastyqueza2447,2 weeks ago,Maligayang pagbati po sa lahat mula sa lokal ng Aurora Hill benguet -Mang aawit,https://www.youtube.com/watch?v=ROa3kbG5M0U&lc=UgwQb1Ghe4TjwH8ZJsR4AaABAg,UgwQb1Ghe4TjwH8ZJsR4AaABAg,UCxlA9cf623GjdA8EuOemD8g,"Fetched 05/23/2026, 9:00:03 PM GMT+8"
35738,@EleanorMislang,2 weeks ago,Happy viewing po.from locale of Baguio city.,https://www.youtube.com/watch?v=ROa3kbG5M0U&lc=UgwcbSQ83VoIrHwHv_V4AaABAg,UgwcbSQ83VoIrHwHv_V4AaABAg,UC-SX89r34HKuT1KlN8J7WTA,"Fetched 05/23/2026, 9:00:03 PM GMT+8"
35739,@JemerlynPacis,2 weeks ago,"Happy viewing po mula sa Lokal ng Aurora Hill, Distrito ng Benguet! At binabati po namin ang amin pong mahal na Destinado, Kapatid na Redentor Tiamson Jr. 🤍",https://www.youtube.com/watch?v=ROa3kbG5M0U&lc=Ugy7Y7VY3BbgpnOaIVh4AaABAg,Ugy7Y7VY3BbgpnOaIVh4AaABAg,UCIJ01y_md3h4quxSbGkW0Fw,"Fetched 05/23/2026, 9:00:03 PM GMT+8"
35740,@JemerlynPacis,2 weeks ago,"Happy viewing po mula sa Lokal ng Aurora Hill, Distrito ng Benguet! At binabati po namin ang amin pong mahal na Destinado, Kapatid na Redentor Tiamson Jr. 🤍",https://www.youtube.com/watch?v=ROa3kbG5M0U&lc=UgzW4Gs1RtmAV0mbtdZ4AaABAg,UgzW4Gs1RtmAV0mbtdZ4AaABAg,UCIJ01y_md3h4quxSbGkW0Fw,"Fetched 05/23/2026, 9:00:03 PM GMT+8"
35741,@JhunJhii,2 weeks ago,Happy birthday po sa aming magiting na destinado na si Kapatid na Niel Jefferson Fortin,https://www.youtube.com/watch?v=ROa3kbG5M0U&lc=Ugx55t4EgmQFUhHp5hh4AaABAg,Ugx55t4EgmQFUhHp5hh4AaABAg,UCLW8q2x3lIOGiwH0OpfDXzw,"Fetched 05/23/2026, 9:00:03 PM GMT+8"
35742,@JemerlynPacis,2 weeks ago,"Happy viewing po mula sa Lokal ng Aurora Hill, Distrito ng Benguet! At binabati po namin ang amin pong mahal na Destinado, Kapatid na Redentor Tiamson Jr. 🤍",https://www.youtube.com/watch?v=ROa3kbG5M0U&lc=Ugzg617NElkJGEY-o314AaABAg,Ugzg617NElkJGEY-o314AaABAg,UCIJ01y_md3h4quxSbGkW0Fw,"Fetched 05/23/2026, 9:00:03 PM GMT+8"
35743,@carmichaeldaligan4338,2 weeks ago,From Loakan airport Benguet po once again viewing po fighting !!! Benguet gogo,https://www.youtube.com/watch?v=ROa3kbG5M0U&lc=UgxTYbrR3DdFrucUhNh4AaABAg,UgxTYbrR3DdFrucUhNh4AaABAg,UC3beFEbw3Ob7lxJMsEas9yw,"Fetched 05/23/2026, 9:00:03 PM GMT+8"
35744,@JamilaCustodio-w2h,2 weeks ago,Balatoc 100%,https://www.youtube.com/watch?v=ROa3kbG5M0U&lc=Ugw_QKR8T8jta1ZVPZd4AaABAg,Ugw_QKR8T8jta1ZVPZd4AaABAg,UCz-QEcD7ivXupHEV7PM3lEA,"Fetched 05/23/2026, 9:00:03 PM GMT+8"
35745,@JemerlynPacis,2 weeks ago,"Happy viewing po mula sa Lokal ng Aurora Hill, Distrito ng Benguet! At binabati po namin ang amin pong mahal na Destinado, Kapatid na Redentor Tiamson Jr. 🤍",https://www.youtube.com/watch?v=ROa3kbG5M0U&lc=Ugyxm7cHF_tgAcKLamt4AaABAg,Ugyxm7cHF_tgAcKLamt4AaABAg,UCIJ01y_md3h4quxSbGkW0Fw,"Fetched 05/23/2026, 9:00:03 PM GMT+8"
35746,@JamilaCustodio-w2h,2 weeks ago,Balatoc 100%,https://www.youtube.com/watch?v=ROa3kbG5M0U&lc=UgxyKUu_cJ004Wt46GZ4AaABAg,UgxyKUu_cJ004Wt46GZ4AaABAg,UCz-QEcD7ivXupHEV7PM3lEA,"Fetched 05/23/2026, 9:00:03 PM GMT+8"
35747,@JhunJhii,2 weeks ago,Balatoc 100%,https://www.youtube.com/watch?v=ROa3kbG5M0U&lc=Ugz_XrPlbNLVkI6t49t4AaABAg,Ugz_XrPlbNLVkI6t49t4AaABAg,UCLW8q2x3lIOGiwH0OpfDXzw,"Fetched 05/23/2026, 9:00:03 PM GMT+8"
35748,@daisycastaneda7972,2 weeks ago,"GREETINGS PO SA AKING MGA KAMAG ANAK SA PALALE EXTENTION, PALAYAN CITY, GENERAL TINIO ,NUEVA ECIJA.HAPPY WATCHING PO. LOKAL NG BAGUIO CITY HERE,",https://www.youtube.com/watch?v=ROa3kbG5M0U&lc=UgyCbMzXeerelaOF8fx4AaABAg,UgyCbMzXeerelaOF8fx4AaABAg,UCD3NlGp4eLYcR2RGC7FwnKQ,"Fetched 05/23/2026, 9:00:03 PM GMT+8"
35749,@JamilaCustodio-w2h,2 weeks ago,Balatoc 100%,https://www.youtube.com/watch?v=ROa3kbG5M0U&lc=UgybZQfS-vGau3V6VyJ4AaABAg,UgybZQfS-vGau3V6VyJ4AaABAg,UCz-QEcD7ivXupHEV7PM3lEA,"Fetched 05/23/2026, 9:00:03 PM GMT+8"
35750,@JhunJhii,2 weeks ago,Happy viewing o from Lokal ng Balatoc,https://www.youtube.com/watch?v=ROa3kbG5M0U&lc=Ugwa2oGfHRTF-OUrBZZ4AaABAg,Ugwa2oGfHRTF-OUrBZZ4AaABAg,UCLW8q2x3lIOGiwH0OpfDXzw,"Fetched 05/23/2026, 9:00:03 PM GMT+8"
35751,@JamilaCustodio-w2h,2 weeks ago,Happy viewing po from lokal ngbalatoc,https://www.youtube.com/watch?v=ROa3kbG5M0U&lc=UgyZHtOd6QInddmOFJ94AaABAg,UgyZHtOd6QInddmOFJ94AaABAg,UCz-QEcD7ivXupHEV7PM3lEA,"Fetched 05/23/2026, 9:00:03 PM GMT+8"
35752,@JennilynLazaro-y5x6v,2 weeks ago,God's love is bigger than the ocean and brighter than the stars ❤❤ / Happy viewing po from Lokal ng ATOK GOLD 😊😊,https://www.youtube.com/watch?v=ROa3kbG5M0U&lc=UgyEtXo7EWjKakaOEYh4AaABAg,UgyEtXo7EWjKakaOEYh4AaABAg,UCItB-k__Z6a289WuGtIxsbw,"Fetched 05/23/2026, 9:00:03 PM GMT+8"
35753,@mariloujucar3208,2 weeks ago,"Happy viewing po mula s Lokal NG Taloy SUR, Distrito ng Benguet...",https://www.youtube.com/watch?v=ROa3kbG5M0U&lc=UgyOtSIv4rTu4q5vWoF4AaABAg,UgyOtSIv4rTu4q5vWoF4AaABAg,UCMbn31xrNEnulUG5fdpH82w,"Fetched 05/23/2026, 9:00:03 PM GMT+8"
35754,@Rowena-o3k,2 weeks ago,Happy viewing po mula sa Kalihiman/Registry ng lokal ng Loakan Airport. Shout out po sa aming magigiting na Destinado at mga PD.,https://www.youtube.com/watch?v=ROa3kbG5M0U&lc=Ugy-AMLb8milvFgDYvx4AaABAg,Ugy-AMLb8milvFgDYvx4AaABAg,UCx6fTehTTuj3buUmPJUoB-g,"Fetched 05/23/2026, 9:00:03 PM GMT+8"
35755,@allanalmonte4492,2 weeks ago,"Happy Viewing po 🇮🇹 /  / From lokal ng CAMP7., Distrito ng Benguet",https://www.youtube.com/watch?v=ROa3kbG5M0U&lc=Ugzm2J95b97-gsOxUMd4AaABAg,Ugzm2J95b97-gsOxUMd4AaABAg,UCUNdOf6Gc2w4g7v-fS3bHEA,"Fetched 05/23/2026, 9:00:03 PM GMT+8"
35756,@daisycastaneda7972,2 weeks ago,"HAPPY WATCHING PO SA AKING MGA RELATIVES SA SAN EMILIO ILOCOS SUR. GREETINGS PO ,FROM BAGUIO CITY ,DISTRITO NG BENGUET.",https://www.youtube.com/watch?v=ROa3kbG5M0U&lc=UgwfqktGfSRZIdJdQpd4AaABAg,UgwfqktGfSRZIdJdQpd4AaABAg,UCD3NlGp4eLYcR2RGC7FwnKQ,"Fetched 05/23/2026, 9:00:03 PM GMT+8"
35757,@AYRAALFREDO,2 weeks ago,Happy viewing to a very inspiring movie.. from Locale of Tublay District of Benguet .. Secretariat/Registry Section ❤,https://www.youtube.com/watch?v=ROa3kbG5M0U&lc=Ugzj2cNkSQdDaco13Bp4AaABAg,Ugzj2cNkSQdDaco13Bp4AaABAg,UCFopMb5FmJXGUONiHiPlL4w,"Fetched 05/23/2026, 9:00:03 PM GMT+8"
35758,@jane.legaspi,2 weeks ago,Happy viewing po! Pagbati po mula sa lokal ng Aurora Hill ❤️,https://www.youtube.com/watch?v=ROa3kbG5M0U&lc=UgylyTmceMrMA9u5btl4AaABAg,UgylyTmceMrMA9u5btl4AaABAg,UCEVJpspy71YnIgB3xHqdQXQ,"Fetched 05/23/2026, 9:00:03 PM GMT+8"
35759,@JennilynLazaro-y5x6v,2 weeks ago,God's love is bigger than the ocean and brighter than the stars ❤❤ / Happy viewing po from Lokal ng ATOK GOLD 😊😊,https://www.youtube.com/watch?v=ROa3kbG5M0U&lc=UgyTXvVhP6Eu7SGlGkp4AaABAg,UgyTXvVhP6Eu7SGlGkp4AaABAg,UCItB-k__Z6a289WuGtIxsbw,"Fetched 05/23/2026, 9:00:03 PM GMT+8"
35760,@AleiliCaisip-f3g,2 weeks ago,Good afternoon po mga kapatid .. happy viewing po mula sa lokal ng Baguio City Distrito ng Benguet,https://www.youtube.com/watch?v=ROa3kbG5M0U&lc=Ugzzv8c7OoXTB2JevZ94AaABAg,Ugzzv8c7OoXTB2JevZ94AaABAg,UC6_X5vAPAhfo9Z2M4PLKJ1A,"Fetched 05/23/2026, 9:00:03 PM GMT+8"
35761,@chichialvarezn,2 weeks ago,"Happy viewing po mga Kapatid, mula po sa lokal ng Aurora Hill, District of Benguet. Binabati po namin ang aming Destinado, kapatid na Redenter Tiamson Jr.💞💞✨",https://www.youtube.com/watch?v=ROa3kbG5M0U&lc=UgwRhZwIY3tCao6nLVB4AaABAg,UgwRhZwIY3tCao6nLVB4AaABAg,UCCqRQErQw1h8719fX878FDA,"Fetched 05/23/2026, 9:00:03 PM GMT+8"
35762,@emersonsrrivera8499,2 weeks ago,Nakaka-inspire at nakaka-good vibes....greetings to all po from Megaroyale Village...,https://www.youtube.com/watch?v=ROa3kbG5M0U&lc=UgzvV4J4O90sFy2ZpNJ4AaABAg,UgzvV4J4O90sFy2ZpNJ4AaABAg,UCEwD1sGs1TBK_FclZJYDoEw,"Fetched 05/23/2026, 9:00:03 PM GMT+8"
35763,@yzabelgayadan6013,2 weeks ago,"Maligayang pagbati po sa lahat! mula po sa Lokal ng Marcos Highway  Kalihiman-Registry Section, lalo na po sa aming DRC ka Rovell Nogoy! / 😊🤗",https://www.youtube.com/watch?v=ROa3kbG5M0U&lc=UgzEBkanbRIA76NDY2t4AaABAg,UgzEBkanbRIA76NDY2t4AaABAg,UCdZGb4w25RyQ_9_blAErBaQ,"Fetched 05/23/2026, 9:00:03 PM GMT+8"
35764,@daisycastaneda7972,2 weeks ago,"SHOUT OUIT PO SA AMING MASIPAG NA DESTINADO NG PUIROK 4,10, 12, KAPATID NA ROMARL MERCADO , PAGBATI PO MUILA SA LOKAL NG BAGUIO CITY.",https://www.youtube.com/watch?v=ROa3kbG5M0U&lc=UgwSqhGW5a5EbUEzMjB4AaABAg,UgwSqhGW5a5EbUEzMjB4AaABAg,UCD3NlGp4eLYcR2RGC7FwnKQ,"Fetched 05/23/2026, 9:00:03 PM GMT+8"
35765,@JennilynLazaro-y5x6v,2 weeks ago,Mga Taga Lokal ng Atok Gold. Maligayang Panonood at pakikipagkaisa po  / 😊😊❤❤,https://www.youtube.com/watch?v=ROa3kbG5M0U&lc=UgxVurKxJuQ6bwUCzqh4AaABAg,UgxVurKxJuQ6bwUCzqh4AaABAg,UCItB-k__Z6a289WuGtIxsbw,"Fetched 05/23/2026, 9:00:03 PM GMT+8"
35766,@rovellnogoy7927,2 weeks ago,Happy watching po sa lahat ng mga masisipag na Kalihim at Registry Clerks. 😇,https://www.youtube.com/watch?v=ROa3kbG5M0U&lc=Ugy_It-DxJ05GIkt-dh4AaABAg,Ugy_It-DxJ05GIkt-dh4AaABAg,UCpcSI6VtzfqsSR4H63AKV0w,"Fetched 05/23/2026, 9:00:03 PM GMT+8"
35767,@KristineBeaArenas,2 weeks ago,"happy viewing po mula sa lokal ng Aurora Hill, Distrito ng Benguet!! 🤍🤍🤍🤍",https://www.youtube.com/watch?v=ROa3kbG5M0U&lc=UgxzWJAiyDtEAkRk4kF4AaABAg,UgxzWJAiyDtEAkRk4kF4AaABAg,UCs3H_9liw6Ou9wWUdG-o9hQ,"Fetched 05/23/2026, 9:00:03 PM GMT+8"
35768,@shirleydulaycan418,2 weeks ago,Happy happy lang po. Always be positive po😊 from Lokal ng Pinsao Distrito ng Benguet Kalihiman at Registry 💚🤍❤️,https://www.youtube.com/watch?v=ROa3kbG5M0U&lc=Ugx80ZW6vVRGTlyqjNB4AaABAg,Ugx80ZW6vVRGTlyqjNB4AaABAg,UCsOW-3B3Ds_rXJVvJkNDObw,"Fetched 05/23/2026, 9:00:03 PM GMT+8"
35769,@KristineBeaArenas,2 weeks ago,"Happy viewing po mula sa lokal ng Aurora Hill, Distrito ng Benguet 🫰",https://www.youtube.com/watch?v=ROa3kbG5M0U&lc=UgwfoNEzwziX66FAUpR4AaABAg,UgwfoNEzwziX66FAUpR4AaABAg,UCs3H_9liw6Ou9wWUdG-o9hQ,"Fetched 05/23/2026, 9:00:03 PM GMT+8"
35770,@daisycastaneda7972,2 weeks ago,"HAPPY VIEWING TO ALL BRETHREN ,GREETINGS FROM BAGUIO CITY LOCALE,  ,ECCLESIASTICAL  DISTRICT OF BENGUET.",https://www.youtube.com/watch?v=ROa3kbG5M0U&lc=UgyJ3Am-tpM-GFHGUQR4AaABAg,UgyJ3Am-tpM-GFHGUQR4AaABAg,UCD3NlGp4eLYcR2RGC7FwnKQ,"Fetched 05/23/2026, 9:00:03 PM GMT+8"
35771,@royfritz2614,2 weeks ago,binabati po namin ng magintong pusong panonood po ang naka Destino po sa #GOLFIELDGWS at #UCABGWS ang Ka MARK KEVIN MARIANO!!!! #GIBRALTAR #BENGUET #GOBENGUET #INCMV2026,https://www.youtube.com/watch?v=ROa3kbG5M0U&lc=Ugx5zDaVRyMAXnF02vd4AaABAg,Ugx5zDaVRyMAXnF02vd4AaABAg,UCKx5s7zLGT6I3I3BYBTIQSg,"Fetched 05/23/2026, 9:00:03 PM GMT+8"
35772,@rovellnogoy7927,2 weeks ago,Thanks Yzabel. Happy viewing sayo at sa lahat ng mga masisipag na Kalihim ng Marcos Highway 😇,https://www.youtube.com/watch?v=ROa3kbG5M0U&lc=UgzEBkanbRIA76NDY2t4AaABAg.AWXbZWbk1STAWXc9kppgVX,UgzEBkanbRIA76NDY2t4AaABAg.AWXbZWbk1STAWXc9kppgVX,UCpcSI6VtzfqsSR4H63AKV0w,"Fetched 05/23/2026, 9:00:03 PM GMT+8"
35773,@Dekudeku-w6h,2 weeks ago,🍿,https://www.youtube.com/watch?v=ROa3kbG5M0U&lc=Ugy_It-DxJ05GIkt-dh4AaABAg.AWXbOX258Y-AWXbxJbXVgO,Ugy_It-DxJ05GIkt-dh4AaABAg.AWXbOX258Y-AWXbxJbXVgO,UCM4Mu-nbuSNSgbg8URGZjpg,"Fetched 05/23/2026, 9:00:03 PM GMT+8"
35774,@JennilynLazaro-y5x6v,2 weeks ago,Lokal ng Atok Gold ❤,https://www.youtube.com/watch?v=ROa3kbG5M0U&lc=UgwM5DCFaLwBftRRa794AaABAg,UgwM5DCFaLwBftRRa794AaABAg,UCItB-k__Z6a289WuGtIxsbw,"Fetched 05/23/2026, 9:00:03 PM GMT+8"
35775,@royfritz2614,2 weeks ago,binabati po namin ng magintong pusong panonood po ang naka Destino po sa #GOLFIELDGWS at #UCABGWS ang Ka MARK KEVIN MARIANO!!!! #GIBRALTAR #BENGUET #GOBENGUET #INCMV2026,https://www.youtube.com/watch?v=ROa3kbG5M0U&lc=UgxST8ye3TCXYknWTmt4AaABAg,UgxST8ye3TCXYknWTmt4AaABAg,UCKx5s7zLGT6I3I3BYBTIQSg,"Fetched 05/23/2026, 9:00:03 PM GMT+8"
35776,@royfritz2614,2 weeks ago,binabati po namin ng magintong pusong panonood po ang naka Destino po sa #GOLFIELDGWS at #UCABGWS ang Ka MARK KEVIN MARIANO!!!! #GIBRALTAR #BENGUET #GOBENGUET #INCMV2026,https://www.youtube.com/watch?v=ROa3kbG5M0U&lc=Ugw60vsQorY0wjB90Kl4AaABAg,Ugw60vsQorY0wjB90Kl4AaABAg,UCKx5s7zLGT6I3I3BYBTIQSg,"Fetched 05/23/2026, 9:00:03 PM GMT+8"
35777,@royfritz2614,2 weeks ago,binabati po namin ng magintong pusong panonood po ang naka Destino po sa #GOLFIELDGWS at #UCABGWS ang Ka MARK KEVIN MARIANO!!!! #GIBRALTAR #BENGUET #GOBENGUET #INCMV2026,https://www.youtube.com/watch?v=ROa3kbG5M0U&lc=UgzUy-uPYywuO5CGhnR4AaABAg,UgzUy-uPYywuO5CGhnR4AaABAg,UCKx5s7zLGT6I3I3BYBTIQSg,"Fetched 05/23/2026, 9:00:03 PM GMT+8"
35778,@royfritz2614,2 weeks ago,binabati po namin ng magintong pusong panonood po ang naka Destino po sa #GOLFIELDGWS at #UCABGWS ang Ka MARK KEVIN MARIANO!!!! #GIBRALTAR #BENGUET #GOBENGUET #INCMV2026,https://www.youtube.com/watch?v=ROa3kbG5M0U&lc=Ugx_Yp3E5CrQ_je67RV4AaABAg,Ugx_Yp3E5CrQ_je67RV4AaABAg,UCKx5s7zLGT6I3I3BYBTIQSg,"Fetched 05/23/2026, 9:00:03 PM GMT+8"
35779,@royfritz2614,2 weeks ago,binabati po namin ng magintong pusong panonood po ang naka Destino po sa #GOLFIELDGWS at #UCABGWS ang Ka MARK KEVIN MARIANO!!!! #GIBRALTAR #BENGUET #GOBENGUET #INCMV2026,https://www.youtube.com/watch?v=ROa3kbG5M0U&lc=UgydbbycEdyddSBufNZ4AaABAg,UgydbbycEdyddSBufNZ4AaABAg,UCKx5s7zLGT6I3I3BYBTIQSg,"Fetched 05/23/2026, 9:00:03 PM GMT+8"
35780,@JennilynLazaro-y5x6v,2 weeks ago,Sa mga kasama po naming nanonood sa lokal. Happy viewing po. From ATOK GOLD ❤🇮🇹,https://www.youtube.com/watch?v=ROa3kbG5M0U&lc=UgzQxQw6ZHf69IJwvOx4AaABAg,UgzQxQw6ZHf69IJwvOx4AaABAg,UCItB-k__Z6a289WuGtIxsbw,"Fetched 05/23/2026, 9:00:03 PM GMT+8"
35781,@royfritz2614,2 weeks ago,binabati po namin ng magintong pusong panonood po ang naka Destino po sa #GOLFIELDGWS at #UCABGWS ang Ka MARK KEVIN MARIANO!!!! #GIBRALTAR #BENGUET #GOBENGUET #INCMV2026,https://www.youtube.com/watch?v=ROa3kbG5M0U&lc=Ugy_wqeYelIYtERgHE14AaABAg,Ugy_wqeYelIYtERgHE14AaABAg,UCKx5s7zLGT6I3I3BYBTIQSg,"Fetched 05/23/2026, 9:00:03 PM GMT+8"
35782,@royfritz2614,2 weeks ago,binabati po namin ng magintong pusong panonood po ang naka Destino po sa #GOLFIELDGWS at #UCABGWS ang Ka MARK KEVIN MARIANO!!!! #GIBRALTAR #BENGUET #GOBENGUET #INCMV2026,https://www.youtube.com/watch?v=ROa3kbG5M0U&lc=Ugxw8qePexpk3vBy1DJ4AaABAg,Ugxw8qePexpk3vBy1DJ4AaABAg,UCKx5s7zLGT6I3I3BYBTIQSg,"Fetched 05/23/2026, 9:00:03 PM GMT+8"
35783,@royfritz2614,2 weeks ago,binabati po namin ng magintong pusong panonood po ang naka Destino po sa #GOLFIELDGWS at #UCABGWS ang Ka MARK KEVIN MARIANO!!!! #GIBRALTAR #BENGUET #GOBENGUET #INCMV2026,https://www.youtube.com/watch?v=ROa3kbG5M0U&lc=UgxFJCgmEdZKZaGOmOp4AaABAg,UgxFJCgmEdZKZaGOmOp4AaABAg,UCKx5s7zLGT6I3I3BYBTIQSg,"Fetched 05/23/2026, 9:00:03 PM GMT+8"
35784,@royfritz2614,2 weeks ago,binabati po namin ng magintong pusong panonood po ang naka Destino po sa #GOLFIELDGWS at #UCABGWS ang Ka MARK KEVIN MARIANO!!!! #GIBRALTAR #BENGUET #GOBENGUET #INCMV2026,https://www.youtube.com/watch?v=ROa3kbG5M0U&lc=UgzpC18EixVvRvOYiBZ4AaABAg,UgzpC18EixVvRvOYiBZ4AaABAg,UCKx5s7zLGT6I3I3BYBTIQSg,"Fetched 05/23/2026, 9:00:03 PM GMT+8"
35785,@royfritz2614,2 weeks ago,binabati po namin ng magintong pusong panonood po ang naka Destino po sa #GOLFIELDGWS at #UCABGWS ang Ka MARK KEVIN MARIANO!!!! #GIBRALTAR #BENGUET #GOBENGUET #INCMV2026,https://www.youtube.com/watch?v=ROa3kbG5M0U&lc=Ugz5296Zphev-i3HRQh4AaABAg,Ugz5296Zphev-i3HRQh4AaABAg,UCKx5s7zLGT6I3I3BYBTIQSg,"Fetched 05/23/2026, 9:00:03 PM GMT+8"
35786,@royfritz2614,2 weeks ago,binabati po namin ng magintong pusong panonood po ang naka Destino po sa #GOLFIELDGWS at #UCABGWS ang Ka MARK KEVIN MARIANO!!!! #GIBRALTAR #BENGUET #GOBENGUET #INCMV2026,https://www.youtube.com/watch?v=ROa3kbG5M0U&lc=UgxhzNd7L27h-LZf36Z4AaABAg,UgxhzNd7L27h-LZf36Z4AaABAg,UCKx5s7zLGT6I3I3BYBTIQSg,"Fetched 05/23/2026, 9:00:03 PM GMT+8"
35787,@armicassandragarcia8955,2 weeks ago,"Happy viewing po mula sa lokal ng Aurora Hill, Distrito ng Benguet 🫶",https://www.youtube.com/watch?v=ROa3kbG5M0U&lc=UgykD2avvT8SLRPElxh4AaABAg,UgykD2avvT8SLRPElxh4AaABAg,UCZ3mXwiXib5dyLSRSaSt9sA,"Fetched 05/23/2026, 9:00:03 PM GMT+8"
35788,@JennilynLazaro-y5x6v,2 weeks ago,Happy viewing po Lokal ng Atok Gold 😊😊,https://www.youtube.com/watch?v=ROa3kbG5M0U&lc=UgxDpj0pHQ9YAZT5DV54AaABAg,UgxDpj0pHQ9YAZT5DV54AaABAg,UCItB-k__Z6a289WuGtIxsbw,"Fetched 05/23/2026, 9:00:03 PM GMT+8"
35789,@royfritz2614,2 weeks ago,binabati po namin ng magintong pusong panonood po ang naka Destino po sa #GOLFIELDGWS at #UCABGWS ang Ka MARK KEVIN MARIANO!!!! #GIBRALTAR #BENGUET #GOBENGUET #INCMV2026,https://www.youtube.com/watch?v=ROa3kbG5M0U&lc=Ugxxx8dt1J72lD9piKR4AaABAg,Ugxxx8dt1J72lD9piKR4AaABAg,UCKx5s7zLGT6I3I3BYBTIQSg,"Fetched 05/23/2026, 9:00:03 PM GMT+8"
35790,@KarenMaliwat-d6e,2 weeks ago,"Happy watching po mula po sa lokal Ng aurora hill, distrito Ng benguet 💖💖",https://www.youtube.com/watch?v=ROa3kbG5M0U&lc=Ugxmfh7xCMDenTrpj5R4AaABAg,Ugxmfh7xCMDenTrpj5R4AaABAg,UCfVbKf43f2Pt1KjlPjUIWjw,"Fetched 05/23/2026, 9:00:03 PM GMT+8"
35791,@royfritz2614,2 weeks ago,binabati po namin ng magintong pusong panonood po ang naka Destino po sa #GOLFIELDGWS at #UCABGWS ang Ka MARK KEVIN MARIANO!!!! #GIBRALTAR #BENGUET #GOBENGUET #INCMV2026,https://www.youtube.com/watch?v=ROa3kbG5M0U&lc=UgzTowTDwoBwdffOauN4AaABAg,UgzTowTDwoBwdffOauN4AaABAg,UCKx5s7zLGT6I3I3BYBTIQSg,"Fetched 05/23/2026, 9:00:03 PM GMT+8"
35792,@daisycastaneda7972,2 weeks ago,"SHOUT OUT PO SA AMING MAGITING NA DESTINADO NG BAGUIO CITY  KA NORBERTO  MISLANG KASAMA NG KANYANG SAMBAHAYAN, MALIGAYNG PANONOOD PO, PAGBATI  PO FROM LOKAL NG BAGUIO CITY.",https://www.youtube.com/watch?v=ROa3kbG5M0U&lc=UgwGBYc82MH_uBeLASF4AaABAg,UgwGBYc82MH_uBeLASF4AaABAg,UCD3NlGp4eLYcR2RGC7FwnKQ,"Fetched 05/23/2026, 9:00:03 PM GMT+8"
35793,@RowneyMiguel,2 weeks ago,Happy viewing po mula LOKAL NG ATOK GOLD.. mang aawit..😊😊😊,https://www.youtube.com/watch?v=ROa3kbG5M0U&lc=Ugw29emvBjBmuWndnQ14AaABAg,Ugw29emvBjBmuWndnQ14AaABAg,UCI093wAMa9jRIUVIc2Lh1FQ,"Fetched 05/23/2026, 9:00:03 PM GMT+8"
35794,@strawberrytaho16,2 weeks ago,"Greetings po mula po sa lokal ng Aurora hill, distrito ng Benguet 🥰❤️ Happy viewing po ❤️",https://www.youtube.com/watch?v=ROa3kbG5M0U&lc=UgyEwRhh5G0A4ZPcB6R4AaABAg,UgyEwRhh5G0A4ZPcB6R4AaABAg,UCKrJxTQVZLmSHU1AmjE2khw,"Fetched 05/23/2026, 9:00:03 PM GMT+8"
35795,@strawberrytaho16,2 weeks ago,"Greetings po mula po sa lokal ng Aurora hill, distrito ng Benguet 🥰❤️ Happy viewing po ❤️",https://www.youtube.com/watch?v=ROa3kbG5M0U&lc=UgydclEbN_iHda_XfcN4AaABAg,UgydclEbN_iHda_XfcN4AaABAg,UCKrJxTQVZLmSHU1AmjE2khw,"Fetched 05/23/2026, 9:00:03 PM GMT+8"
35796,@elenamercado703,2 weeks ago,"Go! Go! Go! Benguet, Baguio City",https://www.youtube.com/watch?v=ROa3kbG5M0U&lc=UgwQVQ2KxvMxPu5KMhF4AaABAg,UgwQVQ2KxvMxPu5KMhF4AaABAg,UCNozFZrWKHQlsgIMWyFmFIA,"Fetched 05/23/2026, 9:00:03 PM GMT+8"
35797,@aizelfuchigami842,2 weeks ago,Happy lunchtime happy viewing po mula sa Lokal ng Quezon Hill Distrito ng Benguet. 🇮🇹❤️🎼🎵🎶,https://www.youtube.com/watch?v=ROa3kbG5M0U&lc=Ugy_nbD38_KoYzbvm0J4AaABAg,Ugy_nbD38_KoYzbvm0J4AaABAg,UCAxDQnCZxAvsB6YgYjSR1nQ,"Fetched 05/23/2026, 9:00:03 PM GMT+8"
35798,@royfritz2614,2 weeks ago,lleessggooo na po maglinis sa kapilya!!! 😁😇🙏 #GIBRALTAR #BENGUET #GOBENGUET!!! #INCMV2026,https://www.youtube.com/watch?v=ROa3kbG5M0U&lc=Ugyxh8pNOsTOM4ewiy54AaABAg,Ugyxh8pNOsTOM4ewiy54AaABAg,UCKx5s7zLGT6I3I3BYBTIQSg,"Fetched 05/23/2026, 9:00:03 PM GMT+8"
35799,@royfritz2614,2 weeks ago,lleessggooo na po maglinis sa kapilya!!! 😁😇🙏 #GIBRALTAR #BENGUET #GOBENGUET!!! #INCMV2026,https://www.youtube.com/watch?v=ROa3kbG5M0U&lc=Ugxqgpx0Z3XeavyNsJp4AaABAg,Ugxqgpx0Z3XeavyNsJp4AaABAg,UCKx5s7zLGT6I3I3BYBTIQSg,"Fetched 05/23/2026, 9:00:03 PM GMT+8"
35800,@royfritz2614,2 weeks ago,lleessggooo na po maglinis sa kapilya!!! 😁😇🙏 #GIBRALTAR #BENGUET #GOBENGUET!!! #INCMV2026,https://www.youtube.com/watch?v=ROa3kbG5M0U&lc=UgyUGAQJg-Ze78SJkvB4AaABAg,UgyUGAQJg-Ze78SJkvB4AaABAg,UCKx5s7zLGT6I3I3BYBTIQSg,"Fetched 05/23/2026, 9:00:03 PM GMT+8"
35801,@royfritz2614,2 weeks ago,lleessggooo na po maglinis sa kapilya!!! 😁😇🙏 #GIBRALTAR #BENGUET #GOBENGUET!!! #INCMV2026,https://www.youtube.com/watch?v=ROa3kbG5M0U&lc=UgyJ_nm3S9gPm_eyoHp4AaABAg,UgyJ_nm3S9gPm_eyoHp4AaABAg,UCKx5s7zLGT6I3I3BYBTIQSg,"Fetched 05/23/2026, 9:00:03 PM GMT+8"
35802,@royfritz2614,2 weeks ago,lleessggooo na po maglinis sa kapilya!!! 😁😇🙏 #GIBRALTAR #BENGUET #GOBENGUET!!! #INCMV2026,https://www.youtube.com/watch?v=ROa3kbG5M0U&lc=UgxVUDxMlMZfgoHnllR4AaABAg,UgxVUDxMlMZfgoHnllR4AaABAg,UCKx5s7zLGT6I3I3BYBTIQSg,"Fetched 05/23/2026, 9:00:03 PM GMT+8"
35803,@royfritz2614,2 weeks ago,lleessggooo na po maglinis sa kapilya!!! 😁😇🙏 #GIBRALTAR #BENGUET #GOBENGUET!!! #INCMV2026,https://www.youtube.com/watch?v=ROa3kbG5M0U&lc=Ugw6GfbKT8u0-AHRigB4AaABAg,Ugw6GfbKT8u0-AHRigB4AaABAg,UCKx5s7zLGT6I3I3BYBTIQSg,"Fetched 05/23/2026, 9:00:03 PM GMT+8"
35804,@royfritz2614,2 weeks ago,lleessggooo na po maglinis sa kapilya!!! 😁😇🙏 #GIBRALTAR #BENGUET #GOBENGUET!!! #INCMV2026,https://www.youtube.com/watch?v=ROa3kbG5M0U&lc=Ugz4_FtX4jE5Vj7jFyN4AaABAg,Ugz4_FtX4jE5Vj7jFyN4AaABAg,UCKx5s7zLGT6I3I3BYBTIQSg,"Fetched 05/23/2026, 9:00:03 PM GMT+8"
35805,@royfritz2614,2 weeks ago,lleessggooo na po maglinis sa kapilya!!! 😁😇🙏 #GIBRALTAR #BENGUET #GOBENGUET!!! #INCMV2026,https://www.youtube.com/watch?v=ROa3kbG5M0U&lc=UgzMQtkbkPAnT9G57cd4AaABAg,UgzMQtkbkPAnT9G57cd4AaABAg,UCKx5s7zLGT6I3I3BYBTIQSg,"Fetched 05/23/2026, 9:00:03 PM GMT+8"
35806,@elenamercado703,2 weeks ago,Happy viewing po lokal ng Baguio city Benguet ❤❤❤Kaisa Tayo Ng Pamamahala❤❤,https://www.youtube.com/watch?v=ROa3kbG5M0U&lc=UgxNIoIWDlsjXmMf6KJ4AaABAg,UgxNIoIWDlsjXmMf6KJ4AaABAg,UCNozFZrWKHQlsgIMWyFmFIA,"Fetched 05/23/2026, 9:00:03 PM GMT+8"
35807,@royfritz2614,2 weeks ago,lleessggooo na po maglinis sa kapilya!!! 😁😇🙏 #GIBRALTAR #BENGUET #GOBENGUET!!! #INCMV2026,https://www.youtube.com/watch?v=ROa3kbG5M0U&lc=UgzvtQit0FCA8CdIQOB4AaABAg,UgzvtQit0FCA8CdIQOB4AaABAg,UCKx5s7zLGT6I3I3BYBTIQSg,"Fetched 05/23/2026, 9:00:03 PM GMT+8"
35808,@royfritz2614,2 weeks ago,lleessggooo na po maglinis sa kapilya!!! 😁😇🙏 #GIBRALTAR #BENGUET #GOBENGUET!!! #INCMV2026,https://www.youtube.com/watch?v=ROa3kbG5M0U&lc=UgyPVrlTfj4LliQgpUR4AaABAg,UgyPVrlTfj4LliQgpUR4AaABAg,UCKx5s7zLGT6I3I3BYBTIQSg,"Fetched 05/23/2026, 9:00:03 PM GMT+8"
35809,@royfritz2614,2 weeks ago,lleessggooo na po maglinis sa kapilya!!! 😁😇🙏 #GIBRALTAR #BENGUET #GOBENGUET!!! #INCMV2026,https://www.youtube.com/watch?v=ROa3kbG5M0U&lc=Ugz8IzFrk91rpDjmmWV4AaABAg,Ugz8IzFrk91rpDjmmWV4AaABAg,UCKx5s7zLGT6I3I3BYBTIQSg,"Fetched 05/23/2026, 9:00:03 PM GMT+8"
35810,@royfritz2614,2 weeks ago,lleessggooo na po maglinis sa kapilya!!! 😁😇🙏 #GIBRALTAR #BENGUET #GOBENGUET!!! #INCMV2026,https://www.youtube.com/watch?v=ROa3kbG5M0U&lc=UgxYkV7LKFlfbyiEw_B4AaABAg,UgxYkV7LKFlfbyiEw_B4AaABAg,UCKx5s7zLGT6I3I3BYBTIQSg,"Fetched 05/23/2026, 9:00:03 PM GMT+8"
35811,@royfritz2614,2 weeks ago,lleessggooo na po maglinis sa kapilya!!! 😁😇🙏 #GIBRALTAR #BENGUET #GOBENGUET!!! #INCMV2026,https://www.youtube.com/watch?v=ROa3kbG5M0U&lc=UgzofpHr3WYQGTsp6OZ4AaABAg,UgzofpHr3WYQGTsp6OZ4AaABAg,UCKx5s7zLGT6I3I3BYBTIQSg,"Fetched 05/23/2026, 9:00:03 PM GMT+8"
35812,@jeanietugad4595,2 weeks ago,"Happy lunch at viewing po sa lahat, mula sa Kalihiman at Registry ng Lokal ng Atok Gold, Distrito ng Benguet.",https://www.youtube.com/watch?v=ROa3kbG5M0U&lc=Ugy3-vmwPWiVSTcJfA94AaABAg,Ugy3-vmwPWiVSTcJfA94AaABAg,UC4-hT99A9u-aH7hnm5JCSfg,"Fetched 05/23/2026, 9:00:03 PM GMT+8"
35813,@JhadeVecino,2 weeks ago,Pagbati Po Mula sa LoKAL NG ATOK GOLD ❤❤❤❤,https://www.youtube.com/watch?v=ROa3kbG5M0U&lc=UgzB8M-H6R3RbrBc_UB4AaABAg,UgzB8M-H6R3RbrBc_UB4AaABAg,UC6G7aKYeoTFEdZdzsafEppQ,"Fetched 05/23/2026, 9:00:03 PM GMT+8"
35814,@Jerald-z6n,2 weeks ago,"Happy Viewing po mula sa Lokal ng Baguio City, Distrito ng Benguet",https://www.youtube.com/watch?v=ROa3kbG5M0U&lc=Ugy64pcgCLpPKdgabD54AaABAg,Ugy64pcgCLpPKdgabD54AaABAg,UC8g_QZnHM6Ifblgpu6cGOqQ,"Fetched 05/23/2026, 9:00:03 PM GMT+8"
35815,@NancyMoyano-r7u,2 weeks ago,Done watching for the second time....,https://www.youtube.com/watch?v=ROa3kbG5M0U&lc=UgxP29QRhtbvasGoCYB4AaABAg,UgxP29QRhtbvasGoCYB4AaABAg,UCIZH5g0o-lHJidrq7pdjV5w,"Fetched 05/23/2026, 9:00:03 PM GMT+8"
35816,@daisycastaneda7972,2 weeks ago,"MASAYANG PANONOOD PO SA LAHAT NG MGA KALIHIM SA LOKAL NG BAGUIO CITY ,DISTRITO NG BENGUET",https://www.youtube.com/watch?v=ROa3kbG5M0U&lc=UgytGHt2Ylly_LO5jHl4AaABAg,UgytGHt2Ylly_LO5jHl4AaABAg,UCD3NlGp4eLYcR2RGC7FwnKQ,"Fetched 05/23/2026, 9:00:03 PM GMT+8"
35817,@aimoth8799,2 weeks ago,Happy watching po! _ Lokal ng Baguio City🧡,https://www.youtube.com/watch?v=ROa3kbG5M0U&lc=UgxhNCRo_6ydemYCfr54AaABAg,UgxhNCRo_6ydemYCfr54AaABAg,UCdpyBtbTRbuwZiRRLRsiOyQ,"Fetched 05/23/2026, 9:00:03 PM GMT+8"
35818,@RowneyMiguel,2 weeks ago,Happy lunch mga kapatid mula sa lOKAL NG ATOk GOLD.. choir members,https://www.youtube.com/watch?v=ROa3kbG5M0U&lc=Ugw9-xVLZ6OTtedED-14AaABAg,Ugw9-xVLZ6OTtedED-14AaABAg,UCI093wAMa9jRIUVIc2Lh1FQ,"Fetched 05/23/2026, 9:00:03 PM GMT+8"
35819,@daisycastaneda7972,2 weeks ago,"GO FOR THE WIN ,BENGUET, HAPPY WATCHING TO ALL PO ,GREETINGS PO MULA SA LOKAL NG BAGUIO CITY",https://www.youtube.com/watch?v=ROa3kbG5M0U&lc=UgzQpKrSOIPLaB4S2_t4AaABAg,UgzQpKrSOIPLaB4S2_t4AaABAg,UCD3NlGp4eLYcR2RGC7FwnKQ,"Fetched 05/23/2026, 9:00:03 PM GMT+8"
35820,@LibertyMabutas,2 weeks ago,Go go Baguio city,https://www.youtube.com/watch?v=ROa3kbG5M0U&lc=Ugzm06FDxamNsboQK9h4AaABAg,Ugzm06FDxamNsboQK9h4AaABAg,UCuH8dzTA7XHyY2pp_KsezwQ,"Fetched 05/23/2026, 9:00:03 PM GMT+8"
35821,@daisycastaneda7972,2 weeks ago,MASAYANG PANONOOD PO SA LAHAT NG MGA KAPATID.PAGBATI PO MULA  SA LOKAL NG BAGUIO CITY.,https://www.youtube.com/watch?v=ROa3kbG5M0U&lc=UgwDiF3gD14bvBqVIT14AaABAg,UgwDiF3gD14bvBqVIT14AaABAg,UCD3NlGp4eLYcR2RGC7FwnKQ,"Fetched 05/23/2026, 9:00:03 PM GMT+8"
35822,@beldiomlaqui7086,2 weeks ago,Greetings from Laqui Family Lokal ng Aurora Hill Benguet ❤,https://www.youtube.com/watch?v=ROa3kbG5M0U&lc=UgwSD5aF5plVqBAlG0t4AaABAg,UgwSD5aF5plVqBAlG0t4AaABAg,UC4T63fqveElQc_luovIbnsQ,"Fetched 05/23/2026, 9:00:03 PM GMT+8"
35823,@monessacalamitao8731,2 weeks ago,Happy viewing po sa lahat ....,https://www.youtube.com/watch?v=ROa3kbG5M0U&lc=UgznbejfJ5D5TRfK6Yx4AaABAg,UgznbejfJ5D5TRfK6Yx4AaABAg,UCOA3EFLGQYbmFlmQlFYLJCw,"Fetched 05/23/2026, 9:00:03 PM GMT+8"
35824,@daisycastaneda7972,2 weeks ago,"MAGANDANG TANGHALIAN  SA LAHAT HABANG MASAYANG NANONOOD, PAGBATI PO MULA SA LOKAL NG BAGUIO CITY.",https://www.youtube.com/watch?v=ROa3kbG5M0U&lc=UgwkJI3FVjH2AIKNRqp4AaABAg,UgwkJI3FVjH2AIKNRqp4AaABAg,UCD3NlGp4eLYcR2RGC7FwnKQ,"Fetched 05/23/2026, 9:00:03 PM GMT+8"
35825,@user-xx7ce2is8y,2 weeks ago,Happy listening po.  / Irisan/Benguet,https://www.youtube.com/watch?v=ROa3kbG5M0U&lc=UgyDCJYk_aixOF8lG6h4AaABAg,UgyDCJYk_aixOF8lG6h4AaABAg,UCArrp0Z0pmV00i54_fjEc2g,"Fetched 05/23/2026, 9:00:03 PM GMT+8"
35826,@mayvehn,2 weeks ago,magandang tanghali po mga kapatid....pagbati po mula sa Lokal ng Atok Gold,https://www.youtube.com/watch?v=ROa3kbG5M0U&lc=UgxBhXDVcGhdqGZ6-ud4AaABAg,UgxBhXDVcGhdqGZ6-ud4AaABAg,UCivhdJ2CQeLK8tlG7Wh2BSQ,"Fetched 05/23/2026, 9:00:03 PM GMT+8"
35827,@alfeotadifa6957,2 weeks ago,Mula sa Lokal ng City Camp distrito ng Benguet happy Viewing po.,https://www.youtube.com/watch?v=ROa3kbG5M0U&lc=Ugw11w7MUFjlGiYp6EB4AaABAg,Ugw11w7MUFjlGiYp6EB4AaABAg,UCc6xDLun7Fl2t2_QbJOrnIQ,"Fetched 05/23/2026, 9:00:03 PM GMT+8"
35828,@JennilynLazaro-y5x6v,2 weeks ago,Lokal ng ATOK GOLD 🇮🇹 / Kagawaran ng mga Mang-aawit 🎵 / Maligayang panonood po 😊😊,https://www.youtube.com/watch?v=ROa3kbG5M0U&lc=Ugxv3gG2KhGOLRVnAKx4AaABAg,Ugxv3gG2KhGOLRVnAKx4AaABAg,UCItB-k__Z6a289WuGtIxsbw,"Fetched 05/23/2026, 9:00:03 PM GMT+8"
35829,@cherrydevera8251,2 weeks ago,Good noon everyone happy watching po sa lahat from Lokal ng Baguio City distrito ng Benguet,https://www.youtube.com/watch?v=ROa3kbG5M0U&lc=UgyKBfKrhBbJXKSr1A94AaABAg,UgyKBfKrhBbJXKSr1A94AaABAg,UCrod3zHPNdFZBv-HyVuLJ3g,"Fetched 05/23/2026, 9:00:03 PM GMT+8"
35830,@elovzbandong,2 weeks ago,Happy viewing po sa lahat ng mga kapatid  / From Baguio City Benguet🙂🇮🇹,https://www.youtube.com/watch?v=ROa3kbG5M0U&lc=UgxEXdIsVbmgYoZwD6R4AaABAg,UgxEXdIsVbmgYoZwD6R4AaABAg,UC7Ubr0w78loLhVVx1_lhWcA,"Fetched 05/23/2026, 9:00:03 PM GMT+8"
35831,@joymaylee-e9o,2 weeks ago,Patuloy po na sumusuporta ...mula po sa Lokal ng Atok Gold❤❤❤❤❤❤❤,https://www.youtube.com/watch?v=ROa3kbG5M0U&lc=Ugxi1APUhDsB-Xk9aq94AaABAg,Ugxi1APUhDsB-Xk9aq94AaABAg,UCVNaOxPbc9ZEHqlMp6TAgMA,"Fetched 05/23/2026, 9:00:03 PM GMT+8"
35832,@vincentfigueroa4463,2 weeks ago,"Watching from the Local Congregation of Baguio City, Ecclesiastical District of Benguet. Happy watching po sa lahat ng mga kapatid.",https://www.youtube.com/watch?v=ROa3kbG5M0U&lc=Ugzkjqh2MCIsLWAJPMt4AaABAg,Ugzkjqh2MCIsLWAJPMt4AaABAg,UCsoWvmbDybADYWnqo0TbJgg,"Fetched 05/23/2026, 9:00:03 PM GMT+8"
35833,@joymaylee-e9o,2 weeks ago,"""It's through His love that your days are bright as the sun....."" / Lokal ng Atok Gold",https://www.youtube.com/watch?v=ROa3kbG5M0U&lc=UgyOYwqNA_3OZqGBJqR4AaABAg,UgyOYwqNA_3OZqGBJqR4AaABAg,UCVNaOxPbc9ZEHqlMp6TAgMA,"Fetched 05/23/2026, 9:00:03 PM GMT+8"
35834,@arlynsadsaddarnayla,2 weeks ago,Maligayang pakikipagkaisa po...viewing from Locale of Baguio city po🇮🇹❤️,https://www.youtube.com/watch?v=ROa3kbG5M0U&lc=UgwtTma0V11cEfkviQN4AaABAg,UgwtTma0V11cEfkviQN4AaABAg,UCEpebcWdMuh8WoE06IwNIKA,"Fetched 05/23/2026, 9:00:03 PM GMT+8"
35835,@JennilynLazaro-y5x6v,2 weeks ago,Happy lunch po mga taga ATOK GOLD ❤❤,https://www.youtube.com/watch?v=ROa3kbG5M0U&lc=UgzovRsoOraRFa9YXJp4AaABAg,UgzovRsoOraRFa9YXJp4AaABAg,UCItB-k__Z6a289WuGtIxsbw,"Fetched 05/23/2026, 9:00:03 PM GMT+8"
35836,@joymaylee-e9o,2 weeks ago,Greetings po mula po sa Lokal ng Atok Gold,https://www.youtube.com/watch?v=ROa3kbG5M0U&lc=UgyuD1MCjFveHZZXu7V4AaABAg,UgyuD1MCjFveHZZXu7V4AaABAg,UCVNaOxPbc9ZEHqlMp6TAgMA,"Fetched 05/23/2026, 9:00:03 PM GMT+8"
35837,@danielsangalang4416,2 weeks ago,Maligayang panonood po sa lahat ng mga kapatid sa buong mundo maging sa mga nasa kapisanang KADIWA mula po sa Lokal Ng Baguio City Ditsrito Ng Benguet 🇮🇹,https://www.youtube.com/watch?v=ROa3kbG5M0U&lc=Ugw86g2MZ2Z6l4Bn_zJ4AaABAg,Ugw86g2MZ2Z6l4Bn_zJ4AaABAg,UCd83g5cGg_Es6Qyl02u7jdw,"Fetched 05/23/2026, 9:00:03 PM GMT+8"
35838,@danielsangalang4416,2 weeks ago,Maligayang panonood po sa lahat ng mga kapatid sa buong mundo maging sa mga nasa kapisanang KADIWA mula po sa Lokal Ng Baguio City Ditsrito Ng Benguet 🇮🇹,https://www.youtube.com/watch?v=ROa3kbG5M0U&lc=Ugya2-6Al5Jws_dp2QZ4AaABAg,Ugya2-6Al5Jws_dp2QZ4AaABAg,UCd83g5cGg_Es6Qyl02u7jdw,"Fetched 05/23/2026, 9:00:03 PM GMT+8"
35839,@danielsangalang4416,2 weeks ago,Maligayang panonood po sa lahat ng mga kapatid sa buong mundo maging sa mga nasa kapisanang KADIWA mula po sa Lokal Ng Baguio City Ditsrito Ng Benguet 🇮🇹,https://www.youtube.com/watch?v=ROa3kbG5M0U&lc=UgwZxmpWblNuCj5Bfqx4AaABAg,UgwZxmpWblNuCj5Bfqx4AaABAg,UCd83g5cGg_Es6Qyl02u7jdw,"Fetched 05/23/2026, 9:00:03 PM GMT+8"
35840,@henrycaranto2644,2 weeks ago,"LUNCK BREAK NA! Music Break na po ☺️❤️ /  / “God’s Love”🎉 /  / Let’s Go Benguet🎉🍓🍓 /  / Hello po sa lahat ng KADIWA sa Benguet ☺️ / Lokal ng BAGUIO CITY, Benguet🎉☺️",https://www.youtube.com/watch?v=ROa3kbG5M0U&lc=UgwUA5Qt6FX4A3aq7LZ4AaABAg,UgwUA5Qt6FX4A3aq7LZ4AaABAg,UCFilTOy22FklSkBIgwVPVaQ,"Fetched 05/23/2026, 9:00:03 PM GMT+8"
35841,@jeanietugad4595,2 weeks ago,"From Kalihiman at Registry ng Lokal ng Atok Gold, Distrito ng Benguet, Maligayang panonood po sa lahat..",https://www.youtube.com/watch?v=ROa3kbG5M0U&lc=UgwuaY_9zYqk-x5hX6t4AaABAg,UgwuaY_9zYqk-x5hX6t4AaABAg,UC4-hT99A9u-aH7hnm5JCSfg,"Fetched 05/23/2026, 9:00:03 PM GMT+8"
35842,@jonathanlazaro-lr3tw,2 weeks ago,"Mga kalokal po naming nanood sa Lokal ng Atok Gold, Happy viewing po ❤",https://www.youtube.com/watch?v=ROa3kbG5M0U&lc=UgxxQgKgcIxLNbIlzUF4AaABAg,UgxxQgKgcIxLNbIlzUF4AaABAg,UCFqvjRjbTvQSzxX4Cw-_bZw,"Fetched 05/23/2026, 9:00:03 PM GMT+8"
35843,@JocelynAngsofan,2 weeks ago,"mula po sa lokal ng Pinsao, Distrito ng Benguet, happy viewing po😊",https://www.youtube.com/watch?v=ROa3kbG5M0U&lc=UgyXugzN4KxwoQbd9354AaABAg,UgyXugzN4KxwoQbd9354AaABAg,UCQuHB6XVkmo3wL7uCy2bF5w,"Fetched 05/23/2026, 9:00:03 PM GMT+8"
35844,@JoeannAndaya,2 weeks ago,Happy Lunch po mga kaaptid!  Watching po mula po sa sambahayan ng Kapatid na Ariel Andaya ng Lokal ng Ambiong Distrito ng Benguet po. ❤️❤️❤️,https://www.youtube.com/watch?v=ROa3kbG5M0U&lc=UgzGsbFFPmN3-LEt6cJ4AaABAg,UgzGsbFFPmN3-LEt6cJ4AaABAg,UCbjdfoSmupyh-INYDScuBWg,"Fetched 05/23/2026, 9:00:03 PM GMT+8"
35845,@JennilynLazaro-y5x6v,2 weeks ago,Maligayang panonood po sa lahat. Mula po sa kagawaran ng mga Mang-aawit sa Lokal ng Atok Gold 😊 🎼🎵🎵🎵🇮🇹,https://www.youtube.com/watch?v=ROa3kbG5M0U&lc=UgxgOQEaHMdKzeqxcS94AaABAg,UgxgOQEaHMdKzeqxcS94AaABAg,UCItB-k__Z6a289WuGtIxsbw,"Fetched 05/23/2026, 9:00:03 PM GMT+8"
35846,@NorbertoMislang-k1f,2 weeks ago,Happy viewing po ready na po tayo 12nn na Lokal ng Baguio City Gising!!!!,https://www.youtube.com/watch?v=ROa3kbG5M0U&lc=Ugz1Q_SAoxK53K-dDeF4AaABAg,Ugz1Q_SAoxK53K-dDeF4AaABAg,UCHrMwbP6cIZPIlWf5nvI8dA,"Fetched 05/23/2026, 9:00:03 PM GMT+8"
35847,@joymaylee-e9o,2 weeks ago,Magandang Tanghali po mga kapatid.....mula po sa Lokal ng Atok Gold,https://www.youtube.com/watch?v=ROa3kbG5M0U&lc=UgwNXqe5vijlUGc6O-N4AaABAg,UgwNXqe5vijlUGc6O-N4AaABAg,UCVNaOxPbc9ZEHqlMp6TAgMA,"Fetched 05/23/2026, 9:00:03 PM GMT+8"
35848,@iya-k7j,2 weeks ago,happy viewing po ...mula po sa Lokal ng Atok Gold,https://www.youtube.com/watch?v=ROa3kbG5M0U&lc=UgxKnDkPhGvSeFl6gXB4AaABAg,UgxKnDkPhGvSeFl6gXB4AaABAg,UC_R2GfmFAjE8k8DgEjmtv7g,"Fetched 05/23/2026, 9:00:03 PM GMT+8"
35849,@MoniqueJane-t1z6y,2 weeks ago,Happy viewing po Mula sa lokal ng atok gold.Nakikiisa po kaming mga sinusubok sa lokal.❤❤❤😊🎉,https://www.youtube.com/watch?v=ROa3kbG5M0U&lc=UgzRkTuLSK2WFkdQW594AaABAg,UgzRkTuLSK2WFkdQW594AaABAg,UCJ_Jiz4VZK22n1hCnE_OvIA,"Fetched 05/23/2026, 9:00:03 PM GMT+8"
35850,@luibustamante9493,2 weeks ago (edited),"""God's love is bigger than the ocean and brighter than the stars. I'ts through His Love that you are now who you are."" /  / Fave line/lyrics for today. Happy viewing po sa lahat ng Kadiwa sa iba't ibang Lokal most esp sa lokal po Tuba at mga KDOs.  /  / Enjoy your lunch while watching this MV po   /  / Greetings form locale of Tuba District of Benguet🤗 /  / Let's go Benguet 🍓💪👏👏",https://www.youtube.com/watch?v=ROa3kbG5M0U&lc=UgwQ9yIHQNodOvTExvB4AaABAg,UgwQ9yIHQNodOvTExvB4AaABAg,UCFAmrhDmv6rvZrQoYp-IS9w,"Fetched 05/23/2026, 9:00:03 PM GMT+8"
35851,@DaniloPalomeno-d1n,2 weeks ago,Happy viewing from lokal ng Pinsao distrito ng benguet,https://www.youtube.com/watch?v=ROa3kbG5M0U&lc=Ugyd4vMmpWK_3s7ywSB4AaABAg,Ugyd4vMmpWK_3s7ywSB4AaABAg,UCZwlshbByaSblKnhTIh8rmA,"Fetched 05/23/2026, 9:00:03 PM GMT+8"
35852,@iya-k7j,2 weeks ago,happy viewing po mga kapatid...mula po sa Lokal ng Atok Gold🎉🎉🎉🎉🎉🎉,https://www.youtube.com/watch?v=ROa3kbG5M0U&lc=UgyEs8bfZI_PH4YBvz54AaABAg,UgyEs8bfZI_PH4YBvz54AaABAg,UC_R2GfmFAjE8k8DgEjmtv7g,"Fetched 05/23/2026, 9:00:03 PM GMT+8"
35853,@waynehaight2599,2 weeks ago,Hello po sa lahat ng masisipag na Kalihim ng Lokal at Kalihim sa LOS ng lokal ng Baguio City... happy watching po... lalong-lalo na po sa aming Pangulo at II Pangulong Kalihim...😊😊❤,https://www.youtube.com/watch?v=ROa3kbG5M0U&lc=UgzQahz07uh_reRg2nR4AaABAg,UgzQahz07uh_reRg2nR4AaABAg,UC47a3gL6hK_feUQrwZ0wraQ,"Fetched 05/23/2026, 9:00:03 PM GMT+8"
35854,@jonathanlazaro-lr3tw,2 weeks ago,Shoutout po sa mga kalokal namin sa ATOK GOLD 🤗🤗,https://www.youtube.com/watch?v=ROa3kbG5M0U&lc=Ugxe03ys715ZEdIBzjR4AaABAg,Ugxe03ys715ZEdIBzjR4AaABAg,UCFqvjRjbTvQSzxX4Cw-_bZw,"Fetched 05/23/2026, 9:00:03 PM GMT+8"
35855,@iya-k7j,2 weeks ago,Magandang tanghali po...patuloy po na nanonood ng God's Love......mula po sa Lokal ng Atok Gold❤❤❤❤❤,https://www.youtube.com/watch?v=ROa3kbG5M0U&lc=UgxXaRdwj9nDYUC8R5V4AaABAg,UgxXaRdwj9nDYUC8R5V4AaABAg,UC_R2GfmFAjE8k8DgEjmtv7g,"Fetched 05/23/2026, 9:00:03 PM GMT+8"
35856,@JennilynLazaro-y5x6v,2 weeks ago,hello po mga kapatid sa Lokal ng Atok Gold 🇮🇹,https://www.youtube.com/watch?v=ROa3kbG5M0U&lc=UgxvYSmOgk2DR0oHmn54AaABAg,UgxvYSmOgk2DR0oHmn54AaABAg,UCItB-k__Z6a289WuGtIxsbw,"Fetched 05/23/2026, 9:00:03 PM GMT+8"
35857,@waynehaight2599,2 weeks ago,Shoutout po sa lahat ng magigiting at masisipag na mga Ministro't Manggagawa na naka-destino sa aming lokal... Lokal ng Baguio City... 😊,https://www.youtube.com/watch?v=ROa3kbG5M0U&lc=Ugy9cyY0Tuj74s_jDK54AaABAg,Ugy9cyY0Tuj74s_jDK54AaABAg,UC47a3gL6hK_feUQrwZ0wraQ,"Fetched 05/23/2026, 9:00:03 PM GMT+8"
35858,@lvrxliza16,2 weeks ago,Happy viewing po!! mula po sa Lokal ng Atok Gold ❤️,https://www.youtube.com/watch?v=ROa3kbG5M0U&lc=Ugw0hlzKg2fXKz5qWIR4AaABAg,Ugw0hlzKg2fXKz5qWIR4AaABAg,UCDT1iWYM0xpyuHmGQYI0O2A,"Fetched 05/23/2026, 9:00:03 PM GMT+8"
35859,@giloribello,2 weeks ago (edited),Perfecto para inspirasyon 😊😊😊😊 BAGUIO city bagyo,https://www.youtube.com/watch?v=ROa3kbG5M0U&lc=UgwFBPkw06rN-5Bmkm54AaABAg,UgwFBPkw06rN-5Bmkm54AaABAg,UCDoxrvwIaC8g19_zJaWhluQ,"Fetched 05/23/2026, 9:00:03 PM GMT+8"
35860,@JennilynLazaro-y5x6v,2 weeks ago,"Happy viewing po. From Atok Gold, Benguet 😊😊😊😊😊😊",https://www.youtube.com/watch?v=ROa3kbG5M0U&lc=UgyhH9NJ4jkDtsYpdlx4AaABAg,UgyhH9NJ4jkDtsYpdlx4AaABAg,UCItB-k__Z6a289WuGtIxsbw,"Fetched 05/23/2026, 9:00:03 PM GMT+8"
35861,@waynehaight2599,2 weeks ago,Magandang araw po sa lahat ng nanonood... lalong lalo na po sa mga kapatid at mga May Tungkulin sa Lokal ng Baguio City... 😊😊❤,https://www.youtube.com/watch?v=ROa3kbG5M0U&lc=Ugxv0DlbgP93_d0wjlF4AaABAg,Ugxv0DlbgP93_d0wjlF4AaABAg,UC47a3gL6hK_feUQrwZ0wraQ,"Fetched 05/23/2026, 9:00:03 PM GMT+8"
35862,@ALEXIASOPHIAYDIO,2 weeks ago,"maligayang panonood po🫶, Mula po sa lokal ng Atok Gold",https://www.youtube.com/watch?v=ROa3kbG5M0U&lc=Ugx0B_7SuOkGbxMoUf54AaABAg,Ugx0B_7SuOkGbxMoUf54AaABAg,UC806ht4k_AHuzg4k_rkDPJw,"Fetched 05/23/2026, 9:00:03 PM GMT+8"
35863,@MoniqueJane-t1z6y,2 weeks ago,Happy viewing po Mula sa lokal ng atok gold. Nakikiisa po kaming mga sinusubok ng lokal.,https://www.youtube.com/watch?v=ROa3kbG5M0U&lc=UgzkW6ofVJKVnkrx-iN4AaABAg,UgzkW6ofVJKVnkrx-iN4AaABAg,UCJ_Jiz4VZK22n1hCnE_OvIA,"Fetched 05/23/2026, 9:00:03 PM GMT+8"
35864,@jeanietugad4595,2 weeks ago,"Mula po sa Kalihiman at Registry ng Lokal ng Atok Gold, Distrito ng Benguet,,,  Happy viewing po sa lahat. ❤",https://www.youtube.com/watch?v=ROa3kbG5M0U&lc=Ugz_sLNaPE1SKpLii_x4AaABAg,Ugz_sLNaPE1SKpLii_x4AaABAg,UC4-hT99A9u-aH7hnm5JCSfg,"Fetched 05/23/2026, 9:00:03 PM GMT+8"
35865,@justVhen,2 weeks ago,"Happy viewing po from lokal ng Buyagan, District of Benguet ✨",https://www.youtube.com/watch?v=ROa3kbG5M0U&lc=UgxBL5UIonoFUSY93ph4AaABAg,UgxBL5UIonoFUSY93ph4AaABAg,UC3VRu3abUxLP9xYPfbhu7pg,"Fetched 05/23/2026, 9:00:03 PM GMT+8"
35866,@kimchionboard,2 weeks ago,Cutieee talaga neto ❤ congrats po and always keep going through God's grace 🎉😊,https://www.youtube.com/watch?v=ROa3kbG5M0U&lc=UgzIzc5KvJU3bUU8Emx4AaABAg,UgzIzc5KvJU3bUU8Emx4AaABAg,UCkuk4-3G2dHIYEerjNXbZxg,"Fetched 05/23/2026, 9:00:03 PM GMT+8"
35867,@jaimeespinuevajr,2 weeks ago,Happy Viewing po mula sa Lokal ng Baguio City kahit tangahali na mainit kaylangan magkape,https://www.youtube.com/watch?v=ROa3kbG5M0U&lc=UgzfUA7tTyPU8cPnPQN4AaABAg,UgzfUA7tTyPU8cPnPQN4AaABAg,UCMhKhNqVk0I4ih9rWZOJgTQ,"Fetched 05/23/2026, 9:00:03 PM GMT+8"
35868,@JhadeVecino,2 weeks ago,"LOKAL NG ATOK GOLD, Mang aawit ay nakikiisa sa panonood. Good job sa mga cast Po..",https://www.youtube.com/watch?v=ROa3kbG5M0U&lc=Ugx90YCvZGqpxD-dKCx4AaABAg,Ugx90YCvZGqpxD-dKCx4AaABAg,UC6G7aKYeoTFEdZdzsafEppQ,"Fetched 05/23/2026, 9:00:03 PM GMT+8"
35869,@neiljeffersonfortin7735,2 weeks ago,Happy Viewing from lokal ng Balatoc,https://www.youtube.com/watch?v=ROa3kbG5M0U&lc=UgyPagPb93ARxjAY9e14AaABAg,UgyPagPb93ARxjAY9e14AaABAg,UCzMhyS9XhK6L7iy3bwA1bfw,"Fetched 05/23/2026, 9:00:03 PM GMT+8"
35870,@camshinn137,2 weeks ago,"Happy viewing po to all brethren!  /  / Greetings from KALIHIMAN/REGISTRY of Local of Marcos Highway, District Congregation of Benguet💚🤍❤️",https://www.youtube.com/watch?v=ROa3kbG5M0U&lc=UgzCV3cRS5iFzYQNm-t4AaABAg,UgzCV3cRS5iFzYQNm-t4AaABAg,UCdoWnC3qAw2LGoS58oioDYw,"Fetched 05/23/2026, 9:00:03 PM GMT+8"
35871,@camshinn137,2 weeks ago,"Happy viewing po to all brethren!  /  / Greetings from KALIHIMAN/REGISTRY of Local of Marcos Highway, District Congregation of Benguet💚🤍❤️",https://www.youtube.com/watch?v=ROa3kbG5M0U&lc=UgwIznD0fzglG8GwfBB4AaABAg,UgwIznD0fzglG8GwfBB4AaABAg,UCdoWnC3qAw2LGoS58oioDYw,"Fetched 05/23/2026, 9:00:03 PM GMT+8"
35872,@camshinn137,2 weeks ago,"Happy viewing po to all brethren!  /  / Greetings from KALIHIMAN/REGISTRY of Local of Marcos Highway, District Congregation of Benguet💚🤍❤️",https://www.youtube.com/watch?v=ROa3kbG5M0U&lc=Ugwym95i68eMbI8Ast54AaABAg,Ugwym95i68eMbI8Ast54AaABAg,UCdoWnC3qAw2LGoS58oioDYw,"Fetched 05/23/2026, 9:00:03 PM GMT+8"
35873,@JennilynLazaro-y5x6v,2 weeks ago,"Hello po sa lahat, maligayang panonood po. Lokal ng ATOK GOLD ☺☺🎶🎶",https://www.youtube.com/watch?v=ROa3kbG5M0U&lc=UgzntuHXSVaZ7g-tHdV4AaABAg,UgzntuHXSVaZ7g-tHdV4AaABAg,UCItB-k__Z6a289WuGtIxsbw,"Fetched 05/23/2026, 9:00:03 PM GMT+8"
35874,@neiljeffersonfortin3339,2 weeks ago,Happy Viewing po from lokal ng Balatoc,https://www.youtube.com/watch?v=ROa3kbG5M0U&lc=Ugz2thTXm2V97jdrSG14AaABAg,Ugz2thTXm2V97jdrSG14AaABAg,UCb3Vat0eVelsW8XLhD7pILA,"Fetched 05/23/2026, 9:00:03 PM GMT+8"
35875,@camshinn137,2 weeks ago,"Happy viewing po to all brethren!  /  / Greetings from KALIHIMAN/REGISTRY of Local of Marcos Highway, District Congregation of Benguet💚🤍❤️",https://www.youtube.com/watch?v=ROa3kbG5M0U&lc=Ugyyfwj_ikXm9v3Mxtp4AaABAg,Ugyyfwj_ikXm9v3Mxtp4AaABAg,UCdoWnC3qAw2LGoS58oioDYw,"Fetched 05/23/2026, 9:00:03 PM GMT+8"
35876,@RowneyMiguel,2 weeks ago,Hello sa lahat ng mga viewers mula sa mga mang aawit ng LOKAL NG ATOK GOLd🎉❤❤❤,https://www.youtube.com/watch?v=ROa3kbG5M0U&lc=Ugx1evxSmg0cqh0Wq5x4AaABAg,Ugx1evxSmg0cqh0Wq5x4AaABAg,UCI093wAMa9jRIUVIc2Lh1FQ,"Fetched 05/23/2026, 9:00:03 PM GMT+8"
35877,@jonathanlazaro-lr3tw,2 weeks ago,Happy viewing po. From LOKAL NG ATOK GOLD ❤❤❤❤❤❤❤,https://www.youtube.com/watch?v=ROa3kbG5M0U&lc=UgzPJkn6OyHo7f17OfF4AaABAg,UgzPJkn6OyHo7f17OfF4AaABAg,UCFqvjRjbTvQSzxX4Cw-_bZw,"Fetched 05/23/2026, 9:00:03 PM GMT+8"
35878,@camshinn137,2 weeks ago,"Happy viewing po to all brethren!  /  / Greetings from KALIHIMAN/REGISTRY of Local of Marcos Highway, District Congregation of Benguet💚🤍❤️",https://www.youtube.com/watch?v=ROa3kbG5M0U&lc=UgztnJI07IJfs8D2uiZ4AaABAg,UgztnJI07IJfs8D2uiZ4AaABAg,UCdoWnC3qAw2LGoS58oioDYw,"Fetched 05/23/2026, 9:00:03 PM GMT+8"
35879,@neiljeffersonfortin7735,2 weeks ago,hello po mga Kapatid From lokal ng Balatoc,https://www.youtube.com/watch?v=ROa3kbG5M0U&lc=UgypHJECaKR0QPzbVdJ4AaABAg,UgypHJECaKR0QPzbVdJ4AaABAg,UCzMhyS9XhK6L7iy3bwA1bfw,"Fetched 05/23/2026, 9:00:03 PM GMT+8"
35880,@jonathanlazaro-lr3tw,2 weeks ago,Hello po sa mga nanood mula sa lokal po ng ATOK GOLD ❤,https://www.youtube.com/watch?v=ROa3kbG5M0U&lc=UgxjTlxspioY0ojlbq94AaABAg,UgxjTlxspioY0ojlbq94AaABAg,UCFqvjRjbTvQSzxX4Cw-_bZw,"Fetched 05/23/2026, 9:00:03 PM GMT+8"
35881,@justineleighastodillo7882,2 weeks ago,Happy Viewing po mula po sa Lokal ng Buyagan - Distrito ng Benguet🤗,https://www.youtube.com/watch?v=ROa3kbG5M0U&lc=UgyevsZExaAs8h3bQVV4AaABAg,UgyevsZExaAs8h3bQVV4AaABAg,UCVdpYU_7AkYelKqNmZFGQ0A,"Fetched 05/23/2026, 9:00:03 PM GMT+8"
35882,@JennilynLazaro-y5x6v,2 weeks ago,HAPPY VIEWING PO LOKAL NG ATOK GOLD❤😊,https://www.youtube.com/watch?v=ROa3kbG5M0U&lc=UgwgYQURXAbf9e966bZ4AaABAg,UgwgYQURXAbf9e966bZ4AaABAg,UCItB-k__Z6a289WuGtIxsbw,"Fetched 05/23/2026, 9:00:03 PM GMT+8"
35883,@kitt25_nnn,2 weeks ago,Congratulations po sa lahat ng bumuo ng MV na ito! keep up the good work👏🏻  / GO BENGUET!! / GO Balatoc!!,https://www.youtube.com/watch?v=ROa3kbG5M0U&lc=UgwCSNgF0JieepexxMd4AaABAg,UgwCSNgF0JieepexxMd4AaABAg,UCNLpsApT9qyJZzNcu9VSI-Q,"Fetched 05/23/2026, 9:00:03 PM GMT+8"
35884,@JhadeVecino,2 weeks ago,Hello Po sa lahat Ng nanonood Mula sa LOKAL NG ATOK GOLD..😊❤😊❤😊,https://www.youtube.com/watch?v=ROa3kbG5M0U&lc=UgyaS72rLnfDrzWZiTp4AaABAg,UgyaS72rLnfDrzWZiTp4AaABAg,UC6G7aKYeoTFEdZdzsafEppQ,"Fetched 05/23/2026, 9:00:03 PM GMT+8"
35885,@RowneyMiguel,2 weeks ago,❤❤❤happy viewing po at shout out sa lahat ng MT fr LOKAL NG ATOk GOLd,https://www.youtube.com/watch?v=ROa3kbG5M0U&lc=UgykcLXzUgX-bCyVsmF4AaABAg,UgykcLXzUgX-bCyVsmF4AaABAg,UCI093wAMa9jRIUVIc2Lh1FQ,"Fetched 05/23/2026, 9:00:03 PM GMT+8"
35886,@cherrydevera8251,2 weeks ago,Happy viewing po from Lokal ng Baguio City distrito ng Benguet,https://www.youtube.com/watch?v=ROa3kbG5M0U&lc=Ugy-yeOIIGqu8ZX-Dh94AaABAg,Ugy-yeOIIGqu8ZX-Dh94AaABAg,UCrod3zHPNdFZBv-HyVuLJ3g,"Fetched 05/23/2026, 9:00:03 PM GMT+8"
35887,@JhadeVecino,2 weeks ago,Good job Po sa mga cast.  Happy watching LOKAL NG ATOK GOLD.❤❤,https://www.youtube.com/watch?v=ROa3kbG5M0U&lc=Ugx8XYt8XqQQ-9huhBl4AaABAg,Ugx8XYt8XqQQ-9huhBl4AaABAg,UC6G7aKYeoTFEdZdzsafEppQ,"Fetched 05/23/2026, 9:00:03 PM GMT+8"
35888,@JennilynLazaro-y5x6v,2 weeks ago,happy viewing po sa mga taga lokal ng ATOK GOLD ❤❤,https://www.youtube.com/watch?v=ROa3kbG5M0U&lc=UgyR_ZsCg7aH8vEdsXV4AaABAg,UgyR_ZsCg7aH8vEdsXV4AaABAg,UCItB-k__Z6a289WuGtIxsbw,"Fetched 05/23/2026, 9:00:03 PM GMT+8"
35889,@RowneyMiguel,2 weeks ago,Well done po mga kapatid sa mga gumanap Mula sa LOKAL NG ATOK GOLD...🇨🇮,https://www.youtube.com/watch?v=ROa3kbG5M0U&lc=Ugxc3E_jRRbnSULfD-R4AaABAg,Ugxc3E_jRRbnSULfD-R4AaABAg,UCI093wAMa9jRIUVIc2Lh1FQ,"Fetched 05/23/2026, 9:00:03 PM GMT+8"
35890,@jonathanlazaro-lr3tw,2 weeks ago,"MALIGAYANG PANONOOD PO SA LAHAT, SA KAPISANAN PO NG BUKLOD, MULA SA LOKAL NG ATOK GOLD.",https://www.youtube.com/watch?v=ROa3kbG5M0U&lc=UgwTIqYz9xnNdAAtLAt4AaABAg,UgwTIqYz9xnNdAAtLAt4AaABAg,UCFqvjRjbTvQSzxX4Cw-_bZw,"Fetched 05/23/2026, 9:00:03 PM GMT+8"
35891,@jenelynlegaspi5472,2 weeks ago,Happy viewing po sa lahat..pagbati po mula sa lokal ng QUEZON HILL,https://www.youtube.com/watch?v=ROa3kbG5M0U&lc=UgznZsaSO9J472gngtF4AaABAg,UgznZsaSO9J472gngtF4AaABAg,UCLjU_xM1oUxJ0N9ClfCcPjQ,"Fetched 05/23/2026, 9:00:03 PM GMT+8"
35892,@JhadeVecino,2 weeks ago,Bumbati Po kami sa lahat Ng mga Kapatid Mula sa LOKAL NG ATOK GOLD..😊,https://www.youtube.com/watch?v=ROa3kbG5M0U&lc=UgwFogUr8gB4SD32c-l4AaABAg,UgwFogUr8gB4SD32c-l4AaABAg,UC6G7aKYeoTFEdZdzsafEppQ,"Fetched 05/23/2026, 9:00:03 PM GMT+8"
35893,@waynehaight2599,2 weeks ago (edited),Hello po sa lahat ng cast at lahat ng bumuo ng MV  ng Benguet... Good job po sa inyo mga kapatid... maraming salamat po sa inyo... 😊😊❤,https://www.youtube.com/watch?v=ROa3kbG5M0U&lc=Ugxq8O8TYDYZLIVEprR4AaABAg,Ugxq8O8TYDYZLIVEprR4AaABAg,UC47a3gL6hK_feUQrwZ0wraQ,"Fetched 05/23/2026, 9:00:03 PM GMT+8"
35894,@waynehaight2599,2 weeks ago (edited),Hello po sa lahat ng cast at lahat ng bumuo ng MV  ng Benguet... Good job po sa inyo mga kapatid... maraming salamat po sa inyo... 😊😊❤,https://www.youtube.com/watch?v=ROa3kbG5M0U&lc=UgwrucYgc-krWzu6vcd4AaABAg,UgwrucYgc-krWzu6vcd4AaABAg,UC47a3gL6hK_feUQrwZ0wraQ,"Fetched 05/23/2026, 9:00:03 PM GMT+8"
35895,@johnreylucio8970,2 weeks ago,"Happy Viewing po sa ating lahat,, Binabati rin po namin lahat ng Kadiwa, dito po sa Distrito ng Benguet,❤",https://www.youtube.com/watch?v=ROa3kbG5M0U&lc=Ugx4B4vpPmnY9JY5aI94AaABAg,Ugx4B4vpPmnY9JY5aI94AaABAg,UCNMupRD4ySrN336KZpy29OA,"Fetched 05/23/2026, 9:00:03 PM GMT+8"
35896,@iya-k7j,2 weeks ago,Greetings po from Locale of Atok Gold,https://www.youtube.com/watch?v=ROa3kbG5M0U&lc=Ugwu7EjDR9TCFjOE2vx4AaABAg,Ugwu7EjDR9TCFjOE2vx4AaABAg,UC_R2GfmFAjE8k8DgEjmtv7g,"Fetched 05/23/2026, 9:00:03 PM GMT+8"
35897,@RowneyMiguel,2 weeks ago,Mula za lokal ng aATOk GOLD.. happy viewing po.🎉🎉🎉🎉,https://www.youtube.com/watch?v=ROa3kbG5M0U&lc=UgzfqZ1411SPuaIRqTl4AaABAg,UgzfqZ1411SPuaIRqTl4AaABAg,UCI093wAMa9jRIUVIc2Lh1FQ,"Fetched 05/23/2026, 9:00:03 PM GMT+8"
35898,@iya-k7j,2 weeks ago,maligayang panonood po mga kapatid..mula po sa Lokal ng Atok Gold,https://www.youtube.com/watch?v=ROa3kbG5M0U&lc=UgwujId0tUAHZc4m8Gd4AaABAg,UgwujId0tUAHZc4m8Gd4AaABAg,UC_R2GfmFAjE8k8DgEjmtv7g,"Fetched 05/23/2026, 9:00:03 PM GMT+8"
35899,@iya-k7j,2 weeks ago,watching from Locale of Atok Gold🎉🎉🎉🎉🎉,https://www.youtube.com/watch?v=ROa3kbG5M0U&lc=UgxoorGKzswpg61DQ2Z4AaABAg,UgxoorGKzswpg61DQ2Z4AaABAg,UC_R2GfmFAjE8k8DgEjmtv7g,"Fetched 05/23/2026, 9:00:03 PM GMT+8"
35900,@JennilynLazaro-y5x6v,2 weeks ago,Happy viewing po sa mga kasama naming nanonood sa lokal ng Atok Gold 😊😊❤❤,https://www.youtube.com/watch?v=ROa3kbG5M0U&lc=UgzfhR-w47SFji3KO9h4AaABAg,UgzfhR-w47SFji3KO9h4AaABAg,UCItB-k__Z6a289WuGtIxsbw,"Fetched 05/23/2026, 9:00:03 PM GMT+8"
35901,@JhadeVecino,2 weeks ago,Good high noon. Viewing from LOKAL NG ATOK GOLD 😊😊😊😊,https://www.youtube.com/watch?v=ROa3kbG5M0U&lc=UgxtdIU9ovWCaIdXxzt4AaABAg,UgxtdIU9ovWCaIdXxzt4AaABAg,UC6G7aKYeoTFEdZdzsafEppQ,"Fetched 05/23/2026, 9:00:03 PM GMT+8"
35902,@jonathanlazaro-lr3tw,2 weeks ago,"Happy viewing po, mula po sa aming mga mang-aawit sa lokal ng Atok Gold.",https://www.youtube.com/watch?v=ROa3kbG5M0U&lc=UgwHw1Q8CgS-7GqXeU14AaABAg,UgwHw1Q8CgS-7GqXeU14AaABAg,UCFqvjRjbTvQSzxX4Cw-_bZw,"Fetched 05/23/2026, 9:00:03 PM GMT+8"
35903,@RowneyMiguel,2 weeks ago,"Inspired watching from LOKAL NG ATOK GOLD, mang aawit department❤❤❤❤",https://www.youtube.com/watch?v=ROa3kbG5M0U&lc=UgwUfS-DcgnEKJQQQD94AaABAg,UgwUfS-DcgnEKJQQQD94AaABAg,UCI093wAMa9jRIUVIc2Lh1FQ,"Fetched 05/23/2026, 9:00:03 PM GMT+8"
35904,@MoniqueJane-t1z6y,2 weeks ago,Happy viewing po sa lahat. Mula po sa lokal ng atok gold. Isa po sa mga sinusubok sa lokal.,https://www.youtube.com/watch?v=ROa3kbG5M0U&lc=UgxmkWGJGxruzrO2wz14AaABAg,UgxmkWGJGxruzrO2wz14AaABAg,UCJ_Jiz4VZK22n1hCnE_OvIA,"Fetched 05/23/2026, 9:00:03 PM GMT+8"
35905,@jeanietugad4595,2 weeks ago,"happy viewing po. mula po sa lokal ng Atok Gold, kalihiman at registry section",https://www.youtube.com/watch?v=ROa3kbG5M0U&lc=Ugz4ejQhq7sGI1KvEGB4AaABAg,Ugz4ejQhq7sGI1KvEGB4AaABAg,UC4-hT99A9u-aH7hnm5JCSfg,"Fetched 05/23/2026, 9:00:03 PM GMT+8"
35906,@RowneyMiguel,2 weeks ago,Happy viewing po lalo na po mga mang aawit ng LOKAL NG AToK GOLD. ❤❤❤❤,https://www.youtube.com/watch?v=ROa3kbG5M0U&lc=UgxloGl-QzvDq7dM6DJ4AaABAg,UgxloGl-QzvDq7dM6DJ4AaABAg,UCI093wAMa9jRIUVIc2Lh1FQ,"Fetched 05/23/2026, 9:00:03 PM GMT+8"
35907,@mayukitamura3220,2 weeks ago (edited),"Enjoy viewing po to all! /  / Greetings sa lahat ng taga Lokal ng Marcos Highway, at sa LAHAT NG KALIHIM AT REGISTRY CLERKS sa Distrito ng Benguet😘 /  / Shout out po sa aming butihing mga Destinado, Ka Bryan, Ka Alfred, Ka JR at Ka Kiel ☺",https://www.youtube.com/watch?v=ROa3kbG5M0U&lc=Ugzju9BqHv7g0zrXEQh4AaABAg,Ugzju9BqHv7g0zrXEQh4AaABAg,UCorWwIWI1IWJ_K3BzI2hjnQ,"Fetched 05/23/2026, 9:00:03 PM GMT+8"
35908,@JennilynLazaro-y5x6v,2 weeks ago (edited),"Pagbati po sa mga nanonood mula sa kagawaran ng mga mang-aawit sa aming lokal, Lokal ng Atok Gold, Benguet 😊😊",https://www.youtube.com/watch?v=ROa3kbG5M0U&lc=UgxufEIAgD9hPgXOp7x4AaABAg,UgxufEIAgD9hPgXOp7x4AaABAg,UCItB-k__Z6a289WuGtIxsbw,"Fetched 05/23/2026, 9:00:03 PM GMT+8"
35909,@JhadeVecino,2 weeks ago,Happy viewing Po. LOKAL NG ATOK GOLD..,https://www.youtube.com/watch?v=ROa3kbG5M0U&lc=Ugx7EXOCEUgHmuVTMxx4AaABAg,Ugx7EXOCEUgHmuVTMxx4AaABAg,UC6G7aKYeoTFEdZdzsafEppQ,"Fetched 05/23/2026, 9:00:03 PM GMT+8"
35910,@shanwithazed,2 weeks ago,"Thank you po for such an inspiring presentation by our brethren in the District! 🥹🙏 Happy viewing po from the Local Conggregation of Baguio City, Ecclesiastical District of Benguet! ✨🫶🏽",https://www.youtube.com/watch?v=ROa3kbG5M0U&lc=Ugwf8zdSyn4nUfzY4ud4AaABAg,Ugwf8zdSyn4nUfzY4ud4AaABAg,UCc59kmMPc6SSznDFgbbM0_w,"Fetched 05/23/2026, 9:00:03 PM GMT+8"
35911,@dexiecasiquin9200,2 weeks ago,❤❤❤ / Aurora Hill Locale  / Benguet ❤️❤️❤️,https://www.youtube.com/watch?v=ROa3kbG5M0U&lc=UgyZpOt0uF5dlZK7LrJ4AaABAg,UgyZpOt0uF5dlZK7LrJ4AaABAg,UCySPbBwfAlUiuJK_0vMpMow,"Fetched 05/23/2026, 9:00:03 PM GMT+8"
35912,@shanwithazed,2 weeks ago,"What an excellent potrayal of realities in life where God's love shined through. 🥹🙏 Happy viewing po from the Local Conggregation of Baguio City, Ecclesiastical District of Benguet! ✨🫶🏽",https://www.youtube.com/watch?v=ROa3kbG5M0U&lc=UgwL6IWgu53rXcSW2iZ4AaABAg,UgwL6IWgu53rXcSW2iZ4AaABAg,UCc59kmMPc6SSznDFgbbM0_w,"Fetched 05/23/2026, 9:00:03 PM GMT+8"
35913,@RowneyMiguel,2 weeks ago,❤❤❤MULA SA LOKAL NG ATOK GOLD.. happy viewing po.🇮🇪 mang aawit department,https://www.youtube.com/watch?v=ROa3kbG5M0U&lc=UgyPtil-rLQNgHuTkZR4AaABAg,UgyPtil-rLQNgHuTkZR4AaABAg,UCI093wAMa9jRIUVIc2Lh1FQ,"Fetched 05/23/2026, 9:00:03 PM GMT+8"
35914,@rajeferddeguzman6414,2 weeks ago,"Good morning, watching from CITY CAMP",https://www.youtube.com/watch?v=ROa3kbG5M0U&lc=UgzaiG3h5hrGNJGerWF4AaABAg,UgzaiG3h5hrGNJGerWF4AaABAg,UCTBj1fkUN7Dy0tb3YYinyKQ,"Fetched 05/23/2026, 9:00:03 PM GMT+8"
35915,@JhadeVecino,2 weeks ago,Mula sa kagawarang Ng MANG AAWIT Ng LOKAL NG ATOK GOLD. Happy viewing Po.,https://www.youtube.com/watch?v=ROa3kbG5M0U&lc=UgyFRf1732qY7rctnjh4AaABAg,UgyFRf1732qY7rctnjh4AaABAg,UC6G7aKYeoTFEdZdzsafEppQ,"Fetched 05/23/2026, 9:00:03 PM GMT+8"
35916,@LawrenceIshida,2 weeks ago,Pagbati po sa lahat ng KADIWA DISTRICT OFFICERS At mga KADIWA sa DistriTo ng Benguet.  Mula po dito sa Lokal ng BAGUIO CITY,https://www.youtube.com/watch?v=ROa3kbG5M0U&lc=UgwkV9R0K_pRNLyiiYd4AaABAg,UgwkV9R0K_pRNLyiiYd4AaABAg,UCv6FMlIEOsiC6go4HR_xcTw,"Fetched 05/23/2026, 9:00:03 PM GMT+8"
35917,@haielei2869,2 weeks ago,Hello po Sa Mga Maytungkulin sa binhi sa Lokal ng Norcar. 👋🏻👋🏻,https://www.youtube.com/watch?v=ROa3kbG5M0U&lc=UgyPbp7ms9axcjiUFYt4AaABAg,UgyPbp7ms9axcjiUFYt4AaABAg,UCf3PWHW8mj2mncX07kw9ZQw,"Fetched 05/23/2026, 9:00:03 PM GMT+8"
35918,@RowneyMiguel,2 weeks ago,Happy viewing mga kapatid from LOKAL NG ATOK GOLD.. kagawarang ng mga MANGAAWIT❤❤❤ blessed day ahead po.,https://www.youtube.com/watch?v=ROa3kbG5M0U&lc=UgxbbVoCuzZCBr12_Wp4AaABAg,UgxbbVoCuzZCBr12_Wp4AaABAg,UCI093wAMa9jRIUVIc2Lh1FQ,"Fetched 05/23/2026, 9:00:03 PM GMT+8"
35919,@orlandobanaga4425,2 weeks ago,"Good Morning po, Baguio City, Benguet po",https://www.youtube.com/watch?v=ROa3kbG5M0U&lc=Ugz-zF1SX_fvSeH3zsZ4AaABAg,Ugz-zF1SX_fvSeH3zsZ4AaABAg,UCjUaYfJZBUS1BcQ9TakUusg,"Fetched 05/23/2026, 9:00:03 PM GMT+8"
35920,@kristine4717,2 weeks ago,:finger-red-number-one::finger-red-number-one::finger-red-number-one::finger-red-number-one::face-red-heart-shape::face-red-heart-shape::face-red-heart-shape::face-red-heart-shape::medal-yellow-first-red::medal-yellow-first-red::medal-yellow-first-red::medal-yellow-first-red::medal-yellow-first-red:,https://www.youtube.com/watch?v=ROa3kbG5M0U&lc=UgxEQw9-8omS6RAnN9d4AaABAg,UgxEQw9-8omS6RAnN9d4AaABAg,UC3iiMgyZRl-v41Mzegf98yw,"Fetched 05/23/2026, 9:00:03 PM GMT+8"
35921,@JeffreyBoado-l3z,2 weeks ago,Happy film viewing po♥️🤍💚,https://www.youtube.com/watch?v=ROa3kbG5M0U&lc=Ugx3xiYguwJkBLp5nt14AaABAg,Ugx3xiYguwJkBLp5nt14AaABAg,UCeqQb702KWlemVgTiBR5GPw,"Fetched 05/23/2026, 9:00:03 PM GMT+8"
35922,@vinareverie,2 weeks ago (edited),Shout po sa Dako ng Kapilya sa PNK ng Baguio City. Happy viewing po!!! 🤗🇮🇹,https://www.youtube.com/watch?v=ROa3kbG5M0U&lc=Ugx0WmPPJWbyYfP5iRp4AaABAg,Ugx0WmPPJWbyYfP5iRp4AaABAg,UC329KEUzihRW-rNfQbUNVuA,"Fetched 05/23/2026, 9:00:03 PM GMT+8"
35923,@jasonxofficial1870,2 weeks ago,Happy viewing mula po sa lokal ng city camp distrito ng Benguet,https://www.youtube.com/watch?v=ROa3kbG5M0U&lc=UgwUMeUfL7s10ix29BB4AaABAg,UgwUMeUfL7s10ix29BB4AaABAg,UCH5PTqFb2Mwjh4BIrZ1da0A,"Fetched 05/23/2026, 9:00:03 PM GMT+8"
35924,@AnnSismundo-d6d,2 weeks ago,Happy Viewing Po ❤️ From Lokal ng Baguio City Districto ng Benguet ❤️❤️❤️,https://www.youtube.com/watch?v=ROa3kbG5M0U&lc=UgwSw9PQ70NCpJGGNzJ4AaABAg,UgwSw9PQ70NCpJGGNzJ4AaABAg,UChWjO530WcLRYeOB6y1PWdw,"Fetched 05/23/2026, 9:00:03 PM GMT+8"
35925,@gwynethcayabyab5981,2 weeks ago,"Happy viewing po, Mula po sa lokal ng Megaroyale  /  / Binabati ko din po lahat ng kadiwa district officers 🫶🏻",https://www.youtube.com/watch?v=ROa3kbG5M0U&lc=UgzH_ja82u-aFW6dEKZ4AaABAg,UgzH_ja82u-aFW6dEKZ4AaABAg,UCouodNvhL1bfJC2Fz0B_Rcw,"Fetched 05/23/2026, 9:00:03 PM GMT+8"
35926,@alferezmarjorie,2 weeks ago,"We are watching here from Lokal Ng BALATOC with our destinado Ka Neil Jefferson Fortin, HAPPY BIRTHDAY PO! 🎂❤️🎉",https://www.youtube.com/watch?v=ROa3kbG5M0U&lc=Ugy38GKhyvq2obgiFNh4AaABAg,Ugy38GKhyvq2obgiFNh4AaABAg,UC5fNNvYCMCDsteUajIom10g,"Fetched 05/23/2026, 9:00:03 PM GMT+8"
35927,@LibertyMabutas,2 weeks ago,Happy viewing po lokal ng Baguio City,https://www.youtube.com/watch?v=ROa3kbG5M0U&lc=UgyHs8VT2Sceu1uhoJ54AaABAg,UgyHs8VT2Sceu1uhoJ54AaABAg,UCuH8dzTA7XHyY2pp_KsezwQ,"Fetched 05/23/2026, 9:00:03 PM GMT+8"
35928,@ZhakiNucom,2 weeks ago,Happy viewing Po from lokal Ng Baguio city distrito Ng benguet ❤,https://www.youtube.com/watch?v=ROa3kbG5M0U&lc=UgxW4c8DJVvimm_GiHV4AaABAg,UgxW4c8DJVvimm_GiHV4AaABAg,UCoUYUFG_UTQibikfw1ewq3g,"Fetched 05/23/2026, 9:00:03 PM GMT+8"
35929,@iya-k7j,2 weeks ago,amazing!!!🎉🎉🎉🎉Lokal ng Atok Gold,https://www.youtube.com/watch?v=ROa3kbG5M0U&lc=Ugx6Z4sdLa8hGeCubdp4AaABAg,Ugx6Z4sdLa8hGeCubdp4AaABAg,UC_R2GfmFAjE8k8DgEjmtv7g,"Fetched 05/23/2026, 9:00:03 PM GMT+8"
35930,@MelanieBala-oy-x1u,2 weeks ago,Good Morning po watching from local of Camp 6,https://www.youtube.com/watch?v=ROa3kbG5M0U&lc=UgwObfQzsg1MYW1dj4h4AaABAg,UgwObfQzsg1MYW1dj4h4AaABAg,UCFp0T9sinhVOzKjaEpisWQA,"Fetched 05/23/2026, 9:00:03 PM GMT+8"
35931,@kristine7303,2 weeks ago,"Grabe hindi nakakasawa pakinggan! / Shoutout po sa Marcos Highway KADIWA Locale Officers ❤🎉 / Shoutout din po sa KADIWA District Officer 💙💙 /  / Mula po sa Lokal ng Marcos Highway, Distrito ng Benguet! 💪🏻💪🏻",https://www.youtube.com/watch?v=ROa3kbG5M0U&lc=UgxG08XTH5oKoNXZLMZ4AaABAg,UgxG08XTH5oKoNXZLMZ4AaABAg,UCJnlqat5vcPuV6GiDugaBnA,"Fetched 05/23/2026, 9:00:03 PM GMT+8"
35932,@joymaylee-e9o,2 weeks ago,Mabuhay ang Distrito ng Benguet!!!!...mula po sa Lokal ng Atok Gold,https://www.youtube.com/watch?v=ROa3kbG5M0U&lc=Ugxon59XqEk8bVj0grV4AaABAg,Ugxon59XqEk8bVj0grV4AaABAg,UCVNaOxPbc9ZEHqlMp6TAgMA,"Fetched 05/23/2026, 9:00:03 PM GMT+8"
35933,@joymaylee-e9o,2 weeks ago,happy viewing to all po...mula po sa Lokal ng Atok Gold,https://www.youtube.com/watch?v=ROa3kbG5M0U&lc=UgxqEK1UB-00q9eGOox4AaABAg,UgxqEK1UB-00q9eGOox4AaABAg,UCVNaOxPbc9ZEHqlMp6TAgMA,"Fetched 05/23/2026, 9:00:03 PM GMT+8"
35934,@JeremieAcosta,2 weeks ago,Happy viewing po mula po sa lokal ng buyagan distrito ng benguet,https://www.youtube.com/watch?v=ROa3kbG5M0U&lc=Ugz2nDXqz9XbP6aaD454AaABAg,Ugz2nDXqz9XbP6aaD454AaABAg,UCadnG98qVinGybL70VZZgDA,"Fetched 05/23/2026, 9:00:03 PM GMT+8"
35935,@alferezmarjorie,2 weeks ago,LET'S GO BENGUET! FROM LOKAL NG BALATOC! 🌹,https://www.youtube.com/watch?v=ROa3kbG5M0U&lc=Ugxtlh0MWEYTOwM_zvx4AaABAg,Ugxtlh0MWEYTOwM_zvx4AaABAg,UC5fNNvYCMCDsteUajIom10g,"Fetched 05/23/2026, 9:00:03 PM GMT+8"
35936,@henrycaranto2644,2 weeks ago,"Totoong maganda simulan ang umaga sa isang magandang kanta.☺️🌅 /  / Happy Viewing po sa lahat ☺️ / Hello po sa lahat ng KADIWA at BINHI ng Benguet🎉  /  / Pagbati po mula sa Lokal Ng BAGUIO CITY,BENGUET☺️🎉🍓🍓",https://www.youtube.com/watch?v=ROa3kbG5M0U&lc=UgyBX_eC9Gysi1qTIj94AaABAg,UgyBX_eC9Gysi1qTIj94AaABAg,UCFilTOy22FklSkBIgwVPVaQ,"Fetched 05/23/2026, 9:00:03 PM GMT+8"
35937,@ZoieJamandre,2 weeks ago,👍,https://www.youtube.com/watch?v=ROa3kbG5M0U&lc=UgxX9smaC-DktCUkTiJ4AaABAg,UgxX9smaC-DktCUkTiJ4AaABAg,UCf6oi7U9HOwRZCx6-oHvz_g,"Fetched 05/23/2026, 9:00:03 PM GMT+8"
35938,@WilfredoCruz-b6j,2 weeks ago,"Happy Viewing Po... Lokal ng Buyagan, Distrito ng Benguet...",https://www.youtube.com/watch?v=ROa3kbG5M0U&lc=UgzwVNkB1hQiP0GkpnZ4AaABAg,UgzwVNkB1hQiP0GkpnZ4AaABAg,UCLhJjSpuwPB3Ta9d98CBxLQ,"Fetched 05/23/2026, 9:00:03 PM GMT+8"
35939,@MarkAnthonyAlvior-dm8pq,2 weeks ago,Happy viewing po mga kabagis Mula po dito sa aming lokal ng Greenwater distrito ng Benguet po❤,https://www.youtube.com/watch?v=ROa3kbG5M0U&lc=Ugxxc42r66LN_lkhFB14AaABAg,Ugxxc42r66LN_lkhFB14AaABAg,UC0cg01D5crTJKa0gjb0tVzg,"Fetched 05/23/2026, 9:00:03 PM GMT+8"
35940,@TRACYMAEOLOG,2 weeks ago,"Happy viewing po mula sa lokal ng Aurora Hill, Distrito ng Benguet 🥰❤️",https://www.youtube.com/watch?v=ROa3kbG5M0U&lc=UgyQ0eb-dbeGl15lqGx4AaABAg,UgyQ0eb-dbeGl15lqGx4AaABAg,UCa5n0HJHRvwrQaG6k6UOfMg,"Fetched 05/23/2026, 9:00:03 PM GMT+8"
35941,@LorieLagdao,2 weeks ago,"Good day everyone!! Happy viewing po from Lokal ng Balatoc. / Mula po sa aming mga guro, / Binabati po namin ang aming magiting na Destinado, Ka Neil Jefferson Fortin ng Maligayang Kaarawan po!",https://www.youtube.com/watch?v=ROa3kbG5M0U&lc=UgwBRWOo0fs3byYt0xh4AaABAg,UgwBRWOo0fs3byYt0xh4AaABAg,UCfiRFvIphoqGY8SQoXFpgww,"Fetched 05/23/2026, 9:00:03 PM GMT+8"
35942,@jaejean9133,2 weeks ago,Happy Viewing po from Lokal Ng Buyagan-Distrito ng Benguet!,https://www.youtube.com/watch?v=ROa3kbG5M0U&lc=Ugzv7SAU5nSesURU9SN4AaABAg,Ugzv7SAU5nSesURU9SN4AaABAg,UCqvbsJ58BYk88d70NWoAAbQ,"Fetched 05/23/2026, 9:00:03 PM GMT+8"
35943,@elaizaveniceantonio8756,2 weeks ago,happy viewing po mula po sa lokal ng Baguio City,https://www.youtube.com/watch?v=ROa3kbG5M0U&lc=UgxYN1co4B-I6pW_PpB4AaABAg,UgxYN1co4B-I6pW_PpB4AaABAg,UCWG0uMJfrHKBymnZPaLYV8w,"Fetched 05/23/2026, 9:00:03 PM GMT+8"
35944,@Riyuxiin,2 weeks ago,Goodmorning po happy viewing po mula sa Lokal ng Kias 🇮🇹Distrito ng Benguet,https://www.youtube.com/watch?v=ROa3kbG5M0U&lc=UgwxoB-LJ3onSZhj5xx4AaABAg,UgwxoB-LJ3onSZhj5xx4AaABAg,UCHG9NVrvltVYC4JHZeKe0-Q,"Fetched 05/23/2026, 9:00:03 PM GMT+8"
35945,@bernadetteligew9074,2 weeks ago,"Happy viewing brethren,🎉pagbati po mula sa kalihim Dept. (Kias-Benguet)",https://www.youtube.com/watch?v=ROa3kbG5M0U&lc=Ugx8nxR22mp1DVtoXVh4AaABAg,Ugx8nxR22mp1DVtoXVh4AaABAg,UC6vn09nux_X-v6--dq0mSGQ,"Fetched 05/23/2026, 9:00:03 PM GMT+8"
35946,@mayvehn,2 weeks ago,Magandang umaga po....Lokal ng Atok Gold,https://www.youtube.com/watch?v=ROa3kbG5M0U&lc=UgyW-j80rUJFYebPFHp4AaABAg,UgyW-j80rUJFYebPFHp4AaABAg,UCivhdJ2CQeLK8tlG7Wh2BSQ,"Fetched 05/23/2026, 9:00:03 PM GMT+8"
35947,@alferezmarjorie,2 weeks ago (edited),Pagbati po sa lahat ng mga kapatid! 🌹 Maligayang kaarawan rin sa mahal naming destinado sa Lokal Ng BALATOC Ka Neil Jefferson Fortin! 🎂 🎈💐,https://www.youtube.com/watch?v=ROa3kbG5M0U&lc=UgxdgAkSHS6zh07F4rR4AaABAg,UgxdgAkSHS6zh07F4rR4AaABAg,UC5fNNvYCMCDsteUajIom10g,"Fetched 05/23/2026, 9:00:03 PM GMT+8"
35948,@joyjasminpalangdao4169,2 weeks ago,Watching po from Irisan Locale District of Benguet,https://www.youtube.com/watch?v=ROa3kbG5M0U&lc=UgwR4UC8R1xBAFQzeN94AaABAg,UgwR4UC8R1xBAFQzeN94AaABAg,UCt8fAwy2t__tiNcSHV0sL8Q,"Fetched 05/23/2026, 9:00:03 PM GMT+8"
35949,@D3sert_R0M,2 weeks ago,Happy viewing po mula sa lokal ng Baguio Distrito ng Benguet,https://www.youtube.com/watch?v=ROa3kbG5M0U&lc=Ugygyw0cosHedF2SaHl4AaABAg,Ugygyw0cosHedF2SaHl4AaABAg,UC1k0KSnUx9XJRL33TGwj4FQ,"Fetched 05/23/2026, 9:00:03 PM GMT+8"
35950,@gerlieshanepang-an,2 weeks ago (edited),Happy Viewing po! Greetings from lokal ng Buyagan Distrito Ng Benguet ❤️,https://www.youtube.com/watch?v=ROa3kbG5M0U&lc=UgzaGWw5B44JZE5Jj8J4AaABAg,UgzaGWw5B44JZE5Jj8J4AaABAg,UCxLGX82v5Wq8FH7FxBATx-g,"Fetched 05/23/2026, 9:00:03 PM GMT+8"
35951,@JennilynLazaro-y5x6v,2 weeks ago,Magandang umaga po ☺ Happy viewing po from Lokal Atok Gold 🇮🇹 Kagawaran po ng mga Mang-aawit 🎶,https://www.youtube.com/watch?v=ROa3kbG5M0U&lc=Ugzzay49CrHDP-m7oSB4AaABAg,Ugzzay49CrHDP-m7oSB4AaABAg,UCItB-k__Z6a289WuGtIxsbw,"Fetched 05/23/2026, 9:00:03 PM GMT+8"
35952,@aireencosme,2 weeks ago,"Good morning po mga kabagis, Happy viewing😊 fr.San Luis-Maulberry GWS",https://www.youtube.com/watch?v=ROa3kbG5M0U&lc=Ugwq8xJgyA5FNN59Sb14AaABAg,Ugwq8xJgyA5FNN59Sb14AaABAg,UCFUdib0cwYATwdimy3LceeQ,"Fetched 05/23/2026, 9:00:03 PM GMT+8"
35953,@JhadeVecino,2 weeks ago,Gudmorning Po. Happy viewing Mula sa LOKAL NG ATOK GOLD ❤❤❤,https://www.youtube.com/watch?v=ROa3kbG5M0U&lc=Ugx5PoWno_zFYhM7c5N4AaABAg,Ugx5PoWno_zFYhM7c5N4AaABAg,UC6G7aKYeoTFEdZdzsafEppQ,"Fetched 05/23/2026, 9:00:03 PM GMT+8"
35954,@kimberlysarmiento1034,2 weeks ago,"Good morning po and best regards to all brethren from Tuba, Benguet",https://www.youtube.com/watch?v=ROa3kbG5M0U&lc=UgxNdvWbFM6VIpveyvt4AaABAg,UgxNdvWbFM6VIpveyvt4AaABAg,UCds_RyKfMX7Xzg4PQRhf9NQ,"Fetched 05/23/2026, 9:00:03 PM GMT+8"
35955,@gemmaterrado506,2 weeks ago,"Happy viewing Po Mula Po sa lokal Ng Binanga, Distrito Ng Benguet",https://www.youtube.com/watch?v=ROa3kbG5M0U&lc=UgysVrxAYRzjKyhKRfx4AaABAg,UgysVrxAYRzjKyhKRfx4AaABAg,UCR_Kg9zuuHqpIGCcTe2_e5Q,"Fetched 05/23/2026, 9:00:03 PM GMT+8"
35956,@almazanrhyndylyn,2 weeks ago (edited),Happy Rewatching po. Pagbati po sa mga kasamang may tungkulin po ng Kadiwa sa Distrito ng Benguet ❤❤,https://www.youtube.com/watch?v=ROa3kbG5M0U&lc=UgzC60QHW0SFj9-OSiJ4AaABAg,UgzC60QHW0SFj9-OSiJ4AaABAg,UCEoQCNgytnJxjJnAQLSzFeA,"Fetched 05/23/2026, 9:00:03 PM GMT+8"
35957,@MitzieyaahBarrato,2 weeks ago,"Happy viewing mula sa Lokal ng Baguio City! 🌟 Binabati ko po ang mga sumusunod na mga kapatid: Ka Annedrea Louize Diaz Cacanindin, Ka Alexa Garcia Canta, Ka Bea Cassandra Alcantara Sanglay, Ka Alena Carisse Abaja Austria, Ka Allen Andrie Belen Angeles, Ka Crystal Baltazar Guinto, Ka Divine Grace Lim Viernes, Ka Jonner Jazz Sagantiyoc Guilod, Ka Karla Jerah Opulento, Ka Jake Bad-ey, Ka Methoselah Sotto Barrato, at Ka Elaiza Venice Carreon Antonio  / ~ Let’s go Benguet 🍓😇🤍",https://www.youtube.com/watch?v=ROa3kbG5M0U&lc=UgzE6NbIcbbNVsma4AV4AaABAg,UgzE6NbIcbbNVsma4AV4AaABAg,UCh70oh5BbvseOBOn9SbJ2HA,"Fetched 05/23/2026, 9:00:03 PM GMT+8"
35958,@MitzieyaahBarrato,2 weeks ago,"Happy viewing mula sa Lokal ng Baguio City! 🌟 Binabati ko po ang mga sumusunod na mga kapatid: Ka Annedrea Louize Diaz Cacanindin, Ka Alexa Garcia Canta, Ka Bea Cassandra Alcantara Sanglay, Ka Alena Carisse Abaja Austria, Ka Allen Andrie Belen Angeles, Ka Crystal Baltazar Guinto, Ka Divine Grace Lim Viernes, Ka Jonner Jazz Sagantiyoc Guilod, Ka Karla Jerah Opulento, Ka Jake Bad-ey, Ka Methoselah Sotto Barrato, at Ka Elaiza Venice Carreon Antonio  / ~ Let’s go Benguet 🍓😇🤍",https://www.youtube.com/watch?v=ROa3kbG5M0U&lc=UgyyuemDbprjRxfAbSJ4AaABAg,UgyyuemDbprjRxfAbSJ4AaABAg,UCh70oh5BbvseOBOn9SbJ2HA,"Fetched 05/23/2026, 9:00:03 PM GMT+8"
35959,@MitzieyaahBarrato,2 weeks ago,💖💖💖,https://www.youtube.com/watch?v=ROa3kbG5M0U&lc=Ugy7NF--dMDBCn8rurd4AaABAg,Ugy7NF--dMDBCn8rurd4AaABAg,UCh70oh5BbvseOBOn9SbJ2HA,"Fetched 05/23/2026, 9:00:03 PM GMT+8"
35960,@salvadorrulloda9166,2 weeks ago,Good morning po sa lahat from Irisan  Benguet,https://www.youtube.com/watch?v=ROa3kbG5M0U&lc=UgzAInuNjJEGLKelgq54AaABAg,UgzAInuNjJEGLKelgq54AaABAg,UCgr7s1OvN83mWZNMl4c3jtg,"Fetched 05/23/2026, 9:00:03 PM GMT+8"
35961,@kristine4717,2 weeks ago (edited),"Such a brilliant production and a wonderful entry! I especially loved the lyric, ""God's love is greater than the ocean and brighter than the stars."" It is a beautiful way to explain that no matter how vast our problems feel, His love is even larger and can guide us through the dark. /  / The production quality is top-notch. The vocals are incredibly soulful and carry the message of the song perfectly, while the choreography is so well-coordinated with the rhythm. Truly a polished performance that captures a real sense of awe. /  / Happy viewing from Lokal ng Megaroyale Village, Distrito ng Benguet! :face-red-heart-shape::face-red-heart-shape::face-red-heart-shape:",https://www.youtube.com/watch?v=ROa3kbG5M0U&lc=UgwD25HbYeWAsELmgB14AaABAg,UgwD25HbYeWAsELmgB14AaABAg,UC3iiMgyZRl-v41Mzegf98yw,"Fetched 05/23/2026, 9:00:03 PM GMT+8"
35962,@EdisonPatiag,2 weeks ago,"Happy viewing po mula sa Lokal Ng Aurora Hill, Distrito Ng Benguet!!!",https://www.youtube.com/watch?v=ROa3kbG5M0U&lc=UgxO1rEe8fWHDIjY1-d4AaABAg,UgxO1rEe8fWHDIjY1-d4AaABAg,UCLRsUZyhUBBlUMcm-nH0u2A,"Fetched 05/23/2026, 9:00:03 PM GMT+8"
35963,@renatoaustria8843,2 weeks ago,"Happy viewing po!  /  / Mula po sa lokal ng Baguio City, Distrito ng Benguet!!",https://www.youtube.com/watch?v=ROa3kbG5M0U&lc=UgwFjsF570spGzr3ch14AaABAg,UgwFjsF570spGzr3ch14AaABAg,UCvOSVWbT2WlhpFMQbj44Fvg,"Fetched 05/23/2026, 9:00:03 PM GMT+8"
35964,@neiljeffersonfortin7735,2 weeks ago,good morning everyone Happy Viewing! from lokal ng Balatoc,https://www.youtube.com/watch?v=ROa3kbG5M0U&lc=UgyW_DHe9cZ1mgC_roB4AaABAg,UgyW_DHe9cZ1mgC_roB4AaABAg,UCzMhyS9XhK6L7iy3bwA1bfw,"Fetched 05/23/2026, 9:00:03 PM GMT+8"
35965,@Gretchen_WentwoodCap,2 weeks ago,"Happy viewing po, from Lokal ng La trinidad! 😊",https://www.youtube.com/watch?v=ROa3kbG5M0U&lc=UgzwtOc9qHmWZN6EaYR4AaABAg,UgzwtOc9qHmWZN6EaYR4AaABAg,UCC3jZT7acRTZ-8BcKS4evUg,"Fetched 05/23/2026, 9:00:03 PM GMT+8"
35966,@elle.1914,2 weeks ago,"Let's go, BENGUET! 🍓 /  / Greetings po from Lokal ng Gibraltar!",https://www.youtube.com/watch?v=ROa3kbG5M0U&lc=Ugx7rJrQcJi_wd7ciJZ4AaABAg,Ugx7rJrQcJi_wd7ciJZ4AaABAg,UCTpq1TVl2hklh10PE8QqVhw,"Fetched 05/23/2026, 9:00:03 PM GMT+8"
35967,@divinagraciadaniwis4276,2 weeks ago,Lokal ng Ambiong po / Happy watching po,https://www.youtube.com/watch?v=ROa3kbG5M0U&lc=UgxF2AmwOe7E5Acx2dx4AaABAg,UgxF2AmwOe7E5Acx2dx4AaABAg,UCzta0FIJPJZHc8ILhVhRsrw,"Fetched 05/23/2026, 9:00:03 PM GMT+8"
35968,@levimabutas6628,2 weeks ago,Goodmorning po sa lahat mula po dito sa lokal ng Baguio City,https://www.youtube.com/watch?v=ROa3kbG5M0U&lc=UgzSa9VYbR9MF_D5xb14AaABAg,UgzSa9VYbR9MF_D5xb14AaABAg,UC5QGmbYttC7jRxZsWK-3kew,"Fetched 05/23/2026, 9:00:03 PM GMT+8"
35969,@divinagraciadaniwis4276,2 weeks ago,Happy viewing mga kapatid mula po sa lokal ng Ambiong Distrito ng Benguet 🎉❤❤❤,https://www.youtube.com/watch?v=ROa3kbG5M0U&lc=Ugwcjgd8DCMXfBTBnp54AaABAg,Ugwcjgd8DCMXfBTBnp54AaABAg,UCzta0FIJPJZHc8ILhVhRsrw,"Fetched 05/23/2026, 9:00:03 PM GMT+8"
35970,@BlueMozie1,2 weeks ago,Happy viewing po from local ng tuba..❤,https://www.youtube.com/watch?v=ROa3kbG5M0U&lc=UgydLRVBhO6-7jmZSqd4AaABAg,UgydLRVBhO6-7jmZSqd4AaABAg,UC7EIlWYKET6hNcETkFQ3ZIw,"Fetched 05/23/2026, 9:00:03 PM GMT+8"
35971,@divinagraciadaniwis4276,2 weeks ago,"Happy watching po mga kapatid.. / Lokal ng Ambiong, Distrito ng Benguet 💚🤍❤️",https://www.youtube.com/watch?v=ROa3kbG5M0U&lc=Ugz3MmmyvSLMIEscNrp4AaABAg,Ugz3MmmyvSLMIEscNrp4AaABAg,UCzta0FIJPJZHc8ILhVhRsrw,"Fetched 05/23/2026, 9:00:03 PM GMT+8"
35972,@aracelieplanas683,2 weeks ago,Good morning watching from local of camp 6😌,https://www.youtube.com/watch?v=ROa3kbG5M0U&lc=Ugy8DKHdy--X_BNDg6V4AaABAg,Ugy8DKHdy--X_BNDg6V4AaABAg,UChfVXzXyDPdGAcvlFrO6Cpg,"Fetched 05/23/2026, 9:00:03 PM GMT+8"
35973,@BlueMozie1,2 weeks ago,Happy viewing from local ng tuba po. ❤,https://www.youtube.com/watch?v=ROa3kbG5M0U&lc=UgzUoS1dG-G_my744ad4AaABAg,UgzUoS1dG-G_my744ad4AaABAg,UC7EIlWYKET6hNcETkFQ3ZIw,"Fetched 05/23/2026, 9:00:03 PM GMT+8"
35974,@joneliaantonio8670,2 weeks ago,"Magandang umaga po mga Kapatid,watching from Lokal Ng Camp 6,Distrito Ng Benguet",https://www.youtube.com/watch?v=ROa3kbG5M0U&lc=UgyzhYmS_KM7r8LdJ654AaABAg,UgyzhYmS_KM7r8LdJ654AaABAg,UCkt96BCoTKDACRD28QJgRiw,"Fetched 05/23/2026, 9:00:03 PM GMT+8"
35975,@carmichaeldaligan4338,2 weeks ago,Goodmorning po make it a morning hobby to watch our INCMV entry. greetings po to all mula po dito sa Loakan Airport Benguet,https://www.youtube.com/watch?v=ROa3kbG5M0U&lc=UgxIalbg2lHByoJetsJ4AaABAg,UgxIalbg2lHByoJetsJ4AaABAg,UC3beFEbw3Ob7lxJMsEas9yw,"Fetched 05/23/2026, 9:00:03 PM GMT+8"
35976,@JhennilynAcosta,2 weeks ago,Goooo benguettt!!! 🎉,https://www.youtube.com/watch?v=ROa3kbG5M0U&lc=UgwJ4Aju6Gn9Yi60kt14AaABAg,UgwJ4Aju6Gn9Yi60kt14AaABAg,UC25864z6QHrO7IR0h2G1KeA,"Fetched 05/23/2026, 9:00:03 PM GMT+8"
35977,@GaiSabio,2 weeks ago,"Happy viewing po, from Bagiuo Benguet ❤❤❤",https://www.youtube.com/watch?v=ROa3kbG5M0U&lc=Ugx_OpAdBc74xbDGR5Z4AaABAg,Ugx_OpAdBc74xbDGR5Z4AaABAg,UCg_l21-FYq5yz3pDxlzsyjQ,"Fetched 05/23/2026, 9:00:03 PM GMT+8"
35978,@tremusic_6590,2 weeks ago,Good morning po mga kapatid mula o s lokal ng buyagan happy viewing po s lahat ng kapatid,https://www.youtube.com/watch?v=ROa3kbG5M0U&lc=UgzRlLoOPAInagv8zMh4AaABAg,UgzRlLoOPAInagv8zMh4AaABAg,UCs7zUdhdJCpuBXk99O6IMyw,"Fetched 05/23/2026, 9:00:03 PM GMT+8"
35979,@BumatayInicrisRaezelle,2 weeks ago,Happy Viewing po From locale of Baguio City,https://www.youtube.com/watch?v=ROa3kbG5M0U&lc=Ugyw5dvsn9bJsPSSu594AaABAg,Ugyw5dvsn9bJsPSSu594AaABAg,UCCs4kz93KZda0ccqmuaAKrw,"Fetched 05/23/2026, 9:00:03 PM GMT+8"
35980,@josieantonio3498,2 weeks ago,Hello Benguet....💚🤍❤️ / Mula po sa Lokal ng Camp 6...,https://www.youtube.com/watch?v=ROa3kbG5M0U&lc=Ugxjfh7ojs9GLZGhRhl4AaABAg,Ugxjfh7ojs9GLZGhRhl4AaABAg,UCoQIlgNkXOZWRq8XZrqtgXA,"Fetched 05/23/2026, 9:00:03 PM GMT+8"
35981,@GaiSabio,2 weeks ago,❤❤❤❤❤❤❤❤❤❤,https://www.youtube.com/watch?v=ROa3kbG5M0U&lc=UgwGp0MkPBm_dTj_tjR4AaABAg,UgwGp0MkPBm_dTj_tjR4AaABAg,UCg_l21-FYq5yz3pDxlzsyjQ,"Fetched 05/23/2026, 9:00:03 PM GMT+8"
35982,@luibustamante9493,2 weeks ago,Let's go Benguet 🥳🍓🍓💃🕺🎤🎵🎶🎶 /  /  / Good day po and happy viewing po sa Lahat ng Kapatid most esp to my KDO family at sa lahat ng mga Kadiwa. Have a great day ahead 🫰🤗 /  / Greetings from Lokal ng Tuba Distrito ng Benguet /  / #GodsLove,https://www.youtube.com/watch?v=ROa3kbG5M0U&lc=UgzFN7jnYRRki1PGnQt4AaABAg,UgzFN7jnYRRki1PGnQt4AaABAg,UCFAmrhDmv6rvZrQoYp-IS9w,"Fetched 05/23/2026, 9:00:03 PM GMT+8"
35983,@IssahCastillo,2 weeks ago,LSS na po kami hehe. Go Benguet! Mula po sa lokal ng Balatoc❤😊,https://www.youtube.com/watch?v=ROa3kbG5M0U&lc=UgxNGv8LTDNNQPsM0fZ4AaABAg,UgxNGv8LTDNNQPsM0fZ4AaABAg,UCqm6XNrR9MqzQyo0aaO23Tw,"Fetched 05/23/2026, 9:00:03 PM GMT+8"
35984,@cresenciasubli9375,2 weeks ago,"Good morning po mga Kapatid!,at sa lahat Ng mga kalihim sa Lokal Ng Baguio City at ibang MTs Po.Happy viewing po!!Enjoy watching Po..🥰",https://www.youtube.com/watch?v=ROa3kbG5M0U&lc=UgzrTQlm_yj7H2K4ajl4AaABAg,UgzrTQlm_yj7H2K4ajl4AaABAg,UCUkLEjLy-mTV-lKfyceXQVw,"Fetched 05/23/2026, 9:00:03 PM GMT+8"
35985,@jilliansamchao,2 weeks ago,"Happy Viewing po, mula po sa Lokal ng HILLSIDE, Distrito ng BENGUET",https://www.youtube.com/watch?v=ROa3kbG5M0U&lc=UgzyehWLQ443QLHlc_R4AaABAg,UgzyehWLQ443QLHlc_R4AaABAg,UCRnvVcjVsXveWDHJS-10OWg,"Fetched 05/23/2026, 9:00:03 PM GMT+8"
35986,@laurencejoytorres1745,2 weeks ago,"Happy viewing po, From Lokal ng Buyagan Distrito ng Benguet.",https://www.youtube.com/watch?v=ROa3kbG5M0U&lc=UgyQIfUzKayZP5iwQtV4AaABAg,UgyQIfUzKayZP5iwQtV4AaABAg,UCu8M3MbOPpmHUAGVes4Zw4w,"Fetched 05/23/2026, 9:00:03 PM GMT+8"
35987,@RafaelAlfonso-j6f,2 weeks ago,Have a great day to us❤ happy viewing 💕,https://www.youtube.com/watch?v=ROa3kbG5M0U&lc=Ugw7gbCWxuMsrvEowNl4AaABAg,Ugw7gbCWxuMsrvEowNl4AaABAg,UCwOjUQnnsPoCIkCaWlzezsA,"Fetched 05/23/2026, 9:00:03 PM GMT+8"
35988,@lynalfonso7298,2 weeks ago (edited),❤happy viewing to  everyone  po❤,https://www.youtube.com/watch?v=ROa3kbG5M0U&lc=UgxeCKAQowyrafEOMX14AaABAg,UgxeCKAQowyrafEOMX14AaABAg,UC0J5cu_OQ8mVHptw23M-T1Q,"Fetched 05/23/2026, 9:00:03 PM GMT+8"
35989,@gretchen-lbf,2 weeks ago,"happy viewing from lokal ng La trinidad, District of Benguet! 😊",https://www.youtube.com/watch?v=ROa3kbG5M0U&lc=UgyPEw3dmjWIF6hj2SJ4AaABAg,UgyPEw3dmjWIF6hj2SJ4AaABAg,UCh2-ydOzBbd8wwc-DAE6E1Q,"Fetched 05/23/2026, 9:00:03 PM GMT+8"
35990,@ezrah8637,2 weeks ago,"Binabati po namin ang isa sa pinaka masipag na kalihim sa Lokal ng Baguio City sa Distrito ng Benguet- Ka Cresencia Subli, happy watching po kabagis !❤Good morning and happy watching din po sa lahat! 😊",https://www.youtube.com/watch?v=ROa3kbG5M0U&lc=UgzNVdHXo21xQs8OFfx4AaABAg,UgzNVdHXo21xQs8OFfx4AaABAg,UCoIa8U2n-EOwrHviBH3s7mQ,"Fetched 05/23/2026, 9:00:03 PM GMT+8"
35991,@unicoomorpe6056,2 weeks ago,"Pagbati po kay ka Cresencia Subli isang masipag na kalihim mula po sa Baguio city, distrito ng benguet",https://www.youtube.com/watch?v=ROa3kbG5M0U&lc=UgwMc4sZASIja8U9Je14AaABAg,UgwMc4sZASIja8U9Je14AaABAg,UCoOWm-6nwzcuBuCj9ns-Z4w,"Fetched 05/23/2026, 9:00:03 PM GMT+8"
35992,@romercosme7671,2 weeks ago,happy viewing po from lokal ng San Luis - Maulberry gws,https://www.youtube.com/watch?v=ROa3kbG5M0U&lc=Ugz7U_qxHb7_AygZUs54AaABAg,Ugz7U_qxHb7_AygZUs54AaABAg,UChymLB7jUEV9FhEjSz-El9g,"Fetched 05/23/2026, 9:00:03 PM GMT+8"
35993,@coto-onglheanaajc.3303,2 weeks ago,SHOUT OUT DIN PO SA BENGUET PRODS  / CONGRATULATIONS POOO❤🎉,https://www.youtube.com/watch?v=ROa3kbG5M0U&lc=UgxDA8HiA1xklM3FlbV4AaABAg,UgxDA8HiA1xklM3FlbV4AaABAg,UCepvdbDlLD3XhIPriTXriCw,"Fetched 05/23/2026, 9:00:03 PM GMT+8"
35994,@elenamercado703,2 weeks ago,Happy viewing at Good Morning sa mga kapatid na Taga lokal ng Baguio Benguet❤❤,https://www.youtube.com/watch?v=ROa3kbG5M0U&lc=UgzktUa--pEQL16Lsyd4AaABAg,UgzktUa--pEQL16Lsyd4AaABAg,UCNozFZrWKHQlsgIMWyFmFIA,"Fetched 05/23/2026, 9:00:03 PM GMT+8"
35995,@coto-onglheanaajc.3303,2 weeks ago,HAPPY VIEWING MULA PO SA LOKAL NG HILLSIDE ❤,https://www.youtube.com/watch?v=ROa3kbG5M0U&lc=Ugw3SEWyknXZ0bti0Dt4AaABAg,Ugw3SEWyknXZ0bti0Dt4AaABAg,UCepvdbDlLD3XhIPriTXriCw,"Fetched 05/23/2026, 9:00:03 PM GMT+8"
35996,@jennylineorden8043,2 weeks ago,Happy viewing po,https://www.youtube.com/watch?v=ROa3kbG5M0U&lc=Ugxr55Ry9gNxCawGT8x4AaABAg,Ugxr55Ry9gNxCawGT8x4AaABAg,UCICWDfpXYa5HI0Af7esoADw,"Fetched 05/23/2026, 9:00:03 PM GMT+8"
35997,@ajgarces3409,2 weeks ago,Great work and very inspiring....Lokal Ng Lourdes here Watching🎉👏😍,https://www.youtube.com/watch?v=ROa3kbG5M0U&lc=UgxnIrRDhl2NCU9ZDnd4AaABAg,UgxnIrRDhl2NCU9ZDnd4AaABAg,UCaFfqI40TOrKhcteSzRVf3Q,"Fetched 05/23/2026, 9:00:03 PM GMT+8"
35998,@jaydeesotto488,2 weeks ago,good morning po mga kapatid😊😊😊 mula po sa lokal ng Irisan Distrito ng Benguet...❤❤❤,https://www.youtube.com/watch?v=ROa3kbG5M0U&lc=UgyFNUx19YS2qlwqOdl4AaABAg,UgyFNUx19YS2qlwqOdl4AaABAg,UCjnf-CTt3LWKZVwyiWSJcmg,"Fetched 05/23/2026, 9:00:03 PM GMT+8"
35999,@winkdelarosa2397,2 weeks ago,Let's go BENGUET!! Happy viewing po mga Kapatid from lokal ng LA TRINIDAD~❤,https://www.youtube.com/watch?v=ROa3kbG5M0U&lc=Ugw9li5IPOwdhKLvZfN4AaABAg,Ugw9li5IPOwdhKLvZfN4AaABAg,UCcSUir_e5wTvoTFR6eQepyQ,"Fetched 05/23/2026, 9:00:03 PM GMT+8"
36000,@joy-d3n4u,2 weeks ago,"""God's great power, you must believe...."" / watching from Locale of Atok Gold",https://www.youtube.com/watch?v=ROa3kbG5M0U&lc=UgyDKfCC-tlHQlerp_d4AaABAg,UgyDKfCC-tlHQlerp_d4AaABAg,UCdSHn503pqXwdsqmLKce88g,"Fetched 05/23/2026, 9:00:03 PM GMT+8"