No.,Matched Lokal,Commenter Name,Comment Time,Comment Text,Comment URL,Comment ID,Channel ID,Fetched At
1,Hillside,@jhonalvincapulong3700,4 hours ago,BINABATI PO NAMIN ANG AMING TAGAPANGASIWA-KA ARDY MENDOZA AT ANG IKALAWANG TAGAPANGASIWA-KA IAN MANALATA.  / MAGING ANG AMING KSKP NG DISTRITO- KA JOHN FELIX DUNGAN. Happy Viewing po! / -Greetings from Lokal ng HILLSIDE.,https://www.youtube.com/watch?v=ROa3kbG5M0U&lc=Ugxe6xzYdb9d8K6aBCN4AaABAg,Ugxe6xzYdb9d8K6aBCN4AaABAg,UCUHhlIqTA8U_eWC_d86Hv9Q,"Fetched 05/22/2026, 7:00:03 PM GMT+8"
2,Hillside,@kylieramos7366,5 hours ago,"Napakagandang awitin ❤ /  / hello po sa lahat, listening po from Hillside, Benguet",https://www.youtube.com/watch?v=ROa3kbG5M0U&lc=Ugy_AV3f_mtqQAfSbKd4AaABAg,Ugy_AV3f_mtqQAfSbKd4AaABAg,UCqtXKG9VHeuNL2-vV3E6x7g,"Fetched 05/22/2026, 7:00:03 PM GMT+8"
3,Hillside,@niks-noks,5 hours ago,Happy lunch po sa ating lahat!  / Watching po fr Lokal Ng Hillside 💝,https://www.youtube.com/watch?v=ROa3kbG5M0U&lc=Ugy_0Dhejo5yGUlqm0B4AaABAg,Ugy_0Dhejo5yGUlqm0B4AaABAg,UCxfenboZB80Qef34I29ElXw,"Fetched 05/22/2026, 7:00:03 PM GMT+8"
4,Hillside,@jhonalvincapulong3700,5 hours ago,Binabati po namin lahat ng mga Kapatid sa LOKAL NG HILLSIDE.,https://www.youtube.com/watch?v=ROa3kbG5M0U&lc=UgxEtzS6i0whr4KJTbh4AaABAg,UgxEtzS6i0whr4KJTbh4AaABAg,UCUHhlIqTA8U_eWC_d86Hv9Q,"Fetched 05/22/2026, 7:00:03 PM GMT+8"
5,Hillside,@jhonalvincapulong3700,5 hours ago,Binabati po namin lahat ng mga Maytungkulin sa Lokal ng HILLSIDE.,https://www.youtube.com/watch?v=ROa3kbG5M0U&lc=Ugx6uKXS-8pXNOVRXF54AaABAg,Ugx6uKXS-8pXNOVRXF54AaABAg,UCUHhlIqTA8U_eWC_d86Hv9Q,"Fetched 05/22/2026, 7:00:03 PM GMT+8"
6,Hillside,@jhonalvincapulong3700,5 hours ago,GO! GO! BENGUET!  / -HILLSIDE,https://www.youtube.com/watch?v=ROa3kbG5M0U&lc=UgwRnshadNBNG0jsMfV4AaABAg,UgwRnshadNBNG0jsMfV4AaABAg,UCUHhlIqTA8U_eWC_d86Hv9Q,"Fetched 05/22/2026, 7:00:03 PM GMT+8"
7,Hillside,@jhonalvincapulong3700,5 hours ago,Maligayang Panunuod po mga Kabagis! / -HILLSIDE,https://www.youtube.com/watch?v=ROa3kbG5M0U&lc=UgxOyKKL3excPvKlKdx4AaABAg,UgxOyKKL3excPvKlKdx4AaABAg,UCUHhlIqTA8U_eWC_d86Hv9Q,"Fetched 05/22/2026, 7:00:03 PM GMT+8"
8,Hillside,@jhonalvincapulong3700,5 hours ago,Patuloy po kami makikiisa sa panunuod ng INCMV- God's Love .  / -HILLSIDE,https://www.youtube.com/watch?v=ROa3kbG5M0U&lc=UgyKClTjUx_YQfJwHk14AaABAg,UgyKClTjUx_YQfJwHk14AaABAg,UCUHhlIqTA8U_eWC_d86Hv9Q,"Fetched 05/22/2026, 7:00:03 PM GMT+8"
9,Hillside,@jhonalvincapulong3700,5 hours ago,Happy Viewing po mga Kapatid! Greetings from Lokal ng HILLSIDE.,https://www.youtube.com/watch?v=ROa3kbG5M0U&lc=Ugzu7w-NUXg9wok0JTp4AaABAg,Ugzu7w-NUXg9wok0JTp4AaABAg,UCUHhlIqTA8U_eWC_d86Hv9Q,"Fetched 05/22/2026, 7:00:03 PM GMT+8"
10,Hillside,@niks-noks,5 hours ago,Happy lunch po sa ating lahat!  / Watching fr Lokal Ng Hillside 💝,https://www.youtube.com/watch?v=ROa3kbG5M0U&lc=UgxkYpWGaWDRuLAczMx4AaABAg,UgxkYpWGaWDRuLAczMx4AaABAg,UCxfenboZB80Qef34I29ElXw,"Fetched 05/22/2026, 7:00:03 PM GMT+8"
11,Hillside,@niks-noks,5 hours ago,Happy viewing and greetings po mga Kapatid! Mula po sa Lokal Ng Hillside 💝,https://www.youtube.com/watch?v=ROa3kbG5M0U&lc=UgyRHR6tDXit9xO_alR4AaABAg,UgyRHR6tDXit9xO_alR4AaABAg,UCxfenboZB80Qef34I29ElXw,"Fetched 05/22/2026, 7:00:03 PM GMT+8"
12,Hillside,@niks-noks,5 hours ago,Happy viewing and greetings po mga Kapatid! Mula po sa Lokal Ng Hillside 💝,https://www.youtube.com/watch?v=ROa3kbG5M0U&lc=Ugw4cpbOUt-rGyXHSdV4AaABAg,Ugw4cpbOUt-rGyXHSdV4AaABAg,UCxfenboZB80Qef34I29ElXw,"Fetched 05/22/2026, 7:00:03 PM GMT+8"
13,Hillside,@LeonorSido-d5t,6 hours ago,Happy viewing po mula po sa lokal ng hillside distrito ng benguet,https://www.youtube.com/watch?v=ROa3kbG5M0U&lc=Ugy2mAF-vVPllV0NNiF4AaABAg,Ugy2mAF-vVPllV0NNiF4AaABAg,UCHNUo88kS5ByRTECZSjDvRg,"Fetched 05/22/2026, 7:00:03 PM GMT+8"
14,Hillside,@gilbees2014,6 hours ago,"Hello gudhi noon sa inyong lhat,,,lunch po tayo habang nanunuod,,,bumabati po mula sa lokal ng hillside,distrito ng benguet🙋🙋❤️❤️❤️",https://www.youtube.com/watch?v=ROa3kbG5M0U&lc=UgwXZ0XY-6vbt54R4Yt4AaABAg,UgwXZ0XY-6vbt54R4Yt4AaABAg,UCjo4AwZrofVI5k4jwfMfcdA,"Fetched 05/22/2026, 7:00:03 PM GMT+8"
15,Hillside,@Rein_Cloud21,6 hours ago,Happy Viewing po mula po sa lokal ng Hillside! Fight Fight Fight,https://www.youtube.com/watch?v=ROa3kbG5M0U&lc=UgyOkb5o-39hBKJ87SF4AaABAg,UgyOkb5o-39hBKJ87SF4AaABAg,UC5rg4j7hTkuXyqZkZdntTXQ,"Fetched 05/22/2026, 7:00:03 PM GMT+8"
16,Hillside,@LeonidesSido,6 hours ago,"Happy viewing po sa lahat mula po sa Lokal ng Hillside Distrito ng Benguet. Benguet fight, fight, fight",https://www.youtube.com/watch?v=ROa3kbG5M0U&lc=UgzYxfn_oqnGSSUbVfx4AaABAg,UgzYxfn_oqnGSSUbVfx4AaABAg,UCboTr9D0eo38S7pgk-D1D4Q,"Fetched 05/22/2026, 7:00:03 PM GMT+8"
17,Hillside,@Wilbertpaulino-nb8fm,7 hours ago (edited),LETS GOOO BENGUET 🍓🍓 / LETS GOO KADIWA❤❤ / Hillside,https://www.youtube.com/watch?v=ROa3kbG5M0U&lc=UgwwI4mT1y5Z5iboWKF4AaABAg,UgwwI4mT1y5Z5iboWKF4AaABAg,UCWBtQHrKMlD_eK3wi-wWTlQ,"Fetched 05/22/2026, 7:00:03 PM GMT+8"
18,Hillside,@miasy-RL,7 hours ago,"Let’s go Benguet !! /  / Happy Viewing po mula sa Lokal ng Hillside, Distrito ng Benguet ✨❤️",https://www.youtube.com/watch?v=ROa3kbG5M0U&lc=Ugw3kK1Yknj4SIBzkX14AaABAg,Ugw3kK1Yknj4SIBzkX14AaABAg,UCE4qpM5SGKSbx589elFLOkw,"Fetched 05/22/2026, 7:00:03 PM GMT+8"
19,Hillside,@shafftdeguzman962,7 hours ago,Let’s Go Benguet🥔🥬🥦 / Power☝️ /  / Mula sa Lokal ng Hillside🏔️,https://www.youtube.com/watch?v=ROa3kbG5M0U&lc=Ugw4uqU55W-k8SVe5uF4AaABAg,Ugw4uqU55W-k8SVe5uF4AaABAg,UCCloNO6Hsgkd-e_gsv8oBcg,"Fetched 05/22/2026, 7:00:03 PM GMT+8"
20,Hillside,@cjolivergamba1470,7 hours ago,Let’s Go Benguet! 🍓🍓 / Let’s Go KADIWA! 💙 /  / Lokal ng HILLSIDE,https://www.youtube.com/watch?v=ROa3kbG5M0U&lc=UgxvLYZdalWarGFFmHV4AaABAg,UgxvLYZdalWarGFFmHV4AaABAg,UCogRsE-mVxzSFcZpxU9QKeA,"Fetched 05/22/2026, 7:00:03 PM GMT+8"
21,Hillside,@cjolivergamba1470,7 hours ago,Let’s Go Benguet! 🍓🍓 / Let’s Go KADIWA! 💙 /  / Lokal ng HILLSIDE,https://www.youtube.com/watch?v=ROa3kbG5M0U&lc=Ugw14z4V0vPzYZYpyq94AaABAg,Ugw14z4V0vPzYZYpyq94AaABAg,UCogRsE-mVxzSFcZpxU9QKeA,"Fetched 05/22/2026, 7:00:03 PM GMT+8"
22,Hillside,@cjolivergamba1470,7 hours ago,Let’s Go Benguet! 🍓🍓 / Let’s Go KADIWA! 💙 /  / Lokal ng HILLSIDE,https://www.youtube.com/watch?v=ROa3kbG5M0U&lc=Ugxa0H9y6wIiMf2BCGx4AaABAg,Ugxa0H9y6wIiMf2BCGx4AaABAg,UCogRsE-mVxzSFcZpxU9QKeA,"Fetched 05/22/2026, 7:00:03 PM GMT+8"
23,Hillside,@cjolivergamba1470,7 hours ago,Let’s Go Benguet! 🍓🍓 / Let’s Go KADIWA! 💙 /  / Lokal ng HILLSIDE,https://www.youtube.com/watch?v=ROa3kbG5M0U&lc=UgylXPurLxv1GDUsgxV4AaABAg,UgylXPurLxv1GDUsgxV4AaABAg,UCogRsE-mVxzSFcZpxU9QKeA,"Fetched 05/22/2026, 7:00:03 PM GMT+8"
24,Hillside,@cjolivergamba1470,7 hours ago,Let’s Go Benguet! 🍓🍓 / Let’s Go KADIWA! 💙 /  / Lokal ng HILLSIDE,https://www.youtube.com/watch?v=ROa3kbG5M0U&lc=UgwQUDsVwN9biEU5OfN4AaABAg,UgwQUDsVwN9biEU5OfN4AaABAg,UCogRsE-mVxzSFcZpxU9QKeA,"Fetched 05/22/2026, 7:00:03 PM GMT+8"
25,Hillside,@cjolivergamba1470,7 hours ago,Let’s Go Benguet! 🍓🍓 / Let’s Go KADIWA! 💙 /  / Lokal ng HILLSIDE,https://www.youtube.com/watch?v=ROa3kbG5M0U&lc=UgzGkxpvm1NT9orGgiZ4AaABAg,UgzGkxpvm1NT9orGgiZ4AaABAg,UCogRsE-mVxzSFcZpxU9QKeA,"Fetched 05/22/2026, 7:00:03 PM GMT+8"
26,Hillside,@cjolivergamba1470,7 hours ago,Let’s Go Benguet! 🍓🍓 / Let’s Go KADIWA! 💙 /  / Lokal ng HILLSIDE,https://www.youtube.com/watch?v=ROa3kbG5M0U&lc=UgwsAvd1bnjpo17xrVx4AaABAg,UgwsAvd1bnjpo17xrVx4AaABAg,UCogRsE-mVxzSFcZpxU9QKeA,"Fetched 05/22/2026, 7:00:03 PM GMT+8"
27,Hillside,@cjolivergamba1470,7 hours ago,Let’s Go Benguet! 🍓🍓 / Let’s Go KADIWA! 💙 /  / Lokal ng HILLSIDE,https://www.youtube.com/watch?v=ROa3kbG5M0U&lc=Ugx9iXYFgOlirfKj39l4AaABAg,Ugx9iXYFgOlirfKj39l4AaABAg,UCogRsE-mVxzSFcZpxU9QKeA,"Fetched 05/22/2026, 7:00:03 PM GMT+8"
28,Hillside,@cjolivergamba1470,7 hours ago,Let’s Go Benguet! 🍓🍓 / Let’s Go KADIWA! 💙 /  / Lokal ng HILLSIDE,https://www.youtube.com/watch?v=ROa3kbG5M0U&lc=Ugzc9RquZkquRlfuS214AaABAg,Ugzc9RquZkquRlfuS214AaABAg,UCogRsE-mVxzSFcZpxU9QKeA,"Fetched 05/22/2026, 7:00:03 PM GMT+8"
29,Hillside,@jilliansamchao,7 hours ago,Let’s Go Benguet! 🍓🍓 / Let’s Go KADIWA! 💙 /  / Lokal ng HILLSIDE,https://www.youtube.com/watch?v=ROa3kbG5M0U&lc=UgyoUVBgWLZGTnVzl2Z4AaABAg,UgyoUVBgWLZGTnVzl2Z4AaABAg,UCRnvVcjVsXveWDHJS-10OWg,"Fetched 05/22/2026, 7:00:03 PM GMT+8"
30,Hillside,@shafftdeguzman962,7 hours ago,Let’s Go Benguet! 🍓🍓 / Let’s Go KADIWA! 💙 /  / Lokal ng HILLSIDE,https://www.youtube.com/watch?v=ROa3kbG5M0U&lc=UgyZDH7KnzTaPB3lfHJ4AaABAg,UgyZDH7KnzTaPB3lfHJ4AaABAg,UCCloNO6Hsgkd-e_gsv8oBcg,"Fetched 05/22/2026, 7:00:03 PM GMT+8"
31,Hillside,@coto-ongnesrionardc.9972,7 hours ago,Let’s Go Benguet! 🍓🍓 / Let’s Go KADIWA! 💙 /  / Lokal ng HILLSIDE,https://www.youtube.com/watch?v=ROa3kbG5M0U&lc=Ugx8Ev-APpes_Br72HV4AaABAg,Ugx8Ev-APpes_Br72HV4AaABAg,UC3mnqkvRsOe5VmjM8q7mu3A,"Fetched 05/22/2026, 7:00:03 PM GMT+8"
32,Hillside,@coto-onglheanaajc.3303,7 hours ago,Let’s Go Benguet! 🍓🍓 / Let’s Go KADIWA! 💙 /  / Lokal ng HILLSIDE,https://www.youtube.com/watch?v=ROa3kbG5M0U&lc=UgzsSf1KNxw9Xd12Ut94AaABAg,UgzsSf1KNxw9Xd12Ut94AaABAg,UCepvdbDlLD3XhIPriTXriCw,"Fetched 05/22/2026, 7:00:03 PM GMT+8"
33,Hillside,@jilliansamchao,7 hours ago,Let’s Go Benguet! 🍓🍓 / Let’s Go KADIWA! 💙 /  / Lokal ng HILLSIDE,https://www.youtube.com/watch?v=ROa3kbG5M0U&lc=UgzdWva4_EXzSSBOvKF4AaABAg,UgzdWva4_EXzSSBOvKF4AaABAg,UCRnvVcjVsXveWDHJS-10OWg,"Fetched 05/22/2026, 7:00:03 PM GMT+8"
34,Hillside,@Wilbertpaulino-nb8fm,7 hours ago,Let GOOOO!!!! BENGUET  / Let’s Go KadBin!!!!❤ / Go Hillside,https://www.youtube.com/watch?v=ROa3kbG5M0U&lc=UgylkjNSOMByJStCnyB4AaABAg,UgylkjNSOMByJStCnyB4AaABAg,UCWBtQHrKMlD_eK3wi-wWTlQ,"Fetched 05/22/2026, 7:00:03 PM GMT+8"
35,Hillside,@Wilbertpaulino-nb8fm,7 hours ago,Pinabati kopo ang poging Destinado namin ang Ka Alvin Capulong!!! / mula po sa Hillside Go KADIWA!!!,https://www.youtube.com/watch?v=ROa3kbG5M0U&lc=UgyKV5PADvUNu09q2394AaABAg,UgyKV5PADvUNu09q2394AaABAg,UCWBtQHrKMlD_eK3wi-wWTlQ,"Fetched 05/22/2026, 7:00:03 PM GMT+8"
36,Hillside,@Wilbertpaulino-nb8fm,8 hours ago,Keep watching po mga kapatid❤ Go Benguet!!! / mula po sa lokal ng Hillside!!!,https://www.youtube.com/watch?v=ROa3kbG5M0U&lc=UgzptxU4Y7z32EpJJI54AaABAg,UgzptxU4Y7z32EpJJI54AaABAg,UCWBtQHrKMlD_eK3wi-wWTlQ,"Fetched 05/22/2026, 7:00:03 PM GMT+8"
37,Hillside,@jilliansamchao,8 hours ago,Let's Go BENGUET mula po sa Lokal ng Hillside,https://www.youtube.com/watch?v=ROa3kbG5M0U&lc=UgzVqU2xpbMf6lQ60Xp4AaABAg,UgzVqU2xpbMf6lQ60Xp4AaABAg,UCRnvVcjVsXveWDHJS-10OWg,"Fetched 05/22/2026, 7:00:03 PM GMT+8"
38,Hillside,@jilliansamchao,8 hours ago,Let's Go Benguet🎉🎉 / Shoutout po sa mga KADIWA sa Lokal ng HILLSIDE,https://www.youtube.com/watch?v=ROa3kbG5M0U&lc=UgwTqYwmvpCBn7zbcW54AaABAg,UgwTqYwmvpCBn7zbcW54AaABAg,UCRnvVcjVsXveWDHJS-10OWg,"Fetched 05/22/2026, 7:00:03 PM GMT+8"
39,Hillside,@Wilbertpaulino-nb8fm,8 hours ago,GO GO GO!!! Benguet / From Hillside po!!!!❤,https://www.youtube.com/watch?v=ROa3kbG5M0U&lc=Ugw6CBfdpONFl_qQXTp4AaABAg,Ugw6CBfdpONFl_qQXTp4AaABAg,UCWBtQHrKMlD_eK3wi-wWTlQ,"Fetched 05/22/2026, 7:00:03 PM GMT+8"
40,Hillside,@Rein_Cloud21,8 hours ago,Happy Viewing po mula po sa lokal ng Hillside! Fight Fight Fight!,https://www.youtube.com/watch?v=ROa3kbG5M0U&lc=Ugz3Ec-AC-40sFK3DrR4AaABAg,Ugz3Ec-AC-40sFK3DrR4AaABAg,UC5rg4j7hTkuXyqZkZdntTXQ,"Fetched 05/22/2026, 7:00:03 PM GMT+8"
41,Hillside,@Rein_Cloud21,8 hours ago,"Mula po sa lokal ng Hillside, Happy Viewing po! Binabati po namin ang amin pong pinakapoging destinado Ka Alvin Capulong",https://www.youtube.com/watch?v=ROa3kbG5M0U&lc=Ugw7s5bBW8QWsudKNv54AaABAg,Ugw7s5bBW8QWsudKNv54AaABAg,UC5rg4j7hTkuXyqZkZdntTXQ,"Fetched 05/22/2026, 7:00:03 PM GMT+8"
42,Hillside,@Wilbertpaulino-nb8fm,8 hours ago,Happy viewing po mula po sa Lokal ng Hillside❤,https://www.youtube.com/watch?v=ROa3kbG5M0U&lc=Ugy4k3BOCc4AfgKZR8N4AaABAg,Ugy4k3BOCc4AfgKZR8N4AaABAg,UCWBtQHrKMlD_eK3wi-wWTlQ,"Fetched 05/22/2026, 7:00:03 PM GMT+8"
43,Hillside,@HrmyndCoto-ong,8 hours ago,Happy viewing po mula sa LOKAL NG HILLSIDE,https://www.youtube.com/watch?v=ROa3kbG5M0U&lc=UgwC0_yXRu-KM9AGTdp4AaABAg,UgwC0_yXRu-KM9AGTdp4AaABAg,UCbCAqWMOZcLATjTPEQjzgLg,"Fetched 05/22/2026, 7:00:03 PM GMT+8"
44,Hillside,@jilliansamchao,8 hours ago,Happy Viewing po mga Kapatid /  / Mula po sa Kapisang KADIWA / Lokal ng HILLSIDE,https://www.youtube.com/watch?v=ROa3kbG5M0U&lc=UgxLGMXMayEWPoIQfJd4AaABAg,UgxLGMXMayEWPoIQfJd4AaABAg,UCRnvVcjVsXveWDHJS-10OWg,"Fetched 05/22/2026, 7:00:03 PM GMT+8"
45,Hillside,@keilynverairang3188,10 hours ago,"Good morning po mga Kapatid! Happy viewing po from Lokal ng Hillside, BENGUET!!!",https://www.youtube.com/watch?v=ROa3kbG5M0U&lc=UgyQyemfL-1wn32QATN4AaABAg,UgyQyemfL-1wn32QATN4AaABAg,UCaKcINZU7uj6tMXX92L9dLg,"Fetched 05/22/2026, 7:00:03 PM GMT+8"
46,Hillside,@DwyaneQuieta,10 hours ago,Happy viewing Po from lokal Ng hillside po distrito Ng benget Po,https://www.youtube.com/watch?v=ROa3kbG5M0U&lc=Ugz90jKtRH8a7E2nKu54AaABAg,Ugz90jKtRH8a7E2nKu54AaABAg,UCOxwi22ars60JoUoEr7f6uA,"Fetched 05/22/2026, 7:00:03 PM GMT+8"
47,Hillside,@LeonidesSido,21 hours ago,"Happy viewing po sa lahat mula po sa Lokal ng Hillside Distrito ng Benguet. Benguet fight, fight, fight",https://www.youtube.com/watch?v=ROa3kbG5M0U&lc=Ugxm03vrGEt0sdW8tCR4AaABAg,Ugxm03vrGEt0sdW8tCR4AaABAg,UCboTr9D0eo38S7pgk-D1D4Q,"Fetched 05/22/2026, 7:00:03 PM GMT+8"
48,Hillside,@LeonidesSido,21 hours ago,Happy viewing po sa lahat mula po sa Lokal ng Hillside Distrito ng Benguet. Binabati ko po ang aming destinado kapatid na Jhon Alvin Capulong at ang amin pong mahal na Tagapangasiwa kapatid na Ardy Mendoza.,https://www.youtube.com/watch?v=ROa3kbG5M0U&lc=UgwUugFQO1Ppb9JqY7B4AaABAg,UgwUugFQO1Ppb9JqY7B4AaABAg,UCboTr9D0eo38S7pgk-D1D4Q,"Fetched 05/22/2026, 7:00:03 PM GMT+8"
49,Hillside,@LeonidesSido,21 hours ago,Happy viewing po sa lahat mula po sa Lokal ng Hillside Distrito ng Benguet. Binabati ko po ang aming mahal na Tagapangasiwa kapatid na Ardy Mendoza.,https://www.youtube.com/watch?v=ROa3kbG5M0U&lc=UgzW4iB9BvXD0EmzhTB4AaABAg,UgzW4iB9BvXD0EmzhTB4AaABAg,UCboTr9D0eo38S7pgk-D1D4Q,"Fetched 05/22/2026, 7:00:03 PM GMT+8"
50,Hillside,@LeonidesSido,21 hours ago,Happy viewing po sa lahat mula po sa Lokal ng Hillside Distrito ng Benguet. Binabati ko po ang aming destinado kapatid na Jhon Alvin Capulong.,https://www.youtube.com/watch?v=ROa3kbG5M0U&lc=Ugx0nhTxBfog3d7QAaR4AaABAg,Ugx0nhTxBfog3d7QAaR4AaABAg,UCboTr9D0eo38S7pgk-D1D4Q,"Fetched 05/22/2026, 7:00:03 PM GMT+8"
51,Hillside,@LeonidesSido,21 hours ago,Happy viewing po sa lahat mula po sa Lokal ng Hillside Distrito ng Benguet.,https://www.youtube.com/watch?v=ROa3kbG5M0U&lc=UgxeT4DDQ9Oq-KvRrqR4AaABAg,UgxeT4DDQ9Oq-KvRrqR4AaABAg,UCboTr9D0eo38S7pgk-D1D4Q,"Fetched 05/22/2026, 7:00:03 PM GMT+8"
52,Hillside,@LeonidesSido,21 hours ago,Happy viewing po sa lahat mula po sa Lokal ng Hillside Distrito ng Benguet. Binabati ko po ang aming destinado kapatid na Jhon Alvin Capulong at ang amin pong mahal na Tagapangasiwa kapatid na Ardy Mendoza.,https://www.youtube.com/watch?v=ROa3kbG5M0U&lc=UgwNZnN9CDqfimWeDnp4AaABAg,UgwNZnN9CDqfimWeDnp4AaABAg,UCboTr9D0eo38S7pgk-D1D4Q,"Fetched 05/22/2026, 7:00:03 PM GMT+8"
53,Hillside,@LeonidesSido,21 hours ago,Happy viewing po sa lahat mula po sa Lokal ng Hillside Distrito ng Benguet. Binabati ko po ang aming mahal na Tagapangasiwa kapatid na Ardy Mendoza.,https://www.youtube.com/watch?v=ROa3kbG5M0U&lc=UgzT1sjWZnXC58SPB6R4AaABAg,UgzT1sjWZnXC58SPB6R4AaABAg,UCboTr9D0eo38S7pgk-D1D4Q,"Fetched 05/22/2026, 7:00:03 PM GMT+8"
54,Hillside,@LeonidesSido,21 hours ago,Happy viewing po sa lahat mula po sa Lokal ng Hillside Distrito ng Benguet. Binabati ko po ang aming destinado kapatid na Jhon Alvin Capulong.,https://www.youtube.com/watch?v=ROa3kbG5M0U&lc=UgwbTrEFjPhD47GfGfN4AaABAg,UgwbTrEFjPhD47GfGfN4AaABAg,UCboTr9D0eo38S7pgk-D1D4Q,"Fetched 05/22/2026, 7:00:03 PM GMT+8"
55,Hillside,@LeonidesSido,21 hours ago,Happy viewing po sa lahat mula po sa Lokal ng Hillside Distrito ng Benguet.,https://www.youtube.com/watch?v=ROa3kbG5M0U&lc=Ugy38tCGvv6Bwrs_0_R4AaABAg,Ugy38tCGvv6Bwrs_0_R4AaABAg,UCboTr9D0eo38S7pgk-D1D4Q,"Fetched 05/22/2026, 7:00:03 PM GMT+8"
56,Hillside,@LeonidesSido,21 hours ago,Happy viewing po sa lahat mula po sa Lokal ng Hillside Distrito ng Benguet. Binabati ko po ang amin pong mahal na Tagapangasiwa kapatid na Ardy Mendoza.,https://www.youtube.com/watch?v=ROa3kbG5M0U&lc=UgymKKcyFet3Txd3NNt4AaABAg,UgymKKcyFet3Txd3NNt4AaABAg,UCboTr9D0eo38S7pgk-D1D4Q,"Fetched 05/22/2026, 7:00:03 PM GMT+8"
57,Hillside,@LeonidesSido,21 hours ago,Happy viewing po sa lahat mula po sa Lokal ng Hillside Distrito ng Benguet. Binabati ko po ang aming destinado kapatid na Jhon Alvin Capulong,https://www.youtube.com/watch?v=ROa3kbG5M0U&lc=UgwPfuTEPqjYwgdc2m54AaABAg,UgwPfuTEPqjYwgdc2m54AaABAg,UCboTr9D0eo38S7pgk-D1D4Q,"Fetched 05/22/2026, 7:00:03 PM GMT+8"
58,Hillside,@LeonidesSido,21 hours ago,Happy viewing po sa lahat mula po sa Lokal ng Hillside Distrito ng Benguet.,https://www.youtube.com/watch?v=ROa3kbG5M0U&lc=Ugy3lxjiSGsxl3mN2gB4AaABAg,Ugy3lxjiSGsxl3mN2gB4AaABAg,UCboTr9D0eo38S7pgk-D1D4Q,"Fetched 05/22/2026, 7:00:03 PM GMT+8"
59,Hillside,@LeonidesSido,21 hours ago,Happy viewing po sa lahat mula po sa Lokal ng Hillside Distrito ng Benguet. Binabati ko po ang aming destinado kapatid na Jhon Alvin Capulong at ang amin pong mahal na Tagapangasiwa kapatid na Ardy Mendoza.,https://www.youtube.com/watch?v=ROa3kbG5M0U&lc=UgxSkJ_nlanlP59I0HR4AaABAg,UgxSkJ_nlanlP59I0HR4AaABAg,UCboTr9D0eo38S7pgk-D1D4Q,"Fetched 05/22/2026, 7:00:03 PM GMT+8"
60,Hillside,@coto-ongnesrionardc.9972,21 hours ago,Happy viewing po mga kapatid 🎉 pagbati po mula sa lokal ng Hillside❤,https://www.youtube.com/watch?v=ROa3kbG5M0U&lc=UgxSgfnUUqiNGPtZ5Gd4AaABAg,UgxSgfnUUqiNGPtZ5Gd4AaABAg,UC3mnqkvRsOe5VmjM8q7mu3A,"Fetched 05/22/2026, 7:00:03 PM GMT+8"
61,Hillside,@HrmyndCoto-ong,21 hours ago,Happy viewing po mula sa LOKAL NG HILLSIDE,https://www.youtube.com/watch?v=ROa3kbG5M0U&lc=UgyALkBCT-hWbdSqPXF4AaABAg,UgyALkBCT-hWbdSqPXF4AaABAg,UCbCAqWMOZcLATjTPEQjzgLg,"Fetched 05/22/2026, 7:00:03 PM GMT+8"
62,Hillside,@coto-onglheanaajc.3303,22 hours ago,Happy Viewing po from Lokal ng Hillside,https://www.youtube.com/watch?v=ROa3kbG5M0U&lc=Ugyeiciqxa2OzEGoJtx4AaABAg,Ugyeiciqxa2OzEGoJtx4AaABAg,UCepvdbDlLD3XhIPriTXriCw,"Fetched 05/22/2026, 7:00:03 PM GMT+8"
63,Hillside,@MarcianaPasion,22 hours ago,Watching from local Hillside Distrito ng Benguet❤❤❤,https://www.youtube.com/watch?v=ROa3kbG5M0U&lc=Ugz2dhjLHL3SZNRRA_x4AaABAg,Ugz2dhjLHL3SZNRRA_x4AaABAg,UCjdIPJ5zBY_X-B6fqE-f_yA,"Fetched 05/22/2026, 7:00:03 PM GMT+8"
64,Hillside,@sierazurcaled8803,1 day ago,Happy viewing po mula sa lokal ng hillside distrito ng benguet,https://www.youtube.com/watch?v=ROa3kbG5M0U&lc=Ugz2y_lpzNRzN1onBUt4AaABAg,Ugz2y_lpzNRzN1onBUt4AaABAg,UCdRND2f2r1HhP_s8QJNw3Xw,"Fetched 05/22/2026, 7:00:03 PM GMT+8"
65,Hillside,@coto-onglheanaajc.3303,1 day ago,Happy Viewing po from Lokal ng Hillside,https://www.youtube.com/watch?v=ROa3kbG5M0U&lc=UgxmeBTQNhiVxepj_pR4AaABAg,UgxmeBTQNhiVxepj_pR4AaABAg,UCepvdbDlLD3XhIPriTXriCw,"Fetched 05/22/2026, 7:00:03 PM GMT+8"
66,Hillside,@coto-onglheanaajc.3303,1 day ago,Nonstop love and support from Lokal ng Hillside ❤,https://www.youtube.com/watch?v=ROa3kbG5M0U&lc=UgwzjJ8DYwFoCrjmpkN4AaABAg,UgwzjJ8DYwFoCrjmpkN4AaABAg,UCepvdbDlLD3XhIPriTXriCw,"Fetched 05/22/2026, 7:00:03 PM GMT+8"
67,Hillside,@melissavaldez25,1 day ago,"Binabati po namin ang aming Destinado, ang Kapatid na Jhon Alvin Capulong.Pagbati po mula sa Lokal ng Hillside, Distrito ng Benguet.",https://www.youtube.com/watch?v=ROa3kbG5M0U&lc=UgwGwnu8MTQJP-3dzlR4AaABAg,UgwGwnu8MTQJP-3dzlR4AaABAg,UC1eC2xOks9F80dDzFmLTQ3Q,"Fetched 05/22/2026, 7:00:03 PM GMT+8"
68,Hillside,@melissavaldez25,1 day ago,"Binabati po namin ang aming mahal na Tagapangasiwa ng Distrito, ang kapatid na Ardy Mendoza.Pagbati po mula sa Lokal ng Hillside, Distrito ng Benguet",https://www.youtube.com/watch?v=ROa3kbG5M0U&lc=UgyIKved0l9VQpMEiiF4AaABAg,UgyIKved0l9VQpMEiiF4AaABAg,UC1eC2xOks9F80dDzFmLTQ3Q,"Fetched 05/22/2026, 7:00:03 PM GMT+8"
69,Hillside,@melissavaldez25,1 day ago,"Binabati ko po ang mga kapatid sa Lokal ng Paracelis, Distrito ng Kalinga. / Pagbati po mula sa Lokal ng Hillside, Distrito ng Benguet.",https://www.youtube.com/watch?v=ROa3kbG5M0U&lc=UgyfCOU0NLfamRd3k9p4AaABAg,UgyfCOU0NLfamRd3k9p4AaABAg,UC1eC2xOks9F80dDzFmLTQ3Q,"Fetched 05/22/2026, 7:00:03 PM GMT+8"
70,Hillside,@floeyamtalao,1 day ago,"Hello po. Happy viewing po, mga Kapatid! Mula po sa Lokal ng Hillside, Distrito ng Benguet💗",https://www.youtube.com/watch?v=ROa3kbG5M0U&lc=UgxrjJ6gdm0iiWtHJ1B4AaABAg,UgxrjJ6gdm0iiWtHJ1B4AaABAg,UC1nRWdFYDqnMGqNTHJz0XHw,"Fetched 05/22/2026, 7:00:03 PM GMT+8"
71,Hillside,@melissavaldez25,1 day ago,"Happy watching po mga kapatid .Pagbati po mula sa Lokal ng Hillside, Distrito ng Benguet.",https://www.youtube.com/watch?v=ROa3kbG5M0U&lc=UgwAgtQy9eg0Vs4giuh4AaABAg,UgwAgtQy9eg0Vs4giuh4AaABAg,UC1eC2xOks9F80dDzFmLTQ3Q,"Fetched 05/22/2026, 7:00:03 PM GMT+8"
72,Hillside,@floeyamtalao,1 day ago,"Hello po. Happy viewing po, mga Kapatid! Mula po sa Lokal ng Hillside, Distrito ng Benguet💗",https://www.youtube.com/watch?v=ROa3kbG5M0U&lc=Ugz2GGapQZbxQlno0Qp4AaABAg,Ugz2GGapQZbxQlno0Qp4AaABAg,UC1nRWdFYDqnMGqNTHJz0XHw,"Fetched 05/22/2026, 7:00:03 PM GMT+8"
73,Hillside,@floeyamtalao,1 day ago,"Hello po. Happy viewing po, mga Kapatid! Mula po sa Lokal ng Hillside, Distrito ng Benguet💗",https://www.youtube.com/watch?v=ROa3kbG5M0U&lc=Ugy8JUe-Hrolo6RgkwR4AaABAg,Ugy8JUe-Hrolo6RgkwR4AaABAg,UC1nRWdFYDqnMGqNTHJz0XHw,"Fetched 05/22/2026, 7:00:03 PM GMT+8"
74,Hillside,@floeyamtalao,1 day ago,"Hello po. Happy viewing po, mga Kapatid! Mula po sa Lokal ng Hillside, Distrito ng Benguet💗",https://www.youtube.com/watch?v=ROa3kbG5M0U&lc=UgxcDJB8UZITaw_rZA54AaABAg,UgxcDJB8UZITaw_rZA54AaABAg,UC1nRWdFYDqnMGqNTHJz0XHw,"Fetched 05/22/2026, 7:00:03 PM GMT+8"
75,Hillside,@melissavaldez25,1 day ago,"Happy watching po mga kapatid.Pagbati po mula sa Lokal ng Hillside, Distrito ng Benguet.",https://www.youtube.com/watch?v=ROa3kbG5M0U&lc=Ugwm3LrNYZUNBGU5s1J4AaABAg,Ugwm3LrNYZUNBGU5s1J4AaABAg,UC1eC2xOks9F80dDzFmLTQ3Q,"Fetched 05/22/2026, 7:00:03 PM GMT+8"
76,Hillside,@floeyamtalao,1 day ago,"Hello po. Happy viewing po, mga Kapatid! Mula po sa Lokal ng Hillside, Distrito ng Benguet💗",https://www.youtube.com/watch?v=ROa3kbG5M0U&lc=UgxMPzg4oh6HdLwAl6x4AaABAg,UgxMPzg4oh6HdLwAl6x4AaABAg,UC1nRWdFYDqnMGqNTHJz0XHw,"Fetched 05/22/2026, 7:00:03 PM GMT+8"
77,Hillside,@floeyamtalao,1 day ago,"Happy viewing po, mga Kapatid! Mula po sa Lokal ng Hillside, Distrito ng Benguet💗",https://www.youtube.com/watch?v=ROa3kbG5M0U&lc=Ugy9oYB_D-_MZTUX-6J4AaABAg,Ugy9oYB_D-_MZTUX-6J4AaABAg,UC1nRWdFYDqnMGqNTHJz0XHw,"Fetched 05/22/2026, 7:00:03 PM GMT+8"
78,Hillside,@floeyamtalao,1 day ago,"Happy viewing po, mga Kapatid! Mula po sa Lokal ng Hillside, Distrito ng Benguet💗",https://www.youtube.com/watch?v=ROa3kbG5M0U&lc=UgyBXWC74m61zsqyNTB4AaABAg,UgyBXWC74m61zsqyNTB4AaABAg,UC1nRWdFYDqnMGqNTHJz0XHw,"Fetched 05/22/2026, 7:00:03 PM GMT+8"
79,Hillside,@floeyamtalao,1 day ago,"Happy viewing po, mga Kapatid! Mula po sa Lokal ng Hillside, Distrito ng Benguet💗",https://www.youtube.com/watch?v=ROa3kbG5M0U&lc=UgwAyn1ZreWVqAkMaB94AaABAg,UgwAyn1ZreWVqAkMaB94AaABAg,UC1nRWdFYDqnMGqNTHJz0XHw,"Fetched 05/22/2026, 7:00:03 PM GMT+8"
80,Hillside,@floeyamtalao,1 day ago,"Happy viewing po, mga Kapatid! Mula po sa Lokal ng Hillside, Distrito ng Benguet💗",https://www.youtube.com/watch?v=ROa3kbG5M0U&lc=UgyP69zawHHt629dnuV4AaABAg,UgyP69zawHHt629dnuV4AaABAg,UC1nRWdFYDqnMGqNTHJz0XHw,"Fetched 05/22/2026, 7:00:03 PM GMT+8"
81,Hillside,@floeyamtalao,1 day ago,"Happy viewing po, mga Kapatid! Mula po sa Lokal ng Hillside, Distrito ng Benguet💗",https://www.youtube.com/watch?v=ROa3kbG5M0U&lc=Ugxe0QJiOdYIGMOpfpR4AaABAg,Ugxe0QJiOdYIGMOpfpR4AaABAg,UC1nRWdFYDqnMGqNTHJz0XHw,"Fetched 05/22/2026, 7:00:03 PM GMT+8"
82,Hillside,@floeyamtalao,1 day ago,"Happy viewing po, mga Kapatid! Mula po sa Lokal ng Hillside, Distrito ng Benguet💗",https://www.youtube.com/watch?v=ROa3kbG5M0U&lc=UgzdtefSdz49je6S2oB4AaABAg,UgzdtefSdz49je6S2oB4AaABAg,UC1nRWdFYDqnMGqNTHJz0XHw,"Fetched 05/22/2026, 7:00:03 PM GMT+8"
83,Hillside,@floeyamtalao,1 day ago,"Happy viewing po, mga Kapatid! Mula po sa Lokal ng Hillside, Distrito ng Benguet💗",https://www.youtube.com/watch?v=ROa3kbG5M0U&lc=UgwMQq1S1hVyTtFZbmZ4AaABAg,UgwMQq1S1hVyTtFZbmZ4AaABAg,UC1nRWdFYDqnMGqNTHJz0XHw,"Fetched 05/22/2026, 7:00:03 PM GMT+8"
84,Hillside,@floeyamtalao,1 day ago,Happy viewing po mga kapatid! Mula po sa Lokal ng Hillside Distrito ng Benguet🇮🇹💗,https://www.youtube.com/watch?v=ROa3kbG5M0U&lc=UgxzEsZmET42ngniI2F4AaABAg,UgxzEsZmET42ngniI2F4AaABAg,UC1nRWdFYDqnMGqNTHJz0XHw,"Fetched 05/22/2026, 7:00:03 PM GMT+8"
85,Hillside,@floeyamtalao,1 day ago,Happy viewing po mga kapatid! Mula po sa Lokal ng Hillside Distrito ng Benguet🇮🇹💗,https://www.youtube.com/watch?v=ROa3kbG5M0U&lc=UgwbSeNW-WDIzxRz9zd4AaABAg,UgwbSeNW-WDIzxRz9zd4AaABAg,UC1nRWdFYDqnMGqNTHJz0XHw,"Fetched 05/22/2026, 7:00:03 PM GMT+8"
86,Hillside,@floeyamtalao,1 day ago,Happy viewing po mga kapatid! Mula po sa Lokal ng Hillside Distrito ng Benguet🇮🇹💗,https://www.youtube.com/watch?v=ROa3kbG5M0U&lc=UgytF3ST2arMbef2hQ14AaABAg,UgytF3ST2arMbef2hQ14AaABAg,UC1nRWdFYDqnMGqNTHJz0XHw,"Fetched 05/22/2026, 7:00:03 PM GMT+8"
87,Hillside,@floeyamtalao,1 day ago,Happy viewing po mga kapatid! Mula po sa Lokal ng Hillside Distrito ng Benguet🇮🇹💗,https://www.youtube.com/watch?v=ROa3kbG5M0U&lc=Ugw2p8cTd9sti1f1YgN4AaABAg,Ugw2p8cTd9sti1f1YgN4AaABAg,UC1nRWdFYDqnMGqNTHJz0XHw,"Fetched 05/22/2026, 7:00:03 PM GMT+8"
88,Hillside,@floeyamtalao,1 day ago,Happy viewing po mga kapatid! Mula po sa Lokal ng Hillside Distrito ng Benguet🇮🇹💗,https://www.youtube.com/watch?v=ROa3kbG5M0U&lc=UgzihWMnKYXhn2lsyut4AaABAg,UgzihWMnKYXhn2lsyut4AaABAg,UC1nRWdFYDqnMGqNTHJz0XHw,"Fetched 05/22/2026, 7:00:03 PM GMT+8"
89,Hillside,@floeyamtalao,1 day ago,Happy viewing po mga kapatid! Mula po sa Lokal ng Hillside Distrito ng Benguet🇮🇹💗,https://www.youtube.com/watch?v=ROa3kbG5M0U&lc=UgzPOYycLRLtQxljupt4AaABAg,UgzPOYycLRLtQxljupt4AaABAg,UC1nRWdFYDqnMGqNTHJz0XHw,"Fetched 05/22/2026, 7:00:03 PM GMT+8"
90,Hillside,@jilliansamchao,1 day ago,Let's Go BENGUET mula po sa Lokal ng HILLSIDE,https://www.youtube.com/watch?v=ROa3kbG5M0U&lc=UgypN8wv821ITgOczKp4AaABAg,UgypN8wv821ITgOczKp4AaABAg,UCRnvVcjVsXveWDHJS-10OWg,"Fetched 05/22/2026, 7:00:03 PM GMT+8"
91,Hillside,@RuthLubin-u4o,2 days ago,"Gandang gabi! Happy viewing Mula sa lokal ng Hillside, Benguet",https://www.youtube.com/watch?v=ROa3kbG5M0U&lc=UgwIP_txu-kNUrqrnsp4AaABAg,UgwIP_txu-kNUrqrnsp4AaABAg,UC_uf6eNpjGA4ra2-XeZeq7Q,"Fetched 05/22/2026, 7:00:03 PM GMT+8"
92,Hillside,@HrmyndCoto-ong,2 days ago,Happy viewing po mula sa LOKAL NG HILLSIDE,https://www.youtube.com/watch?v=ROa3kbG5M0U&lc=UgyMToxYU0rZX25uKGl4AaABAg,UgyMToxYU0rZX25uKGl4AaABAg,UCbCAqWMOZcLATjTPEQjzgLg,"Fetched 05/22/2026, 7:00:03 PM GMT+8"
93,Hillside,@coto-onglheanaajc.3303,2 days ago,Happy Viewing po from Lokal ng Hillside ❤,https://www.youtube.com/watch?v=ROa3kbG5M0U&lc=UgxhDMb0hP2r5BVtxMZ4AaABAg,UgxhDMb0hP2r5BVtxMZ4AaABAg,UCepvdbDlLD3XhIPriTXriCw,"Fetched 05/22/2026, 7:00:03 PM GMT+8"
94,Hillside,@coto-onglheanaajc.3303,2 days ago,Nonstop love and support from Lokal ng Hillside ❤,https://www.youtube.com/watch?v=ROa3kbG5M0U&lc=UgzetOsHy2zFytmnASN4AaABAg,UgzetOsHy2zFytmnASN4AaABAg,UCepvdbDlLD3XhIPriTXriCw,"Fetched 05/22/2026, 7:00:03 PM GMT+8"
95,Hillside,@krishamaeforteza3076,2 days ago,"Happy viewing po mga kapatid! mula po sa Lokal ng Hillside, Distrito ng Benguet!",https://www.youtube.com/watch?v=ROa3kbG5M0U&lc=Ugzb4toghZpriQ4A_WF4AaABAg,Ugzb4toghZpriQ4A_WF4AaABAg,UCkuSQ0_Ec77rx_qcK_O7wyw,"Fetched 05/22/2026, 7:00:03 PM GMT+8"
96,Hillside,@jhonalvincapulong3700,2 days ago,Tuloy tuloy lang po ang Panunuod mga Kapatid! / -HILLSIDE,https://www.youtube.com/watch?v=ROa3kbG5M0U&lc=UgzNjWqKUgWD4RGye5h4AaABAg,UgzNjWqKUgWD4RGye5h4AaABAg,UCUHhlIqTA8U_eWC_d86Hv9Q,"Fetched 05/22/2026, 7:00:03 PM GMT+8"
97,Hillside,@elma.deguzman2749,2 days ago,"Happy viewing  po, mula po sa Lokal Ng Hillside, Distrito Ng Benguet",https://www.youtube.com/watch?v=ROa3kbG5M0U&lc=UgzyjfupnffrOUfnKTJ4AaABAg,UgzyjfupnffrOUfnKTJ4AaABAg,UC3uLYcTZbv9EbGbBy95fRRg,"Fetched 05/22/2026, 7:00:03 PM GMT+8"
98,Hillside,@DwyaneQuieta,2 days ago,Happy viewing Po from lokal Ng hillside po 😊,https://www.youtube.com/watch?v=ROa3kbG5M0U&lc=UgwkleO7PpN5DowZ5K94AaABAg,UgwkleO7PpN5DowZ5K94AaABAg,UCOxwi22ars60JoUoEr7f6uA,"Fetched 05/22/2026, 7:00:03 PM GMT+8"
99,Hillside,@joanbautista7658,2 days ago,Happy viewing from lokal ng hillside,https://www.youtube.com/watch?v=ROa3kbG5M0U&lc=UgweBndiQTbgJvU3xLN4AaABAg,UgweBndiQTbgJvU3xLN4AaABAg,UCgxPc4tiyQb-gy_cGAY4Aag,"Fetched 05/22/2026, 7:00:03 PM GMT+8"
100,Hillside,@joanbautista7658,2 days ago,Happy viewing from lokal ng hillside distrito ng benguet,https://www.youtube.com/watch?v=ROa3kbG5M0U&lc=UgwNbF8qDVUqD3ajBeR4AaABAg,UgwNbF8qDVUqD3ajBeR4AaABAg,UCgxPc4tiyQb-gy_cGAY4Aag,"Fetched 05/22/2026, 7:00:03 PM GMT+8"
101,Hillside,@joanbautista7658,2 days ago,Happy viewing po from lokal ng hillside diatrito ng benguet,https://www.youtube.com/watch?v=ROa3kbG5M0U&lc=UgxRV0vYjTNrlVK7QGd4AaABAg,UgxRV0vYjTNrlVK7QGd4AaABAg,UCgxPc4tiyQb-gy_cGAY4Aag,"Fetched 05/22/2026, 7:00:03 PM GMT+8"
102,Hillside,@DwyaneQuieta,2 days ago,Happy viewing Po Lokal Ng Hillside Po,https://www.youtube.com/watch?v=ROa3kbG5M0U&lc=UgzJ9iUjXfi8IKNg5T14AaABAg,UgzJ9iUjXfi8IKNg5T14AaABAg,UCOxwi22ars60JoUoEr7f6uA,"Fetched 05/22/2026, 7:00:03 PM GMT+8"
103,Hillside,@jhonalvincapulong3700,2 days ago,WE ARE ONE WITH EVM.  / -Hillside,https://www.youtube.com/watch?v=ROa3kbG5M0U&lc=Ugy5c0y-Pq60IADBXuh4AaABAg,Ugy5c0y-Pq60IADBXuh4AaABAg,UCUHhlIqTA8U_eWC_d86Hv9Q,"Fetched 05/22/2026, 7:00:03 PM GMT+8"
104,Hillside,@jhonalvincapulong3700,2 days ago,BINABATI PO NAMIN ANG AMING TAGAPANGASIWA-KA ARDY MENDOZA AT ANG IKALAWANG TAGAPANGASIWA-KA IAN MANALATA.  / MAGING ANG AMING KSKP NG DISTRITO- KA JOHN FELIX DUNGAN. Happy Viewing po! / -Greetings from Lokal ng HILLSIDE.,https://www.youtube.com/watch?v=ROa3kbG5M0U&lc=UgxHYro-DXchVJiUC7J4AaABAg,UgxHYro-DXchVJiUC7J4AaABAg,UCUHhlIqTA8U_eWC_d86Hv9Q,"Fetched 05/22/2026, 7:00:03 PM GMT+8"
105,Hillside,@jhonalvincapulong3700,2 days ago,Patuloy po kami makikiisa sa panunuod ng INCMV- God's Love .  / -HILLSIDE,https://www.youtube.com/watch?v=ROa3kbG5M0U&lc=UgztMHRLUiPeL3o-b3x4AaABAg,UgztMHRLUiPeL3o-b3x4AaABAg,UCUHhlIqTA8U_eWC_d86Hv9Q,"Fetched 05/22/2026, 7:00:03 PM GMT+8"
106,Hillside,@jhonalvincapulong3700,2 days ago,Happy Viewing po mga Kapatid! Greetings from Lokal ng HILLSIDE.,https://www.youtube.com/watch?v=ROa3kbG5M0U&lc=UgzeMLt6LecZeREgVCx4AaABAg,UgzeMLt6LecZeREgVCx4AaABAg,UCUHhlIqTA8U_eWC_d86Hv9Q,"Fetched 05/22/2026, 7:00:03 PM GMT+8"
107,Hillside,@jhonalvincapulong3700,2 days ago,WE ARE ONE WITH EVM.  / -Hillside,https://www.youtube.com/watch?v=ROa3kbG5M0U&lc=UgyOa1ljiWuJr4QtLyJ4AaABAg,UgyOa1ljiWuJr4QtLyJ4AaABAg,UCUHhlIqTA8U_eWC_d86Hv9Q,"Fetched 05/22/2026, 7:00:03 PM GMT+8"
108,Hillside,@jhonalvincapulong3700,2 days ago,BINABATI PO NAMIN ANG AMING TAGAPANGASIWA-KA ARDY MENDOZA AT ANG IKALAWANG TAGAPANGASIWA-KA IAN MANALATA.  / MAGING ANG AMING KSKP NG DISTRITO- KA JOHN FELIX DUNGAN. Happy Viewing po! / -Greetings from Lokal ng HILLSIDE.,https://www.youtube.com/watch?v=ROa3kbG5M0U&lc=UgwrZBh1uYyxQZxqqwh4AaABAg,UgwrZBh1uYyxQZxqqwh4AaABAg,UCUHhlIqTA8U_eWC_d86Hv9Q,"Fetched 05/22/2026, 7:00:03 PM GMT+8"
109,Hillside,@jhonalvincapulong3700,2 days ago,Binabati po namin lahat ng mga Maytungkulin sa Lokal ng HILLSIDE.,https://www.youtube.com/watch?v=ROa3kbG5M0U&lc=UgzEs-DYcy0tpKLynUx4AaABAg,UgzEs-DYcy0tpKLynUx4AaABAg,UCUHhlIqTA8U_eWC_d86Hv9Q,"Fetched 05/22/2026, 7:00:03 PM GMT+8"
110,Hillside,@jhonalvincapulong3700,2 days ago,Binabati po namin lahat ng mga Maytungkulin sa Lokal ng HILLSIDE.,https://www.youtube.com/watch?v=ROa3kbG5M0U&lc=Ugxo8kp0Wta-i7QgY7V4AaABAg,Ugxo8kp0Wta-i7QgY7V4AaABAg,UCUHhlIqTA8U_eWC_d86Hv9Q,"Fetched 05/22/2026, 7:00:03 PM GMT+8"
111,Hillside,@jhonalvincapulong3700,2 days ago,GO! GO! BENGUET!  / -HILLSIDE,https://www.youtube.com/watch?v=ROa3kbG5M0U&lc=UgzUr31c38cXlFOn1K54AaABAg,UgzUr31c38cXlFOn1K54AaABAg,UCUHhlIqTA8U_eWC_d86Hv9Q,"Fetched 05/22/2026, 7:00:03 PM GMT+8"
112,Hillside,@jhonalvincapulong3700,2 days ago,Maligayang Panunuod po mga Kabagis! / -HILLSIDE,https://www.youtube.com/watch?v=ROa3kbG5M0U&lc=UgyO0xr3TPzA_kFoTqh4AaABAg,UgyO0xr3TPzA_kFoTqh4AaABAg,UCUHhlIqTA8U_eWC_d86Hv9Q,"Fetched 05/22/2026, 7:00:03 PM GMT+8"
113,Hillside,@jhonalvincapulong3700,2 days ago,Patuloy po kami makikiisa sa panunuod ng INCMV- God's Love .  / -HILLSIDE,https://www.youtube.com/watch?v=ROa3kbG5M0U&lc=UgxWbtvgxgAOkjYna4N4AaABAg,UgxWbtvgxgAOkjYna4N4AaABAg,UCUHhlIqTA8U_eWC_d86Hv9Q,"Fetched 05/22/2026, 7:00:03 PM GMT+8"
114,Hillside,@jhonalvincapulong3700,2 days ago,Happy Viewing po mga Kapatid! Greetings from Lokal ng HILLSIDE.,https://www.youtube.com/watch?v=ROa3kbG5M0U&lc=UgzpCj5p7bDYt7vFQK94AaABAg,UgzpCj5p7bDYt7vFQK94AaABAg,UCUHhlIqTA8U_eWC_d86Hv9Q,"Fetched 05/22/2026, 7:00:03 PM GMT+8"
115,Hillside,@jhonalvincapulong3700,2 days ago,WE ARE ONE WITH EVM.  / -Hillside,https://www.youtube.com/watch?v=ROa3kbG5M0U&lc=UgxACJ9-hoalxqkuEHh4AaABAg,UgxACJ9-hoalxqkuEHh4AaABAg,UCUHhlIqTA8U_eWC_d86Hv9Q,"Fetched 05/22/2026, 7:00:03 PM GMT+8"
116,Hillside,@jhonalvincapulong3700,2 days ago,Binabati po namin lahat ng mga Kapatid sa LOKAL NG HILLSIDE.,https://www.youtube.com/watch?v=ROa3kbG5M0U&lc=UgyBnkB4KkBFxBuii5d4AaABAg,UgyBnkB4KkBFxBuii5d4AaABAg,UCUHhlIqTA8U_eWC_d86Hv9Q,"Fetched 05/22/2026, 7:00:03 PM GMT+8"
117,Hillside,@jhonalvincapulong3700,2 days ago,Binabati po namin lahat ng mga Kapatid sa LOKAL NG HILLSIDE.,https://www.youtube.com/watch?v=ROa3kbG5M0U&lc=Ugy-Sq5wH_mpL-c3WAl4AaABAg,Ugy-Sq5wH_mpL-c3WAl4AaABAg,UCUHhlIqTA8U_eWC_d86Hv9Q,"Fetched 05/22/2026, 7:00:03 PM GMT+8"
118,Hillside,@jhonalvincapulong3700,2 days ago,Binabati po namin lahat ng mga Maytungkulin sa Lokal ng HILLSIDE.,https://www.youtube.com/watch?v=ROa3kbG5M0U&lc=Ugx6tFAa0MhaYwWyrE54AaABAg,Ugx6tFAa0MhaYwWyrE54AaABAg,UCUHhlIqTA8U_eWC_d86Hv9Q,"Fetched 05/22/2026, 7:00:03 PM GMT+8"
119,Hillside,@jhonalvincapulong3700,2 days ago,GO! GO! BENGUET!  / -HILLSIDE,https://www.youtube.com/watch?v=ROa3kbG5M0U&lc=UgzIzaNinNzmuUGuxnh4AaABAg,UgzIzaNinNzmuUGuxnh4AaABAg,UCUHhlIqTA8U_eWC_d86Hv9Q,"Fetched 05/22/2026, 7:00:03 PM GMT+8"
120,Hillside,@jhonalvincapulong3700,2 days ago,MAaligayang Panunuod po mga Kabagis! / -HILLSIDE,https://www.youtube.com/watch?v=ROa3kbG5M0U&lc=Ugx_Yla-ZU9O2ecvH7Z4AaABAg,Ugx_Yla-ZU9O2ecvH7Z4AaABAg,UCUHhlIqTA8U_eWC_d86Hv9Q,"Fetched 05/22/2026, 7:00:03 PM GMT+8"
121,Hillside,@jhonalvincapulong3700,2 days ago,Patuloy po kami makikiisa sa panunuod ng INCMV- God's Love .  / -HILLSIDE,https://www.youtube.com/watch?v=ROa3kbG5M0U&lc=UgwCzhsLGZi_XbeouPh4AaABAg,UgwCzhsLGZi_XbeouPh4AaABAg,UCUHhlIqTA8U_eWC_d86Hv9Q,"Fetched 05/22/2026, 7:00:03 PM GMT+8"
122,Hillside,@jhonalvincapulong3700,2 days ago,Happy Viewing po mga Kapatid! Greetings from Lokal ng HILLSIDE.,https://www.youtube.com/watch?v=ROa3kbG5M0U&lc=UgzF4cJTsxJDVldRlxV4AaABAg,UgzF4cJTsxJDVldRlxV4AaABAg,UCUHhlIqTA8U_eWC_d86Hv9Q,"Fetched 05/22/2026, 7:00:03 PM GMT+8"
123,Hillside,@jhonalvincapulong3700,2 days ago,BINABATI PO NAMIN ANG AMING TAGAPANGASIWA-KA ARDY MENDOZA AT ANG IKALAWANG TAGAPANGASIWA-KA IAN MANALATA.  / MAGING ANG AMING KSKP NG DISTRITO- KA JOHN FELIX DUNGAN. Happy Viewing po! / -Greetings from Lokal ng HILLSIDE.,https://www.youtube.com/watch?v=ROa3kbG5M0U&lc=Ugz4siQswhYOKn76hs54AaABAg,Ugz4siQswhYOKn76hs54AaABAg,UCUHhlIqTA8U_eWC_d86Hv9Q,"Fetched 05/22/2026, 7:00:03 PM GMT+8"
124,Hillside,@jhonalvincapulong3700,2 days ago,Patuloy ang pakikiisa sa panunuod ang mga Kapatid po sa LOKAL NG HILLSIDE.,https://www.youtube.com/watch?v=ROa3kbG5M0U&lc=UgwUV8kW-LMs8C8fwrF4AaABAg,UgwUV8kW-LMs8C8fwrF4AaABAg,UCUHhlIqTA8U_eWC_d86Hv9Q,"Fetched 05/22/2026, 7:00:03 PM GMT+8"
125,Hillside,@jhonalvincapulong3700,2 days ago,Happy Viewing po mga Kapatid! / Greetings from Lokal ng Hillside.,https://www.youtube.com/watch?v=ROa3kbG5M0U&lc=UgyCZj7YZykumxnzWLh4AaABAg,UgyCZj7YZykumxnzWLh4AaABAg,UCUHhlIqTA8U_eWC_d86Hv9Q,"Fetched 05/22/2026, 7:00:03 PM GMT+8"
126,Hillside,@kathleenjoyceforteza4317,2 days ago,"Mula Po Sa Lokal Ng Hillside, Happy Viewing Po!!",https://www.youtube.com/watch?v=ROa3kbG5M0U&lc=UgzKviALSXXPqaMb20Z4AaABAg,UgzKviALSXXPqaMb20Z4AaABAg,UCooOf95z85K1ceIDGOr6Q5A,"Fetched 05/22/2026, 7:00:03 PM GMT+8"
127,Hillside,@kathleenjoyceforteza4317,2 days ago,"Mula Po Sa Lokal Ng Hillside, Happy Viewing Po!!",https://www.youtube.com/watch?v=ROa3kbG5M0U&lc=UgwB7WgA8dgAMjj9QyF4AaABAg,UgwB7WgA8dgAMjj9QyF4AaABAg,UCooOf95z85K1ceIDGOr6Q5A,"Fetched 05/22/2026, 7:00:03 PM GMT+8"
128,Hillside,@kathleenjoyceforteza4317,2 days ago,"Mula Po Sa Lokal Ng Hillside, Happy Viewing Po!!",https://www.youtube.com/watch?v=ROa3kbG5M0U&lc=UgzF_ZBAOyEdAn_BGBB4AaABAg,UgzF_ZBAOyEdAn_BGBB4AaABAg,UCooOf95z85K1ceIDGOr6Q5A,"Fetched 05/22/2026, 7:00:03 PM GMT+8"
129,Hillside,@kathleenjoyceforteza4317,2 days ago,"Mula Po Sa Lokal Ng Hillside, Happy Viewing Po!!",https://www.youtube.com/watch?v=ROa3kbG5M0U&lc=UgxDLDdgCfP_3FBJ1ap4AaABAg,UgxDLDdgCfP_3FBJ1ap4AaABAg,UCooOf95z85K1ceIDGOr6Q5A,"Fetched 05/22/2026, 7:00:03 PM GMT+8"
130,Hillside,@kathleenjoyceforteza4317,2 days ago,"Mula Po Sa Lokal Ng Hillside, Happy Viewing Po!!",https://www.youtube.com/watch?v=ROa3kbG5M0U&lc=UgxQFN41eTd53KIrOnZ4AaABAg,UgxQFN41eTd53KIrOnZ4AaABAg,UCooOf95z85K1ceIDGOr6Q5A,"Fetched 05/22/2026, 7:00:03 PM GMT+8"
131,Hillside,@kathleenjoyceforteza4317,2 days ago,"Mula Po Sa Lokal Ng Hillside, Happy Viewing Po!!",https://www.youtube.com/watch?v=ROa3kbG5M0U&lc=Ugyztj4_Rfv_P7SbSrh4AaABAg,Ugyztj4_Rfv_P7SbSrh4AaABAg,UCooOf95z85K1ceIDGOr6Q5A,"Fetched 05/22/2026, 7:00:03 PM GMT+8"
132,Hillside,@kathleenjoyceforteza4317,2 days ago,"Mula Po Sa Lokal Ng Hillside, Happy Viewing Po!!",https://www.youtube.com/watch?v=ROa3kbG5M0U&lc=UgzSfLoSMZUQxgTZ9bx4AaABAg,UgzSfLoSMZUQxgTZ9bx4AaABAg,UCooOf95z85K1ceIDGOr6Q5A,"Fetched 05/22/2026, 7:00:03 PM GMT+8"
133,Hillside,@kathleenjoyceforteza4317,2 days ago,"Mula Po Sa Lokal Ng Hillside, Happy Viewing Po!!",https://www.youtube.com/watch?v=ROa3kbG5M0U&lc=UgxYOlQl3PQm4zHaaI94AaABAg,UgxYOlQl3PQm4zHaaI94AaABAg,UCooOf95z85K1ceIDGOr6Q5A,"Fetched 05/22/2026, 7:00:03 PM GMT+8"
134,Hillside,@kathleenjoyceforteza4317,2 days ago,"Mula Po Sa Lokal Ng Hillside, Happy Viewing Po!!",https://www.youtube.com/watch?v=ROa3kbG5M0U&lc=Ugw1ZbvWZuoHYf7AAmN4AaABAg,Ugw1ZbvWZuoHYf7AAmN4AaABAg,UCooOf95z85K1ceIDGOr6Q5A,"Fetched 05/22/2026, 7:00:03 PM GMT+8"
135,Hillside,@kathleenjoyceforteza4317,2 days ago,"Mula Po Sa Lokal Ng Hillside, Happy Viewing Po!!",https://www.youtube.com/watch?v=ROa3kbG5M0U&lc=Ugw4FDnAcWyl-WRAW314AaABAg,Ugw4FDnAcWyl-WRAW314AaABAg,UCooOf95z85K1ceIDGOr6Q5A,"Fetched 05/22/2026, 7:00:03 PM GMT+8"
136,Hillside,@kathleenjoyceforteza4317,2 days ago,"Mula Po Sa Lokal Ng Hillside, Happy Viewing Po!!",https://www.youtube.com/watch?v=ROa3kbG5M0U&lc=UgyxZzLbZe-19cYINbp4AaABAg,UgyxZzLbZe-19cYINbp4AaABAg,UCooOf95z85K1ceIDGOr6Q5A,"Fetched 05/22/2026, 7:00:03 PM GMT+8"
137,Hillside,@kathleenjoyceforteza4317,2 days ago,"Mula Po Sa Lokal Ng Hillside, Happy Viewing Po!!",https://www.youtube.com/watch?v=ROa3kbG5M0U&lc=UgzIZlyLhBeqgq6xFZR4AaABAg,UgzIZlyLhBeqgq6xFZR4AaABAg,UCooOf95z85K1ceIDGOr6Q5A,"Fetched 05/22/2026, 7:00:03 PM GMT+8"
138,Hillside,@kathleenjoyceforteza4317,2 days ago,"Mula Po Sa Lokal Ng Hillside, Happy Viewing Po!!",https://www.youtube.com/watch?v=ROa3kbG5M0U&lc=UgxEGN3EHPDcYfE-BdF4AaABAg,UgxEGN3EHPDcYfE-BdF4AaABAg,UCooOf95z85K1ceIDGOr6Q5A,"Fetched 05/22/2026, 7:00:03 PM GMT+8"
139,Hillside,@kathleenjoyceforteza4317,2 days ago,"Mula Po Sa Lokal Ng Hillside, Happy Viewing Po!!",https://www.youtube.com/watch?v=ROa3kbG5M0U&lc=UgyG6MYU44PXVygrUcV4AaABAg,UgyG6MYU44PXVygrUcV4AaABAg,UCooOf95z85K1ceIDGOr6Q5A,"Fetched 05/22/2026, 7:00:03 PM GMT+8"
140,Hillside,@kathleenjoyceforteza4317,2 days ago,"Mula Po Sa Lokal Ng Hillside, Happy Viewing Po!!",https://www.youtube.com/watch?v=ROa3kbG5M0U&lc=UgyykkAZTBULKsY2N314AaABAg,UgyykkAZTBULKsY2N314AaABAg,UCooOf95z85K1ceIDGOr6Q5A,"Fetched 05/22/2026, 7:00:03 PM GMT+8"
141,Hillside,@kathleenjoyceforteza4317,2 days ago,"Mula Po Sa Lokal Ng Hillside, Happy Viewing Po!!",https://www.youtube.com/watch?v=ROa3kbG5M0U&lc=UgxwEu-F3ymkK7wjqsB4AaABAg,UgxwEu-F3ymkK7wjqsB4AaABAg,UCooOf95z85K1ceIDGOr6Q5A,"Fetched 05/22/2026, 7:00:03 PM GMT+8"
142,Hillside,@kathleenjoyceforteza4317,2 days ago,"Mula Po Sa Lokal Ng Hillside, Happy Viewing Po!!",https://www.youtube.com/watch?v=ROa3kbG5M0U&lc=UgxHlkaN8VoTdp_Cqy54AaABAg,UgxHlkaN8VoTdp_Cqy54AaABAg,UCooOf95z85K1ceIDGOr6Q5A,"Fetched 05/22/2026, 7:00:03 PM GMT+8"
143,Hillside,@kathleenjoyceforteza4317,2 days ago,"Mula Po Sa Lokal Ng Hillside, Happy Viewing Po!!",https://www.youtube.com/watch?v=ROa3kbG5M0U&lc=UgznTuJpR0UyCIUXFed4AaABAg,UgznTuJpR0UyCIUXFed4AaABAg,UCooOf95z85K1ceIDGOr6Q5A,"Fetched 05/22/2026, 7:00:03 PM GMT+8"
144,Hillside,@kathleenjoyceforteza4317,2 days ago,"Mula Po Sa Lokal Ng Hillside, Happy Viewing Po!!",https://www.youtube.com/watch?v=ROa3kbG5M0U&lc=Ugy3nRPwmzdpNByDFbd4AaABAg,Ugy3nRPwmzdpNByDFbd4AaABAg,UCooOf95z85K1ceIDGOr6Q5A,"Fetched 05/22/2026, 7:00:03 PM GMT+8"
145,Hillside,@kathleenjoyceforteza4317,2 days ago,"Mula Po Sa Lokal Ng Hillside, Happy Viewing Po!!",https://www.youtube.com/watch?v=ROa3kbG5M0U&lc=UgxjqjecsB7vOIerUCR4AaABAg,UgxjqjecsB7vOIerUCR4AaABAg,UCooOf95z85K1ceIDGOr6Q5A,"Fetched 05/22/2026, 7:00:03 PM GMT+8"
146,Hillside,@kathleenjoyceforteza4317,2 days ago,"Mula Po Sa Lokal Ng Hillside, Happy Viewing Po!!",https://www.youtube.com/watch?v=ROa3kbG5M0U&lc=UgwqKvDIi11OBg90Qk54AaABAg,UgwqKvDIi11OBg90Qk54AaABAg,UCooOf95z85K1ceIDGOr6Q5A,"Fetched 05/22/2026, 7:00:03 PM GMT+8"
147,Hillside,@kathleenjoyceforteza4317,2 days ago,"Mula Po Sa Lokal Ng Hillside, Happy Viewing Po!!",https://www.youtube.com/watch?v=ROa3kbG5M0U&lc=UgzJYtx6ds7524EQm5p4AaABAg,UgzJYtx6ds7524EQm5p4AaABAg,UCooOf95z85K1ceIDGOr6Q5A,"Fetched 05/22/2026, 7:00:03 PM GMT+8"
148,Hillside,@kathleenjoyceforteza4317,2 days ago,"Mula Po Sa Lokal Ng Hillside, Happy Viewing Po!!",https://www.youtube.com/watch?v=ROa3kbG5M0U&lc=UgxcZrH-nXKk6nHzclF4AaABAg,UgxcZrH-nXKk6nHzclF4AaABAg,UCooOf95z85K1ceIDGOr6Q5A,"Fetched 05/22/2026, 7:00:03 PM GMT+8"
149,Hillside,@kathleenjoyceforteza4317,2 days ago,"Mula Po Sa Lokal Ng Hillside, Happy Viewing Po!!",https://www.youtube.com/watch?v=ROa3kbG5M0U&lc=Ugz2pg_SWPxaKXTdXlF4AaABAg,Ugz2pg_SWPxaKXTdXlF4AaABAg,UCooOf95z85K1ceIDGOr6Q5A,"Fetched 05/22/2026, 7:00:03 PM GMT+8"
150,Hillside,@kathleenjoyceforteza4317,2 days ago,"Mula Po Sa Lokal Ng Hillside, Happy Viewing Po!!",https://www.youtube.com/watch?v=ROa3kbG5M0U&lc=Ugxyr4q8di3vuubx89J4AaABAg,Ugxyr4q8di3vuubx89J4AaABAg,UCooOf95z85K1ceIDGOr6Q5A,"Fetched 05/22/2026, 7:00:03 PM GMT+8"
151,Hillside,@kathleenjoyceforteza4317,2 days ago,"Mula Po Sa Lokal Ng Hillside, Happy Viewing Po!!",https://www.youtube.com/watch?v=ROa3kbG5M0U&lc=UgxMntXN_aQg5UCOEZ54AaABAg,UgxMntXN_aQg5UCOEZ54AaABAg,UCooOf95z85K1ceIDGOr6Q5A,"Fetched 05/22/2026, 7:00:03 PM GMT+8"
152,Hillside,@mariaceciliaforteza6971,2 days ago,I Know It's Hard Now But I know it Gets Better! Happy Viewing  From Lokal Ng Hillside Distrito ng Benguet,https://www.youtube.com/watch?v=ROa3kbG5M0U&lc=Ugyz_-wK1r4u-tR0tjd4AaABAg,Ugyz_-wK1r4u-tR0tjd4AaABAg,UCHphHiOJmRF_bpL-tZ3lCSA,"Fetched 05/22/2026, 7:00:03 PM GMT+8"
153,Hillside,@mariaceciliaforteza6971,2 days ago,I Know It's Hard Now But I know it Gets Better! Happy Viewing  From Lokal Ng Hillside Distrito ng Benguet,https://www.youtube.com/watch?v=ROa3kbG5M0U&lc=UgwUlGXJiLcoLAmc8nd4AaABAg,UgwUlGXJiLcoLAmc8nd4AaABAg,UCHphHiOJmRF_bpL-tZ3lCSA,"Fetched 05/22/2026, 7:00:03 PM GMT+8"
154,Hillside,@mariaceciliaforteza6971,2 days ago,I Know It's Hard Now But I know it Gets Better! Happy Viewing  From Lokal Ng Hillside Distrito ng Benguet,https://www.youtube.com/watch?v=ROa3kbG5M0U&lc=Ugxgq-v5sQQiWc7e-uZ4AaABAg,Ugxgq-v5sQQiWc7e-uZ4AaABAg,UCHphHiOJmRF_bpL-tZ3lCSA,"Fetched 05/22/2026, 7:00:03 PM GMT+8"
155,Hillside,@mariaceciliaforteza6971,2 days ago,I Know It's Hard Now But I know it Gets Better! Happy Viewing  From Lokal Ng Hillside Distrito ng Benguet,https://www.youtube.com/watch?v=ROa3kbG5M0U&lc=Ugztjvdlb_46ac5GO494AaABAg,Ugztjvdlb_46ac5GO494AaABAg,UCHphHiOJmRF_bpL-tZ3lCSA,"Fetched 05/22/2026, 7:00:03 PM GMT+8"
156,Hillside,@mariaceciliaforteza6971,2 days ago,I Know It's Hard Now But I know it Gets Better! Happy Viewing  From Lokal Ng Hillside Distrito ng Benguet,https://www.youtube.com/watch?v=ROa3kbG5M0U&lc=UgyAwj-MVE1LI0CgniZ4AaABAg,UgyAwj-MVE1LI0CgniZ4AaABAg,UCHphHiOJmRF_bpL-tZ3lCSA,"Fetched 05/22/2026, 7:00:03 PM GMT+8"
157,Hillside,@mariaceciliaforteza6971,2 days ago,I Know It's Hard Now But I know it Gets Better! Happy Viewing  From Lokal Ng Hillside Distrito ng Benguet,https://www.youtube.com/watch?v=ROa3kbG5M0U&lc=UgzvBxiNYVT3AG6CrpR4AaABAg,UgzvBxiNYVT3AG6CrpR4AaABAg,UCHphHiOJmRF_bpL-tZ3lCSA,"Fetched 05/22/2026, 7:00:03 PM GMT+8"
158,Hillside,@mariaceciliaforteza6971,2 days ago,I Know It's Hard Now But I know it Gets Better! Happy Viewing  From Lokal Ng Hillside Distrito ng Benguet,https://www.youtube.com/watch?v=ROa3kbG5M0U&lc=UgzZwusgM1lRsX_oBVp4AaABAg,UgzZwusgM1lRsX_oBVp4AaABAg,UCHphHiOJmRF_bpL-tZ3lCSA,"Fetched 05/22/2026, 7:00:03 PM GMT+8"
159,Hillside,@mariaceciliaforteza6971,2 days ago,I Know It's Hard Now But I know it Gets Better! Happy Viewing  From Lokal Ng Hillside Distrito ng Benguet,https://www.youtube.com/watch?v=ROa3kbG5M0U&lc=UgwWEllUmFGzQnEpr4p4AaABAg,UgwWEllUmFGzQnEpr4p4AaABAg,UCHphHiOJmRF_bpL-tZ3lCSA,"Fetched 05/22/2026, 7:00:03 PM GMT+8"
160,Hillside,@mariaceciliaforteza6971,2 days ago,I Know It's Hard Now But I know it Gets Better! Happy Viewing  From Lokal Ng Hillside Distrito ng Benguet,https://www.youtube.com/watch?v=ROa3kbG5M0U&lc=UgxB8ZHqY6NXlJEZtrh4AaABAg,UgxB8ZHqY6NXlJEZtrh4AaABAg,UCHphHiOJmRF_bpL-tZ3lCSA,"Fetched 05/22/2026, 7:00:03 PM GMT+8"
161,Hillside,@mariaceciliaforteza6971,2 days ago,I Know It's Hard Now But I know it Gets Better! Happy Viewing  From Lokal Ng Hillside Distrito ng Benguet,https://www.youtube.com/watch?v=ROa3kbG5M0U&lc=Ugw6YzOOd884NjJlL414AaABAg,Ugw6YzOOd884NjJlL414AaABAg,UCHphHiOJmRF_bpL-tZ3lCSA,"Fetched 05/22/2026, 7:00:03 PM GMT+8"
162,Hillside,@melissavaldez25,2 days ago,"Happy watching po mga kapatid.Pagbati po mula sa Lokal ng Hillside, Distrito ng Benguet.",https://www.youtube.com/watch?v=ROa3kbG5M0U&lc=Ugxnu2Ujer9c9NPygD54AaABAg,Ugxnu2Ujer9c9NPygD54AaABAg,UC1eC2xOks9F80dDzFmLTQ3Q,"Fetched 05/22/2026, 7:00:03 PM GMT+8"
163,Hillside,@melissavaldez25,2 days ago,"Happy watching po mula sa Lokal ng Hillside, Distrito ng Benguet.",https://www.youtube.com/watch?v=ROa3kbG5M0U&lc=UgxW3q1EwtMulS4W1pp4AaABAg,UgxW3q1EwtMulS4W1pp4AaABAg,UC1eC2xOks9F80dDzFmLTQ3Q,"Fetched 05/22/2026, 7:00:03 PM GMT+8"
164,Hillside,@LeonidesSido,2 days ago,Happy viewing po sa lahat mula po sa Lokal ng Hillside Distrito ng Benguet. Binabati ko po ang amin pong mahal na Tagapangasiwa kapatid na Ardy Mendoza,https://www.youtube.com/watch?v=ROa3kbG5M0U&lc=UgxVw3qLKWzArDcomPV4AaABAg,UgxVw3qLKWzArDcomPV4AaABAg,UCboTr9D0eo38S7pgk-D1D4Q,"Fetched 05/22/2026, 7:00:03 PM GMT+8"
165,Hillside,@LeonidesSido,2 days ago,Happy viewing po sa lahat mula po sa Lokal ng Hillside Distrito ng Benguet. Binabati ko po ang aming destinado kapatid na Jhon Alvin Capulong,https://www.youtube.com/watch?v=ROa3kbG5M0U&lc=UgzxegmCjYtxkaypRxp4AaABAg,UgzxegmCjYtxkaypRxp4AaABAg,UCboTr9D0eo38S7pgk-D1D4Q,"Fetched 05/22/2026, 7:00:03 PM GMT+8"
166,Hillside,@LeonidesSido,2 days ago,Happy viewing po sa lahat mula po sa Lokal ng Hillside Distrito ng Benguet. Binabati ko po ang aming destinado kapatid na Jhon Alvin Capulong at ang amin pong mahal na Tagapangasiwa kapatid na Ardy Mendoza,https://www.youtube.com/watch?v=ROa3kbG5M0U&lc=Ugx84-BkbBQGYVwKEFB4AaABAg,Ugx84-BkbBQGYVwKEFB4AaABAg,UCboTr9D0eo38S7pgk-D1D4Q,"Fetched 05/22/2026, 7:00:03 PM GMT+8"
167,Hillside,@LeonidesSido,2 days ago,Happy viewing po sa lahat mula po sa Lokal ng Hillside Distrito ng Benguet.,https://www.youtube.com/watch?v=ROa3kbG5M0U&lc=UgyhrdUFCfdJsOeiJJd4AaABAg,UgyhrdUFCfdJsOeiJJd4AaABAg,UCboTr9D0eo38S7pgk-D1D4Q,"Fetched 05/22/2026, 7:00:03 PM GMT+8"
168,Hillside,@LeonidesSido,2 days ago,Happy viewing po sa lahat mula po sa Lokal ng Hillside Distrito ng Benguet. Binabati ko po ang amin pong mahal na Tagapangasiwa kapatid na Ardy Mendoza,https://www.youtube.com/watch?v=ROa3kbG5M0U&lc=UgwYnjiB6ZW1-KaBmgp4AaABAg,UgwYnjiB6ZW1-KaBmgp4AaABAg,UCboTr9D0eo38S7pgk-D1D4Q,"Fetched 05/22/2026, 7:00:03 PM GMT+8"
169,Hillside,@LeonidesSido,2 days ago,Happy viewing po sa lahat mula po sa Lokal ng Hillside Distrito ng Benguet. Binabati ko po ang aming destinado kapatid na Jhon Alvin Capulong,https://www.youtube.com/watch?v=ROa3kbG5M0U&lc=Ugx6W1ThdMgmASJE1014AaABAg,Ugx6W1ThdMgmASJE1014AaABAg,UCboTr9D0eo38S7pgk-D1D4Q,"Fetched 05/22/2026, 7:00:03 PM GMT+8"
170,Hillside,@LeonidesSido,2 days ago,Happy viewing po sa lahat mula po sa Lokal ng Hillside Distrito ng Benguet.,https://www.youtube.com/watch?v=ROa3kbG5M0U&lc=Ugy8DTXFUQ5GXAZ5GkR4AaABAg,Ugy8DTXFUQ5GXAZ5GkR4AaABAg,UCboTr9D0eo38S7pgk-D1D4Q,"Fetched 05/22/2026, 7:00:03 PM GMT+8"
171,Hillside,@LeonidesSido,2 days ago,Happy viewing po sa lahat mula po sa Lokal ng Hillside Distrito ng Benguet. Binabati ko po ang aming destinado kapatid na Jhon Alvin Capulong at ang amin pong mahal na Tagapangasiwa kapatid na Ardy Mendoza,https://www.youtube.com/watch?v=ROa3kbG5M0U&lc=UgwNce4QurMfzZGxAJZ4AaABAg,UgwNce4QurMfzZGxAJZ4AaABAg,UCboTr9D0eo38S7pgk-D1D4Q,"Fetched 05/22/2026, 7:00:03 PM GMT+8"
172,Hillside,@LeonorSido-d5t,2 days ago,Happy viewing po mula po sa lokal ng hillside distrito ng benguet,https://www.youtube.com/watch?v=ROa3kbG5M0U&lc=UgxCJR0miji7yjbxkiR4AaABAg,UgxCJR0miji7yjbxkiR4AaABAg,UCHNUo88kS5ByRTECZSjDvRg,"Fetched 05/22/2026, 7:00:03 PM GMT+8"
173,Hillside,@AilynCoto-ong,2 days ago,Happy Viewing from Lokal ng Hillside ❤,https://www.youtube.com/watch?v=ROa3kbG5M0U&lc=Ugx1vRWJz9tP9baWrVl4AaABAg,Ugx1vRWJz9tP9baWrVl4AaABAg,UCE2fE5AJA4Nm_ifKjdWPY4Q,"Fetched 05/22/2026, 7:00:03 PM GMT+8"
174,Hillside,@coto-onglheanaajc.3303,2 days ago,Happy Viewing from Lokal ng Hillside  / LET'S GO BENGUET ❤,https://www.youtube.com/watch?v=ROa3kbG5M0U&lc=UgzSipTGOVbJ5IHhgJp4AaABAg,UgzSipTGOVbJ5IHhgJp4AaABAg,UCepvdbDlLD3XhIPriTXriCw,"Fetched 05/22/2026, 7:00:03 PM GMT+8"
175,Hillside,@coto-onglheanaajc.3303,2 days ago,Nonstop love and support from Lokal ng Hillside ❤,https://www.youtube.com/watch?v=ROa3kbG5M0U&lc=UgwDmVr2T19_v4xSv1V4AaABAg,UgwDmVr2T19_v4xSv1V4AaABAg,UCepvdbDlLD3XhIPriTXriCw,"Fetched 05/22/2026, 7:00:03 PM GMT+8"
176,Hillside,@MarcianaPasion,2 days ago,Mula s lokal ng Hillside Distrito ng Benguet Happy viewing po mga kapatid,https://www.youtube.com/watch?v=ROa3kbG5M0U&lc=UgynlKFx2p5k7HdrQgl4AaABAg,UgynlKFx2p5k7HdrQgl4AaABAg,UCjdIPJ5zBY_X-B6fqE-f_yA,"Fetched 05/22/2026, 7:00:03 PM GMT+8"
177,Hillside,@ElnarTorres,2 days ago,Hppy viewimg po.from. lokal.po mg hillside po,https://www.youtube.com/watch?v=ROa3kbG5M0U&lc=UgxRxzRaTxBembkRegN4AaABAg,UgxRxzRaTxBembkRegN4AaABAg,UCJeIXfUPv9RPK0HM-mk2y_A,"Fetched 05/22/2026, 7:00:03 PM GMT+8"
178,Hillside,@keilynverairang3188,3 days ago,Good evening po mga Kapatid! /  Happy viewing from lokal ng hillside 🫰🫰,https://www.youtube.com/watch?v=ROa3kbG5M0U&lc=UgxKFHiNFDd6ew8HT6B4AaABAg,UgxKFHiNFDd6ew8HT6B4AaABAg,UCaKcINZU7uj6tMXX92L9dLg,"Fetched 05/22/2026, 7:00:03 PM GMT+8"
179,Hillside,@coto-onglheanaajc.3303,3 days ago,Happy Viewing po from Lokal ng Hillside ❤,https://www.youtube.com/watch?v=ROa3kbG5M0U&lc=UgyB3KHhXYANjc95Imd4AaABAg,UgyB3KHhXYANjc95Imd4AaABAg,UCepvdbDlLD3XhIPriTXriCw,"Fetched 05/22/2026, 7:00:03 PM GMT+8"
180,Hillside,@DwyaneQuieta,3 days ago,Happy viewing Po lokal Ng hillside po distrito Ng benget Po 0:29,https://www.youtube.com/watch?v=ROa3kbG5M0U&lc=UgwjOyZ3ZVCXDaXRW9d4AaABAg,UgwjOyZ3ZVCXDaXRW9d4AaABAg,UCOxwi22ars60JoUoEr7f6uA,"Fetched 05/22/2026, 7:00:03 PM GMT+8"
181,Hillside,@DwyaneQuieta,3 days ago,Happy viewing Po lokal Ng hillside po distrito Ng benget Po,https://www.youtube.com/watch?v=ROa3kbG5M0U&lc=UgyN8XZqNXRsTdvZ1k94AaABAg,UgyN8XZqNXRsTdvZ1k94AaABAg,UCOxwi22ars60JoUoEr7f6uA,"Fetched 05/22/2026, 7:00:03 PM GMT+8"
182,Hillside,@DwyaneQuieta,3 days ago,Happy viewing Po lokal Ng hillside po distrito Ng benget Po 😊,https://www.youtube.com/watch?v=ROa3kbG5M0U&lc=UgyHWSBypCTnSeicuRR4AaABAg,UgyHWSBypCTnSeicuRR4AaABAg,UCOxwi22ars60JoUoEr7f6uA,"Fetched 05/22/2026, 7:00:03 PM GMT+8"
183,Hillside,@jeremiahforteza2493,3 days ago,Happy viewing po.. from Lokal ng Hillside Benguet 🎉,https://www.youtube.com/watch?v=ROa3kbG5M0U&lc=Ugzp7w0Wa0cRshkjK9F4AaABAg,Ugzp7w0Wa0cRshkjK9F4AaABAg,UClBVcxireTFGdDNnQ_i9dXA,"Fetched 05/22/2026, 7:00:03 PM GMT+8"
184,Hillside,@miasy-RL,3 days ago,"Let’s go Benguet!!! /  / Happy Viewing po mula sa Lokal ng Hillside, Distrito ng Benguet ✨🫶🏻",https://www.youtube.com/watch?v=ROa3kbG5M0U&lc=Ugz-MySdfypcRIsRZH54AaABAg,Ugz-MySdfypcRIsRZH54AaABAg,UCE4qpM5SGKSbx589elFLOkw,"Fetched 05/22/2026, 7:00:03 PM GMT+8"
185,Hillside,@shafftdeguzman962,3 days ago,Happy viewing po mula sa Lokal ng Hillside❤,https://www.youtube.com/watch?v=ROa3kbG5M0U&lc=UgzR5VjEewhhUVjPzU94AaABAg,UgzR5VjEewhhUVjPzU94AaABAg,UCCloNO6Hsgkd-e_gsv8oBcg,"Fetched 05/22/2026, 7:00:03 PM GMT+8"
186,Hillside,@jeremiahforteza2493,3 days ago,Viewing from hillside Benguet 🇮🇪,https://www.youtube.com/watch?v=ROa3kbG5M0U&lc=UgwmtUbi7qU1dvycfC94AaABAg,UgwmtUbi7qU1dvycfC94AaABAg,UClBVcxireTFGdDNnQ_i9dXA,"Fetched 05/22/2026, 7:00:03 PM GMT+8"
187,Hillside,@jeremiahforteza2493,3 days ago,Happy viewing sa lahat ng mga kapatid mula sa Lokal ng Hillside Benguet 🇮🇪,https://www.youtube.com/watch?v=ROa3kbG5M0U&lc=UgzOp5FhBsZgvZDsxt94AaABAg,UgzOp5FhBsZgvZDsxt94AaABAg,UClBVcxireTFGdDNnQ_i9dXA,"Fetched 05/22/2026, 7:00:03 PM GMT+8"
188,Hillside,@jeremiahforteza2493,3 days ago,Maligayang panonod po mga kapatid pagbati mula sa Lokal ng Hillside Benguet 🇮🇪,https://www.youtube.com/watch?v=ROa3kbG5M0U&lc=UgyqeFlN7OwpITkPNId4AaABAg,UgyqeFlN7OwpITkPNId4AaABAg,UClBVcxireTFGdDNnQ_i9dXA,"Fetched 05/22/2026, 7:00:03 PM GMT+8"
189,Hillside,@miasy-RL,3 days ago,"Happy Viewing po mula sa Lokal ng Hillside, Distrito ng Benguet❤️❤️",https://www.youtube.com/watch?v=ROa3kbG5M0U&lc=Ugzf_ihIHjksoGPCfGN4AaABAg,Ugzf_ihIHjksoGPCfGN4AaABAg,UCE4qpM5SGKSbx589elFLOkw,"Fetched 05/22/2026, 7:00:03 PM GMT+8"
190,Hillside,@SyMia-q2l8f,3 days ago,"Let's go Benguet!!  /  / Happy Viewing po mula sa Lokal ng Hillside, Distrito ng Benguet🫶🫶✨",https://www.youtube.com/watch?v=ROa3kbG5M0U&lc=UgyqsvDk6NZCztuoviV4AaABAg,UgyqsvDk6NZCztuoviV4AaABAg,UClSL-wlo1XF6eb5LMCBjV5w,"Fetched 05/22/2026, 7:00:03 PM GMT+8"
191,Hillside,@jhonalvincapulong3700,3 days ago,HILLSIDE SEE YOU ON THE OTHER/BETTER SIDE!😂,https://www.youtube.com/watch?v=ROa3kbG5M0U&lc=UgxDojv7AF_DxC138zh4AaABAg,UgxDojv7AF_DxC138zh4AaABAg,UCUHhlIqTA8U_eWC_d86Hv9Q,"Fetched 05/22/2026, 7:00:03 PM GMT+8"
192,Hillside,@LeonidesSido,3 days ago,"Happy viewing po sa lahat, pagbati po mula sa Lokal ng Hillside Distrito ng Benguet. Binabati ko po ang aming destinado kapatid na Jhon Alvin Capulong at ang amin pong mahal na Tagapangasiwa kapatid na Ardy Mendoza",https://www.youtube.com/watch?v=ROa3kbG5M0U&lc=UgzKpQ-EbU7v2_MuRbd4AaABAg,UgzKpQ-EbU7v2_MuRbd4AaABAg,UCboTr9D0eo38S7pgk-D1D4Q,"Fetched 05/22/2026, 7:00:03 PM GMT+8"
193,Hillside,@LeonidesSido,3 days ago,"Happy viewing po sa lahat, pagbati po mula sa Lokal ng Hillside Distrito ng Benguet.",https://www.youtube.com/watch?v=ROa3kbG5M0U&lc=UgwZbEyom0Ah4YuroRB4AaABAg,UgwZbEyom0Ah4YuroRB4AaABAg,UCboTr9D0eo38S7pgk-D1D4Q,"Fetched 05/22/2026, 7:00:03 PM GMT+8"
194,Hillside,@LeonidesSido,3 days ago,"Happy viewing po sa lahat, pagbati po mula sa Lokal ng Hillside Distrito ng Benguet.",https://www.youtube.com/watch?v=ROa3kbG5M0U&lc=UgzEKL7QLpPuqwdmvTR4AaABAg,UgzEKL7QLpPuqwdmvTR4AaABAg,UCboTr9D0eo38S7pgk-D1D4Q,"Fetched 05/22/2026, 7:00:03 PM GMT+8"
195,Hillside,@LeonidesSido,3 days ago,"Happy viewing po sa lahat, pagbati po mula sa Lokal ng Hillside Distrito ng Benguet. Binabati ko po ang aming destinado kapatid na Jhon Alvin Capulong at ang amin pong mahal na Tagapangasiwa kapatid na Ardy Mendoza",https://www.youtube.com/watch?v=ROa3kbG5M0U&lc=UgzddSHuqeSC-WmZ0MJ4AaABAg,UgzddSHuqeSC-WmZ0MJ4AaABAg,UCboTr9D0eo38S7pgk-D1D4Q,"Fetched 05/22/2026, 7:00:03 PM GMT+8"
196,Hillside,@jhonalvincapulong3700,3 days ago,Happy Viewing po mga Kapatid! / -Lokal ng Hillside,https://www.youtube.com/watch?v=ROa3kbG5M0U&lc=Ugz6D_ipLXimEpBv5Fp4AaABAg,Ugz6D_ipLXimEpBv5Fp4AaABAg,UCUHhlIqTA8U_eWC_d86Hv9Q,"Fetched 05/22/2026, 7:00:03 PM GMT+8"
197,Hillside,@jhonalvincapulong3700,3 days ago,Lokal ng HILLSIDE Patuloy na susuporta at makipagkaisa.,https://www.youtube.com/watch?v=ROa3kbG5M0U&lc=Ugw5HbQVmRDGbg9hxul4AaABAg,Ugw5HbQVmRDGbg9hxul4AaABAg,UCUHhlIqTA8U_eWC_d86Hv9Q,"Fetched 05/22/2026, 7:00:03 PM GMT+8"
198,Hillside,@KylieRamos-q3d,3 days ago,"Happy viewing po to everyone,  / from all of us here at Lokal ng Hillside, Benguet 🌲💚",https://www.youtube.com/watch?v=ROa3kbG5M0U&lc=UgyvjzYNM9ML-BBbwDd4AaABAg,UgyvjzYNM9ML-BBbwDd4AaABAg,UCYFWBngUOA9XYEwjO5OJs-w,"Fetched 05/22/2026, 7:00:03 PM GMT+8"
199,Hillside,@RuthLubin-u4o,3 days ago,"Magandang Umaga po sa lahat, happy Tuesday!  From lokal ng HILLSIDE, BENGUET",https://www.youtube.com/watch?v=ROa3kbG5M0U&lc=UgxIuDSWhVWtHJm52m14AaABAg,UgxIuDSWhVWtHJm52m14AaABAg,UC_uf6eNpjGA4ra2-XeZeq7Q,"Fetched 05/22/2026, 7:00:03 PM GMT+8"
200,Hillside,@keilynverairang3188,3 days ago,Greetings po from lokal ng Hillside! 🫶🫶🫰🫰,https://www.youtube.com/watch?v=ROa3kbG5M0U&lc=Ugz6FiMfgs4FF-vPYg54AaABAg,Ugz6FiMfgs4FF-vPYg54AaABAg,UCaKcINZU7uj6tMXX92L9dLg,"Fetched 05/22/2026, 7:00:03 PM GMT+8"
201,Hillside,@coto-onglheanaajc.3303,3 days ago,Happy Viewing po from Lokal ng Hillside ❤,https://www.youtube.com/watch?v=ROa3kbG5M0U&lc=UgyaEnRQJK_oyBuwrA94AaABAg,UgyaEnRQJK_oyBuwrA94AaABAg,UCepvdbDlLD3XhIPriTXriCw,"Fetched 05/22/2026, 7:00:03 PM GMT+8"
202,Hillside,@ernestovaldez-s3b,3 days ago,"Hillside, Benguet for no.1 spot",https://www.youtube.com/watch?v=ROa3kbG5M0U&lc=UgwI7FUdJOV6DbPfj194AaABAg,UgwI7FUdJOV6DbPfj194AaABAg,UCJ9TeKl-glRPptCKIKGKk7Q,"Fetched 05/22/2026, 7:00:03 PM GMT+8"
203,Hillside,@ernestovaldez-s3b,3 days ago,Happy viewing po mula po sa lokal ng hillside Destrito ng Benguet,https://www.youtube.com/watch?v=ROa3kbG5M0U&lc=Ugy98wFdf2Wk2C9Fb314AaABAg,Ugy98wFdf2Wk2C9Fb314AaABAg,UCJ9TeKl-glRPptCKIKGKk7Q,"Fetched 05/22/2026, 7:00:03 PM GMT+8"
204,Hillside,@ernestovaldez-s3b,3 days ago,Benguet for no.1 spot support from Local congregation of hillside ecclesiastical destrict of Benguet,https://www.youtube.com/watch?v=ROa3kbG5M0U&lc=UgyHusTpaKxqtSTyUWV4AaABAg,UgyHusTpaKxqtSTyUWV4AaABAg,UCJ9TeKl-glRPptCKIKGKk7Q,"Fetched 05/22/2026, 7:00:03 PM GMT+8"
205,Hillside,@ernestovaldez-s3b,3 days ago,Hillside for Top 1 fight! Fight!!Fight!!,https://www.youtube.com/watch?v=ROa3kbG5M0U&lc=Ugzs4Oq-_qfEBokipY94AaABAg,Ugzs4Oq-_qfEBokipY94AaABAg,UCJ9TeKl-glRPptCKIKGKk7Q,"Fetched 05/22/2026, 7:00:03 PM GMT+8"
206,Hillside,@ernestovaldez-s3b,3 days ago,Hillside fight!! fight!! fight!!!!,https://www.youtube.com/watch?v=ROa3kbG5M0U&lc=UgzDK5Pv_VUozaAiqFh4AaABAg,UgzDK5Pv_VUozaAiqFh4AaABAg,UCJ9TeKl-glRPptCKIKGKk7Q,"Fetched 05/22/2026, 7:00:03 PM GMT+8"
207,Hillside,@ernestovaldez-s3b,3 days ago,Pagbati po mula sa lokal ng hillside Destrito ng Benguet,https://www.youtube.com/watch?v=ROa3kbG5M0U&lc=UgyNUrNrRk_aC15sBdt4AaABAg,UgyNUrNrRk_aC15sBdt4AaABAg,UCJ9TeKl-glRPptCKIKGKk7Q,"Fetched 05/22/2026, 7:00:03 PM GMT+8"
208,Hillside,@jeremiahforteza2493,3 days ago,Shoutout po Kay kapatid Adam socnayan PD2 ng Lokal ng Hillside distrito ng Benguet 🇮🇪,https://www.youtube.com/watch?v=ROa3kbG5M0U&lc=UgzgxHx-28DTjyBlzS14AaABAg,UgzgxHx-28DTjyBlzS14AaABAg,UClBVcxireTFGdDNnQ_i9dXA,"Fetched 05/22/2026, 7:00:03 PM GMT+8"
209,Hillside,@ernestovaldez-s3b,3 days ago,Lets go Benguet let's make it to top 1 support from lokal ng hillside Destrito ng Benguet,https://www.youtube.com/watch?v=ROa3kbG5M0U&lc=UgwNWjsawpflLpOi9cN4AaABAg,UgwNWjsawpflLpOi9cN4AaABAg,UCJ9TeKl-glRPptCKIKGKk7Q,"Fetched 05/22/2026, 7:00:03 PM GMT+8"
210,Hillside,@ernestovaldez-s3b,3 days ago,Hillside Benguet,https://www.youtube.com/watch?v=ROa3kbG5M0U&lc=UgyclIs2IK2qWCy_osd4AaABAg,UgyclIs2IK2qWCy_osd4AaABAg,UCJ9TeKl-glRPptCKIKGKk7Q,"Fetched 05/22/2026, 7:00:03 PM GMT+8"
211,Hillside,@ernestovaldez-s3b,3 days ago,lets go!!  Benguet from local congregation of hillside ecclesiastical destrict of Benguet,https://www.youtube.com/watch?v=ROa3kbG5M0U&lc=UgwJkXfj7lxnAhmS-n14AaABAg,UgwJkXfj7lxnAhmS-n14AaABAg,UCJ9TeKl-glRPptCKIKGKk7Q,"Fetched 05/22/2026, 7:00:03 PM GMT+8"
212,Hillside,@jeremiahforteza2493,3 days ago,"Good evening po, maligayang panonod po mga kapatid sa Lokal ng Hillside distrito ng  Benguet 🇮🇪",https://www.youtube.com/watch?v=ROa3kbG5M0U&lc=UgxersBnsvJa-t-SJlV4AaABAg,UgxersBnsvJa-t-SJlV4AaABAg,UClBVcxireTFGdDNnQ_i9dXA,"Fetched 05/22/2026, 7:00:03 PM GMT+8"
213,Hillside,@ernestovaldez-s3b,3 days ago,Happy viewing Let's go Benguet Fight or Flight. From Local congregation of hillside ecclesiastical destrict of Benguet.,https://www.youtube.com/watch?v=ROa3kbG5M0U&lc=Ugz-z4e8oZhLpdpIeFx4AaABAg,Ugz-z4e8oZhLpdpIeFx4AaABAg,UCJ9TeKl-glRPptCKIKGKk7Q,"Fetched 05/22/2026, 7:00:03 PM GMT+8"
214,Hillside,@ernestovaldez-s3b,3 days ago,"Go Destrito ng Benguet lets go!! Fight or Flight from hillside, Benguet.",https://www.youtube.com/watch?v=ROa3kbG5M0U&lc=Ugz7HvDXRxq9f73hf8R4AaABAg,Ugz7HvDXRxq9f73hf8R4AaABAg,UCJ9TeKl-glRPptCKIKGKk7Q,"Fetched 05/22/2026, 7:00:03 PM GMT+8"
215,Hillside,@jeremiahforteza2493,3 days ago,Watching po mula sa Lokal ng Hillside distrito ng  Benguet 🇮🇪,https://www.youtube.com/watch?v=ROa3kbG5M0U&lc=UgzJ7_1TJOnMy9c0kJ54AaABAg,UgzJ7_1TJOnMy9c0kJ54AaABAg,UClBVcxireTFGdDNnQ_i9dXA,"Fetched 05/22/2026, 7:00:03 PM GMT+8"
216,Hillside,@ernestovaldez-s3b,3 days ago,Happy watching po mga kapatid pagbati po mula sa lokal ng hillside Destrito ng Benguet,https://www.youtube.com/watch?v=ROa3kbG5M0U&lc=UgwDfKmosbppA5yIHFd4AaABAg,UgwDfKmosbppA5yIHFd4AaABAg,UCJ9TeKl-glRPptCKIKGKk7Q,"Fetched 05/22/2026, 7:00:03 PM GMT+8"
217,Hillside,@ernestovaldez-s3b,3 days ago,Happy watching po mula po rito sa Lokal ng hillside,https://www.youtube.com/watch?v=ROa3kbG5M0U&lc=UgyrliXW7kW-Fs9BrqN4AaABAg,UgyrliXW7kW-Fs9BrqN4AaABAg,UCJ9TeKl-glRPptCKIKGKk7Q,"Fetched 05/22/2026, 7:00:03 PM GMT+8"
218,Hillside,@jeremiahforteza2493,3 days ago,Happy viewing po mga kapatid sa Lokal ng Hillside distrito ng  Benguet 🇮🇪,https://www.youtube.com/watch?v=ROa3kbG5M0U&lc=UgxlQwpSMcOMv_ugarZ4AaABAg,UgxlQwpSMcOMv_ugarZ4AaABAg,UClBVcxireTFGdDNnQ_i9dXA,"Fetched 05/22/2026, 7:00:03 PM GMT+8"
219,Hillside,@willyabadjr.7279,3 days ago,Goodnight po sa lahat lalo na sa destinado at mga maytungkulin ng lokal ng HILLSIDE ❤❤❤,https://www.youtube.com/watch?v=ROa3kbG5M0U&lc=UgyzXPNnGM4niGdpMU14AaABAg,UgyzXPNnGM4niGdpMU14AaABAg,UCw4o6vHv-G3KExALSjwp9KQ,"Fetched 05/22/2026, 7:00:03 PM GMT+8"
220,Hillside,@ernestovaldez-s3b,3 days ago,"Happy viewing po Hillside, Benguet",https://www.youtube.com/watch?v=ROa3kbG5M0U&lc=UgwnDg8_eGlst50CiOV4AaABAg,UgwnDg8_eGlst50CiOV4AaABAg,UCJ9TeKl-glRPptCKIKGKk7Q,"Fetched 05/22/2026, 7:00:03 PM GMT+8"
221,Hillside,@ernestovaldez-s3b,3 days ago,Hillside ❤❤❤,https://www.youtube.com/watch?v=ROa3kbG5M0U&lc=UgzKdKszkIkJqQDUqpd4AaABAg,UgzKdKszkIkJqQDUqpd4AaABAg,UCJ9TeKl-glRPptCKIKGKk7Q,"Fetched 05/22/2026, 7:00:03 PM GMT+8"
222,Hillside,@ernestovaldez-s3b,3 days ago,Happy viewing po binabati kopo si kapatid na jeff japson mula po sa Lokal ng hillside,https://www.youtube.com/watch?v=ROa3kbG5M0U&lc=UgyhfjHIOZ2MB1_MGKh4AaABAg,UgyhfjHIOZ2MB1_MGKh4AaABAg,UCJ9TeKl-glRPptCKIKGKk7Q,"Fetched 05/22/2026, 7:00:03 PM GMT+8"
223,Hillside,@ernestovaldez-s3b,3 days ago,Binabati kopo lahat ng mga kapatid sa Lokal ng hillside Destrito ng Benguet,https://www.youtube.com/watch?v=ROa3kbG5M0U&lc=Ugxtui0C5l4Xaikf4Yx4AaABAg,Ugxtui0C5l4Xaikf4Yx4AaABAg,UCJ9TeKl-glRPptCKIKGKk7Q,"Fetched 05/22/2026, 7:00:03 PM GMT+8"
224,Hillside,@ernestovaldez-s3b,3 days ago,Lokal ng hillside Destrito ng Benguet,https://www.youtube.com/watch?v=ROa3kbG5M0U&lc=UgwVTGfjKxM3tT14gqt4AaABAg,UgwVTGfjKxM3tT14gqt4AaABAg,UCJ9TeKl-glRPptCKIKGKk7Q,"Fetched 05/22/2026, 7:00:03 PM GMT+8"
225,Hillside,@ernestovaldez-s3b,3 days ago,Lokal ng hillside let's go!!!!,https://www.youtube.com/watch?v=ROa3kbG5M0U&lc=UgzMXblFoOdVAe5YSc94AaABAg,UgzMXblFoOdVAe5YSc94AaABAg,UCJ9TeKl-glRPptCKIKGKk7Q,"Fetched 05/22/2026, 7:00:03 PM GMT+8"
226,Hillside,@ernestovaldez-s3b,3 days ago,Happy viewing po binabati kopo si ka melissa na mula po sa lokal ng hillside,https://www.youtube.com/watch?v=ROa3kbG5M0U&lc=UgxFrEr1Ym3zdbKsbD94AaABAg,UgxFrEr1Ym3zdbKsbD94AaABAg,UCJ9TeKl-glRPptCKIKGKk7Q,"Fetched 05/22/2026, 7:00:03 PM GMT+8"
227,Hillside,@ernestovaldez-s3b,3 days ago,Pagbati po mula po sa lokal ng hillside,https://www.youtube.com/watch?v=ROa3kbG5M0U&lc=Ugw-tacERmvmBMdodPV4AaABAg,Ugw-tacERmvmBMdodPV4AaABAg,UCJ9TeKl-glRPptCKIKGKk7Q,"Fetched 05/22/2026, 7:00:03 PM GMT+8"
228,Hillside,@keilynverairang3188,3 days ago,Patuloy ang pakikipag kaisa from lokal ng Hillside! BENGUET! 🫶🫶,https://www.youtube.com/watch?v=ROa3kbG5M0U&lc=UgxMCa86uGEQ-0lgOwt4AaABAg,UgxMCa86uGEQ-0lgOwt4AaABAg,UCaKcINZU7uj6tMXX92L9dLg,"Fetched 05/22/2026, 7:00:03 PM GMT+8"
229,Hillside,@keilynverairang3188,3 days ago,Dabest hndi nakakasawa! GO BENGUET  /  / -Hillside,https://www.youtube.com/watch?v=ROa3kbG5M0U&lc=UgyY8PM1D9kd2cHR3fR4AaABAg,UgyY8PM1D9kd2cHR3fR4AaABAg,UCaKcINZU7uj6tMXX92L9dLg,"Fetched 05/22/2026, 7:00:03 PM GMT+8"
230,Hillside,@jhonalvincapulong3700,3 days ago,HILLSIDE SEE YOU ON THE OTHER/BETTER SIDE!,https://www.youtube.com/watch?v=ROa3kbG5M0U&lc=Ugwwjj_sUB0gYrKru7p4AaABAg,Ugwwjj_sUB0gYrKru7p4AaABAg,UCUHhlIqTA8U_eWC_d86Hv9Q,"Fetched 05/22/2026, 7:00:03 PM GMT+8"
231,Hillside,@jhonalvincapulong3700,3 days ago,HILLSIDE SEE YOU ON THE OTHER/BETTER SIDE!  /  / -Poging Destinado,https://www.youtube.com/watch?v=ROa3kbG5M0U&lc=UgwhXMQZ7_9OLAHaEZt4AaABAg,UgwhXMQZ7_9OLAHaEZt4AaABAg,UCUHhlIqTA8U_eWC_d86Hv9Q,"Fetched 05/22/2026, 7:00:03 PM GMT+8"
232,Hillside,@jhonalvincapulong3700,3 days ago,HILLSIDE SEE YOU ON THE OTHER/BETTER SIDE! ❤️❤️❤️❤️❤️❤️❤️❤️❤️❤️❤️❤️❤️❤️❤️❤️❤️❤️❤️❤️❤️❤️❤️❤️❤️❤️❤️❤️❤️❤️❤️❤️❤️❤️❤️❤️❤️❤️❤️❤️❤️❤️❤️❤️❤️❤️❤️❤️❤️❤️,https://www.youtube.com/watch?v=ROa3kbG5M0U&lc=UgyqtToP3JTvQyEoG7J4AaABAg,UgyqtToP3JTvQyEoG7J4AaABAg,UCUHhlIqTA8U_eWC_d86Hv9Q,"Fetched 05/22/2026, 7:00:03 PM GMT+8"
233,Hillside,@keilynverairang3188,3 days ago,Tuloy tuloy po ang panonood! From lokal ng Hillside!  /  / GO BENGUET! 🫰🫰,https://www.youtube.com/watch?v=ROa3kbG5M0U&lc=UgyiTmqeorOzjCneyCt4AaABAg,UgyiTmqeorOzjCneyCt4AaABAg,UCaKcINZU7uj6tMXX92L9dLg,"Fetched 05/22/2026, 7:00:03 PM GMT+8"
234,Hillside,@jhonalvincapulong3700,3 days ago,Binabati ko po mga Poging Pamunuan/PD's sa Lokal po ng Hillside.,https://www.youtube.com/watch?v=ROa3kbG5M0U&lc=UgzOb77gqUN-eseUMs94AaABAg,UgzOb77gqUN-eseUMs94AaABAg,UCUHhlIqTA8U_eWC_d86Hv9Q,"Fetched 05/22/2026, 7:00:03 PM GMT+8"
235,Hillside,@keilynverairang3188,3 days ago,Pagbati po from lokal ng Hillside! Go Benguet! 🫶🫶🫶🫶🫶,https://www.youtube.com/watch?v=ROa3kbG5M0U&lc=UgxIGM46EwnV3SyxHJB4AaABAg,UgxIGM46EwnV3SyxHJB4AaABAg,UCaKcINZU7uj6tMXX92L9dLg,"Fetched 05/22/2026, 7:00:03 PM GMT+8"
236,Hillside,@jhonalvincapulong3700,3 days ago,Happy Viewing po mga Kapatid! / -HILLSIDE,https://www.youtube.com/watch?v=ROa3kbG5M0U&lc=UgyXshLYoVSQjySlRMt4AaABAg,UgyXshLYoVSQjySlRMt4AaABAg,UCUHhlIqTA8U_eWC_d86Hv9Q,"Fetched 05/22/2026, 7:00:03 PM GMT+8"
237,Hillside,@jhonalvincapulong3700,3 days ago,Sarap ulit ulitin Hindi nakakasawa.  / -Hillside,https://www.youtube.com/watch?v=ROa3kbG5M0U&lc=Ugw85VmyGy0Jv8EZme14AaABAg,Ugw85VmyGy0Jv8EZme14AaABAg,UCUHhlIqTA8U_eWC_d86Hv9Q,"Fetched 05/22/2026, 7:00:03 PM GMT+8"
238,Hillside,@keilynverairang3188,3 days ago,"Happy viewing po from Lokal ng Hillside, Distrito ng Benguet 🫶🫶🫶",https://www.youtube.com/watch?v=ROa3kbG5M0U&lc=UgwgYyen4sV3MhyWzUB4AaABAg,UgwgYyen4sV3MhyWzUB4AaABAg,UCaKcINZU7uj6tMXX92L9dLg,"Fetched 05/22/2026, 7:00:03 PM GMT+8"
239,Hillside,@melissavaldez25,3 days ago,"Happy viewing po mga kapatid.Pagbati po mula sa Lokal ng Hillside, Distrito ng Benguet.",https://www.youtube.com/watch?v=ROa3kbG5M0U&lc=UgwzYAFmOS7vhBgBkG94AaABAg,UgwzYAFmOS7vhBgBkG94AaABAg,UC1eC2xOks9F80dDzFmLTQ3Q,"Fetched 05/22/2026, 7:00:03 PM GMT+8"
240,Hillside,@coto-onglheanaajc.3303,3 days ago,Happy Viewing from Lokal ng Hillside ❤,https://www.youtube.com/watch?v=ROa3kbG5M0U&lc=Ugy065NcYdCcw_3h7q94AaABAg,Ugy065NcYdCcw_3h7q94AaABAg,UCepvdbDlLD3XhIPriTXriCw,"Fetched 05/22/2026, 7:00:03 PM GMT+8"
241,Hillside,@melissavaldez25,3 days ago,"Good evening po mga kapatid.Pagbati po mula sa Lokal ng Hillside, Distrito ng Benguet.",https://www.youtube.com/watch?v=ROa3kbG5M0U&lc=Ugx0rvc18DPpW8aPby14AaABAg,Ugx0rvc18DPpW8aPby14AaABAg,UC1eC2xOks9F80dDzFmLTQ3Q,"Fetched 05/22/2026, 7:00:03 PM GMT+8"
242,Hillside,@jilliansamchao,3 days ago,Let's Go BENGUET from Lokal ng HILLSIDE🎉🎉,https://www.youtube.com/watch?v=ROa3kbG5M0U&lc=UgzPmycfvz6wvgrfvCh4AaABAg,UgzPmycfvz6wvgrfvCh4AaABAg,UCRnvVcjVsXveWDHJS-10OWg,"Fetched 05/22/2026, 7:00:03 PM GMT+8"
243,Hillside,@ernestovaldez-s3b,3 days ago,Let's go lokal ng hillside,https://www.youtube.com/watch?v=ROa3kbG5M0U&lc=Ugww2t_C8tOvgQV9RgB4AaABAg,Ugww2t_C8tOvgQV9RgB4AaABAg,UCJ9TeKl-glRPptCKIKGKk7Q,"Fetched 05/22/2026, 7:00:03 PM GMT+8"
244,Hillside,@ernestovaldez-s3b,3 days ago,Lets go locale congregation of hillside ecclesiastical destrict of Benguet,https://www.youtube.com/watch?v=ROa3kbG5M0U&lc=UgxFjTgog5X1kBR316F4AaABAg,UgxFjTgog5X1kBR316F4AaABAg,UCJ9TeKl-glRPptCKIKGKk7Q,"Fetched 05/22/2026, 7:00:03 PM GMT+8"
245,Hillside,@ernestovaldez-s3b,3 days ago,Let's go locale congregation of hillside ecclesiastical destrict of Benguet ❤,https://www.youtube.com/watch?v=ROa3kbG5M0U&lc=UgySJubvuvy9QhrHWJp4AaABAg,UgySJubvuvy9QhrHWJp4AaABAg,UCJ9TeKl-glRPptCKIKGKk7Q,"Fetched 05/22/2026, 7:00:03 PM GMT+8"
246,Hillside,@ernestovaldez-s3b,3 days ago,Go Destrito ng Benguet lets make it to no 1 spot! Hillside destrict of Benguet,https://www.youtube.com/watch?v=ROa3kbG5M0U&lc=UgzTOSt7GkZhqp91P7d4AaABAg,UgzTOSt7GkZhqp91P7d4AaABAg,UCJ9TeKl-glRPptCKIKGKk7Q,"Fetched 05/22/2026, 7:00:03 PM GMT+8"
247,Hillside,@ernestovaldez-s3b,3 days ago,Kumusta po mga kapatid pagbati po mula sa lokal ng hillside Destrito ng Benguet,https://www.youtube.com/watch?v=ROa3kbG5M0U&lc=Ugz6b7gfk3OfAcCEU7t4AaABAg,Ugz6b7gfk3OfAcCEU7t4AaABAg,UCJ9TeKl-glRPptCKIKGKk7Q,"Fetched 05/22/2026, 7:00:03 PM GMT+8"
248,Hillside,@ernestovaldez-s3b,3 days ago,Hello po mula po sa lokal ng hillside,https://www.youtube.com/watch?v=ROa3kbG5M0U&lc=Ugx_QyxHUj2OpbE_x4h4AaABAg,Ugx_QyxHUj2OpbE_x4h4AaABAg,UCJ9TeKl-glRPptCKIKGKk7Q,"Fetched 05/22/2026, 7:00:03 PM GMT+8"
249,Hillside,@coto-ongnesrionardc.9972,3 days ago,Happy Viewing po mga Kapatid 🎉❤ greeting po mula sa lokal ng Hillside⛰️✨,https://www.youtube.com/watch?v=ROa3kbG5M0U&lc=UgxixeJs784ri_r2yYx4AaABAg,UgxixeJs784ri_r2yYx4AaABAg,UC3mnqkvRsOe5VmjM8q7mu3A,"Fetched 05/22/2026, 7:00:03 PM GMT+8"
250,Hillside,@johnwendell4206,3 days ago,Pagbati po mula sa Lokal ng Hillside 💙,https://www.youtube.com/watch?v=ROa3kbG5M0U&lc=Ugz6M4WjEer_0KPNKux4AaABAg,Ugz6M4WjEer_0KPNKux4AaABAg,UCgF5njP1dcUDxqfVs9mcX6A,"Fetched 05/22/2026, 7:00:03 PM GMT+8"
251,Hillside,@Wilbertpaulino-nb8fm,3 days ago,GO BENGUET!!!!!❤❤❤❤ / Pagbati po mula sa Lokal ng Hillside binabati kopo ang aming Destinado Ka Alvin Jhon Capulong!!!,https://www.youtube.com/watch?v=ROa3kbG5M0U&lc=UgwF8B05qyLZX2-lKMV4AaABAg,UgwF8B05qyLZX2-lKMV4AaABAg,UCWBtQHrKMlD_eK3wi-wWTlQ,"Fetched 05/22/2026, 7:00:03 PM GMT+8"
252,Hillside,@LeonidesSido,3 days ago,Happy viewing po mula sa Lokal ng Hillside Distrito ng Benguet. Binabati po namin ang aming destinado kapatid na Jhon Alvin Capulong,https://www.youtube.com/watch?v=ROa3kbG5M0U&lc=UgxsVfd5qhueITkRinx4AaABAg,UgxsVfd5qhueITkRinx4AaABAg,UCboTr9D0eo38S7pgk-D1D4Q,"Fetched 05/22/2026, 7:00:03 PM GMT+8"
253,Hillside,@LeonidesSido,3 days ago,Binabati po namin ang lahat ng nanonood. Mula pi sa Lokal ng Hillside Distrito ng Benguet,https://www.youtube.com/watch?v=ROa3kbG5M0U&lc=Ugy-e76pUMKf3f62xJB4AaABAg,Ugy-e76pUMKf3f62xJB4AaABAg,UCboTr9D0eo38S7pgk-D1D4Q,"Fetched 05/22/2026, 7:00:03 PM GMT+8"
254,Hillside,@Wilbertpaulino-nb8fm,3 days ago,HAPPY VIEWING PO  / GO GO GO BENGUET ❤!!! / — HILLSIDE❤,https://www.youtube.com/watch?v=ROa3kbG5M0U&lc=Ugwbf4ZL73qMakCZD0F4AaABAg,Ugwbf4ZL73qMakCZD0F4AaABAg,UCWBtQHrKMlD_eK3wi-wWTlQ,"Fetched 05/22/2026, 7:00:03 PM GMT+8"
255,Hillside,@Wilbertpaulino-nb8fm,3 days ago,Good evening po happy watching po mula po sa lokal ng Hillside!!!!!,https://www.youtube.com/watch?v=ROa3kbG5M0U&lc=UgyveRhyq5YPjX4_bq54AaABAg,UgyveRhyq5YPjX4_bq54AaABAg,UCWBtQHrKMlD_eK3wi-wWTlQ,"Fetched 05/22/2026, 7:00:03 PM GMT+8"
256,Hillside,@Wilbertpaulino-nb8fm,3 days ago,GO GO GO GO!!! BENGUET / -Hillside❤,https://www.youtube.com/watch?v=ROa3kbG5M0U&lc=Ugyoau0Qe6-ImiYljoR4AaABAg,Ugyoau0Qe6-ImiYljoR4AaABAg,UCWBtQHrKMlD_eK3wi-wWTlQ,"Fetched 05/22/2026, 7:00:03 PM GMT+8"
257,Hillside,@Wilbertpaulino-nb8fm,3 days ago,Binabati kopo mga KadBin from Hillside!!!!!❤️,https://www.youtube.com/watch?v=ROa3kbG5M0U&lc=Ugx9Y-H25xcNprHWBtV4AaABAg,Ugx9Y-H25xcNprHWBtV4AaABAg,UCWBtQHrKMlD_eK3wi-wWTlQ,"Fetched 05/22/2026, 7:00:03 PM GMT+8"
258,Hillside,@Wilbertpaulino-nb8fm,3 days ago,Binabati kopo ung mga PD namin sa Lokal ng Hillside ❤️❤️❤️❤️,https://www.youtube.com/watch?v=ROa3kbG5M0U&lc=UgyeEuYRIt4Gl6osoUF4AaABAg,UgyeEuYRIt4Gl6osoUF4AaABAg,UCWBtQHrKMlD_eK3wi-wWTlQ,"Fetched 05/22/2026, 7:00:03 PM GMT+8"
259,Hillside,@miasy-RL,3 days ago,"Happy Viewing po mula sa Lokal ng Hillside, Distrito ng Benguet🫶🏻❤️",https://www.youtube.com/watch?v=ROa3kbG5M0U&lc=UgxaUm_eCW4nIaR8VHB4AaABAg,UgxaUm_eCW4nIaR8VHB4AaABAg,UCE4qpM5SGKSbx589elFLOkw,"Fetched 05/22/2026, 7:00:03 PM GMT+8"
260,Hillside,@Wilbertpaulino-nb8fm,3 days ago,Go go go Benguet  po mula sa Lokal ng Hillside!!!!,https://www.youtube.com/watch?v=ROa3kbG5M0U&lc=UgwFrg6AMdoNLZdROCB4AaABAg,UgwFrg6AMdoNLZdROCB4AaABAg,UCWBtQHrKMlD_eK3wi-wWTlQ,"Fetched 05/22/2026, 7:00:03 PM GMT+8"
261,Hillside,@LeonidesSido,3 days ago,Magandang gabi po sa lahat. Maligayang panonood din po sa lahat. Pagbati mula po sa Lokal ng Hillside Distrito ng Benguet,https://www.youtube.com/watch?v=ROa3kbG5M0U&lc=UgyOvzG2B3rx80hU8aZ4AaABAg,UgyOvzG2B3rx80hU8aZ4AaABAg,UCboTr9D0eo38S7pgk-D1D4Q,"Fetched 05/22/2026, 7:00:03 PM GMT+8"
262,Hillside,@LeonidesSido,3 days ago,Happy viewing po mula sa Lokal ng Hillside Distrito ng Benguet. Binabati po namin ang aming destinado kapatid na Jhon Alvin Capulong at ang amin pong mahal na Tagapangasiwa kapatid na Ardy  Mendoza,https://www.youtube.com/watch?v=ROa3kbG5M0U&lc=UgzIXAMw0Rod31asAAV4AaABAg,UgzIXAMw0Rod31asAAV4AaABAg,UCboTr9D0eo38S7pgk-D1D4Q,"Fetched 05/22/2026, 7:00:03 PM GMT+8"
263,Hillside,@LeonidesSido,3 days ago,Happy viewing po mula sa Lokal ng Hillside Distrito ng Benguet.,https://www.youtube.com/watch?v=ROa3kbG5M0U&lc=Ugy6FVQKZusnaof5KNB4AaABAg,Ugy6FVQKZusnaof5KNB4AaABAg,UCboTr9D0eo38S7pgk-D1D4Q,"Fetched 05/22/2026, 7:00:03 PM GMT+8"
264,Hillside,@LeonidesSido,3 days ago,Happy viewing po mula sa Lokal ng Hillside Distrito ng Benguet. Binabati po namin ang aming destinado kapatid na Jhon Alvin Capulong,https://www.youtube.com/watch?v=ROa3kbG5M0U&lc=UgxA4oODObScLQvfhTt4AaABAg,UgxA4oODObScLQvfhTt4AaABAg,UCboTr9D0eo38S7pgk-D1D4Q,"Fetched 05/22/2026, 7:00:03 PM GMT+8"
265,Hillside,@LeonidesSido,3 days ago,Happy viewing po mula sa Lokal ng Hillside Distrito ng Benguet.,https://www.youtube.com/watch?v=ROa3kbG5M0U&lc=Ugxl-8NOqLyIiucl2_h4AaABAg,Ugxl-8NOqLyIiucl2_h4AaABAg,UCboTr9D0eo38S7pgk-D1D4Q,"Fetched 05/22/2026, 7:00:03 PM GMT+8"
266,Hillside,@LeonidesSido,3 days ago,Magandang gabi po sa lahat at maligayang panonood. Pagbati po. Ula sa Lokal ng Hillside Distrito ng Benguet,https://www.youtube.com/watch?v=ROa3kbG5M0U&lc=UgwpxFhPgwBso9pt3qV4AaABAg,UgwpxFhPgwBso9pt3qV4AaABAg,UCboTr9D0eo38S7pgk-D1D4Q,"Fetched 05/22/2026, 7:00:03 PM GMT+8"
267,Hillside,@LeonidesSido,3 days ago,Happy viewing po mula sa Lokal ng Hillside Distrito ng Benguet. Binabati po namin ang aming destinado kapatid na Jhon Alvin Capulong at ang amin pong mahal na Tagapangasiwa kapatid na Ardy  Mendoza,https://www.youtube.com/watch?v=ROa3kbG5M0U&lc=Ugxwc8NbBbpk3t2k9gJ4AaABAg,Ugxwc8NbBbpk3t2k9gJ4AaABAg,UCboTr9D0eo38S7pgk-D1D4Q,"Fetched 05/22/2026, 7:00:03 PM GMT+8"
268,Hillside,@Wilbertpaulino-nb8fm,3 days ago,Benguet go go go!!!!!  / Pagbati po mula lokal ng Hillside!!!!,https://www.youtube.com/watch?v=ROa3kbG5M0U&lc=Ugx9j0vZTCJ-Cv-wdz94AaABAg,Ugx9j0vZTCJ-Cv-wdz94AaABAg,UCWBtQHrKMlD_eK3wi-wWTlQ,"Fetched 05/22/2026, 7:00:03 PM GMT+8"
269,Hillside,@Wilbertpaulino-nb8fm,3 days ago,Go Benguet!!!!!! Mula po sa lokal ng Hillside District of Benguet❤❤❤❤❤❤❤❤❤,https://www.youtube.com/watch?v=ROa3kbG5M0U&lc=UgzOp-SWl-K-CJ5liY94AaABAg,UgzOp-SWl-K-CJ5liY94AaABAg,UCWBtQHrKMlD_eK3wi-wWTlQ,"Fetched 05/22/2026, 7:00:03 PM GMT+8"
270,Hillside,@Wilbertpaulino-nb8fm,4 days ago,Happy viewing po binabati kopo ung mga magaganda at poging mga kalihim sa Lokal ng Hillside Distrito ng Benguet🇮🇹❤️!!!,https://www.youtube.com/watch?v=ROa3kbG5M0U&lc=Ugzf954QIxT9Drk2X5Z4AaABAg,Ugzf954QIxT9Drk2X5Z4AaABAg,UCWBtQHrKMlD_eK3wi-wWTlQ,"Fetched 05/22/2026, 7:00:03 PM GMT+8"
271,Hillside,@LeonidesSido,4 days ago,Happy viewing po mula sa Lokal ng Hillside Distrito ng Benguet. Binabati po namin ang aming destinado kapatid na Jhon Alvin Capulong at ang amin pong mahal na Tagapangasiwa kapatid na Ardy  Mendoza,https://www.youtube.com/watch?v=ROa3kbG5M0U&lc=UgxrJXK9GI1JSiuYawl4AaABAg,UgxrJXK9GI1JSiuYawl4AaABAg,UCboTr9D0eo38S7pgk-D1D4Q,"Fetched 05/22/2026, 7:00:03 PM GMT+8"
272,Hillside,@Wilbertpaulino-nb8fm,4 days ago,Happy viewing po nyo po sa Lokal ng Hillside Distrito ng Benguet binabati kopo ung pogi naming Destinado!!!,https://www.youtube.com/watch?v=ROa3kbG5M0U&lc=UgzyoLqtg2pT3pzN2SZ4AaABAg,UgzyoLqtg2pT3pzN2SZ4AaABAg,UCWBtQHrKMlD_eK3wi-wWTlQ,"Fetched 05/22/2026, 7:00:03 PM GMT+8"
273,Hillside,@LeonidesSido,4 days ago,Magandang gabi po sa lahat at maligayang panonood mula po sa Lokal ng Hillside Distrito ng Benguet,https://www.youtube.com/watch?v=ROa3kbG5M0U&lc=UgyHeE6Wt17loESZfZR4AaABAg,UgyHeE6Wt17loESZfZR4AaABAg,UCboTr9D0eo38S7pgk-D1D4Q,"Fetched 05/22/2026, 7:00:03 PM GMT+8"
274,Hillside,@LeonidesSido,4 days ago,Happy viewing po sa lahat mula po sa lokal ng Hillside Distrito ng Benguet,https://www.youtube.com/watch?v=ROa3kbG5M0U&lc=UgwmTtXUBLN1LBMjpZB4AaABAg,UgwmTtXUBLN1LBMjpZB4AaABAg,UCboTr9D0eo38S7pgk-D1D4Q,"Fetched 05/22/2026, 7:00:03 PM GMT+8"
275,Hillside,@LeonidesSido,4 days ago,Happy viewing po mula sa Lokal ng Hillside Distrito ng Benguet.,https://www.youtube.com/watch?v=ROa3kbG5M0U&lc=Ugy0iqCgLqKTgsSX-nx4AaABAg,Ugy0iqCgLqKTgsSX-nx4AaABAg,UCboTr9D0eo38S7pgk-D1D4Q,"Fetched 05/22/2026, 7:00:03 PM GMT+8"
276,Hillside,@LeonidesSido,4 days ago,"Benguet fight, fight, fight pagbati po mula sa Lokal ng Hillside Distrito ng Benguet.",https://www.youtube.com/watch?v=ROa3kbG5M0U&lc=UgxaOH_BNNM64rbgrJ94AaABAg,UgxaOH_BNNM64rbgrJ94AaABAg,UCboTr9D0eo38S7pgk-D1D4Q,"Fetched 05/22/2026, 7:00:03 PM GMT+8"
277,Hillside,@LeonidesSido,4 days ago,Happy viewing po mula sa Lokal ng Hillside Distrito ng Benguet.,https://www.youtube.com/watch?v=ROa3kbG5M0U&lc=UgxN7c2kN1fLAhH51qt4AaABAg,UgxN7c2kN1fLAhH51qt4AaABAg,UCboTr9D0eo38S7pgk-D1D4Q,"Fetched 05/22/2026, 7:00:03 PM GMT+8"
278,Hillside,@LeonidesSido,4 days ago,Happy viewing po mula sa Lokal ng Hillside Distrito ng Benguet. Binabati po namin ang aming destinado kapatid na Jhon Alvin Capulong at ang amin pong mahal na Tagapangasiwa kapatid na Ardy  Mendoza,https://www.youtube.com/watch?v=ROa3kbG5M0U&lc=UgzDbJgjiX-zAu4kapN4AaABAg,UgzDbJgjiX-zAu4kapN4AaABAg,UCboTr9D0eo38S7pgk-D1D4Q,"Fetched 05/22/2026, 7:00:03 PM GMT+8"
279,Hillside,@LeonidesSido,4 days ago,Happy viewing po mula sa Lokal ng Hillside Distrito ng Benguet. Binabati po namin ang aming destinado kapatid na Jhon Alvin Capulong at ang amin pong mahal na Tagapangasiwa kapatid na Ardy  Mendoza,https://www.youtube.com/watch?v=ROa3kbG5M0U&lc=UgyL3kZJgIARlpq3s2x4AaABAg,UgyL3kZJgIARlpq3s2x4AaABAg,UCboTr9D0eo38S7pgk-D1D4Q,"Fetched 05/22/2026, 7:00:03 PM GMT+8"
280,Hillside,@coto-ongnesrionardc.9972,4 days ago,Happy Viewing po 🎉🎉 pagbati mula lokal ng Hillside ❤,https://www.youtube.com/watch?v=ROa3kbG5M0U&lc=UgyHIlt98dYPpBhALc54AaABAg,UgyHIlt98dYPpBhALc54AaABAg,UC3mnqkvRsOe5VmjM8q7mu3A,"Fetched 05/22/2026, 7:00:03 PM GMT+8"
281,Hillside,@LeonidesSido,4 days ago,Happy viewing po mula sa Lokal ng Hillside Distrito ng Benguet.,https://www.youtube.com/watch?v=ROa3kbG5M0U&lc=UgxGpUest66oKETk29d4AaABAg,UgxGpUest66oKETk29d4AaABAg,UCboTr9D0eo38S7pgk-D1D4Q,"Fetched 05/22/2026, 7:00:03 PM GMT+8"
282,Hillside,@LeonidesSido,4 days ago,Happy viewing po mula sa Lokal ng Hillside Distrito ng Benguet.,https://www.youtube.com/watch?v=ROa3kbG5M0U&lc=UgzNaybPamvEjABTYnF4AaABAg,UgzNaybPamvEjABTYnF4AaABAg,UCboTr9D0eo38S7pgk-D1D4Q,"Fetched 05/22/2026, 7:00:03 PM GMT+8"
283,Hillside,@LeonidesSido,4 days ago,"Magandang gabi po sa lahat, happy viewing po mula sa Lokal ng Hillside Distrito ng Benguet",https://www.youtube.com/watch?v=ROa3kbG5M0U&lc=UgxG8tiS-tZ4PZ_raPt4AaABAg,UgxG8tiS-tZ4PZ_raPt4AaABAg,UCboTr9D0eo38S7pgk-D1D4Q,"Fetched 05/22/2026, 7:00:03 PM GMT+8"
284,Hillside,@coto-onglheanaajc.3303,4 days ago,Happy Viewing po Mula sa Lokal ng Hillside,https://www.youtube.com/watch?v=ROa3kbG5M0U&lc=UgzuI6H228nP_2xMzRl4AaABAg,UgzuI6H228nP_2xMzRl4AaABAg,UCepvdbDlLD3XhIPriTXriCw,"Fetched 05/22/2026, 7:00:03 PM GMT+8"
285,Hillside,@RuthLubin-u4o,4 days ago,"good evening everyone from HILLSIDE, BENGUET",https://www.youtube.com/watch?v=ROa3kbG5M0U&lc=UgxcqSx4hiZKOf8iIXN4AaABAg,UgxcqSx4hiZKOf8iIXN4AaABAg,UC_uf6eNpjGA4ra2-XeZeq7Q,"Fetched 05/22/2026, 7:00:03 PM GMT+8"
286,Hillside,@HrmyndCoto-ong,4 days ago,Happy viewing po mula sa LOKAL HILLSIDE🎉,https://www.youtube.com/watch?v=ROa3kbG5M0U&lc=UgxNqSNJONiNCdPb0GV4AaABAg,UgxNqSNJONiNCdPb0GV4AaABAg,UCbCAqWMOZcLATjTPEQjzgLg,"Fetched 05/22/2026, 7:00:03 PM GMT+8"
287,Hillside,@coto-onglheanaajc.3303,4 days ago,Happy Viewing po / From Lokal ng Hillside,https://www.youtube.com/watch?v=ROa3kbG5M0U&lc=UgxH_I_s30VnHQCHg3p4AaABAg,UgxH_I_s30VnHQCHg3p4AaABAg,UCepvdbDlLD3XhIPriTXriCw,"Fetched 05/22/2026, 7:00:03 PM GMT+8"
288,Hillside,@jeremiahforteza2493,4 days ago,Maligayang panonod po mga kapatid pagbati mula sa hillside Benguet 🇮🇪,https://www.youtube.com/watch?v=ROa3kbG5M0U&lc=UgxKZEGh27vWk7NV2el4AaABAg,UgxKZEGh27vWk7NV2el4AaABAg,UClBVcxireTFGdDNnQ_i9dXA,"Fetched 05/22/2026, 7:00:03 PM GMT+8"
289,Hillside,@jeremiahforteza2493,4 days ago,Maligayang panonod po mga kapatid pagbati mula sa hillside Benguet 🇮🇪,https://www.youtube.com/watch?v=ROa3kbG5M0U&lc=UgzIZmtP-2_OgBR8n054AaABAg,UgzIZmtP-2_OgBR8n054AaABAg,UClBVcxireTFGdDNnQ_i9dXA,"Fetched 05/22/2026, 7:00:03 PM GMT+8"
290,Hillside,@jeremiahforteza2493,4 days ago,"Watching po from Lokal ng Hillside, Benguet",https://www.youtube.com/watch?v=ROa3kbG5M0U&lc=Ugy1ZCrEyoCM697Xdvx4AaABAg,Ugy1ZCrEyoCM697Xdvx4AaABAg,UClBVcxireTFGdDNnQ_i9dXA,"Fetched 05/22/2026, 7:00:03 PM GMT+8"
291,Hillside,@joanbautista7658,4 days ago,Happy viewing from lokal ng hillside distrito ng benguet,https://www.youtube.com/watch?v=ROa3kbG5M0U&lc=UgxQSKxlt00zC9E8PA14AaABAg,UgxQSKxlt00zC9E8PA14AaABAg,UCgxPc4tiyQb-gy_cGAY4Aag,"Fetched 05/22/2026, 7:00:03 PM GMT+8"
292,Hillside,@joanbautista7658,4 days ago,Happy vieqing from lokal ng hillside,https://www.youtube.com/watch?v=ROa3kbG5M0U&lc=UgxE027oS87Krj4eGRN4AaABAg,UgxE027oS87Krj4eGRN4AaABAg,UCgxPc4tiyQb-gy_cGAY4Aag,"Fetched 05/22/2026, 7:00:03 PM GMT+8"
293,Hillside,@joanbautista7658,4 days ago,❤❤happy viewing from lokal ng hillside,https://www.youtube.com/watch?v=ROa3kbG5M0U&lc=UgyxuvI9jrN6RD5HaXt4AaABAg,UgyxuvI9jrN6RD5HaXt4AaABAg,UCgxPc4tiyQb-gy_cGAY4Aag,"Fetched 05/22/2026, 7:00:03 PM GMT+8"
294,Hillside,@joanbautista7658,4 days ago,Happy viewing from lokal ng hillside❤❤❤,https://www.youtube.com/watch?v=ROa3kbG5M0U&lc=UgyUsU6ulGv9HEkabJ14AaABAg,UgyUsU6ulGv9HEkabJ14AaABAg,UCgxPc4tiyQb-gy_cGAY4Aag,"Fetched 05/22/2026, 7:00:03 PM GMT+8"
295,Hillside,@RuthLubin-u4o,4 days ago,"Gandang tanghali po, happy viewing po mula sa lokal ng HILLSIDE, BENGUET",https://www.youtube.com/watch?v=ROa3kbG5M0U&lc=UgzdvI9xdkhNCvVe_vJ4AaABAg,UgzdvI9xdkhNCvVe_vJ4AaABAg,UC_uf6eNpjGA4ra2-XeZeq7Q,"Fetched 05/22/2026, 7:00:03 PM GMT+8"
296,Hillside,@melissavaldez25,4 days ago,"Happy viewing po mga kapatid.Pagbati po mula sa Lokal ng Hillside, Distrito ng Benguet.",https://www.youtube.com/watch?v=ROa3kbG5M0U&lc=UgxiOa1BRLfiifElTZJ4AaABAg,UgxiOa1BRLfiifElTZJ4AaABAg,UC1eC2xOks9F80dDzFmLTQ3Q,"Fetched 05/22/2026, 7:00:03 PM GMT+8"
297,Hillside,@melissavaldez25,4 days ago,"Binabati po namin ang Pangulong Kadiwa ng aming Distrito,ang kapatid na Henry Caranto.Pagbati po mula sa Lokal ng Hillside, Distrito ng Benguet.",https://www.youtube.com/watch?v=ROa3kbG5M0U&lc=Ugxpv5g-6Q_br9Loxwd4AaABAg,Ugxpv5g-6Q_br9Loxwd4AaABAg,UC1eC2xOks9F80dDzFmLTQ3Q,"Fetched 05/22/2026, 7:00:03 PM GMT+8"
298,Hillside,@melissavaldez25,4 days ago,"Binabati po namin ang aming mahal na Tagapangasiwa ng Distrito, ang kapatid na Ardy Mendoza.Pagbati po mula sa Lokal ng Hillside, Distrito ng Benguet.",https://www.youtube.com/watch?v=ROa3kbG5M0U&lc=UgwA_BVYDRA717tdNTV4AaABAg,UgwA_BVYDRA717tdNTV4AaABAg,UC1eC2xOks9F80dDzFmLTQ3Q,"Fetched 05/22/2026, 7:00:03 PM GMT+8"
299,Hillside,@melissavaldez25,4 days ago,"Binabati po namin ang aming KSKP ng Distrito, ang kapatid na John Felix Dungan.Pagbati po mula sa Lokal ng Hillside, Distrito ng Benguet.",https://www.youtube.com/watch?v=ROa3kbG5M0U&lc=Ugyd4UeTmYKt3lr7sut4AaABAg,Ugyd4UeTmYKt3lr7sut4AaABAg,UC1eC2xOks9F80dDzFmLTQ3Q,"Fetched 05/22/2026, 7:00:03 PM GMT+8"
300,Hillside,@melissavaldez25,4 days ago,"Hello po sa mga kapatid sa Lokal ng Quezon Hill.Pagbati po mula sa Lokal ng Hillside, Distrito ng Benguet.",https://www.youtube.com/watch?v=ROa3kbG5M0U&lc=UgwVxOd0iuZ68URr1r94AaABAg,UgwVxOd0iuZ68URr1r94AaABAg,UC1eC2xOks9F80dDzFmLTQ3Q,"Fetched 05/22/2026, 7:00:03 PM GMT+8"
301,Hillside,@melissavaldez25,4 days ago,"Happy Monday po mga kapatid.Pagbati po mula sa Lokal ng Hillside, Distrito ng Benguet.",https://www.youtube.com/watch?v=ROa3kbG5M0U&lc=Ugy7iy6Ac-NktgtIE9p4AaABAg,Ugy7iy6Ac-NktgtIE9p4AaABAg,UC1eC2xOks9F80dDzFmLTQ3Q,"Fetched 05/22/2026, 7:00:03 PM GMT+8"
302,Hillside,@melissavaldez25,4 days ago,"Happy viewing po mga kapatid.Pagbati po mula sa Lokal ng Hillside, Distrito ng Benguet",https://www.youtube.com/watch?v=ROa3kbG5M0U&lc=UgzpaWRyKJhJL1AhOPF4AaABAg,UgzpaWRyKJhJL1AhOPF4AaABAg,UC1eC2xOks9F80dDzFmLTQ3Q,"Fetched 05/22/2026, 7:00:03 PM GMT+8"
303,Hillside,@AdamSocnayan-w8j,4 days ago,"Fight fight fight benguet para sa darating na malaking pamamahayag may22 7pm,mula sa lokal ng hillside distrito po ng benguet",https://www.youtube.com/watch?v=ROa3kbG5M0U&lc=UgzY0AY4sHLt9BthEhN4AaABAg,UgzY0AY4sHLt9BthEhN4AaABAg,UCObQ0gkLmwSDEjxkTaq3_FQ,"Fetched 05/22/2026, 7:00:03 PM GMT+8"
304,Hillside,@AdamSocnayan-w8j,4 days ago,"Fight fight fight benguet para sa darating na malaking pamamahayag may22 7pm,mula sa lokal ng hillside distrito po ng benguet",https://www.youtube.com/watch?v=ROa3kbG5M0U&lc=UgzvKSOywECaJzjBTDh4AaABAg,UgzvKSOywECaJzjBTDh4AaABAg,UCObQ0gkLmwSDEjxkTaq3_FQ,"Fetched 05/22/2026, 7:00:03 PM GMT+8"
305,Hillside,@AdamSocnayan-w8j,4 days ago,"Fight fight fight benguet para sa darating na malaking pamamahayag may22 7pm,mula sa lokal ng hillside distrito po ng benguet",https://www.youtube.com/watch?v=ROa3kbG5M0U&lc=UgzYhMqh6oH7u1jrJB94AaABAg,UgzYhMqh6oH7u1jrJB94AaABAg,UCObQ0gkLmwSDEjxkTaq3_FQ,"Fetched 05/22/2026, 7:00:03 PM GMT+8"
306,Hillside,@AdamSocnayan-w8j,4 days ago,"Fight fight fight benguet para sa darating na malaking pamamahayag may22 7pm,mula sa lokal ng hillside distrito po ng benguet",https://www.youtube.com/watch?v=ROa3kbG5M0U&lc=UgwAnnrFg2EGNBvnzHp4AaABAg,UgwAnnrFg2EGNBvnzHp4AaABAg,UCObQ0gkLmwSDEjxkTaq3_FQ,"Fetched 05/22/2026, 7:00:03 PM GMT+8"
307,Hillside,@lanitorres8012,4 days ago,Fight! Fight! Lokal ng Hillside..,https://www.youtube.com/watch?v=ROa3kbG5M0U&lc=UgwoNa8e1Ibz4dKO2lV4AaABAg,UgwoNa8e1Ibz4dKO2lV4AaABAg,UCTTzQ93WliUqRokBR_d4iQQ,"Fetched 05/22/2026, 7:00:03 PM GMT+8"
308,Hillside,@coto-ongnesrionardc.9972,4 days ago,Happy viewing po mga kapatid 🎉 greetings from lokal ng Hillside❤,https://www.youtube.com/watch?v=ROa3kbG5M0U&lc=UgxJOSQYFrANxNGbv6B4AaABAg,UgxJOSQYFrANxNGbv6B4AaABAg,UC3mnqkvRsOe5VmjM8q7mu3A,"Fetched 05/22/2026, 7:00:03 PM GMT+8"
309,Hillside,@lanitorres8012,4 days ago,Mula po s lokal ng hillside.. happy viewing po,https://www.youtube.com/watch?v=ROa3kbG5M0U&lc=UgzOEtFuZHm7RKt1L314AaABAg,UgzOEtFuZHm7RKt1L314AaABAg,UCTTzQ93WliUqRokBR_d4iQQ,"Fetched 05/22/2026, 7:00:03 PM GMT+8"
310,Hillside,@jhonalvincapulong3700,4 days ago,Happy Viewing po From Lokal ng Hillside.,https://www.youtube.com/watch?v=ROa3kbG5M0U&lc=Ugxcr86p5n-N4DWkivl4AaABAg,Ugxcr86p5n-N4DWkivl4AaABAg,UCUHhlIqTA8U_eWC_d86Hv9Q,"Fetched 05/22/2026, 7:00:03 PM GMT+8"
311,Hillside,@coto-onglheanaajc.3303,4 days ago,Happy Viewing po from Lokal ng Hillside ❤,https://www.youtube.com/watch?v=ROa3kbG5M0U&lc=UgwlcLthrYUrA8TDMj54AaABAg,UgwlcLthrYUrA8TDMj54AaABAg,UCepvdbDlLD3XhIPriTXriCw,"Fetched 05/22/2026, 7:00:03 PM GMT+8"
312,Hillside,@krishamaeforteza3076,4 days ago,"Good Morning po! Happy Viewing po From Lokal ng Hillside, Distrito ng Benguet!💞💞",https://www.youtube.com/watch?v=ROa3kbG5M0U&lc=Ugy-fqnaQUquWxfosJN4AaABAg,Ugy-fqnaQUquWxfosJN4AaABAg,UCkuSQ0_Ec77rx_qcK_O7wyw,"Fetched 05/22/2026, 7:00:03 PM GMT+8"
313,Hillside,@lanitorres8012,4 days ago,Maligayang panonood po . Mula s lokal ng.hillside,https://www.youtube.com/watch?v=ROa3kbG5M0U&lc=Ugys0VlUruGEKg9Vi614AaABAg,Ugys0VlUruGEKg9Vi614AaABAg,UCTTzQ93WliUqRokBR_d4iQQ,"Fetched 05/22/2026, 7:00:03 PM GMT+8"
314,Hillside,@lanitorres8012,4 days ago,Maligayang panonood po . Mula s lokal ng.hillside,https://www.youtube.com/watch?v=ROa3kbG5M0U&lc=UgyN-vNPbk_HS-qTBd94AaABAg,UgyN-vNPbk_HS-qTBd94AaABAg,UCTTzQ93WliUqRokBR_d4iQQ,"Fetched 05/22/2026, 7:00:03 PM GMT+8"
315,Hillside,@RuthLubin-u4o,4 days ago,Good morning po!  Mula sa lokal ng HILLSIDE,https://www.youtube.com/watch?v=ROa3kbG5M0U&lc=UgxPiD5utLPVmxW8U9R4AaABAg,UgxPiD5utLPVmxW8U9R4AaABAg,UC_uf6eNpjGA4ra2-XeZeq7Q,"Fetched 05/22/2026, 7:00:03 PM GMT+8"
316,Hillside,@RuthLubin-u4o,4 days ago,"Greetings po mula sa lokal ng HILLSIDE , BENGUET",https://www.youtube.com/watch?v=ROa3kbG5M0U&lc=Ugy4fEsLu2oaz9jpJ4J4AaABAg,Ugy4fEsLu2oaz9jpJ4J4AaABAg,UC_uf6eNpjGA4ra2-XeZeq7Q,"Fetched 05/22/2026, 7:00:03 PM GMT+8"
317,Hillside,@shafftdeguzman962,4 days ago,Goodevening po mga kapatid! Mula po sa Lokal ng Hillside,https://www.youtube.com/watch?v=ROa3kbG5M0U&lc=Ugw_g3YF5y6HV2nTHFN4AaABAg,Ugw_g3YF5y6HV2nTHFN4AaABAg,UCCloNO6Hsgkd-e_gsv8oBcg,"Fetched 05/22/2026, 7:00:03 PM GMT+8"
318,Hillside,@jilliansamchao,4 days ago,"Happy Viewing po mga Kapatid, mula po sa Lokal ng HILLSIDE",https://www.youtube.com/watch?v=ROa3kbG5M0U&lc=UgxdQOFU2wDnGn4Ac-J4AaABAg,UgxdQOFU2wDnGn4Ac-J4AaABAg,UCRnvVcjVsXveWDHJS-10OWg,"Fetched 05/22/2026, 7:00:03 PM GMT+8"
319,Hillside,@coto-ongnesrionardc.9972,4 days ago,Happy viewing po ulit 🎉 pagbati po mula sa lokal ng Hillside ❤,https://www.youtube.com/watch?v=ROa3kbG5M0U&lc=UgyF2vfEKhIJDLOgajd4AaABAg,UgyF2vfEKhIJDLOgajd4AaABAg,UC3mnqkvRsOe5VmjM8q7mu3A,"Fetched 05/22/2026, 7:00:03 PM GMT+8"
320,Hillside,@coto-ongnesrionardc.9972,4 days ago,Happy viewing po ulit 🎉 pagbati po mula sa lokal ng Hillside ❤,https://www.youtube.com/watch?v=ROa3kbG5M0U&lc=UgwJhcO6L4qBlVP7tLh4AaABAg,UgwJhcO6L4qBlVP7tLh4AaABAg,UC3mnqkvRsOe5VmjM8q7mu3A,"Fetched 05/22/2026, 7:00:03 PM GMT+8"
321,Hillside,@coto-ongnesrionardc.9972,4 days ago,Happy viewing po ulit 🎉 pagbati po mula sa lokal ng Hillside ❤,https://www.youtube.com/watch?v=ROa3kbG5M0U&lc=UgxiYnX8f0-wNuZk1614AaABAg,UgxiYnX8f0-wNuZk1614AaABAg,UC3mnqkvRsOe5VmjM8q7mu3A,"Fetched 05/22/2026, 7:00:03 PM GMT+8"
322,Hillside,@coto-ongnesrionardc.9972,4 days ago,Happy viewing po ulit 🎉 pagbati po mula sa lokal ng Hillside ❤,https://www.youtube.com/watch?v=ROa3kbG5M0U&lc=UgzOTAq_M5WIhASjA_B4AaABAg,UgzOTAq_M5WIhASjA_B4AaABAg,UC3mnqkvRsOe5VmjM8q7mu3A,"Fetched 05/22/2026, 7:00:03 PM GMT+8"
323,Hillside,@coto-ongnesrionardc.9972,4 days ago,Happy viewing po ulit 🎉 pagbati po mula sa lokal ng Hillside ❤,https://www.youtube.com/watch?v=ROa3kbG5M0U&lc=UgxJz3oOd4OlgEQzEy94AaABAg,UgxJz3oOd4OlgEQzEy94AaABAg,UC3mnqkvRsOe5VmjM8q7mu3A,"Fetched 05/22/2026, 7:00:03 PM GMT+8"
324,Hillside,@coto-ongnesrionardc.9972,4 days ago,Happy viewing po ulit 🎉 pagbati po mula sa lokal ng Hillside ❤,https://www.youtube.com/watch?v=ROa3kbG5M0U&lc=UgzAPMApyxz4VNN7b4t4AaABAg,UgzAPMApyxz4VNN7b4t4AaABAg,UC3mnqkvRsOe5VmjM8q7mu3A,"Fetched 05/22/2026, 7:00:03 PM GMT+8"
325,Hillside,@coto-ongnesrionardc.9972,4 days ago,Happy viewing po ulit 🎉 pagbati po mula sa lokal ng Hillside ❤,https://www.youtube.com/watch?v=ROa3kbG5M0U&lc=UgyUbemAJT_FegLx05l4AaABAg,UgyUbemAJT_FegLx05l4AaABAg,UC3mnqkvRsOe5VmjM8q7mu3A,"Fetched 05/22/2026, 7:00:03 PM GMT+8"
326,Hillside,@coto-ongnesrionardc.9972,4 days ago,Happy viewing po ulit 🎉 pagbati po mula sa lokal ng Hillside ❤,https://www.youtube.com/watch?v=ROa3kbG5M0U&lc=UgwqHZcgJg24aXaKWtl4AaABAg,UgwqHZcgJg24aXaKWtl4AaABAg,UC3mnqkvRsOe5VmjM8q7mu3A,"Fetched 05/22/2026, 7:00:03 PM GMT+8"
327,Hillside,@coto-ongnesrionardc.9972,4 days ago,Happy viewing po ulit 🎉 pagbati po mula sa lokal ng Hillside ❤,https://www.youtube.com/watch?v=ROa3kbG5M0U&lc=Ugwm2rxezBqIDsvWaId4AaABAg,Ugwm2rxezBqIDsvWaId4AaABAg,UC3mnqkvRsOe5VmjM8q7mu3A,"Fetched 05/22/2026, 7:00:03 PM GMT+8"
328,Hillside,@coto-ongnesrionardc.9972,4 days ago,Happy viewing po ulit 🎉 pagbati po mula sa lokal ng Hillside ❤,https://www.youtube.com/watch?v=ROa3kbG5M0U&lc=Ugzrp8JjwAOpN_BZzit4AaABAg,Ugzrp8JjwAOpN_BZzit4AaABAg,UC3mnqkvRsOe5VmjM8q7mu3A,"Fetched 05/22/2026, 7:00:03 PM GMT+8"
329,Hillside,@coto-ongnesrionardc.9972,4 days ago,Happy viewing po ulit 🎉 pagbati po mula sa lokal ng Hillside ❤,https://www.youtube.com/watch?v=ROa3kbG5M0U&lc=Ugx4a36WUpSvWmpRNeB4AaABAg,Ugx4a36WUpSvWmpRNeB4AaABAg,UC3mnqkvRsOe5VmjM8q7mu3A,"Fetched 05/22/2026, 7:00:03 PM GMT+8"
330,Hillside,@coto-ongnesrionardc.9972,4 days ago,Happy viewing po ulit 🎉 pagbati po mula sa lokal ng Hillside ❤,https://www.youtube.com/watch?v=ROa3kbG5M0U&lc=UgzfCry872BwrA4jeeJ4AaABAg,UgzfCry872BwrA4jeeJ4AaABAg,UC3mnqkvRsOe5VmjM8q7mu3A,"Fetched 05/22/2026, 7:00:03 PM GMT+8"
331,Hillside,@coto-ongnesrionardc.9972,4 days ago,Happy viewing po ulit 🎉 pagbati po mula sa lokal ng Hillside ❤,https://www.youtube.com/watch?v=ROa3kbG5M0U&lc=UgxvzSYe0-9MI1CSukd4AaABAg,UgxvzSYe0-9MI1CSukd4AaABAg,UC3mnqkvRsOe5VmjM8q7mu3A,"Fetched 05/22/2026, 7:00:03 PM GMT+8"
332,Hillside,@coto-ongnesrionardc.9972,4 days ago,Happy viewing po ulit 🎉 pagbati po mula sa lokal ng Hillside ❤,https://www.youtube.com/watch?v=ROa3kbG5M0U&lc=UgzF46uMIK0TdBLchux4AaABAg,UgzF46uMIK0TdBLchux4AaABAg,UC3mnqkvRsOe5VmjM8q7mu3A,"Fetched 05/22/2026, 7:00:03 PM GMT+8"
333,Hillside,@coto-ongnesrionardc.9972,4 days ago,Happy viewing po ulit 🎉 pagbati po mula sa lokal ng Hillside ❤,https://www.youtube.com/watch?v=ROa3kbG5M0U&lc=UgyHsjVouUPNJRMrA794AaABAg,UgyHsjVouUPNJRMrA794AaABAg,UC3mnqkvRsOe5VmjM8q7mu3A,"Fetched 05/22/2026, 7:00:03 PM GMT+8"
334,Hillside,@coto-ongnesrionardc.9972,4 days ago,Happy viewing po ulit 🎉 pagbati po mula sa lokal ng Hillside ❤,https://www.youtube.com/watch?v=ROa3kbG5M0U&lc=Ugy-upYM98mzXocV0ZF4AaABAg,Ugy-upYM98mzXocV0ZF4AaABAg,UC3mnqkvRsOe5VmjM8q7mu3A,"Fetched 05/22/2026, 7:00:03 PM GMT+8"
335,Hillside,@coto-ongnesrionardc.9972,4 days ago,Happy viewing po 🎉 pagbati po mula sa lokal ng Hillside ❤,https://www.youtube.com/watch?v=ROa3kbG5M0U&lc=Ugyh4RxsiAPe7RF_Uwd4AaABAg,Ugyh4RxsiAPe7RF_Uwd4AaABAg,UC3mnqkvRsOe5VmjM8q7mu3A,"Fetched 05/22/2026, 7:00:03 PM GMT+8"
336,Hillside,@coto-ongnesrionardc.9972,4 days ago,Happy viewing po ulit 🎉 pagbati po mula sa lokal ng Hillside ❤,https://www.youtube.com/watch?v=ROa3kbG5M0U&lc=Ugw4L4V7xrbkd8WfG0F4AaABAg,Ugw4L4V7xrbkd8WfG0F4AaABAg,UC3mnqkvRsOe5VmjM8q7mu3A,"Fetched 05/22/2026, 7:00:03 PM GMT+8"
337,Hillside,@floeyamtalao,4 days ago,"Greetings mula po sa Lokal ng Hillside, Distrito ng Benguet. Happy viewing po, mga Kapatid!☺💗",https://www.youtube.com/watch?v=ROa3kbG5M0U&lc=UgwbZ3cSQ0jqQ0L2zQt4AaABAg,UgwbZ3cSQ0jqQ0L2zQt4AaABAg,UC1nRWdFYDqnMGqNTHJz0XHw,"Fetched 05/22/2026, 7:00:03 PM GMT+8"
338,Hillside,@floeyamtalao,4 days ago,"Greetings mula po sa Lokal ng Hillside, Distrito ng Benguet. Happy viewing po, mga Kapatid!☺💗",https://www.youtube.com/watch?v=ROa3kbG5M0U&lc=Ugw3qy9QYgIazcuZceJ4AaABAg,Ugw3qy9QYgIazcuZceJ4AaABAg,UC1nRWdFYDqnMGqNTHJz0XHw,"Fetched 05/22/2026, 7:00:03 PM GMT+8"
339,Hillside,@floeyamtalao,4 days ago,"Greetings mula po sa Lokal ng Hillside, Distrito ng Benguet. Happy viewing po, mga Kapatid!☺💗",https://www.youtube.com/watch?v=ROa3kbG5M0U&lc=UgyVHl2L3gz4fXpXQ0h4AaABAg,UgyVHl2L3gz4fXpXQ0h4AaABAg,UC1nRWdFYDqnMGqNTHJz0XHw,"Fetched 05/22/2026, 7:00:03 PM GMT+8"
340,Hillside,@floeyamtalao,4 days ago,"Greetings mula po sa Lokal ng Hillside, Distrito ng Benguet. Happy viewing po, mga Kapatid!☺💗",https://www.youtube.com/watch?v=ROa3kbG5M0U&lc=Ugz-s4NLWeJ2WFVf04t4AaABAg,Ugz-s4NLWeJ2WFVf04t4AaABAg,UC1nRWdFYDqnMGqNTHJz0XHw,"Fetched 05/22/2026, 7:00:03 PM GMT+8"
341,Hillside,@floeyamtalao,4 days ago,"Greetings mula po sa Lokal ng Hillside, Distrito ng Benguet. Happy viewing po, mga Kapatid!☺💗",https://www.youtube.com/watch?v=ROa3kbG5M0U&lc=UgwofFCnOZidkz2W1tF4AaABAg,UgwofFCnOZidkz2W1tF4AaABAg,UC1nRWdFYDqnMGqNTHJz0XHw,"Fetched 05/22/2026, 7:00:03 PM GMT+8"
342,Hillside,@floeyamtalao,4 days ago,"Greetings mula po sa Lokal ng Hillside, Distrito ng Benguet. Happy viewing po, mga Kapatid!☺💗",https://www.youtube.com/watch?v=ROa3kbG5M0U&lc=UgzZCZ9d2GpNDF47it94AaABAg,UgzZCZ9d2GpNDF47it94AaABAg,UC1nRWdFYDqnMGqNTHJz0XHw,"Fetched 05/22/2026, 7:00:03 PM GMT+8"
343,Hillside,@floeyamtalao,4 days ago,"Greetings mula po sa Lokal ng Hillside, Distrito ng Benguet. Happy viewing po, mga Kapatid!☺💗",https://www.youtube.com/watch?v=ROa3kbG5M0U&lc=UgyBCXFlu94OiyZjqLB4AaABAg,UgyBCXFlu94OiyZjqLB4AaABAg,UC1nRWdFYDqnMGqNTHJz0XHw,"Fetched 05/22/2026, 7:00:03 PM GMT+8"
344,Hillside,@floeyamtalao,4 days ago,"Greetings mula po sa Lokal ng Hillside, Distrito ng Benguet. Happy viewing po, mga Kapatid!☺💗",https://www.youtube.com/watch?v=ROa3kbG5M0U&lc=UgxqEJcpLrRtW2Ic5lN4AaABAg,UgxqEJcpLrRtW2Ic5lN4AaABAg,UC1nRWdFYDqnMGqNTHJz0XHw,"Fetched 05/22/2026, 7:00:03 PM GMT+8"
345,Hillside,@floeyamtalao,4 days ago,"Greetings po mula po sa Lokal ng Hillside, Distrito ng Benguet. Happy viewing po, mga Kapatid!☺💗",https://www.youtube.com/watch?v=ROa3kbG5M0U&lc=UgyC2WMge0lzaqm1PLF4AaABAg,UgyC2WMge0lzaqm1PLF4AaABAg,UC1nRWdFYDqnMGqNTHJz0XHw,"Fetched 05/22/2026, 7:00:03 PM GMT+8"
346,Hillside,@floeyamtalao,4 days ago,"Greetings po mula po sa Lokal ng Hillside, Distrito ng Benguet. Happy viewing po, mga Kapatid!☺💗",https://www.youtube.com/watch?v=ROa3kbG5M0U&lc=Ugxj7ytDZKUDZYPZLxJ4AaABAg,Ugxj7ytDZKUDZYPZLxJ4AaABAg,UC1nRWdFYDqnMGqNTHJz0XHw,"Fetched 05/22/2026, 7:00:03 PM GMT+8"
347,Hillside,@floeyamtalao,4 days ago,"Greetings po mula po sa Lokal ng Hillside, Distrito ng Benguet. Happy viewing po, mga Kapatid!☺💗",https://www.youtube.com/watch?v=ROa3kbG5M0U&lc=Ugz1KGrql1VwJob6ZrZ4AaABAg,Ugz1KGrql1VwJob6ZrZ4AaABAg,UC1nRWdFYDqnMGqNTHJz0XHw,"Fetched 05/22/2026, 7:00:03 PM GMT+8"
348,Hillside,@floeyamtalao,4 days ago,"Greetings po mula po sa Lokal ng Hillside, Distrito ng Benguet. Happy viewing po, mga Kapatid!☺💗",https://www.youtube.com/watch?v=ROa3kbG5M0U&lc=Ugwtaa9DgEDltkdxlwp4AaABAg,Ugwtaa9DgEDltkdxlwp4AaABAg,UC1nRWdFYDqnMGqNTHJz0XHw,"Fetched 05/22/2026, 7:00:03 PM GMT+8"
349,Hillside,@floeyamtalao,4 days ago,"Greetings mula po sa Lokal ng Hillside, Distrito ng Benguet. Happy viewing po, mga Kapatid!☺💗",https://www.youtube.com/watch?v=ROa3kbG5M0U&lc=UgwNdZIrb_k42wSkoRx4AaABAg,UgwNdZIrb_k42wSkoRx4AaABAg,UC1nRWdFYDqnMGqNTHJz0XHw,"Fetched 05/22/2026, 7:00:03 PM GMT+8"
350,Hillside,@floeyamtalao,4 days ago,"Greetings po mula po sa Lokal ng Hillside, Distrito ng Benguet. Happy viewing po, mga Kapatid!☺💗",https://www.youtube.com/watch?v=ROa3kbG5M0U&lc=UgwYUC4YXtFTVR2ApQ94AaABAg,UgwYUC4YXtFTVR2ApQ94AaABAg,UC1nRWdFYDqnMGqNTHJz0XHw,"Fetched 05/22/2026, 7:00:03 PM GMT+8"
351,Hillside,@floeyamtalao,4 days ago,"Greetings mula po sa Lokal ng Hillside, Distrito ng Benguet. Happy viewing po, mga Kapatid!☺💗",https://www.youtube.com/watch?v=ROa3kbG5M0U&lc=UgwMtSRdeCKymSG_5ad4AaABAg,UgwMtSRdeCKymSG_5ad4AaABAg,UC1nRWdFYDqnMGqNTHJz0XHw,"Fetched 05/22/2026, 7:00:03 PM GMT+8"
352,Hillside,@floeyamtalao,4 days ago,"Greetings po mula po sa Lokal ng Hillside, Distrito ng Benguet. Happy viewing po, mga Kapatid!☺💗",https://www.youtube.com/watch?v=ROa3kbG5M0U&lc=UgzmHBRqAd9OOpj05mV4AaABAg,UgzmHBRqAd9OOpj05mV4AaABAg,UC1nRWdFYDqnMGqNTHJz0XHw,"Fetched 05/22/2026, 7:00:03 PM GMT+8"
353,Hillside,@floeyamtalao,4 days ago,"Greetings po mula po sa Lokal ng Hillside, Distrito ng Benguet. Happy viewing po, mga Kapatid!☺💗",https://www.youtube.com/watch?v=ROa3kbG5M0U&lc=UgzMP1FDlea9tCOrzzR4AaABAg,UgzMP1FDlea9tCOrzzR4AaABAg,UC1nRWdFYDqnMGqNTHJz0XHw,"Fetched 05/22/2026, 7:00:03 PM GMT+8"
354,Hillside,@ElnarTorres,4 days ago,Happy viewing po ...from lokal po ng hillside po . Distrito po ng benguet ....shout po sa mga mang aawit ng lokal po.,https://www.youtube.com/watch?v=ROa3kbG5M0U&lc=Ugzc5xZXsXI8DpjNjkp4AaABAg,Ugzc5xZXsXI8DpjNjkp4AaABAg,UCJeIXfUPv9RPK0HM-mk2y_A,"Fetched 05/22/2026, 7:00:03 PM GMT+8"
355,Hillside,@melissavaldez25,4 days ago,"Happy viewing po mga kapatid.Pagbati po mula sa Lokal ng Hillside, Distrito ng Benguet.",https://www.youtube.com/watch?v=ROa3kbG5M0U&lc=Ugw9IWDvivVnBifZErZ4AaABAg,Ugw9IWDvivVnBifZErZ4AaABAg,UC1eC2xOks9F80dDzFmLTQ3Q,"Fetched 05/22/2026, 7:00:03 PM GMT+8"
356,Hillside,@joanbautista7658,4 days ago,Happy watching from local ng hillside,https://www.youtube.com/watch?v=ROa3kbG5M0U&lc=UgxS9qFVOexqzZ2yyjF4AaABAg,UgxS9qFVOexqzZ2yyjF4AaABAg,UCgxPc4tiyQb-gy_cGAY4Aag,"Fetched 05/22/2026, 7:00:03 PM GMT+8"
357,Hillside,@joanbautista7658,4 days ago,Happy watching from lokal ng hillside ❤❤❤,https://www.youtube.com/watch?v=ROa3kbG5M0U&lc=Ugzo0Zdusyxjc38q-IJ4AaABAg,Ugzo0Zdusyxjc38q-IJ4AaABAg,UCgxPc4tiyQb-gy_cGAY4Aag,"Fetched 05/22/2026, 7:00:03 PM GMT+8"
358,Hillside,@LiamSido,4 days ago,Happy Viewing po mula po sa Lokal ng Hillside Distrito ng Benguet 🎉 / Binabati po namin ang pinakapoging LSO ng aming Lokal Kapatid na Edson Avejero maging ang amin pong pinakapoging destinado Ka Alvin Capulong,https://www.youtube.com/watch?v=ROa3kbG5M0U&lc=Ugz40odJ1zIUXhttN-t4AaABAg,Ugz40odJ1zIUXhttN-t4AaABAg,UCYAbVFf8Vf0ZTe8uIMJ3uow,"Fetched 05/22/2026, 7:00:03 PM GMT+8"
359,Hillside,@LeonidesSido-r8w,4 days ago,Happy Viewing po mula po sa Lokal ng Hillside Distrito ng Benguet 🎉 / Binabati po namin ang pinakapoging LSO ng aming Lokal Kapatid na Edson Avejero maging ang amin pong pinakapoging destinado Ka Alvin Capulong,https://www.youtube.com/watch?v=ROa3kbG5M0U&lc=Ugxo27HiXrGWaSOb9hF4AaABAg,Ugxo27HiXrGWaSOb9hF4AaABAg,UC7b97kL3iRJBSCit2_b4bnA,"Fetched 05/22/2026, 7:00:03 PM GMT+8"
360,Hillside,@leonidesdavid8053,4 days ago,Happy Viewing po mula po sa Lokal ng Hillside Distrito ng Benguet 🎉 / Binabati po namin ang pinakapoging LSO ng aming Lokal Kapatid na Edson Avejero maging ang amin pong pinakapoging destinado Ka Alvin Capulong,https://www.youtube.com/watch?v=ROa3kbG5M0U&lc=Ugz-6HZc4ES_le0LHx94AaABAg,Ugz-6HZc4ES_le0LHx94AaABAg,UCdZdVGEp973LRM8KsP5CtTQ,"Fetched 05/22/2026, 7:00:03 PM GMT+8"
361,Hillside,@joanbautista7658,4 days ago,Enjoy watching from lokal ng hillside,https://www.youtube.com/watch?v=ROa3kbG5M0U&lc=Ugy4LMWOhs_lDRXgf1J4AaABAg,Ugy4LMWOhs_lDRXgf1J4AaABAg,UCgxPc4tiyQb-gy_cGAY4Aag,"Fetched 05/22/2026, 7:00:03 PM GMT+8"
362,Hillside,@ernestovaldez-s3b,4 days ago,Hello po happy viewing po mula po rito sa Lokal ng hillside,https://www.youtube.com/watch?v=ROa3kbG5M0U&lc=Ugw3bXoWKKHK8mZlvsZ4AaABAg,Ugw3bXoWKKHK8mZlvsZ4AaABAg,UCJ9TeKl-glRPptCKIKGKk7Q,"Fetched 05/22/2026, 7:00:03 PM GMT+8"
363,Hillside,@ernestovaldez-s3b,4 days ago,Happy viewing po shout out po kay ka Melissa mula po sa lokal ng hillside.,https://www.youtube.com/watch?v=ROa3kbG5M0U&lc=Ugw2l8x2FPWTiNtq0ep4AaABAg,Ugw2l8x2FPWTiNtq0ep4AaABAg,UCJ9TeKl-glRPptCKIKGKk7Q,"Fetched 05/22/2026, 7:00:03 PM GMT+8"
364,Hillside,@MarcianaPasion,4 days ago,Watching from Lokal ng Hillside Distrito ng Benguet,https://www.youtube.com/watch?v=ROa3kbG5M0U&lc=UgxXympN3mvivf1SNmZ4AaABAg,UgxXympN3mvivf1SNmZ4AaABAg,UCjdIPJ5zBY_X-B6fqE-f_yA,"Fetched 05/22/2026, 7:00:03 PM GMT+8"
365,Hillside,@MarcianaPasion,4 days ago,Watching from Local ng Hillside Distrito ng Benguet,https://www.youtube.com/watch?v=ROa3kbG5M0U&lc=UgxWLg3PCMmjvifVqlx4AaABAg,UgxWLg3PCMmjvifVqlx4AaABAg,UCjdIPJ5zBY_X-B6fqE-f_yA,"Fetched 05/22/2026, 7:00:03 PM GMT+8"
366,Hillside,@MarcianaPasion,4 days ago,Watching from Local ng Hillside Distrito ng Benguet,https://www.youtube.com/watch?v=ROa3kbG5M0U&lc=Ugw4wqpbcvlk6U2bRoV4AaABAg,Ugw4wqpbcvlk6U2bRoV4AaABAg,UCjdIPJ5zBY_X-B6fqE-f_yA,"Fetched 05/22/2026, 7:00:03 PM GMT+8"
367,Hillside,@MarcianaPasion,4 days ago,Watching from Local ng Hillside Distrito ng Benguet,https://www.youtube.com/watch?v=ROa3kbG5M0U&lc=UgwICGB7SpPJC4vL0tJ4AaABAg,UgwICGB7SpPJC4vL0tJ4AaABAg,UCjdIPJ5zBY_X-B6fqE-f_yA,"Fetched 05/22/2026, 7:00:03 PM GMT+8"
368,Hillside,@AdamSocnayan-w8j,4 days ago,Happy viewing po mga kapatid mula po dito sa lokal ng hillside distrito po ng benguet,https://www.youtube.com/watch?v=ROa3kbG5M0U&lc=UgxyyO-Jle-An5Dlb994AaABAg,UgxyyO-Jle-An5Dlb994AaABAg,UCObQ0gkLmwSDEjxkTaq3_FQ,"Fetched 05/22/2026, 7:00:03 PM GMT+8"
369,Hillside,@AdamSocnayan-w8j,4 days ago,Happy viewing po mga kapatid mula po dito sa lokal ng hillside distrito po ng benguet,https://www.youtube.com/watch?v=ROa3kbG5M0U&lc=Ugy2-au-bRjeVJPXLnJ4AaABAg,Ugy2-au-bRjeVJPXLnJ4AaABAg,UCObQ0gkLmwSDEjxkTaq3_FQ,"Fetched 05/22/2026, 7:00:03 PM GMT+8"
370,Hillside,@AdamSocnayan-w8j,4 days ago,Happy viewing po mga kapatid mula po dito sa lokal ng hillside distrito po ng benguet,https://www.youtube.com/watch?v=ROa3kbG5M0U&lc=UgybAylHVb11U5WUQpV4AaABAg,UgybAylHVb11U5WUQpV4AaABAg,UCObQ0gkLmwSDEjxkTaq3_FQ,"Fetched 05/22/2026, 7:00:03 PM GMT+8"
371,Hillside,@RachelleGabito88,4 days ago,Watching while cooking dinner from lokal ng HILLSIDE po❤❤❤❤,https://www.youtube.com/watch?v=ROa3kbG5M0U&lc=Ugw5QAlTcQW701pACzt4AaABAg,Ugw5QAlTcQW701pACzt4AaABAg,UCJ87xMIQWUU1rxk-UITxGtA,"Fetched 05/22/2026, 7:00:03 PM GMT+8"
372,Hillside,@RachelleGabito88,4 days ago,Pa shoutout po from lokal ng HILLSIDE ❤❤❤,https://www.youtube.com/watch?v=ROa3kbG5M0U&lc=UgyNO67krH6rVqViksh4AaABAg,UgyNO67krH6rVqViksh4AaABAg,UCJ87xMIQWUU1rxk-UITxGtA,"Fetched 05/22/2026, 7:00:03 PM GMT+8"
373,Hillside,@niks-noks,4 days ago,Hillside yes yes yow,https://www.youtube.com/watch?v=ROa3kbG5M0U&lc=Ugz2L7sDQUbWE0bZLsd4AaABAg,Ugz2L7sDQUbWE0bZLsd4AaABAg,UCxfenboZB80Qef34I29ElXw,"Fetched 05/22/2026, 7:00:03 PM GMT+8"
374,Hillside,@niks-noks,4 days ago,"Happy viewing everyone everytwo everythree mula po sa Lokal Ng Hillside, Benguet! ^^",https://www.youtube.com/watch?v=ROa3kbG5M0U&lc=UgxzAYAI6VA9e5f3DAd4AaABAg,UgxzAYAI6VA9e5f3DAd4AaABAg,UCxfenboZB80Qef34I29ElXw,"Fetched 05/22/2026, 7:00:03 PM GMT+8"
375,Hillside,@CyWolfgaming,4 days ago (edited),W. God's love /  / Hillside,https://www.youtube.com/watch?v=ROa3kbG5M0U&lc=Ugz0xC8fT57xky9ph254AaABAg,Ugz0xC8fT57xky9ph254AaABAg,UC8fDMQgLh67sM64ZlRXXYWg,"Fetched 05/22/2026, 7:00:03 PM GMT+8"
376,Hillside,@RachelleGabito88,4 days ago,Happy Viewing po😊😊😊 from lokal  HILLSIDE ❤❤❤❤,https://www.youtube.com/watch?v=ROa3kbG5M0U&lc=UgxYhBc1jQnM63cMIhx4AaABAg,UgxYhBc1jQnM63cMIhx4AaABAg,UCJ87xMIQWUU1rxk-UITxGtA,"Fetched 05/22/2026, 7:00:03 PM GMT+8"
377,Hillside,@niks-noks,4 days ago,Hillside yes yes yow,https://www.youtube.com/watch?v=ROa3kbG5M0U&lc=UgyK_FPHRDfCIQAYAPV4AaABAg,UgyK_FPHRDfCIQAYAPV4AaABAg,UCxfenboZB80Qef34I29ElXw,"Fetched 05/22/2026, 7:00:03 PM GMT+8"
378,Hillside,@niks-noks,4 days ago,"Happy viewing everyone everytwo everythree mula po sa Lokal Ng Hillside, Benguet! ^^",https://www.youtube.com/watch?v=ROa3kbG5M0U&lc=Ugxa9HWjSCX_-TaOzzR4AaABAg,Ugxa9HWjSCX_-TaOzzR4AaABAg,UCxfenboZB80Qef34I29ElXw,"Fetched 05/22/2026, 7:00:03 PM GMT+8"
379,Hillside,@niks-noks,4 days ago,"Happy viewing everyone everytwo everythree mula po sa Lokal Ng Hillside, Benguet! ^^",https://www.youtube.com/watch?v=ROa3kbG5M0U&lc=UgzltArjiUudnnlCX554AaABAg,UgzltArjiUudnnlCX554AaABAg,UCxfenboZB80Qef34I29ElXw,"Fetched 05/22/2026, 7:00:03 PM GMT+8"
380,Hillside,@niks-noks,4 days ago,"Happy viewing everyone everytwo everythree mula po sa Lokal Ng Hillside, Benguet! ^^",https://www.youtube.com/watch?v=ROa3kbG5M0U&lc=UgweaHDotUFTc_WVqqN4AaABAg,UgweaHDotUFTc_WVqqN4AaABAg,UCxfenboZB80Qef34I29ElXw,"Fetched 05/22/2026, 7:00:03 PM GMT+8"
381,Hillside,@niks-noks,4 days ago,Hillside yes yes yow,https://www.youtube.com/watch?v=ROa3kbG5M0U&lc=UgwojcV9lT53oIlO-Mt4AaABAg,UgwojcV9lT53oIlO-Mt4AaABAg,UCxfenboZB80Qef34I29ElXw,"Fetched 05/22/2026, 7:00:03 PM GMT+8"
382,Hillside,@ernestovaldez-s3b,4 days ago,Happy viewing po mga kapatid mula po sa lokal ng hillside Destrito ng Benguet,https://www.youtube.com/watch?v=ROa3kbG5M0U&lc=UgySfYDN_wop1_8Plw94AaABAg,UgySfYDN_wop1_8Plw94AaABAg,UCJ9TeKl-glRPptCKIKGKk7Q,"Fetched 05/22/2026, 7:00:03 PM GMT+8"
383,Hillside,@ernestovaldez-s3b,4 days ago,Pagbati po mula po sa lokal ng hillside ❤,https://www.youtube.com/watch?v=ROa3kbG5M0U&lc=Ugyi57dMgdZAGaa_I0x4AaABAg,Ugyi57dMgdZAGaa_I0x4AaABAg,UCJ9TeKl-glRPptCKIKGKk7Q,"Fetched 05/22/2026, 7:00:03 PM GMT+8"
384,Hillside,@ernestovaldez-s3b,4 days ago,Good evening po sa mga taga Lokal ng hillside Destrito ng Benguet,https://www.youtube.com/watch?v=ROa3kbG5M0U&lc=UgzxnrmDFzI64JucRxd4AaABAg,UgzxnrmDFzI64JucRxd4AaABAg,UCJ9TeKl-glRPptCKIKGKk7Q,"Fetched 05/22/2026, 7:00:03 PM GMT+8"
385,Hillside,@amynerona,4 days ago,"Happy watching po mga kapatid, 💚🤍❤mula po sa Lokal ng Hillside Distrito ng Benguet. 🇮🇹",https://www.youtube.com/watch?v=ROa3kbG5M0U&lc=UgxLY5bMaWKio6BO_EJ4AaABAg,UgxLY5bMaWKio6BO_EJ4AaABAg,UCLoEKKoP2cwE-0hPBHSSgtg,"Fetched 05/22/2026, 7:00:03 PM GMT+8"
386,Hillside,@amynerona,4 days ago,"Happy watching po mga kapatid, 💚🤍❤mula po sa Lokal ng Hillside Distrito ng Benguet. 🇮🇹",https://www.youtube.com/watch?v=ROa3kbG5M0U&lc=UgwT2veOYen6BGD-jYp4AaABAg,UgwT2veOYen6BGD-jYp4AaABAg,UCLoEKKoP2cwE-0hPBHSSgtg,"Fetched 05/22/2026, 7:00:03 PM GMT+8"
387,Hillside,@amynerona,4 days ago,"Happy watching po mga kapatid, 💚🤍❤mula po sa Lokal ng Hillside Distrito ng Benguet. 🇮🇹",https://www.youtube.com/watch?v=ROa3kbG5M0U&lc=Ugw3i3HmiMDLKfvqy_h4AaABAg,Ugw3i3HmiMDLKfvqy_h4AaABAg,UCLoEKKoP2cwE-0hPBHSSgtg,"Fetched 05/22/2026, 7:00:03 PM GMT+8"
388,Hillside,@melissavaldez25,4 days ago,"Happy viewing po mga kapatid.Pagbati po mula sa Lokal ng Hillside, Distrito ng Benguet.",https://www.youtube.com/watch?v=ROa3kbG5M0U&lc=Ugywe2xkkID7eRJULvJ4AaABAg,Ugywe2xkkID7eRJULvJ4AaABAg,UC1eC2xOks9F80dDzFmLTQ3Q,"Fetched 05/22/2026, 7:00:03 PM GMT+8"
389,Hillside,@amynerona,4 days ago,"Happy watching po mga kapatid, 💚🤍❤mula po sa Lokal ng Hillside Distrito ng Benguet. 🇮🇹",https://www.youtube.com/watch?v=ROa3kbG5M0U&lc=UgxJaXnBjSyfT_o_jqB4AaABAg,UgxJaXnBjSyfT_o_jqB4AaABAg,UCLoEKKoP2cwE-0hPBHSSgtg,"Fetched 05/22/2026, 7:00:03 PM GMT+8"
390,Hillside,@amynerona,4 days ago,"Happy watching po mga kapatid, 💚🤍❤mula po sa Lokal ng Hillside Distrito ng Benguet. 🇮🇹",https://www.youtube.com/watch?v=ROa3kbG5M0U&lc=Ugx32dgg9NWwEpOsii94AaABAg,Ugx32dgg9NWwEpOsii94AaABAg,UCLoEKKoP2cwE-0hPBHSSgtg,"Fetched 05/22/2026, 7:00:03 PM GMT+8"
391,Hillside,@amynerona,4 days ago,"Happy watching po mga kapatid, 💚🤍❤mula po sa Lokal ng Hillside Distrito ng Benguet. 🇮🇹",https://www.youtube.com/watch?v=ROa3kbG5M0U&lc=Ugy3L4CImnBhU9TbMVV4AaABAg,Ugy3L4CImnBhU9TbMVV4AaABAg,UCLoEKKoP2cwE-0hPBHSSgtg,"Fetched 05/22/2026, 7:00:03 PM GMT+8"
392,Hillside,@amynerona,4 days ago,"Happy watching po mga kapatid, 💚🤍❤mula po sa Lokal ng Hillside Distrito ng Benguet. 🇮🇹",https://www.youtube.com/watch?v=ROa3kbG5M0U&lc=UgwbotPuLOoO5fk_AP14AaABAg,UgwbotPuLOoO5fk_AP14AaABAg,UCLoEKKoP2cwE-0hPBHSSgtg,"Fetched 05/22/2026, 7:00:03 PM GMT+8"
393,Hillside,@amynerona,4 days ago,"Happy watching po mga kapatid, 💚🤍❤mula po sa Lokal ng Hillside Distrito ng Benguet. 🇮🇹",https://www.youtube.com/watch?v=ROa3kbG5M0U&lc=UgwRU0FbB7j--2TTDD94AaABAg,UgwRU0FbB7j--2TTDD94AaABAg,UCLoEKKoP2cwE-0hPBHSSgtg,"Fetched 05/22/2026, 7:00:03 PM GMT+8"
394,Hillside,@amynerona,4 days ago,"Happy watching po mga kapatid, 💚🤍❤mula po sa Lokal ng Hillside Distrito ng Benguet. 🇮🇹",https://www.youtube.com/watch?v=ROa3kbG5M0U&lc=UgzjkZCAYY2fQBauhbh4AaABAg,UgzjkZCAYY2fQBauhbh4AaABAg,UCLoEKKoP2cwE-0hPBHSSgtg,"Fetched 05/22/2026, 7:00:03 PM GMT+8"
395,Hillside,@amynerona,4 days ago,"Happy watching po mga kapatid, 💚🤍❤mula po sa Lokal ng Hillside Distrito ng Benguet. 🇮🇹",https://www.youtube.com/watch?v=ROa3kbG5M0U&lc=UgxC_UHB18ssFlb4Tkd4AaABAg,UgxC_UHB18ssFlb4Tkd4AaABAg,UCLoEKKoP2cwE-0hPBHSSgtg,"Fetched 05/22/2026, 7:00:03 PM GMT+8"
396,Hillside,@joanbautista7658,4 days ago,❤❤happy watching from lokal ng hillside,https://www.youtube.com/watch?v=ROa3kbG5M0U&lc=UgxiEAaVZyBthJJEThp4AaABAg,UgxiEAaVZyBthJJEThp4AaABAg,UCgxPc4tiyQb-gy_cGAY4Aag,"Fetched 05/22/2026, 7:00:03 PM GMT+8"
397,Hillside,@amynerona,4 days ago,"Happy watching po mga kapatid, 💚🤍❤mula po sa Lokal ng Hillside Distrito ng Benguet. 🇮🇹",https://www.youtube.com/watch?v=ROa3kbG5M0U&lc=Ugwf_fd-naF9-Q4-End4AaABAg,Ugwf_fd-naF9-Q4-End4AaABAg,UCLoEKKoP2cwE-0hPBHSSgtg,"Fetched 05/22/2026, 7:00:03 PM GMT+8"
398,Hillside,@melissavaldez25,4 days ago,"Mula po sa Lokal ng Hillside, Distrito ng Benguet.Happy watching po.",https://www.youtube.com/watch?v=ROa3kbG5M0U&lc=UgyiwopRerZo5VrTM-Z4AaABAg,UgyiwopRerZo5VrTM-Z4AaABAg,UC1eC2xOks9F80dDzFmLTQ3Q,"Fetched 05/22/2026, 7:00:03 PM GMT+8"
399,Hillside,@amynerona,4 days ago,"Happy watching po mga kapatid, 💚🤍❤mula po sa Lokal ng Hillside Distrito ng Benguet. 🇮🇹",https://www.youtube.com/watch?v=ROa3kbG5M0U&lc=Ugxm1jnInSxgm0XcTe14AaABAg,Ugxm1jnInSxgm0XcTe14AaABAg,UCLoEKKoP2cwE-0hPBHSSgtg,"Fetched 05/22/2026, 7:00:03 PM GMT+8"
400,Hillside,@EqueRudy,4 days ago,Happy Viewing po mga Kapatid 🎉 pagbati mula po sa lokal ng Hillside ❤,https://www.youtube.com/watch?v=ROa3kbG5M0U&lc=Ugz39YXOiHlsjEKRMnd4AaABAg,Ugz39YXOiHlsjEKRMnd4AaABAg,UCZEDdG2rOZ587D242XCfs4Q,"Fetched 05/22/2026, 7:00:03 PM GMT+8"
401,Hillside,@amynerona,4 days ago,"Happy watching po mga kapatid, 💚🤍❤mula po sa Lokal ng Hillside Distrito ng Benguet. 🇮🇹",https://www.youtube.com/watch?v=ROa3kbG5M0U&lc=Ugw2543xIyIyAaAIQSt4AaABAg,Ugw2543xIyIyAaAIQSt4AaABAg,UCLoEKKoP2cwE-0hPBHSSgtg,"Fetched 05/22/2026, 7:00:03 PM GMT+8"
402,Hillside,@amynerona,4 days ago,"Happy watching po mga kapatid, 💚🤍❤mula po sa Lokal ng Hillside Distrito ng Benguet. 🇮🇹",https://www.youtube.com/watch?v=ROa3kbG5M0U&lc=UgwHs6aByozV-Kyv_-B4AaABAg,UgwHs6aByozV-Kyv_-B4AaABAg,UCLoEKKoP2cwE-0hPBHSSgtg,"Fetched 05/22/2026, 7:00:03 PM GMT+8"
403,Hillside,@amynerona,4 days ago,"Happy watching po mga kapatid, 💚🤍❤mula po sa Lokal ng Hillside Distrito ng Benguet. 🇮🇹",https://www.youtube.com/watch?v=ROa3kbG5M0U&lc=Ugz23HsO-43OwvNspcB4AaABAg,Ugz23HsO-43OwvNspcB4AaABAg,UCLoEKKoP2cwE-0hPBHSSgtg,"Fetched 05/22/2026, 7:00:03 PM GMT+8"
404,Hillside,@amynerona,4 days ago,"Happy watching po mga kapatid, 💚🤍❤mula po sa Lokal ng Hillside Distrito ng Benguet. 🇮🇹",https://www.youtube.com/watch?v=ROa3kbG5M0U&lc=Ugx95FwEZZlVBsPESKF4AaABAg,Ugx95FwEZZlVBsPESKF4AaABAg,UCLoEKKoP2cwE-0hPBHSSgtg,"Fetched 05/22/2026, 7:00:03 PM GMT+8"
405,Hillside,@amynerona,4 days ago,"Happy watching po mga kapatid, 💚🤍❤mula po sa Lokal ng Hillside Distrito ng Benguet. 🇮🇹",https://www.youtube.com/watch?v=ROa3kbG5M0U&lc=UgwTSd0KgWgCes-QQZV4AaABAg,UgwTSd0KgWgCes-QQZV4AaABAg,UCLoEKKoP2cwE-0hPBHSSgtg,"Fetched 05/22/2026, 7:00:03 PM GMT+8"
406,Hillside,@melissavaldez25,4 days ago,"Binabati po namin ang aming Destinado,ang kapatid na Jhon Alvin Capulong.Pagbati po mula sa Lokal ng Hillside, Distrito ng Benguet.",https://www.youtube.com/watch?v=ROa3kbG5M0U&lc=Ugy_x_gzGpaZrjhCasN4AaABAg,Ugy_x_gzGpaZrjhCasN4AaABAg,UC1eC2xOks9F80dDzFmLTQ3Q,"Fetched 05/22/2026, 7:00:03 PM GMT+8"
407,Hillside,@joanbautista7658,4 days ago,Happy watching hillside,https://www.youtube.com/watch?v=ROa3kbG5M0U&lc=UgxI153LjsKvcOlCQAl4AaABAg,UgxI153LjsKvcOlCQAl4AaABAg,UCgxPc4tiyQb-gy_cGAY4Aag,"Fetched 05/22/2026, 7:00:03 PM GMT+8"
408,Hillside,@EqueRudy,4 days ago,Happy Viewing po mga Kapatid 🎉 pagbati mula po sa lokal ng Hillside ❤,https://www.youtube.com/watch?v=ROa3kbG5M0U&lc=Ugy6ftDlOl_Q0GW2CKd4AaABAg,Ugy6ftDlOl_Q0GW2CKd4AaABAg,UCZEDdG2rOZ587D242XCfs4Q,"Fetched 05/22/2026, 7:00:03 PM GMT+8"
409,Hillside,@EqueRudy,4 days ago,Happy Viewing po mga Kapatid 🎉 pagbati mula po sa lokal ng Hillside ❤,https://www.youtube.com/watch?v=ROa3kbG5M0U&lc=UgzZEv8IKWgKFTg_5K54AaABAg,UgzZEv8IKWgKFTg_5K54AaABAg,UCZEDdG2rOZ587D242XCfs4Q,"Fetched 05/22/2026, 7:00:03 PM GMT+8"
410,Hillside,@EqueRudy,4 days ago,Happy Viewing po mga Kapatid 🎉 pagbati mula po sa lokal ng Hillside ❤,https://www.youtube.com/watch?v=ROa3kbG5M0U&lc=UgxBhR-jjmR_vigpDzV4AaABAg,UgxBhR-jjmR_vigpDzV4AaABAg,UCZEDdG2rOZ587D242XCfs4Q,"Fetched 05/22/2026, 7:00:03 PM GMT+8"
411,Hillside,@EqueRudy,4 days ago,Happy Viewing po mga Kapatid 🎉 pagbati mula po sa lokal ng Hillside ❤,https://www.youtube.com/watch?v=ROa3kbG5M0U&lc=UgzSVJ7K4Kvg5GRYdPN4AaABAg,UgzSVJ7K4Kvg5GRYdPN4AaABAg,UCZEDdG2rOZ587D242XCfs4Q,"Fetched 05/22/2026, 7:00:03 PM GMT+8"
412,Hillside,@mariaceciliaforteza6971,4 days ago,Happy Viewing po From Lokal ng Hillside Distrito ng Benguet! Pagbati po sa Pogi naming Destinado Ka Alvin Capulong!😄,https://www.youtube.com/watch?v=ROa3kbG5M0U&lc=UgwtezQm3wBf7erRH5p4AaABAg,UgwtezQm3wBf7erRH5p4AaABAg,UCHphHiOJmRF_bpL-tZ3lCSA,"Fetched 05/22/2026, 7:00:03 PM GMT+8"
413,Hillside,@EqueRudy,4 days ago,Happy Viewing po mga Kapatid 🎉 pagbati mula po sa lokal ng Hillside ❤,https://www.youtube.com/watch?v=ROa3kbG5M0U&lc=UgxeRepbppr2u9UfLGZ4AaABAg,UgxeRepbppr2u9UfLGZ4AaABAg,UCZEDdG2rOZ587D242XCfs4Q,"Fetched 05/22/2026, 7:00:03 PM GMT+8"
414,Hillside,@jilliansamchao,4 days ago,Happy watching po mga Kapatid. / Shout out po sa mga KADIWA ng Lokal ng HILLSIDE.,https://www.youtube.com/watch?v=ROa3kbG5M0U&lc=UgwNnheLosXEgsIQrwJ4AaABAg,UgwNnheLosXEgsIQrwJ4AaABAg,UCRnvVcjVsXveWDHJS-10OWg,"Fetched 05/22/2026, 7:00:03 PM GMT+8"
415,Hillside,@EqueRudy,4 days ago,Happy Viewing po mga Kapatid 🎉 pagbati mula po sa lokal ng Hillside ❤,https://www.youtube.com/watch?v=ROa3kbG5M0U&lc=UgwQty2xz5Bv67OwDy54AaABAg,UgwQty2xz5Bv67OwDy54AaABAg,UCZEDdG2rOZ587D242XCfs4Q,"Fetched 05/22/2026, 7:00:03 PM GMT+8"
416,Hillside,@mariaceciliaforteza6971,4 days ago,Happy Viewing po From Lokal ng Hillside Distrito ng Benguet! Pagbati po sa Pogi naming Destinado Ka Alvin Capulong!😄,https://www.youtube.com/watch?v=ROa3kbG5M0U&lc=UgyMvZ8fHfTzLQ-VecJ4AaABAg,UgyMvZ8fHfTzLQ-VecJ4AaABAg,UCHphHiOJmRF_bpL-tZ3lCSA,"Fetched 05/22/2026, 7:00:03 PM GMT+8"
417,Hillside,@EqueRudy,4 days ago,Happy Viewing po mga Kapatid 🎉 pagbati mula po sa lokal ng Hillside ❤,https://www.youtube.com/watch?v=ROa3kbG5M0U&lc=UgzeAAv-Rhg1bEl-bs94AaABAg,UgzeAAv-Rhg1bEl-bs94AaABAg,UCZEDdG2rOZ587D242XCfs4Q,"Fetched 05/22/2026, 7:00:03 PM GMT+8"
418,Hillside,@mariaceciliaforteza6971,4 days ago,Happy Viewing po From Lokal ng Hillside Distrito ng Benguet! Pagbati po sa Pogi naming Destinado Ka Alvin Capulong!😄,https://www.youtube.com/watch?v=ROa3kbG5M0U&lc=UgzrPXamdzBjUoxXgz94AaABAg,UgzrPXamdzBjUoxXgz94AaABAg,UCHphHiOJmRF_bpL-tZ3lCSA,"Fetched 05/22/2026, 7:00:03 PM GMT+8"
419,Hillside,@jilliansamchao,4 days ago,Happy watching po mga Kapatid. / Shout out po sa mga KADIWA ng Lokal ng HILLSIDE.,https://www.youtube.com/watch?v=ROa3kbG5M0U&lc=UgxWQ8j79el3pQ4ZJXF4AaABAg,UgxWQ8j79el3pQ4ZJXF4AaABAg,UCRnvVcjVsXveWDHJS-10OWg,"Fetched 05/22/2026, 7:00:03 PM GMT+8"
420,Hillside,@EqueRudy,4 days ago,Happy Viewing po mga Kapatid 🎉 pagbati mula po sa lokal ng Hillside ❤,https://www.youtube.com/watch?v=ROa3kbG5M0U&lc=UgyB-98oVlWy_Li5rFt4AaABAg,UgyB-98oVlWy_Li5rFt4AaABAg,UCZEDdG2rOZ587D242XCfs4Q,"Fetched 05/22/2026, 7:00:03 PM GMT+8"
421,Hillside,@EqueRudy,4 days ago,Happy Viewing po mga Kapatid 🎉 pagbati mula po sa lokal ng Hillside ❤,https://www.youtube.com/watch?v=ROa3kbG5M0U&lc=UgwXeWcMEILQe5NHsnV4AaABAg,UgwXeWcMEILQe5NHsnV4AaABAg,UCZEDdG2rOZ587D242XCfs4Q,"Fetched 05/22/2026, 7:00:03 PM GMT+8"
422,Hillside,@mariaceciliaforteza6971,4 days ago,Happy Viewing po From Lokal ng Hillside Distrito ng Benguet! Pagbati po sa Pogi naming Destinado Ka Alvin Capulong!😄,https://www.youtube.com/watch?v=ROa3kbG5M0U&lc=UgwjIx0QTt3yFByx5i14AaABAg,UgwjIx0QTt3yFByx5i14AaABAg,UCHphHiOJmRF_bpL-tZ3lCSA,"Fetched 05/22/2026, 7:00:03 PM GMT+8"
423,Hillside,@melissavaldez25,4 days ago,"Happy watching po mula sa Lokal ng Hillside, Distrito ng Benguet.",https://www.youtube.com/watch?v=ROa3kbG5M0U&lc=Ugy_dTWLQ4w5_nn-3UN4AaABAg,Ugy_dTWLQ4w5_nn-3UN4AaABAg,UC1eC2xOks9F80dDzFmLTQ3Q,"Fetched 05/22/2026, 7:00:03 PM GMT+8"
424,Hillside,@mariaceciliaforteza6971,4 days ago,Happy Viewing po From Lokal ng Hillside Distrito ng Benguet! Pagbati po sa Pogi naming Destinado Ka Alvin Capulong!😄,https://www.youtube.com/watch?v=ROa3kbG5M0U&lc=Ugwz5W4GJY9qhluFZHZ4AaABAg,Ugwz5W4GJY9qhluFZHZ4AaABAg,UCHphHiOJmRF_bpL-tZ3lCSA,"Fetched 05/22/2026, 7:00:03 PM GMT+8"
425,Hillside,@mariaceciliaforteza6971,4 days ago,Happy Viewing po From Lokal ng Hillside Distrito ng Benguet! Pagbati po sa Pogi naming Destinado Ka Alvin Capulong!😄,https://www.youtube.com/watch?v=ROa3kbG5M0U&lc=Ugx4ZxjzF3OgNgLthO14AaABAg,Ugx4ZxjzF3OgNgLthO14AaABAg,UCHphHiOJmRF_bpL-tZ3lCSA,"Fetched 05/22/2026, 7:00:03 PM GMT+8"
426,Hillside,@jilliansamchao,4 days ago,Happy watching po mga Kapatid. / Shout out po sa mga KADIWA ng Lokal ng HILLSIDE.,https://www.youtube.com/watch?v=ROa3kbG5M0U&lc=Ugw59DaPdopblqXv7ot4AaABAg,Ugw59DaPdopblqXv7ot4AaABAg,UCRnvVcjVsXveWDHJS-10OWg,"Fetched 05/22/2026, 7:00:03 PM GMT+8"
427,Hillside,@mariaceciliaforteza6971,4 days ago,Happy Viewing po From Lokal ng Hillside Distrito ng Benguet! Pagbati po sa Pogi naming Destinado Ka Alvin Capulong!😄,https://www.youtube.com/watch?v=ROa3kbG5M0U&lc=UgzQHyXad_WzpfM6fLN4AaABAg,UgzQHyXad_WzpfM6fLN4AaABAg,UCHphHiOJmRF_bpL-tZ3lCSA,"Fetched 05/22/2026, 7:00:03 PM GMT+8"
428,Hillside,@jilliansamchao,4 days ago,Happy watching po mga Kapatid. / Shout out po sa mga KADIWA ng Lokal ng HILLSIDE.,https://www.youtube.com/watch?v=ROa3kbG5M0U&lc=UgwmMa6JGBfUehixeEB4AaABAg,UgwmMa6JGBfUehixeEB4AaABAg,UCRnvVcjVsXveWDHJS-10OWg,"Fetched 05/22/2026, 7:00:03 PM GMT+8"
429,Hillside,@melissavaldez25,4 days ago,"Pagbati po mula sa Lokal ng Hillside, Distrito ng Benguet.Happp viewing po.",https://www.youtube.com/watch?v=ROa3kbG5M0U&lc=UgwGVi75z3LScHECaGd4AaABAg,UgwGVi75z3LScHECaGd4AaABAg,UC1eC2xOks9F80dDzFmLTQ3Q,"Fetched 05/22/2026, 7:00:03 PM GMT+8"
430,Hillside,@mariaceciliaforteza6971,4 days ago,Happy Viewing po From Lokal ng Hillside Distrito ng Benguet! Pagbati po sa Pogi naming Destinado Ka Alvin Capulong!😄,https://www.youtube.com/watch?v=ROa3kbG5M0U&lc=Ugz6h-A7WRuSjC9WhUJ4AaABAg,Ugz6h-A7WRuSjC9WhUJ4AaABAg,UCHphHiOJmRF_bpL-tZ3lCSA,"Fetched 05/22/2026, 7:00:03 PM GMT+8"
431,Hillside,@elma.deguzman2749,4 days ago,Gudpm po.. Happy viewing po Mula sa lokal Ng Hillside,https://www.youtube.com/watch?v=ROa3kbG5M0U&lc=Ugx3PXyo5rPkCmVBOWZ4AaABAg,Ugx3PXyo5rPkCmVBOWZ4AaABAg,UC3uLYcTZbv9EbGbBy95fRRg,"Fetched 05/22/2026, 7:00:03 PM GMT+8"
432,Hillside,@floeyamtalao,4 days ago,Happy viewing po mga kapatid! Mula po sa Lokal ng Hillside Distrito ng Benguet🇮🇹☺,https://www.youtube.com/watch?v=ROa3kbG5M0U&lc=UgwQM5jpI0qphmMMGkt4AaABAg,UgwQM5jpI0qphmMMGkt4AaABAg,UC1nRWdFYDqnMGqNTHJz0XHw,"Fetched 05/22/2026, 7:00:03 PM GMT+8"
433,Hillside,@EqueRudy,4 days ago,Happy Viewing po mga Kapatid 🎉 pagbati mula po sa lokal ng Hillside ❤,https://www.youtube.com/watch?v=ROa3kbG5M0U&lc=Ugx4hx2BGNywHKxUKeB4AaABAg,Ugx4hx2BGNywHKxUKeB4AaABAg,UCZEDdG2rOZ587D242XCfs4Q,"Fetched 05/22/2026, 7:00:03 PM GMT+8"
434,Hillside,@jilliansamchao,4 days ago,Happy watching po mga Kapatid. / Shout out po sa mga KADIWA ng Lokal ng HILLSIDE.,https://www.youtube.com/watch?v=ROa3kbG5M0U&lc=UgxUaN9UuypCnU9LcER4AaABAg,UgxUaN9UuypCnU9LcER4AaABAg,UCRnvVcjVsXveWDHJS-10OWg,"Fetched 05/22/2026, 7:00:03 PM GMT+8"
435,Hillside,@floeyamtalao,4 days ago,Happy viewing po mga kapatid! Mula po sa Lokal ng Hillside Distrito ng Benguet🇮🇹💗,https://www.youtube.com/watch?v=ROa3kbG5M0U&lc=UgxhyzN_zHaElEnWLdN4AaABAg,UgxhyzN_zHaElEnWLdN4AaABAg,UC1nRWdFYDqnMGqNTHJz0XHw,"Fetched 05/22/2026, 7:00:03 PM GMT+8"
436,Hillside,@EqueRudy,4 days ago,Happy Viewing po mga Kapatid 🎉 pagbati mula po sa lokal ng Hillside ❤,https://www.youtube.com/watch?v=ROa3kbG5M0U&lc=UgxFqvl1n3S_opNLAPl4AaABAg,UgxFqvl1n3S_opNLAPl4AaABAg,UCZEDdG2rOZ587D242XCfs4Q,"Fetched 05/22/2026, 7:00:03 PM GMT+8"
437,Hillside,@jilliansamchao,4 days ago,Happy watching po mga Kapatid. / Shout out po sa mga KADIWA ng Lokal ng HILLSIDE.,https://www.youtube.com/watch?v=ROa3kbG5M0U&lc=Ugy1M8m0AwePdDWjBcJ4AaABAg,Ugy1M8m0AwePdDWjBcJ4AaABAg,UCRnvVcjVsXveWDHJS-10OWg,"Fetched 05/22/2026, 7:00:03 PM GMT+8"
438,Hillside,@EqueRudy,4 days ago,Happy Viewing po mga Kapatid 🎉 pagbati mula po sa lokal ng Hillside ❤,https://www.youtube.com/watch?v=ROa3kbG5M0U&lc=UgzyiI9Wy-yntUAPOtd4AaABAg,UgzyiI9Wy-yntUAPOtd4AaABAg,UCZEDdG2rOZ587D242XCfs4Q,"Fetched 05/22/2026, 7:00:03 PM GMT+8"
439,Hillside,@jilliansamchao,4 days ago,Happy watching po mga Kapatid. / Shout out po sa mga KADIWA ng Lokal ng HILLSIDE.,https://www.youtube.com/watch?v=ROa3kbG5M0U&lc=UgzbhoIzfRorvtJ5uD94AaABAg,UgzbhoIzfRorvtJ5uD94AaABAg,UCRnvVcjVsXveWDHJS-10OWg,"Fetched 05/22/2026, 7:00:03 PM GMT+8"
440,Hillside,@melissavaldez25,4 days ago,"Happy watching po mula sa Lokal ng Hillside, Distrito ng Benguet.",https://www.youtube.com/watch?v=ROa3kbG5M0U&lc=UgwGunxGs_eQLmfLsgp4AaABAg,UgwGunxGs_eQLmfLsgp4AaABAg,UC1eC2xOks9F80dDzFmLTQ3Q,"Fetched 05/22/2026, 7:00:03 PM GMT+8"
441,Hillside,@jilliansamchao,4 days ago,Happy watching po mga Kapatid. / Shout out po sa mga KADIWA ng Lokal ng HILLSIDE.,https://www.youtube.com/watch?v=ROa3kbG5M0U&lc=Ugw7RqoJq8fpz6igKEl4AaABAg,Ugw7RqoJq8fpz6igKEl4AaABAg,UCRnvVcjVsXveWDHJS-10OWg,"Fetched 05/22/2026, 7:00:03 PM GMT+8"
442,Hillside,@niks-noks,4 days ago,"Happy viewing po mula po sa Lokal Ng Hillside, Benguet! ^^",https://www.youtube.com/watch?v=ROa3kbG5M0U&lc=UgzIOLmclJIaybijGy14AaABAg,UgzIOLmclJIaybijGy14AaABAg,UCxfenboZB80Qef34I29ElXw,"Fetched 05/22/2026, 7:00:03 PM GMT+8"
443,Hillside,@lermanicer8312,4 days ago,Hello po fr lokal po ng hillside,https://www.youtube.com/watch?v=ROa3kbG5M0U&lc=UgwQc6AQ6YFn-LOPtQV4AaABAg,UgwQc6AQ6YFn-LOPtQV4AaABAg,UCOBjBOQdB3rB9WvLC50UulQ,"Fetched 05/22/2026, 7:00:03 PM GMT+8"
444,Hillside,@melissavaldez25,4 days ago,"Happy watching po mula sa Lokal ng Hillside, Distrito ng Benguet",https://www.youtube.com/watch?v=ROa3kbG5M0U&lc=UgwIttMZ1WkmqOTdzaV4AaABAg,UgwIttMZ1WkmqOTdzaV4AaABAg,UC1eC2xOks9F80dDzFmLTQ3Q,"Fetched 05/22/2026, 7:00:03 PM GMT+8"
445,Hillside,@leonidesdavid8053,4 days ago,Happy viewing po mula sa Lokal ng hillside Distrito ng Benguet ka lea po ito 😊😊,https://www.youtube.com/watch?v=ROa3kbG5M0U&lc=UgzfpIrlCWKzsgkskM94AaABAg,UgzfpIrlCWKzsgkskM94AaABAg,UCdZdVGEp973LRM8KsP5CtTQ,"Fetched 05/22/2026, 7:00:03 PM GMT+8"
446,Hillside,@sophia2178,4 days ago,"Greetings po! from Lokal ng Hillside, District of Benguet. Happy viewing po mga kapatid!❤️",https://www.youtube.com/watch?v=ROa3kbG5M0U&lc=UgzVoVsCkSPAoLH-mKV4AaABAg,UgzVoVsCkSPAoLH-mKV4AaABAg,UCiIxb3EX7U1txU1p0ghf4Ww,"Fetched 05/22/2026, 7:00:03 PM GMT+8"
447,Hillside,@melissavaldez25,4 days ago,Binabati kopo si Ka Ernesto jay mula po sa Lokal ng Hillside Distrito ng Benguet,https://www.youtube.com/watch?v=ROa3kbG5M0U&lc=UgykpfYCjPS-GzYvOEp4AaABAg,UgykpfYCjPS-GzYvOEp4AaABAg,UC1eC2xOks9F80dDzFmLTQ3Q,"Fetched 05/22/2026, 7:00:03 PM GMT+8"
448,Hillside,@SamchaoFritzJefferson,4 days ago,Happy viewing po mula sa lokal ng hillside distrito ng benguet,https://www.youtube.com/watch?v=ROa3kbG5M0U&lc=Ugx6TXtvP4Cx5_HK3pt4AaABAg,Ugx6TXtvP4Cx5_HK3pt4AaABAg,UCNaJvwRCa9ddv4kDOJyF-yg,"Fetched 05/22/2026, 7:00:03 PM GMT+8"
449,Hillside,@SocnayanBradlyPeteMBSIT,4 days ago,Happy viewing po mula sa Lokal Ng Hillside 😄😄,https://www.youtube.com/watch?v=ROa3kbG5M0U&lc=UgygcmgdLnf__hJ7gXp4AaABAg,UgygcmgdLnf__hJ7gXp4AaABAg,UCPEuKnbAScvyV0dRX_GeAVA,"Fetched 05/22/2026, 7:00:03 PM GMT+8"
450,Hillside,@floeyamtalao,4 days ago,Happy viewing po mga kapatid! Mula po sa Lokal ng Hillside Distrito ng Benguet🇮🇹💗,https://www.youtube.com/watch?v=ROa3kbG5M0U&lc=UgxcHHtcit8nvUMqNl54AaABAg,UgxcHHtcit8nvUMqNl54AaABAg,UC1nRWdFYDqnMGqNTHJz0XHw,"Fetched 05/22/2026, 7:00:03 PM GMT+8"
451,Hillside,@floeyamtalao,4 days ago,Happy viewing po mga kapatid! Mula po sa Lokal ng Hillside Distrito ng Benguet🇮🇹💗,https://www.youtube.com/watch?v=ROa3kbG5M0U&lc=UgwnOWkYefi6EJ4JOp94AaABAg,UgwnOWkYefi6EJ4JOp94AaABAg,UC1nRWdFYDqnMGqNTHJz0XHw,"Fetched 05/22/2026, 7:00:03 PM GMT+8"
452,Hillside,@jessicasolomon6536,4 days ago,"Happy watching po .Pagbati po mula sa Lokal ng Hillside,Distrito ng Benguet",https://www.youtube.com/watch?v=ROa3kbG5M0U&lc=UgxOTwwo-e5v0r30NUh4AaABAg,UgxOTwwo-e5v0r30NUh4AaABAg,UCAyuXA6b5MxAS85riLBZqWA,"Fetched 05/22/2026, 7:00:03 PM GMT+8"
453,Hillside,@melissavaldez25,4 days ago,"Happy viewing po, binabati kopo is ka  Melissa mula po sa Lokal ng Hillside Distrito ng Benguet.",https://www.youtube.com/watch?v=ROa3kbG5M0U&lc=UgzuTP-4slUyzy-QTNZ4AaABAg,UgzuTP-4slUyzy-QTNZ4AaABAg,UC1eC2xOks9F80dDzFmLTQ3Q,"Fetched 05/22/2026, 7:00:03 PM GMT+8"
454,Hillside,@SocnayanBradlyPeteMBSIT,4 days ago,Happy viewing po mula sa Lokal Ng Hillside 😀😄,https://www.youtube.com/watch?v=ROa3kbG5M0U&lc=UgwDpdcPsGHBii9R7JR4AaABAg,UgwDpdcPsGHBii9R7JR4AaABAg,UCPEuKnbAScvyV0dRX_GeAVA,"Fetched 05/22/2026, 7:00:03 PM GMT+8"
455,Hillside,@miasy-RL,4 days ago,"Let’s go Benguet!!! / Happy Viewing po mula sa Lokal ng Hillside, Distrito ng Benguet 🫶🏻🫶🏻",https://www.youtube.com/watch?v=ROa3kbG5M0U&lc=Ugwm9NOAeMIR6_GQ9d54AaABAg,Ugwm9NOAeMIR6_GQ9d54AaABAg,UCE4qpM5SGKSbx589elFLOkw,"Fetched 05/22/2026, 7:00:03 PM GMT+8"
456,Hillside,@sophia2178,4 days ago,"Greetings po! from Lokal ng Hillside, District of Benguet. Happy viewing po mga kapatid!❤️",https://www.youtube.com/watch?v=ROa3kbG5M0U&lc=UgwQZLPCzfkRqdqOAER4AaABAg,UgwQZLPCzfkRqdqOAER4AaABAg,UCiIxb3EX7U1txU1p0ghf4Ww,"Fetched 05/22/2026, 7:00:03 PM GMT+8"
457,Hillside,@jeffreyjapson251,4 days ago,"Sending my heartfelt greetings to all brethren around the globe! Happy viewing po! From the Locale Congregation of Hillside, Ecclesiastical District of Benguet.",https://www.youtube.com/watch?v=ROa3kbG5M0U&lc=UgxOsumgKWAzmKiwaeR4AaABAg,UgxOsumgKWAzmKiwaeR4AaABAg,UCPlic24Ajro9hQFdXxfJIgQ,"Fetched 05/22/2026, 7:00:03 PM GMT+8"
458,Hillside,@sophia2178,4 days ago,"Greetings po! from Lokal ng Hillside, District of Benguet. Happy viewing po mga kapatid!❤️",https://www.youtube.com/watch?v=ROa3kbG5M0U&lc=UgyQvg6wBfrcLcsTArB4AaABAg,UgyQvg6wBfrcLcsTArB4AaABAg,UCiIxb3EX7U1txU1p0ghf4Ww,"Fetched 05/22/2026, 7:00:03 PM GMT+8"
459,Hillside,@sierazurcaled8803,4 days ago,Happy viewing po mula sa lokal ng hillside muna po sa distrito ng benguet❤❤❤,https://www.youtube.com/watch?v=ROa3kbG5M0U&lc=UgzAxSCBsxYX5jqrOzN4AaABAg,UgzAxSCBsxYX5jqrOzN4AaABAg,UCdRND2f2r1HhP_s8QJNw3Xw,"Fetched 05/22/2026, 7:00:03 PM GMT+8"
460,Hillside,@SocnayanBradlyPeteMBSIT,4 days ago,Happy viewing po mula sa Lokal Ng Hillside 😊😊,https://www.youtube.com/watch?v=ROa3kbG5M0U&lc=UgweFQoZcWORX10IRAh4AaABAg,UgweFQoZcWORX10IRAh4AaABAg,UCPEuKnbAScvyV0dRX_GeAVA,"Fetched 05/22/2026, 7:00:03 PM GMT+8"
461,Hillside,@leonidesdavid8053,4 days ago,Happy viewing po mula sa Lokal ng hillside Distrito ng Benguet ka lea po ito 😊😊,https://www.youtube.com/watch?v=ROa3kbG5M0U&lc=Ugy9C9zRtpbG-EJB-X14AaABAg,Ugy9C9zRtpbG-EJB-X14AaABAg,UCdZdVGEp973LRM8KsP5CtTQ,"Fetched 05/22/2026, 7:00:03 PM GMT+8"
462,Hillside,@AdamSocnayan-w8j,4 days ago,Fight fight fight mula sa lokal ng hillside,https://www.youtube.com/watch?v=ROa3kbG5M0U&lc=Ugyc-gqTAoBDPZ7rXpN4AaABAg,Ugyc-gqTAoBDPZ7rXpN4AaABAg,UCObQ0gkLmwSDEjxkTaq3_FQ,"Fetched 05/22/2026, 7:00:03 PM GMT+8"
463,Hillside,@mariaceciliaforteza6971,4 days ago,Happy viewing po mula po sa Lokal ng Hillside Distrito ng Benguet❤ / Binabati po namin ang pogi naming destinado,https://www.youtube.com/watch?v=ROa3kbG5M0U&lc=UgwDIBgpOnKp0ZIrAeF4AaABAg,UgwDIBgpOnKp0ZIrAeF4AaABAg,UCHphHiOJmRF_bpL-tZ3lCSA,"Fetched 05/22/2026, 7:00:03 PM GMT+8"
464,Hillside,@sierazurcaled8803,4 days ago,Happy viewing po mula sa lokl ng hillside distrito ng benguet,https://www.youtube.com/watch?v=ROa3kbG5M0U&lc=UgzAxSCBsxYX5jqrOzN4AaABAg.AWuYoux9dQwAWwFuwogfJi,UgzAxSCBsxYX5jqrOzN4AaABAg.AWuYoux9dQwAWwFuwogfJi,UCdRND2f2r1HhP_s8QJNw3Xw,"Fetched 05/22/2026, 7:00:03 PM GMT+8"
465,Hillside,@SocnayanBradlyPeteMBSIT,4 days ago,Happy viewing po mula sa Lokal Ng Hillside 😊,https://www.youtube.com/watch?v=ROa3kbG5M0U&lc=UgycUMYqIXJIqkNPJTh4AaABAg,UgycUMYqIXJIqkNPJTh4AaABAg,UCPEuKnbAScvyV0dRX_GeAVA,"Fetched 05/22/2026, 7:00:03 PM GMT+8"
466,Hillside,@jeffreyjapson251,4 days ago,"Sending my heartfelt greetings to all brethren around the globe! Happy viewing! From the Locale Congregation of Hillside, Ecclesiastical District of Benguet.",https://www.youtube.com/watch?v=ROa3kbG5M0U&lc=UgwBgnFhMvoymdRmWXh4AaABAg,UgwBgnFhMvoymdRmWXh4AaABAg,UCPlic24Ajro9hQFdXxfJIgQ,"Fetched 05/22/2026, 7:00:03 PM GMT+8"
467,Hillside,@FloryneCADWISING,4 days ago,❤Local po ng hillside..... Happy viewing ❤❤❤,https://www.youtube.com/watch?v=ROa3kbG5M0U&lc=UgzKn6VI8pv-I_lsJv94AaABAg,UgzKn6VI8pv-I_lsJv94AaABAg,UCq_3fsMRJfqV4W3ds2cnwFQ,"Fetched 05/22/2026, 7:00:03 PM GMT+8"
468,Hillside,@imeldaebalobo4721,4 days ago,Happy viewing mula sa lokal ng Hillside Distrito ng benguet,https://www.youtube.com/watch?v=ROa3kbG5M0U&lc=UgwH0be_JBc-Pxs87XR4AaABAg,UgwH0be_JBc-Pxs87XR4AaABAg,UC8ZBxgbD6I9UKYMVxcKIt-w,"Fetched 05/22/2026, 7:00:03 PM GMT+8"
469,Hillside,@niks-noks,4 days ago,"Happy viewing po mula sa lokal Ng Hillside, Benguet",https://www.youtube.com/watch?v=ROa3kbG5M0U&lc=UgwQ6WLJfglL4TBEM2B4AaABAg,UgwQ6WLJfglL4TBEM2B4AaABAg,UCxfenboZB80Qef34I29ElXw,"Fetched 05/22/2026, 7:00:03 PM GMT+8"
470,Hillside,@jessicasolomon6536,4 days ago,"Happy watching po .Pagbati po mula sa Lokal ng Hillside,Distrito ng Benguet",https://www.youtube.com/watch?v=ROa3kbG5M0U&lc=UgxEYwg-eKB2TYB5woZ4AaABAg,UgxEYwg-eKB2TYB5woZ4AaABAg,UCAyuXA6b5MxAS85riLBZqWA,"Fetched 05/22/2026, 7:00:03 PM GMT+8"
471,Hillside,@AdamSocnayan-w8j,4 days ago,Happy watching po mga kapatid mula po dito sa lokal ng hillside distrito ng benguet,https://www.youtube.com/watch?v=ROa3kbG5M0U&lc=Ugw_fuTQ_V95U8lBQSB4AaABAg,Ugw_fuTQ_V95U8lBQSB4AaABAg,UCObQ0gkLmwSDEjxkTaq3_FQ,"Fetched 05/22/2026, 7:00:03 PM GMT+8"
472,Hillside,@imeldaebalobo4721,4 days ago,Happy viewing mula sa lokal ng Hillside Distrito ng benguet,https://www.youtube.com/watch?v=ROa3kbG5M0U&lc=UgzaWCTYX80kfXW6hcB4AaABAg,UgzaWCTYX80kfXW6hcB4AaABAg,UC8ZBxgbD6I9UKYMVxcKIt-w,"Fetched 05/22/2026, 7:00:03 PM GMT+8"
473,Hillside,@leonidesdavid8053,4 days ago,Happy viewing po mula sa Lokal ng hillside Distrito ng Benguet ka lea po ito,https://www.youtube.com/watch?v=ROa3kbG5M0U&lc=Ugzyo3GdOGUv-dg10yN4AaABAg,Ugzyo3GdOGUv-dg10yN4AaABAg,UCdZdVGEp973LRM8KsP5CtTQ,"Fetched 05/22/2026, 7:00:03 PM GMT+8"
474,Hillside,@krishamaeforteza3076,4 days ago,"🎶God's Love is bigger than the entire universe of stars~🎶 / Happy Viewing po! Greetings from Lokal ng Hillside, Distrito ng Benguet!🤍🍓",https://www.youtube.com/watch?v=ROa3kbG5M0U&lc=UgwfBsgDOignqIU_m8t4AaABAg,UgwfBsgDOignqIU_m8t4AaABAg,UCkuSQ0_Ec77rx_qcK_O7wyw,"Fetched 05/22/2026, 7:00:03 PM GMT+8"
475,Hillside,@yvonnekayebautista8300,4 days ago,"Happy viewing po, mula po sa lokal ng hillside",https://www.youtube.com/watch?v=ROa3kbG5M0U&lc=UgxKW-ZKoTBDCTgFAUp4AaABAg,UgxKW-ZKoTBDCTgFAUp4AaABAg,UCLWAhCm9GubVTqZPmD56RzA,"Fetched 05/22/2026, 7:00:03 PM GMT+8"
476,Hillside,@jeffreyjapson251,4 days ago,"Happy viewing! Sending my heartfelt greetings to all brethren around the globe! From the Locale Congregation of Hillside, Ecclesiastical District of Benguet!",https://www.youtube.com/watch?v=ROa3kbG5M0U&lc=UgwCzm0mBIsNi_VoE0Z4AaABAg,UgwCzm0mBIsNi_VoE0Z4AaABAg,UCPlic24Ajro9hQFdXxfJIgQ,"Fetched 05/22/2026, 7:00:03 PM GMT+8"
477,Hillside,@imeldaebalobo4721,4 days ago,Happy viewing mula sa lokal ng Hillside Distrito ng benguet,https://www.youtube.com/watch?v=ROa3kbG5M0U&lc=UgwdKI9breW8trjWq4Z4AaABAg,UgwdKI9breW8trjWq4Z4AaABAg,UC8ZBxgbD6I9UKYMVxcKIt-w,"Fetched 05/22/2026, 7:00:03 PM GMT+8"
478,Hillside,@AdamSocnayan-w8j,4 days ago,Happy watching po mga kapatid mula po dito sa lokal ng hillside distrito ng benguet,https://www.youtube.com/watch?v=ROa3kbG5M0U&lc=Ugz1OPR60dhqKEIlDQx4AaABAg,Ugz1OPR60dhqKEIlDQx4AaABAg,UCObQ0gkLmwSDEjxkTaq3_FQ,"Fetched 05/22/2026, 7:00:03 PM GMT+8"
479,Hillside,@AdamSocnayan-w8j,4 days ago,Happy watching po mga kapatid mula po dito sa lokal ng hillside distrito ng benguet,https://www.youtube.com/watch?v=ROa3kbG5M0U&lc=UgyriL6JEkE2Kc-J5Vh4AaABAg,UgyriL6JEkE2Kc-J5Vh4AaABAg,UCObQ0gkLmwSDEjxkTaq3_FQ,"Fetched 05/22/2026, 7:00:03 PM GMT+8"
480,Hillside,@ElnarTorres,4 days ago,Happy viewing po .  From lokal po ng hillside ....fight fight fight,https://www.youtube.com/watch?v=ROa3kbG5M0U&lc=UgwHHYYpULr52bZCwL54AaABAg,UgwHHYYpULr52bZCwL54AaABAg,UCJeIXfUPv9RPK0HM-mk2y_A,"Fetched 05/22/2026, 7:00:03 PM GMT+8"
481,Hillside,@krishamaeforteza3076,4 days ago,"🎶God's Love is bigger than the entire universe of stars~🎶 / Happy Viewing po! Greetings from Lokal ng Hillside, Distrito ng Benguet!🤍🍓",https://www.youtube.com/watch?v=ROa3kbG5M0U&lc=UgwMceYzGYMqNSuknsR4AaABAg,UgwMceYzGYMqNSuknsR4AaABAg,UCkuSQ0_Ec77rx_qcK_O7wyw,"Fetched 05/22/2026, 7:00:03 PM GMT+8"
482,Hillside,@lanitorres8012,4 days ago,Mula po s lokal ng hillside.. maligayang panonood po,https://www.youtube.com/watch?v=ROa3kbG5M0U&lc=UgwTTcgjjSTimoVO8dd4AaABAg,UgwTTcgjjSTimoVO8dd4AaABAg,UCTTzQ93WliUqRokBR_d4iQQ,"Fetched 05/22/2026, 7:00:03 PM GMT+8"
483,Hillside,@krishamaeforteza3076,4 days ago,"🎶God's Love is bigger than the entire universe of stars~🎶 / Happy Viewing po! Greetings from Lokal ng Hillside, Distrito ng Benguet!🤍🍓",https://www.youtube.com/watch?v=ROa3kbG5M0U&lc=UgwgVeyvU1hhjCvgeCJ4AaABAg,UgwgVeyvU1hhjCvgeCJ4AaABAg,UCkuSQ0_Ec77rx_qcK_O7wyw,"Fetched 05/22/2026, 7:00:03 PM GMT+8"
484,Hillside,@krishamaeforteza3076,4 days ago,"🎶God's Love is bigger than the entire universe of stars~🎶 / Happy Viewing po! Greetings from Lokal ng Hillside, Distrito ng Benguet!🤍🍓",https://www.youtube.com/watch?v=ROa3kbG5M0U&lc=UgwdSu4AQKt5YcsV2EN4AaABAg,UgwdSu4AQKt5YcsV2EN4AaABAg,UCkuSQ0_Ec77rx_qcK_O7wyw,"Fetched 05/22/2026, 7:00:03 PM GMT+8"
485,Hillside,@EdsonAvejero,4 days ago,Happy Viewing po  binabati ko po Ang pinaka mabait na distinado sa lokal ng Hillside Ang Ka.Jhon Alvin Capulong,https://www.youtube.com/watch?v=ROa3kbG5M0U&lc=Ugxh5ZEQoT5W6B-jYbp4AaABAg,Ugxh5ZEQoT5W6B-jYbp4AaABAg,UCB7n0RbygknOlXf4SRQQSYA,"Fetched 05/22/2026, 7:00:03 PM GMT+8"
486,Hillside,@imeldaebalobo4721,4 days ago,Happy viewing mula sa lokal ng Hillside Distrito ng benguet 😊😊,https://www.youtube.com/watch?v=ROa3kbG5M0U&lc=UgyBOlEYyW_tH8gRqd54AaABAg,UgyBOlEYyW_tH8gRqd54AaABAg,UC8ZBxgbD6I9UKYMVxcKIt-w,"Fetched 05/22/2026, 7:00:03 PM GMT+8"
487,Hillside,@krishamaeforteza3076,4 days ago,"🎶God's Love is bigger than the entire universe of stars~🎶 / Happy Viewing po! Greetings from Lokal ng Hillside, Distrito ng Benguet!🤍🍓",https://www.youtube.com/watch?v=ROa3kbG5M0U&lc=UgwAFXF8poVhCu2x2yp4AaABAg,UgwAFXF8poVhCu2x2yp4AaABAg,UCkuSQ0_Ec77rx_qcK_O7wyw,"Fetched 05/22/2026, 7:00:03 PM GMT+8"
488,Hillside,@jeffreyjapson251,4 days ago,"Sending my heartfelt greetings to all brethren around the globe! From the Locale Congregation of Hillside, Ecclesiastical District of Benguet.",https://www.youtube.com/watch?v=ROa3kbG5M0U&lc=Ugz6zPlpuZp8WAM57jt4AaABAg,Ugz6zPlpuZp8WAM57jt4AaABAg,UCPlic24Ajro9hQFdXxfJIgQ,"Fetched 05/22/2026, 7:00:03 PM GMT+8"
489,Hillside,@krishamaeforteza3076,4 days ago,"🎶God's Love is bigger than the entire universe of stars~🎶 / Happy Viewing po! Greetings from Lokal ng Hillside, Distrito ng Benguet!🤍🍓",https://www.youtube.com/watch?v=ROa3kbG5M0U&lc=Ugxf0n1syL6Qkyhkqc94AaABAg,Ugxf0n1syL6Qkyhkqc94AaABAg,UCkuSQ0_Ec77rx_qcK_O7wyw,"Fetched 05/22/2026, 7:00:03 PM GMT+8"
490,Hillside,@arlenesocnayan223,4 days ago,Bumabati po mula sa hillside- brianah japson ( wala po ako account),https://www.youtube.com/watch?v=ROa3kbG5M0U&lc=UgwlL-bQf1vN6oE0Mjl4AaABAg,UgwlL-bQf1vN6oE0Mjl4AaABAg,UC5fO8HMJdfQwqXQg7Bxm0Xg,"Fetched 05/22/2026, 7:00:03 PM GMT+8"
491,Hillside,@krishamaeforteza3076,4 days ago,"🎶God's Love is bigger than the entire universe of stars~🎶 / Happy Viewing po! Greetings from Lokal ng Hillside, Distrito ng Benguet!🤍🍓",https://www.youtube.com/watch?v=ROa3kbG5M0U&lc=Ugznnz7a_VYFN7amwPl4AaABAg,Ugznnz7a_VYFN7amwPl4AaABAg,UCkuSQ0_Ec77rx_qcK_O7wyw,"Fetched 05/22/2026, 7:00:03 PM GMT+8"
492,Hillside,@leonidesdavid8053,4 days ago,Happy viewing po mula sa Lokal ng hillside ka lea po ito😊😊,https://www.youtube.com/watch?v=ROa3kbG5M0U&lc=Ugyhklv3iD9qSRuSBDB4AaABAg,Ugyhklv3iD9qSRuSBDB4AaABAg,UCdZdVGEp973LRM8KsP5CtTQ,"Fetched 05/22/2026, 7:00:03 PM GMT+8"
493,Hillside,@floeyamtalao,4 days ago,Happy viewing po mga kapatid! Mula po sa Lokal ng Hillside Distrito ng Benguet,https://www.youtube.com/watch?v=ROa3kbG5M0U&lc=UgwGwyB375k-FI1Nuah4AaABAg,UgwGwyB375k-FI1Nuah4AaABAg,UC1nRWdFYDqnMGqNTHJz0XHw,"Fetched 05/22/2026, 7:00:03 PM GMT+8"
494,Hillside,@arlenesocnayan223,4 days ago,Bumabati po mula sa hillside- brianah japson ( wala po ako account),https://www.youtube.com/watch?v=ROa3kbG5M0U&lc=Ugw3FIP5jXo41BkU_354AaABAg,Ugw3FIP5jXo41BkU_354AaABAg,UC5fO8HMJdfQwqXQg7Bxm0Xg,"Fetched 05/22/2026, 7:00:03 PM GMT+8"
495,Hillside,@arlenesocnayan223,4 days ago,Bumabati po mula sa hillside- brianah japson ( wala po ako account),https://www.youtube.com/watch?v=ROa3kbG5M0U&lc=UgxaxbhtHpaC89CL5dx4AaABAg,UgxaxbhtHpaC89CL5dx4AaABAg,UC5fO8HMJdfQwqXQg7Bxm0Xg,"Fetched 05/22/2026, 7:00:03 PM GMT+8"
496,Hillside,@jeffreyjapson251,4 days ago,"Sending my heartfelt greetings to all brethren around the globe! From the Locale Congregation of Hillside, Ecclesiastical District of Benguet.",https://www.youtube.com/watch?v=ROa3kbG5M0U&lc=UgzNrZyhK3vWjHonDQ54AaABAg,UgzNrZyhK3vWjHonDQ54AaABAg,UCPlic24Ajro9hQFdXxfJIgQ,"Fetched 05/22/2026, 7:00:03 PM GMT+8"
497,Hillside,@krishamaeforteza3076,4 days ago,"🎶God's Love is bigger than the entire universe of stars~🎶 / Happy Viewing po! Greetings from Lokal ng Hillside, Distrito ng Benguet!🤍🍓",https://www.youtube.com/watch?v=ROa3kbG5M0U&lc=Ugwx11jjwmoLhlF0-R94AaABAg,Ugwx11jjwmoLhlF0-R94AaABAg,UCkuSQ0_Ec77rx_qcK_O7wyw,"Fetched 05/22/2026, 7:00:03 PM GMT+8"
498,Hillside,@jessicasolomon6536,4 days ago,"Happy viewing po mga kapatid .Pagabati po mula sa Lokal ng Hillside,Distrito ng Benguet",https://www.youtube.com/watch?v=ROa3kbG5M0U&lc=UgwLvtcI7Xt-P9JLUa54AaABAg,UgwLvtcI7Xt-P9JLUa54AaABAg,UCAyuXA6b5MxAS85riLBZqWA,"Fetched 05/22/2026, 7:00:03 PM GMT+8"
499,Hillside,@joanbautista7658,4 days ago,❤❤happy watching from lokal ng hillside,https://www.youtube.com/watch?v=ROa3kbG5M0U&lc=UgwdtfgLtOZkg30ndI14AaABAg,UgwdtfgLtOZkg30ndI14AaABAg,UCgxPc4tiyQb-gy_cGAY4Aag,"Fetched 05/22/2026, 7:00:03 PM GMT+8"
500,Hillside,@krishamaeforteza3076,4 days ago,"🎶God's Love is bigger than the entire universe of stars~🎶 / Happy Viewing po! Greetings from Lokal ng Hillside, Distrito ng Benguet!🤍🍓",https://www.youtube.com/watch?v=ROa3kbG5M0U&lc=Ugy4-0UuucFKQ5VCUt94AaABAg,Ugy4-0UuucFKQ5VCUt94AaABAg,UCkuSQ0_Ec77rx_qcK_O7wyw,"Fetched 05/22/2026, 7:00:03 PM GMT+8"
501,Hillside,@kathleenjoyceforteza4317,4 days ago,"Mula po sa Lokal ng Hillside, Happy viewing po!! /  / - Ka Nicole",https://www.youtube.com/watch?v=ROa3kbG5M0U&lc=UgykbjCHqhgmm2m7TK94AaABAg,UgykbjCHqhgmm2m7TK94AaABAg,UCooOf95z85K1ceIDGOr6Q5A,"Fetched 05/22/2026, 7:00:03 PM GMT+8"
502,Hillside,@cjolivergamba1470,4 days ago,I know it's hard now but I swear it gets better🎶🎵Greetings From Lokal ng Hillside❤,https://www.youtube.com/watch?v=ROa3kbG5M0U&lc=Ugx_y7S2BWPJrNfWVAR4AaABAg,Ugx_y7S2BWPJrNfWVAR4AaABAg,UCogRsE-mVxzSFcZpxU9QKeA,"Fetched 05/22/2026, 7:00:03 PM GMT+8"
503,Hillside,@krishamaeforteza3076,4 days ago,"🎶God's Love is bigger than the entire universe of stars~🎶 / Happy Viewing po! Greetings from Lokal ng Hillside, Distrito ng Benguet!🤍🍓",https://www.youtube.com/watch?v=ROa3kbG5M0U&lc=UgwkhfaKRduU6FQmD894AaABAg,UgwkhfaKRduU6FQmD894AaABAg,UCkuSQ0_Ec77rx_qcK_O7wyw,"Fetched 05/22/2026, 7:00:03 PM GMT+8"
504,Hillside,@sierazurcaled8803,4 days ago,Happy viewing pi mula sa lokal ng hillside,https://www.youtube.com/watch?v=ROa3kbG5M0U&lc=UgwMXSsGLpgaqmropup4AaABAg,UgwMXSsGLpgaqmropup4AaABAg,UCdRND2f2r1HhP_s8QJNw3Xw,"Fetched 05/22/2026, 7:00:03 PM GMT+8"
505,Hillside,@merylkatepascual4635,4 days ago,Happy viewing po from Hillside Locale 🤗,https://www.youtube.com/watch?v=ROa3kbG5M0U&lc=UgxDnZLF0mwCRv9Xdqx4AaABAg,UgxDnZLF0mwCRv9Xdqx4AaABAg,UCDZ4uF1fafAtNaS5iYhBomg,"Fetched 05/22/2026, 7:00:03 PM GMT+8"
506,Hillside,@kathleenjoyceforteza4317,4 days ago,"Mula po sa Lokal ng Hillside, Happy viewing po!! /  / - Ka Nicole",https://www.youtube.com/watch?v=ROa3kbG5M0U&lc=Ugzjyliyvxm1d9QNzOR4AaABAg,Ugzjyliyvxm1d9QNzOR4AaABAg,UCooOf95z85K1ceIDGOr6Q5A,"Fetched 05/22/2026, 7:00:03 PM GMT+8"
507,Hillside,@lermanicer8312,4 days ago,Magandang gabi po lokal ng hillside benguet,https://www.youtube.com/watch?v=ROa3kbG5M0U&lc=UgxxiSUzaVNwF8etnUN4AaABAg,UgxxiSUzaVNwF8etnUN4AaABAg,UCOBjBOQdB3rB9WvLC50UulQ,"Fetched 05/22/2026, 7:00:03 PM GMT+8"
508,Hillside,@Rein_Cloud21,4 days ago,Happy Viewing po mula po sa Lokal ng Hillside Distrito ng Benguet 🎉 / Binabati po namin ang pinakapoging LSO ng aming Lokal Kapatid na Edson Avejero maging ang amin pong pinakapoging destinado Ka Alvin Capulong,https://www.youtube.com/watch?v=ROa3kbG5M0U&lc=UgwFr0LM3AztbZVtayp4AaABAg,UgwFr0LM3AztbZVtayp4AaABAg,UC5rg4j7hTkuXyqZkZdntTXQ,"Fetched 05/22/2026, 7:00:03 PM GMT+8"
509,Hillside,@cjolivergamba1470,4 days ago,I know it's hard now but I swear it gets better🎶🎵Greetings From Lokal ng Hillside❤,https://www.youtube.com/watch?v=ROa3kbG5M0U&lc=UgwgMpJVvU5wakoFA6h4AaABAg,UgwgMpJVvU5wakoFA6h4AaABAg,UCogRsE-mVxzSFcZpxU9QKeA,"Fetched 05/22/2026, 7:00:03 PM GMT+8"
510,Hillside,@merylkatepascual4635,4 days ago,Happy viewing po from Hillside Locale 🤗,https://www.youtube.com/watch?v=ROa3kbG5M0U&lc=Ugz97P0_ORnEbfRM4xB4AaABAg,Ugz97P0_ORnEbfRM4xB4AaABAg,UCDZ4uF1fafAtNaS5iYhBomg,"Fetched 05/22/2026, 7:00:03 PM GMT+8"
511,Hillside,@leonidesdavid8053,4 days ago,Happy viewing po mula sa lokal ng hillside Distrito ng Benguet ka lea po ito😊😊,https://www.youtube.com/watch?v=ROa3kbG5M0U&lc=UgwLcyp3OTKIhV35i-14AaABAg,UgwLcyp3OTKIhV35i-14AaABAg,UCdZdVGEp973LRM8KsP5CtTQ,"Fetched 05/22/2026, 7:00:03 PM GMT+8"
512,Hillside,@kathleenjoyceforteza4317,4 days ago,"Mula po sa Lokal ng Hillside, Happy viewing po!! /  / - Ka Nicole",https://www.youtube.com/watch?v=ROa3kbG5M0U&lc=UgxdwzigMCXIvTbGl794AaABAg,UgxdwzigMCXIvTbGl794AaABAg,UCooOf95z85K1ceIDGOr6Q5A,"Fetched 05/22/2026, 7:00:03 PM GMT+8"
513,Hillside,@Rein_Cloud21,4 days ago,Happy Viewing po mula po sa Lokal ng Hillside Distrito ng Benguet 🎉 / Binabati po namin ang pinakapoging LSO ng aming Lokal Kapatid na Edson Avejero maging ang amin pong pinakapoging destinado Ka Alvin Capulong,https://www.youtube.com/watch?v=ROa3kbG5M0U&lc=UgzDju69RkCQb5NWpS94AaABAg,UgzDju69RkCQb5NWpS94AaABAg,UC5rg4j7hTkuXyqZkZdntTXQ,"Fetched 05/22/2026, 7:00:03 PM GMT+8"
514,Hillside,@joanbautista7658,4 days ago,Happy watching from lokql ng hillside,https://www.youtube.com/watch?v=ROa3kbG5M0U&lc=UgwlfkIf0YeoKFldj3x4AaABAg,UgwlfkIf0YeoKFldj3x4AaABAg,UCgxPc4tiyQb-gy_cGAY4Aag,"Fetched 05/22/2026, 7:00:03 PM GMT+8"
515,Hillside,@merylkatepascual4635,4 days ago,Happy viewing po from Hillside Locale 🤗,https://www.youtube.com/watch?v=ROa3kbG5M0U&lc=Ugy8YSUFwRmraJivXjJ4AaABAg,Ugy8YSUFwRmraJivXjJ4AaABAg,UCDZ4uF1fafAtNaS5iYhBomg,"Fetched 05/22/2026, 7:00:03 PM GMT+8"
516,Hillside,@cjolivergamba1470,4 days ago,I know it's hard now but I swear it gets better🎶🎵Greetings From Lokal ng Hillside❤,https://www.youtube.com/watch?v=ROa3kbG5M0U&lc=UgykK_NspuGU2ELSGwR4AaABAg,UgykK_NspuGU2ELSGwR4AaABAg,UCogRsE-mVxzSFcZpxU9QKeA,"Fetched 05/22/2026, 7:00:03 PM GMT+8"
517,Hillside,@wilfredpaulino918,4 days ago,Happy viewing po mula sa lokal ng Hillside Distrito ng Benguet🇮🇹😇,https://www.youtube.com/watch?v=ROa3kbG5M0U&lc=UgxyjMdzsJI1kmK20YV4AaABAg.AWuX7tqhMGyAWukqNIehK6,UgxyjMdzsJI1kmK20YV4AaABAg.AWuX7tqhMGyAWukqNIehK6,UCSSli_6JObLOHAdGcvQlgsA,"Fetched 05/22/2026, 7:00:03 PM GMT+8"
518,Hillside,@wilfredpaulino918,4 days ago,Happy viewing po mula sa lokal ng Hillside Distrito ng Benguet🇮🇹😇,https://www.youtube.com/watch?v=ROa3kbG5M0U&lc=UgxyjMdzsJI1kmK20YV4AaABAg.AWuX7tqhMGyAWukqsKNI5d,UgxyjMdzsJI1kmK20YV4AaABAg.AWuX7tqhMGyAWukqsKNI5d,UCSSli_6JObLOHAdGcvQlgsA,"Fetched 05/22/2026, 7:00:03 PM GMT+8"
519,Hillside,@cjolivergamba1470,5 days ago,I know it's hard now but I swear it gets better🎶🎵Greetings From Lokal ng Hillside❤,https://www.youtube.com/watch?v=ROa3kbG5M0U&lc=Ugyx9MtIS06rizHwQkp4AaABAg,Ugyx9MtIS06rizHwQkp4AaABAg,UCogRsE-mVxzSFcZpxU9QKeA,"Fetched 05/22/2026, 7:00:03 PM GMT+8"
520,Hillside,@kathleenjoyceforteza4317,5 days ago,"Mula po sa Lokal ng Hillside, Happy viewing po!! /  / - Ka Nicole",https://www.youtube.com/watch?v=ROa3kbG5M0U&lc=UgxWlF4ZuLTM1tatLzt4AaABAg,UgxWlF4ZuLTM1tatLzt4AaABAg,UCooOf95z85K1ceIDGOr6Q5A,"Fetched 05/22/2026, 7:00:03 PM GMT+8"
521,Hillside,@merylkatepascual4635,5 days ago,Happy viewing po from Hillside Locale 🤗,https://www.youtube.com/watch?v=ROa3kbG5M0U&lc=UgxNbr11jYZppNK0J1p4AaABAg,UgxNbr11jYZppNK0J1p4AaABAg,UCDZ4uF1fafAtNaS5iYhBomg,"Fetched 05/22/2026, 7:00:03 PM GMT+8"
522,Hillside,@imeldaebalobo4721,5 days ago,Happily viewing mula sa local NG hillside 😊😊😊,https://www.youtube.com/watch?v=ROa3kbG5M0U&lc=UgwcCtmC5ctjQxKbEil4AaABAg,UgwcCtmC5ctjQxKbEil4AaABAg,UC8ZBxgbD6I9UKYMVxcKIt-w,"Fetched 05/22/2026, 7:00:03 PM GMT+8"
523,Hillside,@cjolivergamba1470,5 days ago,I know it's hard now but I swear it gets better🎶🎵Greetings From Lokal ng Hillside❤,https://www.youtube.com/watch?v=ROa3kbG5M0U&lc=UgwvjpP0SJkocqKIjXF4AaABAg,UgwvjpP0SJkocqKIjXF4AaABAg,UCogRsE-mVxzSFcZpxU9QKeA,"Fetched 05/22/2026, 7:00:03 PM GMT+8"
524,Hillside,@yvonnekayebautista8300,5 days ago,"Happy viewing po mga kapatid, mula po sa lokal ng hillside Distrito ng benguet",https://www.youtube.com/watch?v=ROa3kbG5M0U&lc=Ugy6ZkXUfV1_Va4TVk54AaABAg,Ugy6ZkXUfV1_Va4TVk54AaABAg,UCLWAhCm9GubVTqZPmD56RzA,"Fetched 05/22/2026, 7:00:03 PM GMT+8"
525,Hillside,@cjolivergamba1470,5 days ago,I know it's hard now but I swear it gets better🎶🎵Greetings From Lokal ng Hillside❤,https://www.youtube.com/watch?v=ROa3kbG5M0U&lc=Ugx_cr2Rvn-_t0rqWMV4AaABAg,Ugx_cr2Rvn-_t0rqWMV4AaABAg,UCogRsE-mVxzSFcZpxU9QKeA,"Fetched 05/22/2026, 7:00:03 PM GMT+8"
526,Hillside,@joanbautista7658,5 days ago,Happy watching from lokal ng hillside,https://www.youtube.com/watch?v=ROa3kbG5M0U&lc=UgxFVTbNwFqUiFEL9dh4AaABAg,UgxFVTbNwFqUiFEL9dh4AaABAg,UCgxPc4tiyQb-gy_cGAY4Aag,"Fetched 05/22/2026, 7:00:03 PM GMT+8"
527,Hillside,@kathleenjoyceforteza4317,5 days ago,"Mula po sa Lokal ng Hillside, Happy viewing po!! /  / - Ka Nicole",https://www.youtube.com/watch?v=ROa3kbG5M0U&lc=Ugys0uGttFz9LZXbBV54AaABAg,Ugys0uGttFz9LZXbBV54AaABAg,UCooOf95z85K1ceIDGOr6Q5A,"Fetched 05/22/2026, 7:00:03 PM GMT+8"
528,Hillside,@merylkatepascual4635,5 days ago,Happy viewing po from Hillside Locale 🤗,https://www.youtube.com/watch?v=ROa3kbG5M0U&lc=UgwLRTkqYedyreOgdZJ4AaABAg,UgwLRTkqYedyreOgdZJ4AaABAg,UCDZ4uF1fafAtNaS5iYhBomg,"Fetched 05/22/2026, 7:00:03 PM GMT+8"
529,Hillside,@cjolivergamba1470,5 days ago,I know it's hard now but I swear it gets better🎶🎵Greetings From Lokal ng Hillside❤ 3:01,https://www.youtube.com/watch?v=ROa3kbG5M0U&lc=UgyALTVR2HsVQxTlMZV4AaABAg,UgyALTVR2HsVQxTlMZV4AaABAg,UCogRsE-mVxzSFcZpxU9QKeA,"Fetched 05/22/2026, 7:00:03 PM GMT+8"
530,Hillside,@jespherramos3144,5 days ago,Happy Viewing po mula sa Lokal ng Hillside!😊,https://www.youtube.com/watch?v=ROa3kbG5M0U&lc=UgyURhIodMkivu7Ubct4AaABAg,UgyURhIodMkivu7Ubct4AaABAg,UCdIr9DDFs9yLOxxOgDtrFyA,"Fetched 05/22/2026, 7:00:03 PM GMT+8"
531,Hillside,@SamchaoFritzJefferson,5 days ago,Happy viewing po mula sa lokal ng hillside distrito ng benguet❤❤❤,https://www.youtube.com/watch?v=ROa3kbG5M0U&lc=UgxYr0kKqJ8tNrwGTPR4AaABAg,UgxYr0kKqJ8tNrwGTPR4AaABAg,UCNaJvwRCa9ddv4kDOJyF-yg,"Fetched 05/22/2026, 7:00:03 PM GMT+8"
532,Hillside,@niks-noks,5 days ago,Happy viewing po mula sa local Ng hillside ❤🎉,https://www.youtube.com/watch?v=ROa3kbG5M0U&lc=UgxyAYph3PvV40_NYWx4AaABAg,UgxyAYph3PvV40_NYWx4AaABAg,UCxfenboZB80Qef34I29ElXw,"Fetched 05/22/2026, 7:00:03 PM GMT+8"
533,Hillside,@lanitorres8012,5 days ago,Mula po s lokal ng hillside.. maligayang panonood po,https://www.youtube.com/watch?v=ROa3kbG5M0U&lc=UgycJkke4TZzUm8rwpZ4AaABAg,UgycJkke4TZzUm8rwpZ4AaABAg,UCTTzQ93WliUqRokBR_d4iQQ,"Fetched 05/22/2026, 7:00:03 PM GMT+8"
534,Hillside,@arlenesocnayan223,5 days ago,"Gud pm po sa làhat, mula sa lokal ng Hillside. Happy viewing po, spcl mention to our new pastor ka Rudy ng Dagsian",https://www.youtube.com/watch?v=ROa3kbG5M0U&lc=UgzFM-JzKYBNVssO8kJ4AaABAg,UgzFM-JzKYBNVssO8kJ4AaABAg,UC5fO8HMJdfQwqXQg7Bxm0Xg,"Fetched 05/22/2026, 7:00:03 PM GMT+8"
535,Hillside,@cjolivergamba1470,5 days ago,I know it's hard now but I swear it gets better🎶🎵Greetings From Lokal ng Hillside❤,https://www.youtube.com/watch?v=ROa3kbG5M0U&lc=UgzuPErjEtuUoz5PVh14AaABAg,UgzuPErjEtuUoz5PVh14AaABAg,UCogRsE-mVxzSFcZpxU9QKeA,"Fetched 05/22/2026, 7:00:03 PM GMT+8"
536,Hillside,@Rein_Cloud21,5 days ago,Happy Viewing po mula po sa Lokal ng Hillside Distrito ng Benguet 🎉 / Binabati po namin ang pinakapoging LSO ng aming Lokal Kapatid na Edson Avejero maging ang amin pong pinakapoging destinado Ka Alvin Capulong,https://www.youtube.com/watch?v=ROa3kbG5M0U&lc=Ugy8R_InhRQXmkLYyAF4AaABAg,Ugy8R_InhRQXmkLYyAF4AaABAg,UC5rg4j7hTkuXyqZkZdntTXQ,"Fetched 05/22/2026, 7:00:03 PM GMT+8"
537,Hillside,@joanbautista7658,5 days ago,Happy watching from lokal ng hillside,https://www.youtube.com/watch?v=ROa3kbG5M0U&lc=UgyDfIpLME8UvYQi-0B4AaABAg,UgyDfIpLME8UvYQi-0B4AaABAg,UCgxPc4tiyQb-gy_cGAY4Aag,"Fetched 05/22/2026, 7:00:03 PM GMT+8"
538,Hillside,@Rein_Cloud21,5 days ago,Happy Viewing po mula po sa Lokal ng Hillside Distrito ng Benguet 🎉 / Binabati po namin ang pinakapoging LSO ng aming Lokal Kapatid na Edson Avejero maging ang amin pong pinakapoging destinado Ka Alvin Capulong,https://www.youtube.com/watch?v=ROa3kbG5M0U&lc=UgyKst1e3AeT8OBl85J4AaABAg,UgyKst1e3AeT8OBl85J4AaABAg,UC5rg4j7hTkuXyqZkZdntTXQ,"Fetched 05/22/2026, 7:00:03 PM GMT+8"
539,Hillside,@lermanicer8312,5 days ago,Happy viewing po fr lokal po ng hillside benguet,https://www.youtube.com/watch?v=ROa3kbG5M0U&lc=UgwcresbtQ-Qn4aKDLR4AaABAg,UgwcresbtQ-Qn4aKDLR4AaABAg,UCOBjBOQdB3rB9WvLC50UulQ,"Fetched 05/22/2026, 7:00:03 PM GMT+8"
540,Hillside,@jeffreyjapson251,5 days ago,"Sending my heartfelt greetings to all brethren around the globe! From the Locale Congregation of Hillside, Ecclesiastical District of Benguet.",https://www.youtube.com/watch?v=ROa3kbG5M0U&lc=UgxbHQaExpBbtNRVogt4AaABAg,UgxbHQaExpBbtNRVogt4AaABAg,UCPlic24Ajro9hQFdXxfJIgQ,"Fetched 05/22/2026, 7:00:03 PM GMT+8"
541,Hillside,@kathleenjoyceforteza4317,5 days ago,"Mula po sa Lokal ng Hillside, Happy viewing po!! /  / - Ka Nicole",https://www.youtube.com/watch?v=ROa3kbG5M0U&lc=UgwQ318ivzxmIF8olQV4AaABAg,UgwQ318ivzxmIF8olQV4AaABAg,UCooOf95z85K1ceIDGOr6Q5A,"Fetched 05/22/2026, 7:00:03 PM GMT+8"
542,Hillside,@imeldaebalobo4721,5 days ago,Happy viewing from local NG hillside 😊😊😊,https://www.youtube.com/watch?v=ROa3kbG5M0U&lc=UgzY6TpuNOfW08eueT14AaABAg,UgzY6TpuNOfW08eueT14AaABAg,UC8ZBxgbD6I9UKYMVxcKIt-w,"Fetched 05/22/2026, 7:00:03 PM GMT+8"
543,Hillside,@AdamSocnayan-w8j,5 days ago,Happy watching po mga kapatid mula dito sa lokal ng hillside distrito po ng benguet,https://www.youtube.com/watch?v=ROa3kbG5M0U&lc=UgydJo7nfFfrzgxEpKR4AaABAg,UgydJo7nfFfrzgxEpKR4AaABAg,UCObQ0gkLmwSDEjxkTaq3_FQ,"Fetched 05/22/2026, 7:00:03 PM GMT+8"
544,Hillside,@Rein_Cloud21,5 days ago,Happy Viewing po mula po sa Lokal ng Hillside Distrito ng Benguet 🎉 / Binabati po namin ang pinakapoging LSO ng aming Lokal Kapatid na Edson Avejero maging ang amin pong pinakapoging destinado Ka Alvin Capulong,https://www.youtube.com/watch?v=ROa3kbG5M0U&lc=Ugyzar3WON-d0qujfCR4AaABAg,Ugyzar3WON-d0qujfCR4AaABAg,UC5rg4j7hTkuXyqZkZdntTXQ,"Fetched 05/22/2026, 7:00:03 PM GMT+8"
545,Hillside,@miasy-RL,5 days ago,"Happy Viewing po mula sa lokal ng hillside, Distrito ng  Benguet✨",https://www.youtube.com/watch?v=ROa3kbG5M0U&lc=UgwiqSvwU3sxErrnnnR4AaABAg,UgwiqSvwU3sxErrnnnR4AaABAg,UCE4qpM5SGKSbx589elFLOkw,"Fetched 05/22/2026, 7:00:03 PM GMT+8"
546,Hillside,@joanbautista7658,5 days ago,Happy watching from lokal ng hillside,https://www.youtube.com/watch?v=ROa3kbG5M0U&lc=UgzUZDuDiXi27eUryOV4AaABAg,UgzUZDuDiXi27eUryOV4AaABAg,UCgxPc4tiyQb-gy_cGAY4Aag,"Fetched 05/22/2026, 7:00:03 PM GMT+8"
547,Hillside,@Rein_Cloud21,5 days ago,Happy Viewing po mula po sa Lokal ng Hillside Distrito ng Benguet 🎉 / Binabati po namin ang pinakapoging LSO ng aming Lokal Kapatid na Edson Avejero maging ang amin pong pinakapoging destinado Ka Alvin Capulong,https://www.youtube.com/watch?v=ROa3kbG5M0U&lc=UgwRTtbLETEUyEqJLgp4AaABAg,UgwRTtbLETEUyEqJLgp4AaABAg,UC5rg4j7hTkuXyqZkZdntTXQ,"Fetched 05/22/2026, 7:00:03 PM GMT+8"
548,Hillside,@johnwendell4206,5 days ago,"Happy viewing po from Lokal ng Hillside, Distrito ng Benguet 🎉",https://www.youtube.com/watch?v=ROa3kbG5M0U&lc=UgyrlnaFQBqmOisPwrt4AaABAg,UgyrlnaFQBqmOisPwrt4AaABAg,UCgF5njP1dcUDxqfVs9mcX6A,"Fetched 05/22/2026, 7:00:03 PM GMT+8"
549,Hillside,@leonidesdavid8053,5 days ago,Happy viewing po mula sa Lokal ng hillside Distrito ng Benguet ka lea po ito,https://www.youtube.com/watch?v=ROa3kbG5M0U&lc=UgxxNEecpQV5tK-Tt4h4AaABAg,UgxxNEecpQV5tK-Tt4h4AaABAg,UCdZdVGEp973LRM8KsP5CtTQ,"Fetched 05/22/2026, 7:00:03 PM GMT+8"
550,Hillside,@KennethDeguzman-k3k,5 days ago,Happy viewing po!  / Binabati ko po ang kapatid na Jhon Alvin Capulong Destinado po ng Hillside Destrito ng Benguet,https://www.youtube.com/watch?v=ROa3kbG5M0U&lc=UgxkGTHBsT1ElA27Lnx4AaABAg,UgxkGTHBsT1ElA27Lnx4AaABAg,UCOl5RlVIhRyWtmcodAGwC0w,"Fetched 05/22/2026, 7:00:03 PM GMT+8"
551,Hillside,@Rein_Cloud21,5 days ago,Happy Viewing po mula po sa Lokal ng Hillside Distrito ng Benguet 🎉 / Binabati po namin ang pinakapoging LSO ng aming Lokal Kapatid na Edson Avejero maging ang amin pong pinakapoging destinado Ka Alvin Capulong,https://www.youtube.com/watch?v=ROa3kbG5M0U&lc=UgyI6af0l_wxhAyCCVJ4AaABAg,UgyI6af0l_wxhAyCCVJ4AaABAg,UC5rg4j7hTkuXyqZkZdntTXQ,"Fetched 05/22/2026, 7:00:03 PM GMT+8"
552,Hillside,@KennethDeguzman-k3k,5 days ago,Happy viewing po!  / Binabati ko po ang kapatid na Jhon Alvin Capulong Destinado po ng Hillside Destrito ng Benguet,https://www.youtube.com/watch?v=ROa3kbG5M0U&lc=UgyAxajO8554VnI2MGR4AaABAg,UgyAxajO8554VnI2MGR4AaABAg,UCOl5RlVIhRyWtmcodAGwC0w,"Fetched 05/22/2026, 7:00:03 PM GMT+8"
553,Hillside,@kylieramos7366,5 days ago,"happy watching po mga kapatid, from Hillside, Benguet ✨️",https://www.youtube.com/watch?v=ROa3kbG5M0U&lc=Ugww8rcX_8rQpeCL1UJ4AaABAg,Ugww8rcX_8rQpeCL1UJ4AaABAg,UCqtXKG9VHeuNL2-vV3E6x7g,"Fetched 05/22/2026, 7:00:03 PM GMT+8"
554,Hillside,@melissavaldez25,5 days ago,"Happy viewing po mga kapatid.Pagbati po mula sa Lokal ng Hillside, Distrito ng Benguet.",https://www.youtube.com/watch?v=ROa3kbG5M0U&lc=UgzeXjmMETK80cnOqWh4AaABAg,UgzeXjmMETK80cnOqWh4AaABAg,UC1eC2xOks9F80dDzFmLTQ3Q,"Fetched 05/22/2026, 7:00:03 PM GMT+8"
555,Hillside,@Rein_Cloud21,5 days ago,Happy Viewing po mula po sa Lokal ng Hillside Distrito ng Benguet 🎉 / Binabati po namin ang pinakapoging LSO ng aming Lokal Kapatid na Edson Avejero maging ang amin pong pinakapoging destinado Ka Alvin Capulong,https://www.youtube.com/watch?v=ROa3kbG5M0U&lc=UgxP8fcbA_SaQrk62nN4AaABAg,UgxP8fcbA_SaQrk62nN4AaABAg,UC5rg4j7hTkuXyqZkZdntTXQ,"Fetched 05/22/2026, 7:00:03 PM GMT+8"
556,Hillside,@joanbautista7658,5 days ago,Happy watching from lokal hillside,https://www.youtube.com/watch?v=ROa3kbG5M0U&lc=Ugx9hUhiD7BQFLzgqwh4AaABAg,Ugx9hUhiD7BQFLzgqwh4AaABAg,UCgxPc4tiyQb-gy_cGAY4Aag,"Fetched 05/22/2026, 7:00:03 PM GMT+8"
557,Hillside,@Rein_Cloud21,5 days ago,Happy Viewing po mula po sa Lokal ng Hillside Distrito ng Benguet 🎉 / Binabati po namin ang pinakapoging LSO ng aming Lokal Kapatid na Edson Avejero maging ang amin pong pinakapoging destinado Ka Alvin Capulong,https://www.youtube.com/watch?v=ROa3kbG5M0U&lc=UgyGFdEiHVtCMcBd24R4AaABAg,UgyGFdEiHVtCMcBd24R4AaABAg,UC5rg4j7hTkuXyqZkZdntTXQ,"Fetched 05/22/2026, 7:00:03 PM GMT+8"
558,Hillside,@KennethDeguzman-k3k,5 days ago,Happy viewing po!  / Binabati ko po ang kapatid na Jhon Alvin Capulong Destinado po ng Hillside Destrito ng Benguet,https://www.youtube.com/watch?v=ROa3kbG5M0U&lc=UgyLH9v2_w2Q6lOs43B4AaABAg,UgyLH9v2_w2Q6lOs43B4AaABAg,UCOl5RlVIhRyWtmcodAGwC0w,"Fetched 05/22/2026, 7:00:03 PM GMT+8"
559,Hillside,@KennethDeguzman-k3k,5 days ago,Happy viewing po!  / Binabati ko po ang kapatid na Jhon Alvin Capulong Destinado po ng Hillside Destrito ng Benguet,https://www.youtube.com/watch?v=ROa3kbG5M0U&lc=UgzVK2vADMIqYEFSM0h4AaABAg,UgzVK2vADMIqYEFSM0h4AaABAg,UCOl5RlVIhRyWtmcodAGwC0w,"Fetched 05/22/2026, 7:00:03 PM GMT+8"
560,Hillside,@arlenesocnayan223,5 days ago,"Gud pm po sa làhat, mula sa lokal ng Hillside. Happy viewing po, spcl mention sa deatinado ng Gabriela ka TP",https://www.youtube.com/watch?v=ROa3kbG5M0U&lc=UgwTnaL8Zb721k3SHAF4AaABAg,UgwTnaL8Zb721k3SHAF4AaABAg,UC5fO8HMJdfQwqXQg7Bxm0Xg,"Fetched 05/22/2026, 7:00:03 PM GMT+8"
561,Hillside,@KennethDeguzman-k3k,5 days ago,Happy viewing po!  / Binabati ko po ang kapatid na Jhon Alvin Capulong Destinado po ng Hillside Destrito ng Benguet,https://www.youtube.com/watch?v=ROa3kbG5M0U&lc=UgxPFMYcmGxOrNqWWlN4AaABAg,UgxPFMYcmGxOrNqWWlN4AaABAg,UCOl5RlVIhRyWtmcodAGwC0w,"Fetched 05/22/2026, 7:00:03 PM GMT+8"
562,Hillside,@KennethDeguzman-k3k,5 days ago,Happy viewing po!  / Binabati ko po ang kapatid na Jhon Alvin Capulong Destinado po ng Hillside Destrito ng Benguet,https://www.youtube.com/watch?v=ROa3kbG5M0U&lc=UgwP4o4FZvFb6Agc8BR4AaABAg,UgwP4o4FZvFb6Agc8BR4AaABAg,UCOl5RlVIhRyWtmcodAGwC0w,"Fetched 05/22/2026, 7:00:03 PM GMT+8"
563,Hillside,@imeldaebalobo4721,5 days ago,Happy viewing from local NG hillside😊😊😊,https://www.youtube.com/watch?v=ROa3kbG5M0U&lc=UgwBCP-rjvK-Duk5vvx4AaABAg,UgwBCP-rjvK-Duk5vvx4AaABAg,UC8ZBxgbD6I9UKYMVxcKIt-w,"Fetched 05/22/2026, 7:00:03 PM GMT+8"
564,Hillside,@coto-ongnesrionardc.9972,5 days ago,Happy Viewing po mga Kapatid 🎉 pagbati mula po sa lokal ng Hillside ❤,https://www.youtube.com/watch?v=ROa3kbG5M0U&lc=Ugz6XZAiarSwtb8tiU14AaABAg,Ugz6XZAiarSwtb8tiU14AaABAg,UC3mnqkvRsOe5VmjM8q7mu3A,"Fetched 05/22/2026, 7:00:03 PM GMT+8"
565,Hillside,@KennethDeguzman-k3k,5 days ago,Happy viewing po!  / Binabati ko po ang kapatid na Jhon Alvin Capulong Destinado po ng Hillside Destrito ng Benguet,https://www.youtube.com/watch?v=ROa3kbG5M0U&lc=Ugz4NoSfH5W_9KE_TKt4AaABAg,Ugz4NoSfH5W_9KE_TKt4AaABAg,UCOl5RlVIhRyWtmcodAGwC0w,"Fetched 05/22/2026, 7:00:03 PM GMT+8"
566,Hillside,@coto-ongnesrionardc.9972,5 days ago,Happy Viewing po mga Kapatid 🎉 pagbati mula po sa lokal ng Hillside ❤,https://www.youtube.com/watch?v=ROa3kbG5M0U&lc=Ugw7Tu__HUgvKPUc3eN4AaABAg,Ugw7Tu__HUgvKPUc3eN4AaABAg,UC3mnqkvRsOe5VmjM8q7mu3A,"Fetched 05/22/2026, 7:00:03 PM GMT+8"
567,Hillside,@cjolivergamba1470,5 days ago,Happy Viewing Po from Lokal ng Hillside!,https://www.youtube.com/watch?v=ROa3kbG5M0U&lc=Ugxcmvyo4ghYxUNCfWV4AaABAg,Ugxcmvyo4ghYxUNCfWV4AaABAg,UCogRsE-mVxzSFcZpxU9QKeA,"Fetched 05/22/2026, 7:00:03 PM GMT+8"
568,Hillside,@aureliaeque1098,5 days ago,"Happy watching po mula sa local ng hillside, distrito ng Benguet",https://www.youtube.com/watch?v=ROa3kbG5M0U&lc=UgzWpSiFyT7hZN0Rwu14AaABAg,UgzWpSiFyT7hZN0Rwu14AaABAg,UCxE605Bt02bAbsH7XHrHplA,"Fetched 05/22/2026, 7:00:03 PM GMT+8"
569,Hillside,@RuthLubin-u4o,5 days ago,"From kalihiman ng HILLSIDE ,BENGUET happy viewing po",https://www.youtube.com/watch?v=ROa3kbG5M0U&lc=Ugz4lWYSPoDz16pkP2Z4AaABAg,Ugz4lWYSPoDz16pkP2Z4AaABAg,UC_uf6eNpjGA4ra2-XeZeq7Q,"Fetched 05/22/2026, 7:00:03 PM GMT+8"
570,Hillside,@cjolivergamba1470,5 days ago,Happy Viewing Po from Lokal ng Hillside!,https://www.youtube.com/watch?v=ROa3kbG5M0U&lc=Ugz72gxvnACWo9uf4rp4AaABAg,Ugz72gxvnACWo9uf4rp4AaABAg,UCogRsE-mVxzSFcZpxU9QKeA,"Fetched 05/22/2026, 7:00:03 PM GMT+8"
571,Hillside,@aureliaeque1098,5 days ago,"Happy watching po mula sa local ng hillside, distrito ng Benguet",https://www.youtube.com/watch?v=ROa3kbG5M0U&lc=UgyUAMFp_e4WrCxr-414AaABAg,UgyUAMFp_e4WrCxr-414AaABAg,UCxE605Bt02bAbsH7XHrHplA,"Fetched 05/22/2026, 7:00:03 PM GMT+8"
572,Hillside,@joanbautista7658,5 days ago,Happy watching from lokal ng hillside,https://www.youtube.com/watch?v=ROa3kbG5M0U&lc=UgzioD-C-bRHGQZcbQF4AaABAg,UgzioD-C-bRHGQZcbQF4AaABAg,UCgxPc4tiyQb-gy_cGAY4Aag,"Fetched 05/22/2026, 7:00:03 PM GMT+8"
573,Hillside,@jeffreyjapson251,5 days ago,Sending my heartfelt greetings to all brethren around the globe! From the Locale Congregation of Hillside.,https://www.youtube.com/watch?v=ROa3kbG5M0U&lc=UgySksccSdZ-EFcQnKF4AaABAg,UgySksccSdZ-EFcQnKF4AaABAg,UCPlic24Ajro9hQFdXxfJIgQ,"Fetched 05/22/2026, 7:00:03 PM GMT+8"
574,Hillside,@cjolivergamba1470,5 days ago,Happy Viewing Po from Lokal ng Hillside!,https://www.youtube.com/watch?v=ROa3kbG5M0U&lc=UgyQ5prscAPexvUMTgB4AaABAg,UgyQ5prscAPexvUMTgB4AaABAg,UCogRsE-mVxzSFcZpxU9QKeA,"Fetched 05/22/2026, 7:00:03 PM GMT+8"
575,Hillside,@johnwendell4206,5 days ago,"Happy viewing po from Lokal ng Hillside, Distrito ng Benguet 🎉",https://www.youtube.com/watch?v=ROa3kbG5M0U&lc=UgwV6J3t9c3nn0Hj5PV4AaABAg,UgwV6J3t9c3nn0Hj5PV4AaABAg,UCgF5njP1dcUDxqfVs9mcX6A,"Fetched 05/22/2026, 7:00:03 PM GMT+8"
576,Hillside,@coto-ongnesrionardc.9972,5 days ago,Happy Viewing po mga Kapatid 🎉 pagbati mula po sa lokal ng Hillside ❤,https://www.youtube.com/watch?v=ROa3kbG5M0U&lc=UgzG7ymNBLomVsBCz5d4AaABAg,UgzG7ymNBLomVsBCz5d4AaABAg,UC3mnqkvRsOe5VmjM8q7mu3A,"Fetched 05/22/2026, 7:00:03 PM GMT+8"
577,Hillside,@cjolivergamba1470,5 days ago,Happy Viewing Po from Lokal ng Hillside!,https://www.youtube.com/watch?v=ROa3kbG5M0U&lc=UgzvioOaZIrwX3CjcLd4AaABAg,UgzvioOaZIrwX3CjcLd4AaABAg,UCogRsE-mVxzSFcZpxU9QKeA,"Fetched 05/22/2026, 7:00:03 PM GMT+8"
578,Hillside,@melissavaldez25,5 days ago,"Binabati po namin ang aming mahal na Tagapangasiwa ng Distrito,ang kapatid na Ardy D.Mendoza.Pagbati po mula sa Lokal ng Hillside, Distrito ng Benguet.",https://www.youtube.com/watch?v=ROa3kbG5M0U&lc=Ugz6X95286DWqCIwnXl4AaABAg,Ugz6X95286DWqCIwnXl4AaABAg,UC1eC2xOks9F80dDzFmLTQ3Q,"Fetched 05/22/2026, 7:00:03 PM GMT+8"
579,Hillside,@arlenesocnayan223,5 days ago,"Gud pm po sa làhat, mula sa lokal ng Hillside. Happy viewing po, spcl mention sa bagong destinado ng Hillside ka Leo Sido🤩",https://www.youtube.com/watch?v=ROa3kbG5M0U&lc=UgxkDIB-r9-RBv7a9Dx4AaABAg,UgxkDIB-r9-RBv7a9Dx4AaABAg,UC5fO8HMJdfQwqXQg7Bxm0Xg,"Fetched 05/22/2026, 7:00:03 PM GMT+8"
580,Hillside,@Rein_Cloud21,5 days ago,Happy Viewing po mula po sa Lokal ng Hillside Distrito ng Benguet 🎉 / Binabati po namin ang pinakapoging LSO ng aming Lokal Kapatid na Edson Avejero maging ang amin pong pinakapoging destinado Ka Alvin Capulong,https://www.youtube.com/watch?v=ROa3kbG5M0U&lc=UgxjWpGAaeMEnygyrjB4AaABAg,UgxjWpGAaeMEnygyrjB4AaABAg,UC5rg4j7hTkuXyqZkZdntTXQ,"Fetched 05/22/2026, 7:00:03 PM GMT+8"
581,Hillside,@coto-ongnesrionardc.9972,5 days ago,Happy Viewing po mga Kapatid 🎉 pagbati mula po sa lokal ng Hillside ❤,https://www.youtube.com/watch?v=ROa3kbG5M0U&lc=UgyRkOyN_ffxhHzJ0d54AaABAg,UgyRkOyN_ffxhHzJ0d54AaABAg,UC3mnqkvRsOe5VmjM8q7mu3A,"Fetched 05/22/2026, 7:00:03 PM GMT+8"
582,Hillside,@aureliaeque1098,5 days ago,"Happy watching po mula sa local ng hillside, distrito ng Benguet",https://www.youtube.com/watch?v=ROa3kbG5M0U&lc=Ugxyn7LI7M5La2X4r_l4AaABAg,Ugxyn7LI7M5La2X4r_l4AaABAg,UCxE605Bt02bAbsH7XHrHplA,"Fetched 05/22/2026, 7:00:03 PM GMT+8"
583,Hillside,@LouisAcop,5 days ago,Happy viewing po from lokal ng Hillside🇮🇹🇮🇹,https://www.youtube.com/watch?v=ROa3kbG5M0U&lc=UgwZFV2dQVC9l8-6M614AaABAg,UgwZFV2dQVC9l8-6M614AaABAg,UCQJqunXEs0vDyDJb2ymAqCA,"Fetched 05/22/2026, 7:00:03 PM GMT+8"
584,Hillside,@coto-ongnesrionardc.9972,5 days ago,Happy Viewing po mga Kapatid 🎉 pagbati mula po sa lokal ng Hillside ❤,https://www.youtube.com/watch?v=ROa3kbG5M0U&lc=UgzlR1m5MOo4ZWYK9t94AaABAg,UgzlR1m5MOo4ZWYK9t94AaABAg,UC3mnqkvRsOe5VmjM8q7mu3A,"Fetched 05/22/2026, 7:00:03 PM GMT+8"
585,Hillside,@cjolivergamba1470,5 days ago,Happy Viewing Po from Lokal ng Hillside!,https://www.youtube.com/watch?v=ROa3kbG5M0U&lc=UgwM2E1lSeeFVK_5rLp4AaABAg,UgwM2E1lSeeFVK_5rLp4AaABAg,UCogRsE-mVxzSFcZpxU9QKeA,"Fetched 05/22/2026, 7:00:03 PM GMT+8"
586,Hillside,@coto-ongnesrionardc.9972,5 days ago,Happy Viewing po mga Kapatid 🎉 pagbati mula po sa lokal ng Hillside ❤,https://www.youtube.com/watch?v=ROa3kbG5M0U&lc=Ugy2r1MjQqt2R0Uio614AaABAg,Ugy2r1MjQqt2R0Uio614AaABAg,UC3mnqkvRsOe5VmjM8q7mu3A,"Fetched 05/22/2026, 7:00:03 PM GMT+8"
587,Hillside,@jeffreyjapson251,5 days ago,Sending my heartfelt greetings to all brethren around the globe! From the Locale Congregation of Hillside.,https://www.youtube.com/watch?v=ROa3kbG5M0U&lc=Ugx4C0cH44rJwslKmq94AaABAg,Ugx4C0cH44rJwslKmq94AaABAg,UCPlic24Ajro9hQFdXxfJIgQ,"Fetched 05/22/2026, 7:00:03 PM GMT+8"
588,Hillside,@Rein_Cloud21,5 days ago,Happy Viewing po mula po sa Lokal ng Hillside Distrito ng Benguet 🎉 / Binabati po namin ang pinakapoging LSO ng aming Lokal Kapatid na Edson Avejero maging ang amin pong pinakapoging destinado Ka Alvin Capulong,https://www.youtube.com/watch?v=ROa3kbG5M0U&lc=UgzjLdyAtHR0ISzqHKp4AaABAg,UgzjLdyAtHR0ISzqHKp4AaABAg,UC5rg4j7hTkuXyqZkZdntTXQ,"Fetched 05/22/2026, 7:00:03 PM GMT+8"
589,Hillside,@LouisAcop,5 days ago,Happy viewing po from lokal ng Hillside🇮🇹🇮🇹,https://www.youtube.com/watch?v=ROa3kbG5M0U&lc=UgznMinsp9-8mtacUql4AaABAg,UgznMinsp9-8mtacUql4AaABAg,UCQJqunXEs0vDyDJb2ymAqCA,"Fetched 05/22/2026, 7:00:03 PM GMT+8"
590,Hillside,@cjolivergamba1470,5 days ago,Happy Viewing Po from Lokal ng Hillside!,https://www.youtube.com/watch?v=ROa3kbG5M0U&lc=Ugyq1-aOv-bP2GOZMrN4AaABAg,Ugyq1-aOv-bP2GOZMrN4AaABAg,UCogRsE-mVxzSFcZpxU9QKeA,"Fetched 05/22/2026, 7:00:03 PM GMT+8"
591,Hillside,@coto-ongnesrionardc.9972,5 days ago,Happy Viewing po mga Kapatid 🎉 pagbati mula po sa lokal ng Hillside ❤,https://www.youtube.com/watch?v=ROa3kbG5M0U&lc=UgzBOJ8j8yJV7zjomuJ4AaABAg,UgzBOJ8j8yJV7zjomuJ4AaABAg,UC3mnqkvRsOe5VmjM8q7mu3A,"Fetched 05/22/2026, 7:00:03 PM GMT+8"
592,Hillside,@floeyamtalao,5 days ago,Happy viewing po mga kapatid! Mula po sa Lokal ng Hillside Distrito ng Benguet,https://www.youtube.com/watch?v=ROa3kbG5M0U&lc=UgyVl7XATUQZt889h_54AaABAg,UgyVl7XATUQZt889h_54AaABAg,UC1nRWdFYDqnMGqNTHJz0XHw,"Fetched 05/22/2026, 7:00:03 PM GMT+8"
593,Hillside,@jeffreyjapson251,5 days ago,Sending my heartfelt greetings to all brethren around the globe! From the Locale Congregation of Hillside.,https://www.youtube.com/watch?v=ROa3kbG5M0U&lc=Ugwm5GRz_DprnkbHCON4AaABAg,Ugwm5GRz_DprnkbHCON4AaABAg,UCPlic24Ajro9hQFdXxfJIgQ,"Fetched 05/22/2026, 7:00:03 PM GMT+8"
594,Hillside,@cjolivergamba1470,5 days ago,Happy Viewing Po from Lokal ng Hillside!,https://www.youtube.com/watch?v=ROa3kbG5M0U&lc=Ugy1CbD6xyu4DgqfEm94AaABAg,Ugy1CbD6xyu4DgqfEm94AaABAg,UCogRsE-mVxzSFcZpxU9QKeA,"Fetched 05/22/2026, 7:00:03 PM GMT+8"
595,Hillside,@VardenjamesDeGuzman,5 days ago,Happy Viewing po sa Lokal ng Hillside Distrito ng Benguet!❤,https://www.youtube.com/watch?v=ROa3kbG5M0U&lc=UgwGwUoUQVCuntuuRBB4AaABAg,UgwGwUoUQVCuntuuRBB4AaABAg,UCfnROPikyYd3JkOsuG-zRWw,"Fetched 05/22/2026, 7:00:03 PM GMT+8"
596,Hillside,@aureliaeque1098,5 days ago,"Happy watching po mula sa local ng hillside, distrito ng Benguet",https://www.youtube.com/watch?v=ROa3kbG5M0U&lc=UgyQqq8YGP5jnTcIsId4AaABAg,UgyQqq8YGP5jnTcIsId4AaABAg,UCxE605Bt02bAbsH7XHrHplA,"Fetched 05/22/2026, 7:00:03 PM GMT+8"
597,Hillside,@LouisAcop,5 days ago,Happy viewing po from lokal ng Hillside🇮🇹🇮🇹,https://www.youtube.com/watch?v=ROa3kbG5M0U&lc=Ugy31fVKfDsRn3DsF0N4AaABAg,Ugy31fVKfDsRn3DsF0N4AaABAg,UCQJqunXEs0vDyDJb2ymAqCA,"Fetched 05/22/2026, 7:00:03 PM GMT+8"
598,Hillside,@DwyaneUrix,5 days ago,Happy watching lokal Ng hillside po,https://www.youtube.com/watch?v=ROa3kbG5M0U&lc=UgzHukwFslzxmGHfKbB4AaABAg,UgzHukwFslzxmGHfKbB4AaABAg,UC43hjWcL9N-Hd2D-3pyoXDw,"Fetched 05/22/2026, 7:00:03 PM GMT+8"
599,Hillside,@cjolivergamba1470,5 days ago,Happy Viewing Po from Lokal ng Hillside!,https://www.youtube.com/watch?v=ROa3kbG5M0U&lc=UgwLKov5n8DCnQ0kxXx4AaABAg,UgwLKov5n8DCnQ0kxXx4AaABAg,UCogRsE-mVxzSFcZpxU9QKeA,"Fetched 05/22/2026, 7:00:03 PM GMT+8"
600,Hillside,@floeyamtalao,5 days ago,Happy viewing po mga kapatid! Mula po sa Lokal ng Hillside Distrito ng Benguet💗,https://www.youtube.com/watch?v=ROa3kbG5M0U&lc=UgyCmc49JnLDcnD02Vl4AaABAg,UgyCmc49JnLDcnD02Vl4AaABAg,UC1nRWdFYDqnMGqNTHJz0XHw,"Fetched 05/22/2026, 7:00:03 PM GMT+8"
601,Hillside,@joanbautista7658,5 days ago,Happy watching from lokal ng hillside,https://www.youtube.com/watch?v=ROa3kbG5M0U&lc=UgwBbIIXOZPI_kXKku14AaABAg,UgwBbIIXOZPI_kXKku14AaABAg,UCgxPc4tiyQb-gy_cGAY4Aag,"Fetched 05/22/2026, 7:00:03 PM GMT+8"
602,Hillside,@coto-ongnesrionardc.9972,5 days ago,Happy Viewing po mga Kapatid 🎉 pagbati mula po sa lokal ng Hillside ❤,https://www.youtube.com/watch?v=ROa3kbG5M0U&lc=Ugzm_oUhG3ymk3s36nd4AaABAg,Ugzm_oUhG3ymk3s36nd4AaABAg,UC3mnqkvRsOe5VmjM8q7mu3A,"Fetched 05/22/2026, 7:00:03 PM GMT+8"
603,Hillside,@johnwendell4206,5 days ago,"Happy viewing po from Lokal ng Hillside, Distrito ng Benguet 🎉",https://www.youtube.com/watch?v=ROa3kbG5M0U&lc=Ugx2GTEsnWihwi5Zqu54AaABAg,Ugx2GTEsnWihwi5Zqu54AaABAg,UCgF5njP1dcUDxqfVs9mcX6A,"Fetched 05/22/2026, 7:00:03 PM GMT+8"
604,Hillside,@tanjirokamado1016,5 days ago,Happy viewing po mula sa lokal ng hillside distrito ng benguet,https://www.youtube.com/watch?v=ROa3kbG5M0U&lc=UgwoSPBK_U32ydQKq6N4AaABAg,UgwoSPBK_U32ydQKq6N4AaABAg,UC8vzmIwiL6cNpyO3LW4_ACA,"Fetched 05/22/2026, 7:00:03 PM GMT+8"
605,Hillside,@jeffreyjapson251,5 days ago,Sending my heartfelt greetings to all brethren around the globe! From the Locale Congregation of Hillside.,https://www.youtube.com/watch?v=ROa3kbG5M0U&lc=Ugww7m3bRMFCZr66gQt4AaABAg,Ugww7m3bRMFCZr66gQt4AaABAg,UCPlic24Ajro9hQFdXxfJIgQ,"Fetched 05/22/2026, 7:00:03 PM GMT+8"
606,Hillside,@cjolivergamba1470,5 days ago,Happy Viewing Po from Lokal ng Hillside!,https://www.youtube.com/watch?v=ROa3kbG5M0U&lc=UgybzUHiNrLUIKjCXdJ4AaABAg,UgybzUHiNrLUIKjCXdJ4AaABAg,UCogRsE-mVxzSFcZpxU9QKeA,"Fetched 05/22/2026, 7:00:03 PM GMT+8"
607,Hillside,@Rein_Cloud21,5 days ago,Happy Viewing po mula po sa Lokal ng Hillside Distrito ng Benguet 🎉 / Binabati po namin ang pinakapoging LSO ng aming Lokal Kapatid na Edson Avejero maging ang amin pong pinakapoging destinado Ka Alvin Capulong,https://www.youtube.com/watch?v=ROa3kbG5M0U&lc=UgxXrhjYUYIdJ0GMbvR4AaABAg,UgxXrhjYUYIdJ0GMbvR4AaABAg,UC5rg4j7hTkuXyqZkZdntTXQ,"Fetched 05/22/2026, 7:00:03 PM GMT+8"
608,Hillside,@coto-ongnesrionardc.9972,5 days ago,Happy Viewing po mga Kapatid 🎉 pagbati mula po sa lokal ng Hillside ❤,https://www.youtube.com/watch?v=ROa3kbG5M0U&lc=Ugwjn0jE5pKSjOC5Wwl4AaABAg,Ugwjn0jE5pKSjOC5Wwl4AaABAg,UC3mnqkvRsOe5VmjM8q7mu3A,"Fetched 05/22/2026, 7:00:03 PM GMT+8"
609,Hillside,@LouisAcop,5 days ago,Happy viewing po from lokal ng Hillside🇮🇹🇮🇹,https://www.youtube.com/watch?v=ROa3kbG5M0U&lc=UgyDjhNGHmWTdXy6F7J4AaABAg,UgyDjhNGHmWTdXy6F7J4AaABAg,UCQJqunXEs0vDyDJb2ymAqCA,"Fetched 05/22/2026, 7:00:03 PM GMT+8"
610,Hillside,@aureliaeque1098,5 days ago,"Happy watching po mula sa local ng hillside, distrito ng Benguet",https://www.youtube.com/watch?v=ROa3kbG5M0U&lc=Ugyzf7nJd86-ic6fK1N4AaABAg,Ugyzf7nJd86-ic6fK1N4AaABAg,UCxE605Bt02bAbsH7XHrHplA,"Fetched 05/22/2026, 7:00:03 PM GMT+8"
611,Hillside,@tanjirokamado1016,5 days ago,Happy viewing po mula sa lokal ng hillside distrito ng benguet,https://www.youtube.com/watch?v=ROa3kbG5M0U&lc=Ugyx4lcYbyF2jfOw5Pd4AaABAg,Ugyx4lcYbyF2jfOw5Pd4AaABAg,UC8vzmIwiL6cNpyO3LW4_ACA,"Fetched 05/22/2026, 7:00:03 PM GMT+8"
612,Hillside,@Rein_Cloud21,5 days ago,Happy Viewing po mula po sa Lokal ng Hillside Distrito ng Benguet 🎉 / Binabati po namin ang pinakapoging LSO ng aming Lokal Kapatid na Edson Avejero maging ang amin pong pinakapoging destinado Ka Alvin Capulong,https://www.youtube.com/watch?v=ROa3kbG5M0U&lc=UgznSnEZ69u9srVv3ip4AaABAg,UgznSnEZ69u9srVv3ip4AaABAg,UC5rg4j7hTkuXyqZkZdntTXQ,"Fetched 05/22/2026, 7:00:03 PM GMT+8"
613,Hillside,@cjolivergamba1470,5 days ago,Happy Viewing Po from Lokal ng Hillside!,https://www.youtube.com/watch?v=ROa3kbG5M0U&lc=Ugz7ruwmaLB1lCVJDZR4AaABAg,Ugz7ruwmaLB1lCVJDZR4AaABAg,UCogRsE-mVxzSFcZpxU9QKeA,"Fetched 05/22/2026, 7:00:03 PM GMT+8"
614,Hillside,@floeyamtalao,5 days ago,Happy viewing po mga kapatid! Mula po sa Lokal ng Hillside Distrito ng Benguet,https://www.youtube.com/watch?v=ROa3kbG5M0U&lc=UgwMSXiM_8uFhFanlaR4AaABAg,UgwMSXiM_8uFhFanlaR4AaABAg,UC1nRWdFYDqnMGqNTHJz0XHw,"Fetched 05/22/2026, 7:00:03 PM GMT+8"
615,Hillside,@SocnayanBradlyPeteMBSIT,5 days ago,Happy viewing po mula po sa lokal Ng hillside,https://www.youtube.com/watch?v=ROa3kbG5M0U&lc=Ugz-tJs7o-vu8uN_dRF4AaABAg,Ugz-tJs7o-vu8uN_dRF4AaABAg,UCPEuKnbAScvyV0dRX_GeAVA,"Fetched 05/22/2026, 7:00:03 PM GMT+8"
616,Hillside,@coto-ongnesrionardc.9972,5 days ago,Happy Viewing po mga Kapatid 🎉 pagbati mula po sa lokal ng Hillside ❤,https://www.youtube.com/watch?v=ROa3kbG5M0U&lc=Ugx0gFUorJjuk4yhPAV4AaABAg,Ugx0gFUorJjuk4yhPAV4AaABAg,UC3mnqkvRsOe5VmjM8q7mu3A,"Fetched 05/22/2026, 7:00:03 PM GMT+8"
617,Hillside,@Rein_Cloud21,5 days ago,Happy Viewing po mula po sa Lokal ng Hillside Distrito ng Benguet 🎉 / Binabati po namin ang pinakapoging LSO ng aming Lokal Kapatid na Edson Avejero maging ang amin pong pinakapoging destinado Ka Alvin Capulong,https://www.youtube.com/watch?v=ROa3kbG5M0U&lc=UgxpeV0TJwRAeoN3CX14AaABAg,UgxpeV0TJwRAeoN3CX14AaABAg,UC5rg4j7hTkuXyqZkZdntTXQ,"Fetched 05/22/2026, 7:00:03 PM GMT+8"
618,Hillside,@jeffreyjapson251,5 days ago,Sending my heartfelt greetings to all brethren around the globe! From the Locale Congregation of Hillside.,https://www.youtube.com/watch?v=ROa3kbG5M0U&lc=UgxZQDJc3IjiGUUun6t4AaABAg,UgxZQDJc3IjiGUUun6t4AaABAg,UCPlic24Ajro9hQFdXxfJIgQ,"Fetched 05/22/2026, 7:00:03 PM GMT+8"
619,Hillside,@coto-ongnesrionardc.9972,5 days ago,Happy Viewing po mga Kapatid 🎉 pagbati mula po sa lokal ng Hillside ❤,https://www.youtube.com/watch?v=ROa3kbG5M0U&lc=Ugx_t-dVbaGe9DQ5D4Z4AaABAg,Ugx_t-dVbaGe9DQ5D4Z4AaABAg,UC3mnqkvRsOe5VmjM8q7mu3A,"Fetched 05/22/2026, 7:00:03 PM GMT+8"
620,Hillside,@cjolivergamba1470,5 days ago,Happy Viewing Po from Lokal ng Hillside!,https://www.youtube.com/watch?v=ROa3kbG5M0U&lc=UgzZYgbO4p-vRngHjkx4AaABAg,UgzZYgbO4p-vRngHjkx4AaABAg,UCogRsE-mVxzSFcZpxU9QKeA,"Fetched 05/22/2026, 7:00:03 PM GMT+8"
621,Hillside,@coto-ongnesrionardc.9972,5 days ago,Happy Viewing po mga Kapatid 🎉 pagbati mula po sa lokal ng Hillside ❤,https://www.youtube.com/watch?v=ROa3kbG5M0U&lc=UgyIVe78fbj-Rl2D0rl4AaABAg,UgyIVe78fbj-Rl2D0rl4AaABAg,UC3mnqkvRsOe5VmjM8q7mu3A,"Fetched 05/22/2026, 7:00:03 PM GMT+8"
622,Hillside,@aureliaeque1098,5 days ago,"Happy watching po mula sa local ng hillside, distrito ng Benguet",https://www.youtube.com/watch?v=ROa3kbG5M0U&lc=Ugx5ZSsjw4iFsB2p1414AaABAg,Ugx5ZSsjw4iFsB2p1414AaABAg,UCxE605Bt02bAbsH7XHrHplA,"Fetched 05/22/2026, 7:00:03 PM GMT+8"
623,Hillside,@KennethDeguzman-k3k,5 days ago,"Happy viewing po!  / From lokal ng Hillside, Distrito ng Benguet",https://www.youtube.com/watch?v=ROa3kbG5M0U&lc=UgxDEGlPdQPx06yMmsd4AaABAg,UgxDEGlPdQPx06yMmsd4AaABAg,UCOl5RlVIhRyWtmcodAGwC0w,"Fetched 05/22/2026, 7:00:03 PM GMT+8"
624,Hillside,@kathleenjoyceforteza4317,5 days ago,Happy viewing po mula po sa Lokal ng Hillside Distrito ng Benguet🇮🇹,https://www.youtube.com/watch?v=ROa3kbG5M0U&lc=UgyvuNufA6BAfNzTg494AaABAg,UgyvuNufA6BAfNzTg494AaABAg,UCooOf95z85K1ceIDGOr6Q5A,"Fetched 05/22/2026, 7:00:03 PM GMT+8"
625,Hillside,@LouisAcop,5 days ago,Happy viewing po from lokal ng Hillside🇮🇹🇮🇹,https://www.youtube.com/watch?v=ROa3kbG5M0U&lc=Ugw4hJhsF1rFjOKQESB4AaABAg,Ugw4hJhsF1rFjOKQESB4AaABAg,UCQJqunXEs0vDyDJb2ymAqCA,"Fetched 05/22/2026, 7:00:03 PM GMT+8"
626,Hillside,@KennethDeguzman-k3k,5 days ago,"Happy viewing po!  / From lokal ng Hillside, Distrito ng Benguet",https://www.youtube.com/watch?v=ROa3kbG5M0U&lc=Ugzy9uk9D2udmn5jWUl4AaABAg,Ugzy9uk9D2udmn5jWUl4AaABAg,UCOl5RlVIhRyWtmcodAGwC0w,"Fetched 05/22/2026, 7:00:03 PM GMT+8"
627,Hillside,@johnwendell4206,5 days ago,Greetings po from lokal ng hillside 🎉,https://www.youtube.com/watch?v=ROa3kbG5M0U&lc=Ugx1IvKfr604uktHJBJ4AaABAg,Ugx1IvKfr604uktHJBJ4AaABAg,UCgF5njP1dcUDxqfVs9mcX6A,"Fetched 05/22/2026, 7:00:03 PM GMT+8"
628,Hillside,@KennethDeguzman-k3k,5 days ago,"Happy viewing po!  / From lokal ng Hillside, Distrito ng Benguet",https://www.youtube.com/watch?v=ROa3kbG5M0U&lc=UgynqYWvYJY5c-Lmqjh4AaABAg,UgynqYWvYJY5c-Lmqjh4AaABAg,UCOl5RlVIhRyWtmcodAGwC0w,"Fetched 05/22/2026, 7:00:03 PM GMT+8"
629,Hillside,@KennethDeguzman-k3k,5 days ago,"Happy viewing po!  / From lokal ng Hillside, Distrito ng Benguet",https://www.youtube.com/watch?v=ROa3kbG5M0U&lc=Ugy0DRM26lkR0AhaFLl4AaABAg,Ugy0DRM26lkR0AhaFLl4AaABAg,UCOl5RlVIhRyWtmcodAGwC0w,"Fetched 05/22/2026, 7:00:03 PM GMT+8"
630,Hillside,@LouisAcop,5 days ago,Happy viewing po from lokal ng Hillside🇮🇹🇮🇹,https://www.youtube.com/watch?v=ROa3kbG5M0U&lc=UgzTsEP80TnUwshemo94AaABAg,UgzTsEP80TnUwshemo94AaABAg,UCQJqunXEs0vDyDJb2ymAqCA,"Fetched 05/22/2026, 7:00:03 PM GMT+8"
631,Hillside,@arlenesocnayan223,5 days ago,"Gud pm po sa làhat, mula sa lokal ng Hillside. Happy viewing po, spcl mention to Bradly Na mangaawit.",https://www.youtube.com/watch?v=ROa3kbG5M0U&lc=UgwN9zslj-GyvaqD-Vh4AaABAg,UgwN9zslj-GyvaqD-Vh4AaABAg,UC5fO8HMJdfQwqXQg7Bxm0Xg,"Fetched 05/22/2026, 7:00:03 PM GMT+8"
632,Hillside,@KennethDeguzman-k3k,5 days ago,"Happy viewing po!  / From lokal ng Hillside, Distrito ng Benguet",https://www.youtube.com/watch?v=ROa3kbG5M0U&lc=UgwLM6YUkmMXZh0lG4h4AaABAg,UgwLM6YUkmMXZh0lG4h4AaABAg,UCOl5RlVIhRyWtmcodAGwC0w,"Fetched 05/22/2026, 7:00:03 PM GMT+8"
633,Hillside,@johnfebriclaylay,5 days ago,Good evening po!happy viewing lokal ng HILLSIDE Distrito ng Benguet🤍,https://www.youtube.com/watch?v=ROa3kbG5M0U&lc=UgzDcyiRWMs0TjTX0mx4AaABAg,UgzDcyiRWMs0TjTX0mx4AaABAg,UCYhwHN4cq8I-vrGxvl_pHJg,"Fetched 05/22/2026, 7:00:03 PM GMT+8"
634,Hillside,@aureliaeque1098,5 days ago,"Happy watching po mula sa local ng hillside, distrito ng Benguet",https://www.youtube.com/watch?v=ROa3kbG5M0U&lc=UgwP1DyuP8sl-f8ngT14AaABAg,UgwP1DyuP8sl-f8ngT14AaABAg,UCxE605Bt02bAbsH7XHrHplA,"Fetched 05/22/2026, 7:00:03 PM GMT+8"
635,Hillside,@joanbautista7658,5 days ago,Happy watching from lokal ng hillside,https://www.youtube.com/watch?v=ROa3kbG5M0U&lc=UgxVaXZSglixvFJoDpV4AaABAg,UgxVaXZSglixvFJoDpV4AaABAg,UCgxPc4tiyQb-gy_cGAY4Aag,"Fetched 05/22/2026, 7:00:03 PM GMT+8"
636,Hillside,@KennethDeguzman-k3k,5 days ago,"Happy viewing po!  / From lokal ng Hillside, Distrito ng Benguet",https://www.youtube.com/watch?v=ROa3kbG5M0U&lc=UgzwzOo4JKzTZt3OfoF4AaABAg,UgzwzOo4JKzTZt3OfoF4AaABAg,UCOl5RlVIhRyWtmcodAGwC0w,"Fetched 05/22/2026, 7:00:03 PM GMT+8"
637,Hillside,@lermanicer8312,5 days ago,Hello po mula po sa lokal ng hillside distrito ng benguet,https://www.youtube.com/watch?v=ROa3kbG5M0U&lc=UgwN18vwKuFhoTf40L14AaABAg,UgwN18vwKuFhoTf40L14AaABAg,UCOBjBOQdB3rB9WvLC50UulQ,"Fetched 05/22/2026, 7:00:03 PM GMT+8"
638,Hillside,@kathleenjoyceforteza4317,5 days ago,Happy viewing po mula po sa Lokal ng Hillside Distrito ng Benguet🇮🇹,https://www.youtube.com/watch?v=ROa3kbG5M0U&lc=Ugz0oejp6v03qLykYeF4AaABAg,Ugz0oejp6v03qLykYeF4AaABAg,UCooOf95z85K1ceIDGOr6Q5A,"Fetched 05/22/2026, 7:00:03 PM GMT+8"
639,Hillside,@KennethDeguzman-k3k,5 days ago,"Happy viewing po!  / From lokal ng Hillside, Distrito ng Benguet",https://www.youtube.com/watch?v=ROa3kbG5M0U&lc=Ugyz1cOK129bLDe9QPN4AaABAg,Ugyz1cOK129bLDe9QPN4AaABAg,UCOl5RlVIhRyWtmcodAGwC0w,"Fetched 05/22/2026, 7:00:03 PM GMT+8"
640,Hillside,@DwyaneUrix,5 days ago,Happy viewing Po lokal Ng hillside po distrito Ng benget Po 😊,https://www.youtube.com/watch?v=ROa3kbG5M0U&lc=UgwLI3reZeivXFELSxh4AaABAg,UgwLI3reZeivXFELSxh4AaABAg,UC43hjWcL9N-Hd2D-3pyoXDw,"Fetched 05/22/2026, 7:00:03 PM GMT+8"
641,Hillside,@kimberlyroseforteza6690,5 days ago,"Happy viewing po mga kapatid, Mula po sa Lokal ng Hillside, Distrito ng Benguet! ♥️",https://www.youtube.com/watch?v=ROa3kbG5M0U&lc=UgwmVedMxaSAKWNuFmF4AaABAg,UgwmVedMxaSAKWNuFmF4AaABAg,UCUEC3rCfLlijXl518wy26lg,"Fetched 05/22/2026, 7:00:03 PM GMT+8"
642,Hillside,@kathleenjoyceforteza4317,5 days ago,Happy viewing po mula po sa Lokal ng Hillside Distrito ng Benguet🇮🇹,https://www.youtube.com/watch?v=ROa3kbG5M0U&lc=UgzF62cu76_CCJT3eOt4AaABAg,UgzF62cu76_CCJT3eOt4AaABAg,UCooOf95z85K1ceIDGOr6Q5A,"Fetched 05/22/2026, 7:00:03 PM GMT+8"
643,Hillside,@KennethDeguzman-k3k,5 days ago,"Happy viewing po!  / From lokal ng Hillside, Distrito ng Benguet",https://www.youtube.com/watch?v=ROa3kbG5M0U&lc=UgxX9BE-7scHhmOxKOZ4AaABAg,UgxX9BE-7scHhmOxKOZ4AaABAg,UCOl5RlVIhRyWtmcodAGwC0w,"Fetched 05/22/2026, 7:00:03 PM GMT+8"
644,Hillside,@miasy-RL,5 days ago,"Let’s go Benguet!!!!! /  / Happy Viewing po mula sa Lokal ng Hillside, Distrito ng Benguet ✨❤️",https://www.youtube.com/watch?v=ROa3kbG5M0U&lc=UgxBJ83PNVYXpT6thnJ4AaABAg,UgxBJ83PNVYXpT6thnJ4AaABAg,UCE4qpM5SGKSbx589elFLOkw,"Fetched 05/22/2026, 7:00:03 PM GMT+8"
645,Hillside,@LeonidesSido,5 days ago,"Happy viewing po sa lahat, pagbati po mula sa Lokal ng Hillside Distrito ng Benguet",https://www.youtube.com/watch?v=ROa3kbG5M0U&lc=Ugwtbrldip9S3b8cADd4AaABAg,Ugwtbrldip9S3b8cADd4AaABAg,UCboTr9D0eo38S7pgk-D1D4Q,"Fetched 05/22/2026, 7:00:03 PM GMT+8"
646,Hillside,@KennethDeguzman-k3k,5 days ago,"Happy viewing po!  / From lokal ng Hillside, Distrito ng Benguet",https://www.youtube.com/watch?v=ROa3kbG5M0U&lc=Ugx7FNmS99hXVL5KSRF4AaABAg,Ugx7FNmS99hXVL5KSRF4AaABAg,UCOl5RlVIhRyWtmcodAGwC0w,"Fetched 05/22/2026, 7:00:03 PM GMT+8"
647,Hillside,@RuthLubin-u4o,5 days ago,"From lokal ng HILLSIDE , BENGUET happy viewing po",https://www.youtube.com/watch?v=ROa3kbG5M0U&lc=Ugw-u7_7Si6iSgVFj4Z4AaABAg,Ugw-u7_7Si6iSgVFj4Z4AaABAg,UC_uf6eNpjGA4ra2-XeZeq7Q,"Fetched 05/22/2026, 7:00:03 PM GMT+8"
648,Hillside,@KennethDeguzman-k3k,5 days ago,"Happy viewing po!  / From lokal ng Hillside, Distrito ng Benguet",https://www.youtube.com/watch?v=ROa3kbG5M0U&lc=UgyyeQUresHj6BRCjlp4AaABAg,UgyyeQUresHj6BRCjlp4AaABAg,UCOl5RlVIhRyWtmcodAGwC0w,"Fetched 05/22/2026, 7:00:03 PM GMT+8"
649,Hillside,@merylkatepascual4635,5 days ago,Happy viewing po from Hillside Locale 🤗,https://www.youtube.com/watch?v=ROa3kbG5M0U&lc=Ugx0y-V6eeUe29KK9fl4AaABAg,Ugx0y-V6eeUe29KK9fl4AaABAg,UCDZ4uF1fafAtNaS5iYhBomg,"Fetched 05/22/2026, 7:00:03 PM GMT+8"
650,Hillside,@jilliansamchao,5 days ago,"Happy Watching po mga Kapatid, mula po sa Lokal ng HILLSIDE",https://www.youtube.com/watch?v=ROa3kbG5M0U&lc=UgzAyq6RKi_dVmdvyWB4AaABAg,UgzAyq6RKi_dVmdvyWB4AaABAg,UCRnvVcjVsXveWDHJS-10OWg,"Fetched 05/22/2026, 7:00:03 PM GMT+8"
651,Hillside,@KennethDeguzman-k3k,5 days ago,"Happy viewing po!  / From lokal ng Hillside, Distrito ng Benguet",https://www.youtube.com/watch?v=ROa3kbG5M0U&lc=UgxLl1Ocx7ntS5weR7Z4AaABAg,UgxLl1Ocx7ntS5weR7Z4AaABAg,UCOl5RlVIhRyWtmcodAGwC0w,"Fetched 05/22/2026, 7:00:03 PM GMT+8"
652,Hillside,@kimberlyroseforteza6690,5 days ago,"Happy viewing po mga kapatid, Mula po sa Lokal ng Hillside, Distrito ng Benguet! ♥️",https://www.youtube.com/watch?v=ROa3kbG5M0U&lc=Ugw60QgHdDnZqrK4Ooh4AaABAg,Ugw60QgHdDnZqrK4Ooh4AaABAg,UCUEC3rCfLlijXl518wy26lg,"Fetched 05/22/2026, 7:00:03 PM GMT+8"
653,Hillside,@kathleenjoyceforteza4317,5 days ago,Happy viewing po mula po sa Lokal ng Hillside Distrito ng Benguet🇮🇹,https://www.youtube.com/watch?v=ROa3kbG5M0U&lc=UgzR-6rfaxsDakyAhjB4AaABAg,UgzR-6rfaxsDakyAhjB4AaABAg,UCooOf95z85K1ceIDGOr6Q5A,"Fetched 05/22/2026, 7:00:03 PM GMT+8"
654,Hillside,@KennethDeguzman-k3k,5 days ago,"Happy viewing po!  / From lokal ng Hillside, Distrito ng Benguet",https://www.youtube.com/watch?v=ROa3kbG5M0U&lc=UgzNg4eQrFPrUWuaB514AaABAg,UgzNg4eQrFPrUWuaB514AaABAg,UCOl5RlVIhRyWtmcodAGwC0w,"Fetched 05/22/2026, 7:00:03 PM GMT+8"
655,Hillside,@KennethDeguzman-k3k,5 days ago,"Happy viewing po!  / From lokal ng Hillside, Distrito ng Benguet",https://www.youtube.com/watch?v=ROa3kbG5M0U&lc=Ugzn6O1-R7xblqB9Bzt4AaABAg,Ugzn6O1-R7xblqB9Bzt4AaABAg,UCOl5RlVIhRyWtmcodAGwC0w,"Fetched 05/22/2026, 7:00:03 PM GMT+8"
656,Hillside,@johnfebriclaylay,5 days ago,Good evening po!happy viewing lokal ng HILLSIDE Distrito ng Benguet🤍,https://www.youtube.com/watch?v=ROa3kbG5M0U&lc=UgxUoDd1IzcsTe6OC7B4AaABAg,UgxUoDd1IzcsTe6OC7B4AaABAg,UCYhwHN4cq8I-vrGxvl_pHJg,"Fetched 05/22/2026, 7:00:03 PM GMT+8"
657,Hillside,@amynerona,5 days ago,"Happy Viewing po mga kapatid, mula po sa Lokal ng Hillside Distrito ng Benguet. 🇮🇹",https://www.youtube.com/watch?v=ROa3kbG5M0U&lc=UgzLzw0zCCxhTS4UD3N4AaABAg,UgzLzw0zCCxhTS4UD3N4AaABAg,UCLoEKKoP2cwE-0hPBHSSgtg,"Fetched 05/22/2026, 7:00:03 PM GMT+8"
658,Hillside,@lanitorres8012,5 days ago,Mula po sa lokal ng hillside happy viewing po,https://www.youtube.com/watch?v=ROa3kbG5M0U&lc=UgxsOnKAk-RGYWRhIFN4AaABAg,UgxsOnKAk-RGYWRhIFN4AaABAg,UCTTzQ93WliUqRokBR_d4iQQ,"Fetched 05/22/2026, 7:00:03 PM GMT+8"
659,Hillside,@kimberlyroseforteza6690,5 days ago,"Happy viewing po mga kapatid, Mula po sa Lokal ng Hillside, Distrito ng Benguet! ♥️",https://www.youtube.com/watch?v=ROa3kbG5M0U&lc=UgzqUqE7m2OngIU2qBZ4AaABAg,UgzqUqE7m2OngIU2qBZ4AaABAg,UCUEC3rCfLlijXl518wy26lg,"Fetched 05/22/2026, 7:00:03 PM GMT+8"
660,Hillside,@amynerona,5 days ago,"Happy Viewing po mga kapatid, mula po sa Lokal ng Hillside Distrito ng Benguet. 🇮🇹",https://www.youtube.com/watch?v=ROa3kbG5M0U&lc=Ugy6Ej8VpTIR0l1yL9d4AaABAg,Ugy6Ej8VpTIR0l1yL9d4AaABAg,UCLoEKKoP2cwE-0hPBHSSgtg,"Fetched 05/22/2026, 7:00:03 PM GMT+8"
661,Hillside,@LouisAcop,5 days ago,Happy viewing po from lokal ng Hillside😁😁🇮🇹🇮🇹,https://www.youtube.com/watch?v=ROa3kbG5M0U&lc=UgxHPskK3f7jglzH78p4AaABAg,UgxHPskK3f7jglzH78p4AaABAg,UCQJqunXEs0vDyDJb2ymAqCA,"Fetched 05/22/2026, 7:00:03 PM GMT+8"
662,Hillside,@KennethDeguzman-k3k,5 days ago,"Happy viewing po!  / From lokal ng Hillside, Distrito ng Benguet",https://www.youtube.com/watch?v=ROa3kbG5M0U&lc=Ugy9H8lLOPkR_aPfAnB4AaABAg,Ugy9H8lLOPkR_aPfAnB4AaABAg,UCOl5RlVIhRyWtmcodAGwC0w,"Fetched 05/22/2026, 7:00:03 PM GMT+8"
663,Hillside,@melissavaldez25,5 days ago,"Hello po mga kapatid.Pagbati po mula sa Lokal ng Hillside, Distrito ng Benguet.",https://www.youtube.com/watch?v=ROa3kbG5M0U&lc=UgxvE2XoYYc-a_zeDJ94AaABAg,UgxvE2XoYYc-a_zeDJ94AaABAg,UC1eC2xOks9F80dDzFmLTQ3Q,"Fetched 05/22/2026, 7:00:03 PM GMT+8"
664,Hillside,@kathleenjoyceforteza4317,5 days ago,Happy viewing po mula po sa Lokal ng Hillside Distrito ng Benguet🇮🇹,https://www.youtube.com/watch?v=ROa3kbG5M0U&lc=Ugycr-uaIF7f2BDw4Ap4AaABAg,Ugycr-uaIF7f2BDw4Ap4AaABAg,UCooOf95z85K1ceIDGOr6Q5A,"Fetched 05/22/2026, 7:00:03 PM GMT+8"
665,Hillside,@kimberlyroseforteza6690,5 days ago,"Happy viewing po mga kapatid, Mula po sa Lokal ng Hillside, Distrito ng Benguet! ♥️",https://www.youtube.com/watch?v=ROa3kbG5M0U&lc=UgxP1sgHZUqr4D-4jIF4AaABAg,UgxP1sgHZUqr4D-4jIF4AaABAg,UCUEC3rCfLlijXl518wy26lg,"Fetched 05/22/2026, 7:00:03 PM GMT+8"
666,Hillside,@amynerona,5 days ago,"Happy Viewing po mga kapatid, mula po sa Lokal ng Hillside Distrito ng Benguet. 🇮🇹",https://www.youtube.com/watch?v=ROa3kbG5M0U&lc=Ugxr8Qto1s2RLaEn_1d4AaABAg,Ugxr8Qto1s2RLaEn_1d4AaABAg,UCLoEKKoP2cwE-0hPBHSSgtg,"Fetched 05/22/2026, 7:00:03 PM GMT+8"
667,Hillside,@johnfebriclaylay,5 days ago,Good evening po!happy viewing lokal ng HILLSIDE Distrito ng Benguet🤍,https://www.youtube.com/watch?v=ROa3kbG5M0U&lc=Ugy9W6inlriTfUoPX5Z4AaABAg,Ugy9W6inlriTfUoPX5Z4AaABAg,UCYhwHN4cq8I-vrGxvl_pHJg,"Fetched 05/22/2026, 7:00:03 PM GMT+8"
668,Hillside,@LouisAcop,5 days ago,Happy viewing po from lokal ng Hillside😁😁🇮🇹🇮🇹,https://www.youtube.com/watch?v=ROa3kbG5M0U&lc=UgxGmrebs4BK61ohGpV4AaABAg,UgxGmrebs4BK61ohGpV4AaABAg,UCQJqunXEs0vDyDJb2ymAqCA,"Fetched 05/22/2026, 7:00:03 PM GMT+8"
669,Hillside,@kathleenjoyceforteza4317,5 days ago,Happy viewing po mula po sa Lokal ng Hillside Distrito ng Benguet🇮🇹,https://www.youtube.com/watch?v=ROa3kbG5M0U&lc=Ugwdw2qhe0oNcAVrOPN4AaABAg,Ugwdw2qhe0oNcAVrOPN4AaABAg,UCooOf95z85K1ceIDGOr6Q5A,"Fetched 05/22/2026, 7:00:03 PM GMT+8"
670,Hillside,@coto-ongnesrionardc.9972,5 days ago,Happy Viewing po mga Kapatid 🎉 pagbati mula po sa lokal ng Hillside ❤,https://www.youtube.com/watch?v=ROa3kbG5M0U&lc=UgxrGVILvurdmTBgPsZ4AaABAg,UgxrGVILvurdmTBgPsZ4AaABAg,UC3mnqkvRsOe5VmjM8q7mu3A,"Fetched 05/22/2026, 7:00:03 PM GMT+8"
671,Hillside,@LouisAcop,5 days ago,Happy viewing po from lokal ng Hillside😁😁🇮🇹🇮🇹,https://www.youtube.com/watch?v=ROa3kbG5M0U&lc=UgxYNM-GNlnC_JSf7t14AaABAg,UgxYNM-GNlnC_JSf7t14AaABAg,UCQJqunXEs0vDyDJb2ymAqCA,"Fetched 05/22/2026, 7:00:03 PM GMT+8"
672,Hillside,@jilliansamchao,5 days ago,Shout out po sa mga KADIWA sa Lokal ng HILLSIDE,https://www.youtube.com/watch?v=ROa3kbG5M0U&lc=UgxbnCgXFy2vDKnb7px4AaABAg,UgxbnCgXFy2vDKnb7px4AaABAg,UCRnvVcjVsXveWDHJS-10OWg,"Fetched 05/22/2026, 7:00:03 PM GMT+8"
673,Hillside,@johnfebriclaylay,5 days ago,Good evening po!happy viewing lokal ng HILLSIDE Distrito ng Benguet🤍,https://www.youtube.com/watch?v=ROa3kbG5M0U&lc=UgyphK3nSdqEbPssz9B4AaABAg,UgyphK3nSdqEbPssz9B4AaABAg,UCYhwHN4cq8I-vrGxvl_pHJg,"Fetched 05/22/2026, 7:00:03 PM GMT+8"
674,Hillside,@hazelhalican2149,5 days ago,Binabati po namin lahat ng nanonood sa lokal ng hillside! Pagbati po mula sa lokal ng Baguio city!💚,https://www.youtube.com/watch?v=ROa3kbG5M0U&lc=UgyVGj1HrOzExp3Jusd4AaABAg,UgyVGj1HrOzExp3Jusd4AaABAg,UC5JK1YaWy38yVHiRtJW47sw,"Fetched 05/22/2026, 7:00:03 PM GMT+8"
675,Hillside,@amynerona,5 days ago,"Happy Viewing po mga kapatid, mula po sa Lokal ng Hillside Distrito ng Benguet. 🇮🇹",https://www.youtube.com/watch?v=ROa3kbG5M0U&lc=UgwYVjzdLGZl9E98uzR4AaABAg,UgwYVjzdLGZl9E98uzR4AaABAg,UCLoEKKoP2cwE-0hPBHSSgtg,"Fetched 05/22/2026, 7:00:03 PM GMT+8"
676,Hillside,@coto-ongnesrionardc.9972,5 days ago,Happy Viewing po mga Kapatid 🎉 pagbati mula po sa lokal ng Hillside ❤,https://www.youtube.com/watch?v=ROa3kbG5M0U&lc=UgyEFi65vM8NQuincTB4AaABAg,UgyEFi65vM8NQuincTB4AaABAg,UC3mnqkvRsOe5VmjM8q7mu3A,"Fetched 05/22/2026, 7:00:03 PM GMT+8"
677,Hillside,@RuthLubin-u4o,5 days ago,Happy birthday po Kay kapatid na Kylie mula sa lokal ng HILLSIDE DISTRITO ng BENGUET,https://www.youtube.com/watch?v=ROa3kbG5M0U&lc=UgxnQ9-zSMy_tvn5jmp4AaABAg,UgxnQ9-zSMy_tvn5jmp4AaABAg,UC_uf6eNpjGA4ra2-XeZeq7Q,"Fetched 05/22/2026, 7:00:03 PM GMT+8"
678,Hillside,@kathleenjoyceforteza4317,5 days ago,Happy viewing po mula po sa Lokal ng Hillside Distrito ng Benguet🇮🇹,https://www.youtube.com/watch?v=ROa3kbG5M0U&lc=UgxyacEg04ZFLH2L1ah4AaABAg,UgxyacEg04ZFLH2L1ah4AaABAg,UCooOf95z85K1ceIDGOr6Q5A,"Fetched 05/22/2026, 7:00:03 PM GMT+8"
679,Hillside,@LouisAcop,5 days ago,Happy viewing po from lokal ng Hillside😁😁🇮🇹🇮🇹,https://www.youtube.com/watch?v=ROa3kbG5M0U&lc=UgyN2-Gwu9RCf_oIc5N4AaABAg,UgyN2-Gwu9RCf_oIc5N4AaABAg,UCQJqunXEs0vDyDJb2ymAqCA,"Fetched 05/22/2026, 7:00:03 PM GMT+8"
680,Hillside,@amynerona,5 days ago,"Happy Viewing po mga kapatid, mula po sa Lokal ng Hillside Distrito ng Benguet. 🇮🇹",https://www.youtube.com/watch?v=ROa3kbG5M0U&lc=UgzJu8B2UMa4juz4DBp4AaABAg,UgzJu8B2UMa4juz4DBp4AaABAg,UCLoEKKoP2cwE-0hPBHSSgtg,"Fetched 05/22/2026, 7:00:03 PM GMT+8"
681,Hillside,@johnfebriclaylay,5 days ago,Good evening po!happy viewing lokal ng HILLSIDE Distrito ng Benguet🤍,https://www.youtube.com/watch?v=ROa3kbG5M0U&lc=Ugy8MM5GxHLaHoh4njN4AaABAg,Ugy8MM5GxHLaHoh4njN4AaABAg,UCYhwHN4cq8I-vrGxvl_pHJg,"Fetched 05/22/2026, 7:00:03 PM GMT+8"
682,Hillside,@DwyaneUrix,5 days ago,Happy viewing Po lokal Po Ng Hillside Po,https://www.youtube.com/watch?v=ROa3kbG5M0U&lc=UgygdEc6fG7mRB8GaaZ4AaABAg,UgygdEc6fG7mRB8GaaZ4AaABAg,UC43hjWcL9N-Hd2D-3pyoXDw,"Fetched 05/22/2026, 7:00:03 PM GMT+8"
683,Hillside,@merylkatepascual4635,5 days ago,Happy viewing po from Hillside Locale,https://www.youtube.com/watch?v=ROa3kbG5M0U&lc=Ugy9Ln9C1GaoLnwUVVp4AaABAg,Ugy9Ln9C1GaoLnwUVVp4AaABAg,UCDZ4uF1fafAtNaS5iYhBomg,"Fetched 05/22/2026, 7:00:03 PM GMT+8"
684,Hillside,@LouisAcop,5 days ago,Happy viewing po from lokal ng Hillside😁😁🇮🇹🇮🇹,https://www.youtube.com/watch?v=ROa3kbG5M0U&lc=Ugw3X56j9lpDowyleYB4AaABAg,Ugw3X56j9lpDowyleYB4AaABAg,UCQJqunXEs0vDyDJb2ymAqCA,"Fetched 05/22/2026, 7:00:03 PM GMT+8"
685,Hillside,@coto-ongnesrionardc.9972,5 days ago,Happy Viewing po mga Kapatid 🎉 pagbati mula po sa lokal ng Hillside ❤,https://www.youtube.com/watch?v=ROa3kbG5M0U&lc=Ugzm_Sc2LZwIBB4yVWJ4AaABAg,Ugzm_Sc2LZwIBB4yVWJ4AaABAg,UC3mnqkvRsOe5VmjM8q7mu3A,"Fetched 05/22/2026, 7:00:03 PM GMT+8"
686,Hillside,@amynerona,5 days ago,"Happy Viewing po mga kapatid, mula po sa Lokal ng Hillside Distrito ng Benguet. 🇮🇹",https://www.youtube.com/watch?v=ROa3kbG5M0U&lc=Ugz7mt88iCLeHB1NXHd4AaABAg,Ugz7mt88iCLeHB1NXHd4AaABAg,UCLoEKKoP2cwE-0hPBHSSgtg,"Fetched 05/22/2026, 7:00:03 PM GMT+8"
687,Hillside,@jespherramos3144,5 days ago,Happy Viewing po mula sa Lokal ng Hillside!,https://www.youtube.com/watch?v=ROa3kbG5M0U&lc=UgzE0y8H9-bdq1CCUOZ4AaABAg,UgzE0y8H9-bdq1CCUOZ4AaABAg,UCdIr9DDFs9yLOxxOgDtrFyA,"Fetched 05/22/2026, 7:00:03 PM GMT+8"
688,Hillside,@johnfebriclaylay,5 days ago,Good evening po!happy viewing lokal ng HILLSIDE Distrito ng Benguet🤍,https://www.youtube.com/watch?v=ROa3kbG5M0U&lc=Ugwz6CeFzAnQC51vMjl4AaABAg,Ugwz6CeFzAnQC51vMjl4AaABAg,UCYhwHN4cq8I-vrGxvl_pHJg,"Fetched 05/22/2026, 7:00:03 PM GMT+8"
689,Hillside,@melissavaldez25,5 days ago,"Happy viewing po mga kapatid.Pagbati po mula sa Lokal ng Hillside, Distrito ng Benguet.",https://www.youtube.com/watch?v=ROa3kbG5M0U&lc=UgwfnO2amVuWI3jfmrR4AaABAg,UgwfnO2amVuWI3jfmrR4AaABAg,UC1eC2xOks9F80dDzFmLTQ3Q,"Fetched 05/22/2026, 7:00:03 PM GMT+8"
690,Hillside,@coto-ongnesrionardc.9972,5 days ago,Happy Viewing po mga Kapatid 🎉 pagbati mula po sa lokal ng Hillside ❤,https://www.youtube.com/watch?v=ROa3kbG5M0U&lc=UgzWFiecctV6W_Hkdrd4AaABAg,UgzWFiecctV6W_Hkdrd4AaABAg,UC3mnqkvRsOe5VmjM8q7mu3A,"Fetched 05/22/2026, 7:00:03 PM GMT+8"
691,Hillside,@kathleenjoyceforteza4317,5 days ago,Happy viewing po mula po sa Lokal ng Hillside Distrito ng Benguet🇮🇹,https://www.youtube.com/watch?v=ROa3kbG5M0U&lc=Ugys0J3IhV6zwHUk-LR4AaABAg,Ugys0J3IhV6zwHUk-LR4AaABAg,UCooOf95z85K1ceIDGOr6Q5A,"Fetched 05/22/2026, 7:00:03 PM GMT+8"
692,Hillside,@VardenjamesDeGuzman,5 days ago,Happy Viewing po sa Lokal ng Hillside Distrito ng Benguet!❤.,https://www.youtube.com/watch?v=ROa3kbG5M0U&lc=UgwzDKhtXNwRwjVSYGl4AaABAg,UgwzDKhtXNwRwjVSYGl4AaABAg,UCfnROPikyYd3JkOsuG-zRWw,"Fetched 05/22/2026, 7:00:03 PM GMT+8"
693,Hillside,@johnfebriclaylay,5 days ago,Good evening po!happy viewing lokal ng HILLSIDE Distrito ng Benguet🤍,https://www.youtube.com/watch?v=ROa3kbG5M0U&lc=UgzbKkufLIPmSOT-N054AaABAg,UgzbKkufLIPmSOT-N054AaABAg,UCYhwHN4cq8I-vrGxvl_pHJg,"Fetched 05/22/2026, 7:00:03 PM GMT+8"
694,Hillside,@coto-ongnesrionardc.9972,5 days ago,Happy Viewing po mga Kapatid 🎉 pagbati mula po sa lokal ng Hillside ❤,https://www.youtube.com/watch?v=ROa3kbG5M0U&lc=UgwgOEwcphi_Y-L5pg94AaABAg,UgwgOEwcphi_Y-L5pg94AaABAg,UC3mnqkvRsOe5VmjM8q7mu3A,"Fetched 05/22/2026, 7:00:03 PM GMT+8"
695,Hillside,@johnwendell4206,5 days ago,"Happy viewing po from Lokal ng Hillside, Distrito ng Benguet 🎉",https://www.youtube.com/watch?v=ROa3kbG5M0U&lc=UgyWfCeotP8NKKR9TNZ4AaABAg,UgyWfCeotP8NKKR9TNZ4AaABAg,UCgF5njP1dcUDxqfVs9mcX6A,"Fetched 05/22/2026, 7:00:03 PM GMT+8"
696,Hillside,@kathleenjoyceforteza4317,5 days ago,Happy viewing po mula po sa Lokal ng Hillside Distrito ng Benguet🇮🇹,https://www.youtube.com/watch?v=ROa3kbG5M0U&lc=UgwKkyGxs1ilxyHw5Oh4AaABAg,UgwKkyGxs1ilxyHw5Oh4AaABAg,UCooOf95z85K1ceIDGOr6Q5A,"Fetched 05/22/2026, 7:00:03 PM GMT+8"
697,Hillside,@tanjirokamado1016,5 days ago,Happy viewing po mula sa lokal ng hillside distrito ng benguet,https://www.youtube.com/watch?v=ROa3kbG5M0U&lc=Ugz8VI3Qbl4eE0kF_Ft4AaABAg,Ugz8VI3Qbl4eE0kF_Ft4AaABAg,UC8vzmIwiL6cNpyO3LW4_ACA,"Fetched 05/22/2026, 7:00:03 PM GMT+8"
698,Hillside,@amynerona,5 days ago,"Happy Viewing po mga kapatid, mula po sa Lokal ng Hillside Distrito ng Benguet. 🇮🇹",https://www.youtube.com/watch?v=ROa3kbG5M0U&lc=Ugxqdj5Bvq24vra1kM14AaABAg,Ugxqdj5Bvq24vra1kM14AaABAg,UCLoEKKoP2cwE-0hPBHSSgtg,"Fetched 05/22/2026, 7:00:03 PM GMT+8"
699,Hillside,@kimberlyroseforteza6690,5 days ago,"Happy viewing po mga kapatid, Mula po sa Lokal ng Hillside, Distrito ng Benguet! ♥️",https://www.youtube.com/watch?v=ROa3kbG5M0U&lc=Ugz9fKJNs6r0eyd52k14AaABAg,Ugz9fKJNs6r0eyd52k14AaABAg,UCUEC3rCfLlijXl518wy26lg,"Fetched 05/22/2026, 7:00:03 PM GMT+8"
700,Hillside,@LouisAcop,5 days ago,Happy viewing po from lokal ng Hillside😁😁🇮🇹🇮🇹,https://www.youtube.com/watch?v=ROa3kbG5M0U&lc=UgxPXqK6gCQJdhbiBPp4AaABAg,UgxPXqK6gCQJdhbiBPp4AaABAg,UCQJqunXEs0vDyDJb2ymAqCA,"Fetched 05/22/2026, 7:00:03 PM GMT+8"
701,Hillside,@johnfebriclaylay,5 days ago,Good evening po!happy viewing lokal ng HILLSIDE Distrito ng Benguet🤍,https://www.youtube.com/watch?v=ROa3kbG5M0U&lc=UgytkmpceGmklBdIdHh4AaABAg,UgytkmpceGmklBdIdHh4AaABAg,UCYhwHN4cq8I-vrGxvl_pHJg,"Fetched 05/22/2026, 7:00:03 PM GMT+8"
702,Hillside,@aureliaeque1098,5 days ago,"Happy watching po mula sa local ng hillside, distrito ng Benguet",https://www.youtube.com/watch?v=ROa3kbG5M0U&lc=UgylYBBJ-kNRyZ6QvFB4AaABAg,UgylYBBJ-kNRyZ6QvFB4AaABAg,UCxE605Bt02bAbsH7XHrHplA,"Fetched 05/22/2026, 7:00:03 PM GMT+8"
703,Hillside,@kimberlyroseforteza6690,5 days ago,"Happy viewing po mga kapatid, Mula po sa Lokal ng Hillside, Distrito ng Benguet! ♥️",https://www.youtube.com/watch?v=ROa3kbG5M0U&lc=Ugx3hRnEVtH_soySzEV4AaABAg,Ugx3hRnEVtH_soySzEV4AaABAg,UCUEC3rCfLlijXl518wy26lg,"Fetched 05/22/2026, 7:00:03 PM GMT+8"
704,Hillside,@jespherramos3144,5 days ago,Happy Viewing po mula sa Lokal ng Hillside!,https://www.youtube.com/watch?v=ROa3kbG5M0U&lc=Ugyrf2FmmuNGwXVBT3F4AaABAg,Ugyrf2FmmuNGwXVBT3F4AaABAg,UCdIr9DDFs9yLOxxOgDtrFyA,"Fetched 05/22/2026, 7:00:03 PM GMT+8"
705,Hillside,@Mark_bautista0731,5 days ago,Happy viewing from lokal ng hillside,https://www.youtube.com/watch?v=ROa3kbG5M0U&lc=UgzFCMvCZmP_EBNrJQ14AaABAg,UgzFCMvCZmP_EBNrJQ14AaABAg,UCwbgTK6e2calpZk57MKbThw,"Fetched 05/22/2026, 7:00:03 PM GMT+8"
706,Hillside,@amynerona,5 days ago,"Happy Viewing po mga kapatid, mula po sa Lokal ng Hillside Distrito ng Benguet. 🇮🇹",https://www.youtube.com/watch?v=ROa3kbG5M0U&lc=Ugwi09PSR-f_-NVbzGp4AaABAg,Ugwi09PSR-f_-NVbzGp4AaABAg,UCLoEKKoP2cwE-0hPBHSSgtg,"Fetched 05/22/2026, 7:00:03 PM GMT+8"
707,Hillside,@coto-ongnesrionardc.9972,5 days ago,Happy Viewing po mga Kapatid ❤️ pagbati mula po sa lokal ng Hillside,https://www.youtube.com/watch?v=ROa3kbG5M0U&lc=Ugx5m4G3bl924cgyBXt4AaABAg,Ugx5m4G3bl924cgyBXt4AaABAg,UC3mnqkvRsOe5VmjM8q7mu3A,"Fetched 05/22/2026, 7:00:03 PM GMT+8"
708,Hillside,@kathleenjoyceforteza4317,5 days ago,Happy viewing po mula po sa Lokal ng Hillside Distrito ng Benguet🇮🇹,https://www.youtube.com/watch?v=ROa3kbG5M0U&lc=UgyTVv8hqkI_4G6C_bp4AaABAg,UgyTVv8hqkI_4G6C_bp4AaABAg,UCooOf95z85K1ceIDGOr6Q5A,"Fetched 05/22/2026, 7:00:03 PM GMT+8"
709,Hillside,@johnfebriclaylay,5 days ago,Good evening po!happy viewing lokal ng HILLSIDE Distrito ng Benguet🤍,https://www.youtube.com/watch?v=ROa3kbG5M0U&lc=UgwzRotNPND9ypiKA7B4AaABAg,UgwzRotNPND9ypiKA7B4AaABAg,UCYhwHN4cq8I-vrGxvl_pHJg,"Fetched 05/22/2026, 7:00:03 PM GMT+8"
710,Hillside,@kimberlyroseforteza6690,5 days ago,"Happy viewing po mga kapatid, Mula po sa Lokal ng Hillside, Distrito ng Benguet! ♥️",https://www.youtube.com/watch?v=ROa3kbG5M0U&lc=UgztUtA8CJA4ZzrvQPh4AaABAg,UgztUtA8CJA4ZzrvQPh4AaABAg,UCUEC3rCfLlijXl518wy26lg,"Fetched 05/22/2026, 7:00:03 PM GMT+8"
711,Hillside,@johnwendell4206,5 days ago,Greetings po from Lokal ng Hillside ❤,https://www.youtube.com/watch?v=ROa3kbG5M0U&lc=UgzcQ5uh1w6cpBNSVU54AaABAg,UgzcQ5uh1w6cpBNSVU54AaABAg,UCgF5njP1dcUDxqfVs9mcX6A,"Fetched 05/22/2026, 7:00:03 PM GMT+8"
712,Hillside,@VardenjamesDeGuzman,5 days ago,Happy Viewing po sa Lokal ng Hillside Distrito ng Benguet!❤.,https://www.youtube.com/watch?v=ROa3kbG5M0U&lc=Ugxf98ahBxAVj8-XByB4AaABAg,Ugxf98ahBxAVj8-XByB4AaABAg,UCfnROPikyYd3JkOsuG-zRWw,"Fetched 05/22/2026, 7:00:03 PM GMT+8"
713,Hillside,@kathleenjoyceforteza4317,5 days ago,Happy viewing po mula po sa Lokal ng Hillside Distrito ng Benguet🇮🇹,https://www.youtube.com/watch?v=ROa3kbG5M0U&lc=UgxMhNqSErncWmKA05N4AaABAg,UgxMhNqSErncWmKA05N4AaABAg,UCooOf95z85K1ceIDGOr6Q5A,"Fetched 05/22/2026, 7:00:03 PM GMT+8"
714,Hillside,@kurtbanana4730,5 days ago,"Happy Viewing po mula po sa Lokal ng Hillside, Distrito ng Benguet!",https://www.youtube.com/watch?v=ROa3kbG5M0U&lc=UgwlLsFLD33kebmD8XZ4AaABAg,UgwlLsFLD33kebmD8XZ4AaABAg,UCKgtYrQnohMbYxGobKV82dw,"Fetched 05/22/2026, 7:00:03 PM GMT+8"
715,Hillside,@johnfebriclaylay,5 days ago,Good evening po!happy viewing lokal ng HILLSIDE Distrito ng Benguet🤍,https://www.youtube.com/watch?v=ROa3kbG5M0U&lc=UgzbVZ-wT0XjU5_P7Px4AaABAg,UgzbVZ-wT0XjU5_P7Px4AaABAg,UCYhwHN4cq8I-vrGxvl_pHJg,"Fetched 05/22/2026, 7:00:03 PM GMT+8"
716,Hillside,@kathleenjoyceforteza4317,5 days ago,Happy viewing po mula po sa Lokal ng Hillside Distrito ng Benguet🇮🇹,https://www.youtube.com/watch?v=ROa3kbG5M0U&lc=UgxJeSxtYC9vITW26FJ4AaABAg,UgxJeSxtYC9vITW26FJ4AaABAg,UCooOf95z85K1ceIDGOr6Q5A,"Fetched 05/22/2026, 7:00:03 PM GMT+8"
717,Hillside,@Mark_bautista0731,5 days ago,Happy viewing po sa lahat from lokal po ng hillside,https://www.youtube.com/watch?v=ROa3kbG5M0U&lc=UgzFCMvCZmP_EBNrJQ14AaABAg.AWuXluvZprIAWuYHI8RfhS,UgzFCMvCZmP_EBNrJQ14AaABAg.AWuXluvZprIAWuYHI8RfhS,UCwbgTK6e2calpZk57MKbThw,"Fetched 05/22/2026, 7:00:03 PM GMT+8"
718,Hillside,@coto-ongnesrionardc.9972,5 days ago,Happy Viewing po mga Kapatid ❤️ pagbati mula po sa lokal ng Hillside,https://www.youtube.com/watch?v=ROa3kbG5M0U&lc=UgzfQtTVd__irVtBO7R4AaABAg,UgzfQtTVd__irVtBO7R4AaABAg,UC3mnqkvRsOe5VmjM8q7mu3A,"Fetched 05/22/2026, 7:00:03 PM GMT+8"
719,Hillside,@johnfebriclaylay,5 days ago,Good evening po!happy viewing lokal ng HILLSIDE Distrito ng Benguet🤍😇,https://www.youtube.com/watch?v=ROa3kbG5M0U&lc=Ugxccg6o40J3p4tynMF4AaABAg,Ugxccg6o40J3p4tynMF4AaABAg,UCYhwHN4cq8I-vrGxvl_pHJg,"Fetched 05/22/2026, 7:00:03 PM GMT+8"
720,Hillside,@jespherramos3144,5 days ago,Happy Viewing po mula sa Lokal ng Hillside!,https://www.youtube.com/watch?v=ROa3kbG5M0U&lc=UgwBghZv0sIq9lSq4np4AaABAg,UgwBghZv0sIq9lSq4np4AaABAg,UCdIr9DDFs9yLOxxOgDtrFyA,"Fetched 05/22/2026, 7:00:03 PM GMT+8"
721,Hillside,@jespherramos3144,5 days ago,Happy Viewing po mula sa Lokal ng Hillside!,https://www.youtube.com/watch?v=ROa3kbG5M0U&lc=UgznBFkL1sH7tyyt5U14AaABAg,UgznBFkL1sH7tyyt5U14AaABAg,UCdIr9DDFs9yLOxxOgDtrFyA,"Fetched 05/22/2026, 7:00:03 PM GMT+8"
722,Hillside,@coto-ongnesrionardc.9972,5 days ago,Happy Viewing po mga Kapatid ❤️ pagbati mula po sa lokal ng Hillside,https://www.youtube.com/watch?v=ROa3kbG5M0U&lc=Ugy01hcx2ornI-0eDzB4AaABAg,Ugy01hcx2ornI-0eDzB4AaABAg,UC3mnqkvRsOe5VmjM8q7mu3A,"Fetched 05/22/2026, 7:00:03 PM GMT+8"
723,Hillside,@miasy-RL,5 days ago,"Let’s go Benguet!!!! /  / Happy Viewing po mula sa Lokal ng Hillside, Distrito ng Benguet🇮🇹",https://www.youtube.com/watch?v=ROa3kbG5M0U&lc=Ugxvir2g7YapS0ZP6ml4AaABAg,Ugxvir2g7YapS0ZP6ml4AaABAg,UCE4qpM5SGKSbx589elFLOkw,"Fetched 05/22/2026, 7:00:03 PM GMT+8"
724,Hillside,@coto-ongnesrionardc.9972,5 days ago,Happy Viewing po mga Kapatid ❤️ pagbati mula po sa lokal ng Hillside,https://www.youtube.com/watch?v=ROa3kbG5M0U&lc=UgyM-czvs9Y9ePgWmlt4AaABAg,UgyM-czvs9Y9ePgWmlt4AaABAg,UC3mnqkvRsOe5VmjM8q7mu3A,"Fetched 05/22/2026, 7:00:03 PM GMT+8"
725,Hillside,@jespherramos3144,5 days ago,Happy Viewing po mula sa Lokal ng Hillside!,https://www.youtube.com/watch?v=ROa3kbG5M0U&lc=UgxcVeRUhxd-ZCezV6l4AaABAg,UgxcVeRUhxd-ZCezV6l4AaABAg,UCdIr9DDFs9yLOxxOgDtrFyA,"Fetched 05/22/2026, 7:00:03 PM GMT+8"
726,Hillside,@kimberlyroseforteza6690,5 days ago,"Happy viewing po mga kapatid, Mula po sa Lokal ng Hillside, Distrito ng Benguet! ♥️",https://www.youtube.com/watch?v=ROa3kbG5M0U&lc=UgymBvK3dySJKRY9yTJ4AaABAg,UgymBvK3dySJKRY9yTJ4AaABAg,UCUEC3rCfLlijXl518wy26lg,"Fetched 05/22/2026, 7:00:03 PM GMT+8"
727,Hillside,@jeremiahforteza2493,5 days ago,Watching po mula sa Lokal ng Hillside distrito ng Benguet 🇮🇪,https://www.youtube.com/watch?v=ROa3kbG5M0U&lc=UgxXwRtCgeOzHW4FUb54AaABAg,UgxXwRtCgeOzHW4FUb54AaABAg,UClBVcxireTFGdDNnQ_i9dXA,"Fetched 05/22/2026, 7:00:03 PM GMT+8"
728,Hillside,@johnfebriclaylay,5 days ago,Good evening po!happy viewing lokal ng HILLSIDE Distrito ng Benguet🤍,https://www.youtube.com/watch?v=ROa3kbG5M0U&lc=Ugx2eu-baHbhcWrQi854AaABAg,Ugx2eu-baHbhcWrQi854AaABAg,UCYhwHN4cq8I-vrGxvl_pHJg,"Fetched 05/22/2026, 7:00:03 PM GMT+8"
729,Hillside,@LouisAcop,5 days ago,Happy viewing po from lokal ng Hillside😁😁😮,https://www.youtube.com/watch?v=ROa3kbG5M0U&lc=UgxtoxShlxtR4hdeqJ14AaABAg,UgxtoxShlxtR4hdeqJ14AaABAg,UCQJqunXEs0vDyDJb2ymAqCA,"Fetched 05/22/2026, 7:00:03 PM GMT+8"
730,Hillside,@jespherramos3144,5 days ago,Happy Viewing po mula sa Lokal ng Hillside!,https://www.youtube.com/watch?v=ROa3kbG5M0U&lc=Ugytaf0DbaPTPvGnwNp4AaABAg,Ugytaf0DbaPTPvGnwNp4AaABAg,UCdIr9DDFs9yLOxxOgDtrFyA,"Fetched 05/22/2026, 7:00:03 PM GMT+8"
731,Hillside,@coto-ongnesrionardc.9972,5 days ago,Happy Viewing po mga Kapatid ❤️ pagbati mula po sa lokal ng Hillside,https://www.youtube.com/watch?v=ROa3kbG5M0U&lc=UgwfDt5t3DrW540hOLN4AaABAg,UgwfDt5t3DrW540hOLN4AaABAg,UC3mnqkvRsOe5VmjM8q7mu3A,"Fetched 05/22/2026, 7:00:03 PM GMT+8"
732,Hillside,@delmariebalason5804,5 days ago,Pagbati po mula sa lokal ng Hillside Distrito ng Benguet! HAPPY VIEWING PO! 💞,https://www.youtube.com/watch?v=ROa3kbG5M0U&lc=UgySJ1SfEnNHGGm2I4p4AaABAg,UgySJ1SfEnNHGGm2I4p4AaABAg,UCNcxoxVwVqrG93QbTEH-Cjw,"Fetched 05/22/2026, 7:00:03 PM GMT+8"
733,Hillside,@kimberlyroseforteza6690,5 days ago,"Happy viewing po mga kapatid, Mula po sa Lokal ng Hillside, Distrito ng Benguet! ♥️",https://www.youtube.com/watch?v=ROa3kbG5M0U&lc=UgxhQ9Gr6TL2ov2UyIx4AaABAg,UgxhQ9Gr6TL2ov2UyIx4AaABAg,UCUEC3rCfLlijXl518wy26lg,"Fetched 05/22/2026, 7:00:03 PM GMT+8"
734,Hillside,@johnfebriclaylay,5 days ago,Good evening po!happy viewing lokal ng HILLSIDE Distrito ng Benguet🤍,https://www.youtube.com/watch?v=ROa3kbG5M0U&lc=Ugwy-ZH1TLsCxfNNMoh4AaABAg,Ugwy-ZH1TLsCxfNNMoh4AaABAg,UCYhwHN4cq8I-vrGxvl_pHJg,"Fetched 05/22/2026, 7:00:03 PM GMT+8"
735,Hillside,@coto-ongnesrionardc.9972,5 days ago,Happy Viewing po mga Kapatid ❤️ pagbati mula po sa lokal ng Hillside,https://www.youtube.com/watch?v=ROa3kbG5M0U&lc=UgyiOPSt3hWU3VSVInF4AaABAg,UgyiOPSt3hWU3VSVInF4AaABAg,UC3mnqkvRsOe5VmjM8q7mu3A,"Fetched 05/22/2026, 7:00:03 PM GMT+8"
736,Hillside,@LeonidesSido,5 days ago,"Happy viewing po sa lahat, pagbati po mula sa Lokal ng Hillside Distrito ng Benguet.",https://www.youtube.com/watch?v=ROa3kbG5M0U&lc=UgzKvcQar1aQmrMHmtZ4AaABAg,UgzKvcQar1aQmrMHmtZ4AaABAg,UCboTr9D0eo38S7pgk-D1D4Q,"Fetched 05/22/2026, 7:00:03 PM GMT+8"
737,Hillside,@amynerona,5 days ago,"Happy Viewing po sa lahat ng mga kapatid, mula po sa Lokal ng Hillside Distrito ng Benguet. 🇮🇹",https://www.youtube.com/watch?v=ROa3kbG5M0U&lc=Ugz62er5Kt1_ZCwgGU94AaABAg,Ugz62er5Kt1_ZCwgGU94AaABAg,UCLoEKKoP2cwE-0hPBHSSgtg,"Fetched 05/22/2026, 7:00:03 PM GMT+8"
738,Hillside,@coto-ongnesrionardc.9972,5 days ago,Happy Viewing po mga Kapatid ❤️ pagbati mula po sa lokal ng Hillside,https://www.youtube.com/watch?v=ROa3kbG5M0U&lc=UgyG6bJnMzLVuZOPKs54AaABAg,UgyG6bJnMzLVuZOPKs54AaABAg,UC3mnqkvRsOe5VmjM8q7mu3A,"Fetched 05/22/2026, 7:00:03 PM GMT+8"
739,Hillside,@jilliansamchao,5 days ago,"Happy Watching po mga Kapatid, mula po sa Lokal ng HILLSIDE",https://www.youtube.com/watch?v=ROa3kbG5M0U&lc=UgxYy99cDI79ixCaEtZ4AaABAg,UgxYy99cDI79ixCaEtZ4AaABAg,UCRnvVcjVsXveWDHJS-10OWg,"Fetched 05/22/2026, 7:00:03 PM GMT+8"
740,Hillside,@delmariebalason5804,5 days ago,Pagbati po mula sa lokal ng Hillside Distrito ng Benguet! HAPPY VIEWING PO! 💞,https://www.youtube.com/watch?v=ROa3kbG5M0U&lc=Ugz523NuJcO4L-PrQqd4AaABAg,Ugz523NuJcO4L-PrQqd4AaABAg,UCNcxoxVwVqrG93QbTEH-Cjw,"Fetched 05/22/2026, 7:00:03 PM GMT+8"
741,Hillside,@LeonidesSido,5 days ago,"Happy viewing po sa lahat, pagbati po mula sa Lokal ng Hillside Distrito ng Benguet.",https://www.youtube.com/watch?v=ROa3kbG5M0U&lc=UgygBaHRit7227WCauB4AaABAg,UgygBaHRit7227WCauB4AaABAg,UCboTr9D0eo38S7pgk-D1D4Q,"Fetched 05/22/2026, 7:00:03 PM GMT+8"
742,Hillside,@johnwendell4206,5 days ago,"Happy viewing po from Lokal ng Hillside, Distrito ng Benguet 🎉",https://www.youtube.com/watch?v=ROa3kbG5M0U&lc=UgzS2C3e04um_Df5MKh4AaABAg,UgzS2C3e04um_Df5MKh4AaABAg,UCgF5njP1dcUDxqfVs9mcX6A,"Fetched 05/22/2026, 7:00:03 PM GMT+8"
743,Hillside,@SocnayanBradlyPeteMBSIT,5 days ago,Happy viewing po mula sa Lokal Ng Hillside,https://www.youtube.com/watch?v=ROa3kbG5M0U&lc=Ugztgyly-7erp9-7TBh4AaABAg,Ugztgyly-7erp9-7TBh4AaABAg,UCPEuKnbAScvyV0dRX_GeAVA,"Fetched 05/22/2026, 7:00:03 PM GMT+8"
744,Hillside,@RuthLubin-u4o,5 days ago,Happy viewing po mula sa LOKAL NG HILLSIDE DISTRITO NG BENGUET,https://www.youtube.com/watch?v=ROa3kbG5M0U&lc=UgwwifJ4Dhd9o77QxP14AaABAg,UgwwifJ4Dhd9o77QxP14AaABAg,UC_uf6eNpjGA4ra2-XeZeq7Q,"Fetched 05/22/2026, 7:00:03 PM GMT+8"
745,Hillside,@VardenjamesDeGuzman,5 days ago,Happy Viewing po sa Lokal ng Hillside Distrito ng Benguet!❤,https://www.youtube.com/watch?v=ROa3kbG5M0U&lc=Ugy6r0Xj_cov6LFrKdB4AaABAg,Ugy6r0Xj_cov6LFrKdB4AaABAg,UCfnROPikyYd3JkOsuG-zRWw,"Fetched 05/22/2026, 7:00:03 PM GMT+8"
746,Hillside,@jeremiahforteza2493,5 days ago,Watching po from Lokal ng Hillside distrito ng Benguet 🇮🇪,https://www.youtube.com/watch?v=ROa3kbG5M0U&lc=Ugxn-Hk8AFlSjuYY5rF4AaABAg,Ugxn-Hk8AFlSjuYY5rF4AaABAg,UClBVcxireTFGdDNnQ_i9dXA,"Fetched 05/22/2026, 7:00:03 PM GMT+8"
747,Hillside,@delmariebalason5804,5 days ago,Pagbati po mula sa lokal ng Hillside Distrito ng Benguet! HAPPY VIEWING PO! 💞,https://www.youtube.com/watch?v=ROa3kbG5M0U&lc=UgwFSSXETP2-fbXkJ0J4AaABAg,UgwFSSXETP2-fbXkJ0J4AaABAg,UCNcxoxVwVqrG93QbTEH-Cjw,"Fetched 05/22/2026, 7:00:03 PM GMT+8"
748,Hillside,@VardenjamesDeGuzman,5 days ago,Happy Viewing po sa Lokal ng Hillside Distrito ng Benguet!,https://www.youtube.com/watch?v=ROa3kbG5M0U&lc=UgzCDny7o6fi0WgY7I54AaABAg,UgzCDny7o6fi0WgY7I54AaABAg,UCfnROPikyYd3JkOsuG-zRWw,"Fetched 05/22/2026, 7:00:03 PM GMT+8"
749,Hillside,@johnfebriclaylay,5 days ago,Good evening po!happy viewing lokal ng HILLSIDE Distrito ng Benguet,https://www.youtube.com/watch?v=ROa3kbG5M0U&lc=Ugy-5DzPGcrJDjni6Lx4AaABAg,Ugy-5DzPGcrJDjni6Lx4AaABAg,UCYhwHN4cq8I-vrGxvl_pHJg,"Fetched 05/22/2026, 7:00:03 PM GMT+8"
750,Hillside,@AdamSocnayan-w8j,5 days ago,Happy viewing po mga kapatid mula sa lokal ng hillside distrito ng benguet,https://www.youtube.com/watch?v=ROa3kbG5M0U&lc=Ugy8f_w7paOyyal_4s54AaABAg,Ugy8f_w7paOyyal_4s54AaABAg,UCObQ0gkLmwSDEjxkTaq3_FQ,"Fetched 05/22/2026, 7:00:03 PM GMT+8"
751,Hillside,@LeonidesSido,5 days ago,"Happy viewing po sa lahat, pagbati po mula sa Lokal ng Hillside Distrito ng Benguet. Binabati po namin ang aming destinado ka Jhon Alvin Capulong at ang aming pong mahal na Tagapangasiwa Kapatid na Ardy Mendoza",https://www.youtube.com/watch?v=ROa3kbG5M0U&lc=Ugxskcq9kgxUBbRc56p4AaABAg,Ugxskcq9kgxUBbRc56p4AaABAg,UCboTr9D0eo38S7pgk-D1D4Q,"Fetched 05/22/2026, 7:00:03 PM GMT+8"
752,Hillside,@kathleenjoyceforteza4317,5 days ago,Happy viewing po mula po sa Lokal ng Hillside Distrito ng Benguet🇮🇹,https://www.youtube.com/watch?v=ROa3kbG5M0U&lc=UgxKuDXygQMecGqt-tN4AaABAg,UgxKuDXygQMecGqt-tN4AaABAg,UCooOf95z85K1ceIDGOr6Q5A,"Fetched 05/22/2026, 7:00:03 PM GMT+8"
753,Hillside,@VardenjamesDeGuzman,5 days ago,Happy Viewing po sa Lokal ng Hillside Distrito ng Benguet!❤🇮🇹,https://www.youtube.com/watch?v=ROa3kbG5M0U&lc=UgwZALJJXnB0IovqBHN4AaABAg,UgwZALJJXnB0IovqBHN4AaABAg,UCfnROPikyYd3JkOsuG-zRWw,"Fetched 05/22/2026, 7:00:03 PM GMT+8"
754,Hillside,@kimberlyroseforteza6690,5 days ago,"Happy viewing po mga kapatid, Mula po sa Lokal ng Hillside, Distrito ng Benguet! ♥️",https://www.youtube.com/watch?v=ROa3kbG5M0U&lc=UgxqsoOkMKqMYBU_0YV4AaABAg,UgxqsoOkMKqMYBU_0YV4AaABAg,UCUEC3rCfLlijXl518wy26lg,"Fetched 05/22/2026, 7:00:03 PM GMT+8"
755,Hillside,@johnfebriclaylay,5 days ago,Good evening po!happy viewing lokal ng HILLSIDE Distrito ng Benguet,https://www.youtube.com/watch?v=ROa3kbG5M0U&lc=UgwV1kxcCht3SZA04FJ4AaABAg,UgwV1kxcCht3SZA04FJ4AaABAg,UCYhwHN4cq8I-vrGxvl_pHJg,"Fetched 05/22/2026, 7:00:03 PM GMT+8"
756,Hillside,@LeonidesSido,5 days ago,"Happy viewing po sa lahat, pagbati po mula sa Lokal ng Hillside Distrito ng Benguet",https://www.youtube.com/watch?v=ROa3kbG5M0U&lc=UgyVTPBnieehZj3lUzF4AaABAg,UgyVTPBnieehZj3lUzF4AaABAg,UCboTr9D0eo38S7pgk-D1D4Q,"Fetched 05/22/2026, 7:00:03 PM GMT+8"
757,Hillside,@coto-ongnesrionardc.9972,5 days ago,Happy Viewing po mga Kapatid ❤️ pagbati mula po sa lokal ng Hillside,https://www.youtube.com/watch?v=ROa3kbG5M0U&lc=UgxXx0d33FsOgkGzZWp4AaABAg,UgxXx0d33FsOgkGzZWp4AaABAg,UC3mnqkvRsOe5VmjM8q7mu3A,"Fetched 05/22/2026, 7:00:03 PM GMT+8"
758,Hillside,@delmariebalason5804,5 days ago,Pagbati po mula sa lokal ng Hillside Distrito ng Benguet! HAPPY VIEWING PO! 💞,https://www.youtube.com/watch?v=ROa3kbG5M0U&lc=Ugy-r4oIQNVgF2Ai9bl4AaABAg,Ugy-r4oIQNVgF2Ai9bl4AaABAg,UCNcxoxVwVqrG93QbTEH-Cjw,"Fetched 05/22/2026, 7:00:03 PM GMT+8"
759,Hillside,@VardenjamesDeGuzman,5 days ago,Happy Viewing po sa Lokal ng Hillside Distrito ng Benguet!❤🇮🇹,https://www.youtube.com/watch?v=ROa3kbG5M0U&lc=UgxDXoQf3ON0hfdjQsd4AaABAg,UgxDXoQf3ON0hfdjQsd4AaABAg,UCfnROPikyYd3JkOsuG-zRWw,"Fetched 05/22/2026, 7:00:03 PM GMT+8"
760,Hillside,@AdamSocnayan-w8j,5 days ago,Happy viewing po mga kapatid mula sa lokal ng hillside distrito ng benguet,https://www.youtube.com/watch?v=ROa3kbG5M0U&lc=UgyWaxJV84e_qOd7rGx4AaABAg,UgyWaxJV84e_qOd7rGx4AaABAg,UCObQ0gkLmwSDEjxkTaq3_FQ,"Fetched 05/22/2026, 7:00:03 PM GMT+8"
761,Hillside,@jeremiahforteza2493,5 days ago,Watching po from Lokal ng Hillside distrito ng Benguet 🇮🇪,https://www.youtube.com/watch?v=ROa3kbG5M0U&lc=UgwNYGEjCR4Quc78qvB4AaABAg,UgwNYGEjCR4Quc78qvB4AaABAg,UClBVcxireTFGdDNnQ_i9dXA,"Fetched 05/22/2026, 7:00:03 PM GMT+8"
762,Hillside,@johnfebriclaylay,5 days ago,Good evening po!happy viewing lokal ng HILLSIDE Distrito ng Benguet,https://www.youtube.com/watch?v=ROa3kbG5M0U&lc=UgyAtH5aNPYbxvHuXqt4AaABAg,UgyAtH5aNPYbxvHuXqt4AaABAg,UCYhwHN4cq8I-vrGxvl_pHJg,"Fetched 05/22/2026, 7:00:03 PM GMT+8"
763,Hillside,@delmariebalason5804,5 days ago,Pagbati po mula sa lokal ng Hillside Distrito ng Benguet! HAPPY VIEWING PO! 💞,https://www.youtube.com/watch?v=ROa3kbG5M0U&lc=UgzyP3QblEOeAWMI_h54AaABAg,UgzyP3QblEOeAWMI_h54AaABAg,UCNcxoxVwVqrG93QbTEH-Cjw,"Fetched 05/22/2026, 7:00:03 PM GMT+8"
764,Hillside,@leonidesdavid8053,5 days ago,Mula po sa distrito ng benguet lokal ng hillside binabati po nmin ang aming poging distinado happy viewing po,https://www.youtube.com/watch?v=ROa3kbG5M0U&lc=Ugz6lpV9hx0cC5I9SrJ4AaABAg,Ugz6lpV9hx0cC5I9SrJ4AaABAg,UCdZdVGEp973LRM8KsP5CtTQ,"Fetched 05/22/2026, 7:00:03 PM GMT+8"
765,Hillside,@VardenjamesDeGuzman,5 days ago,Happy Viewing po sa Lokal ng Hillside Distrito ng Benguet!❤🇮🇹,https://www.youtube.com/watch?v=ROa3kbG5M0U&lc=UgynWOCj56hymGnNktB4AaABAg,UgynWOCj56hymGnNktB4AaABAg,UCfnROPikyYd3JkOsuG-zRWw,"Fetched 05/22/2026, 7:00:03 PM GMT+8"
766,Hillside,@amynerona,5 days ago,"Happy Viewing po sa lahat ng nga kapatid , mula po sa Lokal ng Hillside Distrito ng Benguet. 🇮🇹",https://www.youtube.com/watch?v=ROa3kbG5M0U&lc=UgxZkT0SiNg9OA95NM54AaABAg,UgxZkT0SiNg9OA95NM54AaABAg,UCLoEKKoP2cwE-0hPBHSSgtg,"Fetched 05/22/2026, 7:00:03 PM GMT+8"
767,Hillside,@jespherramos3144,5 days ago,Happy Viewing po mula sa Lokal ng Hillside!,https://www.youtube.com/watch?v=ROa3kbG5M0U&lc=UgzjhXMsnXJsOsPbp1Z4AaABAg,UgzjhXMsnXJsOsPbp1Z4AaABAg,UCdIr9DDFs9yLOxxOgDtrFyA,"Fetched 05/22/2026, 7:00:03 PM GMT+8"
768,Hillside,@johnfebriclaylay,5 days ago,Good evening po!happy viewing lokal ng HILLSIDE Distrito ng Benguet,https://www.youtube.com/watch?v=ROa3kbG5M0U&lc=UgwG1LBW_YZLfmSaNrV4AaABAg,UgwG1LBW_YZLfmSaNrV4AaABAg,UCYhwHN4cq8I-vrGxvl_pHJg,"Fetched 05/22/2026, 7:00:03 PM GMT+8"
769,Hillside,@jeremiahforteza2493,5 days ago,Watching po from Lokal ng Hillside distrito ng Benguet 🇮🇪,https://www.youtube.com/watch?v=ROa3kbG5M0U&lc=UgwTIEzYpDUKrkRzXNJ4AaABAg,UgwTIEzYpDUKrkRzXNJ4AaABAg,UClBVcxireTFGdDNnQ_i9dXA,"Fetched 05/22/2026, 7:00:03 PM GMT+8"
770,Hillside,@delmariebalason5804,5 days ago,Pagbati po mula sa lokal ng Hillside Distrito ng Benguet! HAPPY VIEWING PO! 💞,https://www.youtube.com/watch?v=ROa3kbG5M0U&lc=UgyNKmfIZ4PDLssFFRt4AaABAg,UgyNKmfIZ4PDLssFFRt4AaABAg,UCNcxoxVwVqrG93QbTEH-Cjw,"Fetched 05/22/2026, 7:00:03 PM GMT+8"
771,Hillside,@jeffreyjapson251,5 days ago,Greetings from the Locale Congregation of Hillside! Happy viewing po.,https://www.youtube.com/watch?v=ROa3kbG5M0U&lc=UgwtkfJ2n6D3RmWQXbd4AaABAg,UgwtkfJ2n6D3RmWQXbd4AaABAg,UCPlic24Ajro9hQFdXxfJIgQ,"Fetched 05/22/2026, 7:00:03 PM GMT+8"
772,Hillside,@AdamSocnayan-w8j,5 days ago,Happy viewing po mga kapatid mula sa lokal ng hillside distrito ng benguet,https://www.youtube.com/watch?v=ROa3kbG5M0U&lc=UgyV2R9ROtMFy0IM8bx4AaABAg,UgyV2R9ROtMFy0IM8bx4AaABAg,UCObQ0gkLmwSDEjxkTaq3_FQ,"Fetched 05/22/2026, 7:00:03 PM GMT+8"
773,Hillside,@LeonidesSido,5 days ago,"Happy viewing po sa lahat, pagbati po mula sa Lokal ng Hillside Distrito ng Benguet.",https://www.youtube.com/watch?v=ROa3kbG5M0U&lc=UgyISSVhy0M_ZbhPr-B4AaABAg,UgyISSVhy0M_ZbhPr-B4AaABAg,UCboTr9D0eo38S7pgk-D1D4Q,"Fetched 05/22/2026, 7:00:03 PM GMT+8"
774,Hillside,@elma.deguzman2749,5 days ago (edited),"Gudpm po...  / Happy viewing po... Mula sa / Lokal Ng Hillside, Distrito Ng Benguet",https://www.youtube.com/watch?v=ROa3kbG5M0U&lc=Ugw39CJyZp5sBHMN0i14AaABAg,Ugw39CJyZp5sBHMN0i14AaABAg,UC3uLYcTZbv9EbGbBy95fRRg,"Fetched 05/22/2026, 7:00:03 PM GMT+8"
775,Hillside,@VardenjamesDeGuzman,5 days ago,Happy Viewing po sa Lokal ng Hillside Distrito ng Benguet!❤,https://www.youtube.com/watch?v=ROa3kbG5M0U&lc=Ugxook3qevIxy7XldGl4AaABAg,Ugxook3qevIxy7XldGl4AaABAg,UCfnROPikyYd3JkOsuG-zRWw,"Fetched 05/22/2026, 7:00:03 PM GMT+8"
776,Hillside,@jespherramos3144,5 days ago,Happy Viewing po mula sa Lokal ng Hillside!,https://www.youtube.com/watch?v=ROa3kbG5M0U&lc=UgwM3AKgB151bO9SnM94AaABAg,UgwM3AKgB151bO9SnM94AaABAg,UCdIr9DDFs9yLOxxOgDtrFyA,"Fetched 05/22/2026, 7:00:03 PM GMT+8"
777,Hillside,@delmariebalason5804,5 days ago,Pagbati po mula sa lokal ng Hillside Distrito ng Benguet! HAPPY VIEWING PO! 💞,https://www.youtube.com/watch?v=ROa3kbG5M0U&lc=Ugxc35ekvwyyjU43h9R4AaABAg,Ugxc35ekvwyyjU43h9R4AaABAg,UCNcxoxVwVqrG93QbTEH-Cjw,"Fetched 05/22/2026, 7:00:03 PM GMT+8"
778,Hillside,@johnfebriclaylay,5 days ago,Good evening po!happy viewing lokal ng HILLSIDE Distrito ng Benguet,https://www.youtube.com/watch?v=ROa3kbG5M0U&lc=UgyOFl-Pbq21-HUuoqN4AaABAg,UgyOFl-Pbq21-HUuoqN4AaABAg,UCYhwHN4cq8I-vrGxvl_pHJg,"Fetched 05/22/2026, 7:00:03 PM GMT+8"
779,Hillside,@jeremiahforteza2493,5 days ago,Watching po from Lokal ng Hillside distrito ng Benguet 🇮🇪,https://www.youtube.com/watch?v=ROa3kbG5M0U&lc=UgzlxPqXTJ_vG3no9SZ4AaABAg,UgzlxPqXTJ_vG3no9SZ4AaABAg,UClBVcxireTFGdDNnQ_i9dXA,"Fetched 05/22/2026, 7:00:03 PM GMT+8"
780,Hillside,@johnwendell4206,5 days ago,"Happy viewing po from Lokal ng Hillside, Distrito ng Benguet 🎉",https://www.youtube.com/watch?v=ROa3kbG5M0U&lc=UgynwcEOZ6VRdluDjI94AaABAg,UgynwcEOZ6VRdluDjI94AaABAg,UCgF5njP1dcUDxqfVs9mcX6A,"Fetched 05/22/2026, 7:00:03 PM GMT+8"
781,Hillside,@VardenjamesDeGuzman,5 days ago,Happy Viewing po sa Lokal ng Hillside Distrito ng Benguet!❤,https://www.youtube.com/watch?v=ROa3kbG5M0U&lc=UgyEJBsaWQc5EnJv8uB4AaABAg,UgyEJBsaWQc5EnJv8uB4AaABAg,UCfnROPikyYd3JkOsuG-zRWw,"Fetched 05/22/2026, 7:00:03 PM GMT+8"
782,Hillside,@LeonidesSido,5 days ago,"Happy viewing po sa lahat, pagbati po mula sa Lokal ng Hillside Distrito ng Benguet. Binabati po namin ang aming destinado ka Jhon Alvin Capulong at ang aming pong mahal na Tagapangasiwa Kapatid na Ardy Mendoza",https://www.youtube.com/watch?v=ROa3kbG5M0U&lc=UgymX2yAUjivR8MiTit4AaABAg,UgymX2yAUjivR8MiTit4AaABAg,UCboTr9D0eo38S7pgk-D1D4Q,"Fetched 05/22/2026, 7:00:03 PM GMT+8"
783,Hillside,@jespherramos3144,5 days ago,Happy Viewing po mula sa Lokal ng Hillside!,https://www.youtube.com/watch?v=ROa3kbG5M0U&lc=UgxdUyheS6Z-5NioEiN4AaABAg,UgxdUyheS6Z-5NioEiN4AaABAg,UCdIr9DDFs9yLOxxOgDtrFyA,"Fetched 05/22/2026, 7:00:03 PM GMT+8"
784,Hillside,@johnfebriclaylay,5 days ago,Good evening po!happy viewing lokal ng HILLSIDE Distrito ng Benguet,https://www.youtube.com/watch?v=ROa3kbG5M0U&lc=UgzktQT_L2ZlvYyz1bx4AaABAg,UgzktQT_L2ZlvYyz1bx4AaABAg,UCYhwHN4cq8I-vrGxvl_pHJg,"Fetched 05/22/2026, 7:00:03 PM GMT+8"
785,Hillside,@delmariebalason5804,5 days ago,Pagbati po mula sa lokal ng Hillside Distrito ng Benguet! HAPPY VIEWING PO! 💞,https://www.youtube.com/watch?v=ROa3kbG5M0U&lc=UgwcLPLz76Gk_rK2-FB4AaABAg,UgwcLPLz76Gk_rK2-FB4AaABAg,UCNcxoxVwVqrG93QbTEH-Cjw,"Fetched 05/22/2026, 7:00:03 PM GMT+8"
786,Hillside,@jeremiahforteza2493,5 days ago,Watching po from Lokal ng Hillside distrito ng Benguet 🇮🇪,https://www.youtube.com/watch?v=ROa3kbG5M0U&lc=UgwhZR-uDq2Ng2NnKDx4AaABAg,UgwhZR-uDq2Ng2NnKDx4AaABAg,UClBVcxireTFGdDNnQ_i9dXA,"Fetched 05/22/2026, 7:00:03 PM GMT+8"
787,Hillside,@VardenjamesDeGuzman,5 days ago,Happy Viewing po sa Lokal ng Hillside Distrito ng Benguet!❤,https://www.youtube.com/watch?v=ROa3kbG5M0U&lc=Ugyd_4kRxfL_R8PrM4J4AaABAg,Ugyd_4kRxfL_R8PrM4J4AaABAg,UCfnROPikyYd3JkOsuG-zRWw,"Fetched 05/22/2026, 7:00:03 PM GMT+8"
788,Hillside,@AdamSocnayan-w8j,5 days ago,Happy viewing po mga kapatid mula sa lokal ng hillside distrito ng benguet,https://www.youtube.com/watch?v=ROa3kbG5M0U&lc=Ugxh5jX_yt3lBH5RX6p4AaABAg,Ugxh5jX_yt3lBH5RX6p4AaABAg,UCObQ0gkLmwSDEjxkTaq3_FQ,"Fetched 05/22/2026, 7:00:03 PM GMT+8"
789,Hillside,@VardenjamesDeGuzman,5 days ago,Happy Viewing po sa Lokal ng Hillside Distrito ng Benguet!❤,https://www.youtube.com/watch?v=ROa3kbG5M0U&lc=UgwuN2UY4VCSXvfKIQZ4AaABAg,UgwuN2UY4VCSXvfKIQZ4AaABAg,UCfnROPikyYd3JkOsuG-zRWw,"Fetched 05/22/2026, 7:00:03 PM GMT+8"
790,Hillside,@johnfebriclaylay,5 days ago,Good evening po!happy viewing lokal ng HILLSIDE Distrito ng Benguet 🤍,https://www.youtube.com/watch?v=ROa3kbG5M0U&lc=UgyHbVcp-1uoX-gWHB94AaABAg,UgyHbVcp-1uoX-gWHB94AaABAg,UCYhwHN4cq8I-vrGxvl_pHJg,"Fetched 05/22/2026, 7:00:03 PM GMT+8"
791,Hillside,@jeremiahforteza2493,5 days ago,Watching po from Lokal ng Hillside distrito ng Benguet 🇮🇪,https://www.youtube.com/watch?v=ROa3kbG5M0U&lc=Ugxj_O1BDimpy8k9VCV4AaABAg,Ugxj_O1BDimpy8k9VCV4AaABAg,UClBVcxireTFGdDNnQ_i9dXA,"Fetched 05/22/2026, 7:00:03 PM GMT+8"
792,Hillside,@VardenjamesDeGuzman,5 days ago,Happy Viewing po sa Lokal ng Hillside Distrito ng Benguet!❤,https://www.youtube.com/watch?v=ROa3kbG5M0U&lc=UgzFqyLQ41sHhMYEh0x4AaABAg,UgzFqyLQ41sHhMYEh0x4AaABAg,UCfnROPikyYd3JkOsuG-zRWw,"Fetched 05/22/2026, 7:00:03 PM GMT+8"
793,Hillside,@mariviclubin2330,5 days ago,Happy Viewing Po! From Lokal ng Hillside,https://www.youtube.com/watch?v=ROa3kbG5M0U&lc=UgykYF5yvEcaO9YPh194AaABAg,UgykYF5yvEcaO9YPh194AaABAg,UCfhgxl5DDMycJaVvH7Jd3jw,"Fetched 05/22/2026, 7:00:03 PM GMT+8"
794,Hillside,@delmariebalason5804,5 days ago,Pagbati po mula sa lokal ng Hillside Distrito ng Benguet! HAPPY VIEWING PO! 💞,https://www.youtube.com/watch?v=ROa3kbG5M0U&lc=UgxwstsOS9TcWMIGcG14AaABAg,UgxwstsOS9TcWMIGcG14AaABAg,UCNcxoxVwVqrG93QbTEH-Cjw,"Fetched 05/22/2026, 7:00:03 PM GMT+8"
795,Hillside,@VardenjamesDeGuzman,5 days ago,Happy Viewing po sa Lokal ng Hillside Distrito ng Benguet!❤,https://www.youtube.com/watch?v=ROa3kbG5M0U&lc=UgyrA_P2sxPoGIFuQsF4AaABAg,UgyrA_P2sxPoGIFuQsF4AaABAg,UCfnROPikyYd3JkOsuG-zRWw,"Fetched 05/22/2026, 7:00:03 PM GMT+8"
796,Hillside,@LeonidesSido,5 days ago,"Happy viewing po sa lahat, pagbati po mula sa Lokal ng Hillside Distrito ng Benguet.",https://www.youtube.com/watch?v=ROa3kbG5M0U&lc=UgyAN1QnhfuXyTpBPOB4AaABAg,UgyAN1QnhfuXyTpBPOB4AaABAg,UCboTr9D0eo38S7pgk-D1D4Q,"Fetched 05/22/2026, 7:00:03 PM GMT+8"
797,Hillside,@VardenjamesDeGuzman,5 days ago,Happy Viewing po sa Lokal ng Hillside Distrito ng Benguet!❤,https://www.youtube.com/watch?v=ROa3kbG5M0U&lc=UgwqVQhXLkSdZj1n2Zp4AaABAg,UgwqVQhXLkSdZj1n2Zp4AaABAg,UCfnROPikyYd3JkOsuG-zRWw,"Fetched 05/22/2026, 7:00:03 PM GMT+8"
798,Hillside,@AdamSocnayan-w8j,5 days ago,Happy viewing po mga kapatid mula sa lokal ng hillside distrito ng benguet,https://www.youtube.com/watch?v=ROa3kbG5M0U&lc=UgwP02iqd7X_YeraX1t4AaABAg,UgwP02iqd7X_YeraX1t4AaABAg,UCObQ0gkLmwSDEjxkTaq3_FQ,"Fetched 05/22/2026, 7:00:03 PM GMT+8"
799,Hillside,@mariviclubin2330,5 days ago,Happy Viewing Po! From Lokal ng Hillside,https://www.youtube.com/watch?v=ROa3kbG5M0U&lc=Ugy6gBTYyCkkzfgVn254AaABAg,Ugy6gBTYyCkkzfgVn254AaABAg,UCfhgxl5DDMycJaVvH7Jd3jw,"Fetched 05/22/2026, 7:00:03 PM GMT+8"
800,Hillside,@jeremiahforteza2493,5 days ago,Watching po from Lokal ng Hillside distrito ng Benguet 🇮🇪,https://www.youtube.com/watch?v=ROa3kbG5M0U&lc=UgwE4U5MEJpoOnSbYkR4AaABAg,UgwE4U5MEJpoOnSbYkR4AaABAg,UClBVcxireTFGdDNnQ_i9dXA,"Fetched 05/22/2026, 7:00:03 PM GMT+8"
801,Hillside,@VardenjamesDeGuzman,5 days ago,Happy Viewing po sa Lokal ng Hillside Distrito ng Benguet!❤,https://www.youtube.com/watch?v=ROa3kbG5M0U&lc=UgwFz5g7e5lUKohgQtF4AaABAg,UgwFz5g7e5lUKohgQtF4AaABAg,UCfnROPikyYd3JkOsuG-zRWw,"Fetched 05/22/2026, 7:00:03 PM GMT+8"
802,Hillside,@LouisAcop,5 days ago,Happy viewing po from lokal ng Hillside😁😁,https://www.youtube.com/watch?v=ROa3kbG5M0U&lc=Ugwy0UsiHFJshGva93x4AaABAg,Ugwy0UsiHFJshGva93x4AaABAg,UCQJqunXEs0vDyDJb2ymAqCA,"Fetched 05/22/2026, 7:00:03 PM GMT+8"
803,Hillside,@mariviclubin2330,5 days ago,Happy Viewing Po! From Lokal ng Hillside,https://www.youtube.com/watch?v=ROa3kbG5M0U&lc=UgyXAWZuJcw1h53KFS54AaABAg,UgyXAWZuJcw1h53KFS54AaABAg,UCfhgxl5DDMycJaVvH7Jd3jw,"Fetched 05/22/2026, 7:00:03 PM GMT+8"
804,Hillside,@VardenjamesDeGuzman,5 days ago,Happy Viewing po sa Lokal ng Hillside Distrito ng Benguet!❤ Alright?,https://www.youtube.com/watch?v=ROa3kbG5M0U&lc=UgwF6-5F1f96qTkHlwt4AaABAg,UgwF6-5F1f96qTkHlwt4AaABAg,UCfnROPikyYd3JkOsuG-zRWw,"Fetched 05/22/2026, 7:00:03 PM GMT+8"
805,Hillside,@LouisAcop,5 days ago,Happy viewing po from lokal ng Hillside😁😁,https://www.youtube.com/watch?v=ROa3kbG5M0U&lc=UgyYeFVes3Ick8-AFVx4AaABAg,UgyYeFVes3Ick8-AFVx4AaABAg,UCQJqunXEs0vDyDJb2ymAqCA,"Fetched 05/22/2026, 7:00:03 PM GMT+8"
806,Hillside,@mariviclubin2330,5 days ago,Happy Viewing Po! From Lokal ng Hillside,https://www.youtube.com/watch?v=ROa3kbG5M0U&lc=UgyojB2cuYmRov3325B4AaABAg,UgyojB2cuYmRov3325B4AaABAg,UCfhgxl5DDMycJaVvH7Jd3jw,"Fetched 05/22/2026, 7:00:03 PM GMT+8"
807,Hillside,@VardenjamesDeGuzman,5 days ago,Happy Viewing po sa Lokal ng Hillside Distrito ng Benguet!❤,https://www.youtube.com/watch?v=ROa3kbG5M0U&lc=Ugxhsk2irGPK-KpQfod4AaABAg,Ugxhsk2irGPK-KpQfod4AaABAg,UCfnROPikyYd3JkOsuG-zRWw,"Fetched 05/22/2026, 7:00:03 PM GMT+8"
808,Hillside,@DwyaneUrix,5 days ago,Happy viewing Po lokal Ng hillside po distrito Ng benget Po,https://www.youtube.com/watch?v=ROa3kbG5M0U&lc=UgyOIv-OZOXE_df4kkd4AaABAg,UgyOIv-OZOXE_df4kkd4AaABAg,UC43hjWcL9N-Hd2D-3pyoXDw,"Fetched 05/22/2026, 7:00:03 PM GMT+8"
809,Hillside,@VardenjamesDeGuzman,5 days ago,Happy Viewing po sa Lokal ng Hillside Distrito ng Benguet!❤,https://www.youtube.com/watch?v=ROa3kbG5M0U&lc=UgzkrcozeBNWIm4BLl54AaABAg,UgzkrcozeBNWIm4BLl54AaABAg,UCfnROPikyYd3JkOsuG-zRWw,"Fetched 05/22/2026, 7:00:03 PM GMT+8"
810,Hillside,@LeonidesSido,5 days ago,"Happy viewing po sa lahat, pagbati po mula sa Lokal ng Hillside Distrito ng Benguet",https://www.youtube.com/watch?v=ROa3kbG5M0U&lc=UgzK_x-cO_nw6UGA4HR4AaABAg,UgzK_x-cO_nw6UGA4HR4AaABAg,UCboTr9D0eo38S7pgk-D1D4Q,"Fetched 05/22/2026, 7:00:03 PM GMT+8"
811,Hillside,@AdamSocnayan-w8j,5 days ago,Happy viewing po mga kapatid mula sa lokal ng hillside distrito ng benguet,https://www.youtube.com/watch?v=ROa3kbG5M0U&lc=UgzzlTLeBZNpIoPRwZJ4AaABAg,UgzzlTLeBZNpIoPRwZJ4AaABAg,UCObQ0gkLmwSDEjxkTaq3_FQ,"Fetched 05/22/2026, 7:00:03 PM GMT+8"
812,Hillside,@DwyaneUrix,5 days ago,Happy viewing Po lokal Ng hillside po distrito Ng benget Po,https://www.youtube.com/watch?v=ROa3kbG5M0U&lc=Ugw8p8qq6PUjn3QHudJ4AaABAg,Ugw8p8qq6PUjn3QHudJ4AaABAg,UC43hjWcL9N-Hd2D-3pyoXDw,"Fetched 05/22/2026, 7:00:03 PM GMT+8"
813,Hillside,@VardenjamesDeGuzman,5 days ago,Happy Viewing po sa Lokal ng Hillside Distrito ng Benguet!❤,https://www.youtube.com/watch?v=ROa3kbG5M0U&lc=Ugyjh7NhMh7-_v15hQ14AaABAg,Ugyjh7NhMh7-_v15hQ14AaABAg,UCfnROPikyYd3JkOsuG-zRWw,"Fetched 05/22/2026, 7:00:03 PM GMT+8"
814,Hillside,@LouisAcop,5 days ago,Happy viewing po from lokal ng Hillside😁😁,https://www.youtube.com/watch?v=ROa3kbG5M0U&lc=UgwFMItWhPrTObYmqxJ4AaABAg,UgwFMItWhPrTObYmqxJ4AaABAg,UCQJqunXEs0vDyDJb2ymAqCA,"Fetched 05/22/2026, 7:00:03 PM GMT+8"
815,Hillside,@VardenjamesDeGuzman,5 days ago,😮Happy Viewing po sa Lokal ng Hillside Distrito ng Benguet!❤,https://www.youtube.com/watch?v=ROa3kbG5M0U&lc=UgxH1dsY1T80Wb3EWPh4AaABAg,UgxH1dsY1T80Wb3EWPh4AaABAg,UCfnROPikyYd3JkOsuG-zRWw,"Fetched 05/22/2026, 7:00:03 PM GMT+8"
816,Hillside,@mariviclubin2330,5 days ago,Happy Viewing Po! From Lokal ng Hillside,https://www.youtube.com/watch?v=ROa3kbG5M0U&lc=UgykJOt1-QQSf39F5Oh4AaABAg,UgykJOt1-QQSf39F5Oh4AaABAg,UCfhgxl5DDMycJaVvH7Jd3jw,"Fetched 05/22/2026, 7:00:03 PM GMT+8"
817,Hillside,@VardenjamesDeGuzman,5 days ago,😮Happy Viewing po sa Lokal ng Hillside Distrito ng Benguet!❤,https://www.youtube.com/watch?v=ROa3kbG5M0U&lc=UgyoyYA4hiK_3kpwLvJ4AaABAg,UgyoyYA4hiK_3kpwLvJ4AaABAg,UCfnROPikyYd3JkOsuG-zRWw,"Fetched 05/22/2026, 7:00:03 PM GMT+8"
818,Hillside,@coto-ongnesrionardc.9972,5 days ago,Happy Viewing po mga Kapatid ❤️ pagbati mula po sa lokal ng Hillside,https://www.youtube.com/watch?v=ROa3kbG5M0U&lc=Ugwd6dsV94CW9rQQ43Z4AaABAg,Ugwd6dsV94CW9rQQ43Z4AaABAg,UC3mnqkvRsOe5VmjM8q7mu3A,"Fetched 05/22/2026, 7:00:03 PM GMT+8"
819,Hillside,@melissavaldez25,5 days ago,"Happy viewing po mga kapatid.Pagbati po mula sa Lokal ng Hillside, Distrito ng Benguet.",https://www.youtube.com/watch?v=ROa3kbG5M0U&lc=UgxYCE2-jypAacosxnt4AaABAg,UgxYCE2-jypAacosxnt4AaABAg,UC1eC2xOks9F80dDzFmLTQ3Q,"Fetched 05/22/2026, 7:00:03 PM GMT+8"
820,Hillside,@jilliansamchao,5 days ago,Shout out po sa mga KADIWA ng Lokal ng HILLSIDE /  /  / Let's Go Benguet,https://www.youtube.com/watch?v=ROa3kbG5M0U&lc=UgwpW315jdSNhy5alwB4AaABAg,UgwpW315jdSNhy5alwB4AaABAg,UCRnvVcjVsXveWDHJS-10OWg,"Fetched 05/22/2026, 7:00:03 PM GMT+8"
821,Hillside,@AdamSocnayan-w8j,5 days ago,Happy viewing po mga kapatid mula sa lokal ng hillside distrito ng benguet,https://www.youtube.com/watch?v=ROa3kbG5M0U&lc=UgzLPH0hMJSw5M3KiFZ4AaABAg,UgzLPH0hMJSw5M3KiFZ4AaABAg,UCObQ0gkLmwSDEjxkTaq3_FQ,"Fetched 05/22/2026, 7:00:03 PM GMT+8"
822,Hillside,@merylkatepascual4635,5 days ago,Greetings po from Hillside Locale!,https://www.youtube.com/watch?v=ROa3kbG5M0U&lc=Ugx_YsbtSJQo0qWXIml4AaABAg,Ugx_YsbtSJQo0qWXIml4AaABAg,UCDZ4uF1fafAtNaS5iYhBomg,"Fetched 05/22/2026, 7:00:03 PM GMT+8"
823,Hillside,@LouisAcop,5 days ago,Happy viewing po from lokal ng Hillside😁😁,https://www.youtube.com/watch?v=ROa3kbG5M0U&lc=UgzETxuSo73Kvr2TU2V4AaABAg,UgzETxuSo73Kvr2TU2V4AaABAg,UCQJqunXEs0vDyDJb2ymAqCA,"Fetched 05/22/2026, 7:00:03 PM GMT+8"
824,Hillside,@VardenjamesDeGuzman,5 days ago,Happy Viewing po sa Lokal ng Hillside Distrito ng Benguet!❤,https://www.youtube.com/watch?v=ROa3kbG5M0U&lc=Ugz19fmk3Qv7eJ7NUmR4AaABAg,Ugz19fmk3Qv7eJ7NUmR4AaABAg,UCfnROPikyYd3JkOsuG-zRWw,"Fetched 05/22/2026, 7:00:03 PM GMT+8"
825,Hillside,@viggs4879,5 days ago (edited),Happy viewing po mula po sa Lokal ng Hillside Distrito ng Benguet,https://www.youtube.com/watch?v=ROa3kbG5M0U&lc=UgwYEWw9l-NqJyZPPg94AaABAg,UgwYEWw9l-NqJyZPPg94AaABAg,UCjIeGjddAU9rNXJu-OQ5fZw,"Fetched 05/22/2026, 7:00:03 PM GMT+8"
826,Hillside,@coto-ongnesrionardc.9972,5 days ago,Happy Viewing po mga Kapatid ❤️ pagbati mula po sa lokal ng Hillside,https://www.youtube.com/watch?v=ROa3kbG5M0U&lc=UgyS_nABR_q1SCEn2jV4AaABAg,UgyS_nABR_q1SCEn2jV4AaABAg,UC3mnqkvRsOe5VmjM8q7mu3A,"Fetched 05/22/2026, 7:00:03 PM GMT+8"
827,Hillside,@jeremiahforteza2493,5 days ago,Watching po from Lokal ng Hillside distrito ng Benguet 🇮🇪,https://www.youtube.com/watch?v=ROa3kbG5M0U&lc=UgxVKc7M82Zm_4cUW7B4AaABAg,UgxVKc7M82Zm_4cUW7B4AaABAg,UClBVcxireTFGdDNnQ_i9dXA,"Fetched 05/22/2026, 7:00:03 PM GMT+8"
828,Hillside,@VardenjamesDeGuzman,5 days ago,Happy Viewing po sa Lokal ng Hillside Distrito ng Benguet!❤,https://www.youtube.com/watch?v=ROa3kbG5M0U&lc=Ugx-gVto3a1NDGUK7X94AaABAg,Ugx-gVto3a1NDGUK7X94AaABAg,UCfnROPikyYd3JkOsuG-zRWw,"Fetched 05/22/2026, 7:00:03 PM GMT+8"
829,Hillside,@LouisAcop,5 days ago,Happy viewing po from lokal ng Hillside😁😁,https://www.youtube.com/watch?v=ROa3kbG5M0U&lc=Ugz616YRHB4w4zv2NWx4AaABAg,Ugz616YRHB4w4zv2NWx4AaABAg,UCQJqunXEs0vDyDJb2ymAqCA,"Fetched 05/22/2026, 7:00:03 PM GMT+8"
830,Hillside,@VardenjamesDeGuzman,5 days ago,Happy Viewing po sa Lokal ng Hillside Distrito ng Benguet!❤,https://www.youtube.com/watch?v=ROa3kbG5M0U&lc=Ugy7_qRJ1p8yJithmCp4AaABAg,Ugy7_qRJ1p8yJithmCp4AaABAg,UCfnROPikyYd3JkOsuG-zRWw,"Fetched 05/22/2026, 7:00:03 PM GMT+8"
831,Hillside,@coto-ongnesrionardc.9972,5 days ago,Happy Viewing po mga Kapatid ❤️ pagbati mula po sa lokal ng Hillside,https://www.youtube.com/watch?v=ROa3kbG5M0U&lc=UgynwUgKbbwzJu5Twbh4AaABAg,UgynwUgKbbwzJu5Twbh4AaABAg,UC3mnqkvRsOe5VmjM8q7mu3A,"Fetched 05/22/2026, 7:00:03 PM GMT+8"
832,Hillside,@FloryneCADWISING,5 days ago,Happy viewing po from local ng Hillside,https://www.youtube.com/watch?v=ROa3kbG5M0U&lc=Ugx-7M2EQWTJ1T5X57N4AaABAg,Ugx-7M2EQWTJ1T5X57N4AaABAg,UCq_3fsMRJfqV4W3ds2cnwFQ,"Fetched 05/22/2026, 7:00:03 PM GMT+8"
833,Hillside,@VardenjamesDeGuzman,5 days ago,Happy Viewing po sa Lokal ng Hillside Distrito ng Benguet!❤,https://www.youtube.com/watch?v=ROa3kbG5M0U&lc=UgzwHztN0WVEwVviey14AaABAg,UgzwHztN0WVEwVviey14AaABAg,UCfnROPikyYd3JkOsuG-zRWw,"Fetched 05/22/2026, 7:00:03 PM GMT+8"
834,Hillside,@LouisAcop,5 days ago,Happy viewing po from lokal ng Hillside😁😁,https://www.youtube.com/watch?v=ROa3kbG5M0U&lc=Ugy2ijggpOmcGeAN2OB4AaABAg,Ugy2ijggpOmcGeAN2OB4AaABAg,UCQJqunXEs0vDyDJb2ymAqCA,"Fetched 05/22/2026, 7:00:03 PM GMT+8"
835,Hillside,@jeremiahforteza2493,5 days ago,Watching po from Lokal ng Hillside distrito ng Benguet 🇮🇪,https://www.youtube.com/watch?v=ROa3kbG5M0U&lc=Ugw4OLQAIxFddHiG64d4AaABAg,Ugw4OLQAIxFddHiG64d4AaABAg,UClBVcxireTFGdDNnQ_i9dXA,"Fetched 05/22/2026, 7:00:03 PM GMT+8"
836,Hillside,@AdamSocnayan-w8j,5 days ago,Happy viewing po mga kapatid mula sa lokal ng hillside distrito ng benguet,https://www.youtube.com/watch?v=ROa3kbG5M0U&lc=UgxHkKt2DsWec6tNNkB4AaABAg,UgxHkKt2DsWec6tNNkB4AaABAg,UCObQ0gkLmwSDEjxkTaq3_FQ,"Fetched 05/22/2026, 7:00:03 PM GMT+8"
837,Hillside,@merylkatepascual4635,5 days ago,Greetings po from Hillside Locale!,https://www.youtube.com/watch?v=ROa3kbG5M0U&lc=UgxExqG4kpdoWoDDbKN4AaABAg,UgxExqG4kpdoWoDDbKN4AaABAg,UCDZ4uF1fafAtNaS5iYhBomg,"Fetched 05/22/2026, 7:00:03 PM GMT+8"
838,Hillside,@HannahMikaSido,5 days ago,"Hello everyone!! Watching from Distrito ng Benguet, Lokal ng Hillside!!!",https://www.youtube.com/watch?v=ROa3kbG5M0U&lc=UgyZcLifwtTd2oOKcYB4AaABAg,UgyZcLifwtTd2oOKcYB4AaABAg,UCyGmNyKiKOpQjJBpGdSEwsg,"Fetched 05/22/2026, 7:00:03 PM GMT+8"
839,Hillside,@LouisAcop,5 days ago,Happy viewing po from lokal ng Hillside😁😁,https://www.youtube.com/watch?v=ROa3kbG5M0U&lc=Ugx-WHbEzkD--JqydYJ4AaABAg,Ugx-WHbEzkD--JqydYJ4AaABAg,UCQJqunXEs0vDyDJb2ymAqCA,"Fetched 05/22/2026, 7:00:03 PM GMT+8"
840,Hillside,@AdamSocnayan-w8j,5 days ago,Happy viewing po mga kapatid mula sa lokal ng hillside distrito ng benguet,https://www.youtube.com/watch?v=ROa3kbG5M0U&lc=Ugwq-SAmnFUL3mdl9c94AaABAg,Ugwq-SAmnFUL3mdl9c94AaABAg,UCObQ0gkLmwSDEjxkTaq3_FQ,"Fetched 05/22/2026, 7:00:03 PM GMT+8"
841,Hillside,@coto-ongnesrionardc.9972,5 days ago,Happy Viewing po mga Kapatid ❤️ pagbati mula po sa lokal ng Hillside,https://www.youtube.com/watch?v=ROa3kbG5M0U&lc=Ugz0Kq6FsQOmtG-YqW54AaABAg,Ugz0Kq6FsQOmtG-YqW54AaABAg,UC3mnqkvRsOe5VmjM8q7mu3A,"Fetched 05/22/2026, 7:00:03 PM GMT+8"
842,Hillside,@jeremiahforteza2493,5 days ago,Watching po from Lokal ng Hillside distrito ng Benguet 🇮🇪,https://www.youtube.com/watch?v=ROa3kbG5M0U&lc=Ugw0_7HVJFo4rssLtKB4AaABAg,Ugw0_7HVJFo4rssLtKB4AaABAg,UClBVcxireTFGdDNnQ_i9dXA,"Fetched 05/22/2026, 7:00:03 PM GMT+8"
843,Hillside,@Rein_Cloud21,5 days ago,Happy Viewing po mula po sa Lokal ng Hillside Distrito ng Benguet 🎉,https://www.youtube.com/watch?v=ROa3kbG5M0U&lc=UgypjlqbAeAIu6visiR4AaABAg,UgypjlqbAeAIu6visiR4AaABAg,UC5rg4j7hTkuXyqZkZdntTXQ,"Fetched 05/22/2026, 7:00:03 PM GMT+8"
844,Hillside,@LouisAcop,5 days ago,Happy viewing po from lokal ng Hillside😁😁,https://www.youtube.com/watch?v=ROa3kbG5M0U&lc=Ugy0Uikii7zzNWSomJZ4AaABAg,Ugy0Uikii7zzNWSomJZ4AaABAg,UCQJqunXEs0vDyDJb2ymAqCA,"Fetched 05/22/2026, 7:00:03 PM GMT+8"
845,Hillside,@LeonidesSido,5 days ago,"Happy viewing po sa lahat, pagbati po mula sa Lokal ng Hillside Distrito ng Benguet.",https://www.youtube.com/watch?v=ROa3kbG5M0U&lc=Ugy-_tiOv8e1IOwVou54AaABAg,Ugy-_tiOv8e1IOwVou54AaABAg,UCboTr9D0eo38S7pgk-D1D4Q,"Fetched 05/22/2026, 7:00:03 PM GMT+8"
846,Hillside,@jeremiahforteza2493,5 days ago,Watching po from Lokal ng Hillside distrito ng Benguet 🇮🇪,https://www.youtube.com/watch?v=ROa3kbG5M0U&lc=UgyIRkhMA0OgtAn9kDB4AaABAg,UgyIRkhMA0OgtAn9kDB4AaABAg,UClBVcxireTFGdDNnQ_i9dXA,"Fetched 05/22/2026, 7:00:03 PM GMT+8"
847,Hillside,@jilliansamchao,5 days ago,Greetings po from ng Lokal ng HILLSIDE /  / Let's Go BENGUET🎉🎉🎉,https://www.youtube.com/watch?v=ROa3kbG5M0U&lc=UgwlG9TB_jz6kZ62Q794AaABAg,UgwlG9TB_jz6kZ62Q794AaABAg,UCRnvVcjVsXveWDHJS-10OWg,"Fetched 05/22/2026, 7:00:03 PM GMT+8"
848,Hillside,@FloryneCADWISING,5 days ago,Happy viewing po from local ng Hillside,https://www.youtube.com/watch?v=ROa3kbG5M0U&lc=Ugz8fsWRQKXJrz8Uc0F4AaABAg,Ugz8fsWRQKXJrz8Uc0F4AaABAg,UCq_3fsMRJfqV4W3ds2cnwFQ,"Fetched 05/22/2026, 7:00:03 PM GMT+8"
849,Hillside,@Rein_Cloud21,5 days ago,Happy Viewing po mula po sa Lokal ng Hillside Distrito ng Benguet 🎉,https://www.youtube.com/watch?v=ROa3kbG5M0U&lc=UgxLIgfgrLARFSKoLJJ4AaABAg,UgxLIgfgrLARFSKoLJJ4AaABAg,UC5rg4j7hTkuXyqZkZdntTXQ,"Fetched 05/22/2026, 7:00:03 PM GMT+8"
850,Hillside,@LeonidesSido,5 days ago,"Happy viewing po sa lahat, pagbati po mula sa Lokal ng Hillside Distrito ng Benguet.",https://www.youtube.com/watch?v=ROa3kbG5M0U&lc=UgybQ-xpqrwl8pUThNB4AaABAg,UgybQ-xpqrwl8pUThNB4AaABAg,UCboTr9D0eo38S7pgk-D1D4Q,"Fetched 05/22/2026, 7:00:03 PM GMT+8"
851,Hillside,@jeremiahforteza2493,5 days ago,Watching po from Lokal ng Hillside distrito ng Benguet 🇮🇪,https://www.youtube.com/watch?v=ROa3kbG5M0U&lc=UgzH_IcrYfclPp_a_0l4AaABAg,UgzH_IcrYfclPp_a_0l4AaABAg,UClBVcxireTFGdDNnQ_i9dXA,"Fetched 05/22/2026, 7:00:03 PM GMT+8"
852,Hillside,@LouisAcop,5 days ago,Happy viewing po from lokal ng Hillside😁😁,https://www.youtube.com/watch?v=ROa3kbG5M0U&lc=UgyaFStS3R2bDVd1cfd4AaABAg,UgyaFStS3R2bDVd1cfd4AaABAg,UCQJqunXEs0vDyDJb2ymAqCA,"Fetched 05/22/2026, 7:00:03 PM GMT+8"
853,Hillside,@Rein_Cloud21,5 days ago,Happy Viewing po mula po sa Lokal ng Hillside Distrito ng Benguet 🎉,https://www.youtube.com/watch?v=ROa3kbG5M0U&lc=UgzPXb4lRerkscwQTzp4AaABAg,UgzPXb4lRerkscwQTzp4AaABAg,UC5rg4j7hTkuXyqZkZdntTXQ,"Fetched 05/22/2026, 7:00:03 PM GMT+8"
854,Hillside,@LeonidesSido,5 days ago,"Happy viewing po sa lahat, pagbati po mula sa Lokal ng Hillside Distrito ng Benguet. Binabati po namin ang aming destinado ka Jhon Alvin Capulong at ang aming pong mahal na Tagapangasiwa Kapatid na Ardy Mendoza",https://www.youtube.com/watch?v=ROa3kbG5M0U&lc=UgxiGGNAsNjKlFlPD3F4AaABAg,UgxiGGNAsNjKlFlPD3F4AaABAg,UCboTr9D0eo38S7pgk-D1D4Q,"Fetched 05/22/2026, 7:00:03 PM GMT+8"
855,Hillside,@Rein_Cloud21,5 days ago,Happy Viewing po mula po sa Lokal ng Hillside Distrito ng Benguet 🎉,https://www.youtube.com/watch?v=ROa3kbG5M0U&lc=UgypL-1dyuwCSazJn7h4AaABAg,UgypL-1dyuwCSazJn7h4AaABAg,UC5rg4j7hTkuXyqZkZdntTXQ,"Fetched 05/22/2026, 7:00:03 PM GMT+8"
856,Hillside,@HannahMikaSido,5 days ago (edited),Magandang gabi po mga kapatid!  / Supporting here from Loakl ng Hillside Distrito ng Benguet 💕💕💕,https://www.youtube.com/watch?v=ROa3kbG5M0U&lc=Ugzp9CClXlhwB81FRwx4AaABAg,Ugzp9CClXlhwB81FRwx4AaABAg,UCyGmNyKiKOpQjJBpGdSEwsg,"Fetched 05/22/2026, 7:00:03 PM GMT+8"
857,Hillside,@LeonidesSido,5 days ago,"Happy viewing po sa lahat, pagbati po mula sa Lokal ng Hillside Distrito ng Benguet.",https://www.youtube.com/watch?v=ROa3kbG5M0U&lc=Ugzv4He1mINvUQNnAjJ4AaABAg,Ugzv4He1mINvUQNnAjJ4AaABAg,UCboTr9D0eo38S7pgk-D1D4Q,"Fetched 05/22/2026, 7:00:03 PM GMT+8"
858,Hillside,@Rein_Cloud21,5 days ago,Happy Viewing po mula po sa Lokal ng Hillside Distrito ng Benguet 🎉,https://www.youtube.com/watch?v=ROa3kbG5M0U&lc=UgyhLT8yK3gdIznVZRx4AaABAg,UgyhLT8yK3gdIznVZRx4AaABAg,UC5rg4j7hTkuXyqZkZdntTXQ,"Fetched 05/22/2026, 7:00:03 PM GMT+8"
859,Hillside,@Rein_Cloud21,5 days ago,Happy Viewing po mula po sa Lokal ng Hillside Distrito ng Benguet 🎉,https://www.youtube.com/watch?v=ROa3kbG5M0U&lc=UgwChIUvE4wIB6Da5yh4AaABAg,UgwChIUvE4wIB6Da5yh4AaABAg,UC5rg4j7hTkuXyqZkZdntTXQ,"Fetched 05/22/2026, 7:00:03 PM GMT+8"
860,Hillside,@LeonidesSido,5 days ago,"Happy viewing po sa lahat, pagbati po mula sa Lokal ng Hillside Distrito ng Benguet. Binabati po namin ang aming destinado ka Jhon Alvin Capulong at ang aming pong mahal na Tagapangasiwa Kapatid na Ardy Mendoza",https://www.youtube.com/watch?v=ROa3kbG5M0U&lc=UgyLgkchP30mSHQYzax4AaABAg,UgyLgkchP30mSHQYzax4AaABAg,UCboTr9D0eo38S7pgk-D1D4Q,"Fetched 05/22/2026, 7:00:03 PM GMT+8"
861,Hillside,@Rein_Cloud21,5 days ago,Happy Viewing po mula po sa Lokal ng Hillside Distrito ng Benguet 🎉,https://www.youtube.com/watch?v=ROa3kbG5M0U&lc=UgxGtCcy2A-0nZk4s0F4AaABAg,UgxGtCcy2A-0nZk4s0F4AaABAg,UC5rg4j7hTkuXyqZkZdntTXQ,"Fetched 05/22/2026, 7:00:03 PM GMT+8"
862,Hillside,@LeonidesSido,5 days ago,"Happy viewing po sa lahat, pagbati po mula sa Lokal ng Hillside Distrito ng Benguet",https://www.youtube.com/watch?v=ROa3kbG5M0U&lc=UgyFYh37gnrFdsDuYQh4AaABAg,UgyFYh37gnrFdsDuYQh4AaABAg,UCboTr9D0eo38S7pgk-D1D4Q,"Fetched 05/22/2026, 7:00:03 PM GMT+8"
863,Hillside,@Rein_Cloud21,5 days ago,Happy Viewing po mula po sa Lokal ng Hillside Distrito ng Benguet 🎉,https://www.youtube.com/watch?v=ROa3kbG5M0U&lc=UgzGLuz-g2twkNoOOcl4AaABAg,UgzGLuz-g2twkNoOOcl4AaABAg,UC5rg4j7hTkuXyqZkZdntTXQ,"Fetched 05/22/2026, 7:00:03 PM GMT+8"
864,Hillside,@LeonidesSido,5 days ago,"Happy viewing po sa lahat, pagbati po mula sa Lokal ng Hillside Distrito ng Benguet. Binabati po namin ang aming destinado ka Jhon Alvin Capulong at ang aming pong mahal na Tagapangasiwa Kapatid na Ardy Mendoza",https://www.youtube.com/watch?v=ROa3kbG5M0U&lc=Ugw9zQ9aoelQRuIMfHx4AaABAg,Ugw9zQ9aoelQRuIMfHx4AaABAg,UCboTr9D0eo38S7pgk-D1D4Q,"Fetched 05/22/2026, 7:00:03 PM GMT+8"
865,Hillside,@Rein_Cloud21,5 days ago,Happy Viewing po mula po sa Lokal ng Hillside Distrito ng Benguet 🎉,https://www.youtube.com/watch?v=ROa3kbG5M0U&lc=Ugz5H1Ds-vgQAU1PVOF4AaABAg,Ugz5H1Ds-vgQAU1PVOF4AaABAg,UC5rg4j7hTkuXyqZkZdntTXQ,"Fetched 05/22/2026, 7:00:03 PM GMT+8"
866,Hillside,@LouisAcop,5 days ago,Happy viewing po from lokal ng Hillside😁😁,https://www.youtube.com/watch?v=ROa3kbG5M0U&lc=UgxepqLM0b5SUoL4ITN4AaABAg,UgxepqLM0b5SUoL4ITN4AaABAg,UCQJqunXEs0vDyDJb2ymAqCA,"Fetched 05/22/2026, 7:00:03 PM GMT+8"
867,Hillside,@LeonidesSido,5 days ago,"Happy viewing po sa lahat, pagbati po mula sa Lokal ng Hillside Distrito ng Benguet.",https://www.youtube.com/watch?v=ROa3kbG5M0U&lc=UgzIZ9Zuf3NGmnR8MvB4AaABAg,UgzIZ9Zuf3NGmnR8MvB4AaABAg,UCboTr9D0eo38S7pgk-D1D4Q,"Fetched 05/22/2026, 7:00:03 PM GMT+8"
868,Hillside,@Rein_Cloud21,5 days ago,Happy Viewing po mula po sa Lokal ng Hillside Distrito ng Benguet 🎉,https://www.youtube.com/watch?v=ROa3kbG5M0U&lc=Ugx7qKV-RrIZ4D8fcbJ4AaABAg,Ugx7qKV-RrIZ4D8fcbJ4AaABAg,UC5rg4j7hTkuXyqZkZdntTXQ,"Fetched 05/22/2026, 7:00:03 PM GMT+8"
869,Hillside,@Rein_Cloud21,5 days ago,Happy Viewing po mula po sa Lokal ng Hillside Distrito ng Benguet 🎉,https://www.youtube.com/watch?v=ROa3kbG5M0U&lc=UgwUFzrdlN8dSJCNlpt4AaABAg,UgwUFzrdlN8dSJCNlpt4AaABAg,UC5rg4j7hTkuXyqZkZdntTXQ,"Fetched 05/22/2026, 7:00:03 PM GMT+8"
870,Hillside,@LeonidesSido,5 days ago,"Happy viewing po sa lahat, pagbati po mula sa Lokal ng Hillside Distrito ng Benguet. Binabati po namin ang aming destinado ka Jhon Alvin Capulong at ang aming pong mahal na Tagapangasiwa Kapatid na Ardy Mendoza",https://www.youtube.com/watch?v=ROa3kbG5M0U&lc=UgxuDXx-qjKBo90VUWJ4AaABAg,UgxuDXx-qjKBo90VUWJ4AaABAg,UCboTr9D0eo38S7pgk-D1D4Q,"Fetched 05/22/2026, 7:00:03 PM GMT+8"
871,Hillside,@wilfredpaulino918,5 days ago,Happy viewing po mula sa lokal ng Hillside Distrito ng Benguet🇮🇹😇,https://www.youtube.com/watch?v=ROa3kbG5M0U&lc=UgxyjMdzsJI1kmK20YV4AaABAg,UgxyjMdzsJI1kmK20YV4AaABAg,UCSSli_6JObLOHAdGcvQlgsA,"Fetched 05/22/2026, 7:00:03 PM GMT+8"
872,Hillside,@LeonidesSido,5 days ago,"Happy viewing po sa lahat, pagbati po mula sa Lokal ng Hillside Distrito ng Benguet",https://www.youtube.com/watch?v=ROa3kbG5M0U&lc=UgxOqm6EOgjh0ca3SA94AaABAg,UgxOqm6EOgjh0ca3SA94AaABAg,UCboTr9D0eo38S7pgk-D1D4Q,"Fetched 05/22/2026, 7:00:03 PM GMT+8"
873,Hillside,@krishamaeforteza3076,5 days ago,"Happy Viewing po!  / Greetings po from Lokal ng Hillside, Distrito ng Benguet🤍🍓",https://www.youtube.com/watch?v=ROa3kbG5M0U&lc=Ugzl1VV_dcp6fPQOOwx4AaABAg,Ugzl1VV_dcp6fPQOOwx4AaABAg,UCkuSQ0_Ec77rx_qcK_O7wyw,"Fetched 05/22/2026, 7:00:03 PM GMT+8"
874,Hillside,@wilfredpaulino918,5 days ago,Happy viewing po mula sa lokal ng Hillside Distrito ng Benguet🇮🇹😇,https://www.youtube.com/watch?v=ROa3kbG5M0U&lc=UgzqvbHuisRpKlhNc_94AaABAg,UgzqvbHuisRpKlhNc_94AaABAg,UCSSli_6JObLOHAdGcvQlgsA,"Fetched 05/22/2026, 7:00:03 PM GMT+8"
875,Hillside,@merylkatepascual4635,5 days ago,Happy viewing from Hillside Locale 🤗,https://www.youtube.com/watch?v=ROa3kbG5M0U&lc=Ugx8J9H9S9QxLr2_UfF4AaABAg,Ugx8J9H9S9QxLr2_UfF4AaABAg,UCDZ4uF1fafAtNaS5iYhBomg,"Fetched 05/22/2026, 7:00:03 PM GMT+8"
876,Hillside,@LeonidesSido,5 days ago,"Happy viewing po sa lahat, pagbati po mula sa Lokal ng Hillside Distrito ng Benguet. Binabati po namin ang aming destinado ka Jhon Alvin Capulong at ang aming pong mahal na Tagapangasiwa Kapatid na Ardy Mendoza",https://www.youtube.com/watch?v=ROa3kbG5M0U&lc=Ugx6TdvUnYn-8nVv0sN4AaABAg,Ugx6TdvUnYn-8nVv0sN4AaABAg,UCboTr9D0eo38S7pgk-D1D4Q,"Fetched 05/22/2026, 7:00:03 PM GMT+8"
877,Hillside,@wilfredpaulino918,5 days ago,Happy viewing po mula sa lokal ng Hillside Distrito ng Benguet🇮🇹😇,https://www.youtube.com/watch?v=ROa3kbG5M0U&lc=UgzVaZYm2hOURi6BlNp4AaABAg,UgzVaZYm2hOURi6BlNp4AaABAg,UCSSli_6JObLOHAdGcvQlgsA,"Fetched 05/22/2026, 7:00:03 PM GMT+8"
878,Hillside,@wilfredpaulino918,5 days ago,Happy viewing po mula sa lokal ng Hillside Distrito ng Benguet🇮🇹😇,https://www.youtube.com/watch?v=ROa3kbG5M0U&lc=UgxMWOLX_-N5wHrm7554AaABAg,UgxMWOLX_-N5wHrm7554AaABAg,UCSSli_6JObLOHAdGcvQlgsA,"Fetched 05/22/2026, 7:00:03 PM GMT+8"
879,Hillside,@miasy-RL,5 days ago,Happy Viewing po from Lokal ng Hillside❤️🇮🇹,https://www.youtube.com/watch?v=ROa3kbG5M0U&lc=UgwD_VecAyxBJz5jgA14AaABAg,UgwD_VecAyxBJz5jgA14AaABAg,UCE4qpM5SGKSbx589elFLOkw,"Fetched 05/22/2026, 7:00:03 PM GMT+8"
880,Hillside,@wilfredpaulino918,5 days ago,Happy viewing po mula sa lokal ng Hillside Distrito ng Benguet🇮🇹😇,https://www.youtube.com/watch?v=ROa3kbG5M0U&lc=UgztWV9LdoOZPtHvTiJ4AaABAg,UgztWV9LdoOZPtHvTiJ4AaABAg,UCSSli_6JObLOHAdGcvQlgsA,"Fetched 05/22/2026, 7:00:03 PM GMT+8"
881,Hillside,@jilliansamchao,5 days ago,Shout out po sa mga KADIWA sa Lokal ng HILLSIDE,https://www.youtube.com/watch?v=ROa3kbG5M0U&lc=UgwcPtFV_BfukK1lAt54AaABAg,UgwcPtFV_BfukK1lAt54AaABAg,UCRnvVcjVsXveWDHJS-10OWg,"Fetched 05/22/2026, 7:00:03 PM GMT+8"
882,Hillside,@wilfredpaulino918,5 days ago,Happy viewing po mula sa lokal ng Hillside Distrito ng Benguet🇮🇹😇,https://www.youtube.com/watch?v=ROa3kbG5M0U&lc=UgyYE6FX2ngLUdl2UxF4AaABAg,UgyYE6FX2ngLUdl2UxF4AaABAg,UCSSli_6JObLOHAdGcvQlgsA,"Fetched 05/22/2026, 7:00:03 PM GMT+8"
883,Hillside,@jilliansamchao,5 days ago,Letss Go Benguet🎉🎉🎉 /  / Mula po sa Lokal ng Hillside,https://www.youtube.com/watch?v=ROa3kbG5M0U&lc=UgyhFOmi03ZTwbIV08t4AaABAg,UgyhFOmi03ZTwbIV08t4AaABAg,UCRnvVcjVsXveWDHJS-10OWg,"Fetched 05/22/2026, 7:00:03 PM GMT+8"
884,Hillside,@kimberlyroseforteza6690,5 days ago,"Happy viewing po mga kapatid! mula sa Lokal ng Hillside, Distrito ng Benguet ❤️",https://www.youtube.com/watch?v=ROa3kbG5M0U&lc=UgyW_Nm1cnyEXFz-YD94AaABAg,UgyW_Nm1cnyEXFz-YD94AaABAg,UCUEC3rCfLlijXl518wy26lg,"Fetched 05/22/2026, 7:00:03 PM GMT+8"
885,Hillside,@LouisAcop,5 days ago,Happy viewing po from lokal ng Hillside😁😁,https://www.youtube.com/watch?v=ROa3kbG5M0U&lc=UgzQhWltJUJMvFjAvSJ4AaABAg,UgzQhWltJUJMvFjAvSJ4AaABAg,UCQJqunXEs0vDyDJb2ymAqCA,"Fetched 05/22/2026, 7:00:03 PM GMT+8"
886,Hillside,@wilfredpaulino918,5 days ago,Happy viewing po mula sa lokal ng Hillside Distrito ng Benguet🇮🇹😇,https://www.youtube.com/watch?v=ROa3kbG5M0U&lc=UgwFE4GV7fFdvrbQPNR4AaABAg,UgwFE4GV7fFdvrbQPNR4AaABAg,UCSSli_6JObLOHAdGcvQlgsA,"Fetched 05/22/2026, 7:00:03 PM GMT+8"
887,Hillside,@joanbautista7658,5 days ago,Happy watching from lokal ng hillside,https://www.youtube.com/watch?v=ROa3kbG5M0U&lc=Ugwjx2MNO68mLa1EFux4AaABAg,Ugwjx2MNO68mLa1EFux4AaABAg,UCgxPc4tiyQb-gy_cGAY4Aag,"Fetched 05/22/2026, 7:00:03 PM GMT+8"
888,Hillside,@joanbautista7658,5 days ago (edited),Happy watching from lokal ng hillside distrito ng benguet❤❤❤,https://www.youtube.com/watch?v=ROa3kbG5M0U&lc=Ugy9Wix5xsY23-90Jex4AaABAg,Ugy9Wix5xsY23-90Jex4AaABAg,UCgxPc4tiyQb-gy_cGAY4Aag,"Fetched 05/22/2026, 7:00:03 PM GMT+8"
889,Hillside,@joanbautista7658,5 days ago,Happy watching from lokal ng hillside distrito ng benguet ❤❤,https://www.youtube.com/watch?v=ROa3kbG5M0U&lc=UgyCi8ucut71OqDa9MZ4AaABAg,UgyCi8ucut71OqDa9MZ4AaABAg,UCgxPc4tiyQb-gy_cGAY4Aag,"Fetched 05/22/2026, 7:00:03 PM GMT+8"
890,Hillside,@VardenjamesDeGuzman,5 days ago,Happy viewing po from lokal ng Hillside - felix isanan❤🌷,https://www.youtube.com/watch?v=ROa3kbG5M0U&lc=UgxYVBLbYa8Xcj8G7jF4AaABAg,UgxYVBLbYa8Xcj8G7jF4AaABAg,UCfnROPikyYd3JkOsuG-zRWw,"Fetched 05/22/2026, 7:00:03 PM GMT+8"
891,Hillside,@VardenjamesDeGuzman,5 days ago,"Happy viewing po , From lokal ng Hillside^-^❤  -Felix isanan",https://www.youtube.com/watch?v=ROa3kbG5M0U&lc=UgzyhDHV9CJUqLfR1m14AaABAg,UgzyhDHV9CJUqLfR1m14AaABAg,UCfnROPikyYd3JkOsuG-zRWw,"Fetched 05/22/2026, 7:00:03 PM GMT+8"
892,Hillside,@joanbautista7658,5 days ago,Happy watching from lokalng hillside distrito ng benguet❤❤,https://www.youtube.com/watch?v=ROa3kbG5M0U&lc=UgzdsMgQSC4VpMkaWbx4AaABAg,UgzdsMgQSC4VpMkaWbx4AaABAg,UCgxPc4tiyQb-gy_cGAY4Aag,"Fetched 05/22/2026, 7:00:03 PM GMT+8"
893,Hillside,@willyabadjr.7279,5 days ago,Greetings po sa TSV ng benguet.. mula po sa LOKAL NG HILLSIDE,https://www.youtube.com/watch?v=ROa3kbG5M0U&lc=UgyhiZ2Ezw_Aua0aVIx4AaABAg,UgyhiZ2Ezw_Aua0aVIx4AaABAg,UCw4o6vHv-G3KExALSjwp9KQ,"Fetched 05/22/2026, 7:00:03 PM GMT+8"
894,Hillside,@joanbautista7658,5 days ago,Happy watching from lokal ng hillside distrito benguet,https://www.youtube.com/watch?v=ROa3kbG5M0U&lc=UgycJkR9EETJcSjMCvB4AaABAg,UgycJkR9EETJcSjMCvB4AaABAg,UCgxPc4tiyQb-gy_cGAY4Aag,"Fetched 05/22/2026, 7:00:03 PM GMT+8"
895,Hillside,@joanbautista7658,5 days ago,Happy watching from lokal ng hillside distrito ng benguet,https://www.youtube.com/watch?v=ROa3kbG5M0U&lc=Ugxzn9vlOMI4VJdCkuF4AaABAg,Ugxzn9vlOMI4VJdCkuF4AaABAg,UCgxPc4tiyQb-gy_cGAY4Aag,"Fetched 05/22/2026, 7:00:03 PM GMT+8"
896,Hillside,@VardenjamesDeGuzman,5 days ago,"From lokal po ng hillside, Bumabati po si Felix isanan ng Happy viewing❤❤",https://www.youtube.com/watch?v=ROa3kbG5M0U&lc=UgwsoPDlV8m2uCakwPx4AaABAg,UgwsoPDlV8m2uCakwPx4AaABAg,UCfnROPikyYd3JkOsuG-zRWw,"Fetched 05/22/2026, 7:00:03 PM GMT+8"
897,Hillside,@joanbautista7658,5 days ago,Happy watching po from lokal ng hillside distrito ng benguet,https://www.youtube.com/watch?v=ROa3kbG5M0U&lc=Ugzn33n7HrVlsXsQZ-h4AaABAg,Ugzn33n7HrVlsXsQZ-h4AaABAg,UCgxPc4tiyQb-gy_cGAY4Aag,"Fetched 05/22/2026, 7:00:03 PM GMT+8"
898,Hillside,@joanbautista7658,5 days ago,Happy watching  from lokal ng hillside distrito ng benguet❤❤❤,https://www.youtube.com/watch?v=ROa3kbG5M0U&lc=UgySz0b6-0sqUcC4vwR4AaABAg,UgySz0b6-0sqUcC4vwR4AaABAg,UCgxPc4tiyQb-gy_cGAY4Aag,"Fetched 05/22/2026, 7:00:03 PM GMT+8"
899,Hillside,@VardenjamesDeGuzman,5 days ago,Happy viewing po from lokal ng hillside,https://www.youtube.com/watch?v=ROa3kbG5M0U&lc=Ugwy9T5wKqiP2k-Nb3B4AaABAg,Ugwy9T5wKqiP2k-Nb3B4AaABAg,UCfnROPikyYd3JkOsuG-zRWw,"Fetched 05/22/2026, 7:00:03 PM GMT+8"
900,Hillside,@VardenjamesDeGuzman,5 days ago,Happy vewing po from lokal ng hillside❤❤,https://www.youtube.com/watch?v=ROa3kbG5M0U&lc=Ugw_ZRVwUv2YUh2i65N4AaABAg,Ugw_ZRVwUv2YUh2i65N4AaABAg,UCfnROPikyYd3JkOsuG-zRWw,"Fetched 05/22/2026, 7:00:03 PM GMT+8"
901,Hillside,@coto-onglheanaajc.3303,5 days ago,Happy Viewing po Mula sa Lokal ng Hillside ❤,https://www.youtube.com/watch?v=ROa3kbG5M0U&lc=UgwnvRTvztc0rYTf6xN4AaABAg,UgwnvRTvztc0rYTf6xN4AaABAg,UCepvdbDlLD3XhIPriTXriCw,"Fetched 05/22/2026, 7:00:03 PM GMT+8"
902,Hillside,@jilliansamchao,5 days ago,Shout out po sa mga KADIWA sa Lokal ng HILLSIDE /  / Let's Go Benguet🎉🎉🎉,https://www.youtube.com/watch?v=ROa3kbG5M0U&lc=Ugxz78jdISWzb5ER-a94AaABAg,Ugxz78jdISWzb5ER-a94AaABAg,UCRnvVcjVsXveWDHJS-10OWg,"Fetched 05/22/2026, 7:00:03 PM GMT+8"
903,Hillside,@jilliansamchao,5 days ago,Happy Viewing po mga Kapatid mula po sa Lokal ng HILLSIDE /  /  / Let's Go BENGUET🎉🎉🎉,https://www.youtube.com/watch?v=ROa3kbG5M0U&lc=UgylFGyN263YR-SRhMx4AaABAg,UgylFGyN263YR-SRhMx4AaABAg,UCRnvVcjVsXveWDHJS-10OWg,"Fetched 05/22/2026, 7:00:03 PM GMT+8"
904,Hillside,@FloryneCADWISING,12 days ago,Viewing from Hillside Benguet,https://www.youtube.com/watch?v=ROa3kbG5M0U&lc=UgxsJXaggclgwPEKaFZ4AaABAg.AWV7UbgozV6AWcLmOwTm_V,UgxsJXaggclgwPEKaFZ4AaABAg.AWV7UbgozV6AWcLmOwTm_V,UCq_3fsMRJfqV4W3ds2cnwFQ,"Fetched 05/22/2026, 7:00:03 PM GMT+8"
905,Hillside,@FloryneCADWISING,12 days ago,Viewing from Hillside Benguet,https://www.youtube.com/watch?v=ROa3kbG5M0U&lc=UgxsJXaggclgwPEKaFZ4AaABAg.AWV7UbgozV6AWcLnxbRKya,UgxsJXaggclgwPEKaFZ4AaABAg.AWV7UbgozV6AWcLnxbRKya,UCq_3fsMRJfqV4W3ds2cnwFQ,"Fetched 05/22/2026, 7:00:03 PM GMT+8"
906,Hillside,@FloryneCADWISING,12 days ago,Viewing from Hillside Benguet,https://www.youtube.com/watch?v=ROa3kbG5M0U&lc=UgxsJXaggclgwPEKaFZ4AaABAg.AWV7UbgozV6AWcLogFCih8,UgxsJXaggclgwPEKaFZ4AaABAg.AWV7UbgozV6AWcLogFCih8,UCq_3fsMRJfqV4W3ds2cnwFQ,"Fetched 05/22/2026, 7:00:03 PM GMT+8"
907,Hillside,@rovellnogoy7927,2 weeks ago (edited),"Greetings po sa mga taga lokal ng Hillside at City Camp, at sa lahat ng mga kalihim at registry clerks sa Distrito ng Benguet. Happy watching po! ❤ / Happy viewing din po sa aming mahal na Tagapangasiwa, Kapatid na Ardy Mendoza at II Tagapangasiwa, Ka Ian Manalata 🥰",https://www.youtube.com/watch?v=ROa3kbG5M0U&lc=UgzyNAb6UB9zffPrg9B4AaABAg,UgzyNAb6UB9zffPrg9B4AaABAg,UCpcSI6VtzfqsSR4H63AKV0w,"Fetched 05/22/2026, 7:00:03 PM GMT+8"