2001,La Trinidad,@jazz-m7b,6 days ago,Nakakagaan tlaga ng loob at nakakapagbigay inspirasyon  /  / Lokal ng La Trinidad kapisanang binhi 🌱🐑🍓,https://www.youtube.com/watch?v=ROa3kbG5M0U&lc=UgyJxnfH5wuNmRs3_E54AaABAg,UgyJxnfH5wuNmRs3_E54AaABAg,UCNB-zyitm7U6Yt835DEKclA,"Fetched 05/24/2026, 8:08:10 PM GMT+8"
2002,La Trinidad,@jazz-m7b,6 days ago,Grabe naman ang mensahe ng awit na ito ay tumagos sa aking  puso💘😊 /  / Lokal ng La Trinidad kapisanang binhi 🌱🐑🍓,https://www.youtube.com/watch?v=ROa3kbG5M0U&lc=UgzZRoEnUpXwMc8F8Dl4AaABAg,UgzZRoEnUpXwMc8F8Dl4AaABAg,UCNB-zyitm7U6Yt835DEKclA,"Fetched 05/24/2026, 8:08:10 PM GMT+8"
2003,La Trinidad,@jazz-m7b,6 days ago,Let's keep on listening and enjoying the song mga kapatid😊  /  / Lokal ng La Trinidad kapisanang binhi 🌱,https://www.youtube.com/watch?v=ROa3kbG5M0U&lc=UgzBksg9wxdRf_5YKGx4AaABAg,UgzBksg9wxdRf_5YKGx4AaABAg,UCNB-zyitm7U6Yt835DEKclA,"Fetched 05/24/2026, 8:08:10 PM GMT+8"
2004,La Trinidad,@jazz-m7b,6 days ago,Keep supporting po mga kapatid mula sa lokal ng La Trinidad kapisanang binhi 🌱🐑🍓,https://www.youtube.com/watch?v=ROa3kbG5M0U&lc=UgyYyjOdDY2-tfvz8G94AaABAg,UgyYyjOdDY2-tfvz8G94AaABAg,UCNB-zyitm7U6Yt835DEKclA,"Fetched 05/24/2026, 8:08:10 PM GMT+8"
2005,La Trinidad,@jazz-m7b,6 days ago,♥️♥️♥️ po sa inyong lahat mga kapatid Mula po sa lokal ng La Trinidad kapisanang binhi 🌱🐑🍓,https://www.youtube.com/watch?v=ROa3kbG5M0U&lc=UgwiZyUbEnB0kODTYRF4AaABAg,UgwiZyUbEnB0kODTYRF4AaABAg,UCNB-zyitm7U6Yt835DEKclA,"Fetched 05/24/2026, 8:08:10 PM GMT+8"
2006,La Trinidad,@jazz-m7b,6 days ago,Full force support 💯 from Lokal ng La Trinidad kapisanang binhi 🌱🐑🍓,https://www.youtube.com/watch?v=ROa3kbG5M0U&lc=UgzndfrPaW-0z6LTAhF4AaABAg,UgzndfrPaW-0z6LTAhF4AaABAg,UCNB-zyitm7U6Yt835DEKclA,"Fetched 05/24/2026, 8:08:10 PM GMT+8"
2007,La Trinidad,@axeliee-m5u,6 days ago,Continuous support and viewing po from Lokal ng La Trinidad! 💚,https://www.youtube.com/watch?v=ROa3kbG5M0U&lc=UgyTER4PE6IdrKcXF414AaABAg,UgyTER4PE6IdrKcXF414AaABAg,UCxjmGS0yLlCMs4Fe-AqbHFw,"Fetched 05/24/2026, 8:08:10 PM GMT+8"
2008,La Trinidad,@axeliee-m5u,6 days ago,Nanonood pa rin po kami from Lokal ng La Trinidad! 🙌,https://www.youtube.com/watch?v=ROa3kbG5M0U&lc=UgwwKgFl4iJszkXPD3B4AaABAg,UgwwKgFl4iJszkXPD3B4AaABAg,UCxjmGS0yLlCMs4Fe-AqbHFw,"Fetched 05/24/2026, 8:08:10 PM GMT+8"
2009,La Trinidad,@axeliee-m5u,6 days ago,Still here and enjoying po from Lokal ng La Trinidad! 💞,https://www.youtube.com/watch?v=ROa3kbG5M0U&lc=UgzoQ4ItO1stJZpmJKV4AaABAg,UgzoQ4ItO1stJZpmJKV4AaABAg,UCxjmGS0yLlCMs4Fe-AqbHFw,"Fetched 05/24/2026, 8:08:10 PM GMT+8"
2010,La Trinidad,@axeliee-m5u,6 days ago,Watching pa rin po with full support from Lokal ng La Trinidad! 🌟,https://www.youtube.com/watch?v=ROa3kbG5M0U&lc=UgyXn08FjwBUZBoeDHx4AaABAg,UgyXn08FjwBUZBoeDHx4AaABAg,UCxjmGS0yLlCMs4Fe-AqbHFw,"Fetched 05/24/2026, 8:08:10 PM GMT+8"
2011,La Trinidad,@axeliee-m5u,6 days ago,Patuloy pong nakatutok from Lokal ng La Trinidad! 🎶,https://www.youtube.com/watch?v=ROa3kbG5M0U&lc=UgxSwuL5uSjISnakwfd4AaABAg,UgxSwuL5uSjISnakwfd4AaABAg,UCxjmGS0yLlCMs4Fe-AqbHFw,"Fetched 05/24/2026, 8:08:10 PM GMT+8"
2012,La Trinidad,@axeliee-m5u,6 days ago,Nonstop viewing po from Lokal ng La Trinidad! 💖,https://www.youtube.com/watch?v=ROa3kbG5M0U&lc=UgxGHWNiWe2KdD1rOyt4AaABAg,UgxGHWNiWe2KdD1rOyt4AaABAg,UCxjmGS0yLlCMs4Fe-AqbHFw,"Fetched 05/24/2026, 8:08:10 PM GMT+8"
2013,La Trinidad,@axeliee-m5u,6 days ago,Still watching and supporting po from Lokal ng La Trinidad! 💚✨,https://www.youtube.com/watch?v=ROa3kbG5M0U&lc=Ugzsqg8_SGtCp4MxwdB4AaABAg,Ugzsqg8_SGtCp4MxwdB4AaABAg,UCxjmGS0yLlCMs4Fe-AqbHFw,"Fetched 05/24/2026, 8:08:10 PM GMT+8"
2014,La Trinidad,@jazz-m7b,6 days ago,Keep supporting po mga kapatid mula sa lokal ng La Trinidad kapisanang binhi 🌱🐑🍓,https://www.youtube.com/watch?v=ROa3kbG5M0U&lc=UgyAnxgKfu0N8efDHjl4AaABAg,UgyAnxgKfu0N8efDHjl4AaABAg,UCNB-zyitm7U6Yt835DEKclA,"Fetched 05/24/2026, 8:08:10 PM GMT+8"
2015,La Trinidad,@axeliee-m5u,6 days ago,Happy viewing everyone 🎉🎉  / Pagbati po mula sa Lokal ng La Trinidad 🫶,https://www.youtube.com/watch?v=ROa3kbG5M0U&lc=Ugw9-WdTArf0vSaWl1V4AaABAg,Ugw9-WdTArf0vSaWl1V4AaABAg,UCxjmGS0yLlCMs4Fe-AqbHFw,"Fetched 05/24/2026, 8:08:10 PM GMT+8"
2016,La Trinidad,@jazz-m7b,6 days ago,Still giving our full 💯 support from Lokal ng La Trinidad because it's very enjoyable and inspiring song😊❤ /  / Lokal ng La Trinidad 🪷🍓  / Kapisanang binhi 🌱🐑,https://www.youtube.com/watch?v=ROa3kbG5M0U&lc=Ugwt1-SjJQD978a_IbF4AaABAg,Ugwt1-SjJQD978a_IbF4AaABAg,UCNB-zyitm7U6Yt835DEKclA,"Fetched 05/24/2026, 8:08:10 PM GMT+8"
2017,La Trinidad,@jazz-m7b,6 days ago,Let's go BENGUET 🍓  / Go! Go! Binhi 🌱  / Fight! Fight! La Trinidad 🐑,https://www.youtube.com/watch?v=ROa3kbG5M0U&lc=UgwXJLS608QsbZkrXfB4AaABAg,UgwXJLS608QsbZkrXfB4AaABAg,UCNB-zyitm7U6Yt835DEKclA,"Fetched 05/24/2026, 8:08:10 PM GMT+8"
2018,La Trinidad,@jazz-m7b,6 days ago,Let's go BENGUET 🍓  / Go! Go! Binhi 🌱  / Fight! Fight! La Trinidad 🐑,https://www.youtube.com/watch?v=ROa3kbG5M0U&lc=UgzxMTn0AmGW1eOTu4d4AaABAg,UgzxMTn0AmGW1eOTu4d4AaABAg,UCNB-zyitm7U6Yt835DEKclA,"Fetched 05/24/2026, 8:08:10 PM GMT+8"
2019,La Trinidad,@johnreylucio8970,6 days ago,Let's Go Benguet! / Matago tago tako! / Greeting po mula sa Lokal ng La Trinidad,https://www.youtube.com/watch?v=ROa3kbG5M0U&lc=Ugzx69LaTPOPKSnHNQJ4AaABAg,Ugzx69LaTPOPKSnHNQJ4AaABAg,UCNMupRD4ySrN336KZpy29OA,"Fetched 05/24/2026, 8:08:10 PM GMT+8"
2020,La Trinidad,@kliyanaclinen7781,6 days ago,Pagbati po sa lahat full support po  mula sa Lokal ng La Trinidad❤,https://www.youtube.com/watch?v=ROa3kbG5M0U&lc=UgzNpWGl_to_-r_DsHJ4AaABAg,UgzNpWGl_to_-r_DsHJ4AaABAg,UCcWPnEVLWimnR59C1cuqhEw,"Fetched 05/24/2026, 8:08:10 PM GMT+8"
2021,La Trinidad,@Bnhydn_5,6 days ago,Climb on top! 💪  / Let's go Benguet ⭐ / Lokal ng La Trinidad,https://www.youtube.com/watch?v=ROa3kbG5M0U&lc=UgycciBA1iT3pefJSe54AaABAg,UgycciBA1iT3pefJSe54AaABAg,UCFHEYFlsmd9j3CJVNeyyLqw,"Fetched 05/24/2026, 8:08:10 PM GMT+8"
2022,La Trinidad,@johnreylucio8970,6 days ago,Lokal ng La Trinidad,https://www.youtube.com/watch?v=ROa3kbG5M0U&lc=UgwBMK8SnubAi2GbUXF4AaABAg.AWw3UGiFGX-AWw3f_YeFe9,UgwBMK8SnubAi2GbUXF4AaABAg.AWw3UGiFGX-AWw3f_YeFe9,UCNMupRD4ySrN336KZpy29OA,"Fetched 05/24/2026, 8:08:10 PM GMT+8"
2023,La Trinidad,@Bnhydn_5,6 days ago,🎉 Go for top 1 Benguet ♥️  / -Lokal ng La Trinidad,https://www.youtube.com/watch?v=ROa3kbG5M0U&lc=UgzwcU2JsukXuqRWrdV4AaABAg,UgzwcU2JsukXuqRWrdV4AaABAg,UCFHEYFlsmd9j3CJVNeyyLqw,"Fetched 05/24/2026, 8:08:10 PM GMT+8"
2024,La Trinidad,@Bnhydn_5,6 days ago,Much support Mula po sa lokal ng La Trinidad 💥,https://www.youtube.com/watch?v=ROa3kbG5M0U&lc=UgzSq8RTBZUNBvdSFvN4AaABAg,UgzSq8RTBZUNBvdSFvN4AaABAg,UCFHEYFlsmd9j3CJVNeyyLqw,"Fetched 05/24/2026, 8:08:10 PM GMT+8"
2025,La Trinidad,@Bnhydn_5,6 days ago,Go Benguet ♥️ Happy watching!! / -Lokal ng La Trinidad,https://www.youtube.com/watch?v=ROa3kbG5M0U&lc=Ugw80C2TnP8PjPmNW0V4AaABAg,Ugw80C2TnP8PjPmNW0V4AaABAg,UCFHEYFlsmd9j3CJVNeyyLqw,"Fetched 05/24/2026, 8:08:10 PM GMT+8"
2026,La Trinidad,@jazz-m7b,6 days ago,Watching this fills my heart with peace ✌️  /  / Lokal ng La Trinidad kapisanang binhi 🌱🐑😊,https://www.youtube.com/watch?v=ROa3kbG5M0U&lc=UgxU3hyBdXaLtrTqLaJ4AaABAg,UgxU3hyBdXaLtrTqLaJ4AaABAg,UCNB-zyitm7U6Yt835DEKclA,"Fetched 05/24/2026, 8:08:10 PM GMT+8"
2027,La Trinidad,@jazz-m7b,6 days ago,Road to 33k views mga kapatid wag po tayong tumigil sa panonood 😊😊😊 /  / Lokal ng La Trinidad kapisanang binhi 🌱🐑🍓,https://www.youtube.com/watch?v=ROa3kbG5M0U&lc=Ugysa4yX7z-_cH_2Q_V4AaABAg,Ugysa4yX7z-_cH_2Q_V4AaABAg,UCNB-zyitm7U6Yt835DEKclA,"Fetched 05/24/2026, 8:08:10 PM GMT+8"
2028,La Trinidad,@jazz-m7b,6 days ago,Talagang nakakapalakas ng pananampalataya❤❤❤ /  / Lokal ng La Trinidad kapisanang binhi 🌱🐑🍓,https://www.youtube.com/watch?v=ROa3kbG5M0U&lc=UgzCXuc28O36LFsGQ8R4AaABAg,UgzCXuc28O36LFsGQ8R4AaABAg,UCNB-zyitm7U6Yt835DEKclA,"Fetched 05/24/2026, 8:08:10 PM GMT+8"
2029,La Trinidad,@Bnhydn_5,6 days ago,I'll rate this 11/10⭐ sobrang ganda ng production 🎇  /  / -Lokal ng La Trinidad,https://www.youtube.com/watch?v=ROa3kbG5M0U&lc=UgysNm7ETlZUoeEIGYt4AaABAg,UgysNm7ETlZUoeEIGYt4AaABAg,UCFHEYFlsmd9j3CJVNeyyLqw,"Fetched 05/24/2026, 8:08:10 PM GMT+8"
2030,La Trinidad,@jazz-m7b,6 days ago,Absolutely inspiring from start to finish😊🤩 /  / Lokal ng La Trinidad kapisanang binhi 🌱🐑🍓,https://www.youtube.com/watch?v=ROa3kbG5M0U&lc=Ugye9C613z-vVFgI_Id4AaABAg,Ugye9C613z-vVFgI_Id4AaABAg,UCNB-zyitm7U6Yt835DEKclA,"Fetched 05/24/2026, 8:08:10 PM GMT+8"
2031,La Trinidad,@Bnhydn_5,6 days ago,"Happy viewing brethren 🌻  / Lokal ng La Trinidad, still supporting ❤",https://www.youtube.com/watch?v=ROa3kbG5M0U&lc=UgyueqV-k-c-MKju9Vt4AaABAg,UgyueqV-k-c-MKju9Vt4AaABAg,UCFHEYFlsmd9j3CJVNeyyLqw,"Fetched 05/24/2026, 8:08:10 PM GMT+8"
2032,La Trinidad,@lanlani.eaaaahn,6 days ago,"let’s go, benguetttttt!!!!! suporta mula sa lokal ng la trinidad!!!",https://www.youtube.com/watch?v=ROa3kbG5M0U&lc=UgwidNFkWy2GgdTUjfp4AaABAg,UgwidNFkWy2GgdTUjfp4AaABAg,UCxRF5ldmYBJWNlgtayRoTHg,"Fetched 05/24/2026, 8:08:10 PM GMT+8"
2033,La Trinidad,@jazz-m7b,6 days ago,May this continue to inspire countless people ❤😊 /  / Lokal ng La Trinidad 🐑  / Kapisanang binhi 🌱,https://www.youtube.com/watch?v=ROa3kbG5M0U&lc=UgwzpS5kKrDl94rxAWp4AaABAg,UgwzpS5kKrDl94rxAWp4AaABAg,UCNB-zyitm7U6Yt835DEKclA,"Fetched 05/24/2026, 8:08:10 PM GMT+8"
2034,La Trinidad,@Bnhydn_5,6 days ago,Rewatching 🔁Mula sa lokal ng La Trinidad  /  / Fight Benguet ♥️,https://www.youtube.com/watch?v=ROa3kbG5M0U&lc=Ugwb29DbjYy-8xkR1QF4AaABAg,Ugwb29DbjYy-8xkR1QF4AaABAg,UCFHEYFlsmd9j3CJVNeyyLqw,"Fetched 05/24/2026, 8:08:10 PM GMT+8"
2035,La Trinidad,@axeliee-m5u,6 days ago,Happy viewing everyone 🎉😁  / Pagbati po mula sa Lokal ng La Trinidad 🫶,https://www.youtube.com/watch?v=ROa3kbG5M0U&lc=UgyvUCXKWhzMlBipDfh4AaABAg,UgyvUCXKWhzMlBipDfh4AaABAg,UCxjmGS0yLlCMs4Fe-AqbHFw,"Fetched 05/24/2026, 8:08:10 PM GMT+8"
2036,La Trinidad,@Bnhydn_5,6 days ago,Nothing's better than watching this MV this morning 🌄  / Happy viewing  / -Lokal ng La Trinidad,https://www.youtube.com/watch?v=ROa3kbG5M0U&lc=UgxM-eDSWTgJ1pOTf2h4AaABAg,UgxM-eDSWTgJ1pOTf2h4AaABAg,UCFHEYFlsmd9j3CJVNeyyLqw,"Fetched 05/24/2026, 8:08:10 PM GMT+8"
2037,La Trinidad,@jazz-m7b,6 days ago,apakaganda ng MV na to at tlagang nakaka inspire😊❤ /  / Lokal ng La Trinidad 🪷🍓  / Kapisanang binhi 🌱🐑,https://www.youtube.com/watch?v=ROa3kbG5M0U&lc=UgxnB24LZCp2QRQsi5B4AaABAg,UgxnB24LZCp2QRQsi5B4AaABAg,UCNB-zyitm7U6Yt835DEKclA,"Fetched 05/24/2026, 8:08:10 PM GMT+8"
2038,La Trinidad,@johnreylucio8970,6 days ago,Happy Viewing po ulit!! / Start The Day with this MV is so Nice! / Suporta po mula sa Kadiwa Sa Lokal ng La Trinidad ❤,https://www.youtube.com/watch?v=ROa3kbG5M0U&lc=UgzDbeCbLqeRlMLrhL94AaABAg,UgzDbeCbLqeRlMLrhL94AaABAg,UCNMupRD4ySrN336KZpy29OA,"Fetched 05/24/2026, 8:08:10 PM GMT+8"
2039,La Trinidad,@jazz-m7b,6 days ago,Worth it panoorin hanggang dulo!😊❤ /  / Lokal ng La Trinidad kapisanang binhi 🌱🐑🍓,https://www.youtube.com/watch?v=ROa3kbG5M0U&lc=Ugy0MhFcbU8xf-iN7J54AaABAg,Ugy0MhFcbU8xf-iN7J54AaABAg,UCNB-zyitm7U6Yt835DEKclA,"Fetched 05/24/2026, 8:08:10 PM GMT+8"
2040,La Trinidad,@MohiniFelix-i7e,6 days ago,Watching from la trinidad po ❤️,https://www.youtube.com/watch?v=ROa3kbG5M0U&lc=UgycFNmQ_xFW0nVVB0Z4AaABAg,UgycFNmQ_xFW0nVVB0Z4AaABAg,UCNHHaFZiJkC9jyHWnmaisWw,"Fetched 05/24/2026, 8:08:10 PM GMT+8"
2041,La Trinidad,@lanlani.eaaaahn,6 days ago,maligayang panonood po mula sa lokal ng La Trinidad!!!,https://www.youtube.com/watch?v=ROa3kbG5M0U&lc=UgxLoavH3xAeMQHZKcV4AaABAg,UgxLoavH3xAeMQHZKcV4AaABAg,UCxRF5ldmYBJWNlgtayRoTHg,"Fetched 05/24/2026, 8:08:10 PM GMT+8"
2042,La Trinidad,@Bnhydn_5,6 days ago,Let's go Benguet Let's go ♥️☝️  / -Lokal ng La Trinidad,https://www.youtube.com/watch?v=ROa3kbG5M0U&lc=UgxRFoTqbUiOqIRRpnV4AaABAg,UgxRFoTqbUiOqIRRpnV4AaABAg,UCFHEYFlsmd9j3CJVNeyyLqw,"Fetched 05/24/2026, 8:08:10 PM GMT+8"
2043,La Trinidad,@Bnhydn_5,6 days ago,Watching on repeat 🔁  / Infinite support Mula sa lokal ng La Trinidad.🎉🎉 /  / Fight Benguet ♥️,https://www.youtube.com/watch?v=ROa3kbG5M0U&lc=Ugwt9RlfNjarOUee75l4AaABAg,Ugwt9RlfNjarOUee75l4AaABAg,UCFHEYFlsmd9j3CJVNeyyLqw,"Fetched 05/24/2026, 8:08:10 PM GMT+8"
2044,La Trinidad,@Bnhydn_5,6 days ago,Happy viewing po mga kapatid 💚  / -Lokal ng La Trinidad,https://www.youtube.com/watch?v=ROa3kbG5M0U&lc=UgwElypDf7ilm2BD3694AaABAg,UgwElypDf7ilm2BD3694AaABAg,UCFHEYFlsmd9j3CJVNeyyLqw,"Fetched 05/24/2026, 8:08:10 PM GMT+8"
2045,La Trinidad,@axeliee-m5u,6 days ago,Good morning and happy viewing everyone 🌻  /  / Greetings from the Locale congregation of La Trinidad 💐,https://www.youtube.com/watch?v=ROa3kbG5M0U&lc=Ugyqh63vmktmx2VzWHN4AaABAg,Ugyqh63vmktmx2VzWHN4AaABAg,UCxjmGS0yLlCMs4Fe-AqbHFw,"Fetched 05/24/2026, 8:08:10 PM GMT+8"
2046,La Trinidad,@BnHydn_4,6 days ago,Ang ganda ng pagkakagawa mula umpisa hanggang dulo. / -La Trinidad  /  / Let's go Benguet ♥️,https://www.youtube.com/watch?v=ROa3kbG5M0U&lc=UgyV9waHwP_seMafcxx4AaABAg,UgyV9waHwP_seMafcxx4AaABAg,UCBGtwATEAOhJaVSd9_AsgFw,"Fetched 05/24/2026, 8:08:10 PM GMT+8"
2047,La Trinidad,@BnHydn_4,6 days ago,"Mula po sa lokal ng La Trinidad, Kapisanang BINHI ‼️ Happy watching mga kapatid 👋",https://www.youtube.com/watch?v=ROa3kbG5M0U&lc=Ugx4FAHvDi3m2A4T6sl4AaABAg,Ugx4FAHvDi3m2A4T6sl4AaABAg,UCBGtwATEAOhJaVSd9_AsgFw,"Fetched 05/24/2026, 8:08:10 PM GMT+8"
2048,La Trinidad,@BnHydn_4,6 days ago,Go Benguet ♥️  / Go La Trinidad ❤,https://www.youtube.com/watch?v=ROa3kbG5M0U&lc=UgzH7ene-BmzY0HAK7h4AaABAg,UgzH7ene-BmzY0HAK7h4AaABAg,UCBGtwATEAOhJaVSd9_AsgFw,"Fetched 05/24/2026, 8:08:10 PM GMT+8"
2049,La Trinidad,@BnHydn_4,6 days ago,Road to 33k views 🎉 / Keep watching po mga kapatid ❤ /  / Lokal ng La Trinidad,https://www.youtube.com/watch?v=ROa3kbG5M0U&lc=UgwJESFbxiJBl8HKGa94AaABAg,UgwJESFbxiJBl8HKGa94AaABAg,UCBGtwATEAOhJaVSd9_AsgFw,"Fetched 05/24/2026, 8:08:10 PM GMT+8"
2050,La Trinidad,@BnHydn_4,6 days ago,Very inspiring song!! 👏🌠  / Enjoy watching this MV mga kapatid  / -Lokal ng La Trinidad,https://www.youtube.com/watch?v=ROa3kbG5M0U&lc=UgzGVY31yZm9h9TchSd4AaABAg,UgzGVY31yZm9h9TchSd4AaABAg,UCBGtwATEAOhJaVSd9_AsgFw,"Fetched 05/24/2026, 8:08:10 PM GMT+8"
2051,La Trinidad,@jazz-m7b,6 days ago,Grabe na inspired tas uplifted ako pagka nood ko neto 😊 /  / Lokal ng La Trinidad kapisanang binhi 🌱🐑🍓,https://www.youtube.com/watch?v=ROa3kbG5M0U&lc=UgwOvJMkDIYCyKllRct4AaABAg,UgwOvJMkDIYCyKllRct4AaABAg,UCNB-zyitm7U6Yt835DEKclA,"Fetched 05/24/2026, 8:08:10 PM GMT+8"
2052,La Trinidad,@jazz-m7b,6 days ago,Worth watching again and again /  / Lokal ng La Trinidad kapisanang binhi 🌱🐑🍓,https://www.youtube.com/watch?v=ROa3kbG5M0U&lc=UgxrCG_4RgENdigVV554AaABAg,UgxrCG_4RgENdigVV554AaABAg,UCNB-zyitm7U6Yt835DEKclA,"Fetched 05/24/2026, 8:08:10 PM GMT+8"
2053,La Trinidad,@BnHydn_4,6 days ago,Keep supporting mga kapatid 👋  / -Lokal ng La Trinidad,https://www.youtube.com/watch?v=ROa3kbG5M0U&lc=Ugx6br8Oizx1IxLUaJp4AaABAg,Ugx6br8Oizx1IxLUaJp4AaABAg,UCBGtwATEAOhJaVSd9_AsgFw,"Fetched 05/24/2026, 8:08:10 PM GMT+8"
2054,La Trinidad,@lanlani.eaaaahn,6 days ago,"starting the day by listening and supporting our brethren, greetings from the local congregation of La Trinidad!!!",https://www.youtube.com/watch?v=ROa3kbG5M0U&lc=Ugzpb6-nIkYvvNjt6TN4AaABAg,Ugzpb6-nIkYvvNjt6TN4AaABAg,UCxRF5ldmYBJWNlgtayRoTHg,"Fetched 05/24/2026, 8:08:10 PM GMT+8"
2055,La Trinidad,@Axiee-s4s,6 days ago,Happy viewing po sa lahat 🎉🎉 /  / #RESTDAY 🎈  /  / mula po sa lahat ng may tungkulin sa kapisanang Binhi 🌱 ng Lokal ng La Trinidad Distrito Benguet 💯,https://www.youtube.com/watch?v=ROa3kbG5M0U&lc=Ugzyxs9IyYp288ubo3B4AaABAg,Ugzyxs9IyYp288ubo3B4AaABAg,UCvLy09DU_ionlyibzzGyvLw,"Fetched 05/24/2026, 8:08:10 PM GMT+8"
2056,La Trinidad,@BnHydn_4,6 days ago,Go Benguet ♥️  / -Lokal ng La Trinidad,https://www.youtube.com/watch?v=ROa3kbG5M0U&lc=UgwPuzWQiCDVz73gHiV4AaABAg,UgwPuzWQiCDVz73gHiV4AaABAg,UCBGtwATEAOhJaVSd9_AsgFw,"Fetched 05/24/2026, 8:08:10 PM GMT+8"
2057,La Trinidad,@Axiee-s4s,6 days ago (edited),🎵 Continuous 🎵 viewing 🎵 po 🎵 from 🎵 Lokal 🎵 ng 🎵 La Trinidad 🎵! 🎵,https://www.youtube.com/watch?v=ROa3kbG5M0U&lc=UgyurGA8hU1T6o85dCh4AaABAg,UgyurGA8hU1T6o85dCh4AaABAg,UCvLy09DU_ionlyibzzGyvLw,"Fetched 05/24/2026, 8:08:10 PM GMT+8"
2058,La Trinidad,@Axiee-s4s,6 days ago,Nanonood at sumusuporta pa rin po from Lokal ng La Trinidad! 💚✨,https://www.youtube.com/watch?v=ROa3kbG5M0U&lc=UgxA-H35RHTknlrD8Gd4AaABAg,UgxA-H35RHTknlrD8Gd4AaABAg,UCvLy09DU_ionlyibzzGyvLw,"Fetched 05/24/2026, 8:08:10 PM GMT+8"
2059,La Trinidad,@Axiee-s4s,6 days ago,Watching with full support po from Lokal ng La Trinidad! 🙌,https://www.youtube.com/watch?v=ROa3kbG5M0U&lc=UgyOeTtvhBit55DUsw94AaABAg,UgyOeTtvhBit55DUsw94AaABAg,UCvLy09DU_ionlyibzzGyvLw,"Fetched 05/24/2026, 8:08:10 PM GMT+8"
2060,La Trinidad,@Axiee-s4s,6 days ago,Enjoy watching po from Lokal ng La Trinidad! 💞,https://www.youtube.com/watch?v=ROa3kbG5M0U&lc=Ugzp0xAOJI3XouicpQB4AaABAg,Ugzp0xAOJI3XouicpQB4AaABAg,UCvLy09DU_ionlyibzzGyvLw,"Fetched 05/24/2026, 8:08:10 PM GMT+8"
2061,La Trinidad,@Axiee-s4s,6 days ago,Still supporting and watching po from Lokal ng La Trinidad! 🌟,https://www.youtube.com/watch?v=ROa3kbG5M0U&lc=UgzRZrAouQy5Yl9tUyd4AaABAg,UgzRZrAouQy5Yl9tUyd4AaABAg,UCvLy09DU_ionlyibzzGyvLw,"Fetched 05/24/2026, 8:08:10 PM GMT+8"
2062,La Trinidad,@Axiee-s4s,6 days ago,Patuloy pong nanonood from Lokal ng La Trinidad! 🎶,https://www.youtube.com/watch?v=ROa3kbG5M0U&lc=UgxcUgiAPmZB4sLnxDN4AaABAg,UgxcUgiAPmZB4sLnxDN4AaABAg,UCvLy09DU_ionlyibzzGyvLw,"Fetched 05/24/2026, 8:08:10 PM GMT+8"
2063,La Trinidad,@Axiee-s4s,6 days ago,Tuned in pa rin po from Lokal ng La Trinidad! 💖,https://www.youtube.com/watch?v=ROa3kbG5M0U&lc=Ugyh-HRdgr07tg2NRXV4AaABAg,Ugyh-HRdgr07tg2NRXV4AaABAg,UCvLy09DU_ionlyibzzGyvLw,"Fetched 05/24/2026, 8:08:10 PM GMT+8"
2064,La Trinidad,@Bnhydn_5,6 days ago,Napakapayapa pakinggan. Mula po sa lokal ng La Trinidad.,https://www.youtube.com/watch?v=ROa3kbG5M0U&lc=UgxmEUm43vt4VdI0XFd4AaABAg,UgxmEUm43vt4VdI0XFd4AaABAg,UCFHEYFlsmd9j3CJVNeyyLqw,"Fetched 05/24/2026, 8:08:10 PM GMT+8"
2065,La Trinidad,@Axiee-s4s,6 days ago,Watching continuously po from Lokal ng La Trinidad! ✨,https://www.youtube.com/watch?v=ROa3kbG5M0U&lc=UgyRussz0Z9VczvRaSZ4AaABAg,UgyRussz0Z9VczvRaSZ4AaABAg,UCvLy09DU_ionlyibzzGyvLw,"Fetched 05/24/2026, 8:08:10 PM GMT+8"
2066,La Trinidad,@Axiee-s4s,6 days ago,Still watching po from Lokal ng La Trinidad! 💚,https://www.youtube.com/watch?v=ROa3kbG5M0U&lc=UgxwfuMctZNGLhE4U6V4AaABAg,UgxwfuMctZNGLhE4U6V4AaABAg,UCvLy09DU_ionlyibzzGyvLw,"Fetched 05/24/2026, 8:08:10 PM GMT+8"
2067,La Trinidad,@Bnhydn_5,6 days ago,Shoutout sa pinakapasigla na kapatid na laging nakasubaybay sa MV! / -Lokal ng La Trinidad,https://www.youtube.com/watch?v=ROa3kbG5M0U&lc=UgwHQsxOeigQBKkIqSt4AaABAg,UgwHQsxOeigQBKkIqSt4AaABAg,UCFHEYFlsmd9j3CJVNeyyLqw,"Fetched 05/24/2026, 8:08:10 PM GMT+8"
2068,La Trinidad,@Axiee-s4s,6 days ago,"Endless support and happy viewing, mula po sa Lokal ng La Trinidad! 💚✨",https://www.youtube.com/watch?v=ROa3kbG5M0U&lc=Ugx11oZrl9HqsNYH6UN4AaABAg,Ugx11oZrl9HqsNYH6UN4AaABAg,UCvLy09DU_ionlyibzzGyvLw,"Fetched 05/24/2026, 8:08:10 PM GMT+8"
2069,La Trinidad,@jazz-m7b,6 days ago,Shout out po sa mga mag babantay at di mag babantay ng pkp  /  / Lokal ng La Trinidad 🐑,https://www.youtube.com/watch?v=ROa3kbG5M0U&lc=UgxlH0O15-7Z9DE8neJ4AaABAg,UgxlH0O15-7Z9DE8neJ4AaABAg,UCNB-zyitm7U6Yt835DEKclA,"Fetched 05/24/2026, 8:08:10 PM GMT+8"
2070,La Trinidad,@Bnhydn_5,6 days ago,Bawat liriko ay puno ng pag-asa at pananampalataya. Mula po sa lokal ng La Trinidad,https://www.youtube.com/watch?v=ROa3kbG5M0U&lc=Ugx1oRZwNsISEk5KgZF4AaABAg,Ugx1oRZwNsISEk5KgZF4AaABAg,UCFHEYFlsmd9j3CJVNeyyLqw,"Fetched 05/24/2026, 8:08:10 PM GMT+8"
2071,La Trinidad,@Xieee-x8v,6 days ago,"Sending cheerful greetings, mula po sa Lokal ng La Trinidad! 💞",https://www.youtube.com/watch?v=ROa3kbG5M0U&lc=UgzxBQEaqRK6JMJ_3_94AaABAg,UgzxBQEaqRK6JMJ_3_94AaABAg,UCjYF2eqO3sw4XuYBb8HsAXg,"Fetched 05/24/2026, 8:08:10 PM GMT+8"
2072,La Trinidad,@Xieee-x8v,6 days ago,"Kaisa po ninyo sa pagsuporta, mula po sa Lokal ng La Trinidad. 💚✨",https://www.youtube.com/watch?v=ROa3kbG5M0U&lc=Ugx1ql5GOCy0QpmlkkR4AaABAg,Ugx1ql5GOCy0QpmlkkR4AaABAg,UCjYF2eqO3sw4XuYBb8HsAXg,"Fetched 05/24/2026, 8:08:10 PM GMT+8"
2073,La Trinidad,@Bnhydn_5,6 days ago,Such a strong and uplifting message. / -Lokal ng La Trinidad,https://www.youtube.com/watch?v=ROa3kbG5M0U&lc=UgxvAYNM9szhniKt8wR4AaABAg,UgxvAYNM9szhniKt8wR4AaABAg,UCFHEYFlsmd9j3CJVNeyyLqw,"Fetched 05/24/2026, 8:08:10 PM GMT+8"
2074,La Trinidad,@Xieee-x8v,6 days ago,Maraming salamat po at happy viewing mula po sa Lokal ng La Trinidad! 🙏,https://www.youtube.com/watch?v=ROa3kbG5M0U&lc=UgxV2NmrIawHNHK7DOt4AaABAg,UgxV2NmrIawHNHK7DOt4AaABAg,UCjYF2eqO3sw4XuYBb8HsAXg,"Fetched 05/24/2026, 8:08:10 PM GMT+8"
2075,La Trinidad,@Xieee-x8v,6 days ago,"Watching with joy and support, mula po sa Lokal ng La Trinidad. 💖😊",https://www.youtube.com/watch?v=ROa3kbG5M0U&lc=UgyNKj0kAQ1xCaGrpEh4AaABAg,UgyNKj0kAQ1xCaGrpEh4AaABAg,UCjYF2eqO3sw4XuYBb8HsAXg,"Fetched 05/24/2026, 8:08:10 PM GMT+8"
2076,La Trinidad,@BnHydn_4,6 days ago,An inspiring performance filled with grace / Mula po sa lokal ng La Trinidad,https://www.youtube.com/watch?v=ROa3kbG5M0U&lc=UgxWkQgbVY-1v11yi8B4AaABAg,UgxWkQgbVY-1v11yi8B4AaABAg,UCBGtwATEAOhJaVSd9_AsgFw,"Fetched 05/24/2026, 8:08:10 PM GMT+8"
2077,La Trinidad,@Xieee-x8v,6 days ago,Warm greetings po mula po sa Lokal ng La Trinidad! 🌸,https://www.youtube.com/watch?v=ROa3kbG5M0U&lc=UgxS6PezfJTfQ3lNxqR4AaABAg,UgxS6PezfJTfQ3lNxqR4AaABAg,UCjYF2eqO3sw4XuYBb8HsAXg,"Fetched 05/24/2026, 8:08:10 PM GMT+8"
2078,La Trinidad,@Xieee-x8v,6 days ago,"Sama-sama pong sumusuporta, mula po sa Lokal ng La Trinidad. ✨",https://www.youtube.com/watch?v=ROa3kbG5M0U&lc=UgxdirVX5YIWDwjBZx14AaABAg,UgxdirVX5YIWDwjBZx14AaABAg,UCjYF2eqO3sw4XuYBb8HsAXg,"Fetched 05/24/2026, 8:08:10 PM GMT+8"
2079,La Trinidad,@BnHydn_4,6 days ago,Tunog langit ang boses!! / MULA SA Lokal ng La Trinidad,https://www.youtube.com/watch?v=ROa3kbG5M0U&lc=UgzSPXzl8nJB5iBKkbB4AaABAg,UgzSPXzl8nJB5iBKkbB4AaABAg,UCBGtwATEAOhJaVSd9_AsgFw,"Fetched 05/24/2026, 8:08:10 PM GMT+8"
2080,La Trinidad,@Xieee-x8v,6 days ago,"We proudly support and participate, mula po sa Lokal ng La Trinidad. 💞",https://www.youtube.com/watch?v=ROa3kbG5M0U&lc=UgxzXkCpFNWHAi3hYYJ4AaABAg,UgxzXkCpFNWHAi3hYYJ4AaABAg,UCjYF2eqO3sw4XuYBb8HsAXg,"Fetched 05/24/2026, 8:08:10 PM GMT+8"
2081,La Trinidad,@BnHydn_4,6 days ago,Parang yakap sa puso ang awiting ito. happy viewing po mga kapatid  / Mula po sa lokal ng La Trinidad,https://www.youtube.com/watch?v=ROa3kbG5M0U&lc=Ugw9NgxAVOScvKwvvgt4AaABAg,Ugw9NgxAVOScvKwvvgt4AaABAg,UCBGtwATEAOhJaVSd9_AsgFw,"Fetched 05/24/2026, 8:08:10 PM GMT+8"
2082,La Trinidad,@Xieee-x8v,6 days ago,"Enjoy watching po, mula po sa Lokal ng La Trinidad! 🙌",https://www.youtube.com/watch?v=ROa3kbG5M0U&lc=Ugyb5w22oqmoLwELhLt4AaABAg,Ugyb5w22oqmoLwELhLt4AaABAg,UCjYF2eqO3sw4XuYBb8HsAXg,"Fetched 05/24/2026, 8:08:10 PM GMT+8"
2083,La Trinidad,@Xieee-x8v,6 days ago,Tuloy-tuloy po ang suporta mula po sa Lokal ng La Trinidad. 🌟,https://www.youtube.com/watch?v=ROa3kbG5M0U&lc=UgyDHIV4w6ILFY32iJ94AaABAg,UgyDHIV4w6ILFY32iJ94AaABAg,UCjYF2eqO3sw4XuYBb8HsAXg,"Fetched 05/24/2026, 8:08:10 PM GMT+8"
2084,La Trinidad,@Xieee-x8v,6 days ago,"Sending love and support, mula po sa Lokal ng La Trinidad! 🎶",https://www.youtube.com/watch?v=ROa3kbG5M0U&lc=UgzgAW8iNCFsAJnfG414AaABAg,UgzgAW8iNCFsAJnfG414AaABAg,UCjYF2eqO3sw4XuYBb8HsAXg,"Fetched 05/24/2026, 8:08:10 PM GMT+8"
2085,La Trinidad,@BnHydn_4,6 days ago,Ang ganda ng pagkakagawa mula umpisa hanggang dulo. / -La Trinidad,https://www.youtube.com/watch?v=ROa3kbG5M0U&lc=UgzAlcehNxxuD5Zgh-Z4AaABAg,UgzAlcehNxxuD5Zgh-Z4AaABAg,UCBGtwATEAOhJaVSd9_AsgFw,"Fetched 05/24/2026, 8:08:10 PM GMT+8"
2086,La Trinidad,@Xieee-x8v,6 days ago,"Happy viewing everyone, mula po sa Lokal ng La Trinidad. 💖",https://www.youtube.com/watch?v=ROa3kbG5M0U&lc=UgzlCV3SFY4VcuYKPPt4AaABAg,UgzlCV3SFY4VcuYKPPt4AaABAg,UCjYF2eqO3sw4XuYBb8HsAXg,"Fetched 05/24/2026, 8:08:10 PM GMT+8"
2087,La Trinidad,@Xieee-x8v,6 days ago,Full support po mula po sa Lokal ng La Trinidad! 💚✨,https://www.youtube.com/watch?v=ROa3kbG5M0U&lc=Ugy6UpcO-0TszEOrM9l4AaABAg,Ugy6UpcO-0TszEOrM9l4AaABAg,UCjYF2eqO3sw4XuYBb8HsAXg,"Fetched 05/24/2026, 8:08:10 PM GMT+8"
2088,La Trinidad,@BnHydn_4,6 days ago,Good morning to all brethren 🌻  / -Lokal ng La Trinidad,https://www.youtube.com/watch?v=ROa3kbG5M0U&lc=UgwTKwNmqRhEnsZwY3J4AaABAg,UgwTKwNmqRhEnsZwY3J4AaABAg,UCBGtwATEAOhJaVSd9_AsgFw,"Fetched 05/24/2026, 8:08:10 PM GMT+8"
2089,La Trinidad,@Xieee-x8v,6 days ago,Fighting spirit all the way! Mula po sa mga Binhi ng Lokal ng La Trinidad! ✨,https://www.youtube.com/watch?v=ROa3kbG5M0U&lc=UgwB6PRq1gM-s6gC1Nx4AaABAg,UgwB6PRq1gM-s6gC1Nx4AaABAg,UCjYF2eqO3sw4XuYBb8HsAXg,"Fetched 05/24/2026, 8:08:10 PM GMT+8"
2090,La Trinidad,@Xieee-x8v,6 days ago,Tuloy-tuloy lang! Nakaalalay po ang mga Binhi ng Lokal ng La Trinidad! 💚,https://www.youtube.com/watch?v=ROa3kbG5M0U&lc=Ugz9AjXRbQxBfOh_ILp4AaABAg,Ugz9AjXRbQxBfOh_ILp4AaABAg,UCjYF2eqO3sw4XuYBb8HsAXg,"Fetched 05/24/2026, 8:08:10 PM GMT+8"
2091,La Trinidad,@Xieee-x8v,6 days ago,Cheer! Cheer! Cheer! Buong suporta po mula sa mga Binhi ng Lokal ng La Trinidad! 🌟,https://www.youtube.com/watch?v=ROa3kbG5M0U&lc=UgyGeh06y-6kpdSjpit4AaABAg,UgyGeh06y-6kpdSjpit4AaABAg,UCjYF2eqO3sw4XuYBb8HsAXg,"Fetched 05/24/2026, 8:08:10 PM GMT+8"
2092,La Trinidad,@Xieee-x8v,6 days ago,Push forward and stay strong! Mula po sa mga Binhi ng Lokal ng La Trinidad! 💞,https://www.youtube.com/watch?v=ROa3kbG5M0U&lc=UgxIsvY6HSIMaR2mZ9t4AaABAg,UgxIsvY6HSIMaR2mZ9t4AaABAg,UCjYF2eqO3sw4XuYBb8HsAXg,"Fetched 05/24/2026, 8:08:10 PM GMT+8"
2093,La Trinidad,@Xieee-x8v,6 days ago,Walang bibitaw! Naka-suporta po mula sa mga Binhi ng Lokal ng La Trinidad! 🙏,https://www.youtube.com/watch?v=ROa3kbG5M0U&lc=UgyBQV9WG78ZBweWBGZ4AaABAg,UgyBQV9WG78ZBweWBGZ4AaABAg,UCjYF2eqO3sw4XuYBb8HsAXg,"Fetched 05/24/2026, 8:08:10 PM GMT+8"
2094,La Trinidad,@Xieee-x8v,6 days ago,Aja! Aja! Fighting! Mula po sa mga Binhi ng Lokal ng La Trinidad! 🌸,https://www.youtube.com/watch?v=ROa3kbG5M0U&lc=Ugz2XESssBU6YZ4jyiR4AaABAg,Ugz2XESssBU6YZ4jyiR4AaABAg,UCjYF2eqO3sw4XuYBb8HsAXg,"Fetched 05/24/2026, 8:08:10 PM GMT+8"
2095,La Trinidad,@Xieee-x8v,6 days ago,Keep it up! Keep shining! Suporta po mula sa mga Binhi ng Lokal ng La Trinidad! 💖,https://www.youtube.com/watch?v=ROa3kbG5M0U&lc=Ugw1rlbPsj4dQLPQpBF4AaABAg,Ugw1rlbPsj4dQLPQpBF4AaABAg,UCjYF2eqO3sw4XuYBb8HsAXg,"Fetched 05/24/2026, 8:08:10 PM GMT+8"
2096,La Trinidad,@Xieee-x8v,6 days ago,Todo support kami! Mula po sa mga Binhi ng Lokal ng La Trinidad! 💚✨,https://www.youtube.com/watch?v=ROa3kbG5M0U&lc=UgzOpxUmmmsaxdVJ8cl4AaABAg,UgzOpxUmmmsaxdVJ8cl4AaABAg,UCjYF2eqO3sw4XuYBb8HsAXg,"Fetched 05/24/2026, 8:08:10 PM GMT+8"
2097,La Trinidad,@Xieee-x8v,6 days ago,Galingan pa! Naka-suporta po mula sa mga Binhi ng Lokal ng La Trinidad! 🎶,https://www.youtube.com/watch?v=ROa3kbG5M0U&lc=Ugxzo6cFgzGP9K_EQcB4AaABAg,Ugxzo6cFgzGP9K_EQcB4AaABAg,UCjYF2eqO3sw4XuYBb8HsAXg,"Fetched 05/24/2026, 8:08:10 PM GMT+8"
2098,La Trinidad,@Xieee-x8v,6 days ago,Laban lang nang laban! Full support po mula sa mga Binhi ng Lokal ng La Trinidad! 💞,https://www.youtube.com/watch?v=ROa3kbG5M0U&lc=UgyQdUBSV9gDtj6twMd4AaABAg,UgyQdUBSV9gDtj6twMd4AaABAg,UCjYF2eqO3sw4XuYBb8HsAXg,"Fetched 05/24/2026, 8:08:10 PM GMT+8"
2099,La Trinidad,@Xieee-x8v,6 days ago,Cheer up and keep going! Mula po sa mga Binhi ng Lokal ng La Trinidad! 🌟,https://www.youtube.com/watch?v=ROa3kbG5M0U&lc=UgxRmQjCYmfzjEe__Cx4AaABAg,UgxRmQjCYmfzjEe__Cx4AaABAg,UCjYF2eqO3sw4XuYBb8HsAXg,"Fetched 05/24/2026, 8:08:10 PM GMT+8"
2100,La Trinidad,@Xieee-x8v,6 days ago,Push lang nang push! Nakaalalay po ang mga Binhi ng Lokal ng La Trinidad! 🙌,https://www.youtube.com/watch?v=ROa3kbG5M0U&lc=Ugy49z1tsvjdd47C2654AaABAg,Ugy49z1tsvjdd47C2654AaABAg,UCjYF2eqO3sw4XuYBb8HsAXg,"Fetched 05/24/2026, 8:08:10 PM GMT+8"
2101,La Trinidad,@Xieee-x8v,6 days ago,Kaya yan! Tuloy lang! Suporta po mula sa mga Binhi ng Lokal ng La Trinidad! 💖,https://www.youtube.com/watch?v=ROa3kbG5M0U&lc=UgzRYhC2eZAxz7G7lf14AaABAg,UgzRYhC2eZAxz7G7lf14AaABAg,UCjYF2eqO3sw4XuYBb8HsAXg,"Fetched 05/24/2026, 8:08:10 PM GMT+8"
2102,La Trinidad,@Xieee-x8v,6 days ago,Go! Go! Go! Buong suporta po mula sa mga Binhi ng Lokal ng La Trinidad! ✨,https://www.youtube.com/watch?v=ROa3kbG5M0U&lc=UgwIhYrVloB9xZ_GX014AaABAg,UgwIhYrVloB9xZ_GX014AaABAg,UCjYF2eqO3sw4XuYBb8HsAXg,"Fetched 05/24/2026, 8:08:10 PM GMT+8"
2103,La Trinidad,@Xieee-x8v,6 days ago,Fight! Fight! Fight! Naka-suporta po mula sa mga Binhi ng Lokal ng La Trinidad! 💚,https://www.youtube.com/watch?v=ROa3kbG5M0U&lc=Ugxb0RYDBlPLvU3moJp4AaABAg,Ugxb0RYDBlPLvU3moJp4AaABAg,UCjYF2eqO3sw4XuYBb8HsAXg,"Fetched 05/24/2026, 8:08:10 PM GMT+8"
2104,La Trinidad,@BnHydn_4,6 days ago,Happy viewing 🎆  / -Lokal ng La Trinidad,https://www.youtube.com/watch?v=ROa3kbG5M0U&lc=UgxCO1iiRjDqgN-3r0l4AaABAg,UgxCO1iiRjDqgN-3r0l4AaABAg,UCBGtwATEAOhJaVSd9_AsgFw,"Fetched 05/24/2026, 8:08:10 PM GMT+8"
2105,La Trinidad,@axeliee-m5u,6 days ago,"Together in support and happiness, mula po sa mga Binhi ng Lokal ng La Trinidad. 🙌💚",https://www.youtube.com/watch?v=ROa3kbG5M0U&lc=Ugx7Ma52GN4FHwfD9b14AaABAg,Ugx7Ma52GN4FHwfD9b14AaABAg,UCxjmGS0yLlCMs4Fe-AqbHFw,"Fetched 05/24/2026, 8:08:10 PM GMT+8"
2106,La Trinidad,@axeliee-m5u,6 days ago,"Masayang pakikiisa pu, mula po sa mga Binhi ng Lokal ng La Trinidad! 🎶",https://www.youtube.com/watch?v=ROa3kbG5M0U&lc=UgzY2MOKdFeHx23-u8x4AaABAg,UgzY2MOKdFeHx23-u8x4AaABAg,UCxjmGS0yLlCMs4Fe-AqbHFw,"Fetched 05/24/2026, 8:08:10 PM GMT+8"
2107,La Trinidad,@axeliee-m5u,6 days ago,"Naragsak a suporta, mula po sa mga Binhi ng Lokal ng La Trinidad! 💞",https://www.youtube.com/watch?v=ROa3kbG5M0U&lc=UgyqN_RocrS_K8jH5rR4AaABAg,UgyqN_RocrS_K8jH5rR4AaABAg,UCxjmGS0yLlCMs4Fe-AqbHFw,"Fetched 05/24/2026, 8:08:10 PM GMT+8"
2108,La Trinidad,@Bnhydn_5,6 days ago,Good morning po Mula po sa lokal ng La Trinidad,https://www.youtube.com/watch?v=ROa3kbG5M0U&lc=UgyQe_Tnl_o5qAkGzLh4AaABAg,UgyQe_Tnl_o5qAkGzLh4AaABAg,UCFHEYFlsmd9j3CJVNeyyLqw,"Fetched 05/24/2026, 8:08:10 PM GMT+8"
2109,La Trinidad,@axeliee-m5u,6 days ago,"Avec amour et soutien, mula po sa mga Binhi ng Lokal ng La Trinidad. ✨",https://www.youtube.com/watch?v=ROa3kbG5M0U&lc=UgwEhhegagoi3zcufc54AaABAg,UgwEhhegagoi3zcufc54AaABAg,UCxjmGS0yLlCMs4Fe-AqbHFw,"Fetched 05/24/2026, 8:08:10 PM GMT+8"
2110,La Trinidad,@axeliee-m5u,6 days ago,"Naragsak a suporta, mula po sa mga Binhi ng Lokal ng La Trinidad! 💞",https://www.youtube.com/watch?v=ROa3kbG5M0U&lc=UgxLOLkaxsBaPbsJq0B4AaABAg,UgxLOLkaxsBaPbsJq0B4AaABAg,UCxjmGS0yLlCMs4Fe-AqbHFw,"Fetched 05/24/2026, 8:08:10 PM GMT+8"
2111,La Trinidad,@axeliee-m5u,6 days ago,"Stay inspired and united, mula po sa mga Binhi ng Lokal ng La Trinidad. 💚✨",https://www.youtube.com/watch?v=ROa3kbG5M0U&lc=UgyV7PUqUCMmDdRKTS14AaABAg,UgyV7PUqUCMmDdRKTS14AaABAg,UCxjmGS0yLlCMs4Fe-AqbHFw,"Fetched 05/24/2026, 8:08:10 PM GMT+8"
2112,La Trinidad,@Bnhydn_5,6 days ago,Napaka-inspiring at nakakaangat ng loob. Mula po sa lokal ng La Trinidad,https://www.youtube.com/watch?v=ROa3kbG5M0U&lc=UgzRsJKKbdFuX-OCtIR4AaABAg,UgzRsJKKbdFuX-OCtIR4AaABAg,UCFHEYFlsmd9j3CJVNeyyLqw,"Fetched 05/24/2026, 8:08:10 PM GMT+8"
2113,La Trinidad,@axeliee-m5u,6 days ago,"Happy hearts and full support, mula po sa mga Binhi ng Lokal ng La Trinidad! 🌟",https://www.youtube.com/watch?v=ROa3kbG5M0U&lc=UgxTFaNvMOakU1c6lUl4AaABAg,UgxTFaNvMOakU1c6lUl4AaABAg,UCxjmGS0yLlCMs4Fe-AqbHFw,"Fetched 05/24/2026, 8:08:10 PM GMT+8"
2114,La Trinidad,@axeliee-m5u,6 days ago,"Sama-sama po sa pakikiisa, mula po sa mga Binhi ng Lokal ng La Trinidad. 💞",https://www.youtube.com/watch?v=ROa3kbG5M0U&lc=UgzUKgb89xjydMA9fZB4AaABAg,UgzUKgb89xjydMA9fZB4AaABAg,UCxjmGS0yLlCMs4Fe-AqbHFw,"Fetched 05/24/2026, 8:08:10 PM GMT+8"
2115,La Trinidad,@axeliee-m5u,6 days ago,"Full of positivity and support, mula po sa mga Binhi ng Lokal ng La Trinidad! 🌸",https://www.youtube.com/watch?v=ROa3kbG5M0U&lc=UgyBUKro9dqFkwCM2td4AaABAg,UgyBUKro9dqFkwCM2td4AaABAg,UCxjmGS0yLlCMs4Fe-AqbHFw,"Fetched 05/24/2026, 8:08:10 PM GMT+8"
2116,La Trinidad,@Bnhydn_5,6 days ago,Ramdam na ramdam ang mensahe ng pananampalataya. Mula po sa lokal ng La Trinidad,https://www.youtube.com/watch?v=ROa3kbG5M0U&lc=Ugx7toQxQBmTM94DV1B4AaABAg,Ugx7toQxQBmTM94DV1B4AaABAg,UCFHEYFlsmd9j3CJVNeyyLqw,"Fetched 05/24/2026, 8:08:10 PM GMT+8"
2117,La Trinidad,@axeliee-m5u,6 days ago,"Kaisa po ninyo sa pagsuporta, mula po sa mga Binhi ng Lokal ng La Trinidad. 🙏",https://www.youtube.com/watch?v=ROa3kbG5M0U&lc=UgzfOJQG0EU7bG1CyER4AaABAg,UgzfOJQG0EU7bG1CyER4AaABAg,UCxjmGS0yLlCMs4Fe-AqbHFw,"Fetched 05/24/2026, 8:08:10 PM GMT+8"
2118,La Trinidad,@axeliee-m5u,6 days ago,"Sending cheerful vibes, mula po sa mga Binhi ng Lokal ng La Trinidad! 💖",https://www.youtube.com/watch?v=ROa3kbG5M0U&lc=Ugz1aXLQrmsxR_WZ0St4AaABAg,Ugz1aXLQrmsxR_WZ0St4AaABAg,UCxjmGS0yLlCMs4Fe-AqbHFw,"Fetched 05/24/2026, 8:08:10 PM GMT+8"
2119,La Trinidad,@Bnhydn_5,6 days ago,Napakagandang paraan para ipalaganap ang salita ng Diyos. Mula po sa lokal ng La Trinidad,https://www.youtube.com/watch?v=ROa3kbG5M0U&lc=UgyMn7GI0MWN2tFNf1N4AaABAg,UgyMn7GI0MWN2tFNf1N4AaABAg,UCFHEYFlsmd9j3CJVNeyyLqw,"Fetched 05/24/2026, 8:08:10 PM GMT+8"
2120,La Trinidad,@axeliee-m5u,6 days ago,"Watching with joy and unity, mula po sa mga Binhi ng Lokal ng La Trinidad. 🎵",https://www.youtube.com/watch?v=ROa3kbG5M0U&lc=Ugx96MAxPY8gBj9q3mh4AaABAg,Ugx96MAxPY8gBj9q3mh4AaABAg,UCxjmGS0yLlCMs4Fe-AqbHFw,"Fetched 05/24/2026, 8:08:10 PM GMT+8"
2121,La Trinidad,@Bnhydn_5,6 days ago,Bawat liriko ay puno ng pag-asa at pananampalataya. Mula po sa lokal ng La Trinidad,https://www.youtube.com/watch?v=ROa3kbG5M0U&lc=UgzzBEkW2cDUi6kH5XR4AaABAg,UgzzBEkW2cDUi6kH5XR4AaABAg,UCFHEYFlsmd9j3CJVNeyyLqw,"Fetched 05/24/2026, 8:08:10 PM GMT+8"
2122,La Trinidad,@axeliee-m5u,6 days ago,Warm greetings po mula po sa mga Binhi ng Lokal ng La Trinidad. ✨,https://www.youtube.com/watch?v=ROa3kbG5M0U&lc=UgyVxvSf5PuKXUMjLvt4AaABAg,UgyVxvSf5PuKXUMjLvt4AaABAg,UCxjmGS0yLlCMs4Fe-AqbHFw,"Fetched 05/24/2026, 8:08:10 PM GMT+8"
2123,La Trinidad,@axeliee-m5u,6 days ago,"Keep shining and supporting, mula po sa mga Binhi ng Lokal ng La Trinidad! 💚",https://www.youtube.com/watch?v=ROa3kbG5M0U&lc=UgwfS7Wf5ntRWqc3rMh4AaABAg,UgwfS7Wf5ntRWqc3rMh4AaABAg,UCxjmGS0yLlCMs4Fe-AqbHFw,"Fetched 05/24/2026, 8:08:10 PM GMT+8"
2124,La Trinidad,@Bnhydn_5,6 days ago,Napakapayapa pakinggan. Mula po sa lokal ng La Trinidad.,https://www.youtube.com/watch?v=ROa3kbG5M0U&lc=Ugy9pwpRcoLBjVgDdD14AaABAg,Ugy9pwpRcoLBjVgDdD14AaABAg,UCFHEYFlsmd9j3CJVNeyyLqw,"Fetched 05/24/2026, 8:08:10 PM GMT+8"
2125,La Trinidad,@axeliee-m5u,6 days ago,"Proudly supporting together, mula po sa mga Binhi ng Lokal ng La Trinidad. 💞",https://www.youtube.com/watch?v=ROa3kbG5M0U&lc=UgzLIbJJnbrfxVfttcR4AaABAg,UgzLIbJJnbrfxVfttcR4AaABAg,UCxjmGS0yLlCMs4Fe-AqbHFw,"Fetched 05/24/2026, 8:08:10 PM GMT+8"
2126,La Trinidad,@axeliee-m5u,6 days ago,"Enjoy watching po, mula po sa mga Binhi ng Lokal ng La Trinidad! 🙌",https://www.youtube.com/watch?v=ROa3kbG5M0U&lc=Ugz-RsgoqxrNdWY8o854AaABAg,Ugz-RsgoqxrNdWY8o854AaABAg,UCxjmGS0yLlCMs4Fe-AqbHFw,"Fetched 05/24/2026, 8:08:10 PM GMT+8"
2127,La Trinidad,@BnHydn_4,6 days ago,Napakagandang paraan para ipalaganap ang salita ng Diyos. Mula po sa lokal ng La Trinidad,https://www.youtube.com/watch?v=ROa3kbG5M0U&lc=UgxHscgw65O93U6FcpF4AaABAg,UgxHscgw65O93U6FcpF4AaABAg,UCBGtwATEAOhJaVSd9_AsgFw,"Fetched 05/24/2026, 8:08:10 PM GMT+8"
2128,La Trinidad,@axeliee-m5u,6 days ago,Tuloy-tuloy po ang suporta mula po sa mga Binhi ng Lokal ng La Trinidad. 🌟,https://www.youtube.com/watch?v=ROa3kbG5M0U&lc=Ugzhgbj3J5XHB5kDWw54AaABAg,Ugzhgbj3J5XHB5kDWw54AaABAg,UCxjmGS0yLlCMs4Fe-AqbHFw,"Fetched 05/24/2026, 8:08:10 PM GMT+8"
2129,La Trinidad,@axeliee-m5u,6 days ago,"Sending love and support, mula po sa mga Binhi ng Lokal ng La Trinidad! 🎶",https://www.youtube.com/watch?v=ROa3kbG5M0U&lc=UgyReu9BxW779PbT6ex4AaABAg,UgyReu9BxW779PbT6ex4AaABAg,UCxjmGS0yLlCMs4Fe-AqbHFw,"Fetched 05/24/2026, 8:08:10 PM GMT+8"
2130,La Trinidad,@axeliee-m5u,6 days ago,"Happy viewing everyone, mula po sa mga Binhi ng Lokal ng La Trinidad. 💖",https://www.youtube.com/watch?v=ROa3kbG5M0U&lc=Ugxlq9Vx1nQk-5QqOY54AaABAg,Ugxlq9Vx1nQk-5QqOY54AaABAg,UCxjmGS0yLlCMs4Fe-AqbHFw,"Fetched 05/24/2026, 8:08:10 PM GMT+8"
2131,La Trinidad,@axeliee-m5u,6 days ago,Full support po mula po sa mga Binhi ng Lokal ng La Trinidad! 💚✨,https://www.youtube.com/watch?v=ROa3kbG5M0U&lc=UgzM97kag-w-2NmH-Dx4AaABAg,UgzM97kag-w-2NmH-Dx4AaABAg,UCxjmGS0yLlCMs4Fe-AqbHFw,"Fetched 05/24/2026, 8:08:10 PM GMT+8"
2132,La Trinidad,@BnHydn_4,6 days ago,Never ending support Mula po sa lokal ng La Trinidad. Happy viewing po!!,https://www.youtube.com/watch?v=ROa3kbG5M0U&lc=UgyLC3OCqIju0moSU8J4AaABAg,UgyLC3OCqIju0moSU8J4AaABAg,UCBGtwATEAOhJaVSd9_AsgFw,"Fetched 05/24/2026, 8:08:10 PM GMT+8"
2133,La Trinidad,@BnHydn_4,6 days ago,❤ Good day brethren 🌻  / Nanonood mula sa lokal ng La Trinidad,https://www.youtube.com/watch?v=ROa3kbG5M0U&lc=Ugx9duy_B58ZHeKC0p14AaABAg,Ugx9duy_B58ZHeKC0p14AaABAg,UCBGtwATEAOhJaVSd9_AsgFw,"Fetched 05/24/2026, 8:08:10 PM GMT+8"
2134,La Trinidad,@BnHydn_4,6 days ago,#INCMV / #BENGUETONTOP / -Lokal ng La Trinidad,https://www.youtube.com/watch?v=ROa3kbG5M0U&lc=UgwZenAu3GzglAppI514AaABAg,UgwZenAu3GzglAppI514AaABAg,UCBGtwATEAOhJaVSd9_AsgFw,"Fetched 05/24/2026, 8:08:10 PM GMT+8"
2135,La Trinidad,@BnHydn_4,6 days ago,Let's go Benguet ♥️  / -Lokal ng La Trinidad,https://www.youtube.com/watch?v=ROa3kbG5M0U&lc=UgzlIWXJq1XkZxDdscJ4AaABAg,UgzlIWXJq1XkZxDdscJ4AaABAg,UCBGtwATEAOhJaVSd9_AsgFw,"Fetched 05/24/2026, 8:08:10 PM GMT+8"
2136,La Trinidad,@wilsonorden3078,6 days ago,Mula po dito sa Lokal ng La Trinidad Distrito ng Benguet kung saan napakagwapo ng destinado namin Ka Kenner Bokilis...Happy viewing po sa inyo mga kapatid..,https://www.youtube.com/watch?v=ROa3kbG5M0U&lc=Ugz3xzb8MdqA5CHJcpR4AaABAg,Ugz3xzb8MdqA5CHJcpR4AaABAg,UCPXrr4ekuALBD-cOkY9U_gA,"Fetched 05/24/2026, 8:08:10 PM GMT+8"
2137,La Trinidad,@axeliee-m5u,6 days ago,Happy viewing po mula sa Lokal ng La Trinidad 🥀,https://www.youtube.com/watch?v=ROa3kbG5M0U&lc=Ugy-1n3wRFovRntbvtp4AaABAg,Ugy-1n3wRFovRntbvtp4AaABAg,UCxjmGS0yLlCMs4Fe-AqbHFw,"Fetched 05/24/2026, 8:08:10 PM GMT+8"
2138,La Trinidad,@BnHydn_4,6 days ago,This music speaks directly to the soul. Mula po sa lokal ng La Trinidad,https://www.youtube.com/watch?v=ROa3kbG5M0U&lc=Ugz4RuUD3znzywd5rgt4AaABAg,Ugz4RuUD3znzywd5rgt4AaABAg,UCBGtwATEAOhJaVSd9_AsgFw,"Fetched 05/24/2026, 8:08:10 PM GMT+8"
2139,La Trinidad,@BnHydn_4,6 days ago,Let's go Benguet ♥️  / -Lokal ng La Trinidad,https://www.youtube.com/watch?v=ROa3kbG5M0U&lc=Ugwfpgf55M3fCazDQVp4AaABAg,Ugwfpgf55M3fCazDQVp4AaABAg,UCBGtwATEAOhJaVSd9_AsgFw,"Fetched 05/24/2026, 8:08:10 PM GMT+8"
2140,La Trinidad,@PELITANJennyClaireT,6 days ago,Masayang araw at panonood po. Pagbati mula sa lokal ng La Trinidadd🍓.,https://www.youtube.com/watch?v=ROa3kbG5M0U&lc=UgxiYWe0z1vynhZC-oh4AaABAg,UgxiYWe0z1vynhZC-oh4AaABAg,UCsVZgGkRnNqeIIOLxHiFR7A,"Fetched 05/24/2026, 8:08:10 PM GMT+8"
2141,La Trinidad,@PELITANJennyClaireT,6 days ago,"Benguet fighttt. Let's go, Benguet🎉 / - La Trinidad",https://www.youtube.com/watch?v=ROa3kbG5M0U&lc=UgzaUZ5_cPQsjfKPQa54AaABAg,UgzaUZ5_cPQsjfKPQa54AaABAg,UCsVZgGkRnNqeIIOLxHiFR7A,"Fetched 05/24/2026, 8:08:10 PM GMT+8"
2142,La Trinidad,@PELITANJennyClaireT,6 days ago,Go Benguet!! 🍓🍓 / - La Trinidad,https://www.youtube.com/watch?v=ROa3kbG5M0U&lc=UgwM8zt0lcmkSzP8mDt4AaABAg,UgwM8zt0lcmkSzP8mDt4AaABAg,UCsVZgGkRnNqeIIOLxHiFR7A,"Fetched 05/24/2026, 8:08:10 PM GMT+8"
2143,La Trinidad,@PELITANJennyClaireT,6 days ago,Truly a heart-touching song 🫶. / - La Trinidad,https://www.youtube.com/watch?v=ROa3kbG5M0U&lc=UgzJDzA50HRvZqzFYo94AaABAg,UgzJDzA50HRvZqzFYo94AaABAg,UCsVZgGkRnNqeIIOLxHiFR7A,"Fetched 05/24/2026, 8:08:10 PM GMT+8"
2144,La Trinidad,@PELITANJennyClaireT,6 days ago,Happy viewingggg po sa lahattt 🎉 / - La Trinidad,https://www.youtube.com/watch?v=ROa3kbG5M0U&lc=UgyMgo2ahtSn0vFnkrd4AaABAg,UgyMgo2ahtSn0vFnkrd4AaABAg,UCsVZgGkRnNqeIIOLxHiFR7A,"Fetched 05/24/2026, 8:08:10 PM GMT+8"
2145,La Trinidad,@PELITANJennyClaireT,6 days ago,Benguet gooo🎉 / - La Trinidad,https://www.youtube.com/watch?v=ROa3kbG5M0U&lc=UgyzMKlwC8yDbpnyKIB4AaABAg,UgyzMKlwC8yDbpnyKIB4AaABAg,UCsVZgGkRnNqeIIOLxHiFR7A,"Fetched 05/24/2026, 8:08:10 PM GMT+8"
2146,La Trinidad,@PELITANJennyClaireT,6 days ago,Maligayang panonood poo. / - La Trinidad,https://www.youtube.com/watch?v=ROa3kbG5M0U&lc=UgyTP9_xuJtRTiX1lPV4AaABAg,UgyTP9_xuJtRTiX1lPV4AaABAg,UCsVZgGkRnNqeIIOLxHiFR7A,"Fetched 05/24/2026, 8:08:10 PM GMT+8"
2147,La Trinidad,@PELITANJennyClaireT,6 days ago,Naimbag nga agsapaaa. Naimbag nga panagbuya 🎦. / - La Trinidad,https://www.youtube.com/watch?v=ROa3kbG5M0U&lc=Ugx1LsSAcW3-ZwBfUnF4AaABAg,Ugx1LsSAcW3-ZwBfUnF4AaABAg,UCsVZgGkRnNqeIIOLxHiFR7A,"Fetched 05/24/2026, 8:08:10 PM GMT+8"
2148,La Trinidad,@BnHydn,6 days ago,Tunog langit ang boses!! / MULA SA Lokal ng La Trinidad,https://www.youtube.com/watch?v=ROa3kbG5M0U&lc=Ugycz7HEALqBetDNaNZ4AaABAg,Ugycz7HEALqBetDNaNZ4AaABAg,UCbVqbfs9vjTS-hPNArDNcFQ,"Fetched 05/24/2026, 8:08:10 PM GMT+8"
2149,La Trinidad,@BnHydn,6 days ago,Parang yakap sa puso ang awiting ito. happy viewing po mga kapatid  / Mula po sa lokal ng La Trinidad,https://www.youtube.com/watch?v=ROa3kbG5M0U&lc=UgzsvKyQ8MdlcIQSeD14AaABAg,UgzsvKyQ8MdlcIQSeD14AaABAg,UCbVqbfs9vjTS-hPNArDNcFQ,"Fetched 05/24/2026, 8:08:10 PM GMT+8"
2150,La Trinidad,@BnHydn,6 days ago,Ang ganda ng pagkakagawa mula umpisa hanggang dulo. / -La Trinidad,https://www.youtube.com/watch?v=ROa3kbG5M0U&lc=UgzhRDDEeczOnbp2BQp4AaABAg,UgzhRDDEeczOnbp2BQp4AaABAg,UCbVqbfs9vjTS-hPNArDNcFQ,"Fetched 05/24/2026, 8:08:10 PM GMT+8"
2151,La Trinidad,@BnHydn,6 days ago,Good morning to all brethren 🌄 Watching and supporting from Locale of La Trinidad.🎉,https://www.youtube.com/watch?v=ROa3kbG5M0U&lc=UgzE7HUf1R02AE7gXox4AaABAg,UgzE7HUf1R02AE7gXox4AaABAg,UCbVqbfs9vjTS-hPNArDNcFQ,"Fetched 05/24/2026, 8:08:10 PM GMT+8"
2152,La Trinidad,@BnHydn,6 days ago,Ang ganda ng mensahe at napakalinis ng pagkakagawa. Mula po sa lokal ng La Trinidad,https://www.youtube.com/watch?v=ROa3kbG5M0U&lc=UgxbZ4pZufta0jw6uRF4AaABAg,UgxbZ4pZufta0jw6uRF4AaABAg,UCbVqbfs9vjTS-hPNArDNcFQ,"Fetched 05/24/2026, 8:08:10 PM GMT+8"
2153,La Trinidad,@BnHydn,6 days ago,Parang biyaya sa pandinig ang kantang ito. Mula po sa lokal ng La Trinidad,https://www.youtube.com/watch?v=ROa3kbG5M0U&lc=UgzynWFZSyPlwUQOC2l4AaABAg,UgzynWFZSyPlwUQOC2l4AaABAg,UCbVqbfs9vjTS-hPNArDNcFQ,"Fetched 05/24/2026, 8:08:10 PM GMT+8"
2154,La Trinidad,@BnHydn,6 days ago,Napaka-inspiring at nakakaangat ng loob. Mula po sa lokal ng La Trinidad,https://www.youtube.com/watch?v=ROa3kbG5M0U&lc=UgzXHcJTpLwExyJ0tR54AaABAg,UgzXHcJTpLwExyJ0tR54AaABAg,UCbVqbfs9vjTS-hPNArDNcFQ,"Fetched 05/24/2026, 8:08:10 PM GMT+8"
2155,La Trinidad,@BnHydn,6 days ago,Ramdam na ramdam ang mensahe ng pananampalataya. Mula po sa lokal ng La Trinidad,https://www.youtube.com/watch?v=ROa3kbG5M0U&lc=UgwEhmWa9wLzTaKuuSl4AaABAg,UgwEhmWa9wLzTaKuuSl4AaABAg,UCbVqbfs9vjTS-hPNArDNcFQ,"Fetched 05/24/2026, 8:08:10 PM GMT+8"
2156,La Trinidad,@BnHydn,6 days ago,Napakagandang paraan para ipalaganap ang salita ng Diyos. Mula po sa lokal ng La Trinidad,https://www.youtube.com/watch?v=ROa3kbG5M0U&lc=UgwgdZ6QreQzEb2xWnJ4AaABAg,UgwgdZ6QreQzEb2xWnJ4AaABAg,UCbVqbfs9vjTS-hPNArDNcFQ,"Fetched 05/24/2026, 8:08:10 PM GMT+8"
2157,La Trinidad,@BnHydn,6 days ago,Bawat liriko ay puno ng pag-asa at pananampalataya. Mula po sa lokal ng La Trinidad,https://www.youtube.com/watch?v=ROa3kbG5M0U&lc=Ugxc_9fJQUCcow69hpR4AaABAg,Ugxc_9fJQUCcow69hpR4AaABAg,UCbVqbfs9vjTS-hPNArDNcFQ,"Fetched 05/24/2026, 8:08:10 PM GMT+8"
2158,La Trinidad,@BnHydn,6 days ago,Napakapayapa pakinggan. Mula po sa lokal ng La Trinidad.,https://www.youtube.com/watch?v=ROa3kbG5M0U&lc=Ugw5RrM_b2e-gR1Flmt4AaABAg,Ugw5RrM_b2e-gR1Flmt4AaABAg,UCbVqbfs9vjTS-hPNArDNcFQ,"Fetched 05/24/2026, 8:08:10 PM GMT+8"
2159,La Trinidad,@BnHydn,6 days ago,"Happ watching mga kapatid 👋 Keeping the support Mula po sa lokal ng La Trinidad, Kapisanang BINHI ‼️💯",https://www.youtube.com/watch?v=ROa3kbG5M0U&lc=UgxymuRApaAZSwlwtdh4AaABAg,UgxymuRApaAZSwlwtdh4AaABAg,UCbVqbfs9vjTS-hPNArDNcFQ,"Fetched 05/24/2026, 8:08:10 PM GMT+8"
2160,La Trinidad,@BnHydn_4,6 days ago,Fight Benguet ♥️  / -Let's go La Trinidad,https://www.youtube.com/watch?v=ROa3kbG5M0U&lc=UgzTKZt_Yhw0vB95lrN4AaABAg,UgzTKZt_Yhw0vB95lrN4AaABAg,UCBGtwATEAOhJaVSd9_AsgFw,"Fetched 05/24/2026, 8:08:10 PM GMT+8"
2161,La Trinidad,@BnHydn_4,6 days ago,Let's go Benguet ♥️  / -Lokal ng La Trinidad,https://www.youtube.com/watch?v=ROa3kbG5M0U&lc=UgzwNzYWEE1Jj1e_bHB4AaABAg,UgzwNzYWEE1Jj1e_bHB4AaABAg,UCBGtwATEAOhJaVSd9_AsgFw,"Fetched 05/24/2026, 8:08:10 PM GMT+8"
2162,La Trinidad,@BnHydn_4,6 days ago,Binhi watchers here 👋  / -Lokal ng La Trinidad,https://www.youtube.com/watch?v=ROa3kbG5M0U&lc=Ugz9-lbGoZI0uRL2Add4AaABAg,Ugz9-lbGoZI0uRL2Add4AaABAg,UCBGtwATEAOhJaVSd9_AsgFw,"Fetched 05/24/2026, 8:08:10 PM GMT+8"
2163,La Trinidad,@BnHydn_4,6 days ago,"A masterpiece that glorifies God beautifully.  / -Lokal ng La Trinidad, Fully supporting",https://www.youtube.com/watch?v=ROa3kbG5M0U&lc=UgzeGFGXUQJqREQ-crx4AaABAg,UgzeGFGXUQJqREQ-crx4AaABAg,UCBGtwATEAOhJaVSd9_AsgFw,"Fetched 05/24/2026, 8:08:10 PM GMT+8"
2164,La Trinidad,@BnHydn_4,6 days ago,Tunog langit ang boses!! / MULA SA Lokal ng La Trinidad,https://www.youtube.com/watch?v=ROa3kbG5M0U&lc=UgzfwdpJdYb9OznCrGZ4AaABAg,UgzfwdpJdYb9OznCrGZ4AaABAg,UCBGtwATEAOhJaVSd9_AsgFw,"Fetched 05/24/2026, 8:08:10 PM GMT+8"
2165,La Trinidad,@BnHydn_4,6 days ago,An inspiring performance filled with grace / Mula po sa lokal ng La Trinidad,https://www.youtube.com/watch?v=ROa3kbG5M0U&lc=Ugz2aMYjQE-3X9HO6IR4AaABAg,Ugz2aMYjQE-3X9HO6IR4AaABAg,UCBGtwATEAOhJaVSd9_AsgFw,"Fetched 05/24/2026, 8:08:10 PM GMT+8"
2166,La Trinidad,@BnHydn_4,6 days ago,Tunog langit ang boses!! / MULA SA Lokal ng La Trinidad,https://www.youtube.com/watch?v=ROa3kbG5M0U&lc=Ugx23IpJ-c4gx4uRc4B4AaABAg,Ugx23IpJ-c4gx4uRc4B4AaABAg,UCBGtwATEAOhJaVSd9_AsgFw,"Fetched 05/24/2026, 8:08:10 PM GMT+8"
2167,La Trinidad,@BnHydn_4,6 days ago,Parang yakap sa puso ang awiting ito. happy viewing po mga kapatid  / Mula po sa lokal ng La Trinidad,https://www.youtube.com/watch?v=ROa3kbG5M0U&lc=UgxIXLVUJlg5cB3AsER4AaABAg,UgxIXLVUJlg5cB3AsER4AaABAg,UCBGtwATEAOhJaVSd9_AsgFw,"Fetched 05/24/2026, 8:08:10 PM GMT+8"
2168,La Trinidad,@BnHydn_4,6 days ago,Napakagandang paraan para ipalaganap ang salita ng Diyos. Mula po sa lokal ng La Trinidad,https://www.youtube.com/watch?v=ROa3kbG5M0U&lc=UgyUCE9MsDElYpKaK8B4AaABAg,UgyUCE9MsDElYpKaK8B4AaABAg,UCBGtwATEAOhJaVSd9_AsgFw,"Fetched 05/24/2026, 8:08:10 PM GMT+8"
2169,La Trinidad,@BnHydn_4,6 days ago,Bawat liriko ay puno ng pag-asa at pananampalataya. Mula po sa lokal ng La Trinidad,https://www.youtube.com/watch?v=ROa3kbG5M0U&lc=UgySLnZMS6JFK1HdMUp4AaABAg,UgySLnZMS6JFK1HdMUp4AaABAg,UCBGtwATEAOhJaVSd9_AsgFw,"Fetched 05/24/2026, 8:08:10 PM GMT+8"
2170,La Trinidad,@BnHydn_4,6 days ago,Napakapayapa pakinggan. Mula po sa lokal ng La Trinidad.,https://www.youtube.com/watch?v=ROa3kbG5M0U&lc=UgyOhJj9eFQtcI1uSTF4AaABAg,UgyOhJj9eFQtcI1uSTF4AaABAg,UCBGtwATEAOhJaVSd9_AsgFw,"Fetched 05/24/2026, 8:08:10 PM GMT+8"
2171,La Trinidad,@BnHydn_4,6 days ago,Talagang mararamdaman mo ang presensya ng Diyos. Mula po sa lokal ng La Trinidad.,https://www.youtube.com/watch?v=ROa3kbG5M0U&lc=UgzZgEz9MnCBqaoYzI14AaABAg,UgzZgEz9MnCBqaoYzI14AaABAg,UCBGtwATEAOhJaVSd9_AsgFw,"Fetched 05/24/2026, 8:08:10 PM GMT+8"
2172,La Trinidad,@BnHydn_4,6 days ago,Ang ganda ng mensahe at napakalinis ng pagkakagawa. Mula po sa lokal ng La Trinidad,https://www.youtube.com/watch?v=ROa3kbG5M0U&lc=Ugww9fYaH7G9ndr5eDF4AaABAg,Ugww9fYaH7G9ndr5eDF4AaABAg,UCBGtwATEAOhJaVSd9_AsgFw,"Fetched 05/24/2026, 8:08:10 PM GMT+8"
2173,La Trinidad,@BnHydn_4,6 days ago,Let's go Benguet ♥️  / Let's go La Trinidad ❤,https://www.youtube.com/watch?v=ROa3kbG5M0U&lc=UgwLZbg3Dq6Ad_g4QyJ4AaABAg,UgwLZbg3Dq6Ad_g4QyJ4AaABAg,UCBGtwATEAOhJaVSd9_AsgFw,"Fetched 05/24/2026, 8:08:10 PM GMT+8"
2174,La Trinidad,@BnHydn_4,6 days ago,Parang biyaya sa pandinig ang kantang ito. Mula po sa lokal ng La Trinidad,https://www.youtube.com/watch?v=ROa3kbG5M0U&lc=UgzKHOqnmdSe_i4DSGp4AaABAg,UgzKHOqnmdSe_i4DSGp4AaABAg,UCBGtwATEAOhJaVSd9_AsgFw,"Fetched 05/24/2026, 8:08:10 PM GMT+8"
2175,La Trinidad,@BnHydn_4,6 days ago,Napaka-inspiring at nakakaangat ng loob. Mula po sa lokal ng La Trinidad,https://www.youtube.com/watch?v=ROa3kbG5M0U&lc=UgxeIBNwVNIf22WRhNZ4AaABAg,UgxeIBNwVNIf22WRhNZ4AaABAg,UCBGtwATEAOhJaVSd9_AsgFw,"Fetched 05/24/2026, 8:08:10 PM GMT+8"
2176,La Trinidad,@BnHydn_4,6 days ago,Ramdam na ramdam ang mensahe ng pananampalataya. Mula po sa lokal ng La Trinidad,https://www.youtube.com/watch?v=ROa3kbG5M0U&lc=UgzqzLVwJ1Quwv1RWJJ4AaABAg,UgzqzLVwJ1Quwv1RWJJ4AaABAg,UCBGtwATEAOhJaVSd9_AsgFw,"Fetched 05/24/2026, 8:08:10 PM GMT+8"
2177,La Trinidad,@BnHydn_4,6 days ago,Ang ganda ng pagkakagawa mula umpisa hanggang dulo. / -La Trinidad,https://www.youtube.com/watch?v=ROa3kbG5M0U&lc=UgzbWGgO7YmHrv3mYEF4AaABAg,UgzbWGgO7YmHrv3mYEF4AaABAg,UCBGtwATEAOhJaVSd9_AsgFw,"Fetched 05/24/2026, 8:08:10 PM GMT+8"
2178,La Trinidad,@BnHydn_4,6 days ago,Ang ganda ng pagkakagawa mula umpisa hanggang dulo. / -La Trinidad,https://www.youtube.com/watch?v=ROa3kbG5M0U&lc=UgwHFnus_ofLxp6ZhT14AaABAg,UgwHFnus_ofLxp6ZhT14AaABAg,UCBGtwATEAOhJaVSd9_AsgFw,"Fetched 05/24/2026, 8:08:10 PM GMT+8"
2179,La Trinidad,@BnHydn_4,6 days ago,Napakapowerful ng mensahe / -Mula sa lokal ng La Trinidad,https://www.youtube.com/watch?v=ROa3kbG5M0U&lc=UgwTHf4YaMzaUY-YCyZ4AaABAg,UgwTHf4YaMzaUY-YCyZ4AaABAg,UCBGtwATEAOhJaVSd9_AsgFw,"Fetched 05/24/2026, 8:08:10 PM GMT+8"
2180,La Trinidad,@BnHydn_4,6 days ago,Kuhang-kuha ang nota🎵 / Go Benguet  / -La Trinidad,https://www.youtube.com/watch?v=ROa3kbG5M0U&lc=UgwOtJDtTdWA9CxT9B54AaABAg,UgwOtJDtTdWA9CxT9B54AaABAg,UCBGtwATEAOhJaVSd9_AsgFw,"Fetched 05/24/2026, 8:08:10 PM GMT+8"
2181,La Trinidad,@BnHydn_4,6 days ago,‎Nakakagaan ng pakiramdam ang kantang ito!☀️ Mula po sa lokal ng La Trinidad,https://www.youtube.com/watch?v=ROa3kbG5M0U&lc=UgyD1fuVa-gB1TY4r3t4AaABAg,UgyD1fuVa-gB1TY4r3t4AaABAg,UCBGtwATEAOhJaVSd9_AsgFw,"Fetched 05/24/2026, 8:08:10 PM GMT+8"
2182,La Trinidad,@BnHydn_4,6 days ago,"Binhi, Let's go. Happy viewing mula po sa lokal ng La Trinidad",https://www.youtube.com/watch?v=ROa3kbG5M0U&lc=UgwGzQ_G8qMn8UV1Ci94AaABAg,UgwGzQ_G8qMn8UV1Ci94AaABAg,UCBGtwATEAOhJaVSd9_AsgFw,"Fetched 05/24/2026, 8:08:10 PM GMT+8"
2183,La Trinidad,@BnHydn_4,6 days ago,Napakaganda ng overall production!! / -Mula sa lokal ng La Trinidad,https://www.youtube.com/watch?v=ROa3kbG5M0U&lc=Ugz_cX14rPYhP8i1Uat4AaABAg,Ugz_cX14rPYhP8i1Uat4AaABAg,UCBGtwATEAOhJaVSd9_AsgFw,"Fetched 05/24/2026, 8:08:10 PM GMT+8"
2184,La Trinidad,@BnHydn_4,6 days ago,"Napakagandang awitin, talagang nakakatagos sa puso. Mula po sa lokal ng La Trinidad",https://www.youtube.com/watch?v=ROa3kbG5M0U&lc=UgyOTGeRreRIaeQ5dfV4AaABAg,UgyOTGeRreRIaeQ5dfV4AaABAg,UCBGtwATEAOhJaVSd9_AsgFw,"Fetched 05/24/2026, 8:08:10 PM GMT+8"
2185,La Trinidad,@BnHydn_4,6 days ago,A truly anointed performance. Mula po sa lokal ng La Trinidad,https://www.youtube.com/watch?v=ROa3kbG5M0U&lc=Ugy-mFoA_qUmTUmkeFN4AaABAg,Ugy-mFoA_qUmTUmkeFN4AaABAg,UCBGtwATEAOhJaVSd9_AsgFw,"Fetched 05/24/2026, 8:08:10 PM GMT+8"
2186,La Trinidad,@BnHydn_4,6 days ago,Heavenly vocals and meaningful lyrics. Mula po sa lokal ng La Trinidad,https://www.youtube.com/watch?v=ROa3kbG5M0U&lc=Ugw153OmyXIzoVjXvu14AaABAg,Ugw153OmyXIzoVjXvu14AaABAg,UCBGtwATEAOhJaVSd9_AsgFw,"Fetched 05/24/2026, 8:08:10 PM GMT+8"
2187,La Trinidad,@BnHydn_4,6 days ago,Pure talent guided by faith. Mula po sa lokal ng La Trinidad,https://www.youtube.com/watch?v=ROa3kbG5M0U&lc=Ugw0rVh1RJ4ewAcI6Ct4AaABAg,Ugw0rVh1RJ4ewAcI6Ct4AaABAg,UCBGtwATEAOhJaVSd9_AsgFw,"Fetched 05/24/2026, 8:08:10 PM GMT+8"
2188,La Trinidad,@BnHydn_4,6 days ago,This music speaks directly to the soul. Mula po sa lokal ng La Trinidad,https://www.youtube.com/watch?v=ROa3kbG5M0U&lc=UgzyXwNBIQxUNZSSf2N4AaABAg,UgzyXwNBIQxUNZSSf2N4AaABAg,UCBGtwATEAOhJaVSd9_AsgFw,"Fetched 05/24/2026, 8:08:10 PM GMT+8"
2189,La Trinidad,@BnHydn_4,6 days ago,Absolutely uplifting and inspiring. Mula po sa lokal ng La Trinidad.,https://www.youtube.com/watch?v=ROa3kbG5M0U&lc=UgwD_Uxzk1nB8MnD28t4AaABAg,UgwD_Uxzk1nB8MnD28t4AaABAg,UCBGtwATEAOhJaVSd9_AsgFw,"Fetched 05/24/2026, 8:08:10 PM GMT+8"
2190,La Trinidad,@BnHydn_4,6 days ago,‎Tunog langit ang boses. Mula po sa lokal ng La Trinidad,https://www.youtube.com/watch?v=ROa3kbG5M0U&lc=UgxgCD3WmUcMF765dEx4AaABAg,UgxgCD3WmUcMF765dEx4AaABAg,UCBGtwATEAOhJaVSd9_AsgFw,"Fetched 05/24/2026, 8:08:10 PM GMT+8"
2191,La Trinidad,@BnHydn_4,6 days ago,‎Time to watch and unwind! / -Lokal ng La Trinidad,https://www.youtube.com/watch?v=ROa3kbG5M0U&lc=UgxG_Ehs7QwNYs58NcF4AaABAg,UgxG_Ehs7QwNYs58NcF4AaABAg,UCBGtwATEAOhJaVSd9_AsgFw,"Fetched 05/24/2026, 8:08:10 PM GMT+8"
2192,La Trinidad,@BnHydn_4,6 days ago,"A masterpiece that glorifies God beautifully.  / -Lokal ng La Trinidad, Fully supporting",https://www.youtube.com/watch?v=ROa3kbG5M0U&lc=Ugy9YVVvV2U7XCYDLGJ4AaABAg,Ugy9YVVvV2U7XCYDLGJ4AaABAg,UCBGtwATEAOhJaVSd9_AsgFw,"Fetched 05/24/2026, 8:08:10 PM GMT+8"
2193,La Trinidad,@BnHydn_4,6 days ago,#INCMV / #BENGUETONTOP / -Lokal ng La Trinidad,https://www.youtube.com/watch?v=ROa3kbG5M0U&lc=UgyhLKXT2ZYsda5myGR4AaABAg,UgyhLKXT2ZYsda5myGR4AaABAg,UCBGtwATEAOhJaVSd9_AsgFw,"Fetched 05/24/2026, 8:08:10 PM GMT+8"
2194,La Trinidad,@BnHydn_3,6 days ago,Ang awiting ito ay tunay na nakakapagbigay lakas ng loob. Mula po sa lokal ng La Trinidad,https://www.youtube.com/watch?v=ROa3kbG5M0U&lc=Ugx4uYMrA9noEi1qtAR4AaABAg,Ugx4uYMrA9noEi1qtAR4AaABAg,UCKZxY6b5mH_zsnldMnxGIpQ,"Fetched 05/24/2026, 8:08:10 PM GMT+8"
2195,La Trinidad,@BnHydn_3,6 days ago,I know it's hard now✊ / But i swear it gets better!!!❤ /  / -Lokal ng La Trinidad,https://www.youtube.com/watch?v=ROa3kbG5M0U&lc=UgyhhpLgzF9DQAw-Mlh4AaABAg,UgyhhpLgzF9DQAw-Mlh4AaABAg,UCKZxY6b5mH_zsnldMnxGIpQ,"Fetched 05/24/2026, 8:08:10 PM GMT+8"
2196,La Trinidad,@BnHydn_3,6 days ago,Reach the top Benguet ❤ / -Lokal ng La Trinidad,https://www.youtube.com/watch?v=ROa3kbG5M0U&lc=UgyLtjTQb5NUjESSB3N4AaABAg,UgyLtjTQb5NUjESSB3N4AaABAg,UCKZxY6b5mH_zsnldMnxGIpQ,"Fetched 05/24/2026, 8:08:10 PM GMT+8"
2197,La Trinidad,@BnHydn_3,6 days ago,Happy watching mga kapatid.  / -Lokal ng La Trinidad  /  / Go Benguet ❤,https://www.youtube.com/watch?v=ROa3kbG5M0U&lc=UgzQuj8w_pHxU-XWiwt4AaABAg,UgzQuj8w_pHxU-XWiwt4AaABAg,UCKZxY6b5mH_zsnldMnxGIpQ,"Fetched 05/24/2026, 8:08:10 PM GMT+8"
2198,La Trinidad,@BnHydn_3,6 days ago,‎Such a powerful and soul-touching masterpiece. Mula sa lokal ng La Trinidad,https://www.youtube.com/watch?v=ROa3kbG5M0U&lc=Ugzu3FB4zhEOHFLwqft4AaABAg,Ugzu3FB4zhEOHFLwqft4AaABAg,UCKZxY6b5mH_zsnldMnxGIpQ,"Fetched 05/24/2026, 8:08:10 PM GMT+8"
2199,La Trinidad,@BnHydn_3,6 days ago,‎Tunog langit ang boses. Mula po sa lokal ng La Trinidad,https://www.youtube.com/watch?v=ROa3kbG5M0U&lc=UgxolDUG-qDmWD_M-6R4AaABAg,UgxolDUG-qDmWD_M-6R4AaABAg,UCKZxY6b5mH_zsnldMnxGIpQ,"Fetched 05/24/2026, 8:08:10 PM GMT+8"
2200,La Trinidad,@BnHydn_3,6 days ago,‎Nawa’y masiyahan kayo sa inyong panonood. / -Lokal ng La Trinidad,https://www.youtube.com/watch?v=ROa3kbG5M0U&lc=UgzrwmaToCy2zDkzwfF4AaABAg,UgzrwmaToCy2zDkzwfF4AaABAg,UCKZxY6b5mH_zsnldMnxGIpQ,"Fetched 05/24/2026, 8:08:10 PM GMT+8"
2201,La Trinidad,@BnHydn_3,6 days ago,‎Time to watch and unwind! / -Lokal ng La Trinidad,https://www.youtube.com/watch?v=ROa3kbG5M0U&lc=UgxFFoGlCkfJtFDGKpJ4AaABAg,UgxFFoGlCkfJtFDGKpJ4AaABAg,UCKZxY6b5mH_zsnldMnxGIpQ,"Fetched 05/24/2026, 8:08:10 PM GMT+8"
2202,La Trinidad,@BnHydn_3,6 days ago,"Binhi, Let's go. Happy viewing mula po sa lokal ng La Trinidad",https://www.youtube.com/watch?v=ROa3kbG5M0U&lc=UgxIzU-lgIouvBTyY2V4AaABAg,UgxIzU-lgIouvBTyY2V4AaABAg,UCKZxY6b5mH_zsnldMnxGIpQ,"Fetched 05/24/2026, 8:08:10 PM GMT+8"
2203,La Trinidad,@BnHydn_3,6 days ago,‎Nakakagaan ng pakiramdam ang kantang ito!☀️ Mula po sa lokal ng La Trinidad,https://www.youtube.com/watch?v=ROa3kbG5M0U&lc=Ugw91fqB8p_CWuuozz94AaABAg,Ugw91fqB8p_CWuuozz94AaABAg,UCKZxY6b5mH_zsnldMnxGIpQ,"Fetched 05/24/2026, 8:08:10 PM GMT+8"
2204,La Trinidad,@BnHydn_3,6 days ago,Kuhang-kuha ang nota🎵 / Go Benguet  / -La Trinidad,https://www.youtube.com/watch?v=ROa3kbG5M0U&lc=UgyLdxNw-6AC_dzNPhV4AaABAg,UgyLdxNw-6AC_dzNPhV4AaABAg,UCKZxY6b5mH_zsnldMnxGIpQ,"Fetched 05/24/2026, 8:08:10 PM GMT+8"
2205,La Trinidad,@BnHydn_3,6 days ago,Benguet ON TOP ⏫ 🎊  / Mula po sa lokal ng La Trinidad,https://www.youtube.com/watch?v=ROa3kbG5M0U&lc=Ugx9WGJcxrKeoyq4FHZ4AaABAg,Ugx9WGJcxrKeoyq4FHZ4AaABAg,UCKZxY6b5mH_zsnldMnxGIpQ,"Fetched 05/24/2026, 8:08:10 PM GMT+8"
2206,La Trinidad,@BnHydn_3,6 days ago,"Lokal ng La Trinidad, supporting Fully!!",https://www.youtube.com/watch?v=ROa3kbG5M0U&lc=UgzmTrt0cDN6gVF_V_l4AaABAg,UgzmTrt0cDN6gVF_V_l4AaABAg,UCKZxY6b5mH_zsnldMnxGIpQ,"Fetched 05/24/2026, 8:08:10 PM GMT+8"
2207,La Trinidad,@BnHydn_3,6 days ago,Napakapowerful ng mensahe / -Mula sa lokal ng La Trinidad,https://www.youtube.com/watch?v=ROa3kbG5M0U&lc=Ugz-OzUCtZEkCYpn2G14AaABAg,Ugz-OzUCtZEkCYpn2G14AaABAg,UCKZxY6b5mH_zsnldMnxGIpQ,"Fetched 05/24/2026, 8:08:10 PM GMT+8"
2208,La Trinidad,@BnHydn_3,6 days ago,Good morning 🌄 watchers!!! / Bumabati Mula po sa lokal ng La Trinidad,https://www.youtube.com/watch?v=ROa3kbG5M0U&lc=UgzKw1rYF_p62lobqoB4AaABAg,UgzKw1rYF_p62lobqoB4AaABAg,UCKZxY6b5mH_zsnldMnxGIpQ,"Fetched 05/24/2026, 8:08:10 PM GMT+8"
2209,La Trinidad,@BnHydn_3,6 days ago,Naimbag a nasapa kabagis!! SUPPORTING From Locale of La Trinidad ❤,https://www.youtube.com/watch?v=ROa3kbG5M0U&lc=UgzjGtrkDrvE301mcaR4AaABAg,UgzjGtrkDrvE301mcaR4AaABAg,UCKZxY6b5mH_zsnldMnxGIpQ,"Fetched 05/24/2026, 8:08:10 PM GMT+8"
2210,La Trinidad,@Bnhydn_5,6 days ago,Ang ganda ng pagkakagawa mula umpisa hanggang dulo. / -La Trinidad,https://www.youtube.com/watch?v=ROa3kbG5M0U&lc=UgzLmIs_z2mesmxDOBd4AaABAg,UgzLmIs_z2mesmxDOBd4AaABAg,UCFHEYFlsmd9j3CJVNeyyLqw,"Fetched 05/24/2026, 8:08:10 PM GMT+8"
2211,La Trinidad,@Bnhydn_5,6 days ago,Road to 23k comments.🎉 Keep on watching mga kapatid ❤ / Lokal ng La Trinidad ❤,https://www.youtube.com/watch?v=ROa3kbG5M0U&lc=Ugyagt97kP0UsZWQVTV4AaABAg,Ugyagt97kP0UsZWQVTV4AaABAg,UCFHEYFlsmd9j3CJVNeyyLqw,"Fetched 05/24/2026, 8:08:10 PM GMT+8"
2212,La Trinidad,@Bnhydn_5,6 days ago,Good evening watchers!!! / Bumabati Mula po sa lokal ng La Trinidad,https://www.youtube.com/watch?v=ROa3kbG5M0U&lc=Ugx_-16nqQXukMn_23J4AaABAg,Ugx_-16nqQXukMn_23J4AaABAg,UCFHEYFlsmd9j3CJVNeyyLqw,"Fetched 05/24/2026, 8:08:10 PM GMT+8"
2213,La Trinidad,@Bnhydn_5,6 days ago,Go Benguet ♥️  / Lokal ng La Trinidad,https://www.youtube.com/watch?v=ROa3kbG5M0U&lc=UgxrPfXrd5oSSz_9RRN4AaABAg,UgxrPfXrd5oSSz_9RRN4AaABAg,UCFHEYFlsmd9j3CJVNeyyLqw,"Fetched 05/24/2026, 8:08:10 PM GMT+8"
2214,La Trinidad,@Bnhydn_5,6 days ago,Ang ganda ng pagkakagawa mula umpisa hanggang dulo. / -La Trinidad,https://www.youtube.com/watch?v=ROa3kbG5M0U&lc=UgzS1_Qk7FZVHYq00v14AaABAg,UgzS1_Qk7FZVHYq00v14AaABAg,UCFHEYFlsmd9j3CJVNeyyLqw,"Fetched 05/24/2026, 8:08:10 PM GMT+8"
2215,La Trinidad,@Bnhydn_5,6 days ago,Still watching 🎇 Mula po sa lokal ng La Trinidad,https://www.youtube.com/watch?v=ROa3kbG5M0U&lc=UgxMcx6__d5Jn-R7Vhx4AaABAg,UgxMcx6__d5Jn-R7Vhx4AaABAg,UCFHEYFlsmd9j3CJVNeyyLqw,"Fetched 05/24/2026, 8:08:10 PM GMT+8"
2216,La Trinidad,@Bnhydn_5,6 days ago,God's Love 💝 / Go Benguet ♥️  / Lokal ng La Trinidad ☀️,https://www.youtube.com/watch?v=ROa3kbG5M0U&lc=UgwOI7dBZ1Pf09B-DIF4AaABAg,UgwOI7dBZ1Pf09B-DIF4AaABAg,UCFHEYFlsmd9j3CJVNeyyLqw,"Fetched 05/24/2026, 8:08:10 PM GMT+8"
2217,La Trinidad,@Bnhydn_5,6 days ago,Tunog langit ang boses!! / MULA SA Lokal ng La Trinidad,https://www.youtube.com/watch?v=ROa3kbG5M0U&lc=UgwfgTjB_k4O19EZOUp4AaABAg,UgwfgTjB_k4O19EZOUp4AaABAg,UCFHEYFlsmd9j3CJVNeyyLqw,"Fetched 05/24/2026, 8:08:10 PM GMT+8"
2218,La Trinidad,@Bnhydn_5,6 days ago,Parang yakap sa puso ang awiting ito. happy viewing po mga kapatid  / Mula po sa lokal ng La Trinidad,https://www.youtube.com/watch?v=ROa3kbG5M0U&lc=UgxO9dt9I3tyZ48k6G54AaABAg,UgxO9dt9I3tyZ48k6G54AaABAg,UCFHEYFlsmd9j3CJVNeyyLqw,"Fetched 05/24/2026, 8:08:10 PM GMT+8"
2219,La Trinidad,@Bnhydn_5,6 days ago,Road to 2.6k likes🎉  / Keep supporting mga kapatid!!! / Lokal ng La Trinidad ❤,https://www.youtube.com/watch?v=ROa3kbG5M0U&lc=Ugy_W5VMj030uUUYMFd4AaABAg,Ugy_W5VMj030uUUYMFd4AaABAg,UCFHEYFlsmd9j3CJVNeyyLqw,"Fetched 05/24/2026, 8:08:10 PM GMT+8"
2220,La Trinidad,@Bnhydn_5,6 days ago,Watching on repeat 🔁  / Go Benguet ♥️ Lokal ng La Trinidad ‼️,https://www.youtube.com/watch?v=ROa3kbG5M0U&lc=Ugy4vdkUZgKQ5LKn7zN4AaABAg,Ugy4vdkUZgKQ5LKn7zN4AaABAg,UCFHEYFlsmd9j3CJVNeyyLqw,"Fetched 05/24/2026, 8:08:10 PM GMT+8"
2221,La Trinidad,@Bnhydn_5,6 days ago,"A masterpiece that glorifies God beautifully.  / -Lokal ng La Trinidad, Fully supporting",https://www.youtube.com/watch?v=ROa3kbG5M0U&lc=UgwK7K48IRMomJAMf9p4AaABAg,UgwK7K48IRMomJAMf9p4AaABAg,UCFHEYFlsmd9j3CJVNeyyLqw,"Fetched 05/24/2026, 8:08:10 PM GMT+8"
2222,La Trinidad,@Bnhydn_5,6 days ago,"Di nakakasawang ulit-uliting panoorin, LEGIT ✅ / -Lokal ng La Trinidad",https://www.youtube.com/watch?v=ROa3kbG5M0U&lc=Ugza-R4TM8KQIasJaIl4AaABAg,Ugza-R4TM8KQIasJaIl4AaABAg,UCFHEYFlsmd9j3CJVNeyyLqw,"Fetched 05/24/2026, 8:08:10 PM GMT+8"
2223,La Trinidad,@Bnhydn_5,6 days ago,Road to 33k views. Keep watching mga kapatid 👋  / -Lokal ng La Trinidad,https://www.youtube.com/watch?v=ROa3kbG5M0U&lc=UgyYcd60n3a3DP-p_8d4AaABAg,UgyYcd60n3a3DP-p_8d4AaABAg,UCFHEYFlsmd9j3CJVNeyyLqw,"Fetched 05/24/2026, 8:08:10 PM GMT+8"
2224,La Trinidad,@Bnhydn_5,6 days ago,An inspiring performance filled with grace / Mula po sa lokal ng La Trinidad,https://www.youtube.com/watch?v=ROa3kbG5M0U&lc=UgwCDotvgvnPBpmwR1x4AaABAg,UgwCDotvgvnPBpmwR1x4AaABAg,UCFHEYFlsmd9j3CJVNeyyLqw,"Fetched 05/24/2026, 8:08:10 PM GMT+8"
2225,La Trinidad,@Bnhydn_5,6 days ago,#Godslove🎉 / Enjoy watching 🎉 / -Lokal ng La Trinidad,https://www.youtube.com/watch?v=ROa3kbG5M0U&lc=Ugw-kgmfjGenvs3WS_p4AaABAg,Ugw-kgmfjGenvs3WS_p4AaABAg,UCFHEYFlsmd9j3CJVNeyyLqw,"Fetched 05/24/2026, 8:08:10 PM GMT+8"
2226,La Trinidad,@Bnhydn_5,6 days ago,#INCMV❤ / #BENGUETONTOP❤ / Happy watching ❤ / -Lokal ng La Trinidad,https://www.youtube.com/watch?v=ROa3kbG5M0U&lc=UgwQP3lHrFR-cO_uh8V4AaABAg,UgwQP3lHrFR-cO_uh8V4AaABAg,UCFHEYFlsmd9j3CJVNeyyLqw,"Fetched 05/24/2026, 8:08:10 PM GMT+8"
2227,La Trinidad,@Bnhydn_5,6 days ago,Go Benguet ♥️  / GO Binhi ♥️  / Go La Trinidad ♥️,https://www.youtube.com/watch?v=ROa3kbG5M0U&lc=UgwemQ6OQgPeZNR5Cch4AaABAg,UgwemQ6OQgPeZNR5Cch4AaABAg,UCFHEYFlsmd9j3CJVNeyyLqw,"Fetched 05/24/2026, 8:08:10 PM GMT+8"
2228,La Trinidad,@Bnhydn_5,6 days ago,Never ending support Mula po sa lokal ng La Trinidad. Happy viewing po!!,https://www.youtube.com/watch?v=ROa3kbG5M0U&lc=UgwwK-ClbD3fMTtuKx14AaABAg,UgwwK-ClbD3fMTtuKx14AaABAg,UCFHEYFlsmd9j3CJVNeyyLqw,"Fetched 05/24/2026, 8:08:10 PM GMT+8"
2229,La Trinidad,@Bnhydn_5,6 days ago,Very entertaining. 🎉🎉 / -Lokal ng La Trinidad,https://www.youtube.com/watch?v=ROa3kbG5M0U&lc=UgzFfApelolYhHeZGdx4AaABAg,UgzFfApelolYhHeZGdx4AaABAg,UCFHEYFlsmd9j3CJVNeyyLqw,"Fetched 05/24/2026, 8:08:10 PM GMT+8"
2230,La Trinidad,@Bnhydn_5,6 days ago,Beautifully made with sincerity and devotion / -Lokal ng La Trinidad,https://www.youtube.com/watch?v=ROa3kbG5M0U&lc=UgwhKUt2uHk2W8CksZV4AaABAg,UgwhKUt2uHk2W8CksZV4AaABAg,UCFHEYFlsmd9j3CJVNeyyLqw,"Fetched 05/24/2026, 8:08:10 PM GMT+8"
2231,La Trinidad,@Bnhydn_5,6 days ago,Good morning 🌄 have a great watch!! Lokal ng La Trinidad,https://www.youtube.com/watch?v=ROa3kbG5M0U&lc=UgwifNj1GUVJ3GY90AN4AaABAg,UgwifNj1GUVJ3GY90AN4AaABAg,UCFHEYFlsmd9j3CJVNeyyLqw,"Fetched 05/24/2026, 8:08:10 PM GMT+8"
2232,La Trinidad,@Bnhydn_5,6 days ago,‎Such a powerful and soul-touching masterpiece. Mula sa lokal ng La Trinidad,https://www.youtube.com/watch?v=ROa3kbG5M0U&lc=Ugxl1VNEGKf0pKUnKVN4AaABAg,Ugxl1VNEGKf0pKUnKVN4AaABAg,UCFHEYFlsmd9j3CJVNeyyLqw,"Fetched 05/24/2026, 8:08:10 PM GMT+8"
2233,La Trinidad,@Bnhydn_5,6 days ago,Such a strong and uplifting message. / -Lokal ng La Trinidad,https://www.youtube.com/watch?v=ROa3kbG5M0U&lc=UgyTLQUmCtxC3FaA1eR4AaABAg,UgyTLQUmCtxC3FaA1eR4AaABAg,UCFHEYFlsmd9j3CJVNeyyLqw,"Fetched 05/24/2026, 8:08:10 PM GMT+8"
2234,La Trinidad,@Iisang_Puso,6 days ago,Outstanding singing! This track is definitely going on repeat. Always supporting from Lokal ng La Trinidad!,https://www.youtube.com/watch?v=ROa3kbG5M0U&lc=UgzAkp7CioamzVoi0Yt4AaABAg,UgzAkp7CioamzVoi0Yt4AaABAg,UCPjs8vMW63A9LXOTyBoXSrQ,"Fetched 05/24/2026, 8:08:10 PM GMT+8"
2235,La Trinidad,@Iisang_Puso,6 days ago,Amazing set design and location scouting. Everything came together perfectly. Sending support from Lokal ng La Trinidad❤,https://www.youtube.com/watch?v=ROa3kbG5M0U&lc=UgyTG6LZOHugq_j2-dR4AaABAg,UgyTG6LZOHugq_j2-dR4AaABAg,UCPjs8vMW63A9LXOTyBoXSrQ,"Fetched 05/24/2026, 8:08:10 PM GMT+8"
2236,La Trinidad,@Iisang_Puso,6 days ago,The dedication of the crew shows in how smooth the final product is. Always supporting from Lokal ng La Trinidad!,https://www.youtube.com/watch?v=ROa3kbG5M0U&lc=UgyAh4crebNLdKi4vZx4AaABAg,UgyAh4crebNLdKi4vZx4AaABAg,UCPjs8vMW63A9LXOTyBoXSrQ,"Fetched 05/24/2026, 8:08:10 PM GMT+8"
2237,La Trinidad,@Iisang_Puso,6 days ago,Excellent teamwork! The unity of the production crew really shines here. Sending support from Lokal ng La Trinidad.,https://www.youtube.com/watch?v=ROa3kbG5M0U&lc=Ugya8clfok7UN5HbLAF4AaABAg,Ugya8clfok7UN5HbLAF4AaABAg,UCPjs8vMW63A9LXOTyBoXSrQ,"Fetched 05/24/2026, 8:08:10 PM GMT+8"
2238,La Trinidad,@Iisang_Puso,6 days ago,Incredible camera work! The stunning landscapes match the powerful message of the song. Always supporting from Lokal ng La Trinidad!,https://www.youtube.com/watch?v=ROa3kbG5M0U&lc=UgwTYRqwAl_iacw9D2t4AaABAg,UgwTYRqwAl_iacw9D2t4AaABAg,UCPjs8vMW63A9LXOTyBoXSrQ,"Fetched 05/24/2026, 8:08:10 PM GMT+8"
2239,La Trinidad,@Iisang_Puso,6 days ago,Every single frame looks like a masterpiece. The lighting and views are incredible! Full support from Lokal ng La Trinidad.,https://www.youtube.com/watch?v=ROa3kbG5M0U&lc=Ugz6aV--LNL4hpnuoJh4AaABAg,Ugz6aV--LNL4hpnuoJh4AaABAg,UCPjs8vMW63A9LXOTyBoXSrQ,"Fetched 05/24/2026, 8:08:10 PM GMT+8"
2240,La Trinidad,@Iisang_Puso,6 days ago,The cinematography perfectly captures the breathtaking beauty of Benguet! Always supporting from Lokal ng La Trinidad!,https://www.youtube.com/watch?v=ROa3kbG5M0U&lc=UgxXpkhdCHlIR3ckXxJ4AaABAg,UgxXpkhdCHlIR3ckXxJ4AaABAg,UCPjs8vMW63A9LXOTyBoXSrQ,"Fetched 05/24/2026, 8:08:10 PM GMT+8"
2241,La Trinidad,@Bnhydn_5,6 days ago,‎Such a powerful and soul-touching masterpiece. Mula sa lokal ng La Trinidad,https://www.youtube.com/watch?v=ROa3kbG5M0U&lc=UgyBCGqLgMEdCt3iniB4AaABAg,UgyBCGqLgMEdCt3iniB4AaABAg,UCFHEYFlsmd9j3CJVNeyyLqw,"Fetched 05/24/2026, 8:08:10 PM GMT+8"
2242,La Trinidad,@Bnhydn_5,6 days ago,"Sleep well, pero don't forget to watch tomorrow!! / -Lokal ng La Trinidad",https://www.youtube.com/watch?v=ROa3kbG5M0U&lc=Ugz6fS7xLbgpoVgUrVh4AaABAg,Ugz6fS7xLbgpoVgUrVh4AaABAg,UCFHEYFlsmd9j3CJVNeyyLqw,"Fetched 05/24/2026, 8:08:10 PM GMT+8"
2243,La Trinidad,@Bnhydn_5,6 days ago,"A masterpiece that glorifies God beautifully.  / -Lokal ng La Trinidad, Fully supporting",https://www.youtube.com/watch?v=ROa3kbG5M0U&lc=UgzHXJ6LFs1lQuw6p-R4AaABAg,UgzHXJ6LFs1lQuw6p-R4AaABAg,UCFHEYFlsmd9j3CJVNeyyLqw,"Fetched 05/24/2026, 8:08:10 PM GMT+8"
2244,La Trinidad,@Bnhydn_5,6 days ago,An inspiring performance filled with grace / Mula po sa lokal ng La Trinidad,https://www.youtube.com/watch?v=ROa3kbG5M0U&lc=UgzPtl64fNQPDXDVRbB4AaABAg,UgzPtl64fNQPDXDVRbB4AaABAg,UCFHEYFlsmd9j3CJVNeyyLqw,"Fetched 05/24/2026, 8:08:10 PM GMT+8"
2245,La Trinidad,@Bnhydn_5,6 days ago,Never ending support Mula po sa lokal ng La Trinidad. Happy viewing po!!,https://www.youtube.com/watch?v=ROa3kbG5M0U&lc=Ugz4XrZpCTohahot1Wx4AaABAg,Ugz4XrZpCTohahot1Wx4AaABAg,UCFHEYFlsmd9j3CJVNeyyLqw,"Fetched 05/24/2026, 8:08:10 PM GMT+8"
2246,La Trinidad,@BnHydn_3,6 days ago,#INCMV / #BENGUETONTOP / -Lokal ng La Trinidad,https://www.youtube.com/watch?v=ROa3kbG5M0U&lc=UgyQF3bYGo5ipdhrEwt4AaABAg,UgyQF3bYGo5ipdhrEwt4AaABAg,UCKZxY6b5mH_zsnldMnxGIpQ,"Fetched 05/24/2026, 8:08:10 PM GMT+8"
2247,La Trinidad,@BnHydn_3,6 days ago,God's love❤❤❤ / His wordous love ❤❤❤ / Happy watching ❤❤❤ / Lokal ng La Trinidad ❤❤❤ / LET'S GO BENGUET ❤❤❤,https://www.youtube.com/watch?v=ROa3kbG5M0U&lc=UgxROusKGt7K1ZEUu154AaABAg,UgxROusKGt7K1ZEUu154AaABAg,UCKZxY6b5mH_zsnldMnxGIpQ,"Fetched 05/24/2026, 8:08:10 PM GMT+8"
2248,La Trinidad,@BnHydn_3,6 days ago,Beautifully made with sincerity and devotion / -Lokal ng La Trinidad,https://www.youtube.com/watch?v=ROa3kbG5M0U&lc=UgwW_0povkfjJYCHs_h4AaABAg,UgwW_0povkfjJYCHs_h4AaABAg,UCKZxY6b5mH_zsnldMnxGIpQ,"Fetched 05/24/2026, 8:08:10 PM GMT+8"
2249,La Trinidad,@BnHydn_3,6 days ago,Di manlang nagsawa kaanood. Perfect MV!! / -Lokal ng La Trinidad,https://www.youtube.com/watch?v=ROa3kbG5M0U&lc=UgxfqWYJ_0QEwpALktl4AaABAg,UgxfqWYJ_0QEwpALktl4AaABAg,UCKZxY6b5mH_zsnldMnxGIpQ,"Fetched 05/24/2026, 8:08:10 PM GMT+8"
2250,La Trinidad,@BnHydn_3,6 days ago,Such a strong and uplifting message. / -Lokal ng La Trinidad,https://www.youtube.com/watch?v=ROa3kbG5M0U&lc=UgyRHN_bAUxvbDgvGcx4AaABAg,UgyRHN_bAUxvbDgvGcx4AaABAg,UCKZxY6b5mH_zsnldMnxGIpQ,"Fetched 05/24/2026, 8:08:10 PM GMT+8"
2251,La Trinidad,@BnHydn_3,6 days ago,Fight Benguet ♥️  / Fight La Trinidad ❤,https://www.youtube.com/watch?v=ROa3kbG5M0U&lc=Ugw6jOcRaulGN5m5Jwp4AaABAg,Ugw6jOcRaulGN5m5Jwp4AaABAg,UCKZxY6b5mH_zsnldMnxGIpQ,"Fetched 05/24/2026, 8:08:10 PM GMT+8"
2252,La Trinidad,@BnHydn_3,6 days ago,Nonstop support and viewing mula po sa lokal ng La Trinidad ❤❤,https://www.youtube.com/watch?v=ROa3kbG5M0U&lc=UgxoymgBVs7V54DSiUt4AaABAg,UgxoymgBVs7V54DSiUt4AaABAg,UCKZxY6b5mH_zsnldMnxGIpQ,"Fetched 05/24/2026, 8:08:10 PM GMT+8"
2253,La Trinidad,@BnHydn_3,6 days ago,Road to 23k comments.❤ Happy viewing 💐  / Lokal ng La Trinidad,https://www.youtube.com/watch?v=ROa3kbG5M0U&lc=UgwoT-oHyoOyukm-6XV4AaABAg,UgwoT-oHyoOyukm-6XV4AaABAg,UCKZxY6b5mH_zsnldMnxGIpQ,"Fetched 05/24/2026, 8:08:10 PM GMT+8"
2254,La Trinidad,@BnHydn_3,6 days ago,Road to 2.6k likes. Keep supporting mga kapatid 💚  / Lokal ng La Trinidad,https://www.youtube.com/watch?v=ROa3kbG5M0U&lc=UgwOHBvbzXX-02D-ARp4AaABAg,UgwOHBvbzXX-02D-ARp4AaABAg,UCKZxY6b5mH_zsnldMnxGIpQ,"Fetched 05/24/2026, 8:08:10 PM GMT+8"
2255,La Trinidad,@BnHydn_3,6 days ago,Road to 32k views  / -Lokal ng La Trinidad 🎉,https://www.youtube.com/watch?v=ROa3kbG5M0U&lc=Ugyw7hcSziph3lCUbXZ4AaABAg,Ugyw7hcSziph3lCUbXZ4AaABAg,UCKZxY6b5mH_zsnldMnxGIpQ,"Fetched 05/24/2026, 8:08:10 PM GMT+8"
2256,La Trinidad,@BnHydn_3,6 days ago,‎Such a powerful and soul-touching masterpiece. Mula sa lokal ng La Trinidad,https://www.youtube.com/watch?v=ROa3kbG5M0U&lc=Ugyw3dRtjoVpRB9AJTR4AaABAg,Ugyw3dRtjoVpRB9AJTR4AaABAg,UCKZxY6b5mH_zsnldMnxGIpQ,"Fetched 05/24/2026, 8:08:10 PM GMT+8"
2257,La Trinidad,@BnHydn_3,6 days ago,‎Tunog langit ang boses. Mula po sa lokal ng La Trinidad,https://www.youtube.com/watch?v=ROa3kbG5M0U&lc=UgyoyNZDd_9HJCAdAp94AaABAg,UgyoyNZDd_9HJCAdAp94AaABAg,UCKZxY6b5mH_zsnldMnxGIpQ,"Fetched 05/24/2026, 8:08:10 PM GMT+8"
2258,La Trinidad,@BnHydn_3,6 days ago,Ang kanta na ito ay tunay na biyaya. Mula po sa lokal ng La Trinidad 🎉🎉,https://www.youtube.com/watch?v=ROa3kbG5M0U&lc=UgzjvVjHceGORqjs3Nh4AaABAg,UgzjvVjHceGORqjs3Nh4AaABAg,UCKZxY6b5mH_zsnldMnxGIpQ,"Fetched 05/24/2026, 8:08:10 PM GMT+8"
2259,La Trinidad,@BnHydn_3,6 days ago,‎Nawa’y masiyahan kayo sa inyong panonood. / -Lokal ng La Trinidad,https://www.youtube.com/watch?v=ROa3kbG5M0U&lc=UgzKxyfkbk8YKXhVEm94AaABAg,UgzKxyfkbk8YKXhVEm94AaABAg,UCKZxY6b5mH_zsnldMnxGIpQ,"Fetched 05/24/2026, 8:08:10 PM GMT+8"
2260,La Trinidad,@BnHydn_3,6 days ago,‎All-out support Mula po sa lokal ng La Trinidad.  / Let's go Benguet Let's go ♥️,https://www.youtube.com/watch?v=ROa3kbG5M0U&lc=UgzTyN4gtCEWfJB-M0V4AaABAg,UgzTyN4gtCEWfJB-M0V4AaABAg,UCKZxY6b5mH_zsnldMnxGIpQ,"Fetched 05/24/2026, 8:08:10 PM GMT+8"
2261,La Trinidad,@BnHydn_3,6 days ago,Napakaganda ng overall production!! / -Mula sa lokal ng La Trinidad  / Let's go Benguet 🎉,https://www.youtube.com/watch?v=ROa3kbG5M0U&lc=UgxARNWywdWJRgM01X14AaABAg,UgxARNWywdWJRgM01X14AaABAg,UCKZxY6b5mH_zsnldMnxGIpQ,"Fetched 05/24/2026, 8:08:10 PM GMT+8"
2262,La Trinidad,@BnHydn_3,6 days ago,"Binhi, Let's go. Happy viewing mula po sa lokal ng La Trinidad ❤",https://www.youtube.com/watch?v=ROa3kbG5M0U&lc=UgwIJM1i7FEcJwhQURV4AaABAg,UgwIJM1i7FEcJwhQURV4AaABAg,UCKZxY6b5mH_zsnldMnxGIpQ,"Fetched 05/24/2026, 8:08:10 PM GMT+8"
2263,La Trinidad,@BnHydn_3,6 days ago,‎Nakakagaan ng pakiramdam ang kantang ito!☀️ Mula po sa lokal ng La Trinidad,https://www.youtube.com/watch?v=ROa3kbG5M0U&lc=UgzmRB0odzn3zQTOemN4AaABAg,UgzmRB0odzn3zQTOemN4AaABAg,UCKZxY6b5mH_zsnldMnxGIpQ,"Fetched 05/24/2026, 8:08:10 PM GMT+8"
2264,La Trinidad,@BnHydn_3,6 days ago (edited),‎“Nakakagaan ng pakiramdam ang kantang ito.” / Happy viewing po mga kapatid  / LOKAL NG La Trinidad,https://www.youtube.com/watch?v=ROa3kbG5M0U&lc=Ugy1Yig839AGBeq3K0B4AaABAg,Ugy1Yig839AGBeq3K0B4AaABAg,UCKZxY6b5mH_zsnldMnxGIpQ,"Fetched 05/24/2026, 8:08:10 PM GMT+8"
2265,La Trinidad,@BnHydn_3,6 days ago,Napakapowerful ng mensahe / -Mula sa lokal ng La Trinidad,https://www.youtube.com/watch?v=ROa3kbG5M0U&lc=UgzWGoD8SHnNoXMMuL14AaABAg,UgzWGoD8SHnNoXMMuL14AaABAg,UCKZxY6b5mH_zsnldMnxGIpQ,"Fetched 05/24/2026, 8:08:10 PM GMT+8"
2266,La Trinidad,@BnHydn_3,6 days ago,Kuhang-kuha ang nota🎵 / Go Benguet  / -La Trinidad,https://www.youtube.com/watch?v=ROa3kbG5M0U&lc=UgzpQO5oEhvvUQOGtkJ4AaABAg,UgzpQO5oEhvvUQOGtkJ4AaABAg,UCKZxY6b5mH_zsnldMnxGIpQ,"Fetched 05/24/2026, 8:08:10 PM GMT+8"
2267,La Trinidad,@BnHydn_3,6 days ago,Ang ganda ng pagkakagawa mula umpisa hanggang dulo. / -La Trinidad,https://www.youtube.com/watch?v=ROa3kbG5M0U&lc=UgwB43Isz3mN3XkVT614AaABAg,UgwB43Isz3mN3XkVT614AaABAg,UCKZxY6b5mH_zsnldMnxGIpQ,"Fetched 05/24/2026, 8:08:10 PM GMT+8"
2268,La Trinidad,@BnHydn_3,6 days ago,Good evening watchers!!! / Bumabati Mula po sa lokal ng La Trinidad,https://www.youtube.com/watch?v=ROa3kbG5M0U&lc=Ugxp18jVAQlA5mNFDu94AaABAg,Ugxp18jVAQlA5mNFDu94AaABAg,UCKZxY6b5mH_zsnldMnxGIpQ,"Fetched 05/24/2026, 8:08:10 PM GMT+8"
2269,La Trinidad,@BnHydn_3,6 days ago,Kuhang kuha lahat ng nota. / Happy to be here watching  / -Lokal ng La Trinidad,https://www.youtube.com/watch?v=ROa3kbG5M0U&lc=Ugzstvnmew9i9TgHAYt4AaABAg,Ugzstvnmew9i9TgHAYt4AaABAg,UCKZxY6b5mH_zsnldMnxGIpQ,"Fetched 05/24/2026, 8:08:10 PM GMT+8"
2270,La Trinidad,@BnHydn_3,6 days ago,Tunog langit ang boses!! / MULA SA Lokal ng La Trinidad,https://www.youtube.com/watch?v=ROa3kbG5M0U&lc=UgxOn-gUtEl4m1dWF4d4AaABAg,UgxOn-gUtEl4m1dWF4d4AaABAg,UCKZxY6b5mH_zsnldMnxGIpQ,"Fetched 05/24/2026, 8:08:10 PM GMT+8"
2271,La Trinidad,@BnHydn_3,6 days ago,Parang yakap sa puso ang awiting ito. happy viewing po mga kapatid  / Mula po sa lokal ng La Trinidad,https://www.youtube.com/watch?v=ROa3kbG5M0U&lc=UgxsQ5lSB0Aj6xpqv-V4AaABAg,UgxsQ5lSB0Aj6xpqv-V4AaABAg,UCKZxY6b5mH_zsnldMnxGIpQ,"Fetched 05/24/2026, 8:08:10 PM GMT+8"
2272,La Trinidad,@BnHydn_3,6 days ago,Road to 32k views!!! / Go Benguet 🍓  / Go La Trinidad ❤,https://www.youtube.com/watch?v=ROa3kbG5M0U&lc=Ugy8wW5alwQ5KkHS30t4AaABAg,Ugy8wW5alwQ5KkHS30t4AaABAg,UCKZxY6b5mH_zsnldMnxGIpQ,"Fetched 05/24/2026, 8:08:10 PM GMT+8"
2273,La Trinidad,@BnHydn_3,6 days ago,"A masterpiece that glorifies God beautifully.  / -Lokal ng La Trinidad, Fully supporting",https://www.youtube.com/watch?v=ROa3kbG5M0U&lc=UgwYEiMw75yotRUnAUx4AaABAg,UgwYEiMw75yotRUnAUx4AaABAg,UCKZxY6b5mH_zsnldMnxGIpQ,"Fetched 05/24/2026, 8:08:10 PM GMT+8"
2274,La Trinidad,@BnHydn_3,6 days ago,An inspiring performance filled with grace / Mula po sa lokal ng La Trinidad,https://www.youtube.com/watch?v=ROa3kbG5M0U&lc=Ugy40xNzdjA0UHivy914AaABAg,Ugy40xNzdjA0UHivy914AaABAg,UCKZxY6b5mH_zsnldMnxGIpQ,"Fetched 05/24/2026, 8:08:10 PM GMT+8"
2275,La Trinidad,@BnHydn_3,6 days ago,#benguetontop / -Lokal ng La Trinidad,https://www.youtube.com/watch?v=ROa3kbG5M0U&lc=UgwwnbabL6ZAjyJvD3R4AaABAg,UgwwnbabL6ZAjyJvD3R4AaABAg,UCKZxY6b5mH_zsnldMnxGIpQ,"Fetched 05/24/2026, 8:08:10 PM GMT+8"
2276,La Trinidad,@BnHydn_3,6 days ago,Never ending support Mula po sa lokal ng La Trinidad. Happy viewing po!!,https://www.youtube.com/watch?v=ROa3kbG5M0U&lc=UgwowS8achKk6osahfF4AaABAg,UgwowS8achKk6osahfF4AaABAg,UCKZxY6b5mH_zsnldMnxGIpQ,"Fetched 05/24/2026, 8:08:10 PM GMT+8"
2277,La Trinidad,@BnHydn_3,6 days ago,Beautifully made with sincerity and devotion / -Lokal ng La Trinidad,https://www.youtube.com/watch?v=ROa3kbG5M0U&lc=UgzEvPGDRk4thWayfGx4AaABAg,UgzEvPGDRk4thWayfGx4AaABAg,UCKZxY6b5mH_zsnldMnxGIpQ,"Fetched 05/24/2026, 8:08:10 PM GMT+8"
2278,La Trinidad,@BnHydn_3,6 days ago,Such a strong and uplifting message. / -Lokal ng La Trinidad,https://www.youtube.com/watch?v=ROa3kbG5M0U&lc=UgxRgVVFQJYUPEpb3xR4AaABAg,UgxRgVVFQJYUPEpb3xR4AaABAg,UCKZxY6b5mH_zsnldMnxGIpQ,"Fetched 05/24/2026, 8:08:10 PM GMT+8"
2279,La Trinidad,@BnHydn_3,6 days ago,Good evening watchers!!! / Bumabati Mula po sa lokal ng La Trinidad  / Let's go Benguet ♥️,https://www.youtube.com/watch?v=ROa3kbG5M0U&lc=UgxMYlAH9fwHboRbF_d4AaABAg,UgxMYlAH9fwHboRbF_d4AaABAg,UCKZxY6b5mH_zsnldMnxGIpQ,"Fetched 05/24/2026, 8:08:10 PM GMT+8"
2280,La Trinidad,@BnHydn_3,6 days ago,Benguet 🎊 Happy watching!!🎉 /  / -Lokal ng La Trinidad,https://www.youtube.com/watch?v=ROa3kbG5M0U&lc=Ugz598GddQOhjK131Kl4AaABAg,Ugz598GddQOhjK131Kl4AaABAg,UCKZxY6b5mH_zsnldMnxGIpQ,"Fetched 05/24/2026, 8:08:10 PM GMT+8"
2281,La Trinidad,@BnHydn_3,6 days ago,Ang ganda ng pagkakagawa mula umpisa hanggang dulo. / -La Trinidad,https://www.youtube.com/watch?v=ROa3kbG5M0U&lc=UgxiNAOaS-nQaLe_BaF4AaABAg,UgxiNAOaS-nQaLe_BaF4AaABAg,UCKZxY6b5mH_zsnldMnxGIpQ,"Fetched 05/24/2026, 8:08:10 PM GMT+8"
2282,La Trinidad,@BnHydn_3,6 days ago,"Sleep time na, pero don't forget to watch 📺 / -Lokal ng La Trinidad",https://www.youtube.com/watch?v=ROa3kbG5M0U&lc=UgyRbONvOPHjEhX-qq94AaABAg,UgyRbONvOPHjEhX-qq94AaABAg,UCKZxY6b5mH_zsnldMnxGIpQ,"Fetched 05/24/2026, 8:08:10 PM GMT+8"
2283,La Trinidad,@BnHydn_3,6 days ago,‎Time to watch and unwind! / -Lokal ng La Trinidad,https://www.youtube.com/watch?v=ROa3kbG5M0U&lc=UgykFpTrU8rKqlrS0PJ4AaABAg,UgykFpTrU8rKqlrS0PJ4AaABAg,UCKZxY6b5mH_zsnldMnxGIpQ,"Fetched 05/24/2026, 8:08:10 PM GMT+8"
2284,La Trinidad,@BnHydn_3,6 days ago,Good evening watchers!!! / Bumabati Mula po sa lokal ng La Trinidad,https://www.youtube.com/watch?v=ROa3kbG5M0U&lc=UgwWhZu_ThWwNWYf-SJ4AaABAg,UgwWhZu_ThWwNWYf-SJ4AaABAg,UCKZxY6b5mH_zsnldMnxGIpQ,"Fetched 05/24/2026, 8:08:10 PM GMT+8"
2285,La Trinidad,@BnHydn_3,6 days ago,2.5k views achieved.🎉🎉 Benguet spirit ⚡✨ / Lokal ng La Trinidad,https://www.youtube.com/watch?v=ROa3kbG5M0U&lc=UgxvM7R3xfQipO3y_AB4AaABAg,UgxvM7R3xfQipO3y_AB4AaABAg,UCKZxY6b5mH_zsnldMnxGIpQ,"Fetched 05/24/2026, 8:08:10 PM GMT+8"
2286,La Trinidad,@BnHydn_3,6 days ago,‎All-out support Mula po sa lokal ng La Trinidad.  / Let's go Benguet Let's go ♥️,https://www.youtube.com/watch?v=ROa3kbG5M0U&lc=UgxhhTnY7tffRN1owqR4AaABAg,UgxhhTnY7tffRN1owqR4AaABAg,UCKZxY6b5mH_zsnldMnxGIpQ,"Fetched 05/24/2026, 8:08:10 PM GMT+8"
2287,La Trinidad,@BnHydn_3,6 days ago,God's Love ❤️  / His wordous love ❤ / Go Benguet ❤ / Binhi watchers ❤ / -Lokal ng La Trinidad,https://www.youtube.com/watch?v=ROa3kbG5M0U&lc=UgyR09JvdY7o4HIzwr54AaABAg,UgyR09JvdY7o4HIzwr54AaABAg,UCKZxY6b5mH_zsnldMnxGIpQ,"Fetched 05/24/2026, 8:08:10 PM GMT+8"
2288,La Trinidad,@BnHydn_3,6 days ago,Tunog langit ang boses!! / MULA SA Lokal ng La Trinidad,https://www.youtube.com/watch?v=ROa3kbG5M0U&lc=Ugz7rkxIj3NVYZ1OnhJ4AaABAg,Ugz7rkxIj3NVYZ1OnhJ4AaABAg,UCKZxY6b5mH_zsnldMnxGIpQ,"Fetched 05/24/2026, 8:08:10 PM GMT+8"
2289,La Trinidad,@BnHydn_3,6 days ago,Never ending support Mula po sa lokal ng La Trinidad. Happy viewing po!!,https://www.youtube.com/watch?v=ROa3kbG5M0U&lc=Ugyp7KK7NPl3qvrO5zp4AaABAg,Ugyp7KK7NPl3qvrO5zp4AaABAg,UCKZxY6b5mH_zsnldMnxGIpQ,"Fetched 05/24/2026, 8:08:10 PM GMT+8"
2290,La Trinidad,@BnHydn_3,6 days ago,#INCMV / #BENGUETONTOP / -Lokal ng La Trinidad,https://www.youtube.com/watch?v=ROa3kbG5M0U&lc=UgwsHkL16WpYJ18IM_Z4AaABAg,UgwsHkL16WpYJ18IM_Z4AaABAg,UCKZxY6b5mH_zsnldMnxGIpQ,"Fetched 05/24/2026, 8:08:10 PM GMT+8"
2291,La Trinidad,@drewbatinay1449,6 days ago,Good Evening po mga kabagis! Unending support po from the locale of La Trinidad🤍,https://www.youtube.com/watch?v=ROa3kbG5M0U&lc=Ugwx811FfPA1obHQV2d4AaABAg,Ugwx811FfPA1obHQV2d4AaABAg,UCQgz35ptm_7_RPT-Pc80itg,"Fetched 05/24/2026, 8:08:10 PM GMT+8"
2292,La Trinidad,@BnHydn_3,6 days ago,"Watching still!! MULA SA Lokal ng La Trinidad, Kapisanang BINHI ‼️  / Enjoy watching ‼️ / Go Benguet ‼️",https://www.youtube.com/watch?v=ROa3kbG5M0U&lc=Ugx7gwFk6O1MUOgEhnB4AaABAg,Ugx7gwFk6O1MUOgEhnB4AaABAg,UCKZxY6b5mH_zsnldMnxGIpQ,"Fetched 05/24/2026, 8:08:10 PM GMT+8"
2293,La Trinidad,@BnHydn_3,6 days ago,‎All-out support Mula po sa lokal ng La Trinidad.  / Let's go Benguet Let's go ♥️,https://www.youtube.com/watch?v=ROa3kbG5M0U&lc=UgzehFCxec5K-gaXMuh4AaABAg,UgzehFCxec5K-gaXMuh4AaABAg,UCKZxY6b5mH_zsnldMnxGIpQ,"Fetched 05/24/2026, 8:08:10 PM GMT+8"
2294,La Trinidad,@BnHydn_3,6 days ago,BINHI watchers here 🤚🙌  / -Go Benguet ♥️  / -Lokal ng La Trinidad ❤,https://www.youtube.com/watch?v=ROa3kbG5M0U&lc=UgwF1qkIOtotttdXOLt4AaABAg,UgwF1qkIOtotttdXOLt4AaABAg,UCKZxY6b5mH_zsnldMnxGIpQ,"Fetched 05/24/2026, 8:08:10 PM GMT+8"
2295,La Trinidad,@Jazz-k6s,6 days ago,Let's go BENGUET 🍓  / Go! Go! Binhi 🌱  / Fight! Fight! La Trinidad 🐑,https://www.youtube.com/watch?v=ROa3kbG5M0U&lc=UgxOap8u31Wgh46ijJ14AaABAg,UgxOap8u31Wgh46ijJ14AaABAg,UCjmyu8zkVg7bQQCs4HypxNQ,"Fetched 05/24/2026, 8:08:10 PM GMT+8"
2296,La Trinidad,@BnHydn_3,6 days ago,Such a strong and uplifting message. / -Lokal ng La Trinidad,https://www.youtube.com/watch?v=ROa3kbG5M0U&lc=UgxFKj0UuKekm_I4vUF4AaABAg,UgxFKj0UuKekm_I4vUF4AaABAg,UCKZxY6b5mH_zsnldMnxGIpQ,"Fetched 05/24/2026, 8:08:10 PM GMT+8"
2297,La Trinidad,@BnHydn_3,6 days ago,Parang yakap sa puso ang awiting ito. happy viewing po mga kapatid  / Mula po sa lokal ng La Trinidad,https://www.youtube.com/watch?v=ROa3kbG5M0U&lc=Ugx-PT9ks-BHuxlIUzt4AaABAg,Ugx-PT9ks-BHuxlIUzt4AaABAg,UCKZxY6b5mH_zsnldMnxGIpQ,"Fetched 05/24/2026, 8:08:10 PM GMT+8"
2298,La Trinidad,@BnHydn_3,6 days ago,Napakapowerful ng mensahe / -Mula sa lokal ng La Trinidad,https://www.youtube.com/watch?v=ROa3kbG5M0U&lc=UgzYE5P-mTFHyvfc-sN4AaABAg,UgzYE5P-mTFHyvfc-sN4AaABAg,UCKZxY6b5mH_zsnldMnxGIpQ,"Fetched 05/24/2026, 8:08:10 PM GMT+8"
2299,La Trinidad,@BnHydn_3,6 days ago,‎Tunog langit ang boses. Mula po sa lokal ng La Trinidad,https://www.youtube.com/watch?v=ROa3kbG5M0U&lc=Ugy3J_XxpWzIz2FpC3t4AaABAg,Ugy3J_XxpWzIz2FpC3t4AaABAg,UCKZxY6b5mH_zsnldMnxGIpQ,"Fetched 05/24/2026, 8:08:10 PM GMT+8"
2300,La Trinidad,@BnHydn_3,6 days ago,‎Such a powerful and soul-touching masterpiece. Mula sa lokal ng La Trinidad,https://www.youtube.com/watch?v=ROa3kbG5M0U&lc=UgykC99JVONrgmF8IcR4AaABAg,UgykC99JVONrgmF8IcR4AaABAg,UCKZxY6b5mH_zsnldMnxGIpQ,"Fetched 05/24/2026, 8:08:10 PM GMT+8"
2301,La Trinidad,@BnHydn_3,6 days ago,Shoutout sa mga Nonstop supporters mula sa lokal ng La Trinidad. Fight Benguet ♥️,https://www.youtube.com/watch?v=ROa3kbG5M0U&lc=UgzRIPg0E49aVUrlETh4AaABAg,UgzRIPg0E49aVUrlETh4AaABAg,UCKZxY6b5mH_zsnldMnxGIpQ,"Fetched 05/24/2026, 8:08:10 PM GMT+8"
2302,La Trinidad,@JAZZ-p4b,6 days ago,Ganda tlaga ulit ulitin grabe very inspiring  /  / Lokal ng La Trinidad kapisanang binhi 🌱🐑🍓,https://www.youtube.com/watch?v=ROa3kbG5M0U&lc=UgxyzMIYCTm3Fs5QWq54AaABAg,UgxyzMIYCTm3Fs5QWq54AaABAg,UC_S502t_HqWNj_mH4FrmElg,"Fetched 05/24/2026, 8:08:10 PM GMT+8"
2303,La Trinidad,@JAZZ-p4b,6 days ago,Nakaka-proud ang ganitong klaseng kanta ☺️  /  / Lokal ng La Trinidad kapisanang binhi 🌱🐑🍓,https://www.youtube.com/watch?v=ROa3kbG5M0U&lc=UgwMtmjfPfxIzfYOj2F4AaABAg,UgwMtmjfPfxIzfYOj2F4AaABAg,UC_S502t_HqWNj_mH4FrmElg,"Fetched 05/24/2026, 8:08:10 PM GMT+8"
2304,La Trinidad,@BnHydn,6 days ago,Tunog langit ang boses!! / MULA SA Lokal ng La Trinidad,https://www.youtube.com/watch?v=ROa3kbG5M0U&lc=UgzF7UQS542glWYNEiR4AaABAg,UgzF7UQS542glWYNEiR4AaABAg,UCbVqbfs9vjTS-hPNArDNcFQ,"Fetched 05/24/2026, 8:08:10 PM GMT+8"
2305,La Trinidad,@BnHydn,6 days ago,Parang yakap sa puso ang awiting ito. happy viewing po mga kapatid  / Mula po sa lokal ng La Trinidad,https://www.youtube.com/watch?v=ROa3kbG5M0U&lc=Ugx1bJ3tYro2K5iJhex4AaABAg,Ugx1bJ3tYro2K5iJhex4AaABAg,UCbVqbfs9vjTS-hPNArDNcFQ,"Fetched 05/24/2026, 8:08:10 PM GMT+8"
2306,La Trinidad,@rejomartayaban,6 days ago,Team Benguetttt Fightinggg!! / Tuloy tuloy parin po ang support mula sa Lokal ng La Trinidad,https://www.youtube.com/watch?v=ROa3kbG5M0U&lc=UgxJ0WmXflvV45HHXLl4AaABAg,UgxJ0WmXflvV45HHXLl4AaABAg,UCi7RYRPFL6HTFaScpYFJMJQ,"Fetched 05/24/2026, 8:08:10 PM GMT+8"
2307,La Trinidad,@JAZZ-p4b,6 days ago,Nakakataba ng puso pakinggan sobrang ganda 😊 /  / Lokal ng La Trinidad kapisanang binhi 🌱,https://www.youtube.com/watch?v=ROa3kbG5M0U&lc=UgzF3756r-8RRUgiEbR4AaABAg,UgzF3756r-8RRUgiEbR4AaABAg,UC_S502t_HqWNj_mH4FrmElg,"Fetched 05/24/2026, 8:08:10 PM GMT+8"
2308,La Trinidad,@BnHydn,6 days ago,"A masterpiece that glorifies God beautifully.  / -Lokal ng La Trinidad, Fully supporting",https://www.youtube.com/watch?v=ROa3kbG5M0U&lc=UgxJfXJFnq2YGoFSHRN4AaABAg,UgxJfXJFnq2YGoFSHRN4AaABAg,UCbVqbfs9vjTS-hPNArDNcFQ,"Fetched 05/24/2026, 8:08:10 PM GMT+8"
2309,La Trinidad,@BnHydn,6 days ago,An inspiring performance filled with grace / Mula po sa lokal ng La Trinidad,https://www.youtube.com/watch?v=ROa3kbG5M0U&lc=Ugx_MwmLl6RoajtMP1t4AaABAg,Ugx_MwmLl6RoajtMP1t4AaABAg,UCbVqbfs9vjTS-hPNArDNcFQ,"Fetched 05/24/2026, 8:08:10 PM GMT+8"
2310,La Trinidad,@BnHydn,6 days ago,#INCMV / #BENGUETONTOP / -Lokal ng La Trinidad,https://www.youtube.com/watch?v=ROa3kbG5M0U&lc=Ugz5RFeghBT7vT5zaCJ4AaABAg,Ugz5RFeghBT7vT5zaCJ4AaABAg,UCbVqbfs9vjTS-hPNArDNcFQ,"Fetched 05/24/2026, 8:08:10 PM GMT+8"
2311,La Trinidad,@BnHydn,6 days ago,Never ending support Mula po sa lokal ng La Trinidad. Happy viewing po!!,https://www.youtube.com/watch?v=ROa3kbG5M0U&lc=Ugx95Bq7E6WGEs1RP3d4AaABAg,Ugx95Bq7E6WGEs1RP3d4AaABAg,UCbVqbfs9vjTS-hPNArDNcFQ,"Fetched 05/24/2026, 8:08:10 PM GMT+8"
2312,La Trinidad,@JAZZ-p4b,6 days ago,MASTERPIECE 🔥 /  / Lokal ng La Trinidad kapisanang binhi 🌱🐑🍓,https://www.youtube.com/watch?v=ROa3kbG5M0U&lc=UgxXAq65cYnbCVIQKo94AaABAg,UgxXAq65cYnbCVIQKo94AaABAg,UC_S502t_HqWNj_mH4FrmElg,"Fetched 05/24/2026, 8:08:10 PM GMT+8"
2313,La Trinidad,@BnHydn,6 days ago,Beautifully made with sincerity and devotion / -Lokal ng La Trinidad,https://www.youtube.com/watch?v=ROa3kbG5M0U&lc=UgxNW3Tgx_bOIJUopmB4AaABAg,UgxNW3Tgx_bOIJUopmB4AaABAg,UCbVqbfs9vjTS-hPNArDNcFQ,"Fetched 05/24/2026, 8:08:10 PM GMT+8"
2314,La Trinidad,@BnHydn,6 days ago,Such a strong and uplifting message. / -Lokal ng La Trinidad,https://www.youtube.com/watch?v=ROa3kbG5M0U&lc=UgwjwcYPKavqCDpxY114AaABAg,UgwjwcYPKavqCDpxY114AaABAg,UCbVqbfs9vjTS-hPNArDNcFQ,"Fetched 05/24/2026, 8:08:10 PM GMT+8"
2315,La Trinidad,@JAZZ-p4b,6 days ago,On repeat 🔁  /  / Lokal ng La Trinidad kapisanang binhi 🌱😊,https://www.youtube.com/watch?v=ROa3kbG5M0U&lc=UgwTjga7AaYFvmqyy_Z4AaABAg,UgwTjga7AaYFvmqyy_Z4AaABAg,UC_S502t_HqWNj_mH4FrmElg,"Fetched 05/24/2026, 8:08:10 PM GMT+8"
2316,La Trinidad,@JAZZ-p4b,6 days ago,Let's keep on listening and enjoying the song mga kapatid  /  / Lokal ng La Trinidad kapisanang binhi 🌱,https://www.youtube.com/watch?v=ROa3kbG5M0U&lc=UgxbdVgIZvOUL8r59PB4AaABAg,UgxbdVgIZvOUL8r59PB4AaABAg,UC_S502t_HqWNj_mH4FrmElg,"Fetched 05/24/2026, 8:08:10 PM GMT+8"
2317,La Trinidad,@JAZZ-p4b,6 days ago,Napakaganda ng music video na ito at talagang nakaka-inspire❤❤😊 /  /  / Lokal ng La Trinidad kapisanang binhi 🌱🐑🍓,https://www.youtube.com/watch?v=ROa3kbG5M0U&lc=UgyaCMIfALIwZCh2dVJ4AaABAg,UgyaCMIfALIwZCh2dVJ4AaABAg,UC_S502t_HqWNj_mH4FrmElg,"Fetched 05/24/2026, 8:08:10 PM GMT+8"
2318,La Trinidad,@JAZZ-p4b,6 days ago,Nakakagaan tlaga ng loob at nakakapagbigay inspirasyon  /  / Lokal ng La Trinidad kapisanang binhi 🌱🐑🍓,https://www.youtube.com/watch?v=ROa3kbG5M0U&lc=UgwuOWv2ghwVEjQl0Th4AaABAg,UgwuOWv2ghwVEjQl0Th4AaABAg,UC_S502t_HqWNj_mH4FrmElg,"Fetched 05/24/2026, 8:08:10 PM GMT+8"
2319,La Trinidad,@JAZZ-p4b,6 days ago,Salamat po sa pamamahagi ng napaka inspiring na masterpiece😊😊😊 /  / Lokal ng La Trinidad kapisanang binhi 🌱🐑🍓,https://www.youtube.com/watch?v=ROa3kbG5M0U&lc=UgxrDuNKxXqGPBEmnV54AaABAg,UgxrDuNKxXqGPBEmnV54AaABAg,UC_S502t_HqWNj_mH4FrmElg,"Fetched 05/24/2026, 8:08:10 PM GMT+8"
2320,La Trinidad,@JAZZ-p4b,6 days ago,Ang awit na ito ay nagbibigay pag-asa at inspirasyon🤩 /  / Lokal ng La Trinidad kapisanang binhi 🌱🐑,https://www.youtube.com/watch?v=ROa3kbG5M0U&lc=UgwQ3ITS94ppmdSDRgZ4AaABAg,UgwQ3ITS94ppmdSDRgZ4AaABAg,UC_S502t_HqWNj_mH4FrmElg,"Fetched 05/24/2026, 8:08:10 PM GMT+8"
2321,La Trinidad,@JAZZ-p4b,6 days ago,Nakakataba ng puso pakinggan 💗 /  / Lokal ng La Trinidad kapisanang binhi 🌱🐑,https://www.youtube.com/watch?v=ROa3kbG5M0U&lc=UgwlNdwxKCVwtmncAqt4AaABAg,UgwlNdwxKCVwtmncAqt4AaABAg,UC_S502t_HqWNj_mH4FrmElg,"Fetched 05/24/2026, 8:08:10 PM GMT+8"
2322,La Trinidad,@JAZZ-p4b,6 days ago,Ang awit na ito ay nagbibigay pag-asa at inspirasyon 😊❤ /  / Lokal ng La Trinidad kapisanang binhi 🌱🐑,https://www.youtube.com/watch?v=ROa3kbG5M0U&lc=UgwAhnQa05L1FzQ7DCJ4AaABAg,UgwAhnQa05L1FzQ7DCJ4AaABAg,UC_S502t_HqWNj_mH4FrmElg,"Fetched 05/24/2026, 8:08:10 PM GMT+8"
2323,La Trinidad,@Axiee-s4s,6 days ago,Watching and supporting together po from Lokal ng La Trinidad! 💚,https://www.youtube.com/watch?v=ROa3kbG5M0U&lc=UgxdeqiaRUboRjC8pp94AaABAg,UgxdeqiaRUboRjC8pp94AaABAg,UCvLy09DU_ionlyibzzGyvLw,"Fetched 05/24/2026, 8:08:10 PM GMT+8"
2324,La Trinidad,@Axiee-s4s,6 days ago,Full support all the way po from Lokal ng La Trinidad! 🌸,https://www.youtube.com/watch?v=ROa3kbG5M0U&lc=Ugw0NiQTjKank41nASZ4AaABAg,Ugw0NiQTjKank41nASZ4AaABAg,UCvLy09DU_ionlyibzzGyvLw,"Fetched 05/24/2026, 8:08:10 PM GMT+8"
2325,La Trinidad,@Axiee-s4s,6 days ago,Still sending support while watching po from Lokal ng La Trinidad! 🙌💞,https://www.youtube.com/watch?v=ROa3kbG5M0U&lc=Ugz-jt_Kfk95Yg-l7Pl4AaABAg,Ugz-jt_Kfk95Yg-l7Pl4AaABAg,UCvLy09DU_ionlyibzzGyvLw,"Fetched 05/24/2026, 8:08:10 PM GMT+8"
2326,La Trinidad,@Axiee-s4s,6 days ago,Nakatutok pa rin po kami from Lokal ng La Trinidad! 🎶,https://www.youtube.com/watch?v=ROa3kbG5M0U&lc=Ugy71am-Wow4O_WwfPp4AaABAg,Ugy71am-Wow4O_WwfPp4AaABAg,UCvLy09DU_ionlyibzzGyvLw,"Fetched 05/24/2026, 8:08:10 PM GMT+8"
2327,La Trinidad,@Axiee-s4s,6 days ago,Watching continuously with happiness po from Lokal ng La Trinidad! 💖,https://www.youtube.com/watch?v=ROa3kbG5M0U&lc=Ugzn7kLdEnn60XNaSoh4AaABAg,Ugzn7kLdEnn60XNaSoh4AaABAg,UCvLy09DU_ionlyibzzGyvLw,"Fetched 05/24/2026, 8:08:10 PM GMT+8"
2328,La Trinidad,@Axiee-s4s,6 days ago,Still active in watching po from Lokal ng La Trinidad! 💚✨,https://www.youtube.com/watch?v=ROa3kbG5M0U&lc=UgwmrSq7DiLhox9kRqR4AaABAg,UgwmrSq7DiLhox9kRqR4AaABAg,UCvLy09DU_ionlyibzzGyvLw,"Fetched 05/24/2026, 8:08:10 PM GMT+8"
2329,La Trinidad,@Axiee-s4s,6 days ago,Stay tuned po from Lokal ng La Trinidad! 🌟,https://www.youtube.com/watch?v=ROa3kbG5M0U&lc=UgwrZ-5KcSvZnaqn7Ph4AaABAg,UgwrZ-5KcSvZnaqn7Ph4AaABAg,UCvLy09DU_ionlyibzzGyvLw,"Fetched 05/24/2026, 8:08:10 PM GMT+8"
2330,La Trinidad,@Axiee-s4s,6 days ago,Watching hanggang dulo po from Lokal ng La Trinidad! 💞,https://www.youtube.com/watch?v=ROa3kbG5M0U&lc=UgxGuYhinPF8HHHxHr94AaABAg,UgxGuYhinPF8HHHxHr94AaABAg,UCvLy09DU_ionlyibzzGyvLw,"Fetched 05/24/2026, 8:08:10 PM GMT+8"
2331,La Trinidad,@Axiee-s4s,6 days ago,Still enjoying every moment po from Lokal ng La Trinidad! 🙏,https://www.youtube.com/watch?v=ROa3kbG5M0U&lc=UgzFMfJWAaKXKHE8WhN4AaABAg,UgzFMfJWAaKXKHE8WhN4AaABAg,UCvLy09DU_ionlyibzzGyvLw,"Fetched 05/24/2026, 8:08:10 PM GMT+8"
2332,La Trinidad,@Axiee-s4s,6 days ago,Patuloy ang panonood at suporta po from Lokal ng La Trinidad! 🌸,https://www.youtube.com/watch?v=ROa3kbG5M0U&lc=UgyXSIBOSyLyMvdXmBZ4AaABAg,UgyXSIBOSyLyMvdXmBZ4AaABAg,UCvLy09DU_ionlyibzzGyvLw,"Fetched 05/24/2026, 8:08:10 PM GMT+8"
2333,La Trinidad,@Axiee-s4s,6 days ago,Full support habang nanonood po from Lokal ng La Trinidad! 🎵,https://www.youtube.com/watch?v=ROa3kbG5M0U&lc=Ugyg6Hxj78QN8_8_t7d4AaABAg,Ugyg6Hxj78QN8_8_t7d4AaABAg,UCvLy09DU_ionlyibzzGyvLw,"Fetched 05/24/2026, 8:08:10 PM GMT+8"
2334,La Trinidad,@Axiee-s4s,6 days ago,Watching with joy and support po from Lokal ng La Trinidad! 💖,https://www.youtube.com/watch?v=ROa3kbG5M0U&lc=UgytsxONa3ru0mpZMDJ4AaABAg,UgytsxONa3ru0mpZMDJ4AaABAg,UCvLy09DU_ionlyibzzGyvLw,"Fetched 05/24/2026, 8:08:10 PM GMT+8"
2335,La Trinidad,@Axiee-s4s,6 days ago,Still tuned in and inspired po from Lokal ng La Trinidad! ✨,https://www.youtube.com/watch?v=ROa3kbG5M0U&lc=UgwktfmsS_4lqaIQWyR4AaABAg,UgwktfmsS_4lqaIQWyR4AaABAg,UCvLy09DU_ionlyibzzGyvLw,"Fetched 05/24/2026, 8:08:10 PM GMT+8"
2336,La Trinidad,@Axiee-s4s,6 days ago,Continuous support and viewing po from Lokal ng La Trinidad! 💚,https://www.youtube.com/watch?v=ROa3kbG5M0U&lc=Ugys4PJeltv8TG3DmWt4AaABAg,Ugys4PJeltv8TG3DmWt4AaABAg,UCvLy09DU_ionlyibzzGyvLw,"Fetched 05/24/2026, 8:08:10 PM GMT+8"
2337,La Trinidad,@Axiee-s4s,6 days ago,Nanonood pa rin po kami from Lokal ng La Trinidad! 🙌,https://www.youtube.com/watch?v=ROa3kbG5M0U&lc=Ugz_zNCcpSP79fXfU6B4AaABAg,Ugz_zNCcpSP79fXfU6B4AaABAg,UCvLy09DU_ionlyibzzGyvLw,"Fetched 05/24/2026, 8:08:10 PM GMT+8"
2338,La Trinidad,@Axiee-s4s,6 days ago,Still here and enjoying po from Lokal ng La Trinidad! 💞,https://www.youtube.com/watch?v=ROa3kbG5M0U&lc=UgwpiZVw_UbB5Xqn7D94AaABAg,UgwpiZVw_UbB5Xqn7D94AaABAg,UCvLy09DU_ionlyibzzGyvLw,"Fetched 05/24/2026, 8:08:10 PM GMT+8"
2339,La Trinidad,@Axiee-s4s,6 days ago,Watching pa rin po with full support from Lokal ng La Trinidad! 🌟,https://www.youtube.com/watch?v=ROa3kbG5M0U&lc=UgympydWh_M5r__T9UV4AaABAg,UgympydWh_M5r__T9UV4AaABAg,UCvLy09DU_ionlyibzzGyvLw,"Fetched 05/24/2026, 8:08:10 PM GMT+8"
2340,La Trinidad,@Axiee-s4s,6 days ago,Patuloy pong nakatutok from Lokal ng La Trinidad! 🎶,https://www.youtube.com/watch?v=ROa3kbG5M0U&lc=UgyBj7CGAxtKCJQktaB4AaABAg,UgyBj7CGAxtKCJQktaB4AaABAg,UCvLy09DU_ionlyibzzGyvLw,"Fetched 05/24/2026, 8:08:10 PM GMT+8"
2341,La Trinidad,@Axiee-s4s,6 days ago,Nonstop viewing po from Lokal ng La Trinidad! 💖,https://www.youtube.com/watch?v=ROa3kbG5M0U&lc=UgwDmeBYvOxgcg13ift4AaABAg,UgwDmeBYvOxgcg13ift4AaABAg,UCvLy09DU_ionlyibzzGyvLw,"Fetched 05/24/2026, 8:08:10 PM GMT+8"
2342,La Trinidad,@Axiee-s4s,6 days ago,Still watching and supporting po from Lokal ng La Trinidad! 💚✨,https://www.youtube.com/watch?v=ROa3kbG5M0U&lc=UgyYIomE61iNaH_68AN4AaABAg,UgyYIomE61iNaH_68AN4AaABAg,UCvLy09DU_ionlyibzzGyvLw,"Fetched 05/24/2026, 8:08:10 PM GMT+8"
2343,La Trinidad,@BnHydn,6 days ago,Benguet number 1 ⚡ / Continuous support from the Locale Congregation of La Trinidad,https://www.youtube.com/watch?v=ROa3kbG5M0U&lc=UgzMUQTc6VT4PEX194t4AaABAg,UgzMUQTc6VT4PEX194t4AaABAg,UCbVqbfs9vjTS-hPNArDNcFQ,"Fetched 05/24/2026, 8:08:10 PM GMT+8"
2344,La Trinidad,@JAZZ-p4b,6 days ago,❤❤❤ po sa inyong lahat mga kapatid Mula po sa lokal ng La Trinidad kapisanang binhi 🌱🐑🍓,https://www.youtube.com/watch?v=ROa3kbG5M0U&lc=Ugzqkh6nf2HxzfuqBw14AaABAg,Ugzqkh6nf2HxzfuqBw14AaABAg,UC_S502t_HqWNj_mH4FrmElg,"Fetched 05/24/2026, 8:08:10 PM GMT+8"
2345,La Trinidad,@Axiee-s4s,6 days ago,Still watching and supporting po from Lokal ng La Trinidad! 💚✨,https://www.youtube.com/watch?v=ROa3kbG5M0U&lc=Ugxm44fSKZ8BnGF6C4l4AaABAg,Ugxm44fSKZ8BnGF6C4l4AaABAg,UCvLy09DU_ionlyibzzGyvLw,"Fetched 05/24/2026, 8:08:10 PM GMT+8"
2346,La Trinidad,@JAZZ-p4b,6 days ago,blessing tlaga to sa laht ng nanonood nito /  / Lokal ng La Trinidad kapisanang binhi 🌱🐑🍓,https://www.youtube.com/watch?v=ROa3kbG5M0U&lc=UgzKCNnu5N6OTOpegLB4AaABAg,UgzKCNnu5N6OTOpegLB4AaABAg,UC_S502t_HqWNj_mH4FrmElg,"Fetched 05/24/2026, 8:08:10 PM GMT+8"
2347,La Trinidad,@Axiee-s4s,6 days ago,Still enjoying the viewing po from Lokal ng La Trinidad! 🌸,https://www.youtube.com/watch?v=ROa3kbG5M0U&lc=Ugy1VkPHggen_Q72e6p4AaABAg,Ugy1VkPHggen_Q72e6p4AaABAg,UCvLy09DU_ionlyibzzGyvLw,"Fetched 05/24/2026, 8:08:10 PM GMT+8"
2348,La Trinidad,@Axiee-s4s,6 days ago,Patuloy na sumusuporta from Lokal ng La Trinidad! 🙌💞,https://www.youtube.com/watch?v=ROa3kbG5M0U&lc=UgyZXzOjyWxxIvzEU8p4AaABAg,UgyZXzOjyWxxIvzEU8p4AaABAg,UCvLy09DU_ionlyibzzGyvLw,"Fetched 05/24/2026, 8:08:10 PM GMT+8"
2349,La Trinidad,@Axiee-s4s,6 days ago,Nakaabang at nanonood pa rin po from Lokal ng La Trinidad! 🎶,https://www.youtube.com/watch?v=ROa3kbG5M0U&lc=Ugw7M8hS-T4gIjtDJaB4AaABAg,Ugw7M8hS-T4gIjtDJaB4AaABAg,UCvLy09DU_ionlyibzzGyvLw,"Fetched 05/24/2026, 8:08:10 PM GMT+8"
2350,La Trinidad,@Axiee-s4s,6 days ago,Watching with joy po from Lokal ng La Trinidad! 💖,https://www.youtube.com/watch?v=ROa3kbG5M0U&lc=UgwL9-MGxKfTjPsdof14AaABAg,UgwL9-MGxKfTjPsdof14AaABAg,UCvLy09DU_ionlyibzzGyvLw,"Fetched 05/24/2026, 8:08:10 PM GMT+8"
2351,La Trinidad,@Axiee-s4s,6 days ago,Still tuned in po from Lokal ng La Trinidad! ✨,https://www.youtube.com/watch?v=ROa3kbG5M0U&lc=UgyDL90Zn0wsaA1id7V4AaABAg,UgyDL90Zn0wsaA1id7V4AaABAg,UCvLy09DU_ionlyibzzGyvLw,"Fetched 05/24/2026, 8:08:10 PM GMT+8"
2352,La Trinidad,@Axiee-s4s,6 days ago,Full support while watching po from Lokal ng La Trinidad! 💚,https://www.youtube.com/watch?v=ROa3kbG5M0U&lc=UgzVlB-AifhrKG69AUl4AaABAg,UgzVlB-AifhrKG69AUl4AaABAg,UCvLy09DU_ionlyibzzGyvLw,"Fetched 05/24/2026, 8:08:10 PM GMT+8"
2353,La Trinidad,@Axiee-s4s,6 days ago,Watching and supporting nonstop po from Lokal ng La Trinidad! 🌟,https://www.youtube.com/watch?v=ROa3kbG5M0U&lc=UgwzT9SxQjjsIwM9AT94AaABAg,UgwzT9SxQjjsIwM9AT94AaABAg,UCvLy09DU_ionlyibzzGyvLw,"Fetched 05/24/2026, 8:08:10 PM GMT+8"
2354,La Trinidad,@BnHydn,6 days ago,"We are still here, Lokal ng La Trinidad, watching nonstop. Di talaga nakakasawa! / -Lokal ng La Trinidad",https://www.youtube.com/watch?v=ROa3kbG5M0U&lc=UgxmPhvjNG3SirZHqCF4AaABAg,UgxmPhvjNG3SirZHqCF4AaABAg,UCbVqbfs9vjTS-hPNArDNcFQ,"Fetched 05/24/2026, 8:08:10 PM GMT+8"
2355,La Trinidad,@Axiee-s4s,6 days ago,Patuloy po ang panonood from Lokal ng La Trinidad! 💞,https://www.youtube.com/watch?v=ROa3kbG5M0U&lc=UgxHOsrJgqvYONoQW4Z4AaABAg,UgxHOsrJgqvYONoQW4Z4AaABAg,UCvLy09DU_ionlyibzzGyvLw,"Fetched 05/24/2026, 8:08:10 PM GMT+8"
2356,La Trinidad,@Axiee-s4s,6 days ago,Watching all the way po from Lokal ng La Trinidad! 🙏,https://www.youtube.com/watch?v=ROa3kbG5M0U&lc=Ugzj9yoKtpQgUvXOeHZ4AaABAg,Ugzj9yoKtpQgUvXOeHZ4AaABAg,UCvLy09DU_ionlyibzzGyvLw,"Fetched 05/24/2026, 8:08:10 PM GMT+8"
2357,La Trinidad,@JAZZ-p4b,6 days ago,Itong music na to nag bibigy ng strength at encouragement grabe ang ganda /  / Lokal ng La Trinidad kapisanang binhi 🌱🐑🍓,https://www.youtube.com/watch?v=ROa3kbG5M0U&lc=Ugwd_npAT0_thFnw4AZ4AaABAg,Ugwd_npAT0_thFnw4AZ4AaABAg,UC_S502t_HqWNj_mH4FrmElg,"Fetched 05/24/2026, 8:08:10 PM GMT+8"
2358,La Trinidad,@Axiee-s4s,6 days ago,Happy viewing po from Lokal ng La Trinidad! 🌸,https://www.youtube.com/watch?v=ROa3kbG5M0U&lc=Ugy6M4yP2Lzc_K4PyqN4AaABAg,Ugy6M4yP2Lzc_K4PyqN4AaABAg,UCvLy09DU_ionlyibzzGyvLw,"Fetched 05/24/2026, 8:08:10 PM GMT+8"
2359,La Trinidad,@Axiee-s4s,6 days ago,Still here watching po from Lokal ng La Trinidad! 💖,https://www.youtube.com/watch?v=ROa3kbG5M0U&lc=UgwEMPa2308hLTuDC0p4AaABAg,UgwEMPa2308hLTuDC0p4AaABAg,UCvLy09DU_ionlyibzzGyvLw,"Fetched 05/24/2026, 8:08:10 PM GMT+8"
2360,La Trinidad,@Axiee-s4s,6 days ago,Continuous viewing po from Lokal ng La Trinidad! 🎵,https://www.youtube.com/watch?v=ROa3kbG5M0U&lc=UgxK4KTP12ehAxIFlh94AaABAg,UgxK4KTP12ehAxIFlh94AaABAg,UCvLy09DU_ionlyibzzGyvLw,"Fetched 05/24/2026, 8:08:10 PM GMT+8"
2361,La Trinidad,@Axiee-s4s,6 days ago,Nanonood at sumusuporta pa rin po from Lokal ng La Trinidad! 💚✨,https://www.youtube.com/watch?v=ROa3kbG5M0U&lc=UgyDvroVAYa-EOIFDVN4AaABAg,UgyDvroVAYa-EOIFDVN4AaABAg,UCvLy09DU_ionlyibzzGyvLw,"Fetched 05/24/2026, 8:08:10 PM GMT+8"
2362,La Trinidad,@Axiee-s4s,6 days ago,Watching with full support po from Lokal ng La Trinidad! 🙌,https://www.youtube.com/watch?v=ROa3kbG5M0U&lc=UgwQB45sZ3dVq_Ib3Gp4AaABAg,UgwQB45sZ3dVq_Ib3Gp4AaABAg,UCvLy09DU_ionlyibzzGyvLw,"Fetched 05/24/2026, 8:08:10 PM GMT+8"
2363,La Trinidad,@Axiee-s4s,6 days ago,Enjoy watching po from Lokal ng La Trinidad! 💞,https://www.youtube.com/watch?v=ROa3kbG5M0U&lc=UgwcSVLl3td-fzu07HJ4AaABAg,UgwcSVLl3td-fzu07HJ4AaABAg,UCvLy09DU_ionlyibzzGyvLw,"Fetched 05/24/2026, 8:08:10 PM GMT+8"
2364,La Trinidad,@BnHydn_4,6 days ago,"Happy viewing to all  / "" From the Locale Congregation of La Trinidad""",https://www.youtube.com/watch?v=ROa3kbG5M0U&lc=UgwoUz5ebiOSYzGM08V4AaABAg,UgwoUz5ebiOSYzGM08V4AaABAg,UCBGtwATEAOhJaVSd9_AsgFw,"Fetched 05/24/2026, 8:08:10 PM GMT+8"
2365,La Trinidad,@Axiee-s4s,6 days ago,Still supporting and watching po from Lokal ng La Trinidad! 🌟,https://www.youtube.com/watch?v=ROa3kbG5M0U&lc=UgyELIrBN-EdAYJVQ3F4AaABAg,UgyELIrBN-EdAYJVQ3F4AaABAg,UCvLy09DU_ionlyibzzGyvLw,"Fetched 05/24/2026, 8:08:10 PM GMT+8"
2366,La Trinidad,@BnHydn_4,6 days ago,♥️Let's go Benguet ♥️ / 💚 Local ng La Trinidad 💚,https://www.youtube.com/watch?v=ROa3kbG5M0U&lc=UgwG92vTHtPJhe9XNcx4AaABAg,UgwG92vTHtPJhe9XNcx4AaABAg,UCBGtwATEAOhJaVSd9_AsgFw,"Fetched 05/24/2026, 8:08:10 PM GMT+8"
2367,La Trinidad,@Axiee-s4s,6 days ago,Patuloy pong nanonood from Lokal ng La Trinidad! 🎶,https://www.youtube.com/watch?v=ROa3kbG5M0U&lc=UgwSlJYVSikNUks26Ud4AaABAg,UgwSlJYVSikNUks26Ud4AaABAg,UCvLy09DU_ionlyibzzGyvLw,"Fetched 05/24/2026, 8:08:10 PM GMT+8"
2368,La Trinidad,@Axiee-s4s,6 days ago,Tuned in pa rin po from Lokal ng La Trinidad! 💖,https://www.youtube.com/watch?v=ROa3kbG5M0U&lc=Ugy12gkf6c24uDxhOFF4AaABAg,Ugy12gkf6c24uDxhOFF4AaABAg,UCvLy09DU_ionlyibzzGyvLw,"Fetched 05/24/2026, 8:08:10 PM GMT+8"
2369,La Trinidad,@Axiee-s4s,6 days ago,Watching continuously po from Lokal ng La Trinidad! ✨,https://www.youtube.com/watch?v=ROa3kbG5M0U&lc=Ugx0gXxjHF6uPXxGpER4AaABAg,Ugx0gXxjHF6uPXxGpER4AaABAg,UCvLy09DU_ionlyibzzGyvLw,"Fetched 05/24/2026, 8:08:10 PM GMT+8"
2370,La Trinidad,@BnHydn_4,6 days ago,Binhi watchers 🤚 / -Lokal ng La Trinidad,https://www.youtube.com/watch?v=ROa3kbG5M0U&lc=Ugz6lTR5ANwb1MewRGt4AaABAg,Ugz6lTR5ANwb1MewRGt4AaABAg,UCBGtwATEAOhJaVSd9_AsgFw,"Fetched 05/24/2026, 8:08:10 PM GMT+8"
2371,La Trinidad,@Axiee-s4s,6 days ago,Still watching po from Lokal ng La Trinidad! 💚,https://www.youtube.com/watch?v=ROa3kbG5M0U&lc=Ugxm_4n33WF9FCvfned4AaABAg,Ugxm_4n33WF9FCvfned4AaABAg,UCvLy09DU_ionlyibzzGyvLw,"Fetched 05/24/2026, 8:08:10 PM GMT+8"
2372,La Trinidad,@BnHydn_4,6 days ago,"best MV !! Mula po sa lokal ng La Trinidad,",https://www.youtube.com/watch?v=ROa3kbG5M0U&lc=UgzX7n1rKa39FkvvWnd4AaABAg,UgzX7n1rKa39FkvvWnd4AaABAg,UCBGtwATEAOhJaVSd9_AsgFw,"Fetched 05/24/2026, 8:08:10 PM GMT+8"
2373,La Trinidad,@JAZZ-p4b,6 days ago,"Grabe ang ganda nman tlaga nito, nakaka-bless panoorin 😊❤ /  / Lokal ng La Trinidad 🪷🍓🐑",https://www.youtube.com/watch?v=ROa3kbG5M0U&lc=UgyjvlZ9u6khAc1p8ut4AaABAg,UgyjvlZ9u6khAc1p8ut4AaABAg,UC_S502t_HqWNj_mH4FrmElg,"Fetched 05/24/2026, 8:08:10 PM GMT+8"
2374,La Trinidad,@BnHydn_4,6 days ago,napakaganda ng production 🎇 / -Mula sa lokal ng La Trinidad,https://www.youtube.com/watch?v=ROa3kbG5M0U&lc=UgwJkQO4Nnv2Mm7qLkR4AaABAg,UgwJkQO4Nnv2Mm7qLkR4AaABAg,UCBGtwATEAOhJaVSd9_AsgFw,"Fetched 05/24/2026, 8:08:10 PM GMT+8"
2375,La Trinidad,@BnHydn_4,6 days ago,Hindi nakakasawang panoorin ‼️ Mula po sa lokal ng La Trinidad,https://www.youtube.com/watch?v=ROa3kbG5M0U&lc=Ugy3KJLmKoINBQDM_Ll4AaABAg,Ugy3KJLmKoINBQDM_Ll4AaABAg,UCBGtwATEAOhJaVSd9_AsgFw,"Fetched 05/24/2026, 8:08:10 PM GMT+8"
2376,La Trinidad,@BnHydn_4,6 days ago,Truly inspiring from start to finish🚿 Mula sa lokal ng La Trinidad,https://www.youtube.com/watch?v=ROa3kbG5M0U&lc=UgxMeOJJdWqr-LBkfvd4AaABAg,UgxMeOJJdWqr-LBkfvd4AaABAg,UCBGtwATEAOhJaVSd9_AsgFw,"Fetched 05/24/2026, 8:08:10 PM GMT+8"
2377,La Trinidad,@BnHydn_4,6 days ago,Truly inspiring from start to finish🚿 Mula sa lokal ng La Trinidad,https://www.youtube.com/watch?v=ROa3kbG5M0U&lc=UgwKRArcji_g1PWvGi94AaABAg,UgwKRArcji_g1PWvGi94AaABAg,UCBGtwATEAOhJaVSd9_AsgFw,"Fetched 05/24/2026, 8:08:10 PM GMT+8"
2378,La Trinidad,@JAZZ-p4b,6 days ago,Still giving our full 💯 support from Lokal ng La Trinidad because it's very enjoyable and inspiring song😊❤ /  / Lokal ng La Trinidad 🪷🍓  / Kapisanang binhi 🌱🐑,https://www.youtube.com/watch?v=ROa3kbG5M0U&lc=Ugxq94Xc0HcmzpWX_0N4AaABAg,Ugxq94Xc0HcmzpWX_0N4AaABAg,UC_S502t_HqWNj_mH4FrmElg,"Fetched 05/24/2026, 8:08:10 PM GMT+8"
2379,La Trinidad,@BnHydn_4,6 days ago,This kind of music heals the heart♥️ Mula po sa lokal ng La Trinidad,https://www.youtube.com/watch?v=ROa3kbG5M0U&lc=Ugyw7ABdgL-h59mnLzR4AaABAg,Ugyw7ABdgL-h59mnLzR4AaABAg,UCBGtwATEAOhJaVSd9_AsgFw,"Fetched 05/24/2026, 8:08:10 PM GMT+8"
2380,La Trinidad,@JAZZ-p4b,6 days ago,Worth watching again and again /  / Lokal ng La Trinidad kapisanang binhi 🌱🐑🍓,https://www.youtube.com/watch?v=ROa3kbG5M0U&lc=UgwnRnLWP6JC1UA0oJB4AaABAg,UgwnRnLWP6JC1UA0oJB4AaABAg,UC_S502t_HqWNj_mH4FrmElg,"Fetched 05/24/2026, 8:08:10 PM GMT+8"
2381,La Trinidad,@BnHydn_4,6 days ago,This kind of music heals the heart♥️ Mula po sa lokal ng La Trinidad,https://www.youtube.com/watch?v=ROa3kbG5M0U&lc=UgzdpWtLAUGtIC6oSO54AaABAg,UgzdpWtLAUGtIC6oSO54AaABAg,UCBGtwATEAOhJaVSd9_AsgFw,"Fetched 05/24/2026, 8:08:10 PM GMT+8"
2382,La Trinidad,@axeliee-m5u,6 days ago,"Ang husay po ng lahat ng involved sa MV, kitang-kita ang dedication! Mula po sa lahat ng may tungkulin sa Lokal ng La Trinidad. 💖",https://www.youtube.com/watch?v=ROa3kbG5M0U&lc=UgyB7UfK4h_DPYzP2IB4AaABAg,UgyB7UfK4h_DPYzP2IB4AaABAg,UCxjmGS0yLlCMs4Fe-AqbHFw,"Fetched 05/24/2026, 8:08:10 PM GMT+8"
2383,La Trinidad,@BnHydn_4,6 days ago,Waves of support Mula po sa lokal ng La Trinidad 🌊,https://www.youtube.com/watch?v=ROa3kbG5M0U&lc=UgzhVMrwGX_oo2R_W_54AaABAg,UgzhVMrwGX_oo2R_W_54AaABAg,UCBGtwATEAOhJaVSd9_AsgFw,"Fetched 05/24/2026, 8:08:10 PM GMT+8"
2384,La Trinidad,@axeliee-m5u,6 days ago,Truly inspiring and beautifully made po ang MV! Mula po sa lahat ng may tungkulin sa Lokal ng La Trinidad. 🌟,https://www.youtube.com/watch?v=ROa3kbG5M0U&lc=UgwiuRNzccj3n07vnbt4AaABAg,UgwiuRNzccj3n07vnbt4AaABAg,UCxjmGS0yLlCMs4Fe-AqbHFw,"Fetched 05/24/2026, 8:08:10 PM GMT+8"
2385,La Trinidad,@BnHydn_4,6 days ago,🎶Enjoy viewing 📺 / -La Trinidad,https://www.youtube.com/watch?v=ROa3kbG5M0U&lc=Ugzx8tPgDX938oQKXl14AaABAg,Ugzx8tPgDX938oQKXl14AaABAg,UCBGtwATEAOhJaVSd9_AsgFw,"Fetched 05/24/2026, 8:08:10 PM GMT+8"
2386,La Trinidad,@BnHydn_4,6 days ago,"Fight or flight? Fight!!! / -Fighting, Lokal ng La Trinidad",https://www.youtube.com/watch?v=ROa3kbG5M0U&lc=UgyV7gvKmenf2eBJK294AaABAg,UgyV7gvKmenf2eBJK294AaABAg,UCBGtwATEAOhJaVSd9_AsgFw,"Fetched 05/24/2026, 8:08:10 PM GMT+8"
2387,La Trinidad,@axeliee-m5u,6 days ago,"Napaka-smooth at high quality ng MV, ang sarap ulit-ulitin panoorin! Mula po sa lahat ng may tungkulin sa Lokal ng La Trinidad. 💚",https://www.youtube.com/watch?v=ROa3kbG5M0U&lc=Ugyl1obyrHrz_ZPRnbl4AaABAg,Ugyl1obyrHrz_ZPRnbl4AaABAg,UCxjmGS0yLlCMs4Fe-AqbHFw,"Fetched 05/24/2026, 8:08:10 PM GMT+8"
2388,La Trinidad,@BnHydn_4,6 days ago,Infinite support Mula po sa lokal ng La Trinidad,https://www.youtube.com/watch?v=ROa3kbG5M0U&lc=Ugy_dEGfm7MMgrhJgUd4AaABAg,Ugy_dEGfm7MMgrhJgUd4AaABAg,UCBGtwATEAOhJaVSd9_AsgFw,"Fetched 05/24/2026, 8:08:10 PM GMT+8"
2389,La Trinidad,@axeliee-m5u,6 days ago,"Ang galing po ng concept at execution ng MV, sobrang impressive! Mula po sa lahat ng may tungkulin sa Lokal ng La Trinidad. ✨",https://www.youtube.com/watch?v=ROa3kbG5M0U&lc=UgxY9RWMBf_737oX__Z4AaABAg,UgxY9RWMBf_737oX__Z4AaABAg,UCxjmGS0yLlCMs4Fe-AqbHFw,"Fetched 05/24/2026, 8:08:10 PM GMT+8"
2390,La Trinidad,@axeliee-m5u,6 days ago,"Amazing visuals and beautiful message, nakakatuwa pong panoorin! Mula po sa lahat ng may tungkulin sa Lokal ng La Trinidad. 💞",https://www.youtube.com/watch?v=ROa3kbG5M0U&lc=Ugx6_dzAhtQ9NSl21OV4AaABAg,Ugx6_dzAhtQ9NSl21OV4AaABAg,UCxjmGS0yLlCMs4Fe-AqbHFw,"Fetched 05/24/2026, 8:08:10 PM GMT+8"
2391,La Trinidad,@BnHydn_4,6 days ago,Let's go Benguet ♥️ 31k views na!!🎉 / Let's go La Trinidad,https://www.youtube.com/watch?v=ROa3kbG5M0U&lc=UgwJy1fOQAPw9qXaSxN4AaABAg,UgwJy1fOQAPw9qXaSxN4AaABAg,UCBGtwATEAOhJaVSd9_AsgFw,"Fetched 05/24/2026, 8:08:10 PM GMT+8"
2392,La Trinidad,@axeliee-m5u,6 days ago,"Sobrang touching at meaningful ng MV, worth watching talaga! Mula po sa lahat ng may tungkulin sa Lokal ng La Trinidad. 🙏",https://www.youtube.com/watch?v=ROa3kbG5M0U&lc=UgxVIMElVnMwPbJYkDd4AaABAg,UgxVIMElVnMwPbJYkDd4AaABAg,UCxjmGS0yLlCMs4Fe-AqbHFw,"Fetched 05/24/2026, 8:08:10 PM GMT+8"
2393,La Trinidad,@axeliee-m5u,6 days ago,Ang ganda po ng pagkaka-edit at ang galing ng production! Mula po sa lahat ng may tungkulin sa Lokal ng La Trinidad. 🌸,https://www.youtube.com/watch?v=ROa3kbG5M0U&lc=UgyyZKErgt_G0PW9b9N4AaABAg,UgyyZKErgt_G0PW9b9N4AaABAg,UCxjmGS0yLlCMs4Fe-AqbHFw,"Fetched 05/24/2026, 8:08:10 PM GMT+8"
2394,La Trinidad,@BnHydn_4,6 days ago,Go Benguet 🍓 walang sawang sumusuporta mula sa lokal ng La Trinidad,https://www.youtube.com/watch?v=ROa3kbG5M0U&lc=UgxGW3Cz4CQ4aI74yNt4AaABAg,UgxGW3Cz4CQ4aI74yNt4AaABAg,UCBGtwATEAOhJaVSd9_AsgFw,"Fetched 05/24/2026, 8:08:10 PM GMT+8"
2395,La Trinidad,@axeliee-m5u,6 days ago,"Nakaka-inspire po ang bawat scene ng MV, very heartwarming! Mula po sa lahat ng may tungkulin sa Lokal ng La Trinidad. 💖",https://www.youtube.com/watch?v=ROa3kbG5M0U&lc=UgxSxtWNi3errlB5ZA54AaABAg,UgxSxtWNi3errlB5ZA54AaABAg,UCxjmGS0yLlCMs4Fe-AqbHFw,"Fetched 05/24/2026, 8:08:10 PM GMT+8"
2396,La Trinidad,@axeliee-m5u,6 days ago,"Grabe, ang effort at creativity sa MV ay sobrang kahanga-hanga! Mula po sa lahat ng may tungkulin sa Lokal ng La Trinidad. 🎵",https://www.youtube.com/watch?v=ROa3kbG5M0U&lc=UgzLtw8RyGJN6XS8pcB4AaABAg,UgzLtw8RyGJN6XS8pcB4AaABAg,UCxjmGS0yLlCMs4Fe-AqbHFw,"Fetched 05/24/2026, 8:08:10 PM GMT+8"
2397,La Trinidad,@axeliee-m5u,6 days ago,"Ang linis at gandang panoorin ng MV, nakakagaan ng puso. Mula po sa lahat ng may tungkulin sa Lokal ng La Trinidad. 💚✨",https://www.youtube.com/watch?v=ROa3kbG5M0U&lc=Ugxi3Ba4rmiRtAe6eap4AaABAg,Ugxi3Ba4rmiRtAe6eap4AaABAg,UCxjmGS0yLlCMs4Fe-AqbHFw,"Fetched 05/24/2026, 8:08:10 PM GMT+8"
2398,La Trinidad,@axeliee-m5u,6 days ago,"Napakaganda po ng cinematography at editing, truly amazing! Mula po sa lahat ng may tungkulin sa Lokal ng La Trinidad. 💞",https://www.youtube.com/watch?v=ROa3kbG5M0U&lc=UgxVxONc2Y4JN6pATUx4AaABAg,UgxVxONc2Y4JN6pATUx4AaABAg,UCxjmGS0yLlCMs4Fe-AqbHFw,"Fetched 05/24/2026, 8:08:10 PM GMT+8"
2399,La Trinidad,@axeliee-m5u,6 days ago,Ang galing po! Nakakakilabot sa ganda at husay ng MV. Mula po sa lahat ng may tungkulin sa Lokal ng La Trinidad. 🌟,https://www.youtube.com/watch?v=ROa3kbG5M0U&lc=Ugxwzv5Np63EtdMp63V4AaABAg,Ugxwzv5Np63EtdMp63V4AaABAg,UCxjmGS0yLlCMs4Fe-AqbHFw,"Fetched 05/24/2026, 8:08:10 PM GMT+8"
2400,La Trinidad,@JAZZ-p4b,6 days ago,Every lyric carries a message that touches my soul 😊 /  /  / Lokal ng La Trinidad kapisanang binhi 🌱🐑🍓,https://www.youtube.com/watch?v=ROa3kbG5M0U&lc=UgzCJ1rf-nkbbXcApG94AaABAg,UgzCJ1rf-nkbbXcApG94AaABAg,UC_S502t_HqWNj_mH4FrmElg,"Fetched 05/24/2026, 8:08:10 PM GMT+8"
2401,La Trinidad,@axeliee-m5u,6 days ago,"Sobrang husay po ng pagkakagawa ng MV, nakaka-bless panoorin! Mula po sa lahat ng may tungkulin sa Lokal ng La Trinidad. 🙌",https://www.youtube.com/watch?v=ROa3kbG5M0U&lc=Ugw58uYhuQu8edgv7yh4AaABAg,Ugw58uYhuQu8edgv7yh4AaABAg,UCxjmGS0yLlCMs4Fe-AqbHFw,"Fetched 05/24/2026, 8:08:10 PM GMT+8"
2402,La Trinidad,@BnHydn_4,6 days ago,"🔁inuulit-ulit at di nagsasawang pakinggan!!! Lokal ng La Trinidad, Supporting!!",https://www.youtube.com/watch?v=ROa3kbG5M0U&lc=UgwjZ5csCLj8How4d454AaABAg,UgwjZ5csCLj8How4d454AaABAg,UCBGtwATEAOhJaVSd9_AsgFw,"Fetched 05/24/2026, 8:08:10 PM GMT+8"
2403,La Trinidad,@axeliee-m5u,6 days ago,Napaka-amazing po ng MV! Ang ganda ng mensahe at visuals. Mula po sa lahat ng may tungkulin sa Lokal ng La Trinidad. 💖🎶,https://www.youtube.com/watch?v=ROa3kbG5M0U&lc=UgyLdyesAtIpWBFB_-94AaABAg,UgyLdyesAtIpWBFB_-94AaABAg,UCxjmGS0yLlCMs4Fe-AqbHFw,"Fetched 05/24/2026, 8:08:10 PM GMT+8"
2404,La Trinidad,@axeliee-m5u,6 days ago,"Ang ganda po ng MV, sobrang nakaka-inspire at nakakatuwa panoorin! Mula po sa lahat ng may tungkulin sa Lokal ng La Trinidad. ✨💚",https://www.youtube.com/watch?v=ROa3kbG5M0U&lc=UgwQ6CS-TBHjGB9j15Z4AaABAg,UgwQ6CS-TBHjGB9j15Z4AaABAg,UCxjmGS0yLlCMs4Fe-AqbHFw,"Fetched 05/24/2026, 8:08:10 PM GMT+8"
2405,La Trinidad,@BnHydn_4,6 days ago,"Tulog na mga kapatid!! Pero bago matulog, Let's watch this beautiful MV 🎶🎧📺🎵🎼. / -Lokal ng La Trinidad",https://www.youtube.com/watch?v=ROa3kbG5M0U&lc=Ugwi4qjNMxYJxKxnOGx4AaABAg,Ugwi4qjNMxYJxKxnOGx4AaABAg,UCBGtwATEAOhJaVSd9_AsgFw,"Fetched 05/24/2026, 8:08:10 PM GMT+8"
2406,La Trinidad,@axeliee-m5u,6 days ago,Tuloy-tuloy lang! Nakaalalay po ang mga Binhi ng Lokal ng La Trinidad! 💚,https://www.youtube.com/watch?v=ROa3kbG5M0U&lc=Ugwys7ZdTEIN-Ve1AGh4AaABAg,Ugwys7ZdTEIN-Ve1AGh4AaABAg,UCxjmGS0yLlCMs4Fe-AqbHFw,"Fetched 05/24/2026, 8:08:10 PM GMT+8"
2407,La Trinidad,@JAZZ-p4b,6 days ago,Nakaka-proud ang ganitong klaseng kanta ☺️  /  / Lokal ng La Trinidad kapisanang binhi 🌱🐑🍓,https://www.youtube.com/watch?v=ROa3kbG5M0U&lc=UgwMxCRbsv7jHx8v_kV4AaABAg,UgwMxCRbsv7jHx8v_kV4AaABAg,UC_S502t_HqWNj_mH4FrmElg,"Fetched 05/24/2026, 8:08:10 PM GMT+8"
2408,La Trinidad,@axeliee-m5u,6 days ago,Cheer! Cheer! Cheer! Buong suporta po mula sa mga Binhi ng Lokal ng La Trinidad! 🌟,https://www.youtube.com/watch?v=ROa3kbG5M0U&lc=UgzZGdfVbFHogF7fDy54AaABAg,UgzZGdfVbFHogF7fDy54AaABAg,UCxjmGS0yLlCMs4Fe-AqbHFw,"Fetched 05/24/2026, 8:08:10 PM GMT+8"
2409,La Trinidad,@axeliee-m5u,6 days ago,Walang bibitaw! Naka-suporta po mula sa mga Binhi ng Lokal ng La Trinidad! 🙏,https://www.youtube.com/watch?v=ROa3kbG5M0U&lc=Ugzfz-qDFwMNBQkzexJ4AaABAg,Ugzfz-qDFwMNBQkzexJ4AaABAg,UCxjmGS0yLlCMs4Fe-AqbHFw,"Fetched 05/24/2026, 8:08:10 PM GMT+8"
2410,La Trinidad,@axeliee-m5u,6 days ago,Aja! Aja! Fighting! Mula po sa mga Binhi ng Lokal ng La Trinidad! 🌸,https://www.youtube.com/watch?v=ROa3kbG5M0U&lc=Ugx4wyqPzPqRtt_Us3l4AaABAg,Ugx4wyqPzPqRtt_Us3l4AaABAg,UCxjmGS0yLlCMs4Fe-AqbHFw,"Fetched 05/24/2026, 8:08:10 PM GMT+8"
2411,La Trinidad,@axeliee-m5u,6 days ago,Keep it up! Keep shining! Suporta po mula sa mga Binhi ng Lokal ng La Trinidad! 💖,https://www.youtube.com/watch?v=ROa3kbG5M0U&lc=UgwBphc1aVcaOkh6HE14AaABAg,UgwBphc1aVcaOkh6HE14AaABAg,UCxjmGS0yLlCMs4Fe-AqbHFw,"Fetched 05/24/2026, 8:08:10 PM GMT+8"
2412,La Trinidad,@axeliee-m5u,6 days ago,Todo support kami! Mula po sa mga Binhi ng Lokal ng La Trinidad! 💚✨,https://www.youtube.com/watch?v=ROa3kbG5M0U&lc=UgyrjrcBm1DH6johuDF4AaABAg,UgyrjrcBm1DH6johuDF4AaABAg,UCxjmGS0yLlCMs4Fe-AqbHFw,"Fetched 05/24/2026, 8:08:10 PM GMT+8"
2413,La Trinidad,@axeliee-m5u,6 days ago,Naka-suporta po mula sa mga Binhi ng Lokal ng La Trinidad! 🎶,https://www.youtube.com/watch?v=ROa3kbG5M0U&lc=UgzA68Gr9DbKYkNNdhZ4AaABAg,UgzA68Gr9DbKYkNNdhZ4AaABAg,UCxjmGS0yLlCMs4Fe-AqbHFw,"Fetched 05/24/2026, 8:08:10 PM GMT+8"
2414,La Trinidad,@Bnhydn_5,6 days ago,Binhi watchers 🤚 / -Lokal ng La Trinidad,https://www.youtube.com/watch?v=ROa3kbG5M0U&lc=UgxAfsh75BMu7ODZXz94AaABAg,UgxAfsh75BMu7ODZXz94AaABAg,UCFHEYFlsmd9j3CJVNeyyLqw,"Fetched 05/24/2026, 8:08:10 PM GMT+8"
2415,La Trinidad,@axeliee-m5u,6 days ago,Full support po mula sa mga Binhi ng Lokal ng La Trinidad! 💞,https://www.youtube.com/watch?v=ROa3kbG5M0U&lc=Ugwsboetz4DKiuS5k_p4AaABAg,Ugwsboetz4DKiuS5k_p4AaABAg,UCxjmGS0yLlCMs4Fe-AqbHFw,"Fetched 05/24/2026, 8:08:10 PM GMT+8"
2416,La Trinidad,@Bnhydn_5,6 days ago,Hindi nakakasawang panoorin ‼️ Mula po sa lokal ng La Trinidad,https://www.youtube.com/watch?v=ROa3kbG5M0U&lc=UgxwiWRIZyHItSeDV2N4AaABAg,UgxwiWRIZyHItSeDV2N4AaABAg,UCFHEYFlsmd9j3CJVNeyyLqw,"Fetched 05/24/2026, 8:08:10 PM GMT+8"
2417,La Trinidad,@axeliee-m5u,6 days ago,Kaya yan! Tuloy lang! Suporta po mula sa mga Binhi ng Lokal ng La Trinidad! 💖,https://www.youtube.com/watch?v=ROa3kbG5M0U&lc=Ugzs22unF1aopkuYarR4AaABAg,Ugzs22unF1aopkuYarR4AaABAg,UCxjmGS0yLlCMs4Fe-AqbHFw,"Fetched 05/24/2026, 8:08:10 PM GMT+8"
2418,La Trinidad,@Bnhydn_5,6 days ago,napakaganda ng production 🎇 / -Mula sa lokal ng La Trinidad,https://www.youtube.com/watch?v=ROa3kbG5M0U&lc=UgyFZr9OGuOz-K6hP314AaABAg,UgyFZr9OGuOz-K6hP314AaABAg,UCFHEYFlsmd9j3CJVNeyyLqw,"Fetched 05/24/2026, 8:08:10 PM GMT+8"
2419,La Trinidad,@axeliee-m5u,6 days ago,Go! Go! Go! Buong suporta po mula sa mga Binhi ng Lokal ng La Trinidad! ✨,https://www.youtube.com/watch?v=ROa3kbG5M0U&lc=UgxEhUOvJvrWbrPi3SJ4AaABAg,UgxEhUOvJvrWbrPi3SJ4AaABAg,UCxjmGS0yLlCMs4Fe-AqbHFw,"Fetched 05/24/2026, 8:08:10 PM GMT+8"
2420,La Trinidad,@JAZZ-p4b,6 days ago,Nakakagaan tlaga ng loob at nakakapagbigay inspirasyon  /  / Lokal ng La Trinidad kapisanang binhi 🌱🐑🍓,https://www.youtube.com/watch?v=ROa3kbG5M0U&lc=Ugxto0c4-rk8XKoTyzt4AaABAg,Ugxto0c4-rk8XKoTyzt4AaABAg,UC_S502t_HqWNj_mH4FrmElg,"Fetched 05/24/2026, 8:08:10 PM GMT+8"
2421,La Trinidad,@Bnhydn_5,6 days ago,Truly inspiring from start to finish🚿 Mula sa lokal ng La Trinidad,https://www.youtube.com/watch?v=ROa3kbG5M0U&lc=UgyenRwNRkIleZ6ZcLp4AaABAg,UgyenRwNRkIleZ6ZcLp4AaABAg,UCFHEYFlsmd9j3CJVNeyyLqw,"Fetched 05/24/2026, 8:08:10 PM GMT+8"
2422,La Trinidad,@MylaGarcia-y3p,6 days ago,Shoutout po sa mga Binhi District Officers at Binhi Lokal Officers! / Happy viewing po mula sa lokal ng la Trinidad!!,https://www.youtube.com/watch?v=ROa3kbG5M0U&lc=UgweTqySeyCnYtFxZ2F4AaABAg,UgweTqySeyCnYtFxZ2F4AaABAg,UC986iCV8EIPka_wTNMTpeBw,"Fetched 05/24/2026, 8:08:10 PM GMT+8"
2423,La Trinidad,@axeliee-m5u,6 days ago,Fight! Fight! Fight! Naka-suporta po mula sa mga Binhi ng Lokal ng La Trinidad! 💚,https://www.youtube.com/watch?v=ROa3kbG5M0U&lc=UgzPUu0BV8PWwMKbQNd4AaABAg,UgzPUu0BV8PWwMKbQNd4AaABAg,UCxjmGS0yLlCMs4Fe-AqbHFw,"Fetched 05/24/2026, 8:08:10 PM GMT+8"
2424,La Trinidad,@Bnhydn_5,6 days ago,This kind of music heals the heart♥️ Mula po sa lokal ng La Trinidad,https://www.youtube.com/watch?v=ROa3kbG5M0U&lc=UgzMSITGGKsxaD3ZCDt4AaABAg,UgzMSITGGKsxaD3ZCDt4AaABAg,UCFHEYFlsmd9j3CJVNeyyLqw,"Fetched 05/24/2026, 8:08:10 PM GMT+8"
2425,La Trinidad,@Bnhydn_5,6 days ago,🎶Enjoy viewing 📺 / -La Trinidad,https://www.youtube.com/watch?v=ROa3kbG5M0U&lc=UgwSBWjRm9VnVKecb1F4AaABAg,UgwSBWjRm9VnVKecb1F4AaABAg,UCFHEYFlsmd9j3CJVNeyyLqw,"Fetched 05/24/2026, 8:08:10 PM GMT+8"
2426,La Trinidad,@Bnhydn_5,6 days ago,Waves of support Mula po sa lokal ng La Trinidad 🌊,https://www.youtube.com/watch?v=ROa3kbG5M0U&lc=Ugxqt7hwAG9EFK7109x4AaABAg,Ugxqt7hwAG9EFK7109x4AaABAg,UCFHEYFlsmd9j3CJVNeyyLqw,"Fetched 05/24/2026, 8:08:10 PM GMT+8"
2427,La Trinidad,@Bnhydn_5,6 days ago,"Fight or flight? Fight!!! / -Fighting, Lokal ng La Trinidad",https://www.youtube.com/watch?v=ROa3kbG5M0U&lc=Ugww0doFOMoEB2reZfV4AaABAg,Ugww0doFOMoEB2reZfV4AaABAg,UCFHEYFlsmd9j3CJVNeyyLqw,"Fetched 05/24/2026, 8:08:10 PM GMT+8"
2428,La Trinidad,@JAZZ-p4b,6 days ago,Grabe naman ang mensahe ng awit na ito ay tumagos sa aking  puso💘😊 /  / Lokal ng La Trinidad kapisanang binhi 🌱🐑🍓,https://www.youtube.com/watch?v=ROa3kbG5M0U&lc=Ugy4e5YYHovp7JEtWkR4AaABAg,Ugy4e5YYHovp7JEtWkR4AaABAg,UC_S502t_HqWNj_mH4FrmElg,"Fetched 05/24/2026, 8:08:10 PM GMT+8"
2429,La Trinidad,@Bnhydn_5,6 days ago,Infinite support Mula po sa lokal ng La Trinidad,https://www.youtube.com/watch?v=ROa3kbG5M0U&lc=UgzXuHm2PYOJyxz69WJ4AaABAg,UgzXuHm2PYOJyxz69WJ4AaABAg,UCFHEYFlsmd9j3CJVNeyyLqw,"Fetched 05/24/2026, 8:08:10 PM GMT+8"
2430,La Trinidad,@Bnhydn_5,6 days ago,"Absolute masterpiece 👏👏👏👏👏  / Walang sawang sumusuporta mula po sa lokal ng La Trinidad, Kapisanang BINHI ‼️💯💯💯",https://www.youtube.com/watch?v=ROa3kbG5M0U&lc=Ugyfe040msHJ-UDqoxx4AaABAg,Ugyfe040msHJ-UDqoxx4AaABAg,UCFHEYFlsmd9j3CJVNeyyLqw,"Fetched 05/24/2026, 8:08:10 PM GMT+8"
2431,La Trinidad,@Bnhydn_5,6 days ago,"Lokal ng La Trinidad, watching and supporting!!! Go Benguet ♥️",https://www.youtube.com/watch?v=ROa3kbG5M0U&lc=UgzW00G3d_2m_vN6yd14AaABAg,UgzW00G3d_2m_vN6yd14AaABAg,UCFHEYFlsmd9j3CJVNeyyLqw,"Fetched 05/24/2026, 8:08:10 PM GMT+8"
2432,La Trinidad,@Xieee-x8v,6 days ago,"Together in support and happiness, mula po sa mga Binhi ng Lokal ng La Trinidad. 🙌💚",https://www.youtube.com/watch?v=ROa3kbG5M0U&lc=Ugw2xIBoRwllVTqoQrZ4AaABAg,Ugw2xIBoRwllVTqoQrZ4AaABAg,UCjYF2eqO3sw4XuYBb8HsAXg,"Fetched 05/24/2026, 8:08:10 PM GMT+8"
2433,La Trinidad,@JAZZ-p4b,6 days ago,Its a MASTERPIECE 🔥 / Lokal ng La Trinidad kapisanang binhi 🌱,https://www.youtube.com/watch?v=ROa3kbG5M0U&lc=UgzWGFOmUGHOsuuvdvR4AaABAg,UgzWGFOmUGHOsuuvdvR4AaABAg,UC_S502t_HqWNj_mH4FrmElg,"Fetched 05/24/2026, 8:08:10 PM GMT+8"
2434,La Trinidad,@Xieee-x8v,6 days ago,"Masayang pakikiisa pu, mula po sa mga Binhi ng Lokal ng La Trinidad! 🎶",https://www.youtube.com/watch?v=ROa3kbG5M0U&lc=UgwaH-bpHaCwCwEzyeN4AaABAg,UgwaH-bpHaCwCwEzyeN4AaABAg,UCjYF2eqO3sw4XuYBb8HsAXg,"Fetched 05/24/2026, 8:08:10 PM GMT+8"
2435,La Trinidad,@Bnhydn_5,6 days ago,Rewatching over and over ♥️!! / Lokal ng La Trinidad,https://www.youtube.com/watch?v=ROa3kbG5M0U&lc=UgwALVkoB9aUfMUD9mZ4AaABAg,UgwALVkoB9aUfMUD9mZ4AaABAg,UCFHEYFlsmd9j3CJVNeyyLqw,"Fetched 05/24/2026, 8:08:10 PM GMT+8"
2436,La Trinidad,@Xieee-x8v,6 days ago,"Naragsak a suporta, mula po sa mga Binhi ng Lokal ng La Trinidad! 💞",https://www.youtube.com/watch?v=ROa3kbG5M0U&lc=Ugxdf7PbAqE0oy0p7214AaABAg,Ugxdf7PbAqE0oy0p7214AaABAg,UCjYF2eqO3sw4XuYBb8HsAXg,"Fetched 05/24/2026, 8:08:10 PM GMT+8"
2437,La Trinidad,@Bnhydn_5,6 days ago,#Benguetontop / Let's go mga kapatid 👋  / -Lokal ng La Trinidad,https://www.youtube.com/watch?v=ROa3kbG5M0U&lc=UgxKW6sd7bd1qpby2d54AaABAg,UgxKW6sd7bd1qpby2d54AaABAg,UCFHEYFlsmd9j3CJVNeyyLqw,"Fetched 05/24/2026, 8:08:10 PM GMT+8"
2438,La Trinidad,@Xieee-x8v,6 days ago,"Stay inspired and united, mula po sa mga Binhi ng Lokal ng La Trinidad. 💚✨",https://www.youtube.com/watch?v=ROa3kbG5M0U&lc=UgxyaVp1NijxofX2tbB4AaABAg,UgxyaVp1NijxofX2tbB4AaABAg,UCjYF2eqO3sw4XuYBb8HsAXg,"Fetched 05/24/2026, 8:08:10 PM GMT+8"
2439,La Trinidad,@Xieee-x8v,6 days ago,"Happy hearts and full support, mula po sa mga Binhi ng Lokal ng La Trinidad! 🌟",https://www.youtube.com/watch?v=ROa3kbG5M0U&lc=UgwfEgLOnbl4eB5Skw54AaABAg,UgwfEgLOnbl4eB5Skw54AaABAg,UCjYF2eqO3sw4XuYBb8HsAXg,"Fetched 05/24/2026, 8:08:10 PM GMT+8"
2440,La Trinidad,@Xieee-x8v,6 days ago,"Sama-sama po sa pakikiisa, mula po sa mga Binhi ng Lokal ng La Trinidad. 💞",https://www.youtube.com/watch?v=ROa3kbG5M0U&lc=Ugw5l7fVKtTbYJY1M5J4AaABAg,Ugw5l7fVKtTbYJY1M5J4AaABAg,UCjYF2eqO3sw4XuYBb8HsAXg,"Fetched 05/24/2026, 8:08:10 PM GMT+8"
2441,La Trinidad,@Xieee-x8v,6 days ago,"Full of positivity and support, mula po sa mga Binhi ng Lokal ng La Trinidad! 🌸",https://www.youtube.com/watch?v=ROa3kbG5M0U&lc=Ugw5NLQxpkGMsrRA3cB4AaABAg,Ugw5NLQxpkGMsrRA3cB4AaABAg,UCjYF2eqO3sw4XuYBb8HsAXg,"Fetched 05/24/2026, 8:08:10 PM GMT+8"
2442,La Trinidad,@Xieee-x8v,6 days ago,"Kaisa po ninyo sa pagsuporta, mula po sa mga Binhi ng Lokal ng La Trinidad. 🙏",https://www.youtube.com/watch?v=ROa3kbG5M0U&lc=UgxDctAyAmqhtcN4Htp4AaABAg,UgxDctAyAmqhtcN4Htp4AaABAg,UCjYF2eqO3sw4XuYBb8HsAXg,"Fetched 05/24/2026, 8:08:10 PM GMT+8"
2443,La Trinidad,@Bnhydn_5,6 days ago,22k comments achieved 💚  / That's the spirit!!!!! Let's go Benguet ♥️  / -La Trinidad,https://www.youtube.com/watch?v=ROa3kbG5M0U&lc=Ugy2dthM1UNNT6Fobb94AaABAg,Ugy2dthM1UNNT6Fobb94AaABAg,UCFHEYFlsmd9j3CJVNeyyLqw,"Fetched 05/24/2026, 8:08:10 PM GMT+8"
2444,La Trinidad,@Xieee-x8v,6 days ago,"Sending cheerful vibes, mula po sa mga Binhi ng Lokal ng La Trinidad! 💖",https://www.youtube.com/watch?v=ROa3kbG5M0U&lc=UgwPeTVFmNyiuV0HycN4AaABAg,UgwPeTVFmNyiuV0HycN4AaABAg,UCjYF2eqO3sw4XuYBb8HsAXg,"Fetched 05/24/2026, 8:08:10 PM GMT+8"
2445,La Trinidad,@Xieee-x8v,6 days ago,"Watching with joy and unity, mula po sa mga Binhi ng Lokal ng La Trinidad. 🎵",https://www.youtube.com/watch?v=ROa3kbG5M0U&lc=Ugy_nfpu7ZhdVxwL1HB4AaABAg,Ugy_nfpu7ZhdVxwL1HB4AaABAg,UCjYF2eqO3sw4XuYBb8HsAXg,"Fetched 05/24/2026, 8:08:10 PM GMT+8"
2446,La Trinidad,@Bnhydn_5,6 days ago,Benguet 🍓 Lokal ng La Trinidad. Have a great watch!!!,https://www.youtube.com/watch?v=ROa3kbG5M0U&lc=UgyN75FPjAu1bp9dz214AaABAg,UgyN75FPjAu1bp9dz214AaABAg,UCFHEYFlsmd9j3CJVNeyyLqw,"Fetched 05/24/2026, 8:08:10 PM GMT+8"
2447,La Trinidad,@JAZZ-p4b,6 days ago,"Grabe naman bakit di nakaka sawang pakinggan, sobrang entertaining at inspiring, napaka gandang ulit ulitin 😊🎧🎶 /  / Mula sa lokal ng La Trinidad, kapisanang binhi 🌱🐑🍓",https://www.youtube.com/watch?v=ROa3kbG5M0U&lc=UgzilfI4hgx1yizXL5B4AaABAg,UgzilfI4hgx1yizXL5B4AaABAg,UC_S502t_HqWNj_mH4FrmElg,"Fetched 05/24/2026, 8:08:10 PM GMT+8"
2448,La Trinidad,@Xieee-x8v,6 days ago,Warm greetings po mula po sa mga Binhi ng Lokal ng La Trinidad. ✨,https://www.youtube.com/watch?v=ROa3kbG5M0U&lc=UgxGGWT9aKGqBq9a_OR4AaABAg,UgxGGWT9aKGqBq9a_OR4AaABAg,UCjYF2eqO3sw4XuYBb8HsAXg,"Fetched 05/24/2026, 8:08:10 PM GMT+8"
2449,La Trinidad,@Xieee-x8v,6 days ago,"Keep shining and supporting, mula po sa mga Binhi ng Lokal ng La Trinidad! 💚",https://www.youtube.com/watch?v=ROa3kbG5M0U&lc=Ugx2THFiBGZhPKul0Od4AaABAg,Ugx2THFiBGZhPKul0Od4AaABAg,UCjYF2eqO3sw4XuYBb8HsAXg,"Fetched 05/24/2026, 8:08:10 PM GMT+8"
2450,La Trinidad,@Xieee-x8v,6 days ago,"Proudly supporting together, mula po sa mga Binhi ng Lokal ng La Trinidad. 💞",https://www.youtube.com/watch?v=ROa3kbG5M0U&lc=UgyUONrTIxU5MMMV-np4AaABAg,UgyUONrTIxU5MMMV-np4AaABAg,UCjYF2eqO3sw4XuYBb8HsAXg,"Fetched 05/24/2026, 8:08:10 PM GMT+8"
2451,La Trinidad,@Bnhydn_5,6 days ago,Road to 31k views. Benguet 🔛🔝⚡  / Lokal ng La Trinidad,https://www.youtube.com/watch?v=ROa3kbG5M0U&lc=UgxVF5mPvfHhR3cYZPd4AaABAg,UgxVF5mPvfHhR3cYZPd4AaABAg,UCFHEYFlsmd9j3CJVNeyyLqw,"Fetched 05/24/2026, 8:08:10 PM GMT+8"
2452,La Trinidad,@Xieee-x8v,6 days ago,"Enjoy watching po, mula po sa mga Binhi ng Lokal ng La Trinidad! 🙌",https://www.youtube.com/watch?v=ROa3kbG5M0U&lc=Ugz--xazIKw-5eDEstJ4AaABAg,Ugz--xazIKw-5eDEstJ4AaABAg,UCjYF2eqO3sw4XuYBb8HsAXg,"Fetched 05/24/2026, 8:08:10 PM GMT+8"
2453,La Trinidad,@JAZZ-p4b,6 days ago,Let's go BENGUET 🍓  / Go! Go! Binhi 🌱  / Fight! Fight! La Trinidad 🐑,https://www.youtube.com/watch?v=ROa3kbG5M0U&lc=UgyZabqpbMjmvXDLvHV4AaABAg,UgyZabqpbMjmvXDLvHV4AaABAg,UC_S502t_HqWNj_mH4FrmElg,"Fetched 05/24/2026, 8:08:10 PM GMT+8"
2454,La Trinidad,@Xieee-x8v,6 days ago,Tuloy-tuloy po ang suporta mula po sa mga Binhi ng Lokal ng La Trinidad. 🌟,https://www.youtube.com/watch?v=ROa3kbG5M0U&lc=UgyQB76yoRMSRORHHTx4AaABAg,UgyQB76yoRMSRORHHTx4AaABAg,UCjYF2eqO3sw4XuYBb8HsAXg,"Fetched 05/24/2026, 8:08:10 PM GMT+8"
2455,La Trinidad,@Bnhydn_5,6 days ago,♥️Let's go Benguet ♥️ / 💚 Local ng La Trinidad 💚,https://www.youtube.com/watch?v=ROa3kbG5M0U&lc=UgxcG9w_EKuJJv-glr54AaABAg,UgxcG9w_EKuJJv-glr54AaABAg,UCFHEYFlsmd9j3CJVNeyyLqw,"Fetched 05/24/2026, 8:08:10 PM GMT+8"
2456,La Trinidad,@Bnhydn_5,6 days ago,napakaganda ng production 🎇 / -Mula sa lokal ng La Trinidad,https://www.youtube.com/watch?v=ROa3kbG5M0U&lc=Ugx6xlnXZ7ipl6mNvXZ4AaABAg,Ugx6xlnXZ7ipl6mNvXZ4AaABAg,UCFHEYFlsmd9j3CJVNeyyLqw,"Fetched 05/24/2026, 8:08:10 PM GMT+8"
2457,La Trinidad,@Xieee-x8v,6 days ago,"Sending love and support, mula po sa mga Binhi ng Lokal ng La Trinidad! 🎶",https://www.youtube.com/watch?v=ROa3kbG5M0U&lc=UgzhEi7TZ4Kz9ODXCTB4AaABAg,UgzhEi7TZ4Kz9ODXCTB4AaABAg,UCjYF2eqO3sw4XuYBb8HsAXg,"Fetched 05/24/2026, 8:08:10 PM GMT+8"
2458,La Trinidad,@Xieee-x8v,6 days ago,"Happy viewing everyone, mula po sa mga Binhi ng Lokal ng La Trinidad. 💖",https://www.youtube.com/watch?v=ROa3kbG5M0U&lc=Ugy6na3uiJ9gYN5qKHp4AaABAg,Ugy6na3uiJ9gYN5qKHp4AaABAg,UCjYF2eqO3sw4XuYBb8HsAXg,"Fetched 05/24/2026, 8:08:10 PM GMT+8"
2459,La Trinidad,@JAZZ-p4b,6 days ago,Full force support 💯 from Lokal ng La Trinidad kapisanang binhi 🌱🐑🍓,https://www.youtube.com/watch?v=ROa3kbG5M0U&lc=UgzSTi222Y4DLV_79NZ4AaABAg,UgzSTi222Y4DLV_79NZ4AaABAg,UC_S502t_HqWNj_mH4FrmElg,"Fetched 05/24/2026, 8:08:10 PM GMT+8"
2460,La Trinidad,@Bnhydn_5,6 days ago,Lakas maka inspire!!! Keep supporting mga kapatid 👋 Let's go Benguet 🍓  / Lokal ng La Trinidad  / Kapisanang Binhi,https://www.youtube.com/watch?v=ROa3kbG5M0U&lc=UgzgU3y6LETAsN_H9nJ4AaABAg,UgzgU3y6LETAsN_H9nJ4AaABAg,UCFHEYFlsmd9j3CJVNeyyLqw,"Fetched 05/24/2026, 8:08:10 PM GMT+8"
2461,La Trinidad,@Xieee-x8v,6 days ago,Full support po mula po sa mga Binhi ng Lokal ng La Trinidad! 💚✨,https://www.youtube.com/watch?v=ROa3kbG5M0U&lc=UgwBEUVtGsrbra_mfL14AaABAg,UgwBEUVtGsrbra_mfL14AaABAg,UCjYF2eqO3sw4XuYBb8HsAXg,"Fetched 05/24/2026, 8:08:10 PM GMT+8"
2462,La Trinidad,@JAZZ-p4b,6 days ago,Let's keep on listening and enjoying the song mga kapatid  /  / Lokal ng La Trinidad kapisanang binhi 🌱,https://www.youtube.com/watch?v=ROa3kbG5M0U&lc=UgxVdswXnAjaEdRN1Fd4AaABAg,UgxVdswXnAjaEdRN1Fd4AaABAg,UC_S502t_HqWNj_mH4FrmElg,"Fetched 05/24/2026, 8:08:10 PM GMT+8"
2463,La Trinidad,@BnHydn,6 days ago,Waves of support Mula po sa lokal ng La Trinidad 🌊,https://www.youtube.com/watch?v=ROa3kbG5M0U&lc=Ugx2L39rku9AuXbHn-B4AaABAg,Ugx2L39rku9AuXbHn-B4AaABAg,UCbVqbfs9vjTS-hPNArDNcFQ,"Fetched 05/24/2026, 8:08:10 PM GMT+8"
2464,La Trinidad,@BnHydn,6 days ago,🎶Enjoy viewing 📺 / -La Trinidad,https://www.youtube.com/watch?v=ROa3kbG5M0U&lc=UgxXHyUxJP6UQn5k-sN4AaABAg,UgxXHyUxJP6UQn5k-sN4AaABAg,UCbVqbfs9vjTS-hPNArDNcFQ,"Fetched 05/24/2026, 8:08:10 PM GMT+8"
2465,La Trinidad,@JAZZ-p4b,6 days ago,Keep supporting po mga kapatid mula sa lokal ng La Trinidad kapisanang binhi 🌱🐑🍓,https://www.youtube.com/watch?v=ROa3kbG5M0U&lc=UgxDGylH_IbeiGgOfA94AaABAg,UgxDGylH_IbeiGgOfA94AaABAg,UC_S502t_HqWNj_mH4FrmElg,"Fetched 05/24/2026, 8:08:10 PM GMT+8"
2466,La Trinidad,@BnHydn,6 days ago,"Fight or flight? Fight!!! / -Fighting, Lokal ng La Trinidad",https://www.youtube.com/watch?v=ROa3kbG5M0U&lc=UgwOvJsdE9asDpJM5-B4AaABAg,UgwOvJsdE9asDpJM5-B4AaABAg,UCbVqbfs9vjTS-hPNArDNcFQ,"Fetched 05/24/2026, 8:08:10 PM GMT+8"
2467,La Trinidad,@BnHydn,6 days ago,Infinite support Mula po sa lokal ng La Trinidad,https://www.youtube.com/watch?v=ROa3kbG5M0U&lc=Ugw7PoYqsUmD3SQHc-B4AaABAg,Ugw7PoYqsUmD3SQHc-B4AaABAg,UCbVqbfs9vjTS-hPNArDNcFQ,"Fetched 05/24/2026, 8:08:10 PM GMT+8"
2468,La Trinidad,@BnHydn,6 days ago,Never ending support Mula po sa lokal ng La Trinidad. Fight Benguet ♥️ Fight!!,https://www.youtube.com/watch?v=ROa3kbG5M0U&lc=Ugy93RrPVq3gtMkCOfd4AaABAg,Ugy93RrPVq3gtMkCOfd4AaABAg,UCbVqbfs9vjTS-hPNArDNcFQ,"Fetched 05/24/2026, 8:08:10 PM GMT+8"
2469,La Trinidad,@JAZZ-p4b,6 days ago,❤❤❤ po sa inyong lahat mga kapatid Mula po sa lokal ng La Trinidad kapisanang binhi 🌱🐑🍓,https://www.youtube.com/watch?v=ROa3kbG5M0U&lc=UgzQYS6EwDPgTFCMY5R4AaABAg,UgzQYS6EwDPgTFCMY5R4AaABAg,UC_S502t_HqWNj_mH4FrmElg,"Fetched 05/24/2026, 8:08:10 PM GMT+8"
2470,La Trinidad,@JAZZ-p4b,6 days ago,Full force support 💯 from Lokal ng La Trinidad kapisanang binhi 🌱🐑🍓,https://www.youtube.com/watch?v=ROa3kbG5M0U&lc=UgzAC9YqxDYPxha445l4AaABAg,UgzAC9YqxDYPxha445l4AaABAg,UC_S502t_HqWNj_mH4FrmElg,"Fetched 05/24/2026, 8:08:10 PM GMT+8"
2471,La Trinidad,@glyselbanna7826,6 days ago,Happyviewing po from lokal ng la trinidad❤,https://www.youtube.com/watch?v=ROa3kbG5M0U&lc=UgwwVh2I3SwXvLpGPGp4AaABAg,UgwwVh2I3SwXvLpGPGp4AaABAg,UCObMo410D_xWoomvLVrpIMw,"Fetched 05/24/2026, 8:08:10 PM GMT+8"
2472,La Trinidad,@BnHydn,6 days ago,Nakaka inspire!!! Watching everyday mula sa lokal ng La Trinidad,https://www.youtube.com/watch?v=ROa3kbG5M0U&lc=UgwR6rz8dPyBB294RLp4AaABAg,UgwR6rz8dPyBB294RLp4AaABAg,UCbVqbfs9vjTS-hPNArDNcFQ,"Fetched 05/24/2026, 8:08:10 PM GMT+8"
2473,La Trinidad,@JAZZ-p4b,6 days ago,Keep supporting po mga kapatid mula sa lokal ng La Trinidad kapisanang binhi 🌱🐑🍓,https://www.youtube.com/watch?v=ROa3kbG5M0U&lc=Ugy81Y16j_pyVW-BwzF4AaABAg,Ugy81Y16j_pyVW-BwzF4AaABAg,UC_S502t_HqWNj_mH4FrmElg,"Fetched 05/24/2026, 8:08:10 PM GMT+8"
2474,La Trinidad,@BnHydn,6 days ago,🎶Enjoy viewing 📺 / -La Trinidad,https://www.youtube.com/watch?v=ROa3kbG5M0U&lc=Ugx4IKqWoAQSiHDMQMJ4AaABAg,Ugx4IKqWoAQSiHDMQMJ4AaABAg,UCbVqbfs9vjTS-hPNArDNcFQ,"Fetched 05/24/2026, 8:08:10 PM GMT+8"
2475,La Trinidad,@BnHydn,6 days ago,"Fight or flight? Fight!!! / -Fighting, Lokal ng La Trinidad",https://www.youtube.com/watch?v=ROa3kbG5M0U&lc=UgxJuc1ph27rfS3tHQ54AaABAg,UgxJuc1ph27rfS3tHQ54AaABAg,UCbVqbfs9vjTS-hPNArDNcFQ,"Fetched 05/24/2026, 8:08:10 PM GMT+8"
2476,La Trinidad,@BnHydn,6 days ago,Infinite support Mula po sa lokal ng La Trinidad,https://www.youtube.com/watch?v=ROa3kbG5M0U&lc=UgytS3Of3CTO7Xhy5SN4AaABAg,UgytS3Of3CTO7Xhy5SN4AaABAg,UCbVqbfs9vjTS-hPNArDNcFQ,"Fetched 05/24/2026, 8:08:10 PM GMT+8"
2477,La Trinidad,@JAZZ-p4b,6 days ago,Still enjoying the MV even though I've listened many times 😊🎧🎶 /  / Lokal ng La Trinidad kapisanang binhi 🌱🐑🍓,https://www.youtube.com/watch?v=ROa3kbG5M0U&lc=UgwLgMJ_eembqGPpg-V4AaABAg,UgwLgMJ_eembqGPpg-V4AaABAg,UC_S502t_HqWNj_mH4FrmElg,"Fetched 05/24/2026, 8:08:10 PM GMT+8"
2478,La Trinidad,@BnHydn,6 days ago,23k comments reached 🎉 Let's go Benguet ♥️ Lokal ng La Trinidad,https://www.youtube.com/watch?v=ROa3kbG5M0U&lc=UgxYjcWPwm85F22P2Xx4AaABAg,UgxYjcWPwm85F22P2Xx4AaABAg,UCbVqbfs9vjTS-hPNArDNcFQ,"Fetched 05/24/2026, 8:08:10 PM GMT+8"
2479,La Trinidad,@Axiee-s4s,6 days ago,"Together in happiness and support, mula po sa Lokal ng La Trinidad. 🙌💚",https://www.youtube.com/watch?v=ROa3kbG5M0U&lc=UgwQH32UPOXtXFK_RwF4AaABAg,UgwQH32UPOXtXFK_RwF4AaABAg,UCvLy09DU_ionlyibzzGyvLw,"Fetched 05/24/2026, 8:08:10 PM GMT+8"
2480,La Trinidad,@BnHydn,6 days ago,"Happy viewing to all  / "" From the Locale Congregation of La Trinidad""",https://www.youtube.com/watch?v=ROa3kbG5M0U&lc=Ugy9Wz-Tv6u9MDGipoR4AaABAg,Ugy9Wz-Tv6u9MDGipoR4AaABAg,UCbVqbfs9vjTS-hPNArDNcFQ,"Fetched 05/24/2026, 8:08:10 PM GMT+8"
2481,La Trinidad,@Axiee-s4s,6 days ago,"Masayang pakikiisa pu, mula po sa Lokal ng La Trinidad! 💞",https://www.youtube.com/watch?v=ROa3kbG5M0U&lc=UgxmzVGxDxPkw2AlkR14AaABAg,UgxmzVGxDxPkw2AlkR14AaABAg,UCvLy09DU_ionlyibzzGyvLw,"Fetched 05/24/2026, 8:08:10 PM GMT+8"
2482,La Trinidad,@JAZZ-p4b,6 days ago,Let's go BENGUET 🍓  /  / Lokal ng La Trinidad kapisanang binhi 🌱🐑,https://www.youtube.com/watch?v=ROa3kbG5M0U&lc=UgzuXt-0tHXiJEg8wEF4AaABAg,UgzuXt-0tHXiJEg8wEF4AaABAg,UC_S502t_HqWNj_mH4FrmElg,"Fetched 05/24/2026, 8:08:10 PM GMT+8"
2483,La Trinidad,@Axiee-s4s,6 days ago,"Naragsak a suporta, mula po sa Lokal ng La Trinidad! 🎶",https://www.youtube.com/watch?v=ROa3kbG5M0U&lc=UgzR8UKkTmnXN95-gDp4AaABAg,UgzR8UKkTmnXN95-gDp4AaABAg,UCvLy09DU_ionlyibzzGyvLw,"Fetched 05/24/2026, 8:08:10 PM GMT+8"
2484,La Trinidad,@JAZZ-p4b,6 days ago,Still giving our full 💯 support from Lokal ng La Trinidad because it's very enjoyable and inspiring song😊❤ /  / Lokal ng La Trinidad 🪷🍓  / Kapisanang binhi 🌱🐑,https://www.youtube.com/watch?v=ROa3kbG5M0U&lc=UgyP5JHJTEd6g_iRamN4AaABAg,UgyP5JHJTEd6g_iRamN4AaABAg,UC_S502t_HqWNj_mH4FrmElg,"Fetched 05/24/2026, 8:08:10 PM GMT+8"
2485,La Trinidad,@Axiee-s4s,6 days ago,"Proudly sharing support and happiness, mula po sa Lokal ng La Trinidad. 💚",https://www.youtube.com/watch?v=ROa3kbG5M0U&lc=UgwJxCuhDww8ytDs2d94AaABAg,UgwJxCuhDww8ytDs2d94AaABAg,UCvLy09DU_ionlyibzzGyvLw,"Fetched 05/24/2026, 8:08:10 PM GMT+8"
2486,La Trinidad,@Axiee-s4s,6 days ago,"Enjoy watching and stay blessed, mula po sa Lokal ng La Trinidad! 🌟",https://www.youtube.com/watch?v=ROa3kbG5M0U&lc=UgxP_ysHUX1HowD19ep4AaABAg,UgxP_ysHUX1HowD19ep4AaABAg,UCvLy09DU_ionlyibzzGyvLw,"Fetched 05/24/2026, 8:08:10 PM GMT+8"
2487,La Trinidad,@JAZZ-p4b,6 days ago,Happy cheering po mga kapatid bumabati mula sa lokal ng La Trinidad kapisanang binhi 🌱🐑🍓,https://www.youtube.com/watch?v=ROa3kbG5M0U&lc=Ugw5ho2djpMWGMo9YXB4AaABAg,Ugw5ho2djpMWGMo9YXB4AaABAg,UC_S502t_HqWNj_mH4FrmElg,"Fetched 05/24/2026, 8:08:10 PM GMT+8"
2488,La Trinidad,@Axiee-s4s,6 days ago,"Sama-sama po sa suporta at pagkakaisa, mula po sa Lokal ng La Trinidad. 💞",https://www.youtube.com/watch?v=ROa3kbG5M0U&lc=UgxKUazxDz5XT4FzLmV4AaABAg,UgxKUazxDz5XT4FzLmV4AaABAg,UCvLy09DU_ionlyibzzGyvLw,"Fetched 05/24/2026, 8:08:10 PM GMT+8"
2489,La Trinidad,@Axiee-s4s,6 days ago,"Full support with joyful hearts, mula po sa Lokal ng La Trinidad! 🙏",https://www.youtube.com/watch?v=ROa3kbG5M0U&lc=UgwBdi8KH4trFSoxRTh4AaABAg,UgwBdi8KH4trFSoxRTh4AaABAg,UCvLy09DU_ionlyibzzGyvLw,"Fetched 05/24/2026, 8:08:10 PM GMT+8"
2490,La Trinidad,@Axiee-s4s,6 days ago,"Keep the positivity flowing, mula po sa Lokal ng La Trinidad. 💖",https://www.youtube.com/watch?v=ROa3kbG5M0U&lc=UgyJsF4tXQ-kfANRRi14AaABAg,UgyJsF4tXQ-kfANRRi14AaABAg,UCvLy09DU_ionlyibzzGyvLw,"Fetched 05/24/2026, 8:08:10 PM GMT+8"
2491,La Trinidad,@Axiee-s4s,6 days ago,"Warm support and cheerful greetings, mula po sa Lokal ng La Trinidad! 🌸",https://www.youtube.com/watch?v=ROa3kbG5M0U&lc=Ugw9VguaXjxPuvEf7HR4AaABAg,Ugw9VguaXjxPuvEf7HR4AaABAg,UCvLy09DU_ionlyibzzGyvLw,"Fetched 05/24/2026, 8:08:10 PM GMT+8"
2492,La Trinidad,@JAZZ-p4b,6 days ago,Mountain's of support from Lokal ng La Trinidad ⛰️,https://www.youtube.com/watch?v=ROa3kbG5M0U&lc=UgzfXV6bmFM1DZtNLgl4AaABAg,UgzfXV6bmFM1DZtNLgl4AaABAg,UC_S502t_HqWNj_mH4FrmElg,"Fetched 05/24/2026, 8:08:10 PM GMT+8"
2493,La Trinidad,@Axiee-s4s,6 days ago,"Stay connected through support and positivity, mula po sa Lokal ng La Trinidad. 🎵",https://www.youtube.com/watch?v=ROa3kbG5M0U&lc=Ugw3dv2z6dA096wLc7R4AaABAg,Ugw3dv2z6dA096wLc7R4AaABAg,UCvLy09DU_ionlyibzzGyvLw,"Fetched 05/24/2026, 8:08:10 PM GMT+8"
2494,La Trinidad,@Axiee-s4s,6 days ago,"Wishing everyone a meaningful viewing, mula po sa Lokal ng La Trinidad. 💚✨",https://www.youtube.com/watch?v=ROa3kbG5M0U&lc=UgyXvoio49RJJDJsvlJ4AaABAg,UgyXvoio49RJJDJsvlJ4AaABAg,UCvLy09DU_ionlyibzzGyvLw,"Fetched 05/24/2026, 8:08:10 PM GMT+8"
2495,La Trinidad,@Axiee-s4s,6 days ago,"Buong saya pong nakikiisa, mula po sa Lokal ng La Trinidad! 🙌",https://www.youtube.com/watch?v=ROa3kbG5M0U&lc=UgySzMiyEQHHUefMp914AaABAg,UgySzMiyEQHHUefMp914AaABAg,UCvLy09DU_ionlyibzzGyvLw,"Fetched 05/24/2026, 8:08:10 PM GMT+8"
2496,La Trinidad,@Axiee-s4s,6 days ago,"Sending smiles and support, mula po sa Lokal ng La Trinidad. 🌟",https://www.youtube.com/watch?v=ROa3kbG5M0U&lc=UgyFsfUBtqAP0jy-x0t4AaABAg,UgyFsfUBtqAP0jy-x0t4AaABAg,UCvLy09DU_ionlyibzzGyvLw,"Fetched 05/24/2026, 8:08:10 PM GMT+8"
2497,La Trinidad,@Axiee-s4s,6 days ago,"Keep supporting with love, mula po sa Lokal ng La Trinidad! 💞",https://www.youtube.com/watch?v=ROa3kbG5M0U&lc=Ugx3IMEAJ2L-LTZD6w14AaABAg,Ugx3IMEAJ2L-LTZD6w14AaABAg,UCvLy09DU_ionlyibzzGyvLw,"Fetched 05/24/2026, 8:08:10 PM GMT+8"
2498,La Trinidad,@JAZZ-p4b,6 days ago,Shout out po sa mga binhi ng La Trinidad na laging sumosoporta kahit gabi na 😊🐑🌱,https://www.youtube.com/watch?v=ROa3kbG5M0U&lc=UgxOI4srlM5uR_ngF154AaABAg,UgxOI4srlM5uR_ngF154AaABAg,UC_S502t_HqWNj_mH4FrmElg,"Fetched 05/24/2026, 8:08:10 PM GMT+8"
2499,La Trinidad,@Axiee-s4s,6 days ago,"Greetings filled with joy, mula po sa Lokal ng La Trinidad. 🎶",https://www.youtube.com/watch?v=ROa3kbG5M0U&lc=Ugy-OSHR_YJxa71V0Gp4AaABAg,Ugy-OSHR_YJxa71V0Gp4AaABAg,UCvLy09DU_ionlyibzzGyvLw,"Fetched 05/24/2026, 8:08:10 PM GMT+8"
2500,La Trinidad,@Axiee-s4s,6 days ago,"Enjoy every second of watching, mula po sa Lokal ng La Trinidad! 💖",https://www.youtube.com/watch?v=ROa3kbG5M0U&lc=Ugz-ZwSRYrjsEIYkwVl4AaABAg,Ugz-ZwSRYrjsEIYkwVl4AaABAg,UCvLy09DU_ionlyibzzGyvLw,"Fetched 05/24/2026, 8:08:10 PM GMT+8"
2501,La Trinidad,@Axiee-s4s,6 days ago,"Happy hearts and full support, mula po sa Lokal ng La Trinidad. ✨",https://www.youtube.com/watch?v=ROa3kbG5M0U&lc=Ugw6F71SZklbM5ey-vJ4AaABAg,Ugw6F71SZklbM5ey-vJ4AaABAg,UCvLy09DU_ionlyibzzGyvLw,"Fetched 05/24/2026, 8:08:10 PM GMT+8"
2502,La Trinidad,@Axiee-s4s,6 days ago,"Always united in support, mula po sa Lokal ng La Trinidad! 💚",https://www.youtube.com/watch?v=ROa3kbG5M0U&lc=Ugw1-zShRQxjidqzrGx4AaABAg,Ugw1-zShRQxjidqzrGx4AaABAg,UCvLy09DU_ionlyibzzGyvLw,"Fetched 05/24/2026, 8:08:10 PM GMT+8"
2503,La Trinidad,@BnHydn_2,6 days ago,"Happy viewing to all  / "" From the Locale Congregation of La Trinidad""",https://www.youtube.com/watch?v=ROa3kbG5M0U&lc=UgzS04zrYhgy3VGe1tR4AaABAg,UgzS04zrYhgy3VGe1tR4AaABAg,UCFiIuFtStNyId62JOmMovbw,"Fetched 05/24/2026, 8:08:10 PM GMT+8"
2504,La Trinidad,@BnHydn_2,6 days ago,Bumabati Mula po sa lokal ng La Trinidad. Let's go Benguet,https://www.youtube.com/watch?v=ROa3kbG5M0U&lc=Ugziav8vljJb-53H-6d4AaABAg,Ugziav8vljJb-53H-6d4AaABAg,UCFiIuFtStNyId62JOmMovbw,"Fetched 05/24/2026, 8:08:10 PM GMT+8"
2505,La Trinidad,@lanlani.eaaaahn,6 days ago,"sumusuporta po mula sa lokal ng La Trinidad, kapisanang binhi!!!",https://www.youtube.com/watch?v=ROa3kbG5M0U&lc=UgyGXJRiGdTGDcmQZgJ4AaABAg,UgyGXJRiGdTGDcmQZgJ4AaABAg,UCxRF5ldmYBJWNlgtayRoTHg,"Fetched 05/24/2026, 8:08:10 PM GMT+8"
2506,La Trinidad,@JAZZ-p4b,6 days ago,"Ano toh bakit di nakaka sawang pakinggan, sobrang entertaining at inspiring, napaka gandang ulit ulitin 😊🎧🎶 /  / Mula sa lokal ng La Trinidad, kapisanang binhi 🌱🐑🍓",https://www.youtube.com/watch?v=ROa3kbG5M0U&lc=Ugy7fkLOTlHatw87KFB4AaABAg,Ugy7fkLOTlHatw87KFB4AaABAg,UC_S502t_HqWNj_mH4FrmElg,"Fetched 05/24/2026, 8:08:10 PM GMT+8"
2507,La Trinidad,@axeliee-m5u,6 days ago,"Proudly standing in support, mula po sa Lokal ng La Trinidad. 🎶💖",https://www.youtube.com/watch?v=ROa3kbG5M0U&lc=UgziS-VD0CAfkM70wKh4AaABAg,UgziS-VD0CAfkM70wKh4AaABAg,UCxjmGS0yLlCMs4Fe-AqbHFw,"Fetched 05/24/2026, 8:08:10 PM GMT+8"
2508,La Trinidad,@BnHydn_2,6 days ago,Road to 2.5k Likes. / Lokal ng La Trinidad,https://www.youtube.com/watch?v=ROa3kbG5M0U&lc=UgxXbtCsO45jhwr9eJN4AaABAg,UgxXbtCsO45jhwr9eJN4AaABAg,UCFiIuFtStNyId62JOmMovbw,"Fetched 05/24/2026, 8:08:10 PM GMT+8"
2509,La Trinidad,@axeliee-m5u,6 days ago,"Enjoy the moment and stay inspired, mula po sa Lokal ng La Trinidad! 🌟",https://www.youtube.com/watch?v=ROa3kbG5M0U&lc=UgxPw7FcACkpi8cGse94AaABAg,UgxPw7FcACkpi8cGse94AaABAg,UCxjmGS0yLlCMs4Fe-AqbHFw,"Fetched 05/24/2026, 8:08:10 PM GMT+8"
2510,La Trinidad,@axeliee-m5u,6 days ago,"Watching with happiness and unity, mula po sa Lokal ng La Trinidad. 💚",https://www.youtube.com/watch?v=ROa3kbG5M0U&lc=UgzJVtYa0u45jkNqrHR4AaABAg,UgzJVtYa0u45jkNqrHR4AaABAg,UCxjmGS0yLlCMs4Fe-AqbHFw,"Fetched 05/24/2026, 8:08:10 PM GMT+8"
2511,La Trinidad,@BnHydn_2,6 days ago,30k views🎉🎉 / Let's go Benguet  / Lokal ng La Trinidad,https://www.youtube.com/watch?v=ROa3kbG5M0U&lc=Ugw8bpxj7veO0KBc-UR4AaABAg,Ugw8bpxj7veO0KBc-UR4AaABAg,UCFiIuFtStNyId62JOmMovbw,"Fetched 05/24/2026, 8:08:10 PM GMT+8"
2512,La Trinidad,@JAZZ-p4b,6 days ago,Let's go BENGUET 🍓  / Go! Go! Binhi 🌱  / Fight! Fight! La Trinidad 🐑,https://www.youtube.com/watch?v=ROa3kbG5M0U&lc=UgxdxkEdJHOfie6FXrl4AaABAg,UgxdxkEdJHOfie6FXrl4AaABAg,UC_S502t_HqWNj_mH4FrmElg,"Fetched 05/24/2026, 8:08:10 PM GMT+8"
2513,La Trinidad,@axeliee-m5u,6 days ago,"Keep the support alive, mula po sa Lokal ng La Trinidad! 💞✨",https://www.youtube.com/watch?v=ROa3kbG5M0U&lc=UgxPes3AkT9zsqVp14Z4AaABAg,UgxPes3AkT9zsqVp14Z4AaABAg,UCxjmGS0yLlCMs4Fe-AqbHFw,"Fetched 05/24/2026, 8:08:10 PM GMT+8"
2514,La Trinidad,@axeliee-m5u,6 days ago,"Taos-pusong pagbati at suporta, mula po sa Lokal ng La Trinidad. 🌸",https://www.youtube.com/watch?v=ROa3kbG5M0U&lc=UgxheZGKI09197Z_a994AaABAg,UgxheZGKI09197Z_a994AaABAg,UCxjmGS0yLlCMs4Fe-AqbHFw,"Fetched 05/24/2026, 8:08:10 PM GMT+8"
2515,La Trinidad,@axeliee-m5u,6 days ago,"Wishing everyone a blessed viewing, mula po sa Lokal ng La Trinidad! 🙏",https://www.youtube.com/watch?v=ROa3kbG5M0U&lc=UgwSLE9qqPmbBDVat2J4AaABAg,UgwSLE9qqPmbBDVat2J4AaABAg,UCxjmGS0yLlCMs4Fe-AqbHFw,"Fetched 05/24/2026, 8:08:10 PM GMT+8"
2516,La Trinidad,@BnHydn_2,6 days ago,22k comments🎉🎉 / Let's go Benguet ♥️  / Lokal ng La Trinidad,https://www.youtube.com/watch?v=ROa3kbG5M0U&lc=UgxZisY-SF88m7GLUfR4AaABAg,UgxZisY-SF88m7GLUfR4AaABAg,UCFiIuFtStNyId62JOmMovbw,"Fetched 05/24/2026, 8:08:10 PM GMT+8"
2517,La Trinidad,@JAZZ-p4b,6 days ago,Let's keep spamming comments brethren 😊😊😊 /  / Lokal ng La Trinidad 🐑  / Kapisanang binhi 🌱,https://www.youtube.com/watch?v=ROa3kbG5M0U&lc=UgzQUCi0w7Q9L6-96U54AaABAg,UgzQUCi0w7Q9L6-96U54AaABAg,UC_S502t_HqWNj_mH4FrmElg,"Fetched 05/24/2026, 8:08:10 PM GMT+8"
2518,La Trinidad,@axeliee-m5u,6 days ago,"Together with support and positivity, mula po sa Lokal ng La Trinidad. 💖",https://www.youtube.com/watch?v=ROa3kbG5M0U&lc=UgwmCETxF_D6WXFkz-B4AaABAg,UgwmCETxF_D6WXFkz-B4AaABAg,UCxjmGS0yLlCMs4Fe-AqbHFw,"Fetched 05/24/2026, 8:08:10 PM GMT+8"
2519,La Trinidad,@axeliee-m5u,6 days ago,"Kaisa po sa masayang panonood, mula po sa Lokal ng La Trinidad. 🎵",https://www.youtube.com/watch?v=ROa3kbG5M0U&lc=UgxgIpbuDu_fdFC2lu14AaABAg,UgxgIpbuDu_fdFC2lu14AaABAg,UCxjmGS0yLlCMs4Fe-AqbHFw,"Fetched 05/24/2026, 8:08:10 PM GMT+8"
2520,La Trinidad,@axeliee-m5u,6 days ago,"Hope you enjoy every moment, mula po sa Lokal ng La Trinidad! ✨",https://www.youtube.com/watch?v=ROa3kbG5M0U&lc=Ugw7SCzmPP9nsC0DkmN4AaABAg,Ugw7SCzmPP9nsC0DkmN4AaABAg,UCxjmGS0yLlCMs4Fe-AqbHFw,"Fetched 05/24/2026, 8:08:10 PM GMT+8"
2521,La Trinidad,@BnHydn_2,6 days ago,"Happy viewing to all  / "" From the Locale Congregation of La Trinidad""",https://www.youtube.com/watch?v=ROa3kbG5M0U&lc=UgyDox8j7DgdhYapDxt4AaABAg,UgyDox8j7DgdhYapDxt4AaABAg,UCFiIuFtStNyId62JOmMovbw,"Fetched 05/24/2026, 8:08:10 PM GMT+8"
2522,La Trinidad,@axeliee-m5u,6 days ago,"Buong pagmamahal pong sumusuporta, mula po sa Lokal ng La Trinidad. 💚",https://www.youtube.com/watch?v=ROa3kbG5M0U&lc=UgyoB39guSE3zkAm2X14AaABAg,UgyoB39guSE3zkAm2X14AaABAg,UCxjmGS0yLlCMs4Fe-AqbHFw,"Fetched 05/24/2026, 8:08:10 PM GMT+8"
2523,La Trinidad,@BnHydn_2,6 days ago,♥️Let's go Benguet ♥️ / 💚 Local ng La Trinidad 💚,https://www.youtube.com/watch?v=ROa3kbG5M0U&lc=UgxNSJnfJRLCq_6uwJ94AaABAg,UgxNSJnfJRLCq_6uwJ94AaABAg,UCFiIuFtStNyId62JOmMovbw,"Fetched 05/24/2026, 8:08:10 PM GMT+8"
2524,La Trinidad,@axeliee-m5u,6 days ago,"Keep watching and keep smiling, mula po sa Lokal ng La Trinidad! 🙌💞",https://www.youtube.com/watch?v=ROa3kbG5M0U&lc=UgyVPwJ9UCKVj82Mh_F4AaABAg,UgyVPwJ9UCKVj82Mh_F4AaABAg,UCxjmGS0yLlCMs4Fe-AqbHFw,"Fetched 05/24/2026, 8:08:10 PM GMT+8"
2525,La Trinidad,@BnHydn_2,6 days ago,Binhi watchers 🤚 / -Lokal ng La Trinidad,https://www.youtube.com/watch?v=ROa3kbG5M0U&lc=Ugy-sQm8D-GZQAfsk414AaABAg,Ugy-sQm8D-GZQAfsk414AaABAg,UCFiIuFtStNyId62JOmMovbw,"Fetched 05/24/2026, 8:08:10 PM GMT+8"
2526,La Trinidad,@axeliee-m5u,6 days ago,"Full of unity and support, mula po sa Lokal ng La Trinidad. 🌟",https://www.youtube.com/watch?v=ROa3kbG5M0U&lc=UgyH_qIDPU6QdE8FCkB4AaABAg,UgyH_qIDPU6QdE8FCkB4AaABAg,UCxjmGS0yLlCMs4Fe-AqbHFw,"Fetched 05/24/2026, 8:08:10 PM GMT+8"
2527,La Trinidad,@BnHydn_2,6 days ago,"best MV !! Mula po sa lokal ng La Trinidad,",https://www.youtube.com/watch?v=ROa3kbG5M0U&lc=Ugxs0u-FWInCF_xO_t94AaABAg,Ugxs0u-FWInCF_xO_t94AaABAg,UCFiIuFtStNyId62JOmMovbw,"Fetched 05/24/2026, 8:08:10 PM GMT+8"
2528,La Trinidad,@BnHydn_2,6 days ago,napakaganda ng production 🎇 / -Mula sa lokal ng La Trinidad,https://www.youtube.com/watch?v=ROa3kbG5M0U&lc=Ugw1e7VOGN4Ho4e90Tt4AaABAg,Ugw1e7VOGN4Ho4e90Tt4AaABAg,UCFiIuFtStNyId62JOmMovbw,"Fetched 05/24/2026, 8:08:10 PM GMT+8"
2529,La Trinidad,@axeliee-m5u,6 days ago,"Sending our warmest support, mula po sa Lokal ng La Trinidad! 🎶",https://www.youtube.com/watch?v=ROa3kbG5M0U&lc=Ugx7sqwlzSEogUYaVjZ4AaABAg,Ugx7sqwlzSEogUYaVjZ4AaABAg,UCxjmGS0yLlCMs4Fe-AqbHFw,"Fetched 05/24/2026, 8:08:10 PM GMT+8"
2530,La Trinidad,@eichriishh,6 days ago,Fight fight fight Benguet!!!  /  / Greetings from Lokal ng La Trinidad 💗,https://www.youtube.com/watch?v=ROa3kbG5M0U&lc=Ugz2OLlkAh7wIxI-hUR4AaABAg,Ugz2OLlkAh7wIxI-hUR4AaABAg,UCe_supvfwKS_8Dd4Nz-s7KA,"Fetched 05/24/2026, 8:08:10 PM GMT+8"
2531,La Trinidad,@BnHydn_2,6 days ago,Hindi nakakasawang panoorin ‼️ Mula po sa lokal ng La Trinidad,https://www.youtube.com/watch?v=ROa3kbG5M0U&lc=UgyfH7nfJa35bDPKPuh4AaABAg,UgyfH7nfJa35bDPKPuh4AaABAg,UCFiIuFtStNyId62JOmMovbw,"Fetched 05/24/2026, 8:08:10 PM GMT+8"
2532,La Trinidad,@Jazz-k6s,6 days ago,Happy viewing po mga kapatid bumabati mula sa lokal ng La Trinidad,https://www.youtube.com/watch?v=ROa3kbG5M0U&lc=UgywYv2XwhQJ36R062J4AaABAg,UgywYv2XwhQJ36R062J4AaABAg,UCjmyu8zkVg7bQQCs4HypxNQ,"Fetched 05/24/2026, 8:08:10 PM GMT+8"
2533,La Trinidad,@BnHydn_2,6 days ago,Truly inspiring from start to finish🚿 Mula sa lokal ng La Trinidad,https://www.youtube.com/watch?v=ROa3kbG5M0U&lc=UgxkgurvBXBT8wDoHSB4AaABAg,UgxkgurvBXBT8wDoHSB4AaABAg,UCFiIuFtStNyId62JOmMovbw,"Fetched 05/24/2026, 8:08:10 PM GMT+8"
2534,La Trinidad,@BnHydn_2,6 days ago,This kind of music heals the heart♥️ Mula po sa lokal ng La Trinidad,https://www.youtube.com/watch?v=ROa3kbG5M0U&lc=UgwsHOUPi1tWcNjixK14AaABAg,UgwsHOUPi1tWcNjixK14AaABAg,UCFiIuFtStNyId62JOmMovbw,"Fetched 05/24/2026, 8:08:10 PM GMT+8"
2535,La Trinidad,@BnHydn_2,6 days ago,Waves of support Mula po sa lokal ng La Trinidad 🌊,https://www.youtube.com/watch?v=ROa3kbG5M0U&lc=Ugx8-ncd3EfAzoHo69l4AaABAg,Ugx8-ncd3EfAzoHo69l4AaABAg,UCFiIuFtStNyId62JOmMovbw,"Fetched 05/24/2026, 8:08:10 PM GMT+8"
2536,La Trinidad,@axeliee-m5u,6 days ago,"Sending our warmest support, mula po sa Lokal ng La Trinidad! 🎶",https://www.youtube.com/watch?v=ROa3kbG5M0U&lc=UgxyEOZ8ZiRYfYjDV9Z4AaABAg,UgxyEOZ8ZiRYfYjDV9Z4AaABAg,UCxjmGS0yLlCMs4Fe-AqbHFw,"Fetched 05/24/2026, 8:08:10 PM GMT+8"
2537,La Trinidad,@BnHydn_2,6 days ago,🎶Enjoy viewing 📺 / -La Trinidad,https://www.youtube.com/watch?v=ROa3kbG5M0U&lc=Ugwume2bIwXGdmlxeu14AaABAg,Ugwume2bIwXGdmlxeu14AaABAg,UCFiIuFtStNyId62JOmMovbw,"Fetched 05/24/2026, 8:08:10 PM GMT+8"
2538,La Trinidad,@JAZZ-p4b,6 days ago,Let's go BENGUET  / Happy watching mula sa lokal ng La Trinidad kapisanang Binhi 🌱🐑🍓,https://www.youtube.com/watch?v=ROa3kbG5M0U&lc=UgxuMXvfrRhfpQTnJUR4AaABAg,UgxuMXvfrRhfpQTnJUR4AaABAg,UC_S502t_HqWNj_mH4FrmElg,"Fetched 05/24/2026, 8:08:10 PM GMT+8"
2539,La Trinidad,@BnHydn_2,6 days ago,"Fight or flight? Fight!!! / -Fighting, Lokal ng La Trinidad",https://www.youtube.com/watch?v=ROa3kbG5M0U&lc=UgwgtjKGH0rs0R25PhN4AaABAg,UgwgtjKGH0rs0R25PhN4AaABAg,UCFiIuFtStNyId62JOmMovbw,"Fetched 05/24/2026, 8:08:10 PM GMT+8"
2540,La Trinidad,@axeliee-m5u,6 days ago,"Stay joyful and inspired, mula po sa Lokal ng La Trinidad. 💖",https://www.youtube.com/watch?v=ROa3kbG5M0U&lc=UgxUiq43mFHo3hph90N4AaABAg,UgxUiq43mFHo3hph90N4AaABAg,UCxjmGS0yLlCMs4Fe-AqbHFw,"Fetched 05/24/2026, 8:08:10 PM GMT+8"
2541,La Trinidad,@BnHydn_2,6 days ago,Infinite support Mula po sa lokal ng La Trinidad,https://www.youtube.com/watch?v=ROa3kbG5M0U&lc=Ugx3QOgfatncRefZjKB4AaABAg,Ugx3QOgfatncRefZjKB4AaABAg,UCFiIuFtStNyId62JOmMovbw,"Fetched 05/24/2026, 8:08:10 PM GMT+8"
2542,La Trinidad,@axeliee-m5u,6 days ago,"Endless support and happy viewing, mula po sa Lokal ng La Trinidad! 💚✨",https://www.youtube.com/watch?v=ROa3kbG5M0U&lc=UgzLzThgM9qYyB_weLZ4AaABAg,UgzLzThgM9qYyB_weLZ4AaABAg,UCxjmGS0yLlCMs4Fe-AqbHFw,"Fetched 05/24/2026, 8:08:10 PM GMT+8"
2543,La Trinidad,@eichriishh,6 days ago,Thank you po for making these kind of contents. Truly inspiring 🫶🏻 /  / Full support po from Lokal ng La Trinidad 😍,https://www.youtube.com/watch?v=ROa3kbG5M0U&lc=Ugwk6UHalU9i-LyvqU14AaABAg,Ugwk6UHalU9i-LyvqU14AaABAg,UCe_supvfwKS_8Dd4Nz-s7KA,"Fetched 05/24/2026, 8:08:10 PM GMT+8"
2544,La Trinidad,@JAZZ-p4b,6 days ago,Happy viewing brethren let's keep on supporting  /  / Lokal ng La Trinidad 🐑  / Kapisanang binhi 🌱,https://www.youtube.com/watch?v=ROa3kbG5M0U&lc=UgyWwMHOe9zyWmIh3eJ4AaABAg,UgyWwMHOe9zyWmIh3eJ4AaABAg,UC_S502t_HqWNj_mH4FrmElg,"Fetched 05/24/2026, 8:08:10 PM GMT+8"
2545,La Trinidad,@eichriishh,6 days ago,Happy viewing po mga kapatid! Pagbati po mula sa Lokal ng La Trinidad  /  / Go go go Benguet!,https://www.youtube.com/watch?v=ROa3kbG5M0U&lc=UgwbXImVwSHNLzB3A-94AaABAg,UgwbXImVwSHNLzB3A-94AaABAg,UCe_supvfwKS_8Dd4Nz-s7KA,"Fetched 05/24/2026, 8:08:10 PM GMT+8"
2546,La Trinidad,@JAZZ-p4b,6 days ago,Let's go BENGUET 🍓  / Go! Go! Binhi 🌱  / Fight! Fight! La Trinidad 🐑,https://www.youtube.com/watch?v=ROa3kbG5M0U&lc=UgwtWpvvKXW-w89SH_V4AaABAg,UgwtWpvvKXW-w89SH_V4AaABAg,UC_S502t_HqWNj_mH4FrmElg,"Fetched 05/24/2026, 8:08:10 PM GMT+8"
2547,La Trinidad,@Xieee-x8v,6 days ago,"United in support and happiness, mula po sa Lokal ng La Trinidad. 🙌💖",https://www.youtube.com/watch?v=ROa3kbG5M0U&lc=UgwfGOvNq3n-2KySR-N4AaABAg,UgwfGOvNq3n-2KySR-N4AaABAg,UCjYF2eqO3sw4XuYBb8HsAXg,"Fetched 05/24/2026, 8:08:10 PM GMT+8"
2548,La Trinidad,@Xieee-x8v,6 days ago,"Naragsak a panagbuya, mula po sa Lokal ng La Trinidad! 💞",https://www.youtube.com/watch?v=ROa3kbG5M0U&lc=Ugw5uok79zfnnJDJcSZ4AaABAg,Ugw5uok79zfnnJDJcSZ4AaABAg,UCjYF2eqO3sw4XuYBb8HsAXg,"Fetched 05/24/2026, 8:08:10 PM GMT+8"
2549,La Trinidad,@Xieee-x8v,6 days ago,"Kaisa sa bawat suporta, mula po sa Lokal ng La Trinidad. 🎶💖",https://www.youtube.com/watch?v=ROa3kbG5M0U&lc=Ugxb-7vol3xPCZ2uqol4AaABAg,Ugxb-7vol3xPCZ2uqol4AaABAg,UCjYF2eqO3sw4XuYBb8HsAXg,"Fetched 05/24/2026, 8:08:10 PM GMT+8"
2550,La Trinidad,@JAZZ-p4b,6 days ago,Still giving our full 💯 support from Lokal ng La Trinidad because it's very enjoyable and inspiring song😊❤ /  / Lokal ng La Trinidad 🪷🍓  / Kapisanang binhi 🌱🐑,https://www.youtube.com/watch?v=ROa3kbG5M0U&lc=UgyJIDo813UK36grslR4AaABAg,UgyJIDo813UK36grslR4AaABAg,UC_S502t_HqWNj_mH4FrmElg,"Fetched 05/24/2026, 8:08:10 PM GMT+8"
2551,La Trinidad,@Xieee-x8v,6 days ago,"Have a wonderful viewing experience, mula po sa Lokal ng La Trinidad! ✨",https://www.youtube.com/watch?v=ROa3kbG5M0U&lc=UgwAJGx5UKTFB-AVeFV4AaABAg,UgwAJGx5UKTFB-AVeFV4AaABAg,UCjYF2eqO3sw4XuYBb8HsAXg,"Fetched 05/24/2026, 8:08:10 PM GMT+8"
2552,La Trinidad,@Xieee-x8v,6 days ago,"Have a wonderful viewing experience, mula po sa Lokal ng La Trinidad! ✨",https://www.youtube.com/watch?v=ROa3kbG5M0U&lc=UgwJRETF1W84X7efmqB4AaABAg,UgwJRETF1W84X7efmqB4AaABAg,UCjYF2eqO3sw4XuYBb8HsAXg,"Fetched 05/24/2026, 8:08:10 PM GMT+8"
2553,La Trinidad,@Xieee-x8v,6 days ago,"Proudly supporting with all our hearts, mula po sa Lokal ng La Trinidad. 💚",https://www.youtube.com/watch?v=ROa3kbG5M0U&lc=Ugzy3Al_H7BRZ3yuuGN4AaABAg,Ugzy3Al_H7BRZ3yuuGN4AaABAg,UCjYF2eqO3sw4XuYBb8HsAXg,"Fetched 05/24/2026, 8:08:10 PM GMT+8"
2554,La Trinidad,@BnHydn_2,6 days ago,Truly inspiring from start to finish🚿 Mula sa lokal ng La Trinidad,https://www.youtube.com/watch?v=ROa3kbG5M0U&lc=UgzSEPvGcqaBUPeucwd4AaABAg,UgzSEPvGcqaBUPeucwd4AaABAg,UCFiIuFtStNyId62JOmMovbw,"Fetched 05/24/2026, 8:08:10 PM GMT+8"
2555,La Trinidad,@BnHydn_2,6 days ago,This kind of music heals the heart♥️ Mula po sa lokal ng La Trinidad,https://www.youtube.com/watch?v=ROa3kbG5M0U&lc=UgxqbxmepYb_q_HyvKN4AaABAg,UgxqbxmepYb_q_HyvKN4AaABAg,UCFiIuFtStNyId62JOmMovbw,"Fetched 05/24/2026, 8:08:10 PM GMT+8"
2556,La Trinidad,@Xieee-x8v,6 days ago,"Sama-sama sa saya at suporta, mula po sa Lokal ng La Trinidad! 💞",https://www.youtube.com/watch?v=ROa3kbG5M0U&lc=Ugylwj77CejOOOTex2R4AaABAg,Ugylwj77CejOOOTex2R4AaABAg,UCjYF2eqO3sw4XuYBb8HsAXg,"Fetched 05/24/2026, 8:08:10 PM GMT+8"
2557,La Trinidad,@BnHydn_2,6 days ago,Waves of support Mula po sa lokal ng La Trinidad 🌊,https://www.youtube.com/watch?v=ROa3kbG5M0U&lc=Ugz6QiF2u9EAKybo1ZR4AaABAg,Ugz6QiF2u9EAKybo1ZR4AaABAg,UCFiIuFtStNyId62JOmMovbw,"Fetched 05/24/2026, 8:08:10 PM GMT+8"
2558,La Trinidad,@Xieee-x8v,6 days ago,"Sending warm support to everyone, mula po sa Lokal ng La Trinidad. 🌸",https://www.youtube.com/watch?v=ROa3kbG5M0U&lc=Ugwi37pNFg3GcmX1Ggd4AaABAg,Ugwi37pNFg3GcmX1Ggd4AaABAg,UCjYF2eqO3sw4XuYBb8HsAXg,"Fetched 05/24/2026, 8:08:10 PM GMT+8"
2559,La Trinidad,@BnHydn_2,6 days ago,🎶Enjoy viewing 📺 / -La Trinidad,https://www.youtube.com/watch?v=ROa3kbG5M0U&lc=UgzlqW8aoZTfuNTyr914AaABAg,UgzlqW8aoZTfuNTyr914AaABAg,UCFiIuFtStNyId62JOmMovbw,"Fetched 05/24/2026, 8:08:10 PM GMT+8"
2560,La Trinidad,@Xieee-x8v,6 days ago,"Stay blessed and keep supporting, mula po sa Lokal ng La Trinidad! 🙏",https://www.youtube.com/watch?v=ROa3kbG5M0U&lc=UgzLrOBE9FL2UM7aUDB4AaABAg,UgzLrOBE9FL2UM7aUDB4AaABAg,UCjYF2eqO3sw4XuYBb8HsAXg,"Fetched 05/24/2026, 8:08:10 PM GMT+8"
2561,La Trinidad,@BnHydn_2,6 days ago,"Fight or flight? Fight!!! / -Fighting, Lokal ng La Trinidad",https://www.youtube.com/watch?v=ROa3kbG5M0U&lc=UgxJZwUZW6dovcg4c9V4AaABAg,UgxJZwUZW6dovcg4c9V4AaABAg,UCFiIuFtStNyId62JOmMovbw,"Fetched 05/24/2026, 8:08:10 PM GMT+8"
2562,La Trinidad,@jomarpanahon9975,6 days ago,Go go go Distrito ng Benguet.From Lokal ng La Trinidad,https://www.youtube.com/watch?v=ROa3kbG5M0U&lc=UgyO8LaNN6KRe1d80aB4AaABAg,UgyO8LaNN6KRe1d80aB4AaABAg,UCSiJMufgKk6O40shlPHQ7OA,"Fetched 05/24/2026, 8:08:10 PM GMT+8"
2563,La Trinidad,@BnHydn_2,6 days ago,Infinite support Mula po sa lokal ng La Trinidad,https://www.youtube.com/watch?v=ROa3kbG5M0U&lc=UgxfhjyOG5Fec1A0Dl14AaABAg,UgxfhjyOG5Fec1A0Dl14AaABAg,UCFiIuFtStNyId62JOmMovbw,"Fetched 05/24/2026, 8:08:10 PM GMT+8"
2564,La Trinidad,@Xieee-x8v,6 days ago,"Watching together with joy, mula po sa Lokal ng La Trinidad. 💖",https://www.youtube.com/watch?v=ROa3kbG5M0U&lc=Ugy7CvceCPDpxFC5MYx4AaABAg,Ugy7CvceCPDpxFC5MYx4AaABAg,UCjYF2eqO3sw4XuYBb8HsAXg,"Fetched 05/24/2026, 8:08:10 PM GMT+8"
2565,La Trinidad,@Xieee-x8v,6 days ago,Cheers and greetings po mula po sa Lokal ng La Trinidad! 🎵,https://www.youtube.com/watch?v=ROa3kbG5M0U&lc=UgyKtmInwG2luQWH6YN4AaABAg,UgyKtmInwG2luQWH6YN4AaABAg,UCjYF2eqO3sw4XuYBb8HsAXg,"Fetched 05/24/2026, 8:08:10 PM GMT+8"
2566,La Trinidad,@Xieee-x8v,6 days ago,"Patuloy po ang pakikiisa at suporta, mula po sa Lokal ng La Trinidad. 💚✨",https://www.youtube.com/watch?v=ROa3kbG5M0U&lc=Ugy2ewLsv_ycdt0s4Bp4AaABAg,Ugy2ewLsv_ycdt0s4Bp4AaABAg,UCjYF2eqO3sw4XuYBb8HsAXg,"Fetched 05/24/2026, 8:08:10 PM GMT+8"
2567,La Trinidad,@JAZZ-p4b,6 days ago,"Napaka gandang ulit ulitin, grane talaga di nakakasawa sarap pakinggan 😊🎧🎶 /  / Lokal ng La Trinidad 🪷🍓  / Kapisanang binhi 🌱🐑",https://www.youtube.com/watch?v=ROa3kbG5M0U&lc=Ugx7xKqSm8Itz5kO3Bt4AaABAg,Ugx7xKqSm8Itz5kO3Bt4AaABAg,UC_S502t_HqWNj_mH4FrmElg,"Fetched 05/24/2026, 8:08:10 PM GMT+8"
2568,La Trinidad,@Xieee-x8v,6 days ago,"One with support and unity, mula po sa Lokal ng La Trinidad. 🙌",https://www.youtube.com/watch?v=ROa3kbG5M0U&lc=Ugy1CCe_QoWENWlreIB4AaABAg,Ugy1CCe_QoWENWlreIB4AaABAg,UCjYF2eqO3sw4XuYBb8HsAXg,"Fetched 05/24/2026, 8:08:10 PM GMT+8"
2569,La Trinidad,@Xieee-x8v,6 days ago,"Enjoy and stay inspired, mula po sa Lokal ng La Trinidad! 🌟",https://www.youtube.com/watch?v=ROa3kbG5M0U&lc=Ugx4xa5zcrBMmanmkCt4AaABAg,Ugx4xa5zcrBMmanmkCt4AaABAg,UCjYF2eqO3sw4XuYBb8HsAXg,"Fetched 05/24/2026, 8:08:10 PM GMT+8"
2570,La Trinidad,@Xieee-x8v,6 days ago,"Buong puso pong nakikiisa, mula po sa Lokal ng La Trinidad. 💞",https://www.youtube.com/watch?v=ROa3kbG5M0U&lc=UgzFE7JcV0CL17Gi_fp4AaABAg,UgzFE7JcV0CL17Gi_fp4AaABAg,UCjYF2eqO3sw4XuYBb8HsAXg,"Fetched 05/24/2026, 8:08:10 PM GMT+8"
2571,La Trinidad,@Xieee-x8v,6 days ago,"Happy viewing po sa inyong lahat, mula po sa Lokal ng La Trinidad! 🎶",https://www.youtube.com/watch?v=ROa3kbG5M0U&lc=UgzMer_PlREk5P5aJJh4AaABAg,UgzMer_PlREk5P5aJJh4AaABAg,UCjYF2eqO3sw4XuYBb8HsAXg,"Fetched 05/24/2026, 8:08:10 PM GMT+8"
2572,La Trinidad,@Xieee-x8v,6 days ago,"Sending positive vibes and support, mula po sa Lokal ng La Trinidad. 💖",https://www.youtube.com/watch?v=ROa3kbG5M0U&lc=UgzODlzkS-cJGVk5wVN4AaABAg,UgzODlzkS-cJGVk5wVN4AaABAg,UCjYF2eqO3sw4XuYBb8HsAXg,"Fetched 05/24/2026, 8:08:10 PM GMT+8"
2573,La Trinidad,@Xieee-x8v,6 days ago,"Keep shining and supporting, mula po sa Lokal ng La Trinidad! ✨💚",https://www.youtube.com/watch?v=ROa3kbG5M0U&lc=UgxfySiqUhicm4U0_SZ4AaABAg,UgxfySiqUhicm4U0_SZ4AaABAg,UCjYF2eqO3sw4XuYBb8HsAXg,"Fetched 05/24/2026, 8:08:10 PM GMT+8"
2574,La Trinidad,@Xieee-x8v,6 days ago,"Watching together with joy, mula po sa Lokal ng La Trinidad. 💖",https://www.youtube.com/watch?v=ROa3kbG5M0U&lc=UgzdEOVaGNBO74US2dZ4AaABAg,UgzdEOVaGNBO74US2dZ4AaABAg,UCjYF2eqO3sw4XuYBb8HsAXg,"Fetched 05/24/2026, 8:08:10 PM GMT+8"
2575,La Trinidad,@Xieee-x8v,6 days ago,"Sending warm support to everyone, mula po sa Lokal ng La Trinidad. 🌸",https://www.youtube.com/watch?v=ROa3kbG5M0U&lc=UgxTgEu_2ZlwbwjLPxR4AaABAg,UgxTgEu_2ZlwbwjLPxR4AaABAg,UCjYF2eqO3sw4XuYBb8HsAXg,"Fetched 05/24/2026, 8:08:10 PM GMT+8"
2576,La Trinidad,@Xieee-x8v,6 days ago,"United in support and happiness, mula po sa Lokal ng La Trinidad. 🙌💖",https://www.youtube.com/watch?v=ROa3kbG5M0U&lc=Ugw2O3mMW3LVSauwkaZ4AaABAg,Ugw2O3mMW3LVSauwkaZ4AaABAg,UCjYF2eqO3sw4XuYBb8HsAXg,"Fetched 05/24/2026, 8:08:10 PM GMT+8"
2577,La Trinidad,@Xieee-x8v,6 days ago,Nakaka-inspire po talaga! Mula po sa Lokal ng La Trinidad 🌿,https://www.youtube.com/watch?v=ROa3kbG5M0U&lc=Ugzf6tRjMgsT2R-xerV4AaABAg,Ugzf6tRjMgsT2R-xerV4AaABAg,UCjYF2eqO3sw4XuYBb8HsAXg,"Fetched 05/24/2026, 8:08:10 PM GMT+8"
2578,La Trinidad,@ArleneDilla,6 days ago,Greetings watching from. The locale of La Trinidad Benguet. Mabuhay,https://www.youtube.com/watch?v=ROa3kbG5M0U&lc=UgyfAEPcO1YUxEI5Wxx4AaABAg,UgyfAEPcO1YUxEI5Wxx4AaABAg,UCo9TnXa_JI8oJvlDJf8su_Q,"Fetched 05/24/2026, 8:08:10 PM GMT+8"
2579,La Trinidad,@BnHydn_2,6 days ago,♥️Let's go Benguet ♥️ / 💚 Local ng La Trinidad 💚,https://www.youtube.com/watch?v=ROa3kbG5M0U&lc=UgzlTKx0974jlWWutqR4AaABAg,UgzlTKx0974jlWWutqR4AaABAg,UCFiIuFtStNyId62JOmMovbw,"Fetched 05/24/2026, 8:08:10 PM GMT+8"
2580,La Trinidad,@Xieee-x8v,6 days ago,Full support po mula sa Lokal ng La Trinidad ✨,https://www.youtube.com/watch?v=ROa3kbG5M0U&lc=Ugzrzbnj6GwKxNn-IEx4AaABAg,Ugzrzbnj6GwKxNn-IEx4AaABAg,UCjYF2eqO3sw4XuYBb8HsAXg,"Fetched 05/24/2026, 8:08:10 PM GMT+8"
2581,La Trinidad,@Xieee-x8v,6 days ago,Happy viewing po! Mula po sa Lokal ng La Trinidad 💚,https://www.youtube.com/watch?v=ROa3kbG5M0U&lc=Ugz17FC6TJyOwLNtFrF4AaABAg,Ugz17FC6TJyOwLNtFrF4AaABAg,UCjYF2eqO3sw4XuYBb8HsAXg,"Fetched 05/24/2026, 8:08:10 PM GMT+8"
2582,La Trinidad,@Xieee-x8v,6 days ago,Favorite MV now 💯 /  / From Locale congregation of La Trinidad 🥀,https://www.youtube.com/watch?v=ROa3kbG5M0U&lc=UgwJG0M-BwHcCr8mKVZ4AaABAg,UgwJG0M-BwHcCr8mKVZ4AaABAg,UCjYF2eqO3sw4XuYBb8HsAXg,"Fetched 05/24/2026, 8:08:10 PM GMT+8"
2583,La Trinidad,@PELITANJennyClaireT,6 days ago,Let's go go go Benguet 🎉 / - La Trinidad,https://www.youtube.com/watch?v=ROa3kbG5M0U&lc=UgyDp03yKQZzUUqFa6d4AaABAg,UgyDp03yKQZzUUqFa6d4AaABAg,UCsVZgGkRnNqeIIOLxHiFR7A,"Fetched 05/24/2026, 8:08:10 PM GMT+8"
2584,La Trinidad,@PELITANJennyClaireT,6 days ago,"Great MV ⭐. Not only that it sticks to the mind, along with the heart, it also does. 🫶 / - La Trinidad",https://www.youtube.com/watch?v=ROa3kbG5M0U&lc=UgwJh6_DqR7Gy0nvegJ4AaABAg,UgwJh6_DqR7Gy0nvegJ4AaABAg,UCsVZgGkRnNqeIIOLxHiFR7A,"Fetched 05/24/2026, 8:08:10 PM GMT+8"
2585,La Trinidad,@Xieee-x8v,6 days ago,Cute and creative ✨ /  / mula po sa Lokal ng La Trinidad.,https://www.youtube.com/watch?v=ROa3kbG5M0U&lc=UgysmTC6dP6KvwchkWB4AaABAg,UgysmTC6dP6KvwchkWB4AaABAg,UCjYF2eqO3sw4XuYBb8HsAXg,"Fetched 05/24/2026, 8:08:10 PM GMT+8"
2586,La Trinidad,@Xieee-x8v,6 days ago,Greetings and support po mula sa Lokal ng La Trinidad🎉,https://www.youtube.com/watch?v=ROa3kbG5M0U&lc=UgwNS0oF-JNJh6-trzR4AaABAg,UgwNS0oF-JNJh6-trzR4AaABAg,UCjYF2eqO3sw4XuYBb8HsAXg,"Fetched 05/24/2026, 8:08:10 PM GMT+8"
2587,La Trinidad,@JAZZ-p4b,6 days ago,Grabe di talaga nakaka sawang pakinggan sobrang ganda ng kanta ☺️🎧🎶 / Lokal ng La Trinidad 🐑😊 / Kapisanang binhi 🌱🐑🍓,https://www.youtube.com/watch?v=ROa3kbG5M0U&lc=Ugw-wr7qPFUC5yOHNIF4AaABAg,Ugw-wr7qPFUC5yOHNIF4AaABAg,UC_S502t_HqWNj_mH4FrmElg,"Fetched 05/24/2026, 8:08:10 PM GMT+8"
2588,La Trinidad,@PELITANJennyClaireT,6 days ago,BENGUET on topp✨ / - La Trinidad,https://www.youtube.com/watch?v=ROa3kbG5M0U&lc=UgxRZfjBR9KjFdo05yl4AaABAg,UgxRZfjBR9KjFdo05yl4AaABAg,UCsVZgGkRnNqeIIOLxHiFR7A,"Fetched 05/24/2026, 8:08:10 PM GMT+8"
2589,La Trinidad,@PELITANJennyClaireT,6 days ago,Go go go Benguet! / - La Trinidad,https://www.youtube.com/watch?v=ROa3kbG5M0U&lc=UgywxLVVDooz84fCabB4AaABAg,UgywxLVVDooz84fCabB4AaABAg,UCsVZgGkRnNqeIIOLxHiFR7A,"Fetched 05/24/2026, 8:08:10 PM GMT+8"
2590,La Trinidad,@PELITANJennyClaireT,6 days ago,"La Trinidad peeps got your likoddd 🎉. Let's get it,  Benguet! / - La Trinidad",https://www.youtube.com/watch?v=ROa3kbG5M0U&lc=UgyTDVtoy_byKb4cJVx4AaABAg,UgyTDVtoy_byKb4cJVx4AaABAg,UCsVZgGkRnNqeIIOLxHiFR7A,"Fetched 05/24/2026, 8:08:10 PM GMT+8"
2591,La Trinidad,@PELITANJennyClaireT,6 days ago,What a nayssss. Go Benguet! / - La Trinidad,https://www.youtube.com/watch?v=ROa3kbG5M0U&lc=UgxFn7P2a67EicyRxL54AaABAg,UgxFn7P2a67EicyRxL54AaABAg,UCsVZgGkRnNqeIIOLxHiFR7A,"Fetched 05/24/2026, 8:08:10 PM GMT+8"
2592,La Trinidad,@PELITANJennyClaireT,6 days ago,Amazingggg🎉 / - La Trinidad,https://www.youtube.com/watch?v=ROa3kbG5M0U&lc=UgzVHFOd7QpUxqWPIoF4AaABAg,UgzVHFOd7QpUxqWPIoF4AaABAg,UCsVZgGkRnNqeIIOLxHiFR7A,"Fetched 05/24/2026, 8:08:10 PM GMT+8"
2593,La Trinidad,@PELITANJennyClaireT,6 days ago,Maligayang gabi poo. Happii viewingg. / - La Trinidad,https://www.youtube.com/watch?v=ROa3kbG5M0U&lc=UgzW7KTfd6CVLvLurP54AaABAg,UgzW7KTfd6CVLvLurP54AaABAg,UCsVZgGkRnNqeIIOLxHiFR7A,"Fetched 05/24/2026, 8:08:10 PM GMT+8"
2594,La Trinidad,@BnHydn_2,6 days ago,Fight or flight? FIGHT! / -Lokal ng La Trinidad,https://www.youtube.com/watch?v=ROa3kbG5M0U&lc=UgxTHH95ny0xcjrSfeF4AaABAg,UgxTHH95ny0xcjrSfeF4AaABAg,UCFiIuFtStNyId62JOmMovbw,"Fetched 05/24/2026, 8:08:10 PM GMT+8"
2595,La Trinidad,@BnHydn_2,6 days ago,Let's go Benguet  / Let's go Binhi / Let's go La Trinidad,https://www.youtube.com/watch?v=ROa3kbG5M0U&lc=UgzRjM6DvNF-Q8on1Gl4AaABAg,UgzRjM6DvNF-Q8on1Gl4AaABAg,UCFiIuFtStNyId62JOmMovbw,"Fetched 05/24/2026, 8:08:10 PM GMT+8"
2596,La Trinidad,@BnHydn_2,6 days ago,Better watching than doing nothing  / Let's go Benguet  / -Lokal ng La Trinidad,https://www.youtube.com/watch?v=ROa3kbG5M0U&lc=UgzOP-UbLDmfhAis7LZ4AaABAg,UgzOP-UbLDmfhAis7LZ4AaABAg,UCFiIuFtStNyId62JOmMovbw,"Fetched 05/24/2026, 8:08:10 PM GMT+8"
2597,La Trinidad,@BnHydn_2,6 days ago,Happy viewing to everyone! / -La Trinidad,https://www.youtube.com/watch?v=ROa3kbG5M0U&lc=UgzkjS_OShgOil51epl4AaABAg,UgzkjS_OShgOil51epl4AaABAg,UCFiIuFtStNyId62JOmMovbw,"Fetched 05/24/2026, 8:08:10 PM GMT+8"
2598,La Trinidad,@BnHydn_2,6 days ago,Happy viewing po sa lahat 📺🎵 / -Lokal ng La Trinidad,https://www.youtube.com/watch?v=ROa3kbG5M0U&lc=Ugz7CXzs5eqV-ZljhLR4AaABAg,Ugz7CXzs5eqV-ZljhLR4AaABAg,UCFiIuFtStNyId62JOmMovbw,"Fetched 05/24/2026, 8:08:10 PM GMT+8"
2599,La Trinidad,@JAZZ-p4b,6 days ago,"Ano toh bakit di nakaka sawang pakinggan, sobrang entertaining at inspiring, napaka gandang ulit ulitin 😊🎧🎶 /  / Mula sa lokal ng La Trinidad, kapisanang binhi 🌱🐑🍓",https://www.youtube.com/watch?v=ROa3kbG5M0U&lc=UgzjGVbi9rHEJMmVTdd4AaABAg,UgzjGVbi9rHEJMmVTdd4AaABAg,UC_S502t_HqWNj_mH4FrmElg,"Fetched 05/24/2026, 8:08:10 PM GMT+8"
2600,La Trinidad,@BnHydn_2,6 days ago,Watch and get entertained!  / -Lokal ng La Trinidad ❤,https://www.youtube.com/watch?v=ROa3kbG5M0U&lc=UgzQG_TmJalaQMjUybV4AaABAg,UgzQG_TmJalaQMjUybV4AaABAg,UCFiIuFtStNyId62JOmMovbw,"Fetched 05/24/2026, 8:08:10 PM GMT+8"
2601,La Trinidad,@PELITANJennyClaireT,6 days ago,""".....it gets better,"" alwaysss. / - La Trinidad",https://www.youtube.com/watch?v=ROa3kbG5M0U&lc=UgyEhlH2JAq1ZDln7OB4AaABAg,UgyEhlH2JAq1ZDln7OB4AaABAg,UCsVZgGkRnNqeIIOLxHiFR7A,"Fetched 05/24/2026, 8:08:10 PM GMT+8"
2602,La Trinidad,@Clark-u2x7j,6 days ago,GOGOGO Benguet!! Tunay ngang may Bitaw!!! / -La Trinidad!!,https://www.youtube.com/watch?v=ROa3kbG5M0U&lc=UgwA2xSamEOP60mBYiV4AaABAg,UgwA2xSamEOP60mBYiV4AaABAg,UCXCpvOL5DiJ28yKNG4nsZvg,"Fetched 05/24/2026, 8:08:10 PM GMT+8"
2603,La Trinidad,@PELITANJennyClaireT,6 days ago,Niceeeee🎉. / - La Trinidad,https://www.youtube.com/watch?v=ROa3kbG5M0U&lc=UgzS_IxZk3W7XvjjD4N4AaABAg,UgzS_IxZk3W7XvjjD4N4AaABAg,UCsVZgGkRnNqeIIOLxHiFR7A,"Fetched 05/24/2026, 8:08:10 PM GMT+8"
2604,La Trinidad,@PELITANJennyClaireT,6 days ago,Go Benguettt. You carry the beat 🧨. / - La Trinidad,https://www.youtube.com/watch?v=ROa3kbG5M0U&lc=UgxSqCB6USeqPj0sIOF4AaABAg,UgxSqCB6USeqPj0sIOF4AaABAg,UCsVZgGkRnNqeIIOLxHiFR7A,"Fetched 05/24/2026, 8:08:10 PM GMT+8"
2605,La Trinidad,@PELITANJennyClaireT,6 days ago,Let's go Benguettt. / - La Trinidad,https://www.youtube.com/watch?v=ROa3kbG5M0U&lc=UgzHhyIonwKUn6WOj2V4AaABAg,UgzHhyIonwKUn6WOj2V4AaABAg,UCsVZgGkRnNqeIIOLxHiFR7A,"Fetched 05/24/2026, 8:08:10 PM GMT+8"
2606,La Trinidad,@PELITANJennyClaireT,6 days ago,"Horizontal 8 over 10 ⭐. / Among the best, you are, Benguet 🫶. / - La Trinidad",https://www.youtube.com/watch?v=ROa3kbG5M0U&lc=Ugz_uVs3HasshmM2_dh4AaABAg,Ugz_uVs3HasshmM2_dh4AaABAg,UCsVZgGkRnNqeIIOLxHiFR7A,"Fetched 05/24/2026, 8:08:10 PM GMT+8"
2607,La Trinidad,@Clark-u2x7j,6 days ago,Unending love and support po from lokal ng La Trinidad!!!,https://www.youtube.com/watch?v=ROa3kbG5M0U&lc=UgyjeOPy_1SoU68Msrx4AaABAg,UgyjeOPy_1SoU68Msrx4AaABAg,UCXCpvOL5DiJ28yKNG4nsZvg,"Fetched 05/24/2026, 8:08:10 PM GMT+8"
2608,La Trinidad,@Clark-u2x7j,6 days ago,GOGOGOG LA TRINIDAD AND BENGUET!!! PAYT PAYT PAYTTT,https://www.youtube.com/watch?v=ROa3kbG5M0U&lc=UgyCuUrLGC-d7sM2hjV4AaABAg,UgyCuUrLGC-d7sM2hjV4AaABAg,UCXCpvOL5DiJ28yKNG4nsZvg,"Fetched 05/24/2026, 8:08:10 PM GMT+8"
2609,La Trinidad,@JAZZ-p4b,6 days ago,"Magandang gabi po, happy viewing sa inyong lahat mula po sa lokal ng La Trinidad kapisanang binhi 🌱🐑🍓",https://www.youtube.com/watch?v=ROa3kbG5M0U&lc=UgyeeeATiHYn_a02q6R4AaABAg,UgyeeeATiHYn_a02q6R4AaABAg,UC_S502t_HqWNj_mH4FrmElg,"Fetched 05/24/2026, 8:08:10 PM GMT+8"
2610,La Trinidad,@PELITANJennyClaireT,6 days ago,Go Benguet🎉. Payt Payt Payt 👊. / - La Trinidad,https://www.youtube.com/watch?v=ROa3kbG5M0U&lc=UgyJ-OUX7uDccaGsTaB4AaABAg,UgyJ-OUX7uDccaGsTaB4AaABAg,UCsVZgGkRnNqeIIOLxHiFR7A,"Fetched 05/24/2026, 8:08:10 PM GMT+8"
2611,La Trinidad,@PELITANJennyClaireT,6 days ago,"Eleven out of ten, with an extra one 'cause your my numba wann 🫶. / - La Trinidad",https://www.youtube.com/watch?v=ROa3kbG5M0U&lc=UgyZTjPBgMkTor3XVYB4AaABAg,UgyZTjPBgMkTor3XVYB4AaABAg,UCsVZgGkRnNqeIIOLxHiFR7A,"Fetched 05/24/2026, 8:08:10 PM GMT+8"
2612,La Trinidad,@JAZZ-p4b,6 days ago,Let's go BENGUET 🍓  / Fight! Fight! La Trinidad 🪷  / Go! Go! Binhi 🌱,https://www.youtube.com/watch?v=ROa3kbG5M0U&lc=UgxPQ8E8wEz3r7JClzF4AaABAg,UgxPQ8E8wEz3r7JClzF4AaABAg,UC_S502t_HqWNj_mH4FrmElg,"Fetched 05/24/2026, 8:08:10 PM GMT+8"
2613,La Trinidad,@Clark-u2x7j,6 days ago,Lets gooo!!! Benguet!! Lets go La Trinidad!!!,https://www.youtube.com/watch?v=ROa3kbG5M0U&lc=Ugzm5olM7fYLfqyTFTd4AaABAg,Ugzm5olM7fYLfqyTFTd4AaABAg,UCXCpvOL5DiJ28yKNG4nsZvg,"Fetched 05/24/2026, 8:08:10 PM GMT+8"
2614,La Trinidad,@PELITANJennyClaireT,6 days ago,Rating : 11/10. / Go Benguet 🎉. / -La Trinidad,https://www.youtube.com/watch?v=ROa3kbG5M0U&lc=UgzgjHtHaKb4kWDJWrN4AaABAg,UgzgjHtHaKb4kWDJWrN4AaABAg,UCsVZgGkRnNqeIIOLxHiFR7A,"Fetched 05/24/2026, 8:08:10 PM GMT+8"
2615,La Trinidad,@Clark-u2x7j,6 days ago,Good evening and Happy viewing po mga kapatid!! mula po sa lokal ng La Trinidad!!!,https://www.youtube.com/watch?v=ROa3kbG5M0U&lc=UgzkxEy_8IjT2jEfCtt4AaABAg,UgzkxEy_8IjT2jEfCtt4AaABAg,UCXCpvOL5DiJ28yKNG4nsZvg,"Fetched 05/24/2026, 8:08:10 PM GMT+8"
2616,La Trinidad,@PELITANJennyClaireT,6 days ago,Happeee viewing puuu. Kain po sa mga di pa kumain 🍚. / - La Trinidad,https://www.youtube.com/watch?v=ROa3kbG5M0U&lc=UgyP3wNkbcqH-JBjHzl4AaABAg,UgyP3wNkbcqH-JBjHzl4AaABAg,UCsVZgGkRnNqeIIOLxHiFR7A,"Fetched 05/24/2026, 8:08:10 PM GMT+8"
2617,La Trinidad,@Clark-u2x7j,6 days ago,Walang sawang suporta po mula sa lokal ng La Trinidad!!!,https://www.youtube.com/watch?v=ROa3kbG5M0U&lc=UgyMlvaBwheQ3pwrLF14AaABAg,UgyMlvaBwheQ3pwrLF14AaABAg,UCXCpvOL5DiJ28yKNG4nsZvg,"Fetched 05/24/2026, 8:08:10 PM GMT+8"
2618,La Trinidad,@PELITANJennyClaireT,6 days ago,Go Benguet!! The locale of La Trinidad has your back ⭐. / - La Trinidad,https://www.youtube.com/watch?v=ROa3kbG5M0U&lc=UgwaHlA7tvnokSiIabR4AaABAg,UgwaHlA7tvnokSiIabR4AaABAg,UCsVZgGkRnNqeIIOLxHiFR7A,"Fetched 05/24/2026, 8:08:10 PM GMT+8"
2619,La Trinidad,@PELITANJennyClaireT,6 days ago,Magandang gabiii po. Patuloy pa rin po ang panonood ng mga nasa Kapisang kadiwa mula sa lokal ng La Trinidad 🎉.,https://www.youtube.com/watch?v=ROa3kbG5M0U&lc=Ugx-OKZIMy_p-KqA0H14AaABAg,Ugx-OKZIMy_p-KqA0H14AaABAg,UCsVZgGkRnNqeIIOLxHiFR7A,"Fetched 05/24/2026, 8:08:10 PM GMT+8"
2620,La Trinidad,@Clark-u2x7j,6 days ago,Happy viewing po mga mahal na Kapatid!! Maligayang pagbati po mula sa Lokal ng La Trinidad!!!,https://www.youtube.com/watch?v=ROa3kbG5M0U&lc=UgzQj2KBgf7TTFSInWV4AaABAg,UgzQj2KBgf7TTFSInWV4AaABAg,UCXCpvOL5DiJ28yKNG4nsZvg,"Fetched 05/24/2026, 8:08:10 PM GMT+8"
2621,La Trinidad,@FrederickCorpuz-em4dm,6 days ago,Happy viewing po mula sa aming purok grupo 1-7 at scan local ng buyagan la Trinidad Benguet,https://www.youtube.com/watch?v=ROa3kbG5M0U&lc=UgzcEhfAAsQdk46-3zx4AaABAg,UgzcEhfAAsQdk46-3zx4AaABAg,UCA35GiLSKDBTSkbJ4GkEPqA,"Fetched 05/24/2026, 8:08:10 PM GMT+8"
2622,La Trinidad,@RaymonsDemasangl-k4t,6 days ago,Go la Trinidad ❤,https://www.youtube.com/watch?v=ROa3kbG5M0U&lc=UgyQjYR-UfZL0dupZ8p4AaABAg,UgyQjYR-UfZL0dupZ8p4AaABAg,UC-8ag5ojpsFy3Jjlj5S5iEA,"Fetched 05/24/2026, 8:08:10 PM GMT+8"
2623,La Trinidad,@jajahow34,6 days ago,"Good evening mga kapatid, happy viewing po mula po sa Lokal ng La Trinidad!",https://www.youtube.com/watch?v=ROa3kbG5M0U&lc=UgyTIM7KEnoXiMF69EN4AaABAg,UgyTIM7KEnoXiMF69EN4AaABAg,UCZ2mzt4Iyln92s3QwpXbReA,"Fetched 05/24/2026, 8:08:10 PM GMT+8"
2624,La Trinidad,@DestinyGonzales-13003,6 days ago,"Happy viewing po mula sa lokal ng La Trinidad, Distrito ng Benguet! ❤❤❤",https://www.youtube.com/watch?v=ROa3kbG5M0U&lc=UgzAFi_gBt9ciigYrtt4AaABAg,UgzAFi_gBt9ciigYrtt4AaABAg,UCllFwWpAiU-6bkSqbssxHAw,"Fetched 05/24/2026, 8:08:10 PM GMT+8"
2625,La Trinidad,@jajahowhow34,6 days ago,BENGUET~ / FIGHT! FIGHT! FIGHT!  /  / Pagbati po mula sa Lokal ng La Trinidad!!👐,https://www.youtube.com/watch?v=ROa3kbG5M0U&lc=Ugznq5ymdKQpMcorpnR4AaABAg,Ugznq5ymdKQpMcorpnR4AaABAg,UCZqjXW2bq-iFGhee5WzpbBQ,"Fetched 05/24/2026, 8:08:10 PM GMT+8"
2626,La Trinidad,@Xieee-x8v,6 days ago,Magandang gabi po 🌆  /  / Nanonood po mula sa Lokal ng La Trinidad ❤️‍🔥,https://www.youtube.com/watch?v=ROa3kbG5M0U&lc=Ugx-7RN7ou2lgOIbYM14AaABAg,Ugx-7RN7ou2lgOIbYM14AaABAg,UCjYF2eqO3sw4XuYBb8HsAXg,"Fetched 05/24/2026, 8:08:10 PM GMT+8"
2627,La Trinidad,@BnHydn_2,6 days ago,Enjoy watching everyone 💞 / Lokal ng La Trinidad,https://www.youtube.com/watch?v=ROa3kbG5M0U&lc=UgwuRdt-XNO-Uuowl114AaABAg,UgwuRdt-XNO-Uuowl114AaABAg,UCFiIuFtStNyId62JOmMovbw,"Fetched 05/24/2026, 8:08:10 PM GMT+8"
2628,La Trinidad,@Xieee-x8v,6 days ago,Happy viewing po everyone 🫂  /  / Pagbati po mula sa Lokal ng La Trinidad 👋,https://www.youtube.com/watch?v=ROa3kbG5M0U&lc=Ugzs4UVOpSjum38RAkZ4AaABAg,Ugzs4UVOpSjum38RAkZ4AaABAg,UCjYF2eqO3sw4XuYBb8HsAXg,"Fetched 05/24/2026, 8:08:10 PM GMT+8"
2629,La Trinidad,@BnHydn_2,6 days ago,Let's go Benguet  / Let's go Binhi / Let's go La Trinidad,https://www.youtube.com/watch?v=ROa3kbG5M0U&lc=UgweOiLn3ltgKY1uSJp4AaABAg,UgweOiLn3ltgKY1uSJp4AaABAg,UCFiIuFtStNyId62JOmMovbw,"Fetched 05/24/2026, 8:08:10 PM GMT+8"
2630,La Trinidad,@BnHydn_2,6 days ago,Better watching than doing nothing  / -Lokal ng La Trinidad,https://www.youtube.com/watch?v=ROa3kbG5M0U&lc=UgxczM89MEnJqEs2E2N4AaABAg,UgxczM89MEnJqEs2E2N4AaABAg,UCFiIuFtStNyId62JOmMovbw,"Fetched 05/24/2026, 8:08:10 PM GMT+8"
2631,La Trinidad,@BnHydn_2,6 days ago,Happy viewing to everyone! / -La Trinidad,https://www.youtube.com/watch?v=ROa3kbG5M0U&lc=UgzOZ43M7P8OhEIgQyF4AaABAg,UgzOZ43M7P8OhEIgQyF4AaABAg,UCFiIuFtStNyId62JOmMovbw,"Fetched 05/24/2026, 8:08:10 PM GMT+8"
2632,La Trinidad,@judithGaoan,6 days ago,Good evening po mga kapatid..rewatching habang kumakain😊😊😊 from lokal ng la Trinidad,https://www.youtube.com/watch?v=ROa3kbG5M0U&lc=UgwNj_h93wgeE2qmz9V4AaABAg,UgwNj_h93wgeE2qmz9V4AaABAg,UCRorSeBrDC02x6GWPC4AB4Q,"Fetched 05/24/2026, 8:08:10 PM GMT+8"
2633,La Trinidad,@BnHydn_2,6 days ago,Happy viewing po sa lahat 📺🎵 / -Lokal ng La Trinidad,https://www.youtube.com/watch?v=ROa3kbG5M0U&lc=Ugz01UhVKTMcZmQOvIN4AaABAg,Ugz01UhVKTMcZmQOvIN4AaABAg,UCFiIuFtStNyId62JOmMovbw,"Fetched 05/24/2026, 8:08:10 PM GMT+8"
2634,La Trinidad,@BnHydn_2,6 days ago,Fight Benguet ♥️  / Fight La Trinidad,https://www.youtube.com/watch?v=ROa3kbG5M0U&lc=UgzSmXYEGjozeLMfbXJ4AaABAg,UgzSmXYEGjozeLMfbXJ4AaABAg,UCFiIuFtStNyId62JOmMovbw,"Fetched 05/24/2026, 8:08:10 PM GMT+8"
2635,La Trinidad,@BnHydn_2,6 days ago,Go Benguet ♥️ Reach the 🔝  / -Lokal ng La Trinidad,https://www.youtube.com/watch?v=ROa3kbG5M0U&lc=UgyqVhFHpFFxwbx9Pud4AaABAg,UgyqVhFHpFFxwbx9Pud4AaABAg,UCFiIuFtStNyId62JOmMovbw,"Fetched 05/24/2026, 8:08:10 PM GMT+8"
2636,La Trinidad,@JAZZ-p4b,6 days ago,"Magandang gabi po mga kapatid, happy viewing po, patuloy ang aming pag suporta mula po sa lokal ng La Trinidad 🐑🍓 kapisanang binhi 🌱😊",https://www.youtube.com/watch?v=ROa3kbG5M0U&lc=UgzK0UngKUfr9i543ER4AaABAg,UgzK0UngKUfr9i543ER4AaABAg,UC_S502t_HqWNj_mH4FrmElg,"Fetched 05/24/2026, 8:08:10 PM GMT+8"
2637,La Trinidad,@BnHydn_2,6 days ago,His wordous love 💖💖  / Let's go Benguet  / LOKAL NG La Trinidad,https://www.youtube.com/watch?v=ROa3kbG5M0U&lc=Ugyhrp7ECVYjjAMjUod4AaABAg,Ugyhrp7ECVYjjAMjUod4AaABAg,UCFiIuFtStNyId62JOmMovbw,"Fetched 05/24/2026, 8:08:10 PM GMT+8"
2638,La Trinidad,@BnHydn_2,6 days ago,Happy viewing po sa lahat 📺🎵 / -Lokal ng La Trinidad,https://www.youtube.com/watch?v=ROa3kbG5M0U&lc=Ugw6ZzAoYNRqkW7TC754AaABAg,Ugw6ZzAoYNRqkW7TC754AaABAg,UCFiIuFtStNyId62JOmMovbw,"Fetched 05/24/2026, 8:08:10 PM GMT+8"
2639,La Trinidad,@BnHydn_2,6 days ago,"best MV !! Mula po sa lokal ng La Trinidad, Let's go Benguet",https://www.youtube.com/watch?v=ROa3kbG5M0U&lc=UgxSNTb_nyLQ07DIWad4AaABAg,UgxSNTb_nyLQ07DIWad4AaABAg,UCFiIuFtStNyId62JOmMovbw,"Fetched 05/24/2026, 8:08:10 PM GMT+8"
2640,La Trinidad,@BnHydn_2,6 days ago,Go go go Benguet ♥️  / -Lokal ng La Trinidad,https://www.youtube.com/watch?v=ROa3kbG5M0U&lc=UgwLh0a_xvWQ2COvTN14AaABAg,UgwLh0a_xvWQ2COvTN14AaABAg,UCFiIuFtStNyId62JOmMovbw,"Fetched 05/24/2026, 8:08:10 PM GMT+8"
2641,La Trinidad,@DianoCharize,6 days ago,"Gooo Benguet  /  / Happy viewing po mula sa Lokal ng La Trinidad /  / Fight, Fight, Fight❤",https://www.youtube.com/watch?v=ROa3kbG5M0U&lc=UgzzNGPXk-AWXaNUaQZ4AaABAg,UgzzNGPXk-AWXaNUaQZ4AaABAg,UCgeNjJWZwDCHuIqnxDjnX1g,"Fetched 05/24/2026, 8:08:10 PM GMT+8"
2642,La Trinidad,@DianoCharize,6 days ago,"Gooo Benguet  /  / Happy viewing po mula sa Lokal ng La Trinidad /  / Fight, Fight, Fight❤",https://www.youtube.com/watch?v=ROa3kbG5M0U&lc=UgzGSXI9cPJADBLzz654AaABAg,UgzGSXI9cPJADBLzz654AaABAg,UCgeNjJWZwDCHuIqnxDjnX1g,"Fetched 05/24/2026, 8:08:10 PM GMT+8"
2643,La Trinidad,@DianoCharize,6 days ago,"Gooo Benguet  /  / Happy viewing po mula sa Lokal ng La Trinidad /  / Fight, Fight, Fight❤",https://www.youtube.com/watch?v=ROa3kbG5M0U&lc=UgwSwytVurNP-e0GFed4AaABAg,UgwSwytVurNP-e0GFed4AaABAg,UCgeNjJWZwDCHuIqnxDjnX1g,"Fetched 05/24/2026, 8:08:10 PM GMT+8"
2644,La Trinidad,@DianoCharize,6 days ago,"Gooo Benguet / La Trinidad /  / Fight, Fight, Fight❤",https://www.youtube.com/watch?v=ROa3kbG5M0U&lc=UgzomSSiHwnd70SBuAx4AaABAg,UgzomSSiHwnd70SBuAx4AaABAg,UCgeNjJWZwDCHuIqnxDjnX1g,"Fetched 05/24/2026, 8:08:10 PM GMT+8"
2645,La Trinidad,@janetpiloneo4005,7 days ago,"Gods Love,, Go La Trinidad, Benguet♥️",https://www.youtube.com/watch?v=ROa3kbG5M0U&lc=Ugx4nOcJy1X8JYgk4Oh4AaABAg.AWoV5M3dXxaAWuKfUR8lCm,Ugx4nOcJy1X8JYgk4Oh4AaABAg.AWoV5M3dXxaAWuKfUR8lCm,UCHfGuEIPpHgRmM_zIugjkPQ,"Fetched 05/24/2026, 8:08:10 PM GMT+8"
2646,La Trinidad,@ArianefritzBekesan,7 days ago,HAPPY VIEWING PO from Local nga La trinidad Benguet😍.,https://www.youtube.com/watch?v=ROa3kbG5M0U&lc=UgyYRIzznuHQj0XRNEl4AaABAg,UgyYRIzznuHQj0XRNEl4AaABAg,UCC0maqU1yrcm_5Mbr0jlrgw,"Fetched 05/24/2026, 8:08:10 PM GMT+8"
2647,La Trinidad,@jondelapena32,7 days ago,"Human's heart is not perfect,can love this exact time  and hate tomorrow. Just like the others? Maybe not ??? Many people can mistreat you, you,misunderstand you,or even want you to not succeed.But through the  THE ALMIGHTY GOD'S  PERFECT LOVE , the so called  vast mountain of problems will be solutionized and will be a blessing in disguise.FOREVER GRATEFUL IN OUR ALMIGHTY GOD'S UNENDING LOVE / Watching from lokal Ng la trinidad",https://www.youtube.com/watch?v=ROa3kbG5M0U&lc=UgzZBBqrDEmmxTdaPYB4AaABAg,UgzZBBqrDEmmxTdaPYB4AaABAg,UCFh2glUfnTmKQWve6QOou_Q,"Fetched 05/24/2026, 8:08:10 PM GMT+8"
2648,La Trinidad,@rejomartayaban,7 days ago,"Lets gooo Benguuettt, patuloy po kaming taga La Trinidad sa pagview, pagshare at pag kakampanya sa MV ng ating pong Distrito..",https://www.youtube.com/watch?v=ROa3kbG5M0U&lc=UgzFIISDbnu_8Kazf714AaABAg,UgzFIISDbnu_8Kazf714AaABAg,UCi7RYRPFL6HTFaScpYFJMJQ,"Fetched 05/24/2026, 8:08:10 PM GMT+8"
2649,La Trinidad,@bengao-an9216,7 days ago,Kakauwi lang po...happy viewing po sa lahat... La trinidad,https://www.youtube.com/watch?v=ROa3kbG5M0U&lc=UgxdY3JmofCNK9fAV3p4AaABAg,UgxdY3JmofCNK9fAV3p4AaABAg,UCTuh6lT9KphLHTbIU-xiheQ,"Fetched 05/24/2026, 8:08:10 PM GMT+8"
2650,La Trinidad,@BnHydn_2,7 days ago,♥️Let's go Benguet ♥️ / 💚 Local ng La Trinidad 💚,https://www.youtube.com/watch?v=ROa3kbG5M0U&lc=Ugyb5VF5RGAbyum-i6l4AaABAg,Ugyb5VF5RGAbyum-i6l4AaABAg,UCFiIuFtStNyId62JOmMovbw,"Fetched 05/24/2026, 8:08:10 PM GMT+8"
2651,La Trinidad,@BnHydn_2,7 days ago,21k comments!! / -Let's go Benguet  / -Lokal ng La Trinidad,https://www.youtube.com/watch?v=ROa3kbG5M0U&lc=UgxfGNxUttKkjcRDkOl4AaABAg,UgxfGNxUttKkjcRDkOl4AaABAg,UCFiIuFtStNyId62JOmMovbw,"Fetched 05/24/2026, 8:08:10 PM GMT+8"
2652,La Trinidad,@BnHydn_2,7 days ago,Binhi watchers here 🤚  / -Lokal ng La Trinidad,https://www.youtube.com/watch?v=ROa3kbG5M0U&lc=UgyM1wQrlv6tMAlqlix4AaABAg,UgyM1wQrlv6tMAlqlix4AaABAg,UCFiIuFtStNyId62JOmMovbw,"Fetched 05/24/2026, 8:08:10 PM GMT+8"
2653,La Trinidad,@JAZZ-p4b,7 days ago,Let's fight fight po mga kapatid  /  / Lokal ng La Trinidad kapisanang binhi 🌱🐑🍓,https://www.youtube.com/watch?v=ROa3kbG5M0U&lc=Ugz6_1iSDTC6f3DG5Pd4AaABAg,Ugz6_1iSDTC6f3DG5Pd4AaABAg,UC_S502t_HqWNj_mH4FrmElg,"Fetched 05/24/2026, 8:08:10 PM GMT+8"
2654,La Trinidad,@JAZZ-p4b,7 days ago,Let's fight fight po mga kapatid  /  / Lokal ng La Trinidad kapisanang binhi 🌱🐑🍓,https://www.youtube.com/watch?v=ROa3kbG5M0U&lc=UgwXdZwjTxTmmgXXDCV4AaABAg,UgwXdZwjTxTmmgXXDCV4AaABAg,UC_S502t_HqWNj_mH4FrmElg,"Fetched 05/24/2026, 8:08:10 PM GMT+8"
2655,La Trinidad,@BnHydn_2,7 days ago,Road to 30k views! / -Lokal ng La Trinidad,https://www.youtube.com/watch?v=ROa3kbG5M0U&lc=UgwlopQvo-7Rl9Qk7cR4AaABAg,UgwlopQvo-7Rl9Qk7cR4AaABAg,UCFiIuFtStNyId62JOmMovbw,"Fetched 05/24/2026, 8:08:10 PM GMT+8"
2656,La Trinidad,@mecoriasca,7 days ago,happy viewing po from lokal ng La Trinidad,https://www.youtube.com/watch?v=ROa3kbG5M0U&lc=UgxbVcUEW7lhurGKGgZ4AaABAg,UgxbVcUEW7lhurGKGgZ4AaABAg,UCdnFDbvD1577buOgWtrk7HQ,"Fetched 05/24/2026, 8:08:10 PM GMT+8"
2657,La Trinidad,@BnHydn_2,7 days ago,La Trinidad!! Fight! Fight!,https://www.youtube.com/watch?v=ROa3kbG5M0U&lc=Ugw8-0cs6PULDA1n6Xt4AaABAg,Ugw8-0cs6PULDA1n6Xt4AaABAg,UCFiIuFtStNyId62JOmMovbw,"Fetched 05/24/2026, 8:08:10 PM GMT+8"
2658,La Trinidad,@BnHydn_2,7 days ago,2.4k likes 🎉🎉🎉 / Happy viewing po!!! / -Lokal ng La Trinidad,https://www.youtube.com/watch?v=ROa3kbG5M0U&lc=Ugwl2FXfman1yWIMkgl4AaABAg,Ugwl2FXfman1yWIMkgl4AaABAg,UCFiIuFtStNyId62JOmMovbw,"Fetched 05/24/2026, 8:08:10 PM GMT+8"
2659,La Trinidad,@PELITANJennyClaireT,7 days ago,Happiii viewing pong muli. Pagbati mula sa lokal ng La Trinidad 🎉,https://www.youtube.com/watch?v=ROa3kbG5M0U&lc=UgylYl2oaMK8LJdDvWd4AaABAg,UgylYl2oaMK8LJdDvWd4AaABAg,UCsVZgGkRnNqeIIOLxHiFR7A,"Fetched 05/24/2026, 8:08:10 PM GMT+8"
2660,La Trinidad,@BnHydn_2,7 days ago,Shoutout sa mga maytungkulin sa Lokal ng La Trinidad!!,https://www.youtube.com/watch?v=ROa3kbG5M0U&lc=Ugyarx1PfRL6AvNNl954AaABAg,Ugyarx1PfRL6AvNNl954AaABAg,UCFiIuFtStNyId62JOmMovbw,"Fetched 05/24/2026, 8:08:10 PM GMT+8"
2661,La Trinidad,@BnHydn_2,7 days ago,Better watching than doing nothing  / -Lokal ng La Trinidad,https://www.youtube.com/watch?v=ROa3kbG5M0U&lc=UgztzLKKOzz8abvqayF4AaABAg,UgztzLKKOzz8abvqayF4AaABAg,UCFiIuFtStNyId62JOmMovbw,"Fetched 05/24/2026, 8:08:10 PM GMT+8"
2662,La Trinidad,@BnHydn_2,7 days ago,Happy viewing to everyone! / -La Trinidad,https://www.youtube.com/watch?v=ROa3kbG5M0U&lc=UgxZ_pXN_1rk23diRil4AaABAg,UgxZ_pXN_1rk23diRil4AaABAg,UCFiIuFtStNyId62JOmMovbw,"Fetched 05/24/2026, 8:08:10 PM GMT+8"
2663,La Trinidad,@BnHydn_2,7 days ago,Happy viewing po sa lahat 📺🎵 / -Lokal ng La Trinidad,https://www.youtube.com/watch?v=ROa3kbG5M0U&lc=UgxlJQPyYm2nX4zbZg54AaABAg,UgxlJQPyYm2nX4zbZg54AaABAg,UCFiIuFtStNyId62JOmMovbw,"Fetched 05/24/2026, 8:08:10 PM GMT+8"
2664,La Trinidad,@lanlani.eaaaahn,7 days ago,nanonood po mula sa lokal ng La Trinidad!!! ❤❤❤❤,https://www.youtube.com/watch?v=ROa3kbG5M0U&lc=UgwEV6OLKFUwN47VTyd4AaABAg,UgwEV6OLKFUwN47VTyd4AaABAg,UCxRF5ldmYBJWNlgtayRoTHg,"Fetched 05/24/2026, 8:08:10 PM GMT+8"
2665,La Trinidad,@BnHydn_2,7 days ago (edited),20k comments achieved 🎉 / Happy viewing po mga kapatid 💚  / -Lokal ng La Trinidad,https://www.youtube.com/watch?v=ROa3kbG5M0U&lc=UgxV49v_wYdR2twIcsR4AaABAg,UgxV49v_wYdR2twIcsR4AaABAg,UCFiIuFtStNyId62JOmMovbw,"Fetched 05/24/2026, 8:08:10 PM GMT+8"
2666,La Trinidad,@BnHydn_2,7 days ago,Go Benguet ♥️  / Go La Trinidad,https://www.youtube.com/watch?v=ROa3kbG5M0U&lc=UgxsSLEdNbNHxEqrrfB4AaABAg,UgxsSLEdNbNHxEqrrfB4AaABAg,UCFiIuFtStNyId62JOmMovbw,"Fetched 05/24/2026, 8:08:10 PM GMT+8"
2667,La Trinidad,@DianoCharize,7 days ago,"Gooo Benguet  /  / La Trinidad / Fight, Fight, Fight❤",https://www.youtube.com/watch?v=ROa3kbG5M0U&lc=UgwV2siFDBueScYVWLt4AaABAg,UgwV2siFDBueScYVWLt4AaABAg,UCgeNjJWZwDCHuIqnxDjnX1g,"Fetched 05/24/2026, 8:08:10 PM GMT+8"
2668,La Trinidad,@DianoCharize,7 days ago,"Gooo Benguet  /  / La Trinidad /  / Fight, Fight, Fight❤",https://www.youtube.com/watch?v=ROa3kbG5M0U&lc=UgwTQ8zu5CVQtZ_iZbR4AaABAg,UgwTQ8zu5CVQtZ_iZbR4AaABAg,UCgeNjJWZwDCHuIqnxDjnX1g,"Fetched 05/24/2026, 8:08:10 PM GMT+8"
2669,La Trinidad,@DianoCharize,7 days ago,"Gooo Benguet  /  / La Trinidad /  /  / Fight, Fight, Fight❤",https://www.youtube.com/watch?v=ROa3kbG5M0U&lc=UgzLscaoY3wQCKzdvRp4AaABAg,UgzLscaoY3wQCKzdvRp4AaABAg,UCgeNjJWZwDCHuIqnxDjnX1g,"Fetched 05/24/2026, 8:08:10 PM GMT+8"
2670,La Trinidad,@DianoCharize,7 days ago,"Gooo Benguet  /  / La Trinidad /  /  / Fight, Fight, Fight❤",https://www.youtube.com/watch?v=ROa3kbG5M0U&lc=UgxASgWiF0u5VRz147p4AaABAg,UgxASgWiF0u5VRz147p4AaABAg,UCgeNjJWZwDCHuIqnxDjnX1g,"Fetched 05/24/2026, 8:08:10 PM GMT+8"
2671,La Trinidad,@DianoCharize,7 days ago,"Gooo Benguet  /  / La Trinidad /  /  / Fight, Fight, Fight❤",https://www.youtube.com/watch?v=ROa3kbG5M0U&lc=UgyTxXXro6IATxnQJ3d4AaABAg,UgyTxXXro6IATxnQJ3d4AaABAg,UCgeNjJWZwDCHuIqnxDjnX1g,"Fetched 05/24/2026, 8:08:10 PM GMT+8"
2672,La Trinidad,@DianoCharize,7 days ago,"Gooo Benguet  /  / La Trinidad /  /  / Fight, Fight, Fight❤",https://www.youtube.com/watch?v=ROa3kbG5M0U&lc=UgzVJXV0tCCz6e8TvvR4AaABAg,UgzVJXV0tCCz6e8TvvR4AaABAg,UCgeNjJWZwDCHuIqnxDjnX1g,"Fetched 05/24/2026, 8:08:10 PM GMT+8"
2673,La Trinidad,@JAZZ-p4b,7 days ago,let's go BENGUET 🍓  /  / -La Trinidad 🐑,https://www.youtube.com/watch?v=ROa3kbG5M0U&lc=Ugzs5QBghXa2UXDcyUB4AaABAg,Ugzs5QBghXa2UXDcyUB4AaABAg,UC_S502t_HqWNj_mH4FrmElg,"Fetched 05/24/2026, 8:08:10 PM GMT+8"
2674,La Trinidad,@JAZZ-p4b,7 days ago,Happy viewing 🎉 / -Lokal ng La Trinidad,https://www.youtube.com/watch?v=ROa3kbG5M0U&lc=UgzPaDSTCy1BoqHw1C54AaABAg,UgzPaDSTCy1BoqHw1C54AaABAg,UC_S502t_HqWNj_mH4FrmElg,"Fetched 05/24/2026, 8:08:10 PM GMT+8"
2675,La Trinidad,@DianoCharize,7 days ago,Goo La Trinidad ❤❤❤,https://www.youtube.com/watch?v=ROa3kbG5M0U&lc=UgzfxOUt0-Er0zIdVlN4AaABAg,UgzfxOUt0-Er0zIdVlN4AaABAg,UCgeNjJWZwDCHuIqnxDjnX1g,"Fetched 05/24/2026, 8:08:10 PM GMT+8"
2676,La Trinidad,@JAZZ-p4b,7 days ago,Fight fight fight 💪 BENGUET 🍓  /  / -La Trinidad 🪷,https://www.youtube.com/watch?v=ROa3kbG5M0U&lc=UgxsuJTFZQbNgvFRms94AaABAg,UgxsuJTFZQbNgvFRms94AaABAg,UC_S502t_HqWNj_mH4FrmElg,"Fetched 05/24/2026, 8:08:10 PM GMT+8"
2677,La Trinidad,@CasseySGonzales,7 days ago,"Happy Viewing po mga kapatid / From lokal ng La Trinidad❤ /  / Shout out po kay ka Jazznel Piloneo future pangulong binhi🌱🍓 / Kappatid na Trish Ann Orden, Pia samantha Guevarra, Ben Hayden Gao-an, ka Alexie Gao-an,  / Ka Kenner Bokilis Destinado ng Lokal / Ka napakagandang Diana Rose De jesus Organista ng Lokal / Ka Redentor Tayaban pangulong PNK ng lokal",https://www.youtube.com/watch?v=ROa3kbG5M0U&lc=UgwliKprqXpGSu97dM94AaABAg,UgwliKprqXpGSu97dM94AaABAg,UCZ_1zJtZfWs6L_NdfNJCvtQ,"Fetched 05/24/2026, 8:08:10 PM GMT+8"
2678,La Trinidad,@JAZZ-p4b,7 days ago,Happy viewing po 🎉🎉 /  / -La Trinidad,https://www.youtube.com/watch?v=ROa3kbG5M0U&lc=UgzxoHxf949HWYwEWZt4AaABAg,UgzxoHxf949HWYwEWZt4AaABAg,UC_S502t_HqWNj_mH4FrmElg,"Fetched 05/24/2026, 8:08:10 PM GMT+8"
2679,La Trinidad,@BnHydn_2,7 days ago (edited),Let's GOOOO BENGUET 🎉 / Happy viewing po sa lahat 📺! / -Lokal ng La Trinidad,https://www.youtube.com/watch?v=ROa3kbG5M0U&lc=UgyWocDmBckNHsXYuSh4AaABAg,UgyWocDmBckNHsXYuSh4AaABAg,UCFiIuFtStNyId62JOmMovbw,"Fetched 05/24/2026, 8:08:10 PM GMT+8"
2680,La Trinidad,@JAZZ-p4b,7 days ago,Let's go BENGUET 🍓  / -La Trinidad,https://www.youtube.com/watch?v=ROa3kbG5M0U&lc=Ugx9CYBXCGrItw63XxJ4AaABAg,Ugx9CYBXCGrItw63XxJ4AaABAg,UC_S502t_HqWNj_mH4FrmElg,"Fetched 05/24/2026, 8:08:10 PM GMT+8"
2681,La Trinidad,@JAZZ-p4b,7 days ago,Happy viewing everyone 🎉 /  / -lokal ng La Trinidad ❤,https://www.youtube.com/watch?v=ROa3kbG5M0U&lc=UgzScyDW_8W6zr1MCo54AaABAg,UgzScyDW_8W6zr1MCo54AaABAg,UC_S502t_HqWNj_mH4FrmElg,"Fetched 05/24/2026, 8:08:10 PM GMT+8"
2682,La Trinidad,@JAZZ-p4b,7 days ago,Happy viewing po mga kapatid 🎉🎉 Lokal ng La Trinidad 🪷,https://www.youtube.com/watch?v=ROa3kbG5M0U&lc=UgziI1oPDzzaaOYsNdN4AaABAg,UgziI1oPDzzaaOYsNdN4AaABAg,UC_S502t_HqWNj_mH4FrmElg,"Fetched 05/24/2026, 8:08:10 PM GMT+8"
2683,La Trinidad,@DELAROSATwaineHannah,7 days ago,"Happy viewing po! 🤗✨ / Mula po sa Lokal ng La Trinidad, Distrito ng Benguet 💖 / Nawa’y maging masaya at puno ng pagpapala ang ating panonood. God bless po sa ating lahat! 🌸",https://www.youtube.com/watch?v=ROa3kbG5M0U&lc=UgxNTGsH_0tdeT04IDJ4AaABAg,UgxNTGsH_0tdeT04IDJ4AaABAg,UCMDHc1y4luEeVfjBCnOoyIw,"Fetched 05/24/2026, 8:08:10 PM GMT+8"
2684,La Trinidad,@DELAROSATwaineHannah,7 days ago,"Happy viewing po! 🤗✨ / Mula po sa Lokal ng La Trinidad, Distrito ng Benguet 💖 / Nawa’y maging masaya at puno ng pagpapala ang ating panonood. God bless po sa ating lahat! 🌸",https://www.youtube.com/watch?v=ROa3kbG5M0U&lc=Ugy0d2JOUWwUgblAtbl4AaABAg,Ugy0d2JOUWwUgblAtbl4AaABAg,UCMDHc1y4luEeVfjBCnOoyIw,"Fetched 05/24/2026, 8:08:10 PM GMT+8"
2685,La Trinidad,@DELAROSATwaineHannah,7 days ago,"Happy viewing po! 🤗✨ / Mula po sa Lokal ng La Trinidad, Distrito ng Benguet 💖 / Nawa’y maging masaya at puno ng pagpapala ang ating panonood. God bless po sa ating lahat! 🌸",https://www.youtube.com/watch?v=ROa3kbG5M0U&lc=UgwpIB5XiHp14F0E_BJ4AaABAg,UgwpIB5XiHp14F0E_BJ4AaABAg,UCMDHc1y4luEeVfjBCnOoyIw,"Fetched 05/24/2026, 8:08:10 PM GMT+8"
2686,La Trinidad,@winkdelarosa2397,7 days ago,Goo goo goo Benguet 🎉🎉 /  / -La Trinidad,https://www.youtube.com/watch?v=ROa3kbG5M0U&lc=UgzR1ChF3Lu5xn8PTqN4AaABAg,UgzR1ChF3Lu5xn8PTqN4AaABAg,UCcSUir_e5wTvoTFR6eQepyQ,"Fetched 05/24/2026, 8:08:10 PM GMT+8"
2687,La Trinidad,@winkdelarosa2397,7 days ago,Happy Viewing po mula sa Lokal ng La Trinidad ❤,https://www.youtube.com/watch?v=ROa3kbG5M0U&lc=Ugxmsu12DSDuwgKniS14AaABAg,Ugxmsu12DSDuwgKniS14AaABAg,UCcSUir_e5wTvoTFR6eQepyQ,"Fetched 05/24/2026, 8:08:10 PM GMT+8"
2688,La Trinidad,@mhavie8186,7 days ago,Watching from Lokal ng La Trinidad..greetings po sa lahat ng mga masisipag na Kalihim na Registry♥️,https://www.youtube.com/watch?v=ROa3kbG5M0U&lc=UgyoASxkfn_za-SG2194AaABAg,UgyoASxkfn_za-SG2194AaABAg,UC2SguipN3hEpY4a9JGYQ3Tg,"Fetched 05/24/2026, 8:08:10 PM GMT+8"
2689,La Trinidad,@DELAROSATwaineHannah,7 days ago,"Happy viewing po! 🤗✨ / Mula po sa Lokal ng La Trinidad, Distrito ng Benguet 💖 / Nawa’y maging masaya at puno ng pagpapala ang ating panonood. God bless po sa ating lahat! 🌸",https://www.youtube.com/watch?v=ROa3kbG5M0U&lc=UgxkDaRgLZ2-5lJuf2F4AaABAg,UgxkDaRgLZ2-5lJuf2F4AaABAg,UCMDHc1y4luEeVfjBCnOoyIw,"Fetched 05/24/2026, 8:08:10 PM GMT+8"
2690,La Trinidad,@JAZZ-p4b,7 days ago,happy viewing po 🎉 /  / -Lokal ng La Trinidad 🐑,https://www.youtube.com/watch?v=ROa3kbG5M0U&lc=UgxTftM9Bw3uvu6kXtB4AaABAg,UgxTftM9Bw3uvu6kXtB4AaABAg,UC_S502t_HqWNj_mH4FrmElg,"Fetched 05/24/2026, 8:08:10 PM GMT+8"
2691,La Trinidad,@DELAROSATwaineHannah,7 days ago,"Happy viewing po! 🤗✨ / Mula po sa Lokal ng La Trinidad, Distrito ng Benguet 💖 / Nawa’y maging masaya at puno ng pagpapala ang ating panonood. God bless po sa ating lahat! 🌸",https://www.youtube.com/watch?v=ROa3kbG5M0U&lc=Ugz8qcfjt7ZPUjQ_GRB4AaABAg,Ugz8qcfjt7ZPUjQ_GRB4AaABAg,UCMDHc1y4luEeVfjBCnOoyIw,"Fetched 05/24/2026, 8:08:10 PM GMT+8"
2692,La Trinidad,@klienmartingonzales9861,7 days ago,Happy Benguet  Happy La Trinidad,https://www.youtube.com/watch?v=ROa3kbG5M0U&lc=UgzHKgrSArBTwTgrRM94AaABAg,UgzHKgrSArBTwTgrRM94AaABAg,UCIJSXffobfJsAIrn8hdp5ig,"Fetched 05/24/2026, 8:08:10 PM GMT+8"
2693,La Trinidad,@jhonejushdelacruz6710,7 days ago,Happy Viewing po! / Greetings po mula sa lokal ng La Trinidad! ❤,https://www.youtube.com/watch?v=ROa3kbG5M0U&lc=UgyKiKwLmYTckc1rWix4AaABAg,UgyKiKwLmYTckc1rWix4AaABAg,UCDTfJS_e7_UVpYsFdtAWzVw,"Fetched 05/24/2026, 8:08:10 PM GMT+8"
2694,La Trinidad,@angelajoyestopace254,7 days ago,Happy Viewing po Lokal ng La Trinidad Benguet  💚🤍❤️ / Happy Viewing po Lokal ng La Trinidad Benguet  💚🤍❤️ / Happy Viewing po Lokal ng La Trinidad Benguet  💚🤍❤️ / Happy Viewing po Lokal ng La Trinidad Benguet  💚🤍❤️ / Happy Viewing po Lokal ng La Trinidad Benguet  💚🤍❤️Happy Viewing po Lokal ng La Trinidad Benguet  💚🤍❤️,https://www.youtube.com/watch?v=ROa3kbG5M0U&lc=UgzjkZ_PU9ctFGYb9oZ4AaABAg,UgzjkZ_PU9ctFGYb9oZ4AaABAg,UCLbbdpQjDV__1REJzWAc3NA,"Fetched 05/24/2026, 8:08:10 PM GMT+8"
2695,La Trinidad,@JAZZ-p4b,7 days ago,happy viewing po mula sa lokal ng La Trinidad 🪷,https://www.youtube.com/watch?v=ROa3kbG5M0U&lc=UgyHh2XuyLH--TvsYRN4AaABAg,UgyHh2XuyLH--TvsYRN4AaABAg,UC_S502t_HqWNj_mH4FrmElg,"Fetched 05/24/2026, 8:08:10 PM GMT+8"
2696,La Trinidad,@jondelapena32,7 days ago,Haan nga maabak !!!! / Lokal Ng la trinidad,https://www.youtube.com/watch?v=ROa3kbG5M0U&lc=Ugyrdj7epM-K8bidUQN4AaABAg,Ugyrdj7epM-K8bidUQN4AaABAg,UCFh2glUfnTmKQWve6QOou_Q,"Fetched 05/24/2026, 8:08:10 PM GMT+8"
2697,La Trinidad,@johnreylucio8970,7 days ago,"Ang Lokal ng La Trinidad ay FIGHT Sa MAY 22,",https://www.youtube.com/watch?v=ROa3kbG5M0U&lc=Ugwb-NU67bWcKkOC53B4AaABAg,Ugwb-NU67bWcKkOC53B4AaABAg,UCNMupRD4ySrN336KZpy29OA,"Fetched 05/24/2026, 8:08:10 PM GMT+8"
2698,La Trinidad,@clarkpiloneo6778,7 days ago,Kagaya nina Josue at Caleb!! FIGHT FIGHT FIGHTT!! From lokal ng La Trinidad!!,https://www.youtube.com/watch?v=ROa3kbG5M0U&lc=UgyCLn0gYsmyGPXOt1J4AaABAg,UgyCLn0gYsmyGPXOt1J4AaABAg,UC-rMw-abFKutSmzfhWFDgJw,"Fetched 05/24/2026, 8:08:10 PM GMT+8"
2699,La Trinidad,@angelajoyestopace254,7 days ago,Happy Viewing po Lokal ng La Trinidad Benguet  💚🤍❤️ / Happy Viewing po Lokal ng La Trinidad Benguet  💚🤍❤️ / Happy Viewing po Lokal ng La Trinidad Benguet  💚🤍❤️ / Happy Viewing po Lokal ng La Trinidad Benguet  💚🤍❤️,https://www.youtube.com/watch?v=ROa3kbG5M0U&lc=UgyuChSMovEMOHu9jZZ4AaABAg,UgyuChSMovEMOHu9jZZ4AaABAg,UCLbbdpQjDV__1REJzWAc3NA,"Fetched 05/24/2026, 8:08:10 PM GMT+8"
2700,La Trinidad,@jhonejushdelacruz6710,7 days ago,Sending support from locale of La Trinidad 🫶,https://www.youtube.com/watch?v=ROa3kbG5M0U&lc=Ugy-Qj-G6tIA4_ywulJ4AaABAg,Ugy-Qj-G6tIA4_ywulJ4AaABAg,UCDTfJS_e7_UVpYsFdtAWzVw,"Fetched 05/24/2026, 8:08:10 PM GMT+8"
2701,La Trinidad,@tayabanrt,7 days ago,Let's go BENGUET! Fighting Lokal ng La Trinidad❤❤❤,https://www.youtube.com/watch?v=ROa3kbG5M0U&lc=Ugy6WmzYoNY7c_ZyQQ14AaABAg,Ugy6WmzYoNY7c_ZyQQ14AaABAg,UCCpOKu7HxJqnWctZ5fG9DZg,"Fetched 05/24/2026, 8:08:10 PM GMT+8"
2702,La Trinidad,@drewbatinay1449,7 days ago,Go Go Go! Happy Viewing mga Kapatid! Sending support from the Kadiwas of La Trinidad❤❤,https://www.youtube.com/watch?v=ROa3kbG5M0U&lc=UgwVRJJmwwyFVTtWxw54AaABAg,UgwVRJJmwwyFVTtWxw54AaABAg,UCQgz35ptm_7_RPT-Pc80itg,"Fetched 05/24/2026, 8:08:10 PM GMT+8"
2703,La Trinidad,@angelajoyestopace254,7 days ago,Happy Viewing po Lokal ng La Trinidad Benguet  💚🤍❤️  / Happy Viewing po Lokal ng La Trinidad Benguet  💚🤍❤️ / Happy Viewing po Lokal ng La Trinidad Benguet  💚🤍❤️ / Happy Viewing po Lokal ng La Trinidad Benguet  💚🤍❤️ / Happy Viewing po Lokal ng La Trinidad Benguet  💚🤍❤️,https://www.youtube.com/watch?v=ROa3kbG5M0U&lc=Ugw7eLj0wnjtF7hVHMB4AaABAg,Ugw7eLj0wnjtF7hVHMB4AaABAg,UCLbbdpQjDV__1REJzWAc3NA,"Fetched 05/24/2026, 8:08:10 PM GMT+8"
2704,La Trinidad,@johnreylucio8970,7 days ago,"FIGHT!! GO BENGUET!! go La Trinidad,, FIGHT TAYOOO",https://www.youtube.com/watch?v=ROa3kbG5M0U&lc=UgyYtjCxkGgitT43HxV4AaABAg,UgyYtjCxkGgitT43HxV4AaABAg,UCNMupRD4ySrN336KZpy29OA,"Fetched 05/24/2026, 8:08:10 PM GMT+8"
2705,La Trinidad,@clarkpiloneo6778,7 days ago,Goooddd evening po mga kapatidd!’ Happyy viewing po from lokal ng La Trinidad!!!,https://www.youtube.com/watch?v=ROa3kbG5M0U&lc=UgwJs6AhzhNtE3mzVhh4AaABAg,UgwJs6AhzhNtE3mzVhh4AaABAg,UC-rMw-abFKutSmzfhWFDgJw,"Fetched 05/24/2026, 8:08:10 PM GMT+8"
2706,La Trinidad,@angelajoyestopace254,7 days ago,Happy Viewing po Lokal ng La Trinidad Benguet  💚🤍❤️,https://www.youtube.com/watch?v=ROa3kbG5M0U&lc=UgwlJZG0WWir0LeH2t94AaABAg,UgwlJZG0WWir0LeH2t94AaABAg,UCLbbdpQjDV__1REJzWAc3NA,"Fetched 05/24/2026, 8:08:10 PM GMT+8"
2707,La Trinidad,@CasseySGonzales,7 days ago,FIGGGGHHHTT!!! BENGUETTT⛰️⛰️💪 /  / from lokal ng La Trinidad❤,https://www.youtube.com/watch?v=ROa3kbG5M0U&lc=Ugyj4gXtcwzU5lluPCV4AaABAg,Ugyj4gXtcwzU5lluPCV4AaABAg,UCZ_1zJtZfWs6L_NdfNJCvtQ,"Fetched 05/24/2026, 8:08:10 PM GMT+8"
2708,La Trinidad,@arnoldcaldito8298,7 days ago,"Happy watching po. Mula po sa lokal ng la trinidad, distrito ng benguet",https://www.youtube.com/watch?v=ROa3kbG5M0U&lc=Ugxi3RZ7rGldml83XUV4AaABAg,Ugxi3RZ7rGldml83XUV4AaABAg,UC4omxmklnKQfv_VSv32zGdw,"Fetched 05/24/2026, 8:08:10 PM GMT+8"
2709,La Trinidad,@angelajoyestopace254,7 days ago,Happy Viewing po Lokal ng La Trinidad Benguet  💚🤍❤️,https://www.youtube.com/watch?v=ROa3kbG5M0U&lc=UgzpVxhtnlITAilPEmJ4AaABAg,UgzpVxhtnlITAilPEmJ4AaABAg,UCLbbdpQjDV__1REJzWAc3NA,"Fetched 05/24/2026, 8:08:10 PM GMT+8"
2710,La Trinidad,@klienmartingonzales9861,7 days ago,"Happy Viewing po from Lokal ng La Trinidad, Distrito ng Benguet 🥦🥬🍓",https://www.youtube.com/watch?v=ROa3kbG5M0U&lc=Ugy3llvYklHiUZuc40F4AaABAg,Ugy3llvYklHiUZuc40F4AaABAg,UCIJSXffobfJsAIrn8hdp5ig,"Fetched 05/24/2026, 8:08:10 PM GMT+8"
2711,La Trinidad,@nildabendalan8453,7 days ago,maligayang panonood po from Lokal ng La Trinidad,https://www.youtube.com/watch?v=ROa3kbG5M0U&lc=UgyQIjM62zDgufRtzbp4AaABAg,UgyQIjM62zDgufRtzbp4AaABAg,UCeG0hTY5n50care090AjtmA,"Fetched 05/24/2026, 8:08:10 PM GMT+8"
2712,La Trinidad,@tayabanrt,7 days ago,Payt! Payt! Payt! Lokal ng La Trinidad,https://www.youtube.com/watch?v=ROa3kbG5M0U&lc=UgwQi_yHHOyYiIIZRDp4AaABAg,UgwQi_yHHOyYiIIZRDp4AaABAg,UCCpOKu7HxJqnWctZ5fG9DZg,"Fetched 05/24/2026, 8:08:10 PM GMT+8"
2713,La Trinidad,@angelajoyestopace254,7 days ago,Happy Viewing po Lokal ng La Trinidad Benguet  💚🤍❤️,https://www.youtube.com/watch?v=ROa3kbG5M0U&lc=UgxBDcIUGBkW5zmfAY14AaABAg,UgxBDcIUGBkW5zmfAY14AaABAg,UCLbbdpQjDV__1REJzWAc3NA,"Fetched 05/24/2026, 8:08:10 PM GMT+8"
2714,La Trinidad,@angelajoyestopace254,7 days ago,Happy Viewing po Lokal ng La Trinidad Benguet  💚🤍❤️,https://www.youtube.com/watch?v=ROa3kbG5M0U&lc=Ugy_zNWFDh2siuRzoQZ4AaABAg,Ugy_zNWFDh2siuRzoQZ4AaABAg,UCLbbdpQjDV__1REJzWAc3NA,"Fetched 05/24/2026, 8:08:10 PM GMT+8"
2715,La Trinidad,@tayabanrt,7 days ago,Payt! Payt! Payt! Lokal ng La Trinidad,https://www.youtube.com/watch?v=ROa3kbG5M0U&lc=UgyUwo0GYXEL0GQR6Qx4AaABAg,UgyUwo0GYXEL0GQR6Qx4AaABAg,UCCpOKu7HxJqnWctZ5fG9DZg,"Fetched 05/24/2026, 8:08:10 PM GMT+8"
2716,La Trinidad,@winkdelarosa2397,7 days ago,Let's go BENGUET! /  / -La Trinidad,https://www.youtube.com/watch?v=ROa3kbG5M0U&lc=UgyaNJspPVPYO5mur1V4AaABAg,UgyaNJspPVPYO5mur1V4AaABAg,UCcSUir_e5wTvoTFR6eQepyQ,"Fetched 05/24/2026, 8:08:10 PM GMT+8"
2717,La Trinidad,@jhonejushdelacruz6710,7 days ago,Happy viewing po! Mula po sa lokal sa ng La Trinidad!!!! ❤,https://www.youtube.com/watch?v=ROa3kbG5M0U&lc=UgwvSsMxKGB2mPi8EI14AaABAg,UgwvSsMxKGB2mPi8EI14AaABAg,UCDTfJS_e7_UVpYsFdtAWzVw,"Fetched 05/24/2026, 8:08:10 PM GMT+8"
2718,La Trinidad,@clarkpiloneo6778,7 days ago,Fight FIGHT FIGHT FIGHTT BENGUET!! From lokal ng La Trinidad!!!,https://www.youtube.com/watch?v=ROa3kbG5M0U&lc=UgxbGEylBommiGE1sgN4AaABAg,UgxbGEylBommiGE1sgN4AaABAg,UC-rMw-abFKutSmzfhWFDgJw,"Fetched 05/24/2026, 8:08:10 PM GMT+8"
2719,La Trinidad,@nildabendalan8453,7 days ago,❤❤❤❤Fight Benguet mula sa lokal ng La Trinidad,https://www.youtube.com/watch?v=ROa3kbG5M0U&lc=UgyxsIvWEd5lL8azGpt4AaABAg,UgyxsIvWEd5lL8azGpt4AaABAg,UCeG0hTY5n50care090AjtmA,"Fetched 05/24/2026, 8:08:10 PM GMT+8"
2720,La Trinidad,@PELITANJennyClaireT,7 days ago,Unending support mula po sa  kabisera ng presas -- Lokal ng La Trinidaddd 🍓,https://www.youtube.com/watch?v=ROa3kbG5M0U&lc=UgyfRF5RWbx6A8cNIuh4AaABAg,UgyfRF5RWbx6A8cNIuh4AaABAg,UCsVZgGkRnNqeIIOLxHiFR7A,"Fetched 05/24/2026, 8:08:10 PM GMT+8"
2721,La Trinidad,@angelajoyestopace254,7 days ago,Happy Viewing po Lokal ng La Trinidad Benguet  💚🤍❤️,https://www.youtube.com/watch?v=ROa3kbG5M0U&lc=UgwElQpKX8pa8DliQed4AaABAg,UgwElQpKX8pa8DliQed4AaABAg,UCLbbdpQjDV__1REJzWAc3NA,"Fetched 05/24/2026, 8:08:10 PM GMT+8"
2722,La Trinidad,@johnreylucio8970,7 days ago,FIGHT! Ang La Trinidad! Sa MAY 22,https://www.youtube.com/watch?v=ROa3kbG5M0U&lc=UgysCc0Kbt7R6UlM9MF4AaABAg,UgysCc0Kbt7R6UlM9MF4AaABAg,UCNMupRD4ySrN336KZpy29OA,"Fetched 05/24/2026, 8:08:10 PM GMT+8"
2723,La Trinidad,@drewbatinay1449,7 days ago,#1 Benguet! Let’s Go Benguet! Sending support from La Trinidad🤍🤍,https://www.youtube.com/watch?v=ROa3kbG5M0U&lc=UgwdzLeXki4R6OsKBmV4AaABAg,UgwdzLeXki4R6OsKBmV4AaABAg,UCQgz35ptm_7_RPT-Pc80itg,"Fetched 05/24/2026, 8:08:10 PM GMT+8"
2724,La Trinidad,@tayabanrt,7 days ago,Fight! Fight! Fight! Lokal ng La Trinidad,https://www.youtube.com/watch?v=ROa3kbG5M0U&lc=UgyDOHZ7FKpH0bekrDl4AaABAg,UgyDOHZ7FKpH0bekrDl4AaABAg,UCCpOKu7HxJqnWctZ5fG9DZg,"Fetched 05/24/2026, 8:08:10 PM GMT+8"
2725,La Trinidad,@klienmartingonzales9861,7 days ago,Binabati po namin kami. Happy   Viewing po from Lokal ng La Trinidad 🎉,https://www.youtube.com/watch?v=ROa3kbG5M0U&lc=Ugy2uwJzqZX1oc7FR8R4AaABAg,Ugy2uwJzqZX1oc7FR8R4AaABAg,UCIJSXffobfJsAIrn8hdp5ig,"Fetched 05/24/2026, 8:08:10 PM GMT+8"
2726,La Trinidad,@nildabendalan8453,7 days ago,happy viewing po mula sa Lokal ng La Trinidad,https://www.youtube.com/watch?v=ROa3kbG5M0U&lc=Ugy8klEKUezhtNiULK94AaABAg,Ugy8klEKUezhtNiULK94AaABAg,UCeG0hTY5n50care090AjtmA,"Fetched 05/24/2026, 8:08:10 PM GMT+8"
2727,La Trinidad,@tayabanrt,7 days ago,"Magandang gabi mga kapatid, kaisa po lagi ang Lokal ng La Trinidad sa pagsuporta sa MV ng Benguet, pagbati mula sa kagawaran ng PNK sa Lokal ng La Trinidad.",https://www.youtube.com/watch?v=ROa3kbG5M0U&lc=UgzlzPHErRASGHKD9ON4AaABAg,UgzlzPHErRASGHKD9ON4AaABAg,UCCpOKu7HxJqnWctZ5fG9DZg,"Fetched 05/24/2026, 8:08:10 PM GMT+8"
2728,La Trinidad,@clarkpiloneo6778,7 days ago,"Maligayang pag bati din pooo sa aming destinado, ang Ka Kenner Bokilis!! Mula po sa lokal ng La Trinidad!!!",https://www.youtube.com/watch?v=ROa3kbG5M0U&lc=UgxPmBBr8aEwTv9fefd4AaABAg,UgxPmBBr8aEwTv9fefd4AaABAg,UC-rMw-abFKutSmzfhWFDgJw,"Fetched 05/24/2026, 8:08:10 PM GMT+8"
2729,La Trinidad,@tayabanrt,7 days ago,"Magandang gabi mga kapatid, kaisa po lagi ang Lokal ng La Trinidad sa pagsuporta sa MV ng Benguet, pagbati mula sa kagawaran ng PNK sa Lokal ng La Trinidad.",https://www.youtube.com/watch?v=ROa3kbG5M0U&lc=UgxRyngzXbcQ2RIH89t4AaABAg,UgxRyngzXbcQ2RIH89t4AaABAg,UCCpOKu7HxJqnWctZ5fG9DZg,"Fetched 05/24/2026, 8:08:10 PM GMT+8"
2730,La Trinidad,@JericoBarroga,7 days ago,Happy viewing po...pagbati po Mula sa lokal Ng La Trinidad distrito po Ng benguet,https://www.youtube.com/watch?v=ROa3kbG5M0U&lc=Ugws1dt38iEXD7HhuZN4AaABAg,Ugws1dt38iEXD7HhuZN4AaABAg,UCt1IbggKcPeJn6_FJcvw5cw,"Fetched 05/24/2026, 8:08:10 PM GMT+8"
2731,La Trinidad,@klienmartingonzales9861,7 days ago,"Happy Viewing po from Lokal ng La Trinidad, Distrito ng Benguet 🌹🍓🍓🍓🍓🍓",https://www.youtube.com/watch?v=ROa3kbG5M0U&lc=Ugw9J-F45muWP_EJ9Il4AaABAg,Ugw9J-F45muWP_EJ9Il4AaABAg,UCIJSXffobfJsAIrn8hdp5ig,"Fetched 05/24/2026, 8:08:10 PM GMT+8"
2732,La Trinidad,@tayabanrt,7 days ago,"Magandang gabi mga kapatid, kaisa po lagi ang Lokal ng La Trinidad sa pagsuporta sa MV ng Benguet, pagbati mula sa kagawaran ng PNK sa Lokal ng La Trinidad.",https://www.youtube.com/watch?v=ROa3kbG5M0U&lc=UgyS54ZY5M4f4eStTud4AaABAg,UgyS54ZY5M4f4eStTud4AaABAg,UCCpOKu7HxJqnWctZ5fG9DZg,"Fetched 05/24/2026, 8:08:10 PM GMT+8"
2733,La Trinidad,@clarkpiloneo6778,7 days ago,Happpyyy viewingg poo mula sa lokal ng La trinidad!!,https://www.youtube.com/watch?v=ROa3kbG5M0U&lc=Ugx_zKE2gEKib9d-LQR4AaABAg,Ugx_zKE2gEKib9d-LQR4AaABAg,UC-rMw-abFKutSmzfhWFDgJw,"Fetched 05/24/2026, 8:08:10 PM GMT+8"
2734,La Trinidad,@jennelynjaballa4759,7 days ago,Good Evening. From Lokal ng La Trinidad,https://www.youtube.com/watch?v=ROa3kbG5M0U&lc=UgyC_BWJpDZ-bP6qUTV4AaABAg,UgyC_BWJpDZ-bP6qUTV4AaABAg,UCa6oA-sT7PMm6pW-FDytiQg,"Fetched 05/24/2026, 8:08:10 PM GMT+8"
2735,La Trinidad,@drewbatinay1449,7 days ago,Magandang Gabi Po! Tuloy-tuloy ang pagsuporta ng mga MT ng La Trinidad🫶🫶‼️,https://www.youtube.com/watch?v=ROa3kbG5M0U&lc=UgyAsDXvB08dZjxZ_cZ4AaABAg,UgyAsDXvB08dZjxZ_cZ4AaABAg,UCQgz35ptm_7_RPT-Pc80itg,"Fetched 05/24/2026, 8:08:10 PM GMT+8"
2736,La Trinidad,@pascianreymalynmae315,7 days ago,Go go go Benguet ! Viewing from Lokal ng La Trinidad ❤️,https://www.youtube.com/watch?v=ROa3kbG5M0U&lc=UgyuO_2eTY1yijCJY8x4AaABAg,UgyuO_2eTY1yijCJY8x4AaABAg,UCE3g021NTAyxQuOcq3wNZHQ,"Fetched 05/24/2026, 8:08:10 PM GMT+8"
2737,La Trinidad,@PrincedeMesa-m7l,7 days ago,Happy viewing po from La Trinidad distrito ng Benguet,https://www.youtube.com/watch?v=ROa3kbG5M0U&lc=UgzMILpTvySu_A8kc2p4AaABAg,UgzMILpTvySu_A8kc2p4AaABAg,UCsSkODfVZQzVunDvyG6XSlg,"Fetched 05/24/2026, 8:08:10 PM GMT+8"
2738,La Trinidad,@rejomartayaban,7 days ago,"Maligayang panonood mga kapatid, sama sama po ang mga taga Lokal ng La Trinidad sa panonood po ng MV natin.🤍",https://www.youtube.com/watch?v=ROa3kbG5M0U&lc=UgzfaNjW5JuA55p_RGN4AaABAg,UgzfaNjW5JuA55p_RGN4AaABAg,UCi7RYRPFL6HTFaScpYFJMJQ,"Fetched 05/24/2026, 8:08:10 PM GMT+8"
2739,La Trinidad,@JenniferValdez-c5d,7 days ago,Happy viewing po mula sa lokal ng la trinidad ❤,https://www.youtube.com/watch?v=ROa3kbG5M0U&lc=UgzkmwnUHK7CX9o5FAd4AaABAg,UgzkmwnUHK7CX9o5FAd4AaABAg,UCiN6DGY8eQ2sfl_8iyFTlZg,"Fetched 05/24/2026, 8:08:10 PM GMT+8"
2740,La Trinidad,@pascianreymalynmae315,7 days ago,Happy Viewing po from Lokal ng La Trinidad ❤️,https://www.youtube.com/watch?v=ROa3kbG5M0U&lc=UgzZuOYyPDPwtmJyGCJ4AaABAg,UgzZuOYyPDPwtmJyGCJ4AaABAg,UCE3g021NTAyxQuOcq3wNZHQ,"Fetched 05/24/2026, 8:08:10 PM GMT+8"
2741,La Trinidad,@valdezjoyantonettep.434,7 days ago,Go Benguet! Pagbati po mula sa lokal ng la Trinidad,https://www.youtube.com/watch?v=ROa3kbG5M0U&lc=Ugzxz-1ffWZ57Es8V514AaABAg,Ugzxz-1ffWZ57Es8V514AaABAg,UCDDz7pvk3dfpxLt4H1zUmIA,"Fetched 05/24/2026, 8:08:10 PM GMT+8"
2742,La Trinidad,@JenniferValdez-c5d,7 days ago,Happy viewing po mula sa lokal ng la trinidad ❤,https://www.youtube.com/watch?v=ROa3kbG5M0U&lc=UgxOe7FaHyO5GnkprXh4AaABAg,UgxOe7FaHyO5GnkprXh4AaABAg,UCiN6DGY8eQ2sfl_8iyFTlZg,"Fetched 05/24/2026, 8:08:10 PM GMT+8"
2743,La Trinidad,@drewbatinay1449,7 days ago,"Greetings from the Kadiwas of the locale of La Trinidad, Benguet‼️💗",https://www.youtube.com/watch?v=ROa3kbG5M0U&lc=UgzBVpfy3qJEoXxuP854AaABAg,UgzBVpfy3qJEoXxuP854AaABAg,UCQgz35ptm_7_RPT-Pc80itg,"Fetched 05/24/2026, 8:08:10 PM GMT+8"
2744,La Trinidad,@valdezjoyantonettep.434,7 days ago,Go Benguet! Pagbati po mula sa lokal ng la Trinidad,https://www.youtube.com/watch?v=ROa3kbG5M0U&lc=UgyZoEbLiTp2iuRVOUN4AaABAg,UgyZoEbLiTp2iuRVOUN4AaABAg,UCDDz7pvk3dfpxLt4H1zUmIA,"Fetched 05/24/2026, 8:08:10 PM GMT+8"
2745,La Trinidad,@clarkpiloneo6778,7 days ago,Happpyyy happpyy viewingg po mga kapatid!!! From lokal ng La Trinidad!!,https://www.youtube.com/watch?v=ROa3kbG5M0U&lc=UgwH6eONvhonsamg1NN4AaABAg,UgwH6eONvhonsamg1NN4AaABAg,UC-rMw-abFKutSmzfhWFDgJw,"Fetched 05/24/2026, 8:08:10 PM GMT+8"
2746,La Trinidad,@PELITANJennyClaireT,7 days ago,Maligayang panonood po. / - La Trinidad,https://www.youtube.com/watch?v=ROa3kbG5M0U&lc=UgwOFt8-8YjqUcfPait4AaABAg,UgwOFt8-8YjqUcfPait4AaABAg,UCsVZgGkRnNqeIIOLxHiFR7A,"Fetched 05/24/2026, 8:08:10 PM GMT+8"
2747,La Trinidad,@jeromedemesa6235,7 days ago,Happy viewing po from Lokal ng La Trinidad,https://www.youtube.com/watch?v=ROa3kbG5M0U&lc=UgyOC50iBZcI3egmROJ4AaABAg,UgyOC50iBZcI3egmROJ4AaABAg,UCGNm5-pscME5M9yGKnqnVzw,"Fetched 05/24/2026, 8:08:10 PM GMT+8"
2748,La Trinidad,@angelajoyestopace254,7 days ago,Happy Viewing po Lokal ng La Trinidad Benguet  💚🤍❤️,https://www.youtube.com/watch?v=ROa3kbG5M0U&lc=UgxPLUdcg3dP74oBf8V4AaABAg,UgxPLUdcg3dP74oBf8V4AaABAg,UCLbbdpQjDV__1REJzWAc3NA,"Fetched 05/24/2026, 8:08:10 PM GMT+8"
2749,La Trinidad,@angelajoyestopace254,7 days ago,Happy Viewing po Lokal ng La Trinidad Benguet  💚🤍❤️,https://www.youtube.com/watch?v=ROa3kbG5M0U&lc=UgzTOCMKlChKZZEJ_xh4AaABAg,UgzTOCMKlChKZZEJ_xh4AaABAg,UCLbbdpQjDV__1REJzWAc3NA,"Fetched 05/24/2026, 8:08:10 PM GMT+8"
2750,La Trinidad,@JenniferValdez-c5d,7 days ago,Happy viewing po mula sa lokal ng la trinidad ❤,https://www.youtube.com/watch?v=ROa3kbG5M0U&lc=Ugydn04DGYMsN6mmpat4AaABAg,Ugydn04DGYMsN6mmpat4AaABAg,UCiN6DGY8eQ2sfl_8iyFTlZg,"Fetched 05/24/2026, 8:08:10 PM GMT+8"
2751,La Trinidad,@valdezjoyantonettep.434,7 days ago,Go Benguet! Pagbati po mula sa lokal ng la Trinidad,https://www.youtube.com/watch?v=ROa3kbG5M0U&lc=UgxUiey5tdAIewQuanJ4AaABAg,UgxUiey5tdAIewQuanJ4AaABAg,UCDDz7pvk3dfpxLt4H1zUmIA,"Fetched 05/24/2026, 8:08:10 PM GMT+8"
2752,La Trinidad,@JenniferValdez-c5d,7 days ago,Happy viewing po mula sa lokal ng la trinidad ❤,https://www.youtube.com/watch?v=ROa3kbG5M0U&lc=UgzZ83GrzqwG5G8zrPR4AaABAg,UgzZ83GrzqwG5G8zrPR4AaABAg,UCiN6DGY8eQ2sfl_8iyFTlZg,"Fetched 05/24/2026, 8:08:10 PM GMT+8"
2753,La Trinidad,@CasseySGonzales,7 days ago,"Nakaka proud po ang Distrito ng BENGUET!! /  / KEEP ON COMMENTING, KEEP ON WATCHING, KEEP ON SUPPORTING🎉🎉 /  /  / Mula po sa mga Binhi ng Lokal ng La Trinidad🫶",https://www.youtube.com/watch?v=ROa3kbG5M0U&lc=UgwxSlds2CCtU1u_zvZ4AaABAg,UgwxSlds2CCtU1u_zvZ4AaABAg,UCZ_1zJtZfWs6L_NdfNJCvtQ,"Fetched 05/24/2026, 8:08:10 PM GMT+8"
2754,La Trinidad,@Iisang_Puso,7 days ago,"Magandang gabi 🌙 po mga kapatid, Happy viewing po sa inyo, pagbati 👋 po mula sa Lokal ng La Trinidad.",https://www.youtube.com/watch?v=ROa3kbG5M0U&lc=UgxFDZqlVqS7xyfgVgl4AaABAg,UgxFDZqlVqS7xyfgVgl4AaABAg,UCPjs8vMW63A9LXOTyBoXSrQ,"Fetched 05/24/2026, 8:08:10 PM GMT+8"
2755,La Trinidad,@drewbatinay1449,7 days ago,"Go Go Go Benguet!! Sending Support from La Trinidad, Benguet🤍‼️",https://www.youtube.com/watch?v=ROa3kbG5M0U&lc=UgwzKL4vSBh4BnuZVOJ4AaABAg,UgwzKL4vSBh4BnuZVOJ4AaABAg,UCQgz35ptm_7_RPT-Pc80itg,"Fetched 05/24/2026, 8:08:10 PM GMT+8"
2756,La Trinidad,@klienmartingonzales9861,7 days ago,Shoutout po sa amin. Greetings po from Lokal ng La Trinidad🎉,https://www.youtube.com/watch?v=ROa3kbG5M0U&lc=UgzqI8u40hv95_NQNgB4AaABAg,UgzqI8u40hv95_NQNgB4AaABAg,UCIJSXffobfJsAIrn8hdp5ig,"Fetched 05/24/2026, 8:08:10 PM GMT+8"
2757,La Trinidad,@pascianreymalynmae315,7 days ago,Happy Viewing po from Lokal ng La Trinidad ❤️ / Good eve po! Go go go Benguet ! 🎉,https://www.youtube.com/watch?v=ROa3kbG5M0U&lc=UgxAgwF6MD68mXUPacB4AaABAg,UgxAgwF6MD68mXUPacB4AaABAg,UCE3g021NTAyxQuOcq3wNZHQ,"Fetched 05/24/2026, 8:08:10 PM GMT+8"
2758,La Trinidad,@LhettyAgapito,7 days ago,Lets go benguet full suport from lokal ng la trinidad benguet.,https://www.youtube.com/watch?v=ROa3kbG5M0U&lc=UgzLTh9cL77wpBo31aZ4AaABAg,UgzLTh9cL77wpBo31aZ4AaABAg,UCinJmPJIrdh-zi0lQtbsrJw,"Fetched 05/24/2026, 8:08:10 PM GMT+8"
2759,La Trinidad,@winkdelarosa2397,7 days ago,Fight fight la Trinidad 🫶✨,https://www.youtube.com/watch?v=ROa3kbG5M0U&lc=UgwFH0k3urVW0naGLHx4AaABAg,UgwFH0k3urVW0naGLHx4AaABAg,UCcSUir_e5wTvoTFR6eQepyQ,"Fetched 05/24/2026, 8:08:10 PM GMT+8"
2760,La Trinidad,@JenniferValdez-c5d,7 days ago,Happy viewing po mula sa lokal ng la trinidad ❤,https://www.youtube.com/watch?v=ROa3kbG5M0U&lc=UgyP2zszUiGo3xoKBFh4AaABAg,UgyP2zszUiGo3xoKBFh4AaABAg,UCiN6DGY8eQ2sfl_8iyFTlZg,"Fetched 05/24/2026, 8:08:10 PM GMT+8"
2761,La Trinidad,@NoraB-p1p,7 days ago,"Let the love spread to everyone po.😊 / Happy viewing from Local of La Trinidad, / District of Benguet. / From Finance Department 🎉",https://www.youtube.com/watch?v=ROa3kbG5M0U&lc=UgyUEqUY-jcuRM_9yVh4AaABAg,UgyUEqUY-jcuRM_9yVh4AaABAg,UCiugqROcMaAsf2bKhuS9qlg,"Fetched 05/24/2026, 8:08:10 PM GMT+8"
2762,La Trinidad,@Iisang_Puso,7 days ago,"Magandang gabi 🌙 po mga kapatid, Happy viewing po sa inyo, pagbati 👋 po mula sa Lokal ng La Trinidad.",https://www.youtube.com/watch?v=ROa3kbG5M0U&lc=Ugw086KcXCPAkNFGWH94AaABAg,Ugw086KcXCPAkNFGWH94AaABAg,UCPjs8vMW63A9LXOTyBoXSrQ,"Fetched 05/24/2026, 8:08:10 PM GMT+8"
2763,La Trinidad,@JenniferValdez-c5d,7 days ago,Happy viewing po mula sa lokal ng la trinidad ❤,https://www.youtube.com/watch?v=ROa3kbG5M0U&lc=Ugz5BdhCGpNV2jBijAR4AaABAg,Ugz5BdhCGpNV2jBijAR4AaABAg,UCiN6DGY8eQ2sfl_8iyFTlZg,"Fetched 05/24/2026, 8:08:10 PM GMT+8"
2764,La Trinidad,@jeipal3143,7 days ago,Happy Viewing po mula sa Lokal ng La Trinidad❤,https://www.youtube.com/watch?v=ROa3kbG5M0U&lc=UgzdXVCc_MhvLI_3f7J4AaABAg,UgzdXVCc_MhvLI_3f7J4AaABAg,UCbU1KKoCXcqi9y6WW8LbcRQ,"Fetched 05/24/2026, 8:08:10 PM GMT+8"
2765,La Trinidad,@PELITANJennyClaireT,7 days ago,Fight or flight? Fightt! Go Benguet !! 🤩  / - La Trinidad,https://www.youtube.com/watch?v=ROa3kbG5M0U&lc=Ugya2tKaZ_IxRYmTKfZ4AaABAg,Ugya2tKaZ_IxRYmTKfZ4AaABAg,UCsVZgGkRnNqeIIOLxHiFR7A,"Fetched 05/24/2026, 8:08:10 PM GMT+8"
2766,La Trinidad,@clarkpiloneo6778,7 days ago,Happpyyy viewinggg po mula sa lokal ng La Trinidad!!!!,https://www.youtube.com/watch?v=ROa3kbG5M0U&lc=UgzSMrXSjQBsJyPXFtt4AaABAg,UgzSMrXSjQBsJyPXFtt4AaABAg,UC-rMw-abFKutSmzfhWFDgJw,"Fetched 05/24/2026, 8:08:10 PM GMT+8"
2767,La Trinidad,@valdezjoyantonettep.434,7 days ago,Happy viewing po from lokal ng la Trinidad 💚🤍❤,https://www.youtube.com/watch?v=ROa3kbG5M0U&lc=UgxjwB7AAy5HKloot0t4AaABAg,UgxjwB7AAy5HKloot0t4AaABAg,UCDDz7pvk3dfpxLt4H1zUmIA,"Fetched 05/24/2026, 8:08:10 PM GMT+8"
2768,La Trinidad,@angelajoyestopace254,7 days ago,Happy Viewing po Lokal ng La Trinidad Benguet  💚🤍❤️,https://www.youtube.com/watch?v=ROa3kbG5M0U&lc=UgziINwoa2bf6M4_nZN4AaABAg,UgziINwoa2bf6M4_nZN4AaABAg,UCLbbdpQjDV__1REJzWAc3NA,"Fetched 05/24/2026, 8:08:10 PM GMT+8"
2769,La Trinidad,@johnreylucio8970,7 days ago,Nood nood na mga kapatid!! / - La Trinidad,https://www.youtube.com/watch?v=ROa3kbG5M0U&lc=Ugz-WKNmV3oggIb5e4B4AaABAg,Ugz-WKNmV3oggIb5e4B4AaABAg,UCNMupRD4ySrN336KZpy29OA,"Fetched 05/24/2026, 8:08:10 PM GMT+8"
2770,La Trinidad,@janelldemesa4523,7 days ago,Happy viewing po from La Trinidad Benguet,https://www.youtube.com/watch?v=ROa3kbG5M0U&lc=Ugx5FgZUjzxrSJWnWIV4AaABAg,Ugx5FgZUjzxrSJWnWIV4AaABAg,UCymIRUsc5lE72zbovsrcnnQ,"Fetched 05/24/2026, 8:08:10 PM GMT+8"
2771,La Trinidad,@nildabendalan8453,7 days ago,happy viewing po  mga kapatid mula po sa Chroniclers Team ng lokal ng La Trinidad,https://www.youtube.com/watch?v=ROa3kbG5M0U&lc=Ugx4lWPxQP9oMPbqL1Z4AaABAg,Ugx4lWPxQP9oMPbqL1Z4AaABAg,UCeG0hTY5n50care090AjtmA,"Fetched 05/24/2026, 8:08:10 PM GMT+8"
2772,La Trinidad,@valdezjoyantonettep.434,7 days ago,Happy viewing po from lokal ng la Trinidad 💚🤍❤,https://www.youtube.com/watch?v=ROa3kbG5M0U&lc=UgwCvLtkNt8kjlyrmN94AaABAg,UgwCvLtkNt8kjlyrmN94AaABAg,UCDDz7pvk3dfpxLt4H1zUmIA,"Fetched 05/24/2026, 8:08:10 PM GMT+8"
2773,La Trinidad,@klienmartingonzales9861,7 days ago,"Happy Viewing po from Lokal ng La Trinidad, Distrito ng Benguet 🌹😌",https://www.youtube.com/watch?v=ROa3kbG5M0U&lc=UgzrLFLvYm5hWje04_F4AaABAg,UgzrLFLvYm5hWje04_F4AaABAg,UCIJSXffobfJsAIrn8hdp5ig,"Fetched 05/24/2026, 8:08:10 PM GMT+8"
2774,La Trinidad,@arnoldcaldito8298,7 days ago,"Watching po mula sa lokal ng la trinidad, distrito ng benguet.❤❤❤❤",https://www.youtube.com/watch?v=ROa3kbG5M0U&lc=UgwszCJdgmTOm_YoN4t4AaABAg,UgwszCJdgmTOm_YoN4t4AaABAg,UC4omxmklnKQfv_VSv32zGdw,"Fetched 05/24/2026, 8:08:10 PM GMT+8"
2775,La Trinidad,@Iisang_Puso,7 days ago,"Magandang gabi 🌙 po mga kapatid, Happy viewing po sa inyo, pagbati 👋 po mula sa Lokal ng La Trinidad.",https://www.youtube.com/watch?v=ROa3kbG5M0U&lc=UgymJmU3KSfAyXmW0kN4AaABAg,UgymJmU3KSfAyXmW0kN4AaABAg,UCPjs8vMW63A9LXOTyBoXSrQ,"Fetched 05/24/2026, 8:08:10 PM GMT+8"
2776,La Trinidad,@valdezjoyantonettep.434,7 days ago,Happy viewing po from lokal ng la Trinidad 💚🤍❤,https://www.youtube.com/watch?v=ROa3kbG5M0U&lc=UgxksYJ-EExAbl7dGRN4AaABAg,UgxksYJ-EExAbl7dGRN4AaABAg,UCDDz7pvk3dfpxLt4H1zUmIA,"Fetched 05/24/2026, 8:08:10 PM GMT+8"
2777,La Trinidad,@valdezjoyantonettep.434,7 days ago,Go Benguet! Pagbati po mula sa lokal ng la Trinidad,https://www.youtube.com/watch?v=ROa3kbG5M0U&lc=UgwcmglRbRBOjJwDuKJ4AaABAg,UgwcmglRbRBOjJwDuKJ4AaABAg,UCDDz7pvk3dfpxLt4H1zUmIA,"Fetched 05/24/2026, 8:08:10 PM GMT+8"
2778,La Trinidad,@jeipal3143,7 days ago,Happy Viewing po mula sa Lokal ng La Trinidad❤,https://www.youtube.com/watch?v=ROa3kbG5M0U&lc=UgwjD_mQPIrHMv6hM1p4AaABAg,UgwjD_mQPIrHMv6hM1p4AaABAg,UCbU1KKoCXcqi9y6WW8LbcRQ,"Fetched 05/24/2026, 8:08:10 PM GMT+8"
2779,La Trinidad,@angelajoyestopace254,7 days ago,Happy Viewing po Lokal ng La Trinidad Benguet 🇮🇹,https://www.youtube.com/watch?v=ROa3kbG5M0U&lc=Ugz7CD04p2lGmCXx9aB4AaABAg,Ugz7CD04p2lGmCXx9aB4AaABAg,UCLbbdpQjDV__1REJzWAc3NA,"Fetched 05/24/2026, 8:08:10 PM GMT+8"
2780,La Trinidad,@PELITANJennyClaireT,7 days ago,"Go Benguet!! Fight, fight, fight 🫶 / - La Trinidad",https://www.youtube.com/watch?v=ROa3kbG5M0U&lc=UgzEvWUDWBTNvFc3YcR4AaABAg,UgzEvWUDWBTNvFc3YcR4AaABAg,UCsVZgGkRnNqeIIOLxHiFR7A,"Fetched 05/24/2026, 8:08:10 PM GMT+8"
2781,La Trinidad,@clarkpiloneo6778,7 days ago,Letsss goo benguett!! Lets go winton!! Happy viewing po mula sa lokal ng La trinidad!!,https://www.youtube.com/watch?v=ROa3kbG5M0U&lc=UgzxpukYeo7tsdKzQjN4AaABAg,UgzxpukYeo7tsdKzQjN4AaABAg,UC-rMw-abFKutSmzfhWFDgJw,"Fetched 05/24/2026, 8:08:10 PM GMT+8"
2782,La Trinidad,@valdezjoyantonettep.434,7 days ago,Happy viewing po from lokal ng la Trinidad 💚🤍❤,https://www.youtube.com/watch?v=ROa3kbG5M0U&lc=UgziK_wxETuasieJOxd4AaABAg,UgziK_wxETuasieJOxd4AaABAg,UCDDz7pvk3dfpxLt4H1zUmIA,"Fetched 05/24/2026, 8:08:10 PM GMT+8"
2783,La Trinidad,@LhettyAgapito,7 days ago,Gogogo benguet from lokal ng la trinidad.,https://www.youtube.com/watch?v=ROa3kbG5M0U&lc=UgxNA94aVRbTRQaQhtp4AaABAg,UgxNA94aVRbTRQaQhtp4AaABAg,UCinJmPJIrdh-zi0lQtbsrJw,"Fetched 05/24/2026, 8:08:10 PM GMT+8"
2784,La Trinidad,@valdezjoyantonettep.434,7 days ago,Go Benguet! Pagbati po mula sa lokal ng la Trinidad,https://www.youtube.com/watch?v=ROa3kbG5M0U&lc=UgxLYv-_EaG-2sPwQ1B4AaABAg,UgxLYv-_EaG-2sPwQ1B4AaABAg,UCDDz7pvk3dfpxLt4H1zUmIA,"Fetched 05/24/2026, 8:08:10 PM GMT+8"
2785,La Trinidad,@angelajoyestopace254,7 days ago,Happy Viewing po Lokal ng La Trinidad Benguet 🇮🇹,https://www.youtube.com/watch?v=ROa3kbG5M0U&lc=UgxzBu8-Ggs7hnjQQ4l4AaABAg,UgxzBu8-Ggs7hnjQQ4l4AaABAg,UCLbbdpQjDV__1REJzWAc3NA,"Fetched 05/24/2026, 8:08:10 PM GMT+8"
2786,La Trinidad,@winkdelarosa2397,7 days ago,Nonstop support from lokal ng La Trinidad 😊😊😊😊,https://www.youtube.com/watch?v=ROa3kbG5M0U&lc=Ugx5zXc4AHl_8N8wyG94AaABAg,Ugx5zXc4AHl_8N8wyG94AaABAg,UCcSUir_e5wTvoTFR6eQepyQ,"Fetched 05/24/2026, 8:08:10 PM GMT+8"
2787,La Trinidad,@CasseySGonzales,7 days ago,"Very Inspiring po 👏👏👏 / Just by listening to this song, buong buo na po ang araw ko🌄 / Greetings po from lokal ng La Trinidad, Benguet❤",https://www.youtube.com/watch?v=ROa3kbG5M0U&lc=Ugy2c6t6bERXlya36Ap4AaABAg,Ugy2c6t6bERXlya36Ap4AaABAg,UCZ_1zJtZfWs6L_NdfNJCvtQ,"Fetched 05/24/2026, 8:08:10 PM GMT+8"
2788,La Trinidad,@Lily00w4,7 days ago,GOOOOO PO BENGUET!!  /  / Greetings po from La Trinidad ❤,https://www.youtube.com/watch?v=ROa3kbG5M0U&lc=UgzbbYxdOk_fcMmwjy94AaABAg,UgzbbYxdOk_fcMmwjy94AaABAg,UCHl8Pldv8Fblg_vCsH_o5Vg,"Fetched 05/24/2026, 8:08:10 PM GMT+8"
2789,La Trinidad,@jennelynjaballa4759,7 days ago,watching from Lokal ng La trinidad Distrito ng Benguet,https://www.youtube.com/watch?v=ROa3kbG5M0U&lc=Ugw44bU5tiZ-Vfo3Yjd4AaABAg,Ugw44bU5tiZ-Vfo3Yjd4AaABAg,UCa6oA-sT7PMm6pW-FDytiQg,"Fetched 05/24/2026, 8:08:10 PM GMT+8"
2790,La Trinidad,@angelajoyestopace254,7 days ago,Happy Viewing po Lokal ng La Trinidad Benguet  🇮🇹,https://www.youtube.com/watch?v=ROa3kbG5M0U&lc=UgxbR0IMrRGAb62eQ7F4AaABAg,UgxbR0IMrRGAb62eQ7F4AaABAg,UCLbbdpQjDV__1REJzWAc3NA,"Fetched 05/24/2026, 8:08:10 PM GMT+8"
2791,La Trinidad,@pascianreymalynmae315,7 days ago,Happy Viewing from Lokal ng La Trinidad ❤️ / Go Benguet ! / Shout out po sa aming Destinado Ka Kenner Bokilis!❤️,https://www.youtube.com/watch?v=ROa3kbG5M0U&lc=Ugx-oIlCqLxZTinTPMN4AaABAg,Ugx-oIlCqLxZTinTPMN4AaABAg,UCE3g021NTAyxQuOcq3wNZHQ,"Fetched 05/24/2026, 8:08:10 PM GMT+8"
2792,La Trinidad,@MezilValdez,7 days ago,Go Benguet!  Lokal ng La Trinidad💚🤍❤️,https://www.youtube.com/watch?v=ROa3kbG5M0U&lc=UgwbusE4-G5Or54LFjZ4AaABAg,UgwbusE4-G5Or54LFjZ4AaABAg,UCokzZFxIADPhNf7Q0NCVvng,"Fetched 05/24/2026, 8:08:10 PM GMT+8"
2793,La Trinidad,@jeipal3143,7 days ago,Happy Viewing po mula sa Lokal ng La Trinidad❤,https://www.youtube.com/watch?v=ROa3kbG5M0U&lc=UgwwmIUTA8LFpkN7mDl4AaABAg,UgwwmIUTA8LFpkN7mDl4AaABAg,UCbU1KKoCXcqi9y6WW8LbcRQ,"Fetched 05/24/2026, 8:08:10 PM GMT+8"
2794,La Trinidad,@annalizasalido4682,7 days ago,"Watching from Lokal ng La Trinidad Distrito ng Benguet,,,",https://www.youtube.com/watch?v=ROa3kbG5M0U&lc=UgxxMP7Xb5tN6v_oY9d4AaABAg,UgxxMP7Xb5tN6v_oY9d4AaABAg,UC_0VIqhZuexxUgxUy_pvN4w,"Fetched 05/24/2026, 8:08:10 PM GMT+8"
2795,La Trinidad,@TisayBaguingey,7 days ago,Go Benguet🎉 / Mula sa Lokal ng La Trinidad Huha!,https://www.youtube.com/watch?v=ROa3kbG5M0U&lc=UgydmX-BJRubE7_bPjt4AaABAg,UgydmX-BJRubE7_bPjt4AaABAg,UCEsJMyglf7b4IopWzoozD_A,"Fetched 05/24/2026, 8:08:10 PM GMT+8"
2796,La Trinidad,@valdezjoyantonettep.434,7 days ago,Go Benguet! Pagbati po mula sa lokal ng la Trinidad,https://www.youtube.com/watch?v=ROa3kbG5M0U&lc=UgwE677vX3-kM_trcyl4AaABAg,UgwE677vX3-kM_trcyl4AaABAg,UCDDz7pvk3dfpxLt4H1zUmIA,"Fetched 05/24/2026, 8:08:10 PM GMT+8"
2797,La Trinidad,@clarkpiloneo6778,7 days ago,GOGOGOGO BENGUET!!!! Happpyyy viewingg po from lokal ng La Trinidad!!!,https://www.youtube.com/watch?v=ROa3kbG5M0U&lc=UgzFc0xQL9d3bhzE2C54AaABAg,UgzFc0xQL9d3bhzE2C54AaABAg,UC-rMw-abFKutSmzfhWFDgJw,"Fetched 05/24/2026, 8:08:10 PM GMT+8"
2798,La Trinidad,@glamourmusic9601,7 days ago,"Happy Viewing po mula sa Lokal ng La Trinidad, Distrito ng Benguet❤ /  / - TSV/Kalihim",https://www.youtube.com/watch?v=ROa3kbG5M0U&lc=UgxKS-7m0_8qwgl4EuJ4AaABAg,UgxKS-7m0_8qwgl4EuJ4AaABAg,UCz-G0IQpQCWu_Z0yAFKv2Og,"Fetched 05/24/2026, 8:08:10 PM GMT+8"
2799,La Trinidad,@valdezjoyantonettep.434,7 days ago,Happy viewing po from lokal ng la Trinidad 💚🤍❤,https://www.youtube.com/watch?v=ROa3kbG5M0U&lc=UgxLzmyX_TBxRYwAV2R4AaABAg,UgxLzmyX_TBxRYwAV2R4AaABAg,UCDDz7pvk3dfpxLt4H1zUmIA,"Fetched 05/24/2026, 8:08:10 PM GMT+8"
2800,La Trinidad,@CasseySGonzales,7 days ago,LET'S GOO BENGUET!! FIGHT FIGHT FIGHT💪 /  / mula po sa lokal ng La Trinidad 🌱,https://www.youtube.com/watch?v=ROa3kbG5M0U&lc=Ugxhgrg-ty7rbcC3Wmh4AaABAg,Ugxhgrg-ty7rbcC3Wmh4AaABAg,UCZ_1zJtZfWs6L_NdfNJCvtQ,"Fetched 05/24/2026, 8:08:10 PM GMT+8"
2801,La Trinidad,@nildabendalan8453,7 days ago,"shout out po sa aming destinado, ka Kenner Bokilis mula sa lokal ng La Trinidad",https://www.youtube.com/watch?v=ROa3kbG5M0U&lc=UgzX4a0gNXjP02HVHoF4AaABAg,UgzX4a0gNXjP02HVHoF4AaABAg,UCeG0hTY5n50care090AjtmA,"Fetched 05/24/2026, 8:08:10 PM GMT+8"
2802,La Trinidad,@valdezjoyantonettep.434,7 days ago,Go Benguet! Pagbati po mula sa lokal ng la Trinidad,https://www.youtube.com/watch?v=ROa3kbG5M0U&lc=UgytPjpP2UYDCwfU-v54AaABAg,UgytPjpP2UYDCwfU-v54AaABAg,UCDDz7pvk3dfpxLt4H1zUmIA,"Fetched 05/24/2026, 8:08:10 PM GMT+8"
2803,La Trinidad,@jeipal3143,7 days ago,Happy Viewing po mula sa Lokal ng La Trinidad❤,https://www.youtube.com/watch?v=ROa3kbG5M0U&lc=UgyHq1v6Gzeire-_EUh4AaABAg,UgyHq1v6Gzeire-_EUh4AaABAg,UCbU1KKoCXcqi9y6WW8LbcRQ,"Fetched 05/24/2026, 8:08:10 PM GMT+8"
2804,La Trinidad,@rejomartayaban,7 days ago,Goooo Benguettt!! Fight po tayo at patuloy sa pagsupport!🤍 / From here lokal ng La Trinidad.,https://www.youtube.com/watch?v=ROa3kbG5M0U&lc=Ugxh8VBBn9Q0KQmqXTh4AaABAg,Ugxh8VBBn9Q0KQmqXTh4AaABAg,UCi7RYRPFL6HTFaScpYFJMJQ,"Fetched 05/24/2026, 8:08:10 PM GMT+8"
2805,La Trinidad,@PELITANJennyClaireT,7 days ago,"Magandang hapon pooo, happeeee viewing pong muli🎉 / - La Trinidad",https://www.youtube.com/watch?v=ROa3kbG5M0U&lc=Ugxsw7tY0P6vElG8Yap4AaABAg,Ugxsw7tY0P6vElG8Yap4AaABAg,UCsVZgGkRnNqeIIOLxHiFR7A,"Fetched 05/24/2026, 8:08:10 PM GMT+8"
2806,La Trinidad,@angelajoyestopace254,7 days ago,Happy Viewing po Lokal ng La Trinidad Benguet  🇮🇹,https://www.youtube.com/watch?v=ROa3kbG5M0U&lc=Ugz1w_gCiAje-LLuCrd4AaABAg,Ugz1w_gCiAje-LLuCrd4AaABAg,UCLbbdpQjDV__1REJzWAc3NA,"Fetched 05/24/2026, 8:08:10 PM GMT+8"
2807,La Trinidad,@LhettyAgapito,7 days ago,Watching from lokang ng la trinidad benguet.,https://www.youtube.com/watch?v=ROa3kbG5M0U&lc=Ugy-9cV0l3FGCgZ2kvp4AaABAg,Ugy-9cV0l3FGCgZ2kvp4AaABAg,UCinJmPJIrdh-zi0lQtbsrJw,"Fetched 05/24/2026, 8:08:10 PM GMT+8"
2808,La Trinidad,@pascianreymalynmae315,7 days ago,Happy Viewing from Lokal ng La Trinidad ❤️ / Go Benguet!,https://www.youtube.com/watch?v=ROa3kbG5M0U&lc=UgxdX_uXLoaCRlFaIvN4AaABAg,UgxdX_uXLoaCRlFaIvN4AaABAg,UCE3g021NTAyxQuOcq3wNZHQ,"Fetched 05/24/2026, 8:08:10 PM GMT+8"
2809,La Trinidad,@valdezjoyantonettep.434,7 days ago,Go Benguet! Pagbati po mula sa lokal ng la Trinidad,https://www.youtube.com/watch?v=ROa3kbG5M0U&lc=Ugzw6d4QkGwY3YhD0vN4AaABAg,Ugzw6d4QkGwY3YhD0vN4AaABAg,UCDDz7pvk3dfpxLt4H1zUmIA,"Fetched 05/24/2026, 8:08:10 PM GMT+8"
2810,La Trinidad,@johnreylucio8970,7 days ago,"Nasayaat nga panag buya kenyatayo amin kabagises,. /  / Magapu ng suporta ditoy La Trinidad",https://www.youtube.com/watch?v=ROa3kbG5M0U&lc=UgzN94vGa5Kr_stKykx4AaABAg,UgzN94vGa5Kr_stKykx4AaABAg,UCNMupRD4ySrN336KZpy29OA,"Fetched 05/24/2026, 8:08:10 PM GMT+8"
2811,La Trinidad,@valdezjoyantonettep.434,7 days ago,Happy viewing po from lokal ng la Trinidad 💚🤍❤,https://www.youtube.com/watch?v=ROa3kbG5M0U&lc=UgwGZTZ-e4w9Liu0hjV4AaABAg,UgwGZTZ-e4w9Liu0hjV4AaABAg,UCDDz7pvk3dfpxLt4H1zUmIA,"Fetched 05/24/2026, 8:08:10 PM GMT+8"
2812,La Trinidad,@valdezjoyantonettep.434,7 days ago,Happy viewing po from lokal ng la Trinidad 💚🤍❤,https://www.youtube.com/watch?v=ROa3kbG5M0U&lc=Ugz-n5SuvcgvYJsH2yR4AaABAg,Ugz-n5SuvcgvYJsH2yR4AaABAg,UCDDz7pvk3dfpxLt4H1zUmIA,"Fetched 05/24/2026, 8:08:10 PM GMT+8"
2813,La Trinidad,@jeipal3143,7 days ago,Happy Viewing po mula sa Lokal ng La Trinidad❤,https://www.youtube.com/watch?v=ROa3kbG5M0U&lc=UgwS4Zn91wdi4zeHlcp4AaABAg,UgwS4Zn91wdi4zeHlcp4AaABAg,UCbU1KKoCXcqi9y6WW8LbcRQ,"Fetched 05/24/2026, 8:08:10 PM GMT+8"
2814,La Trinidad,@pascianreymalynmae315,7 days ago,Happy Viewing from Lokal ng La Trinidad ❤️,https://www.youtube.com/watch?v=ROa3kbG5M0U&lc=Ugw71yHbFiSka64JsFh4AaABAg,Ugw71yHbFiSka64JsFh4AaABAg,UCE3g021NTAyxQuOcq3wNZHQ,"Fetched 05/24/2026, 8:08:10 PM GMT+8"
2815,La Trinidad,@clarkpiloneo6778,7 days ago,Never endingg support and Love from the locale congregation of La Trinidad!!!,https://www.youtube.com/watch?v=ROa3kbG5M0U&lc=Ugzei8K8Hvsf1C8LnrB4AaABAg,Ugzei8K8Hvsf1C8LnrB4AaABAg,UC-rMw-abFKutSmzfhWFDgJw,"Fetched 05/24/2026, 8:08:10 PM GMT+8"
2816,La Trinidad,@valdezjoyantonettep.434,7 days ago,Go Benguet! Pagbati po mula sa lokal ng la Trinidad 💚🤍❤,https://www.youtube.com/watch?v=ROa3kbG5M0U&lc=Ugykt1--s0yyjtlCyfp4AaABAg,Ugykt1--s0yyjtlCyfp4AaABAg,UCDDz7pvk3dfpxLt4H1zUmIA,"Fetched 05/24/2026, 8:08:10 PM GMT+8"
2817,La Trinidad,@nildabendalan8453,7 days ago,happy viewing po sa lahat mula po sa lokal ng La Trinidad,https://www.youtube.com/watch?v=ROa3kbG5M0U&lc=UgwF5YZZEwe5p7Y3yR14AaABAg,UgwF5YZZEwe5p7Y3yR14AaABAg,UCeG0hTY5n50care090AjtmA,"Fetched 05/24/2026, 8:08:10 PM GMT+8"
2818,La Trinidad,@klienmartingonzales9861,7 days ago,Naimbag nga rabii. Greetings from La Trinidad,https://www.youtube.com/watch?v=ROa3kbG5M0U&lc=UgzLEMTqeMoX3bBVyqV4AaABAg,UgzLEMTqeMoX3bBVyqV4AaABAg,UCIJSXffobfJsAIrn8hdp5ig,"Fetched 05/24/2026, 8:08:10 PM GMT+8"
2819,La Trinidad,@itsmaaii-07,7 days ago,"happy viewing po mga kapatid , mula po sa Lokal ng La Trinidad, Distrito ng Benguet ♡",https://www.youtube.com/watch?v=ROa3kbG5M0U&lc=Ugy5shydJcFJMVy3S1t4AaABAg,Ugy5shydJcFJMVy3S1t4AaABAg,UC-ghrXe9YpKKsmatutN_TFQ,"Fetched 05/24/2026, 8:08:10 PM GMT+8"
2820,La Trinidad,@BertPesico-m8r,7 days ago,Magandang Gabi mga kapatid mula sa local ng La Trinidad,https://www.youtube.com/watch?v=ROa3kbG5M0U&lc=UgxGEAD5GFqJ-3ZRpFR4AaABAg,UgxGEAD5GFqJ-3ZRpFR4AaABAg,UCLzNBDdHY5fXz6KEdWuKOvA,"Fetched 05/24/2026, 8:08:10 PM GMT+8"
2821,La Trinidad,@valdezjoyantonettep.434,7 days ago,Go Benguet! Pagbati po mula sa lokal ng la Trinidad 🎉,https://www.youtube.com/watch?v=ROa3kbG5M0U&lc=UgxAyVs9BJCTecKC4Y94AaABAg,UgxAyVs9BJCTecKC4Y94AaABAg,UCDDz7pvk3dfpxLt4H1zUmIA,"Fetched 05/24/2026, 8:08:10 PM GMT+8"
2822,La Trinidad,@JenniferValdez-c5d,7 days ago,Wen Happy viewing po mula sa lokal ng la trinidad ❤,https://www.youtube.com/watch?v=ROa3kbG5M0U&lc=UgymBHO3CY8I-d0tXoR4AaABAg,UgymBHO3CY8I-d0tXoR4AaABAg,UCiN6DGY8eQ2sfl_8iyFTlZg,"Fetched 05/24/2026, 8:08:10 PM GMT+8"
2823,La Trinidad,@drewbatinay1449,7 days ago,God’s Love truly is unwavering! Happy viewing po mga Kapatid! Sending support from La Trinidad💗💗,https://www.youtube.com/watch?v=ROa3kbG5M0U&lc=UgxMIVL89QqMku6Yz1l4AaABAg,UgxMIVL89QqMku6Yz1l4AaABAg,UCQgz35ptm_7_RPT-Pc80itg,"Fetched 05/24/2026, 8:08:10 PM GMT+8"
2824,La Trinidad,@renalyndulay4915,7 days ago,"Magandang Gabi mga kapatid..Happy viewing po, lokal Ng La Trinidad.",https://www.youtube.com/watch?v=ROa3kbG5M0U&lc=Ugx4HUP5uVC3EvtR3O54AaABAg,Ugx4HUP5uVC3EvtR3O54AaABAg,UC5O2YOQZe1QqhG2YhGYyedQ,"Fetched 05/24/2026, 8:08:10 PM GMT+8"
2825,La Trinidad,@winkdelarosa2397,7 days ago,Go BENGUET laban! Laban! Lang 💪 /  / La Trinidad 😊😊😊,https://www.youtube.com/watch?v=ROa3kbG5M0U&lc=UgyDhI24uqvFb8kluDt4AaABAg,UgyDhI24uqvFb8kluDt4AaABAg,UCcSUir_e5wTvoTFR6eQepyQ,"Fetched 05/24/2026, 8:08:10 PM GMT+8"
2826,La Trinidad,@JenniferValdez-c5d,7 days ago,Happy viewing po mula sa lokal ng la trinidad ❤,https://www.youtube.com/watch?v=ROa3kbG5M0U&lc=UgwHSjZlgFrqWflzVRR4AaABAg,UgwHSjZlgFrqWflzVRR4AaABAg,UCiN6DGY8eQ2sfl_8iyFTlZg,"Fetched 05/24/2026, 8:08:10 PM GMT+8"
2827,La Trinidad,@pascianreymalynmae315,7 days ago,Go go go Benguet ! Watching from lokal ng La Trinidad ❤️,https://www.youtube.com/watch?v=ROa3kbG5M0U&lc=UgxSfBboxaX72QqXGMZ4AaABAg,UgxSfBboxaX72QqXGMZ4AaABAg,UCE3g021NTAyxQuOcq3wNZHQ,"Fetched 05/24/2026, 8:08:10 PM GMT+8"
2828,La Trinidad,@clarkpiloneo6778,7 days ago,BENGUET FIGHT FIGHT FIGHT!!! From lokal ng La Trinidad!!!,https://www.youtube.com/watch?v=ROa3kbG5M0U&lc=UgzvbVDVo47JYDF2tiZ4AaABAg,UgzvbVDVo47JYDF2tiZ4AaABAg,UC-rMw-abFKutSmzfhWFDgJw,"Fetched 05/24/2026, 8:08:10 PM GMT+8"
2829,La Trinidad,@aubreybolleser7680,7 days ago,Go for the gold District of Benguet!!!🎉🎉🎉We are supporting the INCMV entry God's Love from Locale of La Trinidad.,https://www.youtube.com/watch?v=ROa3kbG5M0U&lc=UgzvMvbHzGx_526xLrV4AaABAg,UgzvMvbHzGx_526xLrV4AaABAg,UCiZ8P_gc_F8quQAUrKJk7Eg,"Fetched 05/24/2026, 8:08:10 PM GMT+8"
2830,La Trinidad,@jaemanzano3161,7 days ago,Happy Viewing po from Lokal ng La Trinidad!.,https://www.youtube.com/watch?v=ROa3kbG5M0U&lc=UgwhvY4cjMSOz-WxOzR4AaABAg,UgwhvY4cjMSOz-WxOzR4AaABAg,UCK31NEqSjQCFtxHwJ6JF5rA,"Fetched 05/24/2026, 8:08:10 PM GMT+8"
2831,La Trinidad,@DELAROSATwaineHannah,7 days ago,Happy viewing po mula sa Lokal ng La Trinidad Distrito ng Benguet🤗,https://www.youtube.com/watch?v=ROa3kbG5M0U&lc=Ugx-IydObJhEx5xozMJ4AaABAg,Ugx-IydObJhEx5xozMJ4AaABAg,UCMDHc1y4luEeVfjBCnOoyIw,"Fetched 05/24/2026, 8:08:10 PM GMT+8"
2832,La Trinidad,@drewbatinay1449,7 days ago,Sending love and support from the locale of La Trinidad!🤍🤍,https://www.youtube.com/watch?v=ROa3kbG5M0U&lc=UgxgKQN5vTQowZbn_Mt4AaABAg,UgxgKQN5vTQowZbn_Mt4AaABAg,UCQgz35ptm_7_RPT-Pc80itg,"Fetched 05/24/2026, 8:08:10 PM GMT+8"
2833,La Trinidad,@valdezjoyantonettep.434,7 days ago,Go Benguet! Pagbati po mula sa lokal ng la Trinidad 🎉,https://www.youtube.com/watch?v=ROa3kbG5M0U&lc=Ugx6K2UoEI_BwTPkp0B4AaABAg,Ugx6K2UoEI_BwTPkp0B4AaABAg,UCDDz7pvk3dfpxLt4H1zUmIA,"Fetched 05/24/2026, 8:08:10 PM GMT+8"
2834,La Trinidad,@johnreylucio8970,7 days ago,"Magandang Gabi pooo,,  / Bago tayo mag hapunan ay, panuorin natin ang Entry ng BENGUET! /  / Mula po sa mga Mang aawit sa lokal ng La Trinidad 🥦🐑🍓",https://www.youtube.com/watch?v=ROa3kbG5M0U&lc=Ugx-p-pMZenENtO6VS94AaABAg,Ugx-p-pMZenENtO6VS94AaABAg,UCNMupRD4ySrN336KZpy29OA,"Fetched 05/24/2026, 8:08:10 PM GMT+8"
2835,La Trinidad,@clarkpiloneo6778,7 days ago,GOGOGOGO BENGUETT!! Happpyyy viewwingg pooo mula sa lokal ng La Trinidad!!,https://www.youtube.com/watch?v=ROa3kbG5M0U&lc=Ugyv0Ynpt5GIn4jddxp4AaABAg,Ugyv0Ynpt5GIn4jddxp4AaABAg,UC-rMw-abFKutSmzfhWFDgJw,"Fetched 05/24/2026, 8:08:10 PM GMT+8"
2836,La Trinidad,@JenniferValdez-c5d,7 days ago,Happy viewing po mula sa local ng LA trinidad❤,https://www.youtube.com/watch?v=ROa3kbG5M0U&lc=UgwdG_02uSkJJCsf7cN4AaABAg,UgwdG_02uSkJJCsf7cN4AaABAg,UCiN6DGY8eQ2sfl_8iyFTlZg,"Fetched 05/24/2026, 8:08:10 PM GMT+8"
2837,La Trinidad,@judithGaoan,7 days ago,Patuloy pong nakikipagkaisa ang aming lokal La Trinidad,https://www.youtube.com/watch?v=ROa3kbG5M0U&lc=UgxZeEq00pl5tfPnk714AaABAg,UgxZeEq00pl5tfPnk714AaABAg,UCRorSeBrDC02x6GWPC4AB4Q,"Fetched 05/24/2026, 8:08:10 PM GMT+8"
2838,La Trinidad,@renalyndulay4915,7 days ago,"Magandang Gabi mga kapatid..Happy viewing po, lokal Ng La Trinidad.",https://www.youtube.com/watch?v=ROa3kbG5M0U&lc=UgyfzeSixVcmC4PW0114AaABAg,UgyfzeSixVcmC4PW0114AaABAg,UC5O2YOQZe1QqhG2YhGYyedQ,"Fetched 05/24/2026, 8:08:10 PM GMT+8"
2839,La Trinidad,@MyrnaTabones-o9t,7 days ago,Happy viewing po!mula po sa Lokal ng La Trinidad,https://www.youtube.com/watch?v=ROa3kbG5M0U&lc=UgyGzxI6dxcOHfVvRxh4AaABAg,UgyGzxI6dxcOHfVvRxh4AaABAg,UCmdzZPXn2UQ1RbFqa7YmDjA,"Fetched 05/24/2026, 8:08:10 PM GMT+8"
2840,La Trinidad,@eichriishh,7 days ago,Magandang gabi po mga kapatid! Pagbati po mula sa Lokal ng La Trinidad 💗 /  / Keep supporting our MV mga kapatiddd,https://www.youtube.com/watch?v=ROa3kbG5M0U&lc=UgzjqaOTrWINDiXzdf94AaABAg,UgzjqaOTrWINDiXzdf94AaABAg,UCe_supvfwKS_8Dd4Nz-s7KA,"Fetched 05/24/2026, 8:08:10 PM GMT+8"
2841,La Trinidad,@carolinaaspiras8746,7 days ago,"Happy viewing po,, pgbati po mula sa  lokal ng La Trinidad. distrito ng Benguet.",https://www.youtube.com/watch?v=ROa3kbG5M0U&lc=Ugz26lgy_SvNOAjbiLx4AaABAg,Ugz26lgy_SvNOAjbiLx4AaABAg,UC-ynUarGWvwJCDMe1uSjyOg,"Fetched 05/24/2026, 8:08:10 PM GMT+8"
2842,La Trinidad,@DELAROSATwaineHannah,7 days ago,Happy viewing po mula sa Lokal ng La Trinidad Distrito ng Benguet🤗,https://www.youtube.com/watch?v=ROa3kbG5M0U&lc=Ugz_Jx7yJTI5OzUHfHV4AaABAg,Ugz_Jx7yJTI5OzUHfHV4AaABAg,UCMDHc1y4luEeVfjBCnOoyIw,"Fetched 05/24/2026, 8:08:10 PM GMT+8"
2843,La Trinidad,@DELAROSATwaineHannah,7 days ago,Happy viewing po mula sa Lokal ng La Trinidad Distrito ng Benguet🤗,https://www.youtube.com/watch?v=ROa3kbG5M0U&lc=Ugz06lOluj414KbtQTp4AaABAg,Ugz06lOluj414KbtQTp4AaABAg,UCMDHc1y4luEeVfjBCnOoyIw,"Fetched 05/24/2026, 8:08:10 PM GMT+8"
2844,La Trinidad,@JoanneSagun-b5i,7 days ago,Go Bengueett!!!🥰🥰🥰Happy Viewing . Mula sa Lokal ng La Trinidad Distrito ng benguet . mabuhaay😍😍😍😍🥳🥳🥳🤩🤩🤩❤❤❤🧡🧡💛💚💙💜🩷🤍🩵🩶🩶🏻,https://www.youtube.com/watch?v=ROa3kbG5M0U&lc=UgxLYRlqaotp137zS7h4AaABAg,UgxLYRlqaotp137zS7h4AaABAg,UCVE_eR-g87O4OyORcJuI6-Q,"Fetched 05/24/2026, 8:08:10 PM GMT+8"
2845,La Trinidad,@mcgyvr9902,7 days ago,Fight! Fight! Fight! La Trinidad!!!,https://www.youtube.com/watch?v=ROa3kbG5M0U&lc=UgyYU7pU8Dlxe5oQDGd4AaABAg,UgyYU7pU8Dlxe5oQDGd4AaABAg,UCAjZpkbW6zjleos-htMShdg,"Fetched 05/24/2026, 8:08:10 PM GMT+8"
2846,La Trinidad,@juliennejoylipago,7 days ago,"Greeting po from La Trinidad, Benguet",https://www.youtube.com/watch?v=ROa3kbG5M0U&lc=UgyZvTapV5i5j17H7Od4AaABAg,UgyZvTapV5i5j17H7Od4AaABAg,UCDBOFWgttNVlkh7LRzc71Pw,"Fetched 05/24/2026, 8:08:10 PM GMT+8"
2847,La Trinidad,@renalyndulay4915,7 days ago,"Magandang Gabi mga kapatid..Happy viewing po, lokal Ng La Trinidad.",https://www.youtube.com/watch?v=ROa3kbG5M0U&lc=UgzDE_RCOXZuIovfoJd4AaABAg,UgzDE_RCOXZuIovfoJd4AaABAg,UC5O2YOQZe1QqhG2YhGYyedQ,"Fetched 05/24/2026, 8:08:10 PM GMT+8"
2848,La Trinidad,@DELAROSATwaineHannah,7 days ago,Happy viewing po mula sa Lokal ng La Trinidad Distrito ng Benguet🤗,https://www.youtube.com/watch?v=ROa3kbG5M0U&lc=UgxJaXrxAT-cngHgqSh4AaABAg,UgxJaXrxAT-cngHgqSh4AaABAg,UCMDHc1y4luEeVfjBCnOoyIw,"Fetched 05/24/2026, 8:08:10 PM GMT+8"
2849,La Trinidad,@drewbatinay1449,7 days ago,Maligayang panonood mga kapatid! Pagbati mula sa mga MT ng Lokal ng La Trinidad‼️‼️🤍,https://www.youtube.com/watch?v=ROa3kbG5M0U&lc=UgxvlMormU-Y-BWs1rl4AaABAg,UgxvlMormU-Y-BWs1rl4AaABAg,UCQgz35ptm_7_RPT-Pc80itg,"Fetched 05/24/2026, 8:08:10 PM GMT+8"
2850,La Trinidad,@annesenso4230,7 days ago,"Happy viewing po from Lokal ng La Trinidad Distrito ng Benguet,,,",https://www.youtube.com/watch?v=ROa3kbG5M0U&lc=UgzVVAscyPmgCAkT_OJ4AaABAg,UgzVVAscyPmgCAkT_OJ4AaABAg,UCkf4bacqPeTh-IxS8RBhapA,"Fetched 05/24/2026, 8:08:10 PM GMT+8"
2851,La Trinidad,@DELAROSATwaineHannah,7 days ago,Happy viewing po mula sa Lokal ng La Trinidad Distrito ng Benguet🤗,https://www.youtube.com/watch?v=ROa3kbG5M0U&lc=UgwI438q3DjMgJSVLp14AaABAg,UgwI438q3DjMgJSVLp14AaABAg,UCMDHc1y4luEeVfjBCnOoyIw,"Fetched 05/24/2026, 8:08:10 PM GMT+8"
2852,La Trinidad,@valdezjoyantonettep.434,7 days ago,Happy viewing po mula sa lokal ng la Trinidad 🎉,https://www.youtube.com/watch?v=ROa3kbG5M0U&lc=UgxFmroB_g14Ou6aKzh4AaABAg,UgxFmroB_g14Ou6aKzh4AaABAg,UCDDz7pvk3dfpxLt4H1zUmIA,"Fetched 05/24/2026, 8:08:10 PM GMT+8"
2853,La Trinidad,@Gretchen_WentwoodCap,7 days ago,"Happy viewing po , from lokal ng La trinidad 🎉",https://www.youtube.com/watch?v=ROa3kbG5M0U&lc=UgyzlsObcbtobdGfYWh4AaABAg,UgyzlsObcbtobdGfYWh4AaABAg,UCC3jZT7acRTZ-8BcKS4evUg,"Fetched 05/24/2026, 8:08:10 PM GMT+8"
2854,La Trinidad,@clarkpiloneo6778,7 days ago,Walang sawang pag suporta at pagmamahal mula po sa lokal ng La Trinidad!!!,https://www.youtube.com/watch?v=ROa3kbG5M0U&lc=UgxydlLukrJ4wMTYTit4AaABAg,UgxydlLukrJ4wMTYTit4AaABAg,UC-rMw-abFKutSmzfhWFDgJw,"Fetched 05/24/2026, 8:08:10 PM GMT+8"
2855,La Trinidad,@DELAROSATwaineHannah,7 days ago,Happy viewing po mula sa Lokal ng La Trinidad Distrito ng Benguet🤗,https://www.youtube.com/watch?v=ROa3kbG5M0U&lc=UgwFgoTe9jV-qeAayJ94AaABAg,UgwFgoTe9jV-qeAayJ94AaABAg,UCMDHc1y4luEeVfjBCnOoyIw,"Fetched 05/24/2026, 8:08:10 PM GMT+8"
2856,La Trinidad,@Lily00w4,7 days ago,Happy viewing po mula sa lokal ng La Trinidad 🥰,https://www.youtube.com/watch?v=ROa3kbG5M0U&lc=Ugy-ojxrrcYmvEx8L0F4AaABAg,Ugy-ojxrrcYmvEx8L0F4AaABAg,UCHl8Pldv8Fblg_vCsH_o5Vg,"Fetched 05/24/2026, 8:08:10 PM GMT+8"
2857,La Trinidad,@sthbita,7 days ago,Let's go benguet!!!! - La trinidad benguet,https://www.youtube.com/watch?v=ROa3kbG5M0U&lc=UgweYKwV6W7IauXJLEx4AaABAg,UgweYKwV6W7IauXJLEx4AaABAg,UC0vTLfR4dy0voK86CZ8IZjQ,"Fetched 05/24/2026, 8:08:10 PM GMT+8"
2858,La Trinidad,@johnreylucio8970,7 days ago,Benguet!!🎉 /  / Fight Fight Fight!! /  / Kaisa po kaming mga Kadiwa sa Lokal ng La Trinidad ❤,https://www.youtube.com/watch?v=ROa3kbG5M0U&lc=UgxCCpjHxENyIoWToXx4AaABAg,UgxCCpjHxENyIoWToXx4AaABAg,UCNMupRD4ySrN336KZpy29OA,"Fetched 05/24/2026, 8:08:10 PM GMT+8"
2859,La Trinidad,@mcgyvr9902,7 days ago,Happy viewing po. / Lokal ng La Trinidad!!!,https://www.youtube.com/watch?v=ROa3kbG5M0U&lc=Ugy2PTNBaxt6T-uSaI54AaABAg,Ugy2PTNBaxt6T-uSaI54AaABAg,UCAjZpkbW6zjleos-htMShdg,"Fetched 05/24/2026, 8:08:10 PM GMT+8"
2860,La Trinidad,@drewbatinay1449,7 days ago,Let’s Go Benguet! Let’s Go Kadiwa! Let’s Go La Trinidad!!💗💗,https://www.youtube.com/watch?v=ROa3kbG5M0U&lc=Ugxs5UdW2o6zFIev9_p4AaABAg,Ugxs5UdW2o6zFIev9_p4AaABAg,UCQgz35ptm_7_RPT-Pc80itg,"Fetched 05/24/2026, 8:08:10 PM GMT+8"
2861,La Trinidad,@clarkpiloneo6778,7 days ago,Happpyyy viewing po mula sa lokal ng La Trinidad!!!,https://www.youtube.com/watch?v=ROa3kbG5M0U&lc=Ugyf9lDLfBqZhSli7-p4AaABAg,Ugyf9lDLfBqZhSli7-p4AaABAg,UC-rMw-abFKutSmzfhWFDgJw,"Fetched 05/24/2026, 8:08:10 PM GMT+8"
2862,La Trinidad,@PrincedeMesa-m7l,7 days ago,"Mula po sa Lokal ng La Trinidad Distrito ng Benguet, happy viewing po",https://www.youtube.com/watch?v=ROa3kbG5M0U&lc=UgxX8uWXQkMyUSZZbIh4AaABAg,UgxX8uWXQkMyUSZZbIh4AaABAg,UCsSkODfVZQzVunDvyG6XSlg,"Fetched 05/24/2026, 8:08:10 PM GMT+8"
2863,La Trinidad,@johnreylucio8970,7 days ago,Ayan na ang Suporta ng Lokal ng La Trinidad ❤,https://www.youtube.com/watch?v=ROa3kbG5M0U&lc=UgxxFqSJoK15zQKE7nB4AaABAg,UgxxFqSJoK15zQKE7nB4AaABAg,UCNMupRD4ySrN336KZpy29OA,"Fetched 05/24/2026, 8:08:10 PM GMT+8"
2864,La Trinidad,@drewbatinay1449,7 days ago,Happy Viewing po from the MTs of La Trinidad❤❤,https://www.youtube.com/watch?v=ROa3kbG5M0U&lc=UgxmOUzkPoHovlqDosp4AaABAg,UgxmOUzkPoHovlqDosp4AaABAg,UCQgz35ptm_7_RPT-Pc80itg,"Fetched 05/24/2026, 8:08:10 PM GMT+8"
2865,La Trinidad,@rejomartayaban,7 days ago,"Happy viewing po from lokal ng la trinidad, kapisanang kadiwa.",https://www.youtube.com/watch?v=ROa3kbG5M0U&lc=UgwfealMZw83sa5OsnB4AaABAg,UgwfealMZw83sa5OsnB4AaABAg,UCi7RYRPFL6HTFaScpYFJMJQ,"Fetched 05/24/2026, 8:08:10 PM GMT+8"
2866,La Trinidad,@valdezjoyantonettep.434,7 days ago,Happy viewing po mula sa lokal ng la Trinidad 🎉,https://www.youtube.com/watch?v=ROa3kbG5M0U&lc=Ugw9_YGKlq5XOnByNvp4AaABAg,Ugw9_YGKlq5XOnByNvp4AaABAg,UCDDz7pvk3dfpxLt4H1zUmIA,"Fetched 05/24/2026, 8:08:10 PM GMT+8"
2867,La Trinidad,@CasseySGonzales,7 days ago (edited),Happy Viewing po mga kapatid from lokal ng La Trinidad🍃⛰️🍓 kapisanang Binhi🌱 sana po ay nasa mabuti po tayong kalagayan lahat / Binabati ko po ang kapatid na Kenner Bokilis Destinado po ng La Trinidad 💕,https://www.youtube.com/watch?v=ROa3kbG5M0U&lc=Ugz1PYnTgpO77NGJ12t4AaABAg,Ugz1PYnTgpO77NGJ12t4AaABAg,UCZ_1zJtZfWs6L_NdfNJCvtQ,"Fetched 05/24/2026, 8:08:10 PM GMT+8"
2868,La Trinidad,@clarkpiloneo6778,7 days ago,FIGHT FIGHT FIGHT Benguet!!! Mula po sa lokal ng La Trinidad!!!,https://www.youtube.com/watch?v=ROa3kbG5M0U&lc=UgwVH5FBYLkWnJREOdV4AaABAg,UgwVH5FBYLkWnJREOdV4AaABAg,UC-rMw-abFKutSmzfhWFDgJw,"Fetched 05/24/2026, 8:08:10 PM GMT+8"
2869,La Trinidad,@johnreylucio8970,7 days ago,"Nakaka Energized at hindi Boring, Dabest ka Benguet❤ Pagbati po mula sa Lokal ng La Trinidad",https://www.youtube.com/watch?v=ROa3kbG5M0U&lc=UgwsW9kGmIcdErAB5th4AaABAg,UgwsW9kGmIcdErAB5th4AaABAg,UCNMupRD4ySrN336KZpy29OA,"Fetched 05/24/2026, 8:08:10 PM GMT+8"
2870,La Trinidad,@johnreylucio8970,7 days ago,"Happy Viewing po mga kapatid, Mula po sa Lokal ng La Trinidad",https://www.youtube.com/watch?v=ROa3kbG5M0U&lc=Ugzi261po8StC5guDSp4AaABAg,Ugzi261po8StC5guDSp4AaABAg,UCNMupRD4ySrN336KZpy29OA,"Fetched 05/24/2026, 8:08:10 PM GMT+8"
2871,La Trinidad,@JAZZ-p4b,7 days ago,Gooo BENGUET 🍓  /  / -La Trinidad,https://www.youtube.com/watch?v=ROa3kbG5M0U&lc=UgztNG-IIStCb-YeXbh4AaABAg,UgztNG-IIStCb-YeXbh4AaABAg,UC_S502t_HqWNj_mH4FrmElg,"Fetched 05/24/2026, 8:08:10 PM GMT+8"
2872,La Trinidad,@DianoCharize,7 days ago,Happy viewing po mula sa Lokal ng La Trinidad❤,https://www.youtube.com/watch?v=ROa3kbG5M0U&lc=UgyASRRmYhxrCV_2v6N4AaABAg,UgyASRRmYhxrCV_2v6N4AaABAg,UCgeNjJWZwDCHuIqnxDjnX1g,"Fetched 05/24/2026, 8:08:10 PM GMT+8"
2873,La Trinidad,@lanlani.eaaaahn,7 days ago,supporting mula sa Lokal ng La Trinidad po!!!,https://www.youtube.com/watch?v=ROa3kbG5M0U&lc=UgxSGEyoSPlJFZ65dKl4AaABAg,UgxSGEyoSPlJFZ65dKl4AaABAg,UCxRF5ldmYBJWNlgtayRoTHg,"Fetched 05/24/2026, 8:08:10 PM GMT+8"
2874,La Trinidad,@BnHydn_2,7 days ago,Happy viewing po sa lahat 📺🎵 / -Lokal ng La Trinidad,https://www.youtube.com/watch?v=ROa3kbG5M0U&lc=UgwbceZDPwhVRRnES3p4AaABAg,UgwbceZDPwhVRRnES3p4AaABAg,UCFiIuFtStNyId62JOmMovbw,"Fetched 05/24/2026, 8:08:10 PM GMT+8"
2875,La Trinidad,@BnHydn_2,7 days ago,Happy viewing to everyone! / -La Trinidad,https://www.youtube.com/watch?v=ROa3kbG5M0U&lc=UgyOaT6-Xr-IeC1bq5F4AaABAg,UgyOaT6-Xr-IeC1bq5F4AaABAg,UCFiIuFtStNyId62JOmMovbw,"Fetched 05/24/2026, 8:08:10 PM GMT+8"
2876,La Trinidad,@BnHydn_2,7 days ago,"Maligayang panonood pooo🌼 / Happy viewing Mula sa lokal ng La Trinidad, Kapisanang Binhi",https://www.youtube.com/watch?v=ROa3kbG5M0U&lc=UgyO5IJHcdLDR_usPpt4AaABAg,UgyO5IJHcdLDR_usPpt4AaABAg,UCFiIuFtStNyId62JOmMovbw,"Fetched 05/24/2026, 8:08:10 PM GMT+8"
2877,La Trinidad,@BnHydn_2,7 days ago,"best MV !! Mula po sa lokal ng La Trinidad,",https://www.youtube.com/watch?v=ROa3kbG5M0U&lc=Ugzx5KbqBAzmnCtYFnN4AaABAg,Ugzx5KbqBAzmnCtYFnN4AaABAg,UCFiIuFtStNyId62JOmMovbw,"Fetched 05/24/2026, 8:08:10 PM GMT+8"
2878,La Trinidad,@BnHydn_2,7 days ago,napakaganda ng production 🎇 / -Mula sa lokal ng La Trinidad,https://www.youtube.com/watch?v=ROa3kbG5M0U&lc=Ugwx510LQlXvnr7x8oJ4AaABAg,Ugwx510LQlXvnr7x8oJ4AaABAg,UCFiIuFtStNyId62JOmMovbw,"Fetched 05/24/2026, 8:08:10 PM GMT+8"
2879,La Trinidad,@BnHydn_2,7 days ago,Hindi nakakasawang panoorin ‼️ Mula po sa lokal ng La Trinidad,https://www.youtube.com/watch?v=ROa3kbG5M0U&lc=UgzTFZSaDAEUQPHZE714AaABAg,UgzTFZSaDAEUQPHZE714AaABAg,UCFiIuFtStNyId62JOmMovbw,"Fetched 05/24/2026, 8:08:10 PM GMT+8"
2880,La Trinidad,@BnHydn_2,7 days ago,Enjoy watching everyone 💞 / Lokal ng La Trinidad,https://www.youtube.com/watch?v=ROa3kbG5M0U&lc=UgynC8n6miVUKbMN8Ux4AaABAg,UgynC8n6miVUKbMN8Ux4AaABAg,UCFiIuFtStNyId62JOmMovbw,"Fetched 05/24/2026, 8:08:10 PM GMT+8"
2881,La Trinidad,@BnHydn_2,7 days ago,🎵 God's Love 🎵 / His wordous love ✅ /  / Mula po sa lokal ng La Trinidad,https://www.youtube.com/watch?v=ROa3kbG5M0U&lc=UgzGPfjH4m16bEsJv_B4AaABAg,UgzGPfjH4m16bEsJv_B4AaABAg,UCFiIuFtStNyId62JOmMovbw,"Fetched 05/24/2026, 8:08:10 PM GMT+8"
2882,La Trinidad,@BnHydn_2,7 days ago,Let's go Benguet  / Let's go Binhi / Let's go La Trinidad,https://www.youtube.com/watch?v=ROa3kbG5M0U&lc=UgwYJmXN5yCVgpI79UZ4AaABAg,UgwYJmXN5yCVgpI79UZ4AaABAg,UCFiIuFtStNyId62JOmMovbw,"Fetched 05/24/2026, 8:08:10 PM GMT+8"
2883,La Trinidad,@BnHydn_2,7 days ago,♥️Let's go Benguet ♥️ / 💚 Local ng La Trinidad 💚,https://www.youtube.com/watch?v=ROa3kbG5M0U&lc=Ugxk-cTlJgVVM7I7TVZ4AaABAg,Ugxk-cTlJgVVM7I7TVZ4AaABAg,UCFiIuFtStNyId62JOmMovbw,"Fetched 05/24/2026, 8:08:10 PM GMT+8"
2884,La Trinidad,@BnHydn_2,7 days ago,"Happy viewing to all  / "" From the Locale Congregation of La Trinidad""",https://www.youtube.com/watch?v=ROa3kbG5M0U&lc=Ugy6AaqBzTquPBt6xaB4AaABAg,Ugy6AaqBzTquPBt6xaB4AaABAg,UCFiIuFtStNyId62JOmMovbw,"Fetched 05/24/2026, 8:08:10 PM GMT+8"
2885,La Trinidad,@JAZZ-p4b,7 days ago,"Shout out po sa aming Destinado, Bro. Kenner Bokilis 💗  /  / -La Trinidad",https://www.youtube.com/watch?v=ROa3kbG5M0U&lc=UgzI_4aGfEhmhXXFzHp4AaABAg,UgzI_4aGfEhmhXXFzHp4AaABAg,UC_S502t_HqWNj_mH4FrmElg,"Fetched 05/24/2026, 8:08:10 PM GMT+8"
2886,La Trinidad,@JAZZ-p4b,7 days ago,Shout out po sa mga taga Sayatan🎉🎉🎉 /  / Bumabati po mula sa lokal ng La Trinidad 💕,https://www.youtube.com/watch?v=ROa3kbG5M0U&lc=UgyYV-IfdeJBG0aO7f14AaABAg,UgyYV-IfdeJBG0aO7f14AaABAg,UC_S502t_HqWNj_mH4FrmElg,"Fetched 05/24/2026, 8:08:10 PM GMT+8"
2887,La Trinidad,@JAZZ-p4b,7 days ago,Mula po sa lokal ng La Trinidad 👋👋 Happy viewing po 🎉,https://www.youtube.com/watch?v=ROa3kbG5M0U&lc=Ugznue0NgcOa9MG-QWJ4AaABAg,Ugznue0NgcOa9MG-QWJ4AaABAg,UC_S502t_HqWNj_mH4FrmElg,"Fetched 05/24/2026, 8:08:10 PM GMT+8"
2888,La Trinidad,@JAZZ-p4b,7 days ago,Happy viewing po mga kapatid 🎉🎉 / Mula sa lokal ng La Trinidad 💯,https://www.youtube.com/watch?v=ROa3kbG5M0U&lc=UgyEsykEecprLYX6Dbp4AaABAg,UgyEsykEecprLYX6Dbp4AaABAg,UC_S502t_HqWNj_mH4FrmElg,"Fetched 05/24/2026, 8:08:10 PM GMT+8"
2889,La Trinidad,@BnHydn_2,7 days ago,Better watching than doing nothing  / -Lokal ng La Trinidad,https://www.youtube.com/watch?v=ROa3kbG5M0U&lc=Ugxa9jaQe-8VxokLp5N4AaABAg,Ugxa9jaQe-8VxokLp5N4AaABAg,UCFiIuFtStNyId62JOmMovbw,"Fetched 05/24/2026, 8:08:10 PM GMT+8"
2890,La Trinidad,@BnHydn_2,7 days ago,Let's go Benguet  / Let's go Binhi / Let's go La Trinidad,https://www.youtube.com/watch?v=ROa3kbG5M0U&lc=UgxqwbnxFZRunb_2Ms94AaABAg,UgxqwbnxFZRunb_2Ms94AaABAg,UCFiIuFtStNyId62JOmMovbw,"Fetched 05/24/2026, 8:08:10 PM GMT+8"
2891,La Trinidad,@BnHydn_2,7 days ago,Happy viewing to everyone! / -La Trinidad,https://www.youtube.com/watch?v=ROa3kbG5M0U&lc=UgwpryId-ZnK9Gqy52J4AaABAg,UgwpryId-ZnK9Gqy52J4AaABAg,UCFiIuFtStNyId62JOmMovbw,"Fetched 05/24/2026, 8:08:10 PM GMT+8"
2892,La Trinidad,@BnHydn_2,7 days ago,Happy viewing po sa lahat 📺🎵 / -Lokal ng La Trinidad,https://www.youtube.com/watch?v=ROa3kbG5M0U&lc=UgwYL50kQaTHQ4g8IjJ4AaABAg,UgwYL50kQaTHQ4g8IjJ4AaABAg,UCFiIuFtStNyId62JOmMovbw,"Fetched 05/24/2026, 8:08:10 PM GMT+8"
2893,La Trinidad,@JAZZ-p4b,7 days ago,Happy viewing po mga kapatid bumabati mula sa lokal ng La Trinidad 🎉,https://www.youtube.com/watch?v=ROa3kbG5M0U&lc=UgziyOrAIj1LjQXUuKN4AaABAg,UgziyOrAIj1LjQXUuKN4AaABAg,UC_S502t_HqWNj_mH4FrmElg,"Fetched 05/24/2026, 8:08:10 PM GMT+8"
2894,La Trinidad,@BnHydn_2,7 days ago,Go Benguet ♥️⚡ / Happy watching mga kapatid 💚  / Lokal ng La Trinidad,https://www.youtube.com/watch?v=ROa3kbG5M0U&lc=Ugy52ZE9vG7D2vjTGxp4AaABAg,Ugy52ZE9vG7D2vjTGxp4AaABAg,UCFiIuFtStNyId62JOmMovbw,"Fetched 05/24/2026, 8:08:10 PM GMT+8"
2895,La Trinidad,@MarjorieBlanco-z8l,7 days ago,Hello po watching from local ng Tomay. la trinidad benguet,https://www.youtube.com/watch?v=ROa3kbG5M0U&lc=UgwJa1OLUcsH4gQrW0N4AaABAg,UgwJa1OLUcsH4gQrW0N4AaABAg,UC7NGmlBEDlKxTY1jxyIzfSw,"Fetched 05/24/2026, 8:08:10 PM GMT+8"
2896,La Trinidad,@RaymonsDemasangl-k4t,7 days ago,"""happy viewing po from lokal Ng La Trinidad.💚🤍❤️",https://www.youtube.com/watch?v=ROa3kbG5M0U&lc=UgwnJoqNnvvDW0bJVTZ4AaABAg,UgwnJoqNnvvDW0bJVTZ4AaABAg,UC-8ag5ojpsFy3Jjlj5S5iEA,"Fetched 05/24/2026, 8:08:10 PM GMT+8"
2897,La Trinidad,@pascianreymalynmae315,7 days ago,Pagbati mula po sa Lokal ng La Trinidad ❤️😊,https://www.youtube.com/watch?v=ROa3kbG5M0U&lc=UgxWYOcfhhsOI95ab-J4AaABAg,UgxWYOcfhhsOI95ab-J4AaABAg,UCE3g021NTAyxQuOcq3wNZHQ,"Fetched 05/24/2026, 8:08:10 PM GMT+8"
2898,La Trinidad,@winkdelarosa2397,7 days ago,Shout out to all po mga kapatid  /  / Lokal ng La Trinidad 😊😊😊😊,https://www.youtube.com/watch?v=ROa3kbG5M0U&lc=UgxrcKkkAqTkyGxdWVB4AaABAg,UgxrcKkkAqTkyGxdWVB4AaABAg,UCcSUir_e5wTvoTFR6eQepyQ,"Fetched 05/24/2026, 8:08:10 PM GMT+8"
2899,La Trinidad,@JAZZ-p4b,7 days ago,Patuloy pong nakasuporta mula sa lokal ng La Trinidad 🌿,https://www.youtube.com/watch?v=ROa3kbG5M0U&lc=Ugx1WEd7CS6F7578tlR4AaABAg,Ugx1WEd7CS6F7578tlR4AaABAg,UC_S502t_HqWNj_mH4FrmElg,"Fetched 05/24/2026, 8:08:10 PM GMT+8"
2900,La Trinidad,@JiezlAnnSiblag-b1r,7 days ago,Love and support from lokal ng la trinidad...❤,https://www.youtube.com/watch?v=ROa3kbG5M0U&lc=UgzzEmlzjUmHe3aq2zd4AaABAg,UgzzEmlzjUmHe3aq2zd4AaABAg,UCBRCLdMUEs7HD6UACR3oXQA,"Fetched 05/24/2026, 8:08:10 PM GMT+8"
2901,La Trinidad,@pascianreymalynmae315,7 days ago,Happy Viewing from Lokal ng La Trinidad❤️,https://www.youtube.com/watch?v=ROa3kbG5M0U&lc=UgxuxIlJVwZL0kXo0vR4AaABAg,UgxuxIlJVwZL0kXo0vR4AaABAg,UCE3g021NTAyxQuOcq3wNZHQ,"Fetched 05/24/2026, 8:08:10 PM GMT+8"
2902,La Trinidad,@DianoCharize,7 days ago,Happy viewing po mula sa Lokal ng La Trinidad❤😊 /  / Goo... Benguet,https://www.youtube.com/watch?v=ROa3kbG5M0U&lc=UgzxmfiP-qF6p_AQ_bJ4AaABAg,UgzxmfiP-qF6p_AQ_bJ4AaABAg,UCgeNjJWZwDCHuIqnxDjnX1g,"Fetched 05/24/2026, 8:08:10 PM GMT+8"
2903,La Trinidad,@rejomartayaban,7 days ago,"Maligayang panonood po mga kapatid, patuloy po akong naka supporta sa ating MV, mula po sa Lokal ng La Trinidad..",https://www.youtube.com/watch?v=ROa3kbG5M0U&lc=UgyXlYwg1VAwC1WGci94AaABAg,UgyXlYwg1VAwC1WGci94AaABAg,UCi7RYRPFL6HTFaScpYFJMJQ,"Fetched 05/24/2026, 8:08:10 PM GMT+8"
2904,La Trinidad,@winkdelarosa2397,7 days ago,Suppporting from lokal ng La Trinidad 🎉🎉🎉🎉🎉🎉🎉🎉🎉🎉🎉🎉🎉🎉🎉🎉🎉🎉🎉🎉🎉🎉🎉🎉🎉🎉🎉🎉🎉🎉🎉🎉🎉🎉,https://www.youtube.com/watch?v=ROa3kbG5M0U&lc=Ugwz-XA0FZ7MYGtEnAt4AaABAg,Ugwz-XA0FZ7MYGtEnAt4AaABAg,UCcSUir_e5wTvoTFR6eQepyQ,"Fetched 05/24/2026, 8:08:10 PM GMT+8"
2905,La Trinidad,@klienmartingonzales9861,7 days ago,Masaya pong napapanood ang mga kapatid sa Distrito ng Benguet ❤.  Lalo na po kami. Greetings mula sa Lokal ng La Trinidad,https://www.youtube.com/watch?v=ROa3kbG5M0U&lc=UgzYRj0WcpHYt9Zd1U14AaABAg,UgzYRj0WcpHYt9Zd1U14AaABAg,UCIJSXffobfJsAIrn8hdp5ig,"Fetched 05/24/2026, 8:08:10 PM GMT+8"
2906,La Trinidad,@JAZZ-p4b,7 days ago,"Binabati po namin ang aming Destinado, Bro. Kenner Bokilis 💗 at sa kanyang napaka gandang asawa 💖 /  / Lokal ng La Trinidad 🪷",https://www.youtube.com/watch?v=ROa3kbG5M0U&lc=Ugxjk0Zj_F4HM7eayi54AaABAg,Ugxjk0Zj_F4HM7eayi54AaABAg,UC_S502t_HqWNj_mH4FrmElg,"Fetched 05/24/2026, 8:08:10 PM GMT+8"
2907,La Trinidad,@PELITANJennyClaireT,7 days ago,Pagbati po sa lahat ng mga viewerss.  / -La Trinidad,https://www.youtube.com/watch?v=ROa3kbG5M0U&lc=UgxnoPrdqolc45VljQF4AaABAg,UgxnoPrdqolc45VljQF4AaABAg,UCsVZgGkRnNqeIIOLxHiFR7A,"Fetched 05/24/2026, 8:08:10 PM GMT+8"
2908,La Trinidad,@DianoCharize,7 days ago,Happy viewing po mula sa Lokal ng La Trinidad❤,https://www.youtube.com/watch?v=ROa3kbG5M0U&lc=UgzpOgbH3TRVLypk5sB4AaABAg,UgzpOgbH3TRVLypk5sB4AaABAg,UCgeNjJWZwDCHuIqnxDjnX1g,"Fetched 05/24/2026, 8:08:10 PM GMT+8"
2909,La Trinidad,@clarkpiloneo6778,7 days ago,Good afternoon po!! Happyy viewing po from lokal ng La Trinidad!!!!,https://www.youtube.com/watch?v=ROa3kbG5M0U&lc=UgxBsCzkvOz6MqLyNvB4AaABAg,UgxBsCzkvOz6MqLyNvB4AaABAg,UC-rMw-abFKutSmzfhWFDgJw,"Fetched 05/24/2026, 8:08:10 PM GMT+8"
2910,La Trinidad,@jetsetc3765,7 days ago,Happy viewing po mula sa lokal ng la Trinidad.,https://www.youtube.com/watch?v=ROa3kbG5M0U&lc=Ugx9RjVusffZ20gohbt4AaABAg,Ugx9RjVusffZ20gohbt4AaABAg,UCFT4uUlLdR7n204Pa4FQwHw,"Fetched 05/24/2026, 8:08:10 PM GMT+8"
2911,La Trinidad,@mcgyvr9902,7 days ago,La Trinidad!!,https://www.youtube.com/watch?v=ROa3kbG5M0U&lc=UgxyX-Cai35wYQj9xvl4AaABAg,UgxyX-Cai35wYQj9xvl4AaABAg,UCAjZpkbW6zjleos-htMShdg,"Fetched 05/24/2026, 8:08:10 PM GMT+8"
2912,La Trinidad,@winkdelarosa2397,7 days ago,Let's go la Trinidad  / Shout out po kay cassey sy Gonzales 😊😊😊😊😊😊😊😊😊😊😊😊😊😊😊😊😊😊😊😊😊😊😊😊😊😊😊😊,https://www.youtube.com/watch?v=ROa3kbG5M0U&lc=Ugz78EBR1zNby_miPgx4AaABAg,Ugz78EBR1zNby_miPgx4AaABAg,UCcSUir_e5wTvoTFR6eQepyQ,"Fetched 05/24/2026, 8:08:10 PM GMT+8"
2913,La Trinidad,@mcgyvr9902,7 days ago,La Trinidad!!,https://www.youtube.com/watch?v=ROa3kbG5M0U&lc=Ugz8Qh_Mzncd8o7bIgZ4AaABAg,Ugz8Qh_Mzncd8o7bIgZ4AaABAg,UCAjZpkbW6zjleos-htMShdg,"Fetched 05/24/2026, 8:08:10 PM GMT+8"
2914,La Trinidad,@clarkpiloneo6778,7 days ago,Letsss goo La trinidad!!! Lets goo benguet!! HAPPY VIEWING POO!!!,https://www.youtube.com/watch?v=ROa3kbG5M0U&lc=Ugz0BTHytoOKMYh6cmp4AaABAg,Ugz0BTHytoOKMYh6cmp4AaABAg,UC-rMw-abFKutSmzfhWFDgJw,"Fetched 05/24/2026, 8:08:10 PM GMT+8"
2915,La Trinidad,@mcgyvr9902,7 days ago,La Trinidad!!!,https://www.youtube.com/watch?v=ROa3kbG5M0U&lc=UgzfWNfjBazzlCxEDrt4AaABAg,UgzfWNfjBazzlCxEDrt4AaABAg,UCAjZpkbW6zjleos-htMShdg,"Fetched 05/24/2026, 8:08:10 PM GMT+8"
2916,La Trinidad,@JAZZ-p4b,7 days ago,Mula po sa lokal ng La Trinidad 💓 kapisanang binhi 🌱,https://www.youtube.com/watch?v=ROa3kbG5M0U&lc=Ugy0KMM3d9uLdcssGRd4AaABAg,Ugy0KMM3d9uLdcssGRd4AaABAg,UC_S502t_HqWNj_mH4FrmElg,"Fetched 05/24/2026, 8:08:10 PM GMT+8"
2917,La Trinidad,@mcgyvr9902,7 days ago,La Trinidad!!,https://www.youtube.com/watch?v=ROa3kbG5M0U&lc=Ugwm-WcRNYisLpjLl_l4AaABAg,Ugwm-WcRNYisLpjLl_l4AaABAg,UCAjZpkbW6zjleos-htMShdg,"Fetched 05/24/2026, 8:08:10 PM GMT+8"
2918,La Trinidad,@valdezjoyantonettep.434,7 days ago,Happy viewing po mula sa lokal ng la Trinidad 🎉,https://www.youtube.com/watch?v=ROa3kbG5M0U&lc=UgyrO9qeN5y6C4CSZht4AaABAg,UgyrO9qeN5y6C4CSZht4AaABAg,UCDDz7pvk3dfpxLt4H1zUmIA,"Fetched 05/24/2026, 8:08:10 PM GMT+8"
2919,La Trinidad,@PELITANJennyClaireT,7 days ago,Happy viewing and a warm afternoon po. Pagbati mula sa lokal ng La Trinidad 🎉.,https://www.youtube.com/watch?v=ROa3kbG5M0U&lc=Ugw5Yi7qWW90fWwBQUh4AaABAg,Ugw5Yi7qWW90fWwBQUh4AaABAg,UCsVZgGkRnNqeIIOLxHiFR7A,"Fetched 05/24/2026, 8:08:10 PM GMT+8"
2920,La Trinidad,@aubreybolleser7680,7 days ago,"Masayang panonood ng God's Love, ang INCMV 2026 entry ng Distrito ng BENGUET. Pagbati mula sa LOKAL NG LA TRINIDAD.❤🎉❤🎉",https://www.youtube.com/watch?v=ROa3kbG5M0U&lc=UgwoSs_q183JsRyTUVx4AaABAg,UgwoSs_q183JsRyTUVx4AaABAg,UCiZ8P_gc_F8quQAUrKJk7Eg,"Fetched 05/24/2026, 8:08:10 PM GMT+8"
2921,La Trinidad,@CasseySGonzales,7 days ago,Happy Viewing po mga kapatid from lokal ng La Trinidad🍃⛰️🍓 / Binabati ko po ang ka ANLE LUCIO na nagdiwang ng kaarawan noong February daw po,https://www.youtube.com/watch?v=ROa3kbG5M0U&lc=UgxISu6Pizvf-_mqAfV4AaABAg,UgxISu6Pizvf-_mqAfV4AaABAg,UCZ_1zJtZfWs6L_NdfNJCvtQ,"Fetched 05/24/2026, 8:08:10 PM GMT+8"
2922,La Trinidad,@clarkpiloneo6778,7 days ago,LETS GO WINTON!! Lets go BWNGUET!! Happyy viewing po from lokal ng La Trinidad!!,https://www.youtube.com/watch?v=ROa3kbG5M0U&lc=UgxbQTkAY3r3sLFBYhl4AaABAg,UgxbQTkAY3r3sLFBYhl4AaABAg,UC-rMw-abFKutSmzfhWFDgJw,"Fetched 05/24/2026, 8:08:10 PM GMT+8"
2923,La Trinidad,@janelldemesa4523,7 days ago,Go La Trinidad,https://www.youtube.com/watch?v=ROa3kbG5M0U&lc=UgzjAxmS3jMIINdNlCV4AaABAg,UgzjAxmS3jMIINdNlCV4AaABAg,UCymIRUsc5lE72zbovsrcnnQ,"Fetched 05/24/2026, 8:08:10 PM GMT+8"
2924,La Trinidad,@judithGaoan,7 days ago,Hello po mga kapatid happy watching po mula po sa mga mt ng La Trinidad,https://www.youtube.com/watch?v=ROa3kbG5M0U&lc=UgwCu7uJyA3FWuKTYj94AaABAg,UgwCu7uJyA3FWuKTYj94AaABAg,UCRorSeBrDC02x6GWPC4AB4Q,"Fetched 05/24/2026, 8:08:10 PM GMT+8"
2925,La Trinidad,@mcgyvr9902,7 days ago,La Trinidad!!,https://www.youtube.com/watch?v=ROa3kbG5M0U&lc=UgxY4gl4nFH7VwfoUaN4AaABAg,UgxY4gl4nFH7VwfoUaN4AaABAg,UCAjZpkbW6zjleos-htMShdg,"Fetched 05/24/2026, 8:08:10 PM GMT+8"
2926,La Trinidad,@MezilValdez,7 days ago,Maligayang pagbati po mga kapatid!  / From Lokal ng La Trinidad💚🤍❤️,https://www.youtube.com/watch?v=ROa3kbG5M0U&lc=UgziZ8TJlezBffNBz0l4AaABAg,UgziZ8TJlezBffNBz0l4AaABAg,UCokzZFxIADPhNf7Q0NCVvng,"Fetched 05/24/2026, 8:08:10 PM GMT+8"
2927,La Trinidad,@rejomartayaban,7 days ago,"Mula po sa lokal ng La Trinidad, MT sa kapisanan, ay bumabati po sa inyo mga kapatid sa patuloy na pakikiisa.",https://www.youtube.com/watch?v=ROa3kbG5M0U&lc=UgxGllfZo64v0UR4HQt4AaABAg,UgxGllfZo64v0UR4HQt4AaABAg,UCi7RYRPFL6HTFaScpYFJMJQ,"Fetched 05/24/2026, 8:08:10 PM GMT+8"
2928,La Trinidad,@PELITANJennyClaireT,7 days ago,Good afternoon po mga kabagisess. Happy viewing alwayszz :)) / - La Trinidad,https://www.youtube.com/watch?v=ROa3kbG5M0U&lc=UgxYb4gEU5Qykp47iG94AaABAg,UgxYb4gEU5Qykp47iG94AaABAg,UCsVZgGkRnNqeIIOLxHiFR7A,"Fetched 05/24/2026, 8:08:10 PM GMT+8"
2929,La Trinidad,@clarkpiloneo6778,7 days ago,LA TRINIDAD IS PRESENTTT!!! Lovelotsss!!!,https://www.youtube.com/watch?v=ROa3kbG5M0U&lc=UgzKApLt9RuWpK6zQHx4AaABAg,UgzKApLt9RuWpK6zQHx4AaABAg,UC-rMw-abFKutSmzfhWFDgJw,"Fetched 05/24/2026, 8:08:10 PM GMT+8"
2930,La Trinidad,@angelajoyestopace254,7 days ago,Happy Viewing po Lokal ng La Trinidad Benguet,https://www.youtube.com/watch?v=ROa3kbG5M0U&lc=UgxrGm6-oQJsYDFB4Vt4AaABAg,UgxrGm6-oQJsYDFB4Vt4AaABAg,UCLbbdpQjDV__1REJzWAc3NA,"Fetched 05/24/2026, 8:08:10 PM GMT+8"
2931,La Trinidad,@mcgyvr9902,7 days ago,La Trinidad!,https://www.youtube.com/watch?v=ROa3kbG5M0U&lc=UgwkuFtTZ5eOZsWUuZh4AaABAg,UgwkuFtTZ5eOZsWUuZh4AaABAg,UCAjZpkbW6zjleos-htMShdg,"Fetched 05/24/2026, 8:08:10 PM GMT+8"
2932,La Trinidad,@angelajoyestopace254,7 days ago,Happy Viewing po Lokal ng La Trinidad Benguet,https://www.youtube.com/watch?v=ROa3kbG5M0U&lc=UgxNghKwDOsu8PRDlMx4AaABAg,UgxNghKwDOsu8PRDlMx4AaABAg,UCLbbdpQjDV__1REJzWAc3NA,"Fetched 05/24/2026, 8:08:10 PM GMT+8"
2933,La Trinidad,@PELITANJennyClaireT,7 days ago,Nearingg 29k!! Keep on watching po mga kapatiddd🎉 / - La Trinidad,https://www.youtube.com/watch?v=ROa3kbG5M0U&lc=Ugz6D_aTDQNWVh3ojid4AaABAg,Ugz6D_aTDQNWVh3ojid4AaABAg,UCsVZgGkRnNqeIIOLxHiFR7A,"Fetched 05/24/2026, 8:08:10 PM GMT+8"
2934,La Trinidad,@angelajoyestopace254,7 days ago,Happy Viewing Lokal ng La Trinidad,https://www.youtube.com/watch?v=ROa3kbG5M0U&lc=UgxfQhW6iBLB323YSXd4AaABAg,UgxfQhW6iBLB323YSXd4AaABAg,UCLbbdpQjDV__1REJzWAc3NA,"Fetched 05/24/2026, 8:08:10 PM GMT+8"
2935,La Trinidad,@mcgyvr9902,7 days ago,La Trinidad!,https://www.youtube.com/watch?v=ROa3kbG5M0U&lc=UgyaX5XQ0DCwxCJBpL94AaABAg,UgyaX5XQ0DCwxCJBpL94AaABAg,UCAjZpkbW6zjleos-htMShdg,"Fetched 05/24/2026, 8:08:10 PM GMT+8"
2936,La Trinidad,@CasseySGonzales,7 days ago,Happy Viewing po mga kapatid from lokal ng La Trinidad🍃⛰️🍓 / Binabati ko po ang amin pong Destinado ang Ka Kenner Bokilis,https://www.youtube.com/watch?v=ROa3kbG5M0U&lc=UgwnqZ1vy6RqyJCyVPl4AaABAg,UgwnqZ1vy6RqyJCyVPl4AaABAg,UCZ_1zJtZfWs6L_NdfNJCvtQ,"Fetched 05/24/2026, 8:08:10 PM GMT+8"
2937,La Trinidad,@mcgyvr9902,7 days ago,La Trinidad!,https://www.youtube.com/watch?v=ROa3kbG5M0U&lc=UgyHP9fr8zNFsWFho7R4AaABAg,UgyHP9fr8zNFsWFho7R4AaABAg,UCAjZpkbW6zjleos-htMShdg,"Fetched 05/24/2026, 8:08:10 PM GMT+8"
2938,La Trinidad,@winkdelarosa2397,7 days ago (edited),Nanonood mula sa lokal ng La Trinidad let's gooooo / 😊😊😊😊😊😊😊😊😊😊😊😊😊😊😊😊😊😊😊😊😊😊😊😊😊😊😊😊😊😊😊😊😊😊😊😊😊😊😊😊😊,https://www.youtube.com/watch?v=ROa3kbG5M0U&lc=UgyEQ_orYfuxVMWmG-F4AaABAg,UgyEQ_orYfuxVMWmG-F4AaABAg,UCcSUir_e5wTvoTFR6eQepyQ,"Fetched 05/24/2026, 8:08:10 PM GMT+8"
2939,La Trinidad,@mcgyvr9902,7 days ago,La Trinidad!,https://www.youtube.com/watch?v=ROa3kbG5M0U&lc=Ugwpj7wSV-_jcYJjjsd4AaABAg,Ugwpj7wSV-_jcYJjjsd4AaABAg,UCAjZpkbW6zjleos-htMShdg,"Fetched 05/24/2026, 8:08:10 PM GMT+8"
2940,La Trinidad,@clarkpiloneo6778,7 days ago,Mula po sa kagawaran ng PnK at sa lokal ng La Trinidad!! Happyy viewing po!!!!,https://www.youtube.com/watch?v=ROa3kbG5M0U&lc=UgwSdt7_JObjxP8oZsd4AaABAg,UgwSdt7_JObjxP8oZsd4AaABAg,UC-rMw-abFKutSmzfhWFDgJw,"Fetched 05/24/2026, 8:08:10 PM GMT+8"
2941,La Trinidad,@klienmartingonzales9861,7 days ago,Binabati po namin kami😊😊😊. Happy  viewing po from Lokal ng La Trinidad,https://www.youtube.com/watch?v=ROa3kbG5M0U&lc=UgxzGNvzrvY4elxuV8h4AaABAg,UgxzGNvzrvY4elxuV8h4AaABAg,UCIJSXffobfJsAIrn8hdp5ig,"Fetched 05/24/2026, 8:08:10 PM GMT+8"
2942,La Trinidad,@johnreylucio8970,7 days ago,"Happy Watching po, Mula sa Lokal ng La Trinidad 🥦🐑🍓",https://www.youtube.com/watch?v=ROa3kbG5M0U&lc=Ugyjgx5I0QE3FS3XB5t4AaABAg,Ugyjgx5I0QE3FS3XB5t4AaABAg,UCNMupRD4ySrN336KZpy29OA,"Fetched 05/24/2026, 8:08:10 PM GMT+8"
2943,La Trinidad,@mcgyvr9902,7 days ago,La Trinidad!,https://www.youtube.com/watch?v=ROa3kbG5M0U&lc=UgylCaAXIA-2DqDZfKR4AaABAg,UgylCaAXIA-2DqDZfKR4AaABAg,UCAjZpkbW6zjleos-htMShdg,"Fetched 05/24/2026, 8:08:10 PM GMT+8"
2944,La Trinidad,@Jazz-k6s,7 days ago,Let's go BENGUET 🍓  / -La Trinidad,https://www.youtube.com/watch?v=ROa3kbG5M0U&lc=Ugwddd-E7R_nGbKjBuZ4AaABAg,Ugwddd-E7R_nGbKjBuZ4AaABAg,UCjmyu8zkVg7bQQCs4HypxNQ,"Fetched 05/24/2026, 8:08:10 PM GMT+8"
2945,La Trinidad,@mcgyvr9902,7 days ago,La Trinidad!,https://www.youtube.com/watch?v=ROa3kbG5M0U&lc=UgxpZYUoXmutMUEfWh94AaABAg,UgxpZYUoXmutMUEfWh94AaABAg,UCAjZpkbW6zjleos-htMShdg,"Fetched 05/24/2026, 8:08:10 PM GMT+8"
2946,La Trinidad,@mcgyvr9902,7 days ago,La Trinidad!,https://www.youtube.com/watch?v=ROa3kbG5M0U&lc=UgzARQDTozqVqx1YYn54AaABAg,UgzARQDTozqVqx1YYn54AaABAg,UCAjZpkbW6zjleos-htMShdg,"Fetched 05/24/2026, 8:08:10 PM GMT+8"
2947,La Trinidad,@clarkpiloneo6778,7 days ago,Endless love and support from the locale of La Trinidad!!!!,https://www.youtube.com/watch?v=ROa3kbG5M0U&lc=Ugwb2dII0AaqyGM_mr94AaABAg,Ugwb2dII0AaqyGM_mr94AaABAg,UC-rMw-abFKutSmzfhWFDgJw,"Fetched 05/24/2026, 8:08:10 PM GMT+8"
2948,La Trinidad,@mcgyvr9902,7 days ago,La Trinidad!,https://www.youtube.com/watch?v=ROa3kbG5M0U&lc=Ugwvj0tRqelNNUBdnYJ4AaABAg,Ugwvj0tRqelNNUBdnYJ4AaABAg,UCAjZpkbW6zjleos-htMShdg,"Fetched 05/24/2026, 8:08:10 PM GMT+8"
2949,La Trinidad,@mcgyvr9902,7 days ago,La Trinidad!,https://www.youtube.com/watch?v=ROa3kbG5M0U&lc=UgxQmv6HeFC3gUQu3DN4AaABAg,UgxQmv6HeFC3gUQu3DN4AaABAg,UCAjZpkbW6zjleos-htMShdg,"Fetched 05/24/2026, 8:08:10 PM GMT+8"
2950,La Trinidad,@mcgyvr9902,7 days ago,La Trinidad!,https://www.youtube.com/watch?v=ROa3kbG5M0U&lc=UgzXL8xAerEmH_ftJFR4AaABAg,UgzXL8xAerEmH_ftJFR4AaABAg,UCAjZpkbW6zjleos-htMShdg,"Fetched 05/24/2026, 8:08:10 PM GMT+8"
2951,La Trinidad,@johnreylucio8970,7 days ago,"Shout Out ka ANLE LUCIO, Ng Lokal ng LA TRINIDAD❤",https://www.youtube.com/watch?v=ROa3kbG5M0U&lc=UgxFqRNcrqC2OJUicXx4AaABAg,UgxFqRNcrqC2OJUicXx4AaABAg,UCNMupRD4ySrN336KZpy29OA,"Fetched 05/24/2026, 8:08:10 PM GMT+8"
2952,La Trinidad,@mcgyvr9902,7 days ago,La Trinidad!,https://www.youtube.com/watch?v=ROa3kbG5M0U&lc=Ugyk158HjsQ9hjJf5ep4AaABAg,Ugyk158HjsQ9hjJf5ep4AaABAg,UCAjZpkbW6zjleos-htMShdg,"Fetched 05/24/2026, 8:08:10 PM GMT+8"
2953,La Trinidad,@clarkpiloneo6778,7 days ago,Happyy viewingg poo from lokal ng La Trinidad!!!,https://www.youtube.com/watch?v=ROa3kbG5M0U&lc=UgzsGTYxyM6AnJzq1ll4AaABAg,UgzsGTYxyM6AnJzq1ll4AaABAg,UC-rMw-abFKutSmzfhWFDgJw,"Fetched 05/24/2026, 8:08:10 PM GMT+8"
2954,La Trinidad,@winkdelarosa2397,7 days ago,Full force support💯 from lokal ng La Trinidad let's goooooo 🗣️🔊,https://www.youtube.com/watch?v=ROa3kbG5M0U&lc=Ugxiw6ePJt9fQRivS2Z4AaABAg,Ugxiw6ePJt9fQRivS2Z4AaABAg,UCcSUir_e5wTvoTFR6eQepyQ,"Fetched 05/24/2026, 8:08:10 PM GMT+8"
2955,La Trinidad,@Jazz-k6s,7 days ago,Full force support from locale congregation of La Trinidad 🥦,https://www.youtube.com/watch?v=ROa3kbG5M0U&lc=Ugxy0r-Ki0zOVlEoRdd4AaABAg,Ugxy0r-Ki0zOVlEoRdd4AaABAg,UCjmyu8zkVg7bQQCs4HypxNQ,"Fetched 05/24/2026, 8:08:10 PM GMT+8"
2956,La Trinidad,@CasseySGonzales,7 days ago,"Happy Viewing po mga kapatid, from Lokal ng La Trinidad🍓⛰️ / Binabati ko rin po ang napakagandang Pangulo ng Kadiwa sa loka💁🏽‍♀️l ang Kapatid na WINK😉 INGRID DELA ROSA🌹",https://www.youtube.com/watch?v=ROa3kbG5M0U&lc=UgzGxKxGFlpZZ7Hjdih4AaABAg,UgzGxKxGFlpZZ7Hjdih4AaABAg,UCZ_1zJtZfWs6L_NdfNJCvtQ,"Fetched 05/24/2026, 8:08:10 PM GMT+8"
2957,La Trinidad,@clarkpiloneo6778,7 days ago,Warm greetingsss from the locale congregation of La Trinidad!!!,https://www.youtube.com/watch?v=ROa3kbG5M0U&lc=UgxhLJXrQm6z8UilPkF4AaABAg,UgxhLJXrQm6z8UilPkF4AaABAg,UC-rMw-abFKutSmzfhWFDgJw,"Fetched 05/24/2026, 8:08:10 PM GMT+8"
2958,La Trinidad,@rasaecacce2386,7 days ago,Watching Po sa lokal Ng la Trinidad po,https://www.youtube.com/watch?v=ROa3kbG5M0U&lc=Ugyyidf1Etknwhautct4AaABAg,Ugyyidf1Etknwhautct4AaABAg,UCNdVUL4EI4fuborH6yw6elw,"Fetched 05/24/2026, 8:08:10 PM GMT+8"
2959,La Trinidad,@jetmarconi2427,7 days ago,Go Benguet 🎉 / From; / Lokal safety officer  / La Trinidad Benguet ❤❤❤,https://www.youtube.com/watch?v=ROa3kbG5M0U&lc=Ugw-Ty_WLl8jIHcLrBx4AaABAg,Ugw-Ty_WLl8jIHcLrBx4AaABAg,UCNPzE62WFhGddGJjzOkHuEQ,"Fetched 05/24/2026, 8:08:10 PM GMT+8"
2960,La Trinidad,@Jazz-k6s,7 days ago,Wholehearted support 💗 from Locale Congregation of La Trinidad 🐑,https://www.youtube.com/watch?v=ROa3kbG5M0U&lc=UgwcBGyCIZih0gWi4Rh4AaABAg,UgwcBGyCIZih0gWi4Rh4AaABAg,UCjmyu8zkVg7bQQCs4HypxNQ,"Fetched 05/24/2026, 8:08:10 PM GMT+8"
2961,La Trinidad,@judithGaoan,7 days ago,God's love ❤❤❤ / La Trinidad,https://www.youtube.com/watch?v=ROa3kbG5M0U&lc=UgzcCqmSyeMAoHc8e494AaABAg,UgzcCqmSyeMAoHc8e494AaABAg,UCRorSeBrDC02x6GWPC4AB4Q,"Fetched 05/24/2026, 8:08:10 PM GMT+8"
2962,La Trinidad,@angelajoyestopace254,7 days ago,Happy Viewing po Lokal ng La Trinidad Benguet,https://www.youtube.com/watch?v=ROa3kbG5M0U&lc=Ugxo5upaN9yblQEqQWJ4AaABAg,Ugxo5upaN9yblQEqQWJ4AaABAg,UCLbbdpQjDV__1REJzWAc3NA,"Fetched 05/24/2026, 8:08:10 PM GMT+8"
2963,La Trinidad,@Kris-t2c3w,7 days ago,Happy viewing po mula sa Lokal ng La Trinidad 🫶🫶🫶,https://www.youtube.com/watch?v=ROa3kbG5M0U&lc=UgyN2OT44H8yrhTA57V4AaABAg,UgyN2OT44H8yrhTA57V4AaABAg,UC2lYdlqDj3_tl0-uR11174A,"Fetched 05/24/2026, 8:08:10 PM GMT+8"
2964,La Trinidad,@johnreylucio8970,7 days ago,Let's Go BENGUET! / Let's Go La Trinidad 🥦🐑🍓,https://www.youtube.com/watch?v=ROa3kbG5M0U&lc=UgzAlMOwG5885jjuELJ4AaABAg,UgzAlMOwG5885jjuELJ4AaABAg,UCNMupRD4ySrN336KZpy29OA,"Fetched 05/24/2026, 8:08:10 PM GMT+8"
2965,La Trinidad,@clarkpiloneo6778,7 days ago,LET GODDE SET YOU FREE!!! Happpyy viewing po from lokal ng La Trinidad!!!,https://www.youtube.com/watch?v=ROa3kbG5M0U&lc=UgwWtWphujld3EuNDrR4AaABAg,UgwWtWphujld3EuNDrR4AaABAg,UC-rMw-abFKutSmzfhWFDgJw,"Fetched 05/24/2026, 8:08:10 PM GMT+8"
2966,La Trinidad,@valdezjoyantonettep.434,7 days ago,Go Benguet! Pagbati po mula sa lokal ng La Trinidad ❤,https://www.youtube.com/watch?v=ROa3kbG5M0U&lc=UgzO92AVpX7T83w9gc94AaABAg,UgzO92AVpX7T83w9gc94AaABAg,UCDDz7pvk3dfpxLt4H1zUmIA,"Fetched 05/24/2026, 8:08:10 PM GMT+8"
2967,La Trinidad,@winkdelarosa2397,7 days ago,Mag Spam po kayo ng comments mga kapatid  /  / Lokal ng La Trinidad,https://www.youtube.com/watch?v=ROa3kbG5M0U&lc=UgzINwEdvv0k2VfkayF4AaABAg,UgzINwEdvv0k2VfkayF4AaABAg,UCcSUir_e5wTvoTFR6eQepyQ,"Fetched 05/24/2026, 8:08:10 PM GMT+8"
2968,La Trinidad,@RaymonsDemasangl,7 days ago,God love 💚🤍❤️ /  / La Trinidad..=],https://www.youtube.com/watch?v=ROa3kbG5M0U&lc=UgzJyfVd3WSSSvoQs7R4AaABAg,UgzJyfVd3WSSSvoQs7R4AaABAg,UCQwJcvA74llIh-yJ6C1BIJw,"Fetched 05/24/2026, 8:08:10 PM GMT+8"
2969,La Trinidad,@drewbatinay1449,7 days ago,God’s Love is truly unmatched! Happy Viewing po mga kapatid🫶🏻 Pagbati po mula sa mga MT ng Lokal ng La Trinidad💗💗,https://www.youtube.com/watch?v=ROa3kbG5M0U&lc=UgyGOQQ-3x1fUnlMsu54AaABAg,UgyGOQQ-3x1fUnlMsu54AaABAg,UCQgz35ptm_7_RPT-Pc80itg,"Fetched 05/24/2026, 8:08:10 PM GMT+8"
2970,La Trinidad,@renalyndulay4915,7 days ago,"Happy viewing po mga kapatid, Mula po sa lokal Ng La Trinidad",https://www.youtube.com/watch?v=ROa3kbG5M0U&lc=Ugzs75ec465gQEC2MUl4AaABAg,Ugzs75ec465gQEC2MUl4AaABAg,UC5O2YOQZe1QqhG2YhGYyedQ,"Fetched 05/24/2026, 8:08:10 PM GMT+8"
2971,La Trinidad,@Jazz-k6s,7 days ago,Happy viewing 🥳  /  / -Lokal ng La Trinidad 🪷,https://www.youtube.com/watch?v=ROa3kbG5M0U&lc=UgyMTvMVpbm6H4IIan54AaABAg,UgyMTvMVpbm6H4IIan54AaABAg,UCjmyu8zkVg7bQQCs4HypxNQ,"Fetched 05/24/2026, 8:08:10 PM GMT+8"
2972,La Trinidad,@klienmartingonzales9861,7 days ago,Happy Benguet  Happy La Trinidad,https://www.youtube.com/watch?v=ROa3kbG5M0U&lc=Ugzxwg6hHZa4FxB-h9p4AaABAg,Ugzxwg6hHZa4FxB-h9p4AaABAg,UCIJSXffobfJsAIrn8hdp5ig,"Fetched 05/24/2026, 8:08:10 PM GMT+8"
2973,La Trinidad,@renalyndulay4915,7 days ago,"Happy viewing po mga kapatid, Mula po sa lokal Ng La Trinidad",https://www.youtube.com/watch?v=ROa3kbG5M0U&lc=UgwkF0j4Ng2zhtdu4rp4AaABAg,UgwkF0j4Ng2zhtdu4rp4AaABAg,UC5O2YOQZe1QqhG2YhGYyedQ,"Fetched 05/24/2026, 8:08:10 PM GMT+8"
2974,La Trinidad,@aeldyyy_67,7 days ago,Live Watching from La Trinidad 🍓🍓🍓🍓,https://www.youtube.com/watch?v=ROa3kbG5M0U&lc=Ugwpl5E99qigRFjtn-x4AaABAg,Ugwpl5E99qigRFjtn-x4AaABAg,UC5Xwg0aWiMwfuHUT-wFKSWg,"Fetched 05/24/2026, 8:08:10 PM GMT+8"
2975,La Trinidad,@johnreylucio8970,7 days ago,"Binabati din po namin ang kapatid na KENNER BOKILIS, Sa kanilang mabisang Pangunguna sa lokal ng La Trinidad ❤",https://www.youtube.com/watch?v=ROa3kbG5M0U&lc=UgzZhx5tqX9et-afDfl4AaABAg,UgzZhx5tqX9et-afDfl4AaABAg,UCNMupRD4ySrN336KZpy29OA,"Fetched 05/24/2026, 8:08:10 PM GMT+8"
2976,La Trinidad,@jhonejushdelacruz6710,7 days ago,"Mula po sa mga kadiwa ng lokal ng La Trinidad, happy viewing po mga kapatid! 🥳",https://www.youtube.com/watch?v=ROa3kbG5M0U&lc=UgxIny3nIK2SKTBxZOF4AaABAg,UgxIny3nIK2SKTBxZOF4AaABAg,UCDTfJS_e7_UVpYsFdtAWzVw,"Fetched 05/24/2026, 8:08:10 PM GMT+8"
2977,La Trinidad,@winkdelarosa2397,7 days ago,shout out po sa destinado ng lokal ng la trinidad KA KENNER BOKILIS 🔊 /  / Let's go BENGUET,https://www.youtube.com/watch?v=ROa3kbG5M0U&lc=Ugze1ua1db3hpxhsk4F4AaABAg,Ugze1ua1db3hpxhsk4F4AaABAg,UCcSUir_e5wTvoTFR6eQepyQ,"Fetched 05/24/2026, 8:08:10 PM GMT+8"
2978,La Trinidad,@valdezjoyantonettep.434,7 days ago,Go Benguet! Pagbati po mula sa lokal ng La Trinidad ❤,https://www.youtube.com/watch?v=ROa3kbG5M0U&lc=UgxvqSkqHydToQBRh5l4AaABAg,UgxvqSkqHydToQBRh5l4AaABAg,UCDDz7pvk3dfpxLt4H1zUmIA,"Fetched 05/24/2026, 8:08:10 PM GMT+8"
2979,La Trinidad,@angelajoyestopace254,7 days ago,Happy Viewing po Lokal ng La Trinidad Benguet,https://www.youtube.com/watch?v=ROa3kbG5M0U&lc=UgxCPpica4EJD6yXYuh4AaABAg,UgxCPpica4EJD6yXYuh4AaABAg,UCLbbdpQjDV__1REJzWAc3NA,"Fetched 05/24/2026, 8:08:10 PM GMT+8"
2980,La Trinidad,@CasseySGonzales,7 days ago,Happy Viewing po mga kapatid🐑  from Lokal ng La Trinidad Distrito ng Benguet🍓  / Binabati ko rin po ang Destinado at ang mga nasa Kapisanang Binhi🌱ng La Trinidad,https://www.youtube.com/watch?v=ROa3kbG5M0U&lc=UgxjiF3av22U6RhXbut4AaABAg,UgxjiF3av22U6RhXbut4AaABAg,UCZ_1zJtZfWs6L_NdfNJCvtQ,"Fetched 05/24/2026, 8:08:10 PM GMT+8"
2981,La Trinidad,@Jazz-k6s,7 days ago,hello po ☺️  /  / -La Trinidad,https://www.youtube.com/watch?v=ROa3kbG5M0U&lc=UgwkPizwUDl8RKT0Hd54AaABAg,UgwkPizwUDl8RKT0Hd54AaABAg,UCjmyu8zkVg7bQQCs4HypxNQ,"Fetched 05/24/2026, 8:08:10 PM GMT+8"
2982,La Trinidad,@valdezjoyantonettep.434,7 days ago,Go Benguet! Pagbati po mula sa lokal ng La Trinidad ❤😊,https://www.youtube.com/watch?v=ROa3kbG5M0U&lc=UgzK7VUMeK4oTRyD3ap4AaABAg,UgzK7VUMeK4oTRyD3ap4AaABAg,UCDDz7pvk3dfpxLt4H1zUmIA,"Fetched 05/24/2026, 8:08:10 PM GMT+8"
2983,La Trinidad,@aeldyyy_67,7 days ago,Go Benguet 🤍 Watching from La Trinidad/💚🤍❤️,https://www.youtube.com/watch?v=ROa3kbG5M0U&lc=UgxFQPL0XHCI50MsE2h4AaABAg,UgxFQPL0XHCI50MsE2h4AaABAg,UC5Xwg0aWiMwfuHUT-wFKSWg,"Fetched 05/24/2026, 8:08:10 PM GMT+8"
2984,La Trinidad,@valdezjoyantonettep.434,7 days ago,Go Benguet! Pagbati po mula sa lokal ng La Trinidad ❤,https://www.youtube.com/watch?v=ROa3kbG5M0U&lc=Ugzs-89rN4AAjC7ntoB4AaABAg,Ugzs-89rN4AAjC7ntoB4AaABAg,UCDDz7pvk3dfpxLt4H1zUmIA,"Fetched 05/24/2026, 8:08:10 PM GMT+8"
2985,La Trinidad,@valdezjoyantonettep.434,7 days ago,Happy viewing po mula sa lokal ng la Trinidad 🎉,https://www.youtube.com/watch?v=ROa3kbG5M0U&lc=Ugzf4XTRyT-kjQQBFhR4AaABAg,Ugzf4XTRyT-kjQQBFhR4AaABAg,UCDDz7pvk3dfpxLt4H1zUmIA,"Fetched 05/24/2026, 8:08:10 PM GMT+8"
2986,La Trinidad,@jeromedemesa6235,7 days ago,Tuloy tuloy ang suporta mula po sa lokal ng La Trinidad❤❤❤,https://www.youtube.com/watch?v=ROa3kbG5M0U&lc=Ugzq_HsB-CQ3kwpwOZN4AaABAg,Ugzq_HsB-CQ3kwpwOZN4AaABAg,UCGNm5-pscME5M9yGKnqnVzw,"Fetched 05/24/2026, 8:08:10 PM GMT+8"
2987,La Trinidad,@angelajoyestopace254,7 days ago,Happy Viewing Lokal ng La Trinidad,https://www.youtube.com/watch?v=ROa3kbG5M0U&lc=Ugx8B9gXjfY8e82V8Mx4AaABAg,Ugx8B9gXjfY8e82V8Mx4AaABAg,UCLbbdpQjDV__1REJzWAc3NA,"Fetched 05/24/2026, 8:08:10 PM GMT+8"
2988,La Trinidad,@CasseySGonzales,7 days ago,GO BENGUET !!!⛰️🍃 / VERY INSPIRING PO🙂‍↕️ /  / Mula po sa Kapisanang BINHI 🌱 ng Lokal ng La Trinidad 🍓 / Mag umagahan po muna tayo🍲🥗☕️ mga kapatid habang nanonood,https://www.youtube.com/watch?v=ROa3kbG5M0U&lc=UgxVwYBdnFD3OhVCOz94AaABAg,UgxVwYBdnFD3OhVCOz94AaABAg,UCZ_1zJtZfWs6L_NdfNJCvtQ,"Fetched 05/24/2026, 8:08:10 PM GMT+8"
2989,La Trinidad,@drewbatinay1449,7 days ago,"Unwavering support from the MTs of La Trinidad, Benguet🫶🏻🫶🏻‼️",https://www.youtube.com/watch?v=ROa3kbG5M0U&lc=Ugyujsu6BiAReTsd0u94AaABAg,Ugyujsu6BiAReTsd0u94AaABAg,UCQgz35ptm_7_RPT-Pc80itg,"Fetched 05/24/2026, 8:08:10 PM GMT+8"
2990,La Trinidad,@jetmarconi2427,7 days ago,Happy viewing  / Scan La Trinidad Benguet ❤❤❤,https://www.youtube.com/watch?v=ROa3kbG5M0U&lc=Ugx3S1_128M5rY2IY8V4AaABAg,Ugx3S1_128M5rY2IY8V4AaABAg,UCNPzE62WFhGddGJjzOkHuEQ,"Fetched 05/24/2026, 8:08:10 PM GMT+8"
2991,La Trinidad,@CasseySGonzales,7 days ago,"Very energizing ⚡️and inspirational🌟po, perfect na perfect🤌 pakinggan 🎧 lalo na sa Umaga🌄 / From Lokal ng La Trinidad🍓⛰️",https://www.youtube.com/watch?v=ROa3kbG5M0U&lc=UgwawV5yCaTUs2robHJ4AaABAg,UgwawV5yCaTUs2robHJ4AaABAg,UCZ_1zJtZfWs6L_NdfNJCvtQ,"Fetched 05/24/2026, 8:08:10 PM GMT+8"
2992,La Trinidad,@renalyndulay4915,7 days ago,Happy viewing po from lokal Ng La Trinidad,https://www.youtube.com/watch?v=ROa3kbG5M0U&lc=UgxouL9Slq412Qzl-YV4AaABAg,UgxouL9Slq412Qzl-YV4AaABAg,UC5O2YOQZe1QqhG2YhGYyedQ,"Fetched 05/24/2026, 8:08:10 PM GMT+8"
2993,La Trinidad,@valdezjoyantonettep.434,7 days ago,Go Benguet! Pagbati po mula sa lokal ng La Trinidad ❤,https://www.youtube.com/watch?v=ROa3kbG5M0U&lc=Ugx4T_adV4CtDx7fppJ4AaABAg,Ugx4T_adV4CtDx7fppJ4AaABAg,UCDDz7pvk3dfpxLt4H1zUmIA,"Fetched 05/24/2026, 8:08:10 PM GMT+8"
2994,La Trinidad,@aeldyyy_67,7 days ago,continuous support from La Trinidad ❤️❤️❤️,https://www.youtube.com/watch?v=ROa3kbG5M0U&lc=UgwfrMNExs3ywY0qfj54AaABAg,UgwfrMNExs3ywY0qfj54AaABAg,UC5Xwg0aWiMwfuHUT-wFKSWg,"Fetched 05/24/2026, 8:08:10 PM GMT+8"
2995,La Trinidad,@klienmartingonzales9861,7 days ago,Shoutout po sa amin. Greetings po from Lokal ng La Trinidad,https://www.youtube.com/watch?v=ROa3kbG5M0U&lc=UgwbWG-IbewVxyPI3qR4AaABAg,UgwbWG-IbewVxyPI3qR4AaABAg,UCIJSXffobfJsAIrn8hdp5ig,"Fetched 05/24/2026, 8:08:10 PM GMT+8"
2996,La Trinidad,@drewbatinay1449,7 days ago,Unending support from the Kadiwas of the locale of La Trinidad☺️☺️☺️,https://www.youtube.com/watch?v=ROa3kbG5M0U&lc=UgymE9QmnNyGmesik-N4AaABAg,UgymE9QmnNyGmesik-N4AaABAg,UCQgz35ptm_7_RPT-Pc80itg,"Fetched 05/24/2026, 8:08:10 PM GMT+8"
2997,La Trinidad,@valdezjoyantonettep.434,7 days ago,Happy viewing po mula sa lokal ng la Trinidad 🎉,https://www.youtube.com/watch?v=ROa3kbG5M0U&lc=UgxuT_za7rL-Qr4EdC94AaABAg,UgxuT_za7rL-Qr4EdC94AaABAg,UCDDz7pvk3dfpxLt4H1zUmIA,"Fetched 05/24/2026, 8:08:10 PM GMT+8"
2998,La Trinidad,@angelajoyestopace254,7 days ago,Happy Viewing po Lokal ng La Trinidad Benguet,https://www.youtube.com/watch?v=ROa3kbG5M0U&lc=UgzodPODOh9wwhVHd9B4AaABAg,UgzodPODOh9wwhVHd9B4AaABAg,UCLbbdpQjDV__1REJzWAc3NA,"Fetched 05/24/2026, 8:08:10 PM GMT+8"
2999,La Trinidad,@CasseySGonzales,7 days ago,Happy Viewing po from lokal ng La Trinidad🍓⛰️ shout po kay kapatid na GLYSEL BANNA mang-aawit po sa lokal,https://www.youtube.com/watch?v=ROa3kbG5M0U&lc=Ugx3EkWW3okZfum0mRt4AaABAg,Ugx3EkWW3okZfum0mRt4AaABAg,UCZ_1zJtZfWs6L_NdfNJCvtQ,"Fetched 05/24/2026, 8:08:10 PM GMT+8"
3000,La Trinidad,@carolinaaspiras8746,7 days ago,"Mula po sa kagawaran ng mga mng aawit,, maligayng panood po, mula po sa lokal ng La Trinidad",https://www.youtube.com/watch?v=ROa3kbG5M0U&lc=UgztBeflP8x8wCx6j9h4AaABAg,UgztBeflP8x8wCx6j9h4AaABAg,UC-ynUarGWvwJCDMe1uSjyOg,"Fetched 05/24/2026, 8:08:10 PM GMT+8"
3001,La Trinidad,@aeldyyy_67,7 days ago,Happy watching from La Trinidad 💚,https://www.youtube.com/watch?v=ROa3kbG5M0U&lc=UgzWkd8GWiCHJJtbltt4AaABAg,UgzWkd8GWiCHJJtbltt4AaABAg,UC5Xwg0aWiMwfuHUT-wFKSWg,"Fetched 05/24/2026, 8:08:10 PM GMT+8"
3002,La Trinidad,@aeldyyy_67,7 days ago,Happy watching from La Trinidad 💚,https://www.youtube.com/watch?v=ROa3kbG5M0U&lc=Ugxhx4zklttsHV48ZY94AaABAg,Ugxhx4zklttsHV48ZY94AaABAg,UC5Xwg0aWiMwfuHUT-wFKSWg,"Fetched 05/24/2026, 8:08:10 PM GMT+8"
3003,La Trinidad,@valdezjoyantonettep.434,7 days ago,Go Benguet! Pagbati po mula sa lokal ng La Trinidad ❤,https://www.youtube.com/watch?v=ROa3kbG5M0U&lc=UgyA7JOr94FR9OGUv7l4AaABAg,UgyA7JOr94FR9OGUv7l4AaABAg,UCDDz7pvk3dfpxLt4H1zUmIA,"Fetched 05/24/2026, 8:08:10 PM GMT+8"
3004,La Trinidad,@johnreylucio8970,7 days ago,"Greetings from lokal ng La Trinidad, Benguet! The BENGUET INCMV 2026 was a beautiful display of unity. It’s inspiring to see the brethren come together and give their best for the Church. Congratulations to everyone who worked hard to make this event successful. We’re praying for more blessings and strength for the entire district in all future activities.",https://www.youtube.com/watch?v=ROa3kbG5M0U&lc=UgwWlwKufJ0fWqpcvXt4AaABAg,UgwWlwKufJ0fWqpcvXt4AaABAg,UCNMupRD4ySrN336KZpy29OA,"Fetched 05/24/2026, 8:08:10 PM GMT+8"
3005,La Trinidad,@Kris-t2c3w,7 days ago,Maligayang panonood po sa ating lahat 💖🫶! Let's go Benguet 🎉🎉🎉 / -Lokal ng La Trinidad,https://www.youtube.com/watch?v=ROa3kbG5M0U&lc=UgyC8uv5oW4GKNIkrad4AaABAg,UgyC8uv5oW4GKNIkrad4AaABAg,UC2lYdlqDj3_tl0-uR11174A,"Fetched 05/24/2026, 8:08:10 PM GMT+8"
3006,La Trinidad,@renalyndulay4915,7 days ago,Happy viewing po mga kapatid  /  / Lokal ng La Trinidad,https://www.youtube.com/watch?v=ROa3kbG5M0U&lc=UgxP4Rsnk2CVDXU9LYF4AaABAg,UgxP4Rsnk2CVDXU9LYF4AaABAg,UC5O2YOQZe1QqhG2YhGYyedQ,"Fetched 05/24/2026, 8:08:10 PM GMT+8"
3007,La Trinidad,@angelajoyestopace254,7 days ago,Viewing Happy Lokal ng La Trinidad,https://www.youtube.com/watch?v=ROa3kbG5M0U&lc=Ugxl6C8fmLK6jaJKlnR4AaABAg,Ugxl6C8fmLK6jaJKlnR4AaABAg,UCLbbdpQjDV__1REJzWAc3NA,"Fetched 05/24/2026, 8:08:10 PM GMT+8"
3008,La Trinidad,@drewbatinay1449,7 days ago,Let’s Go Benguet! Laging nakasubaybay ang mga MTs ng Lokal ng La Trinidad☺️💗,https://www.youtube.com/watch?v=ROa3kbG5M0U&lc=UgxsA7SkgfIfYt3R1xN4AaABAg,UgxsA7SkgfIfYt3R1xN4AaABAg,UCQgz35ptm_7_RPT-Pc80itg,"Fetched 05/24/2026, 8:08:10 PM GMT+8"
3009,La Trinidad,@klienmartingonzales9861,7 days ago,Shoutout po amin. Greetings po from Lokal ng La Trinidad📸📸📸🌹,https://www.youtube.com/watch?v=ROa3kbG5M0U&lc=UgwRNiNxtsXxDSZrrwl4AaABAg,UgwRNiNxtsXxDSZrrwl4AaABAg,UCIJSXffobfJsAIrn8hdp5ig,"Fetched 05/24/2026, 8:08:10 PM GMT+8"
3010,La Trinidad,@judithGaoan,7 days ago,Happy viewing po sa lahat ng nunuod ngaun mula sa Lokal ng La Trinidad,https://www.youtube.com/watch?v=ROa3kbG5M0U&lc=UgzbzoRa1drodJePtV14AaABAg,UgzbzoRa1drodJePtV14AaABAg,UCRorSeBrDC02x6GWPC4AB4Q,"Fetched 05/24/2026, 8:08:10 PM GMT+8"
3011,La Trinidad,@angelajoyestopace254,7 days ago,Happy Viewing po Lokal ng La Trinidad,https://www.youtube.com/watch?v=ROa3kbG5M0U&lc=UgyfesR9PLI-EMF-IDV4AaABAg,UgyfesR9PLI-EMF-IDV4AaABAg,UCLbbdpQjDV__1REJzWAc3NA,"Fetched 05/24/2026, 8:08:10 PM GMT+8"
3012,La Trinidad,@lenyness88,7 days ago,Happy viewing po from Lokal ng La Trinidad!,https://www.youtube.com/watch?v=ROa3kbG5M0U&lc=UgzBBKzcDEBD2vG2PHd4AaABAg,UgzBBKzcDEBD2vG2PHd4AaABAg,UCxaDHuahW7qQUSggLncE4ig,"Fetched 05/24/2026, 8:08:10 PM GMT+8"
3013,La Trinidad,@drewbatinay1449,7 days ago,Happy Viewing dear brethren! Utmost support from the locale of La Trinidad🫶🏻❤️,https://www.youtube.com/watch?v=ROa3kbG5M0U&lc=Ugzipnc463WKXywlTbx4AaABAg,Ugzipnc463WKXywlTbx4AaABAg,UCQgz35ptm_7_RPT-Pc80itg,"Fetched 05/24/2026, 8:08:10 PM GMT+8"
3014,La Trinidad,@clarkpiloneo6778,7 days ago,Happppyyy happpyyy viewingg po from lokal ng LA TRINIDAD!!!,https://www.youtube.com/watch?v=ROa3kbG5M0U&lc=Ugwbv7cgOrsFSAnt9NJ4AaABAg,Ugwbv7cgOrsFSAnt9NJ4AaABAg,UC-rMw-abFKutSmzfhWFDgJw,"Fetched 05/24/2026, 8:08:10 PM GMT+8"
3015,La Trinidad,@MARCONIJerwenS,7 days ago,Let's gooo!! Benguet! /  from local ng La Trinidad ❤,https://www.youtube.com/watch?v=ROa3kbG5M0U&lc=Ugx-r-g5Dr2LPWN1e3l4AaABAg,Ugx-r-g5Dr2LPWN1e3l4AaABAg,UCbiwh2_hz_Ir3CPn4mEknQw,"Fetched 05/24/2026, 8:08:10 PM GMT+8"
3016,La Trinidad,@itsmaaii-07,7 days ago,"happy viewing po from Lokal ng La Trinidad, Distrito ng Benguet ♡",https://www.youtube.com/watch?v=ROa3kbG5M0U&lc=UgxP6zntV0Y0rf71XVR4AaABAg,UgxP6zntV0Y0rf71XVR4AaABAg,UC-ghrXe9YpKKsmatutN_TFQ,"Fetched 05/24/2026, 8:08:10 PM GMT+8"
3017,La Trinidad,@klienmartingonzales9861,7 days ago,Shoutout po amin. Greetings po from Lokal ng La Trinidad,https://www.youtube.com/watch?v=ROa3kbG5M0U&lc=UgwUyWde1fn3ez8T_054AaABAg,UgwUyWde1fn3ez8T_054AaABAg,UCIJSXffobfJsAIrn8hdp5ig,"Fetched 05/24/2026, 8:08:10 PM GMT+8"
3018,La Trinidad,@CasseySGonzales,7 days ago,🥳 Happy 🌤️ afternoon 👋 to 🎊 all 💞 my 🫶 fellow 🤍 brethren ✨ who 📺 are 👁️ watching ⏰ right ⚡ now 📍 from 📌 the 🏘️ Local ⛪ Congregation 📍 of 🌲 La Trinidad 🗺️ District 📍 of ⛰️ Benguet,https://www.youtube.com/watch?v=ROa3kbG5M0U&lc=Ugzv92govFrEW75avgd4AaABAg,Ugzv92govFrEW75avgd4AaABAg,UCZ_1zJtZfWs6L_NdfNJCvtQ,"Fetched 05/24/2026, 8:08:10 PM GMT+8"
3019,La Trinidad,@janelldemesa4523,7 days ago,Happy viewing po from La Trinidad distrito ng benguet 😊😊😊,https://www.youtube.com/watch?v=ROa3kbG5M0U&lc=Ugz8rkwb2VQOnLtmmrZ4AaABAg,Ugz8rkwb2VQOnLtmmrZ4AaABAg,UCymIRUsc5lE72zbovsrcnnQ,"Fetched 05/24/2026, 8:08:10 PM GMT+8"
3020,La Trinidad,@itsmaaii-07,7 days ago,"happy viewing po from Lokal ng La Trinidad, Distrito ng Benguet ♡",https://www.youtube.com/watch?v=ROa3kbG5M0U&lc=UgxwsUF_7GqAYbpST5F4AaABAg,UgxwsUF_7GqAYbpST5F4AaABAg,UC-ghrXe9YpKKsmatutN_TFQ,"Fetched 05/24/2026, 8:08:10 PM GMT+8"
3021,La Trinidad,@Violy-f9s,7 days ago,Happy viewing  from locale of La Trinidad,https://www.youtube.com/watch?v=ROa3kbG5M0U&lc=Ugwe6MrkZWwSdWqvGw94AaABAg,Ugwe6MrkZWwSdWqvGw94AaABAg,UC1Ak0XFgXZrvof_sNvjR_GQ,"Fetched 05/24/2026, 8:08:10 PM GMT+8"
3022,La Trinidad,@clarkpiloneo6778,7 days ago,Happyy viewinggg poo!!! From lokal ng La trinidad!!!,https://www.youtube.com/watch?v=ROa3kbG5M0U&lc=Ugwo1nUSqHg5OriMc6R4AaABAg,Ugwo1nUSqHg5OriMc6R4AaABAg,UC-rMw-abFKutSmzfhWFDgJw,"Fetched 05/24/2026, 8:08:10 PM GMT+8"
3023,La Trinidad,@johnreylucio8970,7 days ago,Oh dibaah ang saya kapag madami nakikipagkaisa? GO BENGUET!! / Suporta po Mula sa lokal ng La Trinidad ❤,https://www.youtube.com/watch?v=ROa3kbG5M0U&lc=UgwqYwVTCecA6yQHKK94AaABAg,UgwqYwVTCecA6yQHKK94AaABAg,UCNMupRD4ySrN336KZpy29OA,"Fetched 05/24/2026, 8:08:10 PM GMT+8"
3024,La Trinidad,@Jazz-k6s,7 days ago,shout out po sa mga BINHI 🌱 ng Lokal ng La Trinidad 🐑,https://www.youtube.com/watch?v=ROa3kbG5M0U&lc=UgwJw0_zivkuyldJBw94AaABAg,UgwJw0_zivkuyldJBw94AaABAg,UCjmyu8zkVg7bQQCs4HypxNQ,"Fetched 05/24/2026, 8:08:10 PM GMT+8"
3025,La Trinidad,@jhonejushdelacruz6710,7 days ago,Greetings from locale of La Trinidad!❤,https://www.youtube.com/watch?v=ROa3kbG5M0U&lc=UgzNoHIxCuAZZZAWFDh4AaABAg,UgzNoHIxCuAZZZAWFDh4AaABAg,UCDTfJS_e7_UVpYsFdtAWzVw,"Fetched 05/24/2026, 8:08:10 PM GMT+8"
3026,La Trinidad,@drewbatinay1449,7 days ago,Let’s Go Benguet! Full on support from the MTs of the locale of La Trinidad🤍🤍,https://www.youtube.com/watch?v=ROa3kbG5M0U&lc=Ugw0k9R_dZ8G_4fkFfl4AaABAg,Ugw0k9R_dZ8G_4fkFfl4AaABAg,UCQgz35ptm_7_RPT-Pc80itg,"Fetched 05/24/2026, 8:08:10 PM GMT+8"
3027,La Trinidad,@Iris-t5x4j,7 days ago,Go Benguet! Mula po sa Lokal ng La Trinidad! ❤,https://www.youtube.com/watch?v=ROa3kbG5M0U&lc=Ugw1Xms1lQyQfw2dZ6p4AaABAg,Ugw1Xms1lQyQfw2dZ6p4AaABAg,UCvB2OQrq8oEelXH0x43boTA,"Fetched 05/24/2026, 8:08:10 PM GMT+8"
3028,La Trinidad,@PELITANJennyClaireT,7 days ago,Unending support from lokal ng La Trinidadddd🎉.,https://www.youtube.com/watch?v=ROa3kbG5M0U&lc=Ugy0H52wHKT3cBIoxbR4AaABAg,Ugy0H52wHKT3cBIoxbR4AaABAg,UCsVZgGkRnNqeIIOLxHiFR7A,"Fetched 05/24/2026, 8:08:10 PM GMT+8"
3029,La Trinidad,@klienmartingonzales9861,7 days ago (edited),Shoutout po sa amin. Greetings po from Lokal ng La Trinidad,https://www.youtube.com/watch?v=ROa3kbG5M0U&lc=UgwbXV8tqlQWznj7H2t4AaABAg,UgwbXV8tqlQWznj7H2t4AaABAg,UCIJSXffobfJsAIrn8hdp5ig,"Fetched 05/24/2026, 8:08:10 PM GMT+8"
3030,La Trinidad,@princejordandemesa6655,7 days ago,Happy viewing po from lokal ng la Trinidad Distrito ng benguet😊😊😊,https://www.youtube.com/watch?v=ROa3kbG5M0U&lc=UgwKsisKCz9-sXS3nLB4AaABAg,UgwKsisKCz9-sXS3nLB4AaABAg,UCTnv5sUCrpmP6-jNeVhhkIQ,"Fetched 05/24/2026, 8:08:10 PM GMT+8"
3031,La Trinidad,@jhonejushdelacruz6710,7 days ago,Happy viewing po mula sa lokal ng La Trinidad! ❤,https://www.youtube.com/watch?v=ROa3kbG5M0U&lc=Ugy9HBI90QshLDPyuLJ4AaABAg,Ugy9HBI90QshLDPyuLJ4AaABAg,UCDTfJS_e7_UVpYsFdtAWzVw,"Fetched 05/24/2026, 8:08:10 PM GMT+8"
3032,La Trinidad,@Jazz-k6s,7 days ago,"Happy Watching from Lokal ng La Trinidad / Pinabati po namin ang destinado ng LUBAS GWS, ang Bro. PRINCE🤴 JORDAN🇯🇴 DE MESA🪑",https://www.youtube.com/watch?v=ROa3kbG5M0U&lc=Ugx1y7Rw8w_rlvEtf1B4AaABAg,Ugx1y7Rw8w_rlvEtf1B4AaABAg,UCjmyu8zkVg7bQQCs4HypxNQ,"Fetched 05/24/2026, 8:08:10 PM GMT+8"
3033,La Trinidad,@Violy-f9s,7 days ago,A truly amazing masterpiece 💞 /  / Watching from lokal ng La Trinidad,https://www.youtube.com/watch?v=ROa3kbG5M0U&lc=UgyIxu9v3xttrEYRhvV4AaABAg,UgyIxu9v3xttrEYRhvV4AaABAg,UC1Ak0XFgXZrvof_sNvjR_GQ,"Fetched 05/24/2026, 8:08:10 PM GMT+8"
3034,La Trinidad,@PELITANJennyClaireT,7 days ago,"""God's love is bigger than the ocean,"" tunay po. / Greetings po mula sa lokal ng La Trinidad 🍓🫶",https://www.youtube.com/watch?v=ROa3kbG5M0U&lc=UgyNb-qVJyZ9ggBmS8J4AaABAg,UgyNb-qVJyZ9ggBmS8J4AaABAg,UCsVZgGkRnNqeIIOLxHiFR7A,"Fetched 05/24/2026, 8:08:10 PM GMT+8"
3035,La Trinidad,@sthbita,7 days ago,"Happy viewing po from La trinidad, Benguet🥰💕",https://www.youtube.com/watch?v=ROa3kbG5M0U&lc=UgxCNyXBZqODPQWVXTN4AaABAg,UgxCNyXBZqODPQWVXTN4AaABAg,UC0vTLfR4dy0voK86CZ8IZjQ,"Fetched 05/24/2026, 8:08:10 PM GMT+8"
3036,La Trinidad,@valdezjoyantonettep.434,7 days ago,Go Benguet! Pagbati po mula sa lokal ng La Trinidad ❤,https://www.youtube.com/watch?v=ROa3kbG5M0U&lc=UgxaYRRWVR9vAYCy-xt4AaABAg,UgxaYRRWVR9vAYCy-xt4AaABAg,UCDDz7pvk3dfpxLt4H1zUmIA,"Fetched 05/24/2026, 8:08:10 PM GMT+8"
3037,La Trinidad,@drewbatinay1449,7 days ago,Utmost support from the Kadiwas of La Trinidad💗🫶🏻,https://www.youtube.com/watch?v=ROa3kbG5M0U&lc=Ugy9cULAqckGVCvUZs14AaABAg,Ugy9cULAqckGVCvUZs14AaABAg,UCQgz35ptm_7_RPT-Pc80itg,"Fetched 05/24/2026, 8:08:10 PM GMT+8"
3038,La Trinidad,@clarkpiloneo6778,7 days ago,Warm greetingss from the locale congregation of La Trinidad!!!,https://www.youtube.com/watch?v=ROa3kbG5M0U&lc=Ugxf6d0t5W-lS5bHaHl4AaABAg,Ugxf6d0t5W-lS5bHaHl4AaABAg,UC-rMw-abFKutSmzfhWFDgJw,"Fetched 05/24/2026, 8:08:10 PM GMT+8"
3039,La Trinidad,@johnreylucio8970,7 days ago,"Habang nanonood batiin ko lang po,, Happy Birthday po Ka Clydan Gines !! / Pagbati po Mula sa TSV sa lokal ng La Trinidad",https://www.youtube.com/watch?v=ROa3kbG5M0U&lc=UgxnWDVCdvUr9mLvoC94AaABAg,UgxnWDVCdvUr9mLvoC94AaABAg,UCNMupRD4ySrN336KZpy29OA,"Fetched 05/24/2026, 8:08:10 PM GMT+8"
3040,La Trinidad,@anthonywintonkong9228,7 days ago,Shoutout po ky kuya Clydan. Happy Birthday po!!!🎉 /  / Supporting Benguet from Local Congregation of La Trinidad 🎉,https://www.youtube.com/watch?v=ROa3kbG5M0U&lc=Ugxp--F1dCy-uZtL26h4AaABAg,Ugxp--F1dCy-uZtL26h4AaABAg,UCQrwbj0d8cZ2mHIPhsKfGwA,"Fetched 05/24/2026, 8:08:10 PM GMT+8"
3041,La Trinidad,@aubreybolleser7680,7 days ago,Sumusuporta po kami ng buong puso mula sa Lokal ng La Trinidad sa ating entry sa Distrito ng Benguet na God's Love para sa INCMV. Sa Ama ang lahat ng kaluwalhatian at kapurihan! 🎉❤,https://www.youtube.com/watch?v=ROa3kbG5M0U&lc=UgyNydlPJsJNJZclD1J4AaABAg,UgyNydlPJsJNJZclD1J4AaABAg,UCiZ8P_gc_F8quQAUrKJk7Eg,"Fetched 05/24/2026, 8:08:10 PM GMT+8"
3042,La Trinidad,@aeldyyy_67,7 days ago,let's go Benguet!!! /  / Happy watching from La Trinidad 💚🤍❤️,https://www.youtube.com/watch?v=ROa3kbG5M0U&lc=Ugw8xYcmHX0sw8TZBdp4AaABAg,Ugw8xYcmHX0sw8TZBdp4AaABAg,UC5Xwg0aWiMwfuHUT-wFKSWg,"Fetched 05/24/2026, 8:08:10 PM GMT+8"
3043,La Trinidad,@klienmartingonzales9861,7 days ago (edited),Shoutout po amin. Greetings po from Lokal ng La Trinidad,https://www.youtube.com/watch?v=ROa3kbG5M0U&lc=UgwjCed5uE5m9XYth414AaABAg,UgwjCed5uE5m9XYth414AaABAg,UCIJSXffobfJsAIrn8hdp5ig,"Fetched 05/24/2026, 8:08:10 PM GMT+8"
3044,La Trinidad,@anthonywintonkong9228,7 days ago,Shoutout po sa lht ng TSV Officers sa Distrito ng Benguet. Mula po sa'min na mga Maytungkulin sa Lokal ng La Trinidad 🎉,https://www.youtube.com/watch?v=ROa3kbG5M0U&lc=UgwQ-V9EqszQq3KUPYZ4AaABAg,UgwQ-V9EqszQq3KUPYZ4AaABAg,UCQrwbj0d8cZ2mHIPhsKfGwA,"Fetched 05/24/2026, 8:08:10 PM GMT+8"
3045,La Trinidad,@Kris-t2c3w,7 days ago,Huwag po tayong magsawang manood 💖💖💖! Tuloy-tuloy po ang aming pagsuporta mula sa Lokal ng La Trinidad 🫶🫶🫶,https://www.youtube.com/watch?v=ROa3kbG5M0U&lc=UgyuMoHFH7XS34XpDap4AaABAg,UgyuMoHFH7XS34XpDap4AaABAg,UC2lYdlqDj3_tl0-uR11174A,"Fetched 05/24/2026, 8:08:10 PM GMT+8"
3046,La Trinidad,@MezilValdez,7 days ago,Happy Sunday and happy viewing po  / From Lokal ng La Trinidad💚🤍❤️,https://www.youtube.com/watch?v=ROa3kbG5M0U&lc=UgwO3qUKet4S_Bj4TpF4AaABAg,UgwO3qUKet4S_Bj4TpF4AaABAg,UCokzZFxIADPhNf7Q0NCVvng,"Fetched 05/24/2026, 8:08:10 PM GMT+8"
3047,La Trinidad,@anthonywintonkong9228,7 days ago,Happy Viewing po from Lokal ng La Trinidad 🎉,https://www.youtube.com/watch?v=ROa3kbG5M0U&lc=UgxIPbjJ6zFWUhCzOfZ4AaABAg,UgxIPbjJ6zFWUhCzOfZ4AaABAg,UCQrwbj0d8cZ2mHIPhsKfGwA,"Fetched 05/24/2026, 8:08:10 PM GMT+8"
3048,La Trinidad,@clarkpiloneo6778,7 days ago,Walanggg sawanggg pagmamahal at suporta po mula sa lokal ng La Trinidad!!!,https://www.youtube.com/watch?v=ROa3kbG5M0U&lc=UgyGl74UHY8hFZXVD654AaABAg,UgyGl74UHY8hFZXVD654AaABAg,UC-rMw-abFKutSmzfhWFDgJw,"Fetched 05/24/2026, 8:08:10 PM GMT+8"
3049,La Trinidad,@drewbatinay1449,7 days ago,Happy Viewing po! Mula sa mga MTs ng Lokal ng La Trinidad🫶🏻🫶🏻,https://www.youtube.com/watch?v=ROa3kbG5M0U&lc=UgzeP-Qt4EYFbZWxl9N4AaABAg,UgzeP-Qt4EYFbZWxl9N4AaABAg,UCQgz35ptm_7_RPT-Pc80itg,"Fetched 05/24/2026, 8:08:10 PM GMT+8"
3050,La Trinidad,@janelldemesa4523,7 days ago,Happy viewing po from lokal ng La Trinidad distrito ng Benguet😊😊,https://www.youtube.com/watch?v=ROa3kbG5M0U&lc=UgyVqghA0yvCPq-uZk54AaABAg,UgyVqghA0yvCPq-uZk54AaABAg,UCymIRUsc5lE72zbovsrcnnQ,"Fetched 05/24/2026, 8:08:10 PM GMT+8"
3051,La Trinidad,@anthonywintonkong9228,7 days ago,Shoutout po ky kuya Clydan❤ /  / Supporting Benguet from Local Congregation of La Trinidad 🎉,https://www.youtube.com/watch?v=ROa3kbG5M0U&lc=Ugw5X8gIz3Ecrt8dIzx4AaABAg,Ugw5X8gIz3Ecrt8dIzx4AaABAg,UCQrwbj0d8cZ2mHIPhsKfGwA,"Fetched 05/24/2026, 8:08:10 PM GMT+8"
3052,La Trinidad,@itsmaaii-07,7 days ago,"God's love! Go Benguet ! /  / mula sa lokal ng La Trinidad, Distrito ng Benguet!",https://www.youtube.com/watch?v=ROa3kbG5M0U&lc=UgyIBUZho4BsG3dwpIl4AaABAg,UgyIBUZho4BsG3dwpIl4AaABAg,UC-ghrXe9YpKKsmatutN_TFQ,"Fetched 05/24/2026, 8:08:10 PM GMT+8"
3053,La Trinidad,@anthonywintonkong9228,7 days ago,Shoutout po sa lht ng TSV Officers sa Distrito ng Benguet. Mula po sa'min na mga Maytungkulin sa Lokal ng La Trinidad 🎉,https://www.youtube.com/watch?v=ROa3kbG5M0U&lc=Ugyk9_ACZ1DleP4_5rF4AaABAg,Ugyk9_ACZ1DleP4_5rF4AaABAg,UCQrwbj0d8cZ2mHIPhsKfGwA,"Fetched 05/24/2026, 8:08:10 PM GMT+8"
3054,La Trinidad,@anthonywintonkong9228,7 days ago,Happy Viewing po from Lokal ng La Trinidad 🎉,https://www.youtube.com/watch?v=ROa3kbG5M0U&lc=UgyuynuwA2Ct7x6YvUB4AaABAg,UgyuynuwA2Ct7x6YvUB4AaABAg,UCQrwbj0d8cZ2mHIPhsKfGwA,"Fetched 05/24/2026, 8:08:10 PM GMT+8"
3055,La Trinidad,@clarkpiloneo6778,7 days ago,Happpyyyyy viewingg po mga kapatidd!! from La Trinidad!!!,https://www.youtube.com/watch?v=ROa3kbG5M0U&lc=UgySZuYYbDT1R8_fbVp4AaABAg,UgySZuYYbDT1R8_fbVp4AaABAg,UC-rMw-abFKutSmzfhWFDgJw,"Fetched 05/24/2026, 8:08:10 PM GMT+8"
3056,La Trinidad,@itsmaaii-07,7 days ago,"God's love! Go Benguet ! /  / mula sa lokal ng La Trinidad, Distrito ng Benguet!",https://www.youtube.com/watch?v=ROa3kbG5M0U&lc=Ugy8i-REJ4qA-mWrUU94AaABAg,Ugy8i-REJ4qA-mWrUU94AaABAg,UC-ghrXe9YpKKsmatutN_TFQ,"Fetched 05/24/2026, 8:08:10 PM GMT+8"
3057,La Trinidad,@clydangines9838,7 days ago,shoutout rin po sa TSV Lead ng LA TRINIDAD 🎉 viewing po from baguio city,https://www.youtube.com/watch?v=ROa3kbG5M0U&lc=UgwpNasRDQOIDsxNHuN4AaABAg,UgwpNasRDQOIDsxNHuN4AaABAg,UCEBXPgCnyfqqPkgFEpj1CnA,"Fetched 05/24/2026, 8:08:10 PM GMT+8"
3058,La Trinidad,@anthonywintonkong9228,7 days ago,Happy Viewing po from Lokal ng La Trinidad 🎉,https://www.youtube.com/watch?v=ROa3kbG5M0U&lc=Ugwu6zt6xwu5rBMy1JV4AaABAg,Ugwu6zt6xwu5rBMy1JV4AaABAg,UCQrwbj0d8cZ2mHIPhsKfGwA,"Fetched 05/24/2026, 8:08:10 PM GMT+8"
3059,La Trinidad,@johnreylucio8970,7 days ago (edited),"Shout Out ka Jasper Mendoza, Happy Viewing samin, sa lokal ng La Trinidad",https://www.youtube.com/watch?v=ROa3kbG5M0U&lc=Ugxg45bUKeYLsi7tKqx4AaABAg,Ugxg45bUKeYLsi7tKqx4AaABAg,UCNMupRD4ySrN336KZpy29OA,"Fetched 05/24/2026, 8:08:10 PM GMT+8"
3060,La Trinidad,@anthonywintonkong9228,7 days ago,Shoutout po sa lht ng TSV Officers sa Distrito ng Benguet. Mula po sa'min na mga Maytungkulin sa Lokal ng La Trinidad 🎉,https://www.youtube.com/watch?v=ROa3kbG5M0U&lc=UgwiB-qyYL1i1LSGlqN4AaABAg,UgwiB-qyYL1i1LSGlqN4AaABAg,UCQrwbj0d8cZ2mHIPhsKfGwA,"Fetched 05/24/2026, 8:08:10 PM GMT+8"
3061,La Trinidad,@anthonywintonkong9228,7 days ago,Shoutout po ky kuya Clydan❤ /  / Supporting Benguet from Local Congregation of La Trinidad 🎉,https://www.youtube.com/watch?v=ROa3kbG5M0U&lc=UgwGs4zuLaCauqk-RNV4AaABAg,UgwGs4zuLaCauqk-RNV4AaABAg,UCQrwbj0d8cZ2mHIPhsKfGwA,"Fetched 05/24/2026, 8:08:10 PM GMT+8"
3062,La Trinidad,@anthonywintonkong9228,7 days ago,Happy Viewing po from Lokal ng La Trinidad 🎉,https://www.youtube.com/watch?v=ROa3kbG5M0U&lc=Ugw24fFcY5YiS5Yy4MF4AaABAg,Ugw24fFcY5YiS5Yy4MF4AaABAg,UCQrwbj0d8cZ2mHIPhsKfGwA,"Fetched 05/24/2026, 8:08:10 PM GMT+8"
3063,La Trinidad,@drewbatinay1449,7 days ago,Let’s Go Benguet! Pagbati mula sa lokal ng La Trinidad💗,https://www.youtube.com/watch?v=ROa3kbG5M0U&lc=UgwB21OQYW0HKAQ3tQJ4AaABAg,UgwB21OQYW0HKAQ3tQJ4AaABAg,UCQgz35ptm_7_RPT-Pc80itg,"Fetched 05/24/2026, 8:08:10 PM GMT+8"
3064,La Trinidad,@clarkpiloneo6778,7 days ago,Walang sawang pagsuporta po mula sa lokal ng La Trinidad!!!!,https://www.youtube.com/watch?v=ROa3kbG5M0U&lc=Ugx6ESHq1fWusSS0G4x4AaABAg,Ugx6ESHq1fWusSS0G4x4AaABAg,UC-rMw-abFKutSmzfhWFDgJw,"Fetched 05/24/2026, 8:08:10 PM GMT+8"
3065,La Trinidad,@anthonywintonkong9228,7 days ago,Happy Viewing po from Lokal ng La Trinidad 🎉,https://www.youtube.com/watch?v=ROa3kbG5M0U&lc=UgyqAoceFn4yjgxMmm54AaABAg,UgyqAoceFn4yjgxMmm54AaABAg,UCQrwbj0d8cZ2mHIPhsKfGwA,"Fetched 05/24/2026, 8:08:10 PM GMT+8"
3066,La Trinidad,@klienmartingonzales9861,7 days ago,"Magpahinga, umupo sa sofa at manood ng INCMV. Greetings po from La Trinidad",https://www.youtube.com/watch?v=ROa3kbG5M0U&lc=UgyewvrnPopJ-qSBxSV4AaABAg,UgyewvrnPopJ-qSBxSV4AaABAg,UCIJSXffobfJsAIrn8hdp5ig,"Fetched 05/24/2026, 8:08:10 PM GMT+8"
3067,La Trinidad,@anthonywintonkong9228,7 days ago,Shoutout po sa lht ng TSV Officers sa Distrito ng Benguet. Mula po sa'min na mga Maytungkulin sa Lokal ng La Trinidad 🎉,https://www.youtube.com/watch?v=ROa3kbG5M0U&lc=Ugy-UDHh-nB11QinlFx4AaABAg,Ugy-UDHh-nB11QinlFx4AaABAg,UCQrwbj0d8cZ2mHIPhsKfGwA,"Fetched 05/24/2026, 8:08:10 PM GMT+8"
3068,La Trinidad,@anthonywintonkong9228,7 days ago,Shoutout po ky kuya Clydan❤ /  / Supporting Benguet from Local Congregation of La Trinidad 🎉,https://www.youtube.com/watch?v=ROa3kbG5M0U&lc=UgxmzUPsJexmq__-p3Z4AaABAg,UgxmzUPsJexmq__-p3Z4AaABAg,UCQrwbj0d8cZ2mHIPhsKfGwA,"Fetched 05/24/2026, 8:08:10 PM GMT+8"
3069,La Trinidad,@Violy-f9s,7 days ago,Happy viewing po from lokal ng La Trinidad,https://www.youtube.com/watch?v=ROa3kbG5M0U&lc=UgyARYpiYiAeRybuxX94AaABAg,UgyARYpiYiAeRybuxX94AaABAg,UC1Ak0XFgXZrvof_sNvjR_GQ,"Fetched 05/24/2026, 8:08:10 PM GMT+8"
3070,La Trinidad,@jeromedemesa6235,7 days ago,Happy viewing po from La Trinidad Distrito ng Benguet🎉🎉,https://www.youtube.com/watch?v=ROa3kbG5M0U&lc=UgxS_yHhoNRgFNyNajt4AaABAg,UgxS_yHhoNRgFNyNajt4AaABAg,UCGNm5-pscME5M9yGKnqnVzw,"Fetched 05/24/2026, 8:08:10 PM GMT+8"
3071,La Trinidad,@renalyndulay4915,7 days ago,Hell po mga kapatid..Mula po diito sa lokal Ng La Trinidad.,https://www.youtube.com/watch?v=ROa3kbG5M0U&lc=UgxWDhwhm57uw0dSzDV4AaABAg,UgxWDhwhm57uw0dSzDV4AaABAg,UC5O2YOQZe1QqhG2YhGYyedQ,"Fetched 05/24/2026, 8:08:10 PM GMT+8"
3072,La Trinidad,@Jazz-k6s,7 days ago,Happy Viewing po from Strawberry capital of the Pilipins lokal ng La Trinidad🍓🪷 /  / Shout out po sa pinakamagandang pangulo ng KADIWA ate WINK INGRID DELA ROSE,https://www.youtube.com/watch?v=ROa3kbG5M0U&lc=UgzDF_cVRSM7XZFVR2Z4AaABAg,UgzDF_cVRSM7XZFVR2Z4AaABAg,UCjmyu8zkVg7bQQCs4HypxNQ,"Fetched 05/24/2026, 8:08:10 PM GMT+8"
3073,La Trinidad,@clarkpiloneo6778,7 days ago,Happyyy viewing po!! LA TRINIDADD PRESENT!!,https://www.youtube.com/watch?v=ROa3kbG5M0U&lc=UgyBe-XmUIi40yO4Dsh4AaABAg,UgyBe-XmUIi40yO4Dsh4AaABAg,UC-rMw-abFKutSmzfhWFDgJw,"Fetched 05/24/2026, 8:08:10 PM GMT+8"
3074,La Trinidad,@johnreylucio8970,7 days ago,"Mula po sa Mga Mang-aawit sa Lokal ng La Trinidad, ay Kaisa po sa ganitong mga aktibidad❤",https://www.youtube.com/watch?v=ROa3kbG5M0U&lc=UgxOV9j5YgFARzcZx3J4AaABAg,UgxOV9j5YgFARzcZx3J4AaABAg,UCNMupRD4ySrN336KZpy29OA,"Fetched 05/24/2026, 8:08:10 PM GMT+8"
3075,La Trinidad,@angelajoyestopace254,7 days ago,Fight of Flight! FIGHT! Lokal ng La Trinidad Benguet happy Viewing po,https://www.youtube.com/watch?v=ROa3kbG5M0U&lc=UgwDu7HtIvhYgpyXjUR4AaABAg,UgwDu7HtIvhYgpyXjUR4AaABAg,UCLbbdpQjDV__1REJzWAc3NA,"Fetched 05/24/2026, 8:08:10 PM GMT+8"
3076,La Trinidad,@judithGaoan,7 days ago,Happy viewing po mga kapatid 😊- La Trinidad,https://www.youtube.com/watch?v=ROa3kbG5M0U&lc=UgzV-mzfUdV859ANd8x4AaABAg,UgzV-mzfUdV859ANd8x4AaABAg,UCRorSeBrDC02x6GWPC4AB4Q,"Fetched 05/24/2026, 8:08:10 PM GMT+8"
3077,La Trinidad,@cherryobonan6266,7 days ago,"Happy Viewing po sa lahat ng mga Kapatid.😊 / Greetings po mula sa Kagawaran ng Mang-aawit, Lokal ng La Trinidad.",https://www.youtube.com/watch?v=ROa3kbG5M0U&lc=UgxaiGmtK6Lt1ssF3FZ4AaABAg,UgxaiGmtK6Lt1ssF3FZ4AaABAg,UCfx2dN7vdOtr5MdY5pLtNYg,"Fetched 05/24/2026, 8:08:10 PM GMT+8"
3078,La Trinidad,@anthonywintonkong9228,7 days ago,Shoutout po sa lht ng TSV Officers sa Distrito ng Benguet. Mula po sa'min na mga Maytungkulin sa Lokal ng La Trinidad 🎉,https://www.youtube.com/watch?v=ROa3kbG5M0U&lc=Ugyh-Ph17GVuVTgRr3N4AaABAg,Ugyh-Ph17GVuVTgRr3N4AaABAg,UCQrwbj0d8cZ2mHIPhsKfGwA,"Fetched 05/24/2026, 8:08:10 PM GMT+8"
3079,La Trinidad,@anthonywintonkong9228,7 days ago,Happy Viewing po from Lokal ng La Trinidad 🎉,https://www.youtube.com/watch?v=ROa3kbG5M0U&lc=Ugy2f5jNmgVxPCDwjs54AaABAg,Ugy2f5jNmgVxPCDwjs54AaABAg,UCQrwbj0d8cZ2mHIPhsKfGwA,"Fetched 05/24/2026, 8:08:10 PM GMT+8"
3080,La Trinidad,@clarkpiloneo6778,7 days ago,Happyyy viewingg poooooo!!!! Enjoy watching po mga kapatid! From lokal ng La Trinidad!!,https://www.youtube.com/watch?v=ROa3kbG5M0U&lc=Ugx3IR2q4k5s8SZUCKl4AaABAg,Ugx3IR2q4k5s8SZUCKl4AaABAg,UC-rMw-abFKutSmzfhWFDgJw,"Fetched 05/24/2026, 8:08:10 PM GMT+8"
3081,La Trinidad,@anthonywintonkong9228,7 days ago,Shoutout po sa lht ng TSV Officers sa Distrito ng Benguet. Mula po sa'min na mga Maytungkulin sa Lokal ng La Trinidad 🎉,https://www.youtube.com/watch?v=ROa3kbG5M0U&lc=UgwIwg8iHNHIRlZCZKR4AaABAg,UgwIwg8iHNHIRlZCZKR4AaABAg,UCQrwbj0d8cZ2mHIPhsKfGwA,"Fetched 05/24/2026, 8:08:10 PM GMT+8"
3082,La Trinidad,@klienmartingonzales9861,7 days ago,"Magpahinga, umupo sa sofa at manood ng INCMV. Greetings po from La Trinidad",https://www.youtube.com/watch?v=ROa3kbG5M0U&lc=Ugx-ewwRHmV8Xcmp5UF4AaABAg,Ugx-ewwRHmV8Xcmp5UF4AaABAg,UCIJSXffobfJsAIrn8hdp5ig,"Fetched 05/24/2026, 8:08:10 PM GMT+8"
3083,La Trinidad,@anthonywintonkong9228,7 days ago,Happy Viewing po from Lokal ng La Trinidad 🎉,https://www.youtube.com/watch?v=ROa3kbG5M0U&lc=Ugxh6hCZRqW-ufIKjIR4AaABAg,Ugxh6hCZRqW-ufIKjIR4AaABAg,UCQrwbj0d8cZ2mHIPhsKfGwA,"Fetched 05/24/2026, 8:08:10 PM GMT+8"
3084,La Trinidad,@nildabendalan8453,7 days ago,happy pakikipagkaisa po sa lahat .. mula po sa lokal ng La Trinidad,https://www.youtube.com/watch?v=ROa3kbG5M0U&lc=UgyM2KmvfTmk4Y2n4d14AaABAg,UgyM2KmvfTmk4Y2n4d14AaABAg,UCeG0hTY5n50care090AjtmA,"Fetched 05/24/2026, 8:08:10 PM GMT+8"
3085,La Trinidad,@Jazz-k6s,7 days ago,Happy Viewing po mga kapatid from lokal ng La Trinidad🍓 / Shout out po sa aming destinado ang KA KENNER BOKILIS,https://www.youtube.com/watch?v=ROa3kbG5M0U&lc=UgxyAHOFx9MjhZNLjQ54AaABAg,UgxyAHOFx9MjhZNLjQ54AaABAg,UCjmyu8zkVg7bQQCs4HypxNQ,"Fetched 05/24/2026, 8:08:10 PM GMT+8"
3086,La Trinidad,@renalyndulay4915,7 days ago,pagbati po mula sa lokal Ng La Trinidad po.,https://www.youtube.com/watch?v=ROa3kbG5M0U&lc=UgxKEFGEx88JmdcYTWV4AaABAg,UgxKEFGEx88JmdcYTWV4AaABAg,UC5O2YOQZe1QqhG2YhGYyedQ,"Fetched 05/24/2026, 8:08:10 PM GMT+8"
3087,La Trinidad,@BnHydn,7 days ago,"Shoutout sa magiging bagong pangulong binhi ng Lokal ng La Trinidad, Kapatid na Jazznel Orden ‼️💯  /  / Let's go Benguet ♥️",https://www.youtube.com/watch?v=ROa3kbG5M0U&lc=UgwMFKTipMTKWxqScr94AaABAg,UgwMFKTipMTKWxqScr94AaABAg,UCbVqbfs9vjTS-hPNArDNcFQ,"Fetched 05/24/2026, 8:08:10 PM GMT+8"
3088,La Trinidad,@lenyness88,7 days ago,On repeat. Such a powerful message! / Happy viewing from Lokal ng La Trinidad 😊,https://www.youtube.com/watch?v=ROa3kbG5M0U&lc=UgwYZk3ktU9zIq_xjXN4AaABAg,UgwYZk3ktU9zIq_xjXN4AaABAg,UCxaDHuahW7qQUSggLncE4ig,"Fetched 05/24/2026, 8:08:10 PM GMT+8"
3089,La Trinidad,@johnreylucio8970,7 days ago,"Sinong magsasawa sa Ganitong napaka gandang Entry, ? No One,  / Napaka Husay po talaga! / Mula po sa lokal ng La Trinidad",https://www.youtube.com/watch?v=ROa3kbG5M0U&lc=UgyeGx4bp1UhFgcfzAZ4AaABAg,UgyeGx4bp1UhFgcfzAZ4AaABAg,UCNMupRD4ySrN336KZpy29OA,"Fetched 05/24/2026, 8:08:10 PM GMT+8"
3090,La Trinidad,@clarkpiloneo6778,7 days ago,GOGOGO BENGUET!! Happy viewing pi mga kapatid from kagawarang PnK at lokal ng La Trinidad!!,https://www.youtube.com/watch?v=ROa3kbG5M0U&lc=Ugy3Ko5Nu7dJQTN6-nR4AaABAg,Ugy3Ko5Nu7dJQTN6-nR4AaABAg,UC-rMw-abFKutSmzfhWFDgJw,"Fetched 05/24/2026, 8:08:10 PM GMT+8"
3091,La Trinidad,@nildabendalan8453,7 days ago,Greetings po sa lahat ng MT ng lokal ng La Trinidad at Distrito ng Benguet,https://www.youtube.com/watch?v=ROa3kbG5M0U&lc=UgyzP5RtdG-uztKc7HF4AaABAg,UgyzP5RtdG-uztKc7HF4AaABAg,UCeG0hTY5n50care090AjtmA,"Fetched 05/24/2026, 8:08:10 PM GMT+8"
3092,La Trinidad,@Jazz-k6s,7 days ago,Happy viewing po  / -Lokal ng La Trinidad 🪷,https://www.youtube.com/watch?v=ROa3kbG5M0U&lc=UgywBzs8q_i45PWdZ4J4AaABAg,UgywBzs8q_i45PWdZ4J4AaABAg,UCjmyu8zkVg7bQQCs4HypxNQ,"Fetched 05/24/2026, 8:08:10 PM GMT+8"
3093,La Trinidad,@renalyndulay4915,7 days ago,Happy viewing po mga kapatid. mula po sa lokal Ng La Trinidad.,https://www.youtube.com/watch?v=ROa3kbG5M0U&lc=Ugy9BLfLlW4RdDm-Gx54AaABAg,Ugy9BLfLlW4RdDm-Gx54AaABAg,UC5O2YOQZe1QqhG2YhGYyedQ,"Fetched 05/24/2026, 8:08:10 PM GMT+8"
3094,La Trinidad,@angelajoyestopace254,7 days ago,Happy Viewing Lokal ng La Trinidad,https://www.youtube.com/watch?v=ROa3kbG5M0U&lc=UgzpStA_gR8lSunQG_Z4AaABAg,UgzpStA_gR8lSunQG_Z4AaABAg,UCLbbdpQjDV__1REJzWAc3NA,"Fetched 05/24/2026, 8:08:10 PM GMT+8"
3095,La Trinidad,@clarkpiloneo6778,7 days ago,Lets goo Benguet!! Lets fo La Trinidad!,https://www.youtube.com/watch?v=ROa3kbG5M0U&lc=UgyX0ckKg13KWRBd1WF4AaABAg,UgyX0ckKg13KWRBd1WF4AaABAg,UC-rMw-abFKutSmzfhWFDgJw,"Fetched 05/24/2026, 8:08:10 PM GMT+8"
3096,La Trinidad,@Lily00w4,7 days ago,GOOOO BENGUET!!!! Greetings po from La Trinidad ❤,https://www.youtube.com/watch?v=ROa3kbG5M0U&lc=UgwyI4zKR1fJPZxEIDJ4AaABAg,UgwyI4zKR1fJPZxEIDJ4AaABAg,UCHl8Pldv8Fblg_vCsH_o5Vg,"Fetched 05/24/2026, 8:08:10 PM GMT+8"
3097,La Trinidad,@renalyndulay4915,7 days ago,Happy viewing po mga kapatid. mula po sa lokal Ng La Trinidad.,https://www.youtube.com/watch?v=ROa3kbG5M0U&lc=Ugz_DY31IjNcDcqfSOB4AaABAg,Ugz_DY31IjNcDcqfSOB4AaABAg,UC5O2YOQZe1QqhG2YhGYyedQ,"Fetched 05/24/2026, 8:08:10 PM GMT+8"
3098,La Trinidad,@renalyndulay4915,7 days ago,Happy viewing po mga kapatid. mula po sa lokal Ng La Trinidad.,https://www.youtube.com/watch?v=ROa3kbG5M0U&lc=UgxDN1SI_xbEC5X2pjB4AaABAg,UgxDN1SI_xbEC5X2pjB4AaABAg,UC5O2YOQZe1QqhG2YhGYyedQ,"Fetched 05/24/2026, 8:08:10 PM GMT+8"
3099,La Trinidad,@Violy-f9s,7 days ago,Happy viewing po from La Trinidad ❤❤❤,https://www.youtube.com/watch?v=ROa3kbG5M0U&lc=UgwIHV-eoBOM_WrrTkN4AaABAg,UgwIHV-eoBOM_WrrTkN4AaABAg,UC1Ak0XFgXZrvof_sNvjR_GQ,"Fetched 05/24/2026, 8:08:10 PM GMT+8"
3100,La Trinidad,@janetpiloneo4005,7 days ago,"Happy viewing po,, from La Trinidad♥️",https://www.youtube.com/watch?v=ROa3kbG5M0U&lc=UgwNdgkvpz5HsKUjELJ4AaABAg,UgwNdgkvpz5HsKUjELJ4AaABAg,UCHfGuEIPpHgRmM_zIugjkPQ,"Fetched 05/24/2026, 8:08:10 PM GMT+8"
3101,La Trinidad,@Jazz-k6s,7 days ago,Happy viewing po mga kapatid bumabati mula sa lokal ng La Trinidad 🐑,https://www.youtube.com/watch?v=ROa3kbG5M0U&lc=UgzWradcOrK2gHQb4aN4AaABAg,UgzWradcOrK2gHQb4aN4AaABAg,UCjmyu8zkVg7bQQCs4HypxNQ,"Fetched 05/24/2026, 8:08:10 PM GMT+8"
3102,La Trinidad,@clarkpiloneo6778,7 days ago,Maligayang pagbati po sa aming Destinado sa Ka Kanner Bokilis! Happy viewing po from La Trinidad!!,https://www.youtube.com/watch?v=ROa3kbG5M0U&lc=Ugx3MFKmUqE1_AjE01l4AaABAg,Ugx3MFKmUqE1_AjE01l4AaABAg,UC-rMw-abFKutSmzfhWFDgJw,"Fetched 05/24/2026, 8:08:10 PM GMT+8"
3103,La Trinidad,@Violy-f9s,7 days ago,Happy viewing po from La Trinidad,https://www.youtube.com/watch?v=ROa3kbG5M0U&lc=UgzamCUQJ09WWTN0FUt4AaABAg,UgzamCUQJ09WWTN0FUt4AaABAg,UC1Ak0XFgXZrvof_sNvjR_GQ,"Fetched 05/24/2026, 8:08:10 PM GMT+8"
3104,La Trinidad,@Kris-t2c3w,7 days ago,Sending our unwavering love and support mula sa Lokal ng La Trinidad 🫶🫶🫶! Stay safe po at take care po tayong lahat 💖💖💖,https://www.youtube.com/watch?v=ROa3kbG5M0U&lc=UgxhMIGLePzV0iGNziR4AaABAg,UgxhMIGLePzV0iGNziR4AaABAg,UC2lYdlqDj3_tl0-uR11174A,"Fetched 05/24/2026, 8:08:10 PM GMT+8"
3105,La Trinidad,@judithGaoan,7 days ago (edited),Napakaganda po ng video very inspirational...di mgsasawang panuorin /  / La Trinidad,https://www.youtube.com/watch?v=ROa3kbG5M0U&lc=UgyRQTmgiHgoD9xMTJh4AaABAg,UgyRQTmgiHgoD9xMTJh4AaABAg,UCRorSeBrDC02x6GWPC4AB4Q,"Fetched 05/24/2026, 8:08:10 PM GMT+8"
3106,La Trinidad,@johnreylucio8970,7 days ago,"Dabest ka BENGUET, / Pagbati po, Mula sa Lokal ng La Trinidad ❤",https://www.youtube.com/watch?v=ROa3kbG5M0U&lc=UgyFfRUEcr8m3b_wiKV4AaABAg,UgyFfRUEcr8m3b_wiKV4AaABAg,UCNMupRD4ySrN336KZpy29OA,"Fetched 05/24/2026, 8:08:10 PM GMT+8"
3107,La Trinidad,@Violy-f9s,7 days ago,Happy viewing po from La Trinidad,https://www.youtube.com/watch?v=ROa3kbG5M0U&lc=UgwyHgPkYu4Kd4A3BSN4AaABAg,UgwyHgPkYu4Kd4A3BSN4AaABAg,UC1Ak0XFgXZrvof_sNvjR_GQ,"Fetched 05/24/2026, 8:08:10 PM GMT+8"
3108,La Trinidad,@angelajoyestopace254,7 days ago,HAPPY VIEWING po Lokal ng La Trinidad,https://www.youtube.com/watch?v=ROa3kbG5M0U&lc=UgyW5_CHlvSsse7uSlx4AaABAg,UgyW5_CHlvSsse7uSlx4AaABAg,UCLbbdpQjDV__1REJzWAc3NA,"Fetched 05/24/2026, 8:08:10 PM GMT+8"
3109,La Trinidad,@clarkpiloneo6778,7 days ago,Happyy viewing poo! From lokal ng La Trinidad!!!!,https://www.youtube.com/watch?v=ROa3kbG5M0U&lc=Ugzvq889eaVBSfoY7a54AaABAg,Ugzvq889eaVBSfoY7a54AaABAg,UC-rMw-abFKutSmzfhWFDgJw,"Fetched 05/24/2026, 8:08:10 PM GMT+8"
3110,La Trinidad,@Jazz-k6s,7 days ago,"shout out po sa pangulong binhi 🌱 ng La Trinidad, ate CASSEY SY GONZALEZ",https://www.youtube.com/watch?v=ROa3kbG5M0U&lc=UgxInSGZiKRSaZU3HzF4AaABAg,UgxInSGZiKRSaZU3HzF4AaABAg,UCjmyu8zkVg7bQQCs4HypxNQ,"Fetched 05/24/2026, 8:08:10 PM GMT+8"
3111,La Trinidad,@Violy-f9s,7 days ago,Hello po from lokal ng La Trinidad.,https://www.youtube.com/watch?v=ROa3kbG5M0U&lc=Ugz7ivpylETyEZo1H1Z4AaABAg,Ugz7ivpylETyEZo1H1Z4AaABAg,UC1Ak0XFgXZrvof_sNvjR_GQ,"Fetched 05/24/2026, 8:08:10 PM GMT+8"
3112,La Trinidad,@klienmartingonzales9861,7 days ago,"Buenos Tardes, Happy viewing Distrito ng Benguet  / Greetings from Lokal ng La Trinidad",https://www.youtube.com/watch?v=ROa3kbG5M0U&lc=UgxfNaTqbApvUd3ZL6x4AaABAg,UgxfNaTqbApvUd3ZL6x4AaABAg,UCIJSXffobfJsAIrn8hdp5ig,"Fetched 05/24/2026, 8:08:10 PM GMT+8"
3113,La Trinidad,@dianarosedejesus2783,7 days ago,Angas transition a. Pagbati po from La Trinidad,https://www.youtube.com/watch?v=ROa3kbG5M0U&lc=UgwRslOdIHE2nZBDS7N4AaABAg,UgwRslOdIHE2nZBDS7N4AaABAg,UCjc_gaLO7YZrg_UEBl6267w,"Fetched 05/24/2026, 8:08:10 PM GMT+8"
3114,La Trinidad,@johnreylucio8970,7 days ago,"Yahoo,,  Galing ng Benguet!! / Pagbati po Mula sa mga TSV ng Lokal Ng La Trinidad ❤",https://www.youtube.com/watch?v=ROa3kbG5M0U&lc=UgxVQ3zMLsIpY9p2iDp4AaABAg,UgxVQ3zMLsIpY9p2iDp4AaABAg,UCNMupRD4ySrN336KZpy29OA,"Fetched 05/24/2026, 8:08:10 PM GMT+8"
3115,La Trinidad,@angelajoyestopace254,7 days ago,HAPPY VIEWING LOKAL NG LA TRINIDAD,https://www.youtube.com/watch?v=ROa3kbG5M0U&lc=Ugx6YRa_L9lxMvK9Zg14AaABAg,Ugx6YRa_L9lxMvK9Zg14AaABAg,UCLbbdpQjDV__1REJzWAc3NA,"Fetched 05/24/2026, 8:08:10 PM GMT+8"
3116,La Trinidad,@LorieJaneBaban,7 days ago (edited),Go Benguet! Happy Viewing po mula sa Lokal ng La Trinidad,https://www.youtube.com/watch?v=ROa3kbG5M0U&lc=UgwKBvXpbe_D1zAIdcJ4AaABAg,UgwKBvXpbe_D1zAIdcJ4AaABAg,UCPBCPoM4VcJUh68R_NwS2WA,"Fetched 05/24/2026, 8:08:10 PM GMT+8"
3117,La Trinidad,@NoelSalting-e6b,7 days ago,Happy Viewing po Lokal ng La Trinidad,https://www.youtube.com/watch?v=ROa3kbG5M0U&lc=UgxgqO_MI91UTSVNXlt4AaABAg,UgxgqO_MI91UTSVNXlt4AaABAg,UCXOfmtaIUUXN_U6NpODvtSg,"Fetched 05/24/2026, 8:08:10 PM GMT+8"
3118,La Trinidad,@MezilValdez,7 days ago,Happy viewing po... / From Lokal ng La Trinidad💚🤍❤️,https://www.youtube.com/watch?v=ROa3kbG5M0U&lc=UgzMfizXreWRSPKSgnZ4AaABAg,UgzMfizXreWRSPKSgnZ4AaABAg,UCokzZFxIADPhNf7Q0NCVvng,"Fetched 05/24/2026, 8:08:10 PM GMT+8"
3119,La Trinidad,@johnreylucio8970,7 days ago,Happy Viewing po !! / Mula po sa mga TSV sa Lokal ng La Trinidad ❤,https://www.youtube.com/watch?v=ROa3kbG5M0U&lc=UgxNs4FKi-hx1TMSCOZ4AaABAg,UgxNs4FKi-hx1TMSCOZ4AaABAg,UCNMupRD4ySrN336KZpy29OA,"Fetched 05/24/2026, 8:08:10 PM GMT+8"
3120,La Trinidad,@NylraMango,7 days ago,"Gudpm po mga kapatid..from La Trinidad, Benguet",https://www.youtube.com/watch?v=ROa3kbG5M0U&lc=Ugzk2b3xyTRrZI9GIfB4AaABAg,Ugzk2b3xyTRrZI9GIfB4AaABAg,UCMwaLhn2A3Q-Mb81T8gd54Q,"Fetched 05/24/2026, 8:08:10 PM GMT+8"
3121,La Trinidad,@Jazz-k6s,7 days ago,shout out po kay jazznel na taga Lokal ng La Trinidad 🐑,https://www.youtube.com/watch?v=ROa3kbG5M0U&lc=Ugxz5d-FH5Y478DGEPV4AaABAg,Ugxz5d-FH5Y478DGEPV4AaABAg,UCjmyu8zkVg7bQQCs4HypxNQ,"Fetched 05/24/2026, 8:08:10 PM GMT+8"
3122,La Trinidad,@annalizasalido4682,7 days ago,Happy viewing po from La Trinidad Distrito ng Benguet,https://www.youtube.com/watch?v=ROa3kbG5M0U&lc=Ugzt1jdswdgg6DkEWpB4AaABAg,Ugzt1jdswdgg6DkEWpB4AaABAg,UC_0VIqhZuexxUgxUy_pvN4w,"Fetched 05/24/2026, 8:08:10 PM GMT+8"
3123,La Trinidad,@johnreylucio8970,7 days ago,Happy Viewing po! / Mula po sa Mga Kalihim sa Lokal ng La Trinidad,https://www.youtube.com/watch?v=ROa3kbG5M0U&lc=UgwjiCw4S6Y_lMUKPth4AaABAg,UgwjiCw4S6Y_lMUKPth4AaABAg,UCNMupRD4ySrN336KZpy29OA,"Fetched 05/24/2026, 8:08:10 PM GMT+8"
3124,La Trinidad,@clarkpiloneo6778,7 days ago,Unending love and Support from La Trinidad!!!!,https://www.youtube.com/watch?v=ROa3kbG5M0U&lc=UgxTHfcM2_kl9axyEzp4AaABAg,UgxTHfcM2_kl9axyEzp4AaABAg,UC-rMw-abFKutSmzfhWFDgJw,"Fetched 05/24/2026, 8:08:10 PM GMT+8"
3125,La Trinidad,@JethroMarconi,7 days ago,Mula Po sa LSO Ng lokal Ng la Trinidad  happy viewing Po ❤,https://www.youtube.com/watch?v=ROa3kbG5M0U&lc=UgwGqGja68__lf-9BzJ4AaABAg,UgwGqGja68__lf-9BzJ4AaABAg,UCZLQFZ9UEZ43qu4MWzaKCVg,"Fetched 05/24/2026, 8:08:10 PM GMT+8"
3126,La Trinidad,@clarkpiloneo6778,7 days ago,Happpyyy viewingg poo!!! From lokal ng La Trinidad!!!!!,https://www.youtube.com/watch?v=ROa3kbG5M0U&lc=UgxzJoiOVyAonIuNgQ54AaABAg,UgxzJoiOVyAonIuNgQ54AaABAg,UC-rMw-abFKutSmzfhWFDgJw,"Fetched 05/24/2026, 8:08:10 PM GMT+8"
3127,La Trinidad,@judithGaoan,7 days ago,Shout po sa mga masisiglang binhi ng aming lokal na palaging nkasupporta sa panunuod -La Trinidad,https://www.youtube.com/watch?v=ROa3kbG5M0U&lc=Ugx_XScTfoyDsRmbdsp4AaABAg,Ugx_XScTfoyDsRmbdsp4AaABAg,UCRorSeBrDC02x6GWPC4AB4Q,"Fetched 05/24/2026, 8:08:10 PM GMT+8"
3128,La Trinidad,@RaymonsDemasangl,7 days ago,Go La Trinidad,https://www.youtube.com/watch?v=ROa3kbG5M0U&lc=UgzAta4xi-OyJ2EAZ414AaABAg,UgzAta4xi-OyJ2EAZ414AaABAg,UCQwJcvA74llIh-yJ6C1BIJw,"Fetched 05/24/2026, 8:08:10 PM GMT+8"
3129,La Trinidad,@johnreylucio8970,7 days ago,"Good Afternoon po mga Kabagiss!! / Bumabati po kaming mga Maytungkulin, Dito po sa Lokal ng La Trinidad 🥦🐑🍓",https://www.youtube.com/watch?v=ROa3kbG5M0U&lc=UgyqRwOiKpkXim0CZFB4AaABAg,UgyqRwOiKpkXim0CZFB4AaABAg,UCNMupRD4ySrN336KZpy29OA,"Fetched 05/24/2026, 8:08:10 PM GMT+8"
3130,La Trinidad,@jayveejacinto-x3x,7 days ago,from Local of La Trinidad Distrito ng benguet .... /  God bless to all Kapatid.. /   😇🙏😇🙏♥️🌹♥️🌹♥️😇,https://www.youtube.com/watch?v=ROa3kbG5M0U&lc=Ugx9ErCVgdraPoh56-h4AaABAg,Ugx9ErCVgdraPoh56-h4AaABAg,UCLmvQyL6i1DJqOT8bmIl_qg,"Fetched 05/24/2026, 8:08:10 PM GMT+8"
3131,La Trinidad,@JethroMarconi,7 days ago,Happy viewing Po  / mula po sa SCAN  Ng La Trinidad ❤❤❤,https://www.youtube.com/watch?v=ROa3kbG5M0U&lc=Ugwz39qxBb7ZRfbFp0B4AaABAg,Ugwz39qxBb7ZRfbFp0B4AaABAg,UCZLQFZ9UEZ43qu4MWzaKCVg,"Fetched 05/24/2026, 8:08:10 PM GMT+8"
3132,La Trinidad,@janetpiloneo4005,7 days ago,Happy viewing po☺️ La Trinidad po☺️,https://www.youtube.com/watch?v=ROa3kbG5M0U&lc=UgxlHvD_Il4I5Ajpw2l4AaABAg,UgxlHvD_Il4I5Ajpw2l4AaABAg,UCHfGuEIPpHgRmM_zIugjkPQ,"Fetched 05/24/2026, 8:08:10 PM GMT+8"
3133,La Trinidad,@Jazz-k6s,7 days ago,Shout out po sa mga kapatid  / Comment po tayo😊  / Mula sa lokal ng La Trinidad 🐑🌱  / Kapisanang Binhi 🌱🐑🍓,https://www.youtube.com/watch?v=ROa3kbG5M0U&lc=UgxJohAOsoOgomSoXl94AaABAg,UgxJohAOsoOgomSoXl94AaABAg,UCjmyu8zkVg7bQQCs4HypxNQ,"Fetched 05/24/2026, 8:08:10 PM GMT+8"
3134,La Trinidad,@clarkpiloneo6778,7 days ago,Supporting from lokal ng La Trinidad!!! gogo BENGUETT!! Go winton,https://www.youtube.com/watch?v=ROa3kbG5M0U&lc=UgwvRTzY5lFXlezZWPp4AaABAg,UgwvRTzY5lFXlezZWPp4AaABAg,UC-rMw-abFKutSmzfhWFDgJw,"Fetched 05/24/2026, 8:08:10 PM GMT+8"
3135,La Trinidad,@PrincedeMesa-m7l,7 days ago,Happy viewing po from lokal ng La Trinidad Distrito ng Benguet,https://www.youtube.com/watch?v=ROa3kbG5M0U&lc=UgzTryfnXeYgb4trD5h4AaABAg,UgzTryfnXeYgb4trD5h4AaABAg,UCsSkODfVZQzVunDvyG6XSlg,"Fetched 05/24/2026, 8:08:10 PM GMT+8"
3136,La Trinidad,@valdezjoyantonettep.434,7 days ago,Happy viewing po mula sa lokal ng la Trinidad ❤❤,https://www.youtube.com/watch?v=ROa3kbG5M0U&lc=Ugw9DveWOiGFmR7pGPh4AaABAg,Ugw9DveWOiGFmR7pGPh4AaABAg,UCDDz7pvk3dfpxLt4H1zUmIA,"Fetched 05/24/2026, 8:08:10 PM GMT+8"
3137,La Trinidad,@NoelSalting-e6b,7 days ago,HAPPY VIEWING PO LOKAL NG LA TRINIDAD,https://www.youtube.com/watch?v=ROa3kbG5M0U&lc=UgyOShq8jrB_AM9jw4R4AaABAg,UgyOShq8jrB_AM9jw4R4AaABAg,UCXOfmtaIUUXN_U6NpODvtSg,"Fetched 05/24/2026, 8:08:10 PM GMT+8"
3138,La Trinidad,@johnreylucio8970,7 days ago,Let's Go Benguet! / Greetings po Mula sa Lokal ng La Trinidad 🥦🐑🍓,https://www.youtube.com/watch?v=ROa3kbG5M0U&lc=UgzheS4qt-nSPOihnsh4AaABAg,UgzheS4qt-nSPOihnsh4AaABAg,UCNMupRD4ySrN336KZpy29OA,"Fetched 05/24/2026, 8:08:10 PM GMT+8"
3139,La Trinidad,@Jazz-k6s,7 days ago,Shout out po kay ate Cassey Sy Gonzales  / Let's go BINHI 🌱🐑  / Lokal ng La Trinidad 🐑,https://www.youtube.com/watch?v=ROa3kbG5M0U&lc=UgybZ5I_fg7oeHiePOB4AaABAg,UgybZ5I_fg7oeHiePOB4AaABAg,UCjmyu8zkVg7bQQCs4HypxNQ,"Fetched 05/24/2026, 8:08:10 PM GMT+8"
3140,La Trinidad,@Jazz-k6s,7 days ago,Happy Rewatching po mga kapatid bumabati mula sa lokal ng La Trinidad 🐑🌱  / Kapisanang binhi 🌱,https://www.youtube.com/watch?v=ROa3kbG5M0U&lc=Ugx6TQKwINPVmi37mcB4AaABAg,Ugx6TQKwINPVmi37mcB4AaABAg,UCjmyu8zkVg7bQQCs4HypxNQ,"Fetched 05/24/2026, 8:08:10 PM GMT+8"
3141,La Trinidad,@lanlani.eaaaahn,7 days ago,"Happy viewing po, mga kapatid!!!! Pagbati mula sa lokal ng La Trinidad!!!",https://www.youtube.com/watch?v=ROa3kbG5M0U&lc=UgxHTDkAixRHUhdKWph4AaABAg,UgxHTDkAixRHUhdKWph4AaABAg,UCxRF5ldmYBJWNlgtayRoTHg,"Fetched 05/24/2026, 8:08:10 PM GMT+8"
3142,La Trinidad,@clarkpiloneo6778,7 days ago,TRULY WORTH THE WATCH!!! Thankyou Benguet!! Supporting from lokal ng La Trinidad!!!!,https://www.youtube.com/watch?v=ROa3kbG5M0U&lc=UgyM_8ieB1L8WbcGVoB4AaABAg,UgyM_8ieB1L8WbcGVoB4AaABAg,UC-rMw-abFKutSmzfhWFDgJw,"Fetched 05/24/2026, 8:08:10 PM GMT+8"
3143,La Trinidad,@johnreylucio8970,7 days ago,"Shout Out po sa aming Mahal na Destindo, Ka Kenner Bokilis,  / - La Trinidad",https://www.youtube.com/watch?v=ROa3kbG5M0U&lc=UgxUEugqsb_oh9RgL6x4AaABAg,UgxUEugqsb_oh9RgL6x4AaABAg,UCNMupRD4ySrN336KZpy29OA,"Fetched 05/24/2026, 8:08:10 PM GMT+8"
3144,La Trinidad,@johnreylucio8970,7 days ago,"Let's watch it again po mga kapatid, sa lokal ng La Trinidad",https://www.youtube.com/watch?v=ROa3kbG5M0U&lc=Ugz1kwKq4XinTPFE3Vd4AaABAg,Ugz1kwKq4XinTPFE3Vd4AaABAg,UCNMupRD4ySrN336KZpy29OA,"Fetched 05/24/2026, 8:08:10 PM GMT+8"
3145,La Trinidad,@johnreylucio8970,7 days ago,"Hello po mga kAbagis,!! / Happy Viewing po / Mula po sa Kapisanang Kadiwa sa Lokal ng La Trinidad ❤",https://www.youtube.com/watch?v=ROa3kbG5M0U&lc=Ugw4N-FDhyLwHqoTGY54AaABAg,Ugw4N-FDhyLwHqoTGY54AaABAg,UCNMupRD4ySrN336KZpy29OA,"Fetched 05/24/2026, 8:08:10 PM GMT+8"
3146,La Trinidad,@Jazz-k6s,7 days ago,Let's go la Trinidad  / Let's keep supporting,https://www.youtube.com/watch?v=ROa3kbG5M0U&lc=UgyZtHpmAzlxT2Z9ck14AaABAg,UgyZtHpmAzlxT2Z9ck14AaABAg,UCjmyu8zkVg7bQQCs4HypxNQ,"Fetched 05/24/2026, 8:08:10 PM GMT+8"
3147,La Trinidad,@PELITANJennyClaireT,7 days ago,Happy viewing po mula po sa Kapisanang Kadiwa 👧. / - La Trinidad,https://www.youtube.com/watch?v=ROa3kbG5M0U&lc=Ugzq3ixxVTlsw4PYIqV4AaABAg,Ugzq3ixxVTlsw4PYIqV4AaABAg,UCsVZgGkRnNqeIIOLxHiFR7A,"Fetched 05/24/2026, 8:08:10 PM GMT+8"
3148,La Trinidad,@mcgyvr9902,7 days ago,"Happy viewing po mula sa Lokal po ng La Trinidad, Benguet. /  Binabati po namin ang mga magigiting na Kapatid na Sina, / Eeh Are Estopase / Prince De Mesa / Albert Valdez",https://www.youtube.com/watch?v=ROa3kbG5M0U&lc=UgytcwT89_6KhoCBkd54AaABAg,UgytcwT89_6KhoCBkd54AaABAg,UCAjZpkbW6zjleos-htMShdg,"Fetched 05/24/2026, 8:08:10 PM GMT+8"
3149,La Trinidad,@glamourmusic9601,7 days ago,"Happy Viewing po from Lokal ng La Trinidad, Distrito ng Benguet❤ /  / - TSV/Kalihim",https://www.youtube.com/watch?v=ROa3kbG5M0U&lc=Ugy1dvcTzBIoklhcDvh4AaABAg,Ugy1dvcTzBIoklhcDvh4AaABAg,UCz-G0IQpQCWu_Z0yAFKv2Og,"Fetched 05/24/2026, 8:08:10 PM GMT+8"
3150,La Trinidad,@JethroMarconi,7 days ago,Happy viewing Po 🎉💚🤍❤️ / mula po sa lokal  Ng la Trinidad distrito Ng Benguet,https://www.youtube.com/watch?v=ROa3kbG5M0U&lc=UgwTMeVSPlKqbAab_Sl4AaABAg,UgwTMeVSPlKqbAab_Sl4AaABAg,UCZLQFZ9UEZ43qu4MWzaKCVg,"Fetched 05/24/2026, 8:08:10 PM GMT+8"
3151,La Trinidad,@JenniferValdez-c5d,7 days ago,Happy viewing po mula sa lokal ng la trinidad ❤,https://www.youtube.com/watch?v=ROa3kbG5M0U&lc=UgzOq8swcqiKxjtDOjh4AaABAg,UgzOq8swcqiKxjtDOjh4AaABAg,UCiN6DGY8eQ2sfl_8iyFTlZg,"Fetched 05/24/2026, 8:08:10 PM GMT+8"
3152,La Trinidad,@MARCONIJerwenS,7 days ago,Happy viewing po from Local ng La Trinidad...,https://www.youtube.com/watch?v=ROa3kbG5M0U&lc=UgzpruLWsQPz0XkZhsZ4AaABAg,UgzpruLWsQPz0XkZhsZ4AaABAg,UCbiwh2_hz_Ir3CPn4mEknQw,"Fetched 05/24/2026, 8:08:10 PM GMT+8"
3153,La Trinidad,@aubreybolleser7680,7 days ago,"Happy viewing to all the brethren all over the world. Greetings from Locale of La Trinidad,Ecclesiastial District of Benguet. ❤❤❤❤",https://www.youtube.com/watch?v=ROa3kbG5M0U&lc=Ugx3STA3Jj3E0Okmu7h4AaABAg,Ugx3STA3Jj3E0Okmu7h4AaABAg,UCiZ8P_gc_F8quQAUrKJk7Eg,"Fetched 05/24/2026, 8:08:10 PM GMT+8"
3154,La Trinidad,@janetpiloneo4005,7 days ago,"Greetings po,, kagawaran ng pananalapi,, La Trinidad, Benguet☺️😥☺️",https://www.youtube.com/watch?v=ROa3kbG5M0U&lc=Ugw5fp1QjC8J1Jzd7Ep4AaABAg,Ugw5fp1QjC8J1Jzd7Ep4AaABAg,UCHfGuEIPpHgRmM_zIugjkPQ,"Fetched 05/24/2026, 8:08:10 PM GMT+8"
3155,La Trinidad,@Lily00w4,7 days ago,Very talented po taga distrito ng Benguet 🤩😍 /  / Greetings po from maytungkulin sa kapisanan ng lokal ng La Trinidad!!!,https://www.youtube.com/watch?v=ROa3kbG5M0U&lc=UgzropaVCDpgSrgZgl54AaABAg,UgzropaVCDpgSrgZgl54AaABAg,UCHl8Pldv8Fblg_vCsH_o5Vg,"Fetched 05/24/2026, 8:08:10 PM GMT+8"
3156,La Trinidad,@judithGaoan,7 days ago,Patuloy po na sumusuporta...go benguet!!! /  / Mula po d2 sa lokal ng La Trinidad.,https://www.youtube.com/watch?v=ROa3kbG5M0U&lc=UgwKrmFq_x_Nyei-w9t4AaABAg,UgwKrmFq_x_Nyei-w9t4AaABAg,UCRorSeBrDC02x6GWPC4AB4Q,"Fetched 05/24/2026, 8:08:10 PM GMT+8"
3157,La Trinidad,@Iris-t5x4j,7 days ago,"Mula po sa Lokal ng La Trinidad, happy viewing po! Patuloy po tayo sa pagsuporta mga kapatid❤",https://www.youtube.com/watch?v=ROa3kbG5M0U&lc=Ugx0Ofbw4LltmEJgFQN4AaABAg,Ugx0Ofbw4LltmEJgFQN4AaABAg,UCvB2OQrq8oEelXH0x43boTA,"Fetched 05/24/2026, 8:08:10 PM GMT+8"
3158,La Trinidad,@PELITANJennyClaireT,7 days ago,Continuous support from lokal ng La Trinidad ❤ / - La Trinidad,https://www.youtube.com/watch?v=ROa3kbG5M0U&lc=UgwDJsjaxHaws2Xvb194AaABAg,UgwDJsjaxHaws2Xvb194AaABAg,UCsVZgGkRnNqeIIOLxHiFR7A,"Fetched 05/24/2026, 8:08:10 PM GMT+8"
3159,La Trinidad,@Jazz-k6s,7 days ago,Let's go BENGUET 🍓🐑🌱  / Bumabati mula sa lokal ng La Trinidad kapisanang binhi 🌱🐑,https://www.youtube.com/watch?v=ROa3kbG5M0U&lc=UgwWzRgCg7QbDck2b3R4AaABAg,UgwWzRgCg7QbDck2b3R4AaABAg,UCjmyu8zkVg7bQQCs4HypxNQ,"Fetched 05/24/2026, 8:08:10 PM GMT+8"
3160,La Trinidad,@PELITANJennyClaireT,7 days ago,Happy watching everyoneee 🎉. / - La Trinidad,https://www.youtube.com/watch?v=ROa3kbG5M0U&lc=Ugz9wtcnX8t1bwLPBcl4AaABAg,Ugz9wtcnX8t1bwLPBcl4AaABAg,UCsVZgGkRnNqeIIOLxHiFR7A,"Fetched 05/24/2026, 8:08:10 PM GMT+8"
3161,La Trinidad,@PELITANJennyClaireT,7 days ago,Let's go Benguettt 🎉🎉. Continuous love my hart 🫶 / - La Trinidad,https://www.youtube.com/watch?v=ROa3kbG5M0U&lc=UgwCR7kXQzHJtEy2-SR4AaABAg,UgwCR7kXQzHJtEy2-SR4AaABAg,UCsVZgGkRnNqeIIOLxHiFR7A,"Fetched 05/24/2026, 8:08:10 PM GMT+8"
3162,La Trinidad,@ianmanalata6848,7 days ago,Maligayang panonood sa mga MT at mga kapatid sa lokal ng La trinidad,https://www.youtube.com/watch?v=ROa3kbG5M0U&lc=Ugzsb8DxAJg9cD4XtKN4AaABAg,Ugzsb8DxAJg9cD4XtKN4AaABAg,UCaR_6qSjFhPnAUSSK3zbkqg,"Fetched 05/24/2026, 8:08:10 PM GMT+8"
3163,La Trinidad,@rejomartayaban,7 days ago,"Enjoy watching ang listening po mga kapatid, patuloy din po kaming mga kadiwa sa Lokal ng La Trinidad sa pagview ng ating MV..",https://www.youtube.com/watch?v=ROa3kbG5M0U&lc=UgwDZUz9vFXgCSJKp_54AaABAg,UgwDZUz9vFXgCSJKp_54AaABAg,UCi7RYRPFL6HTFaScpYFJMJQ,"Fetched 05/24/2026, 8:08:10 PM GMT+8"
3164,La Trinidad,@rejomartayaban,7 days ago,Angg husayyy talaga ng buong team ng Distrito ng Benguettt!! Bumabati po ang mga kadiwa ng Lokal ng La Trinidad sa lahat ng mga kapatid sa patuloy na pagsupport🤍🤍,https://www.youtube.com/watch?v=ROa3kbG5M0U&lc=Ugzki5WgqwGIFz9k5aB4AaABAg,Ugzki5WgqwGIFz9k5aB4AaABAg,UCi7RYRPFL6HTFaScpYFJMJQ,"Fetched 05/24/2026, 8:08:10 PM GMT+8"
3165,La Trinidad,@johnreylucio8970,7 days ago,"Good Afternoon po, Bago tayo dumalo  sa Pulong, nood tayo sglit at ipakita ang ating suporta ❤ / - La Trinidad",https://www.youtube.com/watch?v=ROa3kbG5M0U&lc=UgwVVNuZSI4qVQJKvx54AaABAg,UgwVVNuZSI4qVQJKvx54AaABAg,UCNMupRD4ySrN336KZpy29OA,"Fetched 05/24/2026, 8:08:10 PM GMT+8"
3166,La Trinidad,@rejomartayaban,7 days ago,Kaisa kaming mga MT ng Lokal ng La Trinidad sa patuloy na pagsuporta🤍,https://www.youtube.com/watch?v=ROa3kbG5M0U&lc=Ugx-kK1dGrotBmrp6DZ4AaABAg,Ugx-kK1dGrotBmrp6DZ4AaABAg,UCi7RYRPFL6HTFaScpYFJMJQ,"Fetched 05/24/2026, 8:08:10 PM GMT+8"
3167,La Trinidad,@rejomartayaban,7 days ago,"Viewing from lokal ng La Trinidad, kapisanang Kadiwa.",https://www.youtube.com/watch?v=ROa3kbG5M0U&lc=UgxURdiWnH309jqYBTd4AaABAg,UgxURdiWnH309jqYBTd4AaABAg,UCi7RYRPFL6HTFaScpYFJMJQ,"Fetched 05/24/2026, 8:08:10 PM GMT+8"
3168,La Trinidad,@Jazz-k6s,7 days ago,shout out po kay Leigh Ann na walang sawa ang pagsuporta🎉🎉 /  / -La Trinidad,https://www.youtube.com/watch?v=ROa3kbG5M0U&lc=UgzvpvbrTGwd-r25MnB4AaABAg,UgzvpvbrTGwd-r25MnB4AaABAg,UCjmyu8zkVg7bQQCs4HypxNQ,"Fetched 05/24/2026, 8:08:10 PM GMT+8"
3169,La Trinidad,@lanlani.eaaaahn,7 days ago,Binabati po kayo ng mga MT mula sa Lokal ng La Trinidad!!!,https://www.youtube.com/watch?v=ROa3kbG5M0U&lc=UgyUz_zszV1q9U9RybF4AaABAg,UgyUz_zszV1q9U9RybF4AaABAg,UCxRF5ldmYBJWNlgtayRoTHg,"Fetched 05/24/2026, 8:08:10 PM GMT+8"
3170,La Trinidad,@Jazz-k6s,7 days ago,happy viewing po 🎉🎉 /  / mula sa lokal ng La Trinidad 🪷,https://www.youtube.com/watch?v=ROa3kbG5M0U&lc=Ugzx6lC5WsFpsA1e2YV4AaABAg,Ugzx6lC5WsFpsA1e2YV4AaABAg,UCjmyu8zkVg7bQQCs4HypxNQ,"Fetched 05/24/2026, 8:08:10 PM GMT+8"
3171,La Trinidad,@dianarosedejesus2783,7 days ago,Sarap sa ears. Greetings po mula La Trinidad Kadiwa,https://www.youtube.com/watch?v=ROa3kbG5M0U&lc=UgztF3oJF-1yrzjVYUx4AaABAg,UgztF3oJF-1yrzjVYUx4AaABAg,UCjc_gaLO7YZrg_UEBl6267w,"Fetched 05/24/2026, 8:08:10 PM GMT+8"
3172,La Trinidad,@bhenmarkabellanes,7 days ago,Go Benguet!🙌✨ /  / - La Trinidad,https://www.youtube.com/watch?v=ROa3kbG5M0U&lc=UgxwfcRv8-6kvFyPmgl4AaABAg,UgxwfcRv8-6kvFyPmgl4AaABAg,UCa2tc7ZvW6AzjMYcI-FsTVQ,"Fetched 05/24/2026, 8:08:10 PM GMT+8"
3173,La Trinidad,@johnreylucio8970,7 days ago,Lokal ng La Trinidad ay Patuloy ang suporta Entry ng Benguet.,https://www.youtube.com/watch?v=ROa3kbG5M0U&lc=Ugyu9FzL75xHn_CFz314AaABAg,Ugyu9FzL75xHn_CFz314AaABAg,UCNMupRD4ySrN336KZpy29OA,"Fetched 05/24/2026, 8:08:10 PM GMT+8"
3174,La Trinidad,@MylaGarcia-y3p,7 days ago,Magandang hapon po! / Happy watching po mula sa Kapisanang Binhi!🎉 / -La Trinidad,https://www.youtube.com/watch?v=ROa3kbG5M0U&lc=UgxNIb7yKA2Zfs3M9V54AaABAg,UgxNIb7yKA2Zfs3M9V54AaABAg,UC986iCV8EIPka_wTNMTpeBw,"Fetched 05/24/2026, 8:08:10 PM GMT+8"
3175,La Trinidad,@clarkpiloneo6778,7 days ago,Gogogo Benguet!! Maligayang pagbatii po mula sa lokal ng La Trinidad,https://www.youtube.com/watch?v=ROa3kbG5M0U&lc=UgxYAweZN127l6-LeOB4AaABAg,UgxYAweZN127l6-LeOB4AaABAg,UC-rMw-abFKutSmzfhWFDgJw,"Fetched 05/24/2026, 8:08:10 PM GMT+8"
3176,La Trinidad,@clarkpiloneo6778,7 days ago,"Maligayanggg panonood po mula sa kagawaran ng PNK, Lokal ng La Trinidad!!",https://www.youtube.com/watch?v=ROa3kbG5M0U&lc=UgygmD-tlgrS2S98aAt4AaABAg,UgygmD-tlgrS2S98aAt4AaABAg,UC-rMw-abFKutSmzfhWFDgJw,"Fetched 05/24/2026, 8:08:10 PM GMT+8"
3177,La Trinidad,@rejomartayaban,7 days ago,Patuloy parin po na nakasuporta ang mga kadiwa sa lokal ng La Trinidad. Goo Benguett!!,https://www.youtube.com/watch?v=ROa3kbG5M0U&lc=UgyWOUDtCsk2rIO5AGN4AaABAg,UgyWOUDtCsk2rIO5AGN4AaABAg,UCi7RYRPFL6HTFaScpYFJMJQ,"Fetched 05/24/2026, 8:08:10 PM GMT+8"
3178,La Trinidad,@PELITANJennyClaireT,7 days ago,Happy afternoon pooo. Happy watching🎉. / -La Trinidad,https://www.youtube.com/watch?v=ROa3kbG5M0U&lc=UgzisipY6xWX5n-O9kx4AaABAg,UgzisipY6xWX5n-O9kx4AaABAg,UCsVZgGkRnNqeIIOLxHiFR7A,"Fetched 05/24/2026, 8:08:10 PM GMT+8"
3179,La Trinidad,@lanlani.eaaaahn,7 days ago,Buong suporta po mula sa Lokal ng La Trinidad!!!! ❤❤❤,https://www.youtube.com/watch?v=ROa3kbG5M0U&lc=Ugyi4npz0Rsgzv336qZ4AaABAg,Ugyi4npz0Rsgzv336qZ4AaABAg,UCxRF5ldmYBJWNlgtayRoTHg,"Fetched 05/24/2026, 8:08:10 PM GMT+8"
3180,La Trinidad,@CasseySGonzales,7 days ago,Patuloy po nating suportahan🏋‍♀️ ang ating Distrito mga kapatid🐑❤ / -Lokal ng La Trinidad🍓Distrito ng Benguet⛰️,https://www.youtube.com/watch?v=ROa3kbG5M0U&lc=UgylNCsFC0ELVHZrKNR4AaABAg,UgylNCsFC0ELVHZrKNR4AaABAg,UCZ_1zJtZfWs6L_NdfNJCvtQ,"Fetched 05/24/2026, 8:08:10 PM GMT+8"
3181,La Trinidad,@CasseySGonzales,7 days ago,"Very Inspiring po 👏👏👏 / Just by listening to this song, buong buo na po ang araw ko🌄 / Greetings po from lokal ng La Trinidad, Benguet❤",https://www.youtube.com/watch?v=ROa3kbG5M0U&lc=Ugz1l89AIf2MLcStMQV4AaABAg,Ugz1l89AIf2MLcStMQV4AaABAg,UCZ_1zJtZfWs6L_NdfNJCvtQ,"Fetched 05/24/2026, 8:08:10 PM GMT+8"
3182,La Trinidad,@jajahowhow34,7 days ago,Magandang araw po sa ating lahat mga kapatid!🤗 Patuloy na sumusuporta mula po sa Lokal ng La Trinidad!,https://www.youtube.com/watch?v=ROa3kbG5M0U&lc=UgyDAYghTGCJNQsm1094AaABAg,UgyDAYghTGCJNQsm1094AaABAg,UCZqjXW2bq-iFGhee5WzpbBQ,"Fetched 05/24/2026, 8:08:10 PM GMT+8"
3183,La Trinidad,@drewbatinay1449,7 days ago,Let’s go Benguet! Lets go La Trinidad❤❤,https://www.youtube.com/watch?v=ROa3kbG5M0U&lc=Ugwr4zJBg1df7ztd4RJ4AaABAg,Ugwr4zJBg1df7ztd4RJ4AaABAg,UCQgz35ptm_7_RPT-Pc80itg,"Fetched 05/24/2026, 8:08:10 PM GMT+8"
3184,La Trinidad,@clarkpiloneo6778,7 days ago,"Mula po sa lokal ng La Trinidad at kagawaran ng PNK, HAPPPYY VIEWING POOO",https://www.youtube.com/watch?v=ROa3kbG5M0U&lc=Ugwkf4lGwD-6LOZ5jqh4AaABAg,Ugwkf4lGwD-6LOZ5jqh4AaABAg,UC-rMw-abFKutSmzfhWFDgJw,"Fetched 05/24/2026, 8:08:10 PM GMT+8"
3185,La Trinidad,@johnreylucio8970,7 days ago,Masaya po kaming Kaisa sa lokal ng La Trinidad ❤,https://www.youtube.com/watch?v=ROa3kbG5M0U&lc=UgzLZd9s8zDgdwYN83x4AaABAg,UgzLZd9s8zDgdwYN83x4AaABAg,UCNMupRD4ySrN336KZpy29OA,"Fetched 05/24/2026, 8:08:10 PM GMT+8"
3186,La Trinidad,@drewbatinay1449,7 days ago,Utmost support from the MTs of the locale of La Trinidad❤,https://www.youtube.com/watch?v=ROa3kbG5M0U&lc=UgxSznzGsPcRqvByxKB4AaABAg,UgxSznzGsPcRqvByxKB4AaABAg,UCQgz35ptm_7_RPT-Pc80itg,"Fetched 05/24/2026, 8:08:10 PM GMT+8"
3187,La Trinidad,@jazz-m7b,7 days ago,Happy viewing po mga kapatid bumabati mula sa lokal ng La Trinidad at sa kagawaran ng PNK 😊🐑🌱,https://www.youtube.com/watch?v=ROa3kbG5M0U&lc=Ugz2l2OLQPhPbmAI6fd4AaABAg,Ugz2l2OLQPhPbmAI6fd4AaABAg,UCNB-zyitm7U6Yt835DEKclA,"Fetched 05/24/2026, 8:08:10 PM GMT+8"
3188,La Trinidad,@jhonejushdelacruz6710,7 days ago,Happy viewing po! Mula sa kagawaran ng PNK sa lokal po ng La Trinidad! ❤,https://www.youtube.com/watch?v=ROa3kbG5M0U&lc=UgzkHE_EN0znWjLMiAx4AaABAg,UgzkHE_EN0znWjLMiAx4AaABAg,UCDTfJS_e7_UVpYsFdtAWzVw,"Fetched 05/24/2026, 8:08:10 PM GMT+8"
3189,La Trinidad,@drewbatinay1449,7 days ago,Let’s go Benguet! Laging nakasubaybay po ang mga nasa kagawaran ng PNK mula po sa lokal ng La Trinidad❤,https://www.youtube.com/watch?v=ROa3kbG5M0U&lc=UgxhypQEG1fNRzwQAJt4AaABAg,UgxhypQEG1fNRzwQAJt4AaABAg,UCQgz35ptm_7_RPT-Pc80itg,"Fetched 05/24/2026, 8:08:10 PM GMT+8"
3190,La Trinidad,@jazz-m7b,7 days ago,Happy viewing po  / Lokal ng La Trinidad,https://www.youtube.com/watch?v=ROa3kbG5M0U&lc=UgxMqQin44GlKewsI0F4AaABAg,UgxMqQin44GlKewsI0F4AaABAg,UCNB-zyitm7U6Yt835DEKclA,"Fetched 05/24/2026, 8:08:10 PM GMT+8"
3191,La Trinidad,@jhonejushdelacruz6710,7 days ago,Bumabati po ang mga nasa kagawaran ng PNK mula po sa lokal ng La Trinidad! ❤,https://www.youtube.com/watch?v=ROa3kbG5M0U&lc=UgxRpXhMmLd7i5sA3Y94AaABAg,UgxRpXhMmLd7i5sA3Y94AaABAg,UCDTfJS_e7_UVpYsFdtAWzVw,"Fetched 05/24/2026, 8:08:10 PM GMT+8"
3192,La Trinidad,@johnreylucio8970,7 days ago,"Happy Viewing po mga kapatid, Pag bati po Mula sa Kagawaran ng PNK sa lokal ng La Trinidad ❤",https://www.youtube.com/watch?v=ROa3kbG5M0U&lc=Ugyi3u9IUArRXviS_N94AaABAg,Ugyi3u9IUArRXviS_N94AaABAg,UCNMupRD4ySrN336KZpy29OA,"Fetched 05/24/2026, 8:08:10 PM GMT+8"
3193,La Trinidad,@clarkpiloneo6778,7 days ago,Maligayang pagbati po mula sa lokal ng La Trinidad at sa kagawaran ng PNK!! Happpy viewwing po mga kapatid!!,https://www.youtube.com/watch?v=ROa3kbG5M0U&lc=Ugycx5sAg3WfbGzXJkx4AaABAg,Ugycx5sAg3WfbGzXJkx4AaABAg,UC-rMw-abFKutSmzfhWFDgJw,"Fetched 05/24/2026, 8:08:10 PM GMT+8"
3194,La Trinidad,@lanlani.eaaaahn,7 days ago,"Magandang hapon po, mga kapatid!!! Patuloy po tayong sumuporta!!! Maligayang pagbati mula sa Lokal ng La Trinidad!!!",https://www.youtube.com/watch?v=ROa3kbG5M0U&lc=UgxPOZeEb00DcUD_Z0t4AaABAg,UgxPOZeEb00DcUD_Z0t4AaABAg,UCxRF5ldmYBJWNlgtayRoTHg,"Fetched 05/24/2026, 8:08:10 PM GMT+8"
3195,La Trinidad,@jazz-m7b,7 days ago,Magandang watching po sainyong lahat mga brethren mula po sa lokal ng La Trinidad 🐑🌱,https://www.youtube.com/watch?v=ROa3kbG5M0U&lc=UgyOGS3Jz4zKR_ivm4F4AaABAg,UgyOGS3Jz4zKR_ivm4F4AaABAg,UCNB-zyitm7U6Yt835DEKclA,"Fetched 05/24/2026, 8:08:10 PM GMT+8"
3196,La Trinidad,@lanlani.eaaaahn,7 days ago,"Let’s go go go gooo, BENGUETTTTTT!!!!!!  /  / — La Trinidad",https://www.youtube.com/watch?v=ROa3kbG5M0U&lc=Ugzk9KBde5vgYouTUo94AaABAg,Ugzk9KBde5vgYouTUo94AaABAg,UCxRF5ldmYBJWNlgtayRoTHg,"Fetched 05/24/2026, 8:08:10 PM GMT+8"
3197,La Trinidad,@jazz-m7b,7 days ago,Let's go BENGUET 🍓  / Happy panonood po mga kapatid 😊 / La Trinidad kapisanang binhi 🌱🐑,https://www.youtube.com/watch?v=ROa3kbG5M0U&lc=UgzZja5krTE3EBbabD54AaABAg,UgzZja5krTE3EBbabD54AaABAg,UCNB-zyitm7U6Yt835DEKclA,"Fetched 05/24/2026, 8:08:10 PM GMT+8"
3198,La Trinidad,@BnHydn,7 days ago,Keep on watching everyone 🎉 / Go Benguet ♥️  / -Lokal ng La Trinidad,https://www.youtube.com/watch?v=ROa3kbG5M0U&lc=Ugx27q2sO9ailaCQ-Tl4AaABAg,Ugx27q2sO9ailaCQ-Tl4AaABAg,UCbVqbfs9vjTS-hPNArDNcFQ,"Fetched 05/24/2026, 8:08:10 PM GMT+8"
3199,La Trinidad,@judithGaoan,7 days ago,Happy watching sa làhat po..from lokal ng La Trinidad,https://www.youtube.com/watch?v=ROa3kbG5M0U&lc=UgxFqxJ843-2ay6I7VZ4AaABAg,UgxFqxJ843-2ay6I7VZ4AaABAg,UCRorSeBrDC02x6GWPC4AB4Q,"Fetched 05/24/2026, 8:08:10 PM GMT+8"
3200,La Trinidad,@judithGaoan,7 days ago,Happy viewing po..habang ngllunch /  / lokal ng la Trinidad,https://www.youtube.com/watch?v=ROa3kbG5M0U&lc=Ugw2ZLwGPBiS4W4JmRB4AaABAg,Ugw2ZLwGPBiS4W4JmRB4AaABAg,UCRorSeBrDC02x6GWPC4AB4Q,"Fetched 05/24/2026, 8:08:10 PM GMT+8"
3201,La Trinidad,@jazz-m7b,7 days ago,"Magandang panonood po mga kapatid bumabati po mula sa lokal ng La Trinidad, kapisanang binhi 🌱🐑🍓",https://www.youtube.com/watch?v=ROa3kbG5M0U&lc=UgxASt81hRbxNEHpHXV4AaABAg,UgxASt81hRbxNEHpHXV4AaABAg,UCNB-zyitm7U6Yt835DEKclA,"Fetched 05/24/2026, 8:08:10 PM GMT+8"
3202,La Trinidad,@johnreylucio8970,7 days ago,"Nakaka good vibes talaga,, Kaya good vibes kami dto sa lokal ng La Trinidad",https://www.youtube.com/watch?v=ROa3kbG5M0U&lc=UgzFKH_FMFSzANwxWI94AaABAg,UgzFKH_FMFSzANwxWI94AaABAg,UCNMupRD4ySrN336KZpy29OA,"Fetched 05/24/2026, 8:08:10 PM GMT+8"
3203,La Trinidad,@johnreylucio8970,7 days ago,"Happy Viewing po,, Always happy Po kami dito sa Lokal ng La Trinidad❤",https://www.youtube.com/watch?v=ROa3kbG5M0U&lc=UgwXZDO1CIqCsLWeSXB4AaABAg,UgwXZDO1CIqCsLWeSXB4AaABAg,UCNMupRD4ySrN336KZpy29OA,"Fetched 05/24/2026, 8:08:10 PM GMT+8"
3204,La Trinidad,@jazz-m7b,7 days ago,Happy panonood po mga kapatid bumabati mula sa lokal ng La Trinidad kapisanang binhi 🌱🐑🍓,https://www.youtube.com/watch?v=ROa3kbG5M0U&lc=UgxOy7i0q27-pLCr6Ol4AaABAg,UgxOy7i0q27-pLCr6Ol4AaABAg,UCNB-zyitm7U6Yt835DEKclA,"Fetched 05/24/2026, 8:08:10 PM GMT+8"
3205,La Trinidad,@klienmartingonzales9861,7 days ago,"Happy Viewing po from Lokal ng La Trinidad, Distrito ng Benguet 🌹",https://www.youtube.com/watch?v=ROa3kbG5M0U&lc=UgyT-yhSXzC2sMjMGe54AaABAg,UgyT-yhSXzC2sMjMGe54AaABAg,UCIJSXffobfJsAIrn8hdp5ig,"Fetched 05/24/2026, 8:08:10 PM GMT+8"
3206,La Trinidad,@johnreylucio8970,7 days ago,Benguet on Top! / Support po mula sa lokal ng La Trinidad ❤,https://www.youtube.com/watch?v=ROa3kbG5M0U&lc=UgyNLed8YCe5R2g16ol4AaABAg,UgyNLed8YCe5R2g16ol4AaABAg,UCNMupRD4ySrN336KZpy29OA,"Fetched 05/24/2026, 8:08:10 PM GMT+8"
3207,La Trinidad,@johnreylucio8970,7 days ago,"Hindi nakakasawa, sarap panuorin ang Entry ng ating Distrito❤ / Mula po sa Kadiwa sa lokal ng La Trinidad",https://www.youtube.com/watch?v=ROa3kbG5M0U&lc=UgydOnOFT5JuUp-kHY94AaABAg,UgydOnOFT5JuUp-kHY94AaABAg,UCNMupRD4ySrN336KZpy29OA,"Fetched 05/24/2026, 8:08:10 PM GMT+8"
3208,La Trinidad,@johnreylucio8970,7 days ago,Watching From lokal ng La Trinidad,https://www.youtube.com/watch?v=ROa3kbG5M0U&lc=Ugw-YehDDwRlLbUPCCt4AaABAg,Ugw-YehDDwRlLbUPCCt4AaABAg,UCNMupRD4ySrN336KZpy29OA,"Fetched 05/24/2026, 8:08:10 PM GMT+8"
3209,La Trinidad,@johnreylucio8970,7 days ago,"Kami po sa lokal ng La Trinidad ay patuloy na Naka suporta sa Entry ng ating Distrito, yohoo / GO BENGUET!!",https://www.youtube.com/watch?v=ROa3kbG5M0U&lc=Ugy3U1IFEwIYsPm25MF4AaABAg,Ugy3U1IFEwIYsPm25MF4AaABAg,UCNMupRD4ySrN336KZpy29OA,"Fetched 05/24/2026, 8:08:10 PM GMT+8"
3210,La Trinidad,@johnreylucio8970,7 days ago,'God Always has your back' / Go Benguet! / Greetings po mula sa lokal ng La Trinidad,https://www.youtube.com/watch?v=ROa3kbG5M0U&lc=Ugxjp-njJSlb7EshOoF4AaABAg,Ugxjp-njJSlb7EshOoF4AaABAg,UCNMupRD4ySrN336KZpy29OA,"Fetched 05/24/2026, 8:08:10 PM GMT+8"
3211,La Trinidad,@johnreylucio8970,7 days ago,"Masayang Pagbati po ,  / Patuloy po kaming nakasuporta, Lokal ng La Trinidad ❤",https://www.youtube.com/watch?v=ROa3kbG5M0U&lc=Ugz3VyNj-DoalITMBBt4AaABAg,Ugz3VyNj-DoalITMBBt4AaABAg,UCNMupRD4ySrN336KZpy29OA,"Fetched 05/24/2026, 8:08:10 PM GMT+8"
3212,La Trinidad,@jazz-m7b,7 days ago,Shout out po sa mga mt jan na laging sumosoporta at naka subaybay ❤😊 /  / La Trinidad 🪷🍓🐑,https://www.youtube.com/watch?v=ROa3kbG5M0U&lc=Ugzj-rPMR9nBAI45TGt4AaABAg,Ugzj-rPMR9nBAI45TGt4AaABAg,UCNB-zyitm7U6Yt835DEKclA,"Fetched 05/24/2026, 8:08:10 PM GMT+8"
3213,La Trinidad,@BnHydn,7 days ago,Nonstop support mula sa lokal ng La Trinidad. Masayang panonood mga kapatid 👋,https://www.youtube.com/watch?v=ROa3kbG5M0U&lc=UgzsXCzS_hkyiyEjHl14AaABAg,UgzsXCzS_hkyiyEjHl14AaABAg,UCbVqbfs9vjTS-hPNArDNcFQ,"Fetched 05/24/2026, 8:08:10 PM GMT+8"
3214,La Trinidad,@BnHydn,7 days ago,Watching everyone. Full support Mula sa lokal ng La Trinidad,https://www.youtube.com/watch?v=ROa3kbG5M0U&lc=UgySmD09z_dpZbCIVdR4AaABAg,UgySmD09z_dpZbCIVdR4AaABAg,UCbVqbfs9vjTS-hPNArDNcFQ,"Fetched 05/24/2026, 8:08:10 PM GMT+8"
3215,La Trinidad,@BnHydn,7 days ago,🎵 God's Love 🎵 / His wordous love ✅ /  / Mula po sa lokal ng La Trinidad,https://www.youtube.com/watch?v=ROa3kbG5M0U&lc=Ugwqzjp4ouzH-JwfenJ4AaABAg,Ugwqzjp4ouzH-JwfenJ4AaABAg,UCbVqbfs9vjTS-hPNArDNcFQ,"Fetched 05/24/2026, 8:08:10 PM GMT+8"
3216,La Trinidad,@BnHydn,7 days ago,Go Benguet ♥️ Go La Trinidad,https://www.youtube.com/watch?v=ROa3kbG5M0U&lc=Ugyo7Km9pWDMLd9QirR4AaABAg,Ugyo7Km9pWDMLd9QirR4AaABAg,UCbVqbfs9vjTS-hPNArDNcFQ,"Fetched 05/24/2026, 8:08:10 PM GMT+8"
3217,La Trinidad,@BnHydn,7 days ago,🎵 God's Love 🎵 / His wordous love ✅ /  / Mula po sa lokal ng La Trinidad,https://www.youtube.com/watch?v=ROa3kbG5M0U&lc=Ugz4ClePZokwyowNw654AaABAg,Ugz4ClePZokwyowNw654AaABAg,UCbVqbfs9vjTS-hPNArDNcFQ,"Fetched 05/24/2026, 8:08:10 PM GMT+8"
3218,La Trinidad,@BnHydn,7 days ago,☀️ morning viewing sa lahat 📺  / -Lokal ng La Trinidad,https://www.youtube.com/watch?v=ROa3kbG5M0U&lc=UgxAUBwW1kGuNFZ86h54AaABAg,UgxAUBwW1kGuNFZ86h54AaABAg,UCbVqbfs9vjTS-hPNArDNcFQ,"Fetched 05/24/2026, 8:08:10 PM GMT+8"
3219,La Trinidad,@BnHydn,7 days ago,Benguet 🔛🔝  / -Lokal ng La Trinidad,https://www.youtube.com/watch?v=ROa3kbG5M0U&lc=UgzuYz0X4UHvw2X-vA54AaABAg,UgzuYz0X4UHvw2X-vA54AaABAg,UCbVqbfs9vjTS-hPNArDNcFQ,"Fetched 05/24/2026, 8:08:10 PM GMT+8"
3220,La Trinidad,@BnHydn,7 days ago,napakaganda ng production 🎇 / -Mula sa lokal ng La Trinidad  / Let's go Benguet,https://www.youtube.com/watch?v=ROa3kbG5M0U&lc=UgxE0KqkwCWJaZp-3_94AaABAg,UgxE0KqkwCWJaZp-3_94AaABAg,UCbVqbfs9vjTS-hPNArDNcFQ,"Fetched 05/24/2026, 8:08:10 PM GMT+8"
3221,La Trinidad,@BnHydn,7 days ago,Happy viewing po sa lahat 📺🎵 / -Lokal ng La Trinidad,https://www.youtube.com/watch?v=ROa3kbG5M0U&lc=UgzEyQO8UR-QoeaKN1V4AaABAg,UgzEyQO8UR-QoeaKN1V4AaABAg,UCbVqbfs9vjTS-hPNArDNcFQ,"Fetched 05/24/2026, 8:08:10 PM GMT+8"
3222,La Trinidad,@BnHydn,7 days ago,Enjoy watching everyone  / Lokal ng La Trinidad,https://www.youtube.com/watch?v=ROa3kbG5M0U&lc=UgyE5C3uCuiOQegZcZB4AaABAg,UgyE5C3uCuiOQegZcZB4AaABAg,UCbVqbfs9vjTS-hPNArDNcFQ,"Fetched 05/24/2026, 8:08:10 PM GMT+8"
3223,La Trinidad,@BnHydn,7 days ago,Watching on repeat 🔁  / -Lokal ng La Trinidad,https://www.youtube.com/watch?v=ROa3kbG5M0U&lc=Ugx5QJ8pQJkI-rvpE2x4AaABAg,Ugx5QJ8pQJkI-rvpE2x4AaABAg,UCbVqbfs9vjTS-hPNArDNcFQ,"Fetched 05/24/2026, 8:08:10 PM GMT+8"
3224,La Trinidad,@BnHydn,7 days ago,Truly Inspiring 💫  / -Lokal ng La Trinidad,https://www.youtube.com/watch?v=ROa3kbG5M0U&lc=UgynbfoIELBdBeXBC8d4AaABAg,UgynbfoIELBdBeXBC8d4AaABAg,UCbVqbfs9vjTS-hPNArDNcFQ,"Fetched 05/24/2026, 8:08:10 PM GMT+8"
3225,La Trinidad,@BnHydn,7 days ago,Go Benguet  / Go La Trinidad,https://www.youtube.com/watch?v=ROa3kbG5M0U&lc=Ugzfq1_GvIWiQLb9Rxh4AaABAg,Ugzfq1_GvIWiQLb9Rxh4AaABAg,UCbVqbfs9vjTS-hPNArDNcFQ,"Fetched 05/24/2026, 8:08:10 PM GMT+8"
3226,La Trinidad,@BnHydn,7 days ago,Good morning 🌞  / Happy viewing to all brethren  / -Lokal ng La Trinidad,https://www.youtube.com/watch?v=ROa3kbG5M0U&lc=UgwVhdaei2d8JX_rPQV4AaABAg,UgwVhdaei2d8JX_rPQV4AaABAg,UCbVqbfs9vjTS-hPNArDNcFQ,"Fetched 05/24/2026, 8:08:10 PM GMT+8"
3227,La Trinidad,@BnHydn,7 days ago,napakaganda ng production 🎇 / -Mula sa lokal ng La Trinidad,https://www.youtube.com/watch?v=ROa3kbG5M0U&lc=Ugye55zTki5b9flEhQZ4AaABAg,Ugye55zTki5b9flEhQZ4AaABAg,UCbVqbfs9vjTS-hPNArDNcFQ,"Fetched 05/24/2026, 8:08:10 PM GMT+8"
3228,La Trinidad,@BnHydn,7 days ago,"best MV !! Mula po sa lokal ng La Trinidad,",https://www.youtube.com/watch?v=ROa3kbG5M0U&lc=UgzV5fwcLgZxWRp_H8Z4AaABAg,UgzV5fwcLgZxWRp_H8Z4AaABAg,UCbVqbfs9vjTS-hPNArDNcFQ,"Fetched 05/24/2026, 8:08:10 PM GMT+8"
3229,La Trinidad,@BnHydn,7 days ago,Hi and happy watching mga kapatid! / -Lokal ng La Trinidad,https://www.youtube.com/watch?v=ROa3kbG5M0U&lc=UgyTkDzRmvQJJRdeJ5x4AaABAg,UgyTkDzRmvQJJRdeJ5x4AaABAg,UCbVqbfs9vjTS-hPNArDNcFQ,"Fetched 05/24/2026, 8:08:10 PM GMT+8"
3230,La Trinidad,@BnHydn,7 days ago,🎵 God's Love 🎵 / His wordous love ✅ /  / Mula po sa lokal ng La Trinidad,https://www.youtube.com/watch?v=ROa3kbG5M0U&lc=Ugx6wBRciffdEcLSKxl4AaABAg,Ugx6wBRciffdEcLSKxl4AaABAg,UCbVqbfs9vjTS-hPNArDNcFQ,"Fetched 05/24/2026, 8:08:10 PM GMT+8"
3231,La Trinidad,@BnHydn,7 days ago,"Maligayang panonood pooo🌼 / Happy viewing Mula sa lokal ng La Trinidad, Kapisanang Binhi",https://www.youtube.com/watch?v=ROa3kbG5M0U&lc=UgwZplp37OhrB7W2ofZ4AaABAg,UgwZplp37OhrB7W2ofZ4AaABAg,UCbVqbfs9vjTS-hPNArDNcFQ,"Fetched 05/24/2026, 8:08:10 PM GMT+8"
3232,La Trinidad,@BnHydn,7 days ago,♥️Let's go Benguet ♥️ / 💚 Local ng La Trinidad 💚,https://www.youtube.com/watch?v=ROa3kbG5M0U&lc=UgzCWS4lm98HfxH4iqB4AaABAg,UgzCWS4lm98HfxH4iqB4AaABAg,UCbVqbfs9vjTS-hPNArDNcFQ,"Fetched 05/24/2026, 8:08:10 PM GMT+8"
3233,La Trinidad,@BnHydn,7 days ago,Binhi watchers 👋 / -Lokal ng La Trinidad,https://www.youtube.com/watch?v=ROa3kbG5M0U&lc=UgyEABVavQB0qSH2hJV4AaABAg,UgyEABVavQB0qSH2hJV4AaABAg,UCbVqbfs9vjTS-hPNArDNcFQ,"Fetched 05/24/2026, 8:08:10 PM GMT+8"
3234,La Trinidad,@BnHydn,7 days ago,Let's go Benguet  / Let's go Binhi / Let's go La Trinidad,https://www.youtube.com/watch?v=ROa3kbG5M0U&lc=UgypyhoY6rKHs6gJmM14AaABAg,UgypyhoY6rKHs6gJmM14AaABAg,UCbVqbfs9vjTS-hPNArDNcFQ,"Fetched 05/24/2026, 8:08:10 PM GMT+8"
3235,La Trinidad,@BnHydn,7 days ago,Road to 28 k views🎉 / Let's go Benguet 🍓  / -La Trinidad,https://www.youtube.com/watch?v=ROa3kbG5M0U&lc=UgwshzrpbzqVzqs_MRl4AaABAg,UgwshzrpbzqVzqs_MRl4AaABAg,UCbVqbfs9vjTS-hPNArDNcFQ,"Fetched 05/24/2026, 8:08:10 PM GMT+8"
3236,La Trinidad,@BnHydn,7 days ago,27k views🎉 Let's go Benguet 🍓 Lokal ng La Trinidad,https://www.youtube.com/watch?v=ROa3kbG5M0U&lc=UgyxwRO08v8hwTXiXGZ4AaABAg,UgyxwRO08v8hwTXiXGZ4AaABAg,UCbVqbfs9vjTS-hPNArDNcFQ,"Fetched 05/24/2026, 8:08:10 PM GMT+8"
3237,La Trinidad,@BnHydn,7 days ago,napakaganda ng production 🎇 / -Mula sa lokal ng La Trinidad,https://www.youtube.com/watch?v=ROa3kbG5M0U&lc=Ugz5cEgvt2DKf863vwB4AaABAg,Ugz5cEgvt2DKf863vwB4AaABAg,UCbVqbfs9vjTS-hPNArDNcFQ,"Fetched 05/24/2026, 8:08:10 PM GMT+8"
3238,La Trinidad,@BnHydn,7 days ago,Enjoy watching everyone 💞 / Lokal ng La Trinidad,https://www.youtube.com/watch?v=ROa3kbG5M0U&lc=UgzpLFsBhlC9X-RJi7R4AaABAg,UgzpLFsBhlC9X-RJi7R4AaABAg,UCbVqbfs9vjTS-hPNArDNcFQ,"Fetched 05/24/2026, 8:08:10 PM GMT+8"
3239,La Trinidad,@BnHydn,7 days ago,17k comment 🎉 Let's go Benguet 🍓 Lokal ng La Trinidad,https://www.youtube.com/watch?v=ROa3kbG5M0U&lc=Ugy4EHoNd3CJhzmZFHp4AaABAg,Ugy4EHoNd3CJhzmZFHp4AaABAg,UCbVqbfs9vjTS-hPNArDNcFQ,"Fetched 05/24/2026, 8:08:10 PM GMT+8"
3240,La Trinidad,@BnHydn,7 days ago,Happy viewing to everyone! / -La Trinidad,https://www.youtube.com/watch?v=ROa3kbG5M0U&lc=UgzWAPN25yYyEKt-W_B4AaABAg,UgzWAPN25yYyEKt-W_B4AaABAg,UCbVqbfs9vjTS-hPNArDNcFQ,"Fetched 05/24/2026, 8:08:10 PM GMT+8"
3241,La Trinidad,@BnHydn,7 days ago,"Happy viewing to all  / "" From the Locale Congregation of La Trinidad""",https://www.youtube.com/watch?v=ROa3kbG5M0U&lc=Ugz0Yqte8pJntWoqfPB4AaABAg,Ugz0Yqte8pJntWoqfPB4AaABAg,UCbVqbfs9vjTS-hPNArDNcFQ,"Fetched 05/24/2026, 8:08:10 PM GMT+8"
3242,La Trinidad,@BnHydn,7 days ago,napakaganda ng production 🎇 / -Mula sa lokal ng La Trinidad,https://www.youtube.com/watch?v=ROa3kbG5M0U&lc=Ugzp_cIt4WTk5X2Wn2p4AaABAg,Ugzp_cIt4WTk5X2Wn2p4AaABAg,UCbVqbfs9vjTS-hPNArDNcFQ,"Fetched 05/24/2026, 8:08:10 PM GMT+8"
3243,La Trinidad,@BnHydn,7 days ago,🎵 God's Love 🎵 / His wordous love ✅ /  / Mula po sa lokal ng La Trinidad,https://www.youtube.com/watch?v=ROa3kbG5M0U&lc=Ugx_pDaMU7pgkokhbcF4AaABAg,Ugx_pDaMU7pgkokhbcF4AaABAg,UCbVqbfs9vjTS-hPNArDNcFQ,"Fetched 05/24/2026, 8:08:10 PM GMT+8"
3244,La Trinidad,@BnHydn,7 days ago,Let's go Benguet  / Let's go Binhi / Let's go La Trinidad,https://www.youtube.com/watch?v=ROa3kbG5M0U&lc=Ugzu_PKJY4NejHi6bYh4AaABAg,Ugzu_PKJY4NejHi6bYh4AaABAg,UCbVqbfs9vjTS-hPNArDNcFQ,"Fetched 05/24/2026, 8:08:10 PM GMT+8"
3245,La Trinidad,@BnHydn_3,7 days ago,Happy viewing to everyone! / -La Trinidad,https://www.youtube.com/watch?v=ROa3kbG5M0U&lc=UgzmzWf0KcvTqF6csbp4AaABAg,UgzmzWf0KcvTqF6csbp4AaABAg,UCKZxY6b5mH_zsnldMnxGIpQ,"Fetched 05/24/2026, 8:08:10 PM GMT+8"
3246,La Trinidad,@BnHydn_3,7 days ago,Happy viewing po sa lahat 📺🎵 / -Lokal ng La Trinidad,https://www.youtube.com/watch?v=ROa3kbG5M0U&lc=UgzqihDXQ1wjlqNFmSV4AaABAg,UgzqihDXQ1wjlqNFmSV4AaABAg,UCKZxY6b5mH_zsnldMnxGIpQ,"Fetched 05/24/2026, 8:08:10 PM GMT+8"
3247,La Trinidad,@BnHydn_3,7 days ago,Hindi nakakasawang panoorin ‼️ Mula po sa lokal ng La Trinidad,https://www.youtube.com/watch?v=ROa3kbG5M0U&lc=Ugxc-KS6TOoMItW8ewN4AaABAg,Ugxc-KS6TOoMItW8ewN4AaABAg,UCKZxY6b5mH_zsnldMnxGIpQ,"Fetched 05/24/2026, 8:08:10 PM GMT+8"
3248,La Trinidad,@BnHydn_3,7 days ago,♥️Let's go Benguet ♥️ / 💚 Local ng La Trinidad 💚,https://www.youtube.com/watch?v=ROa3kbG5M0U&lc=UgxmiGH4IK5eoNZHVrB4AaABAg,UgxmiGH4IK5eoNZHVrB4AaABAg,UCKZxY6b5mH_zsnldMnxGIpQ,"Fetched 05/24/2026, 8:08:10 PM GMT+8"
3249,La Trinidad,@BnHydn_3,7 days ago,"Happy viewing to all  / "" From the Locale Congregation of La Trinidad""",https://www.youtube.com/watch?v=ROa3kbG5M0U&lc=UgxXjOcqyAyqBJTA6KZ4AaABAg,UgxXjOcqyAyqBJTA6KZ4AaABAg,UCKZxY6b5mH_zsnldMnxGIpQ,"Fetched 05/24/2026, 8:08:10 PM GMT+8"
3250,La Trinidad,@BnHydn_3,7 days ago,Hi and happy watching mga kapatid! / -Lokal ng La Trinidad,https://www.youtube.com/watch?v=ROa3kbG5M0U&lc=UgyHGmijYC6jBJNY5ZR4AaABAg,UgyHGmijYC6jBJNY5ZR4AaABAg,UCKZxY6b5mH_zsnldMnxGIpQ,"Fetched 05/24/2026, 8:08:10 PM GMT+8"
3251,La Trinidad,@BnHydn_3,7 days ago,"best MV !! Mula po sa lokal ng La Trinidad,",https://www.youtube.com/watch?v=ROa3kbG5M0U&lc=UgwqXI1fzoK5HjD6JON4AaABAg,UgwqXI1fzoK5HjD6JON4AaABAg,UCKZxY6b5mH_zsnldMnxGIpQ,"Fetched 05/24/2026, 8:08:10 PM GMT+8"
3252,La Trinidad,@BnHydn_3,7 days ago,Enjoy watching everyone 💞 / Lokal ng La Trinidad,https://www.youtube.com/watch?v=ROa3kbG5M0U&lc=Ugwi1e4O9E-ON15-Q2l4AaABAg,Ugwi1e4O9E-ON15-Q2l4AaABAg,UCKZxY6b5mH_zsnldMnxGIpQ,"Fetched 05/24/2026, 8:08:10 PM GMT+8"
3253,La Trinidad,@BnHydn_3,7 days ago,Better watching than doing nothing  / -Lokal ng La Trinidad ❤,https://www.youtube.com/watch?v=ROa3kbG5M0U&lc=UgwH26Pn8484reESAhN4AaABAg,UgwH26Pn8484reESAhN4AaABAg,UCKZxY6b5mH_zsnldMnxGIpQ,"Fetched 05/24/2026, 8:08:10 PM GMT+8"
3254,La Trinidad,@BnHydn_3,7 days ago,Happy viewing po sa lahat 📺🎵 / -Lokal ng La Trinidad,https://www.youtube.com/watch?v=ROa3kbG5M0U&lc=UgzrW3hOFC4zpO0yLfB4AaABAg,UgzrW3hOFC4zpO0yLfB4AaABAg,UCKZxY6b5mH_zsnldMnxGIpQ,"Fetched 05/24/2026, 8:08:10 PM GMT+8"
3255,La Trinidad,@BnHydn_3,7 days ago,Benguet 🔛🔝⚡ / Let's go La Trinidad,https://www.youtube.com/watch?v=ROa3kbG5M0U&lc=UgxEtd963IJTmp-grGF4AaABAg,UgxEtd963IJTmp-grGF4AaABAg,UCKZxY6b5mH_zsnldMnxGIpQ,"Fetched 05/24/2026, 8:08:10 PM GMT+8"
3256,La Trinidad,@BnHydn_3,7 days ago,♥️Let's go Benguet ♥️ / 💚 Local ng La Trinidad 💚,https://www.youtube.com/watch?v=ROa3kbG5M0U&lc=UgyyjVK9vfn4hNoe9IB4AaABAg,UgyyjVK9vfn4hNoe9IB4AaABAg,UCKZxY6b5mH_zsnldMnxGIpQ,"Fetched 05/24/2026, 8:08:10 PM GMT+8"
3257,La Trinidad,@EvelynAsuncion-o2n,7 days ago,Happy viewing Po Mula Po sa local ng La Trinidad..,https://www.youtube.com/watch?v=ROa3kbG5M0U&lc=UgwAH8HpEHk1Ca_w-1p4AaABAg,UgwAH8HpEHk1Ca_w-1p4AaABAg,UChXuuuWeR3M-EB5CrACz3sA,"Fetched 05/24/2026, 8:08:10 PM GMT+8"
3258,La Trinidad,@BnHydn_3,7 days ago,Let's go Benguet  / Let's go Binhi / Let's go La Trinidad,https://www.youtube.com/watch?v=ROa3kbG5M0U&lc=UgyqM8LV9govL_Rgg394AaABAg,UgyqM8LV9govL_Rgg394AaABAg,UCKZxY6b5mH_zsnldMnxGIpQ,"Fetched 05/24/2026, 8:08:10 PM GMT+8"
3259,La Trinidad,@BnHydn_3,7 days ago,#Benguet / Enjoy watching.🎉 / -Lokal ng La Trinidad,https://www.youtube.com/watch?v=ROa3kbG5M0U&lc=UgyJhmAYWfUhIiDZsZt4AaABAg,UgyJhmAYWfUhIiDZsZt4AaABAg,UCKZxY6b5mH_zsnldMnxGIpQ,"Fetched 05/24/2026, 8:08:10 PM GMT+8"
3260,La Trinidad,@jazz-m7b,7 days ago,"Let's Go Benguet! 🥀🥀🥀 / Rewatching po mga kapatid mula po sa lokal ng LA TRINIDAD, distrito ng BENGUET",https://www.youtube.com/watch?v=ROa3kbG5M0U&lc=UgwC7IEWzwaMuxB43fB4AaABAg,UgwC7IEWzwaMuxB43fB4AaABAg,UCNB-zyitm7U6Yt835DEKclA,"Fetched 05/24/2026, 8:08:10 PM GMT+8"
3261,La Trinidad,@BnHydn_3,7 days ago,🎵 God's Love 🎵 / His wordous love ✅ /  / Happy watching mga kapatid 👋  /  / Mula po sa lokal ng La Trinidad,https://www.youtube.com/watch?v=ROa3kbG5M0U&lc=UgwtR-K4MRV-tGcF1sF4AaABAg,UgwtR-K4MRV-tGcF1sF4AaABAg,UCKZxY6b5mH_zsnldMnxGIpQ,"Fetched 05/24/2026, 8:08:10 PM GMT+8"
3262,La Trinidad,@JooCente,7 days ago,Watching po ulit from lokal ng  La Trinidad-Distrito ng  Benguet Secretariat and Registry.Greetings po sa lahat ng mga kapatid .💚🤍♥️,https://www.youtube.com/watch?v=ROa3kbG5M0U&lc=Ugyiwml4iNnIXy6S1qh4AaABAg,Ugyiwml4iNnIXy6S1qh4AaABAg,UCWQSkM11JXFkTZR103KSm0Q,"Fetched 05/24/2026, 8:08:10 PM GMT+8"
3263,La Trinidad,@bengao-an9216,7 days ago,Good morning po sa lahat. Kakatapos lang tumupad... Happy viewing po sa lahat /  / - mula po d2 sa lokal ng La Trinidad,https://www.youtube.com/watch?v=ROa3kbG5M0U&lc=Ugx-G1kBiGjFm93mVCB4AaABAg,Ugx-G1kBiGjFm93mVCB4AaABAg,UCTuh6lT9KphLHTbIU-xiheQ,"Fetched 05/24/2026, 8:08:10 PM GMT+8"
3264,La Trinidad,@BnHydn_3,7 days ago,"best MV !! Mula po sa lokal ng La Trinidad,",https://www.youtube.com/watch?v=ROa3kbG5M0U&lc=Ugwcctg82JgYrkShC714AaABAg,Ugwcctg82JgYrkShC714AaABAg,UCKZxY6b5mH_zsnldMnxGIpQ,"Fetched 05/24/2026, 8:08:10 PM GMT+8"
3265,La Trinidad,@klienmartingonzales9861,7 days ago,"Happy Viewing po from Lokal ng La Trinidad, Distrito ng Benguet 🌹",https://www.youtube.com/watch?v=ROa3kbG5M0U&lc=Ugz5T-OxJW4MBK3_YyB4AaABAg,Ugz5T-OxJW4MBK3_YyB4AaABAg,UCIJSXffobfJsAIrn8hdp5ig,"Fetched 05/24/2026, 8:08:10 PM GMT+8"
3266,La Trinidad,@klienmartingonzales9861,7 days ago,"Happy Viewing po from Lokal ng La Trinidad, Distrito ng Benguet 🌹",https://www.youtube.com/watch?v=ROa3kbG5M0U&lc=UgxJ5QPuXVQNV_eqbyh4AaABAg,UgxJ5QPuXVQNV_eqbyh4AaABAg,UCIJSXffobfJsAIrn8hdp5ig,"Fetched 05/24/2026, 8:08:10 PM GMT+8"
3267,La Trinidad,@klienmartingonzales9861,7 days ago,"Happy Viewing po from Lokal ng La Trinidad, Distrito ng Benguet 🌹",https://www.youtube.com/watch?v=ROa3kbG5M0U&lc=UgyeqYicwEOvAyCC9a54AaABAg,UgyeqYicwEOvAyCC9a54AaABAg,UCIJSXffobfJsAIrn8hdp5ig,"Fetched 05/24/2026, 8:08:10 PM GMT+8"
3268,La Trinidad,@klienmartingonzales9861,7 days ago,"Happy Viewing po from Lokal ng La Trinidad, Distrito ng Benguet 🌹",https://www.youtube.com/watch?v=ROa3kbG5M0U&lc=UgzoaOG2sKgcm8D-fPp4AaABAg,UgzoaOG2sKgcm8D-fPp4AaABAg,UCIJSXffobfJsAIrn8hdp5ig,"Fetched 05/24/2026, 8:08:10 PM GMT+8"
3269,La Trinidad,@klienmartingonzales9861,7 days ago,"Happy Viewing po from Lokal ng La Trinidad, Distrito ng Benguet 🌹",https://www.youtube.com/watch?v=ROa3kbG5M0U&lc=UgwB13BslhWlSYrHfWB4AaABAg,UgwB13BslhWlSYrHfWB4AaABAg,UCIJSXffobfJsAIrn8hdp5ig,"Fetched 05/24/2026, 8:08:10 PM GMT+8"
3270,La Trinidad,@Axiee-s4s,7 days ago,Pagbati po sa lahat ng nanonood 👋 at sa lahat ng may tungkulin sa Lokal ng La Trinidad 🫶,https://www.youtube.com/watch?v=ROa3kbG5M0U&lc=UgzeMmK5Or0wJdOSpCt4AaABAg,UgzeMmK5Or0wJdOSpCt4AaABAg,UCvLy09DU_ionlyibzzGyvLw,"Fetched 05/24/2026, 8:08:10 PM GMT+8"
3271,La Trinidad,@Xieee-x8v,7 days ago,Shout out po sa aming Pangulong Kagawad (daw) Kuya John Rey Lucio (anle) 🤗 /  / -La Trinidad,https://www.youtube.com/watch?v=ROa3kbG5M0U&lc=UgwOPaHxpwvwwAr0niV4AaABAg,UgwOPaHxpwvwwAr0niV4AaABAg,UCjYF2eqO3sw4XuYBb8HsAXg,"Fetched 05/24/2026, 8:08:10 PM GMT+8"
3272,La Trinidad,@Xieee-x8v,7 days ago,Shout out po sa Pangulo ng PNK kuya REDENTOR TAYABAN 👏 na nagdiwang ng kanyang kaarawan noong Abril 👋💝 /  / -La Trinidad,https://www.youtube.com/watch?v=ROa3kbG5M0U&lc=Ugzg2bOjgPBjmoP_4BZ4AaABAg,Ugzg2bOjgPBjmoP_4BZ4AaABAg,UCjYF2eqO3sw4XuYBb8HsAXg,"Fetched 05/24/2026, 8:08:10 PM GMT+8"
3273,La Trinidad,@Xieee-x8v,7 days ago,"Shout out po sa Pangulong Kadiwa ng aming Lokal, Ate Wink Engrid Dela Rosa 🥀  /  / -La Trinidad",https://www.youtube.com/watch?v=ROa3kbG5M0U&lc=UgwYlem5HZJRjyzbF5d4AaABAg,UgwYlem5HZJRjyzbF5d4AaABAg,UCjYF2eqO3sw4XuYBb8HsAXg,"Fetched 05/24/2026, 8:08:10 PM GMT+8"
3274,La Trinidad,@Xieee-x8v,7 days ago,"Shout out po sa aming Dating Pangulong Binhi na ayaw kami iwan, ate Cassey Sy Gonzalez 🧚 At sa aming Bagong pangulo Jazznel Orden 🧍 /  / -La Trinidad",https://www.youtube.com/watch?v=ROa3kbG5M0U&lc=UgyFI7QiA5G6dwMgsSR4AaABAg,UgyFI7QiA5G6dwMgsSR4AaABAg,UCjYF2eqO3sw4XuYBb8HsAXg,"Fetched 05/24/2026, 8:08:10 PM GMT+8"
3275,La Trinidad,@Xieee-x8v,7 days ago,Good morning 🌄  /  / Pagbati po sa aming Destinado sa Lubas GWS 🙌 Bro. Prince Jordan De Mesa ❤️‍🔥 at kanyang laging kasama kuya Jon Sedruol Dela Peña 🥀 /  / -La Trinidad,https://www.youtube.com/watch?v=ROa3kbG5M0U&lc=UgyWvr1RdW_w26yoLJd4AaABAg,UgyWvr1RdW_w26yoLJd4AaABAg,UCjYF2eqO3sw4XuYBb8HsAXg,"Fetched 05/24/2026, 8:08:10 PM GMT+8"
3276,La Trinidad,@Xieee-x8v,7 days ago,Happy viewing everyone!! 🎉🎉  /  / Pagbati po sa aming Destinado Bro. Kenner Bokilis 🩵 at kanyang napakagandang asawa 💞 /  / -La Trinidad 💐,https://www.youtube.com/watch?v=ROa3kbG5M0U&lc=Ugwi_fJcx-Ko678iV9N4AaABAg,Ugwi_fJcx-Ko678iV9N4AaABAg,UCjYF2eqO3sw4XuYBb8HsAXg,"Fetched 05/24/2026, 8:08:10 PM GMT+8"
3277,La Trinidad,@Xieee-x8v,7 days ago,Good morning 🌞 everyone!!!  / Rise and shine 🌄 / Happy viewing everyone 🩷 / Mula po sa Lokal ng La Trinidad 🐑,https://www.youtube.com/watch?v=ROa3kbG5M0U&lc=UgyAuS7k57HTe6Cgslp4AaABAg,UgyAuS7k57HTe6Cgslp4AaABAg,UCjYF2eqO3sw4XuYBb8HsAXg,"Fetched 05/24/2026, 8:08:10 PM GMT+8"
3278,La Trinidad,@BnHydn_3,7 days ago,Happy viewing to everyone! / -La Trinidad,https://www.youtube.com/watch?v=ROa3kbG5M0U&lc=UgwEh1NMNSSMUra2_bp4AaABAg,UgwEh1NMNSSMUra2_bp4AaABAg,UCKZxY6b5mH_zsnldMnxGIpQ,"Fetched 05/24/2026, 8:08:10 PM GMT+8"
3279,La Trinidad,@BnHydn_3,7 days ago,Happy viewing po sa lahat 📺🎵 / -Lokal ng La Trinidad,https://www.youtube.com/watch?v=ROa3kbG5M0U&lc=Ugx2RjGs-JYW4Ou24np4AaABAg,Ugx2RjGs-JYW4Ou24np4AaABAg,UCKZxY6b5mH_zsnldMnxGIpQ,"Fetched 05/24/2026, 8:08:10 PM GMT+8"
3280,La Trinidad,@BnHydn_3,7 days ago,Comment muna bago sumamba🎉 / -Let's go Benguet ♥️  / -La Trinidad,https://www.youtube.com/watch?v=ROa3kbG5M0U&lc=Ugx89hYLJccQjsqG6xZ4AaABAg,Ugx89hYLJccQjsqG6xZ4AaABAg,UCKZxY6b5mH_zsnldMnxGIpQ,"Fetched 05/24/2026, 8:08:10 PM GMT+8"
3281,La Trinidad,@Gretchen_WentwoodCap,7 days ago,"Happpy viewing po , 🎉 from lokal ng La trinidad ❤",https://www.youtube.com/watch?v=ROa3kbG5M0U&lc=UgzXQpo62kbwKGCQlRJ4AaABAg,UgzXQpo62kbwKGCQlRJ4AaABAg,UCC3jZT7acRTZ-8BcKS4evUg,"Fetched 05/24/2026, 8:08:10 PM GMT+8"
3282,La Trinidad,@gretchen-lbf,7 days ago,"Happpy viewing po , 🎉 from lokal ng La trinidad ❤",https://www.youtube.com/watch?v=ROa3kbG5M0U&lc=UgxK9pv6prd_bkiopsl4AaABAg,UgxK9pv6prd_bkiopsl4AaABAg,UCh2-ydOzBbd8wwc-DAE6E1Q,"Fetched 05/24/2026, 8:08:10 PM GMT+8"
3283,La Trinidad,@jazz-m7b,7 days ago,"Good morning po, let's go mga kapatid nood po ulit tayo😊 / Lokal ng La Trinidad 🌱🐑",https://www.youtube.com/watch?v=ROa3kbG5M0U&lc=UgyoDqF09lfQAw9U7zR4AaABAg,UgyoDqF09lfQAw9U7zR4AaABAg,UCNB-zyitm7U6Yt835DEKclA,"Fetched 05/24/2026, 8:08:10 PM GMT+8"
3284,La Trinidad,@JohnnHenn-ryiUyMaccasianno,7 days ago,"🩷🐰🎼👩📍It's So Blessed Fun Happily Viewable & Have Some Entertaining Are So Very Much More Pleased.🎹😇📚 / God's Trust for Everlasting Fulfilled Ways Ahead of LOVE.💟 / Yay! 🚺🚩🚹Keep Going it Up & Go Further For It Benguet! / 💁Greetings Are So Welcomed👨‍👩‍👧‍👦 ～ 🤗Happy Bonding Together, Forever👩‍❤️‍👩... / 🌻🏫🌲Here From The Locale Congregation of La Trinidad, Ecclesiastical District of Benguet, PH.🍓🙋🗺 / ヾ/( ♡ˊ◕ ヮ ◕`♡）\ゞ",https://www.youtube.com/watch?v=ROa3kbG5M0U&lc=UgzfcpYqSxpJHvoD0XJ4AaABAg,UgzfcpYqSxpJHvoD0XJ4AaABAg,UC-f0w0ElkYO1hYSsF6hvkzA,"Fetched 05/24/2026, 8:08:10 PM GMT+8"
3285,La Trinidad,@bhenmarkabellanes,7 days ago,Happy watching from La Trinidad! 🤗,https://www.youtube.com/watch?v=ROa3kbG5M0U&lc=UgzrDqJGPF_r3ui4let4AaABAg,UgzrDqJGPF_r3ui4let4AaABAg,UCa2tc7ZvW6AzjMYcI-FsTVQ,"Fetched 05/24/2026, 8:08:10 PM GMT+8"
3286,La Trinidad,@rejomartayaban,7 days ago,"Binabati po namin ang Ka. Karl Kenneth Sadorra na kumanta sa for our District MV po, napakagalinggg!! Tuloy parin po ang support mula sa lokal ng La Trinidad!!🤍",https://www.youtube.com/watch?v=ROa3kbG5M0U&lc=UgyfFrJCUkio3o_dBi54AaABAg,UgyfFrJCUkio3o_dBi54AaABAg,UCi7RYRPFL6HTFaScpYFJMJQ,"Fetched 05/24/2026, 8:08:10 PM GMT+8"
3287,La Trinidad,@drewbatinay1449,7 days ago,Laging nakasubaybay ang mga MTs ng La Trinidad!❤ Let’s Go!,https://www.youtube.com/watch?v=ROa3kbG5M0U&lc=UgwMF0Es3fNsH_Ul3bV4AaABAg,UgwMF0Es3fNsH_Ul3bV4AaABAg,UCQgz35ptm_7_RPT-Pc80itg,"Fetched 05/24/2026, 8:08:10 PM GMT+8"
3288,La Trinidad,@drewbatinay1449,7 days ago,Let’s go Benguet! Lets go La Trinidad!❤,https://www.youtube.com/watch?v=ROa3kbG5M0U&lc=UgxN318S_Mz7vDy1xlF4AaABAg,UgxN318S_Mz7vDy1xlF4AaABAg,UCQgz35ptm_7_RPT-Pc80itg,"Fetched 05/24/2026, 8:08:10 PM GMT+8"
3289,La Trinidad,@drewbatinay1449,7 days ago,Utmost Support from the Kadiwas of La Trinidad❤,https://www.youtube.com/watch?v=ROa3kbG5M0U&lc=UgyTWbqAitSRor3NGEV4AaABAg,UgyTWbqAitSRor3NGEV4AaABAg,UCQgz35ptm_7_RPT-Pc80itg,"Fetched 05/24/2026, 8:08:10 PM GMT+8"
3290,La Trinidad,@BnHydn_3,7 days ago,Hindi nakakasawang panoorin ‼️ Mula po sa lokal ng La Trinidad  / Let's go Benguet ♥️,https://www.youtube.com/watch?v=ROa3kbG5M0U&lc=UgzFDhlxTJfmg22K9A94AaABAg,UgzFDhlxTJfmg22K9A94AaABAg,UCKZxY6b5mH_zsnldMnxGIpQ,"Fetched 05/24/2026, 8:08:10 PM GMT+8"
3291,La Trinidad,@BnHydn_3,7 days ago,Keep on spamming mga kapatid!! / -Lokal ng La Trinidad,https://www.youtube.com/watch?v=ROa3kbG5M0U&lc=UgxD4xIL5KOWFSu5rlR4AaABAg,UgxD4xIL5KOWFSu5rlR4AaABAg,UCKZxY6b5mH_zsnldMnxGIpQ,"Fetched 05/24/2026, 8:08:10 PM GMT+8"
3292,La Trinidad,@karlamaeleongson9864,7 days ago,Happy Viewing po from Lokal ng La Trinidad Benguet ♥️ / Go Benguet!!!!,https://www.youtube.com/watch?v=ROa3kbG5M0U&lc=UgyOHSSbMvyj-wCl1yV4AaABAg,UgyOHSSbMvyj-wCl1yV4AaABAg,UCNHkoYqgQUbLAW8cTM2pWCg,"Fetched 05/24/2026, 8:08:10 PM GMT+8"
3293,La Trinidad,@BnHydn_3,7 days ago,Watching before ma2log 😊 / Happy watching mula sa lokal ng La Trinidad. /  / Go Benguet ♥️,https://www.youtube.com/watch?v=ROa3kbG5M0U&lc=UgzkxW2yLbZ4HANgdHB4AaABAg,UgzkxW2yLbZ4HANgdHB4AaABAg,UCKZxY6b5mH_zsnldMnxGIpQ,"Fetched 05/24/2026, 8:08:10 PM GMT+8"
3294,La Trinidad,@Xieee-x8v,7 days ago,Hello po mga kapatid 👋  /  / Last nood before matulog 🙌 /  / Good night 🌃everyone and Happy Viewing to all 🫂 /  / Mula sa Lokal ng La Trinidad 💖,https://www.youtube.com/watch?v=ROa3kbG5M0U&lc=UgwKYGUQP6dC9FEf22d4AaABAg,UgwKYGUQP6dC9FEf22d4AaABAg,UCjYF2eqO3sw4XuYBb8HsAXg,"Fetched 05/24/2026, 8:08:10 PM GMT+8"
3295,La Trinidad,@rejomartayaban,7 days ago,Hindi ka talaga maboboring manood sa INCMV's. Gooo Benguetttt!! Mula po sa kapisanang kadiwa ng Lokal ng La Trinidad!!🤍,https://www.youtube.com/watch?v=ROa3kbG5M0U&lc=Ugwepwh7UIcjFwNx-0t4AaABAg,Ugwepwh7UIcjFwNx-0t4AaABAg,UCi7RYRPFL6HTFaScpYFJMJQ,"Fetched 05/24/2026, 8:08:10 PM GMT+8"
3296,La Trinidad,@bhenmarkabellanes,7 days ago,Kape po mga kapatid! ☕ Greetings from Local of La Trinidad! 💐✨,https://www.youtube.com/watch?v=ROa3kbG5M0U&lc=UgxEn68gZDkzUPvN2qp4AaABAg,UgxEn68gZDkzUPvN2qp4AaABAg,UCa2tc7ZvW6AzjMYcI-FsTVQ,"Fetched 05/24/2026, 8:08:10 PM GMT+8"
3297,La Trinidad,@johnreylucio8970,7 days ago,"Bago tayo matulog, at panuorin muli natin iyong MV na ito, Pang paimas ti turog ❤ / -Kadiwa / - La Trinidad",https://www.youtube.com/watch?v=ROa3kbG5M0U&lc=Ugzu8n3YbSnorxmCfj54AaABAg,Ugzu8n3YbSnorxmCfj54AaABAg,UCNMupRD4ySrN336KZpy29OA,"Fetched 05/24/2026, 8:08:10 PM GMT+8"
3298,La Trinidad,@Axiee-s4s,7 days ago,Hindi po nagsasawang manood 🫂 / Mula sa Lokal ng La Trinidad 👋,https://www.youtube.com/watch?v=ROa3kbG5M0U&lc=Ugzx3xCJ_8hptJQkoFl4AaABAg,Ugzx3xCJ_8hptJQkoFl4AaABAg,UCvLy09DU_ionlyibzzGyvLw,"Fetched 05/24/2026, 8:08:10 PM GMT+8"
3299,La Trinidad,@Xieee-x8v,7 days ago,Happy viewing po.  /  / Mula sa Lokal ng La Trinidad 🙌,https://www.youtube.com/watch?v=ROa3kbG5M0U&lc=UgwjqhL1pvWbMVQA9q94AaABAg,UgwjqhL1pvWbMVQA9q94AaABAg,UCjYF2eqO3sw4XuYBb8HsAXg,"Fetched 05/24/2026, 8:08:10 PM GMT+8"
3300,La Trinidad,@Axiee-s4s,7 days ago,Magandang gabi po 🌆 /  / Happy viewing everyone 🎉  / pagbati po mula sa Lokal ng La Trinidad 💝,https://www.youtube.com/watch?v=ROa3kbG5M0U&lc=UgzrUCGObGilub6XV1V4AaABAg,UgzrUCGObGilub6XV1V4AaABAg,UCvLy09DU_ionlyibzzGyvLw,"Fetched 05/24/2026, 8:08:10 PM GMT+8"
3301,La Trinidad,@daisycastaneda7972,7 days ago,"WATCHING ALL THE WAY FROM  THE STRAWBERRY CAPITAL,  LA TRINIDAD GREETINGS TO ALL. , MLA PO SA LOKAL NG BAGUIO CITY.",https://www.youtube.com/watch?v=ROa3kbG5M0U&lc=UgykKziPVGcSBnljjyV4AaABAg,UgykKziPVGcSBnljjyV4AaABAg,UCD3NlGp4eLYcR2RGC7FwnKQ,"Fetched 05/24/2026, 8:08:10 PM GMT+8"
3302,La Trinidad,@jazz-m7b,7 days ago,"Happy viewing po mga kapatid, patuloy po ang aming pag suporta at panonood po dito sa lokal ng La Trinidad 🐑🌱",https://www.youtube.com/watch?v=ROa3kbG5M0U&lc=Ugw5VggajDVKNWRlOLZ4AaABAg,Ugw5VggajDVKNWRlOLZ4AaABAg,UCNB-zyitm7U6Yt835DEKclA,"Fetched 05/24/2026, 8:08:10 PM GMT+8"
3303,La Trinidad,@PELITANJennyClaireT,7 days ago,Happy late late dinner pooo. Enjoy watching 🎉. / - La Trinidad / -La Trinidad,https://www.youtube.com/watch?v=ROa3kbG5M0U&lc=UgwJ54V3nCgTCYvMFwl4AaABAg,UgwJ54V3nCgTCYvMFwl4AaABAg,UCsVZgGkRnNqeIIOLxHiFR7A,"Fetched 05/24/2026, 8:08:10 PM GMT+8"
3304,La Trinidad,@PELITANJennyClaireT,7 days ago,Glimpse before we sleep. Let's go Benguet!! / - La Trinidad,https://www.youtube.com/watch?v=ROa3kbG5M0U&lc=UgyYCs5g4oXqh2hYIxh4AaABAg,UgyYCs5g4oXqh2hYIxh4AaABAg,UCsVZgGkRnNqeIIOLxHiFR7A,"Fetched 05/24/2026, 8:08:10 PM GMT+8"
3305,La Trinidad,@eichriishh,7 days ago (edited),Magandang gabi po mga kapatid! Happy watching po from Lokal ng La Trinidad! Go go go Benguet 🎉💗,https://www.youtube.com/watch?v=ROa3kbG5M0U&lc=Ugxa47OJHVsYAzHA14N4AaABAg,Ugxa47OJHVsYAzHA14N4AaABAg,UCe_supvfwKS_8Dd4Nz-s7KA,"Fetched 05/24/2026, 8:08:10 PM GMT+8"
3306,La Trinidad,@jajahowhow34,7 days ago,Magandang gabi po mga kapatid! ️ / Happy viewing pong muli mula sa Lokal ng La Trinidad!🇮🇹,https://www.youtube.com/watch?v=ROa3kbG5M0U&lc=UgxI8N5HCVlcFRHTpuh4AaABAg,UgxI8N5HCVlcFRHTpuh4AaABAg,UCZqjXW2bq-iFGhee5WzpbBQ,"Fetched 05/24/2026, 8:08:10 PM GMT+8"
3307,La Trinidad,@AltheaEstephanieJaballa,7 days ago,Happy viewing po mula sa lokal ng la Trinidad,https://www.youtube.com/watch?v=ROa3kbG5M0U&lc=UgxVahXQQ15YPZ4_7nx4AaABAg,UgxVahXQQ15YPZ4_7nx4AaABAg,UCIr2XT0yhBj05SQv0YCD_vQ,"Fetched 05/24/2026, 8:08:10 PM GMT+8"
3308,La Trinidad,@AretiCam,7 days ago,Feeling overwhelmed in this life? Let the LOVE and GUIDANCE of our Almighty God lead your life. Our all-out support from Lokal ng La Trinidad💚🤍❤....GO BENGUET!!!!!,https://www.youtube.com/watch?v=ROa3kbG5M0U&lc=UgxD4lZPHN30O8W__IJ4AaABAg,UgxD4lZPHN30O8W__IJ4AaABAg,UCr-wl5nVRr7lJsYzQH5sxhg,"Fetched 05/24/2026, 8:08:10 PM GMT+8"
3309,La Trinidad,@drewbatinay1449,7 days ago,Happy viewing mula sa lokal ng La Trinidad❤️,https://www.youtube.com/watch?v=ROa3kbG5M0U&lc=Ugwg_7HB5FrkiN30wx14AaABAg,Ugwg_7HB5FrkiN30wx14AaABAg,UCQgz35ptm_7_RPT-Pc80itg,"Fetched 05/24/2026, 8:08:10 PM GMT+8"
3310,La Trinidad,@drewbatinay1449,7 days ago,laging sumusubaybay ang mga MTs ng Lokal ng La Trinidad❤,https://www.youtube.com/watch?v=ROa3kbG5M0U&lc=UgywsxHyowpr2RzF5C54AaABAg,UgywsxHyowpr2RzF5C54AaABAg,UCQgz35ptm_7_RPT-Pc80itg,"Fetched 05/24/2026, 8:08:10 PM GMT+8"
3311,La Trinidad,@DianoCharize,7 days ago,Happy viewing po mga Kapatid  / Mula po sa Lokal ng La Trinidad ❤ /  /  / Go~Benguet😊,https://www.youtube.com/watch?v=ROa3kbG5M0U&lc=UgxpstuePEVZc-XfYOp4AaABAg,UgxpstuePEVZc-XfYOp4AaABAg,UCgeNjJWZwDCHuIqnxDjnX1g,"Fetched 05/24/2026, 8:08:10 PM GMT+8"
3312,La Trinidad,@eichriishh,7 days ago,Happy watching mga kapatid! Let us continue to support our district’s INCMV entry. Go Benguet!  /  / Greetings po from Lokal ng La Trinidad 💗,https://www.youtube.com/watch?v=ROa3kbG5M0U&lc=UgwMhVqfxmiihRkSnDR4AaABAg,UgwMhVqfxmiihRkSnDR4AaABAg,UCe_supvfwKS_8Dd4Nz-s7KA,"Fetched 05/24/2026, 8:08:10 PM GMT+8"
3313,La Trinidad,@Axiee-s4s,7 days ago,"Mula po sa mga kagawad ng La Trinidad, Happy viewing everyone 🎉",https://www.youtube.com/watch?v=ROa3kbG5M0U&lc=UgyWly_qh2AG1VZbQFJ4AaABAg,UgyWly_qh2AG1VZbQFJ4AaABAg,UCvLy09DU_ionlyibzzGyvLw,"Fetched 05/24/2026, 8:08:10 PM GMT+8"
3314,La Trinidad,@Xieee-x8v,7 days ago,Shout out po sayo 🤗 / -La Trinidad,https://www.youtube.com/watch?v=ROa3kbG5M0U&lc=UgzuxDzVKzFoKNwIf_J4AaABAg,UgzuxDzVKzFoKNwIf_J4AaABAg,UCjYF2eqO3sw4XuYBb8HsAXg,"Fetched 05/24/2026, 8:08:10 PM GMT+8"
3315,La Trinidad,@Axiee-s4s,7 days ago,Walang sawang nakasubaybay po ang Lokal ng La Trinidad 💐,https://www.youtube.com/watch?v=ROa3kbG5M0U&lc=UgzrYTrieNtjYb3Bccx4AaABAg,UgzrYTrieNtjYb3Bccx4AaABAg,UCvLy09DU_ionlyibzzGyvLw,"Fetched 05/24/2026, 8:08:10 PM GMT+8"
3316,La Trinidad,@johnreylucio8970,7 days ago,"Let's Go, Benguet! Locale Congregation of La Trinidad gives it's unwavering Support  ❤",https://www.youtube.com/watch?v=ROa3kbG5M0U&lc=Ugx3xkpeL3o8l-nemOB4AaABAg,Ugx3xkpeL3o8l-nemOB4AaABAg,UCNMupRD4ySrN336KZpy29OA,"Fetched 05/24/2026, 8:08:10 PM GMT+8"
3317,La Trinidad,@Xieee-x8v,7 days ago,Pagbati po mula sa Lokal ng La Trinidad 🫶,https://www.youtube.com/watch?v=ROa3kbG5M0U&lc=UgzBEqV-bZFW3BJcMrF4AaABAg,UgzBEqV-bZFW3BJcMrF4AaABAg,UCjYF2eqO3sw4XuYBb8HsAXg,"Fetched 05/24/2026, 8:08:10 PM GMT+8"
3318,La Trinidad,@Axiee-s4s,7 days ago,Let's goo Benguet 💯  / -La Trinidad,https://www.youtube.com/watch?v=ROa3kbG5M0U&lc=Ugwm9nfp8SyP1RhBHNl4AaABAg,Ugwm9nfp8SyP1RhBHNl4AaABAg,UCvLy09DU_ionlyibzzGyvLw,"Fetched 05/24/2026, 8:08:10 PM GMT+8"
3319,La Trinidad,@IanIan-o5x,7 days ago,Happy viewing po from lokal ng La trinidad  Distrito  ng Benguet,https://www.youtube.com/watch?v=ROa3kbG5M0U&lc=UgzBy1DmTjPhcZhfLuZ4AaABAg,UgzBy1DmTjPhcZhfLuZ4AaABAg,UC7RS19TFKCb6HStHTsDk__A,"Fetched 05/24/2026, 8:08:10 PM GMT+8"
3320,La Trinidad,@johnreylucio8970,7 days ago,Let's Go BENGUET❤ / Support from La Trinidad ❤,https://www.youtube.com/watch?v=ROa3kbG5M0U&lc=UgwjBflYXHrfX8gJ88R4AaABAg,UgwjBflYXHrfX8gJ88R4AaABAg,UCNMupRD4ySrN336KZpy29OA,"Fetched 05/24/2026, 8:08:10 PM GMT+8"
3321,La Trinidad,@glyzabanna7194,7 days ago,Watching from lokal ng la trinidad,https://www.youtube.com/watch?v=ROa3kbG5M0U&lc=UgyoYz5aOzWoVLjwFRt4AaABAg,UgyoYz5aOzWoVLjwFRt4AaABAg,UCzWm2AkblGXVz9KgvNhIehQ,"Fetched 05/24/2026, 8:08:10 PM GMT+8"
3322,La Trinidad,@Xieee-x8v,7 days ago,Happy viewing everyone 🎉  / -La Trinidad,https://www.youtube.com/watch?v=ROa3kbG5M0U&lc=UgxKQQVMGQiZ_zdAILF4AaABAg,UgxKQQVMGQiZ_zdAILF4AaABAg,UCjYF2eqO3sw4XuYBb8HsAXg,"Fetched 05/24/2026, 8:08:10 PM GMT+8"
3323,La Trinidad,@johnreylucio8970,7 days ago,Happy Viewing po muli mga kapatid! / Pagbati po Mula sa Kadiwa sa La Trinidad ❤,https://www.youtube.com/watch?v=ROa3kbG5M0U&lc=UgyoBU3QBpwiJVJ_-gd4AaABAg,UgyoBU3QBpwiJVJ_-gd4AaABAg,UCNMupRD4ySrN336KZpy29OA,"Fetched 05/24/2026, 8:08:10 PM GMT+8"
3324,La Trinidad,@PELITANJennyClaireT,7 days ago,Flaming support from the lokal ng La Trinidad 🤩 / - La Trinidad,https://www.youtube.com/watch?v=ROa3kbG5M0U&lc=UgzOoW_EZjDZK1iQHRh4AaABAg,UgzOoW_EZjDZK1iQHRh4AaABAg,UCsVZgGkRnNqeIIOLxHiFR7A,"Fetched 05/24/2026, 8:08:10 PM GMT+8"
3325,La Trinidad,@PELITANJennyClaireT,7 days ago,What a nayss 👍  / - La Trinidad,https://www.youtube.com/watch?v=ROa3kbG5M0U&lc=Ugx-tlKofZMbB9btEWN4AaABAg,Ugx-tlKofZMbB9btEWN4AaABAg,UCsVZgGkRnNqeIIOLxHiFR7A,"Fetched 05/24/2026, 8:08:10 PM GMT+8"
3326,La Trinidad,@BnHydn_3,7 days ago,Active wievers mula po sa lokal ng La Trinidad. Happy viewing everyone ♥️  / Let's go Benguet 🍓,https://www.youtube.com/watch?v=ROa3kbG5M0U&lc=UgzvA4wNdvIeQRsFSwF4AaABAg,UgzvA4wNdvIeQRsFSwF4AaABAg,UCKZxY6b5mH_zsnldMnxGIpQ,"Fetched 05/24/2026, 8:08:10 PM GMT+8"
3327,La Trinidad,@jazz-m7b,7 days ago,Shout out po sa mga laging naka subaybay at nanonood jan /  / Lokal ng La Trinidad 🐑🌱,https://www.youtube.com/watch?v=ROa3kbG5M0U&lc=Ugy9YwCwZftjkgH1lD54AaABAg,Ugy9YwCwZftjkgH1lD54AaABAg,UCNB-zyitm7U6Yt835DEKclA,"Fetched 05/24/2026, 8:08:10 PM GMT+8"
3328,La Trinidad,@PELITANJennyClaireT,7 days ago,Go Benguet!!! / - La Trinidad,https://www.youtube.com/watch?v=ROa3kbG5M0U&lc=UgzBtY4qaZEJLI0mr1J4AaABAg,UgzBtY4qaZEJLI0mr1J4AaABAg,UCsVZgGkRnNqeIIOLxHiFR7A,"Fetched 05/24/2026, 8:08:10 PM GMT+8"
3329,La Trinidad,@jazz-m7b,7 days ago,A very enjoyable song 🌱☺️🐑 / Lokal ng La Trinidad,https://www.youtube.com/watch?v=ROa3kbG5M0U&lc=UgwFXoXT8Zm1GUK5XyB4AaABAg,UgwFXoXT8Zm1GUK5XyB4AaABAg,UCNB-zyitm7U6Yt835DEKclA,"Fetched 05/24/2026, 8:08:10 PM GMT+8"
3330,La Trinidad,@jazz-m7b,7 days ago,Let's go BENGUET  / Let's go la Trinidad  / Let's keep on supporting and watching mga kapatid 😊 / Mula sa binhi ng lokal ng La Trinidad 🐑🌱,https://www.youtube.com/watch?v=ROa3kbG5M0U&lc=UgyyWKTRlLrhQl6kIJd4AaABAg,UgyyWKTRlLrhQl6kIJd4AaABAg,UCNB-zyitm7U6Yt835DEKclA,"Fetched 05/24/2026, 8:08:10 PM GMT+8"
3331,La Trinidad,@BnHydn_3,7 days ago,‎Listening to this feels like peace.☀️ Let's go Benguet ♥️  / -Lokal ng La Trinidad,https://www.youtube.com/watch?v=ROa3kbG5M0U&lc=UgyTQMBsW2KL-XE3FhZ4AaABAg,UgyTQMBsW2KL-XE3FhZ4AaABAg,UCKZxY6b5mH_zsnldMnxGIpQ,"Fetched 05/24/2026, 8:08:10 PM GMT+8"
3332,La Trinidad,@rejomartayaban,7 days ago,"Magandang gabi mga mahal na kapatid, pagbati po mula sa kapisanang kadiwa ng lokal ng La Trinidad. Happy evening viewing po!!🤍",https://www.youtube.com/watch?v=ROa3kbG5M0U&lc=UgwCQPmnJnUEy3RbHYx4AaABAg,UgwCQPmnJnUEy3RbHYx4AaABAg,UCi7RYRPFL6HTFaScpYFJMJQ,"Fetched 05/24/2026, 8:08:10 PM GMT+8"
3333,La Trinidad,@BnHydn,8 days ago,"Shoutout sa kaniya, yieee haha /  / -Lokal ng La Trinidad",https://www.youtube.com/watch?v=ROa3kbG5M0U&lc=Ugzvtb13EdOvkzuQ0FB4AaABAg,Ugzvtb13EdOvkzuQ0FB4AaABAg,UCbVqbfs9vjTS-hPNArDNcFQ,"Fetched 05/24/2026, 8:08:10 PM GMT+8"
3334,La Trinidad,@AltheaEstephanieJaballa,8 days ago,Full support from La Trinidad. Let’s go Benguet!,https://www.youtube.com/watch?v=ROa3kbG5M0U&lc=UgyIOeV0nWRLh0B10t14AaABAg,UgyIOeV0nWRLh0B10t14AaABAg,UCIr2XT0yhBj05SQv0YCD_vQ,"Fetched 05/24/2026, 8:08:10 PM GMT+8"
3335,La Trinidad,@Xieee-x8v,8 days ago,Greetings mula po sa Lokal ng La Trinidad 👋,https://www.youtube.com/watch?v=ROa3kbG5M0U&lc=UgyhwWptXnVaillvqqd4AaABAg,UgyhwWptXnVaillvqqd4AaABAg,UCjYF2eqO3sw4XuYBb8HsAXg,"Fetched 05/24/2026, 8:08:10 PM GMT+8"
3336,La Trinidad,@jazz-m7b,8 days ago,Comment po tayo mga kapatid  / Lokal ng La Trinidad 🐑🌱,https://www.youtube.com/watch?v=ROa3kbG5M0U&lc=Ugzo38OijTCZio7LidZ4AaABAg,Ugzo38OijTCZio7LidZ4AaABAg,UCNB-zyitm7U6Yt835DEKclA,"Fetched 05/24/2026, 8:08:10 PM GMT+8"
3337,La Trinidad,@jazz-m7b,8 days ago,Let's go la Trinidad  / Support po tayo mga kapatid 😊,https://www.youtube.com/watch?v=ROa3kbG5M0U&lc=UgxoPn2BMlxSEI65QUt4AaABAg,UgxoPn2BMlxSEI65QUt4AaABAg,UCNB-zyitm7U6Yt835DEKclA,"Fetched 05/24/2026, 8:08:10 PM GMT+8"
3338,La Trinidad,@johnreylucio8970,8 days ago,"Happy Viewing po Brethren, / Good Vibes po tayo palagi,! / Mula po sa kapisanang Kadiwa, Sa Lokal ng La Trinidad ❤",https://www.youtube.com/watch?v=ROa3kbG5M0U&lc=UgyCnNNlCrJVxbZsqbt4AaABAg,UgyCnNNlCrJVxbZsqbt4AaABAg,UCNMupRD4ySrN336KZpy29OA,"Fetched 05/24/2026, 8:08:10 PM GMT+8"
3339,La Trinidad,@johnreylucio8970,8 days ago,"Happy Viewing po Brethren, / Good Vibes po tayo palagi,! / Mula po sa kapisanang Kadiwa, Sa Lokal ng La Trinidad ❤",https://www.youtube.com/watch?v=ROa3kbG5M0U&lc=UgwIQmI1XpDiGChqGQ14AaABAg,UgwIQmI1XpDiGChqGQ14AaABAg,UCNMupRD4ySrN336KZpy29OA,"Fetched 05/24/2026, 8:08:10 PM GMT+8"
3340,La Trinidad,@johnreylucio8970,8 days ago,"Happy Viewing po Brethren, / Good Vibes po tayo palagi,! / Mula po sa kapisanang Kadiwa, Sa Lokal ng La Trinidad ❤😊",https://www.youtube.com/watch?v=ROa3kbG5M0U&lc=UgwBlmbvnU1IhpLMUuF4AaABAg,UgwBlmbvnU1IhpLMUuF4AaABAg,UCNMupRD4ySrN336KZpy29OA,"Fetched 05/24/2026, 8:08:10 PM GMT+8"
3341,La Trinidad,@winkdelarosa2397,8 days ago,Hello po mga Kapatid! Gud evening po sa ating lahat and happy viewing po~  /  / From lokal ng La Trinidad❤️,https://www.youtube.com/watch?v=ROa3kbG5M0U&lc=Ugz-_9DPzY6NXMqMzk14AaABAg,Ugz-_9DPzY6NXMqMzk14AaABAg,UCcSUir_e5wTvoTFR6eQepyQ,"Fetched 05/24/2026, 8:08:10 PM GMT+8"
3342,La Trinidad,@rejomartayaban,8 days ago,"Maligayang pagbati po sa inyo mga kapatid, kaisa parin po kaming mga kadiwa ng La Trinidad sa pagsupport ng ating MV!!🤍",https://www.youtube.com/watch?v=ROa3kbG5M0U&lc=Ugyg_ZSRhFrJrKKkqrp4AaABAg,Ugyg_ZSRhFrJrKKkqrp4AaABAg,UCi7RYRPFL6HTFaScpYFJMJQ,"Fetched 05/24/2026, 8:08:10 PM GMT+8"
3343,La Trinidad,@tayabanrt,8 days ago,"Magandang gabi po, babalikan po ulit itong napaka-inspiring na music Video, Watching from lokal ng La Trinidad ❤",https://www.youtube.com/watch?v=ROa3kbG5M0U&lc=UgzOShohdDmU6RWidqZ4AaABAg,UgzOShohdDmU6RWidqZ4AaABAg,UCCpOKu7HxJqnWctZ5fG9DZg,"Fetched 05/24/2026, 8:08:10 PM GMT+8"
3344,La Trinidad,@Xieee-x8v,8 days ago,Still watching po 🫶 Mula sa Lokal ng La Trinidad 🙌,https://www.youtube.com/watch?v=ROa3kbG5M0U&lc=Ugx8BPctbPj0JexeTu94AaABAg,Ugx8BPctbPj0JexeTu94AaABAg,UCjYF2eqO3sw4XuYBb8HsAXg,"Fetched 05/24/2026, 8:08:10 PM GMT+8"
3345,La Trinidad,@BnHydn_3,8 days ago,Rewatching over and over ♥️  / Lokal ng La Trinidad 🎉,https://www.youtube.com/watch?v=ROa3kbG5M0U&lc=UgwoGYuCSGRIUM2OAWJ4AaABAg,UgwoGYuCSGRIUM2OAWJ4AaABAg,UCKZxY6b5mH_zsnldMnxGIpQ,"Fetched 05/24/2026, 8:08:10 PM GMT+8"
3346,La Trinidad,@BnHydn_3,8 days ago,Good evening ✨ watching on repeat 🔁 greetings from the Locale of La Trinidad,https://www.youtube.com/watch?v=ROa3kbG5M0U&lc=UgzMKNu-oM1DMJUjyot4AaABAg,UgzMKNu-oM1DMJUjyot4AaABAg,UCKZxY6b5mH_zsnldMnxGIpQ,"Fetched 05/24/2026, 8:08:10 PM GMT+8"
3347,La Trinidad,@Xieee-x8v,8 days ago (edited),Happy viewing po 🎉🎉 / -Lokal ng La Trinidad 🥀,https://www.youtube.com/watch?v=ROa3kbG5M0U&lc=UgwnEHMNPjL9Xu2L2Kp4AaABAg,UgwnEHMNPjL9Xu2L2Kp4AaABAg,UCjYF2eqO3sw4XuYBb8HsAXg,"Fetched 05/24/2026, 8:08:10 PM GMT+8"
3348,La Trinidad,@jazz-m7b,8 days ago,Happy Rewatching po mga kapatid bumabati mula sa lokal ng La Trinidad 🐑🌱,https://www.youtube.com/watch?v=ROa3kbG5M0U&lc=UgzCEyTbUXx_Ejx_p4p4AaABAg,UgzCEyTbUXx_Ejx_p4p4AaABAg,UCNB-zyitm7U6Yt835DEKclA,"Fetched 05/24/2026, 8:08:10 PM GMT+8"
3349,La Trinidad,@worldofhighlights,8 days ago,Benguet mabuhay mula sa lokal ng la trinidad,https://www.youtube.com/watch?v=ROa3kbG5M0U&lc=Ugwb9UxV6Xx6OqpP7vB4AaABAg,Ugwb9UxV6Xx6OqpP7vB4AaABAg,UCgD2jHQsYSdsOpztHM-Du5A,"Fetched 05/24/2026, 8:08:10 PM GMT+8"
3350,La Trinidad,@MylaGarcia-y3p,8 days ago,Greetings po mula sa Lokal ng La Trinidad,https://www.youtube.com/watch?v=ROa3kbG5M0U&lc=UgznK_3O-jCOTX1jJR14AaABAg,UgznK_3O-jCOTX1jJR14AaABAg,UC986iCV8EIPka_wTNMTpeBw,"Fetched 05/24/2026, 8:08:10 PM GMT+8"
3351,La Trinidad,@Xieee-x8v,8 days ago,Greetings po mula sa Lokal ng La Trinidad 💕,https://www.youtube.com/watch?v=ROa3kbG5M0U&lc=Ugyj0smghDKLLI66d_V4AaABAg,Ugyj0smghDKLLI66d_V4AaABAg,UCjYF2eqO3sw4XuYBb8HsAXg,"Fetched 05/24/2026, 8:08:10 PM GMT+8"
3352,La Trinidad,@BnHydn_3,8 days ago,Good evening 🌆 Much support Mula sa lokal ng La Trinidad,https://www.youtube.com/watch?v=ROa3kbG5M0U&lc=Ugz5gu998rPOMaWRXpR4AaABAg,Ugz5gu998rPOMaWRXpR4AaABAg,UCKZxY6b5mH_zsnldMnxGIpQ,"Fetched 05/24/2026, 8:08:10 PM GMT+8"
3353,La Trinidad,@jazz-m7b,8 days ago,Still supporting from Lokal ng La Trinidad,https://www.youtube.com/watch?v=ROa3kbG5M0U&lc=UgwUYNP2dvsi2HFFPFZ4AaABAg,UgwUYNP2dvsi2HFFPFZ4AaABAg,UCNB-zyitm7U6Yt835DEKclA,"Fetched 05/24/2026, 8:08:10 PM GMT+8"
3354,La Trinidad,@BnHydn_3,8 days ago,Enjoy watching everyone 💞 / Lokal ng La Trinidad,https://www.youtube.com/watch?v=ROa3kbG5M0U&lc=UgwpKlBG9VGKjDKDHVt4AaABAg,UgwpKlBG9VGKjDKDHVt4AaABAg,UCKZxY6b5mH_zsnldMnxGIpQ,"Fetched 05/24/2026, 8:08:10 PM GMT+8"
3355,La Trinidad,@BnHydn_3,8 days ago,Go Benguet 🍓  / -Lokal ng La Trinidad,https://www.youtube.com/watch?v=ROa3kbG5M0U&lc=Ugw8gPDA_4iY1CJauJN4AaABAg,Ugw8gPDA_4iY1CJauJN4AaABAg,UCKZxY6b5mH_zsnldMnxGIpQ,"Fetched 05/24/2026, 8:08:10 PM GMT+8"
3356,La Trinidad,@Xieee-x8v,8 days ago,Happy viewing po everyone 🎉🎉 /  / Mula sa Lokal ng La Trinidad 🥦,https://www.youtube.com/watch?v=ROa3kbG5M0U&lc=Ugz5f38nLpg-prNOogV4AaABAg,Ugz5f38nLpg-prNOogV4AaABAg,UCjYF2eqO3sw4XuYBb8HsAXg,"Fetched 05/24/2026, 8:08:10 PM GMT+8"
3357,La Trinidad,@jazz-m7b,8 days ago,Let's keep on supporting brethren  / From Lokal ng La Trinidad,https://www.youtube.com/watch?v=ROa3kbG5M0U&lc=Ugxn_HCgd_nCQx6EEPV4AaABAg,Ugxn_HCgd_nCQx6EEPV4AaABAg,UCNB-zyitm7U6Yt835DEKclA,"Fetched 05/24/2026, 8:08:10 PM GMT+8"
3358,La Trinidad,@Xieee-x8v,8 days ago,Let's goo Benguet 💯  / -La Trinidad,https://www.youtube.com/watch?v=ROa3kbG5M0U&lc=Ugy4anfG1nvjW0eBrwF4AaABAg,Ugy4anfG1nvjW0eBrwF4AaABAg,UCjYF2eqO3sw4XuYBb8HsAXg,"Fetched 05/24/2026, 8:08:10 PM GMT+8"
3359,La Trinidad,@BnHydn_3,8 days ago,Ge Benguet ♥️  / -Lokal ng La Trinidad,https://www.youtube.com/watch?v=ROa3kbG5M0U&lc=Ugz20WAKaC35O3_JkYR4AaABAg,Ugz20WAKaC35O3_JkYR4AaABAg,UCKZxY6b5mH_zsnldMnxGIpQ,"Fetched 05/24/2026, 8:08:10 PM GMT+8"
3360,La Trinidad,@Xieee-x8v,8 days ago,Patuloy pa rin po ang pagsuporta ng mga may tungkulin sa Lokal ng La Trinidad 💞,https://www.youtube.com/watch?v=ROa3kbG5M0U&lc=UgxrX1uTVpwJT1TqU-94AaABAg,UgxrX1uTVpwJT1TqU-94AaABAg,UCjYF2eqO3sw4XuYBb8HsAXg,"Fetched 05/24/2026, 8:08:10 PM GMT+8"
3361,La Trinidad,@Xieee-x8v,8 days ago,Pagbati po sa lahat ng mga Binhi 🌱  / -Lokal ng La Trinidad 🥀,https://www.youtube.com/watch?v=ROa3kbG5M0U&lc=UgyVBKAhm_8UD_foCDB4AaABAg,UgyVBKAhm_8UD_foCDB4AaABAg,UCjYF2eqO3sw4XuYBb8HsAXg,"Fetched 05/24/2026, 8:08:10 PM GMT+8"
3362,La Trinidad,@johnreylucio8970,8 days ago,"Good evening po sa ating lahatt,, Happy Viewing po muli! / Pagbati po sa Mula sa Kapisanang Kadiwa, Lokal ng La Trinidad❤",https://www.youtube.com/watch?v=ROa3kbG5M0U&lc=UgxRvAkFoKAU-AkYjHB4AaABAg,UgxRvAkFoKAU-AkYjHB4AaABAg,UCNMupRD4ySrN336KZpy29OA,"Fetched 05/24/2026, 8:08:10 PM GMT+8"
3363,La Trinidad,@BnHydn_3,8 days ago,"Great MV, 🎶  / -Lokal ng La Trinidad",https://www.youtube.com/watch?v=ROa3kbG5M0U&lc=Ugy9vUjb9g2usYagevd4AaABAg,Ugy9vUjb9g2usYagevd4AaABAg,UCKZxY6b5mH_zsnldMnxGIpQ,"Fetched 05/24/2026, 8:08:10 PM GMT+8"
3364,La Trinidad,@BnHydn_3,8 days ago,Re-watching❤ / -Lokal ng La Trinidad,https://www.youtube.com/watch?v=ROa3kbG5M0U&lc=UgwaH-vL4bl0KFvLr5t4AaABAg,UgwaH-vL4bl0KFvLr5t4AaABAg,UCKZxY6b5mH_zsnldMnxGIpQ,"Fetched 05/24/2026, 8:08:10 PM GMT+8"
3365,La Trinidad,@BnHydn_3,8 days ago,‎💪 Support to the fullest / -lokal ng La Trinidad,https://www.youtube.com/watch?v=ROa3kbG5M0U&lc=Ugxc0F_URQbNopU2jpl4AaABAg,Ugxc0F_URQbNopU2jpl4AaABAg,UCKZxY6b5mH_zsnldMnxGIpQ,"Fetched 05/24/2026, 8:08:10 PM GMT+8"
3366,La Trinidad,@Xieee-x8v,8 days ago,Re-watching 🤗  / -La Trinidad,https://www.youtube.com/watch?v=ROa3kbG5M0U&lc=Ugya4_GfxkrNfi1KK394AaABAg,Ugya4_GfxkrNfi1KK394AaABAg,UCjYF2eqO3sw4XuYBb8HsAXg,"Fetched 05/24/2026, 8:08:10 PM GMT+8"
3367,La Trinidad,@rejomartayaban,8 days ago,Happy viewing happy afternoon po mga kapatid mula po sa lokal ng La Trinidad!🤍,https://www.youtube.com/watch?v=ROa3kbG5M0U&lc=UgxzOb7df6wIO8eDymN4AaABAg,UgxzOb7df6wIO8eDymN4AaABAg,UCi7RYRPFL6HTFaScpYFJMJQ,"Fetched 05/24/2026, 8:08:10 PM GMT+8"
3368,La Trinidad,@BnHydn_3,8 days ago,Pagbati mula sa lokal ng La Trinidad 🎉 /  / Happy watching mga kapatid 👋,https://www.youtube.com/watch?v=ROa3kbG5M0U&lc=Ugw6fbIl08i66xaG8ft4AaABAg,Ugw6fbIl08i66xaG8ft4AaABAg,UCKZxY6b5mH_zsnldMnxGIpQ,"Fetched 05/24/2026, 8:08:10 PM GMT+8"
3369,La Trinidad,@winkdelarosa2397,8 days ago,Let's go BENGUET!! Gud evening po sa ating lahat~ /  / - la Trinidad 🫶,https://www.youtube.com/watch?v=ROa3kbG5M0U&lc=UgxUcNRWQGobU8UR87d4AaABAg,UgxUcNRWQGobU8UR87d4AaABAg,UCcSUir_e5wTvoTFR6eQepyQ,"Fetched 05/24/2026, 8:08:10 PM GMT+8"
3370,La Trinidad,@eichriishh,8 days ago,Magandang hapon po mga kapatid! Happy watching po from Lokal ng La Trinidad! Go go go Benguet 🎉💗,https://www.youtube.com/watch?v=ROa3kbG5M0U&lc=UgwRyxpIeKxkEJ6aIIV4AaABAg,UgwRyxpIeKxkEJ6aIIV4AaABAg,UCe_supvfwKS_8Dd4Nz-s7KA,"Fetched 05/24/2026, 8:08:10 PM GMT+8"
3371,La Trinidad,@Xieee-x8v,8 days ago,Happy viewing everyone 🎉  /  / Mula sa Lokal ng La Trinidad 🥀,https://www.youtube.com/watch?v=ROa3kbG5M0U&lc=UgxXZZFCBXlGsqOICxJ4AaABAg,UgxXZZFCBXlGsqOICxJ4AaABAg,UCjYF2eqO3sw4XuYBb8HsAXg,"Fetched 05/24/2026, 8:08:10 PM GMT+8"
3372,La Trinidad,@AltheaEstephanieJaballa,8 days ago,Happy viewing from lokal ng La Trinidad ❤,https://www.youtube.com/watch?v=ROa3kbG5M0U&lc=UgzFXs78nx5IZdcFwRZ4AaABAg,UgzFXs78nx5IZdcFwRZ4AaABAg,UCIr2XT0yhBj05SQv0YCD_vQ,"Fetched 05/24/2026, 8:08:10 PM GMT+8"
3373,La Trinidad,@Xieee-x8v,8 days ago,Stay inspired and blessed po! Mula po sa Lokal ng La Trinidad 🌷,https://www.youtube.com/watch?v=ROa3kbG5M0U&lc=Ugz4zZK0UkjS5OPYfhZ4AaABAg,Ugz4zZK0UkjS5OPYfhZ4AaABAg,UCjYF2eqO3sw4XuYBb8HsAXg,"Fetched 05/24/2026, 8:08:10 PM GMT+8"
3374,La Trinidad,@jazz-m7b,8 days ago,It's very enjoyable and inspiring for me I hope everyone too🎧🎶☺️ /  / Local of La Trinidad 🐑🌱,https://www.youtube.com/watch?v=ROa3kbG5M0U&lc=UgyIuOf1oSTbnvdxMqN4AaABAg,UgyIuOf1oSTbnvdxMqN4AaABAg,UCNB-zyitm7U6Yt835DEKclA,"Fetched 05/24/2026, 8:08:10 PM GMT+8"
3375,La Trinidad,@BnHydn_3,8 days ago,Watch and entertain!!!!!! / Let's go Benguet ♥️  / Lokal ng La Trinidad,https://www.youtube.com/watch?v=ROa3kbG5M0U&lc=UgyBTWx4_tqiLgopg0p4AaABAg,UgyBTWx4_tqiLgopg0p4AaABAg,UCKZxY6b5mH_zsnldMnxGIpQ,"Fetched 05/24/2026, 8:08:10 PM GMT+8"
3376,La Trinidad,@axeliee-m5u,8 days ago,Taos-pusong suporta po mula sa Lokal ng La Trinidad 🤍,https://www.youtube.com/watch?v=ROa3kbG5M0U&lc=Ugxpj45Gqyl8qXsnFpZ4AaABAg,Ugxpj45Gqyl8qXsnFpZ4AaABAg,UCxjmGS0yLlCMs4Fe-AqbHFw,"Fetched 05/24/2026, 8:08:10 PM GMT+8"
3377,La Trinidad,@tayabanrt,8 days ago,"Talagang hindi na maboboring, kapag laging ito ang pinapakinggan. Suporta parin ang lokal ng La Trinidad",https://www.youtube.com/watch?v=ROa3kbG5M0U&lc=UgzzMvfRKPVUx4QQX8F4AaABAg,UgzzMvfRKPVUx4QQX8F4AaABAg,UCCpOKu7HxJqnWctZ5fG9DZg,"Fetched 05/24/2026, 8:08:10 PM GMT+8"
3378,La Trinidad,@jazz-m7b,8 days ago,Still having fun supporting it every time I listen to the song 🎧🎶☺️ /  / Local of La Trinidad 🐑🌱,https://www.youtube.com/watch?v=ROa3kbG5M0U&lc=Ugwcjw8rK7bFY1-tWpx4AaABAg,Ugwcjw8rK7bFY1-tWpx4AaABAg,UCNB-zyitm7U6Yt835DEKclA,"Fetched 05/24/2026, 8:08:10 PM GMT+8"
3379,La Trinidad,@axeliee-m5u,8 days ago,Keep inspiring po! Mula po sa Lokal ng La Trinidad ✨,https://www.youtube.com/watch?v=ROa3kbG5M0U&lc=UgwzNjIAKXjKQvOFW_R4AaABAg,UgwzNjIAKXjKQvOFW_R4AaABAg,UCxjmGS0yLlCMs4Fe-AqbHFw,"Fetched 05/24/2026, 8:08:10 PM GMT+8"
3380,La Trinidad,@jazz-m7b,8 days ago,Let's enjoy the song everyone 🎧🎶☺️ / Local of La Trinidad 🐑🌱,https://www.youtube.com/watch?v=ROa3kbG5M0U&lc=UgzE1brLVZykp_NaeS94AaABAg,UgzE1brLVZykp_NaeS94AaABAg,UCNB-zyitm7U6Yt835DEKclA,"Fetched 05/24/2026, 8:08:10 PM GMT+8"
3381,La Trinidad,@axeliee-m5u,8 days ago,Pagbati at suporta po mula sa Lokal ng La Trinidad💮,https://www.youtube.com/watch?v=ROa3kbG5M0U&lc=UgxemzEwklitv5P4RxV4AaABAg,UgxemzEwklitv5P4RxV4AaABAg,UCxjmGS0yLlCMs4Fe-AqbHFw,"Fetched 05/24/2026, 8:08:10 PM GMT+8"
3382,La Trinidad,@jazz-m7b,8 days ago,Rewatching every time I'm doing nothing and still enjoying every time  /  / Happy listening 🎧🎶 / From Local of La Trinidad 🐑🌱,https://www.youtube.com/watch?v=ROa3kbG5M0U&lc=UgzarNzBRpKqagobfQN4AaABAg,UgzarNzBRpKqagobfQN4AaABAg,UCNB-zyitm7U6Yt835DEKclA,"Fetched 05/24/2026, 8:08:10 PM GMT+8"
3383,La Trinidad,@axeliee-m5u,8 days ago,Happy viewing everyone 🎉  / -La Trinidad,https://www.youtube.com/watch?v=ROa3kbG5M0U&lc=Ugy8lOlY9B6Y7n7fEA14AaABAg,Ugy8lOlY9B6Y7n7fEA14AaABAg,UCxjmGS0yLlCMs4Fe-AqbHFw,"Fetched 05/24/2026, 8:08:10 PM GMT+8"
3384,La Trinidad,@tayabanrt,8 days ago,"""Hold on to your Faith"" / Short phrase but Inspiring /  / Listening here from lokal ng La Trinidad.",https://www.youtube.com/watch?v=ROa3kbG5M0U&lc=UgxgOKaog9hIcko3UiV4AaABAg,UgxgOKaog9hIcko3UiV4AaABAg,UCCpOKu7HxJqnWctZ5fG9DZg,"Fetched 05/24/2026, 8:08:10 PM GMT+8"
3385,La Trinidad,@winkdelarosa2397,8 days ago,"""In our Lord God's great power, you must Believe"" 🎶 / Let's go BENGUET!  /  / - Lokal ng La Trinidad🫶",https://www.youtube.com/watch?v=ROa3kbG5M0U&lc=Ugx-5j88bpP9kripSRJ4AaABAg,Ugx-5j88bpP9kripSRJ4AaABAg,UCcSUir_e5wTvoTFR6eQepyQ,"Fetched 05/24/2026, 8:08:10 PM GMT+8"
3386,La Trinidad,@tayabanrt,8 days ago,"Enjoying this music video again, can't get enough of this music video. Watching from lokal ng La Trinidad",https://www.youtube.com/watch?v=ROa3kbG5M0U&lc=UgzlG4qcGmLycnw4FGF4AaABAg,UgzlG4qcGmLycnw4FGF4AaABAg,UCCpOKu7HxJqnWctZ5fG9DZg,"Fetched 05/24/2026, 8:08:10 PM GMT+8"
3387,La Trinidad,@winkdelarosa2397,8 days ago,Greetings to all po from lokal ng La Trinidad! Magandang hapon po~,https://www.youtube.com/watch?v=ROa3kbG5M0U&lc=UgyNgNN94DxZO9ZZUXh4AaABAg,UgyNgNN94DxZO9ZZUXh4AaABAg,UCcSUir_e5wTvoTFR6eQepyQ,"Fetched 05/24/2026, 8:08:10 PM GMT+8"
3388,La Trinidad,@BnHydn_3,8 days ago,Enjoy watching everyone 💞 / Lokal ng La Trinidad  /  / Let's go Benguet ❤,https://www.youtube.com/watch?v=ROa3kbG5M0U&lc=Ugza5AvrkbGb3MLcGuN4AaABAg,Ugza5AvrkbGb3MLcGuN4AaABAg,UCKZxY6b5mH_zsnldMnxGIpQ,"Fetched 05/24/2026, 8:08:10 PM GMT+8"
3389,La Trinidad,@axeliee-m5u,8 days ago,Hello po mga kapatid 👋👋  /  / Re-watching po mula sa Lokal ng La Trinidad 🪷🪷,https://www.youtube.com/watch?v=ROa3kbG5M0U&lc=UgzU2iUqy_Rmwggd8kZ4AaABAg,UgzU2iUqy_Rmwggd8kZ4AaABAg,UCxjmGS0yLlCMs4Fe-AqbHFw,"Fetched 05/24/2026, 8:08:10 PM GMT+8"
3390,La Trinidad,@BnHydn_3,8 days ago,Let's go Benguet ♥️ 26k achieved 💚  / -Lokal ng La Trinidad 🤍,https://www.youtube.com/watch?v=ROa3kbG5M0U&lc=UgxYHtXG0BL6IbfnLix4AaABAg,UgxYHtXG0BL6IbfnLix4AaABAg,UCKZxY6b5mH_zsnldMnxGIpQ,"Fetched 05/24/2026, 8:08:10 PM GMT+8"
3391,La Trinidad,@BnHydn_3,8 days ago,Let's go Benguet ♥️ 2.2k likes achieved  /  / -Lokal ng La Trinidad,https://www.youtube.com/watch?v=ROa3kbG5M0U&lc=UgxTQEk-BUKG2ietcAZ4AaABAg,UgxTQEk-BUKG2ietcAZ4AaABAg,UCKZxY6b5mH_zsnldMnxGIpQ,"Fetched 05/24/2026, 8:08:10 PM GMT+8"
3392,La Trinidad,@winkdelarosa2397,8 days ago,Watching on repeat from lokal ng La Trinidad!🍓 /  / Let's go BENGUET!✨❤️,https://www.youtube.com/watch?v=ROa3kbG5M0U&lc=UgzM9QOd2MVkq8NqhSN4AaABAg,UgzM9QOd2MVkq8NqhSN4AaABAg,UCcSUir_e5wTvoTFR6eQepyQ,"Fetched 05/24/2026, 8:08:10 PM GMT+8"
3393,La Trinidad,@BnHydn_3,8 days ago,Happy viewing po sa lahat 📺🎵 / -Lokal ng La Trinidad ❤ /  / Let's go Benguet ♥️,https://www.youtube.com/watch?v=ROa3kbG5M0U&lc=UgyqtbXcDKWiOAONGn14AaABAg,UgyqtbXcDKWiOAONGn14AaABAg,UCKZxY6b5mH_zsnldMnxGIpQ,"Fetched 05/24/2026, 8:08:10 PM GMT+8"
3394,La Trinidad,@tayabanrt,8 days ago,"Amazing!, Big respect sa buong production team ng Benguet, ganda bawat eksena. Very Entertaining❤. Pagbati mula lokal ng La Trinidad",https://www.youtube.com/watch?v=ROa3kbG5M0U&lc=UgzKAGBEb5tNWhcTvil4AaABAg,UgzKAGBEb5tNWhcTvil4AaABAg,UCCpOKu7HxJqnWctZ5fG9DZg,"Fetched 05/24/2026, 8:08:10 PM GMT+8"
3395,La Trinidad,@jazz-m7b,8 days ago,"Let's Go Benguet! 🥀🥀🥀 / Rewatching po mga kapatid mula po sa lokal ng LA TRINIDAD, distrito ng BENGUET",https://www.youtube.com/watch?v=ROa3kbG5M0U&lc=UgwIhFMrTInM-7wMHo94AaABAg,UgwIhFMrTInM-7wMHo94AaABAg,UCNB-zyitm7U6Yt835DEKclA,"Fetched 05/24/2026, 8:08:10 PM GMT+8"
3396,La Trinidad,@tayabanrt,8 days ago,"BIG RESPECT po sa gumawa po sa music video na ito, ang husay ang pagkakagawa, hindi nakakasawa panoorin at pakinggan. Nakasubaybay parin po dito sa La Trinidad.",https://www.youtube.com/watch?v=ROa3kbG5M0U&lc=UgynH9x9ZnYK1qR7JB14AaABAg,UgynH9x9ZnYK1qR7JB14AaABAg,UCCpOKu7HxJqnWctZ5fG9DZg,"Fetched 05/24/2026, 8:08:10 PM GMT+8"
3397,La Trinidad,@jeipal3143,8 days ago,Happy Viewing po mula sa Lokal ng La Trinidad❤,https://www.youtube.com/watch?v=ROa3kbG5M0U&lc=UgwuBR7GHQCyArxXKXt4AaABAg,UgwuBR7GHQCyArxXKXt4AaABAg,UCbU1KKoCXcqi9y6WW8LbcRQ,"Fetched 05/24/2026, 8:08:10 PM GMT+8"
3398,La Trinidad,@jazz-m7b,8 days ago,"Happy viewing po mga kapatid, bumabati mula po sa lokal ng La Trinidad 🐑🌱🌿",https://www.youtube.com/watch?v=ROa3kbG5M0U&lc=UgwVM61B2DRho1H-paV4AaABAg,UgwVM61B2DRho1H-paV4AaABAg,UCNB-zyitm7U6Yt835DEKclA,"Fetched 05/24/2026, 8:08:10 PM GMT+8"
3399,La Trinidad,@bhenmarkabellanes,8 days ago,Greetings po from Local of La Trinidad! 🙌✨,https://www.youtube.com/watch?v=ROa3kbG5M0U&lc=UgxSv9Uz1uiQuOTK1gF4AaABAg,UgxSv9Uz1uiQuOTK1gF4AaABAg,UCa2tc7ZvW6AzjMYcI-FsTVQ,"Fetched 05/24/2026, 8:08:10 PM GMT+8"
3400,La Trinidad,@tayabanrt,8 days ago,"Happy viewing po mga kapatid, Laging kaisa po ang Lokal ng La Trinidad sa pagsubaybay sa MV na ito. Let's go BENGUET, Let's Go La Trinidad.❤",https://www.youtube.com/watch?v=ROa3kbG5M0U&lc=Ugw4JtcW3yluN9nFDhN4AaABAg,Ugw4JtcW3yluN9nFDhN4AaABAg,UCCpOKu7HxJqnWctZ5fG9DZg,"Fetched 05/24/2026, 8:08:10 PM GMT+8"
3401,La Trinidad,@jazz-m7b,8 days ago,Shout out to everyone who's commenting right now 😊  / Keep it up everyone  / Especially from local of La Trinidad let's keep on supporting / From binhi 🌱 in local of La Trinidad,https://www.youtube.com/watch?v=ROa3kbG5M0U&lc=Ugzp_Tb5iE95NADAvdp4AaABAg,Ugzp_Tb5iE95NADAvdp4AaABAg,UCNB-zyitm7U6Yt835DEKclA,"Fetched 05/24/2026, 8:08:10 PM GMT+8"
3402,La Trinidad,@ArianefritzBekesan,8 days ago,Happy viewing po from Local ng La trinidad Benguet,https://www.youtube.com/watch?v=ROa3kbG5M0U&lc=UgxQ9LjPTbG6XjePq8B4AaABAg,UgxQ9LjPTbG6XjePq8B4AaABAg,UCC0maqU1yrcm_5Mbr0jlrgw,"Fetched 05/24/2026, 8:08:10 PM GMT+8"
3403,La Trinidad,@jhonejushdelacruz6710,8 days ago,Enjoy watching po! / From locale of La Trinidad 🫶,https://www.youtube.com/watch?v=ROa3kbG5M0U&lc=UgyDcPOeUykOWXzu0zF4AaABAg,UgyDcPOeUykOWXzu0zF4AaABAg,UCDTfJS_e7_UVpYsFdtAWzVw,"Fetched 05/24/2026, 8:08:10 PM GMT+8"
3404,La Trinidad,@Lily00w4,8 days ago,GOOOO BENGUET!!! Watching po from La Trinidad 🥰,https://www.youtube.com/watch?v=ROa3kbG5M0U&lc=UgyaROp-MCFKQwU94e94AaABAg,UgyaROp-MCFKQwU94e94AaABAg,UCHl8Pldv8Fblg_vCsH_o5Vg,"Fetched 05/24/2026, 8:08:10 PM GMT+8"
3405,La Trinidad,@jhonejushdelacruz6710,8 days ago,Magandang hapon po! Mula sa lokal ng La Trinidad ❤,https://www.youtube.com/watch?v=ROa3kbG5M0U&lc=Ugxg5YKcyQI2oVU2gpJ4AaABAg,Ugxg5YKcyQI2oVU2gpJ4AaABAg,UCDTfJS_e7_UVpYsFdtAWzVw,"Fetched 05/24/2026, 8:08:10 PM GMT+8"
3406,La Trinidad,@johnreylucio8970,8 days ago,Happy Viewing po ibiriwan! / Mula po sa Lokal ng La Trinidad ❤,https://www.youtube.com/watch?v=ROa3kbG5M0U&lc=UgwyVfbORvFtpBZRlF14AaABAg,UgwyVfbORvFtpBZRlF14AaABAg,UCNMupRD4ySrN336KZpy29OA,"Fetched 05/24/2026, 8:08:10 PM GMT+8"
3407,La Trinidad,@rejomartayaban,8 days ago,Letsss goooo Team BENGUEETTT!! Happy viewing po mula sa kapisanang kadiwa ng Lokal ng La Trinidad,https://www.youtube.com/watch?v=ROa3kbG5M0U&lc=UgwtOBGj3V0jsuciND94AaABAg,UgwtOBGj3V0jsuciND94AaABAg,UCi7RYRPFL6HTFaScpYFJMJQ,"Fetched 05/24/2026, 8:08:10 PM GMT+8"
3408,La Trinidad,@axeliee-m5u,8 days ago,happy viewing po mula sa Lokal ng La Trinidad 🫶,https://www.youtube.com/watch?v=ROa3kbG5M0U&lc=Ugz-JOwh2lNBsF-47LR4AaABAg,Ugz-JOwh2lNBsF-47LR4AaABAg,UCxjmGS0yLlCMs4Fe-AqbHFw,"Fetched 05/24/2026, 8:08:10 PM GMT+8"
3409,La Trinidad,@worldofhighlights,8 days ago,Ptuloy po na Supporta mula sa lokal ng La trinidad,https://www.youtube.com/watch?v=ROa3kbG5M0U&lc=UgzDWwxc3sg0HSs2U5Z4AaABAg,UgzDWwxc3sg0HSs2U5Z4AaABAg,UCgD2jHQsYSdsOpztHM-Du5A,"Fetched 05/24/2026, 8:08:10 PM GMT+8"
3410,La Trinidad,@axeliee-m5u,8 days ago,Happy viewing everyone 🎉🎉  /  / -La Trinidad,https://www.youtube.com/watch?v=ROa3kbG5M0U&lc=UgwGv0k40kzRzHG4oUB4AaABAg,UgwGv0k40kzRzHG4oUB4AaABAg,UCxjmGS0yLlCMs4Fe-AqbHFw,"Fetched 05/24/2026, 8:08:10 PM GMT+8"
3411,La Trinidad,@axeliee-m5u,8 days ago,Shout out po sa lahat ng may tungkulin sa kapisanang Binhi 🌱 mula sa Lokal ng La Trinidad 🍓,https://www.youtube.com/watch?v=ROa3kbG5M0U&lc=Ugy-6E1YlW8bgOh2S6N4AaABAg,Ugy-6E1YlW8bgOh2S6N4AaABAg,UCxjmGS0yLlCMs4Fe-AqbHFw,"Fetched 05/24/2026, 8:08:10 PM GMT+8"
3412,La Trinidad,@axeliee-m5u,8 days ago,Hello po sa mga nanonood 👋  /  / Happy viewing everyone 🎉  /  / Nula po sa lahat ng may tungkulin sa kapisanang Binhi 🌱 ng Lokal ng La Trinidad 🥀,https://www.youtube.com/watch?v=ROa3kbG5M0U&lc=UgyE5vKH-D0K2zGWSi14AaABAg,UgyE5vKH-D0K2zGWSi14AaABAg,UCxjmGS0yLlCMs4Fe-AqbHFw,"Fetched 05/24/2026, 8:08:10 PM GMT+8"
3413,La Trinidad,@renalyndulay4915,8 days ago,Happy viewing po mga kapatid. Mula po sa lokal Ng La trinidad,https://www.youtube.com/watch?v=ROa3kbG5M0U&lc=Ugy1RCvoa_QjqZ40F5p4AaABAg,Ugy1RCvoa_QjqZ40F5p4AaABAg,UC5O2YOQZe1QqhG2YhGYyedQ,"Fetched 05/24/2026, 8:08:10 PM GMT+8"
3414,La Trinidad,@renalyndulay4915,8 days ago,Happy viewing po mga kapatid. Mula po sa lokal Ng La trinidad,https://www.youtube.com/watch?v=ROa3kbG5M0U&lc=Ugz8yHFCYfGM388AIqZ4AaABAg,Ugz8yHFCYfGM388AIqZ4AaABAg,UC5O2YOQZe1QqhG2YhGYyedQ,"Fetched 05/24/2026, 8:08:10 PM GMT+8"
3415,La Trinidad,@renalyndulay4915,8 days ago,Happy viewing po mga kapatid. Mula po sa lokal Ng La trinidad,https://www.youtube.com/watch?v=ROa3kbG5M0U&lc=UgxjA9IUIbSklewMuZN4AaABAg,UgxjA9IUIbSklewMuZN4AaABAg,UC5O2YOQZe1QqhG2YhGYyedQ,"Fetched 05/24/2026, 8:08:10 PM GMT+8"
3416,La Trinidad,@renalyndulay4915,8 days ago,Happy viewing po mga kapatid. Mula po sa lokal Ng La trinidad😊,https://www.youtube.com/watch?v=ROa3kbG5M0U&lc=UgzF1v_sh-XAuJCzeOJ4AaABAg,UgzF1v_sh-XAuJCzeOJ4AaABAg,UC5O2YOQZe1QqhG2YhGYyedQ,"Fetched 05/24/2026, 8:08:10 PM GMT+8"
3417,La Trinidad,@axeliee-m5u,8 days ago,Happy viewing po ulit 🙌 /  / Mula po sa mga Binhi 🌱 ng Lokal ng La Trinidad ❤️‍🔥,https://www.youtube.com/watch?v=ROa3kbG5M0U&lc=Ugx-COrQwAxFY0Y40AZ4AaABAg,Ugx-COrQwAxFY0Y40AZ4AaABAg,UCxjmGS0yLlCMs4Fe-AqbHFw,"Fetched 05/24/2026, 8:08:10 PM GMT+8"
3418,La Trinidad,@axeliee-m5u,8 days ago,More blessings po sa inyong lahat! Mula po sa Lokal ng La Trinidad 🌸,https://www.youtube.com/watch?v=ROa3kbG5M0U&lc=UgxI_c0OEsewrEvJDXt4AaABAg,UgxI_c0OEsewrEvJDXt4AaABAg,UCxjmGS0yLlCMs4Fe-AqbHFw,"Fetched 05/24/2026, 8:08:10 PM GMT+8"
3419,La Trinidad,@axeliee-m5u,8 days ago,Sending love and support po mula sa Lokal ng La Trinidad 💕,https://www.youtube.com/watch?v=ROa3kbG5M0U&lc=Ugw4Pn1AEn4lfYA9XZ94AaABAg,Ugw4Pn1AEn4lfYA9XZ94AaABAg,UCxjmGS0yLlCMs4Fe-AqbHFw,"Fetched 05/24/2026, 8:08:10 PM GMT+8"
3420,La Trinidad,@axeliee-m5u,8 days ago,Ang ganda po ng mensahe! Mula po sa Lokal ng La Trinidad 💖,https://www.youtube.com/watch?v=ROa3kbG5M0U&lc=UgxDyl0aOWRXVoZ9pAl4AaABAg,UgxDyl0aOWRXVoZ9pAl4AaABAg,UCxjmGS0yLlCMs4Fe-AqbHFw,"Fetched 05/24/2026, 8:08:10 PM GMT+8"
3421,La Trinidad,@axeliee-m5u,8 days ago,God bless po sa inyong lahat! Mula po sa Lokal ng La Trinidad 🤍,https://www.youtube.com/watch?v=ROa3kbG5M0U&lc=UgxAQfrx4DXjhtOnsLV4AaABAg,UgxAQfrx4DXjhtOnsLV4AaABAg,UCxjmGS0yLlCMs4Fe-AqbHFw,"Fetched 05/24/2026, 8:08:10 PM GMT+8"
3422,La Trinidad,@axeliee-m5u,8 days ago,Nakaka-inspire po talaga! Mula po sa Lokal ng La Trinidad 🌿,https://www.youtube.com/watch?v=ROa3kbG5M0U&lc=UgykOiGuwrPzLihAao94AaABAg,UgykOiGuwrPzLihAao94AaABAg,UCxjmGS0yLlCMs4Fe-AqbHFw,"Fetched 05/24/2026, 8:08:10 PM GMT+8"
3423,La Trinidad,@axeliee-m5u,8 days ago,Congratulations po sa napakagandang gawa! Mula po sa Lokal ng La Trinidad 🎬,https://www.youtube.com/watch?v=ROa3kbG5M0U&lc=Ugzuu4KY8sLqS2qw2PR4AaABAg,Ugzuu4KY8sLqS2qw2PR4AaABAg,UCxjmGS0yLlCMs4Fe-AqbHFw,"Fetched 05/24/2026, 8:08:10 PM GMT+8"
3424,La Trinidad,@axeliee-m5u,8 days ago,Full support po mula sa Lokal ng La Trinidad ✨,https://www.youtube.com/watch?v=ROa3kbG5M0U&lc=UgyiZq0uB4e4SV1M5Fd4AaABAg,UgyiZq0uB4e4SV1M5Fd4AaABAg,UCxjmGS0yLlCMs4Fe-AqbHFw,"Fetched 05/24/2026, 8:08:10 PM GMT+8"
3425,La Trinidad,@axeliee-m5u,8 days ago,Happy viewing po! Mula po sa Lokal ng La Trinidad 💚,https://www.youtube.com/watch?v=ROa3kbG5M0U&lc=UgwVRwDeocJ6QzRnPkJ4AaABAg,UgwVRwDeocJ6QzRnPkJ4AaABAg,UCxjmGS0yLlCMs4Fe-AqbHFw,"Fetched 05/24/2026, 8:08:10 PM GMT+8"
3426,La Trinidad,@BnHydn,8 days ago,"‎“Napakaganda, nakaka-relax, at nakaka-inspire.”😊 Mula po sa lokal ng La Trinidad",https://www.youtube.com/watch?v=ROa3kbG5M0U&lc=UgziLiMLnLVGpX9oIX94AaABAg,UgziLiMLnLVGpX9oIX94AaABAg,UCbVqbfs9vjTS-hPNArDNcFQ,"Fetched 05/24/2026, 8:08:10 PM GMT+8"
3427,La Trinidad,@axeliee-m5u,8 days ago,Let's goo Benguet 🥦🐑🍓  /  / Patuloy pong nanonood 👋 mula sa Lokal ng La Trinidad 💐,https://www.youtube.com/watch?v=ROa3kbG5M0U&lc=UgxtNZWE5MviQG7E3tV4AaABAg,UgxtNZWE5MviQG7E3tV4AaABAg,UCxjmGS0yLlCMs4Fe-AqbHFw,"Fetched 05/24/2026, 8:08:10 PM GMT+8"
3428,La Trinidad,@axeliee-m5u,8 days ago,Hello 👋 po patuloy pa rin po ang suporta ng mga Binhi 🌱 ng Lokal ng La Trinidad 🫂,https://www.youtube.com/watch?v=ROa3kbG5M0U&lc=UgzM1OWo8lO7vyeL6_l4AaABAg,UgzM1OWo8lO7vyeL6_l4AaABAg,UCxjmGS0yLlCMs4Fe-AqbHFw,"Fetched 05/24/2026, 8:08:10 PM GMT+8"
3429,La Trinidad,@jazz-m7b,8 days ago,"Let's go BENGUET  / Supporting from Lokal ng La Trinidad, binhi 🌱🐑🍓",https://www.youtube.com/watch?v=ROa3kbG5M0U&lc=UgwS_uBIBicGVMxG8dZ4AaABAg,UgwS_uBIBicGVMxG8dZ4AaABAg,UCNB-zyitm7U6Yt835DEKclA,"Fetched 05/24/2026, 8:08:10 PM GMT+8"
3430,La Trinidad,@CasseySGonzales,8 days ago,Happy afternoon to all my fellow brethren who are watching right now / From locale congregation of La Trinidad district of Benguet⛰️🍓,https://www.youtube.com/watch?v=ROa3kbG5M0U&lc=UgwgD0PXb2JJEEvg0Ml4AaABAg,UgwgD0PXb2JJEEvg0Ml4AaABAg,UCZ_1zJtZfWs6L_NdfNJCvtQ,"Fetched 05/24/2026, 8:08:10 PM GMT+8"
3431,La Trinidad,@CasseySGonzales,8 days ago,Pagbati mo mula sa lokal ng LA TRINIDAD🌞🍓🏋‍♀️,https://www.youtube.com/watch?v=ROa3kbG5M0U&lc=Ugy27zi_gJU6yx9FGmh4AaABAg,Ugy27zi_gJU6yx9FGmh4AaABAg,UCZ_1zJtZfWs6L_NdfNJCvtQ,"Fetched 05/24/2026, 8:08:10 PM GMT+8"
3432,La Trinidad,@johnreylucio8970,8 days ago,"Good Afternoon po sa ating lahat, Binabati ko nga pala ang Kapatid na Wink Engrid Dela Rosa, sa Kaniyang Kaarawan ngayon, / Pagbati po Mula sa MT sa Kapisanang Kadiwa sa Lokal ng La Trinidad ❤",https://www.youtube.com/watch?v=ROa3kbG5M0U&lc=Ugw3AEgYrgx0IioFbOp4AaABAg,Ugw3AEgYrgx0IioFbOp4AaABAg,UCNMupRD4ySrN336KZpy29OA,"Fetched 05/24/2026, 8:08:10 PM GMT+8"
3433,La Trinidad,@jazz-m7b,8 days ago,Happy viewing po sa inyong lahat  / Mula po sa lokal ng La Trinidad,https://www.youtube.com/watch?v=ROa3kbG5M0U&lc=UgwbYy5KLAH82AatdVl4AaABAg,UgwbYy5KLAH82AatdVl4AaABAg,UCNB-zyitm7U6Yt835DEKclA,"Fetched 05/24/2026, 8:08:10 PM GMT+8"
3434,La Trinidad,@BnHydn,8 days ago,Road to 26k views. Manatiling nakasubaybay mga kapatid 👋  / -Lokal ng La Trinidad,https://www.youtube.com/watch?v=ROa3kbG5M0U&lc=Ugzh3yyC1yb8XK_9tph4AaABAg,Ugzh3yyC1yb8XK_9tph4AaABAg,UCbVqbfs9vjTS-hPNArDNcFQ,"Fetched 05/24/2026, 8:08:10 PM GMT+8"
3435,La Trinidad,@axeliee-m5u,8 days ago,Pagbati po mula sa mga May tungkulin sa Lokal ng La Trinidad 🤗,https://www.youtube.com/watch?v=ROa3kbG5M0U&lc=UgycQY3VE3RqAr6jIv94AaABAg,UgycQY3VE3RqAr6jIv94AaABAg,UCxjmGS0yLlCMs4Fe-AqbHFw,"Fetched 05/24/2026, 8:08:10 PM GMT+8"
3436,La Trinidad,@CasseySGonzales,8 days ago,"Sa sobrang ganda🤌 ng entry ng Bemguet⛰️,  I keep playing▶️ it over and over. I love it not just because of the catchy rhythm🎵, but more importantly because its message✉️ is so uplifting🏋‍♀️ and motivating🌞. / From LA TRINIDAD",https://www.youtube.com/watch?v=ROa3kbG5M0U&lc=Ugwosor4TKI_Ey4SFGp4AaABAg,Ugwosor4TKI_Ey4SFGp4AaABAg,UCZ_1zJtZfWs6L_NdfNJCvtQ,"Fetched 05/24/2026, 8:08:10 PM GMT+8"
3437,La Trinidad,@BnHydn,8 days ago,best MV !! Mula po sa lokal ng La Trinidad,https://www.youtube.com/watch?v=ROa3kbG5M0U&lc=UgzcEiooGsKbjZNcjFZ4AaABAg,UgzcEiooGsKbjZNcjFZ4AaABAg,UCbVqbfs9vjTS-hPNArDNcFQ,"Fetched 05/24/2026, 8:08:10 PM GMT+8"
3438,La Trinidad,@axeliee-m5u,8 days ago,Napaka gandang pakinggan 🎧 kahit paulit ulit 🔁 hindi nakaka sawa 🙅 /  / Pagbati po mula sa Lokal ng La Trinidad 💕,https://www.youtube.com/watch?v=ROa3kbG5M0U&lc=UgyYg4M7UMQU_FXYJCZ4AaABAg,UgyYg4M7UMQU_FXYJCZ4AaABAg,UCxjmGS0yLlCMs4Fe-AqbHFw,"Fetched 05/24/2026, 8:08:10 PM GMT+8"
3439,La Trinidad,@BnHydn,8 days ago,Meryenda while watching 🎉 / Happy watching mga kapatid 💚  / -Mula sa lokal ng La Trinidad,https://www.youtube.com/watch?v=ROa3kbG5M0U&lc=UgzjUQf6dyNKsdzpr6J4AaABAg,UgzjUQf6dyNKsdzpr6J4AaABAg,UCbVqbfs9vjTS-hPNArDNcFQ,"Fetched 05/24/2026, 8:08:10 PM GMT+8"
3440,La Trinidad,@axeliee-m5u,8 days ago,Full support 💯 po ang lahat ng may tungkulin 🙌 sa Lokal ng La Trinidad 💞,https://www.youtube.com/watch?v=ROa3kbG5M0U&lc=UgySTnz7IkrigH9aV7R4AaABAg,UgySTnz7IkrigH9aV7R4AaABAg,UCxjmGS0yLlCMs4Fe-AqbHFw,"Fetched 05/24/2026, 8:08:10 PM GMT+8"
3441,La Trinidad,@drewbatinay1449,8 days ago,Lets Go Benguet! Supporting from the locale of La Trinidad💗💗,https://www.youtube.com/watch?v=ROa3kbG5M0U&lc=UgxUcFd0yQ7_zMxdaHx4AaABAg,UgxUcFd0yQ7_zMxdaHx4AaABAg,UCQgz35ptm_7_RPT-Pc80itg,"Fetched 05/24/2026, 8:08:10 PM GMT+8"
3442,La Trinidad,@axeliee-m5u,8 days ago,Happy viewing everyone 🎉🎉  /  / Pagbati po sa Aming Destinado Bro. Kenner Bokilis at ang kanyang napakagaganda asawa 💖  /  /  / Mula po sa Lokal ng La Trinidad 🫶,https://www.youtube.com/watch?v=ROa3kbG5M0U&lc=UgzKhhfe_xQd0IDzrZ14AaABAg,UgzKhhfe_xQd0IDzrZ14AaABAg,UCxjmGS0yLlCMs4Fe-AqbHFw,"Fetched 05/24/2026, 8:08:10 PM GMT+8"
3443,La Trinidad,@BnHydn,8 days ago,Let's go Benguet ❤ / Let's go Binhi❤❤ / Let's go La Trinidad ❤❤❤,https://www.youtube.com/watch?v=ROa3kbG5M0U&lc=UgxGb0bx8J3y4Tqk0Ux4AaABAg,UgxGb0bx8J3y4Tqk0Ux4AaABAg,UCbVqbfs9vjTS-hPNArDNcFQ,"Fetched 05/24/2026, 8:08:10 PM GMT+8"
3444,La Trinidad,@BnHydn,8 days ago,Happy viewing po sa lahat 📺🎵 / -Lokal ng La Trinidad,https://www.youtube.com/watch?v=ROa3kbG5M0U&lc=UgzDKGZWQc8EOdR3C-N4AaABAg,UgzDKGZWQc8EOdR3C-N4AaABAg,UCbVqbfs9vjTS-hPNArDNcFQ,"Fetched 05/24/2026, 8:08:10 PM GMT+8"
3445,La Trinidad,@drewbatinay1449,8 days ago,Happy Viewing po! Mula sa mga MT ng La Trinidad❤,https://www.youtube.com/watch?v=ROa3kbG5M0U&lc=UgyIrmVHJOGWXfKqQQV4AaABAg,UgyIrmVHJOGWXfKqQQV4AaABAg,UCQgz35ptm_7_RPT-Pc80itg,"Fetched 05/24/2026, 8:08:10 PM GMT+8"
3446,La Trinidad,@axeliee-m5u,8 days ago,Kaway kaway 👋 po sa mga nanonood 🤗 /  / Happy viewing 💐 po pagbati mula sa Lokal ng La Trinidad 🪷,https://www.youtube.com/watch?v=ROa3kbG5M0U&lc=UgxqUog4yooc4-r6s0l4AaABAg,UgxqUog4yooc4-r6s0l4AaABAg,UCxjmGS0yLlCMs4Fe-AqbHFw,"Fetched 05/24/2026, 8:08:10 PM GMT+8"
3447,La Trinidad,@rejomartayaban,8 days ago,"Greetings po sa mga kasama ko pong kadiwa na patuloy parin sa pagsupport sa MV ng ating Distrito, pagbati mula po sa lokal po La Trinidad..🤍",https://www.youtube.com/watch?v=ROa3kbG5M0U&lc=UgwWXBGs-bddnJxv3GV4AaABAg,UgwWXBGs-bddnJxv3GV4AaABAg,UCi7RYRPFL6HTFaScpYFJMJQ,"Fetched 05/24/2026, 8:08:10 PM GMT+8"
3448,La Trinidad,@BnHydn,8 days ago,🎵 God's Love 🎵 / His wordous love ✅ /  / Mula po sa lokal ng La Trinidad,https://www.youtube.com/watch?v=ROa3kbG5M0U&lc=Ugx-NlSODdSTaqoBxNx4AaABAg,Ugx-NlSODdSTaqoBxNx4AaABAg,UCbVqbfs9vjTS-hPNArDNcFQ,"Fetched 05/24/2026, 8:08:10 PM GMT+8"
3449,La Trinidad,@axeliee-m5u,8 days ago,Let's goo Benguet 🥦 🐑 🍓  /  / Walang sawa po sa Pag suporta ang mga Binhi 🌱 ng Lokal ng La Trinidad!!,https://www.youtube.com/watch?v=ROa3kbG5M0U&lc=Ugz72wx4oYrNFP3EzqB4AaABAg,Ugz72wx4oYrNFP3EzqB4AaABAg,UCxjmGS0yLlCMs4Fe-AqbHFw,"Fetched 05/24/2026, 8:08:10 PM GMT+8"
3450,La Trinidad,@CasseySGonzales,8 days ago,Patuloy po nating suportahan🏋‍♀️ ang ating Distrito mga kapatid🐑❤ / -Lokal ng La Trinidad🍓Distrito ng Benguet⛰️,https://www.youtube.com/watch?v=ROa3kbG5M0U&lc=UgyOnFwsbz0blWTr4gN4AaABAg,UgyOnFwsbz0blWTr4gN4AaABAg,UCZ_1zJtZfWs6L_NdfNJCvtQ,"Fetched 05/24/2026, 8:08:10 PM GMT+8"
3451,La Trinidad,@BnHydn,8 days ago,Better watching than doing nothing  / -Lokal ng La Trinidad,https://www.youtube.com/watch?v=ROa3kbG5M0U&lc=UgwURk88FUImZvic2L54AaABAg,UgwURk88FUImZvic2L54AaABAg,UCbVqbfs9vjTS-hPNArDNcFQ,"Fetched 05/24/2026, 8:08:10 PM GMT+8"
3452,La Trinidad,@LourizDainiel,8 days ago,Love and Support coming from the locale ng La Trinidad,https://www.youtube.com/watch?v=ROa3kbG5M0U&lc=UgypJs-oGq3hPZHFOvF4AaABAg,UgypJs-oGq3hPZHFOvF4AaABAg,UCl27_TVQwFVeYsRUXy_X54g,"Fetched 05/24/2026, 8:08:10 PM GMT+8"
3453,La Trinidad,@BnHydn,8 days ago,Happy viewing po sa lahat 📺🎵 / -Lokal ng La Trinidad,https://www.youtube.com/watch?v=ROa3kbG5M0U&lc=Ugzkv25xh_LGuw0OeVR4AaABAg,Ugzkv25xh_LGuw0OeVR4AaABAg,UCbVqbfs9vjTS-hPNArDNcFQ,"Fetched 05/24/2026, 8:08:10 PM GMT+8"
3454,La Trinidad,@LourizDainiel,8 days ago,Pagbati po mula sa Lokal ng La Trinidad!,https://www.youtube.com/watch?v=ROa3kbG5M0U&lc=UgzV4A1Y1Q3y1cPN6ep4AaABAg,UgzV4A1Y1Q3y1cPN6ep4AaABAg,UCl27_TVQwFVeYsRUXy_X54g,"Fetched 05/24/2026, 8:08:10 PM GMT+8"
3455,La Trinidad,@winkdelarosa2397,8 days ago,"Binabati po nmn ang amin pong mahal na destinado, ka Kenner Bokilis, Happy birthday po uli🎉.. /  /  / From lokal ng La Trinidad ✨",https://www.youtube.com/watch?v=ROa3kbG5M0U&lc=Ugy6OBmSRqrksv74kLR4AaABAg,Ugy6OBmSRqrksv74kLR4AaABAg,UCcSUir_e5wTvoTFR6eQepyQ,"Fetched 05/24/2026, 8:08:10 PM GMT+8"
3456,La Trinidad,@LourizDainiel,8 days ago,Go Benguet! Go God's Love! Support from lokal ng La Trinidad!,https://www.youtube.com/watch?v=ROa3kbG5M0U&lc=UgyfQt8iecniTsG60PN4AaABAg,UgyfQt8iecniTsG60PN4AaABAg,UCl27_TVQwFVeYsRUXy_X54g,"Fetched 05/24/2026, 8:08:10 PM GMT+8"
3457,La Trinidad,@LourizDainiel,8 days ago,Maligayang panonood po mula sa lokal ng La Trinidad!!,https://www.youtube.com/watch?v=ROa3kbG5M0U&lc=Ugx_LtGUJiUITMo6gjF4AaABAg,Ugx_LtGUJiUITMo6gjF4AaABAg,UCl27_TVQwFVeYsRUXy_X54g,"Fetched 05/24/2026, 8:08:10 PM GMT+8"
3458,La Trinidad,@winkdelarosa2397,8 days ago,Sending love and support from lokal ng La Trinidad ~❤️,https://www.youtube.com/watch?v=ROa3kbG5M0U&lc=UgzSWos5aZczlMsFEwJ4AaABAg,UgzSWos5aZczlMsFEwJ4AaABAg,UCcSUir_e5wTvoTFR6eQepyQ,"Fetched 05/24/2026, 8:08:10 PM GMT+8"
3459,La Trinidad,@LourizDainiel,8 days ago,Happy viewing po from the locale of La Trinidad!,https://www.youtube.com/watch?v=ROa3kbG5M0U&lc=Ugy6FvJnYvsu9hkBqkl4AaABAg,Ugy6FvJnYvsu9hkBqkl4AaABAg,UCl27_TVQwFVeYsRUXy_X54g,"Fetched 05/24/2026, 8:08:10 PM GMT+8"
3460,La Trinidad,@aileensygonzales698,8 days ago,Happy viewing po mga kapatid..pagbati po mula sa mga Mang-aawit sa lokal po ng La Trinidad Distrito ng Benguet ❤,https://www.youtube.com/watch?v=ROa3kbG5M0U&lc=UgynwcxY5Z8I7GqD6NJ4AaABAg,UgynwcxY5Z8I7GqD6NJ4AaABAg,UCFnUHQGDSZBZoSWfCcbp7ZA,"Fetched 05/24/2026, 8:08:10 PM GMT+8"
3461,La Trinidad,@johnreylucio8970,8 days ago,"Let's Go BENGUET🎉 / Road to 26k Views na tayo, / Tuloytuloy po tayo mga kapatid❤ /  / Mula po sa Mga Kadiwa sa lokal ng La Trinidad ❤",https://www.youtube.com/watch?v=ROa3kbG5M0U&lc=UgwwQvkX0PEcuhfpfoF4AaABAg,UgwwQvkX0PEcuhfpfoF4AaABAg,UCNMupRD4ySrN336KZpy29OA,"Fetched 05/24/2026, 8:08:10 PM GMT+8"
3462,La Trinidad,@BnHydn,8 days ago,Let's go Benguet  / Let's go Binhi / Let's go La Trinidad,https://www.youtube.com/watch?v=ROa3kbG5M0U&lc=UgzQsv7FQA7fzG8IONF4AaABAg,UgzQsv7FQA7fzG8IONF4AaABAg,UCbVqbfs9vjTS-hPNArDNcFQ,"Fetched 05/24/2026, 8:08:10 PM GMT+8"
3463,La Trinidad,@CasseySGonzales,8 days ago,"GO BENGUET !!!⛰️🍃 / VERY INSPIRING PO🙂‍↕️ / Mula po sa Kapisanang BINHI 🌱 ng Lokal ng La Trinidad 🍓 / Binabati ko rin po ang  / Ka Kenner Bokilis destinado po ng lokal ng La Trinidad, and  Ka Anle Lucio dw po, ang ka  /  Lhexie Tindo at mga mt sa BINHI ng La Trinidad!!!🍓⛰️",https://www.youtube.com/watch?v=ROa3kbG5M0U&lc=UgyOga4XCH5XGNfX4UJ4AaABAg,UgyOga4XCH5XGNfX4UJ4AaABAg,UCZ_1zJtZfWs6L_NdfNJCvtQ,"Fetched 05/24/2026, 8:08:10 PM GMT+8"
3464,La Trinidad,@sylverlubin4910,8 days ago,Happy viewing po  greetings from local ng La trinidad  at sa lahat ng may tungkulin sa kalihiman at sa mga kadiwa district officers sa distrito..🍓🍓❤️❤️,https://www.youtube.com/watch?v=ROa3kbG5M0U&lc=UgwKNE-YXTWqX63v8HB4AaABAg,UgwKNE-YXTWqX63v8HB4AaABAg,UC2CbrvpFnO4Yq_QRkyOcp3A,"Fetched 05/24/2026, 8:08:10 PM GMT+8"
3465,La Trinidad,@CasseySGonzales,8 days ago,Hindi na ako inaantok sa work dahil dito🌞💁🏽‍♀️ / Happy viewing po mga kapatid from lokal ng La Trinidad,https://www.youtube.com/watch?v=ROa3kbG5M0U&lc=Ugxf8NyqfLNWaEyjgEZ4AaABAg,Ugxf8NyqfLNWaEyjgEZ4AaABAg,UCZ_1zJtZfWs6L_NdfNJCvtQ,"Fetched 05/24/2026, 8:08:10 PM GMT+8"
3466,La Trinidad,@CasseySGonzales,8 days ago,"Very Inspiring po 👏👏👏 / Just by listening to this song, buong buo na po ang araw ko🌄 / Greetings po from lokal ng La Trinidad, Benguet❤",https://www.youtube.com/watch?v=ROa3kbG5M0U&lc=UgzP3z0by_DR1gZV9bB4AaABAg,UgzP3z0by_DR1gZV9bB4AaABAg,UCZ_1zJtZfWs6L_NdfNJCvtQ,"Fetched 05/24/2026, 8:08:10 PM GMT+8"
3467,La Trinidad,@BnHydn_2,8 days ago,Hindi nakakasawang panoorin ‼️ Mula po sa lokal ng La Trinidad,https://www.youtube.com/watch?v=ROa3kbG5M0U&lc=Ugz11Cv2FAhXX_ZlEV94AaABAg,Ugz11Cv2FAhXX_ZlEV94AaABAg,UCFiIuFtStNyId62JOmMovbw,"Fetched 05/24/2026, 8:08:10 PM GMT+8"
3468,La Trinidad,@BnHydn_2,8 days ago,Happy viewing po sa lahat 📺🎵 / -Lokal ng La Trinidad,https://www.youtube.com/watch?v=ROa3kbG5M0U&lc=UgwBM43GAnRbCFkzieR4AaABAg,UgwBM43GAnRbCFkzieR4AaABAg,UCFiIuFtStNyId62JOmMovbw,"Fetched 05/24/2026, 8:08:10 PM GMT+8"
3469,La Trinidad,@BnHydn_2,8 days ago,"""God's Love is bigger than the ocean and brighter than the stars""❤️  / -Lokal ng La Trinidad",https://www.youtube.com/watch?v=ROa3kbG5M0U&lc=Ugz2euRnExaxebGQwq94AaABAg,Ugz2euRnExaxebGQwq94AaABAg,UCFiIuFtStNyId62JOmMovbw,"Fetched 05/24/2026, 8:08:10 PM GMT+8"
3470,La Trinidad,@CasseySGonzales,8 days ago,Happy Viewing po mga kapatid🐑  from Lokal ng La Trinidad Distrito ng Benguet🍓  / Binabati ko rin po ang Destinado at ang mga nasa Kapisanang Binhi🌱ng La Trinidad,https://www.youtube.com/watch?v=ROa3kbG5M0U&lc=UgzZk_9vI530gmHsZUd4AaABAg,UgzZk_9vI530gmHsZUd4AaABAg,UCZ_1zJtZfWs6L_NdfNJCvtQ,"Fetched 05/24/2026, 8:08:10 PM GMT+8"
3471,La Trinidad,@axeliee-m5u,8 days ago,nakaka inspire po🎉 / -La Trinidad,https://www.youtube.com/watch?v=ROa3kbG5M0U&lc=Ugwj7wEakWmIAGjxtgt4AaABAg,Ugwj7wEakWmIAGjxtgt4AaABAg,UCxjmGS0yLlCMs4Fe-AqbHFw,"Fetched 05/24/2026, 8:08:10 PM GMT+8"
3472,La Trinidad,@CasseySGonzales,8 days ago (edited),"Happy Viewing👀 po sa lahat ng mga nanonood po ngayon sana po ay nasa mabuting kalagayan po tayong lahat.☺️ / Tunay pong nakakainspire💕 at encouraging👊 po, lalo na po sa kalagayan ng ating mundo ngayon🌏 /  / Mula po sa Lokal ng LA TRINIDAD",https://www.youtube.com/watch?v=ROa3kbG5M0U&lc=Ugy3bwxnMg8oFKWhGlh4AaABAg,Ugy3bwxnMg8oFKWhGlh4AaABAg,UCZ_1zJtZfWs6L_NdfNJCvtQ,"Fetched 05/24/2026, 8:08:10 PM GMT+8"
3473,La Trinidad,@BnHydn_2,8 days ago,Binhi watchers 🤚 / -Lokal ng La Trinidad,https://www.youtube.com/watch?v=ROa3kbG5M0U&lc=Ugy7PJQ0lqEYngIszHd4AaABAg,Ugy7PJQ0lqEYngIszHd4AaABAg,UCFiIuFtStNyId62JOmMovbw,"Fetched 05/24/2026, 8:08:10 PM GMT+8"
3474,La Trinidad,@BnHydn_2,8 days ago,♥️Let's go Benguet ♥️ / 💚 Local ng La Trinidad 💚,https://www.youtube.com/watch?v=ROa3kbG5M0U&lc=UgwK20QkfDjH0CvFWCR4AaABAg,UgwK20QkfDjH0CvFWCR4AaABAg,UCFiIuFtStNyId62JOmMovbw,"Fetched 05/24/2026, 8:08:10 PM GMT+8"
3475,La Trinidad,@BnHydn_2,8 days ago,napakaganda ng production 🎇 / -Mula sa lokal ng La Trinidad,https://www.youtube.com/watch?v=ROa3kbG5M0U&lc=UgwOGqHak57c5lRFe854AaABAg,UgwOGqHak57c5lRFe854AaABAg,UCFiIuFtStNyId62JOmMovbw,"Fetched 05/24/2026, 8:08:10 PM GMT+8"
3476,La Trinidad,@BnHydn_2,8 days ago,Good afternoon and happy viewing brethren 🌻  / -Lokal ng La Trinidad,https://www.youtube.com/watch?v=ROa3kbG5M0U&lc=UgwzYAk-uxvF5ep7BaN4AaABAg,UgwzYAk-uxvF5ep7BaN4AaABAg,UCFiIuFtStNyId62JOmMovbw,"Fetched 05/24/2026, 8:08:10 PM GMT+8"
3477,La Trinidad,@axeliee-m5u,8 days ago,hello 👋 po from Lokal ng La Trinidad 🫶,https://www.youtube.com/watch?v=ROa3kbG5M0U&lc=UgwD7NjNDRxM9ykj--54AaABAg,UgwD7NjNDRxM9ykj--54AaABAg,UCxjmGS0yLlCMs4Fe-AqbHFw,"Fetched 05/24/2026, 8:08:10 PM GMT+8"
3478,La Trinidad,@BnHydn_2,8 days ago,LA TRINIDAD 💗  / Let's go Benguet ♥️,https://www.youtube.com/watch?v=ROa3kbG5M0U&lc=Ugx0pLbLjJ4R-wyxost4AaABAg,Ugx0pLbLjJ4R-wyxost4AaABAg,UCFiIuFtStNyId62JOmMovbw,"Fetched 05/24/2026, 8:08:10 PM GMT+8"
3479,La Trinidad,@LUSREYUTRGE,8 days ago,"Happy viewing po mula po sa kapisanang binhi, lokal ng La Trinidad / Distrito ng benguet",https://www.youtube.com/watch?v=ROa3kbG5M0U&lc=UgyWSvC61TJNheJjNR94AaABAg,UgyWSvC61TJNheJjNR94AaABAg,UC2W-6X6JkfeqiQYlwU1n0zA,"Fetched 05/24/2026, 8:08:10 PM GMT+8"
3480,La Trinidad,@axeliee-m5u,8 days ago,Go go go La Trinidad 🫶,https://www.youtube.com/watch?v=ROa3kbG5M0U&lc=UgyF_ZwxYUJQeqWVVd94AaABAg,UgyF_ZwxYUJQeqWVVd94AaABAg,UCxjmGS0yLlCMs4Fe-AqbHFw,"Fetched 05/24/2026, 8:08:10 PM GMT+8"
3481,La Trinidad,@BnHydn_2,8 days ago,Watching again!!! / -la Trinidad,https://www.youtube.com/watch?v=ROa3kbG5M0U&lc=Ugycx_zDWWjL2EEgFx14AaABAg,Ugycx_zDWWjL2EEgFx14AaABAg,UCFiIuFtStNyId62JOmMovbw,"Fetched 05/24/2026, 8:08:10 PM GMT+8"
3482,La Trinidad,@axeliee-m5u,8 days ago,re-watching 🤗  / -La Trinidad,https://www.youtube.com/watch?v=ROa3kbG5M0U&lc=UgwSt6vBOar1K6yhfat4AaABAg,UgwSt6vBOar1K6yhfat4AaABAg,UCxjmGS0yLlCMs4Fe-AqbHFw,"Fetched 05/24/2026, 8:08:10 PM GMT+8"
3483,La Trinidad,@CasseySGonzales,8 days ago,🥳 Happy 🌤️ afternoon 👋 to 🎊 all 💞 my 🫶 fellow 🤍 brethren ✨ who 📺 are 👁️ watching ⏰ right ⚡ now 📍 from 📌 the 🏘️ Local ⛪ Congregation 📍 of 🌲 La Trinidad 🗺️ District 📍 of ⛰️ Benguet,https://www.youtube.com/watch?v=ROa3kbG5M0U&lc=UgzzJZN0Ij6y5xY3p-N4AaABAg,UgzzJZN0Ij6y5xY3p-N4AaABAg,UCZ_1zJtZfWs6L_NdfNJCvtQ,"Fetched 05/24/2026, 8:08:10 PM GMT+8"
3484,La Trinidad,@BnHydn,8 days ago,Good afternoon everyone ♥️ / Love and support Mula po sa lokal ng La Trinidad,https://www.youtube.com/watch?v=ROa3kbG5M0U&lc=UgzzxcwauddyD2qb7Dh4AaABAg,UgzzxcwauddyD2qb7Dh4AaABAg,UCbVqbfs9vjTS-hPNArDNcFQ,"Fetched 05/24/2026, 8:08:10 PM GMT+8"
3485,La Trinidad,@axeliee-m5u,8 days ago,Let's goo Benguet 💯  / -La Trinidad,https://www.youtube.com/watch?v=ROa3kbG5M0U&lc=UgyJ7Xa6rubw56DvZJN4AaABAg,UgyJ7Xa6rubw56DvZJN4AaABAg,UCxjmGS0yLlCMs4Fe-AqbHFw,"Fetched 05/24/2026, 8:08:10 PM GMT+8"
3486,La Trinidad,@BnHydn,8 days ago,Hi and happy watching mga kapatid! / -Lokal ng La Trinidad,https://www.youtube.com/watch?v=ROa3kbG5M0U&lc=UgyO5T3WoruLbXUqMsh4AaABAg,UgyO5T3WoruLbXUqMsh4AaABAg,UCbVqbfs9vjTS-hPNArDNcFQ,"Fetched 05/24/2026, 8:08:10 PM GMT+8"
3487,La Trinidad,@axeliee-m5u,8 days ago,still watching 📺 po from Lokal ng La Trinidad 💞,https://www.youtube.com/watch?v=ROa3kbG5M0U&lc=UgyvTBQq1v873Qz8gJ14AaABAg,UgyvTBQq1v873Qz8gJ14AaABAg,UCxjmGS0yLlCMs4Fe-AqbHFw,"Fetched 05/24/2026, 8:08:10 PM GMT+8"
3488,La Trinidad,@CasseySGonzales,8 days ago,"Happy Viewing po sa lahat ng mga kapatid🐑 from Lokal ng La Trinidad, 🍓⛰️ / Shout out din po sa PINAKAMASIPAG🤌 na MT sa BINHI 🌱ang ka ALEXIE GAO-AN💁🏽‍♀️",https://www.youtube.com/watch?v=ROa3kbG5M0U&lc=UgxozXaKutOyR0AdFat4AaABAg,UgxozXaKutOyR0AdFat4AaABAg,UCZ_1zJtZfWs6L_NdfNJCvtQ,"Fetched 05/24/2026, 8:08:10 PM GMT+8"
3489,La Trinidad,@axeliee-m5u,8 days ago,Shout out po sa lahat ng may tungkulin sa kapisanang Binhi 🌱 ng Lokal ng La Trinidad 🙌,https://www.youtube.com/watch?v=ROa3kbG5M0U&lc=UgyYrsZVA18pmHuNOvJ4AaABAg,UgyYrsZVA18pmHuNOvJ4AaABAg,UCxjmGS0yLlCMs4Fe-AqbHFw,"Fetched 05/24/2026, 8:08:10 PM GMT+8"
3490,La Trinidad,@BnHydn,8 days ago,Still watching 🎇  / -Lokal ng La Trinidad,https://www.youtube.com/watch?v=ROa3kbG5M0U&lc=UgwD71CyQRwyQ5hXL3Z4AaABAg,UgwD71CyQRwyQ5hXL3Z4AaABAg,UCbVqbfs9vjTS-hPNArDNcFQ,"Fetched 05/24/2026, 8:08:10 PM GMT+8"
3491,La Trinidad,@axeliee-m5u,8 days ago,keep on commenting keep on supporting!! 🎉🎉 /  / Let's goo Benguet 💯  /  / Naka-suporta po ang Lokal ng La Trinidad 🫶,https://www.youtube.com/watch?v=ROa3kbG5M0U&lc=UgxWpRvX_AlFCHkgp7B4AaABAg,UgxWpRvX_AlFCHkgp7B4AaABAg,UCxjmGS0yLlCMs4Fe-AqbHFw,"Fetched 05/24/2026, 8:08:10 PM GMT+8"
3492,La Trinidad,@axeliee-m5u,8 days ago,Happy viewing everyone 😺  /  / Mula po sa Lokal ng La Trinidad,https://www.youtube.com/watch?v=ROa3kbG5M0U&lc=Ugw3hUngcm_RCGjKJ9d4AaABAg,Ugw3hUngcm_RCGjKJ9d4AaABAg,UCxjmGS0yLlCMs4Fe-AqbHFw,"Fetched 05/24/2026, 8:08:10 PM GMT+8"
3493,La Trinidad,@axeliee-m5u,8 days ago,good aftieeee everyone 🫂  /  / mula po sa Lokal ng La Trinidad,https://www.youtube.com/watch?v=ROa3kbG5M0U&lc=Ugz_4LBPXUGzfrUSWMt4AaABAg,Ugz_4LBPXUGzfrUSWMt4AaABAg,UCxjmGS0yLlCMs4Fe-AqbHFw,"Fetched 05/24/2026, 8:08:10 PM GMT+8"
3494,La Trinidad,@axeliee-m5u,8 days ago,Hindi po nagsasawa ang mga taga Lokal ng La Trinidad 🥀 sa pagsuporta 💮,https://www.youtube.com/watch?v=ROa3kbG5M0U&lc=UgwARlIpgbvhb55vP9J4AaABAg,UgwARlIpgbvhb55vP9J4AaABAg,UCxjmGS0yLlCMs4Fe-AqbHFw,"Fetched 05/24/2026, 8:08:10 PM GMT+8"
3495,La Trinidad,@axeliee-m5u,8 days ago,Hello po sa mga Binhi 🌱  / -La Trinidad,https://www.youtube.com/watch?v=ROa3kbG5M0U&lc=UgwoIze9xrIFPblqOdx4AaABAg,UgwoIze9xrIFPblqOdx4AaABAg,UCxjmGS0yLlCMs4Fe-AqbHFw,"Fetched 05/24/2026, 8:08:10 PM GMT+8"
3496,La Trinidad,@jazz-m7b,8 days ago,Hi po 😊 / Lokal ng La Trinidad 🐑🌱,https://www.youtube.com/watch?v=ROa3kbG5M0U&lc=UgyJe7GuWE04bHoST9V4AaABAg,UgyJe7GuWE04bHoST9V4AaABAg,UCNB-zyitm7U6Yt835DEKclA,"Fetched 05/24/2026, 8:08:10 PM GMT+8"
3497,La Trinidad,@johnreylucio8970,8 days ago,"Congratulations po Distrito ng Benguet Productions,  Patuloy po kaming nakasuporta sa lokal ng La Trinidad❤",https://www.youtube.com/watch?v=ROa3kbG5M0U&lc=UgzNmkNRFlGpWEIglyZ4AaABAg,UgzNmkNRFlGpWEIglyZ4AaABAg,UCNMupRD4ySrN336KZpy29OA,"Fetched 05/24/2026, 8:08:10 PM GMT+8"
3498,La Trinidad,@axeliee-m5u,8 days ago,Happyy Viewing po 🍓 from Lokal ng La Trinidad 💐,https://www.youtube.com/watch?v=ROa3kbG5M0U&lc=Ugwb4gtwz9JnqBcRuhN4AaABAg,Ugwb4gtwz9JnqBcRuhN4AaABAg,UCxjmGS0yLlCMs4Fe-AqbHFw,"Fetched 05/24/2026, 8:08:10 PM GMT+8"
3499,La Trinidad,@winkdelarosa2397,8 days ago,Full support from lokal ng La Trinidad!❤️,https://www.youtube.com/watch?v=ROa3kbG5M0U&lc=UgybaqmbfyvrDylFKX54AaABAg,UgybaqmbfyvrDylFKX54AaABAg,UCcSUir_e5wTvoTFR6eQepyQ,"Fetched 05/24/2026, 8:08:10 PM GMT+8"
3500,La Trinidad,@winkdelarosa2397,8 days ago,Let's go BENGUET!! /  / Lokal ng La Trinidad~🍓🍓,https://www.youtube.com/watch?v=ROa3kbG5M0U&lc=Ugw9q-gxT7cK2iY19x54AaABAg,Ugw9q-gxT7cK2iY19x54AaABAg,UCcSUir_e5wTvoTFR6eQepyQ,"Fetched 05/24/2026, 8:08:10 PM GMT+8"
3501,La Trinidad,@winkdelarosa2397,8 days ago,Magandang hapon po sa lahat mga Kapatid! Happy watching po~ from lokal ng La Trinidad❤,https://www.youtube.com/watch?v=ROa3kbG5M0U&lc=UgwavXHYfdzPwaXpixZ4AaABAg,UgwavXHYfdzPwaXpixZ4AaABAg,UCcSUir_e5wTvoTFR6eQepyQ,"Fetched 05/24/2026, 8:08:10 PM GMT+8"
3502,La Trinidad,@BnHydn,8 days ago,"""God's Love is bigger than the ocean and brighter than the stars""💞  / -Lokal ng La Trinidad",https://www.youtube.com/watch?v=ROa3kbG5M0U&lc=UgyUHF7jev5gaoPieTh4AaABAg,UgyUHF7jev5gaoPieTh4AaABAg,UCbVqbfs9vjTS-hPNArDNcFQ,"Fetched 05/24/2026, 8:08:10 PM GMT+8"
3503,La Trinidad,@BnHydn,8 days ago,Di nakakasawang panoorin ❤📺 / Lokal ng La Trinidad,https://www.youtube.com/watch?v=ROa3kbG5M0U&lc=Ugwc6LT32XxJse-3ksp4AaABAg,Ugwc6LT32XxJse-3ksp4AaABAg,UCbVqbfs9vjTS-hPNArDNcFQ,"Fetched 05/24/2026, 8:08:10 PM GMT+8"
3504,La Trinidad,@BnHydn,8 days ago,Best MV🎉 / -La Trinidad,https://www.youtube.com/watch?v=ROa3kbG5M0U&lc=Ugx-2Qcjz4QW1yYL_cJ4AaABAg,Ugx-2Qcjz4QW1yYL_cJ4AaABAg,UCbVqbfs9vjTS-hPNArDNcFQ,"Fetched 05/24/2026, 8:08:10 PM GMT+8"
3505,La Trinidad,@johnreylucio8970,8 days ago,Patuloy at wlang tigil na suporta ang Dala ng mga Kadiwa at Binhi sa Lokal Ng La Trinidad 🥦🐑🍓,https://www.youtube.com/watch?v=ROa3kbG5M0U&lc=UgzIUbgIQlrYLqC4B1x4AaABAg,UgzIUbgIQlrYLqC4B1x4AaABAg,UCNMupRD4ySrN336KZpy29OA,"Fetched 05/24/2026, 8:08:10 PM GMT+8"
3506,La Trinidad,@BnHydn_2,8 days ago,Good afternoon everyone ♥️ / Love and support Mula po sa lokal ng La Trinidad,https://www.youtube.com/watch?v=ROa3kbG5M0U&lc=UgzcFjNAvHB5tmWJtdt4AaABAg,UgzcFjNAvHB5tmWJtdt4AaABAg,UCFiIuFtStNyId62JOmMovbw,"Fetched 05/24/2026, 8:08:10 PM GMT+8"
3507,La Trinidad,@Iisang_Puso,8 days ago,Lokal ng La Trinidad sends all-out support for the Music Video!,https://www.youtube.com/watch?v=ROa3kbG5M0U&lc=UgxlmZbube3zxf8nUfN4AaABAg,UgxlmZbube3zxf8nUfN4AaABAg,UCPjs8vMW63A9LXOTyBoXSrQ,"Fetched 05/24/2026, 8:08:10 PM GMT+8"
3508,La Trinidad,@BnHydn,8 days ago,Go Benguet ♥️  / Go La Trinidad,https://www.youtube.com/watch?v=ROa3kbG5M0U&lc=UgyCCEKuUIl-SCWgmO94AaABAg,UgyCCEKuUIl-SCWgmO94AaABAg,UCbVqbfs9vjTS-hPNArDNcFQ,"Fetched 05/24/2026, 8:08:10 PM GMT+8"
3509,La Trinidad,@BnHydn_2,8 days ago,Laging nakasubaybay at sumusuporta  / -La Trinidad,https://www.youtube.com/watch?v=ROa3kbG5M0U&lc=UgwkxRWUHoTPgsezW6F4AaABAg,UgwkxRWUHoTPgsezW6F4AaABAg,UCFiIuFtStNyId62JOmMovbw,"Fetched 05/24/2026, 8:08:10 PM GMT+8"
3510,La Trinidad,@BnHydn,8 days ago,Nonstop support ✅  / -La Trinidad,https://www.youtube.com/watch?v=ROa3kbG5M0U&lc=UgyoEydIs_J8aP1NKyl4AaABAg,UgyoEydIs_J8aP1NKyl4AaABAg,UCbVqbfs9vjTS-hPNArDNcFQ,"Fetched 05/24/2026, 8:08:10 PM GMT+8"
3511,La Trinidad,@Iisang_Puso,8 days ago,"More power to the Music Video of Benguet, supporting from Lokal ng La Trinidad!",https://www.youtube.com/watch?v=ROa3kbG5M0U&lc=UgwNfkgb2TpetIBcl9V4AaABAg,UgwNfkgb2TpetIBcl9V4AaABAg,UCPjs8vMW63A9LXOTyBoXSrQ,"Fetched 05/24/2026, 8:08:10 PM GMT+8"
3512,La Trinidad,@BnHydn_2,8 days ago,Hi and happy watching mga kapatid! / -Lokal ng La Trinidad,https://www.youtube.com/watch?v=ROa3kbG5M0U&lc=UgwyrDqxo7TJJM6g88F4AaABAg,UgwyrDqxo7TJJM6g88F4AaABAg,UCFiIuFtStNyId62JOmMovbw,"Fetched 05/24/2026, 8:08:10 PM GMT+8"
3513,La Trinidad,@BnHydn,8 days ago,Happy viewing  / -La Trinidad,https://www.youtube.com/watch?v=ROa3kbG5M0U&lc=Ugzj_3Bh6W2Vm5UoqvR4AaABAg,Ugzj_3Bh6W2Vm5UoqvR4AaABAg,UCbVqbfs9vjTS-hPNArDNcFQ,"Fetched 05/24/2026, 8:08:10 PM GMT+8"
3514,La Trinidad,@jazz-m7b,8 days ago,La Trinidad 🪷🍓🐑,https://www.youtube.com/watch?v=ROa3kbG5M0U&lc=UgxMSm8K7ywHRFxj0zZ4AaABAg,UgxMSm8K7ywHRFxj0zZ4AaABAg,UCNB-zyitm7U6Yt835DEKclA,"Fetched 05/24/2026, 8:08:10 PM GMT+8"
3515,La Trinidad,@BnHydn,8 days ago,Benguet ON TOP ⏫  / -La Trinidad 🎉,https://www.youtube.com/watch?v=ROa3kbG5M0U&lc=Ugwam6QMF4ZC9kkUUNx4AaABAg,Ugwam6QMF4ZC9kkUUNx4AaABAg,UCbVqbfs9vjTS-hPNArDNcFQ,"Fetched 05/24/2026, 8:08:10 PM GMT+8"
3516,La Trinidad,@BnHydn,8 days ago,"Locale of La Trinidad, full support.",https://www.youtube.com/watch?v=ROa3kbG5M0U&lc=UgwXFW_aI7tEdOEHvFZ4AaABAg,UgwXFW_aI7tEdOEHvFZ4AaABAg,UCbVqbfs9vjTS-hPNArDNcFQ,"Fetched 05/24/2026, 8:08:10 PM GMT+8"
3517,La Trinidad,@BnHydn,8 days ago,Happy viewing 🎉  / -La Trinidad,https://www.youtube.com/watch?v=ROa3kbG5M0U&lc=Ugy2j0jCMB0nnbQIXn14AaABAg,Ugy2j0jCMB0nnbQIXn14AaABAg,UCbVqbfs9vjTS-hPNArDNcFQ,"Fetched 05/24/2026, 8:08:10 PM GMT+8"
3518,La Trinidad,@Iisang_Puso,8 days ago,Lokal ng La Trinidad cheers for the MV's success! Let's go BENGUET!,https://www.youtube.com/watch?v=ROa3kbG5M0U&lc=UgyQUrKj8mrZ9g6JWz14AaABAg,UgyQUrKj8mrZ9g6JWz14AaABAg,UCPjs8vMW63A9LXOTyBoXSrQ,"Fetched 05/24/2026, 8:08:10 PM GMT+8"
3519,La Trinidad,@BnHydn,8 days ago,Happy viewing ulit / -Lokal ng La Trinidad,https://www.youtube.com/watch?v=ROa3kbG5M0U&lc=UgxlMtrfLPspHf9hZZN4AaABAg,UgxlMtrfLPspHf9hZZN4AaABAg,UCbVqbfs9vjTS-hPNArDNcFQ,"Fetched 05/24/2026, 8:08:10 PM GMT+8"
3520,La Trinidad,@BnHydn,8 days ago,Benguet 🔛🔝❤ / -Lokal ng La Trinidad,https://www.youtube.com/watch?v=ROa3kbG5M0U&lc=UgwFLsCw4j1Vop6sXzZ4AaABAg,UgwFLsCw4j1Vop6sXzZ4AaABAg,UCbVqbfs9vjTS-hPNArDNcFQ,"Fetched 05/24/2026, 8:08:10 PM GMT+8"
3521,La Trinidad,@Iisang_Puso,8 days ago,"Keep shining, for this inspiring Music Video! Lokal ng La Trinidad is always supporting!",https://www.youtube.com/watch?v=ROa3kbG5M0U&lc=Ugz1LqjUuMBFF7wkGzx4AaABAg,Ugz1LqjUuMBFF7wkGzx4AaABAg,UCPjs8vMW63A9LXOTyBoXSrQ,"Fetched 05/24/2026, 8:08:10 PM GMT+8"
3522,La Trinidad,@Iisang_Puso,8 days ago,Full support from Lokal ng La Trinidad for the Music Video! Very Inspiring❤,https://www.youtube.com/watch?v=ROa3kbG5M0U&lc=UgwfeePcBFEkOmNN_yd4AaABAg,UgwfeePcBFEkOmNN_yd4AaABAg,UCPjs8vMW63A9LXOTyBoXSrQ,"Fetched 05/24/2026, 8:08:10 PM GMT+8"
3523,La Trinidad,@jazz-m7b,8 days ago,Happy viewing po mula sa lokal ng La Trinidad,https://www.youtube.com/watch?v=ROa3kbG5M0U&lc=UgxPSG1Yh2iwXa3WiS54AaABAg,UgxPSG1Yh2iwXa3WiS54AaABAg,UCNB-zyitm7U6Yt835DEKclA,"Fetched 05/24/2026, 8:08:10 PM GMT+8"
3524,La Trinidad,@Iisang_Puso,8 days ago,Lokal ng La Trinidad proudly supports this MV made by Beguet Team!,https://www.youtube.com/watch?v=ROa3kbG5M0U&lc=Ugw3lgnhUEbvy5TCLLV4AaABAg,Ugw3lgnhUEbvy5TCLLV4AaABAg,UCPjs8vMW63A9LXOTyBoXSrQ,"Fetched 05/24/2026, 8:08:10 PM GMT+8"
3525,La Trinidad,@Iisang_Puso,8 days ago,"Aim for the top, Lokal ng La Trinidad!",https://www.youtube.com/watch?v=ROa3kbG5M0U&lc=UgwuB93fV7WP1fc8DmB4AaABAg,UgwuB93fV7WP1fc8DmB4AaABAg,UCPjs8vMW63A9LXOTyBoXSrQ,"Fetched 05/24/2026, 8:08:10 PM GMT+8"
3526,La Trinidad,@winkdelarosa2397,8 days ago,"Greetings from Lokal ng La Trinidad at lahat ng maytungkulin sa Finance, happy viewing po mga Kapatid!",https://www.youtube.com/watch?v=ROa3kbG5M0U&lc=UgzNzsy4BsROJlfWlaV4AaABAg,UgzNzsy4BsROJlfWlaV4AaABAg,UCcSUir_e5wTvoTFR6eQepyQ,"Fetched 05/24/2026, 8:08:10 PM GMT+8"
3527,La Trinidad,@Iisang_Puso,8 days ago,Fight! Lokal ng La Trinidad supports the Music Video wholeheartedly!,https://www.youtube.com/watch?v=ROa3kbG5M0U&lc=UgxevdLOvVtfvOEgXhB4AaABAg,UgxevdLOvVtfvOEgXhB4AaABAg,UCPjs8vMW63A9LXOTyBoXSrQ,"Fetched 05/24/2026, 8:08:10 PM GMT+8"
3528,La Trinidad,@johnreylucio8970,8 days ago,"Dabest talaga ang God's Love,❤ / Go Benguet🎉 / -Kadiwa / - La Trinidad",https://www.youtube.com/watch?v=ROa3kbG5M0U&lc=Ugy2gNr6dle56BtfVXp4AaABAg,Ugy2gNr6dle56BtfVXp4AaABAg,UCNMupRD4ySrN336KZpy29OA,"Fetched 05/24/2026, 8:08:10 PM GMT+8"
3529,La Trinidad,@tayabanrt,8 days ago,"Magandang hapon po mga kapatid, panonoorin ulit itong mahusay na gawa ng Benguet Team. Let's go BENGUET! Pagbati mula Lokal ng La Trinidad.",https://www.youtube.com/watch?v=ROa3kbG5M0U&lc=UgxAtCRoUKouVyaRpgB4AaABAg,UgxAtCRoUKouVyaRpgB4AaABAg,UCCpOKu7HxJqnWctZ5fG9DZg,"Fetched 05/24/2026, 8:08:10 PM GMT+8"
3530,La Trinidad,@BnHydn,8 days ago,"Maligayang panonood pooo.. /  / Happy viewing Mula sa lokal ng La Trinidad, Kapisanang Binhi  /  / Let's go Benguet ❤❤❤❤",https://www.youtube.com/watch?v=ROa3kbG5M0U&lc=UgzqXncRAs6f_VONGjR4AaABAg,UgzqXncRAs6f_VONGjR4AaABAg,UCbVqbfs9vjTS-hPNArDNcFQ,"Fetched 05/24/2026, 8:08:10 PM GMT+8"
3531,La Trinidad,@KimberlyBolislis,8 days ago,"maulang hapon po mga kapatid, happy viewing mula po sa Lokal ng la Trinidad Distrito ng Benguet..",https://www.youtube.com/watch?v=ROa3kbG5M0U&lc=UgwSL-w3jklgwAmPYTZ4AaABAg,UgwSL-w3jklgwAmPYTZ4AaABAg,UCdfTpcI8Bk2esfH_nV8QRFw,"Fetched 05/24/2026, 8:08:10 PM GMT+8"
3532,La Trinidad,@BnHydn,8 days ago,A cloudy afternoon to us brethren 🌻  / Let's keep rewatching 🎉 / -Lokal ng La Trinidad,https://www.youtube.com/watch?v=ROa3kbG5M0U&lc=Ugx23FadoeUolqxNzLR4AaABAg,Ugx23FadoeUolqxNzLR4AaABAg,UCbVqbfs9vjTS-hPNArDNcFQ,"Fetched 05/24/2026, 8:08:10 PM GMT+8"
3533,La Trinidad,@Iisang_Puso,8 days ago,"Magandang hapon mga kapatid, Happy watching listening po ating lahat. Enjoy vibing with the music. Greetings mula sa lokal ng La Trinidad.",https://www.youtube.com/watch?v=ROa3kbG5M0U&lc=Ugymi59Z-A_wLbwyOth4AaABAg,Ugymi59Z-A_wLbwyOth4AaABAg,UCPjs8vMW63A9LXOTyBoXSrQ,"Fetched 05/24/2026, 8:08:10 PM GMT+8"
3534,La Trinidad,@BnHydn,8 days ago,Go La Trinidad  / Go Benguet,https://www.youtube.com/watch?v=ROa3kbG5M0U&lc=UgwPTCgKZYY1Yixp0GV4AaABAg,UgwPTCgKZYY1Yixp0GV4AaABAg,UCbVqbfs9vjTS-hPNArDNcFQ,"Fetched 05/24/2026, 8:08:10 PM GMT+8"
3535,La Trinidad,@BnHydn,8 days ago,Go Benguet  / Go La Trinidad,https://www.youtube.com/watch?v=ROa3kbG5M0U&lc=Ugwi71JHFquKRNe_pL14AaABAg,Ugwi71JHFquKRNe_pL14AaABAg,UCbVqbfs9vjTS-hPNArDNcFQ,"Fetched 05/24/2026, 8:08:10 PM GMT+8"
3536,La Trinidad,@BnHydn,8 days ago,"Greetings mula po sa lokal ng La Trinidad, Kapisanang BINHI ‼️💯",https://www.youtube.com/watch?v=ROa3kbG5M0U&lc=UgwfJZ76I5OyYTo7q-94AaABAg,UgwfJZ76I5OyYTo7q-94AaABAg,UCbVqbfs9vjTS-hPNArDNcFQ,"Fetched 05/24/2026, 8:08:10 PM GMT+8"
3537,La Trinidad,@jazz-m7b,8 days ago,Happy viewing  / La Trinidad,https://www.youtube.com/watch?v=ROa3kbG5M0U&lc=UgyOkyVvolCfPPysPr14AaABAg,UgyOkyVvolCfPPysPr14AaABAg,UCNB-zyitm7U6Yt835DEKclA,"Fetched 05/24/2026, 8:08:10 PM GMT+8"
3538,La Trinidad,@AltheaEstephanieJaballa,8 days ago,Happy viewing po! Pagbati mula sa mga mang-aawit ng lokal ng La Trinidad,https://www.youtube.com/watch?v=ROa3kbG5M0U&lc=UgxkgvulsXgf2Ip_lKd4AaABAg,UgxkgvulsXgf2Ip_lKd4AaABAg,UCIr2XT0yhBj05SQv0YCD_vQ,"Fetched 05/24/2026, 8:08:10 PM GMT+8"
3539,La Trinidad,@BnHydn,8 days ago,Let's go Benguet ♥️ still watching 📺🎵  / -Lokal ng La Trinidad,https://www.youtube.com/watch?v=ROa3kbG5M0U&lc=UgyxUP3rbrf7vMV0rKF4AaABAg,UgyxUP3rbrf7vMV0rKF4AaABAg,UCbVqbfs9vjTS-hPNArDNcFQ,"Fetched 05/24/2026, 8:08:10 PM GMT+8"
3540,La Trinidad,@BnHydn,8 days ago,Go Benguet!!! Reach the 🔝  / -Lokal ng La Trinidad,https://www.youtube.com/watch?v=ROa3kbG5M0U&lc=UgzLijmzhyb9FfyG_CZ4AaABAg,UgzLijmzhyb9FfyG_CZ4AaABAg,UCbVqbfs9vjTS-hPNArDNcFQ,"Fetched 05/24/2026, 8:08:10 PM GMT+8"
3541,La Trinidad,@johnreylucio8970,8 days ago,"Rainy Afternoon po,🎉 / Still happy watching it❤ / Greetings po Mula sa lokal ng La Trinidad ❤",https://www.youtube.com/watch?v=ROa3kbG5M0U&lc=UgwhFk5q3UzcHP7i6nN4AaABAg,UgwhFk5q3UzcHP7i6nN4AaABAg,UCNMupRD4ySrN336KZpy29OA,"Fetched 05/24/2026, 8:08:10 PM GMT+8"
3542,La Trinidad,@BnHydn,8 days ago,Hallo ebriwan... Laging nakasubaybay ✅  / -Lokal ng La Trinidad,https://www.youtube.com/watch?v=ROa3kbG5M0U&lc=UgyoxdQKQRzS-nT0swJ4AaABAg,UgyoxdQKQRzS-nT0swJ4AaABAg,UCbVqbfs9vjTS-hPNArDNcFQ,"Fetched 05/24/2026, 8:08:10 PM GMT+8"
3543,La Trinidad,@BnHydn_2,8 days ago,We're still here! / -La Trinidad,https://www.youtube.com/watch?v=ROa3kbG5M0U&lc=UgzsNW_jP_iK9iAiR-V4AaABAg,UgzsNW_jP_iK9iAiR-V4AaABAg,UCFiIuFtStNyId62JOmMovbw,"Fetched 05/24/2026, 8:08:10 PM GMT+8"
3544,La Trinidad,@axeliee-m5u,8 days ago,Mula po sa Lokal ng La Trinidad 🫶 Happy viewing po everyone👋,https://www.youtube.com/watch?v=ROa3kbG5M0U&lc=UgwVyU_Ik06J3kSxEFx4AaABAg,UgwVyU_Ik06J3kSxEFx4AaABAg,UCxjmGS0yLlCMs4Fe-AqbHFw,"Fetched 05/24/2026, 8:08:10 PM GMT+8"
3545,La Trinidad,@BnHydn_2,8 days ago,Let's go!! / -La Trinidad,https://www.youtube.com/watch?v=ROa3kbG5M0U&lc=UgwbBHSa7Vo1zy3HqO54AaABAg,UgwbBHSa7Vo1zy3HqO54AaABAg,UCFiIuFtStNyId62JOmMovbw,"Fetched 05/24/2026, 8:08:10 PM GMT+8"
3546,La Trinidad,@BnHydn,8 days ago,Di nakakasawang ulit-ulitin / -lokal ng La Trinidad,https://www.youtube.com/watch?v=ROa3kbG5M0U&lc=UgwfytnuW6dVOWv1PhZ4AaABAg,UgwfytnuW6dVOWv1PhZ4AaABAg,UCbVqbfs9vjTS-hPNArDNcFQ,"Fetched 05/24/2026, 8:08:10 PM GMT+8"
3547,La Trinidad,@jazz-m7b,8 days ago,Shout out  /  / La Trinidad,https://www.youtube.com/watch?v=ROa3kbG5M0U&lc=Ugx3iwqMju4WmaYzQB14AaABAg,Ugx3iwqMju4WmaYzQB14AaABAg,UCNB-zyitm7U6Yt835DEKclA,"Fetched 05/24/2026, 8:08:10 PM GMT+8"
3548,La Trinidad,@BnHydn_2,8 days ago,Love it!! Have a great viewing! / Lokal ng La Trinidad,https://www.youtube.com/watch?v=ROa3kbG5M0U&lc=UgzaplObefzGWZVO3CF4AaABAg,UgzaplObefzGWZVO3CF4AaABAg,UCFiIuFtStNyId62JOmMovbw,"Fetched 05/24/2026, 8:08:10 PM GMT+8"
3549,La Trinidad,@BnHydn,8 days ago,Let's go mga kapatid!!! Keep commenting  / -Lokal ng La Trinidad,https://www.youtube.com/watch?v=ROa3kbG5M0U&lc=UgyR8Dv4haBX8dNgzhh4AaABAg,UgyR8Dv4haBX8dNgzhh4AaABAg,UCbVqbfs9vjTS-hPNArDNcFQ,"Fetched 05/24/2026, 8:08:10 PM GMT+8"
3550,La Trinidad,@BnHydn_2,8 days ago,Happy watching: La Trinidad,https://www.youtube.com/watch?v=ROa3kbG5M0U&lc=Ugxe9M4D72ELexUm9jZ4AaABAg,Ugxe9M4D72ELexUm9jZ4AaABAg,UCFiIuFtStNyId62JOmMovbw,"Fetched 05/24/2026, 8:08:10 PM GMT+8"
3551,La Trinidad,@BnHydn,8 days ago,Go Benguet ❤ / -La Trinidad,https://www.youtube.com/watch?v=ROa3kbG5M0U&lc=UgxeLdoSFJEPQABcaCV4AaABAg,UgxeLdoSFJEPQABcaCV4AaABAg,UCbVqbfs9vjTS-hPNArDNcFQ,"Fetched 05/24/2026, 8:08:10 PM GMT+8"
3552,La Trinidad,@BnHydn,8 days ago,Let's reach 26k views!! / -Lokal ng La Trinidad,https://www.youtube.com/watch?v=ROa3kbG5M0U&lc=UgxgGGUpWzgDHFFGtYp4AaABAg,UgxgGGUpWzgDHFFGtYp4AaABAg,UCbVqbfs9vjTS-hPNArDNcFQ,"Fetched 05/24/2026, 8:08:10 PM GMT+8"
3553,La Trinidad,@BnHydn_2,8 days ago,Let's go Benguet ♥️  / Lokal ng La Trinidad,https://www.youtube.com/watch?v=ROa3kbG5M0U&lc=UgysqTALrHFcZHrRRzd4AaABAg,UgysqTALrHFcZHrRRzd4AaABAg,UCFiIuFtStNyId62JOmMovbw,"Fetched 05/24/2026, 8:08:10 PM GMT+8"
3554,La Trinidad,@BnHydn_2,8 days ago,Good afternoon 🌆 rewatching this MV Mula sa lokal ng La Trinidad,https://www.youtube.com/watch?v=ROa3kbG5M0U&lc=UgxZJ-DSXHff2mfj9IN4AaABAg,UgxZJ-DSXHff2mfj9IN4AaABAg,UCFiIuFtStNyId62JOmMovbw,"Fetched 05/24/2026, 8:08:10 PM GMT+8"
3555,La Trinidad,@axeliee-m5u,8 days ago,Happy viewing everyone 💖 /  / Mula po sa Lokal ng La Trinidad 🥀,https://www.youtube.com/watch?v=ROa3kbG5M0U&lc=UgydPnsVXitRioGuw8F4AaABAg,UgydPnsVXitRioGuw8F4AaABAg,UCxjmGS0yLlCMs4Fe-AqbHFw,"Fetched 05/24/2026, 8:08:10 PM GMT+8"
3556,La Trinidad,@BnHydn_2,8 days ago,Good afternoon brethren 🌻  / Happy viewing po mga kapatid 👋  / Lokal ng La Trinidad  / Let's go Benguet,https://www.youtube.com/watch?v=ROa3kbG5M0U&lc=UgyicFGbAigo3Zpuzft4AaABAg,UgyicFGbAigo3Zpuzft4AaABAg,UCFiIuFtStNyId62JOmMovbw,"Fetched 05/24/2026, 8:08:10 PM GMT+8"
3557,La Trinidad,@BnHydn_2,8 days ago,Happy viewing to all brethren 🌻  / -Lokal ng La Trinidad,https://www.youtube.com/watch?v=ROa3kbG5M0U&lc=Ugy9i2FMBdtufy6_XXp4AaABAg,Ugy9i2FMBdtufy6_XXp4AaABAg,UCFiIuFtStNyId62JOmMovbw,"Fetched 05/24/2026, 8:08:10 PM GMT+8"
3558,La Trinidad,@BnHydn_2,8 days ago,Let's keep supporting 🎉 / -Lokal ng La Trinidad,https://www.youtube.com/watch?v=ROa3kbG5M0U&lc=UgyFlDgNe7Ybf1PaLel4AaABAg,UgyFlDgNe7Ybf1PaLel4AaABAg,UCFiIuFtStNyId62JOmMovbw,"Fetched 05/24/2026, 8:08:10 PM GMT+8"
3559,La Trinidad,@axeliee-m5u,8 days ago,Hello po 👋 pagbati po mula sa Lokal ng La Trinidad 🥀,https://www.youtube.com/watch?v=ROa3kbG5M0U&lc=UgzvgGFyoG_fcQjDvrZ4AaABAg,UgzvgGFyoG_fcQjDvrZ4AaABAg,UCxjmGS0yLlCMs4Fe-AqbHFw,"Fetched 05/24/2026, 8:08:10 PM GMT+8"
3560,La Trinidad,@BnHydn_2,8 days ago,Let's go Benguet ♥️  / -Lokal ng La Trinidad,https://www.youtube.com/watch?v=ROa3kbG5M0U&lc=Ugz7AHp84KPsSvzMbaN4AaABAg,Ugz7AHp84KPsSvzMbaN4AaABAg,UCFiIuFtStNyId62JOmMovbw,"Fetched 05/24/2026, 8:08:10 PM GMT+8"
3561,La Trinidad,@BnHydn_2,8 days ago,‼️ Benguet on 🔝  / -lokal ng La Trinidad,https://www.youtube.com/watch?v=ROa3kbG5M0U&lc=UgwJ069SOFEvtd7UomB4AaABAg,UgwJ069SOFEvtd7UomB4AaABAg,UCFiIuFtStNyId62JOmMovbw,"Fetched 05/24/2026, 8:08:10 PM GMT+8"
3562,La Trinidad,@jazz-m7b,8 days ago,Lunch 😋  /  / La Trinidad 🪷🍓🐑,https://www.youtube.com/watch?v=ROa3kbG5M0U&lc=Ugxdp_2wIcOBfXMzqiB4AaABAg,Ugxdp_2wIcOBfXMzqiB4AaABAg,UCNB-zyitm7U6Yt835DEKclA,"Fetched 05/24/2026, 8:08:10 PM GMT+8"
3563,La Trinidad,@BnHydn_2,8 days ago,Let's go Benguet ♥️ Happy lunch!! / -La Trinidad,https://www.youtube.com/watch?v=ROa3kbG5M0U&lc=UgwgxLrnRDrRkBgnS-Z4AaABAg,UgwgxLrnRDrRkBgnS-Z4AaABAg,UCFiIuFtStNyId62JOmMovbw,"Fetched 05/24/2026, 8:08:10 PM GMT+8"
3564,La Trinidad,@jazz-m7b,8 days ago,Viewing po 😊 / Lokal ng La Trinidad 🐑🌱,https://www.youtube.com/watch?v=ROa3kbG5M0U&lc=UgzjuDGUFeIbv94OE294AaABAg,UgzjuDGUFeIbv94OE294AaABAg,UCNB-zyitm7U6Yt835DEKclA,"Fetched 05/24/2026, 8:08:10 PM GMT+8"
3565,La Trinidad,@axeliee-m5u,8 days ago,Maulang tanghali po sa ating lahatt pero happy lunch pa rin 💞 /  / Eat well everyone sana masarap ulam nyo!!  /  / Happy viewing po while eating 🍛 /  / -Mula po sa Lokal ng La Trinidad 🥀,https://www.youtube.com/watch?v=ROa3kbG5M0U&lc=UgyuWH-ubp6KLVyOemB4AaABAg,UgyuWH-ubp6KLVyOemB4AaABAg,UCxjmGS0yLlCMs4Fe-AqbHFw,"Fetched 05/24/2026, 8:08:10 PM GMT+8"
3566,La Trinidad,@BnHydn_2,8 days ago,Go Benguet 🍓  / Go La Trinidad  / Let's go on full support ❤,https://www.youtube.com/watch?v=ROa3kbG5M0U&lc=Ugy2nGMGgdkemuoaSlR4AaABAg,Ugy2nGMGgdkemuoaSlR4AaABAg,UCFiIuFtStNyId62JOmMovbw,"Fetched 05/24/2026, 8:08:10 PM GMT+8"
3567,La Trinidad,@judithGaoan,8 days ago (edited),"""I know its hard now,but i swear it gets better."" /  / ""Hold on to your faith,let God set you free."" /  / Ang ganda ng message ng video-la trinidad",https://www.youtube.com/watch?v=ROa3kbG5M0U&lc=UgzpqN6x5b9youaIvqt4AaABAg,UgzpqN6x5b9youaIvqt4AaABAg,UCRorSeBrDC02x6GWPC4AB4Q,"Fetched 05/24/2026, 8:08:10 PM GMT+8"
3568,La Trinidad,@BnHydn_2,8 days ago,Happy lunch mga Kapatid!!! Keep on watching. Happy 14k comments!!!! / -Lokal ng La Trinidad 😊,https://www.youtube.com/watch?v=ROa3kbG5M0U&lc=Ugw5MDHsuonj_VrpQ-p4AaABAg,Ugw5MDHsuonj_VrpQ-p4AaABAg,UCFiIuFtStNyId62JOmMovbw,"Fetched 05/24/2026, 8:08:10 PM GMT+8"
3569,La Trinidad,@BnHydn_2,8 days ago,14k comments na 🎉🎉 / Keep on commenting mga kapatid 💚  / -Lokal ng La Trinidad,https://www.youtube.com/watch?v=ROa3kbG5M0U&lc=Ugwu3kihpC5n3AIDkW14AaABAg,Ugwu3kihpC5n3AIDkW14AaABAg,UCFiIuFtStNyId62JOmMovbw,"Fetched 05/24/2026, 8:08:10 PM GMT+8"
3570,La Trinidad,@BnHydn_2,8 days ago,"Maulan ulit, but still watching 🎇  / -Lokal ng La Trinidad",https://www.youtube.com/watch?v=ROa3kbG5M0U&lc=Ugxvi5A56C5oNUSV7mN4AaABAg,Ugxvi5A56C5oNUSV7mN4AaABAg,UCFiIuFtStNyId62JOmMovbw,"Fetched 05/24/2026, 8:08:10 PM GMT+8"
3571,La Trinidad,@BnHydn_2,8 days ago,Happy viewing 🎉  / -La Trinidad,https://www.youtube.com/watch?v=ROa3kbG5M0U&lc=UgzXd8MJ0C6Z-nkRJml4AaABAg,UgzXd8MJ0C6Z-nkRJml4AaABAg,UCFiIuFtStNyId62JOmMovbw,"Fetched 05/24/2026, 8:08:10 PM GMT+8"
3572,La Trinidad,@BnHydn_2,8 days ago,"Kaming taga Lokal ng La Trinidad, laging nanonood!!",https://www.youtube.com/watch?v=ROa3kbG5M0U&lc=UgzYI3QtjW_aa8APb3d4AaABAg,UgzYI3QtjW_aa8APb3d4AaABAg,UCFiIuFtStNyId62JOmMovbw,"Fetched 05/24/2026, 8:08:10 PM GMT+8"
3573,La Trinidad,@BnHydn_2,8 days ago,"Lokal ng La Trinidad, fully supporting",https://www.youtube.com/watch?v=ROa3kbG5M0U&lc=Ugw3boP5d6nYCCJ_d-Z4AaABAg,Ugw3boP5d6nYCCJ_d-Z4AaABAg,UCFiIuFtStNyId62JOmMovbw,"Fetched 05/24/2026, 8:08:10 PM GMT+8"
3574,La Trinidad,@winkdelarosa2397,8 days ago,"""God's love is bigger than the ocean""  /  / - Lokal ng La Trinidad!❤️",https://www.youtube.com/watch?v=ROa3kbG5M0U&lc=UgwmOzH_tR5FRUZ9PN94AaABAg,UgwmOzH_tR5FRUZ9PN94AaABAg,UCcSUir_e5wTvoTFR6eQepyQ,"Fetched 05/24/2026, 8:08:10 PM GMT+8"
3575,La Trinidad,@axeliee-m5u,8 days ago,Hello po sa Baguio 👋 / Keep it up po / -La Trinidad,https://www.youtube.com/watch?v=ROa3kbG5M0U&lc=Ugw9FHaQv_msDGf2cgV4AaABAg,Ugw9FHaQv_msDGf2cgV4AaABAg,UCxjmGS0yLlCMs4Fe-AqbHFw,"Fetched 05/24/2026, 8:08:10 PM GMT+8"
3576,La Trinidad,@BnHydn_2,8 days ago,Go Benguet ♥️ Hawak natin ang beat🎉 / -Lokal ng La Trinidad,https://www.youtube.com/watch?v=ROa3kbG5M0U&lc=UgzdNWmLzCx5HKKA5G54AaABAg,UgzdNWmLzCx5HKKA5G54AaABAg,UCFiIuFtStNyId62JOmMovbw,"Fetched 05/24/2026, 8:08:10 PM GMT+8"
3577,La Trinidad,@judithGaoan,8 days ago,Good morning po sa lahat...at maligayang panunuod /  / Mula po d2 sa aming lokal...La Trinidad,https://www.youtube.com/watch?v=ROa3kbG5M0U&lc=UgyDFHnMoc2h-kzbeqB4AaABAg,UgyDFHnMoc2h-kzbeqB4AaABAg,UCRorSeBrDC02x6GWPC4AB4Q,"Fetched 05/24/2026, 8:08:10 PM GMT+8"
3578,La Trinidad,@BnHydn_2,8 days ago,Taos- pusong sumusuporta ♥️🎇 / Happy viewing po 😁  / -Lokal ng La Trinidad,https://www.youtube.com/watch?v=ROa3kbG5M0U&lc=UgzRKzecqg9b7co_-9Z4AaABAg,UgzRKzecqg9b7co_-9Z4AaABAg,UCFiIuFtStNyId62JOmMovbw,"Fetched 05/24/2026, 8:08:10 PM GMT+8"
3579,La Trinidad,@axeliee-m5u,8 days ago,Gooo Benguet 🥦🐑🍓  /  / La Trinidad,https://www.youtube.com/watch?v=ROa3kbG5M0U&lc=UgzeowJ8wiQTvAO8k6t4AaABAg,UgzeowJ8wiQTvAO8k6t4AaABAg,UCxjmGS0yLlCMs4Fe-AqbHFw,"Fetched 05/24/2026, 8:08:10 PM GMT+8"
3580,La Trinidad,@BnHydn_2,8 days ago,Go Benguet ♥️  / -Lokal ng La Trinidad,https://www.youtube.com/watch?v=ROa3kbG5M0U&lc=Ugxge8NOLMy_7FTeSlt4AaABAg,Ugxge8NOLMy_7FTeSlt4AaABAg,UCFiIuFtStNyId62JOmMovbw,"Fetched 05/24/2026, 8:08:10 PM GMT+8"
3581,La Trinidad,@BnHydn_2,8 days ago,Still watching 📺 / -Lokal ng La Trinidad,https://www.youtube.com/watch?v=ROa3kbG5M0U&lc=UgzZbdcsgY8T7uitP714AaABAg,UgzZbdcsgY8T7uitP714AaABAg,UCFiIuFtStNyId62JOmMovbw,"Fetched 05/24/2026, 8:08:10 PM GMT+8"
3582,La Trinidad,@axeliee-m5u,8 days ago,Hello po mga kapatid 👋 / Happy viewing po 💞Mula sa Lokal ng La Trinidad 🙌,https://www.youtube.com/watch?v=ROa3kbG5M0U&lc=UgwZJEeuFz71HgiEfFJ4AaABAg,UgwZJEeuFz71HgiEfFJ4AaABAg,UCxjmGS0yLlCMs4Fe-AqbHFw,"Fetched 05/24/2026, 8:08:10 PM GMT+8"
3583,La Trinidad,@jazz-m7b,8 days ago,Happy 😁  /  / Lokal ng La Trinidad 🐑🌱,https://www.youtube.com/watch?v=ROa3kbG5M0U&lc=Ugxl_DG4Ym7HkV0eBQ54AaABAg,Ugxl_DG4Ym7HkV0eBQ54AaABAg,UCNB-zyitm7U6Yt835DEKclA,"Fetched 05/24/2026, 8:08:10 PM GMT+8"
3584,La Trinidad,@BnHydn_2,8 days ago,Watching on repeat ❤ / -Lokal ng La Trinidad,https://www.youtube.com/watch?v=ROa3kbG5M0U&lc=UgzJy19pcZdrutC0VOZ4AaABAg,UgzJy19pcZdrutC0VOZ4AaABAg,UCFiIuFtStNyId62JOmMovbw,"Fetched 05/24/2026, 8:08:10 PM GMT+8"
3585,La Trinidad,@BnHydn_2,8 days ago,Happy viewing po mula sa lokal ng La Trinidad 🎉,https://www.youtube.com/watch?v=ROa3kbG5M0U&lc=Ugy9nZ93XFxYMvAkJt54AaABAg,Ugy9nZ93XFxYMvAkJt54AaABAg,UCFiIuFtStNyId62JOmMovbw,"Fetched 05/24/2026, 8:08:10 PM GMT+8"
3586,La Trinidad,@Axiee-s4s,8 days ago,Good morning 🌞  /  / -La Trinidad,https://www.youtube.com/watch?v=ROa3kbG5M0U&lc=UgwPiCvudBwGbH5Kxyh4AaABAg,UgwPiCvudBwGbH5Kxyh4AaABAg,UCvLy09DU_ionlyibzzGyvLw,"Fetched 05/24/2026, 8:08:10 PM GMT+8"
3587,La Trinidad,@jazz-m7b,8 days ago,Thanks for supporting 😊 / La Trinidad,https://www.youtube.com/watch?v=ROa3kbG5M0U&lc=UgwuGpGdGoNkMC1y0wN4AaABAg,UgwuGpGdGoNkMC1y0wN4AaABAg,UCNB-zyitm7U6Yt835DEKclA,"Fetched 05/24/2026, 8:08:10 PM GMT+8"
3588,La Trinidad,@jazz-m7b,8 days ago,👋👋👋 / La Trinidad 🪷🍓🐑,https://www.youtube.com/watch?v=ROa3kbG5M0U&lc=UgwzoAz7Xb_srQlzDnp4AaABAg,UgwzoAz7Xb_srQlzDnp4AaABAg,UCNB-zyitm7U6Yt835DEKclA,"Fetched 05/24/2026, 8:08:10 PM GMT+8"
3589,La Trinidad,@axeliee-m5u,8 days ago,well done 🎉 /  / -La Trinidad,https://www.youtube.com/watch?v=ROa3kbG5M0U&lc=Ugy4PSl0Age0cZIT6cx4AaABAg,Ugy4PSl0Age0cZIT6cx4AaABAg,UCxjmGS0yLlCMs4Fe-AqbHFw,"Fetched 05/24/2026, 8:08:10 PM GMT+8"
3590,La Trinidad,@BnHydn_2,8 days ago,👋helo / -Lokal ng La Trinidad,https://www.youtube.com/watch?v=ROa3kbG5M0U&lc=UgyO3iWGy3rTHJ93SNl4AaABAg,UgyO3iWGy3rTHJ93SNl4AaABAg,UCFiIuFtStNyId62JOmMovbw,"Fetched 05/24/2026, 8:08:10 PM GMT+8"
3591,La Trinidad,@jazz-m7b,8 days ago,Shout out po comment 😊 /  / La Trinidad,https://www.youtube.com/watch?v=ROa3kbG5M0U&lc=UgyirKzzqv8exypZvB14AaABAg,UgyirKzzqv8exypZvB14AaABAg,UCNB-zyitm7U6Yt835DEKclA,"Fetched 05/24/2026, 8:08:10 PM GMT+8"
3592,La Trinidad,@jazz-m7b,8 days ago,Happy viewing po sa mga nag cocomment  /  / La Trinidad 🥦🐑🌱,https://www.youtube.com/watch?v=ROa3kbG5M0U&lc=UgybgHdGxpA1vmcn2_J4AaABAg,UgybgHdGxpA1vmcn2_J4AaABAg,UCNB-zyitm7U6Yt835DEKclA,"Fetched 05/24/2026, 8:08:10 PM GMT+8"
3593,La Trinidad,@jhonejushdelacruz6710,8 days ago,Sending love from locale of La Trinidad! Let's go Benguet!,https://www.youtube.com/watch?v=ROa3kbG5M0U&lc=UgzS5fzuSs7c9wcgGm14AaABAg,UgzS5fzuSs7c9wcgGm14AaABAg,UCDTfJS_e7_UVpYsFdtAWzVw,"Fetched 05/24/2026, 8:08:10 PM GMT+8"
3594,La Trinidad,@winkdelarosa2397,8 days ago,"Mula po sa Lokal ng  LA TRINIDAD, happy watching po~ /  / Binabati ko po ang aming masipag na Pangulong Binhi, Cassey Gonzales!",https://www.youtube.com/watch?v=ROa3kbG5M0U&lc=Ugy8j1x8D8MotruwmXt4AaABAg,Ugy8j1x8D8MotruwmXt4AaABAg,UCcSUir_e5wTvoTFR6eQepyQ,"Fetched 05/24/2026, 8:08:10 PM GMT+8"
3595,La Trinidad,@jazz-m7b,8 days ago,Comment po tayo mga kapatid para kita support natin 😊😊😊 /  / Lokal ng La Trinidad 🐑🌱,https://www.youtube.com/watch?v=ROa3kbG5M0U&lc=UgzUnTLjIldhx3N2M2F4AaABAg,UgzUnTLjIldhx3N2M2F4AaABAg,UCNB-zyitm7U6Yt835DEKclA,"Fetched 05/24/2026, 8:08:10 PM GMT+8"
3596,La Trinidad,@BnHydn_2,8 days ago,"Let's go Benguet 🍓🍉  / Happy viewing  / Mula po sa lokal ng La Trinidad, buong suporta!!!",https://www.youtube.com/watch?v=ROa3kbG5M0U&lc=UgzVKt9z0J0RlYdL4cR4AaABAg,UgzVKt9z0J0RlYdL4cR4AaABAg,UCFiIuFtStNyId62JOmMovbw,"Fetched 05/24/2026, 8:08:10 PM GMT+8"
3597,La Trinidad,@axeliee-m5u,8 days ago,Cheering from the Locale congregation of La Trinidad 💕,https://www.youtube.com/watch?v=ROa3kbG5M0U&lc=UgyUnh-pUbEYzGnXx394AaABAg,UgyUnh-pUbEYzGnXx394AaABAg,UCxjmGS0yLlCMs4Fe-AqbHFw,"Fetched 05/24/2026, 8:08:10 PM GMT+8"
3598,La Trinidad,@jazz-m7b,8 days ago,Shout out po sa mga nakaka comment 😊😊 /  / Lokal ng La Trinidad,https://www.youtube.com/watch?v=ROa3kbG5M0U&lc=UgxXeuRq2oXm24jXkJx4AaABAg,UgxXeuRq2oXm24jXkJx4AaABAg,UCNB-zyitm7U6Yt835DEKclA,"Fetched 05/24/2026, 8:08:10 PM GMT+8"
3599,La Trinidad,@BnHydn_2,8 days ago,Comment 👋 / -La Trinidad,https://www.youtube.com/watch?v=ROa3kbG5M0U&lc=UgxXeuRq2oXm24jXkJx4AaABAg.AWr5I_jkO9KAWr5T2W1mJn,UgxXeuRq2oXm24jXkJx4AaABAg.AWr5I_jkO9KAWr5T2W1mJn,UCFiIuFtStNyId62JOmMovbw,"Fetched 05/24/2026, 8:08:10 PM GMT+8"
3600,La Trinidad,@jhonejushdelacruz6710,8 days ago,❤❤❤❤  / Mula po sa mga kadiwa ng lokal ng La Trinidad,https://www.youtube.com/watch?v=ROa3kbG5M0U&lc=Ugzn4nyS0GVfRWKEktB4AaABAg,Ugzn4nyS0GVfRWKEktB4AaABAg,UCDTfJS_e7_UVpYsFdtAWzVw,"Fetched 05/24/2026, 8:08:10 PM GMT+8"
3601,La Trinidad,@BnHydn_2,8 days ago,Go Benguet ♥️  / -Lokal ng La Trinidad,https://www.youtube.com/watch?v=ROa3kbG5M0U&lc=UgyqXnRteIUXq6T6onR4AaABAg,UgyqXnRteIUXq6T6onR4AaABAg,UCFiIuFtStNyId62JOmMovbw,"Fetched 05/24/2026, 8:08:10 PM GMT+8"
3602,La Trinidad,@jhonejushdelacruz6710,8 days ago,Let's go Benguet! Mula po sa lokal ng La Trinidad!!!!!,https://www.youtube.com/watch?v=ROa3kbG5M0U&lc=UgzKDKHsiT0ImMWmGzR4AaABAg,UgzKDKHsiT0ImMWmGzR4AaABAg,UCDTfJS_e7_UVpYsFdtAWzVw,"Fetched 05/24/2026, 8:08:10 PM GMT+8"
3603,La Trinidad,@BnHydn_2,8 days ago,Binhi watchers 🤚 / -Lokal ng La Trinidad,https://www.youtube.com/watch?v=ROa3kbG5M0U&lc=Ugw8h1bOoTgVOxBPNTR4AaABAg,Ugw8h1bOoTgVOxBPNTR4AaABAg,UCFiIuFtStNyId62JOmMovbw,"Fetched 05/24/2026, 8:08:10 PM GMT+8"
3604,La Trinidad,@axeliee-m5u,8 days ago,Umaaraw na po sa La Tri ☀️ /  / Happy viewing po mula sa Lokal ng La Trinidad 💝,https://www.youtube.com/watch?v=ROa3kbG5M0U&lc=UgwGwsMYBCKxzeWQgSh4AaABAg,UgwGwsMYBCKxzeWQgSh4AaABAg,UCxjmGS0yLlCMs4Fe-AqbHFw,"Fetched 05/24/2026, 8:08:10 PM GMT+8"
3605,La Trinidad,@drewbatinay1449,8 days ago,"Mula sa mga Kadiwa ng Lokal ng La Trinidad, solid support! 🤍",https://www.youtube.com/watch?v=ROa3kbG5M0U&lc=UgxGW8jST-k0m1NtttV4AaABAg,UgxGW8jST-k0m1NtttV4AaABAg,UCQgz35ptm_7_RPT-Pc80itg,"Fetched 05/24/2026, 8:08:10 PM GMT+8"
3606,La Trinidad,@drewbatinay1449,8 days ago,Love and support from the Kadiwas of Lokal ng La Trinidad 🔥,https://www.youtube.com/watch?v=ROa3kbG5M0U&lc=Ugx4n9Bk6JySf3vDM8h4AaABAg,Ugx4n9Bk6JySf3vDM8h4AaABAg,UCQgz35ptm_7_RPT-Pc80itg,"Fetched 05/24/2026, 8:08:10 PM GMT+8"
3607,La Trinidad,@jhonejushdelacruz6710,8 days ago,Happy viewing po! Mula sa kadiwa ng lokal ng La Trinidad! ❤,https://www.youtube.com/watch?v=ROa3kbG5M0U&lc=UgyoHOetqd3vmsibpjN4AaABAg,UgyoHOetqd3vmsibpjN4AaABAg,UCDTfJS_e7_UVpYsFdtAWzVw,"Fetched 05/24/2026, 8:08:10 PM GMT+8"
3608,La Trinidad,@BnHydn_2,8 days ago,Shoutout Kadiwa Binhi ng La Trinidad 🎉🎉 patuloy po suporta namin,https://www.youtube.com/watch?v=ROa3kbG5M0U&lc=Ugwn0Vkmxwvhzl6EwDV4AaABAg,Ugwn0Vkmxwvhzl6EwDV4AaABAg,UCFiIuFtStNyId62JOmMovbw,"Fetched 05/24/2026, 8:08:10 PM GMT+8"
3609,La Trinidad,@jazz-m7b,8 days ago,Shout out po 😊 /  / Lokal ng La Trinidad,https://www.youtube.com/watch?v=ROa3kbG5M0U&lc=UgwZM_IDiTsE9MZXRWJ4AaABAg,UgwZM_IDiTsE9MZXRWJ4AaABAg,UCNB-zyitm7U6Yt835DEKclA,"Fetched 05/24/2026, 8:08:10 PM GMT+8"
3610,La Trinidad,@drewbatinay1449,8 days ago,From the Kadiwas of Lokal ng La Trinidad with love 🔥,https://www.youtube.com/watch?v=ROa3kbG5M0U&lc=UgyiMgEzyiYaornoWh54AaABAg,UgyiMgEzyiYaornoWh54AaABAg,UCQgz35ptm_7_RPT-Pc80itg,"Fetched 05/24/2026, 8:08:10 PM GMT+8"
3611,La Trinidad,@drewbatinay1449,8 days ago,"Mula sa Lokal ng La Trinidad, todo suporta ang mga Kadiwa 🤍",https://www.youtube.com/watch?v=ROa3kbG5M0U&lc=UgygYDzZpXFjYpcRHU54AaABAg,UgygYDzZpXFjYpcRHU54AaABAg,UCQgz35ptm_7_RPT-Pc80itg,"Fetched 05/24/2026, 8:08:10 PM GMT+8"
3612,La Trinidad,@drewbatinay1449,8 days ago,The Kadiwas ng La Trinidad are tuned in 👀,https://www.youtube.com/watch?v=ROa3kbG5M0U&lc=UgwOvWLMHA_xRU5Fmhx4AaABAg,UgwOvWLMHA_xRU5Fmhx4AaABAg,UCQgz35ptm_7_RPT-Pc80itg,"Fetched 05/24/2026, 8:08:10 PM GMT+8"
3613,La Trinidad,@BnHydn_2,8 days ago,Binhi watchers 👋 / -Lokal ng La Trinidad,https://www.youtube.com/watch?v=ROa3kbG5M0U&lc=UgwUZ4yGgk3-pFztdpl4AaABAg,UgwUZ4yGgk3-pFztdpl4AaABAg,UCFiIuFtStNyId62JOmMovbw,"Fetched 05/24/2026, 8:08:10 PM GMT+8"
3614,La Trinidad,@drewbatinay1449,8 days ago,Sending support mula sa mga Kadiwa ng Lokal ng La Trinidad 💯,https://www.youtube.com/watch?v=ROa3kbG5M0U&lc=Ugx6IOrzdETr7pXEfkd4AaABAg,Ugx6IOrzdETr7pXEfkd4AaABAg,UCQgz35ptm_7_RPT-Pc80itg,"Fetched 05/24/2026, 8:08:10 PM GMT+8"
3615,La Trinidad,@drewbatinay1449,8 days ago,Let’s Go Benguet! Pagbati mula sa mga kadiwa ng La Trinidad❤,https://www.youtube.com/watch?v=ROa3kbG5M0U&lc=UgyJR-EShz0IfxSJcWt4AaABAg,UgyJR-EShz0IfxSJcWt4AaABAg,UCQgz35ptm_7_RPT-Pc80itg,"Fetched 05/24/2026, 8:08:10 PM GMT+8"
3616,La Trinidad,@axeliee-m5u,8 days ago,Shout out po sa mga Binhi 🌱 na alagad ni ate cassey 🙌 I'm so proud of you 🪷 /  / La Trinidad 🥀,https://www.youtube.com/watch?v=ROa3kbG5M0U&lc=Ugy1yzAxCACceYP62Sd4AaABAg,Ugy1yzAxCACceYP62Sd4AaABAg,UCxjmGS0yLlCMs4Fe-AqbHFw,"Fetched 05/24/2026, 8:08:10 PM GMT+8"
3617,La Trinidad,@BnHydn_2,8 days ago,❤La Trinidad ♥️💫🎊🎇,https://www.youtube.com/watch?v=ROa3kbG5M0U&lc=Ugy6925wVS7tus0jb7l4AaABAg,Ugy6925wVS7tus0jb7l4AaABAg,UCFiIuFtStNyId62JOmMovbw,"Fetched 05/24/2026, 8:08:10 PM GMT+8"
3618,La Trinidad,@BnHydn_2,8 days ago,Spam🎉 / -Lokal ng La Trinidad,https://www.youtube.com/watch?v=ROa3kbG5M0U&lc=UgzomXc44HiYAOpr2vN4AaABAg,UgzomXc44HiYAOpr2vN4AaABAg,UCFiIuFtStNyId62JOmMovbw,"Fetched 05/24/2026, 8:08:10 PM GMT+8"
3619,La Trinidad,@jazz-m7b,8 days ago,Do all 💯 /  / La Trinidad,https://www.youtube.com/watch?v=ROa3kbG5M0U&lc=UgwC80rTrIJlzBLKc3J4AaABAg,UgwC80rTrIJlzBLKc3J4AaABAg,UCNB-zyitm7U6Yt835DEKclA,"Fetched 05/24/2026, 8:08:10 PM GMT+8"
3620,La Trinidad,@axeliee-m5u,8 days ago,Happy panonood kakabsat ❤️‍🔥 / From Lokal ng La Trinidad 🤗,https://www.youtube.com/watch?v=ROa3kbG5M0U&lc=UgwpV-1YUgKhnaYlQFZ4AaABAg,UgwpV-1YUgKhnaYlQFZ4AaABAg,UCxjmGS0yLlCMs4Fe-AqbHFw,"Fetched 05/24/2026, 8:08:10 PM GMT+8"
3621,La Trinidad,@BnHydn_2,8 days ago,Share 🤝 / -Lokal ng La Trinidad,https://www.youtube.com/watch?v=ROa3kbG5M0U&lc=UgxSEJjuv4wl2BVtNHN4AaABAg,UgxSEJjuv4wl2BVtNHN4AaABAg,UCFiIuFtStNyId62JOmMovbw,"Fetched 05/24/2026, 8:08:10 PM GMT+8"
3622,La Trinidad,@jazz-m7b,8 days ago,Subscribe ❤ /  / La Trinidad,https://www.youtube.com/watch?v=ROa3kbG5M0U&lc=UgxG0RN5iTGi7ikm5xJ4AaABAg,UgxG0RN5iTGi7ikm5xJ4AaABAg,UCNB-zyitm7U6Yt835DEKclA,"Fetched 05/24/2026, 8:08:10 PM GMT+8"
3623,La Trinidad,@axeliee-m5u,8 days ago,Shout out sayo 💞 / La Trinidad,https://www.youtube.com/watch?v=ROa3kbG5M0U&lc=Ugw9Uetn6u0qwwq1O3F4AaABAg,Ugw9Uetn6u0qwwq1O3F4AaABAg,UCxjmGS0yLlCMs4Fe-AqbHFw,"Fetched 05/24/2026, 8:08:10 PM GMT+8"
3624,La Trinidad,@BnHydn_2,8 days ago,Benguet ♥️ Let's go!! / -La Trinidad,https://www.youtube.com/watch?v=ROa3kbG5M0U&lc=UgzxkXldRsBq6J_PRvR4AaABAg,UgzxkXldRsBq6J_PRvR4AaABAg,UCFiIuFtStNyId62JOmMovbw,"Fetched 05/24/2026, 8:08:10 PM GMT+8"
3625,La Trinidad,@axeliee-m5u,8 days ago,Re-watching 🤗 / La Trinidad,https://www.youtube.com/watch?v=ROa3kbG5M0U&lc=UgyJieqk-w8EMqZPRsx4AaABAg,UgyJieqk-w8EMqZPRsx4AaABAg,UCxjmGS0yLlCMs4Fe-AqbHFw,"Fetched 05/24/2026, 8:08:10 PM GMT+8"
3626,La Trinidad,@jazz-m7b,8 days ago (edited),Comment 😊 /  / La Trinidad,https://www.youtube.com/watch?v=ROa3kbG5M0U&lc=UgwZ3koYQchanQ394_h4AaABAg,UgwZ3koYQchanQ394_h4AaABAg,UCNB-zyitm7U6Yt835DEKclA,"Fetched 05/24/2026, 8:08:10 PM GMT+8"
3627,La Trinidad,@BnHydn_2,8 days ago,Support 🎉 / -La Trinidad,https://www.youtube.com/watch?v=ROa3kbG5M0U&lc=UgyloPYU2vIoKcaLySV4AaABAg,UgyloPYU2vIoKcaLySV4AaABAg,UCFiIuFtStNyId62JOmMovbw,"Fetched 05/24/2026, 8:08:10 PM GMT+8"
3628,La Trinidad,@axeliee-m5u,8 days ago,Happy viewing 💐  / La Trinidad,https://www.youtube.com/watch?v=ROa3kbG5M0U&lc=UgxH-FJLaBlFv6F5Pet4AaABAg,UgxH-FJLaBlFv6F5Pet4AaABAg,UCxjmGS0yLlCMs4Fe-AqbHFw,"Fetched 05/24/2026, 8:08:10 PM GMT+8"
3629,La Trinidad,@jazz-m7b,8 days ago,Like 👍 /  / La Trinidad,https://www.youtube.com/watch?v=ROa3kbG5M0U&lc=UgxzjXCt3Jm0lrIptUh4AaABAg,UgxzjXCt3Jm0lrIptUh4AaABAg,UCNB-zyitm7U6Yt835DEKclA,"Fetched 05/24/2026, 8:08:10 PM GMT+8"
3630,La Trinidad,@BnHydn,8 days ago,25k🎉 / La Trinidad,https://www.youtube.com/watch?v=ROa3kbG5M0U&lc=UgyRVK0Oy_p9ucPKlrp4AaABAg,UgyRVK0Oy_p9ucPKlrp4AaABAg,UCbVqbfs9vjTS-hPNArDNcFQ,"Fetched 05/24/2026, 8:08:10 PM GMT+8"
3631,La Trinidad,@jazz-m7b,8 days ago,25k 🎉 /  / La Trinidad 😊,https://www.youtube.com/watch?v=ROa3kbG5M0U&lc=UgwoI-yZJmoqE0J9wG94AaABAg,UgwoI-yZJmoqE0J9wG94AaABAg,UCNB-zyitm7U6Yt835DEKclA,"Fetched 05/24/2026, 8:08:10 PM GMT+8"
3632,La Trinidad,@axeliee-m5u,8 days ago,Go go go La Trinidad ❤️,https://www.youtube.com/watch?v=ROa3kbG5M0U&lc=UgzcjfcxdKpor8lvT_d4AaABAg,UgzcjfcxdKpor8lvT_d4AaABAg,UCxjmGS0yLlCMs4Fe-AqbHFw,"Fetched 05/24/2026, 8:08:10 PM GMT+8"
3633,La Trinidad,@BnHydn,8 days ago,Watching 🎵📺 / La Trinidad,https://www.youtube.com/watch?v=ROa3kbG5M0U&lc=UgyeCxq6CFYNkUnEzRJ4AaABAg,UgyeCxq6CFYNkUnEzRJ4AaABAg,UCbVqbfs9vjTS-hPNArDNcFQ,"Fetched 05/24/2026, 8:08:10 PM GMT+8"
3634,La Trinidad,@jazz-m7b,8 days ago,😊😊😊😊😊😊😊 / La Trinidad 🌱,https://www.youtube.com/watch?v=ROa3kbG5M0U&lc=UgyGyZNwBsduSo5Zdx54AaABAg,UgyGyZNwBsduSo5Zdx54AaABAg,UCNB-zyitm7U6Yt835DEKclA,"Fetched 05/24/2026, 8:08:10 PM GMT+8"
3635,La Trinidad,@axeliee-m5u,8 days ago,Happy 😊  / La Trinidad,https://www.youtube.com/watch?v=ROa3kbG5M0U&lc=UgztTYxzoNhaAlJ12Qp4AaABAg,UgztTYxzoNhaAlJ12Qp4AaABAg,UCxjmGS0yLlCMs4Fe-AqbHFw,"Fetched 05/24/2026, 8:08:10 PM GMT+8"
3636,La Trinidad,@jazz-m7b,8 days ago,Binhi 🐑🌱 / La Trinidad😊,https://www.youtube.com/watch?v=ROa3kbG5M0U&lc=UgwyxaMh-dvSzm2zpcB4AaABAg,UgwyxaMh-dvSzm2zpcB4AaABAg,UCNB-zyitm7U6Yt835DEKclA,"Fetched 05/24/2026, 8:08:10 PM GMT+8"
3637,La Trinidad,@BnHydn,8 days ago,La Trinidad ❤,https://www.youtube.com/watch?v=ROa3kbG5M0U&lc=UgzTxVJ-HbGjho_7SJJ4AaABAg,UgzTxVJ-HbGjho_7SJJ4AaABAg,UCbVqbfs9vjTS-hPNArDNcFQ,"Fetched 05/24/2026, 8:08:10 PM GMT+8"
3638,La Trinidad,@axeliee-m5u,8 days ago,👋 / La Trinidad,https://www.youtube.com/watch?v=ROa3kbG5M0U&lc=Ugx3e1sYnnSVFbdO7Mp4AaABAg,Ugx3e1sYnnSVFbdO7Mp4AaABAg,UCxjmGS0yLlCMs4Fe-AqbHFw,"Fetched 05/24/2026, 8:08:10 PM GMT+8"
3639,La Trinidad,@BnHydn,8 days ago,Hello 👋👋👋  / Keep supporting 🎉 / Lokal ng La Trinidad,https://www.youtube.com/watch?v=ROa3kbG5M0U&lc=UgygPcaVyxLMwZg34p54AaABAg,UgygPcaVyxLMwZg34p54AaABAg,UCbVqbfs9vjTS-hPNArDNcFQ,"Fetched 05/24/2026, 8:08:10 PM GMT+8"
3640,La Trinidad,@jazz-m7b,8 days ago,Hi po / Lokal ng La Trinidad,https://www.youtube.com/watch?v=ROa3kbG5M0U&lc=UgyB8fR6KMiQYSdkMeN4AaABAg,UgyB8fR6KMiQYSdkMeN4AaABAg,UCNB-zyitm7U6Yt835DEKclA,"Fetched 05/24/2026, 8:08:10 PM GMT+8"
3641,La Trinidad,@axeliee-m5u,8 days ago,God's Love ❤️  / La Trinidad,https://www.youtube.com/watch?v=ROa3kbG5M0U&lc=UgzcOuyWU_cCS0kImvB4AaABAg,UgzcOuyWU_cCS0kImvB4AaABAg,UCxjmGS0yLlCMs4Fe-AqbHFw,"Fetched 05/24/2026, 8:08:10 PM GMT+8"
3642,La Trinidad,@BnHydn,8 days ago,"Yes, spam lang mga kapatid.  / Let's go Benguet ♥️  / -Lokal ng La Trinidad",https://www.youtube.com/watch?v=ROa3kbG5M0U&lc=UgwPdyxWLHfSOsaIV-l4AaABAg,UgwPdyxWLHfSOsaIV-l4AaABAg,UCbVqbfs9vjTS-hPNArDNcFQ,"Fetched 05/24/2026, 8:08:10 PM GMT+8"
3643,La Trinidad,@axeliee-m5u,8 days ago,Binhi 🌱  / -La Trinidad,https://www.youtube.com/watch?v=ROa3kbG5M0U&lc=UgwovJwhQQi-UPVFQ-Z4AaABAg,UgwovJwhQQi-UPVFQ-Z4AaABAg,UCxjmGS0yLlCMs4Fe-AqbHFw,"Fetched 05/24/2026, 8:08:10 PM GMT+8"
3644,La Trinidad,@rejomartayaban,8 days ago,Go na go parin ang mga kadiwa sa Lokal ng La Trinidad sa pagsupport!!💪😍,https://www.youtube.com/watch?v=ROa3kbG5M0U&lc=UgyXekG2sYR08VGc5CJ4AaABAg,UgyXekG2sYR08VGc5CJ4AaABAg,UCi7RYRPFL6HTFaScpYFJMJQ,"Fetched 05/24/2026, 8:08:10 PM GMT+8"
3645,La Trinidad,@BnHydn,8 days ago,♥️Let's go Benguet ♥️ / 💚 Local ng La Trinidad 💚,https://www.youtube.com/watch?v=ROa3kbG5M0U&lc=UgxgSKD63JfPkUnR4kN4AaABAg,UgxgSKD63JfPkUnR4kN4AaABAg,UCbVqbfs9vjTS-hPNArDNcFQ,"Fetched 05/24/2026, 8:08:10 PM GMT+8"
3646,La Trinidad,@axeliee-m5u,8 days ago,Happy viewing everyone 🎈  /  / From Locale congregation of La Trinidad  /  / Shout out po kay kuya Rej namin na ndi marunong mag back read 🤗,https://www.youtube.com/watch?v=ROa3kbG5M0U&lc=Ugx7KS2JmAwgPGYBXvZ4AaABAg,Ugx7KS2JmAwgPGYBXvZ4AaABAg,UCxjmGS0yLlCMs4Fe-AqbHFw,"Fetched 05/24/2026, 8:08:10 PM GMT+8"
3647,La Trinidad,@BnHydn,8 days ago,"Maligayang panonood pooo🌼 / Happy viewing Mula sa lokal ng La Trinidad, Kapisanang Binhi",https://www.youtube.com/watch?v=ROa3kbG5M0U&lc=UgxxwSbUQDdayCBmOKh4AaABAg,UgxxwSbUQDdayCBmOKh4AaABAg,UCbVqbfs9vjTS-hPNArDNcFQ,"Fetched 05/24/2026, 8:08:10 PM GMT+8"
3648,La Trinidad,@BnHydn,8 days ago,Benguet number 1  / -La Trinidad,https://www.youtube.com/watch?v=ROa3kbG5M0U&lc=UgwqAaKJJAq-gWSia8l4AaABAg,UgwqAaKJJAq-gWSia8l4AaABAg,UCbVqbfs9vjTS-hPNArDNcFQ,"Fetched 05/24/2026, 8:08:10 PM GMT+8"
3649,La Trinidad,@BnHydn,8 days ago,Go Benguet ♥️  / -Lokal ng La Trinidad,https://www.youtube.com/watch?v=ROa3kbG5M0U&lc=Ugy3e3G_Su3xFK9A7Ip4AaABAg,Ugy3e3G_Su3xFK9A7Ip4AaABAg,UCbVqbfs9vjTS-hPNArDNcFQ,"Fetched 05/24/2026, 8:08:10 PM GMT+8"
3650,La Trinidad,@AltheaEstephanieJaballa,8 days ago,Pagbati po mula sa lokal ng La Trinidad. Let’s go Benguet,https://www.youtube.com/watch?v=ROa3kbG5M0U&lc=UgwvRJ6yZ7T-uU_gQpx4AaABAg,UgwvRJ6yZ7T-uU_gQpx4AaABAg,UCIr2XT0yhBj05SQv0YCD_vQ,"Fetched 05/24/2026, 8:08:10 PM GMT+8"
3651,La Trinidad,@winkdelarosa2397,8 days ago,Full love and support po from lokal ng La Trinidad~ /  / GO BENGUET!🍓,https://www.youtube.com/watch?v=ROa3kbG5M0U&lc=UgzcEF-RbOFa4HG5r-x4AaABAg,UgzcEF-RbOFa4HG5r-x4AaABAg,UCcSUir_e5wTvoTFR6eQepyQ,"Fetched 05/24/2026, 8:08:10 PM GMT+8"
3652,La Trinidad,@BnHydn,8 days ago,Rainy morning to everyone ☀️🌦️ / Let's go Benguet ♥️  / -Lokal ng La Trinidad,https://www.youtube.com/watch?v=ROa3kbG5M0U&lc=Ugzt2OBrPTPXKLOiUW14AaABAg,Ugzt2OBrPTPXKLOiUW14AaABAg,UCbVqbfs9vjTS-hPNArDNcFQ,"Fetched 05/24/2026, 8:08:10 PM GMT+8"
3653,La Trinidad,@axeliee-m5u,8 days ago,Shout out po 💞💞💞💞💞💞 /  / -La Trinidad,https://www.youtube.com/watch?v=ROa3kbG5M0U&lc=UgxBGWenhnxF24UmjEZ4AaABAg,UgxBGWenhnxF24UmjEZ4AaABAg,UCxjmGS0yLlCMs4Fe-AqbHFw,"Fetched 05/24/2026, 8:08:10 PM GMT+8"
3654,La Trinidad,@BnHydn,8 days ago,Rainy morning mga kapatid  / Keep watching 🎉 / -La Trinidad,https://www.youtube.com/watch?v=ROa3kbG5M0U&lc=UgwAyw7b4u6tYcEHWAl4AaABAg,UgwAyw7b4u6tYcEHWAl4AaABAg,UCbVqbfs9vjTS-hPNArDNcFQ,"Fetched 05/24/2026, 8:08:10 PM GMT+8"
3655,La Trinidad,@jazz-m7b,8 days ago,👋👋👋👋👋👋👋👋 /  / Lokal ng La Trinidad 🐑,https://www.youtube.com/watch?v=ROa3kbG5M0U&lc=UgwZfA4aKcscyRL0_j94AaABAg,UgwZfA4aKcscyRL0_j94AaABAg,UCNB-zyitm7U6Yt835DEKclA,"Fetched 05/24/2026, 8:08:10 PM GMT+8"
3656,La Trinidad,@axeliee-m5u,8 days ago,Maulan na umaga po mga kapatid 👋  /  / Happy viewing pa rin po mula sa Lokal ng La Trinidad 🪷,https://www.youtube.com/watch?v=ROa3kbG5M0U&lc=UgxTb-5KP8PWlr4vRnJ4AaABAg,UgxTb-5KP8PWlr4vRnJ4AaABAg,UCxjmGS0yLlCMs4Fe-AqbHFw,"Fetched 05/24/2026, 8:08:10 PM GMT+8"
3657,La Trinidad,@jazz-m7b,8 days ago,Lovely ❤ / La Trinidad 😊,https://www.youtube.com/watch?v=ROa3kbG5M0U&lc=UgyQ6SMWNRGJGqktold4AaABAg,UgyQ6SMWNRGJGqktold4AaABAg,UCNB-zyitm7U6Yt835DEKclA,"Fetched 05/24/2026, 8:08:10 PM GMT+8"
3658,La Trinidad,@BnHydn,8 days ago,Shoutout sa mga spammers. KEEP IT UP 👍  / -Lokal ng La Trinidad,https://www.youtube.com/watch?v=ROa3kbG5M0U&lc=Ugz3UObJRJmtCqmR7AZ4AaABAg,Ugz3UObJRJmtCqmR7AZ4AaABAg,UCbVqbfs9vjTS-hPNArDNcFQ,"Fetched 05/24/2026, 8:08:10 PM GMT+8"
3659,La Trinidad,@rejomartayaban,8 days ago,"Goodmorning happy MV viewing po sa ating lahat mga kapatid, pagbati mula po sa mga kadiwa sa lokal ng La Trinidad.. Hellooo po!!🤍🤍",https://www.youtube.com/watch?v=ROa3kbG5M0U&lc=UgzlQk1raQTWD3S54LB4AaABAg,UgzlQk1raQTWD3S54LB4AaABAg,UCi7RYRPFL6HTFaScpYFJMJQ,"Fetched 05/24/2026, 8:08:10 PM GMT+8"
3660,La Trinidad,@jazz-m7b,8 days ago,La Trinidad 🪷🍓  / Binhi 🌱🐑,https://www.youtube.com/watch?v=ROa3kbG5M0U&lc=Ugx33_TtKyJMchy-tR14AaABAg,Ugx33_TtKyJMchy-tR14AaABAg,UCNB-zyitm7U6Yt835DEKclA,"Fetched 05/24/2026, 8:08:10 PM GMT+8"
3661,La Trinidad,@BnHydn_2,8 days ago,Binhi watchers here 🤚  / -Kapisanang BINHI ng La Trinidad,https://www.youtube.com/watch?v=ROa3kbG5M0U&lc=UgzH5V5m-Sr085z3UJd4AaABAg,UgzH5V5m-Sr085z3UJd4AaABAg,UCFiIuFtStNyId62JOmMovbw,"Fetched 05/24/2026, 8:08:10 PM GMT+8"
3662,La Trinidad,@jazz-m7b,8 days ago (edited),"Shout out to your loved ones, my loved ones, and everyone's loved ones /  /  / Lokal ng La Trinidad",https://www.youtube.com/watch?v=ROa3kbG5M0U&lc=UgziORm0Llh1rnyk0mt4AaABAg,UgziORm0Llh1rnyk0mt4AaABAg,UCNB-zyitm7U6Yt835DEKclA,"Fetched 05/24/2026, 8:08:10 PM GMT+8"
3663,La Trinidad,@jazz-m7b,8 days ago,Rewatching 😊 /  / Lokal ng La Trinidad 🐑🌱🌿,https://www.youtube.com/watch?v=ROa3kbG5M0U&lc=UgwDkgbfBnNTtCfI9Zl4AaABAg,UgwDkgbfBnNTtCfI9Zl4AaABAg,UCNB-zyitm7U6Yt835DEKclA,"Fetched 05/24/2026, 8:08:10 PM GMT+8"
3664,La Trinidad,@jazz-m7b,8 days ago,Shout out po sa iyo 😊 /  / Lokal ng La Trinidad 🐑🌱,https://www.youtube.com/watch?v=ROa3kbG5M0U&lc=UgwDTgOi7wj9K_Iz7bt4AaABAg,UgwDTgOi7wj9K_Iz7bt4AaABAg,UCNB-zyitm7U6Yt835DEKclA,"Fetched 05/24/2026, 8:08:10 PM GMT+8"
3665,La Trinidad,@jazz-m7b,8 days ago,Shout out po sakin 😊 /  / Lokal ng La Trinidad 🐑🌱,https://www.youtube.com/watch?v=ROa3kbG5M0U&lc=Ugzelh0wPzTBfM1pNuF4AaABAg,Ugzelh0wPzTBfM1pNuF4AaABAg,UCNB-zyitm7U6Yt835DEKclA,"Fetched 05/24/2026, 8:08:10 PM GMT+8"
3666,La Trinidad,@BnHydn,8 days ago,Keep on spamming and keep on supporting  / -La Trinidad,https://www.youtube.com/watch?v=ROa3kbG5M0U&lc=UgxW47w2L-1DmQUZjut4AaABAg,UgxW47w2L-1DmQUZjut4AaABAg,UCbVqbfs9vjTS-hPNArDNcFQ,"Fetched 05/24/2026, 8:08:10 PM GMT+8"
3667,La Trinidad,@axeliee-m5u,8 days ago,God's Love 💖  /  / -La Trinidad,https://www.youtube.com/watch?v=ROa3kbG5M0U&lc=UgzEg0heAhxq_tqwQXF4AaABAg,UgzEg0heAhxq_tqwQXF4AaABAg,UCxjmGS0yLlCMs4Fe-AqbHFw,"Fetched 05/24/2026, 8:08:10 PM GMT+8"
3668,La Trinidad,@BnHydn,8 days ago,"Kapisanang Binhi, Lokal ng La Trinidad, 👋present 💐✅",https://www.youtube.com/watch?v=ROa3kbG5M0U&lc=UgyoDfTCvm7_rP2adS94AaABAg,UgyoDfTCvm7_rP2adS94AaABAg,UCbVqbfs9vjTS-hPNArDNcFQ,"Fetched 05/24/2026, 8:08:10 PM GMT+8"
3669,La Trinidad,@axeliee-m5u,8 days ago,shout out 🔊 / -La Trinidad,https://www.youtube.com/watch?v=ROa3kbG5M0U&lc=Ugxn_5menj7v1xD1vwV4AaABAg,Ugxn_5menj7v1xD1vwV4AaABAg,UCxjmGS0yLlCMs4Fe-AqbHFw,"Fetched 05/24/2026, 8:08:10 PM GMT+8"
3670,La Trinidad,@axeliee-m5u,8 days ago,keep on watching po mga kapatid 🎉 /  / -La Trinidad,https://www.youtube.com/watch?v=ROa3kbG5M0U&lc=Ugwynn47HL_8PxKvorp4AaABAg,Ugwynn47HL_8PxKvorp4AaABAg,UCxjmGS0yLlCMs4Fe-AqbHFw,"Fetched 05/24/2026, 8:08:10 PM GMT+8"
3671,La Trinidad,@BnHydn,8 days ago,Good morning everyone ♥️ / Let's go Benguet 🎇 / Love and support Mula po sa lokal ng La Trinidad,https://www.youtube.com/watch?v=ROa3kbG5M0U&lc=UgwsnGhAoUG7cNqB5yB4AaABAg,UgwsnGhAoUG7cNqB5yB4AaABAg,UCbVqbfs9vjTS-hPNArDNcFQ,"Fetched 05/24/2026, 8:08:10 PM GMT+8"
3672,La Trinidad,@BnHydn,8 days ago,Maligayang panonood habang nagkakape mula sa lokl ng La Trinidad 🎉🎉🎉,https://www.youtube.com/watch?v=ROa3kbG5M0U&lc=UgwgbOA2Vr9MG7yzbi54AaABAg,UgwgbOA2Vr9MG7yzbi54AaABAg,UCbVqbfs9vjTS-hPNArDNcFQ,"Fetched 05/24/2026, 8:08:10 PM GMT+8"
3673,La Trinidad,@BnHydn,8 days ago,Spam lang and keep supporting!! / -Lokal ng La Trinidad,https://www.youtube.com/watch?v=ROa3kbG5M0U&lc=UgwC0iCpsJKY3zN9Yv54AaABAg,UgwC0iCpsJKY3zN9Yv54AaABAg,UCbVqbfs9vjTS-hPNArDNcFQ,"Fetched 05/24/2026, 8:08:10 PM GMT+8"
3674,La Trinidad,@axeliee-m5u,8 days ago,Go Benguet 🥦  / Go Binhi 🐑 / Go La Trinidad 🥀,https://www.youtube.com/watch?v=ROa3kbG5M0U&lc=Ugy7m5936kBIoMFXIIN4AaABAg,Ugy7m5936kBIoMFXIIN4AaABAg,UCxjmGS0yLlCMs4Fe-AqbHFw,"Fetched 05/24/2026, 8:08:10 PM GMT+8"
3675,La Trinidad,@BnHydn_2,8 days ago,🎉🎉 Go Benguet  / -Lokal ng La Trinidad,https://www.youtube.com/watch?v=ROa3kbG5M0U&lc=UgziIkZE7aB6TzVsPg94AaABAg,UgziIkZE7aB6TzVsPg94AaABAg,UCFiIuFtStNyId62JOmMovbw,"Fetched 05/24/2026, 8:08:10 PM GMT+8"
3676,La Trinidad,@jazz-m7b,8 days ago,La Trinidad ❤😊,https://www.youtube.com/watch?v=ROa3kbG5M0U&lc=UgxHxNJLSy3Q10Wnrlh4AaABAg,UgxHxNJLSy3Q10Wnrlh4AaABAg,UCNB-zyitm7U6Yt835DEKclA,"Fetched 05/24/2026, 8:08:10 PM GMT+8"
3677,La Trinidad,@jazz-m7b,8 days ago,Let's go let's go la Trinidad 😊,https://www.youtube.com/watch?v=ROa3kbG5M0U&lc=UgzSAV7cWa2BN_5Ua-54AaABAg,UgzSAV7cWa2BN_5Ua-54AaABAg,UCNB-zyitm7U6Yt835DEKclA,"Fetched 05/24/2026, 8:08:10 PM GMT+8"
3678,La Trinidad,@BnHydn_2,8 days ago,"""God's Love is bigger than the ocean and brighter than the stars""💟 indeed!! / -Lokal ng La Trinidad",https://www.youtube.com/watch?v=ROa3kbG5M0U&lc=UgwFJg-e5fx-6Vxe_-p4AaABAg,UgwFJg-e5fx-6Vxe_-p4AaABAg,UCFiIuFtStNyId62JOmMovbw,"Fetched 05/24/2026, 8:08:10 PM GMT+8"
3679,La Trinidad,@Axiee-s4s,8 days ago,💕 La Trinidad,https://www.youtube.com/watch?v=ROa3kbG5M0U&lc=Ugze0iGpsAt1TqLitSN4AaABAg,Ugze0iGpsAt1TqLitSN4AaABAg,UCvLy09DU_ionlyibzzGyvLw,"Fetched 05/24/2026, 8:08:10 PM GMT+8"
3680,La Trinidad,@BnHydn_2,8 days ago,"Go La Trinidad, Let's keep on watching!!🎉",https://www.youtube.com/watch?v=ROa3kbG5M0U&lc=UgzYvZdlmZqYfRxzIJB4AaABAg,UgzYvZdlmZqYfRxzIJB4AaABAg,UCFiIuFtStNyId62JOmMovbw,"Fetched 05/24/2026, 8:08:10 PM GMT+8"
3681,La Trinidad,@Axiee-s4s,8 days ago,hello 👋  /  / -La Trinidad,https://www.youtube.com/watch?v=ROa3kbG5M0U&lc=UgyvyMwLg8DkrbcPkY14AaABAg,UgyvyMwLg8DkrbcPkY14AaABAg,UCvLy09DU_ionlyibzzGyvLw,"Fetched 05/24/2026, 8:08:10 PM GMT+8"
3682,La Trinidad,@jazz-m7b,8 days ago,Nonstop support from Lokal ng La Trinidad 😊,https://www.youtube.com/watch?v=ROa3kbG5M0U&lc=UgzpP1U2wXFGlgmSvYp4AaABAg,UgzpP1U2wXFGlgmSvYp4AaABAg,UCNB-zyitm7U6Yt835DEKclA,"Fetched 05/24/2026, 8:08:10 PM GMT+8"
3683,La Trinidad,@Axiee-s4s,8 days ago,Greetings everyone 🎉  /  / From Locale congregation of La Trinidad 💝,https://www.youtube.com/watch?v=ROa3kbG5M0U&lc=UgwxtnkCqarJc8EUnAx4AaABAg,UgwxtnkCqarJc8EUnAx4AaABAg,UCvLy09DU_ionlyibzzGyvLw,"Fetched 05/24/2026, 8:08:10 PM GMT+8"
3684,La Trinidad,@BnHydn_2,8 days ago (edited),La Trinidad attendance check ✅✔️  / All out support 🎉🎉,https://www.youtube.com/watch?v=ROa3kbG5M0U&lc=UgxtTpOUbbiWYqZD7DN4AaABAg,UgxtTpOUbbiWYqZD7DN4AaABAg,UCFiIuFtStNyId62JOmMovbw,"Fetched 05/24/2026, 8:08:10 PM GMT+8"
3685,La Trinidad,@jazz-m7b,8 days ago,Keep supporting mga kapatid  / Lokal ng La Trinidad,https://www.youtube.com/watch?v=ROa3kbG5M0U&lc=UgzEGBxXXa9AEaD_iy94AaABAg,UgzEGBxXXa9AEaD_iy94AaABAg,UCNB-zyitm7U6Yt835DEKclA,"Fetched 05/24/2026, 8:08:10 PM GMT+8"
3686,La Trinidad,@JAZZ-p4b,8 days ago,Let's go la Trinidad 🪷🍓🐑,https://www.youtube.com/watch?v=ROa3kbG5M0U&lc=UgzGoo7uI2JA0ZEBd4N4AaABAg,UgzGoo7uI2JA0ZEBd4N4AaABAg,UC_S502t_HqWNj_mH4FrmElg,"Fetched 05/24/2026, 8:08:10 PM GMT+8"
3687,La Trinidad,@axeliee-m5u,8 days ago,Kaway kaway 👋 mga taga La trii❤️‍🔥 /  / Mula po sa Lokla ng La Trinidad 🥀 na walang sawang sumusuporta 🙌,https://www.youtube.com/watch?v=ROa3kbG5M0U&lc=UgwCtxf566S1SGxshPN4AaABAg,UgwCtxf566S1SGxshPN4AaABAg,UCxjmGS0yLlCMs4Fe-AqbHFw,"Fetched 05/24/2026, 8:08:10 PM GMT+8"
3688,La Trinidad,@BnHydn_2,8 days ago,Shoutout sa mga Kadiwa at Binhi ng Lokal ng La Trinidad na laging nakasubaybay.🎉❤‼️,https://www.youtube.com/watch?v=ROa3kbG5M0U&lc=UgwAl_nvjv9e7hkB27R4AaABAg,UgwAl_nvjv9e7hkB27R4AaABAg,UCFiIuFtStNyId62JOmMovbw,"Fetched 05/24/2026, 8:08:10 PM GMT+8"
3689,La Trinidad,@drewbatinay1449,8 days ago,Go Benguet! Utmost support from the MTs of La Trinidad❤,https://www.youtube.com/watch?v=ROa3kbG5M0U&lc=UgxkAE2T9GWHfD-rKQ94AaABAg,UgxkAE2T9GWHfD-rKQ94AaABAg,UCQgz35ptm_7_RPT-Pc80itg,"Fetched 05/24/2026, 8:08:10 PM GMT+8"
3690,La Trinidad,@BnHydn_2,8 days ago,"""In our Lord God's great power you must believe"" / Truly Inspiring 🌟  / -Lokal ng La Trinidad",https://www.youtube.com/watch?v=ROa3kbG5M0U&lc=Ugzgrau9H8g8yATnXa14AaABAg,Ugzgrau9H8g8yATnXa14AaABAg,UCFiIuFtStNyId62JOmMovbw,"Fetched 05/24/2026, 8:08:10 PM GMT+8"
3691,La Trinidad,@drewbatinay1449,8 days ago,"Mula sa Lokal ng La Trinidad, todo suporta ang mga Kadiwa 🤍",https://www.youtube.com/watch?v=ROa3kbG5M0U&lc=Ugxomq95GOj_SEa6tPx4AaABAg,Ugxomq95GOj_SEa6tPx4AaABAg,UCQgz35ptm_7_RPT-Pc80itg,"Fetched 05/24/2026, 8:08:10 PM GMT+8"
3692,La Trinidad,@drewbatinay1449,8 days ago,The Kadiwas of Lokal ng La Trinidad is tuned in 👀,https://www.youtube.com/watch?v=ROa3kbG5M0U&lc=UgyA2RrpC_M3d1ZPi8d4AaABAg,UgyA2RrpC_M3d1ZPi8d4AaABAg,UCQgz35ptm_7_RPT-Pc80itg,"Fetched 05/24/2026, 8:08:10 PM GMT+8"
3693,La Trinidad,@jazz-m7b,8 days ago,Mga binhi 🌱 comment po / Lokal ng La Trinidad,https://www.youtube.com/watch?v=ROa3kbG5M0U&lc=UgwCEJIinjYPvzNHQ5Z4AaABAg,UgwCEJIinjYPvzNHQ5Z4AaABAg,UCNB-zyitm7U6Yt835DEKclA,"Fetched 05/24/2026, 8:08:10 PM GMT+8"
3694,La Trinidad,@drewbatinay1449,8 days ago,Sending support mula sa mga Kadiwa ng Lokal ng La Trinidad 💯,https://www.youtube.com/watch?v=ROa3kbG5M0U&lc=Ugx6EqrHUn2UhsjW-OJ4AaABAg,Ugx6EqrHUn2UhsjW-OJ4AaABAg,UCQgz35ptm_7_RPT-Pc80itg,"Fetched 05/24/2026, 8:08:10 PM GMT+8"
3695,La Trinidad,@BnHydn,8 days ago,Binhi watchers here 🤚  / -Lokal ng La Trinidad,https://www.youtube.com/watch?v=ROa3kbG5M0U&lc=UgwBKJQaR7RbzNnlFcF4AaABAg,UgwBKJQaR7RbzNnlFcF4AaABAg,UCbVqbfs9vjTS-hPNArDNcFQ,"Fetched 05/24/2026, 8:08:10 PM GMT+8"
3696,La Trinidad,@drewbatinay1449,8 days ago,Solid support from La Trinidad! 🤍,https://www.youtube.com/watch?v=ROa3kbG5M0U&lc=UgwmNGQtVtLHqfrVCG14AaABAg,UgwmNGQtVtLHqfrVCG14AaABAg,UCQgz35ptm_7_RPT-Pc80itg,"Fetched 05/24/2026, 8:08:10 PM GMT+8"
3697,La Trinidad,@drewbatinay1449,8 days ago,"Angas naman nito, support from La Trinidad 🔥",https://www.youtube.com/watch?v=ROa3kbG5M0U&lc=Ugw13PEyprhtPOXdcqV4AaABAg,Ugw13PEyprhtPOXdcqV4AaABAg,UCQgz35ptm_7_RPT-Pc80itg,"Fetched 05/24/2026, 8:08:10 PM GMT+8"
3698,La Trinidad,@axeliee-m5u,8 days ago,full support from Locale congregation of La Trinidad 🤗,https://www.youtube.com/watch?v=ROa3kbG5M0U&lc=Ugz04XvqU2j_GjB-Rl94AaABAg,Ugz04XvqU2j_GjB-Rl94AaABAg,UCxjmGS0yLlCMs4Fe-AqbHFw,"Fetched 05/24/2026, 8:08:10 PM GMT+8"
3699,La Trinidad,@drewbatinay1449,8 days ago,"Supporting from La Trinidad, Benguet 💪",https://www.youtube.com/watch?v=ROa3kbG5M0U&lc=UgxNk3Sl052F3eX8XBt4AaABAg,UgxNk3Sl052F3eX8XBt4AaABAg,UCQgz35ptm_7_RPT-Pc80itg,"Fetched 05/24/2026, 8:08:10 PM GMT+8"
3700,La Trinidad,@BnHydn_2,8 days ago,Go Benguet ♥️  / Supporting from Locale of La Trinidad,https://www.youtube.com/watch?v=ROa3kbG5M0U&lc=Ugxc0kk9BmFtbwh7dX54AaABAg,Ugxc0kk9BmFtbwh7dX54AaABAg,UCFiIuFtStNyId62JOmMovbw,"Fetched 05/24/2026, 8:08:10 PM GMT+8"
3701,La Trinidad,@JAZZ-p4b,8 days ago,Let's go mga binji ng la Trinidad 😊 / Comment pa binji,https://www.youtube.com/watch?v=ROa3kbG5M0U&lc=UgwXijAp8N4v-1R860l4AaABAg,UgwXijAp8N4v-1R860l4AaABAg,UC_S502t_HqWNj_mH4FrmElg,"Fetched 05/24/2026, 8:08:10 PM GMT+8"
3702,La Trinidad,@drewbatinay1449,8 days ago,Much love from Lokal ng La Trinidad 🤍,https://www.youtube.com/watch?v=ROa3kbG5M0U&lc=UgyiD9bnfhh9uVsP6_t4AaABAg,UgyiD9bnfhh9uVsP6_t4AaABAg,UCQgz35ptm_7_RPT-Pc80itg,"Fetched 05/24/2026, 8:08:10 PM GMT+8"
3703,La Trinidad,@drewbatinay1449,8 days ago,Proudly supporting from Lokal ng La Trinidad 💯,https://www.youtube.com/watch?v=ROa3kbG5M0U&lc=UgyAKY8WISvFcw_Xfol4AaABAg,UgyAKY8WISvFcw_Xfol4AaABAg,UCQgz35ptm_7_RPT-Pc80itg,"Fetched 05/24/2026, 8:08:10 PM GMT+8"
3704,La Trinidad,@drewbatinay1449,8 days ago,Solid support from Lokal ng La Trinidad 🙌,https://www.youtube.com/watch?v=ROa3kbG5M0U&lc=UgyzduuUHe858NbKZaJ4AaABAg,UgyzduuUHe858NbKZaJ4AaABAg,UCQgz35ptm_7_RPT-Pc80itg,"Fetched 05/24/2026, 8:08:10 PM GMT+8"
3705,La Trinidad,@AltheaEstephanieJaballa,8 days ago,"Good morning po! Happy viewing po mula sa kapisanang kadiwa, lokal ng La Trinidad",https://www.youtube.com/watch?v=ROa3kbG5M0U&lc=UgxC6_z3OOi-nsRtUMd4AaABAg,UgxC6_z3OOi-nsRtUMd4AaABAg,UCIr2XT0yhBj05SQv0YCD_vQ,"Fetched 05/24/2026, 8:08:10 PM GMT+8"
3706,La Trinidad,@Axiee-s4s,8 days ago,Happy viewing everyone!!  /  / From the Locale congregation of La Trinidad 👋,https://www.youtube.com/watch?v=ROa3kbG5M0U&lc=UgxSkUKN4jpM2Wd6fQl4AaABAg,UgxSkUKN4jpM2Wd6fQl4AaABAg,UCvLy09DU_ionlyibzzGyvLw,"Fetched 05/24/2026, 8:08:10 PM GMT+8"
3707,La Trinidad,@Axiee-s4s,8 days ago,Happy watching po🎉 /  / -La Trinidad,https://www.youtube.com/watch?v=ROa3kbG5M0U&lc=UgwLS7CXg-hC-xgCuBN4AaABAg,UgwLS7CXg-hC-xgCuBN4AaABAg,UCvLy09DU_ionlyibzzGyvLw,"Fetched 05/24/2026, 8:08:10 PM GMT+8"
3708,La Trinidad,@BnHydn_2,8 days ago,"Happy viewing to all  / "" From the Locale Congregation of La Trinidad""",https://www.youtube.com/watch?v=ROa3kbG5M0U&lc=UgzofxXGAzf6H-cmaRV4AaABAg,UgzofxXGAzf6H-cmaRV4AaABAg,UCFiIuFtStNyId62JOmMovbw,"Fetched 05/24/2026, 8:08:10 PM GMT+8"
3709,La Trinidad,@winkdelarosa2397,8 days ago,Let's go BENGUET!❤️🍓 /  / Happy Saturday po sa Lahat mga Kapatid! Pagbati po mula sa Lokal ng La Trinidad at Benguet KDO ~❤️,https://www.youtube.com/watch?v=ROa3kbG5M0U&lc=UgxbcZbuKCy5MQfPs2h4AaABAg,UgxbcZbuKCy5MQfPs2h4AaABAg,UCcSUir_e5wTvoTFR6eQepyQ,"Fetched 05/24/2026, 8:08:10 PM GMT+8"
3710,La Trinidad,@BnHydn_2,8 days ago,🇮🇹 Benguet supporters ❤ / -Lokal ng La Trinidad,https://www.youtube.com/watch?v=ROa3kbG5M0U&lc=UgxWMaXMB9PJwREladN4AaABAg,UgxWMaXMB9PJwREladN4AaABAg,UCFiIuFtStNyId62JOmMovbw,"Fetched 05/24/2026, 8:08:10 PM GMT+8"
3711,La Trinidad,@BnHydn_2,8 days ago,Let's go Binhi🎉 let's keep supporting  / -Lokal ng La Trinidad,https://www.youtube.com/watch?v=ROa3kbG5M0U&lc=UgwQekIe76A3YIFV3p14AaABAg,UgwQekIe76A3YIFV3p14AaABAg,UCFiIuFtStNyId62JOmMovbw,"Fetched 05/24/2026, 8:08:10 PM GMT+8"
3712,La Trinidad,@drewbatinay1449,8 days ago,Patuloy na suporta mula sa mga Kadiwa ng Lokal ng La Trinidad 🙌,https://www.youtube.com/watch?v=ROa3kbG5M0U&lc=UgxDNnNcH2YJQ1PxijR4AaABAg,UgxDNnNcH2YJQ1PxijR4AaABAg,UCQgz35ptm_7_RPT-Pc80itg,"Fetched 05/24/2026, 8:08:10 PM GMT+8"
3713,La Trinidad,@drewbatinay1449,8 days ago,From the Kadiwas of Lokal ng La Trinidad with love 🔥,https://www.youtube.com/watch?v=ROa3kbG5M0U&lc=Ugz_65rE89zYmZIdyYh4AaABAg,Ugz_65rE89zYmZIdyYh4AaABAg,UCQgz35ptm_7_RPT-Pc80itg,"Fetched 05/24/2026, 8:08:10 PM GMT+8"
3714,La Trinidad,@BnHydn_2,8 days ago,❤️❤️❤️ / Its through his love / ❤❤❤ / That you are now / ❤❤❤ / Who you are / ❤❤❤ / -Lokal ng La Trinidad,https://www.youtube.com/watch?v=ROa3kbG5M0U&lc=UgzTIBTiaabcOs4MSIZ4AaABAg,UgzTIBTiaabcOs4MSIZ4AaABAg,UCFiIuFtStNyId62JOmMovbw,"Fetched 05/24/2026, 8:08:10 PM GMT+8"
3715,La Trinidad,@axeliee-m5u,8 days ago,Happy viewing po 🎉🎉 /  / -La Trinidad,https://www.youtube.com/watch?v=ROa3kbG5M0U&lc=UgyP2Z-uv1x04kRH6R54AaABAg,UgyP2Z-uv1x04kRH6R54AaABAg,UCxjmGS0yLlCMs4Fe-AqbHFw,"Fetched 05/24/2026, 8:08:10 PM GMT+8"
3716,La Trinidad,@BnHydn_2,8 days ago,Go Benguet 🍓  / La Trinidad.,https://www.youtube.com/watch?v=ROa3kbG5M0U&lc=UgxOHHR_0T58xpW3b6F4AaABAg,UgxOHHR_0T58xpW3b6F4AaABAg,UCFiIuFtStNyId62JOmMovbw,"Fetched 05/24/2026, 8:08:10 PM GMT+8"
3717,La Trinidad,@johnreylucio8970,8 days ago,"Pagka uwi galing tupad, nood Ulit tayoo,, / Go BENGUET🎉 /  / Pagbati po mula sa lokal ng La Trinidad❤",https://www.youtube.com/watch?v=ROa3kbG5M0U&lc=UgyAgCbCa8AGGSzayvx4AaABAg,UgyAgCbCa8AGGSzayvx4AaABAg,UCNMupRD4ySrN336KZpy29OA,"Fetched 05/24/2026, 8:08:10 PM GMT+8"
3718,La Trinidad,@JAZZ-p4b,8 days ago,La Trinidad 😊😊😊😊😊😊😊😊😊,https://www.youtube.com/watch?v=ROa3kbG5M0U&lc=Ugxjm2zll0v1oD8Vp1N4AaABAg,Ugxjm2zll0v1oD8Vp1N4AaABAg,UC_S502t_HqWNj_mH4FrmElg,"Fetched 05/24/2026, 8:08:10 PM GMT+8"
3719,La Trinidad,@BnHydn_2,8 days ago,Good morning everyone ♥️ / Love and support Mula po sa lokal ng La Trinidad,https://www.youtube.com/watch?v=ROa3kbG5M0U&lc=Ugybxbx7THKJuLR6NxJ4AaABAg,Ugybxbx7THKJuLR6NxJ4AaABAg,UCFiIuFtStNyId62JOmMovbw,"Fetched 05/24/2026, 8:08:10 PM GMT+8"
3720,La Trinidad,@JAZZ-p4b,8 days ago,Let's go BENGUET  / Spam po ulit 😊😊😊 /  / Lokal ng La Trinidad 🐑🌱,https://www.youtube.com/watch?v=ROa3kbG5M0U&lc=Ugyo-Rl_XzNvl9_rGB54AaABAg,Ugyo-Rl_XzNvl9_rGB54AaABAg,UC_S502t_HqWNj_mH4FrmElg,"Fetched 05/24/2026, 8:08:10 PM GMT+8"
3721,La Trinidad,@BnHydn_2,8 days ago,❤❤❤ / God's Love  / ❤❤❤ / His eternal love  / ❤❤❤ / Lokal ng La Trinidad,https://www.youtube.com/watch?v=ROa3kbG5M0U&lc=UgzUfmlTmAy8ZADMcCB4AaABAg,UgzUfmlTmAy8ZADMcCB4AaABAg,UCFiIuFtStNyId62JOmMovbw,"Fetched 05/24/2026, 8:08:10 PM GMT+8"
3722,La Trinidad,@BnHydn_2,8 days ago,🌻keep on watching mga kapatid 👋  / -Mula sa lokal ng La Trinidad,https://www.youtube.com/watch?v=ROa3kbG5M0U&lc=UgzzKOnNl_a9PSz1VkV4AaABAg,UgzzKOnNl_a9PSz1VkV4AaABAg,UCFiIuFtStNyId62JOmMovbw,"Fetched 05/24/2026, 8:08:10 PM GMT+8"
3723,La Trinidad,@BnHydn_2,8 days ago,LIKE / -La Trinidad,https://www.youtube.com/watch?v=ROa3kbG5M0U&lc=UgyzWR7OaR5_UDgwXvx4AaABAg,UgyzWR7OaR5_UDgwXvx4AaABAg,UCFiIuFtStNyId62JOmMovbw,"Fetched 05/24/2026, 8:08:10 PM GMT+8"
3724,La Trinidad,@Jazz-k6s,8 days ago,Comment 😊 / La Trinidad,https://www.youtube.com/watch?v=ROa3kbG5M0U&lc=UgxlWHHVdLgaXUPtxWd4AaABAg,UgxlWHHVdLgaXUPtxWd4AaABAg,UCjmyu8zkVg7bQQCs4HypxNQ,"Fetched 05/24/2026, 8:08:10 PM GMT+8"
3725,La Trinidad,@Jazz-k6s,8 days ago,Shout out sa mga patuloy na nag cocomment 😊😊 / La Trinidad 🪷🍓  / Binhi 🌱🐑,https://www.youtube.com/watch?v=ROa3kbG5M0U&lc=UgxSMHdVpaPqbrJ-GwB4AaABAg,UgxSMHdVpaPqbrJ-GwB4AaABAg,UCjmyu8zkVg7bQQCs4HypxNQ,"Fetched 05/24/2026, 8:08:10 PM GMT+8"
3726,La Trinidad,@BnHydn_2,8 days ago,Magandang Umaga po mga kapatid na nakasubaybay  / -La Trinidad,https://www.youtube.com/watch?v=ROa3kbG5M0U&lc=Ugyq7GXmueM0YaJVk354AaABAg,Ugyq7GXmueM0YaJVk354AaABAg,UCFiIuFtStNyId62JOmMovbw,"Fetched 05/24/2026, 8:08:10 PM GMT+8"
3727,La Trinidad,@Jazz-k6s,8 days ago,Morning everyone 🌞  / La Trinidad,https://www.youtube.com/watch?v=ROa3kbG5M0U&lc=UgzuwFxCTetC3rohjaZ4AaABAg,UgzuwFxCTetC3rohjaZ4AaABAg,UCjmyu8zkVg7bQQCs4HypxNQ,"Fetched 05/24/2026, 8:08:10 PM GMT+8"
3728,La Trinidad,@Jazz-k6s,8 days ago,🎉🎉🎉 / La Trinidad,https://www.youtube.com/watch?v=ROa3kbG5M0U&lc=UgyRDyGE0hbdsP7lzaZ4AaABAg,UgyRDyGE0hbdsP7lzaZ4AaABAg,UCjmyu8zkVg7bQQCs4HypxNQ,"Fetched 05/24/2026, 8:08:10 PM GMT+8"
3729,La Trinidad,@drewbatinay1449,8 days ago,Good morning mga kapatid! Happy Happy Viewing from the Kadiwas of La Trinidad❤,https://www.youtube.com/watch?v=ROa3kbG5M0U&lc=Ugz4v5dtrJDmbBBAabV4AaABAg,Ugz4v5dtrJDmbBBAabV4AaABAg,UCQgz35ptm_7_RPT-Pc80itg,"Fetched 05/24/2026, 8:08:10 PM GMT+8"
3730,La Trinidad,@BnHydn_2,8 days ago,❤La Trinidad,https://www.youtube.com/watch?v=ROa3kbG5M0U&lc=UgxnziMOLUIyIE9JgTd4AaABAg,UgxnziMOLUIyIE9JgTd4AaABAg,UCFiIuFtStNyId62JOmMovbw,"Fetched 05/24/2026, 8:08:10 PM GMT+8"
3731,La Trinidad,@Jazz-k6s,8 days ago,La Trinidad 😊,https://www.youtube.com/watch?v=ROa3kbG5M0U&lc=UgyI2u4rvCLpoISUHSF4AaABAg,UgyI2u4rvCLpoISUHSF4AaABAg,UCjmyu8zkVg7bQQCs4HypxNQ,"Fetched 05/24/2026, 8:08:10 PM GMT+8"
3732,La Trinidad,@Jazz-k6s,8 days ago,Go go BENGUET and la Trinidad 🥦🐑🍓,https://www.youtube.com/watch?v=ROa3kbG5M0U&lc=UgztVSF3vROf-67dI3N4AaABAg,UgztVSF3vROf-67dI3N4AaABAg,UCjmyu8zkVg7bQQCs4HypxNQ,"Fetched 05/24/2026, 8:08:10 PM GMT+8"
3733,La Trinidad,@BnHydn_2,8 days ago,"Type faster , comment faster, support as always 🎉 / -Lokal ng La Trinidad",https://www.youtube.com/watch?v=ROa3kbG5M0U&lc=UgzX19eoODNTirU0s414AaABAg,UgzX19eoODNTirU0s414AaABAg,UCFiIuFtStNyId62JOmMovbw,"Fetched 05/24/2026, 8:08:10 PM GMT+8"
3734,La Trinidad,@Jazz-k6s,8 days ago,Go la Trinidad 🪷🍓🐑,https://www.youtube.com/watch?v=ROa3kbG5M0U&lc=UgxfXiaSzj-DTLKjBKl4AaABAg,UgxfXiaSzj-DTLKjBKl4AaABAg,UCjmyu8zkVg7bQQCs4HypxNQ,"Fetched 05/24/2026, 8:08:10 PM GMT+8"
3735,La Trinidad,@Xieee-x8v,8 days ago,Mula po sa mga Binhi 🌱 ng Lokal ng La Trinidad 💞 /  / Happy viewing everyone 🤗,https://www.youtube.com/watch?v=ROa3kbG5M0U&lc=UgzoYErrBYz9JAdI5VN4AaABAg,UgzoYErrBYz9JAdI5VN4AaABAg,UCjYF2eqO3sw4XuYBb8HsAXg,"Fetched 05/24/2026, 8:08:10 PM GMT+8"
3736,La Trinidad,@Jazz-k6s,8 days ago,Spam po kayo ng comment para rumami 😊😊😊 /  / Lokal ng La Trinidad 🪷🍓  / Binhi 🌱🐑,https://www.youtube.com/watch?v=ROa3kbG5M0U&lc=UgzyPz0mSqUWXrSpAw14AaABAg,UgzyPz0mSqUWXrSpAw14AaABAg,UCjmyu8zkVg7bQQCs4HypxNQ,"Fetched 05/24/2026, 8:08:10 PM GMT+8"
3737,La Trinidad,@BnHydn_2,8 days ago,Let's go Benguet  / -Let's go Binhi  / -Let's go La Trinidad 🎉,https://www.youtube.com/watch?v=ROa3kbG5M0U&lc=Ugw8_QQt2hWKy1H4vL54AaABAg,Ugw8_QQt2hWKy1H4vL54AaABAg,UCFiIuFtStNyId62JOmMovbw,"Fetched 05/24/2026, 8:08:10 PM GMT+8"
3738,La Trinidad,@BnHydn_2,8 days ago,Shoutout sa mga maytungkulin na laging nanonood 🎉🎉 / -Lokal ng La Trinidad,https://www.youtube.com/watch?v=ROa3kbG5M0U&lc=UgwzAG9NVr_-_yluH0B4AaABAg,UgwzAG9NVr_-_yluH0B4AaABAg,UCFiIuFtStNyId62JOmMovbw,"Fetched 05/24/2026, 8:08:10 PM GMT+8"
3739,La Trinidad,@Xieee-x8v,8 days ago,Hindi po nakakasawang pakinggan 🎧kahit paulit ulit !! 🔁  Mula po sa Lokal ng La Trinidad 🥀 na walang sawang sumusuporta 🙌,https://www.youtube.com/watch?v=ROa3kbG5M0U&lc=UgybI4avy50Qs_yqhoJ4AaABAg,UgybI4avy50Qs_yqhoJ4AaABAg,UCjYF2eqO3sw4XuYBb8HsAXg,"Fetched 05/24/2026, 8:08:10 PM GMT+8"
3740,La Trinidad,@Jazz-k6s,8 days ago,La Trinidad 🪷🍓  / Binhi 🌱🐑,https://www.youtube.com/watch?v=ROa3kbG5M0U&lc=Ugw37Q-KmhOpiJVODsl4AaABAg,Ugw37Q-KmhOpiJVODsl4AaABAg,UCjmyu8zkVg7bQQCs4HypxNQ,"Fetched 05/24/2026, 8:08:10 PM GMT+8"
3741,La Trinidad,@Jazz-k6s,8 days ago,Shout out sa lahat ng tao po jan 😊 /  / Lokal ng La Trinidad 🐑🌱,https://www.youtube.com/watch?v=ROa3kbG5M0U&lc=Ugy3LO9IPphEDfgX62B4AaABAg,Ugy3LO9IPphEDfgX62B4AaABAg,UCjmyu8zkVg7bQQCs4HypxNQ,"Fetched 05/24/2026, 8:08:10 PM GMT+8"
3742,La Trinidad,@BnHydn_2,8 days ago,Maligayang panonood ‼️  / -Lokal ng La Trinidad,https://www.youtube.com/watch?v=ROa3kbG5M0U&lc=UgzNJiNRphsO5zxeMjd4AaABAg,UgzNJiNRphsO5zxeMjd4AaABAg,UCFiIuFtStNyId62JOmMovbw,"Fetched 05/24/2026, 8:08:10 PM GMT+8"
3743,La Trinidad,@Jazz-k6s,8 days ago,1️⃣ Benguet go / -lokal ng La Trinidad,https://www.youtube.com/watch?v=ROa3kbG5M0U&lc=UgzPySv0Cz0gHkSTyo54AaABAg,UgzPySv0Cz0gHkSTyo54AaABAg,UCjmyu8zkVg7bQQCs4HypxNQ,"Fetched 05/24/2026, 8:08:10 PM GMT+8"
3744,La Trinidad,@BnHydn,8 days ago,Go Benguet 1️⃣ / -Lokal ng La Trinidad,https://www.youtube.com/watch?v=ROa3kbG5M0U&lc=UgzSHXT0JxOmyqim3RV4AaABAg,UgzSHXT0JxOmyqim3RV4AaABAg,UCbVqbfs9vjTS-hPNArDNcFQ,"Fetched 05/24/2026, 8:08:10 PM GMT+8"
3745,La Trinidad,@Jazz-k6s,8 days ago (edited),Patuloy ang pag suporta ng mga taga lokal ng La Trinidad 🐑  / We give our nonstop full💯 support 😊,https://www.youtube.com/watch?v=ROa3kbG5M0U&lc=Ugz5qA1zrttJu2k3w8F4AaABAg,Ugz5qA1zrttJu2k3w8F4AaABAg,UCjmyu8zkVg7bQQCs4HypxNQ,"Fetched 05/24/2026, 8:08:10 PM GMT+8"
3746,La Trinidad,@Xieee-x8v,8 days ago,Let's goo Benguet 💯  /  / -La Trinidad,https://www.youtube.com/watch?v=ROa3kbG5M0U&lc=Ugxu653Px28-YekIJ3Z4AaABAg,Ugxu653Px28-YekIJ3Z4AaABAg,UCjYF2eqO3sw4XuYBb8HsAXg,"Fetched 05/24/2026, 8:08:10 PM GMT+8"
3747,La Trinidad,@BnHydn_2,8 days ago,Happy viewing po  / -Lokal ng La Trinidad,https://www.youtube.com/watch?v=ROa3kbG5M0U&lc=UgzM5QA7AVP3NopJgOR4AaABAg,UgzM5QA7AVP3NopJgOR4AaABAg,UCFiIuFtStNyId62JOmMovbw,"Fetched 05/24/2026, 8:08:10 PM GMT+8"
3748,La Trinidad,@BnHydn,8 days ago,God's Love ❤ / Go Benguet  / -Lokal ng La Trinidad,https://www.youtube.com/watch?v=ROa3kbG5M0U&lc=UgzN5OSBvLjPuv5WL594AaABAg,UgzN5OSBvLjPuv5WL594AaABAg,UCbVqbfs9vjTS-hPNArDNcFQ,"Fetched 05/24/2026, 8:08:10 PM GMT+8"
3749,La Trinidad,@Xieee-x8v,8 days ago,Mula po sa Lokal ng La Trinidad 👋 / patuloy at walang sawa po ang amin pong Suporta 💯,https://www.youtube.com/watch?v=ROa3kbG5M0U&lc=UgzpFdBG0R4JKHV6a-N4AaABAg,UgzpFdBG0R4JKHV6a-N4AaABAg,UCjYF2eqO3sw4XuYBb8HsAXg,"Fetched 05/24/2026, 8:08:10 PM GMT+8"
3750,La Trinidad,@BnHydn,8 days ago,❤❤❤ / And when life / Brings you to your knees / ❤❤❤ / In our Lord God's great power / You must believe 🎉🎉🎉 /  / -Lokal ng La Trinidad,https://www.youtube.com/watch?v=ROa3kbG5M0U&lc=UgwTYtxq7iVN6ko1sWp4AaABAg,UgwTYtxq7iVN6ko1sWp4AaABAg,UCbVqbfs9vjTS-hPNArDNcFQ,"Fetched 05/24/2026, 8:08:10 PM GMT+8"
3751,La Trinidad,@Jazz-k6s,8 days ago,Let's go BENGUET  / Lokal ng La Trinidad,https://www.youtube.com/watch?v=ROa3kbG5M0U&lc=UgyLDIM5Nn4zFcfGojl4AaABAg,UgyLDIM5Nn4zFcfGojl4AaABAg,UCjmyu8zkVg7bQQCs4HypxNQ,"Fetched 05/24/2026, 8:08:10 PM GMT+8"
3752,La Trinidad,@Xieee-x8v,8 days ago,Keep watching po mga kapatid!!!  /  / Aim that top 1 ☝️💯  /  / Let's goo Benguet 🥦🐑🍓  /  / -La Trinidad,https://www.youtube.com/watch?v=ROa3kbG5M0U&lc=Ugwz88-o3txrZy2KHSh4AaABAg,Ugwz88-o3txrZy2KHSh4AaABAg,UCjYF2eqO3sw4XuYBb8HsAXg,"Fetched 05/24/2026, 8:08:10 PM GMT+8"
3753,La Trinidad,@Jazz-k6s,8 days ago,Supporting po 😊❤ / Lokal ng La Trinidad 🐑🍓,https://www.youtube.com/watch?v=ROa3kbG5M0U&lc=Ugwq4x2_fi-4_o-LwiF4AaABAg,Ugwq4x2_fi-4_o-LwiF4AaABAg,UCjmyu8zkVg7bQQCs4HypxNQ,"Fetched 05/24/2026, 8:08:10 PM GMT+8"
3754,La Trinidad,@BnHydn,8 days ago,❤❤❤ / God's Love  / ❤❤❤ / His wordous love  / ❤❤❤ / Lokal ng La Trinidad 🎉🎉🎉,https://www.youtube.com/watch?v=ROa3kbG5M0U&lc=Ugz8T8vWSBWa04zV7D54AaABAg,Ugz8T8vWSBWa04zV7D54AaABAg,UCbVqbfs9vjTS-hPNArDNcFQ,"Fetched 05/24/2026, 8:08:10 PM GMT+8"
3755,La Trinidad,@Jazz-k6s,8 days ago,Shout out po kay Benhyden Gao-an na patuloy ang suporta kagabi pa 😊😊 /  / Lokal ng La Trinidad 🐑🌱,https://www.youtube.com/watch?v=ROa3kbG5M0U&lc=UgzLR7Q8MGW6u6PuFXZ4AaABAg,UgzLR7Q8MGW6u6PuFXZ4AaABAg,UCjmyu8zkVg7bQQCs4HypxNQ,"Fetched 05/24/2026, 8:08:10 PM GMT+8"
3756,La Trinidad,@Xieee-x8v,8 days ago,Shout out po sa lahat ng mga Binhi 🌱 na walang sawa ang pagsuporta 💝 Nakakaproud po kayo 🫶 /  / -La Trinidad,https://www.youtube.com/watch?v=ROa3kbG5M0U&lc=UgyH-3411Co2cqSbljt4AaABAg,UgyH-3411Co2cqSbljt4AaABAg,UCjYF2eqO3sw4XuYBb8HsAXg,"Fetched 05/24/2026, 8:08:10 PM GMT+8"
3757,La Trinidad,@BnHydn,8 days ago,All-out support 🎉 / -La Trinidad,https://www.youtube.com/watch?v=ROa3kbG5M0U&lc=Ugy7Abx9kJFaEdNwoXB4AaABAg,Ugy7Abx9kJFaEdNwoXB4AaABAg,UCbVqbfs9vjTS-hPNArDNcFQ,"Fetched 05/24/2026, 8:08:10 PM GMT+8"
3758,La Trinidad,@Jazz-k6s,8 days ago,Keep listening mga kapatid  /  / Lokal ng La Trinidad,https://www.youtube.com/watch?v=ROa3kbG5M0U&lc=UgyCghp_ekevXp35ueZ4AaABAg,UgyCghp_ekevXp35ueZ4AaABAg,UCjmyu8zkVg7bQQCs4HypxNQ,"Fetched 05/24/2026, 8:08:10 PM GMT+8"
3759,La Trinidad,@Xieee-x8v,8 days ago,Let's goo Benguet 🔛🔝💯 /  / Hindi po nakakasawang pakinggan 🎧 /  / Mula po sa Lokal ng La Trinidad 🫶 Happy viewing everyone 🎉,https://www.youtube.com/watch?v=ROa3kbG5M0U&lc=UgweMFzhXDvDQATSQQ54AaABAg,UgweMFzhXDvDQATSQQ54AaABAg,UCjYF2eqO3sw4XuYBb8HsAXg,"Fetched 05/24/2026, 8:08:10 PM GMT+8"
3760,La Trinidad,@Jazz-k6s,8 days ago,Shout out to me na mabait 😊 / Lokal ng La Trinidad,https://www.youtube.com/watch?v=ROa3kbG5M0U&lc=Ugy3owmdeVayECy8AoN4AaABAg,Ugy3owmdeVayECy8AoN4AaABAg,UCjmyu8zkVg7bQQCs4HypxNQ,"Fetched 05/24/2026, 8:08:10 PM GMT+8"
3761,La Trinidad,@Jazz-k6s,8 days ago,Shout out po sa nag Sorry i forgive you wahahaha😂 /  /  / Lokal ng La Trinidad 🐑🍓,https://www.youtube.com/watch?v=ROa3kbG5M0U&lc=Ugx5Sgw5jWpeFvvHbZB4AaABAg,Ugx5Sgw5jWpeFvvHbZB4AaABAg,UCjmyu8zkVg7bQQCs4HypxNQ,"Fetched 05/24/2026, 8:08:10 PM GMT+8"
3762,La Trinidad,@BnHydn,8 days ago,Love this song 🤩  / -Lokal ng La Trinidad,https://www.youtube.com/watch?v=ROa3kbG5M0U&lc=UgymFdpZm7DJalk0-rd4AaABAg,UgymFdpZm7DJalk0-rd4AaABAg,UCbVqbfs9vjTS-hPNArDNcFQ,"Fetched 05/24/2026, 8:08:10 PM GMT+8"
3763,La Trinidad,@Xieee-x8v,8 days ago,Let's goo Benguet 💯☝️  /  / Walang sawang pagsuporta po Mula sa Lokal ng La Trinidad 🪷,https://www.youtube.com/watch?v=ROa3kbG5M0U&lc=UgyNZ9GAZOtuj4ZOSMJ4AaABAg,UgyNZ9GAZOtuj4ZOSMJ4AaABAg,UCjYF2eqO3sw4XuYBb8HsAXg,"Fetched 05/24/2026, 8:08:10 PM GMT+8"
3764,La Trinidad,@Jazz-k6s,8 days ago,Loveab song 😊🎧🎶 / Lokal ng La Trinidad,https://www.youtube.com/watch?v=ROa3kbG5M0U&lc=UgyZ68V8dUQKju4cbeB4AaABAg,UgyZ68V8dUQKju4cbeB4AaABAg,UCjmyu8zkVg7bQQCs4HypxNQ,"Fetched 05/24/2026, 8:08:10 PM GMT+8"
3765,La Trinidad,@Xieee-x8v,8 days ago,Shout out po sa sinasabing sinisi ko raw  shaa 👋 SORRY NA PO 'DI MO PO KASALANAN 🤗 /  / -La Trinidad,https://www.youtube.com/watch?v=ROa3kbG5M0U&lc=UgxMU5qAA4bD8qW9CDJ4AaABAg,UgxMU5qAA4bD8qW9CDJ4AaABAg,UCjYF2eqO3sw4XuYBb8HsAXg,"Fetched 05/24/2026, 8:08:10 PM GMT+8"
3766,La Trinidad,@Jazz-k6s,8 days ago,La Trinidad ❤❤,https://www.youtube.com/watch?v=ROa3kbG5M0U&lc=UgzEobXjvKbO08SR-Qh4AaABAg,UgzEobXjvKbO08SR-Qh4AaABAg,UCjmyu8zkVg7bQQCs4HypxNQ,"Fetched 05/24/2026, 8:08:10 PM GMT+8"
3767,La Trinidad,@BnHydn,8 days ago,Shoutout sa maiingay na binhi /  / -Lokal ng La Trinidad,https://www.youtube.com/watch?v=ROa3kbG5M0U&lc=Ugxc1n5f5HbFdYZjZI54AaABAg,Ugxc1n5f5HbFdYZjZI54AaABAg,UCbVqbfs9vjTS-hPNArDNcFQ,"Fetched 05/24/2026, 8:08:10 PM GMT+8"
3768,La Trinidad,@Xieee-x8v,8 days ago,Goo Benguet 🥦🐑🍓  /  / Mula po sa lahat ng may tungkulin sa Lokal ng La Trinidad 💞,https://www.youtube.com/watch?v=ROa3kbG5M0U&lc=Ugz7LKNz3QtDA0Jg1vl4AaABAg,Ugz7LKNz3QtDA0Jg1vl4AaABAg,UCjYF2eqO3sw4XuYBb8HsAXg,"Fetched 05/24/2026, 8:08:10 PM GMT+8"
3769,La Trinidad,@Jazz-k6s,8 days ago,Let's go la Trinidad 🔊🔊,https://www.youtube.com/watch?v=ROa3kbG5M0U&lc=Ugx9Bc5uclLIb8vS6LJ4AaABAg,Ugx9Bc5uclLIb8vS6LJ4AaABAg,UCjmyu8zkVg7bQQCs4HypxNQ,"Fetched 05/24/2026, 8:08:10 PM GMT+8"
3770,La Trinidad,@Jazz-k6s,8 days ago (edited),Shout out po sa nangsisi sakin kanina di naman ako may kasalanan  /  /  / Lokal ng La Trinidad,https://www.youtube.com/watch?v=ROa3kbG5M0U&lc=Ugy7-PF5efz1dSqWcwN4AaABAg,Ugy7-PF5efz1dSqWcwN4AaABAg,UCjmyu8zkVg7bQQCs4HypxNQ,"Fetched 05/24/2026, 8:08:10 PM GMT+8"
3771,La Trinidad,@Xieee-x8v,8 days ago,Patuloy po ang pagsuporta 💝 ng mga taga Lokal ng La Trinidad 👋,https://www.youtube.com/watch?v=ROa3kbG5M0U&lc=UgwTbzvemBNjEV6lj0d4AaABAg,UgwTbzvemBNjEV6lj0d4AaABAg,UCjYF2eqO3sw4XuYBb8HsAXg,"Fetched 05/24/2026, 8:08:10 PM GMT+8"
3772,La Trinidad,@BnHydn,8 days ago,Go Benguet  / -Lokal ng La Trinidad ❤,https://www.youtube.com/watch?v=ROa3kbG5M0U&lc=Ugyt2tVR5RRZeYMqPv54AaABAg,Ugyt2tVR5RRZeYMqPv54AaABAg,UCbVqbfs9vjTS-hPNArDNcFQ,"Fetched 05/24/2026, 8:08:10 PM GMT+8"
3773,La Trinidad,@MylaGarcia-y3p,8 days ago,Let's Gooo Benguet!!! / Full support po ang Binhi La Trinidad Officers at Binhi District Officers!!!!,https://www.youtube.com/watch?v=ROa3kbG5M0U&lc=UgxFd_DsZanT4pOKEvh4AaABAg,UgxFd_DsZanT4pOKEvh4AaABAg,UC986iCV8EIPka_wTNMTpeBw,"Fetched 05/24/2026, 8:08:10 PM GMT+8"
3774,La Trinidad,@Xieee-x8v,8 days ago,Happy viewing po 🎉🎉 nga kapatid 👋  /  / -La Trinidad,https://www.youtube.com/watch?v=ROa3kbG5M0U&lc=UgwhjgFvakcdXoNz40t4AaABAg,UgwhjgFvakcdXoNz40t4AaABAg,UCjYF2eqO3sw4XuYBb8HsAXg,"Fetched 05/24/2026, 8:08:10 PM GMT+8"
3775,La Trinidad,@BnHydn,8 days ago,Watching from Locale of La Trinidad,https://www.youtube.com/watch?v=ROa3kbG5M0U&lc=Ugze3me5SXa3H6woLWJ4AaABAg,Ugze3me5SXa3H6woLWJ4AaABAg,UCbVqbfs9vjTS-hPNArDNcFQ,"Fetched 05/24/2026, 8:08:10 PM GMT+8"
3776,La Trinidad,@BnHydn,8 days ago,Happy viewing po mga kapatid. 🎉🎉 / Let's go Benguet 🥬🥕🥦 / -Lokal ng La Trinidad,https://www.youtube.com/watch?v=ROa3kbG5M0U&lc=UgwuJNNPZbDAgvtV6Gx4AaABAg,UgwuJNNPZbDAgvtV6Gx4AaABAg,UCbVqbfs9vjTS-hPNArDNcFQ,"Fetched 05/24/2026, 8:08:10 PM GMT+8"
3777,La Trinidad,@Xieee-x8v,8 days ago,Good morning 🌄 po mga kapatid 👋  /  / Kakagising lang pero manonood muna before bumangon ☕ /  /  / Happy viewing everyone 🎉🎉  /  / Mula po sa Lokal ng La Trinidad 🥀,https://www.youtube.com/watch?v=ROa3kbG5M0U&lc=UgyRiWb0hDE6iCv1g_d4AaABAg,UgyRiWb0hDE6iCv1g_d4AaABAg,UCjYF2eqO3sw4XuYBb8HsAXg,"Fetched 05/24/2026, 8:08:10 PM GMT+8"
3778,La Trinidad,@BnHydn,8 days ago,13K COMMENTS 🎉🎉 / LET'S GO BENGUET ♥️☝️❤ / -Mula sa lokal ng La Trinidad,https://www.youtube.com/watch?v=ROa3kbG5M0U&lc=UgyC1mwrlU5x-wbNXK54AaABAg,UgyC1mwrlU5x-wbNXK54AaABAg,UCbVqbfs9vjTS-hPNArDNcFQ,"Fetched 05/24/2026, 8:08:10 PM GMT+8"
3779,La Trinidad,@Jazz-k6s,8 days ago,Shout out po sa mha nanonood ngyon😊 /  / Lokal ng La Trinidad 🐑,https://www.youtube.com/watch?v=ROa3kbG5M0U&lc=Ugzy2OdILk7tJHqcIVl4AaABAg,Ugzy2OdILk7tJHqcIVl4AaABAg,UCjmyu8zkVg7bQQCs4HypxNQ,"Fetched 05/24/2026, 8:08:10 PM GMT+8"
3780,La Trinidad,@Bnhydn_5,8 days ago,#INCMV / Watching on repeat 🔁  / -Lokal ng La Trinidad,https://www.youtube.com/watch?v=ROa3kbG5M0U&lc=UgxNqnpJ562Cafab46R4AaABAg,UgxNqnpJ562Cafab46R4AaABAg,UCFHEYFlsmd9j3CJVNeyyLqw,"Fetched 05/24/2026, 8:08:10 PM GMT+8"
3781,La Trinidad,@Bnhydn_5,8 days ago,Go Benguet ♥️ Let's keep watching  / -Lokal ng La Trinidad,https://www.youtube.com/watch?v=ROa3kbG5M0U&lc=UgzBm4DJ7E9tP616QC54AaABAg,UgzBm4DJ7E9tP616QC54AaABAg,UCFHEYFlsmd9j3CJVNeyyLqw,"Fetched 05/24/2026, 8:08:10 PM GMT+8"
3782,La Trinidad,@worldofhighlights,8 days ago,Watching - La trinidad po,https://www.youtube.com/watch?v=ROa3kbG5M0U&lc=Ugygxdd-tYdoSisvpFZ4AaABAg,Ugygxdd-tYdoSisvpFZ4AaABAg,UCgD2jHQsYSdsOpztHM-Du5A,"Fetched 05/24/2026, 8:08:10 PM GMT+8"
3783,La Trinidad,@Bnhydn_5,8 days ago,🎵love this song🎵 / -lokal ng La Trinidad,https://www.youtube.com/watch?v=ROa3kbG5M0U&lc=UgwmREi8IMa7tgainOt4AaABAg,UgwmREi8IMa7tgainOt4AaABAg,UCFHEYFlsmd9j3CJVNeyyLqw,"Fetched 05/24/2026, 8:08:10 PM GMT+8"
3784,La Trinidad,@Bnhydn_5,8 days ago,Go Benguet -❤ La Trinidad,https://www.youtube.com/watch?v=ROa3kbG5M0U&lc=UgxX2dw-0fsVPwKoynt4AaABAg,UgxX2dw-0fsVPwKoynt4AaABAg,UCFHEYFlsmd9j3CJVNeyyLqw,"Fetched 05/24/2026, 8:08:10 PM GMT+8"
3785,La Trinidad,@Bnhydn_5,8 days ago,Let's go Benguet ♥️ watching this over and over ♥️🎇 / -Lokal ng La Trinidad,https://www.youtube.com/watch?v=ROa3kbG5M0U&lc=Ugxf3jF-lVIC1iT3oeN4AaABAg,Ugxf3jF-lVIC1iT3oeN4AaABAg,UCFHEYFlsmd9j3CJVNeyyLqw,"Fetched 05/24/2026, 8:08:10 PM GMT+8"
3786,La Trinidad,@Bnhydn_5,8 days ago,Benguet 🎊 happy viewing!! / -Lokal ng La Trinidad,https://www.youtube.com/watch?v=ROa3kbG5M0U&lc=UgwDKLDDbNG6bUevxex4AaABAg,UgwDKLDDbNG6bUevxex4AaABAg,UCFHEYFlsmd9j3CJVNeyyLqw,"Fetched 05/24/2026, 8:08:10 PM GMT+8"
3787,La Trinidad,@Bnhydn_5,8 days ago,"Go Benguet, full on support! / -Lokal ng La Trinidad",https://www.youtube.com/watch?v=ROa3kbG5M0U&lc=Ugz9Bs49GRB8mdxx_QF4AaABAg,Ugz9Bs49GRB8mdxx_QF4AaABAg,UCFHEYFlsmd9j3CJVNeyyLqw,"Fetched 05/24/2026, 8:08:10 PM GMT+8"
3788,La Trinidad,@Bnhydn_5,8 days ago,"From Locale Congregation of La Trinidad, Masayang panonood sa atin mga kapatid.",https://www.youtube.com/watch?v=ROa3kbG5M0U&lc=UgwM9dAKs3D3lDKLNJZ4AaABAg,UgwM9dAKs3D3lDKLNJZ4AaABAg,UCFHEYFlsmd9j3CJVNeyyLqw,"Fetched 05/24/2026, 8:08:10 PM GMT+8"
3789,La Trinidad,@Bnhydn_5,8 days ago,Happy watching mga kapatid  / -Lokal ng La Trinidad,https://www.youtube.com/watch?v=ROa3kbG5M0U&lc=UgwhE0EpZHffcEKdMOV4AaABAg,UgwhE0EpZHffcEKdMOV4AaABAg,UCFHEYFlsmd9j3CJVNeyyLqw,"Fetched 05/24/2026, 8:08:10 PM GMT+8"
3790,La Trinidad,@BnHydn,8 days ago,Let's go Benguet  / -Lokal ng La Trinidad,https://www.youtube.com/watch?v=ROa3kbG5M0U&lc=UgxCrAKV-LGeMdjKMox4AaABAg,UgxCrAKV-LGeMdjKMox4AaABAg,UCbVqbfs9vjTS-hPNArDNcFQ,"Fetched 05/24/2026, 8:08:10 PM GMT+8"
3791,La Trinidad,@Bnhydn_5,8 days ago,Malapit na mag 25k views 🎉 / Keep on watching 🎉 / -Lokal ng La Trinidad,https://www.youtube.com/watch?v=ROa3kbG5M0U&lc=UgwzpNgUuRkHdneG9Yh4AaABAg,UgwzpNgUuRkHdneG9Yh4AaABAg,UCFHEYFlsmd9j3CJVNeyyLqw,"Fetched 05/24/2026, 8:08:10 PM GMT+8"
3792,La Trinidad,@Bnhydn_5,8 days ago,God's Love❤❤ / -Let's go Benguet  / -Lokal ng La Trinidad,https://www.youtube.com/watch?v=ROa3kbG5M0U&lc=UgwDyx8CDFt9u9ESTr14AaABAg,UgwDyx8CDFt9u9ESTr14AaABAg,UCFHEYFlsmd9j3CJVNeyyLqw,"Fetched 05/24/2026, 8:08:10 PM GMT+8"
3793,La Trinidad,@Bnhydn_5,8 days ago,"Pahinga din mga kapatid. After that, let's watch again! / -lokal ng La Trinidad",https://www.youtube.com/watch?v=ROa3kbG5M0U&lc=UgyKfYY5qF0fjLgfkn54AaABAg,UgyKfYY5qF0fjLgfkn54AaABAg,UCFHEYFlsmd9j3CJVNeyyLqw,"Fetched 05/24/2026, 8:08:10 PM GMT+8"
3794,La Trinidad,@Bnhydn_5,8 days ago,🎇road to 2.2k likes! / -Lokal ng La Trinidad,https://www.youtube.com/watch?v=ROa3kbG5M0U&lc=Ugwn3MpMCKspqKdthpJ4AaABAg,Ugwn3MpMCKspqKdthpJ4AaABAg,UCFHEYFlsmd9j3CJVNeyyLqw,"Fetched 05/24/2026, 8:08:10 PM GMT+8"
3795,La Trinidad,@johnreylucio8970,8 days ago,"Pagkatapos ng Pag tupad sa PNK,,. let's watch it again🎉 /  / Mula po sa Lubas GWS, lokal ng La Trinidad ❤",https://www.youtube.com/watch?v=ROa3kbG5M0U&lc=UgxAzan8HbT21Xe03dV4AaABAg,UgxAzan8HbT21Xe03dV4AaABAg,UCNMupRD4ySrN336KZpy29OA,"Fetched 05/24/2026, 8:08:10 PM GMT+8"
3796,La Trinidad,@Bnhydn_5,8 days ago,Road to 25k views🎉 / -Lokal ng La Trinidad,https://www.youtube.com/watch?v=ROa3kbG5M0U&lc=UgzSQddGhVr0CCI0lS14AaABAg,UgzSQddGhVr0CCI0lS14AaABAg,UCFHEYFlsmd9j3CJVNeyyLqw,"Fetched 05/24/2026, 8:08:10 PM GMT+8"
3797,La Trinidad,@Bnhydn_5,8 days ago,Happy viewing to all  / -Lokal ng La Trinidad,https://www.youtube.com/watch?v=ROa3kbG5M0U&lc=UgxiLm_lIMWvIkRBScl4AaABAg,UgxiLm_lIMWvIkRBScl4AaABAg,UCFHEYFlsmd9j3CJVNeyyLqw,"Fetched 05/24/2026, 8:08:10 PM GMT+8"
3798,La Trinidad,@Bnhydn_5,8 days ago,Unstoppable support 🎉 / -Lokal ng La Trinidad,https://www.youtube.com/watch?v=ROa3kbG5M0U&lc=Ugwrmb2FlhqaHnJ47QZ4AaABAg,Ugwrmb2FlhqaHnJ47QZ4AaABAg,UCFHEYFlsmd9j3CJVNeyyLqw,"Fetched 05/24/2026, 8:08:10 PM GMT+8"
3799,La Trinidad,@Jazz-k6s,8 days ago,Pure full support po 😊❤ / Mula sa lokal ng La Trinidad,https://www.youtube.com/watch?v=ROa3kbG5M0U&lc=UgwMrjVyRHp6_4FRT4Z4AaABAg,UgwMrjVyRHp6_4FRT4Z4AaABAg,UCjmyu8zkVg7bQQCs4HypxNQ,"Fetched 05/24/2026, 8:08:10 PM GMT+8"
3800,La Trinidad,@BnHydn_4,8 days ago,Love and support Mula po sa lokal ng La Trinidad,https://www.youtube.com/watch?v=ROa3kbG5M0U&lc=UgzrlMq4kyHAn0HJobV4AaABAg,UgzrlMq4kyHAn0HJobV4AaABAg,UCBGtwATEAOhJaVSd9_AsgFw,"Fetched 05/24/2026, 8:08:10 PM GMT+8"
3801,La Trinidad,@BnHydn_4,8 days ago,happy watching mga kapatid! / -Lokal ng La Trinidad,https://www.youtube.com/watch?v=ROa3kbG5M0U&lc=Ugz0h6CJfePrA_0ODKZ4AaABAg,Ugz0h6CJfePrA_0ODKZ4AaABAg,UCBGtwATEAOhJaVSd9_AsgFw,"Fetched 05/24/2026, 8:08:10 PM GMT+8"
3802,La Trinidad,@BnHydn_3,8 days ago,♥️Let's go Benguet ♥️ / 💚 Local ng La Trinidad 💚,https://www.youtube.com/watch?v=ROa3kbG5M0U&lc=UgxVFsAt5woze8pVyHR4AaABAg,UgxVFsAt5woze8pVyHR4AaABAg,UCKZxY6b5mH_zsnldMnxGIpQ,"Fetched 05/24/2026, 8:08:10 PM GMT+8"
3803,La Trinidad,@BnHydn_4,8 days ago,Strong support Mula sa lokal ng La Trinidad. Let's go Benguet ♥️,https://www.youtube.com/watch?v=ROa3kbG5M0U&lc=UgwEWoh1B9oT-Uy8H4d4AaABAg,UgwEWoh1B9oT-Uy8H4d4AaABAg,UCBGtwATEAOhJaVSd9_AsgFw,"Fetched 05/24/2026, 8:08:10 PM GMT+8"
3804,La Trinidad,@Jazz-k6s,8 days ago,La Trinidad supporting 😊😊😊,https://www.youtube.com/watch?v=ROa3kbG5M0U&lc=UgywDI6PDQjz8T6siaR4AaABAg,UgywDI6PDQjz8T6siaR4AaABAg,UCjmyu8zkVg7bQQCs4HypxNQ,"Fetched 05/24/2026, 8:08:10 PM GMT+8"
3805,La Trinidad,@karlamaeleongson9864,8 days ago,"happy Saturday viewing,  / la Trinidad benguet.",https://www.youtube.com/watch?v=ROa3kbG5M0U&lc=UgzJi67EI_tTtAVaKqh4AaABAg,UgzJi67EI_tTtAVaKqh4AaABAg,UCNHkoYqgQUbLAW8cTM2pWCg,"Fetched 05/24/2026, 8:08:10 PM GMT+8"
3806,La Trinidad,@BnHydn_4,8 days ago,Good morning 🌞  / Let's watch and spread support  / -Lokal ng La Trinidad,https://www.youtube.com/watch?v=ROa3kbG5M0U&lc=UgxHb-B_ITp4_3HZtJp4AaABAg,UgxHb-B_ITp4_3HZtJp4AaABAg,UCBGtwATEAOhJaVSd9_AsgFw,"Fetched 05/24/2026, 8:08:10 PM GMT+8"
3807,La Trinidad,@mcgyvr9902,8 days ago (edited),"Good morning po, Happy viewing,  / La Trinidad, Benguet - PUROK __. /  / La Tri is the name!!! / Soon to be a Legend!!!! /  / Abangan!!!!",https://www.youtube.com/watch?v=ROa3kbG5M0U&lc=Ugx4TYxuiJDlYG9G6W54AaABAg,Ugx4TYxuiJDlYG9G6W54AaABAg,UCAjZpkbW6zjleos-htMShdg,"Fetched 05/24/2026, 8:08:10 PM GMT+8"
3808,La Trinidad,@BnHydn_4,8 days ago,Let's go Benguet ♥️  / Happy viewing po mga kapatid  / -Lokal ng La Trinidad,https://www.youtube.com/watch?v=ROa3kbG5M0U&lc=UgwGui709Hy6mPRI9hd4AaABAg,UgwGui709Hy6mPRI9hd4AaABAg,UCBGtwATEAOhJaVSd9_AsgFw,"Fetched 05/24/2026, 8:08:10 PM GMT+8"
3809,La Trinidad,@BnHydn_4,8 days ago,Shoutout sa akin. Happy viewing to all  / -Lokal ng La Trinidad,https://www.youtube.com/watch?v=ROa3kbG5M0U&lc=UgxneCEINeUDYM-WdfZ4AaABAg,UgxneCEINeUDYM-WdfZ4AaABAg,UCBGtwATEAOhJaVSd9_AsgFw,"Fetched 05/24/2026, 8:08:10 PM GMT+8"
3810,La Trinidad,@BnHydn_3,8 days ago,Shoutout kay Ka Jazznel Orden ‼️💯 Masiglang Kapatid sa Kapisanang BINHI ‼️💯 / -Lokal ng La Trinidad,https://www.youtube.com/watch?v=ROa3kbG5M0U&lc=UgxLLZhrw-CioH04DOR4AaABAg,UgxLLZhrw-CioH04DOR4AaABAg,UCKZxY6b5mH_zsnldMnxGIpQ,"Fetched 05/24/2026, 8:08:10 PM GMT+8"
3811,La Trinidad,@Jazz-k6s,8 days ago,Enjoy watching po 😁  / Lokal ng La Trinidad 🐑🌱,https://www.youtube.com/watch?v=ROa3kbG5M0U&lc=Ugz5tO-4J8TAWvjABBt4AaABAg,Ugz5tO-4J8TAWvjABBt4AaABAg,UCjmyu8zkVg7bQQCs4HypxNQ,"Fetched 05/24/2026, 8:08:10 PM GMT+8"
3812,La Trinidad,@Jazz-k6s,8 days ago,Shout out po 😊 / La Trinidad,https://www.youtube.com/watch?v=ROa3kbG5M0U&lc=Ugz9SNfihmTGZQZUaL14AaABAg,Ugz9SNfihmTGZQZUaL14AaABAg,UCjmyu8zkVg7bQQCs4HypxNQ,"Fetched 05/24/2026, 8:08:10 PM GMT+8"
3813,La Trinidad,@BnHydn_3,8 days ago,"Rewatching this MV, 💫 Let's go Benguet ♥️  / -Lokal ng La Trinidad",https://www.youtube.com/watch?v=ROa3kbG5M0U&lc=UgwcM_oyGH9Vm1ReWul4AaABAg,UgwcM_oyGH9Vm1ReWul4AaABAg,UCKZxY6b5mH_zsnldMnxGIpQ,"Fetched 05/24/2026, 8:08:10 PM GMT+8"
3814,La Trinidad,@Jazz-k6s,8 days ago,Enjoy listening 🎧🎶  / La Trinidad,https://www.youtube.com/watch?v=ROa3kbG5M0U&lc=Ugzy2wpQalqX3j0PXIJ4AaABAg,Ugzy2wpQalqX3j0PXIJ4AaABAg,UCjmyu8zkVg7bQQCs4HypxNQ,"Fetched 05/24/2026, 8:08:10 PM GMT+8"
3815,La Trinidad,@BnHydn_3,8 days ago,Happy viewing 💐  / -Lokal ng La Trinidad,https://www.youtube.com/watch?v=ROa3kbG5M0U&lc=UgzIPal9yAZWu2FWQzZ4AaABAg,UgzIPal9yAZWu2FWQzZ4AaABAg,UCKZxY6b5mH_zsnldMnxGIpQ,"Fetched 05/24/2026, 8:08:10 PM GMT+8"
3816,La Trinidad,@winkdelarosa2397,8 days ago,Gud morning po mga Kapatid! Happy viewing po sa lahat from lokal ng La Trinidad!,https://www.youtube.com/watch?v=ROa3kbG5M0U&lc=UgzhGRNGFmyzcUPV1wF4AaABAg,UgzhGRNGFmyzcUPV1wF4AaABAg,UCcSUir_e5wTvoTFR6eQepyQ,"Fetched 05/24/2026, 8:08:10 PM GMT+8"
3817,La Trinidad,@BnHydn_3,8 days ago,Go Benguet ♥️  / Go Binhi watchers ❤ / -Lokal ng La Trinidad,https://www.youtube.com/watch?v=ROa3kbG5M0U&lc=UgxMCxvJvQ_4SmlBmjh4AaABAg,UgxMCxvJvQ_4SmlBmjh4AaABAg,UCKZxY6b5mH_zsnldMnxGIpQ,"Fetched 05/24/2026, 8:08:10 PM GMT+8"
3818,La Trinidad,@Jazz-k6s,8 days ago,Rewatching because it's very enjoyable song 😊❤ / Lokal ng La Trinidad,https://www.youtube.com/watch?v=ROa3kbG5M0U&lc=UgydritfSPx5GfkV7it4AaABAg,UgydritfSPx5GfkV7it4AaABAg,UCjmyu8zkVg7bQQCs4HypxNQ,"Fetched 05/24/2026, 8:08:10 PM GMT+8"
3819,La Trinidad,@Jazz-k6s,8 days ago,Enjoy watching po mga kapatid 😊 / Lokal ng La Trinidad,https://www.youtube.com/watch?v=ROa3kbG5M0U&lc=Ugx8oyCs2-7I2_UwCaV4AaABAg,Ugx8oyCs2-7I2_UwCaV4AaABAg,UCjmyu8zkVg7bQQCs4HypxNQ,"Fetched 05/24/2026, 8:08:10 PM GMT+8"
3820,La Trinidad,@BnHydn_3,8 days ago,Happy rewatching everyone 📺  / Keep supporting from Locale of La Trinidad 🎉,https://www.youtube.com/watch?v=ROa3kbG5M0U&lc=UgwOUA04tU5ZBlaBYI94AaABAg,UgwOUA04tU5ZBlaBYI94AaABAg,UCKZxY6b5mH_zsnldMnxGIpQ,"Fetched 05/24/2026, 8:08:10 PM GMT+8"
3821,La Trinidad,@Jazz-k6s,8 days ago,Happy viewing everyone 😊 / Lokal ng La Trinidad,https://www.youtube.com/watch?v=ROa3kbG5M0U&lc=UgwC_0MQFNuSVhRuL-Z4AaABAg,UgwC_0MQFNuSVhRuL-Z4AaABAg,UCjmyu8zkVg7bQQCs4HypxNQ,"Fetched 05/24/2026, 8:08:10 PM GMT+8"
3822,La Trinidad,@Jazz-k6s,8 days ago,Lovely song ❤️🤩  / La Trinidad 🥦🐑,https://www.youtube.com/watch?v=ROa3kbG5M0U&lc=Ugwv3wnunu1-CN0yDk94AaABAg,Ugwv3wnunu1-CN0yDk94AaABAg,UCjmyu8zkVg7bQQCs4HypxNQ,"Fetched 05/24/2026, 8:08:10 PM GMT+8"
3823,La Trinidad,@Jazz-k6s,8 days ago,Let's Go Benguet! 🥀🥀🥀 / Rewatching po mga kapatid mula po sa lokal ng LA TRINIDAD 😊😊😊,https://www.youtube.com/watch?v=ROa3kbG5M0U&lc=UgxgKvrMwfHvQCoHIIp4AaABAg,UgxgKvrMwfHvQCoHIIp4AaABAg,UCjmyu8zkVg7bQQCs4HypxNQ,"Fetched 05/24/2026, 8:08:10 PM GMT+8"
3824,La Trinidad,@BnHydn_3,8 days ago,Go Benguet 🌹 / -Lokal ng La Trinidad,https://www.youtube.com/watch?v=ROa3kbG5M0U&lc=Ugytkmls-8ZeXMsj80J4AaABAg,Ugytkmls-8ZeXMsj80J4AaABAg,UCKZxY6b5mH_zsnldMnxGIpQ,"Fetched 05/24/2026, 8:08:10 PM GMT+8"
3825,La Trinidad,@johnreylucio8970,8 days ago,"Happy viewing always po❤ /  / Greetings po mula sa lokal ng La Trinidad maging sa lahat ng Kadiwa Sa Benguet,, Yohhoo,, let's Go Benguet❤🎉",https://www.youtube.com/watch?v=ROa3kbG5M0U&lc=Ugwfys_V17UbodN3ZdV4AaABAg,Ugwfys_V17UbodN3ZdV4AaABAg,UCNMupRD4ySrN336KZpy29OA,"Fetched 05/24/2026, 8:08:10 PM GMT+8"
3826,La Trinidad,@BnHydn_3,8 days ago,Shoutout sa mga nanonood na laging nakasubaybay. / -Lokal ng La Trinidad,https://www.youtube.com/watch?v=ROa3kbG5M0U&lc=UgzPJPH2jgCLbb45r0F4AaABAg,UgzPJPH2jgCLbb45r0F4AaABAg,UCKZxY6b5mH_zsnldMnxGIpQ,"Fetched 05/24/2026, 8:08:10 PM GMT+8"
3827,La Trinidad,@BnHydn_3,8 days ago,Good morning everyone ♥️ / Love and support Mula po sa lokal ng La Trinidad,https://www.youtube.com/watch?v=ROa3kbG5M0U&lc=UgzVgFA74rSp9k7tjv94AaABAg,UgzVgFA74rSp9k7tjv94AaABAg,UCKZxY6b5mH_zsnldMnxGIpQ,"Fetched 05/24/2026, 8:08:10 PM GMT+8"
3828,La Trinidad,@Clark-u2x7j,8 days ago,"Good morning po mga mahal na KApatidd!!!! PAtuloy po nating suportahan ito!!! Mula po sa lokal ng La Trinidad, HAPYY VIEWING PO!!!!",https://www.youtube.com/watch?v=ROa3kbG5M0U&lc=UgzvJQquUCICuw63cIB4AaABAg,UgzvJQquUCICuw63cIB4AaABAg,UCXCpvOL5DiJ28yKNG4nsZvg,"Fetched 05/24/2026, 8:08:10 PM GMT+8"
3829,La Trinidad,@BnHydn_3,8 days ago,"Supporting from Locale of La Trinidad, Happy viewing Brethren! / ❤❤",https://www.youtube.com/watch?v=ROa3kbG5M0U&lc=UgwwgBbHFIWBgCgAcOB4AaABAg,UgwwgBbHFIWBgCgAcOB4AaABAg,UCKZxY6b5mH_zsnldMnxGIpQ,"Fetched 05/24/2026, 8:08:10 PM GMT+8"
3830,La Trinidad,@BnHydn_4,8 days ago,♥️Let's go Benguet ♥️ / 💚 Local ng La Trinidad 💚,https://www.youtube.com/watch?v=ROa3kbG5M0U&lc=Ugx9GN_RDtIkqDAB8ZZ4AaABAg,Ugx9GN_RDtIkqDAB8ZZ4AaABAg,UCBGtwATEAOhJaVSd9_AsgFw,"Fetched 05/24/2026, 8:08:10 PM GMT+8"
3831,La Trinidad,@BnHydn_4,8 days ago,Pahinga din sa kaakacomment!!! Let's take a rest and comment again  / -Lokal ng La Trinidad,https://www.youtube.com/watch?v=ROa3kbG5M0U&lc=Ugy_CwzANLScYVY2mGp4AaABAg,Ugy_CwzANLScYVY2mGp4AaABAg,UCBGtwATEAOhJaVSd9_AsgFw,"Fetched 05/24/2026, 8:08:10 PM GMT+8"
3832,La Trinidad,@Clark-u2x7j,8 days ago,Hindi kailanman magsasawang panoorin to!!!! Grabe ang gandaaa Benguet!!! Happy viewing po from lokal ng LA Trinidad!!!!,https://www.youtube.com/watch?v=ROa3kbG5M0U&lc=UgyBK4RifwgxliL2Rbh4AaABAg,UgyBK4RifwgxliL2Rbh4AaABAg,UCXCpvOL5DiJ28yKNG4nsZvg,"Fetched 05/24/2026, 8:08:10 PM GMT+8"
3833,La Trinidad,@BnHydn_4,8 days ago,"Watching from Locale of La Trinidad, Let's go Benguet ♥️",https://www.youtube.com/watch?v=ROa3kbG5M0U&lc=UgwjCKtv_OV0_99rS7F4AaABAg,UgwjCKtv_OV0_99rS7F4AaABAg,UCBGtwATEAOhJaVSd9_AsgFw,"Fetched 05/24/2026, 8:08:10 PM GMT+8"
3834,La Trinidad,@Clark-u2x7j,8 days ago,Huwag po kayo papalipas ng Gutom mga kapatid!!! Kain Kain din po habang nag cocomment!!!  / - LA Trinidad,https://www.youtube.com/watch?v=ROa3kbG5M0U&lc=UgysFAMUyrerTm-OH6h4AaABAg,UgysFAMUyrerTm-OH6h4AaABAg,UCXCpvOL5DiJ28yKNG4nsZvg,"Fetched 05/24/2026, 8:08:10 PM GMT+8"
3835,La Trinidad,@Clark-u2x7j,8 days ago,Maligayang pagbati po mga Kapatidd!! GOOD MORNING PO SAINYO!!!!!!! Mula po sa Lokal ng La Trinidad!!!,https://www.youtube.com/watch?v=ROa3kbG5M0U&lc=UgzmtPzdCCB-stjvhrB4AaABAg,UgzmtPzdCCB-stjvhrB4AaABAg,UCXCpvOL5DiJ28yKNG4nsZvg,"Fetched 05/24/2026, 8:08:10 PM GMT+8"
3836,La Trinidad,@BnHydn_4,8 days ago,Have a blessed viewing  / -La Trinidad,https://www.youtube.com/watch?v=ROa3kbG5M0U&lc=UgywBqp4Vz39p9dmBVh4AaABAg,UgywBqp4Vz39p9dmBVh4AaABAg,UCBGtwATEAOhJaVSd9_AsgFw,"Fetched 05/24/2026, 8:08:10 PM GMT+8"
3837,La Trinidad,@BnHydn_3,8 days ago,Happy viewing to all brethren 🌻🌹  / Let's go Benguet ♥️  / ROAD TO 2.2K Likes / -Lokal ng La Trinidad,https://www.youtube.com/watch?v=ROa3kbG5M0U&lc=Ugwsd75ehXplbTdZRl14AaABAg,Ugwsd75ehXplbTdZRl14AaABAg,UCKZxY6b5mH_zsnldMnxGIpQ,"Fetched 05/24/2026, 8:08:10 PM GMT+8"
3838,La Trinidad,@BnHydn_4,8 days ago,Happy viewing 🎉 / -Lokal ng La Trinidad,https://www.youtube.com/watch?v=ROa3kbG5M0U&lc=Ugwl8_re9lUMfxVgI6J4AaABAg,Ugwl8_re9lUMfxVgI6J4AaABAg,UCBGtwATEAOhJaVSd9_AsgFw,"Fetched 05/24/2026, 8:08:10 PM GMT+8"
3839,La Trinidad,@BnHydn_4,8 days ago,Let's go Benguet ♥️  / LET'S GO LA TRINIDAD 💗  / Let's go Binhi ♥️,https://www.youtube.com/watch?v=ROa3kbG5M0U&lc=UgyFGAJ080ec7UuWeVx4AaABAg,UgyFGAJ080ec7UuWeVx4AaABAg,UCBGtwATEAOhJaVSd9_AsgFw,"Fetched 05/24/2026, 8:08:10 PM GMT+8"
3840,La Trinidad,@Clark-u2x7j,8 days ago,GOOGOGOGOGog Benguet!!!!!! Sending support and love po from lokal ng La Trinidad!!!!,https://www.youtube.com/watch?v=ROa3kbG5M0U&lc=UgxMxooXDhCGSj-wmut4AaABAg,UgxMxooXDhCGSj-wmut4AaABAg,UCXCpvOL5DiJ28yKNG4nsZvg,"Fetched 05/24/2026, 8:08:10 PM GMT+8"
3841,La Trinidad,@BnHydn_4,8 days ago (edited),"Let's go mga kapatid,  type fast and bring our best supports  / -Lokal ng La Trinidad",https://www.youtube.com/watch?v=ROa3kbG5M0U&lc=UgylBJkG6dJprDoP8Jd4AaABAg,UgylBJkG6dJprDoP8Jd4AaABAg,UCBGtwATEAOhJaVSd9_AsgFw,"Fetched 05/24/2026, 8:08:10 PM GMT+8"
3842,La Trinidad,@Jazz-k6s,8 days ago,"Good morning po mga kapatid, maraming salamat po sa patuloy nating pag suporta, keep it up mga kapatid  /  /  / Lokal ng La Trinidad",https://www.youtube.com/watch?v=ROa3kbG5M0U&lc=UgxOhollkQhw7Oi3cXN4AaABAg,UgxOhollkQhw7Oi3cXN4AaABAg,UCjmyu8zkVg7bQQCs4HypxNQ,"Fetched 05/24/2026, 8:08:10 PM GMT+8"
3843,La Trinidad,@BnHydn_4,8 days ago,Still watching 🎇 / Happy viewing to all  / -Lokal ng La Trinidad,https://www.youtube.com/watch?v=ROa3kbG5M0U&lc=UgzDdyHC1enoiDZr-Ct4AaABAg,UgzDdyHC1enoiDZr-Ct4AaABAg,UCBGtwATEAOhJaVSd9_AsgFw,"Fetched 05/24/2026, 8:08:10 PM GMT+8"
3844,La Trinidad,@BnHydn_4,8 days ago,Inspiring MV 💫  / Happy viewing 💐  / -Lokal ng La Trinidad,https://www.youtube.com/watch?v=ROa3kbG5M0U&lc=UgzerzveIQ4zNhC5JNp4AaABAg,UgzerzveIQ4zNhC5JNp4AaABAg,UCBGtwATEAOhJaVSd9_AsgFw,"Fetched 05/24/2026, 8:08:10 PM GMT+8"
3845,La Trinidad,@rejomartayaban,8 days ago,Happy supporting po from kapisanang kadiwa ng lokal ng La Trinidad together with the kadiwa officers of Benguet!!🤍,https://www.youtube.com/watch?v=ROa3kbG5M0U&lc=UgxMQZeKrNmCsAF-N_V4AaABAg,UgxMQZeKrNmCsAF-N_V4AaABAg,UCi7RYRPFL6HTFaScpYFJMJQ,"Fetched 05/24/2026, 8:08:10 PM GMT+8"
3846,La Trinidad,@BnHydn_4,8 days ago,Lapit na mag 25k views! / -Lokal ng La Trinidad,https://www.youtube.com/watch?v=ROa3kbG5M0U&lc=UgzTIwddQbSbqSdtjx94AaABAg,UgzTIwddQbSbqSdtjx94AaABAg,UCBGtwATEAOhJaVSd9_AsgFw,"Fetched 05/24/2026, 8:08:10 PM GMT+8"
3847,La Trinidad,@BnHydn_4,8 days ago,"Good morning to all brethren 🌄  / Let's watch and support, From Locale of La Trinidad.",https://www.youtube.com/watch?v=ROa3kbG5M0U&lc=Ugx8ez1-yB3ZyfYcZpt4AaABAg,Ugx8ez1-yB3ZyfYcZpt4AaABAg,UCBGtwATEAOhJaVSd9_AsgFw,"Fetched 05/24/2026, 8:08:10 PM GMT+8"
3848,La Trinidad,@BnHydn_3,8 days ago,Warmth support Mula po sa lokal ng La Trinidad,https://www.youtube.com/watch?v=ROa3kbG5M0U&lc=Ugzj-Et3_734MAPeEo94AaABAg,Ugzj-Et3_734MAPeEo94AaABAg,UCKZxY6b5mH_zsnldMnxGIpQ,"Fetched 05/24/2026, 8:08:10 PM GMT+8"
3849,La Trinidad,@BnHydn_3,8 days ago,Nood again guys. Ano almusal?  / Let's watch while eating. / -Lokal ng La Trinidad,https://www.youtube.com/watch?v=ROa3kbG5M0U&lc=Ugzr8t5ngOz6iPVuzyN4AaABAg,Ugzr8t5ngOz6iPVuzyN4AaABAg,UCKZxY6b5mH_zsnldMnxGIpQ,"Fetched 05/24/2026, 8:08:10 PM GMT+8"
3850,La Trinidad,@BnHydn_3,8 days ago,Shoutout sa mga patuloy na sumusuporta ♥️  / -Lokal ng La Trinidad,https://www.youtube.com/watch?v=ROa3kbG5M0U&lc=UgxYiMo572hLhufJ7M14AaABAg,UgxYiMo572hLhufJ7M14AaABAg,UCKZxY6b5mH_zsnldMnxGIpQ,"Fetched 05/24/2026, 8:08:10 PM GMT+8"
3851,La Trinidad,@BnHydn_4,8 days ago,Benguet number 1 ☝️  / -Lokal ng La Trinidad,https://www.youtube.com/watch?v=ROa3kbG5M0U&lc=UgyHYAojEwEcDE1jtjp4AaABAg,UgyHYAojEwEcDE1jtjp4AaABAg,UCBGtwATEAOhJaVSd9_AsgFw,"Fetched 05/24/2026, 8:08:10 PM GMT+8"
3852,La Trinidad,@BnHydn_3,8 days ago,Nothing's better than wathing this MV during Breakfast 🥞  / Happy viewing  / -Lokal ng La Trinidad,https://www.youtube.com/watch?v=ROa3kbG5M0U&lc=UgzPV01Wa6XkKzAqOwh4AaABAg,UgzPV01Wa6XkKzAqOwh4AaABAg,UCKZxY6b5mH_zsnldMnxGIpQ,"Fetched 05/24/2026, 8:08:10 PM GMT+8"
3853,La Trinidad,@BnHydn_4,8 days ago,"Go Benguet, ♥️☝️  / -La Trinidad",https://www.youtube.com/watch?v=ROa3kbG5M0U&lc=UgyTvFTEso2PNiveN994AaABAg,UgyTvFTEso2PNiveN994AaABAg,UCBGtwATEAOhJaVSd9_AsgFw,"Fetched 05/24/2026, 8:08:10 PM GMT+8"
3854,La Trinidad,@BnHydn_3,8 days ago,"""God's Love is bigger than the ocean and brighter than the stars""❤️❤️  / -Happy viewing Mula sa lokal ng La Trinidad, Kapisanang BINHI",https://www.youtube.com/watch?v=ROa3kbG5M0U&lc=Ugw1NPjpOrYKo3HFH614AaABAg,Ugw1NPjpOrYKo3HFH614AaABAg,UCKZxY6b5mH_zsnldMnxGIpQ,"Fetched 05/24/2026, 8:08:10 PM GMT+8"
3855,La Trinidad,@BnHydn_4,8 days ago,God's Love ❤️  / One true Love 💖  / -Lokal ng La Trinidad,https://www.youtube.com/watch?v=ROa3kbG5M0U&lc=Ugwfwf4HEwhOHj4B3sJ4AaABAg,Ugwfwf4HEwhOHj4B3sJ4AaABAg,UCBGtwATEAOhJaVSd9_AsgFw,"Fetched 05/24/2026, 8:08:10 PM GMT+8"
3856,La Trinidad,@BnHydn_3,8 days ago,"LET'S GO BENGUET 🍓  / Maligayang panonood pooo / Happy viewing Mula sa lokal ng La Trinidad, Kapisanang Binhi",https://www.youtube.com/watch?v=ROa3kbG5M0U&lc=Ugz2jKb93pd1wNjUOBZ4AaABAg,Ugz2jKb93pd1wNjUOBZ4AaABAg,UCKZxY6b5mH_zsnldMnxGIpQ,"Fetched 05/24/2026, 8:08:10 PM GMT+8"
3857,La Trinidad,@BnHydn_4,8 days ago,Pabilisan ng comment and let's show our flaming support ❤ / -Lokal ng La Trinidad,https://www.youtube.com/watch?v=ROa3kbG5M0U&lc=Ugx7VKeqm7oCo4vVs9x4AaABAg,Ugx7VKeqm7oCo4vVs9x4AaABAg,UCBGtwATEAOhJaVSd9_AsgFw,"Fetched 05/24/2026, 8:08:10 PM GMT+8"
3858,La Trinidad,@BnHydn_4,8 days ago,Shoutout sa mga nanonood right now!!! / Patuloy ang suporta Mula po sa lokal ng La Trinidad,https://www.youtube.com/watch?v=ROa3kbG5M0U&lc=Ugzi5fcc1FUEcb11FDJ4AaABAg,Ugzi5fcc1FUEcb11FDJ4AaABAg,UCBGtwATEAOhJaVSd9_AsgFw,"Fetched 05/24/2026, 8:08:10 PM GMT+8"
3859,La Trinidad,@BnHydn_3,8 days ago,Happy Saturday viewing po mga kapatid 💚 Mula po sa lokal ng La Trinidad,https://www.youtube.com/watch?v=ROa3kbG5M0U&lc=UgwsnsEh3aSB1LhgXPR4AaABAg,UgwsnsEh3aSB1LhgXPR4AaABAg,UCKZxY6b5mH_zsnldMnxGIpQ,"Fetched 05/24/2026, 8:08:10 PM GMT+8"
3860,La Trinidad,@BnHydn_4,8 days ago,FULL SUPPORT MULA SA Lokal ng La Trinidad  / Benguet ON TOP 🔝,https://www.youtube.com/watch?v=ROa3kbG5M0U&lc=UgwRmrSes7B4ql13qr14AaABAg,UgwRmrSes7B4ql13qr14AaABAg,UCBGtwATEAOhJaVSd9_AsgFw,"Fetched 05/24/2026, 8:08:10 PM GMT+8"
3861,La Trinidad,@BnHydn_3,8 days ago,Benguet 🔛🔝  / -Lokal ng La Trinidad,https://www.youtube.com/watch?v=ROa3kbG5M0U&lc=UgwP33HhVEc-W5QAyOd4AaABAg,UgwP33HhVEc-W5QAyOd4AaABAg,UCKZxY6b5mH_zsnldMnxGIpQ,"Fetched 05/24/2026, 8:08:10 PM GMT+8"
3862,La Trinidad,@BnHydn_4,8 days ago,Happy viewing Mula po sa lokal ng La Trinidad 🎉 /  / Let's go Benguet,https://www.youtube.com/watch?v=ROa3kbG5M0U&lc=UgzM8xHIjINDWPg42u14AaABAg,UgzM8xHIjINDWPg42u14AaABAg,UCBGtwATEAOhJaVSd9_AsgFw,"Fetched 05/24/2026, 8:08:10 PM GMT+8"
3863,La Trinidad,@janetpiloneo4005,8 days ago,"Happy viewing po ,, Lokal ng La Trinidad po, Distrito ng Benguet♥️",https://www.youtube.com/watch?v=ROa3kbG5M0U&lc=UgxlFpdZ3H0vT-CI1OB4AaABAg,UgxlFpdZ3H0vT-CI1OB4AaABAg,UCHfGuEIPpHgRmM_zIugjkPQ,"Fetched 05/24/2026, 8:08:10 PM GMT+8"
3864,La Trinidad,@BnHydn_3,8 days ago,Shoutout sa mga maytungkulin sa Kapisanang BuKaBin /  / -Lokal ng La Trinidad,https://www.youtube.com/watch?v=ROa3kbG5M0U&lc=UgxKYAae1EizywxOogZ4AaABAg,UgxKYAae1EizywxOogZ4AaABAg,UCKZxY6b5mH_zsnldMnxGIpQ,"Fetched 05/24/2026, 8:08:10 PM GMT+8"
3865,La Trinidad,@BonifacioDelaCruz-q5d,8 days ago,Maligayang panunuod po from Local Ng La Trinidad Benguet,https://www.youtube.com/watch?v=ROa3kbG5M0U&lc=Ugy8zKm9oql_IJZ81yZ4AaABAg,Ugy8zKm9oql_IJZ81yZ4AaABAg,UC3vElKlF5_cbGsOkfZF0beA,"Fetched 05/24/2026, 8:08:10 PM GMT+8"
3866,La Trinidad,@BnHydn_4,8 days ago,Shoutout sa mga maytungkulin sa Kapisanang Binhi  / -Lokal ng La Trinidad,https://www.youtube.com/watch?v=ROa3kbG5M0U&lc=UgwyrswCJODwBPMmWNB4AaABAg,UgwyrswCJODwBPMmWNB4AaABAg,UCBGtwATEAOhJaVSd9_AsgFw,"Fetched 05/24/2026, 8:08:10 PM GMT+8"
3867,La Trinidad,@BnHydn_3,8 days ago,Let's go Benguet ❤🎉🎇 / -La Trinidad,https://www.youtube.com/watch?v=ROa3kbG5M0U&lc=UgxMDb6SOzXEhvVNnyx4AaABAg,UgxMDb6SOzXEhvVNnyx4AaABAg,UCKZxY6b5mH_zsnldMnxGIpQ,"Fetched 05/24/2026, 8:08:10 PM GMT+8"
3868,La Trinidad,@BnHydn_4,8 days ago,Shoutout sa mga maytungkulin sa Kapisanang Kadiwa  / -Lokal ng La Trinidad,https://www.youtube.com/watch?v=ROa3kbG5M0U&lc=Ugzhyc43liFZuRjxInZ4AaABAg,Ugzhyc43liFZuRjxInZ4AaABAg,UCBGtwATEAOhJaVSd9_AsgFw,"Fetched 05/24/2026, 8:08:10 PM GMT+8"
3869,La Trinidad,@BnHydn_4,8 days ago,Very inspiring MV ✨  / -Lokal ng La Trinidad,https://www.youtube.com/watch?v=ROa3kbG5M0U&lc=UgyaZdrE8Fr25Fd-EBZ4AaABAg,UgyaZdrE8Fr25Fd-EBZ4AaABAg,UCBGtwATEAOhJaVSd9_AsgFw,"Fetched 05/24/2026, 8:08:10 PM GMT+8"
3870,La Trinidad,@BnHydn_3,8 days ago,Hi and happy watching mga kapatid! / -Lokal ng La Trinidad,https://www.youtube.com/watch?v=ROa3kbG5M0U&lc=UgxgeySIL1E8rgk38XV4AaABAg,UgxgeySIL1E8rgk38XV4AaABAg,UCKZxY6b5mH_zsnldMnxGIpQ,"Fetched 05/24/2026, 8:08:10 PM GMT+8"
3871,La Trinidad,@BnHydn_4,8 days ago,Shoutout sa mga maytungkulin sa Kapisanang Buklod / -Lokal ng La Trinidad,https://www.youtube.com/watch?v=ROa3kbG5M0U&lc=UgyFp4E6ewflUM1UvxF4AaABAg,UgyFp4E6ewflUM1UvxF4AaABAg,UCBGtwATEAOhJaVSd9_AsgFw,"Fetched 05/24/2026, 8:08:10 PM GMT+8"
3872,La Trinidad,@BnHydn_3,8 days ago,God's Love 💕💕  / Happy viewing po!! / Lokal ng La Trinidad,https://www.youtube.com/watch?v=ROa3kbG5M0U&lc=UgwR6YQe_oMg62jqbxh4AaABAg,UgwR6YQe_oMg62jqbxh4AaABAg,UCKZxY6b5mH_zsnldMnxGIpQ,"Fetched 05/24/2026, 8:08:10 PM GMT+8"
3873,La Trinidad,@BnHydn_4,8 days ago,Go Benguet ♥️  / Go La Trinidad,https://www.youtube.com/watch?v=ROa3kbG5M0U&lc=UgzGhRjXc4erj5ktkHV4AaABAg,UgzGhRjXc4erj5ktkHV4AaABAg,UCBGtwATEAOhJaVSd9_AsgFw,"Fetched 05/24/2026, 8:08:10 PM GMT+8"
3874,La Trinidad,@BnHydn_3,8 days ago,Binhi watchers 🤚 / -Lokal ng La Trinidad,https://www.youtube.com/watch?v=ROa3kbG5M0U&lc=Ugx8r2qbfYovDvcSGbp4AaABAg,Ugx8r2qbfYovDvcSGbp4AaABAg,UCKZxY6b5mH_zsnldMnxGIpQ,"Fetched 05/24/2026, 8:08:10 PM GMT+8"
3875,La Trinidad,@BnHydn_3,8 days ago,"Maligayang panonood pooo🌼 / Happy viewing Mula sa lokal ng La Trinidad, Kapisanang Binhi",https://www.youtube.com/watch?v=ROa3kbG5M0U&lc=Ugxj6moqzZxMkdZxEhd4AaABAg,Ugxj6moqzZxMkdZxEhd4AaABAg,UCKZxY6b5mH_zsnldMnxGIpQ,"Fetched 05/24/2026, 8:08:10 PM GMT+8"
3876,La Trinidad,@BnHydn_4,8 days ago,Saturday viewing 🎧📺 / Let's go Benguet  / -Lokal ng La Trinidad,https://www.youtube.com/watch?v=ROa3kbG5M0U&lc=UgyMqyhXVz6-xrkU6gh4AaABAg,UgyMqyhXVz6-xrkU6gh4AaABAg,UCBGtwATEAOhJaVSd9_AsgFw,"Fetched 05/24/2026, 8:08:10 PM GMT+8"
3877,La Trinidad,@BnHydn_3,8 days ago,Enjoy watching this MV 🎶🎧🎵🎼🎵  / Benguet lang malakas❤ / -Lokal ng La Trinidad,https://www.youtube.com/watch?v=ROa3kbG5M0U&lc=Ugw9SkpjPwdeKAd1cK14AaABAg,Ugw9SkpjPwdeKAd1cK14AaABAg,UCKZxY6b5mH_zsnldMnxGIpQ,"Fetched 05/24/2026, 8:08:10 PM GMT+8"
3878,La Trinidad,@rejomartayaban,8 days ago,Happy saturday viewing po mga kapatid. Tuloy parin po ang support ng mga kadiwa sa lokal ng La Trinidad.,https://www.youtube.com/watch?v=ROa3kbG5M0U&lc=UgxbIqhSW2rtN9K24594AaABAg,UgxbIqhSW2rtN9K24594AaABAg,UCi7RYRPFL6HTFaScpYFJMJQ,"Fetched 05/24/2026, 8:08:10 PM GMT+8"
3879,La Trinidad,@BnHydn_3,8 days ago,Road to 13k comments🎉 / -Lokal ng La Trinidad,https://www.youtube.com/watch?v=ROa3kbG5M0U&lc=UgzfCfjBQ9mX4VR7ru94AaABAg,UgzfCfjBQ9mX4VR7ru94AaABAg,UCKZxY6b5mH_zsnldMnxGIpQ,"Fetched 05/24/2026, 8:08:10 PM GMT+8"
3880,La Trinidad,@BnHydn_3,8 days ago,God's Love ❤ / His wordous love ❤️  /  / Happy viewing po ❤ /  / LET'S GO BENGUET 🍓  / -Lokal ng La Trinidad ❤,https://www.youtube.com/watch?v=ROa3kbG5M0U&lc=UgzC3Y6642H23gIYz_d4AaABAg,UgzC3Y6642H23gIYz_d4AaABAg,UCKZxY6b5mH_zsnldMnxGIpQ,"Fetched 05/24/2026, 8:08:10 PM GMT+8"
3881,La Trinidad,@PELITANJennyClaireT,8 days ago,"Go Benguetttt, u got da beat -- hawak mo ang beat 🎉. / - La Trinidad",https://www.youtube.com/watch?v=ROa3kbG5M0U&lc=UgwNQ2-nuq4yJZHVBfd4AaABAg,UgwNQ2-nuq4yJZHVBfd4AaABAg,UCsVZgGkRnNqeIIOLxHiFR7A,"Fetched 05/24/2026, 8:08:10 PM GMT+8"
3882,La Trinidad,@PELITANJennyClaireT,8 days ago,Happy panonood pooooo🎉. / - La Trinidad,https://www.youtube.com/watch?v=ROa3kbG5M0U&lc=Ugy8vYKFwrErqaCdquZ4AaABAg,Ugy8vYKFwrErqaCdquZ4AaABAg,UCsVZgGkRnNqeIIOLxHiFR7A,"Fetched 05/24/2026, 8:08:10 PM GMT+8"
3883,La Trinidad,@PELITANJennyClaireT,8 days ago,Plain coffee or with sugar? 50% with sugar. / - La Trinidad,https://www.youtube.com/watch?v=ROa3kbG5M0U&lc=UgxefhQZ3Puf01U82Tt4AaABAg,UgxefhQZ3Puf01U82Tt4AaABAg,UCsVZgGkRnNqeIIOLxHiFR7A,"Fetched 05/24/2026, 8:08:10 PM GMT+8"
3884,La Trinidad,@BnHydn_3,8 days ago,Shoutout sa mga Kagawad ng PNK / -Lokal ng La Trinidad,https://www.youtube.com/watch?v=ROa3kbG5M0U&lc=Ugze0DNQSsAgT6Xzm294AaABAg,Ugze0DNQSsAgT6Xzm294AaABAg,UCKZxY6b5mH_zsnldMnxGIpQ,"Fetched 05/24/2026, 8:08:10 PM GMT+8"
3885,La Trinidad,@PELITANJennyClaireT,8 days ago,Enjoy watchinggggg ⌚. / - La Trinidad,https://www.youtube.com/watch?v=ROa3kbG5M0U&lc=UgxnghHUT0ZDN4QkOxl4AaABAg,UgxnghHUT0ZDN4QkOxl4AaABAg,UCsVZgGkRnNqeIIOLxHiFR7A,"Fetched 05/24/2026, 8:08:10 PM GMT+8"
3886,La Trinidad,@PELITANJennyClaireT,8 days ago,RnB or HipHop? Ballad. / - La Trinidad,https://www.youtube.com/watch?v=ROa3kbG5M0U&lc=Ugws9Dpb-EThxLHoVsF4AaABAg,Ugws9Dpb-EThxLHoVsF4AaABAg,UCsVZgGkRnNqeIIOLxHiFR7A,"Fetched 05/24/2026, 8:08:10 PM GMT+8"
3887,La Trinidad,@PELITANJennyClaireT,8 days ago,Painting or drawing? Watching. / - La Trinidad,https://www.youtube.com/watch?v=ROa3kbG5M0U&lc=UgyKPveqb8SvrNQnRQZ4AaABAg,UgyKPveqb8SvrNQnRQZ4AaABAg,UCsVZgGkRnNqeIIOLxHiFR7A,"Fetched 05/24/2026, 8:08:10 PM GMT+8"
3888,La Trinidad,@BnHydn_3,8 days ago,Shoutout sa mga Finance / -Lokal ng La Trinidad,https://www.youtube.com/watch?v=ROa3kbG5M0U&lc=Ugx7ZgcHtJAPFf7uYDZ4AaABAg,Ugx7ZgcHtJAPFf7uYDZ4AaABAg,UCKZxY6b5mH_zsnldMnxGIpQ,"Fetched 05/24/2026, 8:08:10 PM GMT+8"
3889,La Trinidad,@PELITANJennyClaireT,8 days ago,COD or ML? Roblox. /  - La Trinidad,https://www.youtube.com/watch?v=ROa3kbG5M0U&lc=UgxE5AD7BilerDb8elp4AaABAg,UgxE5AD7BilerDb8elp4AaABAg,UCsVZgGkRnNqeIIOLxHiFR7A,"Fetched 05/24/2026, 8:08:10 PM GMT+8"
3890,La Trinidad,@PELITANJennyClaireT,8 days ago,Oil or butter? Margarine. / - La Trinidad,https://www.youtube.com/watch?v=ROa3kbG5M0U&lc=UgwiA5gh4SCF-IOY5GB4AaABAg,UgwiA5gh4SCF-IOY5GB4AaABAg,UCsVZgGkRnNqeIIOLxHiFR7A,"Fetched 05/24/2026, 8:08:10 PM GMT+8"
3891,La Trinidad,@PELITANJennyClaireT,8 days ago,Anta or Asics? Adidas. / - La Trinidad,https://www.youtube.com/watch?v=ROa3kbG5M0U&lc=Ugz37gl0leunjzNiS2p4AaABAg,Ugz37gl0leunjzNiS2p4AaABAg,UCsVZgGkRnNqeIIOLxHiFR7A,"Fetched 05/24/2026, 8:08:10 PM GMT+8"
3892,La Trinidad,@BnHydn_3,8 days ago,Shoutout sa mga Kalihim / -Lokal ng La Trinidad,https://www.youtube.com/watch?v=ROa3kbG5M0U&lc=Ugw7lLaDTMNpiLua5pN4AaABAg,Ugw7lLaDTMNpiLua5pN4AaABAg,UCKZxY6b5mH_zsnldMnxGIpQ,"Fetched 05/24/2026, 8:08:10 PM GMT+8"
3893,La Trinidad,@PELITANJennyClaireT,8 days ago,Jogging or walking? Running. / Stay healthy po kabagisesss 🤾 / - La Trinidad,https://www.youtube.com/watch?v=ROa3kbG5M0U&lc=UgxVt5n7AyLSq04BxYx4AaABAg,UgxVt5n7AyLSq04BxYx4AaABAg,UCsVZgGkRnNqeIIOLxHiFR7A,"Fetched 05/24/2026, 8:08:10 PM GMT+8"
3894,La Trinidad,@johnreylucio8970,8 days ago,"Magandang Umaga po sa ating lahat, Patuloy lang tayong naka suporta , isabay sa Pag Kakape ang ganitong Tugtugin🎉 / Greetings po, mula sa lokal ng La Trinidad ❤",https://www.youtube.com/watch?v=ROa3kbG5M0U&lc=UgxSee9KsaH18Z2d-xB4AaABAg,UgxSee9KsaH18Z2d-xB4AaABAg,UCNMupRD4ySrN336KZpy29OA,"Fetched 05/24/2026, 8:08:10 PM GMT+8"
3895,La Trinidad,@PELITANJennyClaireT,8 days ago,Syrup or nutella? Peanut butter. / - La Trinidad,https://www.youtube.com/watch?v=ROa3kbG5M0U&lc=UgyLIgspkbRieHo8gbp4AaABAg,UgyLIgspkbRieHo8gbp4AaABAg,UCsVZgGkRnNqeIIOLxHiFR7A,"Fetched 05/24/2026, 8:08:10 PM GMT+8"
3896,La Trinidad,@PELITANJennyClaireT,8 days ago,Egg or hotdog? Spam. / - La Trinidad,https://www.youtube.com/watch?v=ROa3kbG5M0U&lc=Ugw5uu_yPJHMgC_jD994AaABAg,Ugw5uu_yPJHMgC_jD994AaABAg,UCsVZgGkRnNqeIIOLxHiFR7A,"Fetched 05/24/2026, 8:08:10 PM GMT+8"
3897,La Trinidad,@PELITANJennyClaireT,8 days ago,Coffee or gatas? Tea 🍵. / - La Trinidad,https://www.youtube.com/watch?v=ROa3kbG5M0U&lc=UgxFqFqQmr9kmt1RK4V4AaABAg,UgxFqFqQmr9kmt1RK4V4AaABAg,UCsVZgGkRnNqeIIOLxHiFR7A,"Fetched 05/24/2026, 8:08:10 PM GMT+8"
3898,La Trinidad,@BnHydn_4,8 days ago,Shoutout sa mga maytungkulin na Mang-aawit / -Lokal ng La Trinidad,https://www.youtube.com/watch?v=ROa3kbG5M0U&lc=Ugz7rxsS8e4VTtCZ3BR4AaABAg,Ugz7rxsS8e4VTtCZ3BR4AaABAg,UCBGtwATEAOhJaVSd9_AsgFw,"Fetched 05/24/2026, 8:08:10 PM GMT+8"
3899,La Trinidad,@PELITANJennyClaireT,8 days ago,Sana po masarap ulam ng mga manonood 🤞. / - La Trinidad,https://www.youtube.com/watch?v=ROa3kbG5M0U&lc=UgyDjkvuouKCICW35hp4AaABAg,UgyDjkvuouKCICW35hp4AaABAg,UCsVZgGkRnNqeIIOLxHiFR7A,"Fetched 05/24/2026, 8:08:10 PM GMT+8"
3900,La Trinidad,@PELITANJennyClaireT,8 days ago (edited),Happy breakfast po.  / - La Trinidad,https://www.youtube.com/watch?v=ROa3kbG5M0U&lc=UgxsR0X3a1t8CPbaW8Z4AaABAg,UgxsR0X3a1t8CPbaW8Z4AaABAg,UCsVZgGkRnNqeIIOLxHiFR7A,"Fetched 05/24/2026, 8:08:10 PM GMT+8"
3901,La Trinidad,@BnHydn_3,8 days ago,Shoutout sa mga maytungkulin sa Diakonesa / -Lokal ng La Trinidad,https://www.youtube.com/watch?v=ROa3kbG5M0U&lc=UgyYzw1GsprFzajRX4B4AaABAg,UgyYzw1GsprFzajRX4B4AaABAg,UCKZxY6b5mH_zsnldMnxGIpQ,"Fetched 05/24/2026, 8:08:10 PM GMT+8"
3902,La Trinidad,@PELITANJennyClaireT,8 days ago,GO GO GO BENGUET!! / - La Trinidad,https://www.youtube.com/watch?v=ROa3kbG5M0U&lc=UgwwEL5v2smRHtdixOd4AaABAg,UgwwEL5v2smRHtdixOd4AaABAg,UCsVZgGkRnNqeIIOLxHiFR7A,"Fetched 05/24/2026, 8:08:10 PM GMT+8"
3903,La Trinidad,@PELITANJennyClaireT,8 days ago,Road to 30kkkk🎉 / -La Trinidad,https://www.youtube.com/watch?v=ROa3kbG5M0U&lc=Ugy_xPXBrg0Y9eQLT7N4AaABAg,Ugy_xPXBrg0Y9eQLT7N4AaABAg,UCsVZgGkRnNqeIIOLxHiFR7A,"Fetched 05/24/2026, 8:08:10 PM GMT+8"
3904,La Trinidad,@PELITANJennyClaireT,8 days ago,Kape ulit pooooo🤩. / -La Trinidad,https://www.youtube.com/watch?v=ROa3kbG5M0U&lc=UgxdgDb5wI6hWyaU94l4AaABAg,UgxdgDb5wI6hWyaU94l4AaABAg,UCsVZgGkRnNqeIIOLxHiFR7A,"Fetched 05/24/2026, 8:08:10 PM GMT+8"
3905,La Trinidad,@PELITANJennyClaireT,8 days ago,Rewatching as always 🎉. / - La Trinidad,https://www.youtube.com/watch?v=ROa3kbG5M0U&lc=UgyBkMb14VjXNtySJcp4AaABAg,UgyBkMb14VjXNtySJcp4AaABAg,UCsVZgGkRnNqeIIOLxHiFR7A,"Fetched 05/24/2026, 8:08:10 PM GMT+8"
3906,La Trinidad,@BnHydn_4,8 days ago,Shoutout sa mga maytungkulin sa Diakono / -La Trinidad,https://www.youtube.com/watch?v=ROa3kbG5M0U&lc=UgxtI1hXa1grCV2Ph854AaABAg,UgxtI1hXa1grCV2Ph854AaABAg,UCBGtwATEAOhJaVSd9_AsgFw,"Fetched 05/24/2026, 8:08:10 PM GMT+8"
3907,La Trinidad,@PELITANJennyClaireT,8 days ago,Happy cloudy morning. /  Maligayang panonood. / - La Trinidad,https://www.youtube.com/watch?v=ROa3kbG5M0U&lc=UgxjvXg33HMCCcGnjkR4AaABAg,UgxjvXg33HMCCcGnjkR4AaABAg,UCsVZgGkRnNqeIIOLxHiFR7A,"Fetched 05/24/2026, 8:08:10 PM GMT+8"
3908,La Trinidad,@PELITANJennyClaireT,8 days ago,Benguet on topppp! / - La Trinidad,https://www.youtube.com/watch?v=ROa3kbG5M0U&lc=UgxCBYzgY5fam47YOTR4AaABAg,UgxCBYzgY5fam47YOTR4AaABAg,UCsVZgGkRnNqeIIOLxHiFR7A,"Fetched 05/24/2026, 8:08:10 PM GMT+8"
3909,La Trinidad,@PELITANJennyClaireT,8 days ago,"Hawak ko ang beat? No, hawak ni Benguet. Let's get it Benguet!! / - La Trinidad",https://www.youtube.com/watch?v=ROa3kbG5M0U&lc=UgyKRskDmjiY5GM6O9V4AaABAg,UgyKRskDmjiY5GM6O9V4AaABAg,UCsVZgGkRnNqeIIOLxHiFR7A,"Fetched 05/24/2026, 8:08:10 PM GMT+8"
3910,La Trinidad,@PELITANJennyClaireT,8 days ago,Hawak ni Benguet ang beat.  / - La Trinidad,https://www.youtube.com/watch?v=ROa3kbG5M0U&lc=UgwV5Wt6oGvDuiVly_B4AaABAg,UgwV5Wt6oGvDuiVly_B4AaABAg,UCsVZgGkRnNqeIIOLxHiFR7A,"Fetched 05/24/2026, 8:08:10 PM GMT+8"
3911,La Trinidad,@BnHydn_4,8 days ago,A blessed day brethren 🌻  / Continuous support from Locale of La Trinidad ❤,https://www.youtube.com/watch?v=ROa3kbG5M0U&lc=UgyvktBaHbSZdClw51h4AaABAg,UgyvktBaHbSZdClw51h4AaABAg,UCBGtwATEAOhJaVSd9_AsgFw,"Fetched 05/24/2026, 8:08:10 PM GMT+8"
3912,La Trinidad,@PELITANJennyClaireT,8 days ago,Good morning. Happy viewingggg!!! / - La Trinidad,https://www.youtube.com/watch?v=ROa3kbG5M0U&lc=UgxJCEM6lK7ZIwy4Rqd4AaABAg,UgxJCEM6lK7ZIwy4Rqd4AaABAg,UCsVZgGkRnNqeIIOLxHiFR7A,"Fetched 05/24/2026, 8:08:10 PM GMT+8"
3913,La Trinidad,@BnHydn_3,8 days ago,Hi and happy watching mga kapatid! / -Lokal ng La Trinidad,https://www.youtube.com/watch?v=ROa3kbG5M0U&lc=UgzD4lt34Tp3ogSdSN54AaABAg,UgzD4lt34Tp3ogSdSN54AaABAg,UCKZxY6b5mH_zsnldMnxGIpQ,"Fetched 05/24/2026, 8:08:10 PM GMT+8"
3914,La Trinidad,@BnHydn_4,8 days ago,Watching on repeat 🔁  / -Go Benguet ♥️  / -Go La Trinidad,https://www.youtube.com/watch?v=ROa3kbG5M0U&lc=UgzjuWJDkijL0O1rVoR4AaABAg,UgzjuWJDkijL0O1rVoR4AaABAg,UCBGtwATEAOhJaVSd9_AsgFw,"Fetched 05/24/2026, 8:08:10 PM GMT+8"
3915,La Trinidad,@BnHydn_3,8 days ago,Enjoy watching!! / -La Trinidad,https://www.youtube.com/watch?v=ROa3kbG5M0U&lc=Ugx5lxQyJCGsmZ86NhR4AaABAg,Ugx5lxQyJCGsmZ86NhR4AaABAg,UCKZxY6b5mH_zsnldMnxGIpQ,"Fetched 05/24/2026, 8:08:10 PM GMT+8"
3916,La Trinidad,@BnHydn_4,8 days ago,Benguet ON TOP ⏫ / -Lokal ng La Trinidad,https://www.youtube.com/watch?v=ROa3kbG5M0U&lc=Ugz61xg2JqayYXB3kLB4AaABAg,Ugz61xg2JqayYXB3kLB4AaABAg,UCBGtwATEAOhJaVSd9_AsgFw,"Fetched 05/24/2026, 8:08:10 PM GMT+8"
3917,La Trinidad,@BnHydn_3,8 days ago,Road to 2.2k Likes.🎉 Supporting from Locale of La Trinidad 🎉,https://www.youtube.com/watch?v=ROa3kbG5M0U&lc=UgwRTdr0mNyGkU8ASO94AaABAg,UgwRTdr0mNyGkU8ASO94AaABAg,UCKZxY6b5mH_zsnldMnxGIpQ,"Fetched 05/24/2026, 8:08:10 PM GMT+8"
3918,La Trinidad,@BnHydn_4,8 days ago,Happy viewing 🎇  / -Lokal ng La Trinidad 🎉,https://www.youtube.com/watch?v=ROa3kbG5M0U&lc=UgxZr6uQEBAO7AgONOR4AaABAg,UgxZr6uQEBAO7AgONOR4AaABAg,UCBGtwATEAOhJaVSd9_AsgFw,"Fetched 05/24/2026, 8:08:10 PM GMT+8"
3919,La Trinidad,@BnHydn_3,8 days ago,Go Benguet ♥️  / -Lokal ng La Trinidad,https://www.youtube.com/watch?v=ROa3kbG5M0U&lc=UgzmTF_xaCWRaXa6LJ14AaABAg,UgzmTF_xaCWRaXa6LJ14AaABAg,UCKZxY6b5mH_zsnldMnxGIpQ,"Fetched 05/24/2026, 8:08:10 PM GMT+8"
3920,La Trinidad,@worldofhighlights,8 days ago,Mula sa lokal ng La trinidad. Congrats Benguet,https://www.youtube.com/watch?v=ROa3kbG5M0U&lc=UgwJxbgupvq_DavJJOp4AaABAg,UgwJxbgupvq_DavJJOp4AaABAg,UCgD2jHQsYSdsOpztHM-Du5A,"Fetched 05/24/2026, 8:08:10 PM GMT+8"
3921,La Trinidad,@BnHydn_3,8 days ago,Malapit na mag 25k views! / Keep supporting 🎉 / Lokal ng La Trinidad,https://www.youtube.com/watch?v=ROa3kbG5M0U&lc=UgyJdLRMcs6W9b48oeZ4AaABAg,UgyJdLRMcs6W9b48oeZ4AaABAg,UCKZxY6b5mH_zsnldMnxGIpQ,"Fetched 05/24/2026, 8:08:10 PM GMT+8"
3922,La Trinidad,@BnHydn_4,8 days ago,"Another day, another viewing.📺 / Happy viewing mga kapatid 🎊 / Mula sa lokal ng La Trinidad ‼️ / Let's go Benguet ♥️",https://www.youtube.com/watch?v=ROa3kbG5M0U&lc=Ugyvns93aMzSmw3Pcsl4AaABAg,Ugyvns93aMzSmw3Pcsl4AaABAg,UCBGtwATEAOhJaVSd9_AsgFw,"Fetched 05/24/2026, 8:08:10 PM GMT+8"
3923,La Trinidad,@worldofhighlights,8 days ago,Go go go Benguet. Mula sa lokal ng La trinidad,https://www.youtube.com/watch?v=ROa3kbG5M0U&lc=Ugy4FTl1zKtX60P5Edl4AaABAg,Ugy4FTl1zKtX60P5Edl4AaABAg,UCgD2jHQsYSdsOpztHM-Du5A,"Fetched 05/24/2026, 8:08:10 PM GMT+8"
3924,La Trinidad,@BnHydn_4,8 days ago,Fast typing ⏫⏫⏫ Keep on supporting  / -Lokal ng La Trinidad,https://www.youtube.com/watch?v=ROa3kbG5M0U&lc=Ugy8j_cYg32-v_7xbt14AaABAg,Ugy8j_cYg32-v_7xbt14AaABAg,UCBGtwATEAOhJaVSd9_AsgFw,"Fetched 05/24/2026, 8:08:10 PM GMT+8"
3925,La Trinidad,@BnHydn_3,8 days ago,Night night viewers  / -Lokal ng La Trinidad,https://www.youtube.com/watch?v=ROa3kbG5M0U&lc=UgwWW6vexUEmao2DJxB4AaABAg,UgwWW6vexUEmao2DJxB4AaABAg,UCKZxY6b5mH_zsnldMnxGIpQ,"Fetched 05/24/2026, 8:08:10 PM GMT+8"
3926,La Trinidad,@BnHydn_4,8 days ago,Good evening 🌆 Keep watching mga kapatid  / -Lokal ng La Trinidad,https://www.youtube.com/watch?v=ROa3kbG5M0U&lc=UgzRcBu_bom6uewLuIl4AaABAg,UgzRcBu_bom6uewLuIl4AaABAg,UCBGtwATEAOhJaVSd9_AsgFw,"Fetched 05/24/2026, 8:08:10 PM GMT+8"
3927,La Trinidad,@BnHydn_4,8 days ago,Walang sawang suporta ❤ / -Lokal ng La Trinidad,https://www.youtube.com/watch?v=ROa3kbG5M0U&lc=Ugz2vRiAp7h9pIgMkWp4AaABAg,Ugz2vRiAp7h9pIgMkWp4AaABAg,UCBGtwATEAOhJaVSd9_AsgFw,"Fetched 05/24/2026, 8:08:10 PM GMT+8"
3928,La Trinidad,@BnHydn_3,8 days ago,♥️Let's go Benguet ♥️ / 💚 Local ng La Trinidad 💚,https://www.youtube.com/watch?v=ROa3kbG5M0U&lc=Ugx8m3yGQh3PBDev58Z4AaABAg,Ugx8m3yGQh3PBDev58Z4AaABAg,UCKZxY6b5mH_zsnldMnxGIpQ,"Fetched 05/24/2026, 8:08:10 PM GMT+8"
3929,La Trinidad,@BnHydn_3,8 days ago,"Happy viewing to all  / "" From the Locale Congregation of La Trinidad""",https://www.youtube.com/watch?v=ROa3kbG5M0U&lc=UgwtOETrUIq70OJScfh4AaABAg,UgwtOETrUIq70OJScfh4AaABAg,UCKZxY6b5mH_zsnldMnxGIpQ,"Fetched 05/24/2026, 8:08:10 PM GMT+8"
3930,La Trinidad,@BnHydn_4,8 days ago,Binhi watchers 🤚 / -Lokal ng La Trinidad,https://www.youtube.com/watch?v=ROa3kbG5M0U&lc=UgwncIX7nMlB0G4_JFB4AaABAg,UgwncIX7nMlB0G4_JFB4AaABAg,UCBGtwATEAOhJaVSd9_AsgFw,"Fetched 05/24/2026, 8:08:10 PM GMT+8"
3931,La Trinidad,@BnHydn_3,8 days ago,Happy viewing to everyone. -Lokal ng La Trinidad,https://www.youtube.com/watch?v=ROa3kbG5M0U&lc=UgwJ7fj50IvMimeGdI54AaABAg,UgwJ7fj50IvMimeGdI54AaABAg,UCKZxY6b5mH_zsnldMnxGIpQ,"Fetched 05/24/2026, 8:08:10 PM GMT+8"
3932,La Trinidad,@BnHydn_4,8 days ago,Full support Mula po sa lokal ng La Trinidad 🎉 / Let's go Benguet ‼️,https://www.youtube.com/watch?v=ROa3kbG5M0U&lc=UgwvOKbRc5CFe5kdIiB4AaABAg,UgwvOKbRc5CFe5kdIiB4AaABAg,UCBGtwATEAOhJaVSd9_AsgFw,"Fetched 05/24/2026, 8:08:10 PM GMT+8"
3933,La Trinidad,@BnHydn_3,8 days ago,Happy viewing 💐 HAPPY evening everyone  / -Lokal ng La Trinidad,https://www.youtube.com/watch?v=ROa3kbG5M0U&lc=UgwuXJdVaOjWPqr5YZ54AaABAg,UgwuXJdVaOjWPqr5YZ54AaABAg,UCKZxY6b5mH_zsnldMnxGIpQ,"Fetched 05/24/2026, 8:08:10 PM GMT+8"
3934,La Trinidad,@BnHydn_3,8 days ago,Click fast to show our support  / -Lokal ng La Trinidad,https://www.youtube.com/watch?v=ROa3kbG5M0U&lc=Ugz-VSLSKGRZJh0IliF4AaABAg,Ugz-VSLSKGRZJh0IliF4AaABAg,UCKZxY6b5mH_zsnldMnxGIpQ,"Fetched 05/24/2026, 8:08:10 PM GMT+8"
3935,La Trinidad,@BnHydn_4,8 days ago,"Maligayang panonood pooo. / Happy viewing Mula sa lokal ng La Trinidad, Kapisanang Binhi",https://www.youtube.com/watch?v=ROa3kbG5M0U&lc=UgymA-94In3GzsVVgph4AaABAg,UgymA-94In3GzsVVgph4AaABAg,UCBGtwATEAOhJaVSd9_AsgFw,"Fetched 05/24/2026, 8:08:10 PM GMT+8"
3936,La Trinidad,@BnHydn_3,8 days ago,Good evening 🌆🌃  / Happy viewing po  / -Lokal ng La Trinidad,https://www.youtube.com/watch?v=ROa3kbG5M0U&lc=UgzAl5RyjnuAhnzW5jB4AaABAg,UgzAl5RyjnuAhnzW5jB4AaABAg,UCKZxY6b5mH_zsnldMnxGIpQ,"Fetched 05/24/2026, 8:08:10 PM GMT+8"
3937,La Trinidad,@BnHydn_4,8 days ago,Let's go Benguet ♥️  / -Let's go Binhi  / -Let's go La Trinidad ❤,https://www.youtube.com/watch?v=ROa3kbG5M0U&lc=Ugz3kF-4TFcmIL24VNh4AaABAg,Ugz3kF-4TFcmIL24VNh4AaABAg,UCBGtwATEAOhJaVSd9_AsgFw,"Fetched 05/24/2026, 8:08:10 PM GMT+8"
3938,La Trinidad,@BnHydn_3,8 days ago,Happy viewing 🎊-Lokal ng La Trinidad,https://www.youtube.com/watch?v=ROa3kbG5M0U&lc=UgxrnsjmWkpg2pvR8CB4AaABAg,UgxrnsjmWkpg2pvR8CB4AaABAg,UCKZxY6b5mH_zsnldMnxGIpQ,"Fetched 05/24/2026, 8:08:10 PM GMT+8"
3939,La Trinidad,@BnHydn_3,8 days ago,"Benguet, Mag ingay! / -Lokal ng La Trinidad",https://www.youtube.com/watch?v=ROa3kbG5M0U&lc=Ugzz7mJEeEuA5Z0dvGJ4AaABAg,Ugzz7mJEeEuA5Z0dvGJ4AaABAg,UCKZxY6b5mH_zsnldMnxGIpQ,"Fetched 05/24/2026, 8:08:10 PM GMT+8"
3940,La Trinidad,@BnHydn_4,8 days ago,"Go Benguet Go!!! / -Lokal ng La Trinidad, Kapisanang BINHI",https://www.youtube.com/watch?v=ROa3kbG5M0U&lc=UgwKCV0fFi7JljL_sOd4AaABAg,UgwKCV0fFi7JljL_sOd4AaABAg,UCBGtwATEAOhJaVSd9_AsgFw,"Fetched 05/24/2026, 8:08:10 PM GMT+8"
3941,La Trinidad,@BnHydn_3,8 days ago,Shoutout sa mga araw-araw na nakasubaybay 👋 / -Lokal ng La Trinidad  /  / LET'S GO BENGUET 🍓❤,https://www.youtube.com/watch?v=ROa3kbG5M0U&lc=Ugwp_tF78eX22D7xmCh4AaABAg,Ugwp_tF78eX22D7xmCh4AaABAg,UCKZxY6b5mH_zsnldMnxGIpQ,"Fetched 05/24/2026, 8:08:10 PM GMT+8"
3942,La Trinidad,@BnHydn_4,8 days ago,Shoutout out po sa mga Benguet supporters. / -Lokal ng La Trinidad,https://www.youtube.com/watch?v=ROa3kbG5M0U&lc=UgzVYzZLmXsNLH_KlpR4AaABAg,UgzVYzZLmXsNLH_KlpR4AaABAg,UCBGtwATEAOhJaVSd9_AsgFw,"Fetched 05/24/2026, 8:08:10 PM GMT+8"
3943,La Trinidad,@BnHydn_3,8 days ago,Go Benguet 🍓  / Happy watching mga kapatid 👋  / Love and support Mula po sa lokal ng La Trinidad,https://www.youtube.com/watch?v=ROa3kbG5M0U&lc=UgxPF3XfR3w8yJI7TG94AaABAg,UgxPF3XfR3w8yJI7TG94AaABAg,UCKZxY6b5mH_zsnldMnxGIpQ,"Fetched 05/24/2026, 8:08:10 PM GMT+8"
3944,La Trinidad,@johnreylucio8970,8 days ago,"Road to 25k views poohh / Greetings po sa inyong lahat, mula sa lokal ng La Trinidad 🎉",https://www.youtube.com/watch?v=ROa3kbG5M0U&lc=Ugz4UXtMoeO8NAgPiXN4AaABAg,Ugz4UXtMoeO8NAgPiXN4AaABAg,UCNMupRD4ySrN336KZpy29OA,"Fetched 05/24/2026, 8:08:10 PM GMT+8"
3945,La Trinidad,@BnHydn_4,8 days ago,Let's go Benguet ♥️ Keep supporting from Locale Congregation of La Trinidad.,https://www.youtube.com/watch?v=ROa3kbG5M0U&lc=UgwAuFn9erWU9zj1MtB4AaABAg,UgwAuFn9erWU9zj1MtB4AaABAg,UCBGtwATEAOhJaVSd9_AsgFw,"Fetched 05/24/2026, 8:08:10 PM GMT+8"
3946,La Trinidad,@johnreylucio8970,8 days ago,"Gunyt Jonner, / From La Trinidad.. haha",https://www.youtube.com/watch?v=ROa3kbG5M0U&lc=Ugw2QkaReeCOQJ19eUJ4AaABAg,Ugw2QkaReeCOQJ19eUJ4AaABAg,UCNMupRD4ySrN336KZpy29OA,"Fetched 05/24/2026, 8:08:10 PM GMT+8"
3947,La Trinidad,@johnreylucio8970,8 days ago,Lapit na mAg TOP 2 Viewss.... / Let's Go Benguet❤❤ /  / Support mula sa lokal ng La Trinidad🎉,https://www.youtube.com/watch?v=ROa3kbG5M0U&lc=UgxqXr9agED0_YbKwZB4AaABAg,UgxqXr9agED0_YbKwZB4AaABAg,UCNMupRD4ySrN336KZpy29OA,"Fetched 05/24/2026, 8:08:10 PM GMT+8"
3948,La Trinidad,@BnHydn_4,8 days ago,Type fast and kepp supporting  / -La Trinidad,https://www.youtube.com/watch?v=ROa3kbG5M0U&lc=UgzzsX7471P17_VA-MB4AaABAg,UgzzsX7471P17_VA-MB4AaABAg,UCBGtwATEAOhJaVSd9_AsgFw,"Fetched 05/24/2026, 8:08:10 PM GMT+8"
3949,La Trinidad,@BnHydn_3,8 days ago,Go Benguet ♥️  / Go La Trinidad ❤,https://www.youtube.com/watch?v=ROa3kbG5M0U&lc=Ugxqz-RZ-j_DMSZ87514AaABAg,Ugxqz-RZ-j_DMSZ87514AaABAg,UCKZxY6b5mH_zsnldMnxGIpQ,"Fetched 05/24/2026, 8:08:10 PM GMT+8"
3950,La Trinidad,@BnHydn_4,8 days ago,"Pabilisan ng typing mga kapatid, Let's show our full support 🎉🎉🎉🎉 / -Lokal ng La Trinidad",https://www.youtube.com/watch?v=ROa3kbG5M0U&lc=UgyrONf42qVM4ftPwNd4AaABAg,UgyrONf42qVM4ftPwNd4AaABAg,UCBGtwATEAOhJaVSd9_AsgFw,"Fetched 05/24/2026, 8:08:10 PM GMT+8"
3951,La Trinidad,@BnHydn_4,8 days ago,Shoutout po sakin at kay kapatid na Jazznel Orden ‼️💯  / -Lokal ng La Trinidad,https://www.youtube.com/watch?v=ROa3kbG5M0U&lc=UgwsbUvjSXHf4xRCrOR4AaABAg,UgwsbUvjSXHf4xRCrOR4AaABAg,UCBGtwATEAOhJaVSd9_AsgFw,"Fetched 05/24/2026, 8:08:10 PM GMT+8"
3952,La Trinidad,@BnHydn_4,8 days ago,♥️Let's go Benguet ♥️ / 💚 Local ng La Trinidad 💚,https://www.youtube.com/watch?v=ROa3kbG5M0U&lc=UgxDQRFcaFXz-TIdQi14AaABAg,UgxDQRFcaFXz-TIdQi14AaABAg,UCBGtwATEAOhJaVSd9_AsgFw,"Fetched 05/24/2026, 8:08:10 PM GMT+8"
3953,La Trinidad,@BnHydn_3,8 days ago,Hapi viewing night viewers 🎉 / -Lokal ng La Trinidad,https://www.youtube.com/watch?v=ROa3kbG5M0U&lc=Ugx0YWEnJ7lln_iEGqZ4AaABAg,Ugx0YWEnJ7lln_iEGqZ4AaABAg,UCKZxY6b5mH_zsnldMnxGIpQ,"Fetched 05/24/2026, 8:08:10 PM GMT+8"
3954,La Trinidad,@johnreylucio8970,8 days ago,"Happy Viewing po sa ating lahata mga kapatid, Pagbati po mula sa Lokal ng La Trinidad",https://www.youtube.com/watch?v=ROa3kbG5M0U&lc=UgzZvjizLCRR9b5nFFx4AaABAg,UgzZvjizLCRR9b5nFFx4AaABAg,UCNMupRD4ySrN336KZpy29OA,"Fetched 05/24/2026, 8:08:10 PM GMT+8"
3955,La Trinidad,@Xieee-x8v,8 days ago,Good night 🌉 po mga kapatid ✨ /  / Keep on watching po sa mga gising pa!! 💪 /  / Pagbati po mula sa Lokal ng La Trinidad 🫂,https://www.youtube.com/watch?v=ROa3kbG5M0U&lc=Ugwh6urEpFaasBYftAN4AaABAg,Ugwh6urEpFaasBYftAN4AaABAg,UCjYF2eqO3sw4XuYBb8HsAXg,"Fetched 05/24/2026, 8:08:10 PM GMT+8"
3956,La Trinidad,@johnreylucio8970,8 days ago,Go BENGUET! / Go La Trinidad,https://www.youtube.com/watch?v=ROa3kbG5M0U&lc=Ugw7gvXTL5PU8NQbhZZ4AaABAg,Ugw7gvXTL5PU8NQbhZZ4AaABAg,UCNMupRD4ySrN336KZpy29OA,"Fetched 05/24/2026, 8:08:10 PM GMT+8"
3957,La Trinidad,@johnreylucio8970,8 days ago,Magandang Gabi po / - La Trinidad,https://www.youtube.com/watch?v=ROa3kbG5M0U&lc=UgwdPIW_c-jrFxsfz5x4AaABAg,UgwdPIW_c-jrFxsfz5x4AaABAg,UCNMupRD4ySrN336KZpy29OA,"Fetched 05/24/2026, 8:08:10 PM GMT+8"
3958,La Trinidad,@BnHydn_3,8 days ago,Lezzgow Benguet ♥️☝️  / Happy watching mga kapatid  / -lokal ng La Trinidad 🇮🇹,https://www.youtube.com/watch?v=ROa3kbG5M0U&lc=UgxgnJDpd1fYStdHVQ54AaABAg,UgxgnJDpd1fYStdHVQ54AaABAg,UCKZxY6b5mH_zsnldMnxGIpQ,"Fetched 05/24/2026, 8:08:10 PM GMT+8"
3959,La Trinidad,@Xieee-x8v,8 days ago,Happy viewing everyone 🎉🎉  /  / Last shout out po for tonight 🌆!! Shout out kay self ✋na laging naka-suporta 💯 /  / -From La Trinidad,https://www.youtube.com/watch?v=ROa3kbG5M0U&lc=UgyVegAFW3pRInixnVp4AaABAg,UgyVegAFW3pRInixnVp4AaABAg,UCjYF2eqO3sw4XuYBb8HsAXg,"Fetched 05/24/2026, 8:08:10 PM GMT+8"
3960,La Trinidad,@BnHydn_4,8 days ago,Go go Benguet 🍓  / -Lokal ng La Trinidad  / -Let's go mga kapatid,https://www.youtube.com/watch?v=ROa3kbG5M0U&lc=UgzCKw180s0BIhwoKL94AaABAg,UgzCKw180s0BIhwoKL94AaABAg,UCBGtwATEAOhJaVSd9_AsgFw,"Fetched 05/24/2026, 8:08:10 PM GMT+8"
3961,La Trinidad,@BnHydn_3,8 days ago,Happy viewing to all brethren  / -Lokal ng La Trinidad,https://www.youtube.com/watch?v=ROa3kbG5M0U&lc=UgxajRY7GoasjpyWKop4AaABAg,UgxajRY7GoasjpyWKop4AaABAg,UCKZxY6b5mH_zsnldMnxGIpQ,"Fetched 05/24/2026, 8:08:10 PM GMT+8"
3962,La Trinidad,@Xieee-x8v,8 days ago,Shout out po sa lahat ng Binhi 🙋 na gising pa!! And sa Aming magiging Pangulong Binhi 🌱 Jazznel Orden 🙌 at sa dating Pangulong Binhi 🥦 na ayaw kaming iwan ate Cassey Sy Gonzalez 🧚  /  / -From La Trinidad,https://www.youtube.com/watch?v=ROa3kbG5M0U&lc=UgyQZukhb9MqGDdXgn94AaABAg,UgyQZukhb9MqGDdXgn94AaABAg,UCjYF2eqO3sw4XuYBb8HsAXg,"Fetched 05/24/2026, 8:08:10 PM GMT+8"
3963,La Trinidad,@BnHydn_4,8 days ago (edited),"Shoutout sa pangulong PNK ng Lokal ng La Trinidad, Kapatid na Redentor Tayaban. Very inspiring person!!! / -Mula sa lokal ng La Trinidad",https://www.youtube.com/watch?v=ROa3kbG5M0U&lc=Ugz_xERlwEAKLFTspWt4AaABAg,Ugz_xERlwEAKLFTspWt4AaABAg,UCBGtwATEAOhJaVSd9_AsgFw,"Fetched 05/24/2026, 8:08:10 PM GMT+8"
3964,La Trinidad,@Xieee-x8v,8 days ago,Shout out po sa lahat ng mga Kadiwa 🧍na nanonood!!! Pati na rin po sa Pangulong Kadiwa ng La Trii ate Wink Engrid Dela Rosa 🥀  /  / Happy viewing everyone mula po sa Lokal ng La Trinidad 🎉,https://www.youtube.com/watch?v=ROa3kbG5M0U&lc=Ugy8xz1YnuTE0Qj4qXZ4AaABAg,Ugy8xz1YnuTE0Qj4qXZ4AaABAg,UCjYF2eqO3sw4XuYBb8HsAXg,"Fetched 05/24/2026, 8:08:10 PM GMT+8"
3965,La Trinidad,@BnHydn_3,8 days ago,Goodnight mga kapatid 👋  / See you tomorrow  / -Lokal ng La Trinidad,https://www.youtube.com/watch?v=ROa3kbG5M0U&lc=UgzVTbyqfi-02o1gdyF4AaABAg,UgzVTbyqfi-02o1gdyF4AaABAg,UCKZxY6b5mH_zsnldMnxGIpQ,"Fetched 05/24/2026, 8:08:10 PM GMT+8"
3966,La Trinidad,@Jazz-k6s,8 days ago,Good night mga kapatid 🌌 / Shout out to everyone who's commenting right now 😊  / Keep it up everyone  / Especially from local of La Trinidad let's keep on supporting,https://www.youtube.com/watch?v=ROa3kbG5M0U&lc=UgwU_fJc3MU93aeK0I14AaABAg,UgwU_fJc3MU93aeK0I14AaABAg,UCjmyu8zkVg7bQQCs4HypxNQ,"Fetched 05/24/2026, 8:08:10 PM GMT+8"
3967,La Trinidad,@BnHydn_4,8 days ago,Keeping the support 💪  / -Lokal ng La Trinidad,https://www.youtube.com/watch?v=ROa3kbG5M0U&lc=UgyVgYavlZv9qvYUDiB4AaABAg,UgyVgYavlZv9qvYUDiB4AaABAg,UCBGtwATEAOhJaVSd9_AsgFw,"Fetched 05/24/2026, 8:08:10 PM GMT+8"
3968,La Trinidad,@Xieee-x8v,8 days ago,Shout out po sa lahat ng Buklod 🌼out there!!! Kaway kaway 👋 and Happy viewing po 🍄 /  / Mula sa Lokal ng La Trinidad 🐑,https://www.youtube.com/watch?v=ROa3kbG5M0U&lc=UgzE7TwPr06byN3JEMF4AaABAg,UgzE7TwPr06byN3JEMF4AaABAg,UCjYF2eqO3sw4XuYBb8HsAXg,"Fetched 05/24/2026, 8:08:10 PM GMT+8"
3969,La Trinidad,@BnHydn_3,8 days ago,Happy evening mga kapatid 💚  / -Lokal ng La Trinidad,https://www.youtube.com/watch?v=ROa3kbG5M0U&lc=UgzZibe1q5Kx-mDi28d4AaABAg,UgzZibe1q5Kx-mDi28d4AaABAg,UCKZxY6b5mH_zsnldMnxGIpQ,"Fetched 05/24/2026, 8:08:10 PM GMT+8"
3970,La Trinidad,@Jazz-k6s,8 days ago,Shout out po 😄  / Lokal ng La Trinidad 🐑🌱,https://www.youtube.com/watch?v=ROa3kbG5M0U&lc=UgzzhUkl3d2XwUGkZwJ4AaABAg,UgzzhUkl3d2XwUGkZwJ4AaABAg,UCjmyu8zkVg7bQQCs4HypxNQ,"Fetched 05/24/2026, 8:08:10 PM GMT+8"
3971,La Trinidad,@BnHydn_3,8 days ago,⏩ Never gets old!! / -Lokal ng La Trinidad,https://www.youtube.com/watch?v=ROa3kbG5M0U&lc=UgyiOE7xvxyWaKk6-b14AaABAg,UgyiOE7xvxyWaKk6-b14AaABAg,UCKZxY6b5mH_zsnldMnxGIpQ,"Fetched 05/24/2026, 8:08:10 PM GMT+8"
3972,La Trinidad,@Xieee-x8v,8 days ago,Pagbati po sa lahat ng mga naka Destino sa Lokal ng La Trinidad 💞 /  / Let's goo Benguet 💯,https://www.youtube.com/watch?v=ROa3kbG5M0U&lc=Ugyt0I5MI4eFdFi1zr94AaABAg,Ugyt0I5MI4eFdFi1zr94AaABAg,UCjYF2eqO3sw4XuYBb8HsAXg,"Fetched 05/24/2026, 8:08:10 PM GMT+8"
3973,La Trinidad,@BnHydn_3,8 days ago,Shoutout po sakin🎉 Keeping the support  / -Lokal ng La Trinidad,https://www.youtube.com/watch?v=ROa3kbG5M0U&lc=Ugx7sPMBK4DtMhQwOhZ4AaABAg,Ugx7sPMBK4DtMhQwOhZ4AaABAg,UCKZxY6b5mH_zsnldMnxGIpQ,"Fetched 05/24/2026, 8:08:10 PM GMT+8"
3974,La Trinidad,@Jazz-k6s,8 days ago,Enjoy watching po 😁  / Lokal ng La Trinidad 😊🌱,https://www.youtube.com/watch?v=ROa3kbG5M0U&lc=Ugw6OQAw0UdaK66VNT14AaABAg,Ugw6OQAw0UdaK66VNT14AaABAg,UCjmyu8zkVg7bQQCs4HypxNQ,"Fetched 05/24/2026, 8:08:10 PM GMT+8"
3975,La Trinidad,@Xieee-x8v,8 days ago,Pagbati po sa aming Destinado sa Lubas GWS 🙌 Bro. Prince Jordan De Mesa ❤️‍🔥 at kanyang sidekick na si kuya Jon Sedruol Dela Peña ✨ /  / -La Trinidad,https://www.youtube.com/watch?v=ROa3kbG5M0U&lc=UgyevbXkXPVgHw6ZkZ94AaABAg,UgyevbXkXPVgHw6ZkZ94AaABAg,UCjYF2eqO3sw4XuYBb8HsAXg,"Fetched 05/24/2026, 8:08:10 PM GMT+8"
3976,La Trinidad,@BnHydn_4,8 days ago,Type fast mga kapatid!!! Let's keep our support. Go Benguet Let's go 💕  / -Lokal ng La Trinidad,https://www.youtube.com/watch?v=ROa3kbG5M0U&lc=Ugwuy2AhQ3MOCyF2qaF4AaABAg,Ugwuy2AhQ3MOCyF2qaF4AaABAg,UCBGtwATEAOhJaVSd9_AsgFw,"Fetched 05/24/2026, 8:08:10 PM GMT+8"
3977,La Trinidad,@BnHydn_4,8 days ago,🎉❤🎶Go Benguet ♥️  / -Lokal ng La Trinidad,https://www.youtube.com/watch?v=ROa3kbG5M0U&lc=UgxuipwcgkKfwzTDNch4AaABAg,UgxuipwcgkKfwzTDNch4AaABAg,UCBGtwATEAOhJaVSd9_AsgFw,"Fetched 05/24/2026, 8:08:10 PM GMT+8"
3978,La Trinidad,@Jazz-k6s,8 days ago,Shout out po sakin😅 / Lokal ng La Trinidad 😊,https://www.youtube.com/watch?v=ROa3kbG5M0U&lc=UgzTb0PnDllXL3eRCg94AaABAg,UgzTb0PnDllXL3eRCg94AaABAg,UCjmyu8zkVg7bQQCs4HypxNQ,"Fetched 05/24/2026, 8:08:10 PM GMT+8"
3979,La Trinidad,@BnHydn_4,8 days ago,Happy viewing po mga kapatid. Let's go Benguet ❤ / -La Trinidad,https://www.youtube.com/watch?v=ROa3kbG5M0U&lc=UgxGs5S9ur2L7y2rQlh4AaABAg,UgxGs5S9ur2L7y2rQlh4AaABAg,UCBGtwATEAOhJaVSd9_AsgFw,"Fetched 05/24/2026, 8:08:10 PM GMT+8"
3980,La Trinidad,@Xieee-x8v,8 days ago,Pagbati po sa Aming Destinado sa Lokal ng La Trinidad Bro. Kenner Bokilis pati na rin sa kanyang napakagaganda asawa 💖  /  / -La Trinidad,https://www.youtube.com/watch?v=ROa3kbG5M0U&lc=UgzT5RhO7zVLh97rW-94AaABAg,UgzT5RhO7zVLh97rW-94AaABAg,UCjYF2eqO3sw4XuYBb8HsAXg,"Fetched 05/24/2026, 8:08:10 PM GMT+8"
3981,La Trinidad,@BnHydn_3,8 days ago,Shoutout sa mga maytungkulin sa Kagawad / -La Trinidad,https://www.youtube.com/watch?v=ROa3kbG5M0U&lc=Ugy6bUljWIxYFyWq51d4AaABAg,Ugy6bUljWIxYFyWq51d4AaABAg,UCKZxY6b5mH_zsnldMnxGIpQ,"Fetched 05/24/2026, 8:08:10 PM GMT+8"
3982,La Trinidad,@BnHydn_4,8 days ago,Let's go Benguet ♥️  / -Lokal ng La Trinidad  / -Kapisanang BINHI  / -,https://www.youtube.com/watch?v=ROa3kbG5M0U&lc=UgzZqa4rbKKd1VgbgmN4AaABAg,UgzZqa4rbKKd1VgbgmN4AaABAg,UCBGtwATEAOhJaVSd9_AsgFw,"Fetched 05/24/2026, 8:08:10 PM GMT+8"
3983,La Trinidad,@Jazz-k6s,8 days ago,I'm inspired by the song 🎶❤️ / La Trinidad 😊🌱,https://www.youtube.com/watch?v=ROa3kbG5M0U&lc=Ugz2eL5Id6ieV4JwkwJ4AaABAg,Ugz2eL5Id6ieV4JwkwJ4AaABAg,UCjmyu8zkVg7bQQCs4HypxNQ,"Fetched 05/24/2026, 8:08:10 PM GMT+8"
3984,La Trinidad,@Xieee-x8v,8 days ago,Pagbati po sa lahat ng mga mang-aawit 🎼🎶 napakagaganda po ng inyong mga boses 🫶 /  / mula po sa lokal ng La Trinidad 🪷,https://www.youtube.com/watch?v=ROa3kbG5M0U&lc=UgwK1mE5wfe3ivx56Sh4AaABAg,UgwK1mE5wfe3ivx56Sh4AaABAg,UCjYF2eqO3sw4XuYBb8HsAXg,"Fetched 05/24/2026, 8:08:10 PM GMT+8"
3985,La Trinidad,@BnHydn_3,8 days ago,Keep the fastest typing mga kapatid  / -Lokal ng La Trinidad,https://www.youtube.com/watch?v=ROa3kbG5M0U&lc=Ugy38NuNbTp0uH9B_oR4AaABAg,Ugy38NuNbTp0uH9B_oR4AaABAg,UCKZxY6b5mH_zsnldMnxGIpQ,"Fetched 05/24/2026, 8:08:10 PM GMT+8"
3986,La Trinidad,@Jazz-k6s,8 days ago,Hi po mga kapatid 👋 / Lokal ng La Trinidad 😊,https://www.youtube.com/watch?v=ROa3kbG5M0U&lc=Ugz4EB7UGULJFxnPg1h4AaABAg,Ugz4EB7UGULJFxnPg1h4AaABAg,UCjmyu8zkVg7bQQCs4HypxNQ,"Fetched 05/24/2026, 8:08:10 PM GMT+8"
3987,La Trinidad,@BnHydn_4,8 days ago,Yruly inspiring 🎶 / -Lokal ng La Trinidad,https://www.youtube.com/watch?v=ROa3kbG5M0U&lc=Ugz383dBV0jOMs-GNlt4AaABAg,Ugz383dBV0jOMs-GNlt4AaABAg,UCBGtwATEAOhJaVSd9_AsgFw,"Fetched 05/24/2026, 8:08:10 PM GMT+8"
3988,La Trinidad,@Xieee-x8v,8 days ago,shout out po sa mga Scan 🧑‍💼 na laging naka handa!!! 💪 /  / Mula sa Lokal ng La Trinidad 💖,https://www.youtube.com/watch?v=ROa3kbG5M0U&lc=UgxTiSzKZAo9sIMToax4AaABAg,UgxTiSzKZAo9sIMToax4AaABAg,UCjYF2eqO3sw4XuYBb8HsAXg,"Fetched 05/24/2026, 8:08:10 PM GMT+8"
3989,La Trinidad,@Jazz-k6s,8 days ago,Hello po ☺️  / Lokal ng La Trinidad 🐑😊,https://www.youtube.com/watch?v=ROa3kbG5M0U&lc=UgxQ5u-muJZgBfrUkbd4AaABAg,UgxQ5u-muJZgBfrUkbd4AaABAg,UCjmyu8zkVg7bQQCs4HypxNQ,"Fetched 05/24/2026, 8:08:10 PM GMT+8"
3990,La Trinidad,@BnHydn_4,8 days ago,Hi and happy watching mga kapatid! / -Lokal ng La Trinidad  / -Let's go Benguet ♥️  / -Let's go Binhi,https://www.youtube.com/watch?v=ROa3kbG5M0U&lc=UgzIuZ7lvStMT-PWWOl4AaABAg,UgzIuZ7lvStMT-PWWOl4AaABAg,UCBGtwATEAOhJaVSd9_AsgFw,"Fetched 05/24/2026, 8:08:10 PM GMT+8"
3991,La Trinidad,@Xieee-x8v,8 days ago,Pagbati po sa Mga nanonood na TSV🧑‍💻!! Tulad ni ate Cassey Sy Gonzalez 🧚 na laging natupad ng Sunday 10 am 🕙!!!  /  / -La Trinidad,https://www.youtube.com/watch?v=ROa3kbG5M0U&lc=UgxC6dTRaJvrxVNXxvh4AaABAg,UgxC6dTRaJvrxVNXxvh4AaABAg,UCjYF2eqO3sw4XuYBb8HsAXg,"Fetched 05/24/2026, 8:08:10 PM GMT+8"
3992,La Trinidad,@BnHydn_3,8 days ago,"""God's Love is bigger than the ocean and brighter than the stars"" -Indeed!!!! / -Lokal ng La Trinidad",https://www.youtube.com/watch?v=ROa3kbG5M0U&lc=Ugyn6Ao8ICW4l-AFUEZ4AaABAg,Ugyn6Ao8ICW4l-AFUEZ4AaABAg,UCKZxY6b5mH_zsnldMnxGIpQ,"Fetched 05/24/2026, 8:08:10 PM GMT+8"
3993,La Trinidad,@Jazz-k6s,8 days ago,The song is lovely 😍🎶 / La Trinidad 🪷🍓🐑,https://www.youtube.com/watch?v=ROa3kbG5M0U&lc=UgyDeU8mQDiVwGOglSd4AaABAg,UgyDeU8mQDiVwGOglSd4AaABAg,UCjmyu8zkVg7bQQCs4HypxNQ,"Fetched 05/24/2026, 8:08:10 PM GMT+8"
3994,La Trinidad,@BnHydn_4,8 days ago,Magandang gabi and happy viewing po sa lahat. / -Lokal ng La Trinidad,https://www.youtube.com/watch?v=ROa3kbG5M0U&lc=UgxmgX4w5MO9tFIoyvB4AaABAg,UgxmgX4w5MO9tFIoyvB4AaABAg,UCBGtwATEAOhJaVSd9_AsgFw,"Fetched 05/24/2026, 8:08:10 PM GMT+8"
3995,La Trinidad,@Jazz-k6s,8 days ago,Binhi 🌱  / Lokal ng La Trinidad 😊,https://www.youtube.com/watch?v=ROa3kbG5M0U&lc=UgzymZVQOzRMQM0Lftx4AaABAg,UgzymZVQOzRMQM0Lftx4AaABAg,UCjmyu8zkVg7bQQCs4HypxNQ,"Fetched 05/24/2026, 8:08:10 PM GMT+8"
3996,La Trinidad,@BnHydn_3,8 days ago,Binhi watchers 🤚 / -Lokal ng La Trinidad,https://www.youtube.com/watch?v=ROa3kbG5M0U&lc=Ugzcxm9yAjlg5i569ut4AaABAg,Ugzcxm9yAjlg5i569ut4AaABAg,UCKZxY6b5mH_zsnldMnxGIpQ,"Fetched 05/24/2026, 8:08:10 PM GMT+8"
3997,La Trinidad,@Xieee-x8v,8 days ago,Pagbati po sa lahat ng mga Kagawad na nanonood tulad ni Ben Hayden At Jazznel Orden!!! 🎉Nakakaproud kayo 😌  /  / Let's goo Benguet 💯 mula sa Lokal ng La Trinidad 🌲,https://www.youtube.com/watch?v=ROa3kbG5M0U&lc=Ugy9xbO3SNsgcA0Tqqx4AaABAg,Ugy9xbO3SNsgcA0Tqqx4AaABAg,UCjYF2eqO3sw4XuYBb8HsAXg,"Fetched 05/24/2026, 8:08:10 PM GMT+8"
3998,La Trinidad,@Jazz-k6s,8 days ago,Beautiful song ❤️🎶 / La Trinidad ❤😊,https://www.youtube.com/watch?v=ROa3kbG5M0U&lc=Ugy_5mry4P2GQkimLYd4AaABAg,Ugy_5mry4P2GQkimLYd4AaABAg,UCjmyu8zkVg7bQQCs4HypxNQ,"Fetched 05/24/2026, 8:08:10 PM GMT+8"
3999,La Trinidad,@BnHydn_4,8 days ago,🎉🎉🎉❤❤❤ / -Lokal ng La Trinidad  / Benguet 🔛🔝❤,https://www.youtube.com/watch?v=ROa3kbG5M0U&lc=Ugwj1wJfQRRLhKmCJPJ4AaABAg,Ugwj1wJfQRRLhKmCJPJ4AaABAg,UCBGtwATEAOhJaVSd9_AsgFw,"Fetched 05/24/2026, 8:08:10 PM GMT+8"
4000,La Trinidad,@BnHydn_3,8 days ago,❤🎉-La Trinidad,https://www.youtube.com/watch?v=ROa3kbG5M0U&lc=UgxfXO-hmhtNkAarZ1J4AaABAg,UgxfXO-hmhtNkAarZ1J4AaABAg,UCKZxY6b5mH_zsnldMnxGIpQ,"Fetched 05/24/2026, 8:08:10 PM GMT+8"
